cell1	cell2	score	anchor1_barcode	anchor2_barcode
1	1619	0.375	AAACCCACATAGAATG-1_1	GTACTTTCATGGTATC-1
1	554	0.5	AAACCCACATAGAATG-1_1	ATTGTGGAGACGAAAG-1
2	780	0.4375	AAACCCACATTGCCTC-1_1	CCCGTTAGTCTCGGGT-1
2	2044	0.3125	AAACCCACATTGCCTC-1_1	TCGGGACGTCGTAATC-1
3	1386	0.1875	AAACCCAGTGGTCCCA-1_1	GCGATCGTCGGTACTA-1
4	768	0.5	AAACCCATCGAAACAA-1_1	CCCACATCAAGACACG-1
6	943	0.9375	AAACGCTCACATGACT-1_1	CTACTTACAGGCAGAT-1
8	484	0.5	AAACGCTGTCGCACGT-1_1	ATCCCTGAGCAGTAGC-1
10	1960	0.5	AAACGCTTCCGCGGAT-1_1	TCACAGAGTTCCAGTA-1
10	2031	0.75	AAACGCTTCCGCGGAT-1_1	TCGATTTTCGTCTTAT-1
10	1728	0.5625	AAACGCTTCCGCGGAT-1_1	GTTCAAGCAGGGTAAC-1
11	1689	0.1875	AAAGAACCACGTCGGT-1_1	GTGGATTGTGAGTAAT-1
11	54	0.25	AAAGAACCACGTCGGT-1_1	AACAGTCGTAGGTGAC-1
12	991	0.8125	AAAGAACGTACAATAG-1_1	CTCTACGAGTGCTAGG-1
13	2189	0.1875	AAAGGATCAAACTCGT-1_1	TGTAAGCCAAACAGTA-1
14	617	0.3125	AAAGGGCAGGGATCTG-1_1	CACATGAAGACCAATA-1
14	2137	0.625	AAAGGGCAGGGATCTG-1_1	TGCTTTAAGCCGCAAA-1
15	1305	0.5	AAAGGGCAGTCTAGAA-1_1	GCAGCCATCGCGCCAA-1
16	1085	1	AAAGGGCGTGGATCGA-1_1	CTTGTCGCACATCATG-1
16	1864	0.75	AAAGGGCGTGGATCGA-1_1	TAGCCGGAGAGGCGGA-1
16	334	0.375	AAAGGGCGTGGATCGA-1_1	AGATTCGAGAAATTCG-1
16	29	0.625	AAAGGGCGTGGATCGA-1_1	AAAGGGCAGACAGTGC-1
17	478	0.375	AAAGGTAAGCCTCTTC-1_1	ATATTCCGTTCACGTA-1
17	589	0	AAAGGTAAGCCTCTTC-1_1	CAACGTAGTCAGAAGC-1
17	919	0.25	AAAGGTAAGCCTCTTC-1_1	CGTGGCAAGTTGACAA-1
17	2052	0.4375	AAAGGTAAGCCTCTTC-1_1	TCTAGTTAGAAATGGG-1
18	357	0.8125	AAAGGTACATGTACGT-1_1	AGCCGCACAAGCCAGA-1
20	352	0.75	AAAGTCCAGAGACAAG-1_1	AGCCCGATCTCCAACC-1
20	596	0.8125	AAAGTCCAGAGACAAG-1_1	CAAGAAATCATGTTCT-1
20	2154	0.125	AAAGTCCAGAGACAAG-1_1	TGGACATCATTACTCT-1
20	1762	0.1875	AAAGTCCAGAGACAAG-1_1	TAAGTGCGTAGAAAGG-1
21	192	0.625	AAAGTCCAGGAAGTCC-1_1	ACAGAAACAACACGGA-1
21	351	0.375	AAAGTCCAGGAAGTCC-1_1	AGCCCGAGTGCATCAT-1
22	1124	0.3125	AAAGTCCAGTGACCTT-1_1	GAACCTAGTACCCATA-1
22	2247	0.5	AAAGTCCAGTGACCTT-1_1	TTACTCAGTCATAAGA-1
23	2307	0.625	AAAGTCCCACAACGAG-1_1	TTCTGTACAAGGAGGG-1
23	942	0.25	AAAGTCCCACAACGAG-1_1	CTACTTACAATTGGCT-1
23	166	0.4375	AAAGTCCCACAACGAG-1_1	AATGTCGGTATTCGAC-1
24	548	0.25	AAAGTCCTCCCAGCGA-1_1	ATTCGTTCAAGCGTCC-1
25	805	0.75	AAAGTGACAGTGGTGA-1_1	CCCTGATAGACCATAA-1
25	1368	0.375	AAAGTGACAGTGGTGA-1_1	GCGAGAACACTGAAGG-1
25	732	0.625	AAAGTGACAGTGGTGA-1_1	CATTCATTCAGTAGTC-1
26	475	0.6875	AAAGTGATCTCCCAAC-1_1	ATATTCCAGAACCCGA-1
26	1314	1	AAAGTGATCTCCCAAC-1_1	GCATGATGTGGCCTTG-1
26	995	0.5	AAAGTGATCTCCCAAC-1_1	CTCTACGTCCCACTAC-1
26	445	0.75	AAAGTGATCTCCCAAC-1_1	AGTGCGCAGTTGACAA-1
26	1894	0.875	AAAGTGATCTCCCAAC-1_1	TAGTCCCCAAATAGTG-1
27	1775	0.25	AAATGGAGTACAAACA-1_1	TAATTCCAGTAGGTCG-1
28	1996	0.5625	AAATGGATCGAGAATA-1_1	TCAGTCCGTTTCCTAT-1
30	849	0.3125	AACAACCGTACTGGGA-1_1	CCTTGGTTCTTCCACG-1
31	816	0.3125	AACAAGAAGAGAGGTA-1_1	CCGTAGGGTATCTCAG-1
31	1621	0.1875	AACAAGAAGAGAGGTA-1_1	GTAGACTCAATTAGGA-1
31	1692	0.25	AACAAGAAGAGAGGTA-1_1	GTGGCGTAGGTTGTGG-1
32	1736	0.8125	AACAAGAAGGAATCGC-1_1	GTTGGTACAGATTAAG-1
32	939	0.25	AACAAGAAGGAATCGC-1_1	CTACAGACAAACCTAC-1
33	2401	0.25	AACAAGACAGTGGGTA-1_1	TTTGTGTTCAGTCAAC-1
34	1130	1	AACAAGAGTAACATCC-1_1	GAACTTGGTACGTAGG-1
34	66	1	AACAAGAGTAACATCC-1_1	AACCAACCATCAACTG-1
35	2003	0.9375	AACAAGAGTGGTAACG-1_1	TCAGTTTGTATTCTTC-1
36	73	0.125	AACACACAGGTGATAT-1_1	AACCTGAAGAGTGGAA-1
36	79	0.375	AACACACAGGTGATAT-1_1	AACCTTTAGGATCCTT-1
36	2016	0.3125	AACACACAGGTGATAT-1_1	TCCATCGGTTAGGAAT-1
37	132	0.875	AACACACCAGGACGAT-1_1	AAGGAGCTCGATGTAC-1
38	959	0.3125	AACACACGTTACGATC-1_1	CTAGGATGTAATGCAA-1
39	1317	0.6875	AACACACTCCATACAG-1_1	GCATTCCTCCCGGGTA-1
39	1029	0.1875	AACACACTCCATACAG-1_1	CTGGCAGGTTGGCGAA-1
39	1929	0.6875	AACACACTCCATACAG-1_1	TCAAGACCAATTGGCT-1
40	1356	0.4375	AACACACTCTACGGTA-1_1	GCCTACTAGGTTAACA-1
40	870	0.5625	AACACACTCTACGGTA-1_1	CGCAATAGTATCACAC-1
41	198	0.0625	AACAGGGTCATGGAGG-1_1	ACAGACTCACTCGCAG-1
42	2210	0.5625	AACCAACCAAGTGTCT-1_1	TGTGTCCGTTCTTATC-1
42	1830	0.125	AACCAACCAAGTGTCT-1_1	TACTCGCCACGATTAC-1
42	2187	0.4375	AACCAACCAAGTGTCT-1_1	TGGTCCTGTATGTCCA-1
43	1149	0.4375	AACCAACCACACAGCC-1_1	GACCAATCACACACAT-1
43	457	0.4375	AACCAACCACACAGCC-1_1	AGTTACGTCCTAAAGC-1
43	877	0.9375	AACCAACCACACAGCC-1_1	CGCGCAAGTCCGTAGC-1
43	2184	0.3125	AACCAACCACACAGCC-1_1	TGGTCCTAGCTGAAAT-1
44	1012	0.125	AACCAACGTCTCTCAC-1_1	CTGAATGAGTACAGAT-1
45	647	1	AACCAACGTGAGGCAT-1_1	CACGTTCAGAACGCCA-1
46	691	0.75	AACCACAAGGTGGCTA-1_1	CAGGGCTTCCTCCATG-1
46	1303	0.75	AACCACAAGGTGGCTA-1_1	GCAGCCACAGGCACAA-1
47	2179	0.5	AACCACAAGTTTCTTC-1_1	TGGTCAAAGGTGTCGA-1
47	620	0.375	AACCACAAGTTTCTTC-1_1	CACATGATCCATTGTT-1
47	1466	0.6875	AACCACAAGTTTCTTC-1_1	GCTGTTCCATAGAATG-1
48	762	0.9375	AACCACAGTATCTTCT-1_1	CCAGATATCTTTCGAT-1
48	1020	0.625	AACCACAGTATCTTCT-1_1	CTGCGTTTCAAGGCCC-1
48	2094	0.75	AACCACAGTATCTTCT-1_1	TGATGCAGTTCTTTCA-1
52	741	0.375	AACCATGCACTATCCC-1_1	CATTGGATCTTACCTA-1
52	1431	0.1875	AACCATGCACTATCCC-1_1	GCGTAGCGTTCAGTTG-1
52	1217	0	AACCATGCACTATCCC-1_1	GAGGTCCCAGAACAGC-1
53	1173	0.75	AACCATGGTCACGACC-1_1	GACCTTCCACGGCCAT-1
53	2313	0.25	AACCATGGTCACGACC-1_1	TTGACGACAATTCTCT-1
53	1823	0.25	AACCATGGTCACGACC-1_1	TACGGATTCTCTTCTC-1
54	2311	0.75	AACCATGGTGTTCATG-1_1	TTCTGTAGTCATTGGT-1
54	1138	0.5	AACCATGGTGTTCATG-1_1	GAAGTCTCAGGTGGTA-1
55	565	0.5	AACCATGTCCTCATAT-1_1	CAAAGCTCACAAACAA-1
55	1869	0.3125	AACCATGTCCTCATAT-1_1	TAGCCGGTCCGGAAAG-1
56	1055	0.375	AACCCAAAGTGGTGAC-1_1	CTTCCAGCATCGGCCA-1
57	176	0.4375	AACCCAACAATGAGCG-1_1	ACAAAGAGTTTGTGAC-1
58	1612	0.6875	AACCCAAGTATTAAGG-1_1	GTAATCGCAGGCAAGT-1
58	1571	0.3125	AACCCAAGTATTAAGG-1_1	GGGTTATCAGAATGCG-1
59	52	0.375	AACCCAATCCTACAAG-1_1	AACAGTCCACCTACCT-1
59	1495	0.5625	AACCCAATCCTACAAG-1_1	GGACACCCAAGGAGGG-1
63	1181	0.1875	AACCTGAGTTTGTGGT-1_1	GAGAACGAGCCTATAC-1
63	894	0.375	AACCTGAGTTTGTGGT-1_1	CGCTGGAGTGATAGAT-1
63	1948	0.3125	AACCTGAGTTTGTGGT-1_1	TCAATTCGTGACCAGA-1
64	515	0.4375	AACCTTTAGTGGCCTC-1_1	ATGGATCGTTTCGTTT-1
64	1082	1	AACCTTTAGTGGCCTC-1_1	CTTGTCGAGGCTTCGC-1
65	276	0	AACCTTTTCACTACGA-1_1	ACGTTAGTCCGTGCGA-1
65	1652	0.4375	AACCTTTTCACTACGA-1_1	GTCCATCAGTGAGTTA-1
65	2264	1	AACCTTTTCACTACGA-1_1	TTAGCTTAGTTGCGCC-1
67	825	0.375	AACGAAACATCAACCA-1_1	CCTATTACACCACAGC-1
67	191	0.1875	AACGAAACATCAACCA-1_1	ACAGAAAAGTACTCTG-1
71	1354	0.8125	AACGTCACACAGTACT-1_1	GCCCGAATCGTCTAGA-1
71	1413	0.6875	AACGTCACACAGTACT-1_1	GCGGAAAGTTTAGACC-1
71	1514	0.25	AACGTCACACAGTACT-1_1	GGAGTAGGTTAGGCTT-1
71	1424	0.5	AACGTCACACAGTACT-1_1	GCGGTGTGTTCCCTTG-1
72	950	0.6875	AACGTCACATGGCTGC-1_1	CTACTTAGTGGGTAGT-1
72	1231	0.0625	AACGTCACATGGCTGC-1_1	GATCGTAAGGCCTCGT-1
73	1403	0.375	AACGTCACATGTGCCG-1_1	GCGCCAAGTCTCTGCT-1
73	445	0.5625	AACGTCACATGTGCCG-1_1	AGTGCGCAGTTGACAA-1
74	807	0.625	AACGTCAGTGACACGA-1_1	CCGAAGCTCAGAACGG-1
74	1618	0.3125	AACGTCAGTGACACGA-1_1	GTACTTTCACTCAAGT-1
75	1534	0.9375	AACGTCATCTCTGCTG-1_1	GGCATTAGTTCCAATG-1
75	1201	0.875	AACGTCATCTCTGCTG-1_1	GAGCATTGTTGGCTTA-1
76	1457	0.125	AACTTCTCAATGGCAG-1_1	GCTCGAGTCGTGTGCG-1
76	898	1	AACTTCTCAATGGCAG-1_1	CGGACCAGTACGTAAA-1
76	2336	0.875	AACTTCTCAATGGCAG-1_1	TTGCCCAAGAACAGGA-1
76	756	0.25	AACTTCTCAATGGCAG-1_1	CCAGAATTCCATTGAG-1
77	1532	0.5625	AACTTCTCACAATTCG-1_1	GGCATTAGTCGAGAAC-1
79	1096	0.5	AACTTCTGTACACTCA-1_1	CTTTGCGTCTTGCGCT-1
79	506	0.5	AACTTCTGTACACTCA-1_1	ATCGAGTGTGCGTTTA-1
80	956	0.4375	AACTTCTGTGCGAACA-1_1	CTAGGATAGGACTTTC-1
80	734	0.4375	AACTTCTGTGCGAACA-1_1	CATTCATTCTGGACAT-1
80	1265	0.5	AACTTCTGTGCGAACA-1_1	GCAAAGGTCAATTCCT-1
80	1162	0.375	AACTTCTGTGCGAACA-1_1	GACCCAGGTAGGTAAT-1
81	180	0.5625	AACTTCTGTGCTGCAC-1_1	ACAAGCTGTTTAGGAA-1
81	1694	0.6875	AACTTCTGTGCTGCAC-1_1	GTGGCGTCAAGCTTTG-1
82	1233	0.25	AAGAACAAGCTAAATG-1_1	GATCGTAAGTCGTGAG-1
83	1854	0.375	AAGAACAAGTGCACCC-1_1	TAGCATGAGTGGACGT-1
83	643	0.25	AAGAACAAGTGCACCC-1_1	CACCTTGGTAGTAACA-1
84	1633	1	AAGACAACATGAAAGT-1_1	GTCACCTAGCTTACCA-1
86	565	0.25	AAGACTCCAGTGACCC-1_1	CAAAGCTCACAAACAA-1
87	751	0.5	AAGACTCGTCGTTGCG-1_1	CCAGAATCACTCCCAT-1
89	1329	0.8125	AAGCATCAGTAGCTCT-1_1	GCCAGACCAAATAGTG-1
89	262	0.5	AAGCATCAGTAGCTCT-1_1	ACGGATTTCCACACCT-1
90	1471	0.9375	AAGCATCCAACATCGT-1_1	GCTTGCTTCCCTAAAG-1
91	2264	1	AAGCATCGTTTACGAC-1_1	TTAGCTTAGTTGCGCC-1
91	874	0.875	AAGCATCGTTTACGAC-1_1	CGCAGGTTCTTTATCG-1
92	17	1	AAGCCATAGGCGTTGA-1_1	AAACTGCCAGATTTGC-1
92	1805	1	AAGCCATAGGCGTTGA-1_1	TACGCAACACCACCAG-1
92	566	1	AAGCCATAGGCGTTGA-1_1	CAAAGCTCACCGTCTT-1
92	1650	1	AAGCCATAGGCGTTGA-1_1	GTCACTCTCGTCCCAT-1
94	906	0.125	AAGCGTTTCATTACCT-1_1	CGGTGCAGTTTGAAGA-1
94	1725	0.3125	AAGCGTTTCATTACCT-1_1	GTTATTCTCTCCTTAA-1
95	983	0.25	AAGGAATTCCCTTTGG-1_1	CTCCCAAAGGTCTTTG-1
95	792	0.375	AAGGAATTCCCTTTGG-1_1	CCCTAGTAGTTCGACT-1
96	1489	1	AAGGTAAAGCTTTCTT-1_1	GGAATCTCACAGTTCA-1
96	1648	1	AAGGTAAAGCTTTCTT-1_1	GTCACTCCATCCCTTG-1
96	1805	1	AAGGTAAAGCTTTCTT-1_1	TACGCAACACCACCAG-1
96	2161	0.25	AAGGTAAAGCTTTCTT-1_1	TGGCAATTCTTGTCGC-1
98	2064	0.125	AAGTACCGTTCCTAAG-1_1	TGACAACGTAAACGAT-1
98	1161	0.6875	AAGTACCGTTCCTAAG-1_1	GACCCAGCAGATAAGT-1
99	1943	0.625	AAGTACCTCTGGGCGT-1_1	TCAATTCAGATCACCT-1
100	1139	0.3125	AAGTCGTCAACTGATC-1_1	GAAGTCTGTGGACCAA-1
100	1659	0.3125	AAGTCGTCAACTGATC-1_1	GTCTACCCATGGATGG-1
100	1079	0.375	AAGTCGTCAACTGATC-1_1	CTTGCTGGTCAGCTTA-1
101	543	0.75	AAGTGAAAGAGCTGCA-1_1	ATTACTCGTTTGTGAC-1
101	1718	0.6875	AAGTGAAAGAGCTGCA-1_1	GTTACTTGTAGACACG-1
101	34	0.75	AAGTGAAAGAGCTGCA-1_1	AAAGGGCGTTACACTG-1
101	2099	0.3125	AAGTGAAAGAGCTGCA-1_1	TGATTTCGTCTGTCCT-1
101	1035	0.625	AAGTGAAAGAGCTGCA-1_1	CTGGGACTCGAGGTAG-1
102	811	0.3125	AAGTGAAGTTTACACG-1_1	CCGTACTAGCGTCAAG-1
102	1892	0.6875	AAGTGAAGTTTACACG-1_1	TAGTCCCAGCATACCT-1
102	1463	0.3125	AAGTGAAGTTTACACG-1_1	GCTGCGAGTTGCAGAG-1
103	1757	0.6875	AAGTTCGCACCCTGAG-1_1	TAAGCCAAGTCAGGAC-1
103	690	0.8125	AAGTTCGCACCCTGAG-1_1	CAGGGCTTCCGTGCAG-1
103	1346	0.5625	AAGTTCGCACCCTGAG-1_1	GCCATAAGTTTAAGGA-1
103	1594	0.25	AAGTTCGCACCCTGAG-1_1	GGTGCTGCACACACCG-1
104	1194	1	AAGTTCGGTCTTGAGT-1_1	GAGATTCGTATTGTCG-1
105	1025	0.875	AATCACGTCACACCCT-1_1	CTGGCAGGTCGGCTGT-1
105	1133	0.9375	AATCACGTCACACCCT-1_1	GAACTTGGTCAGACGA-1
105	585	0.5625	AATCACGTCACACCCT-1_1	CAACGGCTCTTGTACT-1
106	1451	0.625	AATCGACAGGGTTAAT-1_1	GCTCGAGAGCGCCTAC-1
107	270	0.125	AATCGACCAAACCATC-1_1	ACGTGGCTCCGCTCTA-1
108	115	0.5625	AATCGTGTCTATTGTC-1_1	AACTTGGGTCTGGTCG-1
108	918	0.1875	AATCGTGTCTATTGTC-1_1	CGTGGCAAGACGTCAG-1
110	2162	0.375	AATGAAGAGTCATAGA-1_1	TGGCCTTCAGGGTACA-1
110	313	0.5	AATGAAGAGTCATAGA-1_1	ACTGCAATCTATCCTA-1
110	1618	0.25	AATGAAGAGTCATAGA-1_1	GTACTTTCACTCAAGT-1
110	2052	0.75	AATGAAGAGTCATAGA-1_1	TCTAGTTAGAAATGGG-1
111	2290	0.3125	AATGACCAGCACTCGC-1_1	TTCATTGGTGGTAGAC-1
112	1680	0.6875	AATGACCAGCTACTAC-1_1	GTGCCAGGTTTCTTAC-1
112	1261	0.25	AATGACCAGCTACTAC-1_1	GCAAAGGAGACTAGCG-1
113	660	0.625	AATGACCCAGGCGTTC-1_1	CACTGAAGTAGGGTCA-1
113	1891	0.5	AATGACCCAGGCGTTC-1_1	TAGGTGTTCTGTGTCC-1
113	42	0.125	AATGACCCAGGCGTTC-1_1	AAATGCCAGGCACCTC-1
114	213	0.1875	AATGACCGTTCGGGTC-1_1	ACATGCAAGCAGAATT-1
114	2326	0.25	AATGACCGTTCGGGTC-1_1	TTGCACCAGGGATCCA-1
115	698	0.3125	AATGACCTCCAACCGG-1_1	CAGTGCGCAACTACTG-1
115	490	0.375	AATGACCTCCAACCGG-1_1	ATCCTCGAGCTATCCA-1
115	1449	0.125	AATGACCTCCAACCGG-1_1	GCTCCTACATTGTTCT-1
117	580	0.25	AATGCCACACAACGTT-1_1	CAACGGCTCCAGCACG-1
117	798	0.3125	AATGCCACACAACGTT-1_1	CCCTCTCCAACTTGGT-1
119	1379	0.375	AATGGAAAGAGGCTGT-1_1	GCGAGTCTCCGTGCAG-1
120	1703	0.25	AATGGAAAGTGGCAGT-1_1	GTGTCCTCACTGTTAG-1
121	925	0.5	AATGGAAGTCAACACT-1_1	CGTTCCAAGTACAGTA-1
121	1263	1	AATGGAAGTCAACACT-1_1	GCAAAGGAGGCCAATG-1
121	1703	0.5625	AATGGAAGTCAACACT-1_1	GTGTCCTCACTGTTAG-1
121	1469	0.3125	AATGGAAGTCAACACT-1_1	GCTTAAGTCTCGCGTT-1
121	1860	0.8125	AATGGAAGTCAACACT-1_1	TAGCCCTCACAGCCAC-1
122	2258	0.25	AATGGAAGTCGTGGTC-1_1	TTAGCGACACACACAT-1
122	1293	0.3125	AATGGAAGTCGTGGTC-1_1	GCAGATTAGGGTGTTG-1
122	1267	0.375	AATGGAAGTCGTGGTC-1_1	GCAAAGGTCGATCTTT-1
122	2196	0.875	AATGGAAGTCGTGGTC-1_1	TGTACGACAGGATGTG-1
122	67	0.125	AATGGAAGTCGTGGTC-1_1	AACCAACGTGATGCGA-1
123	977	0.4375	AATGGCTCAGTCGAGA-1_1	CTCAGAATCGAAGCCC-1
123	807	0.125	AATGGCTCAGTCGAGA-1_1	CCGAAGCTCAGAACGG-1
123	1624	0.375	AATGGCTCAGTCGAGA-1_1	GTAGGAGAGAACCATA-1
125	2383	0.625	AATTCCTAGAGGTTAT-1_1	TTTGAGGCATGGTATC-1
125	593	0.1875	AATTCCTAGAGGTTAT-1_1	CAAGAAACAGGCATTT-1
126	471	0.5	AATTCCTCAGAAGCTG-1_1	ATAGGCTGTGTTAGAA-1
126	1652	0.0625	AATTCCTCAGAAGCTG-1_1	GTCCATCAGTGAGTTA-1
127	1642	0.25	AATTCCTCATCAGTCA-1_1	GTCACCTTCTGAAAGA-1
127	1611	0.625	AATTCCTCATCAGTCA-1_1	GTAATCGAGTCCGTGC-1
128	2005	0.9375	AATTCCTGTATCTTCT-1_1	TCCAGAAAGAGACTCG-1
128	416	0.25	AATTCCTGTATCTTCT-1_1	AGGCCTGGTCCGTAGC-1
128	278	0.4375	AATTCCTGTATCTTCT-1_1	ACGTTAGTCTATACCT-1
129	406	0.8125	AATTTCCAGACCGTTT-1_1	AGCTGTATCAAACCAC-1
129	651	0.3125	AATTTCCAGACCGTTT-1_1	CACTAAGAGGAATGGA-1
129	994	0.1875	AATTTCCAGACCGTTT-1_1	CTCTACGGTATCAGCT-1
130	835	0.5625	AATTTCCAGGACAGTC-1_1	CCTGGGAGTTAACCGT-1
130	1902	0.8125	AATTTCCAGGACAGTC-1_1	TATCGAGTCCAAACCA-1
130	895	0.5625	AATTTCCAGGACAGTC-1_1	CGGACCAAGGCACCTC-1
130	338	0.625	AATTTCCAGGACAGTC-1_1	AGATTCGCACAAGTGG-1
131	1815	0.3125	AATTTCCGTATTCCTT-1_1	TACGCCTTCGCTCTAC-1
132	1170	0.6875	ACAAAGACAAACGGCA-1_1	GACCTTCCAATAGCGG-1
132	8	0.5625	ACAAAGACAAACGGCA-1_1	AAACTCGAGAGAAGCA-1
134	1290	0.3125	ACAACCACATCCGAAT-1_1	GCACGGTGTGGACCAA-1
134	1031	0.875	ACAACCACATCCGAAT-1_1	CTGGCAGTCGTTGTTT-1
134	126	1	ACAACCACATCCGAAT-1_1	AAGGAGCCATGGCCGT-1
135	487	1	ACAACCATCATCGTAG-1_1	ATCCCTGGTGATTCCA-1
135	1361	1	ACAACCATCATCGTAG-1_1	GCCTACTTCGATGTAC-1
136	2239	0.3125	ACAACCATCCGAACGC-1_1	TTACGTTAGGTAAGCC-1
136	326	0.0625	ACAACCATCCGAACGC-1_1	AGACAAAAGGAGGCGA-1
137	676	0.5625	ACACAGTTCCGGGACT-1_1	CAGCTGGAGTGGTGTG-1
137	707	0.4375	ACACAGTTCCGGGACT-1_1	CAGTGTAAGTTAGCAA-1
139	84	0.5625	ACACCAAGTCGTTTCC-1_1	AACCTTTTCCTATCAT-1
139	914	0.25	ACACCAAGTCGTTTCC-1_1	CGTACAAGTCCTTCAC-1
140	1381	0.125	ACACCAATCTCGCCTA-1_1	GCGATCGAGAAAGGGT-1
140	749	0.3125	ACACCAATCTCGCCTA-1_1	CCAGAATAGGAAGAAC-1
140	647	0.9375	ACACCAATCTCGCCTA-1_1	CACGTTCAGAACGCCA-1
141	1292	0	ACACGCGCAAATACGA-1_1	GCACGGTTCCTTGACC-1
142	2340	0.375	ACACGCGCACTTCCTG-1_1	TTGCCCACAATGGTAA-1
142	799	0.625	ACACGCGCACTTCCTG-1_1	CCCTCTCCAGCAACAG-1
143	297	0.125	ACACTGAAGATCACTC-1_1	ACTACGACACCTCGTT-1
143	1088	0.4375	ACACTGAAGATCACTC-1_1	CTTGTCGGTCGTAATC-1
144	718	0.25	ACACTGAAGTGCTACT-1_1	CATGCCTAGTTCGCGC-1
144	302	0.125	ACACTGAAGTGCTACT-1_1	ACTAGGTGTACCAAGG-1
145	1672	0.9375	ACACTGAAGTTGCGCC-1_1	GTGCACGCAATGTGCT-1
145	239	0.5625	ACACTGAAGTTGCGCC-1_1	ACCCAAATCAGGCGCT-1
147	972	0.625	ACACTGATCCATGCAA-1_1	CTCACCATCTATTTCG-1
147	2142	0.125	ACACTGATCCATGCAA-1_1	TGCTTTAGTGGACTGA-1
147	1243	0.0625	ACACTGATCCATGCAA-1_1	GATGATCGTTACACTG-1
147	1183	0.25	ACACTGATCCATGCAA-1_1	GAGAACGCAACGTACT-1
149	1414	0.375	ACAGAAACACAACGCC-1_1	GCGGGTTAGCAGAATT-1
149	1706	0.0625	ACAGAAACACAACGCC-1_1	GTGTCCTTCGACTCGG-1
149	1687	0.5	ACAGAAACACAACGCC-1_1	GTGCTGGGTAGCTGTT-1
150	1100	0.125	ACAGAAACAGACCAAG-1_1	GAAACAATCCTCCTGA-1
151	1397	0.8125	ACAGCCGAGATGAATC-1_1	GCGCATGAGACCAATA-1
153	66	1	ACAGCCGTCATTCACT-1_1	AACCAACCATCAACTG-1
154	218	0.1875	ACAGCCGTCCCTGTTG-1_1	ACATGGTAGTTCCAGT-1
154	547	0.5	ACAGCCGTCCCTGTTG-1_1	ATTCGTTAGAGCCACA-1
154	2278	0.1875	ACAGCCGTCCCTGTTG-1_1	TTCAACTCACGAACGA-1
154	2238	0.125	ACAGCCGTCCCTGTTG-1_1	TTACGGAGTGGTAAGC-1
155	1769	1	ACAGGGATCAATCCGA-1_1	TAATCGGGTTTCCTAT-1
155	1761	1	ACAGGGATCAATCCGA-1_1	TAAGTGCAGGTACACG-1
155	1298	1	ACAGGGATCAATCCGA-1_1	GCAGATTCATTGCACA-1
156	1495	0.8125	ACAGGGATCAGTGCGC-1_1	GGACACCCAAGGAGGG-1
156	1783	0.625	ACAGGGATCAGTGCGC-1_1	TACATTCCAACCTCCT-1
156	184	0.5625	ACAGGGATCAGTGCGC-1_1	ACAAGCTTCCTCCTGA-1
156	2018	0.5	ACAGGGATCAGTGCGC-1_1	TCCATCGTCCATTGTT-1
157	1674	0.5	ACATCCCAGTCTTCCC-1_1	GTGCACGCACCCATCT-1
158	951	0.0625	ACATCCCCACCCTGTT-1_1	CTACTTAGTGTCGTGC-1
159	1339	0.75	ACATCCCTCCTGTTGC-1_1	GCCAGCATCAAGTTGC-1
159	1582	0.625	ACATCCCTCCTGTTGC-1_1	GGTAGGATCGGTCCGA-1
159	258	1	ACATCCCTCCTGTTGC-1_1	ACGGATTAGGTTGTTC-1
160	23	0.1875	ACATCGAAGCTTTGTG-1_1	AAAGATGTCCGGGCAT-1
160	1437	0.1875	ACATCGAAGCTTTGTG-1_1	GCTCACTCATTGTTCT-1
161	458	0.5	ACATCGATCGTCAACA-1_1	AGTTACGTCGCTAGTA-1
161	983	0.25	ACATCGATCGTCAACA-1_1	CTCCCAAAGGTCTTTG-1
161	2275	0.375	ACATCGATCGTCAACA-1_1	TTATGTCAGCTCCGGT-1
161	1793	0.375	ACATCGATCGTCAACA-1_1	TACCCTGTCAGCACGC-1
162	406	0.625	ACATGCAGTAGCGTTT-1_1	AGCTGTATCAAACCAC-1
162	1819	0.8125	ACATGCAGTAGCGTTT-1_1	TACGGATGTAACGTAA-1
163	229	0.875	ACATGCAGTCTCTCAC-1_1	ACCATCCAGATGGGAA-1
163	1762	0.0625	ACATGCAGTCTCTCAC-1_1	TAAGTGCGTAGAAAGG-1
164	1577	0.4375	ACATGCAGTGGATCAG-1_1	GGTAGGAAGAAGAGTG-1
164	1892	0.3125	ACATGCAGTGGATCAG-1_1	TAGTCCCAGCATACCT-1
164	7	0.625	ACATGCAGTGGATCAG-1_1	AAACGAATCTGACTTT-1
165	6	0.3125	ACATTTCAGCGGTAGT-1_1	AAACGAATCGTTCAGA-1
166	847	0.75	ACCAAACAGTAGATCA-1_1	CCTTGGTCACAAGGGT-1
166	1041	0.3125	ACCAAACAGTAGATCA-1_1	CTGTTCGCAGTAACTC-1
167	2372	1	ACCAAACCAGGCTACC-1_1	TTGTTGTCACTCCTCA-1
168	512	0.5	ACCAAACGTTCAGGTT-1_1	ATGCATGTCGATAGTC-1
168	730	0.375	ACCAAACGTTCAGGTT-1_1	CATTCATCATCACAGT-1
169	259	0.3125	ACCAACACATACAGCT-1_1	ACGGATTCACGTTAGT-1
169	222	0.5	ACCAACACATACAGCT-1_1	ACCAAACAGTCAGGAC-1
169	1827	0.375	ACCAACACATACAGCT-1_1	TACTAGGGTCTCTGCT-1
169	283	0.4375	ACCAACACATACAGCT-1_1	ACTAACGGTTCCGCGA-1
170	986	1	ACCAACATCACCTTGC-1_1	CTCGCTAAGAGCCACA-1
170	922	1	ACCAACATCACCTTGC-1_1	CGTGGCAGTCTTAGCA-1
171	2363	0.4375	ACCACAAAGCTAAGTA-1_1	TTGTCTATCCATCGAA-1
171	91	0.6875	ACCACAAAGCTAAGTA-1_1	AACGAGGTCTTAACGG-1
171	1180	0.5625	ACCACAAAGCTAAGTA-1_1	GACTAGTTCGCAAACT-1
171	541	0.5625	ACCACAAAGCTAAGTA-1_1	ATTACTCCAAGTGGCA-1
172	2230	0.5625	ACCACAACAATCTGCA-1_1	TTACCGCCATGGGTGA-1
172	2179	0.4375	ACCACAACAATCTGCA-1_1	TGGTCAAAGGTGTCGA-1
173	1608	0.375	ACCACAATCGTAGCTA-1_1	GGTTGCGGTCTAAAGA-1
173	1997	0.0625	ACCACAATCGTAGCTA-1_1	TCAGTCCTCAGGCGCT-1
173	1216	0.75	ACCACAATCGTAGCTA-1_1	GAGGCTCTCGCGTGAC-1
174	415	0.5	ACCATTTAGCTAGAAT-1_1	AGGCCTGGTATGGGTG-1
174	891	0.4375	ACCATTTAGCTAGAAT-1_1	CGCTATCCACACATGT-1
174	1885	0.125	ACCATTTAGCTAGAAT-1_1	TAGGTCATCTTACGGA-1
175	770	0.625	ACCATTTAGGTCATCT-1_1	CCCACATGTCAACGGA-1
176	1151	0.625	ACCATTTTCGTGGGAA-1_1	GACCAATGTAACCGAG-1
178	2250	0.4375	ACCCAAAAGTCTTGGT-1_1	TTACTCATCCAGTACA-1
180	917	0.875	ACCCTCAAGCGATCGA-1_1	CGTACAATCTATATCC-1
181	2018	0.3125	ACCCTCACAAGGGCAT-1_1	TCCATCGTCCATTGTT-1
182	1532	1	ACCCTCAGTCCAACGC-1_1	GGCATTAGTCGAGAAC-1
182	2329	0.3125	ACCCTCAGTCCAACGC-1_1	TTGCAGAAGAAAGCAG-1
183	2187	0.3125	ACCCTCAGTCCTCCTA-1_1	TGGTCCTGTATGTCCA-1
185	2326	0.625	ACCGTTCGTTGCATGT-1_1	TTGCACCAGGGATCCA-1
186	1767	0.0625	ACCTACCCAGGAGGAG-1_1	TAATCGGCAATCATCG-1
186	1693	0.75	ACCTACCCAGGAGGAG-1_1	GTGGCGTAGTAGACCG-1
186	1834	0.375	ACCTACCCAGGAGGAG-1_1	TACTGCCTCAATGCAC-1
187	2001	0.375	ACCTGAAGTTCTTGCC-1_1	TCAGTTTCACATGATC-1
188	139	0.25	ACCTGAATCCATCTCG-1_1	AATACGCTCACTCCCA-1
188	2286	0.1875	ACCTGAATCCATCTCG-1_1	TTCATTGAGTAACACA-1
190	1223	0.4375	ACCTGTCTCTCCTACG-1_1	GAGTGAGGTTGCCGCA-1
190	951	0.625	ACCTGTCTCTCCTACG-1_1	CTACTTAGTGTCGTGC-1
191	828	0.625	ACGATCACACGTGAGA-1_1	CCTCCCTTCGGTACTA-1
191	1394	0.625	ACGATCACACGTGAGA-1_1	GCGATTAGTCACATTG-1
192	1749	1	ACGATCAGTAGCTGAG-1_1	TAACGGTAGCGTAGCA-1
193	335	0.75	ACGATCAGTTCGGGTC-1_1	AGATTCGAGGCAATTA-1
193	1406	0.3125	ACGATCAGTTCGGGTC-1_1	GCGCCAATCCTTGACC-1
194	1650	1	ACGATCATCTACTATC-1_1	GTCACTCTCGTCCCAT-1
194	1584	1	ACGATCATCTACTATC-1_1	GGTCATACATAGGCGA-1
195	2	0.5625	ACGATCATCTCTGAGA-1_1	AAACGAAAGAGTGGAA-1
195	714	0.4375	ACGATCATCTCTGAGA-1_1	CATAACGGTTACACTG-1
195	1832	0.75	ACGATCATCTCTGAGA-1_1	TACTGCCAGAGGAACA-1
195	235	0.375	ACGATCATCTCTGAGA-1_1	ACCCAAACAAAGCATA-1
196	2253	0.75	ACGATGTAGACCCTTA-1_1	TTACTTGCAGTTGCAT-1
197	1733	0.1875	ACGATGTTCAACCCGG-1_1	GTTGGGCCAACTGCGC-1
197	49	0.3125	ACGATGTTCAACCCGG-1_1	AACAAAGCATTCTTTG-1
197	2141	0.5625	ACGATGTTCAACCCGG-1_1	TGCTTTAGTCAGTGTT-1
197	458	0.5	ACGATGTTCAACCCGG-1_1	AGTTACGTCGCTAGTA-1
198	613	0.3125	ACGCACGAGCGTACAG-1_1	CACAGATTCACAGGGA-1
198	2320	0.5	ACGCACGAGCGTACAG-1_1	TTGAGTGAGTTGCCGC-1
198	686	0.25	ACGCACGAGCGTACAG-1_1	CAGGATTCAACTAGAA-1
198	772	0.1875	ACGCACGAGCGTACAG-1_1	CCCAGAGAGGGTAATT-1
199	2287	0.75	ACGCACGGTAACCAGG-1_1	TTCATTGCAAATTGAG-1
199	2104	0.75	ACGCACGGTAACCAGG-1_1	TGCACCTAGATGGGTC-1
199	852	0.875	ACGCACGGTAACCAGG-1_1	CGAGTTACAAGTAATG-1
199	574	0.875	ACGCACGGTAACCAGG-1_1	CAACCAACATCACAGT-1
200	1786	0.75	ACGCACGGTCAAACGG-1_1	TACATTCGTCAACTGT-1
200	1434	0.625	ACGCACGGTCAAACGG-1_1	GCGTTGGGTCAGACGA-1
201	925	0.3125	ACGCACGTCAAGAAAC-1_1	CGTTCCAAGTACAGTA-1
201	1071	0.1875	ACGCACGTCAAGAAAC-1_1	CTTGCCAGTATCTAGC-1
201	1703	0.375	ACGCACGTCAAGAAAC-1_1	GTGTCCTCACTGTTAG-1
202	17	0.25	ACGGAAGAGACTGTTC-1_1	AAACTGCCAGATTTGC-1
203	362	0.875	ACGGGTCAGACATAAC-1_1	AGCCTCTCATTGAACC-1
203	1077	0.9375	ACGGGTCAGACATAAC-1_1	CTTGCTGCACTAAACC-1
203	520	0.5	ACGGGTCAGACATAAC-1_1	ATGTACGGTCCATTGA-1
203	1467	0.3125	ACGGGTCAGACATAAC-1_1	GCTGTTCGTGGTAAGC-1
204	1212	0.75	ACGGGTCAGTGAGGTC-1_1	GAGGATGGTTCTGATG-1
205	1739	0.3125	ACGGGTCTCAGTGGGA-1_1	TAAACCGGTTGTATCG-1
205	1166	0.5	ACGGGTCTCAGTGGGA-1_1	GACCCAGTCGGGTCCA-1
206	819	0.25	ACGGGTCTCTATCGTT-1_1	CCGTGAGTCCATACCC-1
206	1119	0.4375	ACGGGTCTCTATCGTT-1_1	GAACCTAAGACTTCCA-1
207	2136	1	ACGGTCGGTATCTCGA-1_1	TGCTTCGTCTGCTACC-1
208	1403	0.4375	ACGGTTAAGCCGCTTG-1_1	GCGCCAAGTCTCTGCT-1
208	1299	0.5	ACGGTTAAGCCGCTTG-1_1	GCAGATTTCAAGAGGC-1
209	1027	0.9375	ACGGTTACAATTGAGA-1_1	CTGGCAGGTGCACTTA-1
209	1900	0.3125	ACGGTTACAATTGAGA-1_1	TATCGAGGTTAGGCTT-1
209	302	0.1875	ACGGTTACAATTGAGA-1_1	ACTAGGTGTACCAAGG-1
211	1210	0.3125	ACGTAACAGTACGTCT-1_1	GAGGATGCACTAGGAG-1
211	1687	0.1875	ACGTAACAGTACGTCT-1_1	GTGCTGGGTAGCTGTT-1
212	708	0.5625	ACGTAACCAAGTCCAT-1_1	CAGTGTAGTGAATGTA-1
213	358	0.5625	ACGTAACTCCTTATCA-1_1	AGCCGCACAGTAACCT-1
213	121	0.5	ACGTAACTCCTTATCA-1_1	AAGATAGAGGTACATA-1
213	1004	0.75	ACGTAACTCCTTATCA-1_1	CTCTCAGAGTTCCAGT-1
214	501	0.125	ACGTAACTCTCGCTTG-1_1	ATCCTGCTCAGTCACA-1
215	229	0.5	ACGTACAAGCATCCTA-1_1	ACCATCCAGATGGGAA-1
216	548	0.375	ACGTACAGTATTTCGG-1_1	ATTCGTTCAAGCGTCC-1
217	2357	0.5	ACGTACATCGTCACCT-1_1	TTGCTTATCACTTACT-1
218	461	0.5625	ACGTAGTAGGACTTCT-1_1	AGTTTGGCACCGATCG-1
218	1745	0.5	ACGTAGTAGGACTTCT-1_1	TAACAGCAGTCGTGAG-1
218	822	0.75	ACGTAGTAGGACTTCT-1_1	CCTAAAGGTCACAGGA-1
218	1177	0.375	ACGTAGTAGGACTTCT-1_1	GACTAACTCGCACCGA-1
218	742	0.3125	ACGTAGTAGGACTTCT-1_1	CCAATGAAGCGCATTT-1
219	184	0.5	ACGTAGTTCGCCAGAC-1_1	ACAAGCTTCCTCCTGA-1
219	238	0.25	ACGTAGTTCGCCAGAC-1_1	ACCCAAATCAACTTGG-1
219	1974	0.4375	ACGTAGTTCGCCAGAC-1_1	TCACTCGCAGCGTACC-1
222	1431	0.0625	ACGTCCTGTGTACGCC-1_1	GCGTAGCGTTCAGTTG-1
222	1087	0.0625	ACGTCCTGTGTACGCC-1_1	CTTGTCGGTCCAAGTT-1
223	1833	0.4375	ACGTCCTGTTTAGAGA-1_1	TACTGCCGTCTAAGAA-1
223	532	0.125	ACGTCCTGTTTAGAGA-1_1	ATGTTTCAGTGAATAC-1
224	59	0.875	ACGTCCTTCCTCTAAT-1_1	AACATCGAGATGTTGA-1
224	987	1	ACGTCCTTCCTCTAAT-1_1	CTCGCTAAGCCCATGC-1
224	392	0.4375	ACGTCCTTCCTCTAAT-1_1	AGCTATGAGATGGGTC-1
225	901	0.875	ACGTTCCCACAGAGCA-1_1	CGGACTGCATCTCACC-1
226	295	0.25	ACGTTCCCACGTAGTT-1_1	ACTACGAAGGAACCGT-1
227	981	0.25	ACGTTCCCACTTGTCC-1_1	CTCATGCCAGGTAGGT-1
227	59	0.0625	ACGTTCCCACTTGTCC-1_1	AACATCGAGATGTTGA-1
230	2360	0.625	ACTACGAGTGACAACG-1_1	TTGGTCCCAGGTCTGC-1
230	1839	0.3125	ACTACGAGTGACAACG-1_1	TAGACTGCAATGTGCT-1
231	451	0.0625	ACTACGATCCACAGCG-1_1	AGTGCGCTCTTGTCGC-1
231	200	0.375	ACTACGATCCACAGCG-1_1	ACAGACTCATTAGCCA-1
231	2262	0.375	ACTACGATCCACAGCG-1_1	TTAGCGATCTTCTCTC-1
232	954	0.25	ACTATCTGTCTCTCCA-1_1	CTAGCGGCAAGGCGTA-1
232	518	0.375	ACTATCTGTCTCTCCA-1_1	ATGTACGCATTTGTTC-1
233	2272	0.5625	ACTATGGAGCAACTTC-1_1	TTAGGTGGTCATTGCA-1
234	429	0.625	ACTATGGAGCAGCGAT-1_1	AGGCGTCGTCTCTAAG-1
234	387	0.8125	ACTATGGAGCAGCGAT-1_1	AGCGTATTCGCATACA-1
237	1750	0.625	ACTATTCAGGTCACAG-1_1	TAACGGTCAAATTCCG-1
237	263	0.6875	ACTATTCAGGTCACAG-1_1	ACGTGGCAGACTTGAA-1
238	2136	0.375	ACTATTCCAAGATGGC-1_1	TGCTTCGTCTGCTACC-1
238	1381	0.3125	ACTATTCCAAGATGGC-1_1	GCGATCGAGAAAGGGT-1
238	1244	0.125	ACTATTCCAAGATGGC-1_1	GATGATCTCAAGGCCC-1
239	28	0.875	ACTATTCCACATTCTT-1_1	AAAGGATTCATAGGTC-1
240	1582	0.6875	ACTATTCCATACTGAC-1_1	GGTAGGATCGGTCCGA-1
240	2000	0.5	ACTATTCCATACTGAC-1_1	TCAGTTTAGGAGTAGA-1
240	1102	0.8125	ACTATTCCATACTGAC-1_1	GAAAGTAGTTTGCCCT-1
242	905	0.4375	ACTCCCAAGGATTCCT-1_1	CGGTGCAGTAGTCTGT-1
242	2248	0	ACTCCCAAGGATTCCT-1_1	TTACTCAGTCTGTTGA-1
243	1380	1	ACTCTCGGTTCAAGTC-1_1	GCGAGTCTCTCTCAAT-1
244	2123	0.625	ACTCTCGTCTACGGTA-1_1	TGCGTAATCGCACCGA-1
245	2001	1	ACTGATGCAATTGCCA-1_1	TCAGTTTCACATGATC-1
246	2015	0.25	ACTGATGTCACGAACT-1_1	TCCATCGGTGCCCTAG-1
246	2323	0.125	ACTGATGTCACGAACT-1_1	TTGAGTGGTTCTACGA-1
246	1051	0.25	ACTGATGTCACGAACT-1_1	CTTCCAGAGACTCTTG-1
247	2157	1	ACTGCAACATCAGTCA-1_1	TGGCAATCACAGGTAG-1
247	1712	0.6875	ACTGCAACATCAGTCA-1_1	GTGTGATTCTGAACGT-1
247	1365	0.625	ACTGCAACATCAGTCA-1_1	GCCTAGGGTAGATTAG-1
247	1094	0.1875	ACTGCAACATCAGTCA-1_1	CTTTGCGGTCCGTCGA-1
248	2039	0.9375	ACTGCAATCGATCCCT-1_1	TCGCCTACATATTGGC-1
248	1772	0.5625	ACTGCAATCGATCCCT-1_1	TAATTCCAGACCATAA-1
248	34	0.6875	ACTGCAATCGATCCCT-1_1	AAAGGGCGTTACACTG-1
248	543	0.5625	ACTGCAATCGATCCCT-1_1	ATTACTCGTTTGTGAC-1
249	725	0.4375	ACTGTCCAGTAATTGG-1_1	CATGTTTAGTCTAGAA-1
249	414	0.625	ACTGTCCAGTAATTGG-1_1	AGGCCTGCACGATATC-1
250	1413	0.6875	ACTGTCCCAAACCATC-1_1	GCGGAAAGTTTAGACC-1
251	414	0.5	ACTGTCCTCAAAGACA-1_1	AGGCCTGCACGATATC-1
253	1129	0.25	ACTGTGAGTTGTGTTG-1_1	GAACTTGAGGGTCTGA-1
255	1732	0.1875	ACTTAGGTCCCTTCCC-1_1	GTTGGGCAGGGCGAAG-1
257	2174	0.375	ACTTATCCAATTTCTC-1_1	TGGGTGCTCCTCATTA-1
257	1967	0	ACTTATCCAATTTCTC-1_1	TCACCACTCTCTGAGA-1
258	1675	1	ACTTATCGTAATCAGA-1_1	GTGCACGGTCATAGAA-1
258	1380	1	ACTTATCGTAATCAGA-1_1	GCGAGTCTCTCTCAAT-1
258	1500	1	ACTTATCGTAATCAGA-1_1	GGAGAACAGGGCTCTC-1
259	1949	0	ACTTATCTCTCTTAAC-1_1	TCAATTCTCATTCTCA-1
260	2150	0.8125	ACTTCGCGTATCATGC-1_1	TGGAAGGGTGGCCTCA-1
260	2307	0.4375	ACTTCGCGTATCATGC-1_1	TTCTGTACAAGGAGGG-1
260	25	0.1875	ACTTCGCGTATCATGC-1_1	AAAGGATCAACGTAGG-1
261	1057	1	ACTTCGCTCGTCAGAT-1_1	CTTCCAGGTGATAGAT-1
261	1024	1	ACTTCGCTCGTCAGAT-1_1	CTGGCAGCATCCGTAA-1
263	1544	0.4375	ACTTTGTCAAGATGTA-1_1	GGCGTTGCACGCGATC-1
263	410	0.125	ACTTTGTCAAGATGTA-1_1	AGGACGATCCAGAATC-1
263	523	0.0625	ACTTTGTCAAGATGTA-1_1	ATGTACGTCTCCTTGG-1
263	1017	0	ACTTTGTCAAGATGTA-1_1	CTGAATGTCCATGACA-1
265	744	0.6875	AGAAATGAGACCTCCG-1_1	CCAATGAGTATTCTCT-1
265	1008	0	AGAAATGAGACCTCCG-1_1	CTCTCGACACCGTTGG-1
266	548	0.1875	AGAAATGCAAACGTGG-1_1	ATTCGTTCAAGCGTCC-1
266	144	1	AGAAATGCAAACGTGG-1_1	AATGCCAGTCATTGCA-1
267	1220	0.1875	AGAAATGCAAGAAACT-1_1	GAGGTCCGTGGACAGT-1
268	1733	0.625	AGAAATGCAGGGTTGA-1_1	GTTGGGCCAACTGCGC-1
268	985	0.375	AGAAATGCAGGGTTGA-1_1	CTCGCTAAGAGACTCG-1
268	1350	0.25	AGAAATGCAGGGTTGA-1_1	GCCCAGATCGCGCCAA-1
269	1061	0.75	AGAAATGGTCCAACGC-1_1	CTTCTAATCCCAGCGA-1
269	1642	0.25	AGAAATGGTCCAACGC-1_1	GTCACCTTCTGAAAGA-1
270	584	0.125	AGAAATGTCGGACGTC-1_1	CAACGGCTCTTCTCTC-1
271	1378	0.25	AGAACAACAGCGCTTG-1_1	GCGAGTCTCAGCACGC-1
271	2347	0.1875	AGAACAACAGCGCTTG-1_1	TTGCGGGCACTGTTAG-1
272	2144	0.1875	AGAACAATCAAGGTGG-1_1	TGCTTTATCGCCTTAC-1
272	631	0.1875	AGAACAATCAAGGTGG-1_1	CACCTGTAGCCATTCA-1
273	2044	0.25	AGAACCTAGTAAACAC-1_1	TCGGGACGTCGTAATC-1
274	749	0.1875	AGAACCTCAAGCTCTA-1_1	CCAGAATAGGAAGAAC-1
275	813	0.4375	AGAACCTCATCGATGT-1_1	CCGTACTCACTGCTCT-1
275	1787	0.4375	AGAACCTCATCGATGT-1_1	TACATTCTCGATCTTT-1
277	144	1	AGAAGCGAGCTACTGT-1_1	AATGCCAGTCATTGCA-1
278	1021	0.75	AGAAGTACACTACACA-1_1	CTGCGTTTCAGCGGTC-1
279	402	0.25	AGACAAAAGGTAAAGG-1_1	AGCTGTAAGTACAGTA-1
279	593	0.3125	AGACAAAAGGTAAAGG-1_1	CAAGAAACAGGCATTT-1
280	1241	0.625	AGACAAAAGTCATAGA-1_1	GATGATCAGGAAGAAC-1
280	1722	0.8125	AGACAAAAGTCATAGA-1_1	GTTATGGGTACTAGAA-1
280	350	0.9375	AGACAAAAGTCATAGA-1_1	AGCCCGAGTCTTAGCA-1
281	311	0.5	AGACAAACACACGGTC-1_1	ACTCGGGTCCGAATTG-1
282	1125	0.6875	AGACAAACACTACAGT-1_1	GAACGTTCACAGTTCA-1
282	138	0.5625	AGACAAACACTACAGT-1_1	AATACGCGTGAATCGG-1
283	167	0.625	AGACAAATCCGTAGTA-1_1	AATGTCGGTGAATCGG-1
283	1896	0.375	AGACAAATCCGTAGTA-1_1	TAGTCCCGTGAGGGTT-1
283	27	0.5625	AGACAAATCCGTAGTA-1_1	AAAGGATGTATCATGC-1
284	1162	0.25	AGACAAATCGCCAGAC-1_1	GACCCAGGTAGGTAAT-1
284	1123	0.3125	AGACAAATCGCCAGAC-1_1	GAACCTACATAGATAG-1
285	2284	0.5	AGACACTAGAACTGAT-1_1	TTCATCATCCAGAATC-1
285	1130	1	AGACACTAGAACTGAT-1_1	GAACTTGGTACGTAGG-1
285	2147	0.75	AGACACTAGAACTGAT-1_1	TGGAAGGCACAAGTGG-1
286	1605	0.75	AGACACTAGTGGTTGG-1_1	GGTTGCGCACAAACAA-1
286	58	0.75	AGACACTAGTGGTTGG-1_1	AACATCGAGAGGCGGA-1
287	878	0.8125	AGACACTGTCGCTTAA-1_1	CGCGCAAGTGATGCGA-1
288	1519	0.4375	AGACACTGTGTTAACC-1_1	GGATAGGCATGACTGT-1
288	1337	0.0625	AGACACTGTGTTAACC-1_1	GCCAGCAGTAGGTAAT-1
288	877	0.375	AGACACTGTGTTAACC-1_1	CGCGCAAGTCCGTAGC-1
288	1905	0.625	AGACACTGTGTTAACC-1_1	TATCTGTAGATCCGAG-1
290	287	0.875	AGACCATCAACTACGT-1_1	ACTACCCCAATGATGA-1
290	27	0.8125	AGACCATCAACTACGT-1_1	AAAGGATGTATCATGC-1
291	345	0.6875	AGACCCGGTACGAGCA-1_1	AGCCAGCTCTAGTCGA-1
291	556	0.1875	AGACCCGGTACGAGCA-1_1	ATTGTGGTCTTCCACG-1
292	1043	0.875	AGACTCAGTGCCGTAC-1_1	CTGTTCGGTACGACCC-1
293	266	0.5	AGACTCAGTTCCATTT-1_1	ACGTGGCCATACAACC-1
293	352	0.5	AGACTCAGTTCCATTT-1_1	AGCCCGATCTCCAACC-1
294	2131	0.6875	AGAGAATGTACCAGAG-1_1	TGCTCACTCTTCCGTG-1
294	857	0.4375	AGAGAATGTACCAGAG-1_1	CGATGATAGCTCCATA-1
294	957	0.375	AGAGAATGTACCAGAG-1_1	CTAGGATCACCTGAAT-1
295	2033	1	AGAGAATGTCGCATCG-1_1	TCGCAGGAGACGCCAA-1
296	308	0.3125	AGAGAGCAGCACACCC-1_1	ACTCGGGGTAGGTGAC-1
296	929	0.4375	AGAGAGCAGCACACCC-1_1	CGTTCCAGTATTCGCA-1
297	1159	0.5	AGAGAGCCACCCAACG-1_1	GACCCAGAGGCACTAG-1
297	1366	0.5625	AGAGAGCCACCCAACG-1_1	GCCTAGGGTGGATTCT-1
297	459	0.375	AGAGAGCCACCCAACG-1_1	AGTTTGGAGGCAGTAC-1
298	78	0.6875	AGAGCAGCACTGGACC-1_1	AACCTGATCAGGTCTA-1
298	1736	0.5	AGAGCAGCACTGGACC-1_1	GTTGGTACAGATTAAG-1
298	664	0.5	AGAGCAGCACTGGACC-1_1	CACTGAATCTACCCGT-1
299	2275	0.1875	AGAGCCCCAATCTCTT-1_1	TTATGTCAGCTCCGGT-1
299	1042	0.5625	AGAGCCCCAATCTCTT-1_1	CTGTTCGCATTAGCAC-1
301	894	1	AGATAGACACGCGGTT-1_1	CGCTGGAGTGATAGAT-1
302	1697	0.1875	AGATAGACATATACCG-1_1	GTGGCGTTCGGCTATA-1
302	1272	0.8125	AGATAGACATATACCG-1_1	GCAACCGTCGATGTGT-1
304	536	0.4375	AGATCCAAGCCAAGTG-1_1	ATGTTTCGTTTAAGGA-1
304	1349	0.75	AGATCCAAGCCAAGTG-1_1	GCCCAGACACTCCCAT-1
304	979	0.5625	AGATCCAAGCCAAGTG-1_1	CTCAGCTGTTCCATCC-1
305	903	0.625	AGATCGTCAAGTTCCA-1_1	CGGACTGTCTGAACGT-1
305	2177	0.1875	AGATCGTCAAGTTCCA-1_1	TGGGTTACAATGGCAG-1
306	1460	0.375	AGATGAAAGAGCAACC-1_1	GCTGAGCTCCAGGCCA-1
307	2251	0.375	AGATGAATCCATTTAC-1_1	TTACTCATCCTAGAGT-1
307	1842	0.125	AGATGAATCCATTTAC-1_1	TAGCACAAGTCATCTG-1
308	1412	1	AGATGAATCTAAGAAG-1_1	GCGGAAAGTACTTCGA-1
308	453	1	AGATGAATCTAAGAAG-1_1	AGTTACGAGGAATGGA-1
309	2390	0.3125	AGATGCTAGGGAGGTG-1_1	TTTGGCCAGGCCTCGT-1
309	2222	0.125	AGATGCTAGGGAGGTG-1_1	TTAACGGTCACTGATG-1
310	922	1	AGATGCTCAAACTAAG-1_1	CGTGGCAGTCTTAGCA-1
312	1744	0.0625	AGCATCAAGTCCGCCA-1_1	TAAACCGTCTCCACTG-1
313	2296	0.5	AGCATCAAGTGATTCC-1_1	TTCGGTCCAAATGCTC-1
313	1480	1	AGCATCAAGTGATTCC-1_1	GGAACCCCACCTGTGG-1
314	1872	0.6875	AGCATCACAGCATCTA-1_1	TAGCTTTAGACGTCAG-1
314	78	0.1875	AGCATCACAGCATCTA-1_1	AACCTGATCAGGTCTA-1
316	2095	0	AGCATCAGTAGTCTGT-1_1	TGATGCATCCAGCACG-1
317	1934	0.625	AGCCAATAGACTACGG-1_1	TCAAGCACACGACGAA-1
317	1810	0.5	AGCCAATAGACTACGG-1_1	TACGCCTGTATCTCAG-1
318	1624	0.375	AGCCAATAGGTCGCCT-1_1	GTAGGAGAGAACCATA-1
320	1586	0.75	AGCCAATGTGATACCT-1_1	GGTCATATCCATATCT-1
320	1231	0.5	AGCCAATGTGATACCT-1_1	GATCGTAAGGCCTCGT-1
321	300	0.6875	AGCCACGCACATAACC-1_1	ACTACGATCACATTCT-1
322	681	1	AGCCACGCAGAGTAAT-1_1	CAGCTGGTCCTATCCG-1
322	1691	0.25	AGCCACGCAGAGTAAT-1_1	GTGGCGTAGAGCTGTG-1
323	914	0.4375	AGCCAGCCAAGTCCCG-1_1	CGTACAAGTCCTTCAC-1
323	1813	0.25	AGCCAGCCAAGTCCCG-1_1	TACGCCTGTTTAGACC-1
324	538	0.4375	AGCCAGCTCCGACATA-1_1	ATTACCTGTCCGTGCA-1
324	2334	0.625	AGCCAGCTCCGACATA-1_1	TTGCAGATCCTAGAGT-1
326	2010	0.625	AGCGATTAGACAACTA-1_1	TCCAGAAGTACTAGAA-1
326	372	0.875	AGCGATTAGACAACTA-1_1	AGCCTTCCAGGTGGTA-1
327	1665	0.25	AGCGATTGTGACACAG-1_1	GTGACATGTTGGGAAC-1
328	1441	0.625	AGCGATTTCCCGATCT-1_1	GCTCAGGCAGGCAGAT-1
328	436	0.25	AGCGATTTCCCGATCT-1_1	AGTCCGGTCCTAAGTG-1
328	1567	0.625	AGCGATTTCCCGATCT-1_1	GGGTGTCCACGCGATC-1
329	133	0.5625	AGCGCCAAGAACAAGG-1_1	AAGGAGCTCGTGGCGT-1
331	2336	0.375	AGCGCCAGTGGGCTTC-1_1	TTGCCCAAGAACAGGA-1
331	1902	0.875	AGCGCCAGTGGGCTTC-1_1	TATCGAGTCCAAACCA-1
334	22	0.5625	AGCGCTGAGTTAGTGA-1_1	AAAGATGGTGAAACAT-1
335	113	0.25	AGCGCTGCAATTGCGT-1_1	AACTTGGGTATTCGCA-1
337	2156	0.5	AGCGCTGTCCGGGACT-1_1	TGGCAATAGCATTGGG-1
337	84	0.875	AGCGCTGTCCGGGACT-1_1	AACCTTTTCCTATCAT-1
337	856	0.5625	AGCGCTGTCCGGGACT-1_1	CGATGATAGAGGAATG-1
337	1303	0.75	AGCGCTGTCCGGGACT-1_1	GCAGCCACAGGCACAA-1
338	726	1	AGCGTATAGAGAGAAC-1_1	CATGTTTCAAGCAACG-1
338	732	0.3125	AGCGTATAGAGAGAAC-1_1	CATTCATTCAGTAGTC-1
338	2268	0.4375	AGCGTATAGAGAGAAC-1_1	TTAGCTTTCCATGACA-1
338	1966	0.1875	AGCGTATAGAGAGAAC-1_1	TCACCACGTTATAGAG-1
338	636	0.75	AGCGTATAGAGAGAAC-1_1	CACCTGTTCCAACGCG-1
339	559	1	AGCGTATAGCAGCCCT-1_1	ATTTGTCCAGGTCCTG-1
339	1308	1	AGCGTATAGCAGCCCT-1_1	GCAGCTGCACCTGAAT-1
340	146	1	AGCGTATTCGGAACTT-1_1	AATGGAACACTCAGCG-1
340	372	0.875	AGCGTATTCGGAACTT-1_1	AGCCTTCCAGGTGGTA-1
341	326	0.6875	AGCGTATTCTCTAAGG-1_1	AGACAAAAGGAGGCGA-1
342	29	0.875	AGCTACAGTGGCTGAA-1_1	AAAGGGCAGACAGTGC-1
342	822	0.375	AGCTACAGTGGCTGAA-1_1	CCTAAAGGTCACAGGA-1
342	1662	0.375	AGCTACAGTGGCTGAA-1_1	GTGACATAGCGATACG-1
342	635	0.3125	AGCTACAGTGGCTGAA-1_1	CACCTGTTCAAACCCA-1
343	61	0.3125	AGCTCAAAGCTTCATG-1_1	AACCAACAGAGTTTGA-1
344	54	0.625	AGCTCAATCATTCCTA-1_1	AACAGTCGTAGGTGAC-1
344	903	0.25	AGCTCAATCATTCCTA-1_1	CGGACTGTCTGAACGT-1
344	1508	0.1875	AGCTCAATCATTCCTA-1_1	GGAGGATTCCGCCTAT-1
346	106	0.375	AGCTTCCGTCACTCGG-1_1	AACTGTGAGGAGTACC-1
346	324	0.6875	AGCTTCCGTCACTCGG-1_1	ACTTTCACAGCGTAGA-1
347	1627	1	AGCTTCCTCGCAGTCG-1_1	GTAGGAGTCTCGTAGA-1
347	1743	0.3125	AGCTTCCTCGCAGTCG-1_1	TAAACCGTCGTGATAC-1
347	781	0.875	AGCTTCCTCGCAGTCG-1_1	CCCGTTATCCGGCTGA-1
348	2044	0.5625	AGCTTCCTCGCTCATC-1_1	TCGGGACGTCGTAATC-1
348	780	0.375	AGCTTCCTCGCTCATC-1_1	CCCGTTAGTCTCGGGT-1
349	1425	0.5	AGGAAATGTAGCGTCC-1_1	GCGGTGTTCGGGCTCA-1
350	1929	0.5	AGGAATAAGTGCGCTC-1_1	TCAAGACCAATTGGCT-1
350	1855	0.25	AGGAATAAGTGCGCTC-1_1	TAGCATGCACGGCCAT-1
350	1744	0.1875	AGGAATAAGTGCGCTC-1_1	TAAACCGTCTCCACTG-1
351	1131	0.9375	AGGACGACACCGCTGA-1_1	GAACTTGGTAGTGATA-1
351	1050	0.4375	AGGACGACACCGCTGA-1_1	CTTAATCTCTGGCACG-1
351	1735	0.4375	AGGACGACACCGCTGA-1_1	GTTGGTACACGCGTTG-1
351	1003	0.375	AGGACGACACCGCTGA-1_1	CTCTCAGAGAATGCTA-1
352	42	0.5625	AGGACGACACTCAGAT-1_1	AAATGCCAGGCACCTC-1
354	208	0.5	AGGACTTCACCGTGAC-1_1	ACAGGCCCAACTCGTA-1
354	1497	0.375	AGGACTTCACCGTGAC-1_1	GGACACCGTCCCGTGA-1
360	479	0.0625	AGGATCTAGCACTTTG-1_1	ATATTCCTCGCTTCAC-1
360	1614	0.375	AGGATCTAGCACTTTG-1_1	GTAATCGCATGGCCTG-1
360	2285	0.1875	AGGATCTAGCACTTTG-1_1	TTCATTGAGAACTAAC-1
360	1794	0.125	AGGATCTAGCACTTTG-1_1	TACCTATCAGGTAGCA-1
361	365	0.6875	AGGATCTCATCTTCGC-1_1	AGCCTGGGTGCAAGAC-1
362	344	0.1875	AGGCATTAGGAACGTC-1_1	AGCCAGCTCGCTGATA-1
363	1004	0.75	AGGCATTCAGAAATTG-1_1	CTCTCAGAGTTCCAGT-1
364	1947	0	AGGCATTCAGTAACGG-1_1	TCAATTCCAGTAACCT-1
365	2201	0.625	AGGCATTTCGAGCCTG-1_1	TGTAGCATCTGCGTCT-1
366	434	0.375	AGGCCACTCGCAGATT-1_1	AGTCCGGCATAGATAG-1
366	360	0.4375	AGGCCACTCGCAGATT-1_1	AGCCGCATCCACCTAC-1
367	1093	0.625	AGGCCACTCGTTAGTG-1_1	CTTTGCGGTCATAAGA-1
367	315	0.5625	AGGCCACTCGTTAGTG-1_1	ACTGCGGGTTCTTTCA-1
367	1013	0.4375	AGGCCACTCGTTAGTG-1_1	CTGAATGCAAAGAGAG-1
368	237	0.25	AGGCTGCAGCTGACAG-1_1	ACCCAAAGTACGAGAC-1
369	2059	0.25	AGGCTGCCAATGCTCA-1_1	TCTCAGCTCGGATCGC-1
369	781	1	AGGCTGCCAATGCTCA-1_1	CCCGTTATCCGGCTGA-1
370	337	0.4375	AGGCTGCTCTCTCAAT-1_1	AGATTCGAGTGTAATG-1
370	1512	0.3125	AGGCTGCTCTCTCAAT-1_1	GGAGTAGCAGCAATGG-1
370	741	0	AGGCTGCTCTCTCAAT-1_1	CATTGGATCTTACCTA-1
370	28	0.0625	AGGCTGCTCTCTCAAT-1_1	AAAGGATTCATAGGTC-1
370	76	0.125	AGGCTGCTCTCTCAAT-1_1	AACCTGACATTCACGA-1
371	1905	0.3125	AGGGAGTAGCGGGTTA-1_1	TATCTGTAGATCCGAG-1
371	1227	0.5	AGGGAGTAGCGGGTTA-1_1	GATCATGCAAAGAAGG-1
372	1723	0.1875	AGGGAGTAGGACTAAT-1_1	GTTATTCAGTAACTCC-1
373	735	0.4375	AGGGCCTTCAATCAGC-1_1	CATTCCGAGCTATCCA-1
374	95	0.3125	AGGGCTCTCAATCCGA-1_1	AACGGGACACGCGTTG-1
374	875	0.5625	AGGGCTCTCAATCCGA-1_1	CGCGCAAAGATAGGTT-1
375	1830	0.375	AGGGCTCTCCTCATAT-1_1	TACTCGCCACGATTAC-1
375	225	0.4375	AGGGCTCTCCTCATAT-1_1	ACCAAACGTAACGTAA-1
376	782	0.125	AGGGCTCTCGCAATGT-1_1	CCCGTTATCTATGAGC-1
377	690	0.3125	AGGGTCCAGCACGATG-1_1	CAGGGCTTCCGTGCAG-1
377	1167	0.375	AGGGTCCAGCACGATG-1_1	GACCGACCAAACTACC-1
378	2218	0.625	AGGGTCCCAGCGACCT-1_1	TGTTAGGGTTCCGGCA-1
379	1845	0.5625	AGGGTGACAAACTGCT-1_1	TAGCACAGTAGTAACA-1
379	1621	0.5625	AGGGTGACAAACTGCT-1_1	GTAGACTCAATTAGGA-1
380	1451	0.4375	AGGGTGACAATGAGCG-1_1	GCTCGAGAGCGCCTAC-1
381	1729	0.4375	AGGGTGACATAAGATG-1_1	GTTCAAGGTTACCCAA-1
381	2310	0.9375	AGGGTGACATAAGATG-1_1	TTCTGTAGTATGTTCG-1
381	1789	0.375	AGGGTGACATAAGATG-1_1	TACCCTGAGAGAGTTT-1
382	1913	0.375	AGGGTTTAGCCTCTTC-1_1	TATCTGTTCGGTGATT-1
382	213	0.375	AGGGTTTAGCCTCTTC-1_1	ACATGCAAGCAGAATT-1
382	586	0.25	AGGGTTTAGCCTCTTC-1_1	CAACGTACACTAAACC-1
382	726	0.5625	AGGGTTTAGCCTCTTC-1_1	CATGTTTCAAGCAACG-1
384	2102	0.4375	AGGGTTTAGGGTTAGC-1_1	TGATTTCTCGGATAAA-1
384	455	0.4375	AGGGTTTAGGGTTAGC-1_1	AGTTACGAGTGTCACT-1
385	1410	0.625	AGGGTTTGTCGCTCGA-1_1	GCGGAAACAGGACCTC-1
385	837	0.1875	AGGGTTTGTCGCTCGA-1_1	CCTTAATAGACCAATA-1
385	1697	0.5625	AGGGTTTGTCGCTCGA-1_1	GTGGCGTTCGGCTATA-1
386	449	0.9375	AGGGTTTGTGCGCTCA-1_1	AGTGCGCTCAATTCCT-1
386	381	0.5	AGGGTTTGTGCGCTCA-1_1	AGCGATTTCAGCGGTC-1
387	1739	0.5	AGGTAGGTCAGATTGC-1_1	TAAACCGGTTGTATCG-1
387	886	0.75	AGGTAGGTCAGATTGC-1_1	CGCTATCAGGAGACTC-1
388	1885	0.5625	AGGTCATCATATTCGG-1_1	TAGGTCATCTTACGGA-1
388	102	0.0625	AGGTCATCATATTCGG-1_1	AACTGGTGTTAGTAGA-1
389	877	0.5625	AGGTCTAAGCGTGAAC-1_1	CGCGCAAGTCCGTAGC-1
389	1004	0.625	AGGTCTAAGCGTGAAC-1_1	CTCTCAGAGTTCCAGT-1
390	2185	0.3125	AGGTCTACAATTGCAC-1_1	TGGTCCTCAATGACTC-1
390	374	0.3125	AGGTCTACAATTGCAC-1_1	AGCCTTCTCAGAGTGG-1
391	1800	0.8125	AGGTCTAGTATACAGA-1_1	TACCTCGGTGTTGTTG-1
393	1910	1	AGGTCTATCGACCACG-1_1	TATCTGTGTATCACAC-1
397	619	0.875	AGGTTACAGTGTTCAC-1_1	CACATGAGTCATTGGT-1
397	1135	0.875	AGGTTACAGTGTTCAC-1_1	GAACTTGTCGCAGATT-1
398	934	1	AGGTTGTAGGCATGCA-1_1	CTAACTTGTCTCTGGG-1
398	314	1	AGGTTGTAGGCATGCA-1_1	ACTGCGGCATTAGCCA-1
399	1920	0.4375	AGGTTGTGTAATGATG-1_1	TATGTTCGTGCTTGAT-1
399	325	0.5625	AGGTTGTGTAATGATG-1_1	ACTTTCATCACGTCAA-1
399	359	0.3125	AGGTTGTGTAATGATG-1_1	AGCCGCACATATAGAG-1
400	1169	1	AGGTTGTGTACGAGTG-1_1	GACCGACTCCCTACCA-1
401	675	1	AGGTTGTGTTTACGAC-1_1	CAGCTGGAGTAATGTG-1
401	2336	0.4375	AGGTTGTGTTTACGAC-1_1	TTGCCCAAGAACAGGA-1
401	2014	0.4375	AGGTTGTGTTTACGAC-1_1	TCCATCGGTCAACTGT-1
401	1822	0.375	AGGTTGTGTTTACGAC-1_1	TACGGATTCAGGGTTT-1
402	1133	0.75	AGTAACCAGAGGTTTA-1_1	GAACTTGGTCAGACGA-1
402	800	0.125	AGTAACCAGAGGTTTA-1_1	CCCTCTCGTAGTGATA-1
403	887	1	AGTAACCAGCACTAGG-1_1	CGCTATCAGGTGATGC-1
403	1118	1	AGTAACCAGCACTAGG-1_1	GAACCGCTCTATGAGC-1
403	873	0.6875	AGTAACCAGCACTAGG-1_1	CGCAGGTCAGCTTACA-1
404	1549	1	AGTAACCGTGAGCGAT-1_1	GGCGTTGGTTGTATCG-1
404	1749	1	AGTAACCGTGAGCGAT-1_1	TAACGGTAGCGTAGCA-1
405	1668	0.375	AGTAACCTCCACCTCA-1_1	GTGATCACAAGGAGGG-1
406	171	0.5	AGTACCACACCCTATC-1_1	ACAAACCGTATTCTTC-1
407	593	0.375	AGTACCATCGACTCCT-1_1	CAAGAAACAGGCATTT-1
407	1021	0.6875	AGTACCATCGACTCCT-1_1	CTGCGTTTCAGCGGTC-1
408	265	0.25	AGTACTGAGTCTGTAC-1_1	ACGTGGCCAGATACAA-1
409	1080	0.5625	AGTACTGCAGGTCCGT-1_1	CTTGTCGAGACACTTC-1
410	218	0.25	AGTAGCTCACGACCTG-1_1	ACATGGTAGTTCCAGT-1
410	2082	0.125	AGTAGCTCACGACCTG-1_1	TGAGTCAGTTTCGTTT-1
410	1119	0.1875	AGTAGCTCACGACCTG-1_1	GAACCTAAGACTTCCA-1
410	1712	0.875	AGTAGCTCACGACCTG-1_1	GTGTGATTCTGAACGT-1
411	878	0.875	AGTAGCTCATTGCTGA-1_1	CGCGCAAGTGATGCGA-1
412	1847	0.4375	AGTAGTCAGATGTTCC-1_1	TAGCACATCAGGATCT-1
412	792	0.4375	AGTAGTCAGATGTTCC-1_1	CCCTAGTAGTTCGACT-1
412	2207	0.25	AGTAGTCAGATGTTCC-1_1	TGTGGCGTCGCTTACC-1
413	633	0.5	AGTAGTCTCACCGGTG-1_1	CACCTGTCACGTGAAG-1
413	1965	0.375	AGTAGTCTCACCGGTG-1_1	TCACCACCATTACACG-1
414	30	0.9375	AGTCAACCATGACCCG-1_1	AAAGGGCAGGATCCTT-1
414	1847	0.25	AGTCAACCATGACCCG-1_1	TAGCACATCAGGATCT-1
414	323	0.25	AGTCAACCATGACCCG-1_1	ACTTCCGTCTTGTACT-1
414	94	0.25	AGTCAACCATGACCCG-1_1	AACGGGACAATTCAGC-1
415	171	0.0625	AGTCACAAGTATGAGT-1_1	ACAAACCGTATTCTTC-1
415	144	1	AGTCACAAGTATGAGT-1_1	AATGCCAGTCATTGCA-1
417	1868	0.9375	AGTCACATCTACTGCC-1_1	TAGCCGGGTCTAAGAA-1
417	53	0.9375	AGTCACATCTACTGCC-1_1	AACAGTCGTAAACCCT-1
417	1419	0.5625	AGTCACATCTACTGCC-1_1	GCGGGTTTCCAATCCC-1
417	1603	0.625	AGTCACATCTACTGCC-1_1	GGTTGCGCAAATTGAG-1
418	44	0.4375	AGTCATGAGCATACTC-1_1	AAATGCCTCCAACGCG-1
418	110	0.9375	AGTCATGAGCATACTC-1_1	AACTTGGAGGCGTCCT-1
418	394	0.375	AGTCATGAGCATACTC-1_1	AGCTATGGTCTGATTG-1
418	1296	0.6875	AGTCATGAGCATACTC-1_1	GCAGATTCACTCCTCA-1
419	1808	0.6875	AGTCATGGTAGACAGC-1_1	TACGCCTAGAGAATTC-1
419	2357	0.6875	AGTCATGGTAGACAGC-1_1	TTGCTTATCACTTACT-1
421	11	1	AGTCATGTCGATCCAA-1_1	AAACTCGGTGCGCTCA-1
421	399	1	AGTCATGTCGATCCAA-1_1	AGCTGATTCCCTAAAG-1
422	847	0.75	AGTCTCCCACAGCTGC-1_1	CCTTGGTCACAAGGGT-1
422	864	0.0625	AGTCTCCCACAGCTGC-1_1	CGATGATGTTTGAAGA-1
422	1469	0.125	AGTCTCCCACAGCTGC-1_1	GCTTAAGTCTCGCGTT-1
423	718	0.25	AGTCTCCGTGACAGCA-1_1	CATGCCTAGTTCGCGC-1
423	1520	0.25	AGTCTCCGTGACAGCA-1_1	GGATAGGGTTGGCTTA-1
423	2106	0.625	AGTCTCCGTGACAGCA-1_1	TGCATGACATGATTGC-1
424	31	0.25	AGTCTCCTCAGCTTGA-1_1	AAAGGGCCACCGTCTT-1
425	2394	0.75	AGTGACTAGTGGACTG-1_1	TTTGGCCTCGAGGTAG-1
425	1704	1	AGTGACTAGTGGACTG-1_1	GTGTCCTTCACTACCC-1
425	870	0	AGTGACTAGTGGACTG-1_1	CGCAATAGTATCACAC-1
426	674	1	AGTGACTGTCTTCGAA-1_1	CAGCTAATCTTTATCG-1
428	1560	0.0625	AGTGATCGTAGCTCGC-1_1	GGGCCATGTTAGGAAT-1
428	476	0.25	AGTGATCGTAGCTCGC-1_1	ATATTCCAGAGGAACA-1
428	356	0.3125	AGTGATCGTAGCTCGC-1_1	AGCCGCAAGTAGTGTA-1
430	1981	0.875	AGTGCCGCAACCGCCA-1_1	TCAGCTCTCCCAGCAG-1
430	2099	0.4375	AGTGCCGCAACCGCCA-1_1	TGATTTCGTCTGTCCT-1
431	1557	1	AGTGCCGCACGCTATA-1_1	GGGCCATCAAGGCTTT-1
433	1694	0.5625	AGTGTTGTCGGAGCAA-1_1	GTGGCGTCAAGCTTTG-1
435	1509	0.375	AGTTCCCAGGATGTTA-1_1	GGAGGATTCGTGCTGG-1
436	1437	0.0625	AGTTCCCGTAGTAAGT-1_1	GCTCACTCATTGTTCT-1
436	1873	0.5	AGTTCCCGTAGTAAGT-1_1	TAGCTTTCAAAGAGAG-1
437	1714	0.375	AGTTCGACAATAGTGA-1_1	GTTACGAGTACGGAGT-1
438	1416	0.625	AGTTCGATCGCAGAGA-1_1	GCGGGTTCAATCCATG-1
440	1984	0.3125	ATACCGACACCTCTGT-1_1	TCAGGTAAGTGATTAG-1
441	1885	0.25	ATACCGATCGTGGTAT-1_1	TAGGTCATCTTACGGA-1
443	113	0.1875	ATACCTTTCTCACCCA-1_1	AACTTGGGTATTCGCA-1
443	985	0.4375	ATACCTTTCTCACCCA-1_1	CTCGCTAAGAGACTCG-1
444	484	0.5	ATACTTCAGCGCCCAT-1_1	ATCCCTGAGCAGTAGC-1
444	2325	0.6875	ATACTTCAGCGCCCAT-1_1	TTGAGTGTCTAGCAGT-1
444	303	0.3125	ATACTTCAGCGCCCAT-1_1	ACTAGGTGTGATAAGT-1
445	287	0.25	ATACTTCCAAGTGTCT-1_1	ACTACCCCAATGATGA-1
445	1752	0.1875	ATACTTCCAAGTGTCT-1_1	TAACGGTGTCATCGTA-1
445	1590	0.8125	ATACTTCCAAGTGTCT-1_1	GGTGAAGGTGCCCTAG-1
445	1038	0.375	ATACTTCCAAGTGTCT-1_1	CTGTATTAGCCTTTGA-1
446	1633	0.9375	ATACTTCCAGGTTCGC-1_1	GTCACCTAGCTTACCA-1
447	1479	0.5625	ATACTTCGTGCATACT-1_1	GGAACCCAGGTTACAA-1
448	71	0.4375	ATACTTCTCATCGCCT-1_1	AACCGATGTTTGATCG-1
448	2096	0.0625	ATACTTCTCATCGCCT-1_1	TGATGCATCTAAGGTC-1
449	1453	0.6875	ATACTTCTCGCCGTGA-1_1	GCTCGAGCACCCTTAC-1
449	188	0.4375	ATACTTCTCGCCGTGA-1_1	ACAATCGGTTGGCGAA-1
450	2132	0.9375	ATAGACCGTGTTTCTT-1_1	TGCTCGTGTCTCTAAG-1
450	2071	0.0625	ATAGACCGTGTTTCTT-1_1	TGACTCCTCGTTCTAT-1
451	2012	0.75	ATAGAGATCTAGACAC-1_1	TCCATCGAGTCCGTGC-1
451	106	0.25	ATAGAGATCTAGACAC-1_1	AACTGTGAGGAGTACC-1
452	1157	0.8125	ATAGGCTCACGGCCAT-1_1	GACCAATTCGTGCTTC-1
452	1493	0.625	ATAGGCTCACGGCCAT-1_1	GGAATCTTCGTATAGC-1
452	501	0.5625	ATAGGCTCACGGCCAT-1_1	ATCCTGCTCAGTCACA-1
454	254	0.625	ATATCCTCAGGAATAT-1_1	ACCGGGTTCAGGTTTG-1
454	31	0.25	ATATCCTCAGGAATAT-1_1	AAAGGGCCACCGTCTT-1
455	637	1	ATATCCTGTGACCGAA-1_1	CACCTGTTCTACATCT-1
455	1964	0.4375	ATATCCTGTGACCGAA-1_1	TCACCACCATCAGCTA-1
456	1999	0.6875	ATCACAGAGGTTCTAC-1_1	TCAGTCCTCGTTCTAT-1
457	2141	0.5625	ATCACAGGTAGGACCA-1_1	TGCTTTAGTCAGTGTT-1
458	1958	0.125	ATCACAGGTCCAAAGG-1_1	TCACAGAGTCAACTAC-1
458	1882	0.3125	ATCACAGGTCCAAAGG-1_1	TAGGTCACAATTGGCT-1
458	432	0.625	ATCACAGGTCCAAAGG-1_1	AGTCAACGTATCTGCA-1
458	13	0.25	ATCACAGGTCCAAAGG-1_1	AAACTGCAGAGGTGGG-1
459	1179	0.3125	ATCACAGTCTATTCGT-1_1	GACTAGTCAGGACTGA-1
459	709	0.5625	ATCACAGTCTATTCGT-1_1	CAGTGTATCCATACCC-1
459	1827	0.5	ATCACAGTCTATTCGT-1_1	TACTAGGGTCTCTGCT-1
460	1189	0.6875	ATCACAGTCTGGACTA-1_1	GAGACTTGTAGGTAAT-1
460	1629	0.4375	ATCACAGTCTGGACTA-1_1	GTAGTACGTATTGTCG-1
460	2158	0.5	ATCACAGTCTGGACTA-1_1	TGGCAATGTCACAGTT-1
460	2012	0.5	ATCACAGTCTGGACTA-1_1	TCCATCGAGTCCGTGC-1
460	2124	0.75	ATCACAGTCTGGACTA-1_1	TGCGTAATCGTATAGC-1
461	288	0.125	ATCACGAAGACCTGGA-1_1	ACTACCCCACGTTACA-1
462	311	0.1875	ATCACGAGTGCTCTTC-1_1	ACTCGGGTCCGAATTG-1
462	1021	0.5625	ATCACGAGTGCTCTTC-1_1	CTGCGTTTCAGCGGTC-1
464	891	0.3125	ATCACTTAGGGTACAC-1_1	CGCTATCCACACATGT-1
464	2282	0.3125	ATCACTTAGGGTACAC-1_1	TTCATCAGTTAGCTCA-1
465	1107	0.625	ATCACTTCAAGTTCCA-1_1	GAAATGAGTTAAGGGC-1
465	82	0.1875	ATCACTTCAAGTTCCA-1_1	AACCTTTGTTAACTCG-1
465	1763	0.4375	ATCACTTCAAGTTCCA-1_1	TAATCGGAGAACGACC-1
466	1209	0.5625	ATCATTCAGAAGCGCT-1_1	GAGGATGAGAGCCACA-1
466	1495	0.5625	ATCATTCAGAAGCGCT-1_1	GGACACCCAAGGAGGG-1
466	2145	0.3125	ATCATTCAGAAGCGCT-1_1	TGGAAGGAGTCGTACT-1
467	1699	0.5625	ATCATTCAGTCATAGA-1_1	GTGTCAACAGCGTACC-1
467	904	0.125	ATCATTCAGTCATAGA-1_1	CGGTGCAAGGACTAGC-1
468	468	0.375	ATCATTCCAATGAACA-1_1	ATAGGCTCACACTAGT-1
468	1160	0.6875	ATCATTCCAATGAACA-1_1	GACCCAGCAAGAAACT-1
469	1713	0.5	ATCATTCTCTCAGGCG-1_1	GTTACGAAGAGCAGCT-1
470	2158	0	ATCCACCCAACCAATC-1_1	TGGCAATGTCACAGTT-1
470	1385	0	ATCCACCCAACCAATC-1_1	GCGATCGGTTCCAATG-1
471	21	0.75	ATCCACCTCGACCTAA-1_1	AAAGATGCATGTGGGA-1
474	249	1	ATCCATTGTGTACGCC-1_1	ACCGGGTCAACTCCCT-1
474	2338	0.3125	ATCCATTGTGTACGCC-1_1	TTGCCCAAGGATATCA-1
475	1020	0.875	ATCCCTGCAATGAGCG-1_1	CTGCGTTTCAAGGCCC-1
475	735	0.75	ATCCCTGCAATGAGCG-1_1	CATTCCGAGCTATCCA-1
475	1767	0.4375	ATCCCTGCAATGAGCG-1_1	TAATCGGCAATCATCG-1
475	1168	0.9375	ATCCCTGCAATGAGCG-1_1	GACCGACCATAGCCGC-1
476	1025	0.5	ATCCCTGCACGCGCAT-1_1	CTGGCAGGTCGGCTGT-1
476	1921	0.4375	ATCCCTGCACGCGCAT-1_1	TATGTTCTCGACTATG-1
477	1650	0.75	ATCCCTGGTACCTAGT-1_1	GTCACTCTCGTCCCAT-1
477	1648	0.6875	ATCCCTGGTACCTAGT-1_1	GTCACTCCATCCCTTG-1
479	1866	0.5	ATCCCTGTCTCGACCT-1_1	TAGCCGGCACTCCTCA-1
479	2001	0.0625	ATCCCTGTCTCGACCT-1_1	TCAGTTTCACATGATC-1
479	1047	1	ATCCCTGTCTCGACCT-1_1	CTTAATCGTGTACGCC-1
480	1212	0.875	ATCCGTCCATATCGGT-1_1	GAGGATGGTTCTGATG-1
481	96	0.625	ATCCGTCTCTATTCGT-1_1	AACGGGAGTTCAGTTG-1
481	278	0.6875	ATCCGTCTCTATTCGT-1_1	ACGTTAGTCTATACCT-1
481	1332	0.625	ATCCGTCTCTATTCGT-1_1	GCCAGACGTAGTTTGC-1
481	1721	0.625	ATCCGTCTCTATTCGT-1_1	GTTATGGAGACCCTAT-1
483	1232	0.5625	ATCCTATCATGGCGCT-1_1	GATCGTAAGGTACATA-1
483	1937	0.625	ATCCTATCATGGCGCT-1_1	TCAAGCATCCTAGAGT-1
483	716	0.375	ATCCTATCATGGCGCT-1_1	CATGCCTAGCAGAAAG-1
483	993	0.4375	ATCCTATCATGGCGCT-1_1	CTCTACGCAAGGAAGA-1
484	1286	0.6875	ATCCTATCATGTGCCG-1_1	GCACGGTAGCTCGTTA-1
484	938	0.4375	ATCCTATCATGTGCCG-1_1	CTAACTTTCGCGCTGA-1
484	1991	0.75	ATCCTATCATGTGCCG-1_1	TCAGTCCAGGCTCAGA-1
485	2004	0	ATCCTATGTAGTATAG-1_1	TCAGTTTTCCCGGGTA-1
486	2010	1	ATCCTATGTCAGCTTA-1_1	TCCAGAAGTACTAGAA-1
486	1533	0.4375	ATCCTATGTCAGCTTA-1_1	GGCATTAGTGAGTCGA-1
486	688	0.0625	ATCCTATGTCAGCTTA-1_1	CAGGGCTGTATTCGCA-1
486	457	0.0625	ATCCTATGTCAGCTTA-1_1	AGTTACGTCCTAAAGC-1
487	1872	0.9375	ATCCTATGTCCAGCCA-1_1	TAGCTTTAGACGTCAG-1
488	1822	0.375	ATCCTATGTGCGCTCA-1_1	TACGGATTCAGGGTTT-1
488	1109	0.4375	ATCCTATGTGCGCTCA-1_1	GAAATGATCGATATGC-1
489	1239	0.3125	ATCCTATGTTGTCTAG-1_1	GATCGTAGTGAATACA-1
489	1405	0.875	ATCCTATGTTGTCTAG-1_1	GCGCCAAGTTTGACCA-1
489	1100	0.4375	ATCCTATGTTGTCTAG-1_1	GAAACAATCCTCCTGA-1
489	99	0.5	ATCCTATGTTGTCTAG-1_1	AACGTACTCCCAGTAA-1
490	779	0.5	ATCCTATTCGCGGTAC-1_1	CCCGTTACAAGGATGC-1
490	1662	0.625	ATCCTATTCGCGGTAC-1_1	GTGACATAGCGATACG-1
490	181	0.25	ATCCTATTCGCGGTAC-1_1	ACAAGCTTCACGATTG-1
492	817	0.25	ATCGATGTCGTTGCCT-1_1	CCGTGAGAGATCGATA-1
492	753	1	ATCGATGTCGTTGCCT-1_1	CCAGAATGTATGCTAC-1
493	2271	0.8125	ATCGCCTCAACACAAA-1_1	TTAGGTGCAGGCACAA-1
493	886	1	ATCGCCTCAACACAAA-1_1	CGCTATCAGGAGACTC-1
497	1067	0.75	ATCGTAGAGCGACAGT-1_1	CTTGCCAAGAGCGAAA-1
497	2319	0.75	ATCGTAGAGCGACAGT-1_1	TTGAGCAAGTCCAGAG-1
498	1424	0.6875	ATCGTAGAGGTCCTGC-1_1	GCGGTGTGTTCCCTTG-1
498	1416	0.75	ATCGTAGAGGTCCTGC-1_1	GCGGGTTCAATCCATG-1
499	7	0.375	ATCGTAGTCTCAAAGC-1_1	AAACGAATCTGACTTT-1
499	2217	0.3125	ATCGTAGTCTCAAAGC-1_1	TGTTAGGGTGGTCGAA-1
499	1989	0.0625	ATCGTAGTCTCAAAGC-1_1	TCAGGTATCTTCTTCC-1
501	698	0.5625	ATCGTCCTCCGCGATG-1_1	CAGTGCGCAACTACTG-1
501	1087	0.375	ATCGTCCTCCGCGATG-1_1	CTTGTCGGTCCAAGTT-1
503	1320	0.25	ATCGTCCTCGCTACGG-1_1	GCATTGAAGACACTTC-1
503	2202	0.125	ATCGTCCTCGCTACGG-1_1	TGTGACATCCTTACGC-1
503	466	0.375	ATCGTCCTCGCTACGG-1_1	ATAGGCTAGAAGCCTG-1
504	1157	0.5625	ATCGTGAAGAAATTCG-1_1	GACCAATTCGTGCTTC-1
504	585	0.5	ATCGTGAAGAAATTCG-1_1	CAACGGCTCTTGTACT-1
505	429	0.8125	ATCGTGAAGCGTGTTT-1_1	AGGCGTCGTCTCTAAG-1
505	387	0.75	ATCGTGAAGCGTGTTT-1_1	AGCGTATTCGCATACA-1
505	2174	0.5	ATCGTGAAGCGTGTTT-1_1	TGGGTGCTCCTCATTA-1
506	1081	0.4375	ATCGTGAGTAACAGTA-1_1	CTTGTCGAGACTTCCA-1
506	1261	0.4375	ATCGTGAGTAACAGTA-1_1	GCAAAGGAGACTAGCG-1
506	1407	0.375	ATCGTGAGTAACAGTA-1_1	GCGCCAATCTTCTTCC-1
507	1506	0.375	ATCTCTACATCCAACA-1_1	GGAGGATGTCACATTG-1
507	832	0.375	ATCTCTACATCCAACA-1_1	CCTGGGAAGTGAGTTA-1
508	196	0.375	ATCTTCACAGATTTCG-1_1	ACAGAAATCCCGTAGG-1
509	757	0.875	ATGAAAGAGTACTCGT-1_1	CCAGATAGTCATGAGG-1
509	1528	1	ATGAAAGAGTACTCGT-1_1	GGATGAGCATGCGACC-1
509	514	0.5	ATGAAAGAGTACTCGT-1_1	ATGGATCCATCCTGGG-1
510	658	0.375	ATGAAAGGTACGTAGG-1_1	CACTGAACACGTTGTA-1
510	815	0.0625	ATGAAAGGTACGTAGG-1_1	CCGTAGGGTACCGGCT-1
510	397	0.125	ATGAAAGGTACGTAGG-1_1	AGCTGATGTGTCGTCG-1
511	600	0.125	ATGAAAGGTTAGTTCG-1_1	CAAGGCCCAAGGATGC-1
516	1600	1	ATGAGGGCATATGGCT-1_1	GGTGTCGTCCATATCT-1
516	188	0.75	ATGAGGGCATATGGCT-1_1	ACAATCGGTTGGCGAA-1
516	1468	0.6875	ATGAGGGCATATGGCT-1_1	GCTTAAGTCACATTCT-1
516	2027	0.5	ATGAGGGCATATGGCT-1_1	TCGATTTAGCATTCCA-1
518	1684	0.5	ATGAGGGTCATGGGAG-1_1	GTGCTGGAGCTGAATA-1
518	184	0.25	ATGAGGGTCATGGGAG-1_1	ACAAGCTTCCTCCTGA-1
519	486	0.5	ATGAGGGTCCTGTACC-1_1	ATCCCTGCATGTAGAA-1
519	2	0.5	ATGAGGGTCCTGTACC-1_1	AAACGAAAGAGTGGAA-1
520	1545	0.375	ATGAGTCCACAGTACT-1_1	GGCGTTGGTCGAGGAT-1
520	1511	0.125	ATGAGTCCACAGTACT-1_1	GGAGTAGCAAGACACG-1
521	1252	0.4375	ATGAGTCGTGAGATAT-1_1	GATGGCCTCTATAGGC-1
521	2178	0.4375	ATGAGTCGTGAGATAT-1_1	TGGGTTACAGGGTACA-1
522	2256	0.5	ATGAGTCGTTCAATCG-1_1	TTAGCGACAACAAACA-1
523	1716	0.0625	ATGATCGCACGTAGAG-1_1	GTTACTTAGCTGAGGT-1
524	251	0.5625	ATGATCGCATAGCACT-1_1	ACCGGGTGTAAGCCGA-1
524	1170	0.5	ATGATCGCATAGCACT-1_1	GACCTTCCAATAGCGG-1
525	452	0.125	ATGATCGGTCTATGAC-1_1	AGTGTACTCGGCTATA-1
526	674	1	ATGCATGAGCCTCACG-1_1	CAGCTAATCTTTATCG-1
526	495	1	ATGCATGAGCCTCACG-1_1	ATCCTCGTCGGATAGG-1
526	1733	0.125	ATGCATGAGCCTCACG-1_1	GTTGGGCCAACTGCGC-1
527	1178	0.125	ATGCATGAGTCTAGCT-1_1	GACTAGTAGGTTCGTT-1
527	1470	0.4375	ATGCATGAGTCTAGCT-1_1	GCTTGCTCACAAGGGT-1
527	2088	0.1875	ATGCATGAGTCTAGCT-1_1	TGATCAGTCGGTTGTA-1
528	1369	0.8125	ATGCATGTCAAATGCC-1_1	GCGAGAAGTCTGGTTA-1
530	2103	0.875	ATGCCTCTCACCACAA-1_1	TGATTTCTCGGTCTAA-1
532	1474	0.25	ATGGAGGAGACATCAA-1_1	GCTTTCGAGGTCTTTG-1
533	1125	0.875	ATGGAGGTCCTGGCTT-1_1	GAACGTTCACAGTTCA-1
534	2096	0.375	ATGGATCGTCGAATTC-1_1	TGATGCATCTAAGGTC-1
534	2358	0.8125	ATGGATCGTCGAATTC-1_1	TTGGTCCAGCTGATTC-1
534	1172	0.25	ATGGATCGTCGAATTC-1_1	GACCTTCCACCGTTGG-1
535	1133	0.6875	ATGGATCGTTGCAACT-1_1	GAACTTGGTCAGACGA-1
535	409	0.625	ATGGATCGTTGCAACT-1_1	AGGACGAGTCCTTCAC-1
536	1105	0.4375	ATGGGAGGTTGCATCA-1_1	GAAATGACAGGTCTGC-1
539	1255	1	ATGGGTTCATCTTCGC-1_1	GATTAGCGTTTCTACT-1
540	984	0.3125	ATGGGTTTCCCAAGTA-1_1	CTCCCAAGTTCCTGTC-1
540	689	0.375	ATGGGTTTCCCAAGTA-1_1	CAGGGCTGTCACATTG-1
541	2205	0.125	ATGGTTGCACACACGC-1_1	TGTGGCGCATCGAGTT-1
542	1457	0.5	ATGGTTGGTACCTATG-1_1	GCTCGAGTCGTGTGCG-1
543	930	0.0625	ATGTCCCAGCCACTCG-1_1	CGTTCCAGTGCTTACA-1
543	2073	0.375	ATGTCCCAGCCACTCG-1_1	TGAGCCGGTTAAGGGC-1
544	762	1	ATGTCCCCACTGCATA-1_1	CCAGATATCTTTCGAT-1
545	1237	0.875	ATGTCTTAGACAGCTG-1_1	GATCGTAGTACTAGAA-1
545	1778	0.375	ATGTCTTAGACAGCTG-1_1	TAATTCCGTCCGTGCA-1
545	783	0.6875	ATGTCTTAGACAGCTG-1_1	CCCTAACAGGTAGGCT-1
545	2348	0.4375	ATGTCTTAGACAGCTG-1_1	TTGCGGGTCGACCCGA-1
546	1289	0.6875	ATGTCTTCACGCCACA-1_1	GCACGGTGTAATGTGA-1
546	1991	0.375	ATGTCTTCACGCCACA-1_1	TCAGTCCAGGCTCAGA-1
548	1220	0.25	ATGTCTTCAGAATTCC-1_1	GAGGTCCGTGGACAGT-1
549	401	0.375	ATGTCTTTCGGAGTGA-1_1	AGCTGTAAGGTTAACA-1
549	1560	0.75	ATGTCTTTCGGAGTGA-1_1	GGGCCATGTTAGGAAT-1
550	765	0.875	ATGTCTTTCGTTAGTG-1_1	CCATACCGTAGCGGTA-1
551	1164	0.875	ATGTCTTTCTTAGCCC-1_1	GACCCAGGTCCGTAGC-1
551	622	0.4375	ATGTCTTTCTTAGCCC-1_1	CACCACTAGACACAAT-1
552	126	1	ATTACCTTCAAGAAAC-1_1	AAGGAGCCATGGCCGT-1
552	1218	0.625	ATTACCTTCAAGAAAC-1_1	GAGGTCCCATCTCTCG-1
552	663	1	ATTACCTTCAAGAAAC-1_1	CACTGAATCGCGCCAA-1
552	2144	0.6875	ATTACCTTCAAGAAAC-1_1	TGCTTTATCGCCTTAC-1
552	666	1	ATTACCTTCAAGAAAC-1_1	CAGCCTTGTGGCATAG-1
554	778	0.6875	ATTACTCCATGGGTTT-1_1	CCCGTTAAGGCCTCTG-1
556	379	0.4375	ATTATCCCAAGTTTGC-1_1	AGCGATTGTCGCGCTA-1
556	1209	0.3125	ATTATCCCAAGTTTGC-1_1	GAGGATGAGAGCCACA-1
556	1915	0.0625	ATTATCCCAAGTTTGC-1_1	TATGTGGAGCATTGGG-1
558	1358	0.5	ATTATCCCATGGGTCC-1_1	GCCTACTCACACATGT-1
558	139	0.125	ATTATCCCATGGGTCC-1_1	AATACGCTCACTCCCA-1
559	2328	0.3125	ATTATCCGTCCTCAGG-1_1	TTGCACCTCGCGTTCT-1
560	109	0.1875	ATTATCCTCAGCTTGA-1_1	AACTTGGAGAAAGGGT-1
560	318	0.5625	ATTATCCTCAGCTTGA-1_1	ACTGTCCCAGGCATCC-1
561	2293	0.125	ATTCACTAGCTACTGT-1_1	TTCGATTAGTTTACGC-1
562	1486	0.1875	ATTCACTAGTCTTCCC-1_1	GGAACTTGTATGGGTG-1
563	743	0.5	ATTCACTCATTCATCT-1_1	CCAATGACAGTCAGAG-1
563	845	0.25	ATTCACTCATTCATCT-1_1	CCTTGCATCCCAGCGA-1
564	340	0.375	ATTCACTCATTCTCTA-1_1	AGATTCGTCGGTACTA-1
565	2011	0.8125	ATTCAGGAGAGGTCGT-1_1	TCCAGAATCCATACCC-1
565	1494	0.1875	ATTCAGGAGAGGTCGT-1_1	GGACACCAGGTTTCTG-1
565	1745	0.5625	ATTCAGGAGAGGTCGT-1_1	TAACAGCAGTCGTGAG-1
566	1744	0.3125	ATTCAGGAGTATGAAC-1_1	TAAACCGTCTCCACTG-1
566	1755	0.125	ATTCAGGAGTATGAAC-1_1	TAACTTCGTCACAGGA-1
567	544	0.8125	ATTCAGGCAGGGCTTC-1_1	ATTACTCTCAGATACC-1
567	2278	0.25	ATTCAGGCAGGGCTTC-1_1	TTCAACTCACGAACGA-1
567	785	0.25	ATTCAGGCAGGGCTTC-1_1	CCCTAACCATCCCGGA-1
568	2246	0.125	ATTCAGGGTAGCCCTG-1_1	TTACTCACATGTGGGA-1
568	1689	0.25	ATTCAGGGTAGCCCTG-1_1	GTGGATTGTGAGTAAT-1
569	193	0.4375	ATTCAGGGTCAGCTTA-1_1	ACAGAAAGTACGCAAG-1
570	230	0.375	ATTCAGGTCGCCAATA-1_1	ACCATCCTCAAACCAC-1
570	1050	0.4375	ATTCAGGTCGCCAATA-1_1	CTTAATCTCTGGCACG-1
571	1590	0.5	ATTCATCAGACGCATG-1_1	GGTGAAGGTGCCCTAG-1
571	908	0.4375	ATTCATCAGACGCATG-1_1	CGTAAACAGCTCCGGT-1
571	1583	0.25	ATTCATCAGACGCATG-1_1	GGTCATACAGAACGAC-1
572	369	0.1875	ATTCATCAGGCGTTAG-1_1	AGCCTTCAGAGGCGGA-1
572	2080	0.25	ATTCATCAGGCGTTAG-1_1	TGAGTCACAGCACATT-1
573	1040	0.5	ATTCATCAGTAGGATT-1_1	CTGTATTCAGGGTAAC-1
573	215	0.1875	ATTCATCAGTAGGATT-1_1	ACATGCAAGGAAGAAC-1
575	952	0.0625	ATTCATCGTATGCGTT-1_1	CTACTTATCGATGTGT-1
575	882	0.0625	ATTCATCGTATGCGTT-1_1	CGCTAGGGTCTAAGAA-1
576	451	0.0625	ATTCCATAGACAAGCC-1_1	AGTGCGCTCTTGTCGC-1
577	1364	0.375	ATTCCCGAGCAGCAGT-1_1	GCCTAGGGTAATGCAA-1
578	1263	0.125	ATTCCCGCACGGCCAT-1_1	GCAAAGGAGGCCAATG-1
579	1358	0.875	ATTCCCGCATGTGACT-1_1	GCCTACTCACACATGT-1
580	765	0.4375	ATTCCCGGTGATACTC-1_1	CCATACCGTAGCGGTA-1
583	104	0.875	ATTCCTACATGCCATA-1_1	AACTGGTTCGTTCAGA-1
583	1993	0.1875	ATTCCTACATGCCATA-1_1	TCAGTCCCAATGACTC-1
584	993	0.25	ATTCCTAGTTCTCGTC-1_1	CTCTACGCAAGGAAGA-1
585	1531	0.5625	ATTCGTTCACTAAACC-1_1	GGCATTAAGAACAGGA-1
585	1841	0.375	ATTCGTTCACTAAACC-1_1	TAGACTGCATCAACTG-1
585	1698	0.6875	ATTCGTTCACTAAACC-1_1	GTGTCAAAGCAACGGT-1
587	1986	0.5	ATTCGTTTCATCCCGT-1_1	TCAGGTAGTGATAGAT-1
587	2303	0.375	ATTCGTTTCATCCCGT-1_1	TTCTAACAGGAACCGT-1
589	1217	0.3125	ATTCTACCAAATCAAG-1_1	GAGGTCCCAGAACAGC-1
590	389	0.5	ATTCTACCATTGCCTC-1_1	AGCGTGCCACCCATCT-1
591	1962	0.4375	ATTCTTGCACCGTACG-1_1	TCACCACAGCAGAATT-1
591	92	0.0625	ATTCTTGCACCGTACG-1_1	AACGGGAAGGACTTTC-1
592	2175	1	ATTCTTGCAGAATGTA-1_1	TGGGTTAAGCAACGGT-1
592	2162	1	ATTCTTGCAGAATGTA-1_1	TGGCCTTCAGGGTACA-1
593	2048	0.75	ATTGGGTCAATAGGAT-1_1	TCGTTCGAGGTCCTCG-1
595	1298	0.9375	ATTGTTCTCAGGTGTT-1_1	GCAGATTCATTGCACA-1
596	1563	1	ATTGTTCTCGGCATTA-1_1	GGGTCTGGTGCATTCA-1
596	1217	0.125	ATTGTTCTCGGCATTA-1_1	GAGGTCCCAGAACAGC-1
596	238	0.1875	ATTGTTCTCGGCATTA-1_1	ACCCAAATCAACTTGG-1
596	621	0.3125	ATTGTTCTCGGCATTA-1_1	CACATGATCCGTACGG-1
597	635	0.5	ATTTACCTCTCCTGTG-1_1	CACCTGTTCAAACCCA-1
598	1116	0.0625	ATTTCACAGTCAATCC-1_1	GAACCGCTCCCTACGT-1
598	653	0.1875	ATTTCACAGTCAATCC-1_1	CACTAAGCAGCCACGT-1
599	2348	0.3125	ATTTCACCACTAACGT-1_1	TTGCGGGTCGACCCGA-1
602	1673	0.75	ATTTCTGTCAAGCCTA-1_1	GTGCACGCACACACCG-1
602	648	0.75	ATTTCTGTCAAGCCTA-1_1	CACGTTCAGATGGGTC-1
602	1307	0	ATTTCTGTCAAGCCTA-1_1	GCAGCTGCACCTATTT-1
603	2042	0.625	ATTTCTGTCCAGCAAT-1_1	TCGCCTATCCGGGCAT-1
604	83	0.4375	CAAAGAAGTACGAAAT-1_1	AACCTTTTCCAGAGAG-1
604	1081	0.3125	CAAAGAAGTACGAAAT-1_1	CTTGTCGAGACTTCCA-1
604	539	0.5	CAAAGAAGTACGAAAT-1_1	ATTACCTTCTGGGCGT-1
604	2310	0.4375	CAAAGAAGTACGAAAT-1_1	TTCTGTAGTATGTTCG-1
605	1079	0.75	CAAAGAAGTGAATTGA-1_1	CTTGCTGGTCAGCTTA-1
605	1592	0.5625	CAAAGAAGTGAATTGA-1_1	GGTGAAGTCGGGCTCA-1
605	1291	0.375	CAAAGAAGTGAATTGA-1_1	GCACGGTGTGGCCTCA-1
606	767	0.3125	CAAAGAATCTTCCGTG-1_1	CCATACCTCGATGTAC-1
606	54	0.1875	CAAAGAATCTTCCGTG-1_1	AACAGTCGTAGGTGAC-1
608	325	0.4375	CAACAACTCGTAACTG-1_1	ACTTTCATCACGTCAA-1
609	385	0.9375	CAACAGTGTCGCTTGG-1_1	AGCGTATCACAAACGG-1
609	2104	1	CAACAGTGTCGCTTGG-1_1	TGCACCTAGATGGGTC-1
610	14	0.75	CAACAGTTCTCCCTAG-1_1	AAACTGCAGGAACCGT-1
611	2330	0.4375	CAACCAACAGATCCAT-1_1	TTGCAGAAGGAAGGTA-1
612	1983	0.25	CAACCAACATGTGTCA-1_1	TCAGGGCGTTTCGATG-1
613	2038	0.125	CAACCAATCGCTCTAC-1_1	TCGCCTAAGCCTGTAT-1
614	1497	0.375	CAACCTCAGGCCCGTT-1_1	GGACACCGTCCCGTGA-1
614	1784	0.625	CAACCTCAGGCCCGTT-1_1	TACATTCCATCGTACA-1
614	2176	0.3125	CAACCTCAGGCCCGTT-1_1	TGGGTTACAATCAGGG-1
615	137	1	CAACCTCCAGAAACCG-1_1	AATACGCCACTTATGG-1
615	14	1	CAACCTCCAGAAACCG-1_1	AAACTGCAGGAACCGT-1
616	2151	0.3125	CAACCTCGTTCCATTT-1_1	TGGAAGGTCCTAGAGT-1
616	316	0.875	CAACCTCGTTCCATTT-1_1	ACTGCGGTCTGATCTT-1
617	2191	0.25	CAACCTCTCCGACAGC-1_1	TGTAAGCTCGTTACAG-1
617	2000	0.4375	CAACCTCTCCGACAGC-1_1	TCAGTTTAGGAGTAGA-1
618	2051	0.375	CAACGGCAGAGAGCCT-1_1	TCGTTCGTCTGGAAGG-1
618	2006	0.0625	CAACGGCAGAGAGCCT-1_1	TCCAGAAAGATATGTG-1
619	178	0.5625	CAACGGCAGGGTAATT-1_1	ACAAGCTCACGCTCAG-1
620	1046	1	CAACGGCTCGAATCCA-1_1	CTTAATCCATAGACGG-1
621	2400	0.375	CAAGACTCACTTGACA-1_1	TTTGTGTTCAAGAGGC-1
621	94	0.375	CAAGACTCACTTGACA-1_1	AACGGGACAATTCAGC-1
622	1710	0.625	CAAGACTGTGGCTAGA-1_1	GTGTGATCACTCCACT-1
622	2117	0.6875	CAAGACTGTGGCTAGA-1_1	TGCGTAAAGACGCCAA-1
622	1904	0.375	CAAGACTGTGGCTAGA-1_1	TATCGAGTCGGCTATA-1
622	147	0.4375	CAAGACTGTGGCTAGA-1_1	AATGGAACAGCACATT-1
623	1538	0.75	CAAGACTGTGGTAACG-1_1	GGCGAAAGTGTGTGTT-1
623	1029	0.4375	CAAGACTGTGGTAACG-1_1	CTGGCAGGTTGGCGAA-1
624	1925	0.6875	CAAGACTTCTCGTTTA-1_1	TCAAAGCAGCGTCTGC-1
625	61	0.25	CAAGAGGCATGGAAGC-1_1	AACCAACAGAGTTTGA-1
627	423	0.75	CAAGAGGGTCACTGAT-1_1	AGGCGAAGTCGTCGCA-1
627	2321	0.1875	CAAGAGGGTCACTGAT-1_1	TTGAGTGGTCAGGCTC-1
627	2117	0.25	CAAGAGGGTCACTGAT-1_1	TGCGTAAAGACGCCAA-1
627	1710	0.5625	CAAGAGGGTCACTGAT-1_1	GTGTGATCACTCCACT-1
628	466	0.25	CAAGAGGGTTGCAACT-1_1	ATAGGCTAGAAGCCTG-1
628	2139	0.3125	CAAGAGGGTTGCAACT-1_1	TGCTTTAGTCAGAAGC-1
629	249	1	CAAGCTACACTGTCGG-1_1	ACCGGGTCAACTCCCT-1
630	994	0.125	CAAGGGAAGTATTAGG-1_1	CTCTACGGTATCAGCT-1
631	1365	1	CAATACGGTATTGCCA-1_1	GCCTAGGGTAGATTAG-1
631	2368	1	CAATACGGTATTGCCA-1_1	TTGTTCACAGAATGCG-1
632	2138	0.4375	CAATACGTCAACTACG-1_1	TGCTTTAAGTGATAAC-1
632	295	0.5625	CAATACGTCAACTACG-1_1	ACTACGAAGGAACCGT-1
633	1169	1	CAATCGAAGCGTGTCC-1_1	GACCGACTCCCTACCA-1
633	1099	1	CAATCGAAGCGTGTCC-1_1	GAAACAAGTGCAGACA-1
634	2022	0.5	CAATCGAAGCTGAAGC-1_1	TCCGACTGTAAGGTCG-1
635	148	0.25	CAATGACCACTGTCGG-1_1	AATGGAACATCAGAAA-1
635	1575	0.125	CAATGACCACTGTCGG-1_1	GGTACCGCACTGTCAA-1
635	2131	0.5	CAATGACCACTGTCGG-1_1	TGCTCACTCTTCCGTG-1
636	1007	0.5	CAATGACGTCTTACAG-1_1	CTCTCGAAGACACTTC-1
636	784	0.375	CAATGACGTCTTACAG-1_1	CCCTAACCAACTTGGT-1
637	2300	0.4375	CAATGACTCCTATTGT-1_1	TTCGTTACAGGCATTT-1
637	103	0.4375	CAATGACTCCTATTGT-1_1	AACTGGTTCATCGCTC-1
638	223	1	CAATTTCTCGTGCATA-1_1	ACCAAACCAACGTACT-1
638	764	0.75	CAATTTCTCGTGCATA-1_1	CCATACCCAGCTTACA-1
638	500	0.9375	CAATTTCTCGTGCATA-1_1	ATCCTGCCAGGACTGA-1
639	1797	0.375	CACAACACACTTACAG-1_1	TACCTATTCTTCGTTA-1
639	1788	0.375	CACAACACACTTACAG-1_1	TACATTCTCGGCTATA-1
640	1499	0.0625	CACAACAGTGAGGCAT-1_1	GGACACCTCAACACGT-1
640	1208	0.3125	CACAACAGTGAGGCAT-1_1	GAGCGCTGTGATGCGA-1
640	1296	0.25	CACAACAGTGAGGCAT-1_1	GCAGATTCACTCCTCA-1
640	394	0.25	CACAACAGTGAGGCAT-1_1	AGCTATGGTCTGATTG-1
641	1580	1	CACAACATCATCGTAG-1_1	GGTAGGAGTGCTGGCT-1
642	204	1	CACACAAAGGCTAGCA-1_1	ACAGACTTCTTACTCA-1
643	1212	0.8125	CACACAACAGCGCGTT-1_1	GAGGATGGTTCTGATG-1
644	1319	1	CACACAAGTCCATCTC-1_1	GCATTCCTCGTCTAGA-1
645	598	0.375	CACACAATCCATCTAT-1_1	CAAGCTACAGCGTAGA-1
647	1161	0.375	CACAGATCAGACACCC-1_1	GACCCAGCAGATAAGT-1
647	1081	0.3125	CACAGATCAGACACCC-1_1	CTTGTCGAGACTTCCA-1
647	1075	0.3125	CACAGATCAGACACCC-1_1	CTTGCCATCGACCCGA-1
648	257	0.5	CACAGATTCTGCATAG-1_1	ACCTGCTTCGTATAGC-1
648	1058	0.3125	CACAGATTCTGCATAG-1_1	CTTCCAGTCCGAGGAA-1
648	1301	0.3125	CACAGATTCTGCATAG-1_1	GCAGCCACAAGAGCGT-1
649	414	0.375	CACAGGCAGCCTGGAA-1_1	AGGCCTGCACGATATC-1
650	907	0.4375	CACAGGCAGCGACAGT-1_1	CGGTGCAGTTTGTGAC-1
652	1221	0.1875	CACAGGCTCAGCCTTC-1_1	GAGGTCCTCGTGATAC-1
652	576	0.75	CACAGGCTCAGCCTTC-1_1	CAACCAATCCGATGCG-1
653	1076	0.75	CACAGGCTCATCCCGT-1_1	CTTGCTGAGCTATCGT-1
653	1803	0.375	CACAGGCTCATCCCGT-1_1	TACCTCGTCCGTCAAA-1
653	780	0.4375	CACAGGCTCATCCCGT-1_1	CCCGTTAGTCTCGGGT-1
653	437	0.6875	CACAGGCTCATCCCGT-1_1	AGTCCGGTCTATCTTG-1
654	164	0.375	CACAGGCTCGTTACCC-1_1	AATGTCGCAGCTATAC-1
655	1923	0.5	CACAGGCTCTGACAGT-1_1	TATTGCTGTGCTTACA-1
656	774	0.5625	CACATGATCCCAACTC-1_1	CCCAGAGCAGAACAGC-1
656	271	0.3125	CACATGATCCCAACTC-1_1	ACGTTAGAGGTCGTTT-1
658	2373	0.5625	CACCAAAGTGTGAGCA-1_1	TTGTTGTGTATGTTCG-1
658	48	0.5625	CACCAAAGTGTGAGCA-1_1	AACAAAGCAGTGCGAA-1
658	1025	0.5	CACCAAAGTGTGAGCA-1_1	CTGGCAGGTCGGCTGT-1
659	1384	0.4375	CACCAAATCCCACAGG-1_1	GCGATCGGTGTTGTTG-1
659	3	0.125	CACCAAATCCCACAGG-1_1	AAACGAAAGTCTTAGC-1
662	1001	0.1875	CACGAATAGCGGTATG-1_1	CTCTAGCTCCCGTAGG-1
662	2138	0.125	CACGAATAGCGGTATG-1_1	TGCTTTAAGTGATAAC-1
663	87	0.1875	CACGAATCAAATGGAT-1_1	AACGAGGAGAGGCCTA-1
664	840	0.5	CACGAATGTATTTCTC-1_1	CCTTAATCATCCTCGT-1
664	1495	0.6875	CACGAATGTATTTCTC-1_1	GGACACCCAAGGAGGG-1
664	1962	0.375	CACGAATGTATTTCTC-1_1	TCACCACAGCAGAATT-1
665	701	1	CACGAATGTCGCGGTT-1_1	CAGTGCGGTTCTACGA-1
666	1294	0.375	CACGGGTGTTGACTAC-1_1	GCAGATTAGTTACCAC-1
667	1066	0.6875	CACGTGGAGGTTCCGC-1_1	CTTGAAGTCTGATCTT-1
669	1292	0.8125	CACGTTCCAGCGTTTA-1_1	GCACGGTTCCTTGACC-1
669	747	0.125	CACGTTCCAGCGTTTA-1_1	CCACAGGTCGAGAAGC-1
669	432	0.4375	CACGTTCCAGCGTTTA-1_1	AGTCAACGTATCTGCA-1
670	1477	0.1875	CACGTTCGTTACCGTA-1_1	GCTTTCGTCTCTCAAT-1
671	1970	0.3125	CACGTTCTCCGCTAGG-1_1	TCACCTGTCTAAACGC-1
672	509	0.375	CACGTTCTCGTGGTAT-1_1	ATGCATGCATCCTCGT-1
672	1400	0.4375	CACGTTCTCGTGGTAT-1_1	GCGCATGGTATGGGTG-1
672	963	0.5	CACGTTCTCGTGGTAT-1_1	CTCAACCAGGTCGTTT-1
674	139	0.375	CACTGTCAGCCAAGCA-1_1	AATACGCTCACTCCCA-1
676	243	1	CACTGTCTCGCCAGAC-1_1	ACCGAATCAATGTGTC-1
676	1412	1	CACTGTCTCGCCAGAC-1_1	GCGGAAAGTACTTCGA-1
677	2123	0.5625	CACTTCGAGATGTTCC-1_1	TGCGTAATCGCACCGA-1
678	2104	1	CACTTCGAGCCGTAAG-1_1	TGCACCTAGATGGGTC-1
678	852	0.875	CACTTCGAGCCGTAAG-1_1	CGAGTTACAAGTAATG-1
679	168	0.8125	CACTTCGCACTAGGTT-1_1	AATGTCGGTGGATTCT-1
680	240	0.375	CACTTCGTCTGACGCG-1_1	ACCGAATAGAACGTCG-1
680	2292	0.625	CACTTCGTCTGACGCG-1_1	TTCGATTAGGATTGAT-1
682	893	0.375	CAGAGCCAGAATTGTG-1_1	CGCTGGACAAGTTGCT-1
682	1297	0.9375	CAGAGCCAGAATTGTG-1_1	GCAGATTCAGCAGGTA-1
683	568	0.25	CAGAGCCCAACCCTCT-1_1	CAAAGCTGTAACATAG-1
684	1428	0.5625	CAGAGCCGTTGCTCCT-1_1	GCGTAGCCATTTGTTC-1
684	1181	0.375	CAGAGCCGTTGCTCCT-1_1	GAGAACGAGCCTATAC-1
685	175	0.5	CAGAGCCTCGACGCTG-1_1	ACAAAGAGTGTCGTCG-1
685	2304	0.4375	CAGAGCCTCGACGCTG-1_1	TTCTAACCACAGTAGG-1
686	262	0.4375	CAGATACAGAGCCCAA-1_1	ACGGATTTCCACACCT-1
686	2277	0.4375	CAGATACAGAGCCCAA-1_1	TTCAACTAGCGCCTAC-1
687	806	0.8125	CAGATACCACGGTCTG-1_1	CCCTGATTCTCTATTG-1
687	1393	1	CAGATACCACGGTCTG-1_1	GCGATTAGTCACAGGA-1
687	588	0.25	CAGATACCACGGTCTG-1_1	CAACGTAGTCACTCTC-1
687	247	0.1875	CAGATACCACGGTCTG-1_1	ACCGCAGTCCAAGAGG-1
688	1993	0.5	CAGATACGTACTCAAC-1_1	TCAGTCCCAATGACTC-1
688	697	0.625	CAGATACGTACTCAAC-1_1	CAGTGCGAGTTACACC-1
688	422	0.375	CAGATACGTACTCAAC-1_1	AGGCGAACATAGACGG-1
689	2266	0.25	CAGATACGTAGAGGAA-1_1	TTAGCTTCAGGTTATC-1
689	2215	0.1875	CAGATACGTAGAGGAA-1_1	TGTTAGGGTGATCAGG-1
690	1810	0.625	CAGATACGTGGACTAG-1_1	TACGCCTGTATCTCAG-1
692	1667	0.375	CAGATCAAGGCTGGAT-1_1	GTGATCACAAAGAGAG-1
692	362	0.6875	CAGATCAAGGCTGGAT-1_1	AGCCTCTCATTGAACC-1
692	523	0.5625	CAGATCAAGGCTGGAT-1_1	ATGTACGTCTCCTTGG-1
693	1387	0.375	CAGATCACAACACTAC-1_1	GCGATCGTCTATCCTA-1
693	1522	0.25	CAGATCACAACACTAC-1_1	GGATGAGAGAATCAGT-1
694	836	0.125	CAGATCATCACGGGCT-1_1	CCTGGGATCTGAGTCA-1
695	1509	0.375	CAGATTGAGTCAGGGT-1_1	GGAGGATTCGTGCTGG-1
696	2074	0.25	CAGATTGCACAAATCC-1_1	TGAGCCGTCGATCTTT-1
698	2085	0.625	CAGATTGGTATATGGA-1_1	TGAGTCATCGGTAGGA-1
699	1166	1	CAGATTGGTGCATCTA-1_1	GACCCAGTCGGGTCCA-1
700	1516	0.8125	CAGCAATAGATGACCG-1_1	GGAGTAGTCTCAGATG-1
700	125	0.5625	CAGCAATAGATGACCG-1_1	AAGGAGCCAGGGTAAC-1
700	155	0.625	CAGCAATAGATGACCG-1_1	AATGGCTAGTTGGAAT-1
700	2302	0.4375	CAGCAATAGATGACCG-1_1	TTCGTTATCTGTCGTC-1
701	1135	0.25	CAGCAATCAGGGTCTC-1_1	GAACTTGTCGCAGATT-1
701	838	0.25	CAGCAATCAGGGTCTC-1_1	CCTTAATAGGTTCTCA-1
701	14	0.5	CAGCAATCAGGGTCTC-1_1	AAACTGCAGGAACCGT-1
703	1632	0.5	CAGCAATTCCTTCTTC-1_1	GTCACAATCTTGTCAT-1
704	734	0.625	CAGCACGCAGCTGTAT-1_1	CATTCATTCTGGACAT-1
704	2259	0.0625	CAGCACGCAGCTGTAT-1_1	TTAGCGAGTGAGCTAG-1
704	2321	0.125	CAGCACGCAGCTGTAT-1_1	TTGAGTGGTCAGGCTC-1
705	448	0.875	CAGCAGCAGACCAGCA-1_1	AGTGCGCGTTGCTTGA-1
707	2267	0.9375	CAGCAGCCACAGCATT-1_1	TTAGCTTGTCCAACCG-1
707	231	1	CAGCAGCCACAGCATT-1_1	ACCATCCTCAGTTGAC-1
708	71	0.1875	CAGCAGCGTACTGAGG-1_1	AACCGATGTTTGATCG-1
708	1862	0.125	CAGCAGCGTACTGAGG-1_1	TAGCCCTGTTAACCAC-1
709	392	0.4375	CAGCAGCGTTCAGCTA-1_1	AGCTATGAGATGGGTC-1
709	2288	0.3125	CAGCAGCGTTCAGCTA-1_1	TTCATTGCACCTGAAT-1
710	415	0.875	CAGCCAGAGAAACCCG-1_1	AGGCCTGGTATGGGTG-1
710	1144	0.8125	CAGCCAGAGAAACCCG-1_1	GAATCTGCACCGTTGG-1
710	1641	0.6875	CAGCCAGAGAAACCCG-1_1	GTCACCTTCGGAGTTT-1
711	2379	0.8125	CAGCCAGAGGATTTAG-1_1	TTGTTGTTCGCTAGTA-1
711	239	0.1875	CAGCCAGAGGATTTAG-1_1	ACCCAAATCAGGCGCT-1
711	1638	0.1875	CAGCCAGAGGATTTAG-1_1	GTCACCTGTAACGGCA-1
712	1075	0.3125	CAGCCAGTCAAATAGG-1_1	CTTGCCATCGACCCGA-1
713	734	0.125	CAGCGTGAGCATCCTA-1_1	CATTCATTCTGGACAT-1
715	254	1	CAGCGTGTCTCCGCAT-1_1	ACCGGGTTCAGGTTTG-1
715	1036	0.3125	CAGCGTGTCTCCGCAT-1_1	CTGGGACTCTGAAAGA-1
715	67	0.5	CAGCGTGTCTCCGCAT-1_1	AACCAACGTGATGCGA-1
716	346	0.5	CAGGCCACAGCTGTAT-1_1	AGCCCGAAGGCCTCTG-1
716	1387	0.375	CAGGCCACAGCTGTAT-1_1	GCGATCGTCTATCCTA-1
717	90	0.375	CAGGGCTCAGGAAGTC-1_1	AACGAGGCACTGAAGG-1
717	2011	0.5	CAGGGCTCAGGAAGTC-1_1	TCCAGAATCCATACCC-1
718	2286	0.25	CAGGGCTCATCGATAC-1_1	TTCATTGAGTAACACA-1
719	2247	0.4375	CAGGGCTTCTGAGCAT-1_1	TTACTCAGTCATAAGA-1
720	753	0.25	CAGGTATCAATGTGGG-1_1	CCAGAATGTATGCTAC-1
720	1440	0.375	CAGGTATCAATGTGGG-1_1	GCTCAGGAGTCCGTGC-1
721	1201	0.75	CAGGTATGTACCCGAC-1_1	GAGCATTGTTGGCTTA-1
722	2137	0.1875	CAGGTATGTGATATAG-1_1	TGCTTTAAGCCGCAAA-1
722	2170	0.1875	CAGGTATGTGATATAG-1_1	TGGCGCATCATTCTCA-1
723	1345	0.0625	CAGGTATTCTCGACGG-1_1	GCCATAAGTCTTAGCA-1
723	2276	0.1875	CAGGTATTCTCGACGG-1_1	TTATGTCTCTTGTCGC-1
723	1925	0.1875	CAGGTATTCTCGACGG-1_1	TCAAAGCAGCGTCTGC-1
724	756	0.375	CAGTGCGCACCAACAT-1_1	CCAGAATTCCATTGAG-1
724	1707	0.25	CAGTGCGCACCAACAT-1_1	GTGTGATAGATGTTGA-1
724	1361	0.1875	CAGTGCGCACCAACAT-1_1	GCCTACTTCGATGTAC-1
725	248	0.375	CAGTGCGTCCTTACCG-1_1	ACCGCAGTCTATCTCA-1
726	476	0.1875	CAGTTCCAGCCTTGAT-1_1	ATATTCCAGAGGAACA-1
726	541	0.125	CAGTTCCAGCCTTGAT-1_1	ATTACTCCAAGTGGCA-1
727	1571	0.3125	CAGTTCCAGGGTCTTT-1_1	GGGTTATCAGAATGCG-1
727	419	0.25	CAGTTCCAGGGTCTTT-1_1	AGGCGAAAGGGAGATA-1
727	256	1	CAGTTCCAGGGTCTTT-1_1	ACCTGCTAGGCAGATC-1
727	312	0.875	CAGTTCCAGGGTCTTT-1_1	ACTGCAAGTCGCTACG-1
727	755	1	CAGTTCCAGGGTCTTT-1_1	CCAGAATTCAGTCACA-1
728	1530	0.875	CATAAGCAGGTGGCTA-1_1	GGCACGTTCACCCGGA-1
729	1434	0.4375	CATAAGCCATTCAGGT-1_1	GCGTTGGGTCAGACGA-1
730	203	0.3125	CATAAGCTCAAGAGGC-1_1	ACAGACTTCATTCATC-1
730	1913	0.25	CATAAGCTCAAGAGGC-1_1	TATCTGTTCGGTGATT-1
731	1910	0.6875	CATAAGCTCTTACGGA-1_1	TATCTGTGTATCACAC-1
731	1753	0.1875	CATAAGCTCTTACGGA-1_1	TAACTTCCAGCAAACG-1
731	383	0.75	CATAAGCTCTTACGGA-1_1	AGCGATTTCGGCAATT-1
731	752	0.5625	CATAAGCTCTTACGGA-1_1	CCAGAATCAGCCACGT-1
732	847	1	CATACAGAGTAGCTCT-1_1	CCTTGGTCACAAGGGT-1
732	1503	0.8125	CATACAGAGTAGCTCT-1_1	GGAGAACTCTGACATG-1
732	1151	0.5625	CATACAGAGTAGCTCT-1_1	GACCAATGTAACCGAG-1
732	2141	0.5625	CATACAGAGTAGCTCT-1_1	TGCTTTAGTCAGTGTT-1
735	630	0.3125	CATACCCGTACAACGG-1_1	CACCTGTAGACTAGCG-1
736	1960	0.25	CATACCCGTACATACC-1_1	TCACAGAGTTCCAGTA-1
737	2068	0.4375	CATACCCGTGTTAGCT-1_1	TGACTCCAGACTCGGA-1
738	1411	0.75	CATACCCGTTGCGGAA-1_1	GCGGAAACATCGGCCA-1
738	518	0.0625	CATACCCGTTGCGGAA-1_1	ATGTACGCATTTGTTC-1
738	1972	0.4375	CATACCCGTTGCGGAA-1_1	TCACTCGCAAGCCAGA-1
739	761	1	CATACCCTCCGTGACG-1_1	CCAGATATCGTATAGC-1
740	1830	0.3125	CATACCCTCGCTCCTA-1_1	TACTCGCCACGATTAC-1
740	884	0.6875	CATACCCTCGCTCCTA-1_1	CGCTAGGTCGGATCGC-1
740	1980	0.1875	CATACCCTCGCTCCTA-1_1	TCAGCTCCACTCAAGT-1
740	1076	0.8125	CATACCCTCGCTCCTA-1_1	CTTGCTGAGCTATCGT-1
741	1158	0.25	CATACTTAGACCAAGC-1_1	GACCCAGAGCGGACTA-1
742	1340	1	CATACTTGTCCTCAGG-1_1	GCCATAAAGAAGACTT-1
742	1256	0.625	CATACTTGTCCTCAGG-1_1	GATTAGCTCTATCTAC-1
743	2029	0.5625	CATACTTGTTGCATAC-1_1	TCGATTTCACAAACGG-1
743	1702	0	CATACTTGTTGCATAC-1_1	GTGTCCTAGGTTACAA-1
744	1288	0.25	CATAGACAGCTGAGTG-1_1	GCACGGTAGTTCAGGG-1
745	1550	0.5	CATAGACCAACTCCCT-1_1	GGGAACAAGCAGGACT-1
745	1079	0.75	CATAGACCAACTCCCT-1_1	CTTGCTGGTCAGCTTA-1
745	1985	0.375	CATAGACCAACTCCCT-1_1	TCAGGTAGTATGTCCA-1
746	1449	0.4375	CATAGACTCGCTACGG-1_1	GCTCCTACATTGTTCT-1
746	945	0.875	CATAGACTCGCTACGG-1_1	CTACTTAGTACCGGCT-1
747	405	0.125	CATCAAGCACGGTGTC-1_1	AGCTGTAGTTCCAATG-1
747	56	0.1875	CATCAAGCACGGTGTC-1_1	AACAGTCGTGATCAGG-1
748	2015	0.25	CATCCACAGGAACGAA-1_1	TCCATCGGTGCCCTAG-1
748	1292	0.125	CATCCACAGGAACGAA-1_1	GCACGGTTCCTTGACC-1
749	887	1	CATCCACAGGACACTG-1_1	CGCTATCAGGTGATGC-1
749	1285	0.3125	CATCCACAGGACACTG-1_1	GCACGGTAGCTAACAA-1
750	1622	0.1875	CATCCACAGGTACAAT-1_1	GTAGACTGTCGAGGTA-1
751	1780	0.4375	CATCCACGTTTCCATT-1_1	TACAGCATCTGTTTAC-1
751	889	0.8125	CATCCACGTTTCCATT-1_1	CGCTATCCAAGCAGGT-1
752	2268	0.6875	CATCCCAAGGGCTTCC-1_1	TTAGCTTTCCATGACA-1
753	1707	0.3125	CATCCCACAATGCAAA-1_1	GTGTGATAGATGTTGA-1
753	2047	0.875	CATCCCACAATGCAAA-1_1	TCGTTCGAGGGCGAAG-1
754	391	0.375	CATCCCACACTTGAGT-1_1	AGCGTGCGTAAGTGCG-1
754	891	0.375	CATCCCACACTTGAGT-1_1	CGCTATCCACACATGT-1
754	724	0.375	CATCCCACACTTGAGT-1_1	CATGCCTTCGAAGCCC-1
756	196	0.3125	CATCCCAGTTGGATCT-1_1	ACAGAAATCCCGTAGG-1
756	678	0.6875	CATCCCAGTTGGATCT-1_1	CAGCTGGGTGTTGTTG-1
756	1075	0.1875	CATCCCAGTTGGATCT-1_1	CTTGCCATCGACCCGA-1
757	133	0.1875	CATCCCATCGTAGCTA-1_1	AAGGAGCTCGTGGCGT-1
758	1197	0.375	CATCCGTAGTTAACAG-1_1	GAGATTCTCGATAGCT-1
758	13	0.375	CATCCGTAGTTAACAG-1_1	AAACTGCAGAGGTGGG-1
758	1775	0.875	CATCCGTAGTTAACAG-1_1	TAATTCCAGTAGGTCG-1
759	408	0.375	CATCCGTTCGTCTACC-1_1	AGGACGAAGGATCCTT-1
760	1871	0.5625	CATCGCTCACAGCTTA-1_1	TAGCGGCGTGTCCAGC-1
760	1644	0.3125	CATCGCTCACAGCTTA-1_1	GTCACGGGTTTGATCG-1
760	132	0.3125	CATCGCTCACAGCTTA-1_1	AAGGAGCTCGATGTAC-1
762	1061	0.5625	CATCGGGTCTCACCCA-1_1	CTTCTAATCCCAGCGA-1
763	1234	0.625	CATCGTCCAGATCCTA-1_1	GATCGTACACATTGCA-1
764	233	0.625	CATCGTCTCGCAAGAG-1_1	ACCATCCTCTTACTCA-1
764	101	0.75	CATCGTCTCGCAAGAG-1_1	AACTGGTAGTGATAAC-1
765	1861	0.4375	CATCGTCTCGCTACGG-1_1	TAGCCCTGTGCGTCCA-1
765	37	0	CATCGTCTCGCTACGG-1_1	AAATGAGAGACTAGCG-1
766	1776	0.8125	CATGAGTCACCACTGG-1_1	TAATTCCAGTTCAGGG-1
766	2011	0.375	CATGAGTCACCACTGG-1_1	TCCAGAATCCATACCC-1
767	2218	0.4375	CATGAGTCATACTGAC-1_1	TGTTAGGGTTCCGGCA-1
767	1926	0.5625	CATGAGTCATACTGAC-1_1	TCAAAGCAGTCACGCC-1
767	2196	0.5	CATGAGTCATACTGAC-1_1	TGTACGACAGGATGTG-1
768	1406	0.1875	CATGAGTGTAATACCC-1_1	GCGCCAATCCTTGACC-1
769	2098	0.375	CATGAGTGTGAGTCAG-1_1	TGATTTCAGGAATGGA-1
769	1421	0.125	CATGAGTGTGAGTCAG-1_1	GCGGTGTAGACAGTGC-1
770	1660	0.9375	CATGAGTTCATCCCGT-1_1	GTCTACCTCCAGTTAG-1
770	1633	0.875	CATGAGTTCATCCCGT-1_1	GTCACCTAGCTTACCA-1
771	1839	0.1875	CATGAGTTCGGTCAGC-1_1	TAGACTGCAATGTGCT-1
771	1048	0.3125	CATGAGTTCGGTCAGC-1_1	CTTAATCGTTAGGCTT-1
771	2234	0.0625	CATGAGTTCGGTCAGC-1_1	TTACCGCTCCCGATTC-1
773	1214	0.8125	CATGCAACACAGTCAT-1_1	GAGGCTCGTAACGGTG-1
774	870	0.25	CATGCAACACATTGTG-1_1	CGCAATAGTATCACAC-1
775	1295	1	CATGCAAGTACGACTT-1_1	GCAGATTCAAGCGGTA-1
775	1796	0.25	CATGCAAGTACGACTT-1_1	TACCTATTCTGACATG-1
777	621	0.6875	CATGCCTAGAACTGAT-1_1	CACATGATCCGTACGG-1
777	187	0.4375	CATGCCTAGAACTGAT-1_1	ACAATCGCAGTTGCAT-1
778	441	0.25	CATGCCTAGACTACGG-1_1	AGTGCCGGTTCCAATG-1
778	329	0.6875	CATGCCTAGACTACGG-1_1	AGACAAATCAAACCCA-1
778	1404	0.375	CATGCCTAGACTACGG-1_1	GCGCCAAGTGCCCGAT-1
780	1093	0.5625	CATGCGGAGATGTTAG-1_1	CTTTGCGGTCATAAGA-1
781	1698	1	CATGCGGCACACGTGC-1_1	GTGTCAAAGCAACGGT-1
781	3	0.625	CATGCGGCACACGTGC-1_1	AAACGAAAGTCTTAGC-1
782	1366	0.5625	CATGCGGCACCAACAT-1_1	GCCTAGGGTGGATTCT-1
783	2384	0.3125	CATGCGGCATGTGTCA-1_1	TTTGAGGTCGGGACAA-1
783	1548	0.5	CATGCGGCATGTGTCA-1_1	GGCGTTGGTTAGTAGA-1
784	1103	0.8125	CATGCTCAGATCGCCC-1_1	GAAAGTATCTCGCGTT-1
784	1911	0.5	CATGCTCAGATCGCCC-1_1	TATCTGTGTCCCGTGA-1
784	2283	0.5	CATGCTCAGATCGCCC-1_1	TTCATCATCAGTGTAC-1
785	1194	1	CATGCTCCAGGGTCTC-1_1	GAGATTCGTATTGTCG-1
785	1251	1	CATGCTCCAGGGTCTC-1_1	GATGGCCTCCGATGCG-1
785	291	1	CATGCTCCAGGGTCTC-1_1	ACTACCCTCACCCGGA-1
785	1500	1	CATGCTCCAGGGTCTC-1_1	GGAGAACAGGGCTCTC-1
785	9	1	CATGCTCCAGGGTCTC-1_1	AAACTCGAGTGCTGAG-1
786	646	0.5	CATGCTCCATAGATCC-1_1	CACCTTGTCCATCATT-1
786	2303	0.375	CATGCTCCATAGATCC-1_1	TTCTAACAGGAACCGT-1
786	900	0.75	CATGCTCCATAGATCC-1_1	CGGACTGCATACCCGG-1
787	1272	0.6875	CATGCTCGTACTCGTA-1_1	GCAACCGTCGATGTGT-1
787	1467	0.6875	CATGCTCGTACTCGTA-1_1	GCTGTTCGTGGTAAGC-1
787	225	0.6875	CATGCTCGTACTCGTA-1_1	ACCAAACGTAACGTAA-1
787	1586	0.6875	CATGCTCGTACTCGTA-1_1	GGTCATATCCATATCT-1
787	1280	0.6875	CATGCTCGTACTCGTA-1_1	GCACGCAAGTGAGCTG-1
788	2148	1	CATGCTCGTTGTTGAC-1_1	TGGAAGGCACAGATGG-1
789	490	0.3125	CATGCTCTCCATCTAT-1_1	ATCCTCGAGCTATCCA-1
789	2070	0.4375	CATGCTCTCCATCTAT-1_1	TGACTCCGTTTGCCAA-1
790	1325	0.0625	CATGGATAGGTTCCGC-1_1	GCATTGAGTGCTTTGA-1
792	1663	1	CATGGATGTGCATCTA-1_1	GTGACATAGTGAGTTA-1
792	579	1	CATGGATGTGCATCTA-1_1	CAACGGCGTAGCGAGT-1
793	531	0.8125	CATGGTAAGTATAACG-1_1	ATGTTTCAGATGGGAA-1
795	513	1	CATTCATCACCGTCTT-1_1	ATGGATCAGATGGGTC-1
795	1720	1	CATTCATCACCGTCTT-1_1	GTTACTTGTGCTTACA-1
799	903	0.5	CATTCTAGTTAAGGGC-1_1	CGGACTGTCTGAACGT-1
799	379	0.5	CATTCTAGTTAAGGGC-1_1	AGCGATTGTCGCGCTA-1
800	1671	0.375	CATTGAGCACGCCAGT-1_1	GTGCACGAGTTCGACT-1
800	1913	0.0625	CATTGAGCACGCCAGT-1_1	TATCTGTTCGGTGATT-1
801	1082	1	CATTGAGTCAGCTAGT-1_1	CTTGTCGAGGCTTCGC-1
801	703	0.5	CATTGAGTCAGCTAGT-1_1	CAGTGCGTCGCAACTA-1
803	1283	0.4375	CATTGTTGTCTAGGCC-1_1	GCACGCATCTAAACGC-1
803	1096	0.5	CATTGTTGTCTAGGCC-1_1	CTTTGCGTCTTGCGCT-1
804	1505	0.75	CATTTCACACACAGAG-1_1	GGAGGATCAGCACATT-1
804	1703	0.0625	CATTTCACACACAGAG-1_1	GTGTCCTCACTGTTAG-1
804	206	0.4375	CATTTCACACACAGAG-1_1	ACAGCGCGTCAACGGA-1
805	1473	1	CATTTCACACATACTG-1_1	GCTTGCTTCTATGAGC-1
805	1044	1	CATTTCACACATACTG-1_1	CTGTTCGGTCCCGTGA-1
806	1387	0.375	CATTTCACACGGTGAA-1_1	GCGATCGTCTATCCTA-1
808	1557	1	CATTTCACATACAGAA-1_1	GGGCCATCAAGGCTTT-1
808	1556	1	CATTTCACATACAGAA-1_1	GGGCCATAGTTGGAAT-1
812	425	0.625	CATTTCATCCTGTAAG-1_1	AGGCGAAGTTAGCTCA-1
812	185	0.1875	CATTTCATCCTGTAAG-1_1	ACAATCGAGAGAGTAG-1
813	626	0.1875	CATTTCATCGCACGAC-1_1	CACCACTCAAGGAGGG-1
813	1633	0.875	CATTTCATCGCACGAC-1_1	GTCACCTAGCTTACCA-1
814	935	1	CCAAGCGAGACTTCCA-1_1	CTAACTTGTTCCTATT-1
814	914	0.1875	CCAAGCGAGACTTCCA-1_1	CGTACAAGTCCTTCAC-1
816	875	0.25	CCAATGACATGAAGCG-1_1	CGCGCAAAGATAGGTT-1
817	292	0.3125	CCAATGAGTCCTGAAT-1_1	ACTACCCTCAGATACC-1
818	2091	0.1875	CCAATGATCAGTCAGT-1_1	TGATGCAAGTATGGGC-1
819	1401	1	CCAATGATCTCGGTAA-1_1	GCGCATGGTTCAGAAA-1
819	302	0.5625	CCAATGATCTCGGTAA-1_1	ACTAGGTGTACCAAGG-1
819	1143	0.125	CCAATGATCTCGGTAA-1_1	GAATCTGAGGTAAGTT-1
819	1943	0.5625	CCAATGATCTCGGTAA-1_1	TCAATTCAGATCACCT-1
821	1367	0.25	CCAATTTAGCCGTTAT-1_1	GCGAGAAAGAAGACTT-1
821	2148	1	CCAATTTAGCCGTTAT-1_1	TGGAAGGCACAGATGG-1
822	1730	0.5	CCAATTTAGGGCCTCT-1_1	GTTCAAGTCTACTTTG-1
823	2312	0.5	CCAATTTCACTCTCGT-1_1	TTCTGTATCCATCGAA-1
824	2309	0.25	CCAATTTGTAGCGCCT-1_1	TTCTGTACATACCCGG-1
824	867	0.3125	CCAATTTGTAGCGCCT-1_1	CGCAATACAAGACACG-1
824	186	0.625	CCAATTTGTAGCGCCT-1_1	ACAATCGCAGGTTATC-1
824	197	1	CCAATTTGTAGCGCCT-1_1	ACAGACTCAACGCAAG-1
825	1888	0.8125	CCAATTTTCAATCAGC-1_1	TAGGTGTCAGCAACCC-1
825	571	0.375	CCAATTTTCAATCAGC-1_1	CAAAGCTTCCACGCTT-1
825	415	0.5	CCAATTTTCAATCAGC-1_1	AGGCCTGGTATGGGTG-1
826	678	0.5	CCAATTTTCTACCAGA-1_1	CAGCTGGGTGTTGTTG-1
826	1713	0.625	CCAATTTTCTACCAGA-1_1	GTTACGAAGAGCAGCT-1
826	267	0.6875	CCAATTTTCTACCAGA-1_1	ACGTGGCGTGTGCTTA-1
826	951	0.3125	CCAATTTTCTACCAGA-1_1	CTACTTAGTGTCGTGC-1
826	1760	0.5	CCAATTTTCTACCAGA-1_1	TAAGTGCAGCGAGAAA-1
827	2355	0.5625	CCACAAAAGCTGCCAC-1_1	TTGCTTAGTACCAAGG-1
827	261	0.3125	CCACAAAAGCTGCCAC-1_1	ACGGATTGTTACTTTC-1
828	1190	0.125	CCACAAAGTGAGGATC-1_1	GAGACTTTCGACTTAG-1
830	2041	0.25	CCACACTCAACCAATC-1_1	TCGCCTATCACTCGGG-1
831	1589	0.5	CCACCATAGCTAGATA-1_1	GGTGAAGGTCTCGGGT-1
831	1832	0.8125	CCACCATAGCTAGATA-1_1	TACTGCCAGAGGAACA-1
831	952	0.5625	CCACCATAGCTAGATA-1_1	CTACTTATCGATGTGT-1
831	907	0.3125	CCACCATAGCTAGATA-1_1	CGGTGCAGTTTGTGAC-1
832	1100	0.4375	CCACCATCACACACTA-1_1	GAAACAATCCTCCTGA-1
833	422	0.25	CCACCATCATGTCTAG-1_1	AGGCGAACATAGACGG-1
833	80	0.3125	CCACCATCATGTCTAG-1_1	AACCTTTAGGGAGATA-1
833	755	0.125	CCACCATCATGTCTAG-1_1	CCAGAATTCAGTCACA-1
834	2102	0.3125	CCACCATGTTATGGTC-1_1	TGATTTCTCGGATAAA-1
834	620	0.1875	CCACCATGTTATGGTC-1_1	CACATGATCCATTGTT-1
835	63	0.6875	CCACCATGTTGAGAGC-1_1	AACCAACAGTGTCGCC-1
837	564	0.4375	CCACGTTAGTGAGGTC-1_1	ATTTGTCTCGTTACAG-1
837	2382	0.125	CCACGTTAGTGAGGTC-1_1	TTTACGTTCGATCTTT-1
838	2056	0.125	CCACGTTTCCGTCAAA-1_1	TCTATTGCACATATCG-1
839	45	0.1875	CCACGTTTCTGCTTAT-1_1	AAATGCCTCCGTGCAG-1
839	1889	0.375	CCACGTTTCTGCTTAT-1_1	TAGGTGTCATTGTTCT-1
840	80	0.25	CCACTTGCACAATGTC-1_1	AACCTTTAGGGAGATA-1
840	1164	0.625	CCACTTGCACAATGTC-1_1	GACCCAGGTCCGTAGC-1
840	552	0.5	CCACTTGCACAATGTC-1_1	ATTGTCTCACGCTCAG-1
841	1090	0.5625	CCACTTGCAGCGATTT-1_1	CTTGTCGTCAGAATGA-1
841	880	0.625	CCACTTGCAGCGATTT-1_1	CGCTAGGAGCTGCCAC-1
841	1641	0.75	CCACTTGCAGCGATTT-1_1	GTCACCTTCGGAGTTT-1
841	1613	0.3125	CCACTTGCAGCGATTT-1_1	GTAATCGCAGTTAAAG-1
842	2321	0.3125	CCACTTGGTGGCCCAT-1_1	TTGAGTGGTCAGGCTC-1
842	766	0.75	CCACTTGGTGGCCCAT-1_1	CCATACCGTTGGCGAA-1
842	954	0.5625	CCACTTGGTGGCCCAT-1_1	CTAGCGGCAAGGCGTA-1
843	950	0.3125	CCATAAGAGTTGTACC-1_1	CTACTTAGTGGGTAGT-1
844	729	0.8125	CCATAAGCAAAGCAAT-1_1	CATTCATAGTGGGACT-1
845	1660	0.8125	CCATAAGCAATTGCGT-1_1	GTCTACCTCCAGTTAG-1
845	764	0.8125	CCATAAGCAATTGCGT-1_1	CCATACCCAGCTTACA-1
846	1255	1	CCATAAGGTCTCAAGT-1_1	GATTAGCGTTTCTACT-1
846	435	1	CCATAAGGTCTCAAGT-1_1	AGTCCGGGTTAGTAGA-1
846	420	1	CCATAAGGTCTCAAGT-1_1	AGGCGAACAACGGACA-1
848	489	0.1875	CCCAACTTCACAACCA-1_1	ATCCTCGAGAATACTG-1
848	1831	0.25	CCCAACTTCACAACCA-1_1	TACTCGCGTCAAATCC-1
849	2192	0.75	CCCATTGCAACCTAAC-1_1	TGTAAGCTCTTTCGAT-1
849	1035	0.3125	CCCATTGCAACCTAAC-1_1	CTGGGACTCGAGGTAG-1
849	1210	0.1875	CCCATTGCAACCTAAC-1_1	GAGGATGCACTAGGAG-1
851	1464	0.625	CCCGAAGTCTGACAGT-1_1	GCTGTTCAGACAACGC-1
853	237	0.5	CCCGGAAGTCCGGTGT-1_1	ACCCAAAGTACGAGAC-1
854	2041	0.375	CCCGGAAGTTAAACCC-1_1	TCGCCTATCACTCGGG-1
856	244	0.5625	CCCTAACAGATGCAGC-1_1	ACCGAATCACCCTTAC-1
857	2186	0.0625	CCCTAACCATGCAGCC-1_1	TGGTCCTCATGCGACC-1
858	2365	1	CCCTAACGTGCCCACA-1_1	TTGTTCAAGTCCGTGC-1
858	130	1	CCCTAACGTGCCCACA-1_1	AAGGAGCTCCCTACCA-1
859	692	1	CCCTAACGTGCCTGCA-1_1	CAGTATGAGAGTGGTC-1
859	250	0.875	CCCTAACGTGCCTGCA-1_1	ACCGGGTCATGTGGGA-1
860	680	0.8125	CCCTAACTCTCCTGCA-1_1	CAGCTGGTCAGATACC-1
860	1569	0.3125	CCCTAACTCTCCTGCA-1_1	GGGTGTCCAGGCTACC-1
861	65	1	CCCTCAACAATAGTCC-1_1	AACCAACCAGGAGCAT-1
861	2267	0.8125	CCCTCAACAATAGTCC-1_1	TTAGCTTGTCCAACCG-1
862	2085	0.4375	CCCTCAACACTCTAGA-1_1	TGAGTCATCGGTAGGA-1
862	1161	0.375	CCCTCAACACTCTAGA-1_1	GACCCAGCAGATAAGT-1
863	2214	0.5	CCCTCAAGTATGAAAC-1_1	TGTTAGGGTCCTCAGG-1
863	1813	0.1875	CCCTCAAGTATGAAAC-1_1	TACGCCTGTTTAGACC-1
864	1536	0.875	CCCTGATCAGCTTCCT-1_1	GGCGAAACAATGCATC-1
865	772	0.875	CCCTTAGCAATGAAAC-1_1	CCCAGAGAGGGTAATT-1
865	1051	0	CCCTTAGCAATGAAAC-1_1	CTTCCAGAGACTCTTG-1
865	2085	0.5	CCCTTAGCAATGAAAC-1_1	TGAGTCATCGGTAGGA-1
866	775	0.4375	CCCTTAGGTATGACAA-1_1	CCCAGAGCATGGTAAA-1
866	2187	0.3125	CCCTTAGGTATGACAA-1_1	TGGTCCTGTATGTCCA-1
866	697	0.3125	CCCTTAGGTATGACAA-1_1	CAGTGCGAGTTACACC-1
867	2090	0.375	CCCTTAGGTTTCAGAC-1_1	TGATGCAAGGAATGGA-1
868	439	1	CCCTTAGTCACAACCA-1_1	AGTCCGGTCTGAGTCA-1
868	1554	1	CCCTTAGTCACAACCA-1_1	GGGAACAGTCAGCAAG-1
868	1570	1	CCCTTAGTCACAACCA-1_1	GGGTGTCTCCTCTCTT-1
869	596	0.875	CCGAACGGTCATCGGC-1_1	CAAGAAATCATGTTCT-1
869	1972	0.0625	CCGAACGGTCATCGGC-1_1	TCACTCGCAAGCCAGA-1
870	66	1	CCGATCTCAGAGTTCT-1_1	AACCAACCATCAACTG-1
870	33	0.625	CCGATCTCAGAGTTCT-1_1	AAAGGGCGTAGTTTGC-1
871	818	0.4375	CCGATCTGTGTACAGG-1_1	CCGTGAGAGTCGGGAT-1
871	633	0.3125	CCGATCTGTGTACAGG-1_1	CACCTGTCACGTGAAG-1
872	2360	0.5625	CCGATCTTCCTTGAAG-1_1	TTGGTCCCAGGTCTGC-1
872	998	0.375	CCGATCTTCCTTGAAG-1_1	CTCTAGCAGTAACTCC-1
873	1855	0.1875	CCGATGGAGATGTTAG-1_1	TAGCATGCACGGCCAT-1
873	1755	0.4375	CCGATGGAGATGTTAG-1_1	TAACTTCGTCACAGGA-1
873	1936	0.0625	CCGATGGAGATGTTAG-1_1	TCAAGCACATCTCTCG-1
874	1498	0.25	CCGATGGCACCGTGAC-1_1	GGACACCGTCTGGTTA-1
875	1295	0.5625	CCGCAAGCACGGGCTT-1_1	GCAGATTCAAGCGGTA-1
875	1496	0.6875	CCGCAAGCACGGGCTT-1_1	GGACACCCACTGCTCT-1
876	303	0.25	CCGCAAGTCGCTCATC-1_1	ACTAGGTGTGATAAGT-1
877	881	1	CCGGACATCACCGGTG-1_1	CGCTAGGGTCACTCTC-1
877	1705	1	CCGGACATCACCGGTG-1_1	GTGTCCTTCAGTGTAC-1
877	1899	1	CCGGACATCACCGGTG-1_1	TATCGAGGTCCCGAGT-1
878	644	0.6875	CCGGGTAAGAATTTGG-1_1	CACCTTGTCCAAGAGG-1
878	1046	0.5	CCGGGTAAGAATTTGG-1_1	CTTAATCCATAGACGG-1
879	2122	0.4375	CCGGGTACAGCGACCT-1_1	TGCGTAATCCATACCC-1
880	400	0.6875	CCGGGTACAGCTTCCT-1_1	AGCTGGCTCTAAACGC-1
881	1053	1	CCGGGTAGTGCCGAAA-1_1	CTTCCAGAGCGTGTTT-1
881	2176	0.75	CCGGGTAGTGCCGAAA-1_1	TGGGTTACAATCAGGG-1
882	2295	0.25	CCGGGTATCGTTATCT-1_1	TTCGCGTCAAGTCCTA-1
883	1499	0.25	CCGGTAGAGCACAAAT-1_1	GGACACCTCAACACGT-1
884	1611	0.6875	CCGGTAGAGGGTGAAA-1_1	GTAATCGAGTCCGTGC-1
884	2306	0.1875	CCGGTAGAGGGTGAAA-1_1	TTCTAACTCCCAATAG-1
884	1572	0.375	CCGGTAGAGGGTGAAA-1_1	GGGTTATGTAGATGAT-1
885	641	0.3125	CCGGTGAGTGTGATGG-1_1	CACCTTGCAGAGATGC-1
885	45	0.25	CCGGTGAGTGTGATGG-1_1	AAATGCCTCCGTGCAG-1
885	864	0.375	CCGGTGAGTGTGATGG-1_1	CGATGATGTTTGAAGA-1
886	535	0.875	CCGGTGATCAAGTCTG-1_1	ATGTTTCGTACGCCCA-1
887	93	0.375	CCGGTGATCGTAGAGG-1_1	AACGGGAAGTTGAATG-1
887	2070	0.125	CCGGTGATCGTAGAGG-1_1	TGACTCCGTTTGCCAA-1
887	858	0.4375	CCGGTGATCGTAGAGG-1_1	CGATGATAGCTTACCA-1
888	1193	0.4375	CCGTAGGAGAAGGGAT-1_1	GAGATTCCATTCGTCC-1
889	939	0.0625	CCGTAGGCATAGTCAC-1_1	CTACAGACAAACCTAC-1
889	569	0.25	CCGTAGGCATAGTCAC-1_1	CAAAGCTGTGCAAGCA-1
893	1131	1	CCGTGAGTCGCAGATT-1_1	GAACTTGGTAGTGATA-1
893	1503	0.5	CCGTGAGTCGCAGATT-1_1	GGAGAACTCTGACATG-1
893	1342	0.4375	CCGTGAGTCGCAGATT-1_1	GCCATAAGTACGGAGT-1
893	531	0.625	CCGTGAGTCGCAGATT-1_1	ATGTTTCAGATGGGAA-1
893	35	0.6875	CCGTGAGTCGCAGATT-1_1	AAAGGGCTCACCCTTG-1
894	2244	0.1875	CCGTTCATCAGACAAA-1_1	TTACGTTTCGCTTGAA-1
895	989	1	CCTAACCCAAATCAAG-1_1	CTCGCTATCTGCGTCT-1
896	341	0.5625	CCTAACCGTATGTCAC-1_1	AGCCAGCCAAGGATGC-1
896	2276	0.8125	CCTAACCGTATGTCAC-1_1	TTATGTCTCTTGTCGC-1
897	1098	0.3125	CCTAAGACAGAACTTC-1_1	GAAACAAGTGACAAGC-1
897	184	0.125	CCTAAGACAGAACTTC-1_1	ACAAGCTTCCTCCTGA-1
898	1664	0.3125	CCTAAGAGTGTCATTG-1_1	GTGACATGTAATGTGA-1
899	894	0.6875	CCTACGTAGGAAGTCC-1_1	CGCTGGAGTGATAGAT-1
900	2074	0.875	CCTACGTCAAGCGATG-1_1	TGAGCCGTCGATCTTT-1
900	1900	0.625	CCTACGTCAAGCGATG-1_1	TATCGAGGTTAGGCTT-1
901	123	0.4375	CCTACGTCACAGTGAG-1_1	AAGATAGGTGTCGGTC-1
901	430	0.5	CCTACGTCACAGTGAG-1_1	AGGCGTCTCAGGTTTG-1
901	1393	0.25	CCTACGTCACAGTGAG-1_1	GCGATTAGTCACAGGA-1
902	587	0.4375	CCTACGTTCAGAGTTC-1_1	CAACGTACATGTAGAA-1
903	409	0.625	CCTATCGAGGATACAT-1_1	AGGACGAGTCCTTCAC-1
903	393	0.1875	CCTATCGAGGATACAT-1_1	AGCTATGCAAACCCTA-1
904	1420	0.3125	CCTATCGCAAGGATGC-1_1	GCGGGTTTCGAGGTAG-1
904	2077	0.1875	CCTATCGCAAGGATGC-1_1	TGAGTCAAGAGAAGCA-1
904	838	0.1875	CCTATCGCAAGGATGC-1_1	CCTTAATAGGTTCTCA-1
905	35	1	CCTATCGCAGACCTGC-1_1	AAAGGGCTCACCCTTG-1
905	2148	0.9375	CCTATCGCAGACCTGC-1_1	TGGAAGGCACAGATGG-1
905	907	0.3125	CCTATCGCAGACCTGC-1_1	CGGTGCAGTTTGTGAC-1
906	413	0.6875	CCTCACAGTCTGTGCG-1_1	AGGCCCAGTGTGAGGT-1
906	970	0.125	CCTCACAGTCTGTGCG-1_1	CTCACCAGTCCCTTTG-1
907	840	0.3125	CCTCAGTAGAAGCCAC-1_1	CCTTAATCATCCTCGT-1
909	261	0.4375	CCTCAGTGTCTGCATA-1_1	ACGGATTGTTACTTTC-1
909	1188	0.5	CCTCAGTGTCTGCATA-1_1	GAGACTTAGAGGAATG-1
909	1681	0.375	CCTCAGTGTCTGCATA-1_1	GTGCCAGTCGATCTTT-1
910	2251	0	CCTCAGTGTGTGAATA-1_1	TTACTCATCCTAGAGT-1
911	171	1	CCTCAGTTCCACATAG-1_1	ACAAACCGTATTCTTC-1
911	1430	0.3125	CCTCAGTTCCACATAG-1_1	GCGTAGCGTCTGGGAA-1
912	2350	0.5	CCTCAGTTCGACGAGA-1_1	TTGCTATAGGCAATTA-1
912	1632	0.8125	CCTCAGTTCGACGAGA-1_1	GTCACAATCTTGTCAT-1
913	142	1	CCTCATGCATCATTTC-1_1	AATGCCACAGCGTGAA-1
913	453	1	CCTCATGCATCATTTC-1_1	AGTTACGAGGAATGGA-1
914	502	0.5	CCTCATGGTCGTCTCT-1_1	ATCCTGCTCTGTGTCC-1
914	190	0.8125	CCTCATGGTCGTCTCT-1_1	ACAATCGTCTTCACTA-1
915	805	0.375	CCTCATGGTCGTTTCC-1_1	CCCTGATAGACCATAA-1
915	571	0.4375	CCTCATGGTCGTTTCC-1_1	CAAAGCTTCCACGCTT-1
915	1978	0.6875	CCTCATGGTCGTTTCC-1_1	TCACTCGTCTTCGTTA-1
916	1368	0.4375	CCTCATGGTGCACGCT-1_1	GCGAGAACACTGAAGG-1
917	1849	0.5	CCTCCAAAGCGTGCCT-1_1	TAGCACATCCCACTTG-1
917	2342	0.1875	CCTCCAAAGCGTGCCT-1_1	TTGCCCAGTAAACCCT-1
917	71	0.3125	CCTCCAAAGCGTGCCT-1_1	AACCGATGTTTGATCG-1
918	614	1	CCTCCAAAGGAGATAG-1_1	CACAGATTCCCTAAAG-1
918	385	0.8125	CCTCCAAAGGAGATAG-1_1	AGCGTATCACAAACGG-1
919	1715	0.75	CCTCCAACACCGTCGA-1_1	GTTACGATCTTTATCG-1
919	2147	0.625	CCTCCAACACCGTCGA-1_1	TGGAAGGCACAAGTGG-1
920	687	1	CCTCCAACAGTAACCT-1_1	CAGGATTGTAGAAAGG-1
920	1052	0.4375	CCTCCAACAGTAACCT-1_1	CTTCCAGAGATTAGAC-1
921	465	0.1875	CCTCCAAGTCTTTCTA-1_1	AGTTTGGTCGATAGGG-1
922	329	0.1875	CCTCCTCCAAGTTCGT-1_1	AGACAAATCAAACCCA-1
922	281	0.1875	CCTCCTCCAAGTTCGT-1_1	ACTAACGGTCTAAAGA-1
923	818	0.1875	CCTCCTCGTTACCGTA-1_1	CCGTGAGAGTCGGGAT-1
923	550	0.75	CCTCCTCGTTACCGTA-1_1	ATTCGTTTCTGGTACA-1
923	1890	0.5	CCTCCTCGTTACCGTA-1_1	TAGGTGTGTTTGCCCT-1
923	1595	0.625	CCTCCTCGTTACCGTA-1_1	GGTGCTGTCTTGCGCT-1
924	1125	0.75	CCTCCTCTCTTGGGCG-1_1	GAACGTTCACAGTTCA-1
925	1114	0.625	CCTCTAGCACAGTCAT-1_1	GAACCGCGTTTAGGAA-1
925	659	0.75	CCTCTAGCACAGTCAT-1_1	CACTGAACAGGCATTT-1
925	510	0.1875	CCTCTAGCACAGTCAT-1_1	ATGCATGGTAAAGGCC-1
926	985	0.25	CCTCTAGTCAAATGCC-1_1	CTCGCTAAGAGACTCG-1
928	845	0.8125	CCTCTCCCACCCTATC-1_1	CCTTGCATCCCAGCGA-1
928	981	0.125	CCTCTCCCACCCTATC-1_1	CTCATGCCAGGTAGGT-1
928	801	0.375	CCTCTCCCACCCTATC-1_1	CCCTCTCGTTCTTATC-1
929	1135	0.3125	CCTCTCCCATCACCAA-1_1	GAACTTGTCGCAGATT-1
929	2194	0.125	CCTCTCCCATCACCAA-1_1	TGTACAGTCGCTATTT-1
930	699	0.5	CCTCTCCTCCGTACGG-1_1	CAGTGCGGTACCCATA-1
930	2102	0.5	CCTCTCCTCCGTACGG-1_1	TGATTTCTCGGATAAA-1
930	1407	0.1875	CCTCTCCTCCGTACGG-1_1	GCGCCAATCTTCTTCC-1
932	1974	0.125	CCTGTTGCATGGGCAA-1_1	TCACTCGCAGCGTACC-1
933	1635	0.75	CCTGTTGGTGTTAACC-1_1	GTCACCTCAAATGCTC-1
933	443	0.625	CCTGTTGGTGTTAACC-1_1	AGTGCGCAGGACTAGC-1
933	521	0	CCTGTTGGTGTTAACC-1_1	ATGTACGTCCAGGTAT-1
934	264	0.5625	CCTGTTGGTTCACCGG-1_1	ACGTGGCAGTTACCAC-1
934	1586	0.8125	CCTGTTGGTTCACCGG-1_1	GGTCATATCCATATCT-1
934	2235	0.3125	CCTGTTGGTTCACCGG-1_1	TTACGGAAGGTTGACG-1
934	1468	0.75	CCTGTTGGTTCACCGG-1_1	GCTTAAGTCACATTCT-1
934	872	0.4375	CCTGTTGGTTCACCGG-1_1	CGCAGGTCAATTCAGC-1
936	826	1	CCTTCAGGTACTCCCT-1_1	CCTATTACAGACCTGC-1
936	671	1	CCTTCAGGTACTCCCT-1_1	CAGCTAAAGGTTGTGG-1
936	2023	1	CCTTCAGGTACTCCCT-1_1	TCGAGCGAGAACCCGA-1
936	1756	1	CCTTCAGGTACTCCCT-1_1	TAACTTCGTGGTAAGC-1
936	1194	1	CCTTCAGGTACTCCCT-1_1	GAGATTCGTATTGTCG-1
937	2312	0.6875	CCTTCAGGTGTGGACA-1_1	TTCTGTATCCATCGAA-1
938	1470	0.375	CCTTGTGAGACATGCG-1_1	GCTTGCTCACAAGGGT-1
938	654	0.5	CCTTGTGAGACATGCG-1_1	CACTAAGGTCGAGGAT-1
938	623	0.25	CCTTGTGAGACATGCG-1_1	CACCACTAGGGTCTGA-1
939	771	0.1875	CCTTTGGGTCCAGAAG-1_1	CCCACATTCAGAATGA-1
939	1708	0.3125	CCTTTGGGTCCAGAAG-1_1	GTGTGATAGCGTCAAG-1
939	588	0.5	CCTTTGGGTCCAGAAG-1_1	CAACGTAGTCACTCTC-1
939	720	0.25	CCTTTGGGTCCAGAAG-1_1	CATGCCTCACTCCACT-1
940	876	0.625	CGAAGGAAGTCGGCCT-1_1	CGCGCAACATACTGCA-1
940	2152	0.5625	CGAAGGAAGTCGGCCT-1_1	TGGACATAGTCTAGAA-1
941	1009	0.25	CGAAGGACATTAGGCT-1_1	CTCTCGAGTGCTGTGC-1
941	2311	0.75	CGAAGGACATTAGGCT-1_1	TTCTGTAGTCATTGGT-1
942	1441	0.75	CGAAGGAGTTCGTGCG-1_1	GCTCAGGCAGGCAGAT-1
944	1094	0.5	CGAAGTTAGTCTACCA-1_1	CTTTGCGGTCCGTCGA-1
944	1648	1	CGAAGTTAGTCTACCA-1_1	GTCACTCCATCCCTTG-1
945	1127	0.125	CGAAGTTCAACTGAAA-1_1	GAACTTGAGATATGTG-1
945	2109	0.3125	CGAAGTTCAACTGAAA-1_1	TGCATTTTCACTGGTA-1
946	1789	0.375	CGAAGTTGTTGCCATA-1_1	TACCCTGAGAGAGTTT-1
946	1523	0.375	CGAAGTTGTTGCCATA-1_1	GGATGAGAGAGCTGTG-1
946	1870	0.375	CGAAGTTGTTGCCATA-1_1	TAGCGGCCATCATGTG-1
947	58	0.5	CGAAGTTGTTGGGCCT-1_1	AACATCGAGAGGCGGA-1
947	384	0.4375	CGAAGTTGTTGGGCCT-1_1	AGCGTATCAAACCTAC-1
948	440	0.3125	CGAAGTTTCCACTTCG-1_1	AGTGCCGAGACACGGT-1
948	855	0.125	CGAAGTTTCCACTTCG-1_1	CGATGATAGAGAGTAG-1
949	1937	0.4375	CGAATTGCACTCCTGT-1_1	TCAAGCATCCTAGAGT-1
949	417	0.25	CGAATTGCACTCCTGT-1_1	AGGCCTGGTGGTTCTA-1
950	1826	0.4375	CGAATTGCATTGAGGG-1_1	TACTAGGCACATGATC-1
951	129	0.125	CGAATTGGTTGCACGC-1_1	AAGGAGCTCAGGTTTG-1
954	751	0.5625	CGAGAAGCAAATCGTC-1_1	CCAGAATCACTCCCAT-1
954	1320	0.5	CGAGAAGCAAATCGTC-1_1	GCATTGAAGACACTTC-1
955	1092	0.0625	CGAGAAGGTCGGAACA-1_1	CTTTGCGCAGTTGCAT-1
955	2116	0.1875	CGAGAAGGTCGGAACA-1_1	TGCCTGTGTATATGGA-1
956	882	0.3125	CGAGAAGTCGACGATT-1_1	CGCTAGGGTCTAAGAA-1
956	1655	0.1875	CGAGAAGTCGACGATT-1_1	GTCGTAAGTATGTTCG-1
959	778	1	CGAGGAATCTGGGCGT-1_1	CCCGTTAAGGCCTCTG-1
959	1064	0.25	CGAGGAATCTGGGCGT-1_1	CTTGAAGCACTGTTAG-1
959	1852	0.0625	CGAGGAATCTGGGCGT-1_1	TAGCATGAGAATGCTA-1
959	315	0.4375	CGAGGAATCTGGGCGT-1_1	ACTGCGGGTTCTTTCA-1
961	713	0.4375	CGAGGCTAGTCAGCCC-1_1	CATAACGGTCAGACGA-1
961	1790	0.4375	CGAGGCTAGTCAGCCC-1_1	TACCCTGCAGAGAGAA-1
961	1335	0.5	CGAGGCTAGTCAGCCC-1_1	GCCAGCAAGGCAAGCT-1
962	27	0.8125	CGAGGCTAGTGATAAC-1_1	AAAGGATGTATCATGC-1
962	2259	0.0625	CGAGGCTAGTGATAAC-1_1	TTAGCGAGTGAGCTAG-1
963	865	0.6875	CGAGGCTCAGTTGCGC-1_1	CGATGATGTTTGCGAT-1
963	675	0.125	CGAGGCTCAGTTGCGC-1_1	CAGCTGGAGTAATGTG-1
963	1145	0.3125	CGAGGCTCAGTTGCGC-1_1	GAATCTGGTTTGCATG-1
964	99	0.1875	CGAGGCTCATGGTACT-1_1	AACGTACTCCCAGTAA-1
964	2193	1	CGAGGCTCATGGTACT-1_1	TGTACAGCACACACCG-1
965	1846	0.3125	CGAGGCTTCAAGGCTT-1_1	TAGCACAGTGCATTCA-1
967	2038	0.4375	CGAGGCTTCATTCATC-1_1	TCGCCTAAGCCTGTAT-1
968	178	0.6875	CGAGTGCAGATTGTGA-1_1	ACAAGCTCACGCTCAG-1
968	1879	1	CGAGTGCAGATTGTGA-1_1	TAGGTCAAGAACGCCA-1
968	1946	0.1875	CGAGTGCAGATTGTGA-1_1	TCAATTCCAAACGTTC-1
968	1544	0.375	CGAGTGCAGATTGTGA-1_1	GGCGTTGCACGCGATC-1
969	930	0.0625	CGAGTGCAGCCGAACA-1_1	CGTTCCAGTGCTTACA-1
970	1838	0.5625	CGAGTGCAGGTAAGTT-1_1	TAGACTGCAAGCACTT-1
972	2220	0.25	CGAGTGCCAGCCGTCA-1_1	TGTTAGGGTTTGTGAC-1
972	1565	0.5625	CGAGTGCCAGCCGTCA-1_1	GGGTCTGGTTACCCAA-1
972	546	0.375	CGAGTGCCAGCCGTCA-1_1	ATTCGTTAGACACTTC-1
973	1938	0.375	CGAGTGCCATTACTCT-1_1	TCAAGCATCGAGGCTC-1
973	532	0.1875	CGAGTGCCATTACTCT-1_1	ATGTTTCAGTGAATAC-1
974	1572	0.5	CGAGTGCTCAGAACCT-1_1	GGGTTATGTAGATGAT-1
974	2306	0.6875	CGAGTGCTCAGAACCT-1_1	TTCTAACTCCCAATAG-1
974	771	0.0625	CGAGTGCTCAGAACCT-1_1	CCCACATTCAGAATGA-1
974	923	0.5625	CGAGTGCTCAGAACCT-1_1	CGTGGCATCTACTTTG-1
975	751	1	CGAGTGCTCGAGCCAC-1_1	CCAGAATCACTCCCAT-1
975	2105	0.375	CGAGTGCTCGAGCCAC-1_1	TGCACCTTCTCTGCGT-1
976	270	0.375	CGAGTTACAGTGACCC-1_1	ACGTGGCTCCGCTCTA-1
977	879	0.1875	CGATCGGTCGGTTGTA-1_1	CGCGCAAGTTTAGAAG-1
978	1807	0.5	CGATGCGGTATGAAAC-1_1	TACGCAATCCTTCGAC-1
979	2164	0.1875	CGATGCGTCTGCTTTA-1_1	TGGCGCACAACGGGTA-1
981	1488	0.9375	CGATGGCCACTCCGAG-1_1	GGAATCTAGCAATAAC-1
981	567	0.75	CGATGGCCACTCCGAG-1_1	CAAAGCTCACGATATC-1
982	1481	0.375	CGCAGGTCATCATCTT-1_1	GGAACCCGTATCTAGC-1
982	1033	0.5	CGCAGGTCATCATCTT-1_1	CTGGGACCATCGAGTT-1
983	1919	0	CGCATAAAGAGGTATT-1_1	TATGTTCAGATGAGGA-1
984	1999	0.5625	CGCATAAAGGTTTGAA-1_1	TCAGTCCTCGTTCTAT-1
985	398	1	CGCATAACAACCCTCT-1_1	AGCTGATTCAGTGTAC-1
985	2143	1	CGCATAACAACCCTCT-1_1	TGCTTTATCATCGCAA-1
985	974	0.375	CGCATAACAACCCTCT-1_1	CTCAGAAGTACGCAAG-1
986	1168	0.875	CGCATGGAGCTCAGAG-1_1	GACCGACCATAGCCGC-1
988	2280	0.375	CGCCAGAAGATCGCTT-1_1	TTCATCAAGTCTGTGT-1
989	2222	0	CGCCAGAAGGCATCAG-1_1	TTAACGGTCACTGATG-1
990	2220	0.6875	CGCCAGAAGTGTCATC-1_1	TGTTAGGGTTTGTGAC-1
990	1569	0.1875	CGCCAGAAGTGTCATC-1_1	GGGTGTCCAGGCTACC-1
991	587	0.875	CGCCAGAGTCGTGCCA-1_1	CAACGTACATGTAGAA-1
992	147	0.5625	CGCCAGATCAGCCCAG-1_1	AATGGAACAGCACATT-1
992	1759	0.375	CGCCAGATCAGCCCAG-1_1	TAAGCCAGTCAGCAAG-1
992	370	0.1875	CGCCAGATCAGCCCAG-1_1	AGCCTTCCAAAGGCCA-1
992	13	0.4375	CGCCAGATCAGCCCAG-1_1	AAACTGCAGAGGTGGG-1
993	1968	0.375	CGCCAGATCTCTAGGA-1_1	TCACCTGAGAGCTCCC-1
993	369	0.75	CGCCAGATCTCTAGGA-1_1	AGCCTTCAGAGGCGGA-1
993	377	0.5625	CGCCAGATCTCTAGGA-1_1	AGCGATTCACTCCTCA-1
994	913	0.375	CGCCATTGTTAGCGGA-1_1	CGTACAACATTACCTT-1
994	64	0.25	CGCCATTGTTAGCGGA-1_1	AACCAACCACAGAAGC-1
995	12	0.5625	CGCCATTTCGTGCTCT-1_1	AAACTCGTCAACACGT-1
996	495	0.1875	CGCGTGACATTACTCT-1_1	ATCCTCGTCGGATAGG-1
997	748	0.5	CGCGTGAGTTATGACC-1_1	CCACGTTTCCATCGAA-1
997	1594	0.3125	CGCGTGAGTTATGACC-1_1	GGTGCTGCACACACCG-1
997	2288	0.4375	CGCGTGAGTTATGACC-1_1	TTCATTGCACCTGAAT-1
998	841	0.5	CGCGTGAGTTCTCTAT-1_1	CCTTAATTCCCGTATC-1
999	214	0.3125	CGCGTGATCGATCCCT-1_1	ACATGCAAGCTTCAAC-1
999	120	0	CGCGTGATCGATCCCT-1_1	AAGATAGAGCGGACAT-1
1000	1390	0.1875	CGGAACCCACGACAAG-1_1	GCGATTACACACACAT-1
1000	1869	0.5	CGGAACCCACGACAAG-1_1	TAGCCGGTCCGGAAAG-1
1000	879	0.125	CGGAACCCACGACAAG-1_1	CGCGCAAGTTTAGAAG-1
1001	1536	1	CGGAACCGTAGGCTCC-1_1	GGCGAAACAATGCATC-1
1003	473	0.4375	CGGAATTGTGATTCAC-1_1	ATAGTCGTCAATTCCT-1
1004	2128	0.3125	CGGAATTGTTGCCTAA-1_1	TGCTCACCAATGCCAT-1
1005	1176	0.625	CGGAATTTCATACGAC-1_1	GACTAACCAATGATGA-1
1006	1450	0	CGGACACAGACGCATG-1_1	GCTCCTAGTACCAAGG-1
1007	2402	0.375	CGGACACGTCGTGATT-1_1	TTTGTGTTCTCGCGTT-1
1008	530	0.1875	CGGAGAATCCGATAAC-1_1	ATGTTTCAGAAGAGTG-1
1009	1605	0.8125	CGGAGAATCTAGTCAG-1_1	GGTTGCGCACAAACAA-1
1009	1457	0.3125	CGGAGAATCTAGTCAG-1_1	GCTCGAGTCGTGTGCG-1
1010	68	0.1875	CGGCAGTTCACTGTCC-1_1	AACCAACTCCGAGAGA-1
1010	2246	0.4375	CGGCAGTTCACTGTCC-1_1	TTACTCACATGTGGGA-1
1010	33	0.25	CGGCAGTTCACTGTCC-1_1	AAAGGGCGTAGTTTGC-1
1010	2008	0.3125	CGGCAGTTCACTGTCC-1_1	TCCAGAACAGCGTGAA-1
1011	1693	0.75	CGGGACTCAAGAATGT-1_1	GTGGCGTAGTAGACCG-1
1013	983	0.3125	CGGGACTTCATTTGTC-1_1	CTCCCAAAGGTCTTTG-1
1013	1961	0.3125	CGGGACTTCATTTGTC-1_1	TCACAGAGTTTAGAAG-1
1015	528	0.625	CGGGCATCAAGTTTGC-1_1	ATGTCTTAGACACAAT-1
1015	147	0.0625	CGGGCATCAAGTTTGC-1_1	AATGGAACAGCACATT-1
1015	804	0.75	CGGGCATCAAGTTTGC-1_1	CCCTGATAGAATATCG-1
1016	284	1	CGGGCATCAGAAGCTG-1_1	ACTAACGTCCTCATTA-1
1016	754	1	CGGGCATCAGAAGCTG-1_1	CCAGAATGTCCTCAGG-1
1017	1221	1	CGGGTCAAGACCTCAT-1_1	GAGGTCCTCGTGATAC-1
1017	1852	0.1875	CGGGTCAAGACCTCAT-1_1	TAGCATGAGAATGCTA-1
1018	317	0.125	CGGGTCAAGGCTCCCA-1_1	ACTGTCCAGTCACGCC-1
1018	868	0.3125	CGGGTCAAGGCTCCCA-1_1	CGCAATACAAGGATGC-1
1019	193	0.1875	CGGGTCAAGTCTGCAT-1_1	ACAGAAAGTACGCAAG-1
1021	1081	0.5625	CGGGTCACATGTCGTA-1_1	CTTGTCGAGACTTCCA-1
1023	2132	0.875	CGGTCAGCAGTTAGGG-1_1	TGCTCGTGTCTCTAAG-1
1024	1200	0.875	CGTAAGTCAGACGATG-1_1	GAGCATTCATCGCCTT-1
1024	208	0.3125	CGTAAGTCAGACGATG-1_1	ACAGGCCCAACTCGTA-1
1025	1530	0.4375	CGTAAGTCATAATGAG-1_1	GGCACGTTCACCCGGA-1
1025	1791	0.25	CGTAAGTCATAATGAG-1_1	TACCCTGGTCACAGTT-1
1026	1612	0.75	CGTAAGTCATTAGGAA-1_1	GTAATCGCAGGCAAGT-1
1026	1502	1	CGTAAGTCATTAGGAA-1_1	GGAGAACTCGTCCCAT-1
1027	1517	0.375	CGTAAGTGTGTCATTG-1_1	GGAGTAGTCTTCTCTC-1
1029	235	0.375	CGTAAGTTCCCGTTGT-1_1	ACCCAAACAAAGCATA-1
1029	2	0.4375	CGTAAGTTCCCGTTGT-1_1	AAACGAAAGAGTGGAA-1
1030	2148	0.8125	CGTAATGGTAATGTGA-1_1	TGGAAGGCACAGATGG-1
1030	1279	1	CGTAATGGTAATGTGA-1_1	GCACGCAAGTATGGGC-1
1030	1503	1	CGTAATGGTAATGTGA-1_1	GGAGAACTCTGACATG-1
1030	1423	0.5	CGTAATGGTAATGTGA-1_1	GCGGTGTCAGAGATGC-1
1030	35	0.75	CGTAATGGTAATGTGA-1_1	AAAGGGCTCACCCTTG-1
1032	2035	0.9375	CGTAGTAGTTAAGGGC-1_1	TCGCAGGCACACATGT-1
1032	1106	0.3125	CGTAGTAGTTAAGGGC-1_1	GAAATGAGTCAGTGTT-1
1032	1634	0.375	CGTAGTAGTTAAGGGC-1_1	GTCACCTCAAACCCTA-1
1033	2345	1	CGTAGTATCCCGAGAC-1_1	TTGCGAATCAAGAGGC-1
1033	1685	0.75	CGTAGTATCCCGAGAC-1_1	GTGCTGGAGGTTGACG-1
1033	1998	0.3125	CGTAGTATCCCGAGAC-1_1	TCAGTCCTCCCGTAGG-1
1033	943	0.5	CGTAGTATCCCGAGAC-1_1	CTACTTACAGGCAGAT-1
1035	304	0.0625	CGTCAAAGTAGCTCGC-1_1	ACTAGGTTCTCTCAAT-1
1035	1121	0.8125	CGTCAAAGTAGCTCGC-1_1	GAACCTAAGTACTCTG-1
1036	979	0.5625	CGTCAAAGTGACATCT-1_1	CTCAGCTGTTCCATCC-1
1036	2339	0.3125	CGTCAAAGTGACATCT-1_1	TTGCCCACAACAAACA-1
1036	98	0.375	CGTCAAAGTGACATCT-1_1	AACGTACGTCGAGAAC-1
1036	1163	0.125	CGTCAAAGTGACATCT-1_1	GACCCAGGTCAGGCTC-1
1037	1725	0.375	CGTCAAAGTTGCCGCA-1_1	GTTATTCTCTCCTTAA-1
1037	1013	0.625	CGTCAAAGTTGCCGCA-1_1	CTGAATGCAAAGAGAG-1
1037	2290	0.3125	CGTCAAAGTTGCCGCA-1_1	TTCATTGGTGGTAGAC-1
1038	58	0.5625	CGTCAAAGTTGTGTTG-1_1	AACATCGAGAGGCGGA-1
1038	1691	0.125	CGTCAAAGTTGTGTTG-1_1	GTGGCGTAGAGCTGTG-1
1038	554	0.5625	CGTCAAAGTTGTGTTG-1_1	ATTGTGGAGACGAAAG-1
1040	107	1	CGTCCATCACATGACT-1_1	AACTGTGGTGCCGGTT-1
1041	2215	0.0625	CGTGAATTCACATCAG-1_1	TGTTAGGGTGATCAGG-1
1043	404	1	CGTGCTTGTACCTAGT-1_1	AGCTGTAGTACGACCC-1
1044	1065	0.4375	CGTGCTTGTCACAATC-1_1	CTTGAAGTCAGGGTTT-1
1045	1492	0.625	CGTGCTTTCATTTGTC-1_1	GGAATCTGTGATAGAT-1
1046	2352	0.5	CGTGTCTTCCGTATGA-1_1	TTGCTATGTCATAGAA-1
1046	1517	0	CGTGTCTTCCGTATGA-1_1	GGAGTAGTCTTCTCTC-1
1047	1470	0.625	CGTTAGACAATGTTGC-1_1	GCTTGCTCACAAGGGT-1
1047	1055	0.625	CGTTAGACAATGTTGC-1_1	CTTCCAGCATCGGCCA-1
1048	2035	0.6875	CGTTCTGAGGGAGTTC-1_1	TCGCAGGCACACATGT-1
1050	2016	0.1875	CGTTGGGGTATCGTTG-1_1	TCCATCGGTTAGGAAT-1
1050	1887	0.5625	CGTTGGGGTATCGTTG-1_1	TAGGTGTAGGGTGTTG-1
1051	798	0.5	CTAACCCAGTAGATCA-1_1	CCCTCTCCAACTTGGT-1
1051	260	0.8125	CTAACCCAGTAGATCA-1_1	ACGGATTGTCACTCTC-1
1051	1136	0.375	CTAACCCAGTAGATCA-1_1	GAAGAGCAGAGAAGCA-1
1052	935	1	CTAACCCAGTCATCGT-1_1	CTAACTTGTTCCTATT-1
1053	1534	0.625	CTAACCCCAAGGCCTC-1_1	GGCATTAGTTCCAATG-1
1053	952	0.125	CTAACCCCAAGGCCTC-1_1	CTACTTATCGATGTGT-1
1054	672	0.5	CTAACCCCAGCCTATA-1_1	CAGCTAAGTTAGAGAT-1
1055	1555	0.875	CTAACCCCATATCGGT-1_1	GGGCCATAGCTGAAAT-1
1056	579	1	CTAACCCGTCATAGTC-1_1	CAACGGCGTAGCGAGT-1
1056	487	1	CTAACCCGTCATAGTC-1_1	ATCCCTGGTGATTCCA-1
1056	1218	0.75	CTAACCCGTCATAGTC-1_1	GAGGTCCCATCTCTCG-1
1056	1018	1	CTAACCCGTCATAGTC-1_1	CTGCGTTGTGCGCTCA-1
1057	132	0.5625	CTAACCCGTGCCCGTA-1_1	AAGGAGCTCGATGTAC-1
1059	61	0.75	CTAACTTTCGCTACGG-1_1	AACCAACAGAGTTTGA-1
1059	200	0.625	CTAACTTTCGCTACGG-1_1	ACAGACTCATTAGCCA-1
1059	437	0.3125	CTAACTTTCGCTACGG-1_1	AGTCCGGTCTATCTTG-1
1060	1668	0.25	CTAAGTGCATGGGTTT-1_1	GTGATCACAAGGAGGG-1
1060	875	0.3125	CTAAGTGCATGGGTTT-1_1	CGCGCAAAGATAGGTT-1
1060	53	0.9375	CTAAGTGCATGGGTTT-1_1	AACAGTCGTAAACCCT-1
1061	819	0.5625	CTACAGAAGCTCGTGC-1_1	CCGTGAGTCCATACCC-1
1062	1309	1	CTACAGACAGAATCGG-1_1	GCAGCTGGTAATGTGA-1
1063	672	0.875	CTACAGAGTACCGTCG-1_1	CAGCTAAGTTAGAGAT-1
1063	1222	0.625	CTACAGAGTACCGTCG-1_1	GAGTGAGAGAGACTCG-1
1063	824	0.5	CTACAGAGTACCGTCG-1_1	CCTATTAAGCGATACG-1
1063	253	0.1875	CTACAGAGTACCGTCG-1_1	ACCGGGTGTCTAAGAA-1
1064	2094	0.75	CTACAGAGTCTCAGGC-1_1	TGATGCAGTTCTTTCA-1
1065	1894	0.8125	CTACAGATCCAACCAA-1_1	TAGTCCCCAAATAGTG-1
1065	269	0.625	CTACAGATCCAACCAA-1_1	ACGTGGCGTTTGACCA-1
1066	174	0.1875	CTACATTAGCGCTGAA-1_1	ACAAAGAGTCCATTGA-1
1066	1998	0.375	CTACATTAGCGCTGAA-1_1	TCAGTCCTCCCGTAGG-1
1066	578	0.3125	CTACATTAGCGCTGAA-1_1	CAACGGCAGTCCAGAG-1
1067	899	0.6875	CTACATTGTGACTCTA-1_1	CGGACCATCGCCGAAC-1
1067	420	0.125	CTACATTGTGACTCTA-1_1	AGGCGAACAACGGACA-1
1067	1303	0.375	CTACATTGTGACTCTA-1_1	GCAGCCACAGGCACAA-1
1067	1315	0.4375	CTACATTGTGACTCTA-1_1	GCATGATGTTCCCGGA-1
1067	995	0	CTACATTGTGACTCTA-1_1	CTCTACGTCCCACTAC-1
1069	2132	1	CTACCTGAGGCCACTC-1_1	TGCTCGTGTCTCTAAG-1
1070	777	0.875	CTACCTGCACACTTAG-1_1	CCCGTTAAGATCTCAC-1
1070	2064	0.5	CTACCTGCACACTTAG-1_1	TGACAACGTAAACGAT-1
1070	2017	0.125	CTACCTGCACACTTAG-1_1	TCCATCGGTTGGTAAA-1
1070	1703	0.0625	CTACCTGCACACTTAG-1_1	GTGTCCTCACTGTTAG-1
1071	1339	0.625	CTACCTGGTTACCTTT-1_1	GCCAGCATCAAGTTGC-1
1071	2397	0.25	CTACCTGGTTACCTTT-1_1	TTTGGTTTCGCGTTCT-1
1072	197	0.1875	CTACGGGAGTTCGGTT-1_1	ACAGACTCAACGCAAG-1
1072	2016	0.75	CTACGGGAGTTCGGTT-1_1	TCCATCGGTTAGGAAT-1
1072	104	0.5625	CTACGGGAGTTCGGTT-1_1	AACTGGTTCGTTCAGA-1
1072	488	0.625	CTACGGGAGTTCGGTT-1_1	ATCCCTGTCACTCCCA-1
1074	284	1	CTACGGGGTTGCACGC-1_1	ACTAACGTCCTCATTA-1
1074	2267	0.9375	CTACGGGGTTGCACGC-1_1	TTAGCTTGTCCAACCG-1
1074	754	1	CTACGGGGTTGCACGC-1_1	CCAGAATGTCCTCAGG-1
1074	231	1	CTACGGGGTTGCACGC-1_1	ACCATCCTCAGTTGAC-1
1075	668	0.3125	CTACGGGTCGAGTGAG-1_1	CAGCCTTTCGCTACCT-1
1077	594	0.75	CTACTATGTACAACGG-1_1	CAAGAAACAGGTTATC-1
1077	1487	0.9375	CTACTATGTACAACGG-1_1	GGAACTTGTCTGCGCA-1
1078	1968	0.5625	CTACTATGTATGTCCA-1_1	TCACCTGAGAGCTCCC-1
1078	1505	0.125	CTACTATGTATGTCCA-1_1	GGAGGATCAGCACATT-1
1079	1282	0.25	CTACTATGTCTCAGAT-1_1	GCACGCATCACAGGGA-1
1085	1459	0.875	CTATAGGTCCCTGGTT-1_1	GCTGAGCGTTACTACG-1
1085	1840	0.0625	CTATAGGTCCCTGGTT-1_1	TAGACTGCAGATACAA-1
1086	1232	0.625	CTATCCGAGATAGCAT-1_1	GATCGTAAGGTACATA-1
1087	2007	1	CTATCCGTCAGATTGC-1_1	TCCAGAAAGCTCCGGT-1
1087	1562	1	CTATCCGTCAGATTGC-1_1	GGGTCTGCACGCGCAT-1
1088	1433	0.25	CTATCCGTCCCGAACG-1_1	GCGTTGGCAGGTGGTA-1
1089	1701	0.3125	CTATCTAAGCATCCCG-1_1	GTGTCAATCGAGGTCC-1
1089	1519	0.5	CTATCTAAGCATCCCG-1_1	GGATAGGCATGACTGT-1
1090	1007	0.625	CTCAAGAAGAGAGAAC-1_1	CTCTCGAAGACACTTC-1
1090	2141	0.5625	CTCAAGAAGAGAGAAC-1_1	TGCTTTAGTCAGTGTT-1
1090	929	0	CTCAAGAAGAGAGAAC-1_1	CGTTCCAGTATTCGCA-1
1091	2035	0.9375	CTCAATTCACTCATAG-1_1	TCGCAGGCACACATGT-1
1091	1860	0.5	CTCAATTCACTCATAG-1_1	TAGCCCTCACAGCCAC-1
1091	743	0.3125	CTCAATTCACTCATAG-1_1	CCAATGACAGTCAGAG-1
1091	1201	0.9375	CTCAATTCACTCATAG-1_1	GAGCATTGTTGGCTTA-1
1092	1344	0.8125	CTCAATTGTATTCCGA-1_1	GCCATAAGTAGCATGG-1
1092	1704	1	CTCAATTGTATTCCGA-1_1	GTGTCCTTCACTACCC-1
1092	2171	1	CTCAATTGTATTCCGA-1_1	TGGCGCATCGTGATAC-1
1092	900	1	CTCAATTGTATTCCGA-1_1	CGGACTGCATACCCGG-1
1093	2046	0.125	CTCACTGAGTTGTCAC-1_1	TCGGGACTCCGCGATG-1
1093	1424	0.125	CTCACTGAGTTGTCAC-1_1	GCGGTGTGTTCCCTTG-1
1094	1374	0.375	CTCACTGCAGGATCTT-1_1	GCGAGTCAGTTGACAA-1
1095	2022	0.8125	CTCACTGCATTATGCG-1_1	TCCGACTGTAAGGTCG-1
1096	2226	0.4375	CTCACTGTCCAAGCTA-1_1	TTACCCGCAATCACTG-1
1096	1318	0.5	CTCACTGTCCAAGCTA-1_1	GCATTCCTCCGAGAGA-1
1096	1334	0.375	CTCACTGTCCAAGCTA-1_1	GCCAGCAAGCACACCC-1
1097	328	0.0625	CTCACTGTCTCGCAGG-1_1	AGACAAAGTGGACGAT-1
1097	1419	0.375	CTCACTGTCTCGCAGG-1_1	GCGGGTTTCCAATCCC-1
1097	899	0.6875	CTCACTGTCTCGCAGG-1_1	CGGACCATCGCCGAAC-1
1097	473	0.75	CTCACTGTCTCGCAGG-1_1	ATAGTCGTCAATTCCT-1
1098	935	0.9375	CTCACTGTCTGTCCGT-1_1	CTAACTTGTTCCTATT-1
1098	1258	0.1875	CTCACTGTCTGTCCGT-1_1	GATTGACCAGCTTACA-1
1099	1195	0.0625	CTCAGAAAGGTGGCTA-1_1	GAGATTCGTCCCGAGT-1
1101	525	1	CTCAGAATCTGATGGT-1_1	ATGTCGAGTAATGCCT-1
1101	1459	1	CTCAGAATCTGATGGT-1_1	GCTGAGCGTTACTACG-1
1102	1896	0.125	CTCAGGGGTGGAACCA-1_1	TAGTCCCGTGAGGGTT-1
1103	1635	0.5	CTCAGTCCAATGCTCA-1_1	GTCACCTCAAATGCTC-1
1103	2038	0.3125	CTCAGTCCAATGCTCA-1_1	TCGCCTAAGCCTGTAT-1
1105	1185	0.375	CTCATCGAGTCTAACC-1_1	GAGAACGCACCTCGTT-1
1107	433	0.125	CTCATCGGTGCCTAAT-1_1	AGTCAACTCGCACCTT-1
1107	2239	0.375	CTCATCGGTGCCTAAT-1_1	TTACGTTAGGTAAGCC-1
1108	2194	0.1875	CTCATCGTCACGGACC-1_1	TGTACAGTCGCTATTT-1
1108	2070	0.125	CTCATCGTCACGGACC-1_1	TGACTCCGTTTGCCAA-1
1108	1515	0.4375	CTCATCGTCACGGACC-1_1	GGAGTAGTCTAGCAGT-1
1109	398	1	CTCATCGTCGCCACTT-1_1	AGCTGATTCAGTGTAC-1
1109	2273	1	CTCATCGTCGCCACTT-1_1	TTAGGTGGTGCGTCCA-1
1109	1849	0.5	CTCATCGTCGCCACTT-1_1	TAGCACATCCCACTTG-1
1109	671	1	CTCATCGTCGCCACTT-1_1	CAGCTAAAGGTTGTGG-1
1111	608	1	CTCATGCCAGCTTCGG-1_1	CACAACACAAGGACCA-1
1112	1003	0.25	CTCATGCGTTTCCCAC-1_1	CTCTCAGAGAATGCTA-1
1113	380	0.0625	CTCATGCTCCGCAAAT-1_1	AGCGATTGTTCTTAGG-1
1113	1814	0.1875	CTCATGCTCCGCAAAT-1_1	TACGCCTTCATGTTCT-1
1113	1356	0.75	CTCATGCTCCGCAAAT-1_1	GCCTACTAGGTTAACA-1
1114	2276	0.8125	CTCATGCTCGCTCTAC-1_1	TTATGTCTCTTGTCGC-1
1114	992	0.625	CTCATGCTCGCTCTAC-1_1	CTCTACGAGTTCCCGG-1
1115	2312	0.1875	CTCATTAAGCAATAGT-1_1	TTCTGTATCCATCGAA-1
1115	1808	0.75	CTCATTAAGCAATAGT-1_1	TACGCCTAGAGAATTC-1
1116	758	0.8125	CTCATTACATGTTCGA-1_1	CCAGATAGTCCAAGAG-1
1116	1151	0.1875	CTCATTACATGTTCGA-1_1	GACCAATGTAACCGAG-1
1116	586	0.5	CTCATTACATGTTCGA-1_1	CAACGTACACTAAACC-1
1116	414	0.375	CTCATTACATGTTCGA-1_1	AGGCCTGCACGATATC-1
1117	2316	0.75	CTCATTATCGCTTGAA-1_1	TTGACGATCAGGTTTG-1
1117	2362	0.125	CTCATTATCGCTTGAA-1_1	TTGTCTAGTGAGTCGA-1
1117	1440	0.0625	CTCATTATCGCTTGAA-1_1	GCTCAGGAGTCCGTGC-1
1118	647	1	CTCCAACAGCACGATG-1_1	CACGTTCAGAACGCCA-1
1120	1591	0.0625	CTCCACACACTGCATA-1_1	GGTGAAGGTTTAAGGA-1
1121	1705	1	CTCCACAGTAACGGTG-1_1	GTGTCCTTCAGTGTAC-1
1121	1319	0.875	CTCCACAGTAACGGTG-1_1	GCATTCCTCGTCTAGA-1
1121	1046	0.875	CTCCACAGTAACGGTG-1_1	CTTAATCCATAGACGG-1
1122	998	0.4375	CTCCACAGTCCGAAGA-1_1	CTCTAGCAGTAACTCC-1
1122	1611	0.5	CTCCACAGTCCGAAGA-1_1	GTAATCGAGTCCGTGC-1
1122	1983	0.5	CTCCACAGTCCGAAGA-1_1	TCAGGGCGTTTCGATG-1
1122	1972	0.3125	CTCCACAGTCCGAAGA-1_1	TCACTCGCAAGCCAGA-1
1122	34	0.9375	CTCCACAGTCCGAAGA-1_1	AAAGGGCGTTACACTG-1
1123	1613	0.5	CTCCACATCTCTATGT-1_1	GTAATCGCAGTTAAAG-1
1123	810	0.25	CTCCACATCTCTATGT-1_1	CCGCATTTCTATTGTC-1
1124	1237	0.9375	CTCCATGAGAAACCAT-1_1	GATCGTAGTACTAGAA-1
1125	300	0.1875	CTCCATGAGAGTCTGG-1_1	ACTACGATCACATTCT-1
1125	71	0.3125	CTCCATGAGAGTCTGG-1_1	AACCGATGTTTGATCG-1
1125	1690	0.125	CTCCATGAGAGTCTGG-1_1	GTGGATTTCGCTGATA-1
1125	1266	0.125	CTCCATGAGAGTCTGG-1_1	GCAAAGGTCAGTCTTT-1
1126	784	0.25	CTCCATGAGGACTGGT-1_1	CCCTAACCAACTTGGT-1
1127	2219	0.25	CTCCCAAAGCGCCTTG-1_1	TGTTAGGGTTGCTTGA-1
1127	2305	0.8125	CTCCCAAAGCGCCTTG-1_1	TTCTAACTCAGTCTTT-1
1128	1263	0.125	CTCCCAACAGTGACCC-1_1	GCAAAGGAGGCCAATG-1
1129	2017	0.4375	CTCCTCCGTACGTACT-1_1	TCCATCGGTTGGTAAA-1
1129	2236	0.4375	CTCCTCCGTACGTACT-1_1	TTACGGAAGTGATAAC-1
1130	1468	0.6875	CTCCTCCGTCACCTTC-1_1	GCTTAAGTCACATTCT-1
1130	1780	0.625	CTCCTCCGTCACCTTC-1_1	TACAGCATCTGTTTAC-1
1130	519	0.25	CTCCTCCGTCACCTTC-1_1	ATGTACGGTAACATAG-1
1131	389	0.25	CTCCTCCTCATTACCT-1_1	AGCGTGCCACCCATCT-1
1131	1835	0.25	CTCCTCCTCATTACCT-1_1	TACTGCCTCCAGGGAA-1
1132	2288	0.4375	CTCCTCCTCGACGTCG-1_1	TTCATTGCACCTGAAT-1
1133	1125	0.6875	CTCCTTTAGCTCCGAC-1_1	GAACGTTCACAGTTCA-1
1133	434	0.75	CTCCTTTAGCTCCGAC-1_1	AGTCCGGCATAGATAG-1
1133	2315	0.875	CTCCTTTAGCTCCGAC-1_1	TTGACGAGTCAGAAAT-1
1133	280	0.9375	CTCCTTTAGCTCCGAC-1_1	ACTAACGAGCCATCAT-1
1134	1044	1	CTCCTTTCACTGTTCC-1_1	CTGTTCGGTCCCGTGA-1
1135	662	1	CTCCTTTTCCACTTCG-1_1	CACTGAATCCCGAAGC-1
1135	1756	1	CTCCTTTTCCACTTCG-1_1	TAACTTCGTGGTAAGC-1
1135	1459	1	CTCCTTTTCCACTTCG-1_1	GCTGAGCGTTACTACG-1
1135	595	1	CTCCTTTTCCACTTCG-1_1	CAAGAAAGTTACTTTC-1
1135	1194	1	CTCCTTTTCCACTTCG-1_1	GAGATTCGTATTGTCG-1
1136	496	0.1875	CTCCTTTTCCAGCACG-1_1	ATCCTCGTCTTCACTA-1
1136	1426	0.1875	CTCCTTTTCCAGCACG-1_1	GCGTAGCCAAGGTCGA-1
1137	806	0.25	CTCGAGGCAAGACCGA-1_1	CCCTGATTCTCTATTG-1
1138	80	0.25	CTCTCAGTCATTGCCC-1_1	AACCTTTAGGGAGATA-1
1139	474	0.625	CTCTCGAGTGAATGTA-1_1	ATAGTCGTCTGACTTT-1
1139	1072	0.5	CTCTCGAGTGAATGTA-1_1	CTTGCCAGTCAGGCTC-1
1139	758	0.4375	CTCTCGAGTGAATGTA-1_1	CCAGATAGTCCAAGAG-1
1140	1657	0.6875	CTCTCGAGTTCTCGTC-1_1	GTCGTAATCCGCCTAT-1
1140	1906	0.875	CTCTCGAGTTCTCGTC-1_1	TATCTGTAGATCGAGC-1
1140	1340	0.875	CTCTCGAGTTCTCGTC-1_1	GCCATAAAGAAGACTT-1
1140	122	1	CTCTCGAGTTCTCGTC-1_1	AAGATAGCATGGTTTG-1
1144	931	0.625	CTGAGGCCATCTCAAG-1_1	CGTTCCATCTGTTGCC-1
1146	1833	0.3125	CTGAGGCGTTGTCAGT-1_1	TACTGCCGTCTAAGAA-1
1147	1964	1	CTGAGGCTCCAAAGGG-1_1	TCACCACCATCAGCTA-1
1147	583	1	CTGAGGCTCCAAAGGG-1_1	CAACGGCTCTCCAACC-1
1147	740	1	CTGAGGCTCCAAAGGG-1_1	CATTGGAGTACATGGG-1
1148	1581	0.625	CTGAGGCTCCCGTTGT-1_1	GGTAGGATCCTCTCTT-1
1148	1314	0.9375	CTGAGGCTCCCGTTGT-1_1	GCATGATGTGGCCTTG-1
1149	297	0.875	CTGATCCAGAACGTGC-1_1	ACTACGACACCTCGTT-1
1149	1030	0.75	CTGATCCAGAACGTGC-1_1	CTGGCAGTCCCAATGA-1
1151	804	0.75	CTGATCCCACCCAATA-1_1	CCCTGATAGAATATCG-1
1152	464	0.4375	CTGATCCCATCTCGTC-1_1	AGTTTGGGTAATGTAG-1
1153	1458	0.4375	CTGATCCGTCTGTGCG-1_1	GCTGAGCCACCACGAC-1
1154	837	0.375	CTGCAGGGTATTGAGA-1_1	CCTTAATAGACCAATA-1
1154	226	0.125	CTGCAGGGTATTGAGA-1_1	ACCAAACGTGTGTGTT-1
1156	743	0.25	CTGCATCTCAACTGGT-1_1	CCAATGACAGTCAGAG-1
1156	466	0.125	CTGCATCTCAACTGGT-1_1	ATAGGCTAGAAGCCTG-1
1156	2234	0.5	CTGCATCTCAACTGGT-1_1	TTACCGCTCCCGATTC-1
1157	2328	0.5625	CTGCATCTCAGTCTTT-1_1	TTGCACCTCGCGTTCT-1
1157	322	0.375	CTGCATCTCAGTCTTT-1_1	ACTTCCGAGGAAGGTA-1
1157	48	0.3125	CTGCATCTCAGTCTTT-1_1	AACAAAGCAGTGCGAA-1
1157	546	0.3125	CTGCATCTCAGTCTTT-1_1	ATTCGTTAGACACTTC-1
1159	2155	0.3125	CTGCCATCAGGTTCCG-1_1	TGGACATGTTTCTCTA-1
1159	431	0.3125	CTGCCATCAGGTTCCG-1_1	AGTCAACAGTTCCCGG-1
1160	830	0.3125	CTGCCATCATCAGTCA-1_1	CCTGCTAAGCATTCCA-1
1160	1334	0.25	CTGCCATCATCAGTCA-1_1	GCCAGCAAGCACACCC-1
1160	2027	0.1875	CTGCCATCATCAGTCA-1_1	TCGATTTAGCATTCCA-1
1162	2105	0.875	CTGCCTACACCTGCAG-1_1	TGCACCTTCTCTGCGT-1
1163	660	0.75	CTGCCTAGTCCGGTGT-1_1	CACTGAAGTAGGGTCA-1
1163	1806	0.375	CTGCCTAGTCCGGTGT-1_1	TACGCAAGTAAACGGC-1
1163	2269	0.5	CTGCCTAGTCCGGTGT-1_1	TTAGCTTTCTGACATG-1
1164	2360	0.1875	CTGCCTAGTTATCCAG-1_1	TTGGTCCCAGGTCTGC-1
1164	496	0.125	CTGCCTAGTTATCCAG-1_1	ATCCTCGTCTTCACTA-1
1164	823	0.5	CTGCCTAGTTATCCAG-1_1	CCTAAAGTCAGTACAC-1
1164	1513	0.125	CTGCCTAGTTATCCAG-1_1	GGAGTAGGTATGCTAC-1
1166	2278	0.375	CTGCGAGCAAGCTACT-1_1	TTCAACTCACGAACGA-1
1166	152	0.25	CTGCGAGCAAGCTACT-1_1	AATGGAATCCCAATAG-1
1167	763	0.8125	CTGCGAGTCCGCGAGT-1_1	CCATACCCACTCCTCA-1
1167	2235	0.125	CTGCGAGTCCGCGAGT-1_1	TTACGGAAGGTTGACG-1
1168	2289	0.375	CTGCTCACAGTACTAC-1_1	TTCATTGGTATTCTTC-1
1169	982	1	CTGCTCATCCAATCTT-1_1	CTCATGCTCCTCATTA-1
1170	69	0.6875	CTGCTCATCGCATAGT-1_1	AACCGATAGGTCTTTG-1
1170	1488	0.375	CTGCTCATCGCATAGT-1_1	GGAATCTAGCAATAAC-1
1170	1970	0.4375	CTGCTCATCGCATAGT-1_1	TCACCTGTCTAAACGC-1
1170	1789	0.5625	CTGCTCATCGCATAGT-1_1	TACCCTGAGAGAGTTT-1
1171	1651	0.75	CTGGACGAGCGCAATG-1_1	GTCCATCAGTACAGTA-1
1172	2100	0.5	CTGGACGAGTGGAAAG-1_1	TGATTTCGTTGGACGA-1
1172	746	0.25	CTGGACGAGTGGAAAG-1_1	CCACAGGTCCTGTAGA-1
1172	1923	0.4375	CTGGACGAGTGGAAAG-1_1	TATTGCTGTGCTTACA-1
1173	1216	0.6875	CTGGACGCAATAGTCC-1_1	GAGGCTCTCGCGTGAC-1
1173	46	0.3125	CTGGACGCAATAGTCC-1_1	AACAAAGCAACGACAG-1
1174	372	1	CTGGCAGAGGGCCTCT-1_1	AGCCTTCCAGGTGGTA-1
1174	93	0.6875	CTGGCAGAGGGCCTCT-1_1	AACGGGAAGTTGAATG-1
1174	2294	1	CTGGCAGAGGGCCTCT-1_1	TTCGCGTAGGACTAGC-1
1174	2010	0.75	CTGGCAGAGGGCCTCT-1_1	TCCAGAAGTACTAGAA-1
1175	1203	0.625	CTGGCAGCACGCCAGT-1_1	GAGCGCTAGTCGACCC-1
1175	2079	0.6875	CTGGCAGCACGCCAGT-1_1	TGAGTCACAGCAAACG-1
1175	1636	0.5625	CTGGCAGCACGCCAGT-1_1	GTCACCTCAAGGACCA-1
1175	1798	0.375	CTGGCAGCACGCCAGT-1_1	TACCTCGCAAGCAACG-1
1175	2108	0.3125	CTGGCAGCACGCCAGT-1_1	TGCATTTAGCGTTAGG-1
1176	1906	0.6875	CTGGCAGGTGAGGCAT-1_1	TATCTGTAGATCGAGC-1
1177	1149	0.0625	CTGGCAGGTGCGAGTA-1_1	GACCAATCACACACAT-1
1177	316	0.375	CTGGCAGGTGCGAGTA-1_1	ACTGCGGTCTGATCTT-1
1177	326	0.3125	CTGGCAGGTGCGAGTA-1_1	AGACAAAAGGAGGCGA-1
1178	1530	0.5625	CTGGCAGGTTCGCGTG-1_1	GGCACGTTCACCCGGA-1
1178	1089	0.8125	CTGGCAGGTTCGCGTG-1_1	CTTGTCGGTGGTAGAC-1
1179	1563	0.875	CTGGCAGTCGGCGATC-1_1	GGGTCTGGTGCATTCA-1
1180	1191	0.5625	CTGGTCTTCGCTCATC-1_1	GAGATTCAGGGATCCA-1
1180	551	0.125	CTGGTCTTCGCTCATC-1_1	ATTGTCTAGAAGGGCG-1
1180	491	0.1875	CTGGTCTTCGCTCATC-1_1	ATCCTCGAGGAAACTT-1
1181	2216	1	CTGTACCAGCCTGTGC-1_1	TGTTAGGGTGCAAGCA-1
1181	1482	0.25	CTGTACCAGCCTGTGC-1_1	GGAACCCTCCCGTAGG-1
1181	2123	0.3125	CTGTACCAGCCTGTGC-1_1	TGCGTAATCGCACCGA-1
1183	1537	0.3125	CTGTACCCATGGCACC-1_1	GGCGAAACAATGTAAG-1
1184	1907	0.5625	CTGTAGAAGAGAATCT-1_1	TATCTGTCAACCTCCT-1
1184	791	0.8125	CTGTAGAAGAGAATCT-1_1	CCCTAGTAGATGAGGA-1
1184	1539	0.25	CTGTAGAAGAGAATCT-1_1	GGCGTTGAGACGTCAG-1
1185	702	0.375	CTGTAGACACACTGGC-1_1	CAGTGCGTCGATAGGG-1
1187	1898	0.375	CTGTATTGTATCCCAA-1_1	TAGTCCCTCTGGAAGG-1
1188	1788	0.375	CTGTATTGTGCATGTT-1_1	TACATTCTCGGCTATA-1
1188	550	0.1875	CTGTATTGTGCATGTT-1_1	ATTCGTTTCTGGTACA-1
1188	1545	0.125	CTGTATTGTGCATGTT-1_1	GGCGTTGGTCGAGGAT-1
1188	547	0.5	CTGTATTGTGCATGTT-1_1	ATTCGTTAGAGCCACA-1
1189	1174	0.375	CTGTATTTCTGTTCAT-1_1	GACCTTCTCACTAGGT-1
1189	1167	0.75	CTGTATTTCTGTTCAT-1_1	GACCGACCAAACTACC-1
1189	1750	0.375	CTGTATTTCTGTTCAT-1_1	TAACGGTCAAATTCCG-1
1190	1785	0.0625	CTGTCGTAGGCATGGT-1_1	TACATTCGTAGCGGTA-1
1190	1260	0.3125	CTGTCGTAGGCATGGT-1_1	GATTGACGTCATTGCA-1
1191	1906	0.5625	CTGTGAAAGGTCGAGT-1_1	TATCTGTAGATCGAGC-1
1192	1259	0.375	CTGTGAACAATTCTCT-1_1	GATTGACGTCACAGGA-1
1192	1228	0.25	CTGTGAACAATTCTCT-1_1	GATCATGCAACAAACA-1
1193	547	0.375	CTGTGAATCATTACGG-1_1	ATTCGTTAGAGCCACA-1
1194	861	0.5	CTGTGGGCAGTCAGTT-1_1	CGATGATAGTCCGGAA-1
1194	353	0.3125	CTGTGGGCAGTCAGTT-1_1	AGCCCGATCTGTCGGG-1
1194	1562	0.0625	CTGTGGGCAGTCAGTT-1_1	GGGTCTGCACGCGCAT-1
1197	1437	0.1875	CTTACCGCAGGCGATA-1_1	GCTCACTCATTGTTCT-1
1198	2125	0.3125	CTTAGGATCCCTCATG-1_1	TGCTATTAGATGTTGA-1
1198	928	0.4375	CTTAGGATCCCTCATG-1_1	CGTTCCAGTATGGATA-1
1198	207	0.25	CTTAGGATCCCTCATG-1_1	ACAGGCCCAAAGACGC-1
1199	1456	0.625	CTTCAATAGTATTGCC-1_1	GCTCGAGGTTTCCGGG-1
1200	100	0.1875	CTTCAATGTCTTCCGT-1_1	AACGTACTCCTAGAGT-1
1200	1139	0.375	CTTCAATGTCTTCCGT-1_1	GAAGTCTGTGGACCAA-1
1201	2032	0.5625	CTTCCGAAGTGGTTCT-1_1	TCGATTTTCTTGGCCT-1
1201	1275	0.5625	CTTCCGAAGTGGTTCT-1_1	GCACCTTCAGTTAAAG-1
1202	1858	1	CTTCCGAGTGAGTGAC-1_1	TAGCATGTCCTCCTGA-1
1202	2257	0.5625	CTTCCGAGTGAGTGAC-1_1	TTAGCGACAATGAAAC-1
1203	1067	0.9375	CTTCCGATCCAGTTCC-1_1	CTTGCCAAGAGCGAAA-1
1205	1111	0.9375	CTTCGGTAGCTGCCTG-1_1	GAACCGCCACATTCTT-1
1205	6	0.75	CTTCGGTAGCTGCCTG-1_1	AAACGAATCGTTCAGA-1
1206	1014	0.1875	CTTCGGTTCCGTGTGG-1_1	CTGAATGCATCGCCTT-1
1206	321	0.125	CTTCGGTTCCGTGTGG-1_1	ACTGTCCTCGATGAAA-1
1206	397	0.5625	CTTCGGTTCCGTGTGG-1_1	AGCTGATGTGTCGTCG-1
1207	1549	1	CTTCTAACACGGCCAT-1_1	GGCGTTGGTTGTATCG-1
1208	1500	1	CTTCTAATCAGCCTCT-1_1	GGAGAACAGGGCTCTC-1
1208	310	1	CTTCTAATCAGCCTCT-1_1	ACTCGGGTCCAGGGAA-1
1208	595	1	CTTCTAATCAGCCTCT-1_1	CAAGAAAGTTACTTTC-1
1208	662	1	CTTCTAATCAGCCTCT-1_1	CACTGAATCCCGAAGC-1
1208	1756	1	CTTCTAATCAGCCTCT-1_1	TAACTTCGTGGTAAGC-1
1209	1118	0.9375	CTTCTCTCAAGTGGGT-1_1	GAACCGCTCTATGAGC-1
1209	1446	0.875	CTTCTCTCAAGTGGGT-1_1	GCTCCTAAGTGCAACG-1
1209	1881	1	CTTCTCTCAAGTGGGT-1_1	TAGGTCACAAGCCTTA-1
1210	796	0.3125	CTTCTCTGTTGCAAGG-1_1	CCCTCTCAGACGCCCT-1
1210	409	0.5625	CTTCTCTGTTGCAAGG-1_1	AGGACGAGTCCTTCAC-1
1210	48	0.25	CTTCTCTGTTGCAAGG-1_1	AACAAAGCAGTGCGAA-1
1211	309	0.3125	CTTCTCTTCGTCTAAG-1_1	ACTCGGGTCCACGGCA-1
1211	2256	0.125	CTTCTCTTCGTCTAAG-1_1	TTAGCGACAACAAACA-1
1211	2380	0.4375	CTTCTCTTCGTCTAAG-1_1	TTGTTGTTCTCCCTTT-1
1211	2073	0.125	CTTCTCTTCGTCTAAG-1_1	TGAGCCGGTTAAGGGC-1
1212	59	0.5625	CTTGATTCAATCCTTT-1_1	AACATCGAGATGTTGA-1
1212	2145	0.4375	CTTGATTCAATCCTTT-1_1	TGGAAGGAGTCGTACT-1
1212	796	0.3125	CTTGATTCAATCCTTT-1_1	CCCTCTCAGACGCCCT-1
1212	1636	0.5625	CTTGATTCAATCCTTT-1_1	GTCACCTCAAGGACCA-1
1213	1337	0.125	CTTGATTCAGCTCATA-1_1	GCCAGCAGTAGGTAAT-1
1213	961	0.5625	CTTGATTCAGCTCATA-1_1	CTAGGGCTCCAGGGAA-1
1213	883	0.375	CTTGATTCAGCTCATA-1_1	CGCTAGGTCGCTTGAA-1
1213	246	0	CTTGATTCAGCTCATA-1_1	ACCGCAGAGGGAGATA-1
1214	402	0.1875	CTTGATTGTCCGGACT-1_1	AGCTGTAAGTACAGTA-1
1216	380	0.3125	CTTTCAAAGCGATGAC-1_1	AGCGATTGTTCTTAGG-1
1216	1598	0.125	CTTTCAAAGCGATGAC-1_1	GGTGTCGGTACGTAAA-1
1216	469	0.375	CTTTCAAAGCGATGAC-1_1	ATAGGCTGTAGATTAG-1
1217	2338	0.625	CTTTCAAAGCTACTGT-1_1	TTGCCCAAGGATATCA-1
1217	1889	0	CTTTCAAAGCTACTGT-1_1	TAGGTGTCATTGTTCT-1
1217	982	0.875	CTTTCAAAGCTACTGT-1_1	CTCATGCTCCTCATTA-1
1218	1137	0.625	CTTTCGGCAGTGGCTC-1_1	GAAGAGCTCCCATAGA-1
1218	1147	0.125	CTTTCGGCAGTGGCTC-1_1	GAATCTGTCTTGCGCT-1
1220	1905	0.375	GAAACCTAGAGGGTGG-1_1	TATCTGTAGATCCGAG-1
1220	436	0.0625	GAAACCTAGAGGGTGG-1_1	AGTCCGGTCCTAAGTG-1
1221	1678	0.5	GAAACCTGTCCTCATC-1_1	GTGCCAGGTCAGGTGA-1
1223	2077	0.4375	GAAATGACAAGATCCT-1_1	TGAGTCAAGAGAAGCA-1
1224	1082	1	GAACGTTCACAACATC-1_1	CTTGTCGAGGCTTCGC-1
1224	515	0.3125	GAACGTTCACAACATC-1_1	ATGGATCGTTTCGTTT-1
1225	2346	0.625	GAACTGTAGGCATTTC-1_1	TTGCGGGCACGCTAAT-1
1225	2118	0.375	GAACTGTAGGCATTTC-1_1	TGCGTAACATCCATAG-1
1225	1764	0.125	GAACTGTAGGCATTTC-1_1	TAATCGGAGAAGACTT-1
1225	101	0.8125	GAACTGTAGGCATTTC-1_1	AACTGGTAGTGATAAC-1
1226	1769	1	GAACTGTAGGTAGACC-1_1	TAATCGGGTTTCCTAT-1
1226	1761	1	GAACTGTAGGTAGACC-1_1	TAAGTGCAGGTACACG-1
1226	869	1	GAACTGTAGGTAGACC-1_1	CGCAATACACTCCTCA-1
1226	1705	1	GAACTGTAGGTAGACC-1_1	GTGTCCTTCAGTGTAC-1
1226	1230	1	GAACTGTAGGTAGACC-1_1	GATCGTAAGCGAGCTA-1
1227	365	0.6875	GAACTGTCAGACTGCC-1_1	AGCCTGGGTGCAAGAC-1
1227	194	0.5625	GAACTGTCAGACTGCC-1_1	ACAGAAATCACAACAC-1
1227	1111	0.5	GAACTGTCAGACTGCC-1_1	GAACCGCCACATTCTT-1
1228	2045	1	GAACTGTGTGGTTTAC-1_1	TCGGGACTCCAACGCG-1
1228	1016	0.8125	GAACTGTGTGGTTTAC-1_1	CTGAATGGTTGCAGAG-1
1228	1850	0.125	GAACTGTGTGGTTTAC-1_1	TAGCACATCGGGTCCA-1
1229	1089	0.9375	GAAGAATCACGCTATA-1_1	CTTGTCGGTGGTAGAC-1
1229	1319	0.5625	GAAGAATCACGCTATA-1_1	GCATTCCTCGTCTAGA-1
1229	1086	0.5625	GAAGAATCACGCTATA-1_1	CTTGTCGGTACGCAAG-1
1230	434	0.875	GAAGCCCAGGTCTGGA-1_1	AGTCCGGCATAGATAG-1
1232	1344	0.4375	GAAGCCCGTTAAACCC-1_1	GCCATAAGTAGCATGG-1
1233	1943	0.8125	GAAGCCCGTTCCACGG-1_1	TCAATTCAGATCACCT-1
1233	1062	0.5	GAAGCCCGTTCCACGG-1_1	CTTGAAGAGGAGACTC-1
1233	2072	0.4375	GAAGCCCGTTCCACGG-1_1	TGAGCCGCAGCGTAGA-1
1233	2128	0.8125	GAAGCCCGTTCCACGG-1_1	TGCTCACCAATGCCAT-1
1234	1796	0.5625	GAAGCGAAGGTGCCAA-1_1	TACCTATTCTGACATG-1
1234	836	0.75	GAAGCGAAGGTGCCAA-1_1	CCTGGGATCTGAGTCA-1
1234	1477	0.4375	GAAGCGAAGGTGCCAA-1_1	GCTTTCGTCTCTCAAT-1
1234	782	0.3125	GAAGCGAAGGTGCCAA-1_1	CCCGTTATCTATGAGC-1
1235	464	0.1875	GAAGCGACAACAGTGG-1_1	AGTTTGGGTAATGTAG-1
1236	1273	0.0625	GAAGCGATCCCTTGTG-1_1	GCACCTTCAAACCGAG-1
1237	1634	0.125	GAAGGACCATAGGAGC-1_1	GTCACCTCAAACCCTA-1
1238	98	0.3125	GAAGGACTCGTTCAGA-1_1	AACGTACGTCGAGAAC-1
1238	1468	0.5	GAAGGACTCGTTCAGA-1_1	GCTTAAGTCACATTCT-1
1241	1469	0.625	GAAGTAAAGCTGCCTG-1_1	GCTTAAGTCTCGCGTT-1
1241	1014	0.5625	GAAGTAAAGCTGCCTG-1_1	CTGAATGCATCGCCTT-1
1241	2303	0.5	GAAGTAAAGCTGCCTG-1_1	TTCTAACAGGAACCGT-1
1242	1234	0.0625	GAATAGACAACAACAA-1_1	GATCGTACACATTGCA-1
1242	1846	0.3125	GAATAGACAACAACAA-1_1	TAGCACAGTGCATTCA-1
1242	1128	0.5625	GAATAGACAACAACAA-1_1	GAACTTGAGCTCGTTA-1
1243	786	0.625	GAATAGACACAAATGA-1_1	CCCTAACCATCCGTGG-1
1243	21	0.75	GAATAGACACAAATGA-1_1	AAAGATGCATGTGGGA-1
1244	823	1	GAATAGATCTCCTGAC-1_1	CCTAAAGTCAGTACAC-1
1244	2142	0.125	GAATAGATCTCCTGAC-1_1	TGCTTTAGTGGACTGA-1
1245	2312	0.125	GACACGCTCCGGACTG-1_1	TTCTGTATCCATCGAA-1
1247	557	0.5	GACAGCCGTCCTCATC-1_1	ATTTGTCAGGCAGTGT-1
1247	2208	0.375	GACAGCCGTCCTCATC-1_1	TGTGTCCAGGAGTAGA-1
1248	2296	0.4375	GACAGCCTCGACCCAG-1_1	TTCGGTCCAAATGCTC-1
1250	585	0.6875	GACAGCCTCTATGTGG-1_1	CAACGGCTCTTGTACT-1
1255	698	0.1875	GACCAATGTCGTGTTA-1_1	CAGTGCGCAACTACTG-1
1256	2279	0.8125	GACCAATGTGCTGCAC-1_1	TTCATCAAGGCGTAGT-1
1256	1488	0.75	GACCAATGTGCTGCAC-1_1	GGAATCTAGCAATAAC-1
1257	1323	0.75	GACCAATTCCGTACGG-1_1	GCATTGACACCTGTGG-1
1258	488	0.5	GACCAATTCTACCACC-1_1	ATCCCTGTCACTCCCA-1
1258	1565	0.75	GACCAATTCTACCACC-1_1	GGGTCTGGTTACCCAA-1
1258	383	1	GACCAATTCTACCACC-1_1	AGCGATTTCGGCAATT-1
1258	409	0.625	GACCAATTCTACCACC-1_1	AGGACGAGTCCTTCAC-1
1259	800	0.125	GACCCAGAGCTCACTA-1_1	CCCTCTCGTAGTGATA-1
1260	275	0.1875	GACCCTTAGGAGACCT-1_1	ACGTTAGTCCACTAGA-1
1261	1095	0	GACCCTTCACTCTCGT-1_1	CTTTGCGGTTGGGAAC-1
1262	1980	0.4375	GACCCTTCATCATCCC-1_1	TCAGCTCCACTCAAGT-1
1263	1616	0.8125	GACCCTTGTGTCCTAA-1_1	GTAATCGTCTAAGGTC-1
1264	2204	0.0625	GACCCTTTCAAGTCGT-1_1	TGTGGCGCAGGGAGTT-1
1265	1753	0.4375	GACCCTTTCCGTTGAA-1_1	TAACTTCCAGCAAACG-1
1265	1579	0.5625	GACCCTTTCCGTTGAA-1_1	GGTAGGAGTGCGTCCA-1
1266	227	0.6875	GACCGTGGTCAGTCTA-1_1	ACCAAACTCGAACACT-1
1266	1880	0.375	GACCGTGGTCAGTCTA-1_1	TAGGTCACAAATGTCC-1
1266	2051	0.5625	GACCGTGGTCAGTCTA-1_1	TCGTTCGTCTGGAAGG-1
1267	2131	1	GACCGTGTCATGTCAG-1_1	TGCTCACTCTTCCGTG-1
1267	947	0.3125	GACCGTGTCATGTCAG-1_1	CTACTTAGTATCAGCT-1
1267	886	0.75	GACCGTGTCATGTCAG-1_1	CGCTATCAGGAGACTC-1
1267	512	0.8125	GACCGTGTCATGTCAG-1_1	ATGCATGTCGATAGTC-1
1268	2160	0.375	GACCTTCAGCAAGTGC-1_1	TGGCAATTCTGAAAGA-1
1269	272	0.875	GACGCTGGTGCACATT-1_1	ACGTTAGCACAGCTTA-1
1269	249	0.8125	GACGCTGGTGCACATT-1_1	ACCGGGTCAACTCCCT-1
1270	1577	0.6875	GACGCTGTCTGCCTGT-1_1	GGTAGGAAGAAGAGTG-1
1270	1886	0.5	GACGCTGTCTGCCTGT-1_1	TAGGTGTAGACTAGGC-1
1271	812	0.3125	GACGTTAAGCTAGATA-1_1	CCGTACTCAATGTGCT-1
1272	1720	1	GACGTTACAGAATCGG-1_1	GTTACTTGTGCTTACA-1
1272	719	1	GACGTTACAGAATCGG-1_1	CATGCCTCACGATTAC-1
1275	2214	0.375	GACGTTAGTTCTCCAC-1_1	TGTTAGGGTCCTCAGG-1
1277	932	0.3125	GACTATGCAGGTGTTT-1_1	CTAACTTAGGCAGTGT-1
1277	1653	0.625	GACTATGCAGGTGTTT-1_1	GTCCATCAGTTCGACT-1
1278	1003	0.625	GACTCAAAGTTGTCGT-1_1	CTCTCAGAGAATGCTA-1
1279	1800	0.25	GACTCAAGTCCGTACG-1_1	TACCTCGGTGTTGTTG-1
1280	2128	0.5625	GACTCAATCTGCGATA-1_1	TGCTCACCAATGCCAT-1
1280	2335	0.75	GACTCAATCTGCGATA-1_1	TTGCAGATCGCATAAC-1
1281	2236	0.625	GACTCTCAGTGTTCAC-1_1	TTACGGAAGTGATAAC-1
1281	306	0.1875	GACTCTCAGTGTTCAC-1_1	ACTCGGGCAGTAACGG-1
1281	125	0.375	GACTCTCAGTGTTCAC-1_1	AAGGAGCCAGGGTAAC-1
1282	1702	0.5	GACTCTCCAAGTGGAC-1_1	GTGTCCTAGGTTACAA-1
1283	827	0.4375	GACTCTCTCGTTATCT-1_1	CCTCCCTAGTACCCAT-1
1283	160	0.25	GACTCTCTCGTTATCT-1_1	AATGGCTTCCGTTAGA-1
1283	1357	0.125	GACTCTCTCGTTATCT-1_1	GCCTACTCAATGCCAT-1
1284	1835	0.0625	GACTTCCAGTTCACTG-1_1	TACTGCCTCCAGGGAA-1
1285	1061	0.5	GACTTCCCACGGAAGT-1_1	CTTCTAATCCCAGCGA-1
1285	1204	0.4375	GACTTCCCACGGAAGT-1_1	GAGCGCTCAAGTTCGT-1
1286	270	0.1875	GAGAAATCAATTCTCT-1_1	ACGTGGCTCCGCTCTA-1
1287	628	0.25	GAGAAATTCACCGGGT-1_1	CACCACTGTTTCCACC-1
1288	2106	0.625	GAGACCCGTATCCCAA-1_1	TGCATGACATGATTGC-1
1288	1128	0.3125	GAGACCCGTATCCCAA-1_1	GAACTTGAGCTCGTTA-1
1288	2213	0.375	GAGACCCGTATCCCAA-1_1	TGTTAGGAGGTTACAA-1
1289	1864	0.375	GAGACCCTCAAGGAGC-1_1	TAGCCGGAGAGGCGGA-1
1289	1854	0.375	GAGACCCTCAAGGAGC-1_1	TAGCATGAGTGGACGT-1
1290	2088	0.4375	GAGACCCTCTCCGCAT-1_1	TGATCAGTCGGTTGTA-1
1290	2168	0.3125	GAGACCCTCTCCGCAT-1_1	TGGCGCATCACGATTG-1
1291	170	0.75	GAGACTTCAGTCAGTT-1_1	ACAAACCCAGGATGTG-1
1292	2338	0.6875	GAGACTTGTGGAACAC-1_1	TTGCCCAAGGATATCA-1
1292	784	0.1875	GAGACTTGTGGAACAC-1_1	CCCTAACCAACTTGGT-1
1293	1273	0.5	GAGACTTTCCGACGGT-1_1	GCACCTTCAAACCGAG-1
1293	2349	0.5	GAGACTTTCCGACGGT-1_1	TTGCGGGTCTGAGTAC-1
1294	2118	0.125	GAGAGGTGTGTCCCTT-1_1	TGCGTAACATCCATAG-1
1296	673	0.3125	GAGATGGGTGCGACAA-1_1	CAGCTAATCTAGTCGA-1
1298	1825	0.0625	GAGATGGTCAGCGCAC-1_1	TACTAGGCAACGCACC-1
1298	1322	0.1875	GAGATGGTCAGCGCAC-1_1	GCATTGAAGGTGTCGA-1
1300	233	0.375	GAGCCTGTCGCTAATG-1_1	ACCATCCTCTTACTCA-1
1300	1444	0.8125	GAGCCTGTCGCTAATG-1_1	GCTCAGGTCATTCGGA-1
1300	1966	0.125	GAGCCTGTCGCTAATG-1_1	TCACCACGTTATAGAG-1
1301	122	0.8125	GAGGCAAAGATCCAAA-1_1	AAGATAGCATGGTTTG-1
1301	960	0.0625	GAGGCAAAGATCCAAA-1_1	CTAGGGCCAGGTAGCA-1
1301	1483	0	GAGGCAAAGATCCAAA-1_1	GGAACTTAGGAAGAAC-1
1301	1680	0.3125	GAGGCAAAGATCCAAA-1_1	GTGCCAGGTTTCTTAC-1
1302	2331	0.3125	GAGGCAAAGCTGACAG-1_1	TTGCAGACAATTAGGA-1
1302	1879	1	GAGGCAAAGCTGACAG-1_1	TAGGTCAAGAACGCCA-1
1303	1657	0.125	GAGGCAACAGGCATTT-1_1	GTCGTAATCCGCCTAT-1
1304	833	0.375	GAGGCCTAGAGAGGGC-1_1	CCTGGGAAGTGTCGCC-1
1304	1225	0.375	GAGGCCTAGAGAGGGC-1_1	GAGTGAGTCTGAGTCA-1
1305	1327	0.1875	GAGGCCTAGTAGTCCT-1_1	GCATTGAGTTGCTTGA-1
1305	1180	0.5625	GAGGCCTAGTAGTCCT-1_1	GACTAGTTCGCAAACT-1
1305	538	0.25	GAGGCCTAGTAGTCCT-1_1	ATTACCTGTCCGTGCA-1
1306	2236	0.25	GAGGCCTCAAGTCATC-1_1	TTACGGAAGTGATAAC-1
1307	495	1	GAGGCCTCAAGTCCAT-1_1	ATCCTCGTCGGATAGG-1
1308	35	1	GAGGGATTCTCACCCA-1_1	AAAGGGCTCACCCTTG-1
1308	2148	1	GAGGGATTCTCACCCA-1_1	TGGAAGGCACAGATGG-1
1308	1503	0.4375	GAGGGATTCTCACCCA-1_1	GGAGAACTCTGACATG-1
1308	122	0.8125	GAGGGATTCTCACCCA-1_1	AAGATAGCATGGTTTG-1
1308	2132	0.875	GAGGGATTCTCACCCA-1_1	TGCTCGTGTCTCTAAG-1
1310	76	0.5625	GAGGGTAGTAGAATGT-1_1	AACCTGACATTCACGA-1
1310	2028	0.4375	GAGGGTAGTAGAATGT-1_1	TCGATTTAGGATTGCG-1
1310	1064	0.625	GAGGGTAGTAGAATGT-1_1	CTTGAAGCACTGTTAG-1
1310	2084	0.3125	GAGGGTAGTAGAATGT-1_1	TGAGTCATCGCGCCAA-1
1311	1309	0.5	GAGTCATCACCTCTAC-1_1	GCAGCTGGTAATGTGA-1
1311	738	0.8125	GAGTCATCACCTCTAC-1_1	CATTCCGTCCGGCTGA-1
1311	1496	0.75	GAGTCATCACCTCTAC-1_1	GGACACCCACTGCTCT-1
1312	2330	0.4375	GAGTCATTCTGAGATC-1_1	TTGCAGAAGGAAGGTA-1
1312	315	0.3125	GAGTCATTCTGAGATC-1_1	ACTGCGGGTTCTTTCA-1
1312	903	0.5	GAGTCATTCTGAGATC-1_1	CGGACTGTCTGAACGT-1
1313	2113	0.375	GAGTCTAAGTCCTACA-1_1	TGCCTCACAAATGTCC-1
1315	172	0.4375	GAGTGAGAGGTTGAGC-1_1	ACAAACCGTCTGTGTA-1
1315	1924	0.1875	GAGTGAGAGGTTGAGC-1_1	TCAAAGCAGCGCAATG-1
1315	2093	0.3125	GAGTGAGAGGTTGAGC-1_1	TGATGCACATTCACGA-1
1316	1056	0.25	GAGTGAGGTGCGGCTT-1_1	CTTCCAGGTCATTGCA-1
1316	511	0.4375	GAGTGAGGTGCGGCTT-1_1	ATGCATGGTCATTGGT-1
1316	78	0.3125	GAGTGAGGTGCGGCTT-1_1	AACCTGATCAGGTCTA-1
1317	1869	0.5625	GAGTGAGTCGCTGTCT-1_1	TAGCCGGTCCGGAAAG-1
1317	88	0.1875	GAGTGAGTCGCTGTCT-1_1	AACGAGGAGGTCACTT-1
1317	1494	0.375	GAGTGAGTCGCTGTCT-1_1	GGACACCAGGTTTCTG-1
1317	624	0.0625	GAGTGAGTCGCTGTCT-1_1	CACCACTAGTGCAACG-1
1318	2033	0.9375	GAGTGTTGTTCTCAGA-1_1	TCGCAGGAGACGCCAA-1
1318	425	0.875	GAGTGTTGTTCTCAGA-1_1	AGGCGAAGTTAGCTCA-1
1319	487	1	GAGTTGTAGGAACGAA-1_1	ATCCCTGGTGATTCCA-1
1319	852	0.5625	GAGTTGTAGGAACGAA-1_1	CGAGTTACAAGTAATG-1
1320	590	0.625	GAGTTGTAGGGTGAAA-1_1	CAACGTAGTTGTGACT-1
1320	1982	0.25	GAGTTGTAGGGTGAAA-1_1	TCAGGGCAGTGAGCTG-1
1320	1155	1	GAGTTGTAGGGTGAAA-1_1	GACCAATTCGGAAAGC-1
1320	614	0.75	GAGTTGTAGGGTGAAA-1_1	CACAGATTCCCTAAAG-1
1321	658	0.4375	GAGTTGTTCATCACCC-1_1	CACTGAACACGTTGTA-1
1322	2386	0.5	GAGTTGTTCCTCTGCA-1_1	TTTGCGCGTCATAGCT-1
1322	509	0.375	GAGTTGTTCCTCTGCA-1_1	ATGCATGCATCCTCGT-1
1322	1485	0.625	GAGTTGTTCCTCTGCA-1_1	GGAACTTAGGCTGGAT-1
1323	277	0.75	GATAGAAAGCAGCCCT-1_1	ACGTTAGTCCTAAAGC-1
1323	2106	0.5	GATAGAAAGCAGCCCT-1_1	TGCATGACATGATTGC-1
1324	2359	0.3125	GATAGAACAACTCCAA-1_1	TTGGTCCCACCCTTTG-1
1325	1360	0.4375	GATAGCTAGAGTGGCT-1_1	GCCTACTGTTGTATCG-1
1325	1538	0.3125	GATAGCTAGAGTGGCT-1_1	GGCGAAAGTGTGTGTT-1
1325	1373	0.4375	GATAGCTAGAGTGGCT-1_1	GCGAGTCAGTCATCTG-1
1325	1177	0.5	GATAGCTAGAGTGGCT-1_1	GACTAACTCGCACCGA-1
1326	1388	0.375	GATCACAAGAGCGACT-1_1	GCGATTAAGACAGCTG-1
1326	1494	0.5625	GATCACAAGAGCGACT-1_1	GGACACCAGGTTTCTG-1
1327	1244	0.125	GATCACACAGAAACCG-1_1	GATGATCTCAAGGCCC-1
1328	2016	1	GATCACAGTTTACGAC-1_1	TCCATCGGTTAGGAAT-1
1328	752	0.5625	GATCACAGTTTACGAC-1_1	CCAGAATCAGCCACGT-1
1328	1967	0.9375	GATCACAGTTTACGAC-1_1	TCACCACTCTCTGAGA-1
1328	488	0.5625	GATCACAGTTTACGAC-1_1	ATCCCTGTCACTCCCA-1
1328	247	0.375	GATCACAGTTTACGAC-1_1	ACCGCAGTCCAAGAGG-1
1329	1909	0.6875	GATCAGTCATCGTGCG-1_1	TATCTGTCAAGTCTGT-1
1329	942	0.25	GATCAGTCATCGTGCG-1_1	CTACTTACAATTGGCT-1
1330	748	0.5	GATCAGTGTTGGTGTT-1_1	CCACGTTTCCATCGAA-1
1331	799	0.625	GATCAGTTCTCTGAGA-1_1	CCCTCTCCAGCAACAG-1
1332	650	0.6875	GATCATGGTACTGCCG-1_1	CACGTTCTCCGTTAGA-1
1333	9	1	GATCATGTCGAGTGGA-1_1	AAACTCGAGTGCTGAG-1
1333	1769	1	GATCATGTCGAGTGGA-1_1	TAATCGGGTTTCCTAT-1
1333	291	1	GATCATGTCGAGTGGA-1_1	ACTACCCTCACCCGGA-1
1333	1899	1	GATCATGTCGAGTGGA-1_1	TATCGAGGTCCCGAGT-1
1334	1600	0.0625	GATCATGTCTAAACGC-1_1	GGTGTCGTCCATATCT-1
1335	1474	0.25	GATCCCTCACCATAAC-1_1	GCTTTCGAGGTCTTTG-1
1335	1849	0.4375	GATCCCTCACCATAAC-1_1	TAGCACATCCCACTTG-1
1336	865	0.3125	GATCCCTCAGCAGTCC-1_1	CGATGATGTTTGCGAT-1
1337	1875	0	GATCCCTGTATCGAGG-1_1	TAGCTTTTCAGCACGC-1
1338	1281	0.5	GATCCCTGTATTGACC-1_1	GCACGCAGTGGAAGCT-1
1339	2042	0.6875	GATCCCTGTCACATTG-1_1	TCGCCTATCCGGGCAT-1
1339	1806	0.5625	GATCCCTGTCACATTG-1_1	TACGCAAGTAAACGGC-1
1340	2387	1	GATCCCTTCGCGCCAA-1_1	TTTGCGCGTTACTACG-1
1340	1255	1	GATCCCTTCGCGCCAA-1_1	GATTAGCGTTTCTACT-1
1341	255	0.8125	GATCCCTTCTGTTCAT-1_1	ACCGGGTTCGGCAATT-1
1341	1273	0.625	GATCCCTTCTGTTCAT-1_1	GCACCTTCAAACCGAG-1
1341	733	0.5625	GATCCCTTCTGTTCAT-1_1	CATTCATTCGTTACAG-1
1341	1280	0.8125	GATCCCTTCTGTTCAT-1_1	GCACGCAAGTGAGCTG-1
1342	430	0	GATCGTAAGATTGATG-1_1	AGGCGTCTCAGGTTTG-1
1343	1942	1	GATGACTCAAGTGCTT-1_1	TCAAGGTCACAGTTCA-1
1344	1925	0.25	GATGACTCAGCTCATA-1_1	TCAAAGCAGCGTCTGC-1
1344	1762	0.5625	GATGACTCAGCTCATA-1_1	TAAGTGCGTAGAAAGG-1
1344	2286	0.1875	GATGACTCAGCTCATA-1_1	TTCATTGAGTAACACA-1
1344	316	0.625	GATGACTCAGCTCATA-1_1	ACTGCGGTCTGATCTT-1
1345	1933	0.5625	GATGACTGTATCCTCC-1_1	TCAAGCACACACTAGT-1
1345	1595	0.75	GATGACTGTATCCTCC-1_1	GGTGCTGTCTTGCGCT-1
1347	554	0.75	GATGAGGCATGAATCC-1_1	ATTGTGGAGACGAAAG-1
1347	560	0.1875	GATGAGGCATGAATCC-1_1	ATTTGTCCATAGATAG-1
1347	282	0.625	GATGAGGCATGAATCC-1_1	ACTAACGGTGAGTAAT-1
1349	357	0	GATGATCTCGTAACAC-1_1	AGCCGCACAAGCCAGA-1
1350	46	0.3125	GATGATCTCTAGCAAC-1_1	AACAAAGCAACGACAG-1
1350	1211	0.375	GATGATCTCTAGCAAC-1_1	GAGGATGGTCAAGACG-1
1351	354	0.4375	GATGCTAGTTCTCGCT-1_1	AGCCGCAAGAACGACC-1
1351	1592	0.3125	GATGCTAGTTCTCGCT-1_1	GGTGAAGTCGGGCTCA-1
1353	2033	0.875	GATGGAGTCCACGGGT-1_1	TCGCAGGAGACGCCAA-1
1354	1048	0.375	GATGGAGTCGACGTCG-1_1	CTTAATCGTTAGGCTT-1
1355	901	0.875	GATGGAGTCTCAACCC-1_1	CGGACTGCATCTCACC-1
1355	943	0.4375	GATGGAGTCTCAACCC-1_1	CTACTTACAGGCAGAT-1
1356	288	0.1875	GATGTTGCAATTTCTC-1_1	ACTACCCCACGTTACA-1
1357	1120	1	GATGTTGCACGTAGAG-1_1	GAACCTAAGGTTGTTC-1
1358	1216	0.8125	GATGTTGGTCCGGTGT-1_1	GAGGCTCTCGCGTGAC-1
1359	174	0.5	GATTCTTAGCGTCAGA-1_1	ACAAAGAGTCCATTGA-1
1360	736	1	GATTCTTAGTAGAATC-1_1	CATTCCGCAACTAGAA-1
1360	142	1	GATTCTTAGTAGAATC-1_1	AATGCCACAGCGTGAA-1
1361	406	0.5	GATTCTTCACAAAGCG-1_1	AGCTGTATCAAACCAC-1
1361	2177	0.625	GATTCTTCACAAAGCG-1_1	TGGGTTACAATGGCAG-1
1361	2113	0.4375	GATTCTTCACAAAGCG-1_1	TGCCTCACAAATGTCC-1
1363	2164	0.3125	GATTCTTCAGACAAAT-1_1	TGGCGCACAACGGGTA-1
1363	416	0.1875	GATTCTTCAGACAAAT-1_1	AGGCCTGGTCCGTAGC-1
1364	1527	0.25	GATTGGTAGCAATAAC-1_1	GGATGAGCACTGATAC-1
1364	1605	0.5625	GATTGGTAGCAATAAC-1_1	GGTTGCGCACAAACAA-1
1364	2278	0.3125	GATTGGTAGCAATAAC-1_1	TTCAACTCACGAACGA-1
1365	1985	0.625	GATTGGTAGTAAATGC-1_1	TCAGGTAGTATGTCCA-1
1366	825	0.1875	GATTGGTCACATAGCT-1_1	CCTATTACACCACAGC-1
1366	2168	0.4375	GATTGGTCACATAGCT-1_1	TGGCGCATCACGATTG-1
1366	47	0.1875	GATTGGTCACATAGCT-1_1	AACAAAGCACAGTTAC-1
1366	256	0.6875	GATTGGTCACATAGCT-1_1	ACCTGCTAGGCAGATC-1
1367	320	0.6875	GATTGGTGTTGTAGCT-1_1	ACTGTCCGTTAACCGT-1
1367	1930	0.375	GATTGGTGTTGTAGCT-1_1	TCAAGACGTCAAGACG-1
1368	450	0.75	GATTGGTTCACGGAGA-1_1	AGTGCGCTCATGCTTT-1
1368	1765	0.625	GATTGGTTCACGGAGA-1_1	TAATCGGAGCAGAATT-1
1368	748	0.4375	GATTGGTTCACGGAGA-1_1	CCACGTTTCCATCGAA-1
1369	1253	1	GATTGGTTCGAGTACT-1_1	GATGGCCTCTTTATCG-1
1369	1054	1	GATTGGTTCGAGTACT-1_1	CTTCCAGAGTCCTTCC-1
1369	96	1	GATTGGTTCGAGTACT-1_1	AACGGGAGTTCAGTTG-1
1370	1447	0.5	GATTGGTTCTTTGCTA-1_1	GCTCCTACACAGGTAG-1
1371	1032	0.5625	GATTTCTTCGCTTTAT-1_1	CTGGGACAGGAGAACA-1
1371	1866	0.5	GATTTCTTCGCTTTAT-1_1	TAGCCGGCACTCCTCA-1
1372	75	0.6875	GCAACATCATCGAAGG-1_1	AACCTGACATGGCCTG-1
1372	312	0.9375	GCAACATCATCGAAGG-1_1	ACTGCAAGTCGCTACG-1
1373	1059	0.1875	GCAACCGAGCAAGGAA-1_1	CTTCTAAAGACGACTG-1
1373	544	0.625	GCAACCGAGCAAGGAA-1_1	ATTACTCTCAGATACC-1
1374	712	1	GCAACCGAGGCCTTCG-1_1	CATAACGCAGTATACC-1
1374	949	1	GCAACCGAGGCCTTCG-1_1	CTACTTAGTGCTGTGC-1
1375	1388	0.125	GCAACCGCACCCTATC-1_1	GCGATTAAGACAGCTG-1
1375	47	0.3125	GCAACCGCACCCTATC-1_1	AACAAAGCACAGTTAC-1
1375	796	0	GCAACCGCACCCTATC-1_1	CCCTCTCAGACGCCCT-1
1375	1656	0.25	GCAACCGCACCCTATC-1_1	GTCGTAAGTGAGTTGG-1
1376	616	0.1875	GCAACCGCACTTCATT-1_1	CACAGATTCGGGTCCA-1
1376	1883	1	GCAACCGCACTTCATT-1_1	TAGGTCACACGATATC-1
1376	1398	1	GCAACCGCACTTCATT-1_1	GCGCATGAGCTCGTTA-1
1377	1569	0.4375	GCAACCGTCTTCCACG-1_1	GGGTGTCCAGGCTACC-1
1377	546	0.75	GCAACCGTCTTCCACG-1_1	ATTCGTTAGACACTTC-1
1377	322	0.1875	GCAACCGTCTTCCACG-1_1	ACTTCCGAGGAAGGTA-1
1379	1018	0.9375	GCACGGTCACTTGTCC-1_1	CTGCGTTGTGCGCTCA-1
1380	106	0.25	GCACGGTGTTGCAAGG-1_1	AACTGTGAGGAGTACC-1
1380	2070	0.4375	GCACGGTGTTGCAAGG-1_1	TGACTCCGTTTGCCAA-1
1381	1406	0.25	GCACGTGCACGCGGTT-1_1	GCGCCAATCCTTGACC-1
1383	2255	0.75	GCACTAAAGCTGAAAT-1_1	TTACTTGTCTGTGTGA-1
1383	300	0.6875	GCACTAAAGCTGAAAT-1_1	ACTACGATCACATTCT-1
1384	2354	0.1875	GCACTAAGTGTGAATA-1_1	TTGCTTACAAGGAAGA-1
1385	726	1	GCACTAATCGTCCATC-1_1	CATGTTTCAAGCAACG-1
1386	1790	0.6875	GCAGCCACATGCGGTC-1_1	TACCCTGCAGAGAGAA-1
1387	1754	0.875	GCAGCCAGTAGATTAG-1_1	TAACTTCGTACTAGAA-1
1387	2122	0.5	GCAGCCAGTAGATTAG-1_1	TGCGTAATCCATACCC-1
1388	427	0.25	GCAGCCATCGCTCTAC-1_1	AGGCGTCCACGATTAC-1
1389	371	0.625	GCAGCTGCAATTAGGA-1_1	AGCCTTCCACATAAAG-1
1390	1253	1	GCAGCTGCACATGTTG-1_1	GATGGCCTCTTTATCG-1
1391	1927	0.875	GCAGCTGTCATTTACC-1_1	TCAAAGCGTCAGTGCC-1
1392	14	1	GCAGCTGTCCAATCTT-1_1	AAACTGCAGGAACCGT-1
1394	1885	0.3125	GCAGGCTGTAACGATA-1_1	TAGGTCATCTTACGGA-1
1394	130	0.3125	GCAGGCTGTAACGATA-1_1	AAGGAGCTCCCTACCA-1
1395	26	0.4375	GCAGTTAGTCCGGTGT-1_1	AAAGGATCATACCCGG-1
1395	1560	0.1875	GCAGTTAGTCCGGTGT-1_1	GGGCCATGTTAGGAAT-1
1396	2370	0.25	GCATCGGAGAACTCCT-1_1	TTGTTCATCCTGGAAT-1
1396	1086	0.4375	GCATCGGAGAACTCCT-1_1	CTTGTCGGTACGCAAG-1
1396	114	0.4375	GCATCGGAGAACTCCT-1_1	AACTTGGGTCGTAATC-1
1397	1448	0.25	GCATCGGCAAGATGTA-1_1	GCTCCTACATTACTTC-1
1397	718	0.375	GCATCGGCAAGATGTA-1_1	CATGCCTAGTTCGCGC-1
1401	2347	0.125	GCATCTCAGCCGAATG-1_1	TTGCGGGCACTGTTAG-1
1401	1988	0.0625	GCATCTCAGCCGAATG-1_1	TCAGGTATCTCTATCA-1
1402	1069	0.8125	GCATCTCCACTGGCGT-1_1	CTTGCCAAGGGAAATG-1
1403	2120	0.5625	GCATGATAGCGGTAAC-1_1	TGCGTAAGTTCCGCGA-1
1405	707	0.875	GCATGATTCATAAGGA-1_1	CAGTGTAAGTTAGCAA-1
1405	1807	0.25	GCATGATTCATAAGGA-1_1	TACGCAATCCTTCGAC-1
1405	275	0.1875	GCATGATTCATAAGGA-1_1	ACGTTAGTCCACTAGA-1
1406	1653	0.25	GCATGATTCTGGGATT-1_1	GTCCATCAGTTCGACT-1
1406	1165	0.4375	GCATGATTCTGGGATT-1_1	GACCCAGTCCACGCTT-1
1406	222	0	GCATGATTCTGGGATT-1_1	ACCAAACAGTCAGGAC-1
1408	19	0.5625	GCCAACGAGGATCACG-1_1	AAAGATGAGCGAGAAA-1
1409	263	0.25	GCCAACGCAGAACTAA-1_1	ACGTGGCAGACTTGAA-1
1410	599	0.375	GCCAACGCAGTGTGGA-1_1	CAAGCTATCCATAACG-1
1412	1010	0.5	GCCAGCAAGCGACTGA-1_1	CTCTCGAGTGTCTACA-1
1412	1553	0.25	GCCAGCAAGCGACTGA-1_1	GGGAACACATGATCGT-1
1413	1265	0.375	GCCAGCAAGTCACGCC-1_1	GCAAAGGTCAATTCCT-1
1413	1507	0.5	GCCAGCAAGTCACGCC-1_1	GGAGGATTCACCCTTG-1
1414	523	0.4375	GCCAGCACAGCTCCTT-1_1	ATGTACGTCTCCTTGG-1
1414	2060	0.75	GCCAGCACAGCTCCTT-1_1	TCTCTGGCAAAGCTGG-1
1415	103	0	GCCAGCAGTAACATCC-1_1	AACTGGTTCATCGCTC-1
1416	938	0.4375	GCCAGGTGTCGATTTG-1_1	CTAACTTTCGCGCTGA-1
1416	1391	0	GCCAGGTGTCGATTTG-1_1	GCGATTACATGTAGAA-1
1417	1396	0.4375	GCCAGTGAGGTCGAGT-1_1	GCGATTATCTGGACAT-1
1418	1115	0.5	GCCAGTGAGTATCCTG-1_1	GAACCGCGTTTCGACA-1
1419	1800	0.375	GCCAGTGTCAGCCTTC-1_1	TACCTCGGTGTTGTTG-1
1419	606	0.3125	GCCAGTGTCAGCCTTC-1_1	CAATCCCCAAGTCCTA-1
1419	2225	0.4375	GCCAGTGTCAGCCTTC-1_1	TTACCCGCAAGCCAGA-1
1422	1110	1	GCCATGGAGCTCATAC-1_1	GAAATGATCGGTTAGT-1
1422	1796	0.625	GCCATGGAGCTCATAC-1_1	TACCTATTCTGACATG-1
1423	1375	0.375	GCCATGGCAGAATCGG-1_1	GCGAGTCAGTTTACGC-1
1423	306	0.0625	GCCATGGCAGAATCGG-1_1	ACTCGGGCAGTAACGG-1
1424	239	0.5	GCCATGGTCGCTGACG-1_1	ACCCAAATCAGGCGCT-1
1426	2157	0.4375	GCCATTCGTTTCCCAC-1_1	TGGCAATCACAGGTAG-1
1429	2296	0.125	GCCCAGACACAGAAGC-1_1	TTCGGTCCAAATGCTC-1
1429	638	0.3125	GCCCAGACACAGAAGC-1_1	CACCTTGAGACGCCCT-1
1429	848	0.4375	GCCCAGACACAGAAGC-1_1	CCTTGGTGTACGAGAC-1
1429	227	0.5	GCCCAGACACAGAAGC-1_1	ACCAAACTCGAACACT-1
1430	287	1	GCCCGAAAGCTTCATG-1_1	ACTACCCCAATGATGA-1
1431	2369	1	GCCGATGAGCAAATCA-1_1	TTGTTCACATTGTGAC-1
1431	740	1	GCCGATGAGCAAATCA-1_1	CATTGGAGTACATGGG-1
1432	2402	0.1875	GCCGATGGTACGAAAT-1_1	TTTGTGTTCTCGCGTT-1
1432	1871	0.5625	GCCGATGGTACGAAAT-1_1	TAGCGGCGTGTCCAGC-1
1432	936	0.0625	GCCGATGGTACGAAAT-1_1	CTAACTTTCCAATAGC-1
1433	1074	0.875	GCCGATGGTAGTCTTG-1_1	CTTGCCAGTTACGGAG-1
1434	1916	0.9375	GCCGTGACATAATCCG-1_1	TATGTGGTCAACGTGT-1
1434	567	0.8125	GCCGTGACATAATCCG-1_1	CAAAGCTCACGATATC-1
1434	1389	0.625	GCCGTGACATAATCCG-1_1	GCGATTACAAGTCTGT-1
1434	1552	0.4375	GCCGTGACATAATCCG-1_1	GGGAACACAATGGTAA-1
1434	1152	0.5	GCCGTGACATAATCCG-1_1	GACCAATGTCACATTG-1
1435	2338	0.5625	GCCTGTTCAATTTCCT-1_1	TTGCCCAAGGATATCA-1
1435	1370	0.0625	GCCTGTTCAATTTCCT-1_1	GCGAGAATCAGTACAC-1
1436	777	1	GCCTGTTGTGAGTGAC-1_1	CCCGTTAAGATCTCAC-1
1437	477	0.1875	GCGAGAAAGGGAGGGT-1_1	ATATTCCGTACGGAGT-1
1437	2092	0.4375	GCGAGAAAGGGAGGGT-1_1	TGATGCACACAGATGG-1
1437	1865	0.5	GCGAGAAAGGGAGGGT-1_1	TAGCCGGCAAACCGAG-1
1438	1808	0.25	GCGAGAACATGCAGGA-1_1	TACGCCTAGAGAATTC-1
1438	474	0.125	GCGAGAACATGCAGGA-1_1	ATAGTCGTCTGACTTT-1
1440	564	0.25	GCGATCGGTTATAGCC-1_1	ATTTGTCTCGTTACAG-1
1441	649	0.5	GCGGAAACAGCTGAGA-1_1	CACGTTCCAACTCGAT-1
1441	548	0.25	GCGGAAACAGCTGAGA-1_1	ATTCGTTCAAGCGTCC-1
1441	166	0.5625	GCGGAAACAGCTGAGA-1_1	AATGTCGGTATTCGAC-1
1441	1440	0.375	GCGGAAACAGCTGAGA-1_1	GCTCAGGAGTCCGTGC-1
1442	1532	0.6875	GCGGAAAGTCGACGCT-1_1	GGCATTAGTCGAGAAC-1
1443	709	0.125	GCGGAAAGTTAACCTG-1_1	CAGTGTATCCATACCC-1
1445	465	0.875	GCGGATCCAGCAGTAG-1_1	AGTTTGGTCGATAGGG-1
1446	62	0.5	GCGGATCCAGGTCTCG-1_1	AACCAACAGTGAGCAC-1
1446	1100	0.625	GCGGATCCAGGTCTCG-1_1	GAAACAATCCTCCTGA-1
1446	529	0.375	GCGGATCCAGGTCTCG-1_1	ATGTCTTTCGGTAGGA-1
1446	1801	0.5625	GCGGATCCAGGTCTCG-1_1	TACCTCGTCAATGCAC-1
1447	2206	0.6875	GCGTGCAAGCTGGAGT-1_1	TGTGGCGGTCGTAGTT-1
1447	462	0.25	GCGTGCAAGCTGGAGT-1_1	AGTTTGGCACTAAACC-1
1447	1639	0.375	GCGTGCAAGCTGGAGT-1_1	GTCACCTGTATATGGA-1
1448	1675	0	GCGTGCAGTCCTGGTG-1_1	GTGCACGGTCATAGAA-1
1449	157	1	GCGTGCAGTTTGAAAG-1_1	AATGGCTGTACTAGAA-1
1449	568	0.125	GCGTGCAGTTTGAAAG-1_1	CAAAGCTGTAACATAG-1
1449	1746	1	GCGTGCAGTTTGAAAG-1_1	TAACAGCCACATATCG-1
1449	706	0.5	GCGTGCAGTTTGAAAG-1_1	CAGTGTAAGTAGTGTA-1
1450	222	0.0625	GCGTGCATCTGGACCG-1_1	ACCAAACAGTCAGGAC-1
1451	1788	0.75	GCGTTTCAGTCTCGTA-1_1	TACATTCTCGGCTATA-1
1451	603	0.5625	GCGTTTCAGTCTCGTA-1_1	CAAGGCCTCCAATAGC-1
1451	2381	0.875	GCGTTTCAGTCTCGTA-1_1	TTTACGTCATTGCACA-1
1452	849	0.9375	GCGTTTCCAAAGCGTG-1_1	CCTTGGTTCTTCCACG-1
1452	459	0.375	GCGTTTCCAAAGCGTG-1_1	AGTTTGGAGGCAGTAC-1
1453	1616	0.125	GCGTTTCGTATGCTAC-1_1	GTAATCGTCTAAGGTC-1
1454	1311	0.25	GCTACAACAAGAGGCT-1_1	GCATGATAGCCCATGC-1
1455	264	0.6875	GCTACAATCACTGTCC-1_1	ACGTGGCAGTTACCAC-1
1455	2068	0.3125	GCTACAATCACTGTCC-1_1	TGACTCCAGACTCGGA-1
1455	1946	0.375	GCTACAATCACTGTCC-1_1	TCAATTCCAAACGTTC-1
1456	2402	0.375	GCTACCTAGTACAGAT-1_1	TTTGTGTTCTCGCGTT-1
1458	131	0.3125	GCTCAAAAGTTGGACG-1_1	AAGGAGCTCGACTCGG-1
1458	2344	0.3125	GCTCAAAAGTTGGACG-1_1	TTGCGAACAGAGAGAA-1
1458	2317	0.25	GCTCAAAAGTTGGACG-1_1	TTGACGATCCAGAGAG-1
1459	2272	0.1875	GCTCAAACAATCGCGC-1_1	TTAGGTGGTCATTGCA-1
1459	2226	0.125	GCTCAAACAATCGCGC-1_1	TTACCCGCAATCACTG-1
1460	209	0.5625	GCTCAAAGTATCGCGC-1_1	ACAGGCCTCGCCAGAC-1
1462	313	0.5625	GCTGAATAGCTGAAGC-1_1	ACTGCAATCTATCCTA-1
1462	21	0.4375	GCTGAATAGCTGAAGC-1_1	AAAGATGCATGTGGGA-1
1462	52	0.5	GCTGAATAGCTGAAGC-1_1	AACAGTCCACCTACCT-1
1464	809	0.5	GCTGAATGTCACATTG-1_1	CCGCATTGTAGCGTTT-1
1464	107	0.5625	GCTGAATGTCACATTG-1_1	AACTGTGGTGCCGGTT-1
1464	275	0.4375	GCTGAATGTCACATTG-1_1	ACGTTAGTCCACTAGA-1
1464	197	0.6875	GCTGAATGTCACATTG-1_1	ACAGACTCAACGCAAG-1
1464	85	0	GCTGAATGTCACATTG-1_1	AACCTTTTCGTGGGTC-1
1467	27	0.375	GCTTCACAGTCGCCAC-1_1	AAAGGATGTATCATGC-1
1467	1302	0.5625	GCTTCACAGTCGCCAC-1_1	GCAGCCACACTCGCAG-1
1469	876	0.375	GCTTCACGTTCGTACA-1_1	CGCGCAACATACTGCA-1
1469	1699	0.4375	GCTTCACGTTCGTACA-1_1	GTGTCAACAGCGTACC-1
1469	1922	0.5	GCTTCACGTTCGTACA-1_1	TATTGCTCAGGTAGCA-1
1470	1786	0.625	GCTTCACTCTGCATGA-1_1	TACATTCGTCAACTGT-1
1472	729	1	GCTTGGGCACCATTCC-1_1	CATTCATAGTGGGACT-1
1472	1853	0	GCTTGGGCACCATTCC-1_1	TAGCATGAGAGGTGGG-1
1473	1897	0.4375	GCTTGGGTCCCTTGGT-1_1	TAGTCCCTCATGAACC-1
1473	1188	0.0625	GCTTGGGTCCCTTGGT-1_1	GAGACTTAGAGGAATG-1
1474	1862	0.9375	GCTTGGGTCTAGTCAG-1_1	TAGCCCTGTTAACCAC-1
1474	1283	0.5	GCTTGGGTCTAGTCAG-1_1	GCACGCATCTAAACGC-1
1476	740	1	GCTTTCGAGGCTAGCA-1_1	CATTGGAGTACATGGG-1
1476	1554	1	GCTTTCGAGGCTAGCA-1_1	GGGAACAGTCAGCAAG-1
1477	228	0.4375	GCTTTCGTCTGACGCG-1_1	ACCATCCAGACAACGC-1
1477	840	0.375	GCTTTCGTCTGACGCG-1_1	CCTTAATCATCCTCGT-1
1478	1937	0.1875	GGAACCCCATCATGAC-1_1	TCAAGCATCCTAGAGT-1
1479	1207	0.125	GGAACCCGTTGGCCTG-1_1	GAGCGCTGTGAGGTCA-1
1479	1543	0.25	GGAACCCGTTGGCCTG-1_1	GGCGTTGAGGGTGTTG-1
1480	400	0.8125	GGAACCCTCAGACAAA-1_1	AGCTGGCTCTAAACGC-1
1480	2077	0.3125	GGAACCCTCAGACAAA-1_1	TGAGTCAAGAGAAGCA-1
1481	1693	0.5	GGAAGTGCAGCAGGAT-1_1	GTGGCGTAGTAGACCG-1
1483	2377	0.3125	GGAATCTAGCGAGTCA-1_1	TTGTTGTTCCTGACCT-1
1483	1300	0.0625	GGAATCTAGCGAGTCA-1_1	GCAGATTTCGACGGAA-1
1484	273	0.875	GGAATCTCAATAGTGA-1_1	ACGTTAGGTCTGATTG-1
1484	1314	1	GGAATCTCAATAGTGA-1_1	GCATGATGTGGCCTTG-1
1484	404	1	GGAATCTCAATAGTGA-1_1	AGCTGTAGTACGACCC-1
1484	117	0.625	GGAATCTCAATAGTGA-1_1	AACTTGGTCTTAAGCG-1
1484	1521	1	GGAATCTCAATAGTGA-1_1	GGATAGGTCGTCTAGA-1
1485	1634	0.125	GGAATCTTCGTCGGGT-1_1	GTCACCTCAAACCCTA-1
1485	470	0.625	GGAATCTTCGTCGGGT-1_1	ATAGGCTGTGGCATAG-1
1485	2180	0.1875	GGAATCTTCGTCGGGT-1_1	TGGTCAAGTAACCCAT-1
1486	2313	0.625	GGAATGGAGAAGCGAA-1_1	TTGACGACAATTCTCT-1
1488	209	0.375	GGAATGGGTTCAATCG-1_1	ACAGGCCTCGCCAGAC-1
1489	628	0.25	GGAGATGAGAGAACCC-1_1	CACCACTGTTTCCACC-1
1490	1027	0.625	GGAGATGGTCAATGGG-1_1	CTGGCAGGTGCACTTA-1
1490	2099	0.3125	GGAGATGGTCAATGGG-1_1	TGATTTCGTCTGTCCT-1
1491	1206	1	GGAGATGTCCCATTTA-1_1	GAGCGCTCAGGTAGGT-1
1492	690	0.5625	GGAGCAAAGAGGGTGG-1_1	CAGGGCTTCCGTGCAG-1
1492	1594	0.375	GGAGCAAAGAGGGTGG-1_1	GGTGCTGCACACACCG-1
1492	1007	0.25	GGAGCAAAGAGGGTGG-1_1	CTCTCGAAGACACTTC-1
1493	1207	0.25	GGAGGATAGGTTGGTG-1_1	GAGCGCTGTGAGGTCA-1
1493	477	0.3125	GGAGGATAGGTTGGTG-1_1	ATATTCCGTACGGAGT-1
1494	1287	0.375	GGAGGATCACGCGTGT-1_1	GCACGGTAGTGTCGCC-1
1494	2307	0.375	GGAGGATCACGCGTGT-1_1	TTCTGTACAAGGAGGG-1
1495	1925	0.0625	GGAGGATGTGGTCCCA-1_1	TCAAAGCAGCGTCTGC-1
1495	104	0.5	GGAGGATGTGGTCCCA-1_1	AACTGGTTCGTTCAGA-1
1496	2033	1	GGAGGTAAGAATTGTG-1_1	TCGCAGGAGACGCCAA-1
1497	377	0.5	GGAGGTATCCCAGCGA-1_1	AGCGATTCACTCCTCA-1
1498	1321	0.25	GGATCTAAGGTTACAA-1_1	GCATTGAAGAGGAATG-1
1498	1936	0.75	GGATCTAAGGTTACAA-1_1	TCAAGCACATCTCTCG-1
1499	863	0.1875	GGATCTAGTCAAACGG-1_1	CGATGATGTATCTAGC-1
1499	2342	0.125	GGATCTAGTCAAACGG-1_1	TTGCCCAGTAAACCCT-1
1500	1355	0.5625	GGATCTATCTACTTCA-1_1	GCCCGAATCTATATCC-1
1500	2359	0.5625	GGATCTATCTACTTCA-1_1	TTGGTCCCACCCTTTG-1
1501	397	0.4375	GGATGTTCAGTTACCA-1_1	AGCTGATGTGTCGTCG-1
1501	1328	0.25	GGATGTTCAGTTACCA-1_1	GCATTGATCTTCCACG-1
1501	840	0.3125	GGATGTTCAGTTACCA-1_1	CCTTAATCATCCTCGT-1
1501	109	0.1875	GGATGTTCAGTTACCA-1_1	AACTTGGAGAAAGGGT-1
1502	696	0.3125	GGATGTTGTCCTGTTC-1_1	CAGTATGGTCTGGGAA-1
1502	1893	0.25	GGATGTTGTCCTGTTC-1_1	TAGTCCCAGTAGTGTA-1
1503	251	0.5	GGATGTTGTCGTATTG-1_1	ACCGGGTGTAAGCCGA-1
1504	823	0.6875	GGATGTTTCAAGTAAG-1_1	CCTAAAGTCAGTACAC-1
1504	1760	0.3125	GGATGTTTCAAGTAAG-1_1	TAAGTGCAGCGAGAAA-1
1505	1706	0.75	GGATGTTTCCAGCACG-1_1	GTGTCCTTCGACTCGG-1
1505	381	0.6875	GGATGTTTCCAGCACG-1_1	AGCGATTTCAGCGGTC-1
1505	839	0.3125	GGATGTTTCCAGCACG-1_1	CCTTAATCAGTATACC-1
1507	1377	0.5	GGCACGTCAACGGTAG-1_1	GCGAGTCCATGGTATC-1
1507	730	0.1875	GGCACGTCAACGGTAG-1_1	CATTCATCATCACAGT-1
1507	307	0.75	GGCACGTCAACGGTAG-1_1	ACTCGGGCATTGATGC-1
1508	1973	0.1875	GGCACGTCAGTGTGGA-1_1	TCACTCGCAATACTGC-1
1508	2252	0.5625	GGCACGTCAGTGTGGA-1_1	TTACTTGAGAGCCTGA-1
1510	322	0.25	GGCAGTCGTAGGTAGC-1_1	ACTTCCGAGGAAGGTA-1
1510	554	0.6875	GGCAGTCGTAGGTAGC-1_1	ATTGTGGAGACGAAAG-1
1510	452	0.1875	GGCAGTCGTAGGTAGC-1_1	AGTGTACTCGGCTATA-1
1512	2	0.5	GGCTTGGAGCTAAGTA-1_1	AAACGAAAGAGTGGAA-1
1512	1649	0.5	GGCTTGGAGCTAAGTA-1_1	GTCACTCGTCCTTATT-1
1512	1180	0.4375	GGCTTGGAGCTAAGTA-1_1	GACTAGTTCGCAAACT-1
1512	1544	0.125	GGCTTGGAGCTAAGTA-1_1	GGCGTTGCACGCGATC-1
1513	1706	0.6875	GGCTTGGAGGCCACTC-1_1	GTGTCCTTCGACTCGG-1
1513	2078	0.25	GGCTTGGAGGCCACTC-1_1	TGAGTCAAGCTGCTCG-1
1513	1112	0.8125	GGCTTGGAGGCCACTC-1_1	GAACCGCGTATTGTGC-1
1514	375	0.3125	GGCTTGGAGGCCCACT-1_1	AGCGATTCACATCATG-1
1515	1399	0.25	GGCTTGGAGGCTCTAT-1_1	GCGCATGCAAACTACC-1
1515	1430	0.1875	GGCTTGGAGGCTCTAT-1_1	GCGTAGCGTCTGGGAA-1
1515	223	1	GGCTTGGAGGCTCTAT-1_1	ACCAAACCAACGTACT-1
1516	2043	0.1875	GGCTTGGGTTATTCTC-1_1	TCGGGACAGAAGACTT-1
1517	2063	0.875	GGCTTTCAGGGTAATT-1_1	TGACAACCACTCGGAC-1
1518	1308	1	GGCTTTCCACCAGCGT-1_1	GCAGCTGCACCTGAAT-1
1518	1556	1	GGCTTTCCACCAGCGT-1_1	GGGCCATAGTTGGAAT-1
1518	1525	0.1875	GGCTTTCCACCAGCGT-1_1	GGATGAGAGTGTCGGA-1
1519	2192	0.1875	GGCTTTCCATTGCTTT-1_1	TGTAAGCTCTTTCGAT-1
1520	1391	0.625	GGCTTTCGTAACATCC-1_1	GCGATTACATGTAGAA-1
1520	144	0.9375	GGCTTTCGTAACATCC-1_1	AATGCCAGTCATTGCA-1
1521	1008	0.6875	GGCTTTCGTCAACCAT-1_1	CTCTCGACACCGTTGG-1
1522	1884	0.375	GGCTTTCTCACAACCA-1_1	TAGGTCATCCATCGAA-1
1524	1526	0.4375	GGGAAGTGTGGATCAG-1_1	GGATGAGCAATGGCAG-1
1524	98	0.1875	GGGAAGTGTGGATCAG-1_1	AACGTACGTCGAGAAC-1
1524	2400	0.1875	GGGAAGTGTGGATCAG-1_1	TTTGTGTTCAAGAGGC-1
1525	132	0.625	GGGAAGTTCCACACCT-1_1	AAGGAGCTCGATGTAC-1
1525	1926	0.4375	GGGAAGTTCCACACCT-1_1	TCAAAGCAGTCACGCC-1
1527	1778	0.6875	GGGACAAGTTCGGTAT-1_1	TAATTCCGTCCGTGCA-1
1527	206	0.75	GGGACAAGTTCGGTAT-1_1	ACAGCGCGTCAACGGA-1
1529	810	0.4375	GGGACTCTCGGCTCTT-1_1	CCGCATTTCTATTGTC-1
1529	1481	0.1875	GGGACTCTCGGCTCTT-1_1	GGAACCCGTATCTAGC-1
1530	2071	0.25	GGGAGATAGCAACCAG-1_1	TGACTCCTCGTTCTAT-1
1530	271	0.5625	GGGAGATAGCAACCAG-1_1	ACGTTAGAGGTCGTTT-1
1530	1648	0.3125	GGGAGATAGCAACCAG-1_1	GTCACTCCATCCCTTG-1
1531	1760	0.1875	GGGAGATCAACGTATC-1_1	TAAGTGCAGCGAGAAA-1
1531	2150	0.5	GGGAGATCAACGTATC-1_1	TGGAAGGGTGGCCTCA-1
1531	2339	0.125	GGGAGATCAACGTATC-1_1	TTGCCCACAACAAACA-1
1532	1763	0.625	GGGAGATCATCAGCGC-1_1	TAATCGGAGAACGACC-1
1532	664	0.8125	GGGAGATCATCAGCGC-1_1	CACTGAATCTACCCGT-1
1532	1368	0.5625	GGGAGATCATCAGCGC-1_1	GCGAGAACACTGAAGG-1
1532	688	0.625	GGGAGATCATCAGCGC-1_1	CAGGGCTGTATTCGCA-1
1533	2271	0.75	GGGAGATTCTGCTTAT-1_1	TTAGGTGCAGGCACAA-1
1534	2364	0.9375	GGGAGTATCCATTTCA-1_1	TTGTCTATCTTTGCAT-1
1536	680	0.8125	GGGATCCCAAGTCCAT-1_1	CAGCTGGTCAGATACC-1
1537	1507	0.3125	GGGATCCCAATCTGCA-1_1	GGAGGATTCACCCTTG-1
1537	696	0.4375	GGGATCCCAATCTGCA-1_1	CAGTATGGTCTGGGAA-1
1538	1850	0.8125	GGGATCCGTAGTGGCA-1_1	TAGCACATCGGGTCCA-1
1538	2282	0.3125	GGGATCCGTAGTGGCA-1_1	TTCATCAGTTAGCTCA-1
1538	370	0.1875	GGGATCCGTAGTGGCA-1_1	AGCCTTCCAAAGGCCA-1
1540	989	0.875	GGGATGAGTATTCTCT-1_1	CTCGCTATCTGCGTCT-1
1541	1590	0.875	GGGCCATAGCCATTGT-1_1	GGTGAAGGTGCCCTAG-1
1541	358	0.875	GGGCCATAGCCATTGT-1_1	AGCCGCACAGTAACCT-1
1542	2223	0.375	GGGCCATGTGACATCT-1_1	TTAACGGTCGTCTAGA-1
1542	658	0.1875	GGGCCATGTGACATCT-1_1	CACTGAACACGTTGTA-1
1542	893	0.125	GGGCCATGTGACATCT-1_1	CGCTGGACAAGTTGCT-1
1543	336	0.625	GGGCGTTAGCGTTGTT-1_1	AGATTCGAGTCGACCC-1
1543	1360	0.5	GGGCGTTAGCGTTGTT-1_1	GCCTACTGTTGTATCG-1
1543	2107	0.5625	GGGCGTTAGCGTTGTT-1_1	TGCATGAGTCTGTGTA-1
1544	397	0.25	GGGCGTTAGGTCACCC-1_1	AGCTGATGTGTCGTCG-1
1544	558	0.4375	GGGCGTTAGGTCACCC-1_1	ATTTGTCCAATTCTCT-1
1545	1568	0.4375	GGGCGTTCAGGCACTC-1_1	GGGTGTCCACTCCACT-1
1545	1080	0.3125	GGGCGTTCAGGCACTC-1_1	CTTGTCGAGACACTTC-1
1545	436	0.5	GGGCGTTCAGGCACTC-1_1	AGTCCGGTCCTAAGTG-1
1547	2077	0.6875	GGGCTACGTGCACGCT-1_1	TGAGTCAAGAGAAGCA-1
1547	2314	0.25	GGGCTACGTGCACGCT-1_1	TTGACGACATAGCCAT-1
1548	232	0.375	GGGCTACTCAGTCATG-1_1	ACCATCCTCGACTGGC-1
1548	1597	0.25	GGGCTACTCAGTCATG-1_1	GGTGTCGCAAGTCCTA-1
1550	189	0.375	GGGCTCAAGAGCCCAA-1_1	ACAATCGTCAGCACTA-1
1550	2160	0.375	GGGCTCAAGAGCCCAA-1_1	TGGCAATTCTGAAAGA-1
1551	856	0.0625	GGGTAGAAGCGCCCAT-1_1	CGATGATAGAGGAATG-1
1552	841	0.6875	GGGTAGACAGCTACAT-1_1	CCTTAATTCCCGTATC-1
1552	1407	0.375	GGGTAGACAGCTACAT-1_1	GCGCCAATCTTCTTCC-1
1554	1865	0.375	GGGTAGATCAGCCCAG-1_1	TAGCCGGCAAACCGAG-1
1554	936	0.25	GGGTAGATCAGCCCAG-1_1	CTAACTTTCCAATAGC-1
1555	1195	0.375	GGGTAGATCGACCTAA-1_1	GAGATTCGTCCCGAGT-1
1555	1781	0.375	GGGTAGATCGACCTAA-1_1	TACATGGAGAGGTCCA-1
1557	362	0.6875	GGGTATTAGGTTGAGC-1_1	AGCCTCTCATTGAACC-1
1557	107	0.25	GGGTATTAGGTTGAGC-1_1	AACTGTGGTGCCGGTT-1
1557	1178	0.1875	GGGTATTAGGTTGAGC-1_1	GACTAGTAGGTTCGTT-1
1557	619	0.0625	GGGTATTAGGTTGAGC-1_1	CACATGAGTCATTGGT-1
1558	1509	0.125	GGGTATTAGTTGTAAG-1_1	GGAGGATTCGTGCTGG-1
1558	464	0.1875	GGGTATTAGTTGTAAG-1_1	AGTTTGGGTAATGTAG-1
1558	1510	0.3125	GGGTATTAGTTGTAAG-1_1	GGAGTAGAGTCGCCTG-1
1559	1846	0.0625	GGGTATTGTACCCGCA-1_1	TAGCACAGTGCATTCA-1
1560	1043	0.6875	GGGTATTGTGACACAG-1_1	CTGTTCGGTACGACCC-1
1561	369	1	GGGTATTTCCCGGTAG-1_1	AGCCTTCAGAGGCGGA-1
1563	559	1	GGGTGAAAGGCAGGGA-1_1	ATTTGTCCAGGTCCTG-1
1563	1427	0.4375	GGGTGAAAGGCAGGGA-1_1	GCGTAGCCAATGGCTT-1
1564	37	0.75	GGGTGAAGTCAAACGG-1_1	AAATGAGAGACTAGCG-1
1564	143	0.75	GGGTGAAGTCAAACGG-1_1	AATGCCACATATTGGC-1
1565	75	0.375	GGGTGAAGTCATGCAT-1_1	AACCTGACATGGCCTG-1
1565	1571	0.125	GGGTGAAGTCATGCAT-1_1	GGGTTATCAGAATGCG-1
1567	539	0.875	GGGTGTCGTCAGTTTG-1_1	ATTACCTTCTGGGCGT-1
1567	83	0.6875	GGGTGTCGTCAGTTTG-1_1	AACCTTTTCCAGAGAG-1
1568	1009	1	GGGTGTCGTGACCGAA-1_1	CTCTCGAGTGCTGTGC-1
1569	1817	0.6875	GGGTGTCTCGCTCTAC-1_1	TACGGATAGGTCTTGT-1
1569	1266	1	GGGTGTCTCGCTCTAC-1_1	GCAAAGGTCAGTCTTT-1
1569	458	0.1875	GGGTGTCTCGCTCTAC-1_1	AGTTACGTCGCTAGTA-1
1570	948	1	GGGTGTCTCGTCGCTT-1_1	CTACTTAGTGAGGGTT-1
1570	934	1	GGGTGTCTCGTCGCTT-1_1	CTAACTTGTCTCTGGG-1
1570	1251	1	GGGTGTCTCGTCGCTT-1_1	GATGGCCTCCGATGCG-1
1571	1233	0.3125	GGGTTATAGCCATTGT-1_1	GATCGTAAGTCGTGAG-1
1571	959	0.625	GGGTTATAGCCATTGT-1_1	CTAGGATGTAATGCAA-1
1571	2073	0.3125	GGGTTATAGCCATTGT-1_1	TGAGCCGGTTAAGGGC-1
1573	29	0.875	GGGTTATGTGTCGCTG-1_1	AAAGGGCAGACAGTGC-1
1573	1470	0.5625	GGGTTATGTGTCGCTG-1_1	GCTTGCTCACAAGGGT-1
1573	366	0.375	GGGTTATGTGTCGCTG-1_1	AGCCTGGTCAGTGTAC-1
1574	1351	0.5	GGGTTTATCCGAAATC-1_1	GCCCGAACAACTACTG-1
1575	420	0.25	GGTAACTAGCCTATTG-1_1	AGGCGAACAACGGACA-1
1576	540	0.5625	GGTAACTAGTGTTCAC-1_1	ATTACTCAGCTTACCA-1
1576	136	0.375	GGTAACTAGTGTTCAC-1_1	AAGGTTCTCTCGCGGA-1
1577	234	0.625	GGTAACTCAAGCACAG-1_1	ACCCAAAAGCTTACCA-1
1577	1260	0.375	GGTAACTCAAGCACAG-1_1	GATTGACGTCATTGCA-1
1577	60	0.125	GGTAACTCAAGCACAG-1_1	AACATCGGTCATGAGG-1
1579	418	0.3125	GGTAACTTCGCCAGTG-1_1	AGGCCTGTCACCCGGA-1
1579	473	0.5625	GGTAACTTCGCCAGTG-1_1	ATAGTCGTCAATTCCT-1
1580	35	0.875	GGTAATCAGAGAGTGA-1_1	AAAGGGCTCACCCTTG-1
1581	2003	0.875	GGTAATCGTATGACAA-1_1	TCAGTTTGTATTCTTC-1
1583	785	0.375	GGTAGAGCAATTCGTG-1_1	CCCTAACCATCCCGGA-1
1584	1424	0.625	GGTAGAGCAGAGAGGG-1_1	GCGGTGTGTTCCCTTG-1
1584	648	0.875	GGTAGAGCAGAGAGGG-1_1	CACGTTCAGATGGGTC-1
1586	84	0.25	GGTAGAGGTCGTTGGC-1_1	AACCTTTTCCTATCAT-1
1586	609	0.125	GGTAGAGGTCGTTGGC-1_1	CACAACAGTATGGGTG-1
1586	428	0.4375	GGTAGAGGTCGTTGGC-1_1	AGGCGTCGTCGCTACG-1
1587	795	0.375	GGTAGAGTCACAACCA-1_1	CCCTAGTGTGCATTCA-1
1587	99	0.3125	GGTAGAGTCACAACCA-1_1	AACGTACTCCCAGTAA-1
1588	1962	0.5625	GGTAGAGTCATGCGGC-1_1	TCACCACAGCAGAATT-1
1589	121	0.75	GGTAGAGTCGAAGCCC-1_1	AAGATAGAGGTACATA-1
1590	1786	0.375	GGTCACGCAGCTCATA-1_1	TACATTCGTCAACTGT-1
1591	1417	0.4375	GGTCACGTCAGGACAG-1_1	GCGGGTTCATGTCCCT-1
1592	267	0.5	GGTCTGGAGTCATAGA-1_1	ACGTGGCGTGTGCTTA-1
1593	7	0.625	GGTCTGGGTGTAGGAC-1_1	AAACGAATCTGACTTT-1
1595	412	0.8125	GGTGATTAGTCCTGTA-1_1	AGGCCCAAGCTAACAA-1
1595	1861	0.375	GGTGATTAGTCCTGTA-1_1	TAGCCCTGTGCGTCCA-1
1595	2040	0.3125	GGTGATTAGTCCTGTA-1_1	TCGCCTACATGTCCCT-1
1596	1987	0.875	GGTGATTGTAGGCTGA-1_1	TCAGGTATCCATCTAT-1
1598	756	0.125	GGTGATTGTGTGTACT-1_1	CCAGAATTCCATTGAG-1
1598	273	0.25	GGTGATTGTGTGTACT-1_1	ACGTTAGGTCTGATTG-1
1599	1440	0.125	GGTGGCTCAATAACCC-1_1	GCTCAGGAGTCCGTGC-1
1599	1072	0.625	GGTGGCTCAATAACCC-1_1	CTTGCCAGTCAGGCTC-1
1599	1758	0.5	GGTGGCTCAATAACCC-1_1	TAAGCCACACTGTAAC-1
1599	1239	0.5625	GGTGGCTCAATAACCC-1_1	GATCGTAGTGAATACA-1
1600	806	0.6875	GGTGTCGAGCAAGCCA-1_1	CCCTGATTCTCTATTG-1
1602	405	0.625	GGTGTCGTCGACGATT-1_1	AGCTGTAGTTCCAATG-1
1602	1211	0.5625	GGTGTCGTCGACGATT-1_1	GAGGATGGTCAAGACG-1
1602	739	0.375	GGTGTCGTCGACGATT-1_1	CATTGGACATAGAATG-1
1602	1292	0.625	GGTGTCGTCGACGATT-1_1	GCACGGTTCCTTGACC-1
1606	2196	0.3125	GGTGTTATCAAGCTTG-1_1	TGTACGACAGGATGTG-1
1606	1782	0.25	GGTGTTATCAAGCTTG-1_1	TACATGGCATCTGCAA-1
1606	344	0.5	GGTGTTATCAAGCTTG-1_1	AGCCAGCTCGCTGATA-1
1607	1771	0.1875	GGTGTTATCAAGTGGG-1_1	TAATCGGTCTCGTAGA-1
1608	1200	0.5	GGTGTTATCCACGTAA-1_1	GAGCATTCATCGCCTT-1
1608	1480	0.9375	GGTGTTATCCACGTAA-1_1	GGAACCCCACCTGTGG-1
1609	1741	0.4375	GGTGTTATCCCAAGTA-1_1	TAAACCGTCCATGTTT-1
1610	991	1	GGTGTTATCGACCATA-1_1	CTCTACGAGTGCTAGG-1
1610	842	1	GGTGTTATCGACCATA-1_1	CCTTAATTCGGGAATG-1
1611	769	0.125	GGTGTTATCGACTCCT-1_1	CCCACATGTACGCAAG-1
1613	1705	1	GGTTAACGTGTTAACC-1_1	GTGTCCTTCAGTGTAC-1
1614	178	0.75	GGTTAACTCGGATACT-1_1	ACAAGCTCACGCTCAG-1
1614	1879	1	GGTTAACTCGGATACT-1_1	TAGGTCAAGAACGCCA-1
1614	2235	1	GGTTAACTCGGATACT-1_1	TTACGGAAGGTTGACG-1
1615	1148	0.8125	GGTTCTCGTGTTTCTT-1_1	GACCAATAGGCAGTAC-1
1616	399	1	GGTTCTCTCCACAAGT-1_1	AGCTGATTCCCTAAAG-1
1616	848	0.4375	GGTTCTCTCCACAAGT-1_1	CCTTGGTGTACGAGAC-1
1616	896	0.8125	GGTTCTCTCCACAAGT-1_1	CGGACCAAGTGAGCTG-1
1616	788	0.4375	GGTTCTCTCCACAAGT-1_1	CCCTAACTCCTCATTA-1
1618	941	0.1875	GGTTGTAGTATGAGGC-1_1	CTACAGATCAGAATGA-1
1618	2180	0	GGTTGTAGTATGAGGC-1_1	TGGTCAAGTAACCCAT-1
1618	385	0.375	GGTTGTAGTATGAGGC-1_1	AGCGTATCACAAACGG-1
1618	1204	0.3125	GGTTGTAGTATGAGGC-1_1	GAGCGCTCAAGTTCGT-1
1621	709	0.375	GGTTGTATCTCTCAAT-1_1	CAGTGTATCCATACCC-1
1621	1103	0.125	GGTTGTATCTCTCAAT-1_1	GAAAGTATCTCGCGTT-1
1622	827	0.0625	GTAACCACACCGTCTT-1_1	CCTCCCTAGTACCCAT-1
1622	811	0.25	GTAACCACACCGTCTT-1_1	CCGTACTAGCGTCAAG-1
1623	2269	0.125	GTAACCAGTAAGAACT-1_1	TTAGCTTTCTGACATG-1
1624	2218	0.5625	GTAATCGAGAGCAGTC-1_1	TGTTAGGGTTCCGGCA-1
1626	2274	0.3125	GTAATGCCAAAGGGTC-1_1	TTAGGTGGTTGGCTAT-1
1626	483	0	GTAATGCCAAAGGGTC-1_1	ATCCAGATCAAGGCCC-1
1627	867	0.9375	GTAATGCCATCGCTGG-1_1	CGCAATACAAGACACG-1
1627	1089	0.875	GTAATGCCATCGCTGG-1_1	CTTGTCGGTGGTAGAC-1
1627	323	0.6875	GTAATGCCATCGCTGG-1_1	ACTTCCGTCTTGTACT-1
1628	149	0.3125	GTAATGCCATCGGATT-1_1	AATGGAAGTAAGCCGA-1
1628	1133	0.9375	GTAATGCCATCGGATT-1_1	GAACTTGGTCAGACGA-1
1629	2161	0.25	GTAATGCGTAGTGTGG-1_1	TGGCAATTCTTGTCGC-1
1629	1305	0.1875	GTAATGCGTAGTGTGG-1_1	GCAGCCATCGCGCCAA-1
1630	1019	0.25	GTAATGCGTGTGAGCA-1_1	CTGCGTTGTGTCTACA-1
1631	1813	0.25	GTAATGCTCCTAGCGG-1_1	TACGCCTGTTTAGACC-1
1632	1599	0.625	GTAATGCTCCTCTCGA-1_1	GGTGTCGTCATTCGGA-1
1632	2246	0.3125	GTAATGCTCCTCTCGA-1_1	TTACTCACATGTGGGA-1
1632	127	0.5	GTAATGCTCCTCTCGA-1_1	AAGGAGCGTAACTGAA-1
1632	953	0.1875	GTAATGCTCCTCTCGA-1_1	CTACTTATCGCTACCT-1
1633	2230	0.875	GTAATGCTCGCACGAC-1_1	TTACCGCCATGGGTGA-1
1633	1868	1	GTAATGCTCGCACGAC-1_1	TAGCCGGGTCTAAGAA-1
1633	1058	0.4375	GTAATGCTCGCACGAC-1_1	CTTCCAGTCCGAGGAA-1
1633	1857	0.5625	GTAATGCTCGCACGAC-1_1	TAGCATGGTCAGCTTA-1
1633	1596	0.5	GTAATGCTCGCACGAC-1_1	GGTGTCGAGGTTGTTC-1
1634	804	0.6875	GTACAACCAGTTGGTT-1_1	CCCTGATAGAATATCG-1
1635	287	0.75	GTACAACGTAGTCCTA-1_1	ACTACCCCAATGATGA-1
1636	416	0.25	GTACAACTCACCTTAT-1_1	AGGCCTGGTCCGTAGC-1
1636	501	0.25	GTACAACTCACCTTAT-1_1	ATCCTGCTCAGTCACA-1
1637	681	0.6875	GTACAGTCATAACAGA-1_1	CAGCTGGTCCTATCCG-1
1637	578	0.4375	GTACAGTCATAACAGA-1_1	CAACGGCAGTCCAGAG-1
1638	1793	0.3125	GTACAGTGTTGCCGAC-1_1	TACCCTGTCAGCACGC-1
1639	1905	0.3125	GTACAGTTCTTAGCCC-1_1	TATCTGTAGATCCGAG-1
1640	900	1	GTAGAGGCAGCACGAA-1_1	CGGACTGCATACCCGG-1
1640	1398	0.875	GTAGAGGCAGCACGAA-1_1	GCGCATGAGCTCGTTA-1
1640	2171	1	GTAGAGGCAGCACGAA-1_1	TGGCGCATCGTGATAC-1
1641	1485	0.5	GTAGAGGGTTGCATAC-1_1	GGAACTTAGGCTGGAT-1
1641	1981	0.5625	GTAGAGGGTTGCATAC-1_1	TCAGCTCTCCCAGCAG-1
1641	2284	0.8125	GTAGAGGGTTGCATAC-1_1	TTCATCATCCAGAATC-1
1641	428	0.625	GTAGAGGGTTGCATAC-1_1	AGGCGTCGTCGCTACG-1
1641	1338	0.625	GTAGAGGGTTGCATAC-1_1	GCCAGCAGTATTGTGC-1
1643	864	0.3125	GTAGATCGTTCTCGCT-1_1	CGATGATGTTTGAAGA-1
1643	1983	0.3125	GTAGATCGTTCTCGCT-1_1	TCAGGGCGTTTCGATG-1
1644	1391	0.9375	GTAGATCTCACTCACC-1_1	GCGATTACATGTAGAA-1
1644	24	0.125	GTAGATCTCACTCACC-1_1	AAAGGATAGTCCGGAA-1
1645	2044	0.375	GTAGATCTCTGGGCAC-1_1	TCGGGACGTCGTAATC-1
1645	138	0.5	GTAGATCTCTGGGCAC-1_1	AATACGCGTGAATCGG-1
1645	1289	0.3125	GTAGATCTCTGGGCAC-1_1	GCACGGTGTAATGTGA-1
1645	779	0.4375	GTAGATCTCTGGGCAC-1_1	CCCGTTACAAGGATGC-1
1646	2386	0.625	GTAGCTATCCATTGGA-1_1	TTTGCGCGTCATAGCT-1
1646	180	0.75	GTAGCTATCCATTGGA-1_1	ACAAGCTGTTTAGGAA-1
1646	2216	1	GTAGCTATCCATTGGA-1_1	TGTTAGGGTGCAAGCA-1
1647	1913	0.25	GTAGGAGGTAAGGCTG-1_1	TATCTGTTCGGTGATT-1
1647	267	0.75	GTAGGAGGTAAGGCTG-1_1	ACGTGGCGTGTGCTTA-1
1647	176	0.375	GTAGGAGGTAAGGCTG-1_1	ACAAAGAGTTTGTGAC-1
1648	1858	1	GTAGGAGGTGCCTATA-1_1	TAGCATGTCCTCCTGA-1
1648	1561	0.25	GTAGGAGGTGCCTATA-1_1	GGGTCTGAGTCAGGAC-1
1648	1931	0.4375	GTAGGAGGTGCCTATA-1_1	TCAAGCAAGGTCGGTA-1
1648	2257	0.8125	GTAGGAGGTGCCTATA-1_1	TTAGCGACAATGAAAC-1
1649	844	0.375	GTAGGAGTCATCGCAA-1_1	CCTTGCAAGGTGATGC-1
1649	77	0.125	GTAGGAGTCATCGCAA-1_1	AACCTGAGTAGGTGAC-1
1649	1897	0.1875	GTAGGAGTCATCGCAA-1_1	TAGTCCCTCATGAACC-1
1650	1905	0.375	GTAGGTTAGACTCTTG-1_1	TATCTGTAGATCCGAG-1
1650	1643	0.375	GTAGGTTAGACTCTTG-1_1	GTCACGGAGCTACGCC-1
1650	2233	0.5625	GTAGGTTAGACTCTTG-1_1	TTACCGCTCAGTCAAC-1
1651	1198	0.375	GTAGGTTGTGGTAACG-1_1	GAGATTCTCGTGCTGG-1
1651	1599	0.4375	GTAGGTTGTGGTAACG-1_1	GGTGTCGTCATTCGGA-1
1652	2126	0.8125	GTAGGTTGTTGATCGT-1_1	TGCTATTTCTTACGGA-1
1653	802	0.3125	GTAGGTTTCGAACCTA-1_1	CCCTCTCTCGAGTGTT-1
1653	1139	0.4375	GTAGGTTTCGAACCTA-1_1	GAAGTCTGTGGACCAA-1
1654	1717	0.25	GTAGTACGTAGCGATG-1_1	GTTACTTAGTAACATG-1
1655	590	0.625	GTAGTACTCCATAGGT-1_1	CAACGTAGTTGTGACT-1
1655	1053	0.625	GTAGTACTCCATAGGT-1_1	CTTCCAGAGCGTGTTT-1
1656	878	1	GTAGTACTCGATTGGT-1_1	CGCGCAAGTGATGCGA-1
1657	715	0.375	GTATTGGAGCCACCGT-1_1	CATGCCTAGAGCGGTT-1
1658	1851	0.75	GTATTGGGTCCCGCAA-1_1	TAGCATGAGAATATCG-1
1659	40	0	GTATTTCGTCCTCCTA-1_1	AAATGAGCAACGTAGG-1
1662	1281	0.6875	GTCAAACAGACTGTTC-1_1	GCACGCAGTGGAAGCT-1
1663	1047	1	GTCAAACCATTGCCTC-1_1	CTTAATCGTGTACGCC-1
1663	89	0.8125	GTCAAACCATTGCCTC-1_1	AACGAGGCAATGCATC-1
1663	1428	0.375	GTCAAACCATTGCCTC-1_1	GCGTAGCCATTTGTTC-1
1663	346	0.375	GTCAAACCATTGCCTC-1_1	AGCCCGAAGGCCTCTG-1
1663	2203	0.5	GTCAAACCATTGCCTC-1_1	TGTGGCGCAGAGCCAA-1
1664	911	0.9375	GTCAAACGTGGATGAC-1_1	CGTAAACTCCATTGTT-1
1665	413	0.9375	GTCAAGTGTGGAACAC-1_1	AGGCCCAGTGTGAGGT-1
1665	977	0.5	GTCAAGTGTGGAACAC-1_1	CTCAGAATCGAAGCCC-1
1665	2205	0.6875	GTCAAGTGTGGAACAC-1_1	TGTGGCGCATCGAGTT-1
1665	1101	0.5	GTCAAGTGTGGAACAC-1_1	GAAAGTACAGATAAGT-1
1667	663	0.875	GTCACGGAGACGCCCT-1_1	CACTGAATCGCGCCAA-1
1667	527	0.875	GTCACGGAGACGCCCT-1_1	ATGTCGAGTTTCTACT-1
1668	1310	0.1875	GTCACGGCACGGCCAT-1_1	GCAGCTGTCCGCCTAT-1
1669	1330	0.125	GTCACGGCATCCGTTC-1_1	GCCAGACCACATTGCA-1
1669	1653	0.5625	GTCACGGCATCCGTTC-1_1	GTCCATCAGTTCGACT-1
1670	1285	0.625	GTCACGGTCCACAGGC-1_1	GCACGGTAGCTAACAA-1
1670	192	0.375	GTCACGGTCCACAGGC-1_1	ACAGAAACAACACGGA-1
1670	2039	0.5625	GTCACGGTCCACAGGC-1_1	TCGCCTACATATTGGC-1
1672	2049	0.375	GTCACTCTCTGAGTCA-1_1	TCGTTCGCAAGGGAGG-1
1672	2373	0.375	GTCACTCTCTGAGTCA-1_1	TTGTTGTGTATGTTCG-1
1674	743	0.125	GTCAGCGGTAGCACGA-1_1	CCAATGACAGTCAGAG-1
1674	1864	0.375	GTCAGCGGTAGCACGA-1_1	TAGCCGGAGAGGCGGA-1
1675	2122	0.625	GTCATCCGTCATAGTC-1_1	TGCGTAATCCATACCC-1
1677	344	0.1875	GTCATGAGTTCCTAGA-1_1	AGCCAGCTCGCTGATA-1
1677	1459	1	GTCATGAGTTCCTAGA-1_1	GCTGAGCGTTACTACG-1
1678	2171	0.3125	GTCATGATCCCAGCGA-1_1	TGGCGCATCGTGATAC-1
1678	62	0	GTCATGATCCCAGCGA-1_1	AACCAACAGTGAGCAC-1
1679	1701	0.3125	GTCATTTGTGGCGCTT-1_1	GTGTCAATCGAGGTCC-1
1679	1331	0.6875	GTCATTTGTGGCGCTT-1_1	GCCAGACCATTCGTCC-1
1680	1471	0.75	GTCCACTAGACTACCT-1_1	GCTTGCTTCCCTAAAG-1
1680	2275	0.375	GTCCACTAGACTACCT-1_1	TTATGTCAGCTCCGGT-1
1681	1398	0.1875	GTCCACTCATAATCGC-1_1	GCGCATGAGCTCGTTA-1
1681	1630	0.25	GTCCACTCATAATCGC-1_1	GTAGTACGTCTAACCA-1
1683	1929	0.625	GTCCACTTCGCCAGAC-1_1	TCAAGACCAATTGGCT-1
1684	382	0.8125	GTCGAATAGTGCACCC-1_1	AGCGATTTCCAGGTCG-1
1685	1536	0.9375	GTCGAATAGTTGGGAC-1_1	GGCGAAACAATGCATC-1
1687	438	1	GTCGTAACAACAGTGG-1_1	AGTCCGGTCTGAACGT-1
1688	230	0.125	GTCGTAACAGAAATCA-1_1	ACCATCCTCAAACCAC-1
1688	518	0.125	GTCGTAACAGAAATCA-1_1	ATGTACGCATTTGTTC-1
1689	320	0.375	GTCGTAAGTAATTAGG-1_1	ACTGTCCGTTAACCGT-1
1689	1168	0.8125	GTCGTAAGTAATTAGG-1_1	GACCGACCATAGCCGC-1
1689	1930	0.3125	GTCGTAAGTAATTAGG-1_1	TCAAGACGTCAAGACG-1
1689	2253	0.8125	GTCGTAAGTAATTAGG-1_1	TTACTTGCAGTTGCAT-1
1690	2387	1	GTCGTAAGTTCTTCAT-1_1	TTTGCGCGTTACTACG-1
1690	18	0.5625	GTCGTAAGTTCTTCAT-1_1	AAACTGCGTTGGCGAA-1
1690	143	0.5	GTCGTAAGTTCTTCAT-1_1	AATGCCACATATTGGC-1
1691	1065	0.1875	GTCGTAATCAGACCGC-1_1	CTTGAAGTCAGGGTTT-1
1692	594	1	GTCGTTCCACAGCTTA-1_1	CAAGAAACAGGTTATC-1
1692	1207	0.9375	GTCGTTCCACAGCTTA-1_1	GAGCGCTGTGAGGTCA-1
1692	902	1	GTCGTTCCACAGCTTA-1_1	CGGACTGGTCAGGTGA-1
1692	1427	0.5625	GTCGTTCCACAGCTTA-1_1	GCGTAGCCAATGGCTT-1
1693	988	0.1875	GTCGTTCCATTCGGGC-1_1	CTCGCTAGTCATAGAA-1
1693	565	0.1875	GTCGTTCCATTCGGGC-1_1	CAAAGCTCACAAACAA-1
1693	2050	0.25	GTCGTTCCATTCGGGC-1_1	TCGTTCGCACATATCG-1
1693	892	0.8125	GTCGTTCCATTCGGGC-1_1	CGCTATCCACCTGTGG-1
1694	691	0.6875	GTCGTTCGTCACTCAA-1_1	CAGGGCTTCCTCCATG-1
1694	2257	0.375	GTCGTTCGTCACTCAA-1_1	TTAGCGACAATGAAAC-1
1695	225	0.1875	GTCTACCAGTAAACGT-1_1	ACCAAACGTAACGTAA-1
1696	246	0.4375	GTCTACCCAAGAGAGA-1_1	ACCGCAGAGGGAGATA-1
1697	1697	0.5625	GTCTACCGTGATGTAA-1_1	GTGGCGTTCGGCTATA-1
1698	1708	0.75	GTCTACCGTTACCTTT-1_1	GTGTGATAGCGTCAAG-1
1698	687	0.75	GTCTACCGTTACCTTT-1_1	CAGGATTGTAGAAAGG-1
1698	228	0	GTCTACCGTTACCTTT-1_1	ACCATCCAGACAACGC-1
1699	381	0.875	GTCTACCTCGATGGAG-1_1	AGCGATTTCAGCGGTC-1
1699	2084	0.9375	GTCTACCTCGATGGAG-1_1	TGAGTCATCGCGCCAA-1
1700	2022	0.9375	GTCTAGAAGCCTGGAA-1_1	TCCGACTGTAAGGTCG-1
1702	2374	0.125	GTCTAGAAGTCATACC-1_1	TTGTTGTGTCTCTAAG-1
1702	278	0.75	GTCTAGAAGTCATACC-1_1	ACGTTAGTCTATACCT-1
1702	1268	0.4375	GTCTAGAAGTCATACC-1_1	GCAAAGGTCGTGAGTT-1
1703	1117	0.625	GTCTAGACACTTCATT-1_1	GAACCGCTCGAGAAGC-1
1706	1239	0.1875	GTCTGTCCACTGTCCT-1_1	GATCGTAGTGAATACA-1
1706	1787	0	GTCTGTCCACTGTCCT-1_1	TACATTCTCGATCTTT-1
1706	194	0.375	GTCTGTCCACTGTCCT-1_1	ACAGAAATCACAACAC-1
1707	662	1	GTCTGTCCAGGCCCTA-1_1	CACTGAATCCCGAAGC-1
1707	1247	1	GTCTGTCCAGGCCCTA-1_1	GATGGCCCAAAGACGC-1
1708	636	0.8125	GTCTGTCCATCGTCCT-1_1	CACCTGTTCCAACGCG-1
1708	1068	0.625	GTCTGTCCATCGTCCT-1_1	CTTGCCAAGATATGAC-1
1708	726	0.8125	GTCTGTCCATCGTCCT-1_1	CATGTTTCAAGCAACG-1
1708	2166	0.25	GTCTGTCCATCGTCCT-1_1	TGGCGCAGTAGGGTTG-1
1709	971	0.4375	GTCTGTCGTGTGTGTT-1_1	CTCACCAGTTACTTTC-1
1709	317	0.75	GTCTGTCGTGTGTGTT-1_1	ACTGTCCAGTCACGCC-1
1709	2011	0.375	GTCTGTCGTGTGTGTT-1_1	TCCAGAATCCATACCC-1
1709	43	0.125	GTCTGTCGTGTGTGTT-1_1	AAATGCCCAATGGTCT-1
1709	663	0.4375	GTCTGTCGTGTGTGTT-1_1	CACTGAATCGCGCCAA-1
1710	2050	0.4375	GTCTTTAGTAGCTTAC-1_1	TCGTTCGCACATATCG-1
1710	1328	0.625	GTCTTTAGTAGCTTAC-1_1	GCATTGATCTTCCACG-1
1710	375	0.375	GTCTTTAGTAGCTTAC-1_1	AGCGATTCACATCATG-1
1711	1087	0.125	GTCTTTAGTCTCCTGT-1_1	CTTGTCGGTCCAAGTT-1
1711	2094	0.0625	GTCTTTAGTCTCCTGT-1_1	TGATGCAGTTCTTTCA-1
1711	376	0.6875	GTCTTTAGTCTCCTGT-1_1	AGCGATTCACGTTGTA-1
1712	234	0.125	GTGACGCTCTAGCATG-1_1	ACCCAAAAGCTTACCA-1
1712	1421	0	GTGACGCTCTAGCATG-1_1	GCGGTGTAGACAGTGC-1
1712	991	0.5625	GTGACGCTCTAGCATG-1_1	CTCTACGAGTGCTAGG-1
1713	187	0.6875	GTGAGCCGTGCCGAAA-1_1	ACAATCGCAGTTGCAT-1
1713	369	0.5	GTGAGCCGTGCCGAAA-1_1	AGCCTTCAGAGGCGGA-1
1713	807	0.3125	GTGAGCCGTGCCGAAA-1_1	CCGAAGCTCAGAACGG-1
1714	544	0.6875	GTGAGGAAGACGCTCC-1_1	ATTACTCTCAGATACC-1
1714	1159	0.375	GTGAGGAAGACGCTCC-1_1	GACCCAGAGGCACTAG-1
1714	1212	0.6875	GTGAGGAAGACGCTCC-1_1	GAGGATGGTTCTGATG-1
1715	2075	0.8125	GTGAGGACATGTTCAG-1_1	TGAGCCGTCTGCGTCT-1
1716	1981	0.5625	GTGAGGAGTACGACAG-1_1	TCAGCTCTCCCAGCAG-1
1717	2211	0.6875	GTGAGGAGTCTGATCA-1_1	TGTGTCCTCGTGGTAT-1
1718	1442	0.375	GTGAGTTTCATCGCCT-1_1	GCTCAGGGTCGCGCTA-1
1718	713	0.9375	GTGAGTTTCATCGCCT-1_1	CATAACGGTCAGACGA-1
1719	2105	0	GTGAGTTTCCCGAGAC-1_1	TGCACCTTCTCTGCGT-1
1719	1456	0.4375	GTGAGTTTCCCGAGAC-1_1	GCTCGAGGTTTCCGGG-1
1720	64	0.625	GTGATGTAGTTAACGA-1_1	AACCAACCACAGAAGC-1
1720	880	0.1875	GTGATGTAGTTAACGA-1_1	CGCTAGGAGCTGCCAC-1
1721	1410	0.3125	GTGATGTGTGGATCAG-1_1	GCGGAAACAGGACCTC-1
1722	2352	0.25	GTGATGTGTTTGGAAA-1_1	TTGCTATGTCATAGAA-1
1722	689	0.9375	GTGATGTGTTTGGAAA-1_1	CAGGGCTGTCACATTG-1
1724	1594	0.375	GTGCAGCCACGACGAA-1_1	GGTGCTGCACACACCG-1
1724	669	0.6875	GTGCAGCCACGACGAA-1_1	CAGCCTTTCTTAACGG-1
1725	1291	0.375	GTGCAGCCATTGTCGA-1_1	GCACGGTGTGGCCTCA-1
1725	2036	0.375	GTGCAGCCATTGTCGA-1_1	TCGCAGGGTACTTCGA-1
1725	2291	0.1875	GTGCAGCCATTGTCGA-1_1	TTCGATTAGAGCACTG-1
1726	874	0.8125	GTGCAGCGTCACATTG-1_1	CGCAGGTTCTTTATCG-1
1726	750	1	GTGCAGCGTCACATTG-1_1	CCAGAATAGTGGACGT-1
1726	614	0.625	GTGCAGCGTCACATTG-1_1	CACAGATTCCCTAAAG-1
1729	410	0.5	GTGCTGGGTCGAATTC-1_1	AGGACGATCCAGAATC-1
1729	1375	0	GTGCTGGGTCGAATTC-1_1	GCGAGTCAGTTTACGC-1
1730	1232	0.4375	GTGCTGGTCGCTAATG-1_1	GATCGTAAGGTACATA-1
1732	2313	0.5625	GTGCTTCCATGACTGT-1_1	TTGACGACAATTCTCT-1
1732	49	0.4375	GTGCTTCCATGACTGT-1_1	AACAAAGCATTCTTTG-1
1733	846	0.125	GTGCTTCTCACTCTTA-1_1	CCTTGGTAGTTGCTTG-1
1734	2345	0.9375	GTGGAAGCAAGTTTGC-1_1	TTGCGAATCAAGAGGC-1
1734	1723	0.1875	GTGGAAGCAAGTTTGC-1_1	GTTATTCAGTAACTCC-1
1735	1516	0.875	GTGGAAGCAGCCGTTG-1_1	GGAGTAGTCTCAGATG-1
1735	480	1	GTGGAAGCAGCCGTTG-1_1	ATCCAGAAGATGGGTC-1
1736	1812	0.9375	GTGGAGACAAGAGGCT-1_1	TACGCCTGTTCTACCC-1
1736	324	0.4375	GTGGAGACAAGAGGCT-1_1	ACTTTCACAGCGTAGA-1
1737	156	1	GTGGAGACAATACGAA-1_1	AATGGCTCAGCAACGA-1
1737	1266	0.8125	GTGGAGACAATACGAA-1_1	GCAAAGGTCAGTCTTT-1
1737	1817	0.5625	GTGGAGACAATACGAA-1_1	TACGGATAGGTCTTGT-1
1738	1038	0.875	GTGGCGTCACCGTACG-1_1	CTGTATTAGCCTTTGA-1
1738	446	0.3125	GTGGCGTCACCGTACG-1_1	AGTGCGCGTAGGGTTG-1
1738	1609	0.375	GTGGCGTCACCGTACG-1_1	GGTTGCGGTCTCTGGG-1
1739	1298	1	GTGGCGTTCATGCCAA-1_1	GCAGATTCATTGCACA-1
1739	2023	1	GTGGCGTTCATGCCAA-1_1	TCGAGCGAGAACCCGA-1
1739	1251	1	GTGGCGTTCATGCCAA-1_1	GATGGCCTCCGATGCG-1
1740	2053	0.5	GTGGCGTTCATTATCC-1_1	TCTAGTTTCCTGGAAT-1
1740	1709	0	GTGGCGTTCATTATCC-1_1	GTGTGATCAAATGCTC-1
1741	1823	0.6875	GTGGGAATCCGTGACG-1_1	TACGGATTCTCTTCTC-1
1741	566	0.9375	GTGGGAATCCGTGACG-1_1	CAAAGCTCACCGTCTT-1
1743	85	0.75	GTGGTTAAGGATACAT-1_1	AACCTTTTCGTGGGTC-1
1743	2123	0.875	GTGGTTAAGGATACAT-1_1	TGCGTAATCGCACCGA-1
1743	561	0.25	GTGGTTAAGGATACAT-1_1	ATTTGTCGTTAGGCTT-1
1745	624	0.1875	GTGGTTAGTGTTGCCG-1_1	CACCACTAGTGCAACG-1
1745	1238	0.3125	GTGGTTAGTGTTGCCG-1_1	GATCGTAGTATCCCTC-1
1746	1018	1	GTGGTTATCCATCAGA-1_1	CTGCGTTGTGCGCTCA-1
1746	126	1	GTGGTTATCCATCAGA-1_1	AAGGAGCCATGGCCGT-1
1747	31	0.125	GTGGTTATCGCGTGCA-1_1	AAAGGGCCACCGTCTT-1
1747	788	0.25	GTGGTTATCGCGTGCA-1_1	CCCTAACTCCTCATTA-1
1747	471	0.1875	GTGGTTATCGCGTGCA-1_1	ATAGGCTGTGTTAGAA-1
1748	2053	0.625	GTGGTTATCTGCGGAC-1_1	TCTAGTTTCCTGGAAT-1
1749	612	0.625	GTGTAACTCGGAATGG-1_1	CACAGATGTAACGTAA-1
1749	539	0.75	GTGTAACTCGGAATGG-1_1	ATTACCTTCTGGGCGT-1
1749	2242	0.8125	GTGTAACTCGGAATGG-1_1	TTACGTTGTTCTGAGT-1
1750	1286	0.5	GTGTCCTAGTGATAGT-1_1	GCACGGTAGCTCGTTA-1
1750	1401	0.6875	GTGTCCTAGTGATAGT-1_1	GCGCATGGTTCAGAAA-1
1750	1945	0.3125	GTGTCCTAGTGATAGT-1_1	TCAATTCAGTGTGTAA-1
1751	795	0.3125	GTGTCCTCAGAACTTC-1_1	CCCTAGTGTGCATTCA-1
1751	2203	0.5	GTGTCCTCAGAACTTC-1_1	TGTGGCGCAGAGCCAA-1
1752	1309	0.5	GTGTCCTGTATCTCGA-1_1	GCAGCTGGTAATGTGA-1
1752	1400	0.4375	GTGTCCTGTATCTCGA-1_1	GCGCATGGTATGGGTG-1
1753	74	0.0625	GTGTCCTTCGCAAGAG-1_1	AACCTGAAGGGAGTTC-1
1754	1363	0.375	GTGTGATCATAGATGA-1_1	GCCTAGGAGCAGAAAG-1
1754	1156	0.25	GTGTGATCATAGATGA-1_1	GACCAATTCGTCTTAT-1
1754	1408	0.0625	GTGTGATCATAGATGA-1_1	GCGGAAAAGCGATACG-1
1756	1022	0	GTGTGGCAGCCTAGGA-1_1	CTGCTCAAGGGTTCTT-1
1757	462	0.375	GTGTGGCCAGCCATTA-1_1	AGTTTGGCACTAAACC-1
1757	2115	0.3125	GTGTGGCCAGCCATTA-1_1	TGCCTGTCAATCATCG-1
1757	1023	0.25	GTGTGGCCAGCCATTA-1_1	CTGGCAGCATAGCCAT-1
1758	301	0.5	GTGTGGCGTGTTTGCA-1_1	ACTACGATCGTGCTTC-1
1758	1561	0.3125	GTGTGGCGTGTTTGCA-1_1	GGGTCTGAGTCAGGAC-1
1758	2199	0.3125	GTGTGGCGTGTTTGCA-1_1	TGTAGCACACCATTCC-1
1759	1185	0.3125	GTGTGGCTCAAGTGTC-1_1	GAGAACGCACCTCGTT-1
1760	850	0.8125	GTGTGGCTCCACACAA-1_1	CGAGTTAAGGCAAGGG-1
1760	204	0.875	GTGTGGCTCCACACAA-1_1	ACAGACTTCTTACTCA-1
1761	186	0.4375	GTGTTAGTCACATACG-1_1	ACAATCGCAGGTTATC-1
1761	1781	0.5	GTGTTAGTCACATACG-1_1	TACATGGAGAGGTCCA-1
1762	1416	0.75	GTGTTCCAGGCATCAG-1_1	GCGGGTTCAATCCATG-1
1764	2171	1	GTTACAGGTGTACATC-1_1	TGGCGCATCGTGATAC-1
1764	1809	0.125	GTTACAGGTGTACATC-1_1	TACGCCTCAAAGGAAG-1
1764	37	0.5625	GTTACAGGTGTACATC-1_1	AAATGAGAGACTAGCG-1
1764	233	0.5	GTTACAGGTGTACATC-1_1	ACCATCCTCTTACTCA-1
1765	616	0.625	GTTACGAGTACTTCCC-1_1	CACAGATTCGGGTCCA-1
1767	433	0.25	GTTACGAGTTCTCGTC-1_1	AGTCAACTCGCACCTT-1
1767	2342	0.3125	GTTACGAGTTCTCGTC-1_1	TTGCCCAGTAAACCCT-1
1768	1530	0.8125	GTTACGATCCCAGGCA-1_1	GGCACGTTCACCCGGA-1
1769	267	0.5625	GTTACGATCGCTGATA-1_1	ACGTGGCGTGTGCTTA-1
1769	2401	0.125	GTTACGATCGCTGATA-1_1	TTTGTGTTCAGTCAAC-1
1769	1689	0.4375	GTTACGATCGCTGATA-1_1	GTGGATTGTGAGTAAT-1
1769	1106	0.125	GTTACGATCGCTGATA-1_1	GAAATGAGTCAGTGTT-1
1770	916	0.375	GTTAGACGTCTACATG-1_1	CGTACAATCGCCTTAC-1
1770	2293	0.25	GTTAGACGTCTACATG-1_1	TTCGATTAGTTTACGC-1
1770	1765	0.875	GTTAGACGTCTACATG-1_1	TAATCGGAGCAGAATT-1
1772	1418	0.25	GTTAGTGAGTCCGTCG-1_1	GCGGGTTGTCACAGTT-1
1773	745	0.1875	GTTAGTGGTACGCTTA-1_1	CCAATGATCACCCTTG-1
1774	510	0.625	GTTAGTGTCCATCTCG-1_1	ATGCATGGTAAAGGCC-1
1774	1340	0.625	GTTAGTGTCCATCTCG-1_1	GCCATAAAGAAGACTT-1
1775	1254	0.125	GTTAGTGTCTGTCGCT-1_1	GATTAGCCAACTACTG-1
1777	1418	0.3125	GTTCATTAGTGAGTGC-1_1	GCGGGTTGTCACAGTT-1
1777	182	0.3125	GTTCATTAGTGAGTGC-1_1	ACAAGCTTCACTAGGT-1
1778	290	0.5	GTTCATTCACCGTGAC-1_1	ACTACCCGTGCATCAT-1
1779	1271	1	GTTCATTCAGCGGATA-1_1	GCAACCGCAGAACTTC-1
1779	1967	0.1875	GTTCATTCAGCGGATA-1_1	TCACCACTCTCTGAGA-1
1779	369	0.875	GTTCATTCAGCGGATA-1_1	AGCCTTCAGAGGCGGA-1
1781	1215	0.3125	GTTCCGTAGCCACAAG-1_1	GAGGCTCGTGAGGGTT-1
1781	1527	0.0625	GTTCCGTAGCCACAAG-1_1	GGATGAGCACTGATAC-1
1782	612	0.375	GTTCCGTCACAAAGTA-1_1	CACAGATGTAACGTAA-1
1783	1529	0.25	GTTCCGTCAGACGGAT-1_1	GGCACGTCAATAGCGG-1
1785	669	0.375	GTTCGCTGTTGGAGAC-1_1	CAGCCTTTCTTAACGG-1
1786	1163	0.5625	GTTCTATCACTGGATT-1_1	GACCCAGGTCAGGCTC-1
1786	1567	0.625	GTTCTATCACTGGATT-1_1	GGGTGTCCACGCGATC-1
1786	1013	0.5625	GTTCTATCACTGGATT-1_1	CTGAATGCAAAGAGAG-1
1788	2084	0.75	GTTGAACGTTTGGGAG-1_1	TGAGTCATCGCGCCAA-1
1788	428	0.8125	GTTGAACGTTTGGGAG-1_1	AGGCGTCGTCGCTACG-1
1788	1485	0.625	GTTGAACGTTTGGGAG-1_1	GGAACTTAGGCTGGAT-1
1789	1685	0.3125	GTTGCGGAGCAGCCTC-1_1	GTGCTGGAGGTTGACG-1
1789	448	0.1875	GTTGCGGAGCAGCCTC-1_1	AGTGCGCGTTGCTTGA-1
1789	777	0.5	GTTGCGGAGCAGCCTC-1_1	CCCGTTAAGATCTCAC-1
1790	489	0.25	GTTGCGGCACTTCAAG-1_1	ATCCTCGAGAATACTG-1
1790	1305	0.875	GTTGCGGCACTTCAAG-1_1	GCAGCCATCGCGCCAA-1
1790	2370	0.6875	GTTGCGGCACTTCAAG-1_1	TTGTTCATCCTGGAAT-1
1792	1603	1	GTTGCTCCAACGTATC-1_1	GGTTGCGCAAATTGAG-1
1792	1460	0.4375	GTTGCTCCAACGTATC-1_1	GCTGAGCTCCAGGCCA-1
1793	1787	0.3125	GTTGCTCCAAGGCGTA-1_1	TACATTCTCGATCTTT-1
1793	1007	0.1875	GTTGCTCCAAGGCGTA-1_1	CTCTCGAAGACACTTC-1
1795	1379	0.75	GTTGTAGAGCCACCGT-1_1	GCGAGTCTCCGTGCAG-1
1796	954	0.5	GTTGTAGGTAACATGA-1_1	CTAGCGGCAAGGCGTA-1
1796	816	0.125	GTTGTAGGTAACATGA-1_1	CCGTAGGGTATCTCAG-1
1797	2086	0.25	GTTGTCCAGGTACCTT-1_1	TGATCAGAGTGATTAG-1
1798	1613	0.8125	GTTGTCCGTAGCTTTG-1_1	GTAATCGCAGTTAAAG-1
1798	1223	0.5	GTTGTCCGTAGCTTTG-1_1	GAGTGAGGTTGCCGCA-1
1798	622	0.4375	GTTGTCCGTAGCTTTG-1_1	CACCACTAGACACAAT-1
1798	411	0.0625	GTTGTCCGTAGCTTTG-1_1	AGGACGATCTCTATTG-1
1799	1034	0.875	GTTGTCCTCGACGCGT-1_1	CTGGGACTCGAGCGCT-1
1799	1173	1	GTTGTCCTCGACGCGT-1_1	GACCTTCCACGGCCAT-1
1799	1796	0.5	GTTGTCCTCGACGCGT-1_1	TACCTATTCTGACATG-1
1799	1977	0.875	GTTGTCCTCGACGCGT-1_1	TCACTCGTCCTCCCAA-1
1799	660	0.6875	GTTGTCCTCGACGCGT-1_1	CACTGAAGTAGGGTCA-1
1800	283	0.8125	GTTGTCCTCGTCCTCA-1_1	ACTAACGGTTCCGCGA-1
1800	1943	0.375	GTTGTCCTCGTCCTCA-1_1	TCAATTCAGATCACCT-1
1801	122	1	GTTGTCCTCTACCAGA-1_1	AAGATAGCATGGTTTG-1
1802	351	0.4375	GTTGTGAAGCATACTC-1_1	AGCCCGAGTGCATCAT-1
1802	1935	0.3125	GTTGTGAAGCATACTC-1_1	TCAAGCACACGCTGTG-1
1803	60	0.0625	GTTGTGAGTGGTCCGT-1_1	AACATCGGTCATGAGG-1
1803	2050	0.3125	GTTGTGAGTGGTCCGT-1_1	TCGTTCGCACATATCG-1
1804	1730	0.875	GTTTGGACAGTCAGCC-1_1	GTTCAAGTCTACTTTG-1
1804	292	0.375	GTTTGGACAGTCAGCC-1_1	ACTACCCTCAGATACC-1
1804	321	0.5625	GTTTGGACAGTCAGCC-1_1	ACTGTCCTCGATGAAA-1
1805	1033	0.6875	GTTTGGATCGTAGTCA-1_1	CTGGGACCATCGAGTT-1
1805	233	0.375	GTTTGGATCGTAGTCA-1_1	ACCATCCTCTTACTCA-1
1806	2325	0.4375	TAACACGAGCGCCTTG-1_1	TTGAGTGTCTAGCAGT-1
1807	1593	0.3125	TAACACGCAATTAGGA-1_1	GGTGAAGTCTCCTTGG-1
1807	802	0	TAACACGCAATTAGGA-1_1	CCCTCTCTCGAGTGTT-1
1807	423	0.3125	TAACACGCAATTAGGA-1_1	AGGCGAAGTCGTCGCA-1
1809	973	0.875	TAACACGGTGGCTTAT-1_1	CTCAGAACAAACGTTC-1
1810	2130	0.75	TAACCAGCACAAGGTG-1_1	TGCTCACGTCACATTG-1
1811	2349	0.4375	TAACCAGGTCGTCTCT-1_1	TTGCGGGTCTGAGTAC-1
1811	2245	0.0625	TAACCAGGTCGTCTCT-1_1	TTACTCAAGCACGTAG-1
1811	1312	0.5625	TAACCAGGTCGTCTCT-1_1	GCATGATCATGGGTGA-1
1812	970	0.125	TAACCAGGTGATATAG-1_1	CTCACCAGTCCCTTTG-1
1812	150	0.125	TAACCAGGTGATATAG-1_1	AATGGAAGTTAACCAC-1
1812	1729	0.0625	TAACCAGGTGATATAG-1_1	GTTCAAGGTTACCCAA-1
1813	2385	0.5	TAACGACCAATGACCT-1_1	TTTGCGCAGAAGCCGT-1
1813	1617	0.4375	TAACGACCAATGACCT-1_1	GTAATCGTCTATCTTG-1
1813	1476	0.5	TAACGACCAATGACCT-1_1	GCTTTCGGTGCTTACA-1
1813	1223	0.1875	TAACGACCAATGACCT-1_1	GAGTGAGGTTGCCGCA-1
1814	740	0.8125	TAACGACCACGTCGTG-1_1	CATTGGAGTACATGGG-1
1814	1502	0.625	TAACGACCACGTCGTG-1_1	GGAGAACTCGTCCCAT-1
1815	139	0.5	TAACGACTCTCACGAA-1_1	AATACGCTCACTCCCA-1
1816	229	0.6875	TAACTTCAGACCCGCT-1_1	ACCATCCAGATGGGAA-1
1816	1243	0.375	TAACTTCAGACCCGCT-1_1	GATGATCGTTACACTG-1
1817	1785	0.375	TAACTTCAGAGCAAGA-1_1	TACATTCGTAGCGGTA-1
1817	2189	0.125	TAACTTCAGAGCAAGA-1_1	TGTAAGCCAAACAGTA-1
1818	388	0.375	TAACTTCAGCTATCCA-1_1	AGCGTATTCTCTTCTC-1
1819	1763	0.4375	TAACTTCAGGTGCCTC-1_1	TAATCGGAGAACGACC-1
1819	2074	0.75	TAACTTCAGGTGCCTC-1_1	TGAGCCGTCGATCTTT-1
1819	1772	0.5625	TAACTTCAGGTGCCTC-1_1	TAATTCCAGACCATAA-1
1819	1191	0.375	TAACTTCAGGTGCCTC-1_1	GAGATTCAGGGATCCA-1
1820	1976	0.4375	TAACTTCGTAACGATA-1_1	TCACTCGGTGAAACAT-1
1821	682	0.75	TAACTTCTCTGGCTGG-1_1	CAGCTGGTCGATAGGG-1
1821	1399	0.1875	TAACTTCTCTGGCTGG-1_1	GCGCATGCAAACTACC-1
1821	706	0.625	TAACTTCTCTGGCTGG-1_1	CAGTGTAAGTAGTGTA-1
1823	865	0.375	TAAGCACTCGACCATA-1_1	CGATGATGTTTGCGAT-1
1825	878	0.75	TAAGCCACACAGCTTA-1_1	CGCGCAAGTGATGCGA-1
1826	258	1	TAAGCCATCCGTTTCG-1_1	ACGGATTAGGTTGTTC-1
1826	1985	0.6875	TAAGCCATCCGTTTCG-1_1	TCAGGTAGTATGTCCA-1
1826	1429	0.5	TAAGCCATCCGTTTCG-1_1	GCGTAGCGTACCTATG-1
1827	1811	0.1875	TAAGTCGAGTATAACG-1_1	TACGCCTGTCAGCTTA-1
1829	772	0.5	TAATCTCCACGCTTAA-1_1	CCCAGAGAGGGTAATT-1
1829	984	0.5625	TAATCTCCACGCTTAA-1_1	CTCCCAAGTTCCTGTC-1
1830	814	1	TAATCTCCAGGGCTTC-1_1	CCGTAGGCACCATTCC-1
1830	922	1	TAATCTCCAGGGCTTC-1_1	CGTGGCAGTCTTAGCA-1
1830	1275	0.625	TAATCTCCAGGGCTTC-1_1	GCACCTTCAGTTAAAG-1
1830	1047	1	TAATCTCCAGGGCTTC-1_1	CTTAATCGTGTACGCC-1
1831	1328	0.3125	TAATTCCAGAACTTCC-1_1	GCATTGATCTTCCACG-1
1831	1582	0.4375	TAATTCCAGAACTTCC-1_1	GGTAGGATCGGTCCGA-1
1832	1930	0.6875	TAATTCCCAAATGGTA-1_1	TCAAGACGTCAAGACG-1
1832	299	0.0625	TAATTCCCAAATGGTA-1_1	ACTACGAGTCCCTTTG-1
1832	1258	0.625	TAATTCCCAAATGGTA-1_1	GATTGACCAGCTTACA-1
1832	320	0.5625	TAATTCCCAAATGGTA-1_1	ACTGTCCGTTAACCGT-1
1833	1969	0.8125	TAATTCCCACTATGTG-1_1	TCACCTGTCAGTCAAC-1
1833	382	0.4375	TAATTCCCACTATGTG-1_1	AGCGATTTCCAGGTCG-1
1833	920	0.5625	TAATTCCCACTATGTG-1_1	CGTGGCACAAGGAAGA-1
1835	384	0.3125	TAATTCCTCTCCCATG-1_1	AGCGTATCAAACCTAC-1
1835	1995	0	TAATTCCTCTCCCATG-1_1	TCAGTCCGTGCTTGAT-1
1835	2329	0.1875	TAATTCCTCTCCCATG-1_1	TTGCAGAAGAAAGCAG-1
1835	1237	0.3125	TAATTCCTCTCCCATG-1_1	GATCGTAGTACTAGAA-1
1836	2076	1	TACAACGCACTGTGTA-1_1	TGAGCCGTCTTGTCGC-1
1837	2208	0.6875	TACAACGTCCACTTCG-1_1	TGTGTCCAGGAGTAGA-1
1837	471	0.3125	TACAACGTCCACTTCG-1_1	ATAGGCTGTGTTAGAA-1
1840	873	0.5625	TACACCCTCGACACTA-1_1	CGCAGGTCAGCTTACA-1
1840	2313	0.375	TACACCCTCGACACTA-1_1	TTGACGACAATTCTCT-1
1840	203	0.6875	TACACCCTCGACACTA-1_1	ACAGACTTCATTCATC-1
1842	2164	0.875	TACAGGTCATACTTTC-1_1	TGGCGCACAACGGGTA-1
1842	824	0.5	TACAGGTCATACTTTC-1_1	CCTATTAAGCGATACG-1
1843	1832	0.5625	TACATTCAGACCAGCA-1_1	TACTGCCAGAGGAACA-1
1843	782	0.625	TACATTCAGACCAGCA-1_1	CCCGTTATCTATGAGC-1
1844	1682	0.3125	TACATTCCAAATGAGT-1_1	GTGCCAGTCGGATAAA-1
1844	1284	0.4375	TACATTCCAAATGAGT-1_1	GCACGGTAGAGGAATG-1
1845	104	0.3125	TACATTCCATGTGGCC-1_1	AACTGGTTCGTTCAGA-1
1845	309	0.3125	TACATTCCATGTGGCC-1_1	ACTCGGGTCCACGGCA-1
1846	28	0.75	TACCCACAGAGAATCT-1_1	AAAGGATTCATAGGTC-1
1846	2345	0.9375	TACCCACAGAGAATCT-1_1	TTGCGAATCAAGAGGC-1
1846	1030	0.5	TACCCACAGAGAATCT-1_1	CTGGCAGTCCCAATGA-1
1847	1508	0.5625	TACCCACCACTCCTGT-1_1	GGAGGATTCCGCCTAT-1
1848	2116	0.5625	TACCCACCATACCGTA-1_1	TGCCTGTGTATATGGA-1
1848	1326	0.1875	TACCCACCATACCGTA-1_1	GCATTGAGTGGTGGTA-1
1848	883	0.3125	TACCCACCATACCGTA-1_1	CGCTAGGTCGCTTGAA-1
1849	703	0.6875	TACCCACCATTAGGAA-1_1	CAGTGCGTCGCAACTA-1
1849	581	0.5	TACCCACCATTAGGAA-1_1	CAACGGCTCCATACGA-1
1850	2225	0.375	TACCCACGTTTCGTTT-1_1	TTACCCGCAAGCCAGA-1
1850	560	0.5625	TACCCACGTTTCGTTT-1_1	ATTTGTCCATAGATAG-1
1851	2256	0.5625	TACCCACTCCAGTACA-1_1	TTAGCGACAACAAACA-1
1851	260	0.75	TACCCACTCCAGTACA-1_1	ACGGATTGTCACTCTC-1
1851	1311	0.5	TACCCACTCCAGTACA-1_1	GCATGATAGCCCATGC-1
1852	1603	0.625	TACCCACTCCGATAAC-1_1	GGTTGCGCAAATTGAG-1
1852	1868	0.75	TACCCACTCCGATAAC-1_1	TAGCCGGGTCTAAGAA-1
1853	1417	0.75	TACCCGTAGTCGTCTA-1_1	GCGGGTTCATGTCCCT-1
1853	108	0.1875	TACCCGTAGTCGTCTA-1_1	AACTGTGTCTATCTTG-1
1853	1673	0.3125	TACCCGTAGTCGTCTA-1_1	GTGCACGCACACACCG-1
1854	910	0.9375	TACCCGTTCGGCTTCT-1_1	CGTAAACGTGATAAGT-1
1855	1158	0.6875	TACCCGTTCTGAGAGG-1_1	GACCCAGAGCGGACTA-1
1855	933	0.25	TACCCGTTCTGAGAGG-1_1	CTAACTTGTATCACAC-1
1856	167	0.8125	TACCGAAAGGGAGAAT-1_1	AATGTCGGTGAATCGG-1
1856	272	0.5625	TACCGAAAGGGAGAAT-1_1	ACGTTAGCACAGCTTA-1
1856	251	0.625	TACCGAAAGGGAGAAT-1_1	ACCGGGTGTAAGCCGA-1
1857	920	0.8125	TACCGAACAATACAGA-1_1	CGTGGCACAAGGAAGA-1
1857	725	0.375	TACCGAACAATACAGA-1_1	CATGTTTAGTCTAGAA-1
1857	606	0.625	TACCGAACAATACAGA-1_1	CAATCCCCAAGTCCTA-1
1857	1422	0.3125	TACCGAACAATACAGA-1_1	GCGGTGTCACATTGCA-1
1858	992	0.75	TACCGAATCATGAGTC-1_1	CTCTACGAGTTCCCGG-1
1859	1955	0.5625	TACCGGGCAAACACGG-1_1	TCACAAGTCTATGAGC-1
1859	2135	0.75	TACCGGGCAAACACGG-1_1	TGCTTCGCAATGTGCT-1
1859	216	0.6875	TACCGGGCAAACACGG-1_1	ACATGCACATGCACTA-1
1860	2093	0.5	TACCTCGCAGCACAGA-1_1	TGATGCACATTCACGA-1
1860	1168	1	TACCTCGCAGCACAGA-1_1	GACCGACCATAGCCGC-1
1860	2025	0.5	TACCTCGCAGCACAGA-1_1	TCGAGCGAGCCGCAAA-1
1860	1615	0.4375	TACCTCGCAGCACAGA-1_1	GTAATCGTCCCACTAC-1
1861	1977	0.3125	TACCTCGGTCCTTGTC-1_1	TCACTCGTCCTCCCAA-1
1861	1632	0.75	TACCTCGGTCCTTGTC-1_1	GTCACAATCTTGTCAT-1
1861	1987	0.375	TACCTCGGTCCTTGTC-1_1	TCAGGTATCCATCTAT-1
1862	1397	0.75	TACCTGCCACCGTACG-1_1	GCGCATGAGACCAATA-1
1863	2211	0.4375	TACGCTCAGCATTTGC-1_1	TGTGTCCTCGTGGTAT-1
1863	474	0.1875	TACGCTCAGCATTTGC-1_1	ATAGTCGTCTGACTTT-1
1863	1888	0.4375	TACGCTCAGCATTTGC-1_1	TAGGTGTCAGCAACCC-1
1864	1991	0.375	TACGCTCAGGACTGGT-1_1	TCAGTCCAGGCTCAGA-1
1864	2021	0.5	TACGCTCAGGACTGGT-1_1	TCCGACTCAGAATGCG-1
1865	633	0.5	TACGCTCGTAAGCAAT-1_1	CACCTGTCACGTGAAG-1
1865	725	0.5	TACGCTCGTAAGCAAT-1_1	CATGTTTAGTCTAGAA-1
1865	2349	0.25	TACGCTCGTAAGCAAT-1_1	TTGCGGGTCTGAGTAC-1
1866	1529	0.3125	TACGGTAAGAAACTCA-1_1	GGCACGTCAATAGCGG-1
1867	1086	0.1875	TACGGTACAATAGTGA-1_1	CTTGTCGGTACGCAAG-1
1868	235	0.25	TACGGTAGTAGATCGG-1_1	ACCCAAACAAAGCATA-1
1868	793	0.1875	TACGGTAGTAGATCGG-1_1	CCCTAGTCAGCGCGTT-1
1869	915	1	TACGGTATCCTCATAT-1_1	CGTACAAGTTTCGACA-1
1870	1784	0.3125	TACGTCCGTCAAGTTC-1_1	TACATTCCATCGTACA-1
1871	1208	0.8125	TACGTCCGTCACTAGT-1_1	GAGCGCTGTGATGCGA-1
1871	2250	0.625	TACGTCCGTCACTAGT-1_1	TTACTCATCCAGTACA-1
1871	1511	0.5	TACGTCCGTCACTAGT-1_1	GGAGTAGCAAGACACG-1
1871	192	0.75	TACGTCCGTCACTAGT-1_1	ACAGAAACAACACGGA-1
1871	1927	0.625	TACGTCCGTCACTAGT-1_1	TCAAAGCGTCAGTGCC-1
1872	1942	1	TACGTCCGTTATCTGG-1_1	TCAAGGTCACAGTTCA-1
1873	1285	0.5	TACTGCCGTACAGTAA-1_1	GCACGGTAGCTAACAA-1
1873	376	0.6875	TACTGCCGTACAGTAA-1_1	AGCGATTCACGTTGTA-1
1873	246	0.375	TACTGCCGTACAGTAA-1_1	ACCGCAGAGGGAGATA-1
1873	889	0.8125	TACTGCCGTACAGTAA-1_1	CGCTATCCAAGCAGGT-1
1874	764	1	TACTGCCGTCTGCAAT-1_1	CCATACCCAGCTTACA-1
1875	829	0.25	TACTGCCTCCTTCACG-1_1	CCTCCCTTCTTCCACG-1
1875	1876	0.3125	TACTGCCTCCTTCACG-1_1	TAGCTTTTCTCAGATG-1
1875	1018	0.125	TACTGCCTCCTTCACG-1_1	CTGCGTTGTGCGCTCA-1
1875	1131	0.625	TACTGCCTCCTTCACG-1_1	GAACTTGGTAGTGATA-1
1875	1503	0.5625	TACTGCCTCCTTCACG-1_1	GGAGAACTCTGACATG-1
1876	1151	0.4375	TACTTACGTCGATTTG-1_1	GACCAATGTAACCGAG-1
1877	574	1	TACTTACGTTAGGGTG-1_1	CAACCAACATCACAGT-1
1877	642	0.375	TACTTACGTTAGGGTG-1_1	CACCTTGGTACTAGAA-1
1878	1132	0.25	TACTTCACAGAACCGA-1_1	GAACTTGGTCAACTGT-1
1878	46	0.1875	TACTTCACAGAACCGA-1_1	AACAAAGCAACGACAG-1
1879	379	0.1875	TACTTCAGTGGAAATT-1_1	AGCGATTGTCGCGCTA-1
1880	204	1	TACTTCATCCACACCT-1_1	ACAGACTTCTTACTCA-1
1880	2030	0.4375	TACTTCATCCACACCT-1_1	TCGATTTCATTGAACC-1
1880	2277	0.3125	TACTTCATCCACACCT-1_1	TTCAACTAGCGCCTAC-1
1882	541	0.4375	TACTTGTGTCATGACT-1_1	ATTACTCCAAGTGGCA-1
1882	1785	0	TACTTGTGTCATGACT-1_1	TACATTCGTAGCGGTA-1
1883	1	0.1875	TACTTGTTCGGAGCAA-1_1	AAACGAAAGAAGCCGT-1
1883	1431	0.25	TACTTGTTCGGAGCAA-1_1	GCGTAGCGTTCAGTTG-1
1883	2156	0.1875	TACTTGTTCGGAGCAA-1_1	TGGCAATAGCATTGGG-1
1884	807	0.5	TAGACCAAGTAGATCA-1_1	CCGAAGCTCAGAACGG-1
1884	2193	0.875	TAGACCAAGTAGATCA-1_1	TGTACAGCACACACCG-1
1884	1035	0.5	TAGACCAAGTAGATCA-1_1	CTGGGACTCGAGGTAG-1
1885	2177	0.3125	TAGACCAGTTCGTTCC-1_1	TGGGTTACAATGGCAG-1
1886	2316	0.375	TAGACTGTCCGATGCG-1_1	TTGACGATCAGGTTTG-1
1887	1028	0.3125	TAGACTGTCTCGCGTT-1_1	CTGGCAGGTGGAAAGA-1
1888	1846	0.125	TAGAGTCTCAGCGCAC-1_1	TAGCACAGTGCATTCA-1
1888	2143	1	TAGAGTCTCAGCGCAC-1_1	TGCTTTATCATCGCAA-1
1888	1379	0.5	TAGAGTCTCAGCGCAC-1_1	GCGAGTCTCCGTGCAG-1
1889	1232	0.75	TAGATCGCATTACTCT-1_1	GATCGTAAGGTACATA-1
1889	745	0.375	TAGATCGCATTACTCT-1_1	CCAATGATCACCCTTG-1
1891	294	0.4375	TAGCACAAGCGTGAGT-1_1	ACTACGAAGACAGTGC-1
1891	355	0.5	TAGCACAAGCGTGAGT-1_1	AGCCGCAAGAATGCTA-1
1892	2359	0.6875	TAGCACACACTAACGT-1_1	TTGGTCCCACCCTTTG-1
1892	1273	0.3125	TAGCACACACTAACGT-1_1	GCACCTTCAAACCGAG-1
1892	620	0.25	TAGCACACACTAACGT-1_1	CACATGATCCATTGTT-1
1893	470	0.6875	TAGCACAGTGACCGTC-1_1	ATAGGCTGTGGCATAG-1
1893	1534	0.3125	TAGCACAGTGACCGTC-1_1	GGCATTAGTTCCAATG-1
1894	356	0.3125	TAGCACAGTTGGACCC-1_1	AGCCGCAAGTAGTGTA-1
1894	1858	1	TAGCACAGTTGGACCC-1_1	TAGCATGTCCTCCTGA-1
1895	922	1	TAGCACATCTGTGCGG-1_1	CGTGGCAGTCTTAGCA-1
1895	181	1	TAGCACATCTGTGCGG-1_1	ACAAGCTTCACGATTG-1
1896	558	0.3125	TAGGGTTCATCCCGTT-1_1	ATTTGTCCAATTCTCT-1
1897	759	0.5	TAGGGTTGTTGGGCCT-1_1	CCAGATAGTTCTGAGT-1
1898	1066	0.3125	TAGGTACAGACCTTTG-1_1	CTTGAAGTCTGATCTT-1
1898	1518	0.5	TAGGTACAGACCTTTG-1_1	GGATAGGAGGCTTCGC-1
1899	1917	0.25	TAGGTACAGTCTAGCT-1_1	TATGTGGTCGATAGTC-1
1899	18	0.75	TAGGTACAGTCTAGCT-1_1	AAACTGCGTTGGCGAA-1
1899	170	0.875	TAGGTACAGTCTAGCT-1_1	ACAAACCCAGGATGTG-1
1899	1442	0.4375	TAGGTACAGTCTAGCT-1_1	GCTCAGGGTCGCGCTA-1
1900	1058	0.5	TAGGTACCATTCACCC-1_1	CTTCCAGTCCGAGGAA-1
1900	890	0.9375	TAGGTACCATTCACCC-1_1	CGCTATCCAAGGCGTA-1
1900	15	0.3125	TAGGTACCATTCACCC-1_1	AAACTGCCAACCTCCT-1
1900	2122	0.5625	TAGGTACCATTCACCC-1_1	TGCGTAATCCATACCC-1
1900	70	0.4375	TAGGTACCATTCACCC-1_1	AACCGATGTCTGATTG-1
1901	880	0.6875	TAGGTACGTCACTAGT-1_1	CGCTAGGAGCTGCCAC-1
1901	1814	0.125	TAGGTACGTCACTAGT-1_1	TACGCCTTCATGTTCT-1
1902	1810	0.4375	TAGGTACGTCCGCAGT-1_1	TACGCCTGTATCTCAG-1
1902	624	0.1875	TAGGTACGTCCGCAGT-1_1	CACCACTAGTGCAACG-1
1902	771	0.25	TAGGTACGTCCGCAGT-1_1	CCCACATTCAGAATGA-1
1902	651	0.3125	TAGGTACGTCCGCAGT-1_1	CACTAAGAGGAATGGA-1
1903	2317	0.375	TAGGTACTCCCGTTCA-1_1	TTGACGATCCAGAGAG-1
1903	413	0.5625	TAGGTACTCCCGTTCA-1_1	AGGCCCAGTGTGAGGT-1
1904	515	0.5	TAGGTACTCTCACGAA-1_1	ATGGATCGTTTCGTTT-1
1904	302	0.5	TAGGTACTCTCACGAA-1_1	ACTAGGTGTACCAAGG-1
1904	422	0.375	TAGGTACTCTCACGAA-1_1	AGGCGAACATAGACGG-1
1905	501	0.25	TAGGTTGCAAATCAAG-1_1	ATCCTGCTCAGTCACA-1
1905	521	0.8125	TAGGTTGCAAATCAAG-1_1	ATGTACGTCCAGGTAT-1
1905	2147	1	TAGGTTGCAAATCAAG-1_1	TGGAAGGCACAAGTGG-1
1905	2115	0.375	TAGGTTGCAAATCAAG-1_1	TGCCTGTCAATCATCG-1
1907	923	1	TAGTGCAGTAGCTAAA-1_1	CGTGGCATCTACTTTG-1
1907	366	0.3125	TAGTGCAGTAGCTAAA-1_1	AGCCTGGTCAGTGTAC-1
1907	1460	0.3125	TAGTGCAGTAGCTAAA-1_1	GCTGAGCTCCAGGCCA-1
1909	484	0.375	TATACCTAGTTGTAAG-1_1	ATCCCTGAGCAGTAGC-1
1910	694	0.375	TATACCTGTTCATCGA-1_1	CAGTATGCACAAACGG-1
1910	1358	0.8125	TATACCTGTTCATCGA-1_1	GCCTACTCACACATGT-1
1911	171	0.5625	TATATCCCACGCCACA-1_1	ACAAACCGTATTCTTC-1
1912	1136	0.5	TATATCCCATAGATGA-1_1	GAAGAGCAGAGAAGCA-1
1912	522	0.625	TATATCCCATAGATGA-1_1	ATGTACGTCTAGTCGA-1
1913	514	0.6875	TATATCCGTCGCGGTT-1_1	ATGGATCCATCCTGGG-1
1914	2023	1	TATCAGGTCCTTCTTC-1_1	TCGAGCGAGAACCCGA-1
1914	1028	0.8125	TATCAGGTCCTTCTTC-1_1	CTGGCAGGTGGAAAGA-1
1914	1319	1	TATCAGGTCCTTCTTC-1_1	GCATTCCTCGTCTAGA-1
1915	827	0.375	TATCAGGTCGTTCATT-1_1	CCTCCCTAGTACCCAT-1
1915	407	0.1875	TATCAGGTCGTTCATT-1_1	AGGACGAAGATTCCGT-1
1916	2273	1	TATCCTAAGCAAATGT-1_1	TTAGGTGGTGCGTCCA-1
1917	2290	0.5625	TATCCTACATATGAAG-1_1	TTCATTGGTGGTAGAC-1
1917	1377	0.3125	TATCCTACATATGAAG-1_1	GCGAGTCCATGGTATC-1
1917	1845	0.5625	TATCCTACATATGAAG-1_1	TAGCACAGTAGTAACA-1
1918	653	0.1875	TATCCTAGTAAGCTCT-1_1	CACTAAGCAGCCACGT-1
1919	1205	0.5625	TATCCTATCTGGGCCA-1_1	GAGCGCTCAGGCATTT-1
1920	1009	1	TATCGCCGTCTTCGAA-1_1	CTCTCGAGTGCTGTGC-1
1920	1704	1	TATCGCCGTCTTCGAA-1_1	GTGTCCTTCACTACCC-1
1920	1883	1	TATCGCCGTCTTCGAA-1_1	TAGGTCACACGATATC-1
1920	712	1	TATCGCCGTCTTCGAA-1_1	CATAACGCAGTATACC-1
1922	1568	0.375	TATCTGTGTGGCTTAT-1_1	GGGTGTCCACTCCACT-1
1922	818	0.375	TATCTGTGTGGCTTAT-1_1	CCGTGAGAGTCGGGAT-1
1922	2053	0.1875	TATCTGTGTGGCTTAT-1_1	TCTAGTTTCCTGGAAT-1
1923	607	0.25	TATCTGTGTTACGATC-1_1	CAATCCCGTTTCGACA-1
1923	1862	0.25	TATCTGTGTTACGATC-1_1	TAGCCCTGTTAACCAC-1
1923	2376	0.4375	TATCTGTGTTACGATC-1_1	TTGTTGTTCCAGCACG-1
1923	1244	0.125	TATCTGTGTTACGATC-1_1	GATGATCTCAAGGCCC-1
1924	250	0.9375	TATCTGTTCCTCGATC-1_1	ACCGGGTCATGTGGGA-1
1925	124	0.75	TATCTTGAGCGACCCT-1_1	AAGATAGTCTCGACCT-1
1925	1748	0.3125	TATCTTGAGCGACCCT-1_1	TAACAGCTCTAGCAAC-1
1926	1518	0.4375	TATCTTGCAAGAGAGA-1_1	GGATAGGAGGCTTCGC-1
1927	181	1	TATCTTGCAGGACTTT-1_1	ACAAGCTTCACGATTG-1
1927	1866	0.6875	TATCTTGCAGGACTTT-1_1	TAGCCGGCACTCCTCA-1
1928	2120	0.75	TATCTTGTCAGGAAAT-1_1	TGCGTAAGTTCCGCGA-1
1928	1971	0.6875	TATCTTGTCAGGAAAT-1_1	TCACTCGAGCTGAATA-1
1929	1961	0.4375	TATGTTCAGGAGTACC-1_1	TCACAGAGTTTAGAAG-1
1929	569	0.3125	TATGTTCAGGAGTACC-1_1	CAAAGCTGTGCAAGCA-1
1929	2382	0.375	TATGTTCAGGAGTACC-1_1	TTTACGTTCGATCTTT-1
1929	1816	0.1875	TATGTTCAGGAGTACC-1_1	TACGGATAGCATTCCA-1
1930	1270	1	TATGTTCAGTACAACA-1_1	GCAACCGAGTCTCTAG-1
1930	2130	1	TATGTTCAGTACAACA-1_1	TGCTCACGTCACATTG-1
1930	2096	0.5	TATGTTCAGTACAACA-1_1	TGATGCATCTAAGGTC-1
1931	1047	1	TATGTTCAGTTGAATG-1_1	CTTAATCGTGTACGCC-1
1931	231	1	TATGTTCAGTTGAATG-1_1	ACCATCCTCAGTTGAC-1
1931	364	1	TATGTTCAGTTGAATG-1_1	AGCCTGGCAGAGCCAA-1
1932	2096	0.3125	TATGTTCGTGCCGTTG-1_1	TGATGCATCTAAGGTC-1
1932	1396	0.125	TATGTTCGTGCCGTTG-1_1	GCGATTATCTGGACAT-1
1932	1590	0.4375	TATGTTCGTGCCGTTG-1_1	GGTGAAGGTGCCCTAG-1
1933	621	0.75	TATTCCAGTGCCCGTA-1_1	CACATGATCCGTACGG-1
1933	854	0.3125	TATTCCAGTGCCCGTA-1_1	CGAGTTAGTATTCTGG-1
1934	796	0.25	TATTCCATCCATCTGC-1_1	CCCTCTCAGACGCCCT-1
1934	488	0.375	TATTCCATCCATCTGC-1_1	ATCCCTGTCACTCCCA-1
1934	2016	0.25	TATTCCATCCATCTGC-1_1	TCCATCGGTTAGGAAT-1
1934	293	0.25	TATTCCATCCATCTGC-1_1	ACTACCCTCCAACAAC-1
1936	1799	0.5	TATTGCTCAGCATACT-1_1	TACCTCGCACCGAAAG-1
1938	1293	0.375	TATTGCTTCTGTCCCA-1_1	GCAGATTAGGGTGTTG-1
1938	698	0.625	TATTGCTTCTGTCCCA-1_1	CAGTGCGCAACTACTG-1
1938	232	0.8125	TATTGCTTCTGTCCCA-1_1	ACCATCCTCGACTGGC-1
1939	209	0.1875	TATTGGGCAGTCAACT-1_1	ACAGGCCTCGCCAGAC-1
1940	2334	0.75	TATTGGGTCGTGGAAG-1_1	TTGCAGATCCTAGAGT-1
1941	1227	0.8125	TATTTCGAGACATACA-1_1	GATCATGCAAAGAAGG-1
1941	1072	0.4375	TATTTCGAGACATACA-1_1	CTTGCCAGTCAGGCTC-1
1941	446	0.3125	TATTTCGAGACATACA-1_1	AGTGCGCGTAGGGTTG-1
1943	203	0.5625	TATTTCGGTCTTACAG-1_1	ACAGACTTCATTCATC-1
1943	955	0.25	TATTTCGGTCTTACAG-1_1	CTAGCGGCAGTGCTCG-1
1943	520	0.75	TATTTCGGTCTTACAG-1_1	ATGTACGGTCCATTGA-1
1944	1525	0.4375	TATTTCGTCAAGCTGT-1_1	GGATGAGAGTGTCGGA-1
1945	1592	0.25	TATTTCGTCTACGCGG-1_1	GGTGAAGTCGGGCTCA-1
1946	1315	0.5625	TCAAGCACACACACTA-1_1	GCATGATGTTCCCGGA-1
1946	924	0.25	TCAAGCACACACACTA-1_1	CGTTCCAAGGATGTCG-1
1947	2156	0.5625	TCAAGCACACCCAACG-1_1	TGGCAATAGCATTGGG-1
1947	862	0.8125	TCAAGCACACCCAACG-1_1	CGATGATAGTCTGGGA-1
1947	1098	0.25	TCAAGCACACCCAACG-1_1	GAAACAAGTGACAAGC-1
1948	1732	0.0625	TCAAGCACATGACACT-1_1	GTTGGGCAGGGCGAAG-1
1949	635	0.6875	TCAAGCATCACGTAGT-1_1	CACCTGTTCAAACCCA-1
1950	456	1	TCAAGTGGTTAGGACG-1_1	AGTTACGCACTCGTGG-1
1951	655	0.25	TCACAAGAGAGGTTAT-1_1	CACTAAGGTTTCCACC-1
1952	2071	0.375	TCACAAGCACAAATCC-1_1	TGACTCCTCGTTCTAT-1
1952	858	0.625	TCACAAGCACAAATCC-1_1	CGATGATAGCTTACCA-1
1952	2285	0.75	TCACAAGCACAAATCC-1_1	TTCATTGAGAACTAAC-1
1952	1919	0.3125	TCACAAGCACAAATCC-1_1	TATGTTCAGATGAGGA-1
1952	229	0.375	TCACAAGCACAAATCC-1_1	ACCATCCAGATGGGAA-1
1953	1370	0.25	TCACAAGGTCGAGCAA-1_1	GCGAGAATCAGTACAC-1
1953	1781	0.1875	TCACAAGGTCGAGCAA-1_1	TACATGGAGAGGTCCA-1
1953	262	0.0625	TCACAAGGTCGAGCAA-1_1	ACGGATTTCCACACCT-1
1954	1159	0.875	TCACAAGTCTCACGAA-1_1	GACCCAGAGGCACTAG-1
1954	1694	0.625	TCACAAGTCTCACGAA-1_1	GTGGCGTCAAGCTTTG-1
1954	6	0.5	TCACAAGTCTCACGAA-1_1	AAACGAATCGTTCAGA-1
1954	2321	0.4375	TCACAAGTCTCACGAA-1_1	TTGAGTGGTCAGGCTC-1
1954	1932	0.4375	TCACAAGTCTCACGAA-1_1	TCAAGCACAAACCCTA-1
1955	2129	1	TCACACCGTTAACCTG-1_1	TGCTCACGTAAGTCTC-1
1955	2393	1	TCACACCGTTAACCTG-1_1	TTTGGCCGTGGTCGAA-1
1955	1365	0.75	TCACACCGTTAACCTG-1_1	GCCTAGGGTAGATTAG-1
1956	775	0.4375	TCACATTAGAAGTCCG-1_1	CCCAGAGCATGGTAAA-1
1957	1028	0.75	TCACATTAGGCATCAG-1_1	CTGGCAGGTGGAAAGA-1
1958	2022	0.9375	TCACATTCAGTTGAAA-1_1	TCCGACTGTAAGGTCG-1
1958	245	0.3125	TCACATTCAGTTGAAA-1_1	ACCGAATGTACGACCC-1
1959	635	0.5	TCACGGGAGTGATTCC-1_1	CACCTGTTCAAACCCA-1
1959	366	0.4375	TCACGGGAGTGATTCC-1_1	AGCCTGGTCAGTGTAC-1
1960	267	0.5625	TCACGGGTCACTGGTA-1_1	ACGTGGCGTGTGCTTA-1
1960	410	0.0625	TCACGGGTCACTGGTA-1_1	AGGACGATCCAGAATC-1
1960	1301	0.3125	TCACGGGTCACTGGTA-1_1	GCAGCCACAAGAGCGT-1
1961	1970	0.5625	TCACTATAGCAATTCC-1_1	TCACCTGTCTAAACGC-1
1961	384	0.4375	TCACTATAGCAATTCC-1_1	AGCGTATCAAACCTAC-1
1961	1429	0.375	TCACTATAGCAATTCC-1_1	GCGTAGCGTACCTATG-1
1962	1427	0.75	TCACTATAGCCTTCTC-1_1	GCGTAGCCAATGGCTT-1
1962	900	1	TCACTATAGCCTTCTC-1_1	CGGACTGCATACCCGG-1
1962	1704	1	TCACTATAGCCTTCTC-1_1	GTGTCCTTCACTACCC-1
1963	786	1	TCACTATAGTCGGCAA-1_1	CCCTAACCATCCGTGG-1
1964	1034	0.125	TCACTATGTGCCTACG-1_1	CTGGGACTCGAGCGCT-1
1965	1973	0.375	TCACTCGTCACCCTTG-1_1	TCACTCGCAATACTGC-1
1965	407	0.1875	TCACTCGTCACCCTTG-1_1	AGGACGAAGATTCCGT-1
1966	1366	0.375	TCACTCGTCGTGTCAA-1_1	GCCTAGGGTGGATTCT-1
1966	1142	0.375	TCACTCGTCGTGTCAA-1_1	GAAGTGGAGCCTATAC-1
1966	2173	0.1875	TCACTCGTCGTGTCAA-1_1	TGGGTGCGTCAGACGA-1
1967	12	0.5625	TCAGCCTCATCTCATT-1_1	AAACTCGTCAACACGT-1
1968	616	0.375	TCAGCCTTCACAAGGG-1_1	CACAGATTCGGGTCCA-1
1969	1786	0.8125	TCAGCCTTCACCTCTG-1_1	TACATTCGTCAACTGT-1
1969	1143	0.3125	TCAGCCTTCACCTCTG-1_1	GAATCTGAGGTAAGTT-1
1969	1589	0.5625	TCAGCCTTCACCTCTG-1_1	GGTGAAGGTCTCGGGT-1
1969	1936	0.5625	TCAGCCTTCACCTCTG-1_1	TCAAGCACATCTCTCG-1
1969	1854	0.5	TCAGCCTTCACCTCTG-1_1	TAGCATGAGTGGACGT-1
1970	28	0.5625	TCAGGGCCAGCGTTGC-1_1	AAAGGATTCATAGGTC-1
1970	2345	0.6875	TCAGGGCCAGCGTTGC-1_1	TTGCGAATCAAGAGGC-1
1971	1252	0.75	TCAGGTAAGTGCTCGC-1_1	GATGGCCTCTATAGGC-1
1972	1936	0.3125	TCAGGTACAATGTGGG-1_1	TCAAGCACATCTCTCG-1
1972	393	0.25	TCAGGTACAATGTGGG-1_1	AGCTATGCAAACCCTA-1
1972	1462	0.4375	TCAGGTACAATGTGGG-1_1	GCTGCGAGTCGAGGTA-1
1972	1643	0.3125	TCAGGTACAATGTGGG-1_1	GTCACGGAGCTACGCC-1
1973	1066	0.375	TCAGGTACAATTCACG-1_1	CTTGAAGTCTGATCTT-1
1973	1790	0.6875	TCAGGTACAATTCACG-1_1	TACCCTGCAGAGAGAA-1
1974	2369	0.8125	TCAGTGACACGGAAGT-1_1	TTGTTCACATTGTGAC-1
1975	323	1	TCAGTGATCCCTCTTT-1_1	ACTTCCGTCTTGTACT-1
1975	2338	0.5625	TCAGTGATCCCTCTTT-1_1	TTGCCCAAGGATATCA-1
1976	257	0.6875	TCAGTGATCGTTCTGC-1_1	ACCTGCTTCGTATAGC-1
1976	552	0.5625	TCAGTGATCGTTCTGC-1_1	ATTGTCTCACGCTCAG-1
1977	1577	0.625	TCAGTTTCAGAAGTGC-1_1	GGTAGGAAGAAGAGTG-1
1977	2113	0.5	TCAGTTTCAGAAGTGC-1_1	TGCCTCACAAATGTCC-1
1978	1935	0.5625	TCAGTTTCAGGGTTGA-1_1	TCAAGCACACGCTGTG-1
1978	1630	0	TCAGTTTCAGGGTTGA-1_1	GTAGTACGTCTAACCA-1
1979	1080	0.75	TCAGTTTGTACGGGAT-1_1	CTTGTCGAGACACTTC-1
1981	343	0.0625	TCATACTCAGGAGGTT-1_1	AGCCAGCTCCTTACGC-1
1982	1838	0.625	TCATACTGTCACAGTT-1_1	TAGACTGCAAGCACTT-1
1982	825	0.375	TCATACTGTCACAGTT-1_1	CCTATTACACCACAGC-1
1982	1086	0.8125	TCATACTGTCACAGTT-1_1	CTTGTCGGTACGCAAG-1
1982	1616	0.875	TCATACTGTCACAGTT-1_1	GTAATCGTCTAAGGTC-1
1983	2120	0.8125	TCATACTTCGAGTCTA-1_1	TGCGTAAGTTCCGCGA-1
1983	1123	0.4375	TCATACTTCGAGTCTA-1_1	GAACCTACATAGATAG-1
1983	721	0.3125	TCATACTTCGAGTCTA-1_1	CATGCCTCATCGAGTT-1
1985	222	0.25	TCATATCTCAAACTGC-1_1	ACCAAACAGTCAGGAC-1
1986	1638	0.375	TCATCATGTACTAACC-1_1	GTCACCTGTAACGGCA-1
1986	1583	0.5625	TCATCATGTACTAACC-1_1	GGTCATACAGAACGAC-1
1986	1062	0.5625	TCATCATGTACTAACC-1_1	CTTGAAGAGGAGACTC-1
1986	20	0.1875	TCATCATGTACTAACC-1_1	AAAGATGCAGATGGCA-1
1987	2360	0.5	TCATCATTCGTGGGAA-1_1	TTGGTCCCAGGTCTGC-1
1987	160	0.4375	TCATCATTCGTGGGAA-1_1	AATGGCTTCCGTTAGA-1
1988	1842	0.25	TCATGAGGTATCGTGT-1_1	TAGCACAAGTCATCTG-1
1988	704	0.125	TCATGAGGTATCGTGT-1_1	CAGTGCGTCGGTCAGC-1
1989	104	0.3125	TCATGAGGTGGCAACA-1_1	AACTGGTTCGTTCAGA-1
1991	2110	0.3125	TCATGGAGTTCTCTCG-1_1	TGCATTTTCCGCCTAT-1
1992	1094	0.5625	TCATGGATCCCGAGGT-1_1	CTTTGCGGTCCGTCGA-1
1992	2309	0.25	TCATGGATCCCGAGGT-1_1	TTCTGTACATACCCGG-1
1992	2119	0.1875	TCATGGATCCCGAGGT-1_1	TGCGTAAGTCCATTGA-1
1992	810	0.5625	TCATGGATCCCGAGGT-1_1	CCGCATTTCTATTGTC-1
1993	555	0.3125	TCATGTTAGAAACCCG-1_1	ATTGTGGTCGCTTACC-1
1993	259	0.8125	TCATGTTAGAAACCCG-1_1	ACGGATTCACGTTAGT-1
1994	1075	0.4375	TCATGTTAGATTCGCT-1_1	CTTGCCATCGACCCGA-1
1994	1161	0.3125	TCATGTTAGATTCGCT-1_1	GACCCAGCAGATAAGT-1
1994	2248	0.5625	TCATGTTAGATTCGCT-1_1	TTACTCAGTCTGTTGA-1
1994	2029	0.25	TCATGTTAGATTCGCT-1_1	TCGATTTCACAAACGG-1
1995	1237	0.8125	TCATGTTGTCACAATC-1_1	GATCGTAGTACTAGAA-1
1996	268	0.5625	TCATGTTGTGGCTAGA-1_1	ACGTGGCGTTTAGGAA-1
1998	1766	0.5625	TCATGTTTCAGCTGAT-1_1	TAATCGGCAAGAAACT-1
1998	2030	0	TCATGTTTCAGCTGAT-1_1	TCGATTTCATTGAACC-1
2000	459	0.5	TCATTACAGGTCGTCC-1_1	AGTTTGGAGGCAGTAC-1
2000	1932	1	TCATTACAGGTCGTCC-1_1	TCAAGCACAAACCCTA-1
2000	1417	0.6875	TCATTACAGGTCGTCC-1_1	GCGGGTTCATGTCCCT-1
2000	1881	0.0625	TCATTACAGGTCGTCC-1_1	TAGGTCACAAGCCTTA-1
2001	449	0.75	TCATTACAGTCTGTAC-1_1	AGTGCGCTCAATTCCT-1
2002	1090	0.8125	TCATTCACAAGTGTCT-1_1	CTTGTCGTCAGAATGA-1
2003	1134	0.625	TCATTCACAATACGAA-1_1	GAACTTGTCGAGAAGC-1
2003	71	0.4375	TCATTCACAATACGAA-1_1	AACCGATGTTTGATCG-1
2003	777	0.625	TCATTCACAATACGAA-1_1	CCCGTTAAGATCTCAC-1
2003	1713	0.6875	TCATTCACAATACGAA-1_1	GTTACGAAGAGCAGCT-1
2003	448	0.5625	TCATTCACAATACGAA-1_1	AGTGCGCGTTGCTTGA-1
2004	1264	1	TCATTCAGTGCGGTAA-1_1	GCAAAGGAGTTCAGGG-1
2004	1257	1	TCATTCAGTGCGGTAA-1_1	GATTGACAGGCCAGTA-1
2004	175	1	TCATTCAGTGCGGTAA-1_1	ACAAAGAGTGTCGTCG-1
2005	1340	0.625	TCATTCATCCGTATGA-1_1	GCCATAAAGAAGACTT-1
2005	282	0.375	TCATTCATCCGTATGA-1_1	ACTAACGGTGAGTAAT-1
2006	943	0.6875	TCATTGTAGTCGGCCT-1_1	CTACTTACAGGCAGAT-1
2007	277	0.5	TCATTGTAGTGTTCCA-1_1	ACGTTAGTCCTAAAGC-1
2007	315	0.6875	TCATTGTAGTGTTCCA-1_1	ACTGCGGGTTCTTTCA-1
2008	1356	0.1875	TCATTGTCATCGCTGG-1_1	GCCTACTAGGTTAACA-1
2009	2069	0.8125	TCATTGTGTCCGGTCA-1_1	TGACTCCGTTACTTTC-1
2010	1697	0.1875	TCATTGTGTGCAATAA-1_1	GTGGCGTTCGGCTATA-1
2013	1441	0.75	TCCACGTCACACGGAA-1_1	GCTCAGGCAGGCAGAT-1
2013	2384	0.5	TCCACGTCACACGGAA-1_1	TTTGAGGTCGGGACAA-1
2014	132	0.5	TCCACGTCACTGAATC-1_1	AAGGAGCTCGATGTAC-1
2015	1165	0.25	TCCACGTTCGTACACA-1_1	GACCCAGTCCACGCTT-1
2015	843	0	TCCACGTTCGTACACA-1_1	CCTTAATTCGTGATAC-1
2016	1976	0.5	TCCAGAACAGCTTCCT-1_1	TCACTCGGTGAAACAT-1
2016	1685	0	TCCAGAACAGCTTCCT-1_1	GTGCTGGAGGTTGACG-1
2016	1369	0.625	TCCAGAACAGCTTCCT-1_1	GCGAGAAGTCTGGTTA-1
2017	1169	1	TCCAGAATCCGCGAGT-1_1	GACCGACTCCCTACCA-1
2017	963	0.25	TCCAGAATCCGCGAGT-1_1	CTCAACCAGGTCGTTT-1
2017	1099	0.8125	TCCAGAATCCGCGAGT-1_1	GAAACAAGTGCAGACA-1
2017	2373	0.375	TCCAGAATCCGCGAGT-1_1	TTGTTGTGTATGTTCG-1
2018	1724	0.4375	TCCATCGAGAAAGTCT-1_1	GTTATTCTCCAAGAGG-1
2018	799	0.75	TCCATCGAGAAAGTCT-1_1	CCCTCTCCAGCAACAG-1
2018	1732	0.1875	TCCATCGAGAAAGTCT-1_1	GTTGGGCAGGGCGAAG-1
2019	1301	0.5	TCCATGCCAAAGACTA-1_1	GCAGCCACAAGAGCGT-1
2019	1854	0.5625	TCCATGCCAAAGACTA-1_1	TAGCATGAGTGGACGT-1
2020	1299	0.75	TCCATGCTCTACCCAC-1_1	GCAGATTTCAAGAGGC-1
2020	2024	0.3125	TCCATGCTCTACCCAC-1_1	TCGAGCGAGCATTCCA-1
2020	1959	0.375	TCCATGCTCTACCCAC-1_1	TCACAGAGTGAGGGTT-1
2021	443	1	TCCATGCTCTATCACT-1_1	AGTGCGCAGGACTAGC-1
2021	403	0.3125	TCCATGCTCTATCACT-1_1	AGCTGTACAAGATGCG-1
2021	901	0.8125	TCCATGCTCTATCACT-1_1	CGGACTGCATCTCACC-1
2021	1170	0.375	TCCATGCTCTATCACT-1_1	GACCTTCCAATAGCGG-1
2021	772	0.375	TCCATGCTCTATCACT-1_1	CCCAGAGAGGGTAATT-1
2022	1050	0.3125	TCCCACACAATTTCGG-1_1	CTTAATCTCTGGCACG-1
2022	1659	0.375	TCCCACACAATTTCGG-1_1	GTCTACCCATGGATGG-1
2022	993	0.4375	TCCCACACAATTTCGG-1_1	CTCTACGCAAGGAAGA-1
2023	1166	0.875	TCCCACACAGGTGTTT-1_1	GACCCAGTCGGGTCCA-1
2024	977	0.5	TCCCACAGTATCGCAT-1_1	CTCAGAATCGAAGCCC-1
2025	872	0.3125	TCCCACAGTTTCACAG-1_1	CGCAGGTCAATTCAGC-1
2025	974	0.75	TCCCACAGTTTCACAG-1_1	CTCAGAAGTACGCAAG-1
2025	50	0.75	TCCCACAGTTTCACAG-1_1	AACAAAGGTACGTATC-1
2026	384	0.3125	TCCCACATCCATATGG-1_1	AGCGTATCAAACCTAC-1
2026	1546	0.25	TCCCACATCCATATGG-1_1	GGCGTTGGTCTAACCA-1
2028	486	0.3125	TCCCAGTCACTCCACT-1_1	ATCCCTGCATGTAGAA-1
2028	1025	0.8125	TCCCAGTCACTCCACT-1_1	CTGGCAGGTCGGCTGT-1
2028	983	0.1875	TCCCAGTCACTCCACT-1_1	CTCCCAAAGGTCTTTG-1
2029	2371	0.625	TCCCAGTCAGTGAGCA-1_1	TTGTTGTCACCAAGGA-1
2030	620	0.5	TCCCAGTTCACCTTGC-1_1	CACATGATCCATTGTT-1
2030	2000	0.375	TCCCAGTTCACCTTGC-1_1	TCAGTTTAGGAGTAGA-1
2031	125	0.25	TCCCAGTTCCACGAAT-1_1	AAGGAGCCAGGGTAAC-1
2032	2401	0.625	TCCCAGTTCTGGGTCG-1_1	TTTGTGTTCAGTCAAC-1
2032	2402	0.8125	TCCCAGTTCTGGGTCG-1_1	TTTGTGTTCTCGCGTT-1
2032	1733	0.0625	TCCCAGTTCTGGGTCG-1_1	GTTGGGCCAACTGCGC-1
2033	2136	0.625	TCCCATGCAATCCTTT-1_1	TGCTTCGTCTGCTACC-1
2033	936	0.1875	TCCCATGCAATCCTTT-1_1	CTAACTTTCCAATAGC-1
2033	226	0.3125	TCCCATGCAATCCTTT-1_1	ACCAAACGTGTGTGTT-1
2033	1667	0.125	TCCCATGCAATCCTTT-1_1	GTGATCACAAAGAGAG-1
2033	168	0.625	TCCCATGCAATCCTTT-1_1	AATGTCGGTGGATTCT-1
2034	2372	1	TCCCATGCACCAACAT-1_1	TTGTTGTCACTCCTCA-1
2036	2331	0.375	TCCCATGCATTGTGCA-1_1	TTGCAGACAATTAGGA-1
2037	1316	1	TCCGAAATCACAGTGT-1_1	GCATTCCTCATTCGGA-1
2038	229	0.75	TCCGATCCAAGGTCGA-1_1	ACCATCCAGATGGGAA-1
2038	2303	0.1875	TCCGATCCAAGGTCGA-1_1	TTCTAACAGGAACCGT-1
2038	1142	0	TCCGATCCAAGGTCGA-1_1	GAAGTGGAGCCTATAC-1
2039	541	0.5	TCCGATCGTTCCAAAC-1_1	ATTACTCCAAGTGGCA-1
2040	1578	0.25	TCCGATCTCCTGCCAT-1_1	GGTAGGACACAAGGGT-1
2040	625	0.25	TCCGATCTCCTGCCAT-1_1	CACCACTCAAGACTAA-1
2042	802	0.625	TCCGTGTGTATAGGAT-1_1	CCCTCTCTCGAGTGTT-1
2042	1801	0.5	TCCGTGTGTATAGGAT-1_1	TACCTCGTCAATGCAC-1
2042	1904	0.5625	TCCGTGTGTATAGGAT-1_1	TATCGAGTCGGCTATA-1
2042	2117	0.375	TCCGTGTGTATAGGAT-1_1	TGCGTAAAGACGCCAA-1
2044	782	0.3125	TCCTCCCCAAAGGGTC-1_1	CCCGTTATCTATGAGC-1
2044	1387	0.3125	TCCTCCCCAAAGGGTC-1_1	GCGATCGTCTATCCTA-1
2044	1749	0.0625	TCCTCCCCAAAGGGTC-1_1	TAACGGTAGCGTAGCA-1
2044	654	0.5	TCCTCCCCAAAGGGTC-1_1	CACTAAGGTCGAGGAT-1
2045	673	1	TCCTCCCCAACAAAGT-1_1	CAGCTAATCTAGTCGA-1
2045	542	0.375	TCCTCCCCAACAAAGT-1_1	ATTACTCCAGGATGTG-1
2045	1317	1	TCCTCCCCAACAAAGT-1_1	GCATTCCTCCCGGGTA-1
2045	1866	0.5625	TCCTCCCCAACAAAGT-1_1	TAGCCGGCACTCCTCA-1
2045	1931	0.625	TCCTCCCCAACAAAGT-1_1	TCAAGCAAGGTCGGTA-1
2046	2017	0.5	TCCTCCCTCAACTGAC-1_1	TCCATCGGTTGGTAAA-1
2046	812	0.5	TCCTCCCTCAACTGAC-1_1	CCGTACTCAATGTGCT-1
2046	2000	0.4375	TCCTCCCTCAACTGAC-1_1	TCAGTTTAGGAGTAGA-1
2047	1922	0.4375	TCCTCCCTCTACTGAG-1_1	TATTGCTCAGGTAGCA-1
2047	1090	0.4375	TCCTCCCTCTACTGAG-1_1	CTTGTCGTCAGAATGA-1
2047	1659	0.5	TCCTCCCTCTACTGAG-1_1	GTCTACCCATGGATGG-1
2047	733	0.4375	TCCTCCCTCTACTGAG-1_1	CATTCATTCGTTACAG-1
2048	1739	0.5	TCCTCCCTCTGAGGTT-1_1	TAAACCGGTTGTATCG-1
2048	1434	0.5	TCCTCCCTCTGAGGTT-1_1	GCGTTGGGTCAGACGA-1
2049	990	0.4375	TCCTCCCTCTTCACAT-1_1	CTCTACGAGTAGTTCC-1
2050	1868	1	TCCTCGACACAATTCG-1_1	TAGCCGGGTCTAAGAA-1
2050	839	0.75	TCCTCGACACAATTCG-1_1	CCTTAATCAGTATACC-1
2051	884	0.5625	TCCTCGACACTCGATA-1_1	CGCTAGGTCGGATCGC-1
2051	2309	0.25	TCCTCGACACTCGATA-1_1	TTCTGTACATACCCGG-1
2052	1007	0.375	TCCTCGAGTGCAACAG-1_1	CTCTCGAAGACACTTC-1
2052	1536	1	TCCTCGAGTGCAACAG-1_1	GGCGAAACAATGCATC-1
2053	103	0.375	TCCTCTTCAGATCACT-1_1	AACTGGTTCATCGCTC-1
2053	2300	1	TCCTCTTCAGATCACT-1_1	TTCGTTACAGGCATTT-1
2053	268	0.4375	TCCTCTTCAGATCACT-1_1	ACGTGGCGTTTAGGAA-1
2054	219	0.625	TCCTCTTGTGACTCTA-1_1	ACATGGTCAAGCAATA-1
2054	846	0.75	TCCTCTTGTGACTCTA-1_1	CCTTGGTAGTTGCTTG-1
2054	1535	0.25	TCCTCTTGTGACTCTA-1_1	GGCGAAAAGAACCCGA-1
2054	724	0.75	TCCTCTTGTGACTCTA-1_1	CATGCCTTCGAAGCCC-1
2056	1889	0.25	TCCTGCACAGCGTATT-1_1	TAGGTGTCATTGTTCT-1
2057	2049	0.5	TCCTGCATCCATACAG-1_1	TCGTTCGCAAGGGAGG-1
2057	81	0.1875	TCCTGCATCCATACAG-1_1	AACCTTTCAGAAAGAG-1
2058	1698	1	TCCTTCTGTCCGTTTC-1_1	GTGTCAAAGCAACGGT-1
2058	2133	1	TCCTTCTGTCCGTTTC-1_1	TGCTCGTTCACGGGTC-1
2059	146	1	TCCTTCTGTGTCCAAT-1_1	AATGGAACACTCAGCG-1
2059	987	1	TCCTTCTGTGTCCAAT-1_1	CTCGCTAAGCCCATGC-1
2059	1557	1	TCCTTCTGTGTCCAAT-1_1	GGGCCATCAAGGCTTT-1
2060	1039	0.125	TCCTTTCAGAACAGGA-1_1	CTGTATTAGTAATCAG-1
2060	1673	0.6875	TCCTTTCAGAACAGGA-1_1	GTGCACGCACACACCG-1
2061	1623	0.4375	TCCTTTCCACGCTGCA-1_1	GTAGACTTCGTGGGTC-1
2061	1473	1	TCCTTTCCACGCTGCA-1_1	GCTTGCTTCTATGAGC-1
2062	2184	0.25	TCCTTTCCATACACCA-1_1	TGGTCCTAGCTGAAAT-1
2063	1209	0.625	TCCTTTCGTATCGAGG-1_1	GAGGATGAGAGCCACA-1
2063	891	0.75	TCCTTTCGTATCGAGG-1_1	CGCTATCCACACATGT-1
2063	2145	0.4375	TCCTTTCGTATCGAGG-1_1	TGGAAGGAGTCGTACT-1
2063	2249	0.5625	TCCTTTCGTATCGAGG-1_1	TTACTCAGTGCTTACA-1
2066	681	0.375	TCGAACATCGGCATAT-1_1	CAGCTGGTCCTATCCG-1
2067	2160	0.25	TCGAAGTCAAATGAGT-1_1	TGGCAATTCTGAAAGA-1
2067	1598	0.125	TCGAAGTCAAATGAGT-1_1	GGTGTCGGTACGTAAA-1
2068	760	0.0625	TCGAAGTGTACGATGG-1_1	CCAGATATCGCCTTAC-1
2068	664	0.375	TCGAAGTGTACGATGG-1_1	CACTGAATCTACCCGT-1
2069	634	0.3125	TCGACCTAGGTGTGAC-1_1	CACCTGTGTGCCCTAG-1
2069	2389	0.25	TCGACCTAGGTGTGAC-1_1	TTTGGCCAGCAATGTA-1
2069	950	0.75	TCGACCTAGGTGTGAC-1_1	CTACTTAGTGGGTAGT-1
2072	391	0.1875	TCGACGGTCCTGTTAT-1_1	AGCGTGCGTAAGTGCG-1
2073	535	0.6875	TCGATTTAGCGACTAG-1_1	ATGTTTCGTACGCCCA-1
2073	1325	0.125	TCGATTTAGCGACTAG-1_1	GCATTGAGTGCTTTGA-1
2074	82	0.375	TCGATTTCAATCTAGC-1_1	AACCTTTGTTAACTCG-1
2074	1139	0.6875	TCGATTTCAATCTAGC-1_1	GAAGTCTGTGGACCAA-1
2074	1778	0.375	TCGATTTCAATCTAGC-1_1	TAATTCCGTCCGTGCA-1
2075	281	0	TCGATTTCACAACCGC-1_1	ACTAACGGTCTAAAGA-1
2075	647	1	TCGATTTCACAACCGC-1_1	CACGTTCAGAACGCCA-1
2075	735	0.3125	TCGATTTCACAACCGC-1_1	CATTCCGAGCTATCCA-1
2076	531	0.6875	TCGATTTCACGGCTAC-1_1	ATGTTTCAGATGGGAA-1
2076	1872	0.8125	TCGATTTCACGGCTAC-1_1	TAGCTTTAGACGTCAG-1
2077	831	0.3125	TCGATTTCAGCATGCC-1_1	CCTGCTACACATTCTT-1
2077	1249	0.375	TCGATTTCAGCATGCC-1_1	GATGGCCGTACTTGAC-1
2077	2115	0.1875	TCGATTTCAGCATGCC-1_1	TGCCTGTCAATCATCG-1
2078	1129	0.125	TCGATTTCATCCGGCA-1_1	GAACTTGAGGGTCTGA-1
2078	1793	0.3125	TCGATTTCATCCGGCA-1_1	TACCCTGTCAGCACGC-1
2078	337	0.375	TCGATTTCATCCGGCA-1_1	AGATTCGAGTGTAATG-1
2078	771	0.0625	TCGATTTCATCCGGCA-1_1	CCCACATTCAGAATGA-1
2080	387	0.25	TCGCACTCAAATAGCA-1_1	AGCGTATTCGCATACA-1
2082	582	1	TCGCTCAAGAAGCGGG-1_1	CAACGGCTCGGAGTTT-1
2082	869	1	TCGCTCAAGAAGCGGG-1_1	CGCAATACACTCCTCA-1
2082	1380	1	TCGCTCAAGAAGCGGG-1_1	GCGAGTCTCTCTCAAT-1
2084	1893	0	TCGCTCAAGTGTTGTC-1_1	TAGTCCCAGTAGTGTA-1
2084	199	0.3125	TCGCTCAAGTGTTGTC-1_1	ACAGACTCATGATCGT-1
2085	1817	0.3125	TCGCTCAGTAACAGGC-1_1	TACGGATAGGTCTTGT-1
2085	1386	0.3125	TCGCTCAGTAACAGGC-1_1	GCGATCGTCGGTACTA-1
2086	1635	0.4375	TCGCTCAGTTTGAAAG-1_1	GTCACCTCAAATGCTC-1
2087	1579	0.4375	TCGCTTGGTAGTGGCA-1_1	GGTAGGAGTGCGTCCA-1
2087	1542	0.5	TCGCTTGGTAGTGGCA-1_1	GGCGTTGAGCAATAAC-1
2087	1922	0.125	TCGCTTGGTAGTGGCA-1_1	TATTGCTCAGGTAGCA-1
2087	538	0.25	TCGCTTGGTAGTGGCA-1_1	ATTACCTGTCCGTGCA-1
2087	1654	0.1875	TCGCTTGGTAGTGGCA-1_1	GTCGTAAGTAAGCCTT-1
2088	217	0.5625	TCGGATAAGATGCTAA-1_1	ACATGCATCGTGGCGT-1
2088	1973	0.375	TCGGATAAGATGCTAA-1_1	TCACTCGCAATACTGC-1
2088	874	0.9375	TCGGATAAGATGCTAA-1_1	CGCAGGTTCTTTATCG-1
2089	1431	0.625	TCGGATACATCGTGGC-1_1	GCGTAGCGTTCAGTTG-1
2090	1208	0.25	TCGGATAGTCCTCCTA-1_1	GAGCGCTGTGATGCGA-1
2090	768	0.4375	TCGGATAGTCCTCCTA-1_1	CCCACATCAAGACACG-1
2092	1402	0.4375	TCGGATATCCCAACTC-1_1	GCGCCAACACTGTTAG-1
2093	522	0.4375	TCGGGACCAACATCGT-1_1	ATGTACGTCTAGTCGA-1
2094	994	0.25	TCGGGACCACCAGCTG-1_1	CTCTACGGTATCAGCT-1
2094	305	0.3125	TCGGGACCACCAGCTG-1_1	ACTCGGGCAAGTAATG-1
2095	164	0.3125	TCGGGACTCCCGAAAT-1_1	AATGTCGCAGCTATAC-1
2097	1694	0.8125	TCGGGCATCATTCGGA-1_1	GTGGCGTCAAGCTTTG-1
2097	1338	1	TCGGGCATCATTCGGA-1_1	GCCAGCAGTATTGTGC-1
2098	1559	0	TCGGGCATCCACCTGT-1_1	GGGCCATGTCCAACCG-1
2099	2115	0.375	TCGGGTGTCCATCGTC-1_1	TGCCTGTCAATCATCG-1
2099	1965	0.6875	TCGGGTGTCCATCGTC-1_1	TCACCACCATTACACG-1
2099	405	0.4375	TCGGGTGTCCATCGTC-1_1	AGCTGTAGTTCCAATG-1
2099	675	0.875	TCGGGTGTCCATCGTC-1_1	CAGCTGGAGTAATGTG-1
2100	1904	1	TCGGGTGTCTATTCGT-1_1	TATCGAGTCGGCTATA-1
2100	1471	0.8125	TCGGGTGTCTATTCGT-1_1	GCTTGCTTCCCTAAAG-1
2102	1323	0.1875	TCGGTCTTCCCGGTAG-1_1	GCATTGACACCTGTGG-1
2103	974	0.5625	TCGTAGAGTAACAAGT-1_1	CTCAGAAGTACGCAAG-1
2103	50	0.625	TCGTAGAGTAACAAGT-1_1	AACAAAGGTACGTATC-1
2104	1253	1	TCGTCCACAGTTTCAG-1_1	GATGGCCTCTTTATCG-1
2104	1720	1	TCGTCCACAGTTTCAG-1_1	GTTACTTGTGCTTACA-1
2104	96	1	TCGTCCACAGTTTCAG-1_1	AACGGGAGTTCAGTTG-1
2104	399	1	TCGTCCACAGTTTCAG-1_1	AGCTGATTCCCTAAAG-1
2105	1426	0.5	TCGTCCAGTCACATTG-1_1	GCGTAGCCAAGGTCGA-1
2105	1826	0.375	TCGTCCAGTCACATTG-1_1	TACTAGGCACATGATC-1
2106	875	0.5	TCGTGCTAGAGGGCGA-1_1	CGCGCAAAGATAGGTT-1
2106	892	0.5625	TCGTGCTAGAGGGCGA-1_1	CGCTATCCACCTGTGG-1
2107	2303	0.4375	TCGTGGGCACCGAATT-1_1	TTCTAACAGGAACCGT-1
2107	785	0.1875	TCGTGGGCACCGAATT-1_1	CCCTAACCATCCCGGA-1
2108	403	0.25	TCGTGGGGTCCGCAGT-1_1	AGCTGTACAAGATGCG-1
2109	42	0.5	TCGTGGGGTTGTCAGT-1_1	AAATGCCAGGCACCTC-1
2109	972	0.375	TCGTGGGGTTGTCAGT-1_1	CTCACCATCTATTTCG-1
2110	1951	0.5	TCTAACTTCGTGGGTC-1_1	TCACAAGAGGCCTCTG-1
2110	1415	0.8125	TCTAACTTCGTGGGTC-1_1	GCGGGTTCAAGATGCG-1
2110	2179	0.5	TCTAACTTCGTGGGTC-1_1	TGGTCAAAGGTGTCGA-1
2111	1670	0.375	TCTAACTTCTCCTACG-1_1	GTGATCATCTCCACTG-1
2112	1170	0.6875	TCTACATCAGCTGCCA-1_1	GACCTTCCAATAGCGG-1
2112	2322	0.6875	TCTACATCAGCTGCCA-1_1	TTGAGTGGTCTCGGGT-1
2112	770	0.5625	TCTACATCAGCTGCCA-1_1	CCCACATGTCAACGGA-1
2112	295	0.1875	TCTACATCAGCTGCCA-1_1	ACTACGAAGGAACCGT-1
2112	2301	0.125	TCTACATCAGCTGCCA-1_1	TTCGTTATCTAGTCGA-1
2113	130	1	TCTACCGCAAGAGGTC-1_1	AAGGAGCTCCCTACCA-1
2113	2228	1	TCTACCGCAAGAGGTC-1_1	TTACCCGCATAGACGG-1
2115	990	0.625	TCTACCGTCACAGTGT-1_1	CTCTACGAGTAGTTCC-1
2116	452	0	TCTACCGTCGCAGTCG-1_1	AGTGTACTCGGCTATA-1
2116	122	0.6875	TCTACCGTCGCAGTCG-1_1	AAGATAGCATGGTTTG-1
2118	1604	0.8125	TCTATACCAGCTATTG-1_1	GGTTGCGCAACGCACC-1
2118	290	0.1875	TCTATACCAGCTATTG-1_1	ACTACCCGTGCATCAT-1
2119	1824	0.25	TCTATACCAGTTGTTG-1_1	TACTAGGAGTGAATAC-1
2120	385	1	TCTATACGTAGGGAGG-1_1	AGCGTATCACAAACGG-1
2120	308	0.375	TCTATACGTAGGGAGG-1_1	ACTCGGGGTAGGTGAC-1
2121	817	0.375	TCTATACTCAACCTTT-1_1	CCGTGAGAGATCGATA-1
2121	401	0.375	TCTATACTCAACCTTT-1_1	AGCTGTAAGGTTAACA-1
2122	1781	0.3125	TCTATCAGTAGGAGTC-1_1	TACATGGAGAGGTCCA-1
2123	276	0.6875	TCTATCAGTTCTGACA-1_1	ACGTTAGTCCGTGCGA-1
2123	373	0.3125	TCTATCAGTTCTGACA-1_1	AGCCTTCGTGAGTAAT-1
2123	1617	0.4375	TCTATCAGTTCTGACA-1_1	GTAATCGTCTATCTTG-1
2123	832	0.4375	TCTATCAGTTCTGACA-1_1	CCTGGGAAGTGAGTTA-1
2123	642	0.5	TCTATCAGTTCTGACA-1_1	CACCTTGGTACTAGAA-1
2124	551	0.1875	TCTATCATCCAATGCA-1_1	ATTGTCTAGAAGGGCG-1
2124	337	0.5	TCTATCATCCAATGCA-1_1	AGATTCGAGTGTAATG-1
2124	588	0.25	TCTATCATCCAATGCA-1_1	CAACGTAGTCACTCTC-1
2124	1216	0.0625	TCTATCATCCAATGCA-1_1	GAGGCTCTCGCGTGAC-1
2124	491	0.3125	TCTATCATCCAATGCA-1_1	ATCCTCGAGGAAACTT-1
2125	805	0.5	TCTATCATCCTTTAGT-1_1	CCCTGATAGACCATAA-1
2125	970	0.4375	TCTATCATCCTTTAGT-1_1	CTCACCAGTCCCTTTG-1
2125	1824	0.6875	TCTATCATCCTTTAGT-1_1	TACTAGGAGTGAATAC-1
2125	562	0.5	TCTATCATCCTTTAGT-1_1	ATTTGTCGTTGAAGCG-1
2126	1523	0.3125	TCTCACGCACCGTGCA-1_1	GGATGAGAGAGCTGTG-1
2126	1436	0.25	TCTCACGCACCGTGCA-1_1	GCGTTGGTCTGGCACG-1
2126	902	0.6875	TCTCACGCACCGTGCA-1_1	CGGACTGGTCAGGTGA-1
2127	2234	0.4375	TCTCACGCAGCAGATG-1_1	TTACCGCTCCCGATTC-1
2127	259	0.25	TCTCACGCAGCAGATG-1_1	ACGGATTCACGTTAGT-1
2128	63	0.25	TCTCACGGTCGTCAGC-1_1	AACCAACAGTGTCGCC-1
2129	128	0.6875	TCTCACGGTCTCAGGC-1_1	AAGGAGCTCACTGATG-1
2129	1541	0.1875	TCTCACGGTCTCAGGC-1_1	GGCGTTGAGATAGGTT-1
2129	1616	0.375	TCTCACGGTCTCAGGC-1_1	GTAATCGTCTAAGGTC-1
2129	2173	0.25	TCTCACGGTCTCAGGC-1_1	TGGGTGCGTCAGACGA-1
2129	570	0.125	TCTCACGGTCTCAGGC-1_1	CAAAGCTTCCAATAGC-1
2131	978	0.8125	TCTCAGCCAGTAGTGG-1_1	CTCAGAATCTCTTCCT-1
2131	1041	0.5625	TCTCAGCCAGTAGTGG-1_1	CTGTTCGCAGTAACTC-1
2131	1298	0.5	TCTCAGCCAGTAGTGG-1_1	GCAGATTCATTGCACA-1
2132	1256	0.4375	TCTCAGCTCACTGTCC-1_1	GATTAGCTCTATCTAC-1
2132	1860	0.5625	TCTCAGCTCACTGTCC-1_1	TAGCCCTCACAGCCAC-1
2132	1872	0.5	TCTCAGCTCACTGTCC-1_1	TAGCTTTAGACGTCAG-1
2133	720	0.375	TCTCCGACAAGACCGA-1_1	CATGCCTCACTCCACT-1
2133	1667	0.5625	TCTCCGACAAGACCGA-1_1	GTGATCACAAAGAGAG-1
2133	2322	0.375	TCTCCGACAAGACCGA-1_1	TTGAGTGGTCTCGGGT-1
2134	167	0.75	TCTCCGATCGCACTCT-1_1	AATGTCGGTGAATCGG-1
2134	272	1	TCTCCGATCGCACTCT-1_1	ACGTTAGCACAGCTTA-1
2135	1909	0.5	TCTCTGGAGCTTTCCC-1_1	TATCTGTCAAGTCTGT-1
2136	1771	0.75	TCTCTGGAGTAACAGT-1_1	TAATCGGTCTCGTAGA-1
2137	1244	0.1875	TCTCTGGCATGACACT-1_1	GATGATCTCAAGGCCC-1
2137	708	0.4375	TCTCTGGCATGACACT-1_1	CAGTGTAGTGAATGTA-1
2138	116	0.5	TCTCTGGGTTATCTGG-1_1	AACTTGGTCCTTGACC-1
2139	1563	1	TCTGCCAAGCTAGATA-1_1	GGGTCTGGTGCATTCA-1
2139	766	0.0625	TCTGCCAAGCTAGATA-1_1	CCATACCGTTGGCGAA-1
2139	621	0.3125	TCTGCCAAGCTAGATA-1_1	CACATGATCCGTACGG-1
2139	927	0.125	TCTGCCAAGCTAGATA-1_1	CGTTCCACAGATACAA-1
2140	1654	0.5625	TCTGGCTGTGCCCTTT-1_1	GTCGTAAGTAAGCCTT-1
2140	789	0.3125	TCTGGCTGTGCCCTTT-1_1	CCCTAACTCGTCTTAT-1
2140	1887	0.25	TCTGGCTGTGCCCTTT-1_1	TAGGTGTAGGGTGTTG-1
2140	1038	0.3125	TCTGGCTGTGCCCTTT-1_1	CTGTATTAGCCTTTGA-1
2141	282	0.375	TCTGTCGTCTGACCCT-1_1	ACTAACGGTGAGTAAT-1
2142	386	0.5	TCTTAGTAGTTGTACC-1_1	AGCGTATTCACTCGGG-1
2142	388	0.3125	TCTTAGTAGTTGTACC-1_1	AGCGTATTCTCTTCTC-1
2144	901	1	TCTTCCTCACCGCTAG-1_1	CGGACTGCATCTCACC-1
2145	1871	0.5625	TCTTCCTTCCCTTGTG-1_1	TAGCGGCGTGTCCAGC-1
2145	410	0.125	TCTTCCTTCCCTTGTG-1_1	AGGACGATCCAGAATC-1
2145	2328	0.0625	TCTTCCTTCCCTTGTG-1_1	TTGCACCTCGCGTTCT-1
2145	1070	0.1875	TCTTCCTTCCCTTGTG-1_1	CTTGCCACACGTTACA-1
2147	998	0.5	TGAACGTTCCTTCACG-1_1	CTCTAGCAGTAACTCC-1
2147	1330	0.3125	TGAACGTTCCTTCACG-1_1	GCCAGACCACATTGCA-1
2148	2310	0.8125	TGAACGTTCTGGGAGA-1_1	TTCTGTAGTATGTTCG-1
2149	1262	0.4375	TGAATCGGTCGCCACA-1_1	GCAAAGGAGCTCCGGT-1
2149	95	0.125	TGAATCGGTCGCCACA-1_1	AACGGGACACGCGTTG-1
2149	2185	0.625	TGAATCGGTCGCCACA-1_1	TGGTCCTCAATGACTC-1
2149	1405	0.75	TGAATCGGTCGCCACA-1_1	GCGCCAAGTTTGACCA-1
2150	1748	0.3125	TGAATCGGTCTGCCTT-1_1	TAACAGCTCTAGCAAC-1
2152	2234	0.25	TGAATCGTCTGTTGGA-1_1	TTACCGCTCCCGATTC-1
2152	349	0.1875	TGAATCGTCTGTTGGA-1_1	AGCCCGAGTATTCTGG-1
2153	443	0.75	TGAATGCCAGCGCGTT-1_1	AGTGCGCAGGACTAGC-1
2154	2197	0.0625	TGACAGTAGGCATCTT-1_1	TGTACGAGTCAGCTTA-1
2154	389	0	TGACAGTAGGCATCTT-1_1	AGCGTGCCACCCATCT-1
2155	618	0.5625	TGACAGTGTTCTCTCG-1_1	CACATGAAGAGCGAAA-1
2156	1392	0.25	TGACCCTAGTTGAAAC-1_1	GCGATTACATGTGAGG-1
2156	307	0.6875	TGACCCTAGTTGAAAC-1_1	ACTCGGGCATTGATGC-1
2159	431	0.5625	TGACCCTGTCGTTGGC-1_1	AGTCAACAGTTCCCGG-1
2159	1870	0.3125	TGACCCTGTCGTTGGC-1_1	TAGCGGCCATCATGTG-1
2159	1325	0.4375	TGACCCTGTCGTTGGC-1_1	GCATTGAGTGCTTTGA-1
2160	985	0.3125	TGACCCTTCAAGCTGT-1_1	CTCGCTAAGAGACTCG-1
2160	2283	0.0625	TGACCCTTCAAGCTGT-1_1	TTCATCATCAGTGTAC-1
2161	855	0.625	TGACCCTTCGAATCCA-1_1	CGATGATAGAGAGTAG-1
2161	661	0.5	TGACCCTTCGAATCCA-1_1	CACTGAAGTGTCCAGC-1
2161	82	0.25	TGACCCTTCGAATCCA-1_1	AACCTTTGTTAACTCG-1
2162	647	1	TGACCCTTCTCCTGCA-1_1	CACGTTCAGAACGCCA-1
2162	1657	0.375	TGACCCTTCTCCTGCA-1_1	GTCGTAATCCGCCTAT-1
2162	1340	0.875	TGACCCTTCTCCTGCA-1_1	GCCATAAAGAAGACTT-1
2164	544	0.5625	TGACGCGCAGCTGGTC-1_1	ATTACTCTCAGATACC-1
2164	910	0.625	TGACGCGCAGCTGGTC-1_1	CGTAAACGTGATAAGT-1
2165	728	0.625	TGACGCGTCAGAGTGG-1_1	CATTCATAGACGCCCT-1
2165	1762	0.625	TGACGCGTCAGAGTGG-1_1	TAAGTGCGTAGAAAGG-1
2165	1722	1	TGACGCGTCAGAGTGG-1_1	GTTATGGGTACTAGAA-1
2166	427	0.1875	TGACGCGTCCAAGCCG-1_1	AGGCGTCCACGATTAC-1
2167	339	0.375	TGAGACTAGCTGAAGC-1_1	AGATTCGGTTCTTTGT-1
2168	1798	0.375	TGAGACTAGGCCTGCT-1_1	TACCTCGCAAGCAACG-1
2168	2079	0.4375	TGAGACTAGGCCTGCT-1_1	TGAGTCACAGCAAACG-1
2169	1206	1	TGAGACTGTCTGTTAG-1_1	GAGCGCTCAGGTAGGT-1
2169	2134	1	TGAGACTGTCTGTTAG-1_1	TGCTTCGAGGGATCCA-1
2170	468	0.4375	TGAGACTGTTTCCCAC-1_1	ATAGGCTCACACTAGT-1
2170	2343	0.375	TGAGACTGTTTCCCAC-1_1	TTGCGAAAGTTTGGAA-1
2170	517	0.1875	TGAGACTGTTTCCCAC-1_1	ATGTACGAGAGAGTTT-1
2171	526	0.4375	TGAGACTTCGTAGTGT-1_1	ATGTCGAGTGCTTCCT-1
2171	301	0.875	TGAGACTTCGTAGTGT-1_1	ACTACGATCGTGCTTC-1
2171	1514	0.1875	TGAGACTTCGTAGTGT-1_1	GGAGTAGGTTAGGCTT-1
2171	963	0.4375	TGAGACTTCGTAGTGT-1_1	CTCAACCAGGTCGTTT-1
2172	1329	0.5	TGAGCATAGTATTGCC-1_1	GCCAGACCAAATAGTG-1
2172	2038	0.625	TGAGCATAGTATTGCC-1_1	TCGCCTAAGCCTGTAT-1
2172	2249	0.5625	TGAGCATAGTATTGCC-1_1	TTACTCAGTGCTTACA-1
2174	585	0.5625	TGAGCATGTACCAATC-1_1	CAACGGCTCTTGTACT-1
2174	345	0.75	TGAGCATGTACCAATC-1_1	AGCCAGCTCTAGTCGA-1
2175	361	0.375	TGAGCATTCACGATAC-1_1	AGCCTCTAGAAATCTG-1
2176	404	1	TGAGCATTCTTTGCGC-1_1	AGCTGTAGTACGACCC-1
2176	710	0.1875	TGAGCATTCTTTGCGC-1_1	CATAACGAGTCCGATT-1
2176	2399	0.4375	TGAGCATTCTTTGCGC-1_1	TTTGTGTGTTTAGACC-1
2176	2305	0.6875	TGAGCATTCTTTGCGC-1_1	TTCTAACTCAGTCTTT-1
2177	1231	0.375	TGAGCGCAGCCTCTGG-1_1	GATCGTAAGGCCTCGT-1
2177	242	0.0625	TGAGCGCAGCCTCTGG-1_1	ACCGAATCAAGTCCTA-1
2177	610	0.6875	TGAGCGCAGCCTCTGG-1_1	CACAACATCATCGCTC-1
2178	1741	0.875	TGAGGAGAGTAGAGTT-1_1	TAAACCGTCCATGTTT-1
2179	989	0.75	TGAGGAGTCCACGGAC-1_1	CTCGCTATCTGCGTCT-1
2179	1391	0.625	TGAGGAGTCCACGGAC-1_1	GCGATTACATGTAGAA-1
2180	1546	0.5	TGAGGAGTCGAACACT-1_1	GGCGTTGGTCTAACCA-1
2180	1239	0.4375	TGAGGAGTCGAACACT-1_1	GATCGTAGTGAATACA-1
2181	1485	0.625	TGAGGGATCGCCGAGT-1_1	GGAACTTAGGCTGGAT-1
2181	2281	0.5625	TGAGGGATCGCCGAGT-1_1	TTCATCACATCCGTGG-1
2182	742	0.4375	TGAGGTTAGGCCACCT-1_1	CCAATGAAGCGCATTT-1
2182	328	0.25	TGAGGTTAGGCCACCT-1_1	AGACAAAGTGGACGAT-1
2183	1552	0.5625	TGAGGTTAGGTCATTC-1_1	GGGAACACAATGGTAA-1
2185	271	0.5625	TGAGGTTTCCCTTGTG-1_1	ACGTTAGAGGTCGTTT-1
2185	518	0.1875	TGAGGTTTCCCTTGTG-1_1	ATGTACGCATTTGTTC-1
2187	642	0.75	TGAGTCACACAACCGC-1_1	CACCTTGGTACTAGAA-1
2187	86	1	TGAGTCACACAACCGC-1_1	AACCTTTTCTCCCTTT-1
2187	733	0.125	TGAGTCACACAACCGC-1_1	CATTCATTCGTTACAG-1
2188	2197	0.3125	TGAGTCACACGTAGAG-1_1	TGTACGAGTCAGCTTA-1
2189	1165	0.125	TGATCAGAGATGCGAC-1_1	GACCCAGTCCACGCTT-1
2191	2279	1	TGATCAGCACCCAAGC-1_1	TTCATCAAGGCGTAGT-1
2191	2243	0.5625	TGATCAGCACCCAAGC-1_1	TTACGTTTCGATATGC-1
2191	1236	0.3125	TGATCAGCACCCAAGC-1_1	GATCGTACATGCGTTA-1
2192	1518	0.5625	TGATCAGGTAGGACCA-1_1	GGATAGGAGGCTTCGC-1
2193	873	0.375	TGATCTTAGCGTATGG-1_1	CGCAGGTCAGCTTACA-1
2193	1172	0.125	TGATCTTAGCGTATGG-1_1	GACCTTCCACCGTTGG-1
2193	1785	0.375	TGATCTTAGCGTATGG-1_1	TACATTCGTAGCGGTA-1
2194	1092	0.5625	TGATCTTTCGAGCACC-1_1	CTTTGCGCAGTTGCAT-1
2195	653	0.4375	TGATCTTTCTCGCAGG-1_1	CACTAAGCAGCCACGT-1
2195	2054	0.4375	TGATCTTTCTCGCAGG-1_1	TCTAGTTTCGGTCTCT-1
2195	1161	0.3125	TGATCTTTCTCGCAGG-1_1	GACCCAGCAGATAAGT-1
2197	1128	0.4375	TGATGCAGTCACTCAA-1_1	GAACTTGAGCTCGTTA-1
2198	92	0.4375	TGATGCAGTTCTTGCC-1_1	AACGGGAAGGACTTTC-1
2198	676	0.25	TGATGCAGTTCTTGCC-1_1	CAGCTGGAGTGGTGTG-1
2200	2308	0.5	TGATGGTAGGATTACA-1_1	TTCTGTACACTCGGAC-1
2200	399	0.6875	TGATGGTAGGATTACA-1_1	AGCTGATTCCCTAAAG-1
2201	754	1	TGATGGTGTAATGCGG-1_1	CCAGAATGTCCTCAGG-1
2201	2267	0.6875	TGATGGTGTAATGCGG-1_1	TTAGCTTGTCCAACCG-1
2201	284	1	TGATGGTGTAATGCGG-1_1	ACTAACGTCCTCATTA-1
2202	1416	1	TGATGGTGTACGTAGG-1_1	GCGGGTTCAATCCATG-1
2202	1525	0.6875	TGATGGTGTACGTAGG-1_1	GGATGAGAGTGTCGGA-1
2202	979	0.125	TGATGGTGTACGTAGG-1_1	CTCAGCTGTTCCATCC-1
2203	1678	0.25	TGATGGTGTCCACTCT-1_1	GTGCCAGGTCAGGTGA-1
2204	1711	0.25	TGATTCTGTATCAAGA-1_1	GTGTGATTCGGAGTTT-1
2204	1113	0.0625	TGATTCTGTATCAAGA-1_1	GAACCGCGTCAAACAA-1
2206	2318	0.1875	TGATTCTTCAAACGTC-1_1	TTGAGCAAGAAAGGGT-1
2206	586	0.375	TGATTCTTCAAACGTC-1_1	CAACGTACACTAAACC-1
2206	896	0.25	TGATTCTTCAAACGTC-1_1	CGGACCAAGTGAGCTG-1
2207	2259	0.25	TGATTCTTCAGACAAA-1_1	TTAGCGAGTGAGCTAG-1
2208	704	0.1875	TGATTTCCACCACATA-1_1	CAGTGCGTCGGTCAGC-1
2208	408	0.375	TGATTTCCACCACATA-1_1	AGGACGAAGGATCCTT-1
2208	1937	0.5	TGATTTCCACCACATA-1_1	TCAAGCATCCTAGAGT-1
2209	1229	1	TGATTTCCAGTGACCC-1_1	GATCGTAAGATAGGTT-1
2209	1169	1	TGATTTCCAGTGACCC-1_1	GACCGACTCCCTACCA-1
2210	1215	0	TGATTTCGTCACTCAA-1_1	GAGGCTCGTGAGGGTT-1
2211	1207	0.9375	TGATTTCGTGTTTACG-1_1	GAGCGCTGTGAGGTCA-1
2212	1293	0.125	TGATTTCGTTTGCCGG-1_1	GCAGATTAGGGTGTTG-1
2212	1575	0	TGATTTCGTTTGCCGG-1_1	GGTACCGCACTGTCAA-1
2213	809	0.5625	TGCACGGCAAGCACCC-1_1	CCGCATTGTAGCGTTT-1
2214	942	0.625	TGCACGGTCGGCATAT-1_1	CTACTTACAATTGGCT-1
2215	1144	0.75	TGCAGATAGGACAGCT-1_1	GAATCTGCACCGTTGG-1
2215	1897	0.5	TGCAGATAGGACAGCT-1_1	TAGTCCCTCATGAACC-1
2215	1729	0.25	TGCAGATAGGACAGCT-1_1	GTTCAAGGTTACCCAA-1
2215	77	0.375	TGCAGATAGGACAGCT-1_1	AACCTGAGTAGGTGAC-1
2216	177	0.6875	TGCAGGCGTTGTCTAG-1_1	ACAAAGATCACTCGGG-1
2217	2132	1	TGCAGTAAGAGATCGC-1_1	TGCTCGTGTCTCTAAG-1
2217	816	0.4375	TGCAGTAAGAGATCGC-1_1	CCGTAGGGTATCTCAG-1
2217	1094	0.5625	TGCAGTAAGAGATCGC-1_1	CTTTGCGGTCCGTCGA-1
2218	1897	0.6875	TGCAGTATCAGCCCAG-1_1	TAGTCCCTCATGAACC-1
2218	1175	0.4375	TGCAGTATCAGCCCAG-1_1	GACCTTCTCCGAGGAA-1
2219	208	0	TGCATCCTCCGCTAGG-1_1	ACAGGCCCAACTCGTA-1
2220	2072	0.4375	TGCATGAAGACTACGG-1_1	TGAGCCGCAGCGTAGA-1
2220	1306	0.5	TGCATGAAGACTACGG-1_1	GCAGCTGAGGCAAGCT-1
2220	2335	0.4375	TGCATGAAGACTACGG-1_1	TTGCAGATCGCATAAC-1
2220	2118	0.0625	TGCATGAAGACTACGG-1_1	TGCGTAACATCCATAG-1
2221	872	0.25	TGCATGAAGTTCACTG-1_1	CGCAGGTCAATTCAGC-1
2221	1162	0.3125	TGCATGAAGTTCACTG-1_1	GACCCAGGTAGGTAAT-1
2221	2185	0.3125	TGCATGAAGTTCACTG-1_1	TGGTCCTCAATGACTC-1
2222	88	0.3125	TGCATGAGTCACCGAC-1_1	AACGAGGAGGTCACTT-1
2222	1442	0.3125	TGCATGAGTCACCGAC-1_1	GCTCAGGGTCGCGCTA-1
2223	1843	0.125	TGCCGAGGTTCGATTG-1_1	TAGCACAAGTGTTCCA-1
2224	1491	0.6875	TGCGACGAGCATCAGG-1_1	GGAATCTGTCAATCCA-1
2224	1001	0.3125	TGCGACGAGCATCAGG-1_1	CTCTAGCTCCCGTAGG-1
2224	212	0.3125	TGCGACGAGCATCAGG-1_1	ACAGGCCTCTGATCCC-1
2225	1362	0.25	TGCGACGTCAGTAGGG-1_1	GCCTAGGAGATATGTG-1
2225	1088	0.5	TGCGACGTCAGTAGGG-1_1	CTTGTCGGTCGTAATC-1
2226	1375	0.5	TGCGACGTCCGACGGT-1_1	GCGAGTCAGTTTACGC-1
2226	653	0.25	TGCGACGTCCGACGGT-1_1	CACTAAGCAGCCACGT-1
2228	2365	1	TGCGGCACATCTGGGC-1_1	TTGTTCAAGTCCGTGC-1
2228	1956	0.125	TGCGGCACATCTGGGC-1_1	TCACAGAAGAAGACTT-1
2229	257	0.6875	TGCGGGTCAAGAGGCT-1_1	ACCTGCTTCGTATAGC-1
2230	668	0.8125	TGCGGGTGTAGACTGG-1_1	CAGCCTTTCGCTACCT-1
2230	2190	0.3125	TGCGGGTGTAGACTGG-1_1	TGTAAGCTCCATGACA-1
2231	1743	0.25	TGCGGGTTCCATGATG-1_1	TAAACCGTCGTGATAC-1
2233	2292	0.6875	TGCTCCACAACTCATG-1_1	TTCGATTAGGATTGAT-1
2233	2135	0.8125	TGCTCCACAACTCATG-1_1	TGCTTCGCAATGTGCT-1
2235	1508	0.5625	TGCTCCACACGCACCA-1_1	GGAGGATTCCGCCTAT-1
2235	1862	0.5625	TGCTCCACACGCACCA-1_1	TAGCCCTGTTAACCAC-1
2236	82	0.4375	TGCTCCACAGGCACAA-1_1	AACCTTTGTTAACTCG-1
2237	1694	1	TGCTCCAGTAGGTAGC-1_1	GTGGCGTCAAGCTTTG-1
2237	1714	0.1875	TGCTCCAGTAGGTAGC-1_1	GTTACGAGTACGGAGT-1
2237	2368	0.5625	TGCTCCAGTAGGTAGC-1_1	TTGTTCACAGAATGCG-1
2239	1095	0.625	TGCTCGTCACCGTACG-1_1	CTTTGCGGTTGGGAAC-1
2240	398	0.5	TGCTCGTCACGTGAGA-1_1	AGCTGATTCAGTGTAC-1
2241	716	0.1875	TGCTCGTCAGGTGAGT-1_1	CATGCCTAGCAGAAAG-1
2242	1517	0.625	TGCTGAAAGAGCATCG-1_1	GGAGTAGTCTTCTCTC-1
2242	798	0.5625	TGCTGAAAGAGCATCG-1_1	CCCTCTCCAACTTGGT-1
2242	477	0.4375	TGCTGAAAGAGCATCG-1_1	ATATTCCGTACGGAGT-1
2242	1744	0.0625	TGCTGAAAGAGCATCG-1_1	TAAACCGTCTCCACTG-1
2245	1416	0.9375	TGCTTCGGTGAGATTA-1_1	GCGGGTTCAATCCATG-1
2247	521	0.0625	TGCTTCGTCCAGTGTA-1_1	ATGTACGTCCAGGTAT-1
2248	2262	0.5	TGCTTCGTCCATAAGC-1_1	TTAGCGATCTTCTCTC-1
2248	1911	0.375	TGCTTCGTCCATAAGC-1_1	TATCTGTGTCCCGTGA-1
2249	2339	0.5625	TGCTTGCAGCGACATG-1_1	TTGCCCACAACAAACA-1
2249	1691	0.625	TGCTTGCAGCGACATG-1_1	GTGGCGTAGAGCTGTG-1
2249	979	0.3125	TGCTTGCAGCGACATG-1_1	CTCAGCTGTTCCATCC-1
2250	923	0.625	TGCTTGCCAACCACAT-1_1	CGTGGCATCTACTTTG-1
2250	466	0.375	TGCTTGCCAACCACAT-1_1	ATAGGCTAGAAGCCTG-1
2250	2396	0.3125	TGCTTGCCAACCACAT-1_1	TTTGGTTTCGACTTAG-1
2251	2329	0.4375	TGCTTGCCACGACGCT-1_1	TTGCAGAAGAAAGCAG-1
2252	580	0.375	TGCTTGCTCGGACTTA-1_1	CAACGGCTCCAGCACG-1
2253	755	1	TGCTTGCTCTCGGTCT-1_1	CCAGAATTCAGTCACA-1
2253	1888	0.6875	TGCTTGCTCTCGGTCT-1_1	TAGGTGTCAGCAACCC-1
2253	1289	0.1875	TGCTTGCTCTCGGTCT-1_1	GCACGGTGTAATGTGA-1
2253	1586	0.6875	TGCTTGCTCTCGGTCT-1_1	GGTCATATCCATATCT-1
2254	1131	0.625	TGGAACTCATCGATGT-1_1	GAACTTGGTAGTGATA-1
2254	1876	0.375	TGGAACTCATCGATGT-1_1	TAGCTTTTCTCAGATG-1
2255	1716	0.25	TGGAACTCATTACGGT-1_1	GTTACTTAGCTGAGGT-1
2256	1799	0	TGGAACTTCCGAAGGA-1_1	TACCTCGCACCGAAAG-1
2256	1598	0.1875	TGGAACTTCCGAAGGA-1_1	GGTGTCGGTACGTAAA-1
2256	1659	0.5	TGGAACTTCCGAAGGA-1_1	GTCTACCCATGGATGG-1
2257	499	0.5	TGGAGGACAAACTCGT-1_1	ATCCTGCAGGGTAATT-1
2258	1086	0.8125	TGGATCAAGCGAACTG-1_1	CTTGTCGGTACGCAAG-1
2260	1664	0.4375	TGGATGTAGGTAGATT-1_1	GTGACATGTAATGTGA-1
2260	641	0.3125	TGGATGTAGGTAGATT-1_1	CACCTTGCAGAGATGC-1
2260	1579	0.125	TGGATGTAGGTAGATT-1_1	GGTAGGAGTGCGTCCA-1
2260	1501	0.3125	TGGATGTAGGTAGATT-1_1	GGAGAACCATGGGTGA-1
2261	430	0.375	TGGATGTCAACAAGAT-1_1	AGGCGTCTCAGGTTTG-1
2261	1664	0.375	TGGATGTCAACAAGAT-1_1	GTGACATGTAATGTGA-1
2263	1771	0.5	TGGATGTGTACGCTTA-1_1	TAATCGGTCTCGTAGA-1
2263	1804	0.5625	TGGATGTGTACGCTTA-1_1	TACGCAACACATGATC-1
2264	2245	0.3125	TGGCGTGCAACACAGG-1_1	TTACTCAAGCACGTAG-1
2265	1024	0.75	TGGGAAGGTATCCCTC-1_1	CTGGCAGCATCCGTAA-1
2266	1022	0.25	TGGGAGAAGTTACGGG-1_1	CTGCTCAAGGGTTCTT-1
2266	984	0.4375	TGGGAGAAGTTACGGG-1_1	CTCCCAAGTTCCTGTC-1
2267	2223	0.5625	TGGGAGATCGATGCTA-1_1	TTAACGGTCGTCTAGA-1
2268	169	0.5625	TGGGCTGGTATCTCGA-1_1	ACAAACCAGAATACTG-1
2269	847	0.4375	TGGGCTGGTATGAGCG-1_1	CCTTGGTCACAAGGGT-1
2270	1872	0.9375	TGGGCTGTCTCAGAAC-1_1	TAGCTTTAGACGTCAG-1
2270	1201	0.75	TGGGCTGTCTCAGAAC-1_1	GAGCATTGTTGGCTTA-1
2270	1536	0.9375	TGGGCTGTCTCAGAAC-1_1	GGCGAAACAATGCATC-1
2270	1115	0.1875	TGGGCTGTCTCAGAAC-1_1	GAACCGCGTTTCGACA-1
2271	1235	0.0625	TGGGTTACAATTCACG-1_1	GATCGTACACGCGATC-1
2272	1268	0.4375	TGGGTTATCACTCACC-1_1	GCAAAGGTCGTGAGTT-1
2272	1686	0.4375	TGGGTTATCACTCACC-1_1	GTGCTGGAGTCTCCAA-1
2273	1496	0.9375	TGGGTTATCGAGATGG-1_1	GGACACCCACTGCTCT-1
2273	1064	0.5	TGGGTTATCGAGATGG-1_1	CTTGAAGCACTGTTAG-1
2276	191	0.75	TGGTAGTAGCTAAACA-1_1	ACAGAAAAGTACTCTG-1
2276	1130	1	TGGTAGTAGCTAAACA-1_1	GAACTTGGTACGTAGG-1
2280	1783	0.8125	TGGTAGTGTCGTCAGC-1_1	TACATTCCAACCTCCT-1
2282	374	0.5625	TGGTAGTTCATCCTGC-1_1	AGCCTTCTCAGAGTGG-1
2282	990	0.375	TGGTAGTTCATCCTGC-1_1	CTCTACGAGTAGTTCC-1
2283	1988	0.3125	TGGTGATAGAATCGTA-1_1	TCAGGTATCTCTATCA-1
2284	1514	0.25	TGGTGATAGGCTGTAG-1_1	GGAGTAGGTTAGGCTT-1
2285	1564	0.75	TGGTTAGGTCACCGCA-1_1	GGGTCTGGTGTAGGAC-1
2285	1948	0.625	TGGTTAGGTCACCGCA-1_1	TCAATTCGTGACCAGA-1
2285	2098	0.1875	TGGTTAGGTCACCGCA-1_1	TGATTTCAGGAATGGA-1
2286	1246	0.1875	TGGTTAGTCATCGCCT-1_1	GATGGCCAGAACTAAC-1
2288	1753	0.625	TGTAAGCTCCATAGGT-1_1	TAACTTCCAGCAAACG-1
2288	2025	0.5625	TGTAAGCTCCATAGGT-1_1	TCGAGCGAGCCGCAAA-1
2289	1871	0.0625	TGTAAGCTCTCGCTTG-1_1	TAGCGGCGTGTCCAGC-1
2290	463	0	TGTACAGAGGCACAAC-1_1	AGTTTGGCAGGGTACA-1
2290	2400	0.3125	TGTACAGAGGCACAAC-1_1	TTTGTGTTCAAGAGGC-1
2290	792	0.3125	TGTACAGAGGCACAAC-1_1	CCCTAGTAGTTCGACT-1
2291	352	0.6875	TGTACAGTCGTTGTGA-1_1	AGCCCGATCTCCAACC-1
2291	1997	0.125	TGTACAGTCGTTGTGA-1_1	TCAGTCCTCAGGCGCT-1
2292	2209	0.5	TGTCAGACATTACGGT-1_1	TGTGTCCAGGCACCTC-1
2292	594	1	TGTCAGACATTACGGT-1_1	CAAGAAACAGGTTATC-1
2293	861	0.3125	TGTCAGATCCACAAGT-1_1	CGATGATAGTCCGGAA-1
2293	2226	0.1875	TGTCAGATCCACAAGT-1_1	TTACCCGCAATCACTG-1
2293	261	0.375	TGTCAGATCCACAAGT-1_1	ACGGATTGTTACTTTC-1
2294	2257	0.0625	TGTCCACTCAAGTCGT-1_1	TTAGCGACAATGAAAC-1
2294	1898	0.1875	TGTCCACTCAAGTCGT-1_1	TAGTCCCTCTGGAAGG-1
2294	221	0.3125	TGTCCACTCAAGTCGT-1_1	ACATGGTTCCCTACGT-1
2295	1238	0.25	TGTCCACTCATCCCGT-1_1	GATCGTAGTATCCCTC-1
2296	2231	1	TGTCCACTCCCACAGG-1_1	TTACCGCGTATTTGCG-1
2296	231	1	TGTCCACTCCCACAGG-1_1	ACCATCCTCAGTTGAC-1
2296	1994	1	TGTCCACTCCCACAGG-1_1	TCAGTCCGTCATAGCT-1
2297	898	1	TGTCCCAAGGTTGACG-1_1	CGGACCAGTACGTAAA-1
2298	1870	0.6875	TGTCCTGAGGTAGATT-1_1	TAGCGGCCATCATGTG-1
2299	2318	0.6875	TGTCCTGCAGAGAATT-1_1	TTGAGCAAGAAAGGGT-1
2299	1040	0.5625	TGTCCTGCAGAGAATT-1_1	CTGTATTCAGGGTAAC-1
2299	863	0.3125	TGTCCTGCAGAGAATT-1_1	CGATGATGTATCTAGC-1
2299	268	0.4375	TGTCCTGCAGAGAATT-1_1	ACGTGGCGTTTAGGAA-1
2300	522	0.75	TGTCCTGGTACGGATG-1_1	ATGTACGTCTAGTCGA-1
2300	751	0.375	TGTCCTGGTACGGATG-1_1	CCAGAATCACTCCCAT-1
2301	36	0.375	TGTCCTGGTCGTGGAA-1_1	AAAGGGCTCAGTGTGT-1
2303	199	0.1875	TGTGAGTAGATCCCAT-1_1	ACAGACTCATGATCGT-1
2305	2270	0	TGTGAGTTCCTAACAG-1_1	TTAGGTGAGAGCTGTG-1
2305	2345	0.3125	TGTGAGTTCCTAACAG-1_1	TTGCGAATCAAGAGGC-1
2305	2162	1	TGTGAGTTCCTAACAG-1_1	TGGCCTTCAGGGTACA-1
2309	1831	0.3125	TGTGATGCAACGCATT-1_1	TACTCGCGTCAAATCC-1
2310	834	0.1875	TGTGATGCATCATGAC-1_1	CCTGGGAGTCCTATTT-1
2312	288	0.1875	TGTGCGGAGCTTAAGA-1_1	ACTACCCCACGTTACA-1
2314	555	0.4375	TGTGCGGGTCGATTAC-1_1	ATTGTGGTCGCTTACC-1
2314	709	0.8125	TGTGCGGGTCGATTAC-1_1	CAGTGTATCCATACCC-1
2314	1860	0.625	TGTGCGGGTCGATTAC-1_1	TAGCCCTCACAGCCAC-1
2314	1546	0.375	TGTGCGGGTCGATTAC-1_1	GGCGTTGGTCTAACCA-1
2315	2182	0.125	TGTGCGGGTGCCGTAC-1_1	TGGTCAATCCATCTAT-1
2315	41	0.6875	TGTGCGGGTGCCGTAC-1_1	AAATGAGTCTATGAGC-1
2316	1530	0.875	TGTGGCGAGACTGTTC-1_1	GGCACGTTCACCCGGA-1
2316	867	0.8125	TGTGGCGAGACTGTTC-1_1	CGCAATACAAGACACG-1
2317	754	1	TGTGGCGAGATGTTCC-1_1	CCAGAATGTCCTCAGG-1
2318	1352	0.1875	TGTGGCGCAACTGATC-1_1	GCCCGAACATCCCAAA-1
2319	723	0.3125	TGTGTGAAGAACAAGG-1_1	CATGCCTTCCATTGTT-1
2319	2222	0.125	TGTGTGAAGAACAAGG-1_1	TTAACGGTCACTGATG-1
2319	472	0.1875	TGTGTGAAGAACAAGG-1_1	ATAGTCGCATATAGAG-1
2320	986	1	TGTGTGAAGAAGAACG-1_1	CTCGCTAAGAGCCACA-1
2320	833	1	TGTGTGAAGAAGAACG-1_1	CCTGGGAAGTGTCGCC-1
2320	1563	1	TGTGTGAAGAAGAACG-1_1	GGGTCTGGTGCATTCA-1
2321	739	0.75	TGTGTGAAGTGCGCTC-1_1	CATTGGACATAGAATG-1
2322	1351	0.0625	TGTTACTAGGCGAAGG-1_1	GCCCGAACAACTACTG-1
2323	210	0.625	TGTTACTCATTGAGGG-1_1	ACAGGCCTCGGGATCC-1
2323	1966	0.6875	TGTTACTCATTGAGGG-1_1	TCACCACGTTATAGAG-1
2323	1776	0.3125	TGTTACTCATTGAGGG-1_1	TAATTCCAGTTCAGGG-1
2324	2027	0.4375	TGTTACTTCCTGATAG-1_1	TCGATTTAGCATTCCA-1
2324	8	0.375	TGTTACTTCCTGATAG-1_1	AAACTCGAGAGAAGCA-1
2324	1277	0.25	TGTTACTTCCTGATAG-1_1	GCACCTTTCAGTTGAC-1
2324	711	0.3125	TGTTACTTCCTGATAG-1_1	CATAACGCACAGGTAG-1
2325	2082	0.3125	TGTTACTTCTCATGGA-1_1	TGAGTCAGTTTCGTTT-1
2326	1445	0.375	TGTTACTTCTCTCTAA-1_1	GCTCCTAAGTGAGTGC-1
2327	1202	0.5	TGTTCATCACCAGGTC-1_1	GAGCATTTCCACACCT-1
2327	855	0.25	TGTTCATCACCAGGTC-1_1	CGATGATAGAGAGTAG-1
2328	811	0.3125	TGTTCATGTTTCGTAG-1_1	CCGTACTAGCGTCAAG-1
2328	1734	0.4375	TGTTCATGTTTCGTAG-1_1	GTTGGTACACCCTTTG-1
2330	1330	0.1875	TGTTCCGCAGTGCCTG-1_1	GCCAGACCACATTGCA-1
2330	2374	0.25	TGTTCCGCAGTGCCTG-1_1	TTGTTGTGTCTCTAAG-1
2331	715	0.375	TGTTCCGTCTCATTTG-1_1	CATGCCTAGAGCGGTT-1
2332	745	0.1875	TGTTCTATCCGATCGG-1_1	CCAATGATCACCCTTG-1
2334	909	0	TGTTCTATCTTACTGT-1_1	CGTAAACCAATAGCGG-1
2336	1794	0.4375	TGTTGGACAAGCGGAT-1_1	TACCTATCAGGTAGCA-1
2337	2061	0.75	TGTTGGATCCAAACCA-1_1	TCTCTGGGTCATGAGG-1
2338	2323	0.375	TGTTTGTCAGCTGTGC-1_1	TTGAGTGGTTCTACGA-1
2338	1212	0.6875	TGTTTGTCAGCTGTGC-1_1	GAGGATGGTTCTGATG-1
2340	1567	0.625	TTAATCCAGACTCATC-1_1	GGGTGTCCACGCGATC-1
2340	1285	0.3125	TTAATCCAGACTCATC-1_1	GCACGGTAGCTAACAA-1
2341	1132	0.625	TTAATCCCAAACGTGG-1_1	GAACTTGGTCAACTGT-1
2341	1806	0.9375	TTAATCCCAAACGTGG-1_1	TACGCAAGTAAACGGC-1
2341	1401	0.1875	TTAATCCCAAACGTGG-1_1	GCGCATGGTTCAGAAA-1
2343	1079	0.4375	TTACAGGAGACTCATC-1_1	CTTGCTGGTCAGCTTA-1
2344	1000	0.5625	TTACAGGAGCTGTACT-1_1	CTCTAGCCAATCACTG-1
2346	1667	0.75	TTACCATAGCTACAAA-1_1	GTGATCACAAAGAGAG-1
2346	2214	0.25	TTACCATAGCTACAAA-1_1	TGTTAGGGTCCTCAGG-1
2347	526	0.5625	TTACCATAGGACAGTC-1_1	ATGTCGAGTGCTTCCT-1
2347	1869	0.3125	TTACCATAGGACAGTC-1_1	TAGCCGGTCCGGAAAG-1
2349	1315	0.375	TTACCGCGTTGGCCTG-1_1	GCATGATGTTCCCGGA-1
2349	1988	0.0625	TTACCGCGTTGGCCTG-1_1	TCAGGTATCTCTATCA-1
2349	36	0.5625	TTACCGCGTTGGCCTG-1_1	AAAGGGCTCAGTGTGT-1
2349	1326	0.125	TTACCGCGTTGGCCTG-1_1	GCATTGAGTGGTGGTA-1
2350	1652	0.4375	TTACGCCAGATTGATG-1_1	GTCCATCAGTGAGTTA-1
2351	949	1	TTACGCCAGCCGATCC-1_1	CTACTTAGTGCTGTGC-1
2351	712	1	TTACGCCAGCCGATCC-1_1	CATAACGCAGTATACC-1
2351	900	1	TTACGCCAGCCGATCC-1_1	CGGACTGCATACCCGG-1
2352	1869	0.8125	TTACGCCAGCCTAGGA-1_1	TAGCCGGTCCGGAAAG-1
2352	1229	0.25	TTACGCCAGCCTAGGA-1_1	GATCGTAAGATAGGTT-1
2353	805	0.5625	TTACGCCGTAGTCCTA-1_1	CCCTGATAGACCATAA-1
2353	1791	0.375	TTACGCCGTAGTCCTA-1_1	TACCCTGGTCACAGTT-1
2354	1622	0.1875	TTACGCCTCGGTCGAC-1_1	GTAGACTGTCGAGGTA-1
2354	1946	0.6875	TTACGCCTCGGTCGAC-1_1	TCAATTCCAAACGTTC-1
2354	1072	0.6875	TTACGCCTCGGTCGAC-1_1	CTTGCCAGTCAGGCTC-1
2354	2211	0.375	TTACGCCTCGGTCGAC-1_1	TGTGTCCTCGTGGTAT-1
2355	1873	0.9375	TTACGTTCACCTTCCA-1_1	TAGCTTTCAAAGAGAG-1
2355	920	0.5625	TTACGTTCACCTTCCA-1_1	CGTGGCACAAGGAAGA-1
2355	519	0.375	TTACGTTCACCTTCCA-1_1	ATGTACGGTAACATAG-1
2356	901	0.9375	TTACGTTTCCGTAGGC-1_1	CGGACTGCATCTCACC-1
2358	640	0.0625	TTACTGTAGATCGACG-1_1	CACCTTGAGGGCTTCC-1
2359	20	0.5	TTACTGTTCACAGAGG-1_1	AAAGATGCAGATGGCA-1
2360	66	1	TTACTGTTCCCGAACG-1_1	AACCAACCATCAACTG-1
2361	429	0.25	TTAGGCAAGTCGGGAT-1_1	AGGCGTCGTCTCTAAG-1
2361	940	0.5625	TTAGGCAAGTCGGGAT-1_1	CTACAGAGTTATAGAG-1
2361	387	0.6875	TTAGGCAAGTCGGGAT-1_1	AGCGTATTCGCATACA-1
2362	2210	0.5	TTAGGCACATCGCTAA-1_1	TGTGTCCGTTCTTATC-1
2362	1750	0.4375	TTAGGCACATCGCTAA-1_1	TAACGGTCAAATTCCG-1
2362	1167	0.6875	TTAGGCACATCGCTAA-1_1	GACCGACCAAACTACC-1
2363	1430	0.5	TTAGGGTAGTAGGATT-1_1	GCGTAGCGTCTGGGAA-1
2363	245	0.1875	TTAGGGTAGTAGGATT-1_1	ACCGAATGTACGACCC-1
2364	670	0.4375	TTAGGGTGTGTCCGTG-1_1	CAGCTAAAGACGCCCT-1
2364	1015	0.1875	TTAGGGTGTGTCCGTG-1_1	CTGAATGGTTCAGTAC-1
2364	1249	0.125	TTAGGGTGTGTCCGTG-1_1	GATGGCCGTACTTGAC-1
2364	643	0.75	TTAGGGTGTGTCCGTG-1_1	CACCTTGGTAGTAACA-1
2365	1595	0.875	TTAGTCTAGTTCACTG-1_1	GGTGCTGTCTTGCGCT-1
2365	2041	0.375	TTAGTCTAGTTCACTG-1_1	TCGCCTATCACTCGGG-1
2365	280	0.625	TTAGTCTAGTTCACTG-1_1	ACTAACGAGCCATCAT-1
2365	1890	0.5625	TTAGTCTAGTTCACTG-1_1	TAGGTGTGTTTGCCCT-1
2366	1701	0.125	TTAGTCTCAGAAGCTG-1_1	GTGTCAATCGAGGTCC-1
2367	208	0.3125	TTAGTCTGTGGCCTCA-1_1	ACAGGCCCAACTCGTA-1
2368	1815	0.1875	TTAGTCTGTTGGCCGT-1_1	TACGCCTTCGCTCTAC-1
2368	1918	0.5625	TTAGTCTGTTGGCCGT-1_1	TATGTTCAGATCTAAG-1
2369	491	0	TTAGTCTTCAACGTGT-1_1	ATCCTCGAGGAAACTT-1
2369	1797	0.125	TTAGTCTTCAACGTGT-1_1	TACCTATTCTTCGTTA-1
2369	1611	0.375	TTAGTCTTCAACGTGT-1_1	GTAATCGAGTCCGTGC-1
2370	1780	0.3125	TTAGTCTTCTACCCAC-1_1	TACAGCATCTGTTTAC-1
2370	1080	0.5	TTAGTCTTCTACCCAC-1_1	CTTGTCGAGACACTTC-1
2370	165	0.4375	TTAGTCTTCTACCCAC-1_1	AATGTCGGTAATGCCT-1
2370	1860	0.4375	TTAGTCTTCTACCCAC-1_1	TAGCCCTCACAGCCAC-1
2371	629	0.625	TTATTGCTCAGTCATG-1_1	CACCACTTCTCGCGTT-1
2371	573	0.3125	TTATTGCTCAGTCATG-1_1	CAACCAACACGCGTTG-1
2372	982	0.75	TTATTGCTCCCATTTA-1_1	CTCATGCTCCTCATTA-1
2373	1362	0.4375	TTCAATCCAGCAGTCC-1_1	GCCTAGGAGATATGTG-1
2374	2356	0.0625	TTCAATCGTAATGCGG-1_1	TTGCTTAGTACGCCCA-1
2374	1633	0.75	TTCAATCGTAATGCGG-1_1	GTCACCTAGCTTACCA-1
2375	1608	0.1875	TTCAATCTCCGAGCTG-1_1	GGTTGCGGTCTAAAGA-1
2376	1449	0.125	TTCACCGGTATCTCGA-1_1	GCTCCTACATTGTTCT-1
2377	1036	0.375	TTCACCGTCGACATTG-1_1	CTGGGACTCTGAAAGA-1
2378	911	1	TTCACGCAGGTACTGG-1_1	CGTAAACTCCATTGTT-1
2378	1153	1	TTCACGCAGGTACTGG-1_1	GACCAATTCGATATGC-1
2379	2232	0.6875	TTCACGCCAGTCAGTT-1_1	TTACCGCGTTGGCGAA-1
2379	24	0.75	TTCACGCCAGTCAGTT-1_1	AAAGGATAGTCCGGAA-1
2379	490	0.3125	TTCACGCCAGTCAGTT-1_1	ATCCTCGAGCTATCCA-1
2379	1093	0.0625	TTCACGCCAGTCAGTT-1_1	CTTTGCGGTCATAAGA-1
2380	316	0.5625	TTCACGCCATAGGAGC-1_1	ACTGCGGTCTGATCTT-1
2380	906	0.25	TTCACGCCATAGGAGC-1_1	CGGTGCAGTTTGAAGA-1
2381	1412	1	TTCACGCTCACTCTTA-1_1	GCGGAAAGTACTTCGA-1
2381	1682	0.375	TTCACGCTCACTCTTA-1_1	GTGCCAGTCGGATAAA-1
2381	1370	0.5625	TTCACGCTCACTCTTA-1_1	GCGAGAATCAGTACAC-1
2382	184	0.5	TTCAGGAAGAGGTATT-1_1	ACAAGCTTCCTCCTGA-1
2382	1646	0.4375	TTCAGGAAGAGGTATT-1_1	GTCACGGTCTGGGCGT-1
2382	1390	0.1875	TTCAGGAAGAGGTATT-1_1	GCGATTACACACACAT-1
2383	986	0.3125	TTCAGGACAAGCGCAA-1_1	CTCGCTAAGAGCCACA-1
2383	1778	0.3125	TTCAGGACAAGCGCAA-1_1	TAATTCCGTCCGTGCA-1
2384	1681	0.1875	TTCAGGACATTCTTCA-1_1	GTGCCAGTCGATCTTT-1
2384	1894	0.5625	TTCAGGACATTCTTCA-1_1	TAGTCCCCAAATAGTG-1
2385	230	0.375	TTCAGGAGTCGTATGT-1_1	ACCATCCTCAAACCAC-1
2386	32	0.3125	TTCATGTAGGACGGAG-1_1	AAAGGGCCATTCTCGC-1
2387	1670	0.4375	TTCATGTCACCATTCC-1_1	GTGATCATCTCCACTG-1
2387	1889	0.1875	TTCATGTCACCATTCC-1_1	TAGGTGTCATTGTTCT-1
2388	784	0.5	TTCATGTGTACTCGTA-1_1	CCCTAACCAACTTGGT-1
2388	2386	0.375	TTCATGTGTACTCGTA-1_1	TTTGCGCGTCATAGCT-1
2389	1529	0.5	TTCATGTGTCAGTCCG-1_1	GGCACGTCAATAGCGG-1
2389	705	0.25	TTCATGTGTCAGTCCG-1_1	CAGTGCGTCTTCCACG-1
2389	505	0.5625	TTCATGTGTCAGTCCG-1_1	ATCGAGTGTCACATTG-1
2389	672	0.25	TTCATGTGTCAGTCCG-1_1	CAGCTAAGTTAGAGAT-1
2389	2323	0	TTCATGTGTCAGTCCG-1_1	TTGAGTGGTTCTACGA-1
2390	2134	1	TTCATGTGTGGTTCTA-1_1	TGCTTCGAGGGATCCA-1
2391	1821	1	TTCATGTGTTTATGCG-1_1	TACGGATGTCTCTGCT-1
2391	1763	0.375	TTCATGTGTTTATGCG-1_1	TAATCGGAGAACGACC-1
2392	2048	1	TTCATTGTCGAGGCAA-1_1	TCGTTCGAGGTCCTCG-1
2393	384	0.5625	TTCCAATCAACGTAAA-1_1	AGCGTATCAAACCTAC-1
2393	276	0.25	TTCCAATCAACGTAAA-1_1	ACGTTAGTCCGTGCGA-1
2393	2376	0.3125	TTCCAATCAACGTAAA-1_1	TTGTTGTTCCAGCACG-1
2394	2376	0.5	TTCCAATCATAGACTC-1_1	TTGTTGTTCCAGCACG-1
2394	1477	0.375	TTCCAATCATAGACTC-1_1	GCTTTCGTCTCTCAAT-1
2395	1301	0.4375	TTCCACGAGCACTAGG-1_1	GCAGCCACAAGAGCGT-1
2395	1609	0.375	TTCCACGAGCACTAGG-1_1	GGTTGCGGTCTCTGGG-1
2395	470	0.9375	TTCCACGAGCACTAGG-1_1	ATAGGCTGTGGCATAG-1
2395	78	0.0625	TTCCACGAGCACTAGG-1_1	AACCTGATCAGGTCTA-1
2395	531	0.6875	TTCCACGAGCACTAGG-1_1	ATGTTTCAGATGGGAA-1
2396	1283	0.3125	TTCCACGAGCCGTTAT-1_1	GCACGCATCTAAACGC-1
2396	1598	0.125	TTCCACGAGCCGTTAT-1_1	GGTGTCGGTACGTAAA-1
2397	962	0.625	TTCCACGGTAACGGTG-1_1	CTAGGGCTCGGTCCGA-1
2397	309	0.1875	TTCCACGGTAACGGTG-1_1	ACTCGGGTCCACGGCA-1
2398	1901	0.875	TTCCACGGTGGCTAGA-1_1	TATCGAGGTTTAAGGA-1
2398	73	1	TTCCACGGTGGCTAGA-1_1	AACCTGAAGAGTGGAA-1
2399	1119	0.1875	TTCCACGTCTCGTCGT-1_1	GAACCTAAGACTTCCA-1
2399	1551	0	TTCCACGTCTCGTCGT-1_1	GGGAACACAAGTGGCA-1
2401	1684	0.4375	TTCCGGTCACTATGTG-1_1	GTGCTGGAGCTGAATA-1
2403	668	0.4375	TTCCGGTGTGAGACGT-1_1	CAGCCTTTCGCTACCT-1
2404	2265	0.3125	TTCCGGTTCCATAAGC-1_1	TTAGCTTCAGACCTGC-1
2405	874	1	TTCCGTGCAGACCTAT-1_1	CGCAGGTTCTTTATCG-1
2405	505	0.1875	TTCCGTGCAGACCTAT-1_1	ATCGAGTGTCACATTG-1
2405	335	0.3125	TTCCGTGCAGACCTAT-1_1	AGATTCGAGGCAATTA-1
2405	1350	0.3125	TTCCGTGCAGACCTAT-1_1	GCCCAGATCGCGCCAA-1
2405	1290	0.375	TTCCGTGCAGACCTAT-1_1	GCACGGTGTGGACCAA-1
2406	1627	0.375	TTCCGTGGTTCCTACC-1_1	GTAGGAGTCTCGTAGA-1
2406	1561	0.4375	TTCCGTGGTTCCTACC-1_1	GGGTCTGAGTCAGGAC-1
2407	254	0.5625	TTCCTAACACCCTAGG-1_1	ACCGGGTTCAGGTTTG-1
2407	1358	0.375	TTCCTAACACCCTAGG-1_1	GCCTACTCACACATGT-1
2409	417	0.6875	TTCCTCTAGTAGCATA-1_1	AGGCCTGGTGGTTCTA-1
2410	1552	0.625	TTCCTTCAGGTAAGAG-1_1	GGGAACACAATGGTAA-1
2412	111	0.4375	TTCCTTCGTATCGATC-1_1	AACTTGGCAACGTCCG-1
2413	1635	0.375	TTCCTTCGTTACGGAG-1_1	GTCACCTCAAATGCTC-1
2415	1760	0.5625	TTCGATTCAAGAAACT-1_1	TAAGTGCAGCGAGAAA-1
2415	1713	0.5	TTCGATTCAAGAAACT-1_1	GTTACGAAGAGCAGCT-1
2415	158	0.1875	TTCGATTCAAGAAACT-1_1	AATGGCTGTATTGTGC-1
2416	1356	0.5	TTCGATTGTAGCTGTT-1_1	GCCTACTAGGTTAACA-1
2416	1857	0.5	TTCGATTGTAGCTGTT-1_1	TAGCATGGTCAGCTTA-1
2416	1527	0.1875	TTCGATTGTAGCTGTT-1_1	GGATGAGCACTGATAC-1
2416	2212	0.625	TTCGATTGTAGCTGTT-1_1	TGTTAGGAGAAACGCC-1
2417	1114	0.1875	TTCGATTTCATGCATG-1_1	GAACCGCGTTTAGGAA-1
2418	2334	0.6875	TTCGATTTCGGCCCAA-1_1	TTGCAGATCCTAGAGT-1
2418	505	0.5625	TTCGATTTCGGCCCAA-1_1	ATCGAGTGTCACATTG-1
2419	887	1	TTCGATTTCTTTCAGT-1_1	CGCTATCAGGTGATGC-1
2419	2371	0.4375	TTCGATTTCTTTCAGT-1_1	TTGTTGTCACCAAGGA-1
2420	915	0.9375	TTCGCTGGTCTTCTAT-1_1	CGTACAAGTTTCGACA-1
2421	164	0.6875	TTCGGTCGTATCGTGT-1_1	AATGTCGCAGCTATAC-1
2421	2105	0.4375	TTCGGTCGTATCGTGT-1_1	TGCACCTTCTCTGCGT-1
2421	2164	0.4375	TTCGGTCGTATCGTGT-1_1	TGGCGCACAACGGGTA-1
2422	1589	0.9375	TTCGGTCTCACTACTT-1_1	GGTGAAGGTCTCGGGT-1
2423	1426	0.5	TTCGGTCTCGCATTGA-1_1	GCGTAGCCAAGGTCGA-1
2424	580	0.5625	TTCGGTCTCTTGGGCG-1_1	CAACGGCTCCAGCACG-1
2424	798	0.5625	TTCGGTCTCTTGGGCG-1_1	CCCTCTCCAACTTGGT-1
2427	818	0.25	TTCTCTCTCTTTCCGG-1_1	CCGTGAGAGTCGGGAT-1
2427	1114	0.4375	TTCTCTCTCTTTCCGG-1_1	GAACCGCGTTTAGGAA-1
2427	1890	0.3125	TTCTCTCTCTTTCCGG-1_1	TAGGTGTGTTTGCCCT-1
2428	878	0.8125	TTCTGTACAATGAACA-1_1	CGCGCAAGTGATGCGA-1
2428	114	0.625	TTCTGTACAATGAACA-1_1	AACTTGGGTCGTAATC-1
2429	1156	0.625	TTCTGTACACTCAAGT-1_1	GACCAATTCGTCTTAT-1
2429	598	0.1875	TTCTGTACACTCAAGT-1_1	CAAGCTACAGCGTAGA-1
2429	221	0.1875	TTCTGTACACTCAAGT-1_1	ACATGGTTCCCTACGT-1
2430	1991	0.3125	TTCTGTATCCATTCGC-1_1	TCAGTCCAGGCTCAGA-1
2430	1806	0.3125	TTCTGTATCCATTCGC-1_1	TACGCAAGTAAACGGC-1
2430	2205	0.0625	TTCTGTATCCATTCGC-1_1	TGTGGCGCATCGAGTT-1
2431	2398	0.375	TTCTTCCCAAGCACCC-1_1	TTTGGTTTCTCTGAGA-1
2431	1606	0.1875	TTCTTCCCAAGCACCC-1_1	GGTTGCGCAGGCATCC-1
2431	1191	0.5	TTCTTCCCAAGCACCC-1_1	GAGATTCAGGGATCCA-1
2433	1049	0.3125	TTCTTGACACGCTATA-1_1	CTTAATCTCGCTATAG-1
2434	1758	0.5625	TTCTTGACAGCTGTGC-1_1	TAAGCCACACTGTAAC-1
2435	2159	1	TTCTTGAGTATGAGGC-1_1	TGGCAATTCGCCTTAC-1
2436	1546	0.5625	TTGAACGCAACCGCCA-1_1	GGCGTTGGTCTAACCA-1
2437	1699	0.75	TTGAACGGTAGGCTCC-1_1	GTGTCAACAGCGTACC-1
2437	353	0.1875	TTGAACGGTAGGCTCC-1_1	AGCCCGATCTGTCGGG-1
2437	338	0.5	TTGAACGGTAGGCTCC-1_1	AGATTCGCACAAGTGG-1
2439	407	0.3125	TTGACCCAGATACCAA-1_1	AGGACGAAGATTCCGT-1
2440	1010	0.4375	TTGACCCCAGTTCCAA-1_1	CTCTCGAGTGTCTACA-1
2440	2255	0.875	TTGACCCCAGTTCCAA-1_1	TTACTTGTCTGTGTGA-1
2441	99	0.6875	TTGACCCGTCTTCGAA-1_1	AACGTACTCCCAGTAA-1
2441	1050	0.75	TTGACCCGTCTTCGAA-1_1	CTTAATCTCTGGCACG-1
2441	194	0.3125	TTGACCCGTCTTCGAA-1_1	ACAGAAATCACAACAC-1
2442	345	0.1875	TTGAGTGAGTCGAGGT-1_1	AGCCAGCTCTAGTCGA-1
2442	609	0.5625	TTGAGTGAGTCGAGGT-1_1	CACAACAGTATGGGTG-1
2442	1974	0.75	TTGAGTGAGTCGAGGT-1_1	TCACTCGCAGCGTACC-1
2442	91	0.125	TTGAGTGAGTCGAGGT-1_1	AACGAGGTCTTAACGG-1
2442	1931	0	TTGAGTGAGTCGAGGT-1_1	TCAAGCAAGGTCGGTA-1
2443	1446	0.9375	TTGAGTGCAGCGGTCT-1_1	GCTCCTAAGTGCAACG-1
2443	1118	1	TTGAGTGCAGCGGTCT-1_1	GAACCGCTCTATGAGC-1
2443	1657	0.875	TTGAGTGCAGCGGTCT-1_1	GTCGTAATCCGCCTAT-1
2444	111	0.3125	TTGAGTGTCGCCAGAC-1_1	AACTTGGCAACGTCCG-1
2445	1722	1	TTGATGGAGAGCTGAC-1_1	GTTATGGGTACTAGAA-1
2445	1562	1	TTGATGGAGAGCTGAC-1_1	GGGTCTGCACGCGCAT-1
2445	414	0.4375	TTGATGGAGAGCTGAC-1_1	AGGCCTGCACGATATC-1
2446	620	0.75	TTGATGGCAAATGGTA-1_1	CACATGATCCATTGTT-1
2446	2060	0.5	TTGATGGCAAATGGTA-1_1	TCTCTGGCAAAGCTGG-1
2447	1757	0.3125	TTGCATTCAGCTGCCA-1_1	TAAGCCAAGTCAGGAC-1
2447	2175	0.5	TTGCATTCAGCTGCCA-1_1	TGGGTTAAGCAACGGT-1
2447	1527	0.3125	TTGCATTCAGCTGCCA-1_1	GGATGAGCACTGATAC-1
2448	2129	0.875	TTGCATTCATCAGCAT-1_1	TGCTCACGTAAGTCTC-1
2448	2393	1	TTGCATTCATCAGCAT-1_1	TTTGGCCGTGGTCGAA-1
2448	2387	1	TTGCATTCATCAGCAT-1_1	TTTGCGCGTTACTACG-1
2449	960	0.4375	TTGCCTGCACAACATC-1_1	CTAGGGCCAGGTAGCA-1
2449	207	0.3125	TTGCCTGCACAACATC-1_1	ACAGGCCCAAAGACGC-1
2450	258	0.25	TTGCCTGGTACAGTCT-1_1	ACGGATTAGGTTGTTC-1
2450	1999	0.6875	TTGCCTGGTACAGTCT-1_1	TCAGTCCTCGTTCTAT-1
2451	65	1	TTGCCTGGTTATGTCG-1_1	AACCAACCAGGAGCAT-1
2452	1980	0.1875	TTGCCTGTCAAGTTGC-1_1	TCAGCTCCACTCAAGT-1
2452	2058	0	TTGCCTGTCAAGTTGC-1_1	TCTCAGCCAAATTCCG-1
2453	1145	0.4375	TTGCTGCGTAATGCGG-1_1	GAATCTGGTTTGCATG-1
2455	617	0.5625	TTGGATGTCTCGGTAA-1_1	CACATGAAGACCAATA-1
2456	1393	0.75	TTGGGATAGTGGAAAG-1_1	GCGATTAGTCACAGGA-1
2457	58	0.6875	TTGGGATGTAAGCAAT-1_1	AACATCGAGAGGCGGA-1
2458	866	0.4375	TTGGGATGTGAGAACC-1_1	CGCAATAAGACCGCAA-1
2458	1904	0.3125	TTGGGATGTGAGAACC-1_1	TATCGAGTCGGCTATA-1
2458	1400	0.6875	TTGGGATGTGAGAACC-1_1	GCGCATGGTATGGGTG-1
2459	1630	0.625	TTGGGATTCATTGCTT-1_1	GTAGTACGTCTAACCA-1
2459	1702	0.375	TTGGGATTCATTGCTT-1_1	GTGTCCTAGGTTACAA-1
2460	70	0.125	TTGGGCGAGGAGGTTC-1_1	AACCGATGTCTGATTG-1
2461	811	0.25	TTGGGCGAGGCAGTCA-1_1	CCGTACTAGCGTCAAG-1
2461	715	0.125	TTGGGCGAGGCAGTCA-1_1	CATGCCTAGAGCGGTT-1
2462	1961	0.3125	TTGGGCGTCCCTCATG-1_1	TCACAGAGTTTAGAAG-1
2463	20	0.625	TTGGGCGTCGATACAC-1_1	AAAGATGCAGATGGCA-1
2463	334	0.4375	TTGGGCGTCGATACAC-1_1	AGATTCGAGAAATTCG-1
2463	649	0.1875	TTGGGCGTCGATACAC-1_1	CACGTTCCAACTCGAT-1
2464	287	0.5	TTGGGTAGTTTGTGGT-1_1	ACTACCCCAATGATGA-1
2466	894	1	TTGGTTTAGAACAAGG-1_1	CGCTGGAGTGATAGAT-1
2466	167	0.75	TTGGTTTAGAACAAGG-1_1	AATGTCGGTGAATCGG-1
2466	689	0.5	TTGGTTTAGAACAAGG-1_1	CAGGGCTGTCACATTG-1
2467	1749	1	TTGGTTTAGGTCACCC-1_1	TAACGGTAGCGTAGCA-1
2467	1083	1	TTGGTTTAGGTCACCC-1_1	CTTGTCGAGGTCTTTG-1
2467	885	0.6875	TTGGTTTAGGTCACCC-1_1	CGCTAGGTCTACATCT-1
2467	1816	0	TTGGTTTAGGTCACCC-1_1	TACGGATAGCATTCCA-1
2469	1590	1	TTGGTTTGTCTTACTT-1_1	GGTGAAGGTGCCCTAG-1
2469	1915	0.5625	TTGGTTTGTCTTACTT-1_1	TATGTGGAGCATTGGG-1
2469	755	1	TTGGTTTGTCTTACTT-1_1	CCAGAATTCAGTCACA-1
2469	316	0.6875	TTGGTTTGTCTTACTT-1_1	ACTGCGGTCTGATCTT-1
2469	256	0.75	TTGGTTTGTCTTACTT-1_1	ACCTGCTAGGCAGATC-1
2471	1626	0.3125	TTGTGGACACACCTAA-1_1	GTAGGAGGTCCCTAAA-1
2471	871	0.3125	TTGTGGACACACCTAA-1_1	CGCAATAGTATCAGCT-1
2471	2089	0.25	TTGTGGACACACCTAA-1_1	TGATCAGTCTACCCGT-1
2471	2150	0.3125	TTGTGGACACACCTAA-1_1	TGGAAGGGTGGCCTCA-1
2473	1016	0.9375	TTGTGTTAGCCATTGT-1_1	CTGAATGGTTGCAGAG-1
2473	456	1	TTGTGTTAGCCATTGT-1_1	AGTTACGCACTCGTGG-1
2473	1901	0.6875	TTGTGTTAGCCATTGT-1_1	TATCGAGGTTTAAGGA-1
2473	1805	1	TTGTGTTAGCCATTGT-1_1	TACGCAACACCACCAG-1
2473	1874	0.6875	TTGTGTTAGCCATTGT-1_1	TAGCTTTCATGGGTGA-1
2474	2026	0.1875	TTGTTCAAGTAATCCC-1_1	TCGAGCGGTTCTACCC-1
2475	718	0.4375	TTGTTCAAGTGCTACT-1_1	CATGCCTAGTTCGCGC-1
2475	1533	0.4375	TTGTTCAAGTGCTACT-1_1	GGCATTAGTGAGTCGA-1
2476	2116	0.375	TTGTTCAGTTAGGGAC-1_1	TGCCTGTGTATATGGA-1
2476	331	0.125	TTGTTCAGTTAGGGAC-1_1	AGATAGAGTCCCGTGA-1
2477	2063	1	TTGTTTGCAACCGTGC-1_1	TGACAACCACTCGGAC-1
2481	1686	0.125	TTTACCAAGTTACGAA-1_1	GTGCTGGAGTCTCCAA-1
2482	32	0.25	TTTACCACATGTCAGT-1_1	AAAGGGCCATTCTCGC-1
2482	528	0.6875	TTTACCACATGTCAGT-1_1	ATGTCTTAGACACAAT-1
2482	2065	0.3125	TTTACCACATGTCAGT-1_1	TGACAACTCACGATTG-1
2482	618	0.4375	TTTACCACATGTCAGT-1_1	CACATGAAGAGCGAAA-1
2483	1555	0.5625	TTTACCAGTGACTGAG-1_1	GGGCCATAGCTGAAAT-1
2483	1202	0.4375	TTTACCAGTGACTGAG-1_1	GAGCATTTCCACACCT-1
2483	1721	0.875	TTTACCAGTGACTGAG-1_1	GTTATGGAGACCCTAT-1
2485	232	0.4375	TTTACCATCGAGCACC-1_1	ACCATCCTCGACTGGC-1
2485	562	0.8125	TTTACCATCGAGCACC-1_1	ATTTGTCGTTGAAGCG-1
2485	1671	0.375	TTTACCATCGAGCACC-1_1	GTGCACGAGTTCGACT-1
2485	957	0.75	TTTACCATCGAGCACC-1_1	CTAGGATCACCTGAAT-1
2485	255	0.75	TTTACCATCGAGCACC-1_1	ACCGGGTTCGGCAATT-1
2487	2192	0.3125	TTTACGTCAACGTATC-1_1	TGTAAGCTCTTTCGAT-1
2488	1717	0	TTTACGTCAGCGTGCT-1_1	GTTACTTAGTAACATG-1
2489	1026	0.6875	TTTACGTGTACTCCGG-1_1	CTGGCAGGTGAGTAAT-1
2489	1462	0.9375	TTTACGTGTACTCCGG-1_1	GCTGCGAGTCGAGGTA-1
2489	327	0.75	TTTACGTGTACTCCGG-1_1	AGACAAACACACACCG-1
2492	778	0.5625	TTTACTGTCATCTACT-1_1	CCCGTTAAGGCCTCTG-1
2492	255	0.625	TTTACTGTCATCTACT-1_1	ACCGGGTTCGGCAATT-1
2492	698	0.5625	TTTACTGTCATCTACT-1_1	CAGTGCGCAACTACTG-1
2492	2395	0.75	TTTACTGTCATCTACT-1_1	TTTGGTTAGACTCTTG-1
2494	699	0.75	TTTATGCAGATCGCCC-1_1	CAGTGCGGTACCCATA-1
2495	409	0.5	TTTCAGTTCCCACAGG-1_1	AGGACGAGTCCTTCAC-1
2495	376	0.375	TTTCAGTTCCCACAGG-1_1	AGCGATTCACGTTGTA-1
2497	1891	0.5625	TTTCATGGTTCGATTG-1_1	TAGGTGTTCTGTGTCC-1
2497	294	0.5	TTTCATGGTTCGATTG-1_1	ACTACGAAGACAGTGC-1
2498	940	0.4375	TTTCATGTCTTCGCTG-1_1	CTACAGAGTTATAGAG-1
2498	277	0.9375	TTTCATGTCTTCGCTG-1_1	ACGTTAGTCCTAAAGC-1
2499	1422	0.25	TTTCCTCGTCAACCTA-1_1	GCGGTGTCACATTGCA-1
2499	622	0.3125	TTTCCTCGTCAACCTA-1_1	CACCACTAGACACAAT-1
2501	1267	0.125	TTTCGATTCGCATTGA-1_1	GCAAAGGTCGATCTTT-1
2502	1532	0.0625	TTTGACTCAAACTCGT-1_1	GGCATTAGTCGAGAAC-1
2503	911	0.9375	TTTGACTGTCCGAAAG-1_1	CGTAAACTCCATTGTT-1
2503	2130	0.75	TTTGACTGTCCGAAAG-1_1	TGCTCACGTCACATTG-1
2503	1067	0.6875	TTTGACTGTCCGAAAG-1_1	CTTGCCAAGAGCGAAA-1
2504	1319	0.6875	TTTGACTTCGGCTTCT-1_1	GCATTCCTCGTCTAGA-1
2504	910	0.8125	TTTGACTTCGGCTTCT-1_1	CGTAAACGTGATAAGT-1
2505	154	0.5625	TTTGATCGTACGATCT-1_1	AATGGCTAGTACAACA-1
2505	1619	0.3125	TTTGATCGTACGATCT-1_1	GTACTTTCATGGTATC-1
2505	313	0	TTTGATCGTACGATCT-1_1	ACTGCAATCTATCCTA-1
2506	1715	0.875	TTTGGAGGTCGAGATG-1_1	GTTACGATCTTTATCG-1
2506	858	0.875	TTTGGAGGTCGAGATG-1_1	CGATGATAGCTTACCA-1
2507	2072	0.3125	TTTGGAGGTTCAAACC-1_1	TGAGCCGCAGCGTAGA-1
2507	603	0.3125	TTTGGAGGTTCAAACC-1_1	CAAGGCCTCCAATAGC-1
2508	2301	0.3125	TTTGGTTTCGGTCTAA-1_1	TTCGTTATCTAGTCGA-1
2509	867	1	TTTGGTTTCTAAACGC-1_1	CGCAATACAAGACACG-1
2509	323	0.8125	TTTGGTTTCTAAACGC-1_1	ACTTCCGTCTTGTACT-1
2511	1164	0.75	TTTGTTGCACCAGACC-1_1	GACCCAGGTCCGTAGC-1
2511	1281	0.5	TTTGTTGCACCAGACC-1_1	GCACGCAGTGGAAGCT-1
2511	457	0.5	TTTGTTGCACCAGACC-1_1	AGTTACGTCCTAAAGC-1
2511	80	0.25	TTTGTTGCACCAGACC-1_1	AACCTTTAGGGAGATA-1
2512	1092	0.4375	AAACCCAGTACTTGTG-1_2	CTTTGCGCAGTTGCAT-1
2513	500	0.375	AAACCCAGTATCCCAA-1_2	ATCCTGCCAGGACTGA-1
2513	1952	0.1875	AAACCCAGTATCCCAA-1_2	TCACAAGAGGCTAAAT-1
2513	1881	0.1875	AAACCCAGTATCCCAA-1_2	TAGGTCACAAGCCTTA-1
2513	153	0.3125	AAACCCAGTATCCCAA-1_2	AATGGAATCGGTCTCT-1
2514	606	0.4375	AAACGAAAGCACAAAT-1_2	CAATCCCCAAGTCCTA-1
2515	1238	0.1875	AAACGAACATATTCGG-1_2	GATCGTAGTATCCCTC-1
2515	2179	0.625	AAACGAACATATTCGG-1_2	TGGTCAAAGGTGTCGA-1
2517	1705	1	AAACGCTCAAATAAGC-1_2	GTGTCCTTCAGTGTAC-1
2517	1251	0.75	AAACGCTCAAATAAGC-1_2	GATGGCCTCCGATGCG-1
2518	1350	0.1875	AAACGCTGTGGTTTGT-1_2	GCCCAGATCGCGCCAA-1
2519	1084	0.5625	AAACGCTGTTTACACG-1_2	CTTGTCGAGTTACACC-1
2520	1547	0.6875	AAACGCTTCCCTTTGG-1_2	GGCGTTGGTCTGAGCC-1
2521	2190	0.5	AAAGAACTCCGTAATG-1_2	TGTAAGCTCCATGACA-1
2521	791	0.5	AAAGAACTCCGTAATG-1_2	CCCTAGTAGATGAGGA-1
2521	644	0	AAAGAACTCCGTAATG-1_2	CACCTTGTCCAAGAGG-1
2522	1817	0.5625	AAAGAACTCTAGAGCT-1_2	TACGGATAGGTCTTGT-1
2523	2341	0.6875	AAAGGATAGTGGATAT-1_2	TTGCCCACATCAACTG-1
2524	1395	1	AAAGGATCACATACGT-1_2	GCGATTATCGAGAACG-1
2524	1695	1	AAAGGATCACATACGT-1_2	GTGGCGTCATTGTTCT-1
2524	2162	1	AAAGGATCACATACGT-1_2	TGGCCTTCAGGGTACA-1
2524	719	1	AAAGGATCACATACGT-1_2	CATGCCTCACGATTAC-1
2525	2298	0.5	AAAGGATCATGGACAG-1_2	TTCGTTACAAAGACGC-1
2525	584	0.625	AAAGGATCATGGACAG-1_2	CAACGGCTCTTCTCTC-1
2526	2356	0.4375	AAAGGATGTGCTTCAA-1_2	TTGCTTAGTACGCCCA-1
2526	2040	0.25	AAAGGATGTGCTTCAA-1_2	TCGCCTACATGTCCCT-1
2526	738	0.5625	AAAGGATGTGCTTCAA-1_2	CATTCCGTCCGGCTGA-1
2528	1772	0.5	AAAGGGCAGCACGTCC-1_2	TAATTCCAGACCATAA-1
2528	758	0.375	AAAGGGCAGCACGTCC-1_2	CCAGATAGTCCAAGAG-1
2528	613	0.5625	AAAGGGCAGCACGTCC-1_2	CACAGATTCACAGGGA-1
2529	185	0.5	AAAGGGCAGCCTCAGC-1_2	ACAATCGAGAGAGTAG-1
2529	937	0.5	AAAGGGCAGCCTCAGC-1_2	CTAACTTTCCGCCTAT-1
2529	238	0.1875	AAAGGGCAGCCTCAGC-1_2	ACCCAAATCAACTTGG-1
2530	437	0.5	AAAGGGCAGTAAGACT-1_2	AGTCCGGTCTATCTTG-1
2531	1168	0.75	AAAGGGCAGTTGCTGT-1_2	GACCGACCATAGCCGC-1
2532	948	1	AAAGGGCCACCCTATC-1_2	CTACTTAGTGAGGGTT-1
2533	2341	0.5625	AAAGGGCTCGACTCCT-1_2	TTGCCCACATCAACTG-1
2533	220	0.5	AAAGGGCTCGACTCCT-1_2	ACATGGTGTGTGCTTA-1
2534	773	0.5	AAAGGTACAAGTGCAG-1_2	CCCAGAGCACACACAT-1
2534	128	0.3125	AAAGGTACAAGTGCAG-1_2	AAGGAGCTCACTGATG-1
2535	924	0.5	AAAGGTACACCTATCC-1_2	CGTTCCAAGGATGTCG-1
2535	351	0.5625	AAAGGTACACCTATCC-1_2	AGCCCGAGTGCATCAT-1
2535	793	0.1875	AAAGGTACACCTATCC-1_2	CCCTAGTCAGCGCGTT-1
2536	1380	1	AAAGGTAGTGACCGAA-1_2	GCGAGTCTCTCTCAAT-1
2537	1147	0.75	AAAGGTAGTTCCAGGC-1_2	GAATCTGTCTTGCGCT-1
2537	417	0.4375	AAAGGTAGTTCCAGGC-1_2	AGGCCTGGTGGTTCTA-1
2537	1451	0.4375	AAAGGTAGTTCCAGGC-1_2	GCTCGAGAGCGCCTAC-1
2539	1519	0.375	AAAGGTATCGAGAAGC-1_2	GGATAGGCATGACTGT-1
2540	1235	0.4375	AAAGGTATCGCTCTCA-1_2	GATCGTACACGCGATC-1
2541	889	0.375	AAAGTCCAGTAAACGT-1_2	CGCTATCCAAGCAGGT-1
2542	744	0.5	AAAGTCCCACTGTCGG-1_2	CCAATGAGTATTCTCT-1
2543	871	1	AAAGTCCGTGTGGTCC-1_2	CGCAATAGTATCAGCT-1
2543	444	0.5625	AAAGTCCGTGTGGTCC-1_2	AGTGCGCAGTTCGACT-1
2543	1487	0.9375	AAAGTCCGTGTGGTCC-1_2	GGAACTTGTCTGCGCA-1
2544	2037	0.4375	AAAGTCCGTTTAGAGA-1_2	TCGCAGGGTCCCTTTG-1
2544	1315	0.4375	AAAGTCCGTTTAGAGA-1_2	GCATGATGTTCCCGGA-1
2544	868	0.625	AAAGTCCGTTTAGAGA-1_2	CGCAATACAAGGATGC-1
2544	1977	0.4375	AAAGTCCGTTTAGAGA-1_2	TCACTCGTCCTCCCAA-1
2544	1891	0.1875	AAAGTCCGTTTAGAGA-1_2	TAGGTGTTCTGTGTCC-1
2545	1634	0.5625	AAAGTCCGTTTCGTTT-1_2	GTCACCTCAAACCCTA-1
2545	102	0.375	AAAGTCCGTTTCGTTT-1_2	AACTGGTGTTAGTAGA-1
2546	1916	0.9375	AAAGTGAAGCACTCGC-1_2	TATGTGGTCAACGTGT-1
2547	295	0.5	AAAGTGAAGCATCTTG-1_2	ACTACGAAGGAACCGT-1
2547	640	0.25	AAAGTGAAGCATCTTG-1_2	CACCTTGAGGGCTTCC-1
2548	2314	0.5625	AAAGTGAAGTCCCTAA-1_2	TTGACGACATAGCCAT-1
2548	499	0.375	AAAGTGAAGTCCCTAA-1_2	ATCCTGCAGGGTAATT-1
2549	1917	0.75	AAAGTGACAGAGGGTT-1_2	TATGTGGTCGATAGTC-1
2550	1641	1	AAAGTGAGTATATGGA-1_2	GTCACCTTCGGAGTTT-1
2552	2311	0.5	AAATGGATCGAGCCTG-1_2	TTCTGTAGTCATTGGT-1
2552	975	0.4375	AAATGGATCGAGCCTG-1_2	CTCAGAAGTGCACCCA-1
2554	2004	0.4375	AACAAAGTCGATACAC-1_2	TCAGTTTTCCCGGGTA-1
2554	58	0.3125	AACAAAGTCGATACAC-1_2	AACATCGAGAGGCGGA-1
2555	2021	0.75	AACAACCGTTGAGTCT-1_2	TCCGACTCAGAATGCG-1
2556	1601	0.125	AACAACCGTTTCGTAG-1_2	GGTGTCGTCTGCGTCT-1
2556	1226	0.5625	AACAACCGTTTCGTAG-1_2	GATCATGAGTGATATG-1
2557	687	0.3125	AACAACCTCTAGCAAC-1_2	CAGGATTGTAGAAAGG-1
2557	1852	0.3125	AACAACCTCTAGCAAC-1_2	TAGCATGAGAATGCTA-1
2557	1078	0.125	AACAACCTCTAGCAAC-1_2	CTTGCTGGTAAGTGCG-1
2558	136	0.25	AACAACCTCTCAGTCC-1_2	AAGGTTCTCTCGCGGA-1
2560	1339	0.1875	AACACACAGACGCCAA-1_2	GCCAGCATCAAGTTGC-1
2561	1534	0.375	AACACACAGTAAGACT-1_2	GGCATTAGTTCCAATG-1
2563	1143	0.4375	AACACACTCGGCTATA-1_2	GAATCTGAGGTAAGTT-1
2563	279	1	AACACACTCGGCTATA-1_2	ACTAACGAGAGGAACA-1
2563	1316	1	AACACACTCGGCTATA-1_2	GCATTCCTCATTCGGA-1
2564	1950	0.75	AACAGGGAGCCATTTG-1_2	TCACAAGAGACTAGGC-1
2564	1935	0.5	AACAGGGAGCCATTTG-1_2	TCAAGCACACGCTGTG-1
2565	1343	0.5	AACAGGGCATACCATG-1_2	GCCATAAGTAGCAGCA-1
2566	1030	0.625	AACCAACGTCGTGGTC-1_2	CTGGCAGTCCCAATGA-1
2566	247	0.4375	AACCAACGTCGTGGTC-1_2	ACCGCAGTCCAAGAGG-1
2567	1669	0.375	AACCAACGTCGTTGCG-1_2	GTGATCACAATCACTG-1
2568	403	0.375	AACCAACGTGCGGCTT-1_2	AGCTGTACAAGATGCG-1
2568	274	0.0625	AACCAACGTGCGGCTT-1_2	ACGTTAGGTGGTAAGC-1
2569	2057	0.0625	AACCAACGTTTACTTC-1_2	TCTATTGGTGCTGTCG-1
2570	351	0.4375	AACCACAAGTCAGCCC-1_2	AGCCCGAGTGCATCAT-1
2570	1884	0.375	AACCACAAGTCAGCCC-1_2	TAGGTCATCCATCGAA-1
2570	401	0.25	AACCACAAGTCAGCCC-1_2	AGCTGTAAGGTTAACA-1
2571	1392	0	AACCACACACGAGGTA-1_2	GCGATTACATGTGAGG-1
2571	1312	0.4375	AACCACACACGAGGTA-1_2	GCATGATCATGGGTGA-1
2571	1017	0.6875	AACCACACACGAGGTA-1_2	CTGAATGTCCATGACA-1
2572	245	0.3125	AACCACACATGTACGT-1_2	ACCGAATGTACGACCC-1
2573	1629	0.375	AACCACACATGTTCGA-1_2	GTAGTACGTATTGTCG-1
2574	1456	0.4375	AACCACATCCATAAGC-1_2	GCTCGAGGTTTCCGGG-1
2575	214	0.25	AACCATGGTGCCTAAT-1_2	ACATGCAAGCTTCAAC-1
2576	1053	1	AACCATGTCAAGCTGT-1_2	CTTCCAGAGCGTGTTT-1
2576	859	0.5625	AACCATGTCAAGCTGT-1_2	CGATGATAGGTACTCT-1
2577	1675	1	AACCCAAAGCTAAACA-1_2	GTGCACGGTCATAGAA-1
2577	9	1	AACCCAAAGCTAAACA-1_2	AAACTCGAGTGCTGAG-1
2578	202	0.3125	AACCCAAAGTCCGCCA-1_2	ACAGACTTCACGTCAA-1
2578	1250	0.375	AACCCAAAGTCCGCCA-1_2	GATGGCCGTCCTATTT-1
2579	152	0.3125	AACCCAACAATTCACG-1_2	AATGGAATCCCAATAG-1
2579	2388	0	AACCCAACAATTCACG-1_2	TTTGCGCTCAGGCGCT-1
2580	504	0.9375	AACCCAACACACTTAG-1_2	ATCGAGTCAGCACATT-1
2581	795	0.25	AACCCAACAGGGTCTC-1_2	CCCTAGTGTGCATTCA-1
2582	397	0.5625	AACCCAACATAGATGA-1_2	AGCTGATGTGTCGTCG-1
2582	43	0.1875	AACCCAACATAGATGA-1_2	AAATGCCCAATGGTCT-1
2582	1428	0.5625	AACCCAACATAGATGA-1_2	GCGTAGCCATTTGTTC-1
2583	1124	0.25	AACCCAACATATGAAG-1_2	GAACCTAGTACCCATA-1
2583	243	1	AACCCAACATATGAAG-1_2	ACCGAATCAATGTGTC-1
2583	474	0.25	AACCCAACATATGAAG-1_2	ATAGTCGTCTGACTTT-1
2585	1971	0.4375	AACCCAAGTGGGAGAG-1_2	TCACTCGAGCTGAATA-1
2585	529	0.75	AACCCAAGTGGGAGAG-1_2	ATGTCTTTCGGTAGGA-1
2586	2024	0.5	AACCCAATCACTGAAC-1_2	TCGAGCGAGCATTCCA-1
2587	2379	0.75	AACCTGAGTGATATAG-1_2	TTGTTGTTCGCTAGTA-1
2588	705	0.5625	AACCTTTAGGGAGTTC-1_2	CAGTGCGTCTTCCACG-1
2588	739	0.4375	AACCTTTAGGGAGTTC-1_2	CATTGGACATAGAATG-1
2589	1108	0.25	AACCTTTTCGCGCTGA-1_2	GAAATGATCAGGAATA-1
2589	209	0.25	AACCTTTTCGCGCTGA-1_2	ACAGGCCTCGCCAGAC-1
2589	2165	0.625	AACCTTTTCGCGCTGA-1_2	TGGCGCAGTAACTGAA-1
2589	1509	0.4375	AACCTTTTCGCGCTGA-1_2	GGAGGATTCGTGCTGG-1
2589	1898	0.625	AACCTTTTCGCGCTGA-1_2	TAGTCCCTCTGGAAGG-1
2590	1226	0.375	AACCTTTTCTAGTGAC-1_2	GATCATGAGTGATATG-1
2590	1601	0.25	AACCTTTTCTAGTGAC-1_2	GGTGTCGTCTGCGTCT-1
2590	957	0.5	AACCTTTTCTAGTGAC-1_2	CTAGGATCACCTGAAT-1
2590	1846	0.1875	AACCTTTTCTAGTGAC-1_2	TAGCACAGTGCATTCA-1
2591	2294	0.9375	AACGAAAAGATGTAGT-1_2	TTCGCGTAGGACTAGC-1
2592	2297	0.25	AACGAAAAGCTATCTG-1_2	TTCGGTCTCCATACGA-1
2592	1600	0.875	AACGAAAAGCTATCTG-1_2	GGTGTCGTCCATATCT-1
2593	2169	0.3125	AACGAAACATGAATCC-1_2	TGGCGCATCACGTGTA-1
2594	1334	0.3125	AACGAAAGTCAATCTG-1_2	GCCAGCAAGCACACCC-1
2594	1626	0.5	AACGAAAGTCAATCTG-1_2	GTAGGAGGTCCCTAAA-1
2594	2121	0.4375	AACGAAAGTCAATCTG-1_2	TGCGTAATCCAAGTCA-1
2594	148	0.75	AACGAAAGTCAATCTG-1_2	AATGGAACATCAGAAA-1
2596	1668	0.625	AACGAAATCAAAGACA-1_2	GTGATCACAAGGAGGG-1
2596	1765	0.4375	AACGAAATCAAAGACA-1_2	TAATCGGAGCAGAATT-1
2596	1732	0.125	AACGAAATCAAAGACA-1_2	GTTGGGCAGGGCGAAG-1
2596	995	0.9375	AACGAAATCAAAGACA-1_2	CTCTACGTCCCACTAC-1
2596	445	0.875	AACGAAATCAAAGACA-1_2	AGTGCGCAGTTGACAA-1
2597	1357	0.5625	AACGAAATCCAAGCAT-1_2	GCCTACTCAATGCCAT-1
2598	731	0.875	AACGGGACAATAGGAT-1_2	CATTCATGTGCTTGAT-1
2598	2129	0.5	AACGGGACAATAGGAT-1_2	TGCTCACGTAAGTCTC-1
2599	427	0.5	AACGGGACATCCAACA-1_2	AGGCGTCCACGATTAC-1
2600	1552	0.6875	AACGGGAGTGTTTGCA-1_2	GGGAACACAATGGTAA-1
2600	2299	0.5625	AACGGGAGTGTTTGCA-1_2	TTCGTTACAAATAGTG-1
2601	2065	0.5	AACGGGATCGACATTG-1_2	TGACAACTCACGATTG-1
2604	2306	0.125	AACGTCAGTTGCGTAT-1_2	TTCTAACTCCCAATAG-1
2605	2317	0.3125	AACGTCATCACCTGGG-1_2	TTGACGATCCAGAGAG-1
2605	1157	0.75	AACGTCATCACCTGGG-1_2	GACCAATTCGTGCTTC-1
2607	812	0.25	AACTTCTCAGCCTTCT-1_2	CCGTACTCAATGTGCT-1
2608	1338	1	AACTTCTCATGTAACC-1_2	GCCAGCAGTATTGTGC-1
2609	2103	0.25	AACTTCTGTCAGACTT-1_2	TGATTTCTCGGTCTAA-1
2609	747	0.3125	AACTTCTGTCAGACTT-1_2	CCACAGGTCGAGAAGC-1
2610	1446	0.125	AAGAACACATATCTCT-1_2	GCTCCTAAGTGCAACG-1
2611	1760	0.8125	AAGAACATCCTGTACC-1_2	TAAGTGCAGCGAGAAA-1
2612	841	0.75	AAGACAACAACGCATT-1_2	CCTTAATTCCCGTATC-1
2613	703	0.4375	AAGACAAGTGATACAA-1_2	CAGTGCGTCGCAACTA-1
2614	2394	0.375	AAGACAATCGGTAGGA-1_2	TTTGGCCTCGAGGTAG-1
2614	302	0.25	AAGACAATCGGTAGGA-1_2	ACTAGGTGTACCAAGG-1
2616	980	0.5	AAGACTCTCTGCGGCA-1_2	CTCATGCAGAAGAGTG-1
2616	1226	0.4375	AAGACTCTCTGCGGCA-1_2	GATCATGAGTGATATG-1
2617	1734	0.3125	AAGATAGCAGAGGACT-1_2	GTTGGTACACCCTTTG-1
2618	1111	0.9375	AAGATAGCAGTGAGCA-1_2	GAACCGCCACATTCTT-1
2618	1626	1	AAGATAGCAGTGAGCA-1_2	GTAGGAGGTCCCTAAA-1
2619	966	0.5	AAGATAGGTCTTACAG-1_2	CTCAACCCAGTTGGAG-1
2619	158	0.25	AAGATAGGTCTTACAG-1_2	AATGGCTGTATTGTGC-1
2620	1753	0.8125	AAGATAGGTGTCGCTG-1_2	TAACTTCCAGCAAACG-1
2620	1118	0.9375	AAGATAGGTGTCGCTG-1_2	GAACCGCTCTATGAGC-1
2620	155	1	AAGATAGGTGTCGCTG-1_2	AATGGCTAGTTGGAAT-1
2621	1217	0.25	AAGATAGTCTTACCAT-1_2	GAGGTCCCAGAACAGC-1
2621	475	0.5625	AAGATAGTCTTACCAT-1_2	ATATTCCAGAACCCGA-1
2621	245	0.25	AAGATAGTCTTACCAT-1_2	ACCGAATGTACGACCC-1
2622	2003	0.6875	AAGCATCTCCCTCGTA-1_2	TCAGTTTGTATTCTTC-1
2622	2268	0.375	AAGCATCTCCCTCGTA-1_2	TTAGCTTTCCATGACA-1
2622	378	0.0625	AAGCATCTCCCTCGTA-1_2	AGCGATTGTCACATTG-1
2623	381	0.6875	AAGCCATAGCGTCTGC-1_2	AGCGATTTCAGCGGTC-1
2624	242	0.375	AAGCCATTCGTGTCAA-1_2	ACCGAATCAAGTCCTA-1
2625	1828	0.4375	AAGCGAGAGACCAAGC-1_2	TACTCGCAGTCTTAGC-1
2625	1349	0.5625	AAGCGAGAGACCAAGC-1_2	GCCCAGACACTCCCAT-1
2626	188	0.5625	AAGCGAGAGTGGGAAA-1_2	ACAATCGGTTGGCGAA-1
2626	1351	0.375	AAGCGAGAGTGGGAAA-1_2	GCCCGAACAACTACTG-1
2627	1685	0.3125	AAGCGAGCACGGCTAC-1_2	GTGCTGGAGGTTGACG-1
2628	1850	0.375	AAGCGAGGTGTAGCAG-1_2	TAGCACATCGGGTCCA-1
2629	1088	0	AAGCGAGGTTACACAC-1_2	CTTGTCGGTCGTAATC-1
2630	507	0.625	AAGCGAGTCCCAAGTA-1_2	ATCGAGTTCGCTAGTA-1
2630	1054	0.25	AAGCGAGTCCCAAGTA-1_2	CTTCCAGAGTCCTTCC-1
2630	367	0.625	AAGCGAGTCCCAAGTA-1_2	AGCCTGGTCCAGTACA-1
2630	1040	0.4375	AAGCGAGTCCCAAGTA-1_2	CTGTATTCAGGGTAAC-1
2631	1291	0.3125	AAGCGAGTCTGTTCAT-1_2	GCACGGTGTGGCCTCA-1
2632	822	0.5	AAGCGTTTCCATACTT-1_2	CCTAAAGGTCACAGGA-1
2633	1952	0.4375	AAGCGTTTCGCATAGT-1_2	TCACAAGAGGCTAAAT-1
2633	156	0.25	AAGCGTTTCGCATAGT-1_2	AATGGCTCAGCAACGA-1
2634	1804	0.4375	AAGCGTTTCGTGTGGC-1_2	TACGCAACACATGATC-1
2636	883	0.4375	AAGGAATAGTACCCTA-1_2	CGCTAGGTCGCTTGAA-1
2638	2033	0.6875	AAGGAATTCTTCGGAA-1_2	TCGCAGGAGACGCCAA-1
2639	1062	0.375	AAGTACCAGTAGGCCA-1_2	CTTGAAGAGGAGACTC-1
2640	1593	0.0625	AAGTACCGTTAACCTG-1_2	GGTGAAGTCTCCTTGG-1
2640	2391	0.625	AAGTACCGTTAACCTG-1_2	TTTGGCCCAACTCGAT-1
2640	77	0.4375	AAGTACCGTTAACCTG-1_2	AACCTGAGTAGGTGAC-1
2640	844	0.1875	AAGTACCGTTAACCTG-1_2	CCTTGCAAGGTGATGC-1
2641	1199	0.375	AAGTACCTCCATAGAC-1_2	GAGCATTAGTGAACCG-1
2642	1476	0.1875	AAGTCGTCAATCACGT-1_2	GCTTTCGGTGCTTACA-1
2643	947	0.4375	AAGTCGTCACCGTGGT-1_2	CTACTTAGTATCAGCT-1
2644	1877	0.4375	AAGTCGTCAGCAGACA-1_2	TAGGAGGAGAATACTG-1
2644	47	0.5	AAGTCGTCAGCAGACA-1_2	AACAAAGCACAGTTAC-1
2644	1740	0.1875	AAGTCGTCAGCAGACA-1_2	TAAACCGTCATGTTCT-1
2645	1409	0.1875	AAGTCGTTCACTGATG-1_2	GCGGAAAAGTTTGGAA-1
2645	174	0.4375	AAGTCGTTCACTGATG-1_2	ACAAAGAGTCCATTGA-1
2646	1085	0.4375	AAGTCGTTCTACTTCA-1_2	CTTGTCGCACATCATG-1
2648	963	0.3125	AAGTGAACAGTTTCGA-1_2	CTCAACCAGGTCGTTT-1
2648	980	0.0625	AAGTGAACAGTTTCGA-1_2	CTCATGCAGAAGAGTG-1
2649	591	0.375	AAGTGAATCGAAGCCC-1_2	CAAGAAAAGTAGGTCG-1
2651	639	0.5	AAGTTCGTCATCGCCT-1_2	CACCTTGAGGCATGCA-1
2651	1621	0.3125	AAGTTCGTCATCGCCT-1_2	GTAGACTCAATTAGGA-1
2652	1645	0.125	AAGTTCGTCCATCTCG-1_2	GTCACGGTCGGCTATA-1
2653	378	0.5	AATAGAGAGTAGGTTA-1_2	AGCGATTGTCACATTG-1
2654	1360	0.1875	AATAGAGCAAATCGGG-1_2	GCCTACTGTTGTATCG-1
2655	549	0.875	AATAGAGCACCTGTCT-1_2	ATTCGTTGTGATCAGG-1
2655	299	0.3125	AATAGAGCACCTGTCT-1_2	ACTACGAGTCCCTTTG-1
2656	654	0.625	AATAGAGGTAGCGTAG-1_2	CACTAAGGTCGAGGAT-1
2657	1774	0.3125	AATAGAGGTCAATGGG-1_2	TAATTCCAGGATTGAT-1
2657	117	0.375	AATAGAGGTCAATGGG-1_2	AACTTGGTCTTAAGCG-1
2658	2400	0.875	AATAGAGTCATGAGAA-1_2	TTTGTGTTCAAGAGGC-1
2658	1140	0.5625	AATAGAGTCATGAGAA-1_2	GAAGTCTTCTCTGCGT-1
2658	677	0.6875	AATAGAGTCATGAGAA-1_2	CAGCTGGGTCATTGCA-1
2659	392	0.375	AATCACGCAATTCTCT-1_2	AGCTATGAGATGGGTC-1
2660	1363	0.6875	AATCACGTCTTTCCGG-1_2	GCCTAGGAGCAGAAAG-1
2660	1547	0.75	AATCACGTCTTTCCGG-1_2	GGCGTTGGTCTGAGCC-1
2661	1965	0.9375	AATCGACAGCTCGACC-1_2	TCACCACCATTACACG-1
2662	583	1	AATCGACCAACGACTT-1_2	CAACGGCTCTCCAACC-1
2663	2047	0.75	AATCGACCACAGTACT-1_2	TCGTTCGAGGGCGAAG-1
2664	1484	0.375	AATCGTGCACTATCCC-1_2	GGAACTTAGGATTGAT-1
2664	1488	0.25	AATCGTGCACTATCCC-1_2	GGAATCTAGCAATAAC-1
2665	748	0.5	AATCGTGGTCGCACGT-1_2	CCACGTTTCCATCGAA-1
2665	2200	0.3125	AATCGTGGTCGCACGT-1_2	TGTAGCAGTCCCGTGA-1
2666	60	0.125	AATCGTGGTTAGTTCG-1_2	AACATCGGTCATGAGG-1
2667	2347	0.0625	AATCGTGTCATACGGT-1_2	TTGCGGGCACTGTTAG-1
2667	478	0.0625	AATCGTGTCATACGGT-1_2	ATATTCCGTTCACGTA-1
2667	548	0.4375	AATCGTGTCATACGGT-1_2	ATTCGTTCAAGCGTCC-1
2668	136	0.4375	AATCGTGTCATATGGC-1_2	AAGGTTCTCTCGCGGA-1
2669	629	0.5625	AATGAAGAGATCGACG-1_2	CACCACTTCTCGCGTT-1
2669	292	0.25	AATGAAGAGATCGACG-1_2	ACTACCCTCAGATACC-1
2669	2323	0.1875	AATGAAGAGATCGACG-1_2	TTGAGTGGTTCTACGA-1
2669	809	0.3125	AATGAAGAGATCGACG-1_2	CCGCATTGTAGCGTTT-1
2671	1271	0.625	AATGAAGGTAGGTCAG-1_2	GCAACCGCAGAACTTC-1
2671	1136	0.375	AATGAAGGTAGGTCAG-1_2	GAAGAGCAGAGAAGCA-1
2671	1105	0.8125	AATGAAGGTAGGTCAG-1_2	GAAATGACAGGTCTGC-1
2671	1799	0.5	AATGAAGGTAGGTCAG-1_2	TACCTCGCACCGAAAG-1
2672	55	0.875	AATGAAGTCTCTTAAC-1_2	AACAGTCGTCGAGGAT-1
2672	1918	0.3125	AATGAAGTCTCTTAAC-1_2	TATGTTCAGATCTAAG-1
2672	1050	0.625	AATGAAGTCTCTTAAC-1_2	CTTAATCTCTGGCACG-1
2673	1004	0.375	AATGACCCATACAGGG-1_2	CTCTCAGAGTTCCAGT-1
2675	567	0.75	AATGACCTCAACCTCC-1_2	CAAAGCTCACGATATC-1
2675	979	0.5	AATGACCTCAACCTCC-1_2	CTCAGCTGTTCCATCC-1
2675	69	0.5625	AATGACCTCAACCTCC-1_2	AACCGATAGGTCTTTG-1
2675	1540	0.5	AATGACCTCAACCTCC-1_2	GGCGTTGAGAGATTAC-1
2676	1119	0.0625	AATGCCAAGGTCGCCT-1_2	GAACCTAAGACTTCCA-1
2676	1239	0.0625	AATGCCAAGGTCGCCT-1_2	GATCGTAGTGAATACA-1
2677	1147	0.625	AATGCCAGTACGAGCA-1_2	GAATCTGTCTTGCGCT-1
2678	42	0.25	AATGGAAAGAGAACCC-1_2	AAATGCCAGGCACCTC-1
2678	1160	0.5625	AATGGAAAGAGAACCC-1_2	GACCCAGCAAGAAACT-1
2679	465	0.6875	AATGGAAAGATTTGCC-1_2	AGTTTGGTCGATAGGG-1
2679	320	0.25	AATGGAAAGATTTGCC-1_2	ACTGTCCGTTAACCGT-1
2679	1859	0.5625	AATGGAAAGATTTGCC-1_2	TAGCATGTCGCGTGAC-1
2679	1997	0.25	AATGGAAAGATTTGCC-1_2	TCAGTCCTCAGGCGCT-1
2680	957	0.9375	AATGGAAAGCATCAGG-1_2	CTAGGATCACCTGAAT-1
2680	62	1	AATGGAAAGCATCAGG-1_2	AACCAACAGTGAGCAC-1
2680	1824	0.3125	AATGGAAAGCATCAGG-1_2	TACTAGGAGTGAATAC-1
2681	2120	0.75	AATGGAAAGGGAGAAT-1_2	TGCGTAAGTTCCGCGA-1
2683	2293	0.3125	AATGGAAGTTAGTCGT-1_2	TTCGATTAGTTTACGC-1
2684	1261	0.625	AATGGCTAGAATAGTC-1_2	GCAAAGGAGACTAGCG-1
2684	1296	0.5	AATGGCTAGAATAGTC-1_2	GCAGATTCACTCCTCA-1
2684	932	0.3125	AATGGCTAGAATAGTC-1_2	CTAACTTAGGCAGTGT-1
2685	1378	0.25	AATGGCTTCGTTGTTT-1_2	GCGAGTCTCAGCACGC-1
2685	1710	0.375	AATGGCTTCGTTGTTT-1_2	GTGTGATCACTCCACT-1
2685	2343	0.5625	AATGGCTTCGTTGTTT-1_2	TTGCGAAAGTTTGGAA-1
2686	980	0.25	AATTCCTAGGTGGTTG-1_2	CTCATGCAGAAGAGTG-1
2686	1801	0.3125	AATTCCTAGGTGGTTG-1_2	TACCTCGTCAATGCAC-1
2689	1082	0.875	AATTTCCCAAGTTCGT-1_2	CTTGTCGAGGCTTCGC-1
2690	845	0.375	AATTTCCCACGATAGG-1_2	CCTTGCATCCCAGCGA-1
2691	1605	0.375	AATTTCCTCTGGTCAA-1_2	GGTTGCGCACAAACAA-1
2692	364	1	ACAAAGATCTAAGCGT-1_2	AGCCTGGCAGAGCCAA-1
2694	1214	0.6875	ACAACCACACGGGCTT-1_2	GAGGCTCGTAACGGTG-1
2694	534	0.9375	ACAACCACACGGGCTT-1_2	ATGTTTCCAGGCAGAT-1
2695	862	0.75	ACAACCAGTACGACAG-1_2	CGATGATAGTCTGGGA-1
2695	1700	0.6875	ACAACCAGTACGACAG-1_2	GTGTCAACATCATAGC-1
2696	53	0.875	ACAACCAGTCCTCAGG-1_2	AACAGTCGTAAACCCT-1
2696	1419	0.75	ACAACCAGTCCTCAGG-1_2	GCGGGTTTCCAATCCC-1
2697	70	0.4375	ACAAGCTAGACCATTC-1_2	AACCGATGTCTGATTG-1
2697	1182	0.125	ACAAGCTAGACCATTC-1_2	GAGAACGAGTCTCCAA-1
2697	1469	0.5	ACAAGCTAGACCATTC-1_2	GCTTAAGTCTCGCGTT-1
2699	1042	0.625	ACAAGCTTCACATACG-1_2	CTGTTCGCATTAGCAC-1
2699	1825	0.3125	ACAAGCTTCACATACG-1_2	TACTAGGCAACGCACC-1
2701	1177	0.3125	ACACAGTTCGTCGGGT-1_2	GACTAACTCGCACCGA-1
2703	512	0.5625	ACACCAACAGCAGATG-1_2	ATGCATGTCGATAGTC-1
2704	436	0.125	ACACCAAGTAGACGTG-1_2	AGTCCGGTCCTAAGTG-1
2704	907	0.3125	ACACCAAGTAGACGTG-1_2	CGGTGCAGTTTGTGAC-1
2705	1117	0.375	ACACCAATCTTCTTCC-1_2	GAACCGCTCGAGAAGC-1
2705	250	0.4375	ACACCAATCTTCTTCC-1_2	ACCGGGTCATGTGGGA-1
2705	692	1	ACACCAATCTTCTTCC-1_2	CAGTATGAGAGTGGTC-1
2706	1048	0.3125	ACACGCGAGAGTGTTA-1_2	CTTAATCGTTAGGCTT-1
2707	1011	0.5	ACACGCGAGCCTGGAA-1_2	CTCTCGATCGACTTAG-1
2707	170	0.9375	ACACGCGAGCCTGGAA-1_2	ACAAACCCAGGATGTG-1
2708	1109	0.4375	ACACGCGGTGGTATGG-1_2	GAAATGATCGATATGC-1
2709	1534	0.3125	ACACGCGTCAAAGGTA-1_2	GGCATTAGTTCCAATG-1
2710	841	0.6875	ACACTGAAGGTGCGAT-1_2	CCTTAATTCCCGTATC-1
2710	1305	0.25	ACACTGAAGGTGCGAT-1_2	GCAGCCATCGCGCCAA-1
2710	339	0.5	ACACTGAAGGTGCGAT-1_2	AGATTCGGTTCTTTGT-1
2711	1561	0.5625	ACACTGACATCGATCA-1_2	GGGTCTGAGTCAGGAC-1
2711	2380	0.6875	ACACTGACATCGATCA-1_2	TTGTTGTTCTCCCTTT-1
2711	703	0.375	ACACTGACATCGATCA-1_2	CAGTGCGTCGCAACTA-1
2712	206	0.6875	ACAGAAACAGGACTAG-1_2	ACAGCGCGTCAACGGA-1
2712	1004	1	ACAGAAACAGGACTAG-1_2	CTCTCAGAGTTCCAGT-1
2712	877	0.5625	ACAGAAACAGGACTAG-1_2	CGCGCAAGTCCGTAGC-1
2712	1778	0.3125	ACAGAAACAGGACTAG-1_2	TAATTCCGTCCGTGCA-1
2712	1978	0.8125	ACAGAAACAGGACTAG-1_2	TCACTCGTCTTCGTTA-1
2714	105	0.3125	ACAGCCGAGGCACAAC-1_2	AACTGTGAGATCTCAC-1
2714	1580	1	ACAGCCGAGGCACAAC-1_2	GGTAGGAGTGCTGGCT-1
2716	76	0.3125	ACAGCCGTCTGAGGTT-1_2	AACCTGACATTCACGA-1
2717	177	0.75	ACAGGGAAGGGCTAAC-1_2	ACAAAGATCACTCGGG-1
2718	1775	0.5	ACAGGGATCCGCACTT-1_2	TAATTCCAGTAGGTCG-1
2718	918	0.3125	ACAGGGATCCGCACTT-1_2	CGTGGCAAGACGTCAG-1
2718	2224	0.5625	ACAGGGATCCGCACTT-1_2	TTACCCGAGTCTGGGA-1
2718	203	1	ACAGGGATCCGCACTT-1_2	ACAGACTTCATTCATC-1
2719	2079	0.3125	ACATCCCAGTCCCAAT-1_2	TGAGTCACAGCAAACG-1
2720	2320	0.3125	ACATCCCCAAAGGCTG-1_2	TTGAGTGAGTTGCCGC-1
2720	612	0.5625	ACATCCCCAAAGGCTG-1_2	CACAGATGTAACGTAA-1
2721	1109	0.375	ACATCCCCAATAGGAT-1_2	GAAATGATCGATATGC-1
2722	982	0.625	ACATCCCGTAGTCTTG-1_2	CTCATGCTCCTCATTA-1
2722	1089	0.8125	ACATCCCGTAGTCTTG-1_2	CTTGTCGGTGGTAGAC-1
2724	1443	0.4375	ACATCCCTCTTAGCAG-1_2	GCTCAGGGTGCATTGT-1
2724	1154	0.25	ACATCCCTCTTAGCAG-1_2	GACCAATTCGATCTTT-1
2724	896	0.1875	ACATCCCTCTTAGCAG-1_2	CGGACCAAGTGAGCTG-1
2724	1928	0.125	ACATCCCTCTTAGCAG-1_2	TCAAGACAGACCAATA-1
2726	1260	0.375	ACATCGAAGCGCAATG-1_2	GATTGACGTCATTGCA-1
2727	224	0.5	ACATCGACACACACTA-1_2	ACCAAACCATATAGAG-1
2727	561	0.375	ACATCGACACACACTA-1_2	ATTTGTCGTTAGGCTT-1
2728	969	0.125	ACATCGACAGTAGTTC-1_2	CTCACCAGTAGCGGTA-1
2728	293	0.125	ACATCGACAGTAGTTC-1_2	ACTACCCTCCAACAAC-1
2730	471	0.625	ACATGCATCGGCAGTC-1_2	ATAGGCTGTGTTAGAA-1
2730	1074	0.875	ACATGCATCGGCAGTC-1_2	CTTGCCAGTTACGGAG-1
2730	1612	0.625	ACATGCATCGGCAGTC-1_2	GTAATCGCAGGCAAGT-1
2730	1964	1	ACATGCATCGGCAGTC-1_2	TCACCACCATCAGCTA-1
2731	1278	0.75	ACATTTCAGATCCTAC-1_2	GCACGCAAGGGAAGCG-1
2732	335	0.25	ACATTTCGTATACCTG-1_2	AGATTCGAGGCAATTA-1
2732	590	0.5625	ACATTTCGTATACCTG-1_2	CAACGTAGTTGTGACT-1
2733	92	0.375	ACCAAACCAACCGCCA-1_2	AACGGGAAGGACTTTC-1
2733	1173	0.875	ACCAAACCAACCGCCA-1_2	GACCTTCCACGGCCAT-1
2733	506	0.25	ACCAAACCAACCGCCA-1_2	ATCGAGTGTGCGTTTA-1
2733	1654	0.375	ACCAAACCAACCGCCA-1_2	GTCGTAAGTAAGCCTT-1
2733	2184	0.1875	ACCAAACCAACCGCCA-1_2	TGGTCCTAGCTGAAAT-1
2734	1623	0.3125	ACCAAACCATAGCACT-1_2	GTAGACTTCGTGGGTC-1
2734	960	0.25	ACCAAACCATAGCACT-1_2	CTAGGGCCAGGTAGCA-1
2734	543	0.5625	ACCAAACCATAGCACT-1_2	ATTACTCGTTTGTGAC-1
2734	1993	0.4375	ACCAAACCATAGCACT-1_2	TCAGTCCCAATGACTC-1
2735	2116	0.3125	ACCAAACTCAAGCTTG-1_2	TGCCTGTGTATATGGA-1
2735	1908	0.25	ACCAAACTCAAGCTTG-1_2	TATCTGTCAAGGTTCT-1
2736	1726	0.25	ACCAACACATCTCCCA-1_2	GTTCAAGAGTAATGTG-1
2737	716	0.125	ACCAACAGTGCTTATG-1_2	CATGCCTAGCAGAAAG-1
2738	2180	0.25	ACCACAACAAGATGGC-1_2	TGGTCAAGTAACCCAT-1
2738	1107	0.75	ACCACAACAAGATGGC-1_2	GAAATGAGTTAAGGGC-1
2739	477	0.5	ACCATTTCATGAGAAT-1_2	ATATTCCGTACGGAGT-1
2739	2356	0.5	ACCATTTCATGAGAAT-1_2	TTGCTTAGTACGCCCA-1
2740	779	0.4375	ACCATTTGTCCACAGC-1_2	CCCGTTACAAGGATGC-1
2740	138	0.5625	ACCATTTGTCCACAGC-1_2	AATACGCGTGAATCGG-1
2740	1638	0.5	ACCATTTGTCCACAGC-1_2	GTCACCTGTAACGGCA-1
2741	1546	0.4375	ACCATTTGTTCCAAAC-1_2	GGCGTTGGTCTAACCA-1
2743	454	0.375	ACCCAAAAGTTTGAGA-1_2	AGTTACGAGTCTGCTA-1
2744	1815	0.3125	ACCCAAAGTACCTAAC-1_2	TACGCCTTCGCTCTAC-1
2745	1169	1	ACCCAAAGTCCTTAAG-1_2	GACCGACTCCCTACCA-1
2745	487	1	ACCCAAAGTCCTTAAG-1_2	ATCCCTGGTGATTCCA-1
2745	1229	1	ACCCAAAGTCCTTAAG-1_2	GATCGTAAGATAGGTT-1
2746	507	0.4375	ACCCTCAGTATCTTCT-1_2	ATCGAGTTCGCTAGTA-1
2746	402	0.375	ACCCTCAGTATCTTCT-1_2	AGCTGTAAGTACAGTA-1
2748	2383	0.4375	ACCCTTGAGTGTGTTC-1_2	TTTGAGGCATGGTATC-1
2749	1592	0.625	ACCCTTGGTCGTTTCC-1_2	GGTGAAGTCGGGCTCA-1
2749	845	0.25	ACCCTTGGTCGTTTCC-1_2	CCTTGCATCCCAGCGA-1
2749	2236	0.4375	ACCCTTGGTCGTTTCC-1_2	TTACGGAAGTGATAAC-1
2749	1907	0.1875	ACCCTTGGTCGTTTCC-1_2	TATCTGTCAACCTCCT-1
2750	1495	0.4375	ACCCTTGGTTGGCTAT-1_2	GGACACCCAAGGAGGG-1
2750	481	0.5	ACCCTTGGTTGGCTAT-1_2	ATCCAGAAGTGCTGAG-1
2750	431	0.1875	ACCCTTGGTTGGCTAT-1_2	AGTCAACAGTTCCCGG-1
2751	721	0.5625	ACCGTTCCACGTATAC-1_2	CATGCCTCATCGAGTT-1
2752	1574	0.375	ACCGTTCCACTGTGAT-1_2	GGGTTATTCGGCTATA-1
2753	290	0.625	ACCTACCAGCACCCAC-1_2	ACTACCCGTGCATCAT-1
2753	2224	0.4375	ACCTACCAGCACCCAC-1_2	TTACCCGAGTCTGGGA-1
2753	1933	0.5	ACCTACCAGCACCCAC-1_2	TCAAGCACACACTAGT-1
2754	228	0.25	ACCTACCTCCATAGGT-1_2	ACCATCCAGACAACGC-1
2755	558	0.1875	ACCTACCTCCATTCGC-1_2	ATTTGTCCAATTCTCT-1
2755	801	0.5	ACCTACCTCCATTCGC-1_2	CCCTCTCGTTCTTATC-1
2755	1770	0.125	ACCTACCTCCATTCGC-1_2	TAATCGGTCGGGAATG-1
2755	659	0.75	ACCTACCTCCATTCGC-1_2	CACTGAACAGGCATTT-1
2755	540	0.9375	ACCTACCTCCATTCGC-1_2	ATTACTCAGCTTACCA-1
2756	890	0.375	ACCTACCTCCGTGTGG-1_2	CGCTATCCAAGGCGTA-1
2756	2375	0.25	ACCTACCTCCGTGTGG-1_2	TTGTTGTGTGCAAGCA-1
2757	175	1	ACCTACCTCCTGTAAG-1_2	ACAAAGAGTGTCGTCG-1
2758	1401	0.6875	ACCTACCTCGTAGCTA-1_2	GCGCATGGTTCAGAAA-1
2760	1250	0.125	ACCTGAAGTCAAACGG-1_2	GATGGCCGTCCTATTT-1
2760	371	0.3125	ACCTGAAGTCAAACGG-1_2	AGCCTTCCACATAAAG-1
2760	906	0.0625	ACCTGAAGTCAAACGG-1_2	CGGTGCAGTTTGAAGA-1
2761	683	0.125	ACGATCACAGGACAGT-1_2	CAGCTGGTCTAAACGC-1
2761	1757	0.125	ACGATCACAGGACAGT-1_2	TAAGCCAAGTCAGGAC-1
2762	564	0.4375	ACGATCATCCGTAGGC-1_2	ATTTGTCTCGTTACAG-1
2762	1276	0.25	ACGATCATCCGTAGGC-1_2	GCACCTTGTTACACTG-1
2763	1808	0.3125	ACGATCATCTCGGCTT-1_2	TACGCCTAGAGAATTC-1
2763	1904	0.4375	ACGATCATCTCGGCTT-1_2	TATCGAGTCGGCTATA-1
2763	406	0.375	ACGATCATCTCGGCTT-1_2	AGCTGTATCAAACCAC-1
2764	463	0.5625	ACGATGTAGACGGTTG-1_2	AGTTTGGCAGGGTACA-1
2766	1827	0.5	ACGATGTCATGACTTG-1_2	TACTAGGGTCTCTGCT-1
2766	368	0.25	ACGATGTCATGACTTG-1_2	AGCCTGGTCGGAAAGC-1
2766	1886	0.4375	ACGATGTCATGACTTG-1_2	TAGGTGTAGACTAGGC-1
2766	2389	0.5	ACGATGTCATGACTTG-1_2	TTTGGCCAGCAATGTA-1
2767	2357	0.6875	ACGATGTGTTGATGTC-1_2	TTGCTTATCACTTACT-1
2767	1670	0.625	ACGATGTGTTGATGTC-1_2	GTGATCATCTCCACTG-1
2768	694	0.8125	ACGATGTTCAGGAAGC-1_2	CAGTATGCACAAACGG-1
2768	669	0.5625	ACGATGTTCAGGAAGC-1_2	CAGCCTTTCTTAACGG-1
2770	2230	0.5	ACGCACGAGTCGCCCA-1_2	TTACCGCCATGGGTGA-1
2770	1419	0.5	ACGCACGAGTCGCCCA-1_2	GCGGGTTTCCAATCCC-1
2771	778	0.625	ACGCACGCAATCCAGT-1_2	CCCGTTAAGGCCTCTG-1
2772	553	0.5	ACGCACGCAGGAATCG-1_2	ATTGTCTTCCCACTTG-1
2772	2351	1	ACGCACGCAGGAATCG-1_2	TTGCTATAGGCAGTGT-1
2772	19	0.4375	ACGCACGCAGGAATCG-1_2	AAAGATGAGCGAGAAA-1
2772	2007	1	ACGCACGCAGGAATCG-1_2	TCCAGAAAGCTCCGGT-1
2775	912	0.1875	ACGCACGTCACCTGTC-1_2	CGTACAAAGCTACGCC-1
2776	271	0.4375	ACGCACGTCCATAGGT-1_2	ACGTTAGAGGTCGTTT-1
2776	1363	0.25	ACGCACGTCCATAGGT-1_2	GCCTAGGAGCAGAAAG-1
2776	127	0.5	ACGCACGTCCATAGGT-1_2	AAGGAGCGTAACTGAA-1
2777	1248	0.0625	ACGCACGTCTTTCGAT-1_2	GATGGCCCATGTATCG-1
2777	296	0.5	ACGCACGTCTTTCGAT-1_2	ACTACGAAGTCGTATC-1
2777	1652	0.125	ACGCACGTCTTTCGAT-1_2	GTCCATCAGTGAGTTA-1
2778	364	1	ACGGAAGAGCACCAGA-1_2	AGCCTGGCAGAGCCAA-1
2778	2259	1	ACGGAAGAGCACCAGA-1_2	TTAGCGAGTGAGCTAG-1
2779	1439	0.75	ACGGGTCCAAGCGGAT-1_2	GCTCACTTCGGAGTTT-1
2779	1036	0.5625	ACGGGTCCAAGCGGAT-1_2	CTGGGACTCTGAAAGA-1
2780	1730	0.625	ACGGGTCCACGCACCA-1_2	GTTCAAGTCTACTTTG-1
2780	1828	0.375	ACGGGTCCACGCACCA-1_2	TACTCGCAGTCTTAGC-1
2780	1926	0.4375	ACGGGTCCACGCACCA-1_2	TCAAAGCAGTCACGCC-1
2781	688	0.4375	ACGGGTCCATTGACTG-1_2	CAGGGCTGTATTCGCA-1
2781	601	0.25	ACGGGTCCATTGACTG-1_2	CAAGGCCCACTTATGG-1
2782	1225	0.75	ACGGGTCGTCAGGCAA-1_2	GAGTGAGTCTGAGTCA-1
2782	186	0.25	ACGGGTCGTCAGGCAA-1_2	ACAATCGCAGGTTATC-1
2782	411	0.25	ACGGGTCGTCAGGCAA-1_2	AGGACGATCTCTATTG-1
2784	627	0.375	ACGGTCGAGAGTTGCG-1_2	CACCACTGTAGCCATT-1
2785	1923	0.5625	ACGGTCGCACCCAACG-1_2	TATTGCTGTGCTTACA-1
2786	190	0.5625	ACGGTCGGTTAAGAAC-1_2	ACAATCGTCTTCACTA-1
2787	473	0.75	ACGTAACAGCCAGACA-1_2	ATAGTCGTCAATTCCT-1
2787	272	0.9375	ACGTAACAGCCAGACA-1_2	ACGTTAGCACAGCTTA-1
2787	247	0.5	ACGTAACAGCCAGACA-1_2	ACCGCAGTCCAAGAGG-1
2788	1620	1	ACGTAACGTATCATGC-1_2	GTACTTTTCGTGCTGG-1
2788	1443	0.625	ACGTAACGTATCATGC-1_2	GCTCAGGGTGCATTGT-1
2788	1387	0.1875	ACGTAACGTATCATGC-1_2	GCGATCGTCTATCCTA-1
2789	283	0.875	ACGTACAAGCAAATGT-1_2	ACTAACGGTTCCGCGA-1
2789	955	0.4375	ACGTACAAGCAAATGT-1_2	CTAGCGGCAGTGCTCG-1
2789	1597	0.5625	ACGTACAAGCAAATGT-1_2	GGTGTCGCAAGTCCTA-1
2791	2269	0.125	ACGTACATCTTAAGGC-1_2	TTAGCTTTCTGACATG-1
2792	1324	0.375	ACGTAGTAGCGCAATG-1_2	GCATTGACAGCCACGT-1
2793	1591	0.125	ACGTAGTAGGGAACAA-1_2	GGTGAAGGTTTAAGGA-1
2795	1370	0.4375	ACGTCCTCACTCAGAT-1_2	GCGAGAATCAGTACAC-1
2795	823	0.625	ACGTCCTCACTCAGAT-1_2	CCTAAAGTCAGTACAC-1
2796	2350	0.8125	ACGTTCCTCTTCGACC-1_2	TTGCTATAGGCAATTA-1
2796	2346	0.4375	ACGTTCCTCTTCGACC-1_2	TTGCGGGCACGCTAAT-1
2796	2238	0.3125	ACGTTCCTCTTCGACC-1_2	TTACGGAGTGGTAAGC-1
2797	621	0.6875	ACTACGACAAACGTGG-1_2	CACATGATCCGTACGG-1
2797	1712	0.9375	ACTACGACAAACGTGG-1_2	GTGTGATTCTGAACGT-1
2798	1315	0.25	ACTACGACAAGAGTGC-1_2	GCATGATGTTCCCGGA-1
2800	509	0.3125	ACTACGAGTAACAAGT-1_2	ATGCATGCATCCTCGT-1
2801	1734	0.1875	ACTATCTAGCCGGATA-1_2	GTTGGTACACCCTTTG-1
2801	411	0.4375	ACTATCTAGCCGGATA-1_2	AGGACGATCTCTATTG-1
2802	110	0.625	ACTATCTAGCTCGTGC-1_2	AACTTGGAGGCGTCCT-1
2802	2331	0.5625	ACTATCTAGCTCGTGC-1_2	TTGCAGACAATTAGGA-1
2802	311	0.375	ACTATCTAGCTCGTGC-1_2	ACTCGGGTCCGAATTG-1
2803	2127	1	ACTATCTCACCTGATA-1_2	TGCTCACAGTTATGAG-1
2803	1584	1	ACTATCTCACCTGATA-1_2	GGTCATACATAGGCGA-1
2803	2007	1	ACTATCTCACCTGATA-1_2	TCCAGAAAGCTCCGGT-1
2804	1870	0.6875	ACTATCTGTTCTTCAT-1_2	TAGCGGCCATCATGTG-1
2804	1254	0.375	ACTATCTGTTCTTCAT-1_2	GATTAGCCAACTACTG-1
2805	314	1	ACTATCTTCAATCTCT-1_2	ACTGCGGCATTAGCCA-1
2806	1510	0.3125	ACTATCTTCTTGATTC-1_2	GGAGTAGAGTCGCCTG-1
2806	224	0.625	ACTATCTTCTTGATTC-1_2	ACCAAACCATATAGAG-1
2806	975	0.375	ACTATCTTCTTGATTC-1_2	CTCAGAAGTGCACCCA-1
2808	956	0.5	ACTATTCAGCAAGTCG-1_2	CTAGGATAGGACTTTC-1
2808	1010	0.5	ACTATTCAGCAAGTCG-1_2	CTCTCGAGTGTCTACA-1
2808	2236	0.375	ACTATTCAGCAAGTCG-1_2	TTACGGAAGTGATAAC-1
2809	2007	1	ACTATTCCAGGAGACT-1_2	TCCAGAAAGCTCCGGT-1
2809	596	0.75	ACTATTCCAGGAGACT-1_2	CAAGAAATCATGTTCT-1
2810	44	0.5	ACTATTCGTACAGCGA-1_2	AAATGCCTCCAACGCG-1
2810	478	0.125	ACTATTCGTACAGCGA-1_2	ATATTCCGTTCACGTA-1
2811	794	0.25	ACTCCCAAGCACTTTG-1_2	CCCTAGTGTCTGGTTA-1
2815	57	1	ACTCCCAGTGCCCGTA-1_2	AACATCGAGAATGCTA-1
2816	1586	0.875	ACTCCCATCTTCCCAG-1_2	GGTCATATCCATATCT-1
2816	362	0.6875	ACTCCCATCTTCCCAG-1_2	AGCCTCTCATTGAACC-1
2816	64	0.3125	ACTCCCATCTTCCCAG-1_2	AACCAACCACAGAAGC-1
2817	813	0.5625	ACTCTCGAGTAGGCCA-1_2	CCGTACTCACTGCTCT-1
2817	145	0.3125	ACTCTCGAGTAGGCCA-1_2	AATGGAACAAGCGTCC-1
2817	173	0.125	ACTCTCGAGTAGGCCA-1_2	ACAAAGAGTCAGACGA-1
2817	760	0.0625	ACTCTCGAGTAGGCCA-1_2	CCAGATATCGCCTTAC-1
2817	1961	0.25	ACTCTCGAGTAGGCCA-1_2	TCACAGAGTTTAGAAG-1
2818	2383	0.5	ACTCTCGTCATCGACA-1_2	TTTGAGGCATGGTATC-1
2818	1439	0.5625	ACTCTCGTCATCGACA-1_2	GCTCACTTCGGAGTTT-1
2819	1085	0.8125	ACTGATGAGCCATGCC-1_2	CTTGTCGCACATCATG-1
2821	2006	0.25	ACTGATGTCCATACAG-1_2	TCCAGAAAGATATGTG-1
2822	2109	0.875	ACTGCAAAGCTTGTGT-1_2	TGCATTTTCACTGGTA-1
2822	1948	0.5625	ACTGCAAAGCTTGTGT-1_2	TCAATTCGTGACCAGA-1
2823	627	0.6875	ACTGCAATCCGTGTCT-1_2	CACCACTGTAGCCATT-1
2823	720	0.375	ACTGCAATCCGTGTCT-1_2	CATGCCTCACTCCACT-1
2823	607	0.25	ACTGCAATCCGTGTCT-1_2	CAATCCCGTTTCGACA-1
2823	1156	0.5	ACTGCAATCCGTGTCT-1_2	GACCAATTCGTCTTAT-1
2824	2378	0.125	ACTGCAATCGTTCGCT-1_2	TTGTTGTTCGCGTGAC-1
2824	1745	0.75	ACTGCAATCGTTCGCT-1_2	TAACAGCAGTCGTGAG-1
2825	2075	0.375	ACTGTCCTCATGACAC-1_2	TGAGCCGTCTGCGTCT-1
2825	2004	0.5	ACTGTCCTCATGACAC-1_2	TCAGTTTTCCCGGGTA-1
2825	1678	0.4375	ACTGTCCTCATGACAC-1_2	GTGCCAGGTCAGGTGA-1
2825	277	0.6875	ACTGTCCTCATGACAC-1_2	ACGTTAGTCCTAAAGC-1
2826	2063	0.6875	ACTGTCCTCTGTCCCA-1_2	TGACAACCACTCGGAC-1
2826	1474	0.4375	ACTGTCCTCTGTCCCA-1_2	GCTTTCGAGGTCTTTG-1
2827	1754	0.5	ACTGTGATCGAAACAA-1_2	TAACTTCGTACTAGAA-1
2827	1287	0.375	ACTGTGATCGAAACAA-1_2	GCACGGTAGTGTCGCC-1
2828	2127	1	ACTTAGGCACTTGTCC-1_2	TGCTCACAGTTATGAG-1
2828	1528	1	ACTTAGGCACTTGTCC-1_2	GGATGAGCATGCGACC-1
2829	37	0.75	ACTTAGGGTCCCGTGA-1_2	AAATGAGAGACTAGCG-1
2830	2389	0.375	ACTTAGGGTTGCGGAA-1_2	TTTGGCCAGCAATGTA-1
2830	1375	0.625	ACTTAGGGTTGCGGAA-1_2	GCGAGTCAGTTTACGC-1
2831	1442	0.1875	ACTTAGGTCCCGTGAG-1_2	GCTCAGGGTCGCGCTA-1
2832	1931	0.375	ACTTATCAGGATGAGA-1_2	TCAAGCAAGGTCGGTA-1
2832	1215	0.1875	ACTTATCAGGATGAGA-1_2	GAGGCTCGTGAGGGTT-1
2832	2278	0.1875	ACTTATCAGGATGAGA-1_2	TTCAACTCACGAACGA-1
2832	1921	0.5	ACTTATCAGGATGAGA-1_2	TATGTTCTCGACTATG-1
2833	453	1	ACTTATCTCAATCAGC-1_2	AGTTACGAGGAATGGA-1
2833	2134	1	ACTTATCTCAATCAGC-1_2	TGCTTCGAGGGATCCA-1
2834	1154	0.625	ACTTCCGCAAATACGA-1_2	GACCAATTCGATCTTT-1
2834	722	0.6875	ACTTCCGCAAATACGA-1_2	CATGCCTGTATTTGCG-1
2834	2355	0.75	ACTTCCGCAAATACGA-1_2	TTGCTTAGTACCAAGG-1
2835	1818	0.4375	ACTTCCGGTGAGTTTC-1_2	TACGGATAGTTGAATG-1
2836	717	0.25	ACTTCCGTCTCCCAAC-1_2	CATGCCTAGTGAGCTG-1
2837	2142	0.1875	ACTTCGCAGGGAGAAT-1_2	TGCTTTAGTGGACTGA-1
2839	2100	0.1875	ACTTCGCGTAGTGATA-1_2	TGATTTCGTTGGACGA-1
2840	610	0.6875	ACTTCGCTCGGTGCAC-1_2	CACAACATCATCGCTC-1
2841	1535	0.375	ACTTTCAAGCCAGAGT-1_2	GGCGAAAAGAACCCGA-1
2841	612	0.375	ACTTTCAAGCCAGAGT-1_2	CACAGATGTAACGTAA-1
2842	1379	0.4375	ACTTTCAAGGCTTAAA-1_2	GCGAGTCTCCGTGCAG-1
2843	2140	0.4375	ACTTTCAAGTAATCCC-1_2	TGCTTTAGTCAGACGA-1
2843	1538	0.375	ACTTTCAAGTAATCCC-1_2	GGCGAAAGTGTGTGTT-1
2843	1782	0.625	ACTTTCAAGTAATCCC-1_2	TACATGGCATCTGCAA-1
2843	1607	0.6875	ACTTTCAAGTAATCCC-1_2	GGTTGCGCATTATGGC-1
2844	1724	0.8125	ACTTTCACAGAGTTGG-1_2	GTTATTCTCCAAGAGG-1
2844	223	1	ACTTTCACAGAGTTGG-1_2	ACCAAACCAACGTACT-1
2845	1382	0.5	ACTTTCACATCTTCGC-1_2	GCGATCGAGAGGAATG-1
2845	1803	0.625	ACTTTCACATCTTCGC-1_2	TACCTCGTCCGTCAAA-1
2845	1060	0.4375	ACTTTCACATCTTCGC-1_2	CTTCTAACATGTGAGG-1
2845	2108	0.4375	ACTTTCACATCTTCGC-1_2	TGCATTTAGCGTTAGG-1
2845	1747	0.3125	ACTTTCACATCTTCGC-1_2	TAACAGCCAGTTCGGC-1
2846	552	0.4375	ACTTTCACATTCTGTT-1_2	ATTGTCTCACGCTCAG-1
2846	1587	0.125	ACTTTCACATTCTGTT-1_2	GGTGAAGAGCGCATTT-1
2846	92	0.125	ACTTTCACATTCTGTT-1_2	AACGGGAAGGACTTTC-1
2846	1655	0.25	ACTTTCACATTCTGTT-1_2	GTCGTAAGTATGTTCG-1
2847	2399	0.5	ACTTTCAGTATTCCTT-1_2	TTTGTGTGTTTAGACC-1
2848	1390	0.375	ACTTTCAGTCCTCAGG-1_2	GCGATTACACACACAT-1
2848	2002	0.3125	ACTTTCAGTCCTCAGG-1_2	TCAGTTTCATAGCAGG-1
2849	411	0.4375	ACTTTCATCGCGTTTC-1_2	AGGACGATCTCTATTG-1
2849	212	0.3125	ACTTTCATCGCGTTTC-1_2	ACAGGCCTCTGATCCC-1
2850	582	0.75	ACTTTGTAGCATGAAT-1_2	CAACGGCTCGGAGTTT-1
2851	2263	0.625	ACTTTGTAGGGTAATT-1_2	TTAGCTTAGTTCTCCC-1
2851	1492	0.625	ACTTTGTAGGGTAATT-1_2	GGAATCTGTGATAGAT-1
2851	1889	0.625	ACTTTGTAGGGTAATT-1_2	TAGGTGTCATTGTTCT-1
2852	20	0.375	ACTTTGTGTGTTTCTT-1_2	AAAGATGCAGATGGCA-1
2852	2078	0.5	ACTTTGTGTGTTTCTT-1_2	TGAGTCAAGCTGCTCG-1
2853	1349	1	AGAAATGGTCTAGGTT-1_2	GCCCAGACACTCCCAT-1
2853	1843	0.25	AGAAATGGTCTAGGTT-1_2	TAGCACAAGTGTTCCA-1
2854	2314	0.25	AGAAATGGTGTAGTGG-1_2	TTGACGACATAGCCAT-1
2855	2340	0.75	AGAAATGTCTCGCCTA-1_2	TTGCCCACAATGGTAA-1
2855	331	0.75	AGAAATGTCTCGCCTA-1_2	AGATAGAGTCCCGTGA-1
2857	1388	0.3125	AGAACAAGTCGGTAAG-1_2	GCGATTAAGACAGCTG-1
2857	1482	0.125	AGAACAAGTCGGTAAG-1_2	GGAACCCTCCCGTAGG-1
2859	2348	0.25	AGAACCTGTACGAGTG-1_2	TTGCGGGTCGACCCGA-1
2859	379	0.5	AGAACCTGTACGAGTG-1_2	AGCGATTGTCGCGCTA-1
2860	317	1	AGAAGCGAGGTAGACC-1_2	ACTGTCCAGTCACGCC-1
2860	2089	0.125	AGAAGCGAGGTAGACC-1_2	TGATCAGTCTACCCGT-1
2860	1104	0.4375	AGAAGCGAGGTAGACC-1_2	GAAATGAAGCTGCTCG-1
2860	1834	0.6875	AGAAGCGAGGTAGACC-1_2	TACTGCCTCAATGCAC-1
2860	566	0.3125	AGAAGCGAGGTAGACC-1_2	CAAAGCTCACCGTCTT-1
2862	844	0.75	AGAAGCGCACCGGAAA-1_2	CCTTGCAAGGTGATGC-1
2863	377	0.4375	AGAAGCGGTCTGTGGC-1_2	AGCGATTCACTCCTCA-1
2864	886	1	AGAAGTACATCACGGC-1_2	CGCTATCAGGAGACTC-1
2864	1138	0.25	AGAAGTACATCACGGC-1_2	GAAGTCTCAGGTGGTA-1
2865	642	0.75	AGAAGTAGTGCTGCAC-1_2	CACCTTGGTACTAGAA-1
2866	618	0.8125	AGAAGTATCACTACTT-1_2	CACATGAAGAGCGAAA-1
2866	706	0.125	AGAAGTATCACTACTT-1_2	CAGTGTAAGTAGTGTA-1
2867	2315	0.625	AGACAAACAGAAGTTA-1_2	TTGACGAGTCAGAAAT-1
2867	1052	0.25	AGACAAACAGAAGTTA-1_2	CTTCCAGAGATTAGAC-1
2867	434	0.625	AGACAAACAGAAGTTA-1_2	AGTCCGGCATAGATAG-1
2868	468	0.125	AGACACTCATGAAAGT-1_2	ATAGGCTCACACTAGT-1
2868	2263	0.5625	AGACACTCATGAAAGT-1_2	TTAGCTTAGTTCTCCC-1
2868	991	0.1875	AGACACTCATGAAAGT-1_2	CTCTACGAGTGCTAGG-1
2868	1797	0	AGACACTCATGAAAGT-1_2	TACCTATTCTTCGTTA-1
2870	349	1	AGACAGGGTATGAGAT-1_2	AGCCCGAGTATTCTGG-1
2870	1177	0.25	AGACAGGGTATGAGAT-1_2	GACTAACTCGCACCGA-1
2870	2341	0.625	AGACAGGGTATGAGAT-1_2	TTGCCCACATCAACTG-1
2870	87	0.375	AGACAGGGTATGAGAT-1_2	AACGAGGAGAGGCCTA-1
2872	2035	0.4375	AGACCATTCAACGTGT-1_2	TCGCAGGCACACATGT-1
2873	1792	0.625	AGACCATTCGATGCTA-1_2	TACCCTGGTTTGCCAA-1
2873	22	0.625	AGACCATTCGATGCTA-1_2	AAAGATGGTGAAACAT-1
2874	318	0.75	AGACCCGTCCTCACCA-1_2	ACTGTCCCAGGCATCC-1
2875	1828	0.625	AGACTCACACCTCGTT-1_2	TACTCGCAGTCTTAGC-1
2875	710	0.25	AGACTCACACCTCGTT-1_2	CATAACGAGTCCGATT-1
2878	691	0.125	AGAGAATGTACAATAG-1_2	CAGGGCTTCCTCCATG-1
2879	1647	0.5	AGAGAATGTCACCTTC-1_2	GTCACTCCAGTGCGAA-1
2879	1455	0.5	AGAGAATGTCACCTTC-1_2	GCTCGAGGTTCGGGAA-1
2879	2056	0.25	AGAGAATGTCACCTTC-1_2	TCTATTGCACATATCG-1
2879	936	0.1875	AGAGAATGTCACCTTC-1_2	CTAACTTTCCAATAGC-1
2882	1389	0.6875	AGAGAGCGTAAGTTGA-1_2	GCGATTACAAGTCTGT-1
2883	469	0.1875	AGAGCAGAGCACGGAT-1_2	ATAGGCTGTAGATTAG-1
2884	1718	0.6875	AGAGCAGAGCAGGCTA-1_2	GTTACTTGTAGACACG-1
2884	1362	0.4375	AGAGCAGAGCAGGCTA-1_2	GCCTAGGAGATATGTG-1
2886	1707	0.625	AGAGCCCAGGCAGGGA-1_2	GTGTGATAGATGTTGA-1
2888	861	0.1875	AGATAGAAGACACACG-1_2	CGATGATAGTCCGGAA-1
2889	1715	1	AGATAGACATCCGAGC-1_2	GTTACGATCTTTATCG-1
2889	902	1	AGATAGACATCCGAGC-1_2	CGGACTGGTCAGGTGA-1
2889	444	0.6875	AGATAGACATCCGAGC-1_2	AGTGCGCAGTTCGACT-1
2889	708	0.6875	AGATAGACATCCGAGC-1_2	CAGTGTAGTGAATGTA-1
2890	2025	0.625	AGATAGAGTCCGACGT-1_2	TCGAGCGAGCCGCAAA-1
2891	1574	0.6875	AGATAGAGTCCTTTGC-1_2	GGGTTATTCGGCTATA-1
2893	715	0.25	AGATAGAGTTACTCAG-1_2	CATGCCTAGAGCGGTT-1
2894	1266	0.875	AGATAGATCCATTTCA-1_2	GCAAAGGTCAGTCTTT-1
2894	2232	0.8125	AGATAGATCCATTTCA-1_2	TTACCGCGTTGGCGAA-1
2895	1254	0.375	AGATAGATCGTCCATC-1_2	GATTAGCCAACTACTG-1
2895	664	0.4375	AGATAGATCGTCCATC-1_2	CACTGAATCTACCCGT-1
2896	2315	0.1875	AGATAGATCTGATGGT-1_2	TTGACGAGTCAGAAAT-1
2898	834	0.375	AGATCCACACATTACG-1_2	CCTGGGAGTCCTATTT-1
2898	1068	0.1875	AGATCCACACATTACG-1_2	CTTGCCAAGATATGAC-1
2900	2258	0.1875	AGATCGTCACGGGTAA-1_2	TTAGCGACACACACAT-1
2903	2268	0.6875	AGATGAATCGAGAAAT-1_2	TTAGCTTTCCATGACA-1
2903	927	0.75	AGATGAATCGAGAAAT-1_2	CGTTCCACAGATACAA-1
2904	2165	0.8125	AGCATCAAGTGACACG-1_2	TGGCGCAGTAACTGAA-1
2905	401	0.5625	AGCATCACAGATACCT-1_2	AGCTGTAAGGTTAACA-1
2906	2268	0.5	AGCATCAGTGTTCCAA-1_2	TTAGCTTTCCATGACA-1
2906	660	0.75	AGCATCAGTGTTCCAA-1_2	CACTGAAGTAGGGTCA-1
2906	1501	0.0625	AGCATCAGTGTTCCAA-1_2	GGAGAACCATGGGTGA-1
2907	1332	0.375	AGCATCATCCCGAAAT-1_2	GCCAGACGTAGTTTGC-1
2908	1557	1	AGCCAATTCATGACAC-1_2	GGGCCATCAAGGCTTT-1
2909	2133	1	AGCCACGTCTGGACCG-1_2	TGCTCGTTCACGGGTC-1
2909	7	0.875	AGCCACGTCTGGACCG-1_2	AAACGAATCTGACTTT-1
2910	1195	0.4375	AGCCAGCCAAAGGAGA-1_2	GAGATTCGTCCCGAGT-1
2911	2300	0.375	AGCCAGCCACCGTGCA-1_2	TTCGTTACAGGCATTT-1
2913	574	1	AGCCAGCTCGCCATAA-1_2	CAACCAACATCACAGT-1
2913	1919	0.75	AGCCAGCTCGCCATAA-1_2	TATGTTCAGATGAGGA-1
2914	1900	0.375	AGCGATTAGACCAGCA-1_2	TATCGAGGTTAGGCTT-1
2914	597	0.4375	AGCGATTAGACCAGCA-1_2	CAAGAAATCTATGAGC-1
2914	1820	0	AGCGATTAGACCAGCA-1_2	TACGGATGTCCACCAG-1
2915	2287	1	AGCGATTAGAGCCCAA-1_2	TTCATTGCAAATTGAG-1
2915	2104	0.9375	AGCGATTAGAGCCCAA-1_2	TGCACCTAGATGGGTC-1
2916	1494	0.5625	AGCGATTGTCGCAGTC-1_2	GGACACCAGGTTTCTG-1
2916	29	0.4375	AGCGATTGTCGCAGTC-1_2	AAAGGGCAGACAGTGC-1
2916	2012	0.625	AGCGATTGTCGCAGTC-1_2	TCCATCGAGTCCGTGC-1
2917	1676	0.625	AGCGATTGTTTACCTT-1_2	GTGCACGTCTTGGCCT-1
2918	2228	1	AGCGATTTCCAGCAAT-1_2	TTACCCGCATAGACGG-1
2918	637	1	AGCGATTTCCAGCAAT-1_2	CACCTGTTCTACATCT-1
2919	1271	0.4375	AGCGATTTCGACGTCG-1_2	GCAACCGCAGAACTTC-1
2920	1465	0.75	AGCGATTTCTGAGTCA-1_2	GCTGTTCAGCTTACCA-1
2920	2047	0.6875	AGCGATTTCTGAGTCA-1_2	TCGTTCGAGGGCGAAG-1
2921	248	0.5625	AGCGATTTCTTACCAT-1_2	ACCGCAGTCTATCTCA-1
2923	1974	0.4375	AGCGCTGTCATCTACT-1_2	TCACTCGCAGCGTACC-1
2924	143	0.375	AGCGTATAGCTGTTCA-1_2	AATGCCACATATTGGC-1
2924	792	0	AGCGTATAGCTGTTCA-1_2	CCCTAGTAGTTCGACT-1
2924	336	0.3125	AGCGTATAGCTGTTCA-1_2	AGATTCGAGTCGACCC-1
2925	1348	1	AGCGTATAGGACTATA-1_2	GCCCAGAAGTAGCAAT-1
2925	1024	1	AGCGTATAGGACTATA-1_2	CTGGCAGCATCCGTAA-1
2925	2159	1	AGCGTATAGGACTATA-1_2	TGGCAATTCGCCTTAC-1
2926	1821	0.8125	AGCGTATAGGTTCTAC-1_2	TACGGATGTCTCTGCT-1
2927	1137	0.5625	AGCGTATGTATGGGAC-1_2	GAAGAGCTCCCATAGA-1
2927	1452	0.375	AGCGTATGTATGGGAC-1_2	GCTCGAGAGTTGCTTG-1
2928	683	0.3125	AGCGTATGTGGACCTC-1_2	CAGCTGGTCTAAACGC-1
2929	1152	0.8125	AGCGTATGTTGTTTGG-1_2	GACCAATGTCACATTG-1
2929	2298	0.4375	AGCGTATGTTGTTTGG-1_2	TTCGTTACAAAGACGC-1
2929	2369	1	AGCGTATGTTGTTTGG-1_2	TTGTTCACATTGTGAC-1
2929	2095	0.75	AGCGTATGTTGTTTGG-1_2	TGATGCATCCAGCACG-1
2930	298	1	AGCGTATTCACACCCT-1_2	ACTACGACAGATTAAG-1
2930	1412	1	AGCGTATTCACACCCT-1_2	GCGGAAAGTACTTCGA-1
2931	719	1	AGCGTATTCCCAAGCG-1_2	CATGCCTCACGATTAC-1
2931	1695	1	AGCGTATTCCCAAGCG-1_2	GTGGCGTCATTGTTCT-1
2931	96	1	AGCGTATTCCCAAGCG-1_2	AACGGGAGTTCAGTTG-1
2931	1054	1	AGCGTATTCCCAAGCG-1_2	CTTCCAGAGTCCTTCC-1
2932	2169	0.625	AGCGTATTCCTCTCTT-1_2	TGGCGCATCACGTGTA-1
2933	123	0.5	AGCTACACAGCACAGA-1_2	AAGATAGGTGTCGGTC-1
2933	1898	0.1875	AGCTACACAGCACAGA-1_2	TAGTCCCTCTGGAAGG-1
2933	1981	0.625	AGCTACACAGCACAGA-1_2	TCAGCTCTCCCAGCAG-1
2935	1975	0.375	AGCTACAGTTCTCAGA-1_2	TCACTCGCATGATTGC-1
2935	355	0.125	AGCTACAGTTCTCAGA-1_2	AGCCGCAAGAATGCTA-1
2937	1876	0.25	AGCTACATCGATCCAA-1_2	TAGCTTTTCTCAGATG-1
2938	1125	0.875	AGCTACATCGCCAGTG-1_2	GAACGTTCACAGTTCA-1
2938	1289	0.5	AGCTACATCGCCAGTG-1_2	GCACGGTGTAATGTGA-1
2939	2334	0.6875	AGCTACATCGGATACT-1_2	TTGCAGATCCTAGAGT-1
2939	281	0.5	AGCTACATCGGATACT-1_2	ACTAACGGTCTAAAGA-1
2939	1219	0.75	AGCTACATCGGATACT-1_2	GAGGTCCCATGTGGGA-1
2940	996	0.875	AGCTACATCTAGTACG-1_2	CTCTACGTCGCCACTT-1
2942	442	0.625	AGCTTCCCACTCCTGT-1_2	AGTGCCGTCCTCAAGA-1
2942	1006	0.6875	AGCTTCCCACTCCTGT-1_2	CTCTCAGCATTGTGAC-1
2942	801	0.4375	AGCTTCCCACTCCTGT-1_2	CCCTCTCGTTCTTATC-1
2942	99	0.25	AGCTTCCCACTCCTGT-1_2	AACGTACTCCCAGTAA-1
2943	1146	0.3125	AGGAAATCAATGTTGC-1_2	GAATCTGTCCTTTGAT-1
2944	576	0.1875	AGGAAATGTAGACGTG-1_2	CAACCAATCCGATGCG-1
2944	2199	0.125	AGGAAATGTAGACGTG-1_2	TGTAGCACACCATTCC-1
2944	1743	0.1875	AGGAAATGTAGACGTG-1_2	TAAACCGTCGTGATAC-1
2944	651	0.4375	AGGAAATGTAGACGTG-1_2	CACTAAGAGGAATGGA-1
2945	2364	0.375	AGGAAATGTCATCCCT-1_2	TTGTCTATCTTTGCAT-1
2949	1115	0.5625	AGGAATATCGAGCACC-1_2	GAACCGCGTTTCGACA-1
2949	813	0.5625	AGGAATATCGAGCACC-1_2	CCGTACTCACTGCTCT-1
2950	610	0.875	AGGACGAAGGAAGAAC-1_2	CACAACATCATCGCTC-1
2951	727	0.3125	AGGACGACACGCAAAG-1_2	CATGTTTGTACGGATG-1
2951	480	0.4375	AGGACGACACGCAAAG-1_2	ATCCAGAAGATGGGTC-1
2951	2295	0.25	AGGACGACACGCAAAG-1_2	TTCGCGTCAAGTCCTA-1
2952	2083	0.5	AGGACGATCACTACTT-1_2	TGAGTCATCCCTAAAG-1
2952	1360	0.1875	AGGACGATCACTACTT-1_2	GCCTACTGTTGTATCG-1
2954	1333	0.3125	AGGACTTCAGCTACCG-1_2	GCCAGCAAGATGGCAC-1
2955	2047	0.375	AGGACTTGTAGGATAT-1_2	TCGTTCGAGGGCGAAG-1
2956	1419	0.5	AGGACTTTCGCTGATA-1_2	GCGGGTTTCCAATCCC-1
2956	1148	0.3125	AGGACTTTCGCTGATA-1_2	GACCAATAGGCAGTAC-1
2957	871	0	AGGACTTTCGTGAGAG-1_2	CGCAATAGTATCAGCT-1
2958	639	0.5625	AGGAGGTAGATGGTCG-1_2	CACCTTGAGGCATGCA-1
2961	1302	0.6875	AGGATAACATTCACCC-1_2	GCAGCCACACTCGCAG-1
2961	1311	0.5625	AGGATAACATTCACCC-1_2	GCATGATAGCCCATGC-1
2961	1594	0.5	AGGATAACATTCACCC-1_2	GGTGCTGCACACACCG-1
2962	1698	0.875	AGGATAAGTTACCCTC-1_2	GTGTCAAAGCAACGGT-1
2962	895	0.5	AGGATAAGTTACCCTC-1_2	CGGACCAAGGCACCTC-1
2963	162	0.4375	AGGATCTTCCACGGGT-1_2	AATGTCGCAAGGAAGA-1
2963	1595	0.3125	AGGATCTTCCACGGGT-1_2	GGTGCTGTCTTGCGCT-1
2963	1950	0.4375	AGGATCTTCCACGGGT-1_2	TCACAAGAGACTAGGC-1
2964	280	0.9375	AGGCATTCAACGATCT-1_2	ACTAACGAGCCATCAT-1
2964	268	0.1875	AGGCATTCAACGATCT-1_2	ACGTGGCGTTTAGGAA-1
2965	559	1	AGGCATTCAGCTATTG-1_2	ATTTGTCCAGGTCCTG-1
2966	1591	0.375	AGGCATTCATGCAGGA-1_2	GGTGAAGGTTTAAGGA-1
2966	2391	0.4375	AGGCATTCATGCAGGA-1_2	TTTGGCCCAACTCGAT-1
2967	1155	1	AGGCATTGTATGTCTG-1_2	GACCAATTCGGAAAGC-1
2967	996	0.0625	AGGCATTGTATGTCTG-1_2	CTCTACGTCGCCACTT-1
2969	1214	0.5625	AGGCCACAGAGTCTTC-1_2	GAGGCTCGTAACGGTG-1
2970	712	1	AGGCCACCAAATCGGG-1_2	CATAACGCAGTATACC-1
2970	348	0.6875	AGGCCACCAAATCGGG-1_2	AGCCCGACATGGTAAA-1
2970	949	1	AGGCCACCAAATCGGG-1_2	CTACTTAGTGCTGTGC-1
2970	1883	1	AGGCCACCAAATCGGG-1_2	TAGGTCACACGATATC-1
2972	1842	0.25	AGGCTGCCAGTGAGCA-1_2	TAGCACAAGTCATCTG-1
2972	124	0.5	AGGCTGCCAGTGAGCA-1_2	AAGATAGTCTCGACCT-1
2972	888	0.3125	AGGCTGCCAGTGAGCA-1_2	CGCTATCAGGTTAGTA-1
2974	283	0.375	AGGCTGCTCATTGAGC-1_2	ACTAACGGTTCCGCGA-1
2975	978	0.25	AGGGAGTAGCAACAAT-1_2	CTCAGAATCTCTTCCT-1
2975	1201	0.75	AGGGAGTAGCAACAAT-1_2	GAGCATTGTTGGCTTA-1
2976	1691	0.3125	AGGGAGTAGGAGCTGT-1_2	GTGGCGTAGAGCTGTG-1
2976	658	0.25	AGGGAGTAGGAGCTGT-1_2	CACTGAACACGTTGTA-1
2977	237	0.5625	AGGGAGTAGGTCCTGC-1_2	ACCCAAAGTACGAGAC-1
2978	1023	0.625	AGGGAGTTCGCGTTTC-1_2	CTGGCAGCATAGCCAT-1
2979	2280	0.375	AGGGCCTAGCTACTGT-1_2	TTCATCAAGTCTGTGT-1
2979	207	0.3125	AGGGCCTAGCTACTGT-1_2	ACAGGCCCAAAGACGC-1
2979	1549	0.3125	AGGGCCTAGCTACTGT-1_2	GGCGTTGGTTGTATCG-1
2979	415	0.4375	AGGGCCTAGCTACTGT-1_2	AGGCCTGGTATGGGTG-1
2982	2266	0.5	AGGGCCTCAGGTCCGT-1_2	TTAGCTTCAGGTTATC-1
2983	86	1	AGGGCCTCATCTCGTC-1_2	AACCTTTTCTCCCTTT-1
2983	2287	0.5	AGGGCCTCATCTCGTC-1_2	TTCATTGCAAATTGAG-1
2984	1177	0.5	AGGGCCTGTTCGGCGT-1_2	GACTAACTCGCACCGA-1
2984	617	0.4375	AGGGCCTGTTCGGCGT-1_2	CACATGAAGACCAATA-1
2984	1363	0.375	AGGGCCTGTTCGGCGT-1_2	GCCTAGGAGCAGAAAG-1
2986	1441	1	AGGGCTCCACCATAAC-1_2	GCTCAGGCAGGCAGAT-1
2986	1310	0.0625	AGGGCTCCACCATAAC-1_2	GCAGCTGTCCGCCTAT-1
2986	237	0.25	AGGGCTCCACCATAAC-1_2	ACCCAAAGTACGAGAC-1
2986	562	0.3125	AGGGCTCCACCATAAC-1_2	ATTTGTCGTTGAAGCG-1
2987	1718	0.4375	AGGGTCCGTTGTCAGT-1_2	GTTACTTGTAGACACG-1
2987	1122	0.3125	AGGGTCCGTTGTCAGT-1_2	GAACCTACAACTCGAT-1
2987	317	0.3125	AGGGTCCGTTGTCAGT-1_2	ACTGTCCAGTCACGCC-1
2988	888	0.375	AGGGTCCGTTTCGTGA-1_2	CGCTATCAGGTTAGTA-1
2988	38	0.4375	AGGGTCCGTTTCGTGA-1_2	AAATGAGAGAGTGGAA-1
2989	1487	1	AGGGTGAAGGCGTCCT-1_2	GGAACTTGTCTGCGCA-1
2990	1056	0.5	AGGGTGAGTTCCGGTG-1_2	CTTCCAGGTCATTGCA-1
2990	1414	0.3125	AGGGTGAGTTCCGGTG-1_2	GCGGGTTAGCAGAATT-1
2991	1524	1	AGGGTGAGTTCTAACG-1_2	GGATGAGAGTGAGTTA-1
2992	351	0.5	AGGGTGATCCTCAGAA-1_2	AGCCCGAGTGCATCAT-1
2992	2307	0.25	AGGGTGATCCTCAGAA-1_2	TTCTGTACAAGGAGGG-1
2992	1284	0.25	AGGGTGATCCTCAGAA-1_2	GCACGGTAGAGGAATG-1
2993	485	0.375	AGGGTTTCACGCGCAT-1_2	ATCCCTGCACGCTAAT-1
2993	666	1	AGGGTTTCACGCGCAT-1_2	CAGCCTTGTGGCATAG-1
2993	2370	0.25	AGGGTTTCACGCGCAT-1_2	TTGTTCATCCTGGAAT-1
2994	1989	0.625	AGGGTTTTCCATTCGC-1_2	TCAGGTATCTTCTTCC-1
2994	1463	0.3125	AGGGTTTTCCATTCGC-1_2	GCTGCGAGTTGCAGAG-1
2994	895	0.75	AGGGTTTTCCATTCGC-1_2	CGGACCAAGGCACCTC-1
2995	1752	0.25	AGGTAGGAGAGCATTA-1_2	TAACGGTGTCATCGTA-1
2995	2026	0.375	AGGTAGGAGAGCATTA-1_2	TCGAGCGGTTCTACCC-1
2995	844	0.5625	AGGTAGGAGAGCATTA-1_2	CCTTGCAAGGTGATGC-1
2996	2183	0.75	AGGTCATCATCACAGT-1_2	TGGTCAATCTACATCT-1
2996	911	0.875	AGGTCATCATCACAGT-1_2	CGTAAACTCCATTGTT-1
2999	793	0.625	AGGTCTAGTGGGCTCT-1_2	CCCTAGTCAGCGCGTT-1
3000	1140	0.125	AGGTCTATCGCGAAGA-1_2	GAAGTCTTCTCTGCGT-1
3000	892	0.375	AGGTCTATCGCGAAGA-1_2	CGCTATCCACCTGTGG-1
3001	195	0.25	AGGTGTTAGTTGCATC-1_2	ACAGAAATCATGAACC-1
3002	343	0.375	AGGTTACAGGCAGGGA-1_2	AGCCAGCTCCTTACGC-1
3002	1844	0.4375	AGGTTACAGGCAGGGA-1_2	TAGCACACAGTGCGTC-1
3003	62	0.25	AGGTTACAGGTAGGCT-1_2	AACCAACAGTGAGCAC-1
3004	731	0.625	AGGTTACCACGACGTC-1_2	CATTCATGTGCTTGAT-1
3005	1278	0.5625	AGGTTACGTATGTCCA-1_2	GCACGCAAGGGAAGCG-1
3005	151	0.25	AGGTTACGTATGTCCA-1_2	AATGGAAGTTCCTGTC-1
3005	1832	0.4375	AGGTTACGTATGTCCA-1_2	TACTGCCAGAGGAACA-1
3006	2280	0.125	AGGTTACGTGGCCACT-1_2	TTCATCAAGTCTGTGT-1
3008	2105	0.625	AGGTTACTCGAGAATA-1_2	TGCACCTTCTCTGCGT-1
3008	1499	0.125	AGGTTACTCGAGAATA-1_2	GGACACCTCAACACGT-1
3009	194	0.75	AGGTTACTCTCGAACA-1_2	ACAGAAATCACAACAC-1
3009	1095	0.5625	AGGTTACTCTCGAACA-1_2	CTTTGCGGTTGGGAAC-1
3011	1012	0.0625	AGGTTGTAGTCGCGAA-1_2	CTGAATGAGTACAGAT-1
3012	102	0.4375	AGGTTGTCAAACGAGC-1_2	AACTGGTGTTAGTAGA-1
3012	2039	0.5625	AGGTTGTCAAACGAGC-1_2	TCGCCTACATATTGGC-1
3012	155	0.1875	AGGTTGTCAAACGAGC-1_2	AATGGCTAGTTGGAAT-1
3012	1296	0.5	AGGTTGTCAAACGAGC-1_2	GCAGATTCACTCCTCA-1
3014	2060	0.75	AGGTTGTTCGGAGTAG-1_2	TCTCTGGCAAAGCTGG-1
3016	651	0.375	AGTAACCGTGTATACC-1_2	CACTAAGAGGAATGGA-1
3017	1504	0.5	AGTAACCTCTAGTGAC-1_2	GGAGGATAGTCGAGCA-1
3018	1071	0.6875	AGTACCAAGGGCTTCC-1_2	CTTGCCAGTATCTAGC-1
3018	224	0.75	AGTACCAAGGGCTTCC-1_2	ACCAAACCATATAGAG-1
3018	2376	0.375	AGTACCAAGGGCTTCC-1_2	TTGTTGTTCCAGCACG-1
3018	507	0.4375	AGTACCAAGGGCTTCC-1_2	ATCGAGTTCGCTAGTA-1
3019	336	0.5	AGTACCAGTACTGTTG-1_2	AGATTCGAGTCGACCC-1
3019	1998	0.0625	AGTACCAGTACTGTTG-1_2	TCAGTCCTCCCGTAGG-1
3020	2128	0.3125	AGTACTGAGATGTTAG-1_2	TGCTCACCAATGCCAT-1
3021	402	0.6875	AGTACTGAGCCAGAGT-1_2	AGCTGTAAGTACAGTA-1
3021	1992	0.625	AGTACTGAGCCAGAGT-1_2	TCAGTCCAGGTTTCTG-1
3022	1338	0.6875	AGTACTGCACATAACC-1_2	GCCAGCAGTATTGTGC-1
3023	1150	0.375	AGTACTGGTAACAGGC-1_2	GACCAATCACGCGTTG-1
3023	1490	0.4375	AGTACTGGTAACAGGC-1_2	GGAATCTCATCCGTAA-1
3025	449	1	AGTAGCTCATCCTAAG-1_2	AGTGCGCTCAATTCCT-1
3025	2135	0.625	AGTAGCTCATCCTAAG-1_2	TGCTTCGCAATGTGCT-1
3025	375	0.5625	AGTAGCTCATCCTAAG-1_2	AGCGATTCACATCATG-1
3025	1932	1	AGTAGCTCATCCTAAG-1_2	TCAAGCACAAACCCTA-1
3026	2183	0.8125	AGTAGCTCATTCGGGC-1_2	TGGTCAATCTACATCT-1
3026	534	0.5625	AGTAGCTCATTCGGGC-1_2	ATGTTTCCAGGCAGAT-1
3027	127	0.25	AGTAGCTTCAAGCCAT-1_2	AAGGAGCGTAACTGAA-1
3027	1843	0.4375	AGTAGCTTCAAGCCAT-1_2	TAGCACAAGTGTTCCA-1
3027	1142	0	AGTAGCTTCAAGCCAT-1_2	GAAGTGGAGCCTATAC-1
3028	1406	0.125	AGTAGTCAGGCGCTTC-1_2	GCGCCAATCCTTGACC-1
3030	1514	0	AGTAGTCCATGCGTGC-1_2	GGAGTAGGTTAGGCTT-1
3030	313	0.5	AGTAGTCCATGCGTGC-1_2	ACTGCAATCTATCCTA-1
3031	1112	0.6875	AGTAGTCTCAGCGGAA-1_2	GAACCGCGTATTGTGC-1
3031	790	0.625	AGTAGTCTCAGCGGAA-1_2	CCCTAGTAGACTAGGC-1
3031	533	0.625	AGTAGTCTCAGCGGAA-1_2	ATGTTTCCACCTCGTT-1
3032	1543	0.25	AGTCAACCAACTCATG-1_2	GGCGTTGAGGGTGTTG-1
3032	2194	0.5	AGTCAACCAACTCATG-1_2	TGTACAGTCGCTATTT-1
3032	661	0.3125	AGTCAACCAACTCATG-1_2	CACTGAAGTGTCCAGC-1
3033	1044	1	AGTCAACCATGATAGA-1_2	CTGTTCGGTCCCGTGA-1
3033	117	0.4375	AGTCAACCATGATAGA-1_2	AACTTGGTCTTAAGCG-1
3033	2080	1	AGTCAACCATGATAGA-1_2	TGAGTCACAGCACATT-1
3033	453	1	AGTCAACCATGATAGA-1_2	AGTTACGAGGAATGGA-1
3034	2387	1	AGTCAACGTAACAGTA-1_2	TTTGCGCGTTACTACG-1
3034	157	1	AGTCAACGTAACAGTA-1_2	AATGGCTGTACTAGAA-1
3035	2212	0.5625	AGTCACAAGCATACTC-1_2	TGTTAGGAGAAACGCC-1
3035	1203	0.625	AGTCACAAGCATACTC-1_2	GAGCGCTAGTCGACCC-1
3035	1826	0.3125	AGTCACAAGCATACTC-1_2	TACTAGGCACATGATC-1
3036	1228	0.3125	AGTCATGCAAAGGGTC-1_2	GATCATGCAACAAACA-1
3037	2039	0.375	AGTCATGCAGACTCTA-1_2	TCGCCTACATATTGGC-1
3038	1713	0.8125	AGTCTCCAGGTTCTAC-1_2	GTTACGAAGAGCAGCT-1
3038	352	0.4375	AGTCTCCAGGTTCTAC-1_2	AGCCCGATCTCCAACC-1
3039	244	0.625	AGTCTCCAGTAACCTC-1_2	ACCGAATCACCCTTAC-1
3040	1014	1	AGTCTCCTCGTGTGGC-1_2	CTGAATGCATCGCCTT-1
3040	752	0.6875	AGTCTCCTCGTGTGGC-1_2	CCAGAATCAGCCACGT-1
3040	476	0.5625	AGTCTCCTCGTGTGGC-1_2	ATATTCCAGAGGAACA-1
3041	1362	0.5	AGTGACTAGGAGTACC-1_2	GCCTAGGAGATATGTG-1
3042	60	0.5	AGTGACTAGTTCACTG-1_2	AACATCGGTCATGAGG-1
3042	466	0.3125	AGTGACTAGTTCACTG-1_2	ATAGGCTAGAAGCCTG-1
3043	797	0.5	AGTGACTCACTTGGCG-1_2	CCCTCTCAGAGTTTGA-1
3043	2335	0.3125	AGTGACTCACTTGGCG-1_2	TTGCAGATCGCATAAC-1
3044	1903	1	AGTGACTGTAAGGCCA-1_2	TATCGAGTCGCTTCAC-1
3045	892	0.75	AGTGATCAGGCTTTCA-1_2	CGCTATCCACCTGTGG-1
3047	608	0.375	AGTGATCCATTGCTGA-1_2	CACAACACAAGGACCA-1
3048	1211	0.875	AGTGATCGTACCAGAG-1_2	GAGGATGGTCAAGACG-1
3048	1401	0.875	AGTGATCGTACCAGAG-1_2	GCGCATGGTTCAGAAA-1
3050	205	0.25	AGTGCCGAGGACAGCT-1_2	ACAGCGCAGTGAATAC-1
3050	1657	0.8125	AGTGCCGAGGACAGCT-1_2	GTCGTAATCCGCCTAT-1
3051	2299	0.4375	AGTGCCGCAAGACCGA-1_2	TTCGTTACAAATAGTG-1
3051	1409	0.25	AGTGCCGCAAGACCGA-1_2	GCGGAAAAGTTTGGAA-1
3051	2200	0.5	AGTGCCGCAAGACCGA-1_2	TGTAGCAGTCCCGTGA-1
3052	377	0.3125	AGTGCCGTCCCGTTCA-1_2	AGCGATTCACTCCTCA-1
3053	1324	0.4375	AGTGTTGAGGGTCTTT-1_2	GCATTGACAGCCACGT-1
3053	1986	0.375	AGTGTTGAGGGTCTTT-1_2	TCAGGTAGTGATAGAT-1
3053	2395	0.25	AGTGTTGAGGGTCTTT-1_2	TTTGGTTAGACTCTTG-1
3054	497	0.125	AGTGTTGCATATCGGT-1_2	ATCCTGCAGATTCCGT-1
3055	277	0.375	AGTGTTGGTCATGCAT-1_2	ACGTTAGTCCTAAAGC-1
3055	1565	0.3125	AGTGTTGGTCATGCAT-1_2	GGGTCTGGTTACCCAA-1
3056	274	0.25	AGTTAGCAGCAAGCCA-1_2	ACGTTAGGTGGTAAGC-1
3056	1149	0.5	AGTTAGCAGCAAGCCA-1_2	GACCAATCACACACAT-1
3059	686	0.625	AGTTAGCGTCAGCGTC-1_2	CAGGATTCAACTAGAA-1
3059	108	0.1875	AGTTAGCGTCAGCGTC-1_2	AACTGTGTCTATCTTG-1
3061	2378	0.0625	AGTTCCCAGTCGTCTA-1_2	TTGTTGTTCGCGTGAC-1
3062	1938	0.1875	AGTTCCCCACTCCGAG-1_2	TCAAGCATCGAGGCTC-1
3062	799	0.9375	AGTTCCCCACTCCGAG-1_2	CCCTCTCCAGCAACAG-1
3064	1036	0.3125	AGTTCGACAGTGCGCT-1_2	CTGGGACTCTGAAAGA-1
3065	2330	0.5	AGTTCGATCACCTTGC-1_2	TTGCAGAAGGAAGGTA-1
3065	53	0.75	AGTTCGATCACCTTGC-1_2	AACAGTCGTAAACCCT-1
3066	2109	0.6875	ATACCGATCACTGCTC-1_2	TGCATTTTCACTGGTA-1
3067	318	0.6875	ATACCTTTCTTAGCCC-1_2	ACTGTCCCAGGCATCC-1
3067	1629	0.375	ATACCTTTCTTAGCCC-1_2	GTAGTACGTATTGTCG-1
3070	670	1	ATACTTCTCGCCGAGT-1_2	CAGCTAAAGACGCCCT-1
3073	619	0.875	ATAGAGAAGTCGTTAC-1_2	CACATGAGTCATTGGT-1
3073	1135	0.75	ATAGAGAAGTCGTTAC-1_2	GAACTTGTCGCAGATT-1
3075	1554	1	ATAGAGAGTGCGTTTA-1_2	GGGAACAGTCAGCAAG-1
3075	439	1	ATAGAGAGTGCGTTTA-1_2	AGTCCGGTCTGAGTCA-1
3075	637	1	ATAGAGAGTGCGTTTA-1_2	CACCTGTTCTACATCT-1
3077	2167	0.25	ATAGGCTCACAGCTGC-1_2	TGGCGCAGTGGCATAG-1
3077	2265	0.375	ATAGGCTCACAGCTGC-1_2	TTAGCTTCAGACCTGC-1
3077	2059	0.3125	ATAGGCTCACAGCTGC-1_2	TCTCAGCTCGGATCGC-1
3078	948	1	ATAGGCTCACTCCACT-1_2	CTACTTAGTGAGGGTT-1
3078	310	1	ATAGGCTCACTCCACT-1_2	ACTCGGGTCCAGGGAA-1
3080	681	0.9375	ATAGGCTGTGAACGGT-1_2	CAGCTGGTCCTATCCG-1
3080	1637	0.6875	ATAGGCTGTGAACGGT-1_2	GTCACCTCATGCCTTC-1
3082	1747	0.6875	ATATCCTGTCCAGCGT-1_2	TAACAGCCAGTTCGGC-1
3082	1819	0.4375	ATATCCTGTCCAGCGT-1_2	TACGGATGTAACGTAA-1
3082	1855	0.125	ATATCCTGTCCAGCGT-1_2	TAGCATGCACGGCCAT-1
3083	950	0.6875	ATATCCTTCTGAACGT-1_2	CTACTTAGTGGGTAGT-1
3083	801	0.3125	ATATCCTTCTGAACGT-1_2	CCCTCTCGTTCTTATC-1
3083	2177	0.1875	ATATCCTTCTGAACGT-1_2	TGGGTTACAATGGCAG-1
3084	114	0.875	ATCACAGGTCTTGCGG-1_2	AACTTGGGTCGTAATC-1
3084	1685	0.375	ATCACAGGTCTTGCGG-1_2	GTGCTGGAGGTTGACG-1
3085	2000	0.375	ATCACAGTCTTCGACC-1_2	TCAGTTTAGGAGTAGA-1
3085	1154	0.4375	ATCACAGTCTTCGACC-1_2	GACCAATTCGATCTTT-1
3086	574	0.8125	ATCACGACAAACACGG-1_2	CAACCAACATCACAGT-1
3086	1919	0.5625	ATCACGACAAACACGG-1_2	TATGTTCAGATGAGGA-1
3087	2355	0.25	ATCACTTAGCACCGTC-1_2	TTGCTTAGTACCAAGG-1
3087	1271	0.6875	ATCACTTAGCACCGTC-1_2	GCAACCGCAGAACTTC-1
3088	1228	0.4375	ATCACTTAGGCGTCCT-1_2	GATCATGCAACAAACA-1
3088	2395	0.5	ATCACTTAGGCGTCCT-1_2	TTTGGTTAGACTCTTG-1
3088	136	0.375	ATCACTTAGGCGTCCT-1_2	AAGGTTCTCTCGCGGA-1
3091	1859	0.5625	ATCACTTCAGCGGTTC-1_2	TAGCATGTCGCGTGAC-1
3091	1647	0.125	ATCACTTCAGCGGTTC-1_2	GTCACTCCAGTGCGAA-1
3092	250	0.6875	ATCACTTTCTATCCAT-1_2	ACCGGGTCATGTGGGA-1
3093	2133	0.4375	ATCAGGTCAGGTCCCA-1_2	TGCTCGTTCACGGGTC-1
3094	176	0.125	ATCAGGTGTCGCTGCA-1_2	ACAAAGAGTTTGTGAC-1
3094	1335	0.375	ATCAGGTGTCGCTGCA-1_2	GCCAGCAAGGCAAGCT-1
3094	1958	0.1875	ATCAGGTGTCGCTGCA-1_2	TCACAGAGTCAACTAC-1
3094	1435	0	ATCAGGTGTCGCTGCA-1_2	GCGTTGGTCCAGGTCG-1
3095	1030	0.5625	ATCAGGTGTCGGAAAC-1_2	CTGGCAGTCCCAATGA-1
3095	2089	0.75	ATCAGGTGTCGGAAAC-1_2	TGATCAGTCTACCCGT-1
3095	570	0.6875	ATCAGGTGTCGGAAAC-1_2	CAAAGCTTCCAATAGC-1
3096	708	0.625	ATCAGGTGTCTCCTGT-1_2	CAGTGTAGTGAATGTA-1
3096	2285	0.625	ATCAGGTGTCTCCTGT-1_2	TTCATTGAGAACTAAC-1
3097	1329	0.75	ATCAGGTGTCTTGAAC-1_2	GCCAGACCAAATAGTG-1
3098	1345	0.3125	ATCATTCCACCGGTCA-1_2	GCCATAAGTCTTAGCA-1
3098	2166	0.5625	ATCATTCCACCGGTCA-1_2	TGGCGCAGTAGGGTTG-1
3099	26	0.3125	ATCATTCTCTAACACG-1_2	AAAGGATCATACCCGG-1
3099	2017	0.5	ATCATTCTCTAACACG-1_2	TCCATCGGTTGGTAAA-1
3099	1384	0.3125	ATCATTCTCTAACACG-1_2	GCGATCGGTGTTGTTG-1
3101	2060	0.6875	ATCCACCCAACCCTAA-1_2	TCTCTGGCAAAGCTGG-1
3101	523	0.3125	ATCCACCCAACCCTAA-1_2	ATGTACGTCTCCTTGG-1
3103	420	1	ATCCATTAGAATCGAT-1_2	AGGCGAACAACGGACA-1
3104	2124	1	ATCCATTGTCCAAATC-1_2	TGCGTAATCGTATAGC-1
3104	496	0.375	ATCCATTGTCCAAATC-1_2	ATCCTCGTCTTCACTA-1
3104	2114	0.5625	ATCCATTGTCCAAATC-1_2	TGCCTGTAGGGTTCTT-1
3105	1631	0.3125	ATCCCTGAGATGGTCG-1_2	GTCACAACAGGATGTG-1
3105	2284	0	ATCCCTGAGATGGTCG-1_2	TTCATCATCCAGAATC-1
3106	431	0.625	ATCCCTGGTATGAAAC-1_2	AGTCAACAGTTCCCGG-1
3107	439	1	ATCCCTGGTCATCGGC-1_2	AGTCCGGTCTGAGTCA-1
3108	2368	0.6875	ATCCCTGTCTGCCTGT-1_2	TTGTTCACAGAATGCG-1
3108	2031	0.3125	ATCCCTGTCTGCCTGT-1_2	TCGATTTTCGTCTTAT-1
3108	2240	1	ATCCCTGTCTGCCTGT-1_2	TTACGTTCAACGGGTA-1
3109	2253	0.5625	ATCCGTCCAAAGCACG-1_2	TTACTTGCAGTTGCAT-1
3109	729	0.875	ATCCGTCCAAAGCACG-1_2	CATTCATAGTGGGACT-1
3110	1629	0.3125	ATCCGTCCAGGGCTTC-1_2	GTAGTACGTATTGTCG-1
3110	2174	0.1875	ATCCGTCCAGGGCTTC-1_2	TGGGTGCTCCTCATTA-1
3111	137	1	ATCCGTCGTATACCTG-1_2	AATACGCCACTTATGG-1
3111	1769	1	ATCCGTCGTATACCTG-1_2	TAATCGGGTTTCCTAT-1
3111	1761	1	ATCCGTCGTATACCTG-1_2	TAAGTGCAGGTACACG-1
3112	1881	0.375	ATCCGTCGTCGTACAT-1_2	TAGGTCACAAGCCTTA-1
3113	345	0.625	ATCCGTCGTTCGGTTA-1_2	AGCCAGCTCTAGTCGA-1
3114	665	0.875	ATCCGTCTCTGCTTTA-1_2	CAGCCTTGTCCCTTTG-1
3114	838	0.1875	ATCCGTCTCTGCTTTA-1_2	CCTTAATAGGTTCTCA-1
3114	320	0.625	ATCCGTCTCTGCTTTA-1_2	ACTGTCCGTTAACCGT-1
3115	1721	0.4375	ATCCTATCACGTTGGC-1_2	GTTATGGAGACCCTAT-1
3115	83	0.375	ATCCTATCACGTTGGC-1_2	AACCTTTTCCAGAGAG-1
3117	575	0	ATCCTATGTGTTCGTA-1_2	CAACCAAGTCCACCAG-1
3118	1012	0.3125	ATCCTATGTTTGATCG-1_2	CTGAATGAGTACAGAT-1
3120	1172	0.5625	ATCGATGCAACTGAAA-1_2	GACCTTCCACCGTTGG-1
3120	375	0.5	ATCGATGCAACTGAAA-1_2	AGCGATTCACATCATG-1
3120	2110	0.25	ATCGATGCAACTGAAA-1_2	TGCATTTTCCGCCTAT-1
3120	804	0.625	ATCGATGCAACTGAAA-1_2	CCCTGATAGAATATCG-1
3120	1404	0.1875	ATCGATGCAACTGAAA-1_2	GCGCCAAGTGCCCGAT-1
3121	1408	0.3125	ATCGATGCAGCATACT-1_2	GCGGAAAAGCGATACG-1
3121	211	0.3125	ATCGATGCAGCATACT-1_2	ACAGGCCTCTGACATG-1
3122	1323	0.3125	ATCGATGCAGCTTCCT-1_2	GCATTGACACCTGTGG-1
3122	388	0.3125	ATCGATGCAGCTTCCT-1_2	AGCGTATTCTCTTCTC-1
3122	545	0.5625	ATCGATGCAGCTTCCT-1_2	ATTACTCTCTAGTCGA-1
3123	838	0.375	ATCGATGGTTCTCTAT-1_2	CCTTAATAGGTTCTCA-1
3123	795	0.5625	ATCGATGGTTCTCTAT-1_2	CCCTAGTGTGCATTCA-1
3124	1487	1	ATCGCCTAGTCTGCGC-1_2	GGAACTTGTCTGCGCA-1
3124	1556	1	ATCGCCTAGTCTGCGC-1_2	GGGCCATAGTTGGAAT-1
3125	289	0.4375	ATCGCCTTCATGTCAG-1_2	ACTACCCCAGTTCGGC-1
3125	884	0.5625	ATCGCCTTCATGTCAG-1_2	CGCTAGGTCGGATCGC-1
3125	1763	0.25	ATCGCCTTCATGTCAG-1_2	TAATCGGAGAACGACC-1
3126	2181	0.625	ATCGCCTTCTCTCTTC-1_2	TGGTCAAGTGGGTAGT-1
3126	391	0.375	ATCGCCTTCTCTCTTC-1_2	AGCGTGCGTAAGTGCG-1
3127	1947	0.3125	ATCGGATGTAGCTGAG-1_2	TCAATTCCAGTAACCT-1
3127	958	0.1875	ATCGGATGTAGCTGAG-1_2	CTAGGATCAGGGAGTT-1
3128	2399	0.25	ATCGGATTCGTCAGAT-1_2	TTTGTGTGTTTAGACC-1
3128	2091	0.375	ATCGGATTCGTCAGAT-1_2	TGATGCAAGTATGGGC-1
3128	1438	0.5625	ATCGGATTCGTCAGAT-1_2	GCTCACTTCCATAGGT-1
3129	860	0.5	ATCGGCGAGGGAGTTC-1_2	CGATGATAGGTAGGCT-1
3130	614	1	ATCGGCGGTTCGGCGT-1_2	CACAGATTCCCTAAAG-1
3131	1584	0.375	ATCGTAGCAACTCGAT-1_2	GGTCATACATAGGCGA-1
3131	26	0.375	ATCGTAGCAACTCGAT-1_2	AAAGGATCATACCCGG-1
3132	2237	0.0625	ATCGTAGGTGACCTGC-1_2	TTACGGACATGACTGT-1
3133	1213	0.3125	ATCGTAGGTGTCATCA-1_2	GAGGCTCAGGTACATA-1
3133	905	0.375	ATCGTAGGTGTCATCA-1_2	CGGTGCAGTAGTCTGT-1
3134	1267	0.5625	ATCGTAGTCAAAGACA-1_2	GCAAAGGTCGATCTTT-1
3134	68	0.25	ATCGTAGTCAAAGACA-1_2	AACCAACTCCGAGAGA-1
3134	2252	0	ATCGTAGTCAAAGACA-1_2	TTACTTGAGAGCCTGA-1
3136	2255	0.875	ATCGTGACATGATAGA-1_2	TTACTTGTCTGTGTGA-1
3136	215	0.4375	ATCGTGACATGATAGA-1_2	ACATGCAAGGAAGAAC-1
3136	394	0.6875	ATCGTGACATGATAGA-1_2	AGCTATGGTCTGATTG-1
3136	1850	0.5	ATCGTGACATGATAGA-1_2	TAGCACATCGGGTCCA-1
3136	1927	0.6875	ATCGTGACATGATAGA-1_2	TCAAAGCGTCAGTGCC-1
3137	1985	0.4375	ATCGTGACATTCAGCA-1_2	TCAGGTAGTATGTCCA-1
3137	1539	1	ATCGTGACATTCAGCA-1_2	GGCGTTGAGACGTCAG-1
3139	1420	0.125	ATCTCTAAGTCTCTGA-1_2	GCGGGTTTCGAGGTAG-1
3139	2103	0.625	ATCTCTAAGTCTCTGA-1_2	TGATTTCTCGGTCTAA-1
3140	41	0.5	ATCTCTACACACGTGC-1_2	AAATGAGTCTATGAGC-1
3141	821	0.6875	ATCTCTACACGAGAAC-1_2	CCTAAAGAGGCAGTGT-1
3141	1221	0.5625	ATCTCTACACGAGAAC-1_2	GAGGTCCTCGTGATAC-1
3141	2075	0.5	ATCTCTACACGAGAAC-1_2	TGAGCCGTCTGCGTCT-1
3142	2385	0.75	ATCTTCACAGCAGTTT-1_2	TTTGCGCAGAAGCCGT-1
3142	2096	0.9375	ATCTTCACAGCAGTTT-1_2	TGATGCATCTAAGGTC-1
3142	433	1	ATCTTCACAGCAGTTT-1_2	AGTCAACTCGCACCTT-1
3143	1736	0.3125	ATGAAAGAGAACTTCC-1_2	GTTGGTACAGATTAAG-1
3143	19	0.3125	ATGAAAGAGAACTTCC-1_2	AAAGATGAGCGAGAAA-1
3144	1171	0.3125	ATGAAAGAGGCCTTCG-1_2	GACCTTCCAATCATCG-1
3144	1227	0.3125	ATGAAAGAGGCCTTCG-1_2	GATCATGCAAAGAAGG-1
3144	2021	0.625	ATGAAAGAGGCCTTCG-1_2	TCCGACTCAGAATGCG-1
3144	1524	0.0625	ATGAAAGAGGCCTTCG-1_2	GGATGAGAGTGAGTTA-1
3145	924	0.4375	ATGAAAGCAACCAACT-1_2	CGTTCCAAGGATGTCG-1
3145	1455	0.6875	ATGAAAGCAACCAACT-1_2	GCTCGAGGTTCGGGAA-1
3146	1972	0.25	ATGACCACAACAGATA-1_2	TCACTCGCAAGCCAGA-1
3147	641	0.25	ATGACCACACCAGCGT-1_2	CACCTTGCAGAGATGC-1
3147	89	0.5	ATGACCACACCAGCGT-1_2	AACGAGGCAATGCATC-1
3147	861	0.125	ATGACCACACCAGCGT-1_2	CGATGATAGTCCGGAA-1
3148	1976	0.375	ATGACCACATAATCGC-1_2	TCACTCGGTGAAACAT-1
3148	1115	0.3125	ATGACCACATAATCGC-1_2	GAACCGCGTTTCGACA-1
3148	2317	0.125	ATGACCACATAATCGC-1_2	TTGACGATCCAGAGAG-1
3149	2108	0.125	ATGACCATCAAATAGG-1_2	TGCATTTAGCGTTAGG-1
3150	1616	1	ATGAGGGAGATAGTGT-1_2	GTAATCGTCTAAGGTC-1
3151	2249	0.0625	ATGAGGGCACCTCTGT-1_2	TTACTCAGTGCTTACA-1
3152	1444	0.625	ATGAGGGCACTCGATA-1_2	GCTCAGGTCATTCGGA-1
3152	694	0.5625	ATGAGGGCACTCGATA-1_2	CAGTATGCACAAACGG-1
3152	1540	0.875	ATGAGGGCACTCGATA-1_2	GGCGTTGAGAGATTAC-1
3153	105	0.625	ATGAGGGGTACTGGGA-1_2	AACTGTGAGATCTCAC-1
3153	216	0.375	ATGAGGGGTACTGGGA-1_2	ACATGCACATGCACTA-1
3154	1018	0.9375	ATGAGGGGTAGATCCT-1_2	CTGCGTTGTGCGCTCA-1
3154	1903	1	ATGAGGGGTAGATCCT-1_2	TATCGAGTCGCTTCAC-1
3155	1836	0.4375	ATGAGTCCATCCTAAG-1_2	TACTGCCTCTCTTAAC-1
3155	642	0.4375	ATGAGTCCATCCTAAG-1_2	CACCTTGGTACTAGAA-1
3155	1099	0.875	ATGAGTCCATCCTAAG-1_2	GAAACAAGTGCAGACA-1
3157	464	0.4375	ATGATCGCACTTTATC-1_2	AGTTTGGGTAATGTAG-1
3158	1110	1	ATGATCGCATACCACA-1_2	GAAATGATCGGTTAGT-1
3158	929	0.375	ATGATCGCATACCACA-1_2	CGTTCCAGTATTCGCA-1
3160	1085	1	ATGCATGAGACTTCGT-1_2	CTTGTCGCACATCATG-1
3161	305	0.4375	ATGCCTCCAAGGGCAT-1_2	ACTCGGGCAAGTAATG-1
3161	2009	0.625	ATGCCTCCAAGGGCAT-1_2	TCCAGAACAGTAACTC-1
3161	1241	0.9375	ATGCCTCCAAGGGCAT-1_2	GATGATCAGGAAGAAC-1
3162	602	0.5	ATGCCTCGTTTCTTAC-1_2	CAAGGCCGTCTAAGAA-1
3162	2030	0.1875	ATGCCTCGTTTCTTAC-1_2	TCGATTTCATTGAACC-1
3164	2163	0.5625	ATGCCTCTCCATCTAT-1_2	TGGCGCAAGTGTGTAA-1
3166	474	0.625	ATGCGATGTGTCTTAG-1_2	ATAGTCGTCTGACTTT-1
3166	1772	0.625	ATGCGATGTGTCTTAG-1_2	TAATTCCAGACCATAA-1
3166	613	0.3125	ATGCGATGTGTCTTAG-1_2	CACAGATTCACAGGGA-1
3166	2042	0.4375	ATGCGATGTGTCTTAG-1_2	TCGCCTATCCGGGCAT-1
3167	429	0.625	ATGCGATTCCCGTGAG-1_2	AGGCGTCGTCTCTAAG-1
3168	158	0.25	ATGGAGGAGCTCGCAC-1_2	AATGGCTGTATTGTGC-1
3168	1821	0.4375	ATGGAGGAGCTCGCAC-1_2	TACGGATGTCTCTGCT-1
3169	1348	1	ATGGAGGCAACTTCTT-1_2	GCCCAGAAGTAGCAAT-1
3172	1204	0.1875	ATGGGAGAGCCTCTGG-1_2	GAGCGCTCAAGTTCGT-1
3173	526	0.625	ATGGGAGAGTCCTGCG-1_2	ATGTCGAGTGCTTCCT-1
3173	1185	0.3125	ATGGGAGAGTCCTGCG-1_2	GAGAACGCACCTCGTT-1
3173	720	0.1875	ATGGGAGAGTCCTGCG-1_2	CATGCCTCACTCCACT-1
3174	2300	0.3125	ATGGGTTAGCTGCCTG-1_2	TTCGTTACAGGCATTT-1
3174	1803	0.5625	ATGGGTTAGCTGCCTG-1_2	TACCTCGTCCGTCAAA-1
3175	2310	0.6875	ATGGGTTAGGCTCTAT-1_2	TTCTGTAGTATGTTCG-1
3176	2140	0.375	ATGGGTTAGTTCTCTT-1_2	TGCTTTAGTCAGACGA-1
3177	2075	0.5625	ATGGGTTCAAACCACT-1_2	TGAGCCGTCTGCGTCT-1
3177	854	0.75	ATGGGTTCAAACCACT-1_2	CGAGTTAGTATTCTGG-1
3177	868	1	ATGGGTTCAAACCACT-1_2	CGCAATACAAGGATGC-1
3178	555	0.125	ATGGGTTTCTGCGGCA-1_2	ATTGTGGTCGCTTACC-1
3178	2021	0.5625	ATGGGTTTCTGCGGCA-1_2	TCCGACTCAGAATGCG-1
3178	872	0.25	ATGGGTTTCTGCGGCA-1_2	CGCAGGTCAATTCAGC-1
3178	166	0.25	ATGGGTTTCTGCGGCA-1_2	AATGTCGGTATTCGAC-1
3179	2124	1	ATGGTTGCAGTTTGGT-1_2	TGCGTAATCGTATAGC-1
3180	353	0.1875	ATGGTTGGTAGTGGCA-1_2	AGCCCGATCTGTCGGG-1
3181	1258	0.75	ATGGTTGTCCGCAACG-1_2	GATTGACCAGCTTACA-1
3181	1990	0.5	ATGGTTGTCCGCAACG-1_2	TCAGTCCAGCGTATCT-1
3182	913	0.4375	ATGTCCCCAGAGAGGG-1_2	CGTACAACATTACCTT-1
3182	1637	0.75	ATGTCCCCAGAGAGGG-1_2	GTCACCTCATGCCTTC-1
3182	1040	0.5	ATGTCCCCAGAGAGGG-1_2	CTGTATTCAGGGTAAC-1
3182	1699	0.4375	ATGTCCCCAGAGAGGG-1_2	GTGTCAACAGCGTACC-1
3184	1571	0.125	ATGTCCCTCAGCGCGT-1_2	GGGTTATCAGAATGCG-1
3185	1833	0.5	ATGTCTTGTAGCCCTG-1_2	TACTGCCGTCTAAGAA-1
3186	1507	0.5625	ATGTCTTTCAAACTGC-1_2	GGAGGATTCACCCTTG-1
3186	2349	0.3125	ATGTCTTTCAAACTGC-1_2	TTGCGGGTCTGAGTAC-1
3186	1841	0.4375	ATGTCTTTCAAACTGC-1_2	TAGACTGCATCAACTG-1
3187	654	0.4375	ATGTCTTTCGGTAGGA-1_2	CACTAAGGTCGAGGAT-1
3188	250	1	ATTACCTGTAACCCTA-1_2	ACCGGGTCATGTGGGA-1
3188	1439	0.5	ATTACCTGTAACCCTA-1_2	GCTCACTTCGGAGTTT-1
3188	692	1	ATTACCTGTAACCCTA-1_2	CAGTATGAGAGTGGTC-1
3188	1916	0.75	ATTACCTGTAACCCTA-1_2	TATGTGGTCAACGTGT-1
3188	123	0.1875	ATTACCTGTAACCCTA-1_2	AAGATAGGTGTCGGTC-1
3189	1057	0.875	ATTACTCAGTGTAGTA-1_2	CTTCCAGGTGATAGAT-1
3190	2114	0.6875	ATTACTCCAATATCCG-1_2	TGCCTGTAGGGTTCTT-1
3190	318	0.5625	ATTACTCCAATATCCG-1_2	ACTGTCCCAGGCATCC-1
3190	2186	0.4375	ATTACTCCAATATCCG-1_2	TGGTCCTCATGCGACC-1
3191	424	0.125	ATTACTCCACCTGCTT-1_2	AGGCGAAGTCTGCGCA-1
3193	2380	0.4375	ATTACTCCAGCTGAGA-1_2	TTGTTGTTCTCCCTTT-1
3193	260	0.75	ATTACTCCAGCTGAGA-1_2	ACGGATTGTCACTCTC-1
3193	1352	0.6875	ATTACTCCAGCTGAGA-1_2	GCCCGAACATCCCAAA-1
3194	1141	0.5625	ATTACTCGTACCTATG-1_2	GAAGTGGAGCAGGAGG-1
3194	1617	0.1875	ATTACTCGTACCTATG-1_2	GTAATCGTCTATCTTG-1
3196	2203	0.4375	ATTACTCGTGCCGTTG-1_2	TGTGGCGCAGAGCCAA-1
3196	1957	0.1875	ATTACTCGTGCCGTTG-1_2	TCACAGACATCATAGC-1
3197	266	0.375	ATTACTCTCACTGTCC-1_2	ACGTGGCCATACAACC-1
3198	1709	0.0625	ATTACTCTCGTCGGGT-1_2	GTGTGATCAAATGCTC-1
3198	727	0.4375	ATTACTCTCGTCGGGT-1_2	CATGTTTGTACGGATG-1
3199	1915	0.125	ATTACTCTCTCATTTG-1_2	TATGTGGAGCATTGGG-1
3199	417	0.4375	ATTACTCTCTCATTTG-1_2	AGGCCTGGTGGTTCTA-1
3199	1265	0.4375	ATTACTCTCTCATTTG-1_2	GCAAAGGTCAATTCCT-1
3200	1884	0.375	ATTATCCAGGACAGTC-1_2	TAGGTCATCCATCGAA-1
3201	1877	0.3125	ATTATCCAGGATATGT-1_2	TAGGAGGAGAATACTG-1
3202	519	0.6875	ATTATCCTCCTCTCTT-1_2	ATGTACGGTAACATAG-1
3202	523	0.5625	ATTATCCTCCTCTCTT-1_2	ATGTACGTCTCCTTGG-1
3202	508	0.5625	ATTATCCTCCTCTCTT-1_2	ATGCATGAGCTCCATA-1
3203	2156	0.6875	ATTATCCTCGATGCTA-1_2	TGGCAATAGCATTGGG-1
3203	2368	0.875	ATTATCCTCGATGCTA-1_2	TTGTTCACAGAATGCG-1
3203	2031	0.5	ATTATCCTCGATGCTA-1_2	TCGATTTTCGTCTTAT-1
3203	285	0.625	ATTATCCTCGATGCTA-1_2	ACTACCCAGGGACGTT-1
3203	1098	0.25	ATTATCCTCGATGCTA-1_2	GAAACAAGTGACAAGC-1
3205	1219	0.625	ATTCAGGCACTGAGGA-1_2	GAGGTCCCATGTGGGA-1
3205	2215	0.625	ATTCAGGCACTGAGGA-1_2	TGTTAGGGTGATCAGG-1
3207	2302	0.1875	ATTCCATAGCCTGAGA-1_2	TTCGTTATCTGTCGTC-1
3208	1941	0.25	ATTCCATCAAGACAAT-1_2	TCAAGGTCACAGATGG-1
3208	2322	0.375	ATTCCATCAAGACAAT-1_2	TTGAGTGGTCTCGGGT-1
3209	1620	0.8125	ATTCCATGTTACCCTC-1_2	GTACTTTTCGTGCTGG-1
3209	1857	0.4375	ATTCCATGTTACCCTC-1_2	TAGCATGGTCAGCTTA-1
3209	1956	0.5625	ATTCCATGTTACCCTC-1_2	TCACAGAAGAAGACTT-1
3211	1275	0.625	ATTCCATTCCCTCATG-1_2	GCACCTTCAGTTAAAG-1
3212	1060	0.5	ATTCCCGCAATAACCC-1_2	CTTCTAACATGTGAGG-1
3212	1747	0.375	ATTCCCGCAATAACCC-1_2	TAACAGCCAGTTCGGC-1
3213	1028	0.9375	ATTCCTATCACCTACC-1_2	CTGGCAGGTGGAAAGA-1
3213	1272	1	ATTCCTATCACCTACC-1_2	GCAACCGTCGATGTGT-1
3214	266	0.4375	ATTCCTATCTACCAGA-1_2	ACGTGGCCATACAACC-1
3215	731	0.3125	ATTCGTTAGGTTGGAC-1_2	CATTCATGTGCTTGAT-1
3216	448	0.5	ATTCTACAGATCCCAT-1_2	AGTGCGCGTTGCTTGA-1
3218	763	0.5625	ATTCTACTCTGGAAGG-1_2	CCATACCCACTCCTCA-1
3218	371	0.4375	ATTCTACTCTGGAAGG-1_2	AGCCTTCCACATAAAG-1
3219	2261	0.5625	ATTCTTGAGGTCACCC-1_2	TTAGCGATCTACCCGT-1
3219	1120	1	ATTCTTGAGGTCACCC-1_2	GAACCTAAGGTTGTTC-1
3222	1128	0.125	ATTGGGTCAAATACAG-1_2	GAACTTGAGCTCGTTA-1
3222	1397	0.75	ATTGGGTCAAATACAG-1_2	GCGCATGAGACCAATA-1
3222	1636	0.3125	ATTGGGTCAAATACAG-1_2	GTCACCTCAAGGACCA-1
3224	348	0.4375	ATTGTTCAGCCTATTG-1_2	AGCCCGACATGGTAAA-1
3224	2396	0.5	ATTGTTCAGCCTATTG-1_2	TTTGGTTTCGACTTAG-1
3224	2255	0.5625	ATTGTTCAGCCTATTG-1_2	TTACTTGTCTGTGTGA-1
3224	2315	0.5	ATTGTTCAGCCTATTG-1_2	TTGACGAGTCAGAAAT-1
3224	1885	0.1875	ATTGTTCAGCCTATTG-1_2	TAGGTCATCTTACGGA-1
3225	2018	0.75	ATTGTTCTCACCTGTC-1_2	TCCATCGTCCATTGTT-1
3225	2381	0.6875	ATTGTTCTCACCTGTC-1_2	TTTACGTCATTGCACA-1
3226	1993	0.0625	ATTGTTCTCAGACCTA-1_2	TCAGTCCCAATGACTC-1
3226	659	0.375	ATTGTTCTCAGACCTA-1_2	CACTGAACAGGCATTT-1
3227	2181	0.5	ATTTACCAGCAGTCTT-1_2	TGGTCAAGTGGGTAGT-1
3227	1120	1	ATTTACCAGCAGTCTT-1_2	GAACCTAAGGTTGTTC-1
3228	97	0.3125	ATTTACCAGCCAACCC-1_2	AACGTACCACTGTTAG-1
3228	264	0.4375	ATTTACCAGCCAACCC-1_2	ACGTGGCAGTTACCAC-1
3229	2065	0.3125	ATTTACCAGGAAACGA-1_2	TGACAACTCACGATTG-1
3229	588	0.3125	ATTTACCAGGAAACGA-1_2	CAACGTAGTCACTCTC-1
3229	151	0.3125	ATTTACCAGGAAACGA-1_2	AATGGAAGTTCCTGTC-1
3230	1374	0.75	ATTTACCGTCACATTG-1_2	GCGAGTCAGTTGACAA-1
3231	1711	0.6875	ATTTCACCAAGCGAAC-1_2	GTGTGATTCGGAGTTT-1
3231	2253	0.25	ATTTCACCAAGCGAAC-1_2	TTACTTGCAGTTGCAT-1
3231	1585	0	ATTTCACCAAGCGAAC-1_2	GGTCATAGTTAGGCTT-1
3232	158	0.3125	ATTTCACCAGGATGAC-1_2	AATGGCTGTATTGTGC-1
3232	1488	0.375	ATTTCACCAGGATGAC-1_2	GGAATCTAGCAATAAC-1
3232	344	0.0625	ATTTCACCAGGATGAC-1_2	AGCCAGCTCGCTGATA-1
3233	1026	0.4375	ATTTCACGTGACACGA-1_2	CTGGCAGGTGAGTAAT-1
3234	775	0.5	ATTTCTGAGACCAAGC-1_2	CCCAGAGCATGGTAAA-1
3234	657	0.25	ATTTCTGAGACCAAGC-1_2	CACTGAACAACTCGTA-1
3236	1148	0.3125	ATTTCTGCATAACGGG-1_2	GACCAATAGGCAGTAC-1
3238	1435	0.5	ATTTCTGGTTTGGAGG-1_2	GCGTTGGTCCAGGTCG-1
3239	2205	0.625	ATTTCTGTCAGTGATC-1_2	TGTGGCGCATCGAGTT-1
3239	2134	0.1875	ATTTCTGTCAGTGATC-1_2	TGCTTCGAGGGATCCA-1
3240	361	0.25	CAAAGAAAGCAGGCTA-1_2	AGCCTCTAGAAATCTG-1
3240	639	0.375	CAAAGAAAGCAGGCTA-1_2	CACCTTGAGGCATGCA-1
3240	1923	0.75	CAAAGAAAGCAGGCTA-1_2	TATTGCTGTGCTTACA-1
3241	1240	0.25	CAAAGAAAGGGATCGT-1_2	GATCGTAGTTCTCGAA-1
3241	2029	0.25	CAAAGAAAGGGATCGT-1_2	TCGATTTCACAAACGG-1
3244	1405	0.75	CAACAACCACTTTAGG-1_2	GCGCCAAGTTTGACCA-1
3244	1626	0.25	CAACAACCACTTTAGG-1_2	GTAGGAGGTCCCTAAA-1
3245	1223	0.125	CAACAACCATCCTTCG-1_2	GAGTGAGGTTGCCGCA-1
3245	1726	0	CAACAACCATCCTTCG-1_2	GTTCAAGAGTAATGTG-1
3246	1853	0.25	CAACAACCATGGCTAT-1_2	TAGCATGAGAGGTGGG-1
3248	1483	0.375	CAACAACGTGGTTTGT-1_2	GGAACTTAGGAAGAAC-1
3248	2385	0.4375	CAACAACGTGGTTTGT-1_2	TTTGCGCAGAAGCCGT-1
3249	958	0.625	CAACAACTCCTTGAAG-1_2	CTAGGATCAGGGAGTT-1
3249	178	0.6875	CAACAACTCCTTGAAG-1_2	ACAAGCTCACGCTCAG-1
3249	1221	0.8125	CAACAACTCCTTGAAG-1_2	GAGGTCCTCGTGATAC-1
3250	1287	0.5	CAACAGTCAGTAGAGC-1_2	GCACGGTAGTGTCGCC-1
3250	2318	0.4375	CAACAGTCAGTAGAGC-1_2	TTGAGCAAGAAAGGGT-1
3251	1661	0.5	CAACAGTGTTGTTGCA-1_2	GTCTACCTCTCATATC-1
3251	1351	0.4375	CAACAGTGTTGTTGCA-1_2	GCCCGAACAACTACTG-1
3251	1056	0.3125	CAACAGTGTTGTTGCA-1_2	CTTCCAGGTCATTGCA-1
3252	617	0.4375	CAACCAAAGACGACTG-1_2	CACATGAAGACCAATA-1
3252	1064	0.3125	CAACCAAAGACGACTG-1_2	CTTGAAGCACTGTTAG-1
3252	827	0.3125	CAACCAAAGACGACTG-1_2	CCTCCCTAGTACCCAT-1
3253	2182	0.375	CAACCAAAGGGTTTCT-1_2	TGGTCAATCCATCTAT-1
3254	1418	0.25	CAACCAAAGGTCACCC-1_2	GCGGGTTGTCACAGTT-1
3254	205	0.5625	CAACCAAAGGTCACCC-1_2	ACAGCGCAGTGAATAC-1
3255	69	0.625	CAACCAAAGGTGCCTC-1_2	AACCGATAGGTCTTTG-1
3255	1874	0.3125	CAACCAAAGGTGCCTC-1_2	TAGCTTTCATGGGTGA-1
3256	2283	0.1875	CAACCAACACGATTCA-1_2	TTCATCATCAGTGTAC-1
3257	1975	0.3125	CAACCAACATTCTGTT-1_2	TCACTCGCATGATTGC-1
3257	560	0.125	CAACCAACATTCTGTT-1_2	ATTTGTCCATAGATAG-1
3257	1577	1	CAACCAACATTCTGTT-1_2	GGTAGGAAGAAGAGTG-1
3257	1617	0.375	CAACCAACATTCTGTT-1_2	GTAATCGTCTATCTTG-1
3258	2325	0.625	CAACCAAGTACAGCGA-1_2	TTGAGTGTCTAGCAGT-1
3258	1496	0.8125	CAACCAAGTACAGCGA-1_2	GGACACCCACTGCTCT-1
3260	1799	0.4375	CAACCTCAGAAACTGT-1_2	TACCTCGCACCGAAAG-1
3262	1242	0.25	CAACCTCAGGATCATA-1_2	GATGATCAGTCTAGAA-1
3262	206	0.6875	CAACCTCAGGATCATA-1_2	ACAGCGCGTCAACGGA-1
3262	2192	0.3125	CAACCTCAGGATCATA-1_2	TGTAAGCTCTTTCGAT-1
3263	722	0.75	CAACCTCAGTCACGCC-1_2	CATGCCTGTATTTGCG-1
3264	1830	0.4375	CAACCTCGTGGTAACG-1_2	TACTCGCCACGATTAC-1
3265	1451	0.875	CAACGATCAAGAGTTA-1_2	GCTCGAGAGCGCCTAC-1
3265	1800	0.4375	CAACGATCAAGAGTTA-1_2	TACCTCGGTGTTGTTG-1
3266	1463	0.25	CAACGATGTTTGGAGG-1_2	GCTGCGAGTTGCAGAG-1
3267	1784	0.625	CAACGATTCATTTACC-1_2	TACATTCCATCGTACA-1
3267	2154	0.1875	CAACGATTCATTTACC-1_2	TGGACATCATTACTCT-1
3268	631	0.3125	CAACGGCTCCCTTGTG-1_2	CACCTGTAGCCATTCA-1
3269	166	0.1875	CAACGGCTCGAACACT-1_2	AATGTCGGTATTCGAC-1
3269	1955	0.5625	CAACGGCTCGAACACT-1_2	TCACAAGTCTATGAGC-1
3270	1859	0.375	CAAGACTCATCTGCGG-1_2	TAGCATGTCGCGTGAC-1
3270	1143	0.6875	CAAGACTCATCTGCGG-1_2	GAATCTGAGGTAAGTT-1
3271	837	0.3125	CAAGACTGTACTCCGG-1_2	CCTTAATAGACCAATA-1
3271	2188	0.4375	CAAGACTGTACTCCGG-1_2	TGGTCCTGTCTAAGAA-1
3272	1977	0.1875	CAAGAGGAGGAAAGAC-1_2	TCACTCGTCCTCCCAA-1
3272	1692	0.625	CAAGAGGAGGAAAGAC-1_2	GTGGCGTAGGTTGTGG-1
3272	972	0.3125	CAAGAGGAGGAAAGAC-1_2	CTCACCATCTATTTCG-1
3272	2350	0.5625	CAAGAGGAGGAAAGAC-1_2	TTGCTATAGGCAATTA-1
3272	1545	0.25	CAAGAGGAGGAAAGAC-1_2	GGCGTTGGTCGAGGAT-1
3276	1639	0.125	CAAGCTATCGTGGCTG-1_2	GTCACCTGTATATGGA-1
3278	761	1	CAATACGCAGCTGAAG-1_2	CCAGATATCGTATAGC-1
3278	1736	1	CAATACGCAGCTGAAG-1_2	GTTGGTACAGATTAAG-1
3279	771	0.4375	CAATACGCATTAGGCT-1_2	CCCACATTCAGAATGA-1
3280	492	0.4375	CAATACGTCTCGCAGG-1_2	ATCCTCGAGTGGACGT-1
3280	1308	1	CAATACGTCTCGCAGG-1_2	GCAGCTGCACCTGAAT-1
3281	1615	0.5	CAATCGACAAAGACGC-1_2	GTAATCGTCCCACTAC-1
3281	1711	0.8125	CAATCGACAAAGACGC-1_2	GTGTGATTCGGAGTTT-1
3281	1706	0.5	CAATCGACAAAGACGC-1_2	GTGTCCTTCGACTCGG-1
3281	1417	0.375	CAATCGACAAAGACGC-1_2	GCGGGTTCATGTCCCT-1
3282	1286	0.1875	CAATCGACAAGAGTTA-1_2	GCACGGTAGCTCGTTA-1
3282	1211	0.5625	CAATCGACAAGAGTTA-1_2	GAGGATGGTCAAGACG-1
3283	23	0.0625	CAATCGAGTAGGTAGC-1_2	AAAGATGTCCGGGCAT-1
3284	535	0.375	CAATCGAGTATGAGAT-1_2	ATGTTTCGTACGCCCA-1
3284	1375	0.3125	CAATCGAGTATGAGAT-1_2	GCGAGTCAGTTTACGC-1
3284	1821	0.9375	CAATCGAGTATGAGAT-1_2	TACGGATGTCTCTGCT-1
3284	125	0.625	CAATCGAGTATGAGAT-1_2	AAGGAGCCAGGGTAAC-1
3285	1902	0.875	CAATCGATCATCAGTG-1_2	TATCGAGTCCAAACCA-1
3285	791	0.75	CAATCGATCATCAGTG-1_2	CCCTAGTAGATGAGGA-1
3286	681	0.75	CAATCGATCCTCACCA-1_2	CAGCTGGTCCTATCCG-1
3287	1803	0.5	CAATCGATCGGACTGC-1_2	TACCTCGTCCGTCAAA-1
3288	1682	0.5	CAATGACGTAGATGTA-1_2	GTGCCAGTCGGATAAA-1
3289	1693	0.5	CAATGACGTATGCGGA-1_2	GTGGCGTAGTAGACCG-1
3289	742	0.5625	CAATGACGTATGCGGA-1_2	CCAATGAAGCGCATTT-1
3289	2352	0.25	CAATGACGTATGCGGA-1_2	TTGCTATGTCATAGAA-1
3291	1077	0.75	CAATTTCAGACCGTTT-1_2	CTTGCTGCACTAAACC-1
3291	1674	0.875	CAATTTCAGACCGTTT-1_2	GTGCACGCACCCATCT-1
3291	219	0.5625	CAATTTCAGACCGTTT-1_2	ACATGGTCAAGCAATA-1
3292	701	0.875	CAATTTCAGTATAGAC-1_2	CAGTGCGGTTCTACGA-1
3292	2269	0.375	CAATTTCAGTATAGAC-1_2	TTAGCTTTCTGACATG-1
3293	2311	0.5	CAATTTCGTCTCGACG-1_2	TTCTGTAGTCATTGGT-1
3293	1083	0.25	CAATTTCGTCTCGACG-1_2	CTTGTCGAGGTCTTTG-1
3294	258	0.5625	CAATTTCTCTACACTT-1_2	ACGGATTAGGTTGTTC-1
3295	2364	1	CACAACACAACTGAAA-1_2	TTGTCTATCTTTGCAT-1
3295	1910	1	CACAACACAACTGAAA-1_2	TATCTGTGTATCACAC-1
3296	768	0.5625	CACAACATCACCGACG-1_2	CCCACATCAAGACACG-1
3296	828	0.8125	CACAACATCACCGACG-1_2	CCTCCCTTCGGTACTA-1
3297	2072	0.625	CACAACATCTGAGATC-1_2	TGAGCCGCAGCGTAGA-1
3297	1480	0.8125	CACAACATCTGAGATC-1_2	GGAACCCCACCTGTGG-1
3298	1361	1	CACACAAAGCTTCATG-1_2	GCCTACTTCGATGTAC-1
3298	2373	0.6875	CACACAAAGCTTCATG-1_2	TTGTTGTGTATGTTCG-1
3298	594	0.3125	CACACAAAGCTTCATG-1_2	CAAGAAACAGGTTATC-1
3298	1350	0.125	CACACAAAGCTTCATG-1_2	GCCCAGATCGCGCCAA-1
3298	1672	0.5625	CACACAAAGCTTCATG-1_2	GTGCACGCAATGTGCT-1
3299	356	0.5	CACACAACAATTGAGA-1_2	AGCCGCAAGTAGTGTA-1
3299	1373	0.125	CACACAACAATTGAGA-1_2	GCGAGTCAGTCATCTG-1
3300	1978	0.5625	CACACAACACCTTCCA-1_2	TCACTCGTCTTCGTTA-1
3300	358	0.875	CACACAACACCTTCCA-1_2	AGCCGCACAGTAACCT-1
3300	138	0.4375	CACACAACACCTTCCA-1_2	AATACGCGTGAATCGG-1
3301	2248	0.4375	CACACAATCCACATAG-1_2	TTACTCAGTCTGTTGA-1
3302	1811	0.3125	CACAGATAGAGGCGTT-1_2	TACGCCTGTCAGCTTA-1
3302	1676	0.4375	CACAGATAGAGGCGTT-1_2	GTGCACGTCTTGGCCT-1
3303	473	0.125	CACAGATCATGGATCT-1_2	ATAGTCGTCAATTCCT-1
3304	210	0.25	CACAGGCCACCATTCC-1_2	ACAGGCCTCGGGATCC-1
3305	706	0.1875	CACAGGCGTCTTACAG-1_2	CAGTGTAAGTAGTGTA-1
3306	974	0.875	CACAGGCTCCTCTCTT-1_2	CTCAGAAGTACGCAAG-1
3306	2223	0.25	CACAGGCTCCTCTCTT-1_2	TTAACGGTCGTCTAGA-1
3307	997	0.0625	CACAGGCTCTATTCGT-1_2	CTCTAGCAGGAAGGTA-1
3307	611	0.25	CACAGGCTCTATTCGT-1_2	CACAGATCATGTCCCT-1
3308	308	0.25	CACATGAAGGCTCCCA-1_2	ACTCGGGGTAGGTGAC-1
3308	636	0.875	CACATGAAGGCTCCCA-1_2	CACCTGTTCCAACGCG-1
3308	1982	0.3125	CACATGAAGGCTCCCA-1_2	TCAGGGCAGTGAGCTG-1
3309	283	0.75	CACATGACATGTCAGT-1_2	ACTAACGGTTCCGCGA-1
3309	121	0.5	CACATGACATGTCAGT-1_2	AAGATAGAGGTACATA-1
3310	1434	0.375	CACCAAAAGTTGAAAC-1_2	GCGTTGGGTCAGACGA-1
3316	2391	0.75	CACGAATCACCCGTAG-1_2	TTTGGCCCAACTCGAT-1
3316	665	0.1875	CACGAATCACCCGTAG-1_2	CAGCCTTGTCCCTTTG-1
3316	112	1	CACGAATCACCCGTAG-1_2	AACTTGGCAAGGAACC-1
3316	2100	0.3125	CACGAATCACCCGTAG-1_2	TGATTTCGTTGGACGA-1
3317	1894	0.625	CACGAATCAGCACGAA-1_2	TAGTCCCCAAATAGTG-1
3317	629	0.3125	CACGAATCAGCACGAA-1_2	CACCACTTCTCGCGTT-1
3318	1596	0.6875	CACGAATCAGCCATTA-1_2	GGTGTCGAGGTTGTTC-1
3318	1154	0.1875	CACGAATCAGCCATTA-1_2	GACCAATTCGATCTTT-1
3318	2072	0.5	CACGAATCAGCCATTA-1_2	TGAGCCGCAGCGTAGA-1
3318	2158	0.375	CACGAATCAGCCATTA-1_2	TGGCAATGTCACAGTT-1
3319	1521	1	CACGAATGTGGCACTC-1_2	GGATAGGTCGTCTAGA-1
3319	1160	0.375	CACGAATGTGGCACTC-1_2	GACCCAGCAAGAAACT-1
3319	680	0.1875	CACGAATGTGGCACTC-1_2	CAGCTGGTCAGATACC-1
3320	914	0.5	CACGAATGTGGTCAAG-1_2	CGTACAAGTCCTTCAC-1
3320	1813	0.375	CACGAATGTGGTCAAG-1_2	TACGCCTGTTTAGACC-1
3320	1112	0.625	CACGAATGTGGTCAAG-1_2	GAACCGCGTATTGTGC-1
3321	857	0.6875	CACGGGTGTGTCCAAT-1_2	CGATGATAGCTCCATA-1
3321	2254	0.25	CACGGGTGTGTCCAAT-1_2	TTACTTGGTCTCGGGT-1
3321	1718	0.3125	CACGGGTGTGTCCAAT-1_2	GTTACTTGTAGACACG-1
3321	1992	0.3125	CACGGGTGTGTCCAAT-1_2	TCAGTCCAGGTTTCTG-1
3322	522	0.5625	CACGGGTTCAGCGTCG-1_2	ATGTACGTCTAGTCGA-1
3323	2394	0.25	CACGTGGCATAATGAG-1_2	TTTGGCCTCGAGGTAG-1
3324	2322	0.875	CACGTGGGTCATTGCA-1_2	TTGAGTGGTCTCGGGT-1
3326	659	0.5	CACTAAGGTAGACAAT-1_2	CACTGAACAGGCATTT-1
3326	1114	0.25	CACTAAGGTAGACAAT-1_2	GAACCGCGTTTAGGAA-1
3327	1497	0.1875	CACTAAGGTATTGCCA-1_2	GGACACCGTCCCGTGA-1
3329	317	0.1875	CACTGAAAGAGCAAGA-1_2	ACTGTCCAGTCACGCC-1
3329	2152	0.8125	CACTGAAAGAGCAAGA-1_2	TGGACATAGTCTAGAA-1
3330	1277	0.9375	CACTGAAGTCCACACG-1_2	GCACCTTTCAGTTGAC-1
3330	2142	0.3125	CACTGAAGTCCACACG-1_2	TGCTTTAGTGGACTGA-1
3330	1463	0.375	CACTGAAGTCCACACG-1_2	GCTGCGAGTTGCAGAG-1
3330	2147	0.1875	CACTGAAGTCCACACG-1_2	TGGAAGGCACAAGTGG-1
3331	1924	0.75	CACTGAAGTTGTGCAT-1_2	TCAAAGCAGCGCAATG-1
3331	25	0.1875	CACTGAAGTTGTGCAT-1_2	AAAGGATCAACGTAGG-1
3333	1547	0.6875	CACTGAATCACCTCAC-1_2	GGCGTTGGTCTGAGCC-1
3333	506	0.375	CACTGAATCACCTCAC-1_2	ATCGAGTGTGCGTTTA-1
3335	1432	0.6875	CACTGAATCTTTACAC-1_2	GCGTTGGCAGAGTCGA-1
3336	115	0.3125	CACTGGGAGTTGGCTT-1_2	AACTTGGGTCTGGTCG-1
3336	494	0.4375	CACTGGGAGTTGGCTT-1_2	ATCCTCGGTATCCCTC-1
3336	2299	0.375	CACTGGGAGTTGGCTT-1_2	TTCGTTACAAATAGTG-1
3336	668	0.375	CACTGGGAGTTGGCTT-1_2	CAGCCTTTCGCTACCT-1
3337	123	0.4375	CACTGGGCACCGAATT-1_2	AAGATAGGTGTCGGTC-1
3338	120	0.75	CACTGGGGTCAGTCTA-1_2	AAGATAGAGCGGACAT-1
3340	293	0.5	CACTTCGCAGATCCTA-1_2	ACTACCCTCCAACAAC-1
3340	2101	0.5625	CACTTCGCAGATCCTA-1_2	TGATTTCTCATCGCCT-1
3340	937	0.375	CACTTCGCAGATCCTA-1_2	CTAACTTTCCGCCTAT-1
3340	1215	0.125	CACTTCGCAGATCCTA-1_2	GAGGCTCGTGAGGGTT-1
3342	745	0.75	CAGAGCCCAAATACGA-1_2	CCAATGATCACCCTTG-1
3342	1432	0.625	CAGAGCCCAAATACGA-1_2	GCGTTGGCAGAGTCGA-1
3343	1117	0.4375	CAGAGCCCATAAGCAA-1_2	GAACCGCTCGAGAAGC-1
3344	120	0.125	CAGATACAGAATCCCT-1_2	AAGATAGAGCGGACAT-1
3344	1453	0.375	CAGATACAGAATCCCT-1_2	GCTCGAGCACCCTTAC-1
3345	216	0.5625	CAGATACCACATGGTT-1_2	ACATGCACATGCACTA-1
3345	1790	0.75	CAGATACCACATGGTT-1_2	TACCCTGCAGAGAGAA-1
3346	389	0.5	CAGATACTCCTTCTTC-1_2	AGCGTGCCACCCATCT-1
3346	1318	0.875	CAGATACTCCTTCTTC-1_2	GCATTCCTCCGAGAGA-1
3346	1873	0.5625	CAGATACTCCTTCTTC-1_2	TAGCTTTCAAAGAGAG-1
3347	259	0.6875	CAGATACTCGTCAAAC-1_2	ACGGATTCACGTTAGT-1
3347	309	0.1875	CAGATACTCGTCAAAC-1_2	ACTCGGGTCCACGGCA-1
3348	506	0.25	CAGATCAAGACGTCCC-1_2	ATCGAGTGTGCGTTTA-1
3348	1286	0.375	CAGATCAAGACGTCCC-1_2	GCACGGTAGCTCGTTA-1
3348	1196	0.25	CAGATCAAGACGTCCC-1_2	GAGATTCGTCCGTAGC-1
3348	2187	0.125	CAGATCAAGACGTCCC-1_2	TGGTCCTGTATGTCCA-1
3349	272	0.6875	CAGATCAAGTGCACAG-1_2	ACGTTAGCACAGCTTA-1
3349	1030	0.8125	CAGATCAAGTGCACAG-1_2	CTGGCAGTCCCAATGA-1
3350	1222	0.5625	CAGATCAAGTGCACTT-1_2	GAGTGAGAGAGACTCG-1
3351	243	1	CAGATCACAATTCACG-1_2	ACCGAATCAATGTGTC-1
3352	456	1	CAGATTGCACCACATA-1_2	AGTTACGCACTCGTGG-1
3352	1489	1	CAGATTGCACCACATA-1_2	GGAATCTCACAGTTCA-1
3353	721	0.3125	CAGATTGCATCCGTTC-1_2	CATGCCTCATCGAGTT-1
3354	1779	0.6875	CAGATTGGTAGTATAG-1_2	TACAGCACAAGACTAA-1
3355	312	1	CAGATTGTCCATCCGT-1_2	ACTGCAAGTCGCTACG-1
3355	755	1	CAGATTGTCCATCCGT-1_2	CCAGAATTCAGTCACA-1
3355	256	0.9375	CAGATTGTCCATCCGT-1_2	ACCTGCTAGGCAGATC-1
3356	2383	0.3125	CAGATTGTCGAGAATA-1_2	TTTGAGGCATGGTATC-1
3356	593	0.1875	CAGATTGTCGAGAATA-1_2	CAAGAAACAGGCATTT-1
3357	578	0.4375	CAGATTGTCGTTCAGA-1_2	CAACGGCAGTCCAGAG-1
3357	833	0.25	CAGATTGTCGTTCAGA-1_2	CCTGGGAAGTGTCGCC-1
3358	1715	1	CAGCAATAGGGTATAT-1_2	GTTACGATCTTTATCG-1
3359	1999	0.4375	CAGCACGAGCTGTGCC-1_2	TCAGTCCTCGTTCTAT-1
3359	1322	0.5	CAGCACGAGCTGTGCC-1_2	GCATTGAAGGTGTCGA-1
3360	1570	1	CAGCACGGTCAAAGAT-1_2	GGGTGTCTCCTCTCTT-1
3360	1344	1	CAGCACGGTCAAAGAT-1_2	GCCATAAGTAGCATGG-1
3361	520	0.5625	CAGCACGTCCGATGTA-1_2	ATGTACGGTCCATTGA-1
3362	1545	0.5	CAGCAGCTCATCGCCT-1_2	GGCGTTGGTCGAGGAT-1
3362	1184	0.25	CAGCAGCTCATCGCCT-1_2	GAGAACGCACCACAGC-1
3362	1179	0.3125	CAGCAGCTCATCGCCT-1_2	GACTAGTCAGGACTGA-1
3363	424	0.625	CAGCAGCTCTCCGTGT-1_2	AGGCGAAGTCTGCGCA-1
3364	1241	0.875	CAGCCAGCACTAACCA-1_2	GATGATCAGGAAGAAC-1
3364	1166	0.5	CAGCCAGCACTAACCA-1_2	GACCCAGTCGGGTCCA-1
3365	1521	1	CAGCCAGGTGGTCTAT-1_2	GGATAGGTCGTCTAGA-1
3365	2098	0.375	CAGCCAGGTGGTCTAT-1_2	TGATTTCAGGAATGGA-1
3367	1851	0.75	CAGCGTGGTACTGTTG-1_2	TAGCATGAGAATATCG-1
3367	797	0.1875	CAGCGTGGTACTGTTG-1_2	CCCTCTCAGAGTTTGA-1
3369	775	0.6875	CAGGCCACAAATCGGG-1_2	CCCAGAGCATGGTAAA-1
3369	1389	0.9375	CAGGCCACAAATCGGG-1_2	GCGATTACAAGTCTGT-1
3370	2088	0.6875	CAGGCCACAGATTTCG-1_2	TGATCAGTCGGTTGTA-1
3372	1231	0.4375	CAGGGCTAGACGCCAA-1_2	GATCGTAAGGCCTCGT-1
3373	64	0.6875	CAGGGCTAGCCACAAG-1_2	AACCAACCACAGAAGC-1
3373	1465	0.5625	CAGGGCTAGCCACAAG-1_2	GCTGTTCAGCTTACCA-1
3373	1678	0.5625	CAGGGCTAGCCACAAG-1_2	GTGCCAGGTCAGGTGA-1
3373	1865	0.25	CAGGGCTAGCCACAAG-1_2	TAGCCGGCAAACCGAG-1
3374	1209	0.3125	CAGGGCTCAAGGTCGA-1_2	GAGGATGAGAGCCACA-1
3377	737	1	CAGGTATAGAGAGAAC-1_2	CATTCCGGTTGGCGAA-1
3377	736	1	CAGGTATAGAGAGAAC-1_2	CATTCCGCAACTAGAA-1
3378	1735	0.3125	CAGGTATCAAATGGTA-1_2	GTTGGTACACGCGTTG-1
3378	1003	0.25	CAGGTATCAAATGGTA-1_2	CTCTCAGAGAATGCTA-1
3380	340	0.625	CAGGTATTCCCAGTGG-1_2	AGATTCGTCGGTACTA-1
3380	738	0.3125	CAGGTATTCCCAGTGG-1_2	CATTCCGTCCGGCTGA-1
3381	105	0.625	CAGTGCGCACTGCTTC-1_2	AACTGTGAGATCTCAC-1
3381	216	0.5	CAGTGCGCACTGCTTC-1_2	ACATGCACATGCACTA-1
3383	296	0.8125	CAGTTAGAGACTACGG-1_2	ACTACGAAGTCGTATC-1
3385	200	0.8125	CAGTTAGTCGTCACCT-1_2	ACAGACTCATTAGCCA-1
3385	863	0.375	CAGTTAGTCGTCACCT-1_2	CGATGATGTATCTAGC-1
3386	1335	0.5	CAGTTCCAGTGAGTTA-1_2	GCCAGCAAGGCAAGCT-1
3386	1619	0.4375	CAGTTCCAGTGAGTTA-1_2	GTACTTTCATGGTATC-1
3388	790	1	CAGTTCCTCGCTTGCT-1_2	CCCTAGTAGACTAGGC-1
3388	32	0.4375	CAGTTCCTCGCTTGCT-1_2	AAAGGGCCATTCTCGC-1
3388	599	0.3125	CAGTTCCTCGCTTGCT-1_2	CAAGCTATCCATAACG-1
3389	1505	0.5625	CATAAGCAGACCAGCA-1_2	GGAGGATCAGCACATT-1
3390	1332	0.75	CATAAGCCACGGTGCT-1_2	GCCAGACGTAGTTTGC-1
3391	1408	0.3125	CATAAGCGTAACATCC-1_2	GCGGAAAAGCGATACG-1
3392	2324	0.6875	CATAAGCGTCTGCCTT-1_2	TTGAGTGTCATTCTTG-1
3392	1848	0.4375	CATAAGCGTCTGCCTT-1_2	TAGCACATCAGGGTTT-1
3394	2252	0.3125	CATACAGCATCTTAGG-1_2	TTACTTGAGAGCCTGA-1
3395	2042	0.375	CATACCCAGCCGATTT-1_2	TCGCCTATCCGGGCAT-1
3395	2282	0.125	CATACCCAGCCGATTT-1_2	TTCATCAGTTAGCTCA-1
3396	573	0.6875	CATACCCGTCAACATC-1_2	CAACCAACACGCGTTG-1
3396	2184	0.5625	CATACCCGTCAACATC-1_2	TGGTCCTAGCTGAAAT-1
3396	413	0.625	CATACCCGTCAACATC-1_2	AGGCCCAGTGTGAGGT-1
3398	1506	0.3125	CATACTTAGACTCTTG-1_2	GGAGGATGTCACATTG-1
3399	1035	0.5	CATACTTAGTGCACAG-1_2	CTGGGACTCGAGGTAG-1
3400	1951	0.125	CATACTTCAGCGAACA-1_2	TCACAAGAGGCCTCTG-1
3400	1415	0	CATACTTCAGCGAACA-1_2	GCGGGTTCAAGATGCG-1
3401	1306	0.875	CATACTTCATTCACAG-1_2	GCAGCTGAGGCAAGCT-1
3401	1197	0.6875	CATACTTCATTCACAG-1_2	GAGATTCTCGATAGCT-1
3401	1780	0.4375	CATACTTCATTCACAG-1_2	TACAGCATCTGTTTAC-1
3402	1642	0.5	CATAGACAGCACCTGC-1_2	GTCACCTTCTGAAAGA-1
3403	44	0.1875	CATAGACAGTATGATG-1_2	AAATGCCTCCAACGCG-1
3403	1218	0.5625	CATAGACAGTATGATG-1_2	GAGGTCCCATCTCTCG-1
3403	1948	0.1875	CATAGACAGTATGATG-1_2	TCAATTCGTGACCAGA-1
3403	1366	0.5	CATAGACAGTATGATG-1_2	GCCTAGGGTGGATTCT-1
3403	1916	0.6875	CATAGACAGTATGATG-1_2	TATGTGGTCAACGTGT-1
3404	2133	0.875	CATAGACCAATCAAGA-1_2	TGCTCGTTCACGGGTC-1
3405	1771	0.6875	CATAGACCAGGCTATT-1_2	TAATCGGTCTCGTAGA-1
3405	479	0.1875	CATAGACCAGGCTATT-1_2	ATATTCCTCGCTTCAC-1
3406	2110	0.25	CATAGACCATCTCGTC-1_2	TGCATTTTCCGCCTAT-1
3406	1	0.1875	CATAGACCATCTCGTC-1_2	AAACGAAAGAAGCCGT-1
3407	1428	0.25	CATAGACTCTTGAACG-1_2	GCGTAGCCATTTGTTC-1
3408	1941	0.4375	CATCAAGGTTAAACAG-1_2	TCAAGGTCACAGATGG-1
3409	2117	0.5625	CATCAAGGTTAGCGGA-1_2	TGCGTAAAGACGCCAA-1
3409	818	0.3125	CATCAAGGTTAGCGGA-1_2	CCGTGAGAGTCGGGAT-1
3409	643	0.1875	CATCAAGGTTAGCGGA-1_2	CACCTTGGTAGTAACA-1
3410	1507	0.125	CATCCACCAATCTAGC-1_2	GGAGGATTCACCCTTG-1
3411	472	0.25	CATCCACCATGGCTGC-1_2	ATAGTCGCATATAGAG-1
3412	2007	1	CATCCACTCAGGAACG-1_2	TCCAGAAAGCTCCGGT-1
3412	497	1	CATCCACTCAGGAACG-1_2	ATCCTGCAGATTCCGT-1
3412	596	0.875	CATCCACTCAGGAACG-1_2	CAAGAAATCATGTTCT-1
3413	2372	0.375	CATCCACTCTTACCGC-1_2	TTGTTGTCACTCCTCA-1
3414	643	0.125	CATCCCAAGAGTGGCT-1_2	CACCTTGGTAGTAACA-1
3414	543	0.5625	CATCCCAAGAGTGGCT-1_2	ATTACTCGTTTGTGAC-1
3414	1856	0.4375	CATCCCAAGAGTGGCT-1_2	TAGCATGCATTACCTT-1
3416	1665	0.3125	CATCCGTCAAACCGGA-1_2	GTGACATGTTGGGAAC-1
3417	1843	0.3125	CATCCGTCATAAGCGG-1_2	TAGCACAAGTGTTCCA-1
3418	1935	0.125	CATCGCTAGAGATTCA-1_2	TCAAGCACACGCTGTG-1
3418	1874	0.0625	CATCGCTAGAGATTCA-1_2	TAGCTTTCATGGGTGA-1
3419	1670	0.5	CATCGCTAGATAACGT-1_2	GTGATCATCTCCACTG-1
3419	1587	0.4375	CATCGCTAGATAACGT-1_2	GGTGAAGAGCGCATTT-1
3420	2402	0.375	CATCGCTAGCCAGAGT-1_2	TTTGTGTTCTCGCGTT-1
3420	1176	0.375	CATCGCTAGCCAGAGT-1_2	GACTAACCAATGATGA-1
3420	1773	0.1875	CATCGCTAGCCAGAGT-1_2	TAATTCCAGACGTCAG-1
3421	306	0.3125	CATCGCTCATTGAGGG-1_2	ACTCGGGCAGTAACGG-1
3423	2054	1	CATCGTCCAGGACATG-1_2	TCTAGTTTCGGTCTCT-1
3423	1909	0.8125	CATCGTCCAGGACATG-1_2	TATCTGTCAAGTCTGT-1
3424	1216	0.6875	CATCGTCGTACAAGCG-1_2	GAGGCTCTCGCGTGAC-1
3424	2150	0.3125	CATCGTCGTACAAGCG-1_2	TGGAAGGGTGGCCTCA-1
3425	1206	1	CATCGTCTCCCAACTC-1_2	GAGCGCTCAGGTAGGT-1
3426	2052	0.375	CATCGTCTCGACGATT-1_2	TCTAGTTAGAAATGGG-1
3426	506	0.375	CATCGTCTCGACGATT-1_2	ATCGAGTGTGCGTTTA-1
3428	1343	0.5	CATGAGTAGTGCACTT-1_2	GCCATAAGTAGCAGCA-1
3429	1265	0.4375	CATGAGTAGTTGTACC-1_2	GCAAAGGTCAATTCCT-1
3430	172	0.6875	CATGAGTCACCCTATC-1_2	ACAAACCGTCTGTGTA-1
3431	475	0.5	CATGAGTTCATTCATC-1_2	ATATTCCAGAACCCGA-1
3431	722	0.8125	CATGAGTTCATTCATC-1_2	CATGCCTGTATTTGCG-1
3431	2340	0.375	CATGAGTTCATTCATC-1_2	TTGCCCACAATGGTAA-1
3432	613	0.1875	CATGCAAAGTACTGGG-1_2	CACAGATTCACAGGGA-1
3432	1323	0.3125	CATGCAAAGTACTGGG-1_2	GCATTGACACCTGTGG-1
3433	1984	0.3125	CATGCAACAGGTCCGT-1_2	TCAGGTAAGTGATTAG-1
3433	400	1	CATGCAACAGGTCCGT-1_2	AGCTGGCTCTAAACGC-1
3434	1023	0.5	CATGCAAGTTCGTAAC-1_2	CTGGCAGCATAGCCAT-1
3435	2233	1	CATGCCTAGCCATTCA-1_2	TTACCGCTCAGTCAAC-1
3435	1639	0.25	CATGCCTAGCCATTCA-1_2	GTCACCTGTATATGGA-1
3435	3	0.75	CATGCCTAGCCATTCA-1_2	AAACGAAAGTCTTAGC-1
3436	1079	0.9375	CATGCCTAGGCCTTCG-1_2	CTTGCTGGTCAGCTTA-1
3436	2054	0.5625	CATGCCTAGGCCTTCG-1_2	TCTAGTTTCGGTCTCT-1
3437	2182	0.5625	CATGCGGGTAGCTCGC-1_2	TGGTCAATCCATCTAT-1
3437	1865	0.625	CATGCGGGTAGCTCGC-1_2	TAGCCGGCAAACCGAG-1
3438	1845	0.9375	CATGCGGGTGAATTAG-1_2	TAGCACAGTAGTAACA-1
3439	1949	0.6875	CATGCGGTCCTGTAAG-1_2	TCAATTCTCATTCTCA-1
3439	1449	0.6875	CATGCGGTCCTGTAAG-1_2	GCTCCTACATTGTTCT-1
3440	2075	0.875	CATGCGGTCTTGGAAC-1_2	TGAGCCGTCTGCGTCT-1
3440	1099	0.3125	CATGCGGTCTTGGAAC-1_2	GAAACAAGTGCAGACA-1
3440	1163	0.5625	CATGCGGTCTTGGAAC-1_2	GACCCAGGTCAGGCTC-1
3440	349	0.5	CATGCGGTCTTGGAAC-1_2	AGCCCGAGTATTCTGG-1
3441	1504	0.625	CATGGATGTAGTCTTG-1_2	GGAGGATAGTCGAGCA-1
3441	36	0	CATGGATGTAGTCTTG-1_2	AAAGGGCTCAGTGTGT-1
3442	2304	0.1875	CATGGTAAGTAAGGGA-1_2	TTCTAACCACAGTAGG-1
3443	1833	0.25	CATGGTACAAGTGGCA-1_2	TACTGCCGTCTAAGAA-1
3444	85	0.75	CATGGTACACTGCACG-1_2	AACCTTTTCGTGGGTC-1
3444	133	0.5	CATGGTACACTGCACG-1_2	AAGGAGCTCGTGGCGT-1
3444	2281	0.625	CATGGTACACTGCACG-1_2	TTCATCACATCCGTGG-1
3445	1691	0.5625	CATGGTAGTGTCCAAT-1_2	GTGGCGTAGAGCTGTG-1
3445	628	0.4375	CATGGTAGTGTCCAAT-1_2	CACCACTGTTTCCACC-1
3445	1320	0.25	CATGGTAGTGTCCAAT-1_2	GCATTGAAGACACTTC-1
3445	1986	0.4375	CATGGTAGTGTCCAAT-1_2	TCAGGTAGTGATAGAT-1
3446	2369	1	CATTCATAGCAGGCTA-1_2	TTGTTCACATTGTGAC-1
3446	675	1	CATTCATAGCAGGCTA-1_2	CAGCTGGAGTAATGTG-1
3446	2146	0.6875	CATTCATAGCAGGCTA-1_2	TGGAAGGCAATGTAAG-1
3447	1818	0.4375	CATTCATGTACATTGC-1_2	TACGGATAGTTGAATG-1
3447	1453	1	CATTCATGTACATTGC-1_2	GCTCGAGCACCCTTAC-1
3448	785	0.375	CATTCCGGTAATCAGA-1_2	CCCTAACCATCCCGGA-1
3448	13	0.25	CATTCCGGTAATCAGA-1_2	AAACTGCAGAGGTGGG-1
3448	1958	0.3125	CATTCCGGTAATCAGA-1_2	TCACAGAGTCAACTAC-1
3448	2250	0.4375	CATTCCGGTAATCAGA-1_2	TTACTCATCCAGTACA-1
3448	1062	0.5625	CATTCCGGTAATCAGA-1_2	CTTGAAGAGGAGACTC-1
3449	1930	0.25	CATTCCGGTCGTTATG-1_2	TCAAGACGTCAAGACG-1
3449	2028	0.375	CATTCCGGTCGTTATG-1_2	TCGATTTAGGATTGCG-1
3450	1146	0.5625	CATTCTACAGCTCCTT-1_2	GAATCTGTCCTTTGAT-1
3450	1792	0.3125	CATTCTACAGCTCCTT-1_2	TACCCTGGTTTGCCAA-1
3450	1179	0.25	CATTCTACAGCTCCTT-1_2	GACTAGTCAGGACTGA-1
3451	1066	0.4375	CATTCTAGTAGTACGG-1_2	CTTGAAGTCTGATCTT-1
3452	1110	1	CATTGAGCACCAGGTC-1_2	GAAATGATCGGTTAGT-1
3452	2109	0.875	CATTGAGCACCAGGTC-1_2	TGCATTTTCACTGGTA-1
3453	686	0.5625	CATTGAGGTTATCTGG-1_2	CAGGATTCAACTAGAA-1
3454	1909	1	CATTGTTGTTGCCGAC-1_2	TATCTGTCAAGTCTGT-1
3454	263	0.1875	CATTGTTGTTGCCGAC-1_2	ACGTGGCAGACTTGAA-1
3454	2198	0.3125	CATTGTTGTTGCCGAC-1_2	TGTACGATCTATGAGC-1
3455	1277	0.8125	CATTTCAGTACAGGTG-1_2	GCACCTTTCAGTTGAC-1
3455	8	0.5	CATTTCAGTACAGGTG-1_2	AAACTCGAGAGAAGCA-1
3455	501	0.6875	CATTTCAGTACAGGTG-1_2	ATCCTGCTCAGTCACA-1
3456	657	0.3125	CATTTCAGTATACGGG-1_2	CACTGAACAACTCGTA-1
3456	1324	0.5	CATTTCAGTATACGGG-1_2	GCATTGACAGCCACGT-1
3456	1311	0.25	CATTTCAGTATACGGG-1_2	GCATGATAGCCCATGC-1
3456	60	0.375	CATTTCAGTATACGGG-1_2	AACATCGGTCATGAGG-1
3457	650	0.625	CATTTCAGTCCGAAAG-1_2	CACGTTCTCCGTTAGA-1
3457	2119	0.5	CATTTCAGTCCGAAAG-1_2	TGCGTAAGTCCATTGA-1
3457	962	0.75	CATTTCAGTCCGAAAG-1_2	CTAGGGCTCGGTCCGA-1
3457	260	0.6875	CATTTCAGTCCGAAAG-1_2	ACGGATTGTCACTCTC-1
3459	2249	0.75	CCAATGAAGGCTCAAG-1_2	TTACTCAGTGCTTACA-1
3459	367	0.4375	CCAATGAAGGCTCAAG-1_2	AGCCTGGTCCAGTACA-1
3460	507	0.75	CCAATGAGTCGTCGGT-1_2	ATCGAGTTCGCTAGTA-1
3460	540	0.375	CCAATGAGTCGTCGGT-1_2	ATTACTCAGCTTACCA-1
3460	1071	0.8125	CCAATGAGTCGTCGGT-1_2	CTTGCCAGTATCTAGC-1
3461	2291	0.375	CCAATGATCGCTACAA-1_2	TTCGATTAGAGCACTG-1
3463	2018	0.5	CCAATTTCAGTAGAAT-1_2	TCCATCGTCCATTGTT-1
3463	1326	0.3125	CCAATTTCAGTAGAAT-1_2	GCATTGAGTGGTGGTA-1
3463	126	0.375	CCAATTTCAGTAGAAT-1_2	AAGGAGCCATGGCCGT-1
3464	1318	0.3125	CCAATTTGTCCTTGTC-1_2	GCATTCCTCCGAGAGA-1
3464	1941	0.3125	CCAATTTGTCCTTGTC-1_2	TCAAGGTCACAGATGG-1
3464	890	0.9375	CCAATTTGTCCTTGTC-1_2	CGCTATCCAAGGCGTA-1
3465	740	0.875	CCACAAAGTAGAAACT-1_2	CATTGGAGTACATGGG-1
3467	1969	0.6875	CCACACTAGTCATGCT-1_2	TCACCTGTCAGTCAAC-1
3468	89	0.25	CCACACTCACGTAACT-1_2	AACGAGGCAATGCATC-1
3469	1513	0.4375	CCACACTTCCCGAACG-1_2	GGAGTAGGTATGCTAC-1
3469	1993	0.625	CCACACTTCCCGAACG-1_2	TCAGTCCCAATGACTC-1
3469	659	0.375	CCACACTTCCCGAACG-1_2	CACTGAACAGGCATTT-1
3470	378	0.25	CCACCATAGAGTGGCT-1_2	AGCGATTGTCACATTG-1
3471	1061	0.5625	CCACGAGAGCTCTATG-1_2	CTTCTAATCCCAGCGA-1
3471	438	0.9375	CCACGAGAGCTCTATG-1_2	AGTCCGGTCTGAACGT-1
3472	1117	0.625	CCACGAGCACTCATAG-1_2	GAACCGCTCGAGAAGC-1
3472	1279	0.8125	CCACGAGCACTCATAG-1_2	GCACGCAAGTATGGGC-1
3473	2291	0.4375	CCACGAGCATCGCTCT-1_2	TTCGATTAGAGCACTG-1
3474	2052	0.5625	CCACGAGGTATCGCTA-1_2	TCTAGTTAGAAATGGG-1
3474	1369	0.3125	CCACGAGGTATCGCTA-1_2	GCGAGAAGTCTGGTTA-1
3475	1886	0.5	CCACGAGGTCGCACGT-1_2	TAGGTGTAGACTAGGC-1
3475	1646	0.1875	CCACGAGGTCGCACGT-1_2	GTCACGGTCTGGGCGT-1
3476	1369	0.5	CCACGTTAGCCTCAGC-1_2	GCGAGAAGTCTGGTTA-1
3476	1721	0.6875	CCACGTTAGCCTCAGC-1_2	GTTATGGAGACCCTAT-1
3476	1681	0.1875	CCACGTTAGCCTCAGC-1_2	GTGCCAGTCGATCTTT-1
3476	1188	0.25	CCACGTTAGCCTCAGC-1_2	GAGACTTAGAGGAATG-1
3477	1250	0.75	CCACGTTCAACTTGGT-1_2	GATGGCCGTCCTATTT-1
3478	288	0.3125	CCACGTTCATACAGCT-1_2	ACTACCCCACGTTACA-1
3479	2008	0.625	CCACGTTTCAAACGAA-1_2	TCCAGAACAGCGTGAA-1
3480	707	1	CCACGTTTCCATACAG-1_2	CAGTGTAAGTTAGCAA-1
3480	1580	0.9375	CCACGTTTCCATACAG-1_2	GGTAGGAGTGCTGGCT-1
3481	916	0.75	CCACTTGAGTAACCGG-1_2	CGTACAATCGCCTTAC-1
3481	830	0.375	CCACTTGAGTAACCGG-1_2	CCTGCTAAGCATTCCA-1
3482	410	0.25	CCACTTGAGTAGACCG-1_2	AGGACGATCCAGAATC-1
3482	941	0.0625	CCACTTGAGTAGACCG-1_2	CTACAGATCAGAATGA-1
3483	248	0.4375	CCACTTGGTACAGTCT-1_2	ACCGCAGTCTATCTCA-1
3484	308	0.1875	CCACTTGTCAGCTGAT-1_2	ACTCGGGGTAGGTGAC-1
3485	2158	0.5	CCATAAGCAAGCACCC-1_2	TGGCAATGTCACAGTT-1
3486	533	0.3125	CCATAAGCACGACGAA-1_2	ATGTTTCCACCTCGTT-1
3487	1759	0.4375	CCATAAGGTCAGGCAA-1_2	TAAGCCAGTCAGCAAG-1
3487	119	0.75	CCATAAGGTCAGGCAA-1_2	AAGATAGAGATGTTCC-1
3487	1145	0.8125	CCATAAGGTCAGGCAA-1_2	GAATCTGGTTTGCATG-1
3488	1204	0.375	CCATAAGGTGGTCTGC-1_2	GAGCGCTCAAGTTCGT-1
3488	2180	0.0625	CCATAAGGTGGTCTGC-1_2	TGGTCAAGTAACCCAT-1
3488	998	0.375	CCATAAGGTGGTCTGC-1_2	CTCTAGCAGTAACTCC-1
3488	2329	0.3125	CCATAAGGTGGTCTGC-1_2	TTGCAGAAGAAAGCAG-1
3489	1663	1	CCATCACAGAAGTCTA-1_2	GTGACATAGTGAGTTA-1
3489	666	1	CCATCACAGAAGTCTA-1_2	CAGCCTTGTGGCATAG-1
3490	1093	0.75	CCATCACAGTAGCAAT-1_2	CTTTGCGGTCATAAGA-1
3490	490	0.1875	CCATCACAGTAGCAAT-1_2	ATCCTCGAGCTATCCA-1
3490	315	0.3125	CCATCACAGTAGCAAT-1_2	ACTGCGGGTTCTTTCA-1
3490	1164	0.4375	CCATCACAGTAGCAAT-1_2	GACCCAGGTCCGTAGC-1
3491	713	0.625	CCATCACCATGCAGGA-1_2	CATAACGGTCAGACGA-1
3491	2103	0.3125	CCATCACCATGCAGGA-1_2	TGATTTCTCGGTCTAA-1
3491	1039	0.5625	CCATCACCATGCAGGA-1_2	CTGTATTAGTAATCAG-1
3492	240	0.375	CCATCACTCAAAGCCT-1_2	ACCGAATAGAACGTCG-1
3493	859	0.375	CCATCACTCCATCACC-1_2	CGATGATAGGTACTCT-1
3494	2222	0.375	CCCAACTCAACCGGAA-1_2	TTAACGGTCACTGATG-1
3494	1950	0.5	CCCAACTCAACCGGAA-1_2	TCACAAGAGACTAGGC-1
3494	87	0.375	CCCAACTCAACCGGAA-1_2	AACGAGGAGAGGCCTA-1
3495	524	0.25	CCCATTGAGACAACAT-1_2	ATGTCGACAGCGCGTT-1
3495	2013	0.5625	CCCATTGAGACAACAT-1_2	TCCATCGCACACTAGT-1
3497	1455	0.3125	CCCGAAGAGCAACAAT-1_2	GCTCGAGGTTCGGGAA-1
3497	2210	0.1875	CCCGAAGAGCAACAAT-1_2	TGTGTCCGTTCTTATC-1
3498	365	0.4375	CCCGAAGTCGAGAGAC-1_2	AGCCTGGGTGCAAGAC-1
3500	190	1	CCCGGAATCACATTGG-1_2	ACAATCGTCTTCACTA-1
3500	1628	0.5625	CCCGGAATCACATTGG-1_2	GTAGTACGTAGGGTTG-1
3501	812	0.1875	CCCGGAATCTGATGGT-1_2	CCGTACTCAATGTGCT-1
3501	2029	0.375	CCCGGAATCTGATGGT-1_2	TCGATTTCACAAACGG-1
3502	2212	0.6875	CCCTAACGTAACATCC-1_2	TGTTAGGAGAAACGCC-1
3502	1652	0.3125	CCCTAACGTAACATCC-1_2	GTCCATCAGTGAGTTA-1
3504	1878	0.4375	CCCTCAAAGGCATGGT-1_2	TAGGAGGTCTTACTCA-1
3505	458	0.5	CCCTCAACAGACCAGA-1_2	AGTTACGTCGCTAGTA-1
3506	1578	0.375	CCCTCAACAGGAACCA-1_2	GGTAGGACACAAGGGT-1
3506	625	0.125	CCCTCAACAGGAACCA-1_2	CACCACTCAAGACTAA-1
3508	2149	0.4375	CCCTCAATCTGGAAGG-1_2	TGGAAGGCATCTCACC-1
3508	2206	0.5625	CCCTCAATCTGGAAGG-1_2	TGTGGCGGTCGTAGTT-1
3509	2069	0.5625	CCCTCTCGTTCTCCAC-1_2	TGACTCCGTTACTTTC-1
3509	285	0.5	CCCTCTCGTTCTCCAC-1_2	ACTACCCAGGGACGTT-1
3509	2186	0.3125	CCCTCTCGTTCTCCAC-1_2	TGGTCCTCATGCGACC-1
3509	850	0.25	CCCTCTCGTTCTCCAC-1_2	CGAGTTAAGGCAAGGG-1
3509	1555	0.25	CCCTCTCGTTCTCCAC-1_2	GGGCCATAGCTGAAAT-1
3510	1636	0.3125	CCCTGATAGAGTTGAT-1_2	GTCACCTCAAGGACCA-1
3510	196	0.3125	CCCTGATAGAGTTGAT-1_2	ACAGAAATCCCGTAGG-1
3510	2304	0.5	CCCTGATAGAGTTGAT-1_2	TTCTAACCACAGTAGG-1
3510	611	0	CCCTGATAGAGTTGAT-1_2	CACAGATCATGTCCCT-1
3511	1527	0.25	CCCTGATCATCTGGGC-1_2	GGATGAGCACTGATAC-1
3512	1011	0.3125	CCCTGATTCACGATAC-1_2	CTCTCGATCGACTTAG-1
3513	1122	0.5	CCCTTAGGTACGAGTG-1_2	GAACCTACAACTCGAT-1
3514	1005	0.75	CCCTTAGTCAAGAGTA-1_2	CTCTCAGCACCTGAAT-1
3514	2013	0.75	CCCTTAGTCAAGAGTA-1_2	TCCATCGCACACTAGT-1
3514	1807	0.4375	CCCTTAGTCAAGAGTA-1_2	TACGCAATCCTTCGAC-1
3515	1741	0.8125	CCCTTAGTCCGATGCG-1_2	TAAACCGTCCATGTTT-1
3515	1668	0.5	CCCTTAGTCCGATGCG-1_2	GTGATCACAAGGAGGG-1
3515	1200	0.375	CCCTTAGTCCGATGCG-1_2	GAGCATTCATCGCCTT-1
3516	1005	0.875	CCCTTAGTCGCCGTGA-1_2	CTCTCAGCACCTGAAT-1
3516	946	0.3125	CCCTTAGTCGCCGTGA-1_2	CTACTTAGTACGGAGT-1
3516	887	1	CCCTTAGTCGCCGTGA-1_2	CGCTATCAGGTGATGC-1
3517	2269	0.5625	CCGAACGCAGGGATAC-1_2	TTAGCTTTCTGACATG-1
3517	1573	0.25	CCGAACGCAGGGATAC-1_2	GGGTTATGTGAGTAAT-1
3517	701	0.8125	CCGAACGCAGGGATAC-1_2	CAGTGCGGTTCTACGA-1
3519	1105	0.75	CCGAACGGTCCACACG-1_2	GAAATGACAGGTCTGC-1
3520	1219	0.125	CCGAACGGTTGCGGCT-1_2	GAGGTCCCATGTGGGA-1
3520	1113	0.4375	CCGAACGGTTGCGGCT-1_2	GAACCGCGTCAAACAA-1
3521	1770	0.375	CCGAACGTCCACCTGT-1_2	TAATCGGTCGGGAATG-1
3522	1409	0.25	CCGATCTAGGCAGGGA-1_2	GCGGAAAAGTTTGGAA-1
3522	124	0.5	CCGATCTAGGCAGGGA-1_2	AAGATAGTCTCGACCT-1
3522	1104	0.375	CCGATCTAGGCAGGGA-1_2	GAAATGAAGCTGCTCG-1
3523	1109	0.8125	CCGATCTGTGACACGA-1_2	GAAATGATCGATATGC-1
3524	963	0.625	CCGATGGAGAGGTCGT-1_2	CTCAACCAGGTCGTTT-1
3526	2388	0.4375	CCGATGGGTTTCGTTT-1_2	TTTGCGCTCAGGCGCT-1
3526	1859	0.3125	CCGATGGGTTTCGTTT-1_2	TAGCATGTCGCGTGAC-1
3526	1746	0.0625	CCGATGGGTTTCGTTT-1_2	TAACAGCCACATATCG-1
3528	1252	0.625	CCGCAAGAGAAGGCTC-1_2	GATGGCCTCTATAGGC-1
3528	1807	0.1875	CCGCAAGAGAAGGCTC-1_2	TACGCAATCCTTCGAC-1
3529	1501	0.375	CCGCAAGAGCAGCCTC-1_2	GGAGAACCATGGGTGA-1
3529	1056	0	CCGCAAGAGCAGCCTC-1_2	CTTCCAGGTCATTGCA-1
3529	2250	0.25	CCGCAAGAGCAGCCTC-1_2	TTACTCATCCAGTACA-1
3530	724	0.375	CCGCAAGCATGCCGAC-1_2	CATGCCTTCGAAGCCC-1
3530	699	0.25	CCGCAAGCATGCCGAC-1_2	CAGTGCGGTACCCATA-1
3531	996	0.8125	CCGCAAGGTGGATGAC-1_2	CTCTACGTCGCCACTT-1
3531	2150	0.75	CCGCAAGGTGGATGAC-1_2	TGGAAGGGTGGCCTCA-1
3531	1259	0.25	CCGCAAGGTGGATGAC-1_2	GATTGACGTCACAGGA-1
3532	673	0.4375	CCGCAAGTCTTGAGCA-1_2	CAGCTAATCTAGTCGA-1
3532	542	0.0625	CCGCAAGTCTTGAGCA-1_2	ATTACTCCAGGATGTG-1
3535	1810	0.75	CCGGACAAGTGCTAGG-1_2	TACGCCTGTATCTCAG-1
3535	2396	0.625	CCGGACAAGTGCTAGG-1_2	TTTGGTTTCGACTTAG-1
3535	1618	0.25	CCGGACAAGTGCTAGG-1_2	GTACTTTCACTCAAGT-1
3536	915	0.6875	CCGGACATCCTCTAAT-1_2	CGTACAAGTTTCGACA-1
3537	1627	0.4375	CCGGACATCGCAAGAG-1_2	GTAGGAGTCTCGTAGA-1
3538	74	0.5625	CCGGGTAAGAAGCCTG-1_2	AACCTGAAGGGAGTTC-1
3538	2385	0.5	CCGGGTAAGAAGCCTG-1_2	TTTGCGCAGAAGCCGT-1
3538	1423	0.4375	CCGGGTAAGAAGCCTG-1_2	GCGGTGTCAGAGATGC-1
3539	1281	0.4375	CCGGGTAAGGTCGTAG-1_2	GCACGCAGTGGAAGCT-1
3540	2061	1	CCGGGTATCCCATGGG-1_2	TCTCTGGGTCATGAGG-1
3540	2169	0.3125	CCGGGTATCCCATGGG-1_2	TGGCGCATCACGTGTA-1
3541	865	1	CCGGGTATCGGCTGTG-1_2	CGATGATGTTTGCGAT-1
3541	98	0.375	CCGGGTATCGGCTGTG-1_2	AACGTACGTCGAGAAC-1
3541	628	0.25	CCGGGTATCGGCTGTG-1_2	CACCACTGTTTCCACC-1
3541	121	0.6875	CCGGGTATCGGCTGTG-1_2	AAGATAGAGGTACATA-1
3543	480	0.625	CCGGTAGGTTGCCGAC-1_2	ATCCAGAAGATGGGTC-1
3544	744	0.25	CCGGTAGTCGCTTGCT-1_2	CCAATGAGTATTCTCT-1
3544	213	0.3125	CCGGTAGTCGCTTGCT-1_2	ACATGCAAGCAGAATT-1
3544	1154	0.75	CCGGTAGTCGCTTGCT-1_2	GACCAATTCGATCTTT-1
3544	1690	0.0625	CCGGTAGTCGCTTGCT-1_2	GTGGATTTCGCTGATA-1
3545	1225	0.25	CCGGTAGTCTATTCGT-1_2	GAGTGAGTCTGAGTCA-1
3547	1790	0.8125	CCGGTGAAGCATTGTC-1_2	TACCCTGCAGAGAGAA-1
3547	1112	0.5625	CCGGTGAAGCATTGTC-1_2	GAACCGCGTATTGTGC-1
3547	533	0.4375	CCGGTGAAGCATTGTC-1_2	ATGTTTCCACCTCGTT-1
3548	1145	0.6875	CCGGTGAAGGTCGTCC-1_2	GAATCTGGTTTGCATG-1
3548	176	0.5625	CCGGTGAAGGTCGTCC-1_2	ACAAAGAGTTTGTGAC-1
3548	1405	0.25	CCGGTGAAGGTCGTCC-1_2	GCGCCAAGTTTGACCA-1
3550	1873	0.6875	CCGGTGATCATGTCAG-1_2	TAGCTTTCAAAGAGAG-1
3550	2250	0.4375	CCGGTGATCATGTCAG-1_2	TTACTCATCCAGTACA-1
3551	758	0.4375	CCGTAGGAGCAACAAT-1_2	CCAGATAGTCCAAGAG-1
3552	917	0.8125	CCGTAGGAGGCGTTGA-1_2	CGTACAATCTATATCC-1
3552	1689	0.4375	CCGTAGGAGGCGTTGA-1_2	GTGGATTGTGAGTAAT-1
3552	1940	0.25	CCGTAGGAGGCGTTGA-1_2	TCAAGGTAGCCATCAT-1
3553	404	1	CCGTAGGCAATGTCAC-1_2	AGCTGTAGTACGACCC-1
3555	1013	0.4375	CCGTAGGCAGGTTTAC-1_2	CTGAATGCAAAGAGAG-1
3555	1747	0.3125	CCGTAGGCAGGTTTAC-1_2	TAACAGCCAGTTCGGC-1
3556	669	0.5	CCGTAGGCAGTGTGGA-1_2	CAGCCTTTCTTAACGG-1
3556	876	0.3125	CCGTAGGCAGTGTGGA-1_2	CGCGCAACATACTGCA-1
3557	325	0.8125	CCGTAGGGTAGCGAGT-1_2	ACTTTCATCACGTCAA-1
3558	2100	0.5625	CCGTAGGTCCAAGCAT-1_2	TGATTTCGTTGGACGA-1
3558	2060	0.375	CCGTAGGTCCAAGCAT-1_2	TCTCTGGCAAAGCTGG-1
3559	1280	0.875	CCGTAGGTCCATTTAC-1_2	GCACGCAAGTGAGCTG-1
3559	335	0.25	CCGTAGGTCCATTTAC-1_2	AGATTCGAGGCAATTA-1
3562	2101	0.25	CCGTGAGGTCTCACGG-1_2	TGATTTCTCATCGCCT-1
3562	1108	0.1875	CCGTGAGGTCTCACGG-1_2	GAAATGATCAGGAATA-1
3563	2162	1	CCGTTCAAGTATGATG-1_2	TGGCCTTCAGGGTACA-1
3563	761	1	CCGTTCAAGTATGATG-1_2	CCAGATATCGTATAGC-1
3564	709	0.4375	CCTAACCAGAAGATCT-1_2	CAGTGTATCCATACCC-1
3564	555	0.875	CCTAACCAGAAGATCT-1_2	ATTGTGGTCGCTTACC-1
3565	1466	0.9375	CCTAACCCACCCTTAC-1_2	GCTGTTCCATAGAATG-1
3565	1076	0.75	CCTAACCCACCCTTAC-1_2	CTTGCTGAGCTATCGT-1
3565	832	0.5625	CCTAACCCACCCTTAC-1_2	CCTGGGAAGTGAGTTA-1
3565	373	0.375	CCTAACCCACCCTTAC-1_2	AGCCTTCGTGAGTAAT-1
3566	989	0.4375	CCTAACCGTTAATGAG-1_2	CTCGCTATCTGCGTCT-1
3566	111	0.375	CCTAACCGTTAATGAG-1_2	AACTTGGCAACGTCCG-1
3567	1929	0.6875	CCTAACCTCATGAAAG-1_2	TCAAGACCAATTGGCT-1
3567	2298	0.5	CCTAACCTCATGAAAG-1_2	TTCGTTACAAAGACGC-1
3567	1622	0.625	CCTAACCTCATGAAAG-1_2	GTAGACTGTCGAGGTA-1
3568	1310	0.5	CCTAAGAAGCATTTCG-1_2	GCAGCTGTCCGCCTAT-1
3568	973	0.4375	CCTAAGAAGCATTTCG-1_2	CTCAGAACAAACGTTC-1
3568	1037	0.5625	CCTAAGAAGCATTTCG-1_2	CTGTATTAGCCGCAAA-1
3568	1138	0.625	CCTAAGAAGCATTTCG-1_2	GAAGTCTCAGGTGGTA-1
3569	592	0.0625	CCTAAGAAGGCAGGGA-1_2	CAAGAAACAACGCACC-1
3571	830	0.3125	CCTACGTCACAAGCCC-1_2	CCTGCTAAGCATTCCA-1
3572	110	0.5	CCTACGTTCAATGTCG-1_2	AACTTGGAGGCGTCCT-1
3573	387	0.125	CCTATCGAGCGATGAC-1_2	AGCGTATTCGCATACA-1
3574	1054	1	CCTATCGCAATAGTGA-1_2	CTTCCAGAGTCCTTCC-1
3574	1695	1	CCTATCGCAATAGTGA-1_2	GTGGCGTCATTGTTCT-1
3575	1957	0.25	CCTCACAAGCGTTCCG-1_2	TCACAGACATCATAGC-1
3575	15	0.125	CCTCACAAGCGTTCCG-1_2	AAACTGCCAACCTCCT-1
3575	1360	0.1875	CCTCACAAGCGTTCCG-1_2	GCCTACTGTTGTATCG-1
3575	270	0.1875	CCTCACAAGCGTTCCG-1_2	ACGTGGCTCCGCTCTA-1
3576	1738	0.25	CCTCACAAGTAGTCAA-1_2	GTTGGTATCCAGAATC-1
3576	1776	0.5	CCTCACAAGTAGTCAA-1_2	TAATTCCAGTTCAGGG-1
3577	937	0.4375	CCTCACACACCTGATA-1_2	CTAACTTTCCGCCTAT-1
3577	5	0.4375	CCTCACACACCTGATA-1_2	AAACGAATCAGGCCGT-1
3577	2101	0.5625	CCTCACACACCTGATA-1_2	TGATTTCTCATCGCCT-1
3577	119	0.25	CCTCACACACCTGATA-1_2	AAGATAGAGATGTTCC-1
3578	1040	0.5	CCTCACAGTTTAAGGA-1_2	CTGTATTCAGGGTAAC-1
3579	373	1	CCTCACATCACATTGG-1_2	AGCCTTCGTGAGTAAT-1
3579	780	0.25	CCTCACATCACATTGG-1_2	CCCGTTAGTCTCGGGT-1
3579	2385	0.6875	CCTCACATCACATTGG-1_2	TTTGCGCAGAAGCCGT-1
3580	1826	0.5625	CCTCACATCACCCATC-1_2	TACTAGGCACATGATC-1
3580	1429	0.3125	CCTCACATCACCCATC-1_2	GCGTAGCGTACCTATG-1
3581	1686	0.75	CCTCACATCTCATTTG-1_2	GTGCTGGAGTCTCCAA-1
3581	2280	0.5625	CCTCACATCTCATTTG-1_2	TTCATCAAGTCTGTGT-1
3582	839	0.9375	CCTCAGTCAAGTCATC-1_2	CCTTAATCAGTATACC-1
3582	1755	0.5	CCTCAGTCAAGTCATC-1_2	TAACTTCGTCACAGGA-1
3582	285	0.5	CCTCAGTCAAGTCATC-1_2	ACTACCCAGGGACGTT-1
3583	2287	0.375	CCTCAGTCATCATTGG-1_2	TTCATTGCAAATTGAG-1
3586	92	0.3125	CCTCCAACAAACTAGA-1_2	AACGGGAAGGACTTTC-1
3589	1152	0.75	CCTCCTCGTATCGCGC-1_2	GACCAATGTCACATTG-1
3589	539	1	CCTCCTCGTATCGCGC-1_2	ATTACCTTCTGGGCGT-1
3590	291	1	CCTCCTCTCTCTATGT-1_2	ACTACCCTCACCCGGA-1
3591	1914	1	CCTCTAGCAACACAAA-1_2	TATCTGTTCTGTTGCC-1
3591	826	1	CCTCTAGCAACACAAA-1_2	CCTATTACAGACCTGC-1
3591	869	1	CCTCTAGCAACACAAA-1_2	CGCAATACACTCCTCA-1
3591	948	1	CCTCTAGCAACACAAA-1_2	CTACTTAGTGAGGGTT-1
3592	1199	0.75	CCTCTAGGTGCGTTTA-1_2	GAGCATTAGTGAACCG-1
3593	85	0.375	CCTCTAGGTTCCACGG-1_2	AACCTTTTCGTGGGTC-1
3593	1518	0.375	CCTCTAGGTTCCACGG-1_2	GGATAGGAGGCTTCGC-1
3594	142	1	CCTCTCCCAGCTGTCG-1_2	AATGCCACAGCGTGAA-1
3594	1473	1	CCTCTCCCAGCTGTCG-1_2	GCTTGCTTCTATGAGC-1
3595	759	0.6875	CCTCTCCGTCGAGATG-1_2	CCAGATAGTTCTGAGT-1
3595	628	0.375	CCTCTCCGTCGAGATG-1_2	CACCACTGTTTCCACC-1
3596	50	0.5625	CCTCTCCTCACCTTAT-1_2	AACAAAGGTACGTATC-1
3596	55	0.8125	CCTCTCCTCACCTTAT-1_2	AACAGTCGTCGAGGAT-1
3596	974	0.625	CCTCTCCTCACCTTAT-1_2	CTCAGAAGTACGCAAG-1
3596	2300	0.5	CCTCTCCTCACCTTAT-1_2	TTCGTTACAGGCATTT-1
3596	2015	0.375	CCTCTCCTCACCTTAT-1_2	TCCATCGGTGCCCTAG-1
3597	450	0.6875	CCTCTCCTCAGTCAGT-1_2	AGTGCGCTCATGCTTT-1
3597	780	0.4375	CCTCTCCTCAGTCAGT-1_2	CCCGTTAGTCTCGGGT-1
3598	1687	0.75	CCTCTCCTCTCACTCG-1_2	GTGCTGGGTAGCTGTT-1
3598	1306	0.0625	CCTCTCCTCTCACTCG-1_2	GCAGCTGAGGCAAGCT-1
3598	1410	0.1875	CCTCTCCTCTCACTCG-1_2	GCGGAAACAGGACCTC-1
3599	2112	0.3125	CCTGCATAGGTTAGTA-1_2	TGCCTCAAGACACGGT-1
3601	1490	0.25	CCTGTTGGTGCCCACA-1_2	GGAATCTCATCCGTAA-1
3602	1743	0.5625	CCTGTTGTCATCGCCT-1_2	TAAACCGTCGTGATAC-1
3602	2223	0.1875	CCTGTTGTCATCGCCT-1_2	TTAACGGTCGTCTAGA-1
3603	1227	0.1875	CCTTCAGAGAGGGTCT-1_2	GATCATGCAAAGAAGG-1
3603	1392	0.0625	CCTTCAGAGAGGGTCT-1_2	GCGATTACATGTGAGG-1
3604	1695	1	CCTTCAGAGCCATGCC-1_2	GTGGCGTCATTGTTCT-1
3605	1834	0.1875	CCTTGTGAGAGCAGCT-1_2	TACTGCCTCAATGCAC-1
3605	694	0.25	CCTTGTGAGAGCAGCT-1_2	CAGTATGCACAAACGG-1
3605	1389	0.3125	CCTTGTGAGAGCAGCT-1_2	GCGATTACAAGTCTGT-1
3606	1779	0.1875	CCTTGTGCACGCGGTT-1_2	TACAGCACAAGACTAA-1
3606	1153	1	CCTTGTGCACGCGGTT-1_2	GACCAATTCGATATGC-1
3606	282	0.25	CCTTGTGCACGCGGTT-1_2	ACTAACGGTGAGTAAT-1
3606	627	0.25	CCTTGTGCACGCGGTT-1_2	CACCACTGTAGCCATT-1
3607	2256	0.875	CCTTGTGCACTCAGAT-1_2	TTAGCGACAACAAACA-1
3607	2009	0.75	CCTTGTGCACTCAGAT-1_2	TCCAGAACAGTAACTC-1
3607	1026	0.5625	CCTTGTGCACTCAGAT-1_2	CTGGCAGGTGAGTAAT-1
3607	1909	0.6875	CCTTGTGCACTCAGAT-1_2	TATCTGTCAAGTCTGT-1
3608	100	0.6875	CCTTTGGTCATTATCC-1_2	AACGTACTCCTAGAGT-1
3610	1324	0.6875	CGAAGGACAAGCGAAC-1_2	GCATTGACAGCCACGT-1
3613	2206	0.75	CGAAGGAGTCAAACGG-1_2	TGTGGCGGTCGTAGTT-1
3613	2362	0.1875	CGAAGGAGTCAAACGG-1_2	TTGTCTAGTGAGTCGA-1
3613	426	0.9375	CGAAGGAGTCAAACGG-1_2	AGGCGAATCCGGAAAG-1
3613	572	0.5	CGAAGGAGTCAAACGG-1_2	CAACCAAAGACCGCAA-1
3614	1241	1	CGAAGTTCAATCGCCG-1_2	GATGATCAGGAAGAAC-1
3614	2176	1	CGAAGTTCAATCGCCG-1_2	TGGGTTACAATCAGGG-1
3614	2261	0.3125	CGAAGTTCAATCGCCG-1_2	TTAGCGATCTACCCGT-1
3616	1832	0.3125	CGAAGTTGTAATCAAG-1_2	TACTGCCAGAGGAACA-1
3617	1435	0.375	CGAATTGCACTAAACC-1_2	GCGTTGGTCCAGGTCG-1
3617	1519	0.375	CGAATTGCACTAAACC-1_2	GGATAGGCATGACTGT-1
3618	984	0.5625	CGAATTGTCACCTCGT-1_2	CTCCCAAGTTCCTGTC-1
3618	950	0.1875	CGAATTGTCACCTCGT-1_2	CTACTTAGTGGGTAGT-1
3618	1033	0.5	CGAATTGTCACCTCGT-1_2	CTGGGACCATCGAGTT-1
3618	555	0.25	CGAATTGTCACCTCGT-1_2	ATTGTGGTCGCTTACC-1
3619	2068	0.4375	CGAATTGTCATTTGTC-1_2	TGACTCCAGACTCGGA-1
3619	857	0.375	CGAATTGTCATTTGTC-1_2	CGATGATAGCTCCATA-1
3620	502	0.3125	CGACAGCAGAAGCGCT-1_2	ATCCTGCTCTGTGTCC-1
3620	2383	0.125	CGACAGCAGAAGCGCT-1_2	TTTGAGGCATGGTATC-1
3621	2212	0.5	CGACAGCCAACCCTCT-1_2	TGTTAGGAGAAACGCC-1
3623	1122	0.25	CGACAGCTCACCGCTT-1_2	GAACCTACAACTCGAT-1
3623	1887	0	CGACAGCTCACCGCTT-1_2	TAGGTGTAGGGTGTTG-1
3624	209	0.8125	CGACAGCTCGCAATTG-1_2	ACAGGCCTCGCCAGAC-1
3624	873	0.25	CGACAGCTCGCAATTG-1_2	CGCAGGTCAGCTTACA-1
3624	2092	0.0625	CGACAGCTCGCAATTG-1_2	TGATGCACACAGATGG-1
3626	38	0.125	CGAGAAGCAGACCAGA-1_2	AAATGAGAGAGTGGAA-1
3627	1783	0.6875	CGAGAAGTCGACATCA-1_2	TACATTCCAACCTCCT-1
3627	2120	0.625	CGAGAAGTCGACATCA-1_2	TGCGTAAGTTCCGCGA-1
3628	247	0.5	CGAGAAGTCGTCTAAG-1_2	ACCGCAGTCCAAGAGG-1
3629	976	0.375	CGAGGAATCATGAAAG-1_2	CTCAGAATCCGAATTG-1
3629	97	0.1875	CGAGGAATCATGAAAG-1_2	AACGTACCACTGTTAG-1
3629	1052	0.1875	CGAGGAATCATGAAAG-1_2	CTTCCAGAGATTAGAC-1
3631	193	0.5	CGAGGCTCATCGGCCA-1_2	ACAGAAAGTACGCAAG-1
3633	1626	0.5	CGAGTTACACACCGAC-1_2	GTAGGAGGTCCCTAAA-1
3633	127	0.4375	CGAGTTACACACCGAC-1_2	AAGGAGCGTAACTGAA-1
3633	2121	0.3125	CGAGTTACACACCGAC-1_2	TGCGTAATCCAAGTCA-1
3634	1084	0.25	CGATCGGAGTCACTCA-1_2	CTTGTCGAGTTACACC-1
3635	403	0.1875	CGATCGGCAACCACGC-1_2	AGCTGTACAAGATGCG-1
3635	1144	0.5625	CGATCGGCAACCACGC-1_2	GAATCTGCACCGTTGG-1
3635	143	0.125	CGATCGGCAACCACGC-1_2	AATGCCACATATTGGC-1
3636	2200	0.5625	CGATGCGGTCTGGTTA-1_2	TGTAGCAGTCCCGTGA-1
3636	214	0.25	CGATGCGGTCTGGTTA-1_2	ACATGCAAGCTTCAAC-1
3637	589	0.5625	CGATGCGGTTGTGTTG-1_2	CAACGTAGTCAGAAGC-1
3637	1243	0.5	CGATGCGGTTGTGTTG-1_2	GATGATCGTTACACTG-1
3637	524	0.0625	CGATGCGGTTGTGTTG-1_2	ATGTCGACAGCGCGTT-1
3638	1547	0.5	CGATGCGTCACTCGAA-1_2	GGCGTTGGTCTGAGCC-1
3638	1989	0.375	CGATGCGTCACTCGAA-1_2	TCAGGTATCTTCTTCC-1
3638	1046	0.4375	CGATGCGTCACTCGAA-1_2	CTTAATCCATAGACGG-1
3640	21	0.3125	CGATGGCCAGCTGTGC-1_2	AAAGATGCATGTGGGA-1
3640	816	0.5	CGATGGCCAGCTGTGC-1_2	CCGTAGGGTATCTCAG-1
3642	890	0.8125	CGATGGCTCATTTGCT-1_2	CGCTATCCAAGGCGTA-1
3642	1058	0.3125	CGATGGCTCATTTGCT-1_2	CTTCCAGTCCGAGGAA-1
3643	941	1	CGATGGCTCTAGGAAA-1_2	CTACAGATCAGAATGA-1
3643	637	1	CGATGGCTCTAGGAAA-1_2	CACCTGTTCTACATCT-1
3644	962	0.8125	CGCAGGTAGTAGATCA-1_2	CTAGGGCTCGGTCCGA-1
3644	1439	0.8125	CGCAGGTAGTAGATCA-1_2	GCTCACTTCGGAGTTT-1
3644	539	1	CGCAGGTAGTAGATCA-1_2	ATTACCTTCTGGGCGT-1
3645	3	0.875	CGCAGGTCACGCAAAG-1_2	AAACGAAAGTCTTAGC-1
3645	201	0.5	CGCAGGTCACGCAAAG-1_2	ACAGACTGTTCCAGTA-1
3646	737	1	CGCAGGTCATTCCTCG-1_2	CATTCCGGTTGGCGAA-1
3647	1640	1	CGCAGGTGTCCATAGT-1_2	GTCACCTTCAGGGTTT-1
3648	1962	0.6875	CGCAGGTGTCCTACAA-1_2	TCACCACAGCAGAATT-1
3649	532	0.4375	CGCAGGTGTGGTAATA-1_2	ATGTTTCAGTGAATAC-1
3650	1144	0.625	CGCATAAAGGCACTCC-1_2	GAATCTGCACCGTTGG-1
3650	403	0.5	CGCATAAAGGCACTCC-1_2	AGCTGTACAAGATGCG-1
3650	41	0.625	CGCATAAAGGCACTCC-1_2	AAATGAGTCTATGAGC-1
3650	1641	0.625	CGCATAAAGGCACTCC-1_2	GTCACCTTCGGAGTTT-1
3650	1577	0.5625	CGCATAAAGGCACTCC-1_2	GGTAGGAAGAAGAGTG-1
3651	1121	0.5625	CGCATAACACCGGAAA-1_2	GAACCTAAGTACTCTG-1
3654	367	0.375	CGCATAATCGGACCAC-1_2	AGCCTGGTCCAGTACA-1
3655	1992	0.375	CGCATGGCAGCTGGTC-1_2	TCAGTCCAGGTTTCTG-1
3655	734	0.375	CGCATGGCAGCTGGTC-1_2	CATTCATTCTGGACAT-1
3656	962	0.3125	CGCATGGCATACATCG-1_2	CTAGGGCTCGGTCCGA-1
3656	1422	0.3125	CGCATGGCATACATCG-1_2	GCGGTGTCACATTGCA-1
3658	851	0.5	CGCATGGGTTCAGCTA-1_2	CGAGTTAAGTTGCTTG-1
3658	972	0.4375	CGCATGGGTTCAGCTA-1_2	CTCACCATCTATTTCG-1
3658	2177	0.3125	CGCATGGGTTCAGCTA-1_2	TGGGTTACAATGGCAG-1
3660	1825	0	CGCCAGAAGAGTTGCG-1_2	TACTAGGCAACGCACC-1
3661	2178	1	CGCCAGAAGTGCCAGA-1_2	TGGGTTACAGGGTACA-1
3662	2040	0.5	CGCCAGACACGCACCA-1_2	TCGCCTACATGTCCCT-1
3662	977	0.125	CGCCAGACACGCACCA-1_2	CTCAGAATCGAAGCCC-1
3663	1501	0.75	CGCCAGACAGACCGCT-1_2	GGAGAACCATGGGTGA-1
3663	2160	0.25	CGCCAGACAGACCGCT-1_2	TGGCAATTCTGAAAGA-1
3664	931	0.6875	CGCCAGATCGCCACTT-1_2	CGTTCCATCTGTTGCC-1
3664	765	0.5625	CGCCAGATCGCCACTT-1_2	CCATACCGTAGCGGTA-1
3664	1432	0.1875	CGCCAGATCGCCACTT-1_2	GCGTTGGCAGAGTCGA-1
3665	1655	0.1875	CGCCATTAGCCGGATA-1_2	GTCGTAAGTATGTTCG-1
3665	1486	0.4375	CGCCATTAGCCGGATA-1_2	GGAACTTGTATGGGTG-1
3665	1784	0.5	CGCCATTAGCCGGATA-1_2	TACATTCCATCGTACA-1
3666	1254	0.25	CGCCATTCAGGCATGA-1_2	GATTAGCCAACTACTG-1
3666	1006	0.5625	CGCCATTCAGGCATGA-1_2	CTCTCAGCATTGTGAC-1
3666	945	1	CGCCATTCAGGCATGA-1_2	CTACTTAGTACCGGCT-1
3666	1852	0.1875	CGCCATTCAGGCATGA-1_2	TAGCATGAGAATGCTA-1
3667	705	0.625	CGCCATTTCGCCGATG-1_2	CAGTGCGTCTTCCACG-1
3667	382	0.4375	CGCCATTTCGCCGATG-1_2	AGCGATTTCCAGGTCG-1
3668	1150	0.3125	CGCGTGAAGGCAATGC-1_2	GACCAATCACGCGTTG-1
3668	155	0.375	CGCGTGAAGGCAATGC-1_2	AATGGCTAGTTGGAAT-1
3669	83	0.375	CGCGTGACACTCCACT-1_2	AACCTTTTCCAGAGAG-1
3669	120	0.5625	CGCGTGACACTCCACT-1_2	AAGATAGAGCGGACAT-1
3670	984	0.625	CGCGTGAGTGTCCACG-1_2	CTCCCAAGTTCCTGTC-1
3670	1568	0.3125	CGCGTGAGTGTCCACG-1_2	GGGTGTCCACTCCACT-1
3671	931	0.8125	CGGAACCAGTAAGACT-1_2	CGTTCCATCTGTTGCC-1
3671	1374	0.5	CGGAACCAGTAAGACT-1_2	GCGAGTCAGTTGACAA-1
3671	707	0.8125	CGGAACCAGTAAGACT-1_2	CAGTGTAAGTTAGCAA-1
3672	1023	0.75	CGGAACCCACCACTGG-1_2	CTGGCAGCATAGCCAT-1
3673	1822	0.3125	CGGAATTAGTATGGAT-1_2	TACGGATTCAGGGTTT-1
3674	596	1	CGGAATTCACTCACTC-1_2	CAAGAAATCATGTTCT-1
3674	958	0.5625	CGGAATTCACTCACTC-1_2	CTAGGATCAGGGAGTT-1
3675	557	0.5	CGGAATTCACTCCACT-1_2	ATTTGTCAGGCAGTGT-1
3676	475	0.5625	CGGAATTCAGAGATTA-1_2	ATATTCCAGAACCCGA-1
3677	2086	0.75	CGGAATTCATCGAGCC-1_2	TGATCAGAGTGATTAG-1
3677	1498	0.8125	CGGAATTCATCGAGCC-1_2	GGACACCGTCTGGTTA-1
3677	1919	0.875	CGGAATTCATCGAGCC-1_2	TATGTTCAGATGAGGA-1
3677	859	0.3125	CGGAATTCATCGAGCC-1_2	CGATGATAGGTACTCT-1
3678	747	0.3125	CGGAATTGTGCCGGTT-1_2	CCACAGGTCGAGAAGC-1
3678	119	0.375	CGGAATTGTGCCGGTT-1_2	AAGATAGAGATGTTCC-1
3679	211	0.375	CGGAATTGTTGGACTT-1_2	ACAGGCCTCTGACATG-1
3679	1583	0.4375	CGGAATTGTTGGACTT-1_2	GGTCATACAGAACGAC-1
3680	2004	0.8125	CGGAATTTCAAACGAA-1_2	TCAGTTTTCCCGGGTA-1
3680	158	0.625	CGGAATTTCAAACGAA-1_2	AATGGCTGTATTGTGC-1
3681	1374	0.625	CGGAATTTCCATGATG-1_2	GCGAGTCAGTTGACAA-1
3682	2270	0	CGGACACAGCGAGTAC-1_2	TTAGGTGAGAGCTGTG-1
3683	762	1	CGGACACGTACACTCA-1_2	CCAGATATCTTTCGAT-1
3683	2010	0.5	CGGACACGTACACTCA-1_2	TCCAGAAGTACTAGAA-1
3684	486	0.5	CGGACACTCAACTTTC-1_2	ATCCCTGCATGTAGAA-1
3685	1011	0.5625	CGGACACTCCTAGCCT-1_2	CTCTCGATCGACTTAG-1
3685	1714	0.3125	CGGACACTCCTAGCCT-1_2	GTTACGAGTACGGAGT-1
3685	773	0.375	CGGACACTCCTAGCCT-1_2	CCCAGAGCACACACAT-1
3685	1400	0.3125	CGGACACTCCTAGCCT-1_2	GCGCATGGTATGGGTG-1
3686	2061	1	CGGAGAACACAAGCCC-1_2	TCTCTGGGTCATGAGG-1
3688	2178	1	CGGAGAACAGCCGGTT-1_2	TGGGTTACAGGGTACA-1
3688	1994	1	CGGAGAACAGCCGGTT-1_2	TCAGTCCGTCATAGCT-1
3688	1309	1	CGGAGAACAGCCGGTT-1_2	GCAGCTGGTAATGTGA-1
3689	338	0.5625	CGGAGAACATCCGCGA-1_2	AGATTCGCACAAGTGG-1
3690	1219	0.5	CGGAGAAGTCGTTCAA-1_2	GAGGTCCCATGTGGGA-1
3690	23	0.1875	CGGAGAAGTCGTTCAA-1_2	AAAGATGTCCGGGCAT-1
3692	1386	0.75	CGGAGAAGTTTCGATG-1_2	GCGATCGTCGGTACTA-1
3693	1581	1	CGGAGAATCTGCTGAA-1_2	GGTAGGATCCTCTCTT-1
3693	499	0.625	CGGAGAATCTGCTGAA-1_2	ATCCTGCAGGGTAATT-1
3693	923	0.375	CGGAGAATCTGCTGAA-1_2	CGTGGCATCTACTTTG-1
3693	1199	0.5	CGGAGAATCTGCTGAA-1_2	GAGCATTAGTGAACCG-1
3694	533	0.5	CGGCAGTAGGATGCGT-1_2	ATGTTTCCACCTCGTT-1
3694	732	0.0625	CGGCAGTAGGATGCGT-1_2	CATTCATTCAGTAGTC-1
3695	2056	0.375	CGGCAGTCACTTCAGA-1_2	TCTATTGCACATATCG-1
3696	1978	0.625	CGGCAGTTCCAAGAGG-1_2	TCACTCGTCTTCGTTA-1
3696	1895	0.25	CGGCAGTTCCAAGAGG-1_2	TAGTCCCGTATCCTTT-1
3696	2358	0.3125	CGGCAGTTCCAAGAGG-1_2	TTGGTCCAGCTGATTC-1
3697	1088	0.125	CGGCAGTTCTCAACGA-1_2	CTTGTCGGTCGTAATC-1
3698	1607	0.25	CGGCAGTTCTTGGATG-1_2	GGTTGCGCATTATGGC-1
3698	425	0.3125	CGGCAGTTCTTGGATG-1_2	AGGCGAAGTTAGCTCA-1
3699	1484	0.4375	CGGGACTCACCATTCC-1_2	GGAACTTAGGATTGAT-1
3701	125	0.375	CGGGCATCAATTCTCT-1_2	AAGGAGCCAGGGTAAC-1
3701	2036	0.3125	CGGGCATCAATTCTCT-1_2	TCGCAGGGTACTTCGA-1
3701	1060	0.1875	CGGGCATCAATTCTCT-1_2	CTTCTAACATGTGAGG-1
3702	2240	1	CGGGCATGTGACGTCC-1_2	TTACGTTCAACGGGTA-1
3703	2207	0.5	CGGGTGTCAAGGGCAT-1_2	TGTGGCGTCGCTTACC-1
3703	2327	0.5	CGGGTGTCAAGGGCAT-1_2	TTGCACCCATTTGGTG-1
3704	342	0.375	CGGGTGTCACACCTTC-1_2	AGCCAGCGTATGGGTG-1
3705	1708	0.375	CGGGTGTGTGGCAGAT-1_2	GTGTGATAGCGTCAAG-1
3705	499	0.3125	CGGGTGTGTGGCAGAT-1_2	ATCCTGCAGGGTAATT-1
3705	1734	0.5	CGGGTGTGTGGCAGAT-1_2	GTTGGTACACCCTTTG-1
3706	36	0.0625	CGGGTGTTCGGTTAGT-1_2	AAAGGGCTCAGTGTGT-1
3706	1096	0.5	CGGGTGTTCGGTTAGT-1_2	CTTTGCGTCTTGCGCT-1
3708	2311	0.875	CGGTCAGCATACTTTC-1_2	TTCTGTAGTCATTGGT-1
3708	366	0.4375	CGGTCAGCATACTTTC-1_2	AGCCTGGTCAGTGTAC-1
3708	2378	0.3125	CGGTCAGCATACTTTC-1_2	TTGTTGTTCGCGTGAC-1
3710	61	0.375	CGTAAGTAGAATCGAT-1_2	AACCAACAGAGTTTGA-1
3711	995	0.5	CGTAAGTCAATTAGGA-1_2	CTCTACGTCCCACTAC-1
3711	2305	1	CGTAAGTCAATTAGGA-1_2	TTCTAACTCAGTCTTT-1
3712	710	0.3125	CGTAAGTGTGCCGTAC-1_2	CATAACGAGTCCGATT-1
3712	2090	0.25	CGTAAGTGTGCCGTAC-1_2	TGATGCAAGGAATGGA-1
3713	1351	0.4375	CGTAAGTTCCTGTAGA-1_2	GCCCGAACAACTACTG-1
3713	529	0.6875	CGTAAGTTCCTGTAGA-1_2	ATGTCTTTCGGTAGGA-1
3713	257	0.625	CGTAAGTTCCTGTAGA-1_2	ACCTGCTTCGTATAGC-1
3714	2041	0.4375	CGTAAGTTCTTACGGA-1_2	TCGCCTATCACTCGGG-1
3714	2289	0.6875	CGTAAGTTCTTACGGA-1_2	TTCATTGGTATTCTTC-1
3715	1981	0.5	CGTAATGGTAACGATA-1_2	TCAGCTCTCCCAGCAG-1
3716	651	0.25	CGTAATGTCGGTAACT-1_2	CACTAAGAGGAATGGA-1
3717	2163	0.5	CGTCAAAAGTCAGAGC-1_2	TGGCGCAAGTGTGTAA-1
3717	1481	0.125	CGTCAAAAGTCAGAGC-1_2	GGAACCCGTATCTAGC-1
3718	1565	0.25	CGTCAAACAACGAGGT-1_2	GGGTCTGGTTACCCAA-1
3718	1770	0.1875	CGTCAAACAACGAGGT-1_2	TAATCGGTCGGGAATG-1
3718	1228	0.375	CGTCAAACAACGAGGT-1_2	GATCATGCAACAAACA-1
3719	289	0.5	CGTCAAACACCCTGTT-1_2	ACTACCCCAGTTCGGC-1
3719	1448	0.1875	CGTCAAACACCCTGTT-1_2	GCTCCTACATTACTTC-1
3720	1335	0.375	CGTCAAAGTCCTGTCT-1_2	GCCAGCAAGGCAAGCT-1
3720	1071	0.25	CGTCAAAGTCCTGTCT-1_2	CTTGCCAGTATCTAGC-1
3721	193	0.1875	CGTCAAAGTCGAATTC-1_2	ACAGAAAGTACGCAAG-1
3721	1535	0.125	CGTCAAAGTCGAATTC-1_2	GGCGAAAAGAACCCGA-1
3722	1957	0.8125	CGTCCATAGTCGCCAC-1_2	TCACAGACATCATAGC-1
3722	2040	0.9375	CGTCCATAGTCGCCAC-1_2	TCGCCTACATGTCCCT-1
3722	220	0.5	CGTCCATAGTCGCCAC-1_2	ACATGGTGTGTGCTTA-1
3724	921	0	CGTGAATCACAATGCT-1_2	CGTGGCAGTAAGCCTT-1
3725	37	0.8125	CGTGAATCAGAGGCTA-1_2	AAATGAGAGACTAGCG-1
3727	578	0.3125	CGTGAATGTTCCTAAG-1_2	CAACGGCAGTCCAGAG-1
3727	1042	0.4375	CGTGAATGTTCCTAAG-1_2	CTGTTCGCATTAGCAC-1
3728	814	0.3125	CGTGAATTCGAGTCTA-1_2	CCGTAGGCACCATTCC-1
3728	1447	0.25	CGTGAATTCGAGTCTA-1_2	GCTCCTACACAGGTAG-1
3729	2295	0.3125	CGTGAATTCTTCTAAC-1_2	TTCGCGTCAAGTCCTA-1
3729	727	0.0625	CGTGAATTCTTCTAAC-1_2	CATGTTTGTACGGATG-1
3730	1012	0.25	CGTGATATCAAGTTGC-1_2	CTGAATGAGTACAGAT-1
3731	842	0.1875	CGTGATATCACCACAA-1_2	CCTTAATTCGGGAATG-1
3732	327	0.625	CGTGCTTCACTTCATT-1_2	AGACAAACACACACCG-1
3733	2229	1	CGTGCTTGTCTACAGT-1_2	TTACCCGCATGCACTA-1
3733	210	0.4375	CGTGCTTGTCTACAGT-1_2	ACAGGCCTCGGGATCC-1
3733	2182	0.5	CGTGCTTGTCTACAGT-1_2	TGGTCAATCCATCTAT-1
3733	1634	0.1875	CGTGCTTGTCTACAGT-1_2	GTCACCTCAAACCCTA-1
3734	1572	0.6875	CGTGTCTTCTGCCTGT-1_2	GGGTTATGTAGATGAT-1
3734	2195	0.75	CGTGTCTTCTGCCTGT-1_2	TGTACGACAATTCTCT-1
3736	183	0.4375	CGTTAGACAATAGGAT-1_2	ACAAGCTTCACTGATG-1
3736	983	0.3125	CGTTAGACAATAGGAT-1_2	CTCCCAAAGGTCTTTG-1
3737	732	0.5625	CGTTAGACAGGACATG-1_2	CATTCATTCAGTAGTC-1
3738	2099	0.25	CGTTAGATCTCATTGT-1_2	TGATTTCGTCTGTCCT-1
3741	1539	1	CGTTGGGAGTGGAATT-1_2	GGCGTTGAGACGTCAG-1
3741	816	0.4375	CGTTGGGAGTGGAATT-1_2	CCGTAGGGTATCTCAG-1
3743	687	0.375	CGTTGGGTCTCTATGT-1_2	CAGGATTGTAGAAAGG-1
3744	2324	0.4375	CTAACCCAGACTCAAA-1_2	TTGAGTGTCATTCTTG-1
3744	1848	0.3125	CTAACCCAGACTCAAA-1_2	TAGCACATCAGGGTTT-1
3744	493	0.0625	CTAACCCAGACTCAAA-1_2	ATCCTCGGTAGAAAGG-1
3745	1748	0.25	CTAACCCGTAGCGCCT-1_2	TAACAGCTCTAGCAAC-1
3746	401	0.375	CTAACCCGTCTTAGTG-1_2	AGCTGTAAGGTTAACA-1
3746	750	0.3125	CTAACCCGTCTTAGTG-1_2	CCAGAATAGTGGACGT-1
3748	1623	0.25	CTACAGAAGGATTCAA-1_2	GTAGACTTCGTGGGTC-1
3748	2083	0.3125	CTACAGAAGGATTCAA-1_2	TGAGTCATCCCTAAAG-1
3749	1788	0.875	CTACAGAAGTATGACA-1_2	TACATTCTCGGCTATA-1
3749	2114	0.5625	CTACAGAAGTATGACA-1_2	TGCCTGTAGGGTTCTT-1
3749	603	0.625	CTACAGAAGTATGACA-1_2	CAAGGCCTCCAATAGC-1
3749	1754	0.375	CTACAGAAGTATGACA-1_2	TAACTTCGTACTAGAA-1
3750	1861	0.5625	CTACAGATCATGCCGG-1_2	TAGCCCTGTGCGTCCA-1
3750	906	0.4375	CTACAGATCATGCCGG-1_2	CGGTGCAGTTTGAAGA-1
3750	649	0.125	CTACAGATCATGCCGG-1_2	CACGTTCCAACTCGAT-1
3751	376	1	CTACAGATCCTTTAGT-1_2	AGCGATTCACGTTGTA-1
3751	541	0.625	CTACAGATCCTTTAGT-1_2	ATTACTCCAAGTGGCA-1
3752	490	0.8125	CTACATTAGCATAGGC-1_2	ATCCTCGAGCTATCCA-1
3753	558	0.125	CTACCCAAGAGTGGCT-1_2	ATTTGTCCAATTCTCT-1
3754	1622	0.75	CTACCCAAGATGGGCT-1_2	GTAGACTGTCGAGGTA-1
3754	1971	0.75	CTACCCAAGATGGGCT-1_2	TCACTCGAGCTGAATA-1
3754	1950	0.3125	CTACCCAAGATGGGCT-1_2	TCACAAGAGACTAGGC-1
3755	645	0.6875	CTACCCAAGCCTCACG-1_2	CACCTTGTCCATACCC-1
3757	910	0.3125	CTACCCATCCGAACGC-1_2	CGTAAACGTGATAAGT-1
3757	2092	0.375	CTACCCATCCGAACGC-1_2	TGATGCACACAGATGG-1
3757	2377	0.5	CTACCCATCCGAACGC-1_2	TTGTTGTTCCTGACCT-1
3757	1077	0.5625	CTACCCATCCGAACGC-1_2	CTTGCTGCACTAAACC-1
3757	219	0.6875	CTACCCATCCGAACGC-1_2	ACATGGTCAAGCAATA-1
3758	391	0.5625	CTACCTGAGAGGGTGG-1_2	AGCGTGCGTAAGTGCG-1
3758	2219	0.1875	CTACCTGAGAGGGTGG-1_2	TGTTAGGGTTGCTTGA-1
3758	652	0.375	CTACCTGAGAGGGTGG-1_2	CACTAAGCAAATAGTG-1
3758	1591	0.3125	CTACCTGAGAGGGTGG-1_2	GGTGAAGGTTTAAGGA-1
3759	840	0.5	CTACCTGCACTACTTT-1_2	CCTTAATCATCCTCGT-1
3759	1474	0	CTACCTGCACTACTTT-1_2	GCTTTCGAGGTCTTTG-1
3760	382	0.75	CTACCTGCAGGCTACC-1_2	AGCGATTTCCAGGTCG-1
3760	828	0.25	CTACCTGCAGGCTACC-1_2	CCTCCCTTCGGTACTA-1
3761	1357	0.1875	CTACCTGGTTCCCACT-1_2	GCCTACTCAATGCCAT-1
3761	1355	0.5625	CTACCTGGTTCCCACT-1_2	GCCCGAATCTATATCC-1
3762	528	0.5625	CTACCTGTCCATGATG-1_2	ATGTCTTAGACACAAT-1
3762	1172	0.25	CTACCTGTCCATGATG-1_2	GACCTTCCACCGTTGG-1
3763	670	0.9375	CTACCTGTCCTGTAGA-1_2	CAGCTAAAGACGCCCT-1
3763	1477	0.25	CTACCTGTCCTGTAGA-1_2	GCTTTCGTCTCTCAAT-1
3763	790	0.9375	CTACCTGTCCTGTAGA-1_2	CCCTAGTAGACTAGGC-1
3765	77	0.375	CTACGGGAGTACCATC-1_2	AACCTGAGTAGGTGAC-1
3765	211	0.5625	CTACGGGAGTACCATC-1_2	ACAGGCCTCTGACATG-1
3766	112	0.6875	CTACGGGCAAACACGG-1_2	AACTTGGCAAGGAACC-1
3766	352	0.6875	CTACGGGCAAACACGG-1_2	AGCCCGATCTCCAACC-1
3766	1560	0.5625	CTACGGGCAAACACGG-1_2	GGGCCATGTTAGGAAT-1
3767	153	0.875	CTACGGGGTGAGTTTC-1_2	AATGGAATCGGTCTCT-1
3767	2258	0.75	CTACGGGGTGAGTTTC-1_2	TTAGCGACACACACAT-1
3767	1393	0.25	CTACGGGGTGAGTTTC-1_2	GCGATTAGTCACAGGA-1
3767	1583	0.5	CTACGGGGTGAGTTTC-1_2	GGTCATACAGAACGAC-1
3768	1696	0.3125	CTACGGGTCAATCGGT-1_2	GTGGCGTGTAACCATC-1
3769	1248	0.5625	CTACGGGTCATTCGTT-1_2	GATGGCCCATGTATCG-1
3769	391	0.4375	CTACGGGTCATTCGTT-1_2	AGCGTGCGTAAGTGCG-1
3769	618	0.4375	CTACGGGTCATTCGTT-1_2	CACATGAAGAGCGAAA-1
3769	394	0.4375	CTACGGGTCATTCGTT-1_2	AGCTATGGTCTGATTG-1
3770	470	0.375	CTACGGGTCGCGTAGC-1_2	ATAGGCTGTGGCATAG-1
3770	469	0.1875	CTACGGGTCGCGTAGC-1_2	ATAGGCTGTAGATTAG-1
3770	1918	0.3125	CTACGGGTCGCGTAGC-1_2	TATGTTCAGATCTAAG-1
3771	1456	0.625	CTACTATAGTACGTCT-1_2	GCTCGAGGTTTCCGGG-1
3771	183	0.25	CTACTATAGTACGTCT-1_2	ACAAGCTTCACTGATG-1
3771	1077	0.6875	CTACTATAGTACGTCT-1_2	CTTGCTGCACTAAACC-1
3772	1980	0.1875	CTACTATGTAGTCTGT-1_2	TCAGCTCCACTCAAGT-1
3772	1597	0.25	CTACTATGTAGTCTGT-1_2	GGTGTCGCAAGTCCTA-1
3773	1784	0.3125	CTACTATTCTTGGTGA-1_2	TACATTCCATCGTACA-1
3773	427	0.1875	CTACTATTCTTGGTGA-1_2	AGGCGTCCACGATTAC-1
3773	1008	0.1875	CTACTATTCTTGGTGA-1_2	CTCTCGACACCGTTGG-1
3776	1120	1	CTAGACATCGAGAACG-1_2	GAACCTAAGGTTGTTC-1
3777	483	0.6875	CTAGGTAAGTCCTGTA-1_2	ATCCAGATCAAGGCCC-1
3777	1549	0.9375	CTAGGTAAGTCCTGTA-1_2	GGCGTTGGTTGTATCG-1
3777	146	1	CTAGGTAAGTCCTGTA-1_2	AATGGAACACTCAGCG-1
3777	1867	0.9375	CTAGGTAAGTCCTGTA-1_2	TAGCCGGGTATCTCAG-1
3778	1399	0.125	CTAGGTATCCATGAGT-1_2	GCGCATGCAAACTACC-1
3778	2195	0.75	CTAGGTATCCATGAGT-1_2	TGTACGACAATTCTCT-1
3779	1173	0.9375	CTATAGGAGCACTCTA-1_2	GACCTTCCACGGCCAT-1
3779	2164	0.6875	CTATAGGAGCACTCTA-1_2	TGGCGCACAACGGGTA-1
3779	481	0.375	CTATAGGAGCACTCTA-1_2	ATCCAGAAGTGCTGAG-1
3779	822	0.25	CTATAGGAGCACTCTA-1_2	CCTAAAGGTCACAGGA-1
3779	1248	0.5625	CTATAGGAGCACTCTA-1_2	GATGGCCCATGTATCG-1
3780	2274	0.6875	CTATAGGCAATCAGCT-1_2	TTAGGTGGTTGGCTAT-1
3781	285	0.6875	CTATCCGCACTGAATC-1_2	ACTACCCAGGGACGTT-1
3781	1582	0.0625	CTATCCGCACTGAATC-1_2	GGTAGGATCGGTCCGA-1
3782	744	0.625	CTATCTACATTGCCGG-1_2	CCAATGAGTATTCTCT-1
3784	1795	0.3125	CTCAACCAGCGCCTAC-1_2	TACCTATTCAGTGGTT-1
3784	2297	0.375	CTCAACCAGCGCCTAC-1_2	TTCGGTCTCCATACGA-1
3786	2225	0.4375	CTCAACCGTGAGGCAT-1_2	TTACCCGCAAGCCAGA-1
3786	1696	0.6875	CTCAACCGTGAGGCAT-1_2	GTGGCGTGTAACCATC-1
3787	1548	0.4375	CTCAACCTCCTCGATC-1_2	GGCGTTGGTTAGTAGA-1
3787	423	0.25	CTCAACCTCCTCGATC-1_2	AGGCGAAGTCGTCGCA-1
3788	1392	0.5	CTCAACCTCTTAGCAG-1_2	GCGATTACATGTGAGG-1
3789	1678	1	CTCAAGACAATACAGA-1_2	GTGCCAGGTCAGGTGA-1
3789	1165	0.5	CTCAAGACAATACAGA-1_2	GACCCAGTCCACGCTT-1
3790	1755	0.3125	CTCAAGACACAGCCTG-1_2	TAACTTCGTCACAGGA-1
3790	1717	0.4375	CTCAAGACACAGCCTG-1_2	GTTACTTAGTAACATG-1
3790	775	0.6875	CTCAAGACACAGCCTG-1_2	CCCAGAGCATGGTAAA-1
3790	897	0.1875	CTCAAGACACAGCCTG-1_2	CGGACCACACACTAGT-1
3791	909	0.125	CTCAAGAGTCATCTAG-1_2	CGTAAACCAATAGCGG-1
3792	1844	0.6875	CTCAAGAGTCGCTTAA-1_2	TAGCACACAGTGCGTC-1
3792	1376	0.6875	CTCAAGAGTCGCTTAA-1_2	GCGAGTCCACATTCTT-1
3792	2098	0.75	CTCAAGAGTCGCTTAA-1_2	TGATTTCAGGAATGGA-1
3793	1673	0.3125	CTCAATTAGATACATG-1_2	GTGCACGCACACACCG-1
3794	1560	0.3125	CTCAATTCATTGTGCA-1_2	GGGCCATGTTAGGAAT-1
3794	26	0.5625	CTCAATTCATTGTGCA-1_2	AAAGGATCATACCCGG-1
3796	329	0.75	CTCAATTTCATTCGGA-1_2	AGACAAATCAAACCCA-1
3796	705	0.3125	CTCAATTTCATTCGGA-1_2	CAGTGCGTCTTCCACG-1
3796	476	0.4375	CTCAATTTCATTCGGA-1_2	ATATTCCAGAGGAACA-1
3797	1441	0.4375	CTCACTGAGGTCATCT-1_2	GCTCAGGCAGGCAGAT-1
3798	2006	0.25	CTCACTGTCACTCACC-1_2	TCCAGAAAGATATGTG-1
3798	1941	0.1875	CTCACTGTCACTCACC-1_2	TCAAGGTCACAGATGG-1
3799	1192	0.4375	CTCAGAACAATAACGA-1_2	GAGATTCAGGGTCTGA-1
3800	1075	0.625	CTCAGAAGTTCAAACC-1_2	CTTGCCATCGACCCGA-1
3800	1980	0.375	CTCAGAAGTTCAAACC-1_2	TCAGCTCCACTCAAGT-1
3801	1411	0.0625	CTCAGAATCGCGGTAC-1_2	GCGGAAACATCGGCCA-1
3801	461	0.5625	CTCAGAATCGCGGTAC-1_2	AGTTTGGCACCGATCG-1
3802	1481	0.4375	CTCAGAATCGCTTAAG-1_2	GGAACCCGTATCTAGC-1
3802	1322	0.125	CTCAGAATCGCTTAAG-1_2	GCATTGAAGGTGTCGA-1
3802	2245	0.0625	CTCAGAATCGCTTAAG-1_2	TTACTCAAGCACGTAG-1
3802	2027	0.1875	CTCAGAATCGCTTAAG-1_2	TCGATTTAGCATTCCA-1
3802	2394	0.1875	CTCAGAATCGCTTAAG-1_2	TTTGGCCTCGAGGTAG-1
3803	214	0.4375	CTCAGGGAGTGTGTTC-1_2	ACATGCAAGCTTCAAC-1
3803	1106	0.125	CTCAGGGAGTGTGTTC-1_2	GAAATGAGTCAGTGTT-1
3803	1804	0.3125	CTCAGGGAGTGTGTTC-1_2	TACGCAACACATGATC-1
3804	1884	0.4375	CTCAGTCAGCTGACTT-1_2	TAGGTCATCCATCGAA-1
3804	2155	0.3125	CTCAGTCAGCTGACTT-1_2	TGGACATGTTTCTCTA-1
3805	465	0.875	CTCAGTCCATACCACA-1_2	AGTTTGGTCGATAGGG-1
3805	1236	0	CTCAGTCCATACCACA-1_2	GATCGTACATGCGTTA-1
3805	332	0.375	CTCAGTCCATACCACA-1_2	AGATAGATCGTTCTAT-1
3806	1932	1	CTCAGTCTCAAGTCGT-1_2	TCAAGCACAAACCCTA-1
3806	2292	0.375	CTCAGTCTCAAGTCGT-1_2	TTCGATTAGGATTGAT-1
3807	1334	0.75	CTCAGTCTCGCCTAGG-1_2	GCCAGCAAGCACACCC-1
3807	1671	0.375	CTCAGTCTCGCCTAGG-1_2	GTGCACGAGTTCGACT-1
3807	1601	0.3125	CTCAGTCTCGCCTAGG-1_2	GGTGTCGTCTGCGTCT-1
3808	535	0.3125	CTCATGCAGAAGGTAG-1_2	ATGTTTCGTACGCCCA-1
3809	1637	0.625	CTCATGCGTTGACGGA-1_2	GTCACCTCATGCCTTC-1
3809	1730	0.8125	CTCATGCGTTGACGGA-1_2	GTTCAAGTCTACTTTG-1
3810	1069	0.5	CTCATTAGTTATAGAG-1_2	CTTGCCAAGGGAAATG-1
3810	1435	0.25	CTCATTAGTTATAGAG-1_2	GCGTTGGTCCAGGTCG-1
3811	729	0.9375	CTCCAACTCGCCAGAC-1_2	CATTCATAGTGGGACT-1
3812	101	1	CTCCACACAGTAGAAT-1_2	AACTGGTAGTGATAAC-1
3812	1190	0.4375	CTCCACACAGTAGAAT-1_2	GAGACTTTCGACTTAG-1
3812	1101	0.5625	CTCCACACAGTAGAAT-1_2	GAAAGTACAGATAAGT-1
3813	1792	0.25	CTCCACAGTAACACCT-1_2	TACCCTGGTTTGCCAA-1
3814	1000	0.6875	CTCCACAGTTCGGTTA-1_2	CTCTAGCCAATCACTG-1
3814	762	1	CTCCACAGTTCGGTTA-1_2	CCAGATATCTTTCGAT-1
3814	2284	0.5625	CTCCACAGTTCGGTTA-1_2	TTCATCATCCAGAATC-1
3814	1767	0.1875	CTCCACAGTTCGGTTA-1_2	TAATCGGCAATCATCG-1
3815	1602	1	CTCCATGAGAGCTTTC-1_2	GGTTGCGAGAACAGGA-1
3815	1528	1	CTCCATGAGAGCTTTC-1_2	GGATGAGCATGCGACC-1
3815	2127	1	CTCCATGAGAGCTTTC-1_2	TGCTCACAGTTATGAG-1
3815	514	0.5625	CTCCATGAGAGCTTTC-1_2	ATGGATCCATCCTGGG-1
3815	497	1	CTCCATGAGAGCTTTC-1_2	ATCCTGCAGATTCCGT-1
3816	1877	0.625	CTCCATGGTCGCTTGG-1_2	TAGGAGGAGAATACTG-1
3816	521	0.25	CTCCATGGTCGCTTGG-1_2	ATGTACGTCCAGGTAT-1
3816	1370	0.5625	CTCCATGGTCGCTTGG-1_2	GCGAGAATCAGTACAC-1
3816	573	0.0625	CTCCATGGTCGCTTGG-1_2	CAACCAACACGCGTTG-1
3817	695	0.125	CTCCCAACACTGGCGT-1_2	CAGTATGGTAATGTAG-1
3818	2329	0.25	CTCCCAATCTAGGCAT-1_2	TTGCAGAAGAAAGCAG-1
3818	1574	0.3125	CTCCCAATCTAGGCAT-1_2	GGGTTATTCGGCTATA-1
3819	2367	1	CTCCCTCCATGTTTGG-1_2	TTGTTCACACAAGGGT-1
3820	129	0.3125	CTCCCTCGTGCCGAAA-1_2	AAGGAGCTCAGGTTTG-1
3820	1045	0.3125	CTCCCTCGTGCCGAAA-1_2	CTTAATCCAGCGCGTT-1
3820	45	0.375	CTCCCTCGTGCCGAAA-1_2	AAATGCCTCCGTGCAG-1
3821	1687	0.3125	CTCCCTCTCATCTACT-1_2	GTGCTGGGTAGCTGTT-1
3821	924	0.3125	CTCCCTCTCATCTACT-1_2	CGTTCCAAGGATGTCG-1
3822	1163	0.4375	CTCCCTCTCATTTCCA-1_2	GACCCAGGTCAGGCTC-1
3823	2216	1	CTCCCTCTCGGCATAT-1_2	TGTTAGGGTGCAAGCA-1
3823	576	0.3125	CTCCCTCTCGGCATAT-1_2	CAACCAATCCGATGCG-1
3823	116	0.375	CTCCCTCTCGGCATAT-1_2	AACTTGGTCCTTGACC-1
3823	1955	0.5	CTCCCTCTCGGCATAT-1_2	TCACAAGTCTATGAGC-1
3823	1482	0.5625	CTCCCTCTCGGCATAT-1_2	GGAACCCTCCCGTAGG-1
3824	2340	0.8125	CTCCGATAGGACTATA-1_2	TTGCCCACAATGGTAA-1
3824	1660	0.75	CTCCGATAGGACTATA-1_2	GTCTACCTCCAGTTAG-1
3824	779	0.0625	CTCCGATAGGACTATA-1_2	CCCGTTACAAGGATGC-1
3825	1612	0.5	CTCCGATCAAGCTACT-1_2	GTAATCGCAGGCAAGT-1
3826	1857	0.6875	CTCCGATCATTGGCAT-1_2	TAGCATGGTCAGCTTA-1
3826	2012	0.4375	CTCCGATCATTGGCAT-1_2	TCCATCGAGTCCGTGC-1
3827	595	1	CTCCGATTCACGGTCG-1_2	CAAGAAAGTTACTTTC-1
3828	2155	0.25	CTCCTCCAGCTACTGT-1_2	TGGACATGTTTCTCTA-1
3829	2133	1	CTCCTCCGTCCAGGTC-1_2	TGCTCGTTCACGGGTC-1
3830	1384	0.6875	CTCCTCCGTCGCACGT-1_2	GCGATCGGTGTTGTTG-1
3830	2	0.0625	CTCCTCCGTCGCACGT-1_2	AAACGAAAGAGTGGAA-1
3830	2069	0.375	CTCCTCCGTCGCACGT-1_2	TGACTCCGTTACTTTC-1
3831	1739	0.6875	CTCCTTTAGACATAGT-1_2	TAAACCGGTTGTATCG-1
3833	2160	0.375	CTCGAGGGTCCTCCAT-1_2	TGGCAATTCTGAAAGA-1
3834	1389	0.875	CTCGAGGGTGCGCTCA-1_2	GCGATTACAAGTCTGT-1
3835	725	0.6875	CTCGAGGGTTGGGCCT-1_2	CATGTTTAGTCTAGAA-1
3835	1960	0.1875	CTCGAGGGTTGGGCCT-1_2	TCACAGAGTTCCAGTA-1
3836	768	0.4375	CTCGAGGTCAGCATTG-1_2	CCCACATCAAGACACG-1
3836	1897	0.375	CTCGAGGTCAGCATTG-1_2	TAGTCCCTCATGAACC-1
3837	2091	0.375	CTCTCGAAGCGATTCT-1_2	TGATGCAAGTATGGGC-1
3837	25	0.375	CTCTCGAAGCGATTCT-1_2	AAAGGATCAACGTAGG-1
3837	482	0.5	CTCTCGAAGCGATTCT-1_2	ATCCAGAGTACTTGAC-1
3837	329	0.25	CTCTCGAAGCGATTCT-1_2	AGACAAATCAAACCCA-1
3838	511	0.375	CTCTCGAAGTCTGGAG-1_2	ATGCATGGTCATTGGT-1
3839	595	1	CTCTCGAAGTTCGGTT-1_2	CAAGAAAGTTACTTTC-1
3839	175	1	CTCTCGAAGTTCGGTT-1_2	ACAAAGAGTGTCGTCG-1
3839	1497	0.8125	CTCTCGAAGTTCGGTT-1_2	GGACACCGTCCCGTGA-1
3839	1756	1	CTCTCGAAGTTCGGTT-1_2	TAACTTCGTGGTAAGC-1
3840	1863	0.125	CTCTCGACAAATACAG-1_2	TAGCCGGAGAGCAGCT-1
3840	1877	0.4375	CTCTCGACAAATACAG-1_2	TAGGAGGAGAATACTG-1
3841	2176	0.5	CTCTCGACACTGATTG-1_2	TGGGTTACAATCAGGG-1
3843	1987	0.6875	CTCTCGAGTCTTGGTA-1_2	TCAGGTATCCATCTAT-1
3843	1945	0.375	CTCTCGAGTCTTGGTA-1_2	TCAATTCAGTGTGTAA-1
3843	1470	0.5	CTCTCGAGTCTTGGTA-1_2	GCTTGCTCACAAGGGT-1
3844	1006	0.4375	CTCTGGTCATCACGGC-1_2	CTCTCAGCATTGTGAC-1
3845	1955	1	CTCTGGTGTCCAATCA-1_2	TCACAAGTCTATGAGC-1
3845	670	0.75	CTCTGGTGTCCAATCA-1_2	CAGCTAAAGACGCCCT-1
3845	2135	0.875	CTCTGGTGTCCAATCA-1_2	TGCTTCGCAATGTGCT-1
3846	978	0.125	CTGAATGAGTCACGCC-1_2	CTCAGAATCTCTTCCT-1
3847	1316	1	CTGAATGCAAATCAAG-1_2	GCATTCCTCATTCGGA-1
3847	725	0.375	CTGAATGCAAATCAAG-1_2	CATGTTTAGTCTAGAA-1
3848	1890	0.5625	CTGAATGGTTTCCAAG-1_2	TAGGTGTGTTTGCCCT-1
3848	268	0.6875	CTGAATGGTTTCCAAG-1_2	ACGTGGCGTTTAGGAA-1
3848	2318	0.4375	CTGAATGGTTTCCAAG-1_2	TTGAGCAAGAAAGGGT-1
3849	590	0.5625	CTGAATGTCATTGTGG-1_2	CAACGTAGTTGTGACT-1
3849	86	0.9375	CTGAATGTCATTGTGG-1_2	AACCTTTTCTCCCTTT-1
3850	1486	0.375	CTGAATGTCCTGCCAT-1_2	GGAACTTGTATGGGTG-1
3850	2212	0.6875	CTGAATGTCCTGCCAT-1_2	TGTTAGGAGAAACGCC-1
3851	2337	0.125	CTGAGCGAGTTATGGA-1_2	TTGCCCAAGCAACGGT-1
3851	1333	0.1875	CTGAGCGAGTTATGGA-1_2	GCCAGCAAGATGGCAC-1
3852	898	1	CTGAGCGTCATCACAG-1_2	CGGACCAGTACGTAAA-1
3852	637	1	CTGAGCGTCATCACAG-1_2	CACCTGTTCTACATCT-1
3854	1641	1	CTGAGGCCATTGACAC-1_2	GTCACCTTCGGAGTTT-1
3855	676	0.8125	CTGAGGCTCTCGTCAC-1_2	CAGCTGGAGTGGTGTG-1
3855	337	0.5625	CTGAGGCTCTCGTCAC-1_2	AGATTCGAGTGTAATG-1
3856	2135	0.5	CTGATCCGTCTACAGT-1_2	TGCTTCGCAATGTGCT-1
3857	2386	0.25	CTGCAGGCATTGTACG-1_2	TTTGCGCGTCATAGCT-1
3858	2240	1	CTGCAGGGTAGACGTG-1_2	TTACGTTCAACGGGTA-1
3858	157	1	CTGCAGGGTAGACGTG-1_2	AATGGCTGTACTAGAA-1
3859	2048	0.625	CTGCAGGGTAGCTGCC-1_2	TCGTTCGAGGTCCTCG-1
3859	1121	0.6875	CTGCAGGGTAGCTGCC-1_2	GAACCTAAGTACTCTG-1
3860	1347	0.5	CTGCAGGTCGCCGATG-1_2	GCCATAATCTCCTTGG-1
3860	1284	0.3125	CTGCAGGTCGCCGATG-1_2	GCACGGTAGAGGAATG-1
3860	164	0.5	CTGCAGGTCGCCGATG-1_2	AATGTCGCAGCTATAC-1
3862	1572	0.6875	CTGCATCCATCAGCGC-1_2	GGGTTATGTAGATGAT-1
3865	1189	0.0625	CTGCATCTCTACTCAT-1_2	GAGACTTGTAGGTAAT-1
3865	494	0.5625	CTGCATCTCTACTCAT-1_2	ATCCTCGGTATCCCTC-1
3865	1037	0.3125	CTGCATCTCTACTCAT-1_2	CTGTATTAGCCGCAAA-1
3866	1720	1	CTGCCATAGATCACTC-1_2	GTTACTTGTGCTTACA-1
3866	1253	1	CTGCCATAGATCACTC-1_2	GATGGCCTCTTTATCG-1
3867	1543	0.3125	CTGCCATAGTACGAGC-1_2	GGCGTTGAGGGTGTTG-1
3867	152	0.1875	CTGCCATAGTACGAGC-1_2	AATGGAATCCCAATAG-1
3868	1662	0.3125	CTGCCATAGTCAATCC-1_2	GTGACATAGCGATACG-1
3868	822	0.3125	CTGCCATAGTCAATCC-1_2	CCTAAAGGTCACAGGA-1
3868	770	0.125	CTGCCATAGTCAATCC-1_2	CCCACATGTCAACGGA-1
3871	2048	0.9375	CTGCCATTCGGCATAT-1_2	TCGTTCGAGGTCCTCG-1
3871	2001	0.8125	CTGCCATTCGGCATAT-1_2	TCAGTTTCACATGATC-1
3871	1804	0.3125	CTGCCATTCGGCATAT-1_2	TACGCAACACATGATC-1
3871	1434	0.8125	CTGCCATTCGGCATAT-1_2	GCGTTGGGTCAGACGA-1
3871	1121	1	CTGCCATTCGGCATAT-1_2	GAACCTAAGTACTCTG-1
3872	2050	0.625	CTGCCTAAGCGCTGCT-1_2	TCGTTCGCACATATCG-1
3872	1986	0.5	CTGCCTAAGCGCTGCT-1_2	TCAGGTAGTGATAGAT-1
3872	1313	0.0625	CTGCCTAAGCGCTGCT-1_2	GCATGATCATTATGGC-1
3873	211	0.375	CTGCCTACATACCGTA-1_2	ACAGGCCTCTGACATG-1
3873	975	0.25	CTGCCTACATACCGTA-1_2	CTCAGAAGTGCACCCA-1
3874	1882	0.25	CTGCCTATCACAAGGG-1_2	TAGGTCACAATTGGCT-1
3875	527	1	CTGCGAGAGAAGTCAT-1_2	ATGTCGAGTTTCTACT-1
3875	2161	1	CTGCGAGAGAAGTCAT-1_2	TGGCAATTCTTGTCGC-1
3875	663	0.875	CTGCGAGAGAAGTCAT-1_2	CACTGAATCGCGCCAA-1
3876	1452	0.25	CTGCGAGAGTCACGCC-1_2	GCTCGAGAGTTGCTTG-1
3877	557	0.1875	CTGCGAGAGTTCAACC-1_2	ATTTGTCAGGCAGTGT-1
3878	1294	0.3125	CTGCGAGCAGTCAACT-1_2	GCAGATTAGTTACCAC-1
3878	801	0.25	CTGCGAGCAGTCAACT-1_2	CCCTCTCGTTCTTATC-1
3879	731	0.4375	CTGCGAGTCTATCGGA-1_2	CATTCATGTGCTTGAT-1
3879	522	0.875	CTGCGAGTCTATCGGA-1_2	ATGTACGTCTAGTCGA-1
3879	2400	0.625	CTGCGAGTCTATCGGA-1_2	TTTGTGTTCAAGAGGC-1
3880	2372	1	CTGCGAGTCTCTTAAC-1_2	TTGTTGTCACTCCTCA-1
3882	688	0	CTGCTCACAGCAGACA-1_2	CAGGGCTGTATTCGCA-1
3882	1487	1	CTGCTCACAGCAGACA-1_2	GGAACTTGTCTGCGCA-1
3883	424	0.8125	CTGCTCATCCTACGGG-1_2	AGGCGAAGTCTGCGCA-1
3883	1053	0.875	CTGCTCATCCTACGGG-1_2	CTTCCAGAGCGTGTTT-1
3884	1970	0.4375	CTGCTCATCGCCACTT-1_2	TCACCTGTCTAAACGC-1
3884	1976	0.875	CTGCTCATCGCCACTT-1_2	TCACTCGGTGAAACAT-1
3885	1704	1	CTGCTCATCTACAGGT-1_2	GTGTCCTTCACTACCC-1
3885	949	1	CTGCTCATCTACAGGT-1_2	CTACTTAGTGCTGTGC-1
3885	348	0.8125	CTGCTCATCTACAGGT-1_2	AGCCCGACATGGTAAA-1
3886	2165	0.5625	CTGGACGAGAATTCAG-1_2	TGGCGCAGTAACTGAA-1
3886	149	0.25	CTGGACGAGAATTCAG-1_2	AATGGAAGTAAGCCGA-1
3886	748	0.375	CTGGACGAGAATTCAG-1_2	CCACGTTTCCATCGAA-1
3886	2379	0.6875	CTGGACGAGAATTCAG-1_2	TTGTTGTTCGCTAGTA-1
3888	882	0.25	CTGGCAGAGCTACTGT-1_2	CGCTAGGGTCTAAGAA-1
3889	1288	0.4375	CTGGCAGGTTACCGTA-1_2	GCACGGTAGTTCAGGG-1
3889	2124	0.6875	CTGGCAGGTTACCGTA-1_2	TGCGTAATCGTATAGC-1
3890	504	0.4375	CTGGTCTCAAAGTATG-1_2	ATCGAGTCAGCACATT-1
3891	1883	1	CTGGTCTCAAGAGGCT-1_2	TAGGTCACACGATATC-1
3891	949	1	CTGGTCTCAAGAGGCT-1_2	CTACTTAGTGCTGTGC-1
3891	2171	1	CTGGTCTCAAGAGGCT-1_2	TGGCGCATCGTGATAC-1
3891	712	1	CTGGTCTCAAGAGGCT-1_2	CATAACGCAGTATACC-1
3891	1009	1	CTGGTCTCAAGAGGCT-1_2	CTCTCGAGTGCTGTGC-1
3892	370	0.1875	CTGGTCTCAGGAATAT-1_2	AGCCTTCCAAAGGCCA-1
3892	1792	0.4375	CTGGTCTCAGGAATAT-1_2	TACCCTGGTTTGCCAA-1
3893	2139	0.375	CTGTACCTCGAGCACC-1_2	TGCTTTAGTCAGAAGC-1
3894	2053	0.125	CTGTAGAAGACATAAC-1_2	TCTAGTTTCCTGGAAT-1
3895	155	0.8125	CTGTAGACAAGGTTGG-1_2	AATGGCTAGTTGGAAT-1
3895	1516	1	CTGTAGACAAGGTTGG-1_2	GGAGTAGTCTCAGATG-1
3896	1815	0.75	CTGTAGACATCTCATT-1_2	TACGCCTTCGCTCTAC-1
3896	1516	0.875	CTGTAGACATCTCATT-1_2	GGAGTAGTCTCAGATG-1
3896	468	0.4375	CTGTAGACATCTCATT-1_2	ATAGGCTCACACTAGT-1
3897	2382	0.0625	CTGTAGAGTATGTGTC-1_2	TTTACGTTCGATCTTT-1
3897	564	0.5	CTGTAGAGTATGTGTC-1_2	ATTTGTCTCGTTACAG-1
3899	1283	0.5	CTGTATTAGCAACTCT-1_2	GCACGCATCTAAACGC-1
3899	2220	0.625	CTGTATTAGCAACTCT-1_2	TGTTAGGGTTTGTGAC-1
3900	2188	0.8125	CTGTATTCACCGTACG-1_2	TGGTCCTGTCTAAGAA-1
3900	373	0.1875	CTGTATTCACCGTACG-1_2	AGCCTTCGTGAGTAAT-1
3901	2272	0.4375	CTGTATTCAGACCTGC-1_2	TTAGGTGGTCATTGCA-1
3904	1972	0.5	CTGTCGTTCTATACTC-1_2	TCACTCGCAAGCCAGA-1
3904	908	0.125	CTGTCGTTCTATACTC-1_2	CGTAAACAGCTCCGGT-1
3904	1411	0.5625	CTGTCGTTCTATACTC-1_2	GCGGAAACATCGGCCA-1
3906	540	0.6875	CTGTGGGAGGTCGTGA-1_2	ATTACTCAGCTTACCA-1
3906	1042	0.5	CTGTGGGAGGTCGTGA-1_2	CTGTTCGCATTAGCAC-1
3906	1740	0.5	CTGTGGGAGGTCGTGA-1_2	TAAACCGTCATGTTCT-1
3906	321	0.25	CTGTGGGAGGTCGTGA-1_2	ACTGTCCTCGATGAAA-1
3907	1867	0.875	CTGTGGGCAAGTGGTG-1_2	TAGCCGGGTATCTCAG-1
3907	1427	0.75	CTGTGGGCAAGTGGTG-1_2	GCGTAGCCAATGGCTT-1
3908	493	0.4375	CTGTGGGCACTAGGCC-1_2	ATCCTCGGTAGAAAGG-1
3908	2350	0.3125	CTGTGGGCACTAGGCC-1_2	TTGCTATAGGCAATTA-1
3909	2279	0.9375	CTTACCGCAACTTGCA-1_2	TTCATCAAGGCGTAGT-1
3910	431	0.625	CTTACCGCATCGATAC-1_2	AGTCAACAGTTCCCGG-1
3911	1992	0.6875	CTTACCGGTCCAGCCA-1_2	TCAGTCCAGGTTTCTG-1
3911	562	0.1875	CTTACCGGTCCAGCCA-1_2	ATTTGTCGTTGAAGCG-1
3913	2264	1	CTTAGGAAGTATGCAA-1_2	TTAGCTTAGTTGCGCC-1
3913	1099	0.625	CTTAGGAAGTATGCAA-1_2	GAAACAAGTGCAGACA-1
3913	953	1	CTTAGGAAGTATGCAA-1_2	CTACTTATCGCTACCT-1
3913	2161	1	CTTAGGAAGTATGCAA-1_2	TGGCAATTCTTGTCGC-1
3914	934	1	CTTAGGACACTGAATC-1_2	CTAACTTGTCTCTGGG-1
3914	1761	1	CTTAGGACACTGAATC-1_2	TAAGTGCAGGTACACG-1
3914	9	1	CTTAGGACACTGAATC-1_2	AAACTCGAGTGCTGAG-1
3915	1669	0.3125	CTTCAATAGAACTTCC-1_2	GTGATCACAATCACTG-1
3915	804	0.75	CTTCAATAGAACTTCC-1_2	CCCTGATAGAATATCG-1
3917	1432	0.5	CTTCAATCAAATGAGT-1_2	GCGTTGGCAGAGTCGA-1
3918	1226	0.5	CTTCAATCAGAGGACT-1_2	GATCATGAGTGATATG-1
3918	407	0.5	CTTCAATCAGAGGACT-1_2	AGGACGAAGATTCCGT-1
3918	482	0.4375	CTTCAATCAGAGGACT-1_2	ATCCAGAGTACTTGAC-1
3918	442	0.5	CTTCAATCAGAGGACT-1_2	AGTGCCGTCCTCAAGA-1
3919	1223	0.375	CTTCAATGTGTTAGCT-1_2	GAGTGAGGTTGCCGCA-1
3919	1549	0.125	CTTCAATGTGTTAGCT-1_2	GGCGTTGGTTGTATCG-1
3919	259	0.4375	CTTCAATGTGTTAGCT-1_2	ACGGATTCACGTTAGT-1
3920	887	1	CTTCCGAGTGCCCACA-1_2	CGCTATCAGGTGATGC-1
3920	279	0.875	CTTCCGAGTGCCCACA-1_2	ACTAACGAGAGGAACA-1
3920	765	0.6875	CTTCCGAGTGCCCACA-1_2	CCATACCGTAGCGGTA-1
3921	1599	0.8125	CTTCCGAGTTCTCACC-1_2	GGTGTCGTCATTCGGA-1
3923	45	0.4375	CTTCCGATCTACTATC-1_2	AAATGCCTCCGTGCAG-1
3923	1808	0.4375	CTTCCGATCTACTATC-1_2	TACGCCTAGAGAATTC-1
3925	1635	0.4375	CTTCCTTAGTTGAATG-1_2	GTCACCTCAAATGCTC-1
3927	279	0.3125	CTTCCTTCACTAAACC-1_2	ACTAACGAGAGGAACA-1
3927	993	0.5	CTTCCTTCACTAAACC-1_2	CTCTACGCAAGGAAGA-1
3927	2196	0.125	CTTCCTTCACTAAACC-1_2	TGTACGACAGGATGTG-1
3928	2041	0.3125	CTTCCTTCATGTTCGA-1_2	TCGCCTATCACTCGGG-1
3929	1377	0.875	CTTCGGTAGTTTCGAC-1_2	GCGAGTCCATGGTATC-1
3929	2107	0.5	CTTCGGTAGTTTCGAC-1_2	TGCATGAGTCTGTGTA-1
3930	113	0.6875	CTTCGGTCAGGACATG-1_2	AACTTGGGTATTCGCA-1
3931	67	0.5	CTTCGGTGTATACAGA-1_2	AACCAACGTGATGCGA-1
3935	2297	0.4375	CTTCTCTAGGGTTTCT-1_2	TTCGGTCTCCATACGA-1
3935	1632	0.4375	CTTCTCTAGGGTTTCT-1_2	GTCACAATCTTGTCAT-1
3936	602	0.4375	CTTCTCTGTCTAGGTT-1_2	CAAGGCCGTCTAAGAA-1
3938	399	1	CTTCTCTTCCGTGGTG-1_2	AGCTGATTCCCTAAAG-1
3938	1395	1	CTTCTCTTCCGTGGTG-1_2	GCGATTATCGAGAACG-1
3939	1444	0.5625	CTTGAGAAGTGATCGG-1_2	GCTCAGGTCATTCGGA-1
3939	1676	0.75	CTTGAGAAGTGATCGG-1_2	GTGCACGTCTTGGCCT-1
3939	1105	0.875	CTTGAGAAGTGATCGG-1_2	GAAATGACAGGTCTGC-1
3940	559	1	CTTGAGATCAGAACCT-1_2	ATTTGTCCAGGTCCTG-1
3941	307	0.5	CTTGAGATCGGATAAA-1_2	ACTCGGGCATTGATGC-1
3942	1947	0.0625	CTTGAGATCTGTCGCT-1_2	TCAATTCCAGTAACCT-1
3942	1764	0.125	CTTGAGATCTGTCGCT-1_2	TAATCGGAGAAGACTT-1
3942	1637	0.25	CTTGAGATCTGTCGCT-1_2	GTCACCTCATGCCTTC-1
3942	1939	0.0625	CTTGAGATCTGTCGCT-1_2	TCAAGCATCGCTAGTA-1
3943	1920	0.5	CTTGATTCAATTCTCT-1_2	TATGTTCGTGCTTGAT-1
3944	2203	0.4375	CTTGATTTCTCATTTG-1_2	TGTGGCGCAGAGCCAA-1
3944	859	0.375	CTTGATTTCTCATTTG-1_2	CGATGATAGGTACTCT-1
3944	908	0.375	CTTGATTTCTCATTTG-1_2	CGTAAACAGCTCCGGT-1
3944	63	0.4375	CTTGATTTCTCATTTG-1_2	AACCAACAGTGTCGCC-1
3944	669	0.75	CTTGATTTCTCATTTG-1_2	CAGCCTTTCTTAACGG-1
3945	2354	0.5	CTTTCAAAGCTCAGAG-1_2	TTGCTTACAAGGAAGA-1
3945	238	0.25	CTTTCAAAGCTCAGAG-1_2	ACCCAAATCAACTTGG-1
3945	1786	0.625	CTTTCAAAGCTCAGAG-1_2	TACATTCGTCAACTGT-1
3945	393	0.25	CTTTCAAAGCTCAGAG-1_2	AGCTATGCAAACCCTA-1
3946	2257	0.8125	CTTTCAACATACTGTG-1_2	TTAGCGACAATGAAAC-1
3946	1492	0.625	CTTTCAACATACTGTG-1_2	GGAATCTGTGATAGAT-1
3947	1303	0.75	CTTTCGGGTCGTGGTC-1_2	GCAGCCACAGGCACAA-1
3947	1112	0.8125	CTTTCGGGTCGTGGTC-1_2	GAACCGCGTATTGTGC-1
3947	1706	0.625	CTTTCGGGTCGTGGTC-1_2	GTGTCCTTCGACTCGG-1
3948	1140	0	GAAACCTAGCGGCTCT-1_2	GAAGTCTTCTCTGCGT-1
3949	1415	0.3125	GAAACCTCACTCTCGT-1_2	GCGGGTTCAAGATGCG-1
3950	862	0.625	GAAACCTGTATCGATC-1_2	CGATGATAGTCTGGGA-1
3951	2024	1	GAAACCTTCATCTATC-1_2	TCGAGCGAGCATTCCA-1
3952	255	1	GAAACCTTCTACTATC-1_2	ACCGGGTTCGGCAATT-1
3952	550	0.4375	GAAACCTTCTACTATC-1_2	ATTCGTTTCTGGTACA-1
3952	1597	0.5625	GAAACCTTCTACTATC-1_2	GGTGTCGCAAGTCCTA-1
3952	1318	0.8125	GAAACCTTCTACTATC-1_2	GCATTCCTCCGAGAGA-1
3953	562	0.8125	GAAACCTTCTAGGCCG-1_2	ATTTGTCGTTGAAGCG-1
3953	860	0.4375	GAAACCTTCTAGGCCG-1_2	CGATGATAGGTAGGCT-1
3953	766	0.1875	GAAACCTTCTAGGCCG-1_2	CCATACCGTTGGCGAA-1
3953	206	0.6875	GAAACCTTCTAGGCCG-1_2	ACAGCGCGTCAACGGA-1
3954	1829	0.3125	GAAATGATCTCGTGAA-1_2	TACTCGCCACAGGTAG-1
3955	510	0.1875	GAACACTCAGCGTACC-1_2	ATGCATGGTAAAGGCC-1
3956	493	0.5	GAACACTTCACTCGAA-1_2	ATCCTCGGTAGAAAGG-1
3956	220	0.375	GAACACTTCACTCGAA-1_2	ACATGGTGTGTGCTTA-1
3956	1245	0.4375	GAACACTTCACTCGAA-1_2	GATGATCTCGCAGATT-1
3957	39	0.3125	GAACACTTCCTAAGTG-1_2	AAATGAGAGTATACCC-1
3957	1175	0.5	GAACACTTCCTAAGTG-1_2	GACCTTCTCCGAGGAA-1
3958	2116	0.3125	GAACGTTCAGACGATG-1_2	TGCCTGTGTATATGGA-1
3960	5	0.125	GAACTGTAGTTGAAAC-1_2	AAACGAATCAGGCCGT-1
3960	2225	0.375	GAACTGTAGTTGAAAC-1_2	TTACCCGCAAGCCAGA-1
3960	861	0.375	GAACTGTAGTTGAAAC-1_2	CGATGATAGTCCGGAA-1
3960	2330	0.5625	GAACTGTAGTTGAAAC-1_2	TTGCAGAAGGAAGGTA-1
3961	14	1	GAACTGTTCCGATCTC-1_2	AAACTGCAGGAACCGT-1
3961	671	1	GAACTGTTCCGATCTC-1_2	CAGCTAAAGGTTGTGG-1
3961	869	1	GAACTGTTCCGATCTC-1_2	CGCAATACACTCCTCA-1
3962	1363	0.625	GAACTGTTCTACCCAC-1_2	GCCTAGGAGCAGAAAG-1
3962	2179	0.4375	GAACTGTTCTACCCAC-1_2	TGGTCAAAGGTGTCGA-1
3963	1381	0.6875	GAAGAATAGCACTCTA-1_2	GCGATCGAGAAAGGGT-1
3964	124	0.5	GAAGAATGTGAGACCA-1_2	AAGATAGTCTCGACCT-1
3964	2067	0.0625	GAAGAATGTGAGACCA-1_2	TGACAACTCCTTTGCG-1
3965	1820	0.375	GAAGCCCAGACTACCT-1_2	TACGGATGTCCACCAG-1
3965	2280	0.1875	GAAGCCCAGACTACCT-1_2	TTCATCAAGTCTGTGT-1
3965	1545	0.5625	GAAGCCCAGACTACCT-1_2	GGCGTTGGTCGAGGAT-1
3966	1233	0.4375	GAAGCCCAGATTGACA-1_2	GATCGTAAGTCGTGAG-1
3966	100	0.75	GAAGCCCAGATTGACA-1_2	AACGTACTCCTAGAGT-1
3966	682	0.375	GAAGCCCAGATTGACA-1_2	CAGCTGGTCGATAGGG-1
3967	2372	1	GAAGCCCCAGGTTCCG-1_2	TTGTTGTCACTCCTCA-1
3967	314	1	GAAGCCCCAGGTTCCG-1_2	ACTGCGGCATTAGCCA-1
3968	61	0.25	GAAGCCCTCATTGCGA-1_2	AACCAACAGAGTTTGA-1
3970	1255	1	GAAGCGACATGACGTT-1_2	GATTAGCGTTTCTACT-1
3970	1135	0.5625	GAAGCGACATGACGTT-1_2	GAACTTGTCGCAGATT-1
3970	2387	1	GAAGCGACATGACGTT-1_2	TTTGCGCGTTACTACG-1
3970	435	1	GAAGCGACATGACGTT-1_2	AGTCCGGGTTAGTAGA-1
3971	1997	0.1875	GAAGCGAGTAATTAGG-1_2	TCAGTCCTCAGGCGCT-1
3972	296	0.625	GAAGCGAGTGCTAGCC-1_2	ACTACGAAGTCGTATC-1
3972	750	0.75	GAAGCGAGTGCTAGCC-1_2	CCAGAATAGTGGACGT-1
3972	956	0.1875	GAAGCGAGTGCTAGCC-1_2	CTAGGATAGGACTTTC-1
3973	2263	0.125	GAAGGACAGAATACAC-1_2	TTAGCTTAGTTCTCCC-1
3973	2191	0.3125	GAAGGACAGAATACAC-1_2	TGTAAGCTCGTTACAG-1
3973	1520	0.125	GAAGGACAGAATACAC-1_2	GGATAGGGTTGGCTTA-1
3974	945	0.875	GAAGGACAGTGAGCCA-1_2	CTACTTAGTACCGGCT-1
3974	2261	1	GAAGGACAGTGAGCCA-1_2	TTAGCGATCTACCCGT-1
3975	502	0.75	GAAGGACGTAACGTTC-1_2	ATCCTGCTCTGTGTCC-1
3975	1134	0.5625	GAAGGACGTAACGTTC-1_2	GAACTTGTCGAGAAGC-1
3975	1329	0.25	GAAGGACGTAACGTTC-1_2	GCCAGACCAAATAGTG-1
3975	77	0.25	GAAGGACGTAACGTTC-1_2	AACCTGAGTAGGTGAC-1
3976	880	1	GAAGGGTAGACTGGGT-1_2	CGCTAGGAGCTGCCAC-1
3976	1171	0.6875	GAAGGGTAGACTGGGT-1_2	GACCTTCCAATCATCG-1
3977	1120	1	GAAGGGTAGAGTCAGC-1_2	GAACCTAAGGTTGTTC-1
3978	2240	1	GAAGGGTCACGAAGAC-1_2	TTACGTTCAACGGGTA-1
3978	24	0.25	GAAGGGTCACGAAGAC-1_2	AAAGGATAGTCCGGAA-1
3978	1918	0.125	GAAGGGTCACGAAGAC-1_2	TATGTTCAGATCTAAG-1
3978	1858	1	GAAGGGTCACGAAGAC-1_2	TAGCATGTCCTCCTGA-1
3980	67	0.25	GAAGGGTGTACCCACG-1_2	AACCAACGTGATGCGA-1
3980	102	0.4375	GAAGGGTGTACCCACG-1_2	AACTGGTGTTAGTAGA-1
3982	1543	0.5625	GAAGGGTTCACGGGCT-1_2	GGCGTTGAGGGTGTTG-1
3982	1446	0.75	GAAGGGTTCACGGGCT-1_2	GCTCCTAAGTGCAACG-1
3983	860	0.5625	GAAGTAAAGAATCTAG-1_2	CGATGATAGGTAGGCT-1
3983	576	0.3125	GAAGTAAAGAATCTAG-1_2	CAACCAATCCGATGCG-1
3984	2326	0.3125	GAAGTAACACGTACTA-1_2	TTGCACCAGGGATCCA-1
3984	1603	0.6875	GAAGTAACACGTACTA-1_2	GGTTGCGCAAATTGAG-1
3984	923	0.375	GAAGTAACACGTACTA-1_2	CGTGGCATCTACTTTG-1
3985	1722	1	GAAGTAAGTTTCGTAG-1_2	GTTATGGGTACTAGAA-1
3985	1235	0.125	GAAGTAAGTTTCGTAG-1_2	GATCGTACACGCGATC-1
3985	178	0.625	GAAGTAAGTTTCGTAG-1_2	ACAAGCTCACGCTCAG-1
3985	938	0.125	GAAGTAAGTTTCGTAG-1_2	CTAACTTTCGCGCTGA-1
3986	1540	0.75	GAAGTAATCGTGGCTG-1_2	GGCGTTGAGAGATTAC-1
3986	331	0.1875	GAAGTAATCGTGGCTG-1_2	AGATAGAGTCCCGTGA-1
3987	937	0.375	GAAGTAATCTTTGCGC-1_2	CTAACTTTCCGCCTAT-1
3987	797	0.5	GAAGTAATCTTTGCGC-1_2	CCCTCTCAGAGTTTGA-1
3988	2192	0.5	GAATAGAAGTACCATC-1_2	TGTAAGCTCTTTCGAT-1
3988	36	0.375	GAATAGAAGTACCATC-1_2	AAAGGGCTCAGTGTGT-1
3988	1410	0.1875	GAATAGAAGTACCATC-1_2	GCGGAAACAGGACCTC-1
3988	2330	0	GAATAGAAGTACCATC-1_2	TTGCAGAAGGAAGGTA-1
3989	1287	0.6875	GAATAGAAGTGCTCAT-1_2	GCACGGTAGTGTCGCC-1
3989	2197	0.125	GAATAGAAGTGCTCAT-1_2	TGTACGAGTCAGCTTA-1
3989	32	0.1875	GAATAGAAGTGCTCAT-1_2	AAAGGGCCATTCTCGC-1
3990	121	0.75	GAATAGACAGACACCC-1_2	AAGATAGAGGTACATA-1
3990	83	0.5625	GAATAGACAGACACCC-1_2	AACCTTTTCCAGAGAG-1
3990	2271	0.375	GAATAGACAGACACCC-1_2	TTAGGTGCAGGCACAA-1
3991	1336	0.25	GAATAGATCGAGAAGC-1_2	GCCAGCAAGGCTTTAC-1
3991	695	0.125	GAATAGATCGAGAAGC-1_2	CAGTATGGTAATGTAG-1
3991	371	0.4375	GAATAGATCGAGAAGC-1_2	AGCCTTCCACATAAAG-1
3991	969	0.0625	GAATAGATCGAGAAGC-1_2	CTCACCAGTAGCGGTA-1
3992	1373	0.4375	GAATCACAGAACTGAT-1_2	GCGAGTCAGTCATCTG-1
3992	2034	0.125	GAATCACAGAACTGAT-1_2	TCGCAGGAGTATGGGC-1
3993	598	0.5	GAATCACAGGCTGGAT-1_2	CAAGCTACAGCGTAGA-1
3994	563	0.375	GAATCACAGTCGCGAA-1_2	ATTTGTCGTTTAGGAA-1
3995	2111	0.75	GAATCACGTCCGAAGA-1_2	TGCCTCAAGAACTCCT-1
3995	1130	1	GAATCACGTCCGAAGA-1_2	GAACTTGGTACGTAGG-1
3995	1348	0.875	GAATCACGTCCGAAGA-1_2	GCCCAGAAGTAGCAAT-1
3996	1175	0.1875	GAATCACTCCAAACCA-1_2	GACCTTCTCCGAGGAA-1
3996	996	0.5625	GAATCACTCCAAACCA-1_2	CTCTACGTCGCCACTT-1
3997	1423	0.125	GAATCGTGTTAAACAG-1_2	GCGGTGTCAGAGATGC-1
3998	19	1	GACACGCAGCATCAAA-1_2	AAAGATGAGCGAGAAA-1
3998	1222	0.25	GACACGCAGCATCAAA-1_2	GAGTGAGAGAGACTCG-1
3998	827	0.125	GACACGCAGCATCAAA-1_2	CCTCCCTAGTACCCAT-1
4000	248	0.375	GACACGCAGTTGCCTA-1_2	ACCGCAGTCTATCTCA-1
4001	109	0.0625	GACACGCCAGTCACGC-1_2	AACTTGGAGAAAGGGT-1
4002	781	0.6875	GACAGCCAGAAACTGT-1_2	CCCGTTATCCGGCTGA-1
4002	1746	1	GACAGCCAGAAACTGT-1_2	TAACAGCCACATATCG-1
4003	1111	0.4375	GACAGCCAGGCGATAC-1_2	GAACCGCCACATTCTT-1
4004	2358	0.875	GACAGCCAGGTTCATC-1_2	TTGGTCCAGCTGATTC-1
4004	2174	0.4375	GACAGCCAGGTTCATC-1_2	TGGGTGCTCCTCATTA-1
4004	1311	0.0625	GACAGCCAGGTTCATC-1_2	GCATGATAGCCCATGC-1
4004	1167	0.625	GACAGCCAGGTTCATC-1_2	GACCGACCAAACTACC-1
4005	1250	0.25	GACAGCCGTGAGTGAC-1_2	GATGGCCGTCCTATTT-1
4007	644	0	GACAGCCTCTACGGGC-1_2	CACCTTGTCCAAGAGG-1
4007	546	0.1875	GACAGCCTCTACGGGC-1_2	ATTCGTTAGACACTTC-1
4007	2312	0.5625	GACAGCCTCTACGGGC-1_2	TTCTGTATCCATCGAA-1
4008	946	0.5	GACAGCCTCTGCTCTG-1_2	CTACTTAGTACGGAGT-1
4008	1091	0.1875	GACAGCCTCTGCTCTG-1_2	CTTTGCGCAAGGAGGG-1
4008	1150	0.0625	GACAGCCTCTGCTCTG-1_2	GACCAATCACGCGTTG-1
4009	520	0.375	GACATCATCGCCAATA-1_2	ATGTACGGTCCATTGA-1
4009	219	0.25	GACATCATCGCCAATA-1_2	ACATGGTCAAGCAATA-1
4009	1768	0.375	GACATCATCGCCAATA-1_2	TAATCGGCAATGGTCT-1
4011	1017	0.4375	GACCAATAGCCTCTCT-1_2	CTGAATGTCCATGACA-1
4011	1066	0.375	GACCAATAGCCTCTCT-1_2	CTTGAAGTCTGATCTT-1
4011	2302	0.5625	GACCAATAGCCTCTCT-1_2	TTCGTTATCTGTCGTC-1
4011	1190	0.4375	GACCAATAGCCTCTCT-1_2	GAGACTTTCGACTTAG-1
4013	556	0.5625	GACCAATGTGGATCAG-1_2	ATTGTGGTCTTCCACG-1
4014	699	0.5	GACCAATGTTAGAGAT-1_2	CAGTGCGGTACCCATA-1
4014	1655	0.125	GACCAATGTTAGAGAT-1_2	GTCGTAAGTATGTTCG-1
4015	1251	1	GACCAATTCATTTCGT-1_2	GATGGCCTCCGATGCG-1
4016	1841	0.4375	GACCAATTCTTGTTAC-1_2	TAGACTGCATCAACTG-1
4016	1915	0.25	GACCAATTCTTGTTAC-1_2	TATGTGGAGCATTGGG-1
4016	1937	0.8125	GACCAATTCTTGTTAC-1_2	TCAAGCATCCTAGAGT-1
4016	1052	0.25	GACCAATTCTTGTTAC-1_2	CTTCCAGAGATTAGAC-1
4017	1138	0.3125	GACCCAGCACACACGC-1_2	GAAGTCTCAGGTGGTA-1
4017	2270	0.3125	GACCCAGCACACACGC-1_2	TTAGGTGAGAGCTGTG-1
4017	644	0.3125	GACCCAGCACACACGC-1_2	CACCTTGTCCAAGAGG-1
4017	1996	0.25	GACCCAGCACACACGC-1_2	TCAGTCCGTTTCCTAT-1
4017	1803	0.4375	GACCCAGCACACACGC-1_2	TACCTCGTCCGTCAAA-1
4018	1663	1	GACCCTTGTCACCGAC-1_2	GTGACATAGTGAGTTA-1
4018	498	0.5625	GACCCTTGTCACCGAC-1_2	ATCCTGCAGGAAGGTA-1
4018	487	1	GACCCTTGTCACCGAC-1_2	ATCCCTGGTGATTCCA-1
4019	1491	0.25	GACCCTTTCAAGGAGC-1_2	GGAATCTGTCAATCCA-1
4020	68	0.0625	GACCGTGAGCAATTCC-1_2	AACCAACTCCGAGAGA-1
4020	1643	0.1875	GACCGTGAGCAATTCC-1_2	GTCACGGAGCTACGCC-1
4021	1589	0.375	GACCTTCAGCCAAGCA-1_2	GGTGAAGGTCTCGGGT-1
4022	2291	0.25	GACGCTGGTGGATCAG-1_2	TTCGATTAGAGCACTG-1
4022	1369	0.125	GACGCTGGTGGATCAG-1_2	GCGAGAAGTCTGGTTA-1
4022	2321	0.25	GACGCTGGTGGATCAG-1_2	TTGAGTGGTCAGGCTC-1
4024	325	0.5	GACGCTGTCACTACGA-1_2	ACTTTCATCACGTCAA-1
4025	1811	0.5625	GACGCTGTCTGGTCAA-1_2	TACGCCTGTCAGCTTA-1
4027	225	0.5	GACGTTACAGCAGGAT-1_2	ACCAAACGTAACGTAA-1
4028	1214	0.625	GACGTTATCTCCGTGT-1_2	GAGGCTCGTAACGGTG-1
4028	1453	1	GACGTTATCTCCGTGT-1_2	GCTCGAGCACCCTTAC-1
4028	2277	0.4375	GACGTTATCTCCGTGT-1_2	TTCAACTAGCGCCTAC-1
4029	1754	0.25	GACTATGAGGCAATGC-1_2	TAACTTCGTACTAGAA-1
4029	2254	0.6875	GACTATGAGGCAATGC-1_2	TTACTTGGTCTCGGGT-1
4029	1345	0.25	GACTATGAGGCAATGC-1_2	GCCATAAGTCTTAGCA-1
4031	1262	0.5	GACTCAAAGACCAAGC-1_2	GCAAAGGAGCTCCGGT-1
4032	920	0.5	GACTCAAAGAGTAACT-1_2	CGTGGCACAAGGAAGA-1
4032	148	0.1875	GACTCAAAGAGTAACT-1_2	AATGGAACATCAGAAA-1
4032	655	0.4375	GACTCAAAGAGTAACT-1_2	CACTAAGGTTTCCACC-1
4032	1968	0.3125	GACTCAAAGAGTAACT-1_2	TCACCTGAGAGCTCCC-1
4033	1037	0.75	GACTCAAGTTGCTCCT-1_2	CTGTATTAGCCGCAAA-1
4034	1443	0.9375	GACTCAATCATCGCTC-1_2	GCTCAGGGTGCATTGT-1
4034	736	1	GACTCAATCATCGCTC-1_2	CATTCCGCAACTAGAA-1
4035	204	1	GACTCAATCTAGAACC-1_2	ACAGACTTCTTACTCA-1
4037	1352	1	GACTCTCCAGGCATGA-1_2	GCCCGAACATCCCAAA-1
4037	722	0.625	GACTCTCCAGGCATGA-1_2	CATGCCTGTATTTGCG-1
4037	759	0.4375	GACTCTCCAGGCATGA-1_2	CCAGATAGTTCTGAGT-1
4037	2296	0.1875	GACTCTCCAGGCATGA-1_2	TTCGGTCCAAATGCTC-1
4038	2339	0.4375	GACTGATCAAGTGGGT-1_2	TTGCCCACAACAAACA-1
4038	1425	0.4375	GACTGATCAAGTGGGT-1_2	GCGGTGTTCGGGCTCA-1
4039	182	0.8125	GACTGATCAGGTTTAC-1_2	ACAAGCTTCACTAGGT-1
4040	608	0.5625	GACTGATCATCGTTCC-1_2	CACAACACAAGGACCA-1
4041	1438	0.1875	GACTGATCATTGCAAC-1_2	GCTCACTTCCATAGGT-1
4042	1824	0.625	GACTGATGTAGTGATA-1_2	TACTAGGAGTGAATAC-1
4043	2281	0.375	GACTGATTCATGAGGG-1_2	TTCATCACATCCGTGG-1
4043	671	0.6875	GACTGATTCATGAGGG-1_2	CAGCTAAAGGTTGTGG-1
4044	788	0.9375	GACTGATTCCCGTTCA-1_2	CCCTAACTCCTCATTA-1
4044	109	0.5625	GACTGATTCCCGTTCA-1_2	AACTTGGAGAAAGGGT-1
4044	1101	0.6875	GACTGATTCCCGTTCA-1_2	GAAAGTACAGATAAGT-1
4044	1070	0.3125	GACTGATTCCCGTTCA-1_2	CTTGCCACACGTTACA-1
4044	1426	0.3125	GACTGATTCCCGTTCA-1_2	GCGTAGCCAAGGTCGA-1
4047	1295	1	GACTTCCCATGTACGT-1_2	GCAGATTCAAGCGGTA-1
4047	648	0.9375	GACTTCCCATGTACGT-1_2	CACGTTCAGATGGGTC-1
4047	76	0.5625	GACTTCCCATGTACGT-1_2	AACCTGACATTCACGA-1
4047	1700	1	GACTTCCCATGTACGT-1_2	GTGTCAACATCATAGC-1
4048	960	0.8125	GACTTCCGTAACATGA-1_2	CTAGGGCCAGGTAGCA-1
4048	1274	0.375	GACTTCCGTAACATGA-1_2	GCACCTTCACAAGGGT-1
4048	2024	0.4375	GACTTCCGTAACATGA-1_2	TCGAGCGAGCATTCCA-1
4048	255	0.625	GACTTCCGTAACATGA-1_2	ACCGGGTTCGGCAATT-1
4048	2359	0.625	GACTTCCGTAACATGA-1_2	TTGGTCCCACCCTTTG-1
4050	256	0.25	GACTTCCTCGAACTCA-1_2	ACCTGCTAGGCAGATC-1
4050	2184	0.25	GACTTCCTCGAACTCA-1_2	TGGTCCTAGCTGAAAT-1
4051	1539	0.375	GAGAAATGTTCGATTG-1_2	GGCGTTGAGACGTCAG-1
4051	2274	0.5	GAGAAATGTTCGATTG-1_2	TTAGGTGGTTGGCTAT-1
4052	632	0.3125	GAGAAATTCGCAATGT-1_2	CACCTGTAGGCACCTC-1
4052	5	0.25	GAGAAATTCGCAATGT-1_2	AAACGAATCAGGCCGT-1
4053	1248	0.3125	GAGACCCAGGAGTCTG-1_2	GATGGCCCATGTATCG-1
4055	282	0.75	GAGACCCCAGCAATTC-1_2	ACTAACGGTGAGTAAT-1
4055	1270	0.75	GAGACCCCAGCAATTC-1_2	GCAACCGAGTCTCTAG-1
4055	95	0.125	GAGACCCCAGCAATTC-1_2	AACGGGACACGCGTTG-1
4056	1206	1	GAGACCCGTATGAGAT-1_2	GAGCGCTCAGGTAGGT-1
4056	1044	1	GAGACCCGTATGAGAT-1_2	CTGTTCGGTCCCGTGA-1
4056	1412	1	GAGACCCGTATGAGAT-1_2	GCGGAAAGTACTTCGA-1
4057	127	0.625	GAGACCCGTCCGTTTC-1_2	AAGGAGCGTAACTGAA-1
4057	2323	0.5	GAGACCCGTCCGTTTC-1_2	TTGAGTGGTTCTACGA-1
4057	39	0.125	GAGACCCGTCCGTTTC-1_2	AAATGAGAGTATACCC-1
4058	1559	0.0625	GAGACCCTCCAAGAGG-1_2	GGGCCATGTCCAACCG-1
4059	1010	0.625	GAGACTTAGTCCCAGC-1_2	CTCTCGAGTGTCTACA-1
4059	1491	0.25	GAGACTTAGTCCCAGC-1_2	GGAATCTGTCAATCCA-1
4060	1645	0.625	GAGACTTCATGGGAAC-1_2	GTCACGGTCGGCTATA-1
4060	182	0.4375	GAGACTTCATGGGAAC-1_2	ACAAGCTTCACTAGGT-1
4061	2365	1	GAGACTTTCGCTACGG-1_2	TTGTTCAAGTCCGTGC-1
4062	1672	0.5625	GAGAGGTAGATGCCGA-1_2	GTGCACGCAATGTGCT-1
4062	852	1	GAGAGGTAGATGCCGA-1_2	CGAGTTACAAGTAATG-1
4062	574	1	GAGAGGTAGATGCCGA-1_2	CAACCAACATCACAGT-1
4063	106	0.25	GAGAGGTCAATCGCCG-1_2	AACTGTGAGGAGTACC-1
4064	2341	1	GAGAGGTTCTCATGGA-1_2	TTGCCCACATCAACTG-1
4065	1625	0.625	GAGAGGTTCTTAGCTT-1_2	GTAGGAGCAAGCACTT-1
4065	1692	0.0625	GAGAGGTTCTTAGCTT-1_2	GTGGCGTAGGTTGTGG-1
4066	1225	0.3125	GAGCCTGAGTGAGGTC-1_2	GAGTGAGTCTGAGTCA-1
4066	1835	0.3125	GAGCCTGAGTGAGGTC-1_2	TACTGCCTCCAGGGAA-1
4066	174	0.5	GAGCCTGAGTGAGGTC-1_2	ACAAAGAGTCCATTGA-1
4067	74	0.5	GAGCCTGCAGAGAGGG-1_2	AACCTGAAGGGAGTTC-1
4067	1019	0.1875	GAGCCTGCAGAGAGGG-1_2	CTGCGTTGTGTCTACA-1
4068	1498	0.4375	GAGCTGCAGCTGAAAT-1_2	GGACACCGTCTGGTTA-1
4068	1302	0.4375	GAGCTGCAGCTGAAAT-1_2	GCAGCCACACTCGCAG-1
4070	1421	0.4375	GAGCTGCGTTTCCCAC-1_2	GCGGTGTAGACAGTGC-1
4070	536	0.1875	GAGCTGCGTTTCCCAC-1_2	ATGTTTCGTTTAAGGA-1
4070	1599	0.25	GAGCTGCGTTTCCCAC-1_2	GGTGTCGTCATTCGGA-1
4071	811	0.3125	GAGGCAAAGAATTGTG-1_2	CCGTACTAGCGTCAAG-1
4071	1069	0.8125	GAGGCAAAGAATTGTG-1_2	CTTGCCAAGGGAAATG-1
4072	48	0.125	GAGGCAACAACGAGGT-1_2	AACAAAGCAGTGCGAA-1
4072	631	0.25	GAGGCAACAACGAGGT-1_2	CACCTGTAGCCATTCA-1
4072	1182	0.5	GAGGCAACAACGAGGT-1_2	GAGAACGAGTCTCCAA-1
4074	976	0.3125	GAGGCCTAGAAACCAT-1_2	CTCAGAATCCGAATTG-1
4075	1665	0.1875	GAGGCCTAGAGCACTG-1_2	GTGACATGTTGGGAAC-1
4076	1801	0.375	GAGGGATAGCGCATCC-1_2	TACCTCGTCAATGCAC-1
4076	2086	0.125	GAGGGATAGCGCATCC-1_2	TGATCAGAGTGATTAG-1
4076	169	0.625	GAGGGATAGCGCATCC-1_2	ACAAACCAGAATACTG-1
4077	2207	0.25	GAGGGATGTTAAACAG-1_2	TGTGGCGTCGCTTACC-1
4078	975	0.5	GAGGGATTCATCACAG-1_2	CTCAGAAGTGCACCCA-1
4079	783	1	GAGGGATTCTAGGCCG-1_2	CCCTAACAGGTAGGCT-1
4079	1034	1	GAGGGATTCTAGGCCG-1_2	CTGGGACTCGAGCGCT-1
4079	1167	0.5	GAGGGATTCTAGGCCG-1_2	GACCGACCAAACTACC-1
4079	358	0.8125	GAGGGATTCTAGGCCG-1_2	AGCCGCACAGTAACCT-1
4079	1750	0.4375	GAGGGATTCTAGGCCG-1_2	TAACGGTCAAATTCCG-1
4080	1783	1	GAGGGTAGTGCCGTAC-1_2	TACATTCCAACCTCCT-1
4080	257	0.5	GAGGGTAGTGCCGTAC-1_2	ACCTGCTTCGTATAGC-1
4081	144	0.5	GAGTCATCAAGAATAC-1_2	AATGCCAGTCATTGCA-1
4081	1508	0.25	GAGTCATCAAGAATAC-1_2	GGAGGATTCCGCCTAT-1
4081	446	0.4375	GAGTCATCAAGAATAC-1_2	AGTGCGCGTAGGGTTG-1
4081	2309	0.25	GAGTCATCAAGAATAC-1_2	TTCTGTACATACCCGG-1
4082	2354	0.3125	GAGTCTAAGCACCGTC-1_2	TTGCTTACAAGGAAGA-1
4082	500	0.875	GAGTCTAAGCACCGTC-1_2	ATCCTGCCAGGACTGA-1
4082	1958	0.3125	GAGTCTAAGCACCGTC-1_2	TCACAGAGTCAACTAC-1
4083	2086	0.1875	GAGTGAGGTCGGTAAG-1_2	TGATCAGAGTGATTAG-1
4083	1810	0.1875	GAGTGAGGTCGGTAAG-1_2	TACGCCTGTATCTCAG-1
4084	2176	1	GAGTGAGTCCGTTGAA-1_2	TGGGTTACAATCAGGG-1
4086	1084	0.6875	GAGTGAGTCGCCTTGT-1_2	CTTGTCGAGTTACACC-1
4086	831	0	GAGTGAGTCGCCTTGT-1_2	CCTGCTACACATTCTT-1
4087	2274	1	GAGTGTTAGGTAAGTT-1_2	TTAGGTGGTTGGCTAT-1
4089	11	1	GAGTTACAGACATCAA-1_2	AAACTCGGTGCGCTCA-1
4089	761	1	GAGTTACAGACATCAA-1_2	CCAGATATCGTATAGC-1
4090	1436	0.5625	GAGTTACCAACCACAT-1_2	GCGTTGGTCTGGCACG-1
4090	2200	0.625	GAGTTACCAACCACAT-1_2	TGTAGCAGTCCCGTGA-1
4090	55	0.4375	GAGTTACCAACCACAT-1_2	AACAGTCGTCGAGGAT-1
4090	1718	0.3125	GAGTTACCAACCACAT-1_2	GTTACTTGTAGACACG-1
4091	98	0.6875	GAGTTACGTACGACTT-1_2	AACGTACGTCGAGAAC-1
4092	2088	0.4375	GAGTTACGTCTAACTG-1_2	TGATCAGTCGGTTGTA-1
4094	462	0.4375	GAGTTGTCAGAGACTG-1_2	AGTTTGGCACTAAACC-1
4096	656	0.375	GAGTTTGCACATGAAA-1_2	CACTAAGTCTCGGCGA-1
4096	218	0.1875	GAGTTTGCACATGAAA-1_2	ACATGGTAGTTCCAGT-1
4097	1411	0.625	GATAGAAAGGACTATA-1_2	GCGGAAACATCGGCCA-1
4098	737	1	GATAGAAAGGGCAGTT-1_2	CATTCCGGTTGGCGAA-1
4098	736	1	GATAGAAAGGGCAGTT-1_2	CATTCCGCAACTAGAA-1
4098	1942	1	GATAGAAAGGGCAGTT-1_2	TCAAGGTCACAGTTCA-1
4099	1907	0.1875	GATAGAACAGAGGCAT-1_2	TATCTGTCAACCTCCT-1
4099	345	0.5	GATAGAACAGAGGCAT-1_2	AGCCAGCTCTAGTCGA-1
4100	2193	0.75	GATAGAAGTTCCTTGC-1_2	TGTACAGCACACACCG-1
4100	1141	0.5	GATAGAAGTTCCTTGC-1_2	GAAGTGGAGCAGGAGG-1
4101	905	0.75	GATAGCTAGGTCACTT-1_2	CGGTGCAGTAGTCTGT-1
4101	788	0.625	GATAGCTAGGTCACTT-1_2	CCCTAACTCCTCATTA-1
4105	1597	0.5	GATCACACATACAGCT-1_2	GGTGTCGCAAGTCCTA-1
4105	951	0.4375	GATCACACATACAGCT-1_2	CTACTTAGTGTCGTGC-1
4105	602	0.25	GATCACACATACAGCT-1_2	CAAGGCCGTCTAAGAA-1
4106	1911	0.9375	GATCACAGTCTAGTGT-1_2	TATCTGTGTCCCGTGA-1
4106	166	0.5	GATCACAGTCTAGTGT-1_2	AATGTCGGTATTCGAC-1
4107	472	0.4375	GATCACAGTTCTAACG-1_2	ATAGTCGCATATAGAG-1
4107	1070	0.3125	GATCACAGTTCTAACG-1_2	CTTGCCACACGTTACA-1
4108	2375	0.0625	GATCACAGTTCTTAGG-1_2	TTGTTGTGTGCAAGCA-1
4108	2394	0.1875	GATCACAGTTCTTAGG-1_2	TTTGGCCTCGAGGTAG-1
4109	547	0.4375	GATCACATCGGAAACG-1_2	ATTCGTTAGAGCCACA-1
4109	1465	0.1875	GATCACATCGGAAACG-1_2	GCTGTTCAGCTTACCA-1
4109	1911	0.8125	GATCACATCGGAAACG-1_2	TATCTGTGTCCCGTGA-1
4109	1103	0.5	GATCACATCGGAAACG-1_2	GAAAGTATCTCGCGTT-1
4111	111	0.4375	GATCAGTAGTGGACGT-1_2	AACTTGGCAACGTCCG-1
4111	246	0.25	GATCAGTAGTGGACGT-1_2	ACCGCAGAGGGAGATA-1
4112	2237	0.3125	GATCAGTGTTGTTGTG-1_2	TTACGGACATGACTGT-1
4113	699	0.5	GATCATGCACCAACAT-1_2	CAGTGCGGTACCCATA-1
4113	1933	0.5625	GATCATGCACCAACAT-1_2	TCAAGCACACACTAGT-1
4113	2224	0.8125	GATCATGCACCAACAT-1_2	TTACCCGAGTCTGGGA-1
4115	2243	0.25	GATCATGGTCCTGTCT-1_2	TTACGTTTCGATATGC-1
4115	1187	0.125	GATCATGGTCCTGTCT-1_2	GAGAACGTCTCTTCTC-1
4115	39	0.5	GATCATGGTCCTGTCT-1_2	AAATGAGAGTATACCC-1
4116	786	0.6875	GATCATGGTCCTGTTC-1_2	CCCTAACCATCCGTGG-1
4117	821	0.5625	GATCCCTCAAAGGGCT-1_2	CCTAAAGAGGCAGTGT-1
4117	112	0.1875	GATCCCTCAAAGGGCT-1_2	AACTTGGCAAGGAACC-1
4119	48	0.375	GATCCCTGTTAGCGGA-1_2	AACAAAGCAGTGCGAA-1
4119	2324	0.25	GATCCCTGTTAGCGGA-1_2	TTGAGTGTCATTCTTG-1
4119	1717	0.3125	GATCCCTGTTAGCGGA-1_2	GTTACTTAGTAACATG-1
4119	1045	0.0625	GATCCCTGTTAGCGGA-1_2	CTTAATCCAGCGCGTT-1
4120	1896	0.6875	GATCGTAAGGCATTTC-1_2	TAGTCCCGTGAGGGTT-1
4121	846	0.1875	GATCGTACAGACCAAG-1_2	CCTTGGTAGTTGCTTG-1
4123	278	0.875	GATCGTATCGGTTAGT-1_2	ACGTTAGTCTATACCT-1
4123	1244	0.5	GATCGTATCGGTTAGT-1_2	GATGATCTCAAGGCCC-1
4124	1033	0.3125	GATCGTATCTTCACGC-1_2	CTGGGACCATCGAGTT-1
4124	705	0.3125	GATCGTATCTTCACGC-1_2	CAGTGCGTCTTCCACG-1
4125	2188	0.5625	GATGACTAGAAGTATC-1_2	TGGTCCTGTCTAAGAA-1
4126	545	0.375	GATGACTAGAGCCTGA-1_2	ATTACTCTCTAGTCGA-1
4127	2223	0.3125	GATGACTCAAAGCTCT-1_2	TTAACGGTCGTCTAGA-1
4130	945	0.8125	GATGAGGCATGGATCT-1_2	CTACTTAGTACCGGCT-1
4131	147	0.3125	GATGATCAGCAATTAG-1_2	AATGGAACAGCACATT-1
4131	1241	1	GATGATCAGCAATTAG-1_2	GATGATCAGGAAGAAC-1
4132	1562	0	GATGATCAGGAATGTT-1_2	GGGTCTGCACGCGCAT-1
4132	212	0.625	GATGATCAGGAATGTT-1_2	ACAGGCCTCTGATCCC-1
4132	34	0.5	GATGATCAGGAATGTT-1_2	AAAGGGCGTTACACTG-1
4133	1262	0.3125	GATGATCCACCAATTG-1_2	GCAAAGGAGCTCCGGT-1
4136	657	0.375	GATGATCTCACATCAG-1_2	CACTGAACAACTCGTA-1
4137	2107	0.75	GATGATCTCGGCACTG-1_2	TGCATGAGTCTGTGTA-1
4137	1377	0.5625	GATGATCTCGGCACTG-1_2	GCGAGTCCATGGTATC-1
4137	1349	0.5	GATGATCTCGGCACTG-1_2	GCCCAGACACTCCCAT-1
4138	585	0.5	GATGCTACAAGACGGT-1_2	CAACGGCTCTTGTACT-1
4138	604	0.25	GATGCTACAAGACGGT-1_2	CAAGGCCTCCTAAGTG-1
4138	232	0.4375	GATGCTACAAGACGGT-1_2	ACCATCCTCGACTGGC-1
4139	691	0.625	GATGCTAGTGAACCGA-1_2	CAGGGCTTCCTCCATG-1
4139	1295	0.8125	GATGCTAGTGAACCGA-1_2	GCAGATTCAAGCGGTA-1
4139	1338	0.6875	GATGCTAGTGAACCGA-1_2	GCCAGCAGTATTGTGC-1
4140	233	0.625	GATGCTATCTCGCTCA-1_2	ACCATCCTCTTACTCA-1
4140	1674	0.25	GATGCTATCTCGCTCA-1_2	GTGCACGCACCCATCT-1
4140	1758	0.4375	GATGCTATCTCGCTCA-1_2	TAAGCCACACTGTAAC-1
4141	2288	0.4375	GATGGAGAGGACGCTA-1_2	TTCATTGCACCTGAAT-1
4143	2172	1	GATGGAGCAGAGAATT-1_2	TGGCGCATCTCATCCG-1
4143	1498	0.5625	GATGGAGCAGAGAATT-1_2	GGACACCGTCTGGTTA-1
4144	1903	0.9375	GATGGAGGTAGATTGA-1_2	TATCGAGTCGCTTCAC-1
4144	953	1	GATGGAGGTAGATTGA-1_2	CTACTTATCGCTACCT-1
4144	126	1	GATGGAGGTAGATTGA-1_2	AAGGAGCCATGGCCGT-1
4145	43	0.25	GATGTTGGTACGAAAT-1_2	AAATGCCCAATGGTCT-1
4145	1313	0.3125	GATGTTGGTACGAAAT-1_2	GCATGATCATTATGGC-1
4146	152	0	GATGTTGGTCAGGCAA-1_2	AATGGAATCCCAATAG-1
4147	821	0.3125	GATGTTGTCTCTATAC-1_2	CCTAAAGAGGCAGTGT-1
4147	1624	0.6875	GATGTTGTCTCTATAC-1_2	GTAGGAGAGAACCATA-1
4148	2203	0.4375	GATTCGAAGCCTGTGC-1_2	TGTGGCGCAGAGCCAA-1
4150	143	0.375	GATTCGAGTGTGTCCG-1_2	AATGCCACATATTGGC-1
4151	30	0.5	GATTCGAGTTATCTTC-1_2	AAAGGGCAGGATCCTT-1
4151	420	1	GATTCGAGTTATCTTC-1_2	AGGCGAACAACGGACA-1
4152	40	0.6875	GATTCTTCATTAAGCC-1_2	AAATGAGCAACGTAGG-1
4153	932	0.5625	GATTCTTTCTATTCGT-1_2	CTAACTTAGGCAGTGT-1
4153	374	0.6875	GATTCTTTCTATTCGT-1_2	AGCCTTCTCAGAGTGG-1
4155	1851	0.8125	GATTGGTGTCGACGCT-1_2	TAGCATGAGAATATCG-1
4155	727	0.25	GATTGGTGTCGACGCT-1_2	CATGTTTGTACGGATG-1
4156	2260	0.375	GATTTCTAGGCCTTGC-1_2	TTAGCGATCGCCCTTA-1
4156	1802	0.1875	GATTTCTAGGCCTTGC-1_2	TACCTCGTCCAACGCG-1
4157	2208	0.625	GATTTCTCAGTACTAC-1_2	TGTGTCCAGGAGTAGA-1
4157	2078	0.1875	GATTTCTCAGTACTAC-1_2	TGAGTCAAGCTGCTCG-1
4157	1513	0.4375	GATTTCTCAGTACTAC-1_2	GGAGTAGGTATGCTAC-1
4157	2297	0.4375	GATTTCTCAGTACTAC-1_2	TTCGGTCTCCATACGA-1
4159	1649	0.5625	GCAACATAGAGAGGTA-1_2	GTCACTCGTCCTTATT-1
4159	500	0.125	GCAACATAGAGAGGTA-1_2	ATCCTGCCAGGACTGA-1
4159	136	0.3125	GCAACATAGAGAGGTA-1_2	AAGGTTCTCTCGCGGA-1
4159	1180	0.375	GCAACATAGAGAGGTA-1_2	GACTAGTTCGCAAACT-1
4160	123	0.5625	GCAACATTCAGGAAAT-1_2	AAGATAGGTGTCGGTC-1
4160	375	0.625	GCAACATTCAGGAAAT-1_2	AGCGATTCACATCATG-1
4160	1587	0.25	GCAACATTCAGGAAAT-1_2	GGTGAAGAGCGCATTT-1
4161	512	0.8125	GCAACATTCCTACTGC-1_2	ATGCATGTCGATAGTC-1
4163	421	0.1875	GCAACCGTCTCGTCAC-1_2	AGGCGAACAAGTTGCT-1
4163	1799	0.1875	GCAACCGTCTCGTCAC-1_2	TACCTCGCACCGAAAG-1
4163	722	0.5625	GCAACCGTCTCGTCAC-1_2	CATGCCTGTATTTGCG-1
4164	1024	0.875	GCACATAAGCACCGAA-1_2	CTGGCAGCATCCGTAA-1
4164	372	1	GCACATAAGCACCGAA-1_2	AGCCTTCCAGGTGGTA-1
4165	57	1	GCACATATCTGAGAAA-1_2	AACATCGAGAATGCTA-1
4165	243	1	GCACATATCTGAGAAA-1_2	ACCGAATCAATGTGTC-1
4166	754	1	GCACGGTAGAGAGGTA-1_2	CCAGAATGTCCTCAGG-1
4166	734	0.375	GCACGGTAGAGAGGTA-1_2	CATTCATTCTGGACAT-1
4166	284	1	GCACGGTAGAGAGGTA-1_2	ACTAACGTCCTCATTA-1
4167	1540	0.4375	GCACGGTAGAGGGCGA-1_2	GGCGTTGAGAGATTAC-1
4168	1148	0.5	GCACGGTAGCACCCAC-1_2	GACCAATAGGCAGTAC-1
4169	664	0.1875	GCACGTGAGGTGAGAA-1_2	CACTGAATCTACCCGT-1
4170	1806	0.75	GCACTAAAGCTGGCCT-1_2	TACGCAAGTAAACGGC-1
4170	1632	0.375	GCACTAAAGCTGGCCT-1_2	GTCACAATCTTGTCAT-1
4171	915	0.875	GCAGCCACACGCCAGT-1_2	CGTACAAGTTTCGACA-1
4172	666	1	GCAGCCACACTTTAGG-1_2	CAGCCTTGTGGCATAG-1
4172	2161	1	GCAGCCACACTTTAGG-1_2	TGGCAATTCTTGTCGC-1
4173	338	0.375	GCAGCCAGTGTGATGG-1_2	AGATTCGCACAAGTGG-1
4176	1979	0.25	GCAGCTGGTATGAGAT-1_2	TCAGCTCCACGCGATC-1
4177	572	0.3125	GCAGCTGTCGGACTTA-1_2	CAACCAAAGACCGCAA-1
4178	874	0.75	GCAGGCTCATCCGAGC-1_2	CGCAGGTTCTTTATCG-1
4180	1103	0	GCAGGCTTCTAGTTCT-1_2	GAAAGTATCTCGCGTT-1
4180	928	0.375	GCAGGCTTCTAGTTCT-1_2	CGTTCCAGTATGGATA-1
4181	2109	0.0625	GCAGTTATCCGTAATG-1_2	TGCATTTTCACTGGTA-1
4182	2136	0.5	GCATCTCCAATGAACA-1_2	TGCTTCGTCTGCTACC-1
4183	973	0.25	GCATCTCCATCTTAGG-1_2	CTCAGAACAAACGTTC-1
4184	1005	0.6875	GCATGATAGCGCTTCG-1_2	CTCTCAGCACCTGAAT-1
4184	1543	0.1875	GCATGATAGCGCTTCG-1_2	GGCGTTGAGGGTGTTG-1
4185	1224	0.6875	GCATTAGGTCCGTTTC-1_2	GAGTGAGTCCTTACGC-1
4185	2139	0.3125	GCATTAGGTCCGTTTC-1_2	TGCTTTAGTCAGAAGC-1
4185	1486	0.0625	GCATTAGGTCCGTTTC-1_2	GGAACTTGTATGGGTG-1
4185	1426	0.3125	GCATTAGGTCCGTTTC-1_2	GCGTAGCCAAGGTCGA-1
4186	738	0.4375	GCATTAGTCCAAGCAT-1_2	CATTCCGTCCGGCTGA-1
4187	476	0.9375	GCCAACGGTGATCATC-1_2	ATATTCCAGAGGAACA-1
4187	1835	0.125	GCCAACGGTGATCATC-1_2	TACTGCCTCCAGGGAA-1
4187	821	0.4375	GCCAACGGTGATCATC-1_2	CCTAAAGAGGCAGTGT-1
4188	2101	0.5	GCCAACGGTTCTCGCT-1_2	TGATTTCTCATCGCCT-1
4188	918	0.5	GCCAACGGTTCTCGCT-1_2	CGTGGCAAGACGTCAG-1
4188	1595	0.875	GCCAACGGTTCTCGCT-1_2	GGTGCTGTCTTGCGCT-1
4189	561	0.125	GCCAGCAGTAGGACCA-1_2	ATTTGTCGTTAGGCTT-1
4189	888	0.1875	GCCAGCAGTAGGACCA-1_2	CGCTATCAGGTTAGTA-1
4190	2262	0.3125	GCCAGGTCAACAAGTA-1_2	TTAGCGATCTTCTCTC-1
4190	21	0.75	GCCAGGTCAACAAGTA-1_2	AAAGATGCATGTGGGA-1
4191	1551	0.125	GCCAGGTTCAATCTCT-1_2	GGGAACACAAGTGGCA-1
4191	1258	0.4375	GCCAGGTTCAATCTCT-1_2	GATTGACCAGCTTACA-1
4192	1280	0.6875	GCCAGGTTCCCTTCCC-1_2	GCACGCAAGTGAGCTG-1
4192	280	0.9375	GCCAGGTTCCCTTCCC-1_2	ACTAACGAGCCATCAT-1
4192	1969	0.5	GCCAGGTTCCCTTCCC-1_2	TCACCTGTCAGTCAAC-1
4192	1617	0.3125	GCCAGGTTCCCTTCCC-1_2	GTAATCGTCTATCTTG-1
4192	1780	0.6875	GCCAGGTTCCCTTCCC-1_2	TACAGCATCTGTTTAC-1
4193	1916	0.375	GCCAGTGCAAGAGCTG-1_2	TATGTGGTCAACGTGT-1
4194	1420	0.375	GCCAGTGGTGCCTTCT-1_2	GCGGGTTTCGAGGTAG-1
4194	39	0.125	GCCAGTGGTGCCTTCT-1_2	AAATGAGAGTATACCC-1
4195	1071	0.4375	GCCATGGAGCGATGGT-1_2	CTTGCCAGTATCTAGC-1
4195	925	0.375	GCCATGGAGCGATGGT-1_2	CGTTCCAAGTACAGTA-1
4197	2088	0.6875	GCCATGGGTGATATAG-1_2	TGATCAGTCGGTTGTA-1
4197	295	0.375	GCCATGGGTGATATAG-1_2	ACTACGAAGGAACCGT-1
4198	1163	0.75	GCCATGGTCCAATCCC-1_2	GACCCAGGTCAGGCTC-1
4198	1951	0.3125	GCCATGGTCCAATCCC-1_2	TCACAAGAGGCCTCTG-1
4199	480	0.75	GCCATGGTCCAGCTCT-1_2	ATCCAGAAGATGGGTC-1
4199	765	0.5625	GCCATGGTCCAGCTCT-1_2	CCATACCGTAGCGGTA-1
4199	189	0.3125	GCCATGGTCCAGCTCT-1_2	ACAATCGTCAGCACTA-1
4200	1041	0.6875	GCCATGGTCGTTACCC-1_2	CTGTTCGCAGTAACTC-1
4200	1656	0.0625	GCCATGGTCGTTACCC-1_2	GTCGTAAGTGAGTTGG-1
4201	689	1	GCCATTCAGAGCACTG-1_2	CAGGGCTGTCACATTG-1
4201	446	0.0625	GCCATTCAGAGCACTG-1_2	AGTGCGCGTAGGGTTG-1
4201	1277	0.6875	GCCATTCAGAGCACTG-1_2	GCACCTTTCAGTTGAC-1
4202	180	0.625	GCCATTCGTAATTAGG-1_2	ACAAGCTGTTTAGGAA-1
4202	221	0.5	GCCATTCGTAATTAGG-1_2	ACATGGTTCCCTACGT-1
4203	2036	0.375	GCCATTCTCAAGTCGT-1_2	TCGCAGGGTACTTCGA-1
4203	54	0	GCCATTCTCAAGTCGT-1_2	AACAGTCGTAGGTGAC-1
4203	1103	0.3125	GCCATTCTCAAGTCGT-1_2	GAAAGTATCTCGCGTT-1
4203	1326	0.125	GCCATTCTCAAGTCGT-1_2	GCATTGAGTGGTGGTA-1
4204	1935	0.1875	GCCCAGAAGTAATCCC-1_2	TCAAGCACACGCTGTG-1
4204	1093	0.125	GCCCAGAAGTAATCCC-1_2	CTTTGCGGTCATAAGA-1
4205	1090	0.75	GCCCAGAGTTAGGAGC-1_2	CTTGTCGTCAGAATGA-1
4206	1655	0.25	GCCCAGATCATGGAGG-1_2	GTCGTAAGTATGTTCG-1
4206	942	0.375	GCCCAGATCATGGAGG-1_2	CTACTTACAATTGGCT-1
4208	482	0.625	GCCCGAAAGTTGAAAC-1_2	ATCCAGAGTACTTGAC-1
4208	1438	0.3125	GCCCGAAAGTTGAAAC-1_2	GCTCACTTCCATAGGT-1
4209	1474	0.625	GCCCGAACATCTAGAC-1_2	GCTTTCGAGGTCTTTG-1
4209	1899	1	GCCCGAACATCTAGAC-1_2	TATCGAGGTCCCGAGT-1
4211	2013	1	GCCCGAATCGCCAACG-1_2	TCCATCGCACACTAGT-1
4211	2242	1	GCCCGAATCGCCAACG-1_2	TTACGTTGTTCTGAGT-1
4211	465	1	GCCCGAATCGCCAACG-1_2	AGTTTGGTCGATAGGG-1
4212	1141	0.25	GCCCGAATCTCATTGT-1_2	GAAGTGGAGCAGGAGG-1
4213	2316	0.4375	GCCGATGAGAGGGCGA-1_2	TTGACGATCAGGTTTG-1
4214	2299	0.375	GCCGATGAGCGTATGG-1_2	TTCGTTACAAATAGTG-1
4215	943	0.4375	GCCGATGGTATCAAGA-1_2	CTACTTACAGGCAGAT-1
4215	2031	0.5	GCCGATGGTATCAAGA-1_2	TCGATTTTCGTCTTAT-1
4215	2156	0.9375	GCCGATGGTATCAAGA-1_2	TGGCAATAGCATTGGG-1
4216	1230	0.625	GCCGTGAAGTGCTAGG-1_2	GATCGTAAGCGAGCTA-1
4218	1403	0.3125	GCCGTGAGTTCAATCG-1_2	GCGCCAAGTCTCTGCT-1
4218	1521	1	GCCGTGAGTTCAATCG-1_2	GGATAGGTCGTCTAGA-1
4218	731	0.25	GCCGTGAGTTCAATCG-1_2	CATTCATGTGCTTGAT-1
4219	1649	0.4375	GCCGTGAGTTGTGCAT-1_2	GTCACTCGTCCTTATT-1
4220	1836	0.5	GCCGTGATCCTCTAGC-1_2	TACTGCCTCTCTTAAC-1
4220	1615	0.375	GCCGTGATCCTCTAGC-1_2	GTAATCGTCCCACTAC-1
4220	252	0.375	GCCGTGATCCTCTAGC-1_2	ACCGGGTGTCCGTAGC-1
4221	1464	0.8125	GCCTGTTAGCTTACGT-1_2	GCTGTTCAGACAACGC-1
4222	2090	0.5625	GCCTGTTAGGAGCAAA-1_2	TGATGCAAGGAATGGA-1
4222	1645	0.3125	GCCTGTTAGGAGCAAA-1_2	GTCACGGTCGGCTATA-1
4222	1000	0.375	GCCTGTTAGGAGCAAA-1_2	CTCTAGCCAATCACTG-1
4223	1162	0.3125	GCCTGTTCAGATCCAT-1_2	GACCCAGGTAGGTAAT-1
4223	1345	0.4375	GCCTGTTCAGATCCAT-1_2	GCCATAAGTCTTAGCA-1
4224	1945	0.375	GCCTGTTTCGCTCATC-1_2	TCAATTCAGTGTGTAA-1
4224	1827	0.3125	GCCTGTTTCGCTCATC-1_2	TACTAGGGTCTCTGCT-1
4224	2047	0.375	GCCTGTTTCGCTCATC-1_2	TCGTTCGAGGGCGAAG-1
4224	1510	0.1875	GCCTGTTTCGCTCATC-1_2	GGAGTAGAGTCGCCTG-1
4225	1149	0.5	GCGATCGAGTAAAGCT-1_2	GACCAATCACACACAT-1
4225	1574	0.8125	GCGATCGAGTAAAGCT-1_2	GGGTTATTCGGCTATA-1
4226	1242	0.5625	GCGATCGCACCAGACC-1_2	GATGATCAGTCTAGAA-1
4226	468	0.4375	GCGATCGCACCAGACC-1_2	ATAGGCTCACACTAGT-1
4226	802	0.4375	GCGATCGCACCAGACC-1_2	CCCTCTCTCGAGTGTT-1
4228	1329	0.3125	GCGATCGGTGCCTGCA-1_2	GCCAGACCAAATAGTG-1
4228	1951	0.4375	GCGATCGGTGCCTGCA-1_2	TCACAAGAGGCCTCTG-1
4229	1356	0.3125	GCGATCGTCAGCTTGA-1_2	GCCTACTAGGTTAACA-1
4230	249	1	GCGATCGTCGCATTGA-1_2	ACCGGGTCAACTCCCT-1
4232	1989	0.4375	GCGGAAAGTGTAACGG-1_2	TCAGGTATCTTCTTCC-1
4233	1036	0.25	GCGGATCAGACGAAGA-1_2	CTGGGACTCTGAAAGA-1
4233	2015	0.5	GCGGATCAGACGAAGA-1_2	TCCATCGGTGCCCTAG-1
4233	1924	0.5625	GCGGATCAGACGAAGA-1_2	TCAAAGCAGCGCAATG-1
4233	116	0.25	GCGGATCAGACGAAGA-1_2	AACTTGGTCCTTGACC-1
4234	341	0.625	GCGGATCCAAATGAAC-1_2	AGCCAGCCAAGGATGC-1
4234	687	0.375	GCGGATCCAAATGAAC-1_2	CAGGATTGTAGAAAGG-1
4235	1582	0.3125	GCGGATCGTCATCCGG-1_2	GGTAGGATCGGTCCGA-1
4235	1995	0.5625	GCGGATCGTCATCCGG-1_2	TCAGTCCGTGCTTGAT-1
4236	1785	0.4375	GCGGATCGTTAAGGAT-1_2	TACATTCGTAGCGGTA-1
4236	873	0.625	GCGGATCGTTAAGGAT-1_2	CGCAGGTCAGCTTACA-1
4238	1745	0.375	GCGTGCAAGGATGCGT-1_2	TAACAGCAGTCGTGAG-1
4238	742	0.875	GCGTGCAAGGATGCGT-1_2	CCAATGAAGCGCATTT-1
4239	451	0.1875	GCGTTTCTCTCGCTCA-1_2	AGTGCGCTCTTGTCGC-1
4239	1680	0.4375	GCGTTTCTCTCGCTCA-1_2	GTGCCAGGTTTCTTAC-1
4239	149	0.1875	GCGTTTCTCTCGCTCA-1_2	AATGGAAGTAAGCCGA-1
4240	1053	0.875	GCTACAAAGACGGAAA-1_2	CTTCCAGAGCGTGTTT-1
4240	2172	0.875	GCTACAAAGACGGAAA-1_2	TGGCGCATCTCATCCG-1
4241	1107	0.9375	GCTACAACACCACTGG-1_2	GAAATGAGTTAAGGGC-1
4241	220	0.6875	GCTACAACACCACTGG-1_2	ACATGGTGTGTGCTTA-1
4241	1956	0.5	GCTACAACACCACTGG-1_2	TCACAGAAGAAGACTT-1
4241	1835	0.4375	GCTACAACACCACTGG-1_2	TACTGCCTCCAGGGAA-1
4242	396	1	GCTACAAGTAACCCTA-1_2	AGCTGATAGTCCTTCC-1
4243	902	0.625	GCTACAATCACCTGGG-1_2	CGGACTGGTCAGGTGA-1
4243	1364	0.125	GCTACAATCACCTGGG-1_2	GCCTAGGGTAATGCAA-1
4243	332	0.0625	GCTACAATCACCTGGG-1_2	AGATAGATCGTTCTAT-1
4244	2054	0.75	GCTACAATCCTATTTG-1_2	TCTAGTTTCGGTCTCT-1
4244	2002	0.375	GCTACAATCCTATTTG-1_2	TCAGTTTCATAGCAGG-1
4244	1600	0.75	GCTACAATCCTATTTG-1_2	GGTGTCGTCCATATCT-1
4244	1547	0.5	GCTACAATCCTATTTG-1_2	GGCGTTGGTCTGAGCC-1
4246	188	0.5	GCTACCTAGCAGTAAT-1_2	ACAATCGGTTGGCGAA-1
4246	2206	0.125	GCTACCTAGCAGTAAT-1_2	TGTGGCGGTCGTAGTT-1
4246	511	0.0625	GCTACCTAGCAGTAAT-1_2	ATGCATGGTCATTGGT-1
4247	567	1	GCTACCTGTTGCCTAA-1_2	CAAAGCTCACGATATC-1
4247	69	1	GCTACCTGTTGCCTAA-1_2	AACCGATAGGTCTTTG-1
4248	1429	0.1875	GCTCAAACAGTAGAAT-1_2	GCGTAGCGTACCTATG-1
4248	258	0.8125	GCTCAAACAGTAGAAT-1_2	ACGGATTAGGTTGTTC-1
4248	201	0.375	GCTCAAACAGTAGAAT-1_2	ACAGACTGTTCCAGTA-1
4249	2292	0.375	GCTCAAATCCGTTTCG-1_2	TTCGATTAGGATTGAT-1
4250	1	0.25	GCTGAATCACATCATG-1_2	AAACGAAAGAAGCCGT-1
4252	776	0.125	GCTGCAGAGACTCTAC-1_2	CCCAGAGGTATATGGA-1
4252	2229	0.4375	GCTGCAGAGACTCTAC-1_2	TTACCCGCATGCACTA-1
4252	7	0.4375	GCTGCAGAGACTCTAC-1_2	AAACGAATCTGACTTT-1
4253	1445	0.5	GCTGCAGAGCTAGAAT-1_2	GCTCCTAAGTGAGTGC-1
4253	992	0.8125	GCTGCAGAGCTAGAAT-1_2	CTCTACGAGTTCCCGG-1
4253	289	0.5625	GCTGCAGAGCTAGAAT-1_2	ACTACCCCAGTTCGGC-1
4254	824	0.375	GCTGCAGAGGCATGCA-1_2	CCTATTAAGCGATACG-1
4255	2283	0.4375	GCTGCAGGTAACACGG-1_2	TTCATCATCAGTGTAC-1
4255	95	0.1875	GCTGCAGGTAACACGG-1_2	AACGGGACACGCGTTG-1
4256	182	0.375	GCTGGGTCAAATTAGG-1_2	ACAAGCTTCACTAGGT-1
4256	1005	0.75	GCTGGGTCAAATTAGG-1_2	CTCTCAGCACCTGAAT-1
4258	1506	0.4375	GCTGGGTTCAAGATAG-1_2	GGAGGATGTCACATTG-1
4258	1839	0.125	GCTGGGTTCAAGATAG-1_2	TAGACTGCAATGTGCT-1
4258	710	0.25	GCTGGGTTCAAGATAG-1_2	CATAACGAGTCCGATT-1
4259	374	0.9375	GCTGGGTTCTCGTTTA-1_2	AGCCTTCTCAGAGTGG-1
4259	925	0.1875	GCTGGGTTCTCGTTTA-1_2	CGTTCCAAGTACAGTA-1
4259	1977	0.4375	GCTGGGTTCTCGTTTA-1_2	TCACTCGTCCTCCCAA-1
4260	587	0.3125	GCTTCACCAACCAATC-1_2	CAACGTACATGTAGAA-1
4260	730	0.25	GCTTCACCAACCAATC-1_2	CATTCATCATCACAGT-1
4261	2335	0.875	GCTTGGGAGTCAAGCG-1_2	TTGCAGATCGCATAAC-1
4261	2053	0.25	GCTTGGGAGTCAAGCG-1_2	TCTAGTTTCCTGGAAT-1
4262	2244	0.25	GCTTGGGCAAGAGATT-1_2	TTACGTTTCGCTTGAA-1
4262	2086	0.6875	GCTTGGGCAAGAGATT-1_2	TGATCAGAGTGATTAG-1
4262	2324	0.125	GCTTGGGCAAGAGATT-1_2	TTGAGTGTCATTCTTG-1
4263	1533	0.25	GCTTGGGCACCATAAC-1_2	GGCATTAGTGAGTCGA-1
4263	1422	0.1875	GCTTGGGCACCATAAC-1_2	GCGGTGTCACATTGCA-1
4263	920	0.5625	GCTTGGGCACCATAAC-1_2	CGTGGCACAAGGAAGA-1
4264	1991	0.875	GCTTGGGCACGGCACT-1_2	TCAGTCCAGGCTCAGA-1
4264	2362	0.4375	GCTTGGGCACGGCACT-1_2	TTGTCTAGTGAGTCGA-1
4264	889	0.5625	GCTTGGGCACGGCACT-1_2	CGCTATCCAAGCAGGT-1
4265	1176	0.8125	GCTTTCGAGAGCTTTC-1_2	GACTAACCAATGATGA-1
4265	1427	0.8125	GCTTTCGAGAGCTTTC-1_2	GCGTAGCCAATGGCTT-1
4265	774	0.25	GCTTTCGAGAGCTTTC-1_2	CCCAGAGCAGAACAGC-1
4265	1615	0.5625	GCTTTCGAGAGCTTTC-1_2	GTAATCGTCCCACTAC-1
4265	1773	0.8125	GCTTTCGAGAGCTTTC-1_2	TAATTCCAGACGTCAG-1
4266	208	0.375	GCTTTCGGTATCGCAT-1_2	ACAGGCCCAACTCGTA-1
4266	1724	0.25	GCTTTCGGTATCGCAT-1_2	GTTATTCTCCAAGAGG-1
4266	2381	0.5	GCTTTCGGTATCGCAT-1_2	TTTACGTCATTGCACA-1
4267	763	1	GCTTTCGGTGGCGTAA-1_2	CCATACCCACTCCTCA-1
4267	1293	0.0625	GCTTTCGGTGGCGTAA-1_2	GCAGATTAGGGTGTTG-1
4267	526	0.125	GCTTTCGGTGGCGTAA-1_2	ATGTCGAGTGCTTCCT-1
4267	2357	0.625	GCTTTCGGTGGCGTAA-1_2	TTGCTTATCACTTACT-1
4268	12	1	GGAACCCTCCCATTCG-1_2	AAACTCGTCAACACGT-1
4269	1998	0.3125	GGAACCCTCTCGTGGG-1_2	TCAGTCCTCCCGTAGG-1
4269	904	0.125	GGAACCCTCTCGTGGG-1_2	CGGTGCAAGGACTAGC-1
4269	1259	0.3125	GGAACCCTCTCGTGGG-1_2	GATTGACGTCACAGGA-1
4270	1414	0.3125	GGAAGTGGTATCGAAA-1_2	GCGGGTTAGCAGAATT-1
4270	1294	0.125	GGAAGTGGTATCGAAA-1_2	GCAGATTAGTTACCAC-1
4271	1137	0.4375	GGAAGTGGTCCACTTC-1_2	GAAGAGCTCCCATAGA-1
4272	1035	0.75	GGAAGTGTCCGATCTC-1_2	CTGGGACTCGAGGTAG-1
4273	1825	1	GGAAGTGTCCGTTGGG-1_2	TACTAGGCAACGCACC-1
4273	1400	0.4375	GGAAGTGTCCGTTGGG-1_2	GCGCATGGTATGGGTG-1
4276	682	0.9375	GGAATGGGTCGCATCG-1_2	CAGCTGGTCGATAGGG-1
4276	2172	0.125	GGAATGGGTCGCATCG-1_2	TGGCGCATCTCATCCG-1
4276	1858	1	GGAATGGGTCGCATCG-1_2	TAGCATGTCCTCCTGA-1
4276	1399	0.375	GGAATGGGTCGCATCG-1_2	GCGCATGCAAACTACC-1
4277	1046	0.3125	GGAATGGGTCTTGAAC-1_2	CTTAATCCATAGACGG-1
4278	1613	0.25	GGAATGGTCATCGCCT-1_2	GTAATCGCAGTTAAAG-1
4278	1455	0.375	GGAATGGTCATCGCCT-1_2	GCTCGAGGTTCGGGAA-1
4279	806	0.625	GGAGAACAGAGTCGAC-1_2	CCCTGATTCTCTATTG-1
4280	868	0.875	GGAGAACAGCACTCAT-1_2	CGCAATACAAGGATGC-1
4280	349	1	GGAGAACAGCACTCAT-1_2	AGCCCGAGTATTCTGG-1
4281	2022	0.4375	GGAGAACCACTACCCT-1_2	TCCGACTGTAAGGTCG-1
4281	2029	0.5625	GGAGAACCACTACCCT-1_2	TCGATTTCACAAACGG-1
4282	1148	0.25	GGAGAACTCATTTCCA-1_2	GACCAATAGGCAGTAC-1
4282	1876	0.375	GGAGAACTCATTTCCA-1_2	TAGCTTTTCTCAGATG-1
4283	2130	1	GGAGATGAGGCACTCC-1_2	TGCTCACGTCACATTG-1
4283	831	0.5625	GGAGATGAGGCACTCC-1_2	CCTGCTACACATTCTT-1
4283	2298	0.5625	GGAGATGAGGCACTCC-1_2	TTCGTTACAAAGACGC-1
4284	1462	0.75	GGAGATGTCACCATAG-1_2	GCTGCGAGTCGAGGTA-1
4287	1289	0.5625	GGAGCAACAGCAGTTT-1_2	GCACGGTGTAATGTGA-1
4287	1964	0.8125	GGAGCAACAGCAGTTT-1_2	TCACCACCATCAGCTA-1
4288	1288	0	GGAGCAAGTTGGCCGT-1_2	GCACGGTAGTTCAGGG-1
4289	20	0.3125	GGAGCAATCGAAACAA-1_2	AAAGATGCAGATGGCA-1
4290	1587	0.5	GGAGGATCACTCACTC-1_2	GGTGAAGAGCGCATTT-1
4290	763	1	GGAGGATCACTCACTC-1_2	CCATACCCACTCCTCA-1
4292	1591	0.375	GGAGGATGTCTTGAGT-1_2	GGTGAAGGTTTAAGGA-1
4292	1513	0.25	GGAGGATGTCTTGAGT-1_2	GGAGTAGGTATGCTAC-1
4292	1748	0.125	GGAGGATGTCTTGAGT-1_2	TAACAGCTCTAGCAAC-1
4293	212	0.5	GGAGGATGTGATCATC-1_2	ACAGGCCTCTGATCCC-1
4293	988	0.25	GGAGGATGTGATCATC-1_2	CTCGCTAGTCATAGAA-1
4294	677	0.1875	GGAGGATGTTAACAGA-1_2	CAGCTGGGTCATTGCA-1
4294	53	0.75	GGAGGATGTTAACAGA-1_2	AACAGTCGTAAACCCT-1
4295	1607	0.5625	GGAGGTACAGACAATA-1_2	GGTTGCGCATTATGGC-1
4296	2199	0.3125	GGAGGTAGTCCTTTGC-1_2	TGTAGCACACCATTCC-1
4297	1939	0.375	GGAGGTAGTTGTTGCA-1_2	TCAAGCATCGCTAGTA-1
4299	1199	0.625	GGATCTAAGATACCAA-1_2	GAGCATTAGTGAACCG-1
4299	2396	0.5	GGATCTAAGATACCAA-1_2	TTTGGTTTCGACTTAG-1
4299	850	0.125	GGATCTAAGATACCAA-1_2	CGAGTTAAGGCAAGGG-1
4300	2152	0.5	GGATCTACAGAGTAAT-1_2	TGGACATAGTCTAGAA-1
4300	2324	0.5	GGATCTACAGAGTAAT-1_2	TTGAGTGTCATTCTTG-1
4302	2315	0.5	GGATCTATCCTTCTTC-1_2	TTGACGAGTCAGAAAT-1
4302	1318	0.4375	GGATCTATCCTTCTTC-1_2	GCATTCCTCCGAGAGA-1
4303	819	0.5625	GGATGTTTCGTTACCC-1_2	CCGTGAGTCCATACCC-1
4304	1164	0.4375	GGCAGTCAGGCATGCA-1_2	GACCCAGGTCCGTAGC-1
4304	1873	0.25	GGCAGTCAGGCATGCA-1_2	TAGCTTTCAAAGAGAG-1
4306	781	1	GGCAGTCCACACCAGC-1_2	CCCGTTATCCGGCTGA-1
4306	2059	0.125	GGCAGTCCACACCAGC-1_2	TCTCAGCTCGGATCGC-1
4306	128	0	GGCAGTCCACACCAGC-1_2	AAGGAGCTCACTGATG-1
4306	1882	0.3125	GGCAGTCCACACCAGC-1_2	TAGGTCACAATTGGCT-1
4307	824	0.125	GGCAGTCTCAAGAAAC-1_2	CCTATTAAGCGATACG-1
4307	446	0.4375	GGCAGTCTCAAGAAAC-1_2	AGTGCGCGTAGGGTTG-1
4307	630	0.3125	GGCAGTCTCAAGAAAC-1_2	CACCTGTAGACTAGCG-1
4308	653	0.3125	GGCAGTCTCCACTAGA-1_2	CACTAAGCAGCCACGT-1
4308	1506	0.5	GGCAGTCTCCACTAGA-1_2	GGAGGATGTCACATTG-1
4308	1653	0.4375	GGCAGTCTCCACTAGA-1_2	GTCCATCAGTTCGACT-1
4309	691	0.125	GGCGTCAAGTAAACAC-1_2	CAGGGCTTCCTCCATG-1
4310	112	0.75	GGCGTCAGTCGCATTA-1_2	AACTTGGCAAGGAACC-1
4311	1393	0.3125	GGCGTCAGTCTCTCAC-1_2	GCGATTAGTCACAGGA-1
4312	426	0.5625	GGCGTCATCGAACGGA-1_2	AGGCGAATCCGGAAAG-1
4312	1621	0.5	GGCGTCATCGAACGGA-1_2	GTAGACTCAATTAGGA-1
4313	1152	0.3125	GGCTGTGAGTTGGAAT-1_2	GACCAATGTCACATTG-1
4313	1439	0.8125	GGCTGTGAGTTGGAAT-1_2	GCTCACTTCGGAGTTT-1
4313	309	0.5	GGCTGTGAGTTGGAAT-1_2	ACTCGGGTCCACGGCA-1
4314	1123	0.3125	GGCTGTGGTTAGGCCC-1_2	GAACCTACATAGATAG-1
4315	2219	0.8125	GGCTTGGCAACTGTGT-1_2	TGTTAGGGTTGCTTGA-1
4315	648	0.8125	GGCTTGGCAACTGTGT-1_2	CACGTTCAGATGGGTC-1
4316	842	0.875	GGCTTGGGTCCGATCG-1_2	CCTTAATTCGGGAATG-1
4317	772	0.5625	GGCTTGGGTTCATCTT-1_2	CCCAGAGAGGGTAATT-1
4317	1008	0.375	GGCTTGGGTTCATCTT-1_2	CTCTCGACACCGTTGG-1
4317	1316	0.3125	GGCTTGGGTTCATCTT-1_2	GCATTCCTCATTCGGA-1
4318	1183	0.625	GGCTTGGTCCGAGCTG-1_2	GAGAACGCAACGTACT-1
4318	439	1	GGCTTGGTCCGAGCTG-1_2	AGTCCGGTCTGAGTCA-1
4318	1570	1	GGCTTGGTCCGAGCTG-1_2	GGGTGTCTCCTCTCTT-1
4319	1365	0.5	GGCTTGGTCTCTGGTC-1_2	GCCTAGGGTAGATTAG-1
4320	1610	0.6875	GGCTTTCAGCCTCCAG-1_2	GGTTGCGTCAGTGTGT-1
4320	2230	1	GGCTTTCAGCCTCCAG-1_2	TTACCGCCATGGGTGA-1
4321	1312	0.25	GGCTTTCAGCGAGAAA-1_2	GCATGATCATGGGTGA-1
4321	830	0.25	GGCTTTCAGCGAGAAA-1_2	CCTGCTAAGCATTCCA-1
4323	2319	0.5	GGGAAGTTCTCGCCTA-1_2	TTGAGCAAGTCCAGAG-1
4324	1998	0.25	GGGACAAAGAGTCGAC-1_2	TCAGTCCTCCCGTAGG-1
4324	572	0.5	GGGACAAAGAGTCGAC-1_2	CAACCAAAGACCGCAA-1
4325	432	1	GGGACAAAGTAGGCCA-1_2	AGTCAACGTATCTGCA-1
4325	1076	0.6875	GGGACAAAGTAGGCCA-1_2	CTTGCTGAGCTATCGT-1
4325	219	0.6875	GGGACAAAGTAGGCCA-1_2	ACATGGTCAAGCAATA-1
4327	1892	0.1875	GGGACAAGTCTAGTGT-1_2	TAGTCCCAGCATACCT-1
4328	2052	0.5	GGGACCTGTTGCTCCT-1_2	TCTAGTTAGAAATGGG-1
4329	1987	0.875	GGGACTCAGGCCACCT-1_2	TCAGGTATCCATCTAT-1
4329	1772	0.5	GGGACTCAGGCCACCT-1_2	TAATTCCAGACCATAA-1
4331	1346	0.1875	GGGAGATCAGAGGTAC-1_2	GCCATAAGTTTAAGGA-1
4332	891	0.4375	GGGAGATTCAGACCTA-1_2	CGCTATCCACACATGT-1
4332	1192	0.4375	GGGAGATTCAGACCTA-1_2	GAGATTCAGGGTCTGA-1
4333	990	0.375	GGGAGATTCCCAGGAC-1_2	CTCTACGAGTAGTTCC-1
4333	266	0.9375	GGGAGATTCCCAGGAC-1_2	ACGTGGCCATACAACC-1
4333	1535	0.4375	GGGAGATTCCCAGGAC-1_2	GGCGAAAAGAACCCGA-1
4335	1448	0.5625	GGGAGTACAGCTTTGA-1_2	GCTCCTACATTACTTC-1
4335	2261	0.125	GGGAGTACAGCTTTGA-1_2	TTAGCGATCTACCCGT-1
4336	260	0.625	GGGAGTAGTACGATTC-1_2	ACGGATTGTCACTCTC-1
4336	1747	0.125	GGGAGTAGTACGATTC-1_2	TAACAGCCAGTTCGGC-1
4337	486	0.5625	GGGAGTAGTAGGTTTC-1_2	ATCCCTGCATGTAGAA-1
4337	538	0.5	GGGAGTAGTAGGTTTC-1_2	ATTACCTGTCCGTGCA-1
4338	553	0.3125	GGGATCCAGGTGCTGA-1_2	ATTGTCTTCCCACTTG-1
4338	1661	0.4375	GGGATCCAGGTGCTGA-1_2	GTCTACCTCTCATATC-1
4338	305	0.375	GGGATCCAGGTGCTGA-1_2	ACTCGGGCAAGTAATG-1
4339	1848	0.1875	GGGATCCGTAGATTGA-1_2	TAGCACATCAGGGTTT-1
4343	655	0.375	GGGATGACATCCAACA-1_2	CACTAAGGTTTCCACC-1
4343	1927	0.625	GGGATGACATCCAACA-1_2	TCAAAGCGTCAGTGCC-1
4343	1019	0.125	GGGATGACATCCAACA-1_2	CTGCGTTGTGTCTACA-1
4344	897	0.4375	GGGATGAGTATCCCAA-1_2	CGGACCACACACTAGT-1
4345	704	0.0625	GGGCCATAGGTGATCG-1_2	CAGTGCGTCGGTCAGC-1
4345	1519	0.3125	GGGCCATAGGTGATCG-1_2	GGATAGGCATGACTGT-1
4346	2270	0.4375	GGGCCATGTGGCTGCT-1_2	TTAGGTGAGAGCTGTG-1
4346	2174	0.9375	GGGCCATGTGGCTGCT-1_2	TGGGTGCTCCTCATTA-1
4346	1310	0.5	GGGCCATGTGGCTGCT-1_2	GCAGCTGTCCGCCTAT-1
4346	1263	0.125	GGGCCATGTGGCTGCT-1_2	GCAAAGGAGGCCAATG-1
4346	1856	0.5625	GGGCCATGTGGCTGCT-1_2	TAGCATGCATTACCTT-1
4347	1963	1	GGGCCATTCTGCCCTA-1_2	TCACCACCAAGTCCTA-1
4349	2275	0.375	GGGCGTTAGCTGCGAA-1_2	TTATGTCAGCTCCGGT-1
4349	744	0.375	GGGCGTTAGCTGCGAA-1_2	CCAATGAGTATTCTCT-1
4350	1259	0.5	GGGCGTTAGGCACTCC-1_2	GATTGACGTCACAGGA-1
4350	540	0.4375	GGGCGTTAGGCACTCC-1_2	ATTACTCAGCTTACCA-1
4351	1423	0.3125	GGGCGTTCAGAGCGTA-1_2	GCGGTGTCAGAGATGC-1
4351	2263	0.5625	GGGCGTTCAGAGCGTA-1_2	TTAGCTTAGTTCTCCC-1
4351	2145	0.3125	GGGCGTTCAGAGCGTA-1_2	TGGAAGGAGTCGTACT-1
4352	569	0	GGGCTACAGAACAGGA-1_2	CAAAGCTGTGCAAGCA-1
4353	1383	0.4375	GGGCTACAGCGCTGCT-1_2	GCGATCGAGGCAGTGT-1
4353	62	0.5	GGGCTACAGCGCTGCT-1_2	AACCAACAGTGAGCAC-1
4353	49	0.25	GGGCTACAGCGCTGCT-1_2	AACAAAGCATTCTTTG-1
4354	862	0.6875	GGGCTCAGTAAGCTCT-1_2	CGATGATAGTCTGGGA-1
4354	1700	1	GGGCTCAGTAAGCTCT-1_2	GTGTCAACATCATAGC-1
4355	442	0	GGGTAGAAGTTGCGCC-1_2	AGTGCCGTCCTCAAGA-1
4356	1533	0.4375	GGGTAGAGTCTCAGGC-1_2	GGCATTAGTGAGTCGA-1
4356	1690	0.25	GGGTAGAGTCTCAGGC-1_2	GTGGATTTCGCTGATA-1
4356	1886	0.1875	GGGTAGAGTCTCAGGC-1_2	TAGGTGTAGACTAGGC-1
4357	1539	0.75	GGGTAGAGTCTTCCGT-1_2	GGCGTTGAGACGTCAG-1
4357	1373	0.125	GGGTAGAGTCTTCCGT-1_2	GCGAGTCAGTCATCTG-1
4357	49	0.375	GGGTAGAGTCTTCCGT-1_2	AACAAAGCATTCTTTG-1
4358	695	0.0625	GGGTAGAGTGAAAGTT-1_2	CAGTATGGTAATGTAG-1
4360	1269	0.4375	GGGTATTAGCGTTAGG-1_2	GCAACCGAGGTTGTGG-1
4360	1982	0.25	GGGTATTAGCGTTAGG-1_2	TCAGGGCAGTGAGCTG-1
4361	1003	0.1875	GGGTATTCAGGCAATG-1_2	CTCTCAGAGAATGCTA-1
4361	1580	0.8125	GGGTATTCAGGCAATG-1_2	GGTAGGAGTGCTGGCT-1
4362	1683	0.125	GGGTATTGTCCTGGGT-1_2	GTGCTGGAGATGGGTC-1
4362	2357	0.6875	GGGTATTGTCCTGGGT-1_2	TTGCTTATCACTTACT-1
4362	1377	0.4375	GGGTATTGTCCTGGGT-1_2	GCGAGTCCATGGTATC-1
4362	402	0.3125	GGGTATTGTCCTGGGT-1_2	AGCTGTAAGTACAGTA-1
4363	1376	1	GGGTATTTCTCAACCC-1_2	GCGAGTCCACATTCTT-1
4363	1160	0.375	GGGTATTTCTCAACCC-1_2	GACCCAGCAAGAAACT-1
4363	1299	0.5	GGGTATTTCTCAACCC-1_2	GCAGATTTCAAGAGGC-1
4364	1440	0.375	GGGTATTTCTCATTTG-1_2	GCTCAGGAGTCCGTGC-1
4365	1990	0.0625	GGGTCACAGACAGCGT-1_2	TCAGTCCAGCGTATCT-1
4365	1258	0.3125	GGGTCACAGACAGCGT-1_2	GATTGACCAGCTTACA-1
4366	2263	0.5625	GGGTCACAGGCGTCCT-1_2	TTAGCTTAGTTCTCCC-1
4367	170	0.5	GGGTCACCACCCTTAC-1_2	ACAAACCCAGGATGTG-1
4367	2057	0	GGGTCACCACCCTTAC-1_2	TCTATTGGTGCTGTCG-1
4368	1299	0.5	GGGTCACGTCTTTCTA-1_2	GCAGATTTCAAGAGGC-1
4369	2391	0	GGGTCACTCCCGTGTT-1_2	TTTGGCCCAACTCGAT-1
4369	2028	0.0625	GGGTCACTCCCGTGTT-1_2	TCGATTTAGGATTGCG-1
4370	1537	0.125	GGGTCACTCTTACGGA-1_2	GGCGAAACAATGTAAG-1
4372	1269	0.5	GGGTCTGCATGAGGGT-1_2	GCAACCGAGGTTGTGG-1
4372	739	0.4375	GGGTCTGCATGAGGGT-1_2	CATTGGACATAGAATG-1
4373	153	0.25	GGGTCTGGTTGTGTTG-1_2	AATGGAATCGGTCTCT-1
4374	1776	0.3125	GGGTCTGTCAGAATAG-1_2	TAATTCCAGTTCAGGG-1
4375	1462	0.3125	GGGTCTGTCCTCTGCA-1_2	GCTGCGAGTCGAGGTA-1
4375	763	0.8125	GGGTCTGTCCTCTGCA-1_2	CCATACCCACTCCTCA-1
4376	883	0.3125	GGGTCTGTCGCTCTAC-1_2	CGCTAGGTCGCTTGAA-1
4377	1486	0.25	GGGTCTGTCTGCACCT-1_2	GGAACTTGTATGGGTG-1
4378	1567	0.375	GGGTGAACAATGTCAC-1_2	GGGTGTCCACGCGATC-1
4378	1714	0.0625	GGGTGAACAATGTCAC-1_2	GTTACGAGTACGGAGT-1
4378	1661	0.25	GGGTGAACAATGTCAC-1_2	GTCTACCTCTCATATC-1
4379	716	0.3125	GGGTGAAGTACCGGAA-1_2	CATGCCTAGCAGAAAG-1
4379	357	0.25	GGGTGAAGTACCGGAA-1_2	AGCCGCACAAGCCAGA-1
4379	105	0.375	GGGTGAAGTACCGGAA-1_2	AACTGTGAGATCTCAC-1
4380	838	0.4375	GGGTTATAGATGGCGT-1_2	CCTTAATAGGTTCTCA-1
4380	1918	0.4375	GGGTTATAGATGGCGT-1_2	TATGTTCAGATCTAAG-1
4382	2331	0.6875	GGGTTATTCCAGTACA-1_2	TTGCAGACAATTAGGA-1
4383	810	0.5625	GGGTTTAAGCAAACAT-1_2	CCGCATTTCTATTGTC-1
4383	415	0.9375	GGGTTTAAGCAAACAT-1_2	AGGCCTGGTATGGGTG-1
4385	1350	0.1875	GGTAACTAGGATGGCT-1_2	GCCCAGATCGCGCCAA-1
4385	200	0.75	GGTAACTAGGATGGCT-1_2	ACAGACTCATTAGCCA-1
4385	1886	0.5	GGTAACTAGGATGGCT-1_2	TAGGTGTAGACTAGGC-1
4386	1345	0.4375	GGTAACTAGTCCTGTA-1_2	GCCATAAGTCTTAGCA-1
4387	507	0.6875	GGTAACTTCGGACCAC-1_2	ATCGAGTTCGCTAGTA-1
4388	2121	0.3125	GGTAATCAGTAGATCA-1_2	TGCGTAATCCAAGTCA-1
4388	557	0.0625	GGTAATCAGTAGATCA-1_2	ATTTGTCAGGCAGTGT-1
4388	2339	0.4375	GGTAATCAGTAGATCA-1_2	TTGCCCACAACAAACA-1
4389	733	0.9375	GGTAATCCAACTTCTT-1_2	CATTCATTCGTTACAG-1
4389	1280	0.75	GGTAATCCAACTTCTT-1_2	GCACGCAAGTGAGCTG-1
4389	1265	0.5	GGTAATCCAACTTCTT-1_2	GCAAAGGTCAATTCCT-1
4390	2121	0.375	GGTAATCCATCCTGTC-1_2	TGCGTAATCCAAGTCA-1
4390	1139	0.3125	GGTAATCCATCCTGTC-1_2	GAAGTCTGTGGACCAA-1
4393	1976	0.375	GGTCACGCACTTGAAC-1_2	TCACTCGGTGAAACAT-1
4395	150	0.0625	GGTCACGTCTGGCCAG-1_2	AATGGAAGTTAACCAC-1
4396	2271	0.625	GGTCTGGCACAGCCTG-1_2	TTAGGTGCAGGCACAA-1
4396	1174	0.4375	GGTCTGGCACAGCCTG-1_2	GACCTTCTCACTAGGT-1
4397	2310	0.875	GGTCTGGCAGGCTCTG-1_2	TTCTGTAGTATGTTCG-1
4398	1028	0.1875	GGTCTGGTCAATCCGA-1_2	CTGGCAGGTGGAAAGA-1
4398	1170	0.4375	GGTCTGGTCAATCCGA-1_2	GACCTTCCAATAGCGG-1
4398	239	0.9375	GGTCTGGTCAATCCGA-1_2	ACCCAAATCAGGCGCT-1
4399	46	0.6875	GGTGAAGAGGTTCATC-1_2	AACAAAGCAACGACAG-1
4403	228	0.3125	GGTGAAGCAGATTCGT-1_2	ACCATCCAGACAACGC-1
4404	800	0.0625	GGTGAAGGTCATAACC-1_2	CCCTCTCGTAGTGATA-1
4404	1218	0.1875	GGTGAAGGTCATAACC-1_2	GAGGTCCCATCTCTCG-1
4405	1628	0.4375	GGTGAAGTCGCCTTGT-1_2	GTAGTACGTAGGGTTG-1
4405	149	0.125	GGTGAAGTCGCCTTGT-1_2	AATGGAAGTAAGCCGA-1
4406	2019	0.125	GGTGATTAGATACATG-1_2	TCCCACACAGCAATGG-1
4406	517	0.1875	GGTGATTAGATACATG-1_2	ATGTACGAGAGAGTTT-1
4406	1042	0.5	GGTGATTAGATACATG-1_2	CTGTTCGCATTAGCAC-1
4407	849	1	GGTGATTAGTCCGCGT-1_2	CCTTGGTTCTTCCACG-1
4408	2048	0.375	GGTGATTCAGCACACC-1_2	TCGTTCGAGGTCCTCG-1
4408	2136	0.1875	GGTGATTCAGCACACC-1_2	TGCTTCGTCTGCTACC-1
4408	2332	0.25	GGTGATTCAGCACACC-1_2	TTGCAGACAGGACTGA-1
4410	2073	0.6875	GGTGGCTAGCGCCCAT-1_2	TGAGCCGGTTAAGGGC-1
4410	470	0.0625	GGTGGCTAGCGCCCAT-1_2	ATAGGCTGTGGCATAG-1
4411	2028	0.375	GGTGGCTAGTTGAAGT-1_2	TCGATTTAGGATTGCG-1
4411	1417	0.375	GGTGGCTAGTTGAAGT-1_2	GCGGGTTCATGTCCCT-1
4412	321	0.1875	GGTGGCTCAAACAGGC-1_2	ACTGTCCTCGATGAAA-1
4413	1436	0.1875	GGTGGCTCAACACTAC-1_2	GCGTTGGTCTGGCACG-1
4415	1166	0.8125	GGTGGCTTCCCTCTCC-1_2	GACCCAGTCGGGTCCA-1
4416	1601	0.625	GGTGTCGAGGCCACTC-1_2	GGTGTCGTCTGCGTCT-1
4417	297	0.9375	GGTGTCGGTGGCGCTT-1_2	ACTACGACACCTCGTT-1
4417	1526	0.25	GGTGTCGGTGGCGCTT-1_2	GGATGAGCAATGGCAG-1
4417	251	0.625	GGTGTCGGTGGCGCTT-1_2	ACCGGGTGTAAGCCGA-1
4417	107	0.3125	GGTGTCGGTGGCGCTT-1_2	AACTGTGGTGCCGGTT-1
4418	1118	0.1875	GGTGTCGTCTAGTGAC-1_2	GAACCGCTCTATGAGC-1
4418	1077	0.625	GGTGTCGTCTAGTGAC-1_2	CTTGCTGCACTAAACC-1
4418	139	0.375	GGTGTCGTCTAGTGAC-1_2	AATACGCTCACTCCCA-1
4419	1516	0.6875	GGTGTTACAATTGTGC-1_2	GGAGTAGTCTCAGATG-1
4420	2215	0.8125	GGTGTTACACTATGTG-1_2	TGTTAGGGTGATCAGG-1
4420	711	0.125	GGTGTTACACTATGTG-1_2	CATAACGCACAGGTAG-1
4420	1928	0.3125	GGTGTTACACTATGTG-1_2	TCAAGACAGACCAATA-1
4420	1219	0.75	GGTGTTACACTATGTG-1_2	GAGGTCCCATGTGGGA-1
4421	1676	0.375	GGTGTTAGTGTACAGG-1_2	GTGCACGTCTTGGCCT-1
4422	1408	0.4375	GGTGTTATCCACGTAA-1_2	GCGGAAAAGCGATACG-1
4423	750	0.8125	GGTTAACGTCGCATTA-1_2	CCAGAATAGTGGACGT-1
4424	2074	0.5625	GGTTAACTCTTCTAAC-1_2	TGAGCCGTCGATCTTT-1
4424	586	0.25	GGTTAACTCTTCTAAC-1_2	CAACGTACACTAAACC-1
4425	2217	0.125	GGTTCTCCACCTATCC-1_2	TGTTAGGGTGGTCGAA-1
4425	1341	0.1875	GGTTCTCCACCTATCC-1_2	GCCATAACAACTGCGC-1
4426	928	0.4375	GGTTCTCCATGCAGGA-1_2	CGTTCCAGTATGGATA-1
4426	1583	0.375	GGTTCTCCATGCAGGA-1_2	GGTCATACAGAACGAC-1
4426	1638	0.625	GGTTCTCCATGCAGGA-1_2	GTCACCTGTAACGGCA-1
4426	678	0.6875	GGTTCTCCATGCAGGA-1_2	CAGCTGGGTGTTGTTG-1
4427	627	0.375	GGTTCTCTCACCACAA-1_2	CACCACTGTAGCCATT-1
4427	993	0.6875	GGTTCTCTCACCACAA-1_2	CTCTACGCAAGGAAGA-1
4428	872	0.875	GGTTCTCTCGAGAAAT-1_2	CGCAGGTCAATTCAGC-1
4429	1924	0.1875	GGTTGTACAAACACCT-1_2	TCAAAGCAGCGCAATG-1
4430	2211	0.375	GGTTGTAGTCGAGCAA-1_2	TGTGTCCTCGTGGTAT-1
4431	579	1	GTAACACAGAGGACTC-1_2	CAACGGCGTAGCGAGT-1
4431	1663	1	GTAACACAGAGGACTC-1_2	GTGACATAGTGAGTTA-1
4431	2264	0.9375	GTAACACAGAGGACTC-1_2	TTAGCTTAGTTGCGCC-1
4432	2017	0.375	GTAACACGTTCTCTAT-1_2	TCCATCGGTTGGTAAA-1
4433	927	0.1875	GTAACCACAGCTAACT-1_2	CGTTCCACAGATACAA-1
4433	1067	1	GTAACCACAGCTAACT-1_2	CTTGCCAAGAGCGAAA-1
4433	1153	1	GTAACCACAGCTAACT-1_2	GACCAATTCGATATGC-1
4435	2251	0.375	GTAAGTCAGAGATCGC-1_2	TTACTCATCCTAGAGT-1
4435	1134	0.3125	GTAAGTCAGAGATCGC-1_2	GAACTTGTCGAGAAGC-1
4437	204	1	GTAAGTCCATGCGGTC-1_2	ACAGACTTCTTACTCA-1
4437	1453	1	GTAAGTCCATGCGGTC-1_2	GCTCGAGCACCCTTAC-1
4437	1974	0.5625	GTAAGTCCATGCGGTC-1_2	TCACTCGCAGCGTACC-1
4439	1072	0.6875	GTAATCGTCTTCTTCC-1_2	CTTGCCAGTCAGGCTC-1
4440	2340	0.4375	GTAATGCAGCGAAACC-1_2	TTGCCCACAATGGTAA-1
4440	1358	0.9375	GTAATGCAGCGAAACC-1_2	GCCTACTCACACATGT-1
4440	1341	0.4375	GTAATGCAGCGAAACC-1_2	GCCATAACAACTGCGC-1
4440	2256	0.3125	GTAATGCAGCGAAACC-1_2	TTAGCGACAACAAACA-1
4440	798	0.375	GTAATGCAGCGAAACC-1_2	CCCTCTCCAACTTGGT-1
4442	1150	0.375	GTAATGCCATGAAGCG-1_2	GACCAATCACGCGTTG-1
4442	1753	0.4375	GTAATGCCATGAAGCG-1_2	TAACTTCCAGCAAACG-1
4443	2152	0.875	GTAATGCTCTGGGTCG-1_2	TGGACATAGTCTAGAA-1
4444	1944	0.25	GTACAACAGGTCATAA-1_2	TCAATTCAGCCATGGA-1
4444	1238	0.1875	GTACAACAGGTCATAA-1_2	GATCGTAGTATCCCTC-1
4445	1365	0.625	GTACAACCAGACGGAT-1_2	GCCTAGGGTAGATTAG-1
4446	1119	0.25	GTACAACGTATCCCAA-1_2	GAACCTAAGACTTCCA-1
4446	1431	0.5625	GTACAACGTATCCCAA-1_2	GCGTAGCGTTCAGTTG-1
4446	170	0.625	GTACAACGTATCCCAA-1_2	ACAAACCCAGGATGTG-1
4446	1039	0.625	GTACAACGTATCCCAA-1_2	CTGTATTAGTAATCAG-1
4448	582	1	GTACAACGTGAGAACC-1_2	CAACGGCTCGGAGTTT-1
4449	1165	0.125	GTACAGTGTATGAAGT-1_2	GACCCAGTCCACGCTT-1
4450	152	0.1875	GTACAGTGTATGGGAC-1_2	AATGGAATCCCAATAG-1
4451	110	0.625	GTAGAAAAGGATGCGT-1_2	AACTTGGAGGCGTCCT-1
4451	556	0.6875	GTAGAAAAGGATGCGT-1_2	ATTGTGGTCTTCCACG-1
4451	1602	1	GTAGAAAAGGATGCGT-1_2	GGTTGCGAGAACAGGA-1
4453	2195	0.5625	GTAGAAATCTGGACTA-1_2	TGTACGACAATTCTCT-1
4453	1386	0.6875	GTAGAAATCTGGACTA-1_2	GCGATCGTCGGTACTA-1
4454	1435	0.3125	GTAGAGGGTAGCTGCC-1_2	GCGTTGGTCCAGGTCG-1
4454	1048	0.1875	GTAGAGGGTAGCTGCC-1_2	CTTAATCGTTAGGCTT-1
4456	524	0.0625	GTAGAGGGTTTCGTAG-1_2	ATGTCGACAGCGCGTT-1
4457	1115	0.4375	GTAGAGGTCGCTAAAC-1_2	GAACCGCGTTTCGACA-1
4457	1992	0.4375	GTAGAGGTCGCTAAAC-1_2	TCAGTCCAGGTTTCTG-1
4458	1696	0.5	GTAGATCAGGTAGTCG-1_2	GTGGCGTGTAACCATC-1
4458	1109	0.625	GTAGATCAGGTAGTCG-1_2	GAAATGATCGATATGC-1
4460	148	0.3125	GTAGATCTCGTGGCGT-1_2	AATGGAACATCAGAAA-1
4460	1971	0.6875	GTAGATCTCGTGGCGT-1_2	TCACTCGAGCTGAATA-1
4460	1254	0.3125	GTAGATCTCGTGGCGT-1_2	GATTAGCCAACTACTG-1
4461	2349	0.6875	GTAGCTAAGTCCGCCA-1_2	TTGCGGGTCTGAGTAC-1
4461	1507	0.625	GTAGCTAAGTCCGCCA-1_2	GGAGGATTCACCCTTG-1
4462	497	0.125	GTAGCTAGTCCTGAAT-1_2	ATCCTGCAGATTCCGT-1
4462	1107	0.375	GTAGCTAGTCCTGAAT-1_2	GAAATGAGTTAAGGGC-1
4463	1523	0.4375	GTAGCTAGTCGGAACA-1_2	GGATGAGAGAGCTGTG-1
4463	766	0.5625	GTAGCTAGTCGGAACA-1_2	CCATACCGTTGGCGAA-1
4464	394	1	GTAGGAGAGATTGACA-1_2	AGCTATGGTCTGATTG-1
4464	215	0.375	GTAGGAGAGATTGACA-1_2	ACATGCAAGGAAGAAC-1
4464	611	0	GTAGGAGAGATTGACA-1_2	CACAGATCATGTCCCT-1
4465	2287	0.8125	GTAGGAGGTACCCAGC-1_2	TTCATTGCAAATTGAG-1
4466	2238	0.9375	GTATTGGCATGACGGA-1_2	TTACGGAGTGGTAAGC-1
4466	1795	0.25	GTATTGGCATGACGGA-1_2	TACCTATTCAGTGGTT-1
4468	1273	0.1875	GTCAAACCACAACGTT-1_2	GCACCTTCAAACCGAG-1
4468	1618	0.3125	GTCAAACCACAACGTT-1_2	GTACTTTCACTCAAGT-1
4469	2238	0.625	GTCAAACCACCGCTAG-1_2	TTACGGAGTGGTAAGC-1
4469	263	0.1875	GTCAAACCACCGCTAG-1_2	ACGTGGCAGACTTGAA-1
4470	2371	0.375	GTCAAACTCCGTAATG-1_2	TTGTTGTCACCAAGGA-1
4472	355	0.4375	GTCAAGTTCAATCCGA-1_2	AGCCGCAAGAATGCTA-1
4472	1178	0.125	GTCAAGTTCAATCCGA-1_2	GACTAGTAGGTTCGTT-1
4473	1062	0.5625	GTCACGGGTCGTTGCG-1_2	CTTGAAGAGGAGACTC-1
4473	1684	0.5	GTCACGGGTCGTTGCG-1_2	GTGCTGGAGCTGAATA-1
4473	1405	0.9375	GTCACGGGTCGTTGCG-1_2	GCGCCAAGTTTGACCA-1
4473	2211	0.5	GTCACGGGTCGTTGCG-1_2	TGTGTCCTCGTGGTAT-1
4474	610	1	GTCACGGTCCATCTCG-1_2	CACAACATCATCGCTC-1
4474	1946	0.1875	GTCACGGTCCATCTCG-1_2	TCAATTCCAAACGTTC-1
4474	821	0.75	GTCACGGTCCATCTCG-1_2	CCTAAAGAGGCAGTGT-1
4474	1593	0.5625	GTCACGGTCCATCTCG-1_2	GGTGAAGTCTCCTTGG-1
4475	2194	0.4375	GTCACGGTCTGGGATT-1_2	TGTACAGTCGCTATTT-1
4476	1452	0.5625	GTCACTCAGCATATGA-1_2	GCTCGAGAGTTGCTTG-1
4479	770	0.375	GTCACTCTCCGTCCTA-1_2	CCCACATGTCAACGGA-1
4479	1541	0.25	GTCACTCTCCGTCCTA-1_2	GGCGTTGAGATAGGTT-1
4482	1653	0.5625	GTCAGCGCATCATCCC-1_2	GTCCATCAGTTCGACT-1
4482	1816	0.0625	GTCAGCGCATCATCCC-1_2	TACGGATAGCATTCCA-1
4482	1433	0.375	GTCAGCGCATCATCCC-1_2	GCGTTGGCAGGTGGTA-1
4483	1592	0.5	GTCAGCGGTAACCCTA-1_2	GGTGAAGTCGGGCTCA-1
4484	2301	0.4375	GTCAGCGTCCGAGGCT-1_2	TTCGTTATCTAGTCGA-1
4484	426	0.6875	GTCAGCGTCCGAGGCT-1_2	AGGCGAATCCGGAAAG-1
4484	2138	0.3125	GTCAGCGTCCGAGGCT-1_2	TGCTTTAAGTGATAAC-1
4485	915	0.875	GTCATCCAGCACTCAT-1_2	CGTACAAGTTTCGACA-1
4485	1321	0.25	GTCATCCAGCACTCAT-1_2	GCATTGAAGAGGAATG-1
4486	545	0.375	GTCATCCAGCTCGCAC-1_2	ATTACTCTCTAGTCGA-1
4486	1384	0.5625	GTCATCCAGCTCGCAC-1_2	GCGATCGGTGTTGTTG-1
4486	1202	0.4375	GTCATCCAGCTCGCAC-1_2	GAGCATTTCCACACCT-1
4486	1100	0.3125	GTCATCCAGCTCGCAC-1_2	GAAACAATCCTCCTGA-1
4487	154	0.0625	GTCATCCCAATCGAAA-1_2	AATGGCTAGTACAACA-1
4487	240	0.0625	GTCATCCCAATCGAAA-1_2	ACCGAATAGAACGTCG-1
4489	1777	0.25	GTCATCCCATGGCTGC-1_2	TAATTCCGTCCCTTTG-1
4489	975	0.375	GTCATCCCATGGCTGC-1_2	CTCAGAAGTGCACCCA-1
4489	746	0.3125	GTCATCCCATGGCTGC-1_2	CCACAGGTCCTGTAGA-1
4490	1466	0.8125	GTCATCCGTTCTCCAC-1_2	GCTGTTCCATAGAATG-1
4491	1660	1	GTCATCCTCAATCTCT-1_2	GTCTACCTCCAGTTAG-1
4492	1089	0.9375	GTCATCCTCATCTACT-1_2	CTTGTCGGTGGTAGAC-1
4492	982	0.5625	GTCATCCTCATCTACT-1_2	CTCATGCTCCTCATTA-1
4492	1526	0.25	GTCATCCTCATCTACT-1_2	GGATGAGCAATGGCAG-1
4493	2051	0.625	GTCATGAAGTGGTGGT-1_2	TCGTTCGTCTGGAAGG-1
4493	1477	0.5	GTCATGAAGTGGTGGT-1_2	GCTTTCGTCTCTCAAT-1
4493	303	0.3125	GTCATGAAGTGGTGGT-1_2	ACTAGGTGTGATAAGT-1
4494	1628	0.5	GTCATGACATGAATCC-1_2	GTAGTACGTAGGGTTG-1
4494	2218	0.1875	GTCATGACATGAATCC-1_2	TGTTAGGGTTCCGGCA-1
4494	2008	0.4375	GTCATGACATGAATCC-1_2	TCCAGAACAGCGTGAA-1
4495	652	0.375	GTCATGATCTTTACAC-1_2	CACTAAGCAAATAGTG-1
4495	39	0.625	GTCATGATCTTTACAC-1_2	AAATGAGAGTATACCC-1
4495	1208	0.375	GTCATGATCTTTACAC-1_2	GAGCGCTGTGATGCGA-1
4495	717	0.4375	GTCATGATCTTTACAC-1_2	CATGCCTAGTGAGCTG-1
4495	2106	0.375	GTCATGATCTTTACAC-1_2	TGCATGACATGATTGC-1
4496	895	1	GTCATTTAGCGAGTCA-1_2	CGGACCAAGGCACCTC-1
4496	1902	0.75	GTCATTTAGCGAGTCA-1_2	TATCGAGTCCAAACCA-1
4496	942	0.5	GTCATTTAGCGAGTCA-1_2	CTACTTACAATTGGCT-1
4497	87	0.4375	GTCATTTAGCTACAAA-1_2	AACGAGGAGAGGCCTA-1
4498	160	0.5	GTCATTTAGTCTGTAC-1_2	AATGGCTTCCGTTAGA-1
4498	1515	0.1875	GTCATTTAGTCTGTAC-1_2	GGAGTAGTCTAGCAGT-1
4498	988	0.125	GTCATTTAGTCTGTAC-1_2	CTCGCTAGTCATAGAA-1
4500	1911	0.75	GTCATTTGTCGCAACC-1_2	TATCTGTGTCCCGTGA-1
4501	1726	0.625	GTCATTTGTGTTCCTC-1_2	GTTCAAGAGTAATGTG-1
4501	2390	0.1875	GTCATTTGTGTTCCTC-1_2	TTTGGCCAGGCCTCGT-1
4501	676	0.25	GTCATTTGTGTTCCTC-1_2	CAGCTGGAGTGGTGTG-1
4501	2124	0.5625	GTCATTTGTGTTCCTC-1_2	TGCGTAATCGTATAGC-1
4502	671	1	GTCATTTTCCATAGAC-1_2	CAGCTAAAGGTTGTGG-1
4502	2273	1	GTCATTTTCCATAGAC-1_2	TTAGGTGGTGCGTCCA-1
4502	1247	1	GTCATTTTCCATAGAC-1_2	GATGGCCCAAAGACGC-1
4502	662	1	GTCATTTTCCATAGAC-1_2	CACTGAATCCCGAAGC-1
4503	511	0.3125	GTCATTTTCCCTTCCC-1_2	ATGCATGGTCATTGGT-1
4503	1014	0.375	GTCATTTTCCCTTCCC-1_2	CTGAATGCATCGCCTT-1
4503	2301	0.1875	GTCATTTTCCCTTCCC-1_2	TTCGTTATCTAGTCGA-1
4504	1928	0.6875	GTCATTTTCGCCATAA-1_2	TCAAGACAGACCAATA-1
4504	2304	0.3125	GTCATTTTCGCCATAA-1_2	TTCTAACCACAGTAGG-1
4505	1827	0.25	GTCATTTTCTCAACCC-1_2	TACTAGGGTCTCTGCT-1
4505	472	0.125	GTCATTTTCTCAACCC-1_2	ATAGTCGCATATAGAG-1
4506	756	0.1875	GTCATTTTCTCACTCG-1_2	CCAGAATTCCATTGAG-1
4507	2131	0.3125	GTCCACTGTCCAGCCA-1_2	TGCTCACTCTTCCGTG-1
4508	67	0.625	GTCCACTGTTGTAGCT-1_2	AACCAACGTGATGCGA-1
4508	254	0.75	GTCCACTGTTGTAGCT-1_2	ACCGGGTTCAGGTTTG-1
4509	183	0.4375	GTCCCATAGGCCACTC-1_2	ACAAGCTTCACTGATG-1
4510	1235	0.8125	GTCCCATAGGTGGCTA-1_2	GATCGTACACGCGATC-1
4510	2173	0.125	GTCCCATAGGTGGCTA-1_2	TGGGTGCGTCAGACGA-1
4510	632	0.6875	GTCCCATAGGTGGCTA-1_2	CACCTGTAGGCACCTC-1
4510	938	0.5	GTCCCATAGGTGGCTA-1_2	CTAACTTTCGCGCTGA-1
4511	1397	0.375	GTCCCATTCAAGGCTT-1_2	GCGCATGAGACCAATA-1
4511	1263	0.375	GTCCCATTCAAGGCTT-1_2	GCAAAGGAGGCCAATG-1
4511	1234	0.125	GTCCCATTCAAGGCTT-1_2	GATCGTACACATTGCA-1
4512	1824	0.6875	GTCCCATTCCATGATG-1_2	TACTAGGAGTGAATAC-1
4512	339	0.25	GTCCCATTCCATGATG-1_2	AGATTCGGTTCTTTGT-1
4512	1482	0.1875	GTCCCATTCCATGATG-1_2	GGAACCCTCCCGTAGG-1
4512	2370	0.375	GTCCCATTCCATGATG-1_2	TTGTTCATCCTGGAAT-1
4513	1145	0.375	GTCCCATTCCGGACGT-1_2	GAATCTGGTTTGCATG-1
4513	176	0.625	GTCCCATTCCGGACGT-1_2	ACAAAGAGTTTGTGAC-1
4513	349	0.5	GTCCCATTCCGGACGT-1_2	AGCCCGAGTATTCTGG-1
4515	932	0.5625	GTCCCATTCTCCGTGT-1_2	CTAACTTAGGCAGTGT-1
4516	694	0.5	GTCCTCATCATGGCCG-1_2	CAGTATGCACAAACGG-1
4517	1095	0.3125	GTCCTCATCGTCAAAC-1_2	CTTTGCGGTTGGGAAC-1
4517	2352	0.6875	GTCCTCATCGTCAAAC-1_2	TTGCTATGTCATAGAA-1
4517	634	0.5625	GTCCTCATCGTCAAAC-1_2	CACCTGTGTGCCCTAG-1
4519	1791	0.3125	GTCGCGAGTAAGAACT-1_2	TACCCTGGTCACAGTT-1
4519	2098	0.4375	GTCGCGAGTAAGAACT-1_2	TGATTTCAGGAATGGA-1
4520	244	0.25	GTCGTAACAACCCTAA-1_2	ACCGAATCACCCTTAC-1
4520	2233	0.5625	GTCGTAACAACCCTAA-1_2	TTACCGCTCAGTCAAC-1
4523	1284	0.75	GTCTACCAGACCAAAT-1_2	GCACGGTAGAGGAATG-1
4523	360	0.5	GTCTACCAGACCAAAT-1_2	AGCCGCATCCACCTAC-1
4523	395	0.3125	GTCTACCAGACCAAAT-1_2	AGCTGATAGTAGTGTA-1
4523	1016	0.4375	GTCTACCAGACCAAAT-1_2	CTGAATGGTTGCAGAG-1
4523	1682	0.75	GTCTACCAGACCAAAT-1_2	GTGCCAGTCGGATAAA-1
4524	2254	0.4375	GTCTACCGTAGAGATT-1_2	TTACTTGGTCTCGGGT-1
4524	1138	0.4375	GTCTACCGTAGAGATT-1_2	GAAGTCTCAGGTGGTA-1
4524	489	0.0625	GTCTACCGTAGAGATT-1_2	ATCCTCGAGAATACTG-1
4524	860	0.5625	GTCTACCGTAGAGATT-1_2	CGATGATAGGTAGGCT-1
4525	2151	0.375	GTCTACCGTCCTTAAG-1_2	TGGAAGGTCCTAGAGT-1
4527	1479	0.875	GTCTACCTCTCACTCG-1_2	GGAACCCAGGTTACAA-1
4527	1101	0.375	GTCTACCTCTCACTCG-1_2	GAAAGTACAGATAAGT-1
4527	400	0.8125	GTCTACCTCTCACTCG-1_2	AGCTGGCTCTAAACGC-1
4527	1070	0.25	GTCTACCTCTCACTCG-1_2	CTTGCCACACGTTACA-1
4528	330	0.5	GTCTAGAAGTAGACAT-1_2	AGACAAATCACATTCT-1
4530	2185	0.625	GTCTAGATCCCACAGG-1_2	TGGTCCTCAATGACTC-1
4530	124	0.5	GTCTAGATCCCACAGG-1_2	AAGATAGTCTCGACCT-1
4530	823	0.3125	GTCTAGATCCCACAGG-1_2	CCTAAAGTCAGTACAC-1
4531	1465	0.6875	GTCTCACCAATTGAAG-1_2	GCTGTTCAGCTTACCA-1
4533	608	0.4375	GTCTCACGTCAAACGG-1_2	CACAACACAAGGACCA-1
4533	1936	0.5625	GTCTCACGTCAAACGG-1_2	TCAAGCACATCTCTCG-1
4533	1281	0.875	GTCTCACGTCAAACGG-1_2	GCACGCAGTGGAAGCT-1
4533	457	0.75	GTCTCACGTCAAACGG-1_2	AGTTACGTCCTAAAGC-1
4535	380	0.125	GTCTTTAAGTAGAATC-1_2	AGCGATTGTTCTTAGG-1
4536	738	0.5625	GTCTTTACAAGCCATT-1_2	CATTCCGTCCGGCTGA-1
4536	1463	0.5625	GTCTTTACAAGCCATT-1_2	GCTGCGAGTTGCAGAG-1
4536	1496	0.75	GTCTTTACAAGCCATT-1_2	GGACACCCACTGCTCT-1
4537	1585	0.1875	GTCTTTACACATTGTG-1_2	GGTCATAGTTAGGCTT-1
4537	992	0.8125	GTCTTTACACATTGTG-1_2	CTCTACGAGTTCCCGG-1
4537	935	0.9375	GTCTTTACACATTGTG-1_2	CTAACTTGTTCCTATT-1
4538	455	0.6875	GTCTTTAGTCATAGTC-1_2	AGTTACGAGTGTCACT-1
4539	120	0.375	GTCTTTATCCTGTTAT-1_2	AAGATAGAGCGGACAT-1
4539	192	0.4375	GTCTTTATCCTGTTAT-1_2	ACAGAAACAACACGGA-1
4540	888	0.4375	GTGACGCCAAACCGGA-1_2	CGCTATCAGGTTAGTA-1
4540	2015	0.4375	GTGACGCCAAACCGGA-1_2	TCCATCGGTGCCCTAG-1
4540	1989	0.625	GTGACGCCAAACCGGA-1_2	TCAGGTATCTTCTTCC-1
4541	74	0.4375	GTGACGCGTGAGAGGG-1_2	AACCTGAAGGGAGTTC-1
4541	2229	0.375	GTGACGCGTGAGAGGG-1_2	TTACCCGCATGCACTA-1
4542	839	0.625	GTGACGCGTTGGCTAT-1_2	CCTTAATCAGTATACC-1
4543	2183	0.75	GTGACGCGTTTGGCTA-1_2	TGGTCAATCTACATCT-1
4544	440	0.5625	GTGAGCCAGGCGAACT-1_2	AGTGCCGAGACACGGT-1
4544	1620	0.4375	GTGAGCCAGGCGAACT-1_2	GTACTTTTCGTGCTGG-1
4546	773	0.9375	GTGAGCCTCCTCACTG-1_2	CCCAGAGCACACACAT-1
4546	2157	0.4375	GTGAGCCTCCTCACTG-1_2	TGGCAATCACAGGTAG-1
4546	866	0.25	GTGAGCCTCCTCACTG-1_2	CGCAATAAGACCGCAA-1
4547	1373	0.625	GTGAGGAAGGGCAGTT-1_2	GCGAGTCAGTCATCTG-1
4548	706	0.1875	GTGAGGACATAATCCG-1_2	CAGTGTAAGTAGTGTA-1
4549	1756	1	GTGAGTTGTTCCAAAC-1_2	TAACTTCGTGGTAAGC-1
4549	1230	1	GTGAGTTGTTCCAAAC-1_2	GATCGTAAGCGAGCTA-1
4549	310	1	GTGAGTTGTTCCAAAC-1_2	ACTCGGGTCCAGGGAA-1
4549	595	1	GTGAGTTGTTCCAAAC-1_2	CAAGAAAGTTACTTTC-1
4549	662	1	GTGAGTTGTTCCAAAC-1_2	CACTGAATCCCGAAGC-1
4552	1746	1	GTGATGTCAATAGTGA-1_2	TAACAGCCACATATCG-1
4552	157	1	GTGATGTCAATAGTGA-1_2	AATGGCTGTACTAGAA-1
4552	30	0.625	GTGATGTCAATAGTGA-1_2	AAAGGGCAGGATCCTT-1
4552	2129	1	GTGATGTCAATAGTGA-1_2	TGCTCACGTAAGTCTC-1
4553	857	0.625	GTGATGTGTTGGCTAT-1_2	CGATGATAGCTCCATA-1
4553	688	0.4375	GTGATGTGTTGGCTAT-1_2	CAGGGCTGTATTCGCA-1
4553	55	0.6875	GTGATGTGTTGGCTAT-1_2	AACAGTCGTCGAGGAT-1
4554	348	0.5	GTGATGTTCCCTCTAG-1_2	AGCCCGACATGGTAAA-1
4554	519	0.5	GTGATGTTCCCTCTAG-1_2	ATGTACGGTAACATAG-1
4554	1406	0.0625	GTGATGTTCCCTCTAG-1_2	GCGCCAATCCTTGACC-1
4555	1759	0.5	GTGCACGGTCATTCCC-1_2	TAAGCCAGTCAGCAAG-1
4555	1437	0.25	GTGCACGGTCATTCCC-1_2	GCTCACTCATTGTTCT-1
4555	113	0.125	GTGCACGGTCATTCCC-1_2	AACTTGGGTATTCGCA-1
4556	194	0.25	GTGCAGCCAACGTAAA-1_2	ACAGAAATCACAACAC-1
4556	1197	0.5	GTGCAGCCAACGTAAA-1_2	GAGATTCTCGATAGCT-1
4556	1306	0.5	GTGCAGCCAACGTAAA-1_2	GCAGCTGAGGCAAGCT-1
4557	1572	0.25	GTGCAGCCAACTCATG-1_2	GGGTTATGTAGATGAT-1
4557	913	0.4375	GTGCAGCCAACTCATG-1_2	CGTACAACATTACCTT-1
4558	1656	0.25	GTGCAGCGTATCGCGC-1_2	GTCGTAAGTGAGTTGG-1
4558	2302	0.1875	GTGCAGCGTATCGCGC-1_2	TTCGTTATCTGTCGTC-1
4558	1792	0.375	GTGCAGCGTATCGCGC-1_2	TACCCTGGTTTGCCAA-1
4559	854	0.75	GTGCAGCGTCAGTCCG-1_2	CGAGTTAGTATTCTGG-1
4559	1041	0.1875	GTGCAGCGTCAGTCCG-1_2	CTGTTCGCAGTAACTC-1
4559	1759	0.3125	GTGCAGCGTCAGTCCG-1_2	TAAGCCAGTCAGCAAG-1
4561	1921	0.75	GTGCGTGAGCAGGTCA-1_2	TATGTTCTCGACTATG-1
4561	1603	0.8125	GTGCGTGAGCAGGTCA-1_2	GGTTGCGCAAATTGAG-1
4561	1959	0.8125	GTGCGTGAGCAGGTCA-1_2	TCACAGAGTGAGGGTT-1
4562	1229	1	GTGCGTGGTAAGAACT-1_2	GATCGTAAGATAGGTT-1
4563	2348	0.5	GTGCTGGGTGAGAACC-1_2	TTGCGGGTCGACCCGA-1
4564	1270	1	GTGCTTCCAAGGTACG-1_2	GCAACCGAGTCTCTAG-1
4564	116	0.0625	GTGCTTCCAAGGTACG-1_2	AACTTGGTCCTTGACC-1
4565	1078	0.5625	GTGCTTCTCTGTCCGT-1_2	CTTGCTGGTAAGTGCG-1
4565	1757	0.25	GTGCTTCTCTGTCCGT-1_2	TAAGCCAAGTCAGGAC-1
4565	631	0.25	GTGCTTCTCTGTCCGT-1_2	CACCTGTAGCCATTCA-1
4568	1481	0.25	GTGGAAGTCGCCACTT-1_2	GGAACCCGTATCTAGC-1
4568	2382	0.3125	GTGGAAGTCGCCACTT-1_2	TTTACGTTCGATCTTT-1
4569	1069	0.625	GTGGAGACACAGTATC-1_2	CTTGCCAAGGGAAATG-1
4569	1061	0.5	GTGGAGACACAGTATC-1_2	CTTCTAATCCCAGCGA-1
4569	777	1	GTGGAGACACAGTATC-1_2	CCCGTTAAGATCTCAC-1
4570	1349	0.75	GTGGAGACAGACCAGA-1_2	GCCCAGACACTCCCAT-1
4571	767	0.125	GTGGAGAGTACTCCCT-1_2	CCATACCTCGATGTAC-1
4571	1692	0.375	GTGGAGAGTACTCCCT-1_2	GTGGCGTAGGTTGTGG-1
4572	2343	0.375	GTGGAGAGTCTAGTGT-1_2	TTGCGAAAGTTTGGAA-1
4572	1142	0.4375	GTGGAGAGTCTAGTGT-1_2	GAAGTGGAGCCTATAC-1
4572	1171	0.1875	GTGGAGAGTCTAGTGT-1_2	GACCTTCCAATCATCG-1
4574	438	1	GTGGCGTGTAACACGG-1_2	AGTCCGGTCTGAACGT-1
4574	1156	0.25	GTGGCGTGTAACACGG-1_2	GACCAATTCGTCTTAT-1
4574	1293	0.3125	GTGGCGTGTAACACGG-1_2	GCAGATTAGGGTGTTG-1
4575	221	0.375	GTGGCGTTCACGAGGA-1_2	ACATGGTTCCCTACGT-1
4575	1585	0.375	GTGGCGTTCACGAGGA-1_2	GGTCATAGTTAGGCTT-1
4575	235	0.1875	GTGGCGTTCACGAGGA-1_2	ACCCAAACAAAGCATA-1
4576	1106	0.1875	GTGGCGTTCTGCGATA-1_2	GAAATGAGTCAGTGTT-1
4577	435	1	GTGGGAAAGTCTAGAA-1_2	AGTCCGGGTTAGTAGA-1
4577	2393	1	GTGGGAAAGTCTAGAA-1_2	TTTGGCCGTGGTCGAA-1
4578	1172	0.1875	GTGGGAATCAACACCA-1_2	GACCTTCCACCGTTGG-1
4579	2049	0	GTGGTTAAGCGTCTGC-1_2	TCGTTCGCAAGGGAGG-1
4579	606	0.4375	GTGGTTAAGCGTCTGC-1_2	CAATCCCCAAGTCCTA-1
4580	1301	0.5	GTGGTTAAGGAGCAAA-1_2	GCAGCCACAAGAGCGT-1
4580	1609	0.125	GTGGTTAAGGAGCAAA-1_2	GGTTGCGGTCTCTGGG-1
4580	1131	0.3125	GTGGTTAAGGAGCAAA-1_2	GAACTTGGTAGTGATA-1
4580	785	0.4375	GTGGTTAAGGAGCAAA-1_2	CCCTAACCATCCCGGA-1
4581	1306	0.5625	GTGGTTACACCGTGCA-1_2	GCAGCTGAGGCAAGCT-1
4581	533	0.3125	GTGGTTACACCGTGCA-1_2	ATGTTTCCACCTCGTT-1
4581	895	0.5	GTGGTTACACCGTGCA-1_2	CGGACCAAGGCACCTC-1
4581	1452	0.3125	GTGGTTACACCGTGCA-1_2	GCTCGAGAGTTGCTTG-1
4582	456	1	GTGGTTACAGTCTTCC-1_2	AGTTACGCACTCGTGG-1
4582	17	0.9375	GTGGTTACAGTCTTCC-1_2	AAACTGCCAGATTTGC-1
4582	2061	0.1875	GTGGTTACAGTCTTCC-1_2	TCTCTGGGTCATGAGG-1
4582	1489	1	GTGGTTACAGTCTTCC-1_2	GGAATCTCACAGTTCA-1
4584	1783	1	GTGTAACTCTCATTGT-1_2	TACATTCCAACCTCCT-1
4584	1447	0.1875	GTGTAACTCTCATTGT-1_2	GCTCCTACACAGGTAG-1
4584	857	0.625	GTGTAACTCTCATTGT-1_2	CGATGATAGCTCCATA-1
4585	2018	0.0625	GTGTCCTCACGCTATA-1_2	TCCATCGTCCATTGTT-1
4585	1452	0.1875	GTGTCCTCACGCTATA-1_2	GCTCGAGAGTTGCTTG-1
4587	2290	0.75	GTGTCCTTCACTGAAC-1_2	TTCATTGGTGGTAGAC-1
4587	2229	0.3125	GTGTCCTTCACTGAAC-1_2	TTACCCGCATGCACTA-1
4588	953	1	GTGTCCTTCTTAGCCC-1_2	CTACTTATCGCTACCT-1
4588	663	1	GTGTCCTTCTTAGCCC-1_2	CACTGAATCGCGCCAA-1
4588	1383	0.8125	GTGTCCTTCTTAGCCC-1_2	GCGATCGAGGCAGTGT-1
4590	407	0.875	GTGTGATTCTGTACAG-1_2	AGGACGAAGATTCCGT-1
4590	1055	0.3125	GTGTGATTCTGTACAG-1_2	CTTCCAGCATCGGCCA-1
4590	308	0.375	GTGTGATTCTGTACAG-1_2	ACTCGGGGTAGGTGAC-1
4592	2374	0.375	GTGTTAGAGGCTCCCA-1_2	TTGTTGTGTCTCTAAG-1
4592	1455	0.5	GTGTTAGAGGCTCCCA-1_2	GCTCGAGGTTCGGGAA-1
4592	481	0.3125	GTGTTAGAGGCTCCCA-1_2	ATCCAGAAGTGCTGAG-1
4593	177	0	GTGTTAGCACAGAGAC-1_2	ACAAAGATCACTCGGG-1
4593	1903	0.9375	GTGTTAGCACAGAGAC-1_2	TATCGAGTCGCTTCAC-1
4594	2255	0.125	GTGTTCCAGGACGCTA-1_2	TTACTTGTCTGTGTGA-1
4595	812	0.5625	GTGTTCCGTCACTGAT-1_2	CCGTACTCAATGTGCT-1
4596	1196	0.4375	GTTACAGAGAGTGTGC-1_2	GAGATTCGTCCGTAGC-1
4596	149	0.4375	GTTACAGAGAGTGTGC-1_2	AATGGAAGTAAGCCGA-1
4596	32	0.625	GTTACAGAGAGTGTGC-1_2	AAAGGGCCATTCTCGC-1
4597	117	0.4375	GTTACAGAGCAAATCA-1_2	AACTTGGTCTTAAGCG-1
4598	1544	0.5	GTTACAGAGTGAACAT-1_2	GGCGTTGCACGCGATC-1
4601	566	0.5	GTTACAGCAGCGCTTG-1_2	CAAAGCTCACCGTCTT-1
4601	1196	0.125	GTTACAGCAGCGCTTG-1_2	GAGATTCGTCCGTAGC-1
4601	1181	0.5625	GTTACAGCAGCGCTTG-1_2	GAGAACGAGCCTATAC-1
4602	1670	0.25	GTTACAGTCAGTCCGG-1_2	GTGATCATCTCCACTG-1
4602	2113	0.4375	GTTACAGTCAGTCCGG-1_2	TGCCTCACAAATGTCC-1
4603	1136	0.75	GTTACCCCAGGCCCTA-1_2	GAAGAGCAGAGAAGCA-1
4603	1160	0.375	GTTACCCCAGGCCCTA-1_2	GACCCAGCAAGAAACT-1
4603	1190	0.5625	GTTACCCCAGGCCCTA-1_2	GAGACTTTCGACTTAG-1
4604	1123	0.375	GTTACCCCAGGTGGAT-1_2	GAACCTACATAGATAG-1
4606	2277	0.8125	GTTAGACCAATCAAGA-1_2	TTCAACTAGCGCCTAC-1
4606	1297	0.8125	GTTAGACCAATCAAGA-1_2	GCAGATTCAGCAGGTA-1
4607	932	0.375	GTTAGTGCAGCTATTG-1_2	CTAACTTAGGCAGTGT-1
4607	1605	0.4375	GTTAGTGCAGCTATTG-1_2	GGTTGCGCACAAACAA-1
4608	1155	1	GTTAGTGGTTCAAGTC-1_2	GACCAATTCGGAAAGC-1
4608	270	0.375	GTTAGTGGTTCAAGTC-1_2	ACGTGGCTCCGCTCTA-1
4609	995	0.5625	GTTAGTGGTTGGGAAC-1_2	CTCTACGTCCCACTAC-1
4610	535	0.6875	GTTAGTGTCATAGCAC-1_2	ATGTTTCGTACGCCCA-1
4610	2341	0.5	GTTAGTGTCATAGCAC-1_2	TTGCCCACATCAACTG-1
4611	957	0.4375	GTTATGGCACTATCCC-1_2	CTAGGATCACCTGAAT-1
4612	1568	0.5	GTTCATTAGCGCCTTG-1_2	GGGTGTCCACTCCACT-1
4613	65	1	GTTCATTCAATCTCTT-1_2	AACCAACCAGGAGCAT-1
4613	1994	1	GTTCATTCAATCTCTT-1_2	TCAGTCCGTCATAGCT-1
4613	2178	1	GTTCATTCAATCTCTT-1_2	TGGGTTACAGGGTACA-1
4614	1620	0.5625	GTTCATTTCGACGAGA-1_2	GTACTTTTCGTGCTGG-1
4615	2199	0.25	GTTCATTTCGCTGTCT-1_2	TGTAGCACACCATTCC-1
4615	106	0.25	GTTCATTTCGCTGTCT-1_2	AACTGTGAGGAGTACC-1
4616	388	0.125	GTTCCGTCAATTGTGC-1_2	AGCGTATTCTCTTCTC-1
4616	393	0.5625	GTTCCGTCAATTGTGC-1_2	AGCTATGCAAACCCTA-1
4618	639	0.5625	GTTCCGTGTACTAAGA-1_2	CACCTTGAGGCATGCA-1
4619	680	0.375	GTTCGCTAGAGCCGTA-1_2	CAGCTGGTCAGATACC-1
4619	475	0.8125	GTTCGCTAGAGCCGTA-1_2	ATATTCCAGAACCCGA-1
4620	1956	0.25	GTTCGCTAGCGACAGT-1_2	TCACAGAAGAAGACTT-1
4620	2051	0.1875	GTTCGCTAGCGACAGT-1_2	TCGTTCGTCTGGAAGG-1
4620	584	0.375	GTTCGCTAGCGACAGT-1_2	CAACGGCTCTTCTCTC-1
4621	1233	0.3125	GTTCTATAGGCTGGAT-1_2	GATCGTAAGTCGTGAG-1
4622	299	0.25	GTTGAACCACTGGATT-1_2	ACTACGAGTCCCTTTG-1
4623	296	0.4375	GTTGAACGTCTAGGCC-1_2	ACTACGAAGTCGTATC-1
4625	726	0.8125	GTTGCGGAGGTTGACG-1_2	CATGTTTCAAGCAACG-1
4625	636	1	GTTGCGGAGGTTGACG-1_2	CACCTGTTCCAACGCG-1
4625	1776	0.6875	GTTGCGGAGGTTGACG-1_2	TAATTCCAGTTCAGGG-1
4626	1253	1	GTTGCTCAGCAATAGT-1_2	GATGGCCTCTTTATCG-1
4626	333	1	GTTGCTCAGCAATAGT-1_2	AGATTCGAGAAACGCC-1
4626	719	1	GTTGCTCAGCAATAGT-1_2	CATGCCTCACGATTAC-1
4627	1460	0.25	GTTGTAGAGCACGTCC-1_2	GCTGAGCTCCAGGCCA-1
4627	632	0.0625	GTTGTAGAGCACGTCC-1_2	CACCTGTAGGCACCTC-1
4627	1295	0.25	GTTGTAGAGCACGTCC-1_2	GCAGATTCAAGCGGTA-1
4628	2067	0.1875	GTTGTCCCAACGCATT-1_2	TGACAACTCCTTTGCG-1
4628	1969	0.4375	GTTGTCCCAACGCATT-1_2	TCACCTGTCAGTCAAC-1
4628	1134	0.5	GTTGTCCCAACGCATT-1_2	GAACTTGTCGAGAAGC-1
4629	161	0.1875	GTTGTCCCAATGAGCG-1_2	AATGTCGAGAACGACC-1
4629	1227	0.0625	GTTGTCCCAATGAGCG-1_2	GATCATGCAAAGAAGG-1
4629	536	0	GTTGTCCCAATGAGCG-1_2	ATGTTTCGTTTAAGGA-1
4630	2379	1	GTTGTCCGTCCACAGC-1_2	TTGTTGTTCGCTAGTA-1
4630	1734	0.375	GTTGTCCGTCCACAGC-1_2	GTTGGTACACCCTTTG-1
4632	1110	1	GTTGTGACAGAGTGTG-1_2	GAAATGATCGGTTAGT-1
4633	223	1	GTTGTGACATCTGTTT-1_2	ACCAAACCAACGTACT-1
4634	1152	0.5	GTTGTGAGTCCACATA-1_2	GACCAATGTCACATTG-1
4635	2163	0.375	GTTGTGAGTCGAGATG-1_2	TGGCGCAAGTGTGTAA-1
4635	1421	0.375	GTTGTGAGTCGAGATG-1_2	GCGGTGTAGACAGTGC-1
4635	793	0.4375	GTTGTGAGTCGAGATG-1_2	CCCTAGTCAGCGCGTT-1
4636	1228	0.1875	GTTTACTAGCGTATAA-1_2	GATCATGCAACAAACA-1
4637	2364	1	GTTTACTAGTCCCGGT-1_2	TTGTCTATCTTTGCAT-1
4637	882	1	GTTTACTAGTCCCGGT-1_2	CGCTAGGGTCTAAGAA-1
4637	776	1	GTTTACTAGTCCCGGT-1_2	CCCAGAGGTATATGGA-1
4638	1566	0.3125	GTTTACTCAGTCTTCC-1_2	GGGTGTCAGTCTGCTA-1
4639	2159	1	GTTTACTTCACGAGGA-1_2	TGGCAATTCGCCTTAC-1
4639	1348	1	GTTTACTTCACGAGGA-1_2	GCCCAGAAGTAGCAAT-1
4640	629	0.9375	GTTTACTTCCATATGG-1_2	CACCACTTCTCGCGTT-1
4640	1596	0.75	GTTTACTTCCATATGG-1_2	GGTGTCGAGGTTGTTC-1
4641	1923	0.5	GTTTGGAGTAGAGATT-1_2	TATTGCTGTGCTTACA-1
4642	1073	0.125	GTTTGGATCCACAGGC-1_2	CTTGCCAGTCTGTGTA-1
4642	828	0.1875	GTTTGGATCCACAGGC-1_2	CCTCCCTTCGGTACTA-1
4643	807	0.125	TAACACGGTCGAGTTT-1_2	CCGAAGCTCAGAACGG-1
4645	582	0.9375	TAACCAGTCCATTGGA-1_2	CAACGGCTCGGAGTTT-1
4648	743	0.25	TAACTTCAGACATATG-1_2	CCAATGACAGTCAGAG-1
4649	296	0.3125	TAACTTCCAGGGTCTC-1_2	ACTACGAAGTCGTATC-1
4649	865	0.3125	TAACTTCCAGGGTCTC-1_2	CGATGATGTTTGCGAT-1
4650	2187	0.375	TAACTTCGTAACCCTA-1_2	TGGTCCTGTATGTCCA-1
4650	1727	0.375	TAACTTCGTAACCCTA-1_2	GTTCAAGAGTGATCTC-1
4650	350	0.4375	TAACTTCGTAACCCTA-1_2	AGCCCGAGTCTTAGCA-1
4650	768	0.6875	TAACTTCGTAACCCTA-1_2	CCCACATCAAGACACG-1
4650	854	0.375	TAACTTCGTAACCCTA-1_2	CGAGTTAGTATTCTGG-1
4652	724	0.625	TAACTTCGTTAGAAAC-1_2	CATGCCTTCGAAGCCC-1
4652	1723	0.1875	TAACTTCGTTAGAAAC-1_2	GTTATTCAGTAACTCC-1
4652	1026	0.125	TAACTTCGTTAGAAAC-1_2	CTGGCAGGTGAGTAAT-1
4653	1627	0.5625	TAACTTCGTTGAGAGC-1_2	GTAGGAGTCTCGTAGA-1
4653	1742	0.1875	TAACTTCGTTGAGAGC-1_2	TAAACCGTCCTTGACC-1
4654	1155	0.6875	TAACTTCTCGCCGAAC-1_2	GACCAATTCGGAAAGC-1
4656	678	0.875	TAAGCACAGTTTAGGA-1_2	CAGCTGGGTGTTGTTG-1
4656	969	0.0625	TAAGCACAGTTTAGGA-1_2	CTCACCAGTAGCGGTA-1
4657	701	0.8125	TAAGCACTCACTGGGC-1_2	CAGTGCGGTTCTACGA-1
4657	82	0.3125	TAAGCACTCACTGGGC-1_2	AACCTTTGTTAACTCG-1
4657	160	0.875	TAAGCACTCACTGGGC-1_2	AATGGCTTCCGTTAGA-1
4657	884	0.1875	TAAGCACTCACTGGGC-1_2	CGCTAGGTCGGATCGC-1
4659	1901	0.6875	TAAGCACTCGCCAACG-1_2	TATCGAGGTTTAAGGA-1
4659	1524	1	TAAGCACTCGCCAACG-1_2	GGATGAGAGTGAGTTA-1
4659	502	0.625	TAAGCACTCGCCAACG-1_2	ATCCTGCTCTGTGTCC-1
4660	525	0.8125	TAAGCACTCTCTCGAC-1_2	ATGTCGAGTAATGCCT-1
4661	1409	0.5625	TAAGCACTCTGATGGT-1_2	GCGGAAAAGTTTGGAA-1
4662	783	1	TAAGCCAGTCATGACT-1_2	CCCTAACAGGTAGGCT-1
4662	264	0.3125	TAAGCCAGTCATGACT-1_2	ACGTGGCAGTTACCAC-1
4663	350	1	TAAGCGTAGTGGAAGA-1_2	AGCCCGAGTCTTAGCA-1
4663	440	0.875	TAAGCGTAGTGGAAGA-1_2	AGTGCCGAGACACGGT-1
4664	1723	0.1875	TAAGCGTCACACCGCA-1_2	GTTATTCAGTAACTCC-1
4665	913	0.25	TAAGCGTGTCTTCGAA-1_2	CGTACAACATTACCTT-1
4666	1493	0.1875	TAAGCGTTCTACTATC-1_2	GGAATCTTCGTATAGC-1
4666	676	0.3125	TAAGCGTTCTACTATC-1_2	CAGCTGGAGTGGTGTG-1
4668	2077	0	TAAGTCGTCGCCAGAC-1_2	TGAGTCAAGAGAAGCA-1
4668	332	0.3125	TAAGTCGTCGCCAGAC-1_2	AGATAGATCGTTCTAT-1
4670	353	0.1875	TAATCTCCAGAGTGTG-1_2	AGCCCGATCTGTCGGG-1
4670	1581	0.75	TAATCTCCAGAGTGTG-1_2	GGTAGGATCCTCTCTT-1
4671	2134	1	TAATCTCCATCCTTCG-1_2	TGCTTCGAGGGATCCA-1
4671	453	1	TAATCTCCATCCTTCG-1_2	AGTTACGAGGAATGGA-1
4673	2392	0.25	TAATTCCAGTGACACG-1_2	TTTGGCCCACACGGTC-1
4673	1233	0.8125	TAATTCCAGTGACACG-1_2	GATCGTAAGTCGTGAG-1
4673	108	0.375	TAATTCCAGTGACACG-1_2	AACTGTGTCTATCTTG-1
4674	1025	0.5625	TAATTCCCATGTCGTA-1_2	CTGGCAGGTCGGCTGT-1
4674	1490	0.1875	TAATTCCCATGTCGTA-1_2	GGAATCTCATCCGTAA-1
4675	2213	0.3125	TAATTCCGTCCAGAAG-1_2	TGTTAGGAGGTTACAA-1
4675	2082	0.3125	TAATTCCGTCCAGAAG-1_2	TGAGTCAGTTTCGTTT-1
4676	457	0.5625	TAATTCCGTTCCTAAG-1_2	AGTTACGTCCTAAAGC-1
4676	362	0.125	TAATTCCGTTCCTAAG-1_2	AGCCTCTCATTGAACC-1
4678	1789	0.1875	TACAACGCACCCGTAG-1_2	TACCCTGAGAGAGTTT-1
4681	791	0.625	TACAGGTGTCGGCACT-1_2	CCCTAGTAGATGAGGA-1
4681	438	1	TACAGGTGTCGGCACT-1_2	AGTCCGGTCTGAACGT-1
4683	689	0.6875	TACAGGTTCGTCACCT-1_2	CAGGGCTGTCACATTG-1
4683	1017	0.625	TACAGGTTCGTCACCT-1_2	CTGAATGTCCATGACA-1
4683	1277	1	TACAGGTTCGTCACCT-1_2	GCACCTTTCAGTTGAC-1
4683	1620	0.5	TACAGGTTCGTCACCT-1_2	GTACTTTTCGTGCTGG-1
4684	946	0.5625	TACATTCAGAGTGAAG-1_2	CTACTTAGTACGGAGT-1
4684	1509	0.25	TACATTCAGAGTGAAG-1_2	GGAGGATTCGTGCTGG-1
4684	1680	0.5	TACATTCAGAGTGAAG-1_2	GTGCCAGGTTTCTTAC-1
4684	952	0.3125	TACATTCAGAGTGAAG-1_2	CTACTTATCGATGTGT-1
4686	1143	0.4375	TACATTCCACTGGAAG-1_2	GAATCTGAGGTAAGTT-1
4688	1027	0.5	TACATTCGTCATATGC-1_2	CTGGCAGGTGCACTTA-1
4689	692	1	TACATTCTCCAGCCTT-1_2	CAGTATGAGAGTGGTC-1
4692	1728	0.125	TACCCACTCGTCAGAT-1_2	GTTCAAGCAGGGTAAC-1
4692	1596	0.625	TACCCACTCGTCAGAT-1_2	GGTGTCGAGGTTGTTC-1
4692	701	0.75	TACCCACTCGTCAGAT-1_2	CAGTGCGGTTCTACGA-1
4693	1331	0.8125	TACCCACTCTGTAACG-1_2	GCCAGACCATTCGTCC-1
4693	515	0.375	TACCCACTCTGTAACG-1_2	ATGGATCGTTTCGTTT-1
4694	1285	0.4375	TACCCGTAGACCTGGA-1_2	GCACGGTAGCTAACAA-1
4695	2264	1	TACCCGTAGTACTGTC-1_2	TTAGCTTAGTTGCGCC-1
4695	1275	0.625	TACCCGTAGTACTGTC-1_2	GCACCTTCAGTTAAAG-1
4696	269	0.5625	TACCCGTAGTTGGAAT-1_2	ACGTGGCGTTTGACCA-1
4698	686	0.5625	TACCCGTGTCTCGACG-1_2	CAGGATTCAACTAGAA-1
4699	1442	0.625	TACCCGTTCCGAGAAG-1_2	GCTCAGGGTCGCGCTA-1
4699	815	0.5	TACCCGTTCCGAGAAG-1_2	CCGTAGGGTACCGGCT-1
4699	1011	0.5625	TACCCGTTCCGAGAAG-1_2	CTCTCGATCGACTTAG-1
4699	773	0.3125	TACCCGTTCCGAGAAG-1_2	CCCAGAGCACACACAT-1
4700	2042	0.875	TACCGAACATGTAACC-1_2	TCGCCTATCCGGGCAT-1
4700	79	0.0625	TACCGAACATGTAACC-1_2	AACCTTTAGGATCCTT-1
4701	1834	0.4375	TACCGAATCTTCGGTC-1_2	TACTGCCTCAATGCAC-1
4702	561	0.3125	TACCGGGGTTGCAAGG-1_2	ATTTGTCGTTAGGCTT-1
4703	1332	0.4375	TACCGGGTCAGATGCT-1_2	GCCAGACGTAGTTTGC-1
4703	962	0.5625	TACCGGGTCAGATGCT-1_2	CTAGGGCTCGGTCCGA-1
4704	2295	0.375	TACCGGGTCGCAAGAG-1_2	TTCGCGTCAAGTCCTA-1
4704	1856	0.4375	TACCGGGTCGCAAGAG-1_2	TAGCATGCATTACCTT-1
4705	886	1	TACCTCGCAGCCCACA-1_2	CGCTATCAGGAGACTC-1
4705	1248	0.5	TACCTCGCAGCCCACA-1_2	GATGGCCCATGTATCG-1
4705	783	0.5	TACCTCGCAGCCCACA-1_2	CCCTAACAGGTAGGCT-1
4707	1646	0.6875	TACCTGCCAAGATCCT-1_2	GTCACGGTCTGGGCGT-1
4707	1294	0.6875	TACCTGCCAAGATCCT-1_2	GCAGATTAGTTACCAC-1
4707	2107	0.8125	TACCTGCCAAGATCCT-1_2	TGCATGAGTCTGTGTA-1
4708	538	0.875	TACCTGCGTTCTGACA-1_2	ATTACCTGTCCGTGCA-1
4708	1841	0.375	TACCTGCGTTCTGACA-1_2	TAGACTGCATCAACTG-1
4708	111	0.375	TACCTGCGTTCTGACA-1_2	AACTTGGCAACGTCCG-1
4709	2102	0.25	TACGCTCCAACGACTT-1_2	TGATTTCTCGGATAAA-1
4710	2113	0.5625	TACGCTCCATCTTCGC-1_2	TGCCTCACAAATGTCC-1
4710	300	0.3125	TACGCTCCATCTTCGC-1_2	ACTACGATCACATTCT-1
4711	2151	0.375	TACGCTCTCCTACTGC-1_2	TGGAAGGTCCTAGAGT-1
4714	1188	0.4375	TACGGGCCACGCTGTG-1_2	GAGACTTAGAGGAATG-1
4714	2285	0.625	TACGGGCCACGCTGTG-1_2	TTCATTGAGAACTAAC-1
4715	1085	1	TACGGGCCACGTAGAG-1_2	CTTGTCGCACATCATG-1
4715	1204	0.5	TACGGGCCACGTAGAG-1_2	GAGCGCTCAAGTTCGT-1
4716	721	0.5	TACGGGCTCTTCGATT-1_2	CATGCCTCATCGAGTT-1
4717	249	1	TACGGTAAGGTAAAGG-1_2	ACCGGGTCAACTCCCT-1
4717	251	0.4375	TACGGTAAGGTAAAGG-1_2	ACCGGGTGTAAGCCGA-1
4718	913	0.3125	TACGGTACATCGCCTT-1_2	CGTACAACATTACCTT-1
4718	274	0.6875	TACGGTACATCGCCTT-1_2	ACGTTAGGTGGTAAGC-1
4718	2195	0.625	TACGGTACATCGCCTT-1_2	TGTACGACAATTCTCT-1
4719	1307	0.8125	TACGTCCCAGGAACCA-1_2	GCAGCTGCACCTATTT-1
4720	1132	0.5	TACGTCCTCAAATGAG-1_2	GAACTTGGTCAACTGT-1
4720	851	0.3125	TACGTCCTCAAATGAG-1_2	CGAGTTAAGTTGCTTG-1
4721	1668	0.75	TACGTCCTCTCGTTTA-1_2	GTGATCACAAGGAGGG-1
4723	1816	0.1875	TACTTCAAGTCCTACA-1_2	TACGGATAGCATTCCA-1
4723	1525	0.3125	TACTTCAAGTCCTACA-1_2	GGATGAGAGTGTCGGA-1
4724	2200	0.3125	TACTTGTCAATAGTAG-1_2	TGTAGCAGTCCCGTGA-1
4724	749	0.3125	TACTTGTCAATAGTAG-1_2	CCAGAATAGGAAGAAC-1
4725	1875	0.25	TACTTGTGTTGGAGAC-1_2	TAGCTTTTCAGCACGC-1
4725	1531	0.625	TACTTGTGTTGGAGAC-1_2	GGCATTAAGAACAGGA-1
4726	2158	0.75	TACTTGTTCATGGTAC-1_2	TGGCAATGTCACAGTT-1
4726	348	0.4375	TACTTGTTCATGGTAC-1_2	AGCCCGACATGGTAAA-1
4726	1957	0.375	TACTTGTTCATGGTAC-1_2	TCACAGACATCATAGC-1
4728	435	1	TAGACCATCTGCTCTG-1_2	AGTCCGGGTTAGTAGA-1
4728	619	0.8125	TAGACCATCTGCTCTG-1_2	CACATGAGTCATTGGT-1
4728	2108	0.25	TAGACCATCTGCTCTG-1_2	TGCATTTAGCGTTAGG-1
4729	140	0.4375	TAGACTGAGCACTAGG-1_2	AATACGCTCGTGGAAG-1
4730	1245	0.125	TAGACTGTCACGTCCT-1_2	GATGATCTCGCAGATT-1
4731	162	0.375	TAGAGTCCATAATGCC-1_2	AATGTCGCAAGGAAGA-1
4731	1262	0.1875	TAGAGTCCATAATGCC-1_2	GCAAAGGAGCTCCGGT-1
4731	717	0.375	TAGAGTCCATAATGCC-1_2	CATGCCTAGTGAGCTG-1
4731	778	0.4375	TAGAGTCCATAATGCC-1_2	CCCGTTAAGGCCTCTG-1
4732	163	1	TAGATCGCAATCGTCA-1_2	AATGTCGCACACACAT-1
4733	359	0.75	TAGATCGCAGCGCTTG-1_2	AGCCGCACATATAGAG-1
4733	1646	0.5	TAGATCGCAGCGCTTG-1_2	GTCACGGTCTGGGCGT-1
4734	1765	1	TAGCACAAGCTTAGTC-1_2	TAATCGGAGCAGAATT-1
4734	450	0.875	TAGCACAAGCTTAGTC-1_2	AGTGCGCTCATGCTTT-1
4735	776	1	TAGGAGGAGTCTAGCT-1_2	CCCAGAGGTATATGGA-1
4735	383	1	TAGGAGGAGTCTAGCT-1_2	AGCGATTTCGGCAATT-1
4735	1206	1	TAGGAGGAGTCTAGCT-1_2	GAGCGCTCAGGTAGGT-1
4737	1680	0.5625	TAGGAGGGTTAAACCC-1_2	GTGCCAGGTTTCTTAC-1
4737	1261	0.375	TAGGAGGGTTAAACCC-1_2	GCAAAGGAGACTAGCG-1
4738	1767	1	TAGGAGGGTTTGTTGG-1_2	TAATCGGCAATCATCG-1
4738	340	0.625	TAGGAGGGTTTGTTGG-1_2	AGATTCGTCGGTACTA-1
4740	156	0.75	TAGGGTTAGACATGCG-1_2	AATGGCTCAGCAACGA-1
4740	1570	1	TAGGGTTAGACATGCG-1_2	GGGTGTCTCCTCTCTT-1
4741	600	0.8125	TAGGGTTAGTTGGACG-1_2	CAAGGCCCAAGGATGC-1
4743	1515	0.5625	TAGGTACCAGCACCCA-1_2	GGAGTAGTCTAGCAGT-1
4743	458	0.8125	TAGGTACCAGCACCCA-1_2	AGTTACGTCGCTAGTA-1
4744	388	0.375	TAGGTACGTGTAGCAG-1_2	AGCGTATTCTCTTCTC-1
4745	989	1	TAGGTACGTTCTCTAT-1_2	CTCGCTATCTGCGTCT-1
4746	790	1	TAGGTTGAGGTGAGCT-1_2	CCCTAGTAGACTAGGC-1
4746	649	0.8125	TAGGTTGAGGTGAGCT-1_2	CACGTTCCAACTCGAT-1
4747	2396	0.6875	TAGGTTGGTGAGTTTC-1_2	TTTGGTTTCGACTTAG-1
4747	38	0.25	TAGGTTGGTGAGTTTC-1_2	AAATGAGAGAGTGGAA-1
4747	2031	0.375	TAGGTTGGTGAGTTTC-1_2	TCGATTTTCGTCTTAT-1
4748	1831	0.4375	TAGTGCAAGCAGATAT-1_2	TACTCGCGTCAAATCC-1
4748	405	0	TAGTGCAAGCAGATAT-1_2	AGCTGTAGTTCCAATG-1
4749	1155	1	TAGTGCAGTAACCAGG-1_2	GACCAATTCGGAAAGC-1
4749	1505	0.5625	TAGTGCAGTAACCAGG-1_2	GGAGGATCAGCACATT-1
4754	1502	0.875	TATACCTAGCACACCC-1_2	GGAGAACTCGTCCCAT-1
4754	398	0.5625	TATACCTAGCACACCC-1_2	AGCTGATTCAGTGTAC-1
4756	109	0.3125	TATACCTGTCGCACAC-1_2	AACTTGGAGAAAGGGT-1
4757	1122	0.4375	TATACCTTCAAGAATG-1_2	GAACCTACAACTCGAT-1
4757	534	0.25	TATACCTTCAAGAATG-1_2	ATGTTTCCAGGCAGAT-1
4758	2183	0.4375	TATATCCAGCTGAAGC-1_2	TGGTCAATCTACATCT-1
4758	225	0.25	TATATCCAGCTGAAGC-1_2	ACCAAACGTAACGTAA-1
4758	472	0.4375	TATATCCAGCTGAAGC-1_2	ATAGTCGCATATAGAG-1
4758	634	0.5	TATATCCAGCTGAAGC-1_2	CACCTGTGTGCCCTAG-1
4759	167	0.8125	TATATCCCAGTTCCAA-1_2	AATGTCGGTGAATCGG-1
4759	27	0.875	TATATCCCAGTTCCAA-1_2	AAAGGATGTATCATGC-1
4759	323	0.6875	TATATCCCAGTTCCAA-1_2	ACTTCCGTCTTGTACT-1
4760	1137	0.4375	TATATCCCATAATCCG-1_2	GAAGAGCTCCCATAGA-1
4761	2370	0.375	TATATCCGTACGAGTG-1_2	TTGTTCATCCTGGAAT-1
4761	1664	0.375	TATATCCGTACGAGTG-1_2	GTGACATGTAATGTGA-1
4762	1242	0.3125	TATATCCTCTTTCCAA-1_2	GATGATCAGTCTAGAA-1
4762	1968	0.25	TATATCCTCTTTCCAA-1_2	TCACCTGAGAGCTCCC-1
4762	863	0.25	TATATCCTCTTTCCAA-1_2	CGATGATGTATCTAGC-1
4763	2362	0.125	TATCAGGAGCGTCTGC-1_2	TTGTCTAGTGAGTCGA-1
4764	30	0.4375	TATCAGGAGGTATCTC-1_2	AAAGGGCAGGATCCTT-1
4765	2159	1	TATCAGGCATCCTCAC-1_2	TGGCAATTCGCCTTAC-1
4765	1024	1	TATCAGGCATCCTCAC-1_2	CTGGCAGCATCCGTAA-1
4766	1942	1	TATCAGGTCTGCGGAC-1_2	TCAAGGTCACAGTTCA-1
4766	2364	1	TATCAGGTCTGCGGAC-1_2	TTGTCTATCTTTGCAT-1
4767	2008	0.5	TATCCTACAACGTTAC-1_2	TCCAGAACAGCGTGAA-1
4767	426	0.625	TATCCTACAACGTTAC-1_2	AGGCGAATCCGGAAAG-1
4767	1462	0.75	TATCCTACAACGTTAC-1_2	GCTGCGAGTCGAGGTA-1
4767	1026	0.75	TATCCTACAACGTTAC-1_2	CTGGCAGGTGAGTAAT-1
4768	1818	0.375	TATCCTAGTATCTTCT-1_2	TACGGATAGTTGAATG-1
4769	481	0.5	TATCCTAGTTAGGGTG-1_2	ATCCAGAAGTGCTGAG-1
4769	1820	0.1875	TATCCTAGTTAGGGTG-1_2	TACGGATGTCCACCAG-1
4770	5	0.5625	TATCCTATCGTGCATA-1_2	AAACGAATCAGGCCGT-1
4770	1080	0.375	TATCCTATCGTGCATA-1_2	CTTGTCGAGACACTTC-1
4771	1928	0.1875	TATCGCCCAGATACCT-1_2	TCAAGACAGACCAATA-1
4771	848	0.375	TATCGCCCAGATACCT-1_2	CCTTGGTGTACGAGAC-1
4771	2296	0.5625	TATCGCCCAGATACCT-1_2	TTCGGTCCAAATGCTC-1
4772	1199	0.4375	TATCGCCCATCCCACT-1_2	GAGCATTAGTGAACCG-1
4774	334	0.125	TATCTGTTCGCGAAGA-1_2	AGATTCGAGAAATTCG-1
4774	230	0.25	TATCTGTTCGCGAAGA-1_2	ACCATCCTCAAACCAC-1
4774	587	0.4375	TATCTGTTCGCGAAGA-1_2	CAACGTACATGTAGAA-1
4775	12	0.75	TATCTGTTCTTCCAGC-1_2	AAACTCGTCAACACGT-1
4775	398	0.9375	TATCTGTTCTTCCAGC-1_2	AGCTGATTCAGTGTAC-1
4776	1807	0.5625	TATGTTCCAAAGGCAC-1_2	TACGCAATCCTTCGAC-1
4777	1983	0.1875	TATGTTCGTGACACGA-1_2	TCAGGGCGTTTCGATG-1
4777	1902	0.4375	TATGTTCGTGACACGA-1_2	TATCGAGTCCAAACCA-1
4778	2078	0.4375	TATGTTCTCCGGACTG-1_2	TGAGTCAAGCTGCTCG-1
4781	1498	0.5625	TATTCCAAGATCCGAG-1_2	GGACACCGTCTGGTTA-1
4782	704	0.3125	TATTCCAGTACTCAAC-1_2	CAGTGCGTCGGTCAGC-1
4782	1726	0.125	TATTCCAGTACTCAAC-1_2	GTTCAAGAGTAATGTG-1
4783	1567	0.4375	TATTCCATCTCTGCCA-1_2	GGGTGTCCACGCGATC-1
4784	1308	1	TATTGCTGTGGGTCAA-1_2	GCAGCTGCACCTGAAT-1
4785	2253	0.625	TATTGGGAGAAGCCAC-1_2	TTACTTGCAGTTGCAT-1
4785	836	0.5625	TATTGGGAGAAGCCAC-1_2	CCTGGGATCTGAGTCA-1
4785	1796	0.3125	TATTGGGAGAAGCCAC-1_2	TACCTATTCTGACATG-1
4786	1528	1	TATTGGGCATGCTGCG-1_2	GGATGAGCATGCGACC-1
4786	463	0.6875	TATTGGGCATGCTGCG-1_2	AGTTTGGCAGGGTACA-1
4787	41	0.5625	TATTGGGGTCATAACC-1_2	AAATGAGTCTATGAGC-1
4787	1483	0.5	TATTGGGGTCATAACC-1_2	GGAACTTAGGAAGAAC-1
4788	1397	0.875	TATTGGGTCCCGAGGT-1_2	GCGCATGAGACCAATA-1
4788	598	0.5	TATTGGGTCCCGAGGT-1_2	CAAGCTACAGCGTAGA-1
4788	652	0.375	TATTGGGTCCCGAGGT-1_2	CACTAAGCAAATAGTG-1
4788	200	0.125	TATTGGGTCCCGAGGT-1_2	ACAGACTCATTAGCCA-1
4789	519	0.625	TATTGGGTCTCGAACA-1_2	ATGTACGGTAACATAG-1
4789	454	0.25	TATTGGGTCTCGAACA-1_2	AGTTACGAGTCTGCTA-1
4789	515	0.125	TATTGGGTCTCGAACA-1_2	ATGGATCGTTTCGTTT-1
4789	422	0.5	TATTGGGTCTCGAACA-1_2	AGGCGAACATAGACGG-1
4790	504	0.8125	TATTTCGCATGAAGGC-1_2	ATCGAGTCAGCACATT-1
4790	2356	0.375	TATTTCGCATGAAGGC-1_2	TTGCTTAGTACGCCCA-1
4792	897	0.4375	TATTTCGTCAAGTGGG-1_2	CGGACCACACACTAGT-1
4792	1966	0.3125	TATTTCGTCAAGTGGG-1_2	TCACCACGTTATAGAG-1
4794	1331	0.8125	TCAAGCACAAATTGCC-1_2	GCCAGACCATTCGTCC-1
4794	1082	1	TCAAGCACAAATTGCC-1_2	CTTGTCGAGGCTTCGC-1
4795	994	0.5625	TCAAGCACACTCCTGT-1_2	CTCTACGGTATCAGCT-1
4795	1893	0.5	TCAAGCACACTCCTGT-1_2	TAGTCCCAGTAGTGTA-1
4795	2360	0.625	TCAAGCACACTCCTGT-1_2	TTGGTCCCAGGTCTGC-1
4796	1926	0.375	TCAAGCACATCTTAGG-1_2	TCAAAGCAGTCACGCC-1
4797	980	0.875	TCAAGCAGTCCAACGC-1_2	CTCATGCAGAAGAGTG-1
4798	508	0.75	TCAAGCAGTCCCAAAT-1_2	ATGCATGAGCTCCATA-1
4799	2376	0.4375	TCAAGTGAGTAGATCA-1_2	TTGTTGTTCCAGCACG-1
4799	607	0.375	TCAAGTGAGTAGATCA-1_2	CAATCCCGTTTCGACA-1
4800	587	0.25	TCAAGTGCAATTGAGA-1_2	CAACGTACATGTAGAA-1
4800	2258	0.625	TCAAGTGCAATTGAGA-1_2	TTAGCGACACACACAT-1
4801	1970	0.4375	TCAAGTGGTAATGCTC-1_2	TCACCTGTCTAAACGC-1
4801	1789	0.625	TCAAGTGGTAATGCTC-1_2	TACCCTGAGAGAGTTT-1
4803	1584	1	TCAAGTGGTCACGCTG-1_2	GGTCATACATAGGCGA-1
4803	1954	0.875	TCAAGTGGTCACGCTG-1_2	TCACAAGGTTCCTATT-1
4803	1650	1	TCAAGTGGTCACGCTG-1_2	GTCACTCTCGTCCCAT-1
4805	1505	0.5625	TCAATCTAGACATACA-1_2	GGAGGATCAGCACATT-1
4805	86	0.75	TCAATCTAGACATACA-1_2	AACCTTTTCTCCCTTT-1
4809	1856	0.25	TCAATCTCATATCGGT-1_2	TAGCATGCATTACCTT-1
4809	2083	0.5625	TCAATCTCATATCGGT-1_2	TGAGTCATCCCTAAAG-1
4810	870	0.3125	TCAATCTGTATCGTAC-1_2	CGCAATAGTATCACAC-1
4811	1175	0.5625	TCAATTCAGGCATCAG-1_2	GACCTTCTCCGAGGAA-1
4811	2193	0.9375	TCAATTCAGGCATCAG-1_2	TGTACAGCACACACCG-1
4811	266	0.125	TCAATTCAGGCATCAG-1_2	ACGTGGCCATACAACC-1
4812	1882	0.5	TCAATTCCATCGCTAA-1_2	TAGGTCACAATTGGCT-1
4812	1943	0.3125	TCAATTCCATCGCTAA-1_2	TCAATTCAGATCACCT-1
4812	366	0.5625	TCAATTCCATCGCTAA-1_2	AGCCTGGTCAGTGTAC-1
4813	312	0.1875	TCACAAGAGGCATTTC-1_2	ACTGCAAGTCGCTACG-1
4814	841	0.5	TCACAAGCACTGAGGA-1_2	CCTTAATTCCCGTATC-1
4814	115	0.4375	TCACAAGCACTGAGGA-1_2	AACTTGGGTCTGGTCG-1
4815	1037	0.25	TCACAAGCAGGTCTCG-1_2	CTGTATTAGCCGCAAA-1
4817	1479	0.5625	TCACAAGTCCATTCAT-1_2	GGAACCCAGGTTACAA-1
4818	1264	1	TCACACCCAACTCATG-1_2	GCAAAGGAGTTCAGGG-1
4819	1038	0.6875	TCACACCGTATCCCAA-1_2	CTGTATTAGCCTTTGA-1
4819	1654	0.375	TCACACCGTATCCCAA-1_2	GTCGTAAGTAAGCCTT-1
4819	1664	0.125	TCACACCGTATCCCAA-1_2	GTGACATGTAATGTGA-1
4819	690	0.75	TCACACCGTATCCCAA-1_2	CAGGGCTTCCGTGCAG-1
4821	1521	1	TCACACCTCATGTCTT-1_2	GGATAGGTCGTCTAGA-1
4822	1650	1	TCACATTAGGGTTGCA-1_2	GTCACTCTCGTCCCAT-1
4822	456	1	TCACATTAGGGTTGCA-1_2	AGTTACGCACTCGTGG-1
4822	1489	1	TCACATTAGGGTTGCA-1_2	GGAATCTCACAGTTCA-1
4824	1438	0.0625	TCACATTTCCGATCGG-1_2	GCTCACTTCCATAGGT-1
4826	2025	0.8125	TCACATTTCGAACGGA-1_2	TCGAGCGAGCCGCAAA-1
4826	2254	0.3125	TCACATTTCGAACGGA-1_2	TTACTTGGTCTCGGGT-1
4828	1454	0.125	TCACGCTTCACCTTGC-1_2	GCTCGAGGTCTAACCA-1
4829	1444	0.5625	TCACGGGTCTGTTCAT-1_2	GCTCAGGTCATTCGGA-1
4829	769	0.25	TCACGGGTCTGTTCAT-1_2	CCCACATGTACGCAAG-1
4830	1016	0.25	TCACTATAGGGTTAAT-1_2	CTGAATGGTTGCAGAG-1
4830	417	0.375	TCACTATAGGGTTAAT-1_2	AGGCCTGGTGGTTCTA-1
4830	1451	0.125	TCACTATAGGGTTAAT-1_2	GCTCGAGAGCGCCTAC-1
4831	1211	0.8125	TCACTATCACTGAGGA-1_2	GAGGATGGTCAAGACG-1
4831	481	0.25	TCACTATCACTGAGGA-1_2	ATCCAGAAGTGCTGAG-1
4831	1132	0.5	TCACTATCACTGAGGA-1_2	GAACTTGGTCAACTGT-1
4832	2355	0.5	TCACTATGTGGGCTCT-1_2	TTGCTTAGTACCAAGG-1
4832	96	0.6875	TCACTATGTGGGCTCT-1_2	AACGGGAGTTCAGTTG-1
4832	650	0.625	TCACTATGTGGGCTCT-1_2	CACGTTCTCCGTTAGA-1
4833	795	0.625	TCACTATTCGCGTCGA-1_2	CCCTAGTGTGCATTCA-1
4833	1730	0.6875	TCACTATTCGCGTCGA-1_2	GTTCAAGTCTACTTTG-1
4833	376	0.6875	TCACTATTCGCGTCGA-1_2	AGCGATTCACGTTGTA-1
4834	2290	0.75	TCACTCGAGAGGGTAA-1_2	TTCATTGGTGGTAGAC-1
4834	752	0.5	TCACTCGAGAGGGTAA-1_2	CCAGAATCAGCCACGT-1
4834	713	0.5	TCACTCGAGAGGGTAA-1_2	CATAACGGTCAGACGA-1
4835	1361	1	TCACTCGAGAGTGGCT-1_2	GCCTACTTCGATGTAC-1
4836	547	0.4375	TCACTCGCATTGGCAT-1_2	ATTCGTTAGAGCCACA-1
4836	290	0.1875	TCACTCGCATTGGCAT-1_2	ACTACCCGTGCATCAT-1
4837	1754	0.5625	TCAGCAACAACTTGGT-1_2	TAACTTCGTACTAGAA-1
4837	1237	0.625	TCAGCAACAACTTGGT-1_2	GATCGTAGTACTAGAA-1
4838	707	0.6875	TCAGCAATCCTGGCTT-1_2	CAGTGTAAGTTAGCAA-1
4838	931	0.625	TCAGCAATCCTGGCTT-1_2	CGTTCCATCTGTTGCC-1
4838	1815	0.9375	TCAGCAATCCTGGCTT-1_2	TACGCCTTCGCTCTAC-1
4839	1940	0.25	TCAGCAATCCTTGAAG-1_2	TCAAGGTAGCCATCAT-1
4840	416	0.125	TCAGCAATCGTGACTA-1_2	AGGCCTGGTCCGTAGC-1
4840	2008	0.4375	TCAGCAATCGTGACTA-1_2	TCCAGAACAGCGTGAA-1
4841	314	1	TCAGCCTCACGCCACA-1_2	ACTGCGGCATTAGCCA-1
4841	1247	1	TCAGCCTCACGCCACA-1_2	GATGGCCCAAAGACGC-1
4841	881	1	TCAGCCTCACGCCACA-1_2	CGCTAGGGTCACTCTC-1
4842	1272	0.5	TCAGCCTCATCCGAAT-1_2	GCAACCGTCGATGTGT-1
4842	2064	0.25	TCAGCCTCATCCGAAT-1_2	TGACAACGTAAACGAT-1
4843	1422	0.4375	TCAGCCTTCGGCTGGT-1_2	GCGGTGTCACATTGCA-1
4843	392	0.1875	TCAGCCTTCGGCTGGT-1_2	AGCTATGAGATGGGTC-1
4843	1922	0.4375	TCAGCCTTCGGCTGGT-1_2	TATTGCTCAGGTAGCA-1
4844	1831	0.75	TCAGGGCCAAACTCTG-1_2	TACTCGCGTCAAATCC-1
4845	1575	0.3125	TCAGGGCCAGGTGAGT-1_2	GGTACCGCACTGTCAA-1
4845	101	0.625	TCAGGGCCAGGTGAGT-1_2	AACTGGTAGTGATAAC-1
4846	1879	1	TCAGGGCGTAGCTAAA-1_2	TAGGTCAAGAACGCCA-1
4846	757	1	TCAGGGCGTAGCTAAA-1_2	CCAGATAGTCATGAGG-1
4846	2401	0.6875	TCAGGGCGTAGCTAAA-1_2	TTTGTGTTCAGTCAAC-1
4846	1602	1	TCAGGGCGTAGCTAAA-1_2	GGTTGCGAGAACAGGA-1
4846	556	0.625	TCAGGGCGTAGCTAAA-1_2	ATTGTGGTCTTCCACG-1
4847	894	0.9375	TCAGGTAAGGGCTGAT-1_2	CGCTGGAGTGATAGAT-1
4847	1526	0.3125	TCAGGTAAGGGCTGAT-1_2	GGATGAGCAATGGCAG-1
4848	1150	0.3125	TCAGGTAGTAGCGATG-1_2	GACCAATCACGCGTTG-1
4849	213	0.3125	TCAGGTAGTCGTCGGT-1_2	ACATGCAAGCAGAATT-1
4849	1850	0.4375	TCAGGTAGTCGTCGGT-1_2	TAGCACATCGGGTCCA-1
4850	2279	0.625	TCAGGTATCTAACGCA-1_2	TTCATCAAGGCGTAGT-1
4851	889	1	TCAGGTATCTTTCGAT-1_2	CGCTATCCAAGCAGGT-1
4851	1217	0.3125	TCAGGTATCTTTCGAT-1_2	GAGGTCCCAGAACAGC-1
4851	2308	0.5	TCAGGTATCTTTCGAT-1_2	TTCTGTACACTCGGAC-1
4852	1579	0.375	TCAGTCCAGACCGCCT-1_2	GGTAGGAGTGCGTCCA-1
4852	2252	0.3125	TCAGTCCAGACCGCCT-1_2	TTACTTGAGAGCCTGA-1
4853	1844	0.1875	TCAGTCCAGGAACATT-1_2	TAGCACACAGTGCGTC-1
4853	214	0.1875	TCAGTCCAGGAACATT-1_2	ACATGCAAGCTTCAAC-1
4853	1179	0.375	TCAGTCCAGGAACATT-1_2	GACTAGTCAGGACTGA-1
4853	1005	0.75	TCAGTCCAGGAACATT-1_2	CTCTCAGCACCTGAAT-1
4853	2301	0.6875	TCAGTCCAGGAACATT-1_2	TTCGTTATCTAGTCGA-1
4854	1200	0.6875	TCAGTCCCACGGGTAA-1_2	GAGCATTCATCGCCTT-1
4854	2206	0	TCAGTCCCACGGGTAA-1_2	TGTGGCGGTCGTAGTT-1
4855	1843	0.3125	TCAGTGATCTCGAACA-1_2	TAGCACAAGTGTTCCA-1
4856	332	0.875	TCAGTTTAGTCACAGG-1_2	AGATAGATCGTTCTAT-1
4856	1604	0.1875	TCAGTTTAGTCACAGG-1_2	GGTTGCGCAACGCACC-1
4857	751	0.5625	TCAGTTTCAGAGAATT-1_2	CCAGAATCACTCCCAT-1
4858	1215	0.125	TCAGTTTCATACTGAC-1_2	GAGGCTCGTGAGGGTT-1
4858	199	0.375	TCAGTTTCATACTGAC-1_2	ACAGACTCATGATCGT-1
4858	986	1	TCAGTTTCATACTGAC-1_2	CTCGCTAAGAGCCACA-1
4859	1828	0.25	TCAGTTTGTAATGATG-1_2	TACTCGCAGTCTTAGC-1
4860	1684	0.375	TCAGTTTGTGGGTATG-1_2	GTGCTGGAGCTGAATA-1
4861	2110	0.5	TCAGTTTTCAAATGAG-1_2	TGCATTTTCCGCCTAT-1
4861	992	0.8125	TCAGTTTTCAAATGAG-1_2	CTCTACGAGTTCCCGG-1
4862	91	0.4375	TCATACTCAAGACGGT-1_2	AACGAGGTCTTAACGG-1
4862	908	0.1875	TCATACTCAAGACGGT-1_2	CGTAAACAGCTCCGGT-1
4862	2363	0.375	TCATACTCAAGACGGT-1_2	TTGTCTATCCATCGAA-1
4863	1490	0.375	TCATACTTCGAGAAAT-1_2	GGAATCTCATCCGTAA-1
4863	633	0.375	TCATACTTCGAGAAAT-1_2	CACCTGTCACGTGAAG-1
4863	876	0.625	TCATACTTCGAGAAAT-1_2	CGCGCAACATACTGCA-1
4864	2209	0.8125	TCATATCGTGCCCACA-1_2	TGTGTCCAGGCACCTC-1
4864	1128	0.0625	TCATATCGTGCCCACA-1_2	GAACTTGAGCTCGTTA-1
4867	572	0.1875	TCATCATGTGAGATCG-1_2	CAACCAAAGACCGCAA-1
4867	342	0.3125	TCATCATGTGAGATCG-1_2	AGCCAGCGTATGGGTG-1
4867	242	0.25	TCATCATGTGAGATCG-1_2	ACCGAATCAAGTCCTA-1
4867	63	0.125	TCATCATGTGAGATCG-1_2	AACCAACAGTGTCGCC-1
4868	1083	0.75	TCATCCGCACCTCAGG-1_2	CTTGTCGAGGTCTTTG-1
4868	1715	1	TCATCCGCACCTCAGG-1_2	GTTACGATCTTTATCG-1
4870	1307	1	TCATGAGAGAGCCGAT-1_2	GCAGCTGCACCTATTT-1
4871	2194	0.4375	TCATGAGAGTACCCTA-1_2	TGTACAGTCGCTATTT-1
4871	1091	0.125	TCATGAGAGTACCCTA-1_2	CTTTGCGCAAGGAGGG-1
4872	1374	0.4375	TCATGAGCATGGCTAT-1_2	GCGAGTCAGTTGACAA-1
4872	2190	0.375	TCATGAGCATGGCTAT-1_2	TGTAAGCTCCATGACA-1
4873	1692	0.5	TCATGAGGTATCGTGT-1_2	GTGGCGTAGGTTGTGG-1
4874	1770	0.25	TCATGAGTCAACTACG-1_2	TAATCGGTCGGGAATG-1
4874	1255	1	TCATGAGTCAACTACG-1_2	GATTAGCGTTTCTACT-1
4875	622	0.4375	TCATGAGTCATGCTAG-1_2	CACCACTAGACACAAT-1
4875	2245	0.6875	TCATGAGTCATGCTAG-1_2	TTACTCAAGCACGTAG-1
4875	450	0.875	TCATGAGTCATGCTAG-1_2	AGTGCGCTCATGCTTT-1
4875	1957	0.875	TCATGAGTCATGCTAG-1_2	TCACAGACATCATAGC-1
4877	876	0.8125	TCATGCCTCCGCAGTG-1_2	CGCGCAACATACTGCA-1
4877	492	0.125	TCATGCCTCCGCAGTG-1_2	ATCCTCGAGTGGACGT-1
4878	1471	0.8125	TCATGCCTCGCCAATA-1_2	GCTTGCTTCCCTAAAG-1
4878	2107	0.125	TCATGCCTCGCCAATA-1_2	TGCATGAGTCTGTGTA-1
4878	169	0.375	TCATGCCTCGCCAATA-1_2	ACAAACCAGAATACTG-1
4878	1242	0	TCATGCCTCGCCAATA-1_2	GATGATCAGTCTAGAA-1
4879	432	1	TCATGGACAAGGGTCA-1_2	AGTCAACGTATCTGCA-1
4879	631	0.1875	TCATGGACAAGGGTCA-1_2	CACCTGTAGCCATTCA-1
4881	866	0.4375	TCATGGAGTTCAAAGA-1_2	CGCAATAAGACCGCAA-1
4881	2369	1	TCATGGAGTTCAAAGA-1_2	TTGTTCACATTGTGAC-1
4881	583	1	TCATGGAGTTCAAAGA-1_2	CAACGGCTCTCCAACC-1
4882	224	0.5625	TCATGGATCAGACCCG-1_2	ACCAAACCATATAGAG-1
4882	2154	0.1875	TCATGGATCAGACCCG-1_2	TGGACATCATTACTCT-1
4883	919	0.0625	TCATGTTCAGACTGCC-1_2	CGTGGCAAGTTGACAA-1
4883	1276	0	TCATGTTCAGACTGCC-1_2	GCACCTTGTTACACTG-1
4883	1078	0.1875	TCATGTTCAGACTGCC-1_2	CTTGCTGGTAAGTGCG-1
4884	73	1	TCATGTTTCTCCATAT-1_2	AACCTGAAGAGTGGAA-1
4885	508	0.875	TCATTACCAGCTTTGA-1_2	ATGCATGAGCTCCATA-1
4886	2013	0.6875	TCATTACTCTCAACCC-1_2	TCCATCGCACACTAGT-1
4886	1210	0.5625	TCATTACTCTCAACCC-1_2	GAGGATGCACTAGGAG-1
4887	981	0.4375	TCATTCAAGACGCCAA-1_2	CTCATGCCAGGTAGGT-1
4887	568	0.125	TCATTCAAGACGCCAA-1_2	CAAAGCTGTAACATAG-1
4888	2143	0.5	TCATTCAAGAGGATCC-1_2	TGCTTTATCATCGCAA-1
4890	1039	0.5	TCATTGTGTAGGAGTC-1_2	CTGTATTAGTAATCAG-1
4890	1111	0.3125	TCATTGTGTAGGAGTC-1_2	GAACCGCCACATTCTT-1
4891	1958	0.1875	TCATTGTGTGCCGAAA-1_2	TCACAGAGTCAACTAC-1
4892	655	0.3125	TCATTGTGTTAAAGTG-1_2	CACTAAGGTTTCCACC-1
4892	996	0.3125	TCATTGTGTTAAAGTG-1_2	CTCTACGTCGCCACTT-1
4892	1271	0.375	TCATTGTGTTAAAGTG-1_2	GCAACCGCAGAACTTC-1
4892	1048	0.4375	TCATTGTGTTAAAGTG-1_2	CTTAATCGTTAGGCTT-1
4894	951	0.4375	TCATTTGAGGGCTAAC-1_2	CTACTTAGTGTCGTGC-1
4894	1208	0.625	TCATTTGAGGGCTAAC-1_2	GAGCGCTGTGATGCGA-1
4895	1531	0.5625	TCATTTGCAGATCCAT-1_2	GGCATTAAGAACAGGA-1
4896	2196	0.5	TCATTTGGTAGTTAGA-1_2	TGTACGACAGGATGTG-1
4897	413	1	TCATTTGGTCCTCCAT-1_2	AGGCCCAGTGTGAGGT-1
4897	1101	0.25	TCATTTGGTCCTCCAT-1_2	GAAAGTACAGATAAGT-1
4899	101	1	TCCACCAAGAACCCGA-1_2	AACTGGTAGTGATAAC-1
4899	1220	0.125	TCCACCAAGAACCCGA-1_2	GAGGTCCGTGGACAGT-1
4899	150	0.0625	TCCACCAAGAACCCGA-1_2	AATGGAAGTTAACCAC-1
4900	584	0.6875	TCCACCAAGCTGAAGC-1_2	CAACGGCTCTTCTCTC-1
4900	1214	0.6875	TCCACCAAGCTGAAGC-1_2	GAGGCTCGTAACGGTG-1
4902	703	0.5625	TCCACCAGTTTACGTG-1_2	CAGTGCGTCGCAACTA-1
4903	571	0.5	TCCACCATCCTCTCTT-1_2	CAAAGCTTCCACGCTT-1
4903	31	0.375	TCCACCATCCTCTCTT-1_2	AAAGGGCCACCGTCTT-1
4904	1130	1	TCCACGTAGGGTGAGG-1_2	GAACTTGGTACGTAGG-1
4904	1057	0.75	TCCACGTAGGGTGAGG-1_2	CTTCCAGGTGATAGAT-1
4906	764	0.125	TCCACGTGTAGCTAAA-1_2	CCATACCCAGCTTACA-1
4907	2044	0.375	TCCACGTGTCACAGTT-1_2	TCGGGACGTCGTAATC-1
4908	1513	0.625	TCCAGAACAGATAAAC-1_2	GGAGTAGGTATGCTAC-1
4909	425	0.6875	TCCAGAAGTTGTGCAT-1_2	AGGCGAAGTTAGCTCA-1
4909	544	0.9375	TCCAGAAGTTGTGCAT-1_2	ATTACTCTCAGATACC-1
4910	2384	0.25	TCCATCGAGCGACTTT-1_2	TTTGAGGTCGGGACAA-1
4910	773	0	TCCATCGAGCGACTTT-1_2	CCCAGAGCACACACAT-1
4910	2270	0.375	TCCATCGAGCGACTTT-1_2	TTAGGTGAGAGCTGTG-1
4910	274	0.3125	TCCATCGAGCGACTTT-1_2	ACGTTAGGTGGTAAGC-1
4911	239	0.4375	TCCATCGCATGCACTA-1_2	ACCCAAATCAGGCGCT-1
4911	2066	0.6875	TCCATCGCATGCACTA-1_2	TGACAACTCCGCCTAT-1
4911	10	0.5625	TCCATCGCATGCACTA-1_2	AAACTCGAGTGTCGGA-1
4912	727	0.25	TCCATCGGTCATATGC-1_2	CATGTTTGTACGGATG-1
4913	1037	0.375	TCCATGCAGGGAGGCA-1_2	CTGTATTAGCCGCAAA-1
4914	2217	0.375	TCCCACAAGCAGTAAT-1_2	TGTTAGGGTGGTCGAA-1
4914	2308	0.3125	TCCCACAAGCAGTAAT-1_2	TTCTGTACACTCGGAC-1
4915	245	0.6875	TCCCACAAGGAGAATG-1_2	ACCGAATGTACGACCC-1
4915	50	0.375	TCCCACAAGGAGAATG-1_2	AACAAAGGTACGTATC-1
4916	2102	0.5	TCCCACACACCCGTAG-1_2	TGATTTCTCGGATAAA-1
4916	1096	0.4375	TCCCACACACCCGTAG-1_2	CTTTGCGTCTTGCGCT-1
4916	1325	0.25	TCCCACACACCCGTAG-1_2	GCATTGAGTGCTTTGA-1
4916	1988	0.1875	TCCCACACACCCGTAG-1_2	TCAGGTATCTCTATCA-1
4917	2279	0.625	TCCCACAGTATGTCCA-1_2	TTCATCAAGGCGTAGT-1
4917	1742	0.375	TCCCACAGTATGTCCA-1_2	TAAACCGTCCTTGACC-1
4917	905	0.4375	TCCCACAGTATGTCCA-1_2	CGGTGCAGTAGTCTGT-1
4918	1865	0.375	TCCCACAGTTGGGTTT-1_2	TAGCCGGCAAACCGAG-1
4918	477	0	TCCCACAGTTGGGTTT-1_2	ATATTCCGTACGGAGT-1
4919	1044	1	TCCCACATCACAATGC-1_2	CTGTTCGGTCCCGTGA-1
4919	142	1	TCCCACATCACAATGC-1_2	AATGCCACAGCGTGAA-1
4920	1627	1	TCCCACATCATATGGC-1_2	GTAGGAGTCTCGTAGA-1
4920	1847	0.5625	TCCCACATCATATGGC-1_2	TAGCACATCAGGATCT-1
4920	611	0.8125	TCCCACATCATATGGC-1_2	CACAGATCATGTCCCT-1
4920	235	0.3125	TCCCACATCATATGGC-1_2	ACCCAAACAAAGCATA-1
4920	1851	0.0625	TCCCACATCATATGGC-1_2	TAGCATGAGAATATCG-1
4921	832	0.375	TCCCACATCTAGCATG-1_2	CCTGGGAAGTGAGTTA-1
4921	1681	0.1875	TCCCACATCTAGCATG-1_2	GTGCCAGTCGATCTTT-1
4921	2114	0.1875	TCCCACATCTAGCATG-1_2	TGCCTGTAGGGTTCTT-1
4922	1554	1	TCCCACATCTATTGTC-1_2	GGGAACAGTCAGCAAG-1
4923	1607	0.8125	TCCCAGTAGTGGTGAC-1_2	GGTTGCGCATTATGGC-1
4923	1714	0.375	TCCCAGTAGTGGTGAC-1_2	GTTACGAGTACGGAGT-1
4924	1252	0.875	TCCCAGTTCGTGGTAT-1_2	GATGGCCTCTATAGGC-1
4925	372	1	TCCCATGTCTTCACGC-1_2	AGCCTTCCAGGTGGTA-1
4926	1779	0.0625	TCCGAAAAGCCTTGAT-1_2	TACAGCACAAGACTAA-1
4926	1029	0.375	TCCGAAAAGCCTTGAT-1_2	CTGGCAGGTTGGCGAA-1
4926	1719	0.125	TCCGAAAAGCCTTGAT-1_2	GTTACTTGTCGTCGCA-1
4927	782	0.3125	TCCGAAATCGTTCAGA-1_2	CCCGTTATCTATGAGC-1
4928	112	0.5	TCCGAAATCTCCGATC-1_2	AACTTGGCAAGGAACC-1
4928	1607	0.625	TCCGAAATCTCCGATC-1_2	GGTTGCGCATTATGGC-1
4929	1946	0.125	TCCGATCAGCTAAATG-1_2	TCAATTCCAAACGTTC-1
4929	2144	0.5	TCCGATCAGCTAAATG-1_2	TGCTTTATCGCCTTAC-1
4930	1398	0.6875	TCCGATCAGGTCATTC-1_2	GCGCATGAGCTCGTTA-1
4932	1602	1	TCCGATCCATTCGGGC-1_2	GGTTGCGAGAACAGGA-1
4932	1528	1	TCCGATCCATTCGGGC-1_2	GGATGAGCATGCGACC-1
4933	921	0.125	TCCGGGAAGGAAGAAC-1_2	CGTGGCAGTAAGCCTT-1
4933	1116	0.25	TCCGGGAAGGAAGAAC-1_2	GAACCGCTCCCTACGT-1
4933	563	0.0625	TCCGGGAAGGAAGAAC-1_2	ATTTGTCGTTTAGGAA-1
4934	1105	1	TCCGGGAGTGTTCCAA-1_2	GAAATGACAGGTCTGC-1
4934	1444	0.6875	TCCGGGAGTGTTCCAA-1_2	GCTCAGGTCATTCGGA-1
4934	94	0.3125	TCCGGGAGTGTTCCAA-1_2	AACGGGACAATTCAGC-1
4935	1396	0.75	TCCGTGTGTAGATCGG-1_2	GCGATTATCTGGACAT-1
4935	2305	0.9375	TCCGTGTGTAGATCGG-1_2	TTCTAACTCAGTCTTT-1
4935	1581	1	TCCGTGTGTAGATCGG-1_2	GGTAGGATCCTCTCTT-1
4935	1646	0.0625	TCCGTGTGTAGATCGG-1_2	GTCACGGTCTGGGCGT-1
4937	1643	0.8125	TCCGTGTTCTTTGGAG-1_2	GTCACGGAGCTACGCC-1
4938	851	0.625	TCCTAATAGAGGTCGT-1_2	CGAGTTAAGTTGCTTG-1
4938	1041	0.125	TCCTAATAGAGGTCGT-1_2	CTGTTCGCAGTAACTC-1
4938	1300	0.125	TCCTAATAGAGGTCGT-1_2	GCAGATTTCGACGGAA-1
4939	2272	0.4375	TCCTAATAGCTACTAC-1_2	TTAGGTGGTCATTGCA-1
4939	1797	0.5	TCCTAATAGCTACTAC-1_2	TACCTATTCTTCGTTA-1
4940	269	0.75	TCCTAATAGGTGCATG-1_2	ACGTGGCGTTTGACCA-1
4940	2381	0.9375	TCCTAATAGGTGCATG-1_2	TTTACGTCATTGCACA-1
4940	545	1	TCCTAATAGGTGCATG-1_2	ATTACTCTCTAGTCGA-1
4940	800	0.375	TCCTAATAGGTGCATG-1_2	CCCTCTCGTAGTGATA-1
4941	1224	0.4375	TCCTAATTCGACCAAT-1_2	GAGTGAGTCCTTACGC-1
4942	1321	0.3125	TCCTAATTCTTTCTAG-1_2	GCATTGAAGAGGAATG-1
4942	806	0.6875	TCCTAATTCTTTCTAG-1_2	CCCTGATTCTCTATTG-1
4942	1663	1	TCCTAATTCTTTCTAG-1_2	GTGACATAGTGAGTTA-1
4943	1034	0.75	TCCTCCCTCTAACGGT-1_2	CTGGGACTCGAGCGCT-1
4943	328	0.4375	TCCTCCCTCTAACGGT-1_2	AGACAAAGTGGACGAT-1
4943	1173	0.8125	TCCTCCCTCTAACGGT-1_2	GACCTTCCACGGCCAT-1
4943	678	0.4375	TCCTCCCTCTAACGGT-1_2	CAGCTGGGTGTTGTTG-1
4944	1464	1	TCCTCGATCCTTTGAT-1_2	GCTGTTCAGACAACGC-1
4944	1194	1	TCCTCGATCCTTTGAT-1_2	GAGATTCGTATTGTCG-1
4945	1153	1	TCCTCTTAGACAAGCC-1_2	GACCAATTCGATATGC-1
4945	1570	0.9375	TCCTCTTAGACAAGCC-1_2	GGGTGTCTCCTCTCTT-1
4946	718	0.6875	TCCTCTTCAAATCAGA-1_2	CATGCCTAGTTCGCGC-1
4946	1764	0.3125	TCCTCTTCAAATCAGA-1_2	TAATCGGAGAAGACTT-1
4946	1927	0.6875	TCCTCTTCAAATCAGA-1_2	TCAAAGCGTCAGTGCC-1
4947	692	1	TCCTCTTGTGGCTGAA-1_2	CAGTATGAGAGTGGTC-1
4947	455	0.6875	TCCTCTTGTGGCTGAA-1_2	AGTTACGAGTGTCACT-1
4948	1596	1	TCCTCTTTCTTTCTAG-1_2	GGTGTCGAGGTTGTTC-1
4948	1555	0.3125	TCCTCTTTCTTTCTAG-1_2	GGGCCATAGCTGAAAT-1
4948	50	0.25	TCCTCTTTCTTTCTAG-1_2	AACAAAGGTACGTATC-1
4949	289	0.625	TCCTGCAAGCTATCCA-1_2	ACTACCCCAGTTCGGC-1
4950	310	1	TCCTGCAGTCCTTAAG-1_2	ACTCGGGTCCAGGGAA-1
4950	1272	0.5625	TCCTGCAGTCCTTAAG-1_2	GCAACCGTCGATGTGT-1
4950	2023	1	TCCTGCAGTCCTTAAG-1_2	TCGAGCGAGAACCCGA-1
4951	1410	0.25	TCCTGCAGTTAGAAGT-1_2	GCGGAAACAGGACCTC-1
4952	924	0.5	TCCTTCTAGCGACTAG-1_2	CGTTCCAAGGATGTCG-1
4953	1136	0.6875	TCCTTCTAGCGCAATG-1_2	GAAGAGCAGAGAAGCA-1
4953	343	0.3125	TCCTTCTAGCGCAATG-1_2	AGCCAGCTCCTTACGC-1
4953	1376	0.6875	TCCTTCTAGCGCAATG-1_2	GCGAGTCCACATTCTT-1
4954	1465	0.5	TCCTTCTCAGAGATTA-1_2	GCTGTTCAGCTTACCA-1
4955	1144	0.5625	TCCTTCTTCTCGCTTG-1_2	GAATCTGCACCGTTGG-1
4955	443	0.1875	TCCTTCTTCTCGCTTG-1_2	AGTGCGCAGGACTAGC-1
4956	2276	0.75	TCCTTTCAGTGCTAGG-1_2	TTATGTCTCTTGTCGC-1
4956	2314	0.125	TCCTTTCAGTGCTAGG-1_2	TTGACGACATAGCCAT-1
4957	450	1	TCCTTTCCAAATAGCA-1_2	AGTGCGCTCATGCTTT-1
4957	1765	0.8125	TCCTTTCCAAATAGCA-1_2	TAATCGGAGCAGAATT-1
4957	343	0.1875	TCCTTTCCAAATAGCA-1_2	AGCCAGCTCCTTACGC-1
4957	269	0.4375	TCCTTTCCAAATAGCA-1_2	ACGTGGCGTTTGACCA-1
4959	1884	0.375	TCCTTTCTCAACGTGT-1_2	TAGGTCATCCATCGAA-1
4960	2355	0.25	TCCTTTCTCCAGCTCT-1_2	TTGCTTAGTACCAAGG-1
4960	799	0.875	TCCTTTCTCCAGCTCT-1_2	CCCTCTCCAGCAACAG-1
4962	1631	0.25	TCCTTTCTCTCCTGTG-1_2	GTCACAACAGGATGTG-1
4962	438	1	TCCTTTCTCTCCTGTG-1_2	AGTCCGGTCTGAACGT-1
4963	2397	0	TCGAACAAGCCGTTGC-1_2	TTTGGTTTCGCGTTCT-1
4963	730	0.3125	TCGAACAAGCCGTTGC-1_2	CATTCATCATCACAGT-1
4964	301	0.875	TCGAACAAGTTGGAAT-1_2	ACTACGATCGTGCTTC-1
4964	526	0.5	TCGAACAAGTTGGAAT-1_2	ATGTCGAGTGCTTCCT-1
4966	1502	0.9375	TCGACGGCAGGAAGTC-1_2	GGAGAACTCGTCCCAT-1
4966	1067	1	TCGACGGCAGGAAGTC-1_2	CTTGCCAAGAGCGAAA-1
4967	608	0.8125	TCGACGGTCTGTCGTC-1_2	CACAACACAAGGACCA-1
4967	917	0.6875	TCGACGGTCTGTCGTC-1_2	CGTACAATCTATATCC-1
4968	1055	0.25	TCGCACTCACGACGCT-1_2	CTTCCAGCATCGGCCA-1
4968	47	0.75	TCGCACTCACGACGCT-1_2	AACAAAGCACAGTTAC-1
4968	1696	0.25	TCGCACTCACGACGCT-1_2	GTGGCGTGTAACCATC-1
4969	2073	0.5	TCGCACTCAGAGGCAT-1_2	TGAGCCGGTTAAGGGC-1
4971	561	0.5	TCGCAGGCAAGTGGAC-1_2	ATTTGTCGTTAGGCTT-1
4971	1510	0.375	TCGCAGGCAAGTGGAC-1_2	GGAGTAGAGTCGCCTG-1
4971	2249	1	TCGCAGGCAAGTGGAC-1_2	TTACTCAGTGCTTACA-1
4971	1209	0.5625	TCGCAGGCAAGTGGAC-1_2	GAGGATGAGAGCCACA-1
4971	489	0.0625	TCGCAGGCAAGTGGAC-1_2	ATCCTCGAGAATACTG-1
4972	1580	0.8125	TCGCTCAAGCCAGACA-1_2	GGTAGGAGTGCTGGCT-1
4973	1484	0.0625	TCGCTCACAGAGATTA-1_2	GGAACTTAGGATTGAT-1
4973	1008	0.375	TCGCTCACAGAGATTA-1_2	CTCTCGACACCGTTGG-1
4974	2225	0.5	TCGCTCACAGTTACCA-1_2	TTACCCGCAAGCCAGA-1
4975	231	1	TCGCTCATCGTGGCTG-1_2	ACCATCCTCAGTTGAC-1
4975	116	0.1875	TCGCTCATCGTGGCTG-1_2	AACTTGGTCCTTGACC-1
4975	2110	0.125	TCGCTCATCGTGGCTG-1_2	TGCATTTTCCGCCTAT-1
4975	1900	0.25	TCGCTCATCGTGGCTG-1_2	TATCGAGGTTAGGCTT-1
4976	1336	0.5625	TCGCTTGAGCATGATA-1_2	GCCAGCAAGGCTTTAC-1
4976	1182	0.4375	TCGCTTGAGCATGATA-1_2	GAGAACGAGTCTCCAA-1
4976	1480	0.25	TCGCTTGAGCATGATA-1_2	GGAACCCCACCTGTGG-1
4979	169	0.1875	TCGCTTGAGTCAGCGA-1_2	ACAAACCAGAATACTG-1
4980	636	0.75	TCGCTTGCATGGCCAC-1_2	CACCTGTTCCAACGCG-1
4980	1390	0.1875	TCGCTTGCATGGCCAC-1_2	GCGATTACACACACAT-1
4981	1074	0.75	TCGGATACAACGTTAC-1_2	CTTGCCAGTTACGGAG-1
4981	439	1	TCGGATACAACGTTAC-1_2	AGTCCGGTCTGAGTCA-1
4982	216	0.8125	TCGGGACAGCAGCGAT-1_2	ACATGCACATGCACTA-1
4982	1517	0.75	TCGGGACAGCAGCGAT-1_2	GGAGTAGTCTTCTCTC-1
4983	1538	0.3125	TCGGGACCACGACGCT-1_2	GGCGAAAGTGTGTGTT-1
4983	1693	0.4375	TCGGGACCACGACGCT-1_2	GTGGCGTAGTAGACCG-1
4984	181	1	TCGGGACCATAATGCC-1_2	ACAAGCTTCACGATTG-1
4985	1845	0.4375	TCGGGACTCCTATTGT-1_2	TAGCACAGTAGTAACA-1
4986	1114	0.6875	TCGGGACTCCTCTAAT-1_2	GAACCGCGTTTAGGAA-1
4986	1888	0.125	TCGGGACTCCTCTAAT-1_2	TAGGTGTCAGCAACCC-1
4987	396	1	TCGGGCACACACTGGC-1_2	AGCTGATAGTCCTTCC-1
4987	904	0.8125	TCGGGCACACACTGGC-1_2	CGGTGCAAGGACTAGC-1
4989	416	0.1875	TCGGGCATCAGCGTCG-1_2	AGGCCTGGTCCGTAGC-1
4991	2210	0.3125	TCGGGTGCAACCCTCT-1_2	TGTGTCCGTTCTTATC-1
4992	1891	0.4375	TCGGGTGGTACTCGAT-1_2	TAGGTGTTCTGTGTCC-1
4992	1647	0.3125	TCGGGTGGTACTCGAT-1_2	GTCACTCCAGTGCGAA-1
4993	1876	0.25	TCGGGTGTCGTTGTTT-1_2	TAGCTTTTCTCAGATG-1
4993	625	0.375	TCGGGTGTCGTTGTTT-1_2	CACCACTCAAGACTAA-1
4994	858	0.8125	TCGGTCTAGGTTGTTC-1_2	CGATGATAGCTTACCA-1
4994	2285	0.5625	TCGGTCTAGGTTGTTC-1_2	TTCATTGAGAACTAAC-1
4994	1471	0.3125	TCGGTCTAGGTTGTTC-1_2	GCTTGCTTCCCTAAAG-1
4994	93	0.4375	TCGGTCTAGGTTGTTC-1_2	AACGGGAAGTTGAATG-1
4995	1666	0.25	TCGGTCTCAGAGATTA-1_2	GTGACATTCCAAGAGG-1
4995	2347	0.3125	TCGGTCTCAGAGATTA-1_2	TTGCGGGCACTGTTAG-1
4995	746	0.0625	TCGGTCTCAGAGATTA-1_2	CCACAGGTCCTGTAGA-1
4997	929	0.5	TCGGTCTGTCGATTAC-1_2	CGTTCCAGTATTCGCA-1
4998	2235	1	TCGGTCTTCGCGGTAC-1_2	TTACGGAAGGTTGACG-1
4998	1602	1	TCGGTCTTCGCGGTAC-1_2	GGTTGCGAGAACAGGA-1
4999	1514	0.3125	TCGTAGACAACAAGTA-1_2	GGAGTAGGTTAGGCTT-1
5001	1775	0.25	TCGTCCAAGGGACTGT-1_2	TAATTCCAGTAGGTCG-1
5001	2359	0.4375	TCGTCCAAGGGACTGT-1_2	TTGGTCCCACCCTTTG-1
5002	1743	0.5	TCGTCCAGTAACATGA-1_2	TAAACCGTCGTGATAC-1
5002	1230	1	TCGTCCAGTAACATGA-1_2	GATCGTAAGCGAGCTA-1
5002	2023	1	TCGTCCAGTAACATGA-1_2	TCGAGCGAGAACCCGA-1
5002	1899	1	TCGTCCAGTAACATGA-1_2	TATCGAGGTCCCGAGT-1
5004	1091	0.25	TCGTGCTCAAGTATAG-1_2	CTTTGCGCAAGGAGGG-1
5006	757	0.9375	TCGTGCTTCCGGCAAC-1_2	CCAGATAGTCATGAGG-1
5006	599	0.0625	TCGTGCTTCCGGCAAC-1_2	CAAGCTATCCATAACG-1
5006	732	0.0625	TCGTGCTTCCGGCAAC-1_2	CATTCATTCAGTAGTC-1
5007	150	0.4375	TCGTGGGCACCTTCCA-1_2	AATGGAAGTTAACCAC-1
5007	938	0.5	TCGTGGGCACCTTCCA-1_2	CTAACTTTCGCGCTGA-1
5007	2157	0.625	TCGTGGGCACCTTCCA-1_2	TGGCAATCACAGGTAG-1
5009	1083	0.9375	TCTAACTAGGTTTACC-1_2	CTTGTCGAGGTCTTTG-1
5011	1554	0.9375	TCTAACTTCCCATGGG-1_2	GGGAACAGTCAGCAAG-1
5012	649	0.75	TCTAACTTCTCATTGT-1_2	CACGTTCCAACTCGAT-1
5012	44	0.5625	TCTAACTTCTCATTGT-1_2	AAATGCCTCCAACGCG-1
5012	1366	0.8125	TCTAACTTCTCATTGT-1_2	GCCTAGGGTGGATTCT-1
5013	721	0.3125	TCTACATCAACACAGG-1_2	CATGCCTCATCGAGTT-1
5014	2143	1	TCTACATTCCGTTGAA-1_2	TGCTTTATCATCGCAA-1
5015	898	0.625	TCTACATTCTACGGTA-1_2	CGGACCAGTACGTAAA-1
5016	2131	0.6875	TCTACCGAGACAACAT-1_2	TGCTCACTCTTCCGTG-1
5016	2271	0.4375	TCTACCGAGACAACAT-1_2	TTAGGTGCAGGCACAA-1
5017	1021	0.5625	TCTACCGCACGCTGAC-1_2	CTGCGTTTCAGCGGTC-1
5017	1245	0.1875	TCTACCGCACGCTGAC-1_2	GATGATCTCGCAGATT-1
5018	1929	0.4375	TCTACCGTCGTCAACA-1_2	TCAAGACCAATTGGCT-1
5020	1621	0.3125	TCTATCACAAGCGGAT-1_2	GTAGACTCAATTAGGA-1
5020	434	0.75	TCTATCACAAGCGGAT-1_2	AGTCCGGCATAGATAG-1
5020	300	0.4375	TCTATCACAAGCGGAT-1_2	ACTACGATCACATTCT-1
5021	905	1	TCTATCAGTAGGTACG-1_2	CGGTGCAGTAGTCTGT-1
5021	977	0.6875	TCTATCAGTAGGTACG-1_2	CTCAGAATCGAAGCCC-1
5022	710	0.3125	TCTATCATCCGATAGT-1_2	CATAACGAGTCCGATT-1
5022	2307	0.1875	TCTATCATCCGATAGT-1_2	TTCTGTACAAGGAGGG-1
5023	1611	0.1875	TCTCACGCATTGACTG-1_2	GTAATCGAGTCCGTGC-1
5025	1956	0.9375	TCTCAGCCAAGCCATT-1_2	TCACAGAAGAAGACTT-1
5025	1107	0.6875	TCTCAGCCAAGCCATT-1_2	GAAATGAGTTAAGGGC-1
5025	1717	0.4375	TCTCAGCCAAGCCATT-1_2	GTTACTTAGTAACATG-1
5026	630	1	TCTCAGCCACTTTAGG-1_2	CACCTGTAGACTAGCG-1
5026	307	0.5625	TCTCAGCCACTTTAGG-1_2	ACTCGGGCATTGATGC-1
5027	2235	1	TCTCCGACACCGTCGA-1_2	TTACGGAAGGTTGACG-1
5027	264	0.5625	TCTCCGACACCGTCGA-1_2	ACGTGGCAGTTACCAC-1
5027	514	0.4375	TCTCCGACACCGTCGA-1_2	ATGGATCCATCCTGGG-1
5029	842	1	TCTCCGACATCGCTAA-1_2	CCTTAATTCGGGAATG-1
5029	1914	1	TCTCCGACATCGCTAA-1_2	TATCTGTTCTGTTGCC-1
5031	3	0.5625	TCTCTGGAGTGCCCGT-1_2	AAACGAAAGTCTTAGC-1
5031	1291	0.375	TCTCTGGAGTGCCCGT-1_2	GCACGGTGTGGCCTCA-1
5032	262	0.4375	TCTCTGGCATAGAGGC-1_2	ACGGATTTCCACACCT-1
5032	1999	0	TCTCTGGCATAGAGGC-1_2	TCAGTCCTCGTTCTAT-1
5032	1819	0.25	TCTCTGGCATAGAGGC-1_2	TACGGATGTAACGTAA-1
5032	493	0.3125	TCTCTGGCATAGAGGC-1_2	ATCCTCGGTAGAAAGG-1
5034	1121	0.8125	TCTGCCAAGATACGAT-1_2	GAACCTAAGTACTCTG-1
5035	1045	0.6875	TCTGCCAAGATCCAAA-1_2	CTTAATCCAGCGCGTT-1
5035	1096	0.625	TCTGCCAAGATCCAAA-1_2	CTTTGCGTCTTGCGCT-1
5036	354	0.25	TCTGCCAGTGTTTCTT-1_2	AGCCGCAAGAACGACC-1
5036	1867	0.75	TCTGCCAGTGTTTCTT-1_2	TAGCCGGGTATCTCAG-1
5036	2111	0.625	TCTGCCAGTGTTTCTT-1_2	TGCCTCAAGAACTCCT-1
5036	1308	0.9375	TCTGCCAGTGTTTCTT-1_2	GCAGCTGCACCTGAAT-1
5038	1015	0.125	TCTGGCTCATGCCGGT-1_2	CTGAATGGTTCAGTAC-1
5038	1055	0.4375	TCTGGCTCATGCCGGT-1_2	CTTCCAGCATCGGCCA-1
5038	1745	0.6875	TCTGGCTCATGCCGGT-1_2	TAACAGCAGTCGTGAG-1
5039	1305	0.9375	TCTGGCTGTCGAGTGA-1_2	GCAGCCATCGCGCCAA-1
5041	854	0.8125	TCTGGCTTCTGAGATC-1_2	CGAGTTAGTATTCTGG-1
5041	1027	0.4375	TCTGGCTTCTGAGATC-1_2	CTGGCAGGTGCACTTA-1
5041	543	0.5	TCTGGCTTCTGAGATC-1_2	ATTACTCGTTTGTGAC-1
5042	736	1	TCTGGCTTCTGCGGAC-1_2	CATTCCGCAACTAGAA-1
5043	987	1	TCTGTCGAGAGCATTA-1_2	CTCGCTAAGCCCATGC-1
5044	1257	0.9375	TCTGTCGAGCATCAGG-1_2	GATTGACAGGCCAGTA-1
5045	1346	0.125	TCTGTCGCAACCAGAG-1_2	GCCATAAGTTTAAGGA-1
5046	1732	0.125	TCTGTCGGTCCTCATC-1_2	GTTGGGCAGGGCGAAG-1
5046	1252	1	TCTGTCGGTCCTCATC-1_2	GATGGCCTCTATAGGC-1
5046	2348	0.25	TCTGTCGGTCCTCATC-1_2	TTGCGGGTCGACCCGA-1
5047	1774	0.1875	TCTTAGTGTGTATCCA-1_2	TAATTCCAGGATTGAT-1
5047	1961	0.0625	TCTTAGTGTGTATCCA-1_2	TCACAGAGTTTAGAAG-1
5047	656	0.25	TCTTAGTGTGTATCCA-1_2	CACTAAGTCTCGGCGA-1
5048	248	0.25	TCTTAGTTCTGCTTTA-1_2	ACCGCAGTCTATCTCA-1
5048	1288	0.25	TCTTAGTTCTGCTTTA-1_2	GCACGGTAGTTCAGGG-1
5049	1857	0.875	TCTTCCTAGACAACTA-1_2	TAGCATGGTCAGCTTA-1
5049	1701	0.6875	TCTTCCTAGACAACTA-1_2	GTGTCAATCGAGGTCC-1
5050	79	0.1875	TCTTCCTGTGACTGAG-1_2	AACCTTTAGGATCCTT-1
5051	1501	0.375	TCTTCCTGTTTCACAG-1_2	GGAGAACCATGGGTGA-1
5051	2078	0.3125	TCTTCCTGTTTCACAG-1_2	TGAGTCAAGCTGCTCG-1
5051	2210	0.4375	TCTTCCTGTTTCACAG-1_2	TGTGTCCGTTCTTATC-1
5051	84	0.125	TCTTCCTGTTTCACAG-1_2	AACCTTTTCCTATCAT-1
5053	2313	0.8125	TCTTGCGCAATTGCCA-1_2	TTGACGACAATTCTCT-1
5053	955	0.4375	TCTTGCGCAATTGCCA-1_2	CTAGCGGCAGTGCTCG-1
5053	635	0.4375	TCTTGCGCAATTGCCA-1_2	CACCTGTTCAAACCCA-1
5054	1662	0.625	TCTTGCGCAGTCTACA-1_2	GTGACATAGCGATACG-1
5054	1757	0.25	TCTTGCGCAGTCTACA-1_2	TAAGCCAAGTCAGGAC-1
5055	334	0.0625	TCTTTGAGTGCTCCGA-1_2	AGATTCGAGAAATTCG-1
5056	1312	0.625	TCTTTGAGTTTACGTG-1_2	GCATGATCATGGGTGA-1
5057	1854	0.125	TCTTTGATCCTAGCTC-1_2	TAGCATGAGTGGACGT-1
5058	1287	0.75	TGAACGTAGGACGCAT-1_2	GCACGGTAGTGTCGCC-1
5059	1742	0.1875	TGAACGTAGTTGCTGT-1_2	TAAACCGTCCTTGACC-1
5059	1291	0.3125	TGAACGTAGTTGCTGT-1_2	GCACGGTGTGGCCTCA-1
5059	114	0.1875	TGAACGTAGTTGCTGT-1_2	AACTTGGGTCGTAATC-1
5059	274	0.3125	TGAACGTAGTTGCTGT-1_2	ACGTTAGGTGGTAAGC-1
5060	1898	0.375	TGAACGTCAGGGCTTC-1_2	TAGTCCCTCTGGAAGG-1
5061	774	0	TGAACGTTCCATAAGC-1_2	CCCAGAGCAGAACAGC-1
5061	1102	0.3125	TGAACGTTCCATAAGC-1_2	GAAAGTAGTTTGCCCT-1
5062	633	0.4375	TGAATCGAGGGCCCTT-1_2	CACCTGTCACGTGAAG-1
5062	2343	0.125	TGAATCGAGGGCCCTT-1_2	TTGCGAAAGTTTGGAA-1
5063	1548	0.0625	TGAATCGGTAGCGTTT-1_2	GGCGTTGGTTAGTAGA-1
5063	1386	0.6875	TGAATCGGTAGCGTTT-1_2	GCGATCGTCGGTACTA-1
5065	2021	0.875	TGAATCGTCTTTGCGC-1_2	TCCGACTCAGAATGCG-1
5065	630	0.3125	TGAATCGTCTTTGCGC-1_2	CACCTGTAGACTAGCG-1
5065	307	0.5625	TGAATCGTCTTTGCGC-1_2	ACTCGGGCATTGATGC-1
5065	2090	0.0625	TGAATCGTCTTTGCGC-1_2	TGATGCAAGGAATGGA-1
5066	567	0.375	TGAATGCAGAGTCCGA-1_2	CAAAGCTCACGATATC-1
5067	1180	1	TGAATGCCACACACTA-1_2	GACTAGTTCGCAAACT-1
5067	281	0.375	TGAATGCCACACACTA-1_2	ACTAACGGTCTAAAGA-1
5067	774	0.5625	TGAATGCCACACACTA-1_2	CCCAGAGCAGAACAGC-1
5068	1729	0.625	TGAATGCGTCAGACGA-1_2	GTTCAAGGTTACCCAA-1
5069	479	0.0625	TGAATGCGTGCCGAAA-1_2	ATATTCCTCGCTTCAC-1
5069	844	0.3125	TGAATGCGTGCCGAAA-1_2	CCTTGCAAGGTGATGC-1
5070	911	0.1875	TGACAGTCAAAGGCTG-1_2	CGTAAACTCCATTGTT-1
5071	1352	0.5625	TGACCCTAGCTGAAGC-1_2	GCCCGAACATCCCAAA-1
5072	1868	0.1875	TGACCCTAGTCTCTGA-1_2	TAGCCGGGTCTAAGAA-1
5072	271	0.125	TGACCCTAGTCTCTGA-1_2	ACGTTAGAGGTCGTTT-1
5073	2063	0.8125	TGACCCTAGTTAGTAG-1_2	TGACAACCACTCGGAC-1
5073	747	0.5625	TGACCCTAGTTAGTAG-1_2	CCACAGGTCGAGAAGC-1
5073	1257	0.8125	TGACCCTAGTTAGTAG-1_2	GATTGACAGGCCAGTA-1
5074	1688	0.875	TGACCCTGTTGAAGTA-1_2	GTGCTGGTCATTCGGA-1
5074	312	0.5	TGACCCTGTTGAAGTA-1_2	ACTGCAAGTCGCTACG-1
5074	69	0.75	TGACCCTGTTGAAGTA-1_2	AACCGATAGGTCTTTG-1
5074	2085	0.625	TGACCCTGTTGAAGTA-1_2	TGAGTCATCGGTAGGA-1
5075	1744	0.5625	TGACCCTGTTGCTCGG-1_2	TAAACCGTCTCCACTG-1
5075	2168	0.3125	TGACCCTGTTGCTCGG-1_2	TGGCGCATCACGATTG-1
5075	1558	0	TGACCCTGTTGCTCGG-1_2	GGGCCATCACGCCGAT-1
5075	1855	0.4375	TGACCCTGTTGCTCGG-1_2	TAGCATGCACGGCCAT-1
5075	2121	0.4375	TGACCCTGTTGCTCGG-1_2	TGCGTAATCCAAGTCA-1
5076	1415	0.25	TGACCCTTCTTCCCAG-1_2	GCGGGTTCAAGATGCG-1
5076	646	0.5	TGACCCTTCTTCCCAG-1_2	CACCTTGTCCATCATT-1
5076	2282	0.125	TGACCCTTCTTCCCAG-1_2	TTCATCAGTTAGCTCA-1
5076	354	0.25	TGACCCTTCTTCCCAG-1_2	AGCCGCAAGAACGACC-1
5077	527	0.9375	TGACGCGAGAAGTATC-1_2	ATGTCGAGTTTCTACT-1
5078	1314	1	TGACGCGAGACTCAAA-1_2	GCATGATGTGGCCTTG-1
5078	117	0.75	TGACGCGAGACTCAAA-1_2	AACTTGGTCTTAAGCG-1
5078	2266	0.375	TGACGCGAGACTCAAA-1_2	TTAGCTTCAGGTTATC-1
5079	1740	0.25	TGACGCGAGCGACTAG-1_2	TAAACCGTCATGTTCT-1
5079	2239	0.25	TGACGCGAGCGACTAG-1_2	TTACGTTAGGTAAGCC-1
5079	680	0.8125	TGACGCGAGCGACTAG-1_2	CAGCTGGTCAGATACC-1
5081	262	0.5625	TGACGCGGTACAGTCT-1_2	ACGGATTTCCACACCT-1
5081	672	0.1875	TGACGCGGTACAGTCT-1_2	CAGCTAAGTTAGAGAT-1
5082	2190	0.3125	TGACGCGGTCAGGCAA-1_2	TGTAAGCTCCATGACA-1
5082	444	0.375	TGACGCGGTCAGGCAA-1_2	AGTGCGCAGTTCGACT-1
5082	2325	0.5625	TGACGCGGTCAGGCAA-1_2	TTGAGTGTCTAGCAGT-1
5083	2353	0.25	TGACGCGGTCCCTCAT-1_2	TTGCTTAAGTTATGAG-1
5083	2079	0.3125	TGACGCGGTCCCTCAT-1_2	TGAGTCACAGCAAACG-1
5083	1014	0.3125	TGACGCGGTCCCTCAT-1_2	CTGAATGCATCGCCTT-1
5084	1853	0.625	TGACGCGGTCCTTTGC-1_2	TAGCATGAGAGGTGGG-1
5086	1851	0.4375	TGACTCCCAGACGCTC-1_2	TAGCATGAGAATATCG-1
5086	451	0.1875	TGACTCCCAGACGCTC-1_2	AGTGCGCTCTTGTCGC-1
5088	359	0.375	TGACTCCGTGCGGCTT-1_2	AGCCGCACATATAGAG-1
5088	244	0.75	TGACTCCGTGCGGCTT-1_2	ACCGAATCACCCTTAC-1
5088	444	0.0625	TGACTCCGTGCGGCTT-1_2	AGTGCGCAGTTCGACT-1
5091	1903	1	TGAGACTCAAATGGAT-1_2	TATCGAGTCGCTTCAC-1
5092	797	0.3125	TGAGACTGTTGTGTAC-1_2	CCCTCTCAGAGTTTGA-1
5094	1348	1	TGAGCATGTTCCTACC-1_2	GCCCAGAAGTAGCAAT-1
5094	2159	1	TGAGCATGTTCCTACC-1_2	TGGCAATTCGCCTTAC-1
5094	2294	1	TGAGCATGTTCCTACC-1_2	TTCGCGTAGGACTAGC-1
5095	611	1	TGAGCATTCGAGCCTG-1_2	CACAGATCATGTCCCT-1
5095	2157	0.375	TGAGCATTCGAGCCTG-1_2	TGGCAATCACAGGTAG-1
5095	30	0.875	TGAGCATTCGAGCCTG-1_2	AAAGGGCAGGATCCTT-1
5095	1712	1	TGAGCATTCGAGCCTG-1_2	GTGTGATTCTGAACGT-1
5096	1722	0.875	TGAGCGCCAATCAAGA-1_2	GTTATGGGTACTAGAA-1
5096	1954	0.9375	TGAGCGCCAATCAAGA-1_2	TCACAAGGTTCCTATT-1
5096	1686	0	TGAGCGCCAATCAAGA-1_2	GTGCTGGAGTCTCCAA-1
5098	2188	0.1875	TGAGCGCGTTCGCGTG-1_2	TGGTCCTGTCTAAGAA-1
5100	367	0.1875	TGAGCGCGTTGCATCA-1_2	AGCCTGGTCCAGTACA-1
5101	564	0.25	TGAGGAGCAGGCACTC-1_2	ATTTGTCTCGTTACAG-1
5102	151	0.75	TGAGGAGCAGGGAGAG-1_2	AATGGAAGTTCCTGTC-1
5102	1399	0.375	TGAGGAGCAGGGAGAG-1_2	GCGCATGCAAACTACC-1
5103	556	0.4375	TGAGGAGGTCAACACT-1_2	ATTGTGGTCTTCCACG-1
5103	2218	0.375	TGAGGAGGTCAACACT-1_2	TGTTAGGGTTCCGGCA-1
5104	1404	0.375	TGAGGAGGTCAGACTT-1_2	GCGCCAAGTGCCCGAT-1
5104	1748	0.6875	TGAGGAGGTCAGACTT-1_2	TAACAGCTCTAGCAAC-1
5104	210	0.375	TGAGGAGGTCAGACTT-1_2	ACAGGCCTCGGGATCC-1
5105	1540	0.25	TGAGGAGGTCTTGGTA-1_2	GGCGTTGAGAGATTAC-1
5107	2055	0.25	TGAGGGACACTAGTAC-1_2	TCTATTGAGAAATACC-1
5107	1845	0.625	TGAGGGACACTAGTAC-1_2	TAGCACAGTAGTAACA-1
5108	792	0.25	TGAGGGAGTGACGCCT-1_2	CCCTAGTAGTTCGACT-1
5108	2237	0.0625	TGAGGGAGTGACGCCT-1_2	TTACGGACATGACTGT-1
5108	517	0.25	TGAGGGAGTGACGCCT-1_2	ATGTACGAGAGAGTTT-1
5109	444	0.1875	TGAGGTTCAACGATCT-1_2	AGTGCGCAGTTCGACT-1
5109	502	0.3125	TGAGGTTCAACGATCT-1_2	ATCCTGCTCTGTGTCC-1
5110	613	0.375	TGAGGTTCATCGATCA-1_2	CACAGATTCACAGGGA-1
5112	2207	0.625	TGAGTCACACCGTGCA-1_2	TGTGGCGTCGCTTACC-1
5112	1303	0.5	TGAGTCACACCGTGCA-1_2	GCAGCCACAGGCACAA-1
5112	2258	0.3125	TGAGTCACACCGTGCA-1_2	TTAGCGACACACACAT-1
5112	85	0.625	TGAGTCACACCGTGCA-1_2	AACCTTTTCGTGGGTC-1
5113	1986	0.375	TGAGTCACATGAAGCG-1_2	TCAGGTAGTGATAGAT-1
5114	215	0.5625	TGAGTCAGTGTTAAAG-1_2	ACATGCAAGGAAGAAC-1
5114	2242	0.4375	TGAGTCAGTGTTAAAG-1_2	TTACGTTGTTCTGAGT-1
5116	745	0.5	TGATCAGGTTAAACAG-1_2	CCAATGATCACCCTTG-1
5116	2267	0.3125	TGATCAGGTTAAACAG-1_2	TTAGCTTGTCCAACCG-1
5116	1841	0.5625	TGATCAGGTTAAACAG-1_2	TAGACTGCATCAACTG-1
5117	1074	1	TGATCAGTCGCATGAT-1_2	CTTGCCAGTTACGGAG-1
5117	1153	1	TGATCAGTCGCATGAT-1_2	GACCAATTCGATATGC-1
5117	1266	0.5625	TGATCAGTCGCATGAT-1_2	GCAAAGGTCAGTCTTT-1
5118	1684	0.375	TGATCTTCAAAGACTA-1_2	GTGCTGGAGCTGAATA-1
5118	1613	0	TGATCTTCAAAGACTA-1_2	GTAATCGCAGTTAAAG-1
5118	1437	0.25	TGATCTTCAAAGACTA-1_2	GCTCACTCATTGTTCT-1
5119	2248	0.875	TGATCTTGTCACTCAA-1_2	TTACTCAGTCTGTTGA-1
5119	1322	0.3125	TGATCTTGTCACTCAA-1_2	GCATTGAAGGTGTCGA-1
5119	552	0.625	TGATCTTGTCACTCAA-1_2	ATTGTCTCACGCTCAG-1
5120	1584	1	TGATCTTGTCAGGTGA-1_2	GGTCATACATAGGCGA-1
5121	545	0.9375	TGATCTTGTTATGGTC-1_2	ATTACTCTCTAGTCGA-1
5121	269	0.375	TGATCTTGTTATGGTC-1_2	ACGTGGCGTTTGACCA-1
5121	2069	0.375	TGATCTTGTTATGGTC-1_2	TGACTCCGTTACTTTC-1
5121	2230	0.5	TGATCTTGTTATGGTC-1_2	TTACCGCCATGGGTGA-1
5123	770	0.1875	TGATGCACATCTTTCA-1_2	CCCACATGTCAACGGA-1
5123	1147	0.25	TGATGCACATCTTTCA-1_2	GAATCTGTCTTGCGCT-1
5124	603	0.625	TGATGCAGTAACACGG-1_2	CAAGGCCTCCAATAGC-1
5124	1959	0.5625	TGATGCAGTAACACGG-1_2	TCACAGAGTGAGGGTT-1
5124	1589	0.25	TGATGCAGTAACACGG-1_2	GGTGAAGGTCTCGGGT-1
5125	445	0.375	TGATGCAGTGGCTAGA-1_2	AGTGCGCAGTTGACAA-1
5125	189	0.3125	TGATGCAGTGGCTAGA-1_2	ACAATCGTCAGCACTA-1
5125	1200	0.9375	TGATGCAGTGGCTAGA-1_2	GAGCATTCATCGCCTT-1
5126	2050	0.3125	TGATGGTAGATTACCC-1_2	TCGTTCGCACATATCG-1
5127	2193	0.625	TGATGGTCACAATGTC-1_2	TGTACAGCACACACCG-1
5127	347	0.1875	TGATGGTCACAATGTC-1_2	AGCCCGACAGCAACCC-1
5127	2276	0.5625	TGATGGTCACAATGTC-1_2	TTATGTCTCTTGTCGC-1
5128	929	0.75	TGATGGTGTAGATCCT-1_2	CGTTCCAGTATTCGCA-1
5129	1856	0.4375	TGATGGTTCAGAATAG-1_2	TAGCATGCATTACCTT-1
5131	2233	0.75	TGATTTCAGACCTCAT-1_2	TTACCGCTCAGTCAAC-1
5131	2054	0.4375	TGATTTCAGACCTCAT-1_2	TCTAGTTTCGGTCTCT-1
5131	2036	0.125	TGATTTCAGACCTCAT-1_2	TCGCAGGGTACTTCGA-1
5132	1921	0.1875	TGATTTCAGCGATTCT-1_2	TATGTTCTCGACTATG-1
5132	357	0.8125	TGATTTCAGCGATTCT-1_2	AGCCGCACAAGCCAGA-1
5134	758	0.4375	TGCACGGGTTTCCCAC-1_2	CCAGATAGTCCAAGAG-1
5135	581	0.5625	TGCACGGTCCTGTTAT-1_2	CAACGGCTCCATACGA-1
5135	1526	0.875	TGCACGGTCCTGTTAT-1_2	GGATGAGCAATGGCAG-1
5136	2261	0.5625	TGCAGATGTACCGTCG-1_2	TTAGCGATCTACCCGT-1
5136	86	0.5	TGCAGATGTACCGTCG-1_2	AACCTTTTCTCCCTTT-1
5137	870	0.6875	TGCAGATGTCGCTTAA-1_2	CGCAATAGTATCACAC-1
5137	511	0.1875	TGCAGATGTCGCTTAA-1_2	ATGCATGGTCATTGGT-1
5137	70	0.0625	TGCAGATGTCGCTTAA-1_2	AACCGATGTCTGATTG-1
5139	2388	0.125	TGCAGGCCACGGTGAA-1_2	TTTGCGCTCAGGCGCT-1
5139	848	0.5	TGCAGGCCACGGTGAA-1_2	CCTTGGTGTACGAGAC-1
5140	2286	0.5625	TGCAGGCCAGGCTCTG-1_2	TTCATTGAGTAACACA-1
5140	1925	0.1875	TGCAGGCCAGGCTCTG-1_2	TCAAAGCAGCGTCTGC-1
5140	423	0.375	TGCAGGCCAGGCTCTG-1_2	AGGCGAAGTCGTCGCA-1
5140	1915	0.25	TGCAGGCCAGGCTCTG-1_2	TATGTGGAGCATTGGG-1
5141	1895	0.5625	TGCAGTAAGAGCAACC-1_2	TAGTCCCGTATCCTTT-1
5141	236	0.375	TGCAGTAAGAGCAACC-1_2	ACCCAAACACAGTTAC-1
5141	1436	0.4375	TGCAGTAAGAGCAACC-1_2	GCGTTGGTCTGGCACG-1
5142	1456	0.5	TGCAGTACAACGACTT-1_2	GCTCGAGGTTTCCGGG-1
5143	1640	0.375	TGCAGTAGTCATATGC-1_2	GTCACCTTCAGGGTTT-1
5144	1151	0.5	TGCATCCAGAGGTGCT-1_2	GACCAATGTAACCGAG-1
5145	2344	0.3125	TGCATCCGTAGAGCTG-1_2	TTGCGAACAGAGAGAA-1
5145	1794	0.375	TGCATCCGTAGAGCTG-1_2	TACCTATCAGGTAGCA-1
5146	1982	0.5625	TGCATCCTCCTCTAAT-1_2	TCAGGGCAGTGAGCTG-1
5147	715	0.3125	TGCATCCTCGAGAGCA-1_2	CATGCCTAGAGCGGTT-1
5147	1084	0.6875	TGCATCCTCGAGAGCA-1_2	CTTGTCGAGTTACACC-1
5147	339	0.5	TGCATCCTCGAGAGCA-1_2	AGATTCGGTTCTTTGT-1
5148	1552	0.75	TGCATGACAACAGCTT-1_2	GGGAACACAATGGTAA-1
5148	1203	0.6875	TGCATGACAACAGCTT-1_2	GAGCGCTAGTCGACCC-1
5148	1472	0	TGCATGACAACAGCTT-1_2	GCTTGCTTCCTTGACC-1
5148	1821	0.6875	TGCATGACAACAGCTT-1_2	TACGGATGTCTCTGCT-1
5148	2378	0.25	TGCATGACAACAGCTT-1_2	TTGTTGTTCGCGTGAC-1
5149	2266	0.8125	TGCATGACAATACGAA-1_2	TTAGCTTCAGGTTATC-1
5149	2139	0.4375	TGCATGACAATACGAA-1_2	TGCTTTAGTCAGAAGC-1
5149	1894	0.8125	TGCATGACAATACGAA-1_2	TAGTCCCCAAATAGTG-1
5150	1556	1	TGCCGAGAGTCTCCTC-1_2	GGGCCATAGTTGGAAT-1
5151	18	0.5	TGCCGAGCAATCCTTT-1_2	AAACTGCGTTGGCGAA-1
5151	1746	1	TGCCGAGCAATCCTTT-1_2	TAACAGCCACATATCG-1
5151	1039	0.4375	TGCCGAGCAATCCTTT-1_2	CTGTATTAGTAATCAG-1
5151	781	1	TGCCGAGCAATCCTTT-1_2	CCCGTTATCCGGCTGA-1
5152	73	0.75	TGCCGAGCAGAGGACT-1_2	AACCTGAAGAGTGGAA-1
5152	566	0.8125	TGCCGAGCAGAGGACT-1_2	CAAAGCTCACCGTCTT-1
5154	318	0.5	TGCCGAGGTCCTACGG-1_2	ACTGTCCCAGGCATCC-1
5154	1310	0.125	TGCCGAGGTCCTACGG-1_2	GCAGCTGTCCGCCTAT-1
5155	1801	0.5	TGCGACGAGGATTTAG-1_2	TACCTCGTCAATGCAC-1
5156	1409	0.375	TGCGACGGTTACCTGA-1_2	GCGGAAAAGTTTGGAA-1
5157	1984	0.4375	TGCGACGTCAGTCACA-1_2	TCAGGTAAGTGATTAG-1
5157	1924	0.3125	TGCGACGTCAGTCACA-1_2	TCAAAGCAGCGCAATG-1
5157	1226	0.3125	TGCGACGTCAGTCACA-1_2	GATCATGAGTGATATG-1
5157	645	0.125	TGCGACGTCAGTCACA-1_2	CACCTTGTCCATACCC-1
5158	94	0.5	TGCGATACATATACCG-1_2	AACGGGACAATTCAGC-1
5158	382	0.5625	TGCGATACATATACCG-1_2	AGCGATTTCCAGGTCG-1
5159	1078	0.5625	TGCGATACATGACGGA-1_2	CTTGCTGGTAAGTGCG-1
5159	489	0.5	TGCGATACATGACGGA-1_2	ATCCTCGAGAATACTG-1
5159	2079	0.25	TGCGATACATGACGGA-1_2	TGAGTCACAGCAAACG-1
5159	1091	0.125	TGCGATACATGACGGA-1_2	CTTTGCGCAAGGAGGG-1
5160	1449	0.8125	TGCGATAGTCTGTGTA-1_2	GCTCCTACATTGTTCT-1
5160	933	0.25	TGCGATAGTCTGTGTA-1_2	CTAACTTGTATCACAC-1
5161	1609	0.4375	TGCGATAGTGCCGGTT-1_2	GGTTGCGGTCTCTGGG-1
5161	1736	0.5625	TGCGATAGTGCCGGTT-1_2	GTTGGTACAGATTAAG-1
5162	954	0.5	TGCGGCAAGTGGTCAG-1_2	CTAGCGGCAAGGCGTA-1
5164	385	0.5	TGCGGCAGTGATTGGG-1_2	AGCGTATCACAAACGG-1
5165	2108	0.5	TGCGGCATCCAAGAGG-1_2	TGCATTTAGCGTTAGG-1
5165	2006	0.375	TGCGGCATCCAAGAGG-1_2	TCCAGAAAGATATGTG-1
5165	702	0.0625	TGCGGCATCCAAGAGG-1_2	CAGTGCGTCGATAGGG-1
5166	243	1	TGCGGCATCCATTGTT-1_2	ACCGAATCAATGTGTC-1
5167	1222	0.25	TGCGGGTCACGGGCTT-1_2	GAGTGAGAGAGACTCG-1
5168	737	1	TGCGGGTGTGGTCCCA-1_2	CATTCCGGTTGGCGAA-1
5168	1942	1	TGCGGGTGTGGTCCCA-1_2	TCAAGGTCACAGTTCA-1
5169	1087	0.625	TGCGGGTGTTGTATGC-1_2	CTTGTCGGTCCAAGTT-1
5170	616	0.375	TGCGGGTTCAACGCTA-1_2	CACAGATTCGGGTCCA-1
5170	1816	0.25	TGCGGGTTCAACGCTA-1_2	TACGGATAGCATTCCA-1
5170	63	0.375	TGCGGGTTCAACGCTA-1_2	AACCAACAGTGTCGCC-1
5171	78	0.625	TGCGGGTTCGTGCGAC-1_2	AACCTGATCAGGTCTA-1
5172	903	0.5	TGCTCCAAGACTCGAG-1_2	CGGACTGTCTGAACGT-1
5172	2186	0.4375	TGCTCCAAGACTCGAG-1_2	TGGTCCTCATGCGACC-1
5172	1614	0.5625	TGCTCCAAGACTCGAG-1_2	GTAATCGCATGGCCTG-1
5172	1508	0.375	TGCTCCAAGACTCGAG-1_2	GGAGGATTCCGCCTAT-1
5174	2363	0.0625	TGCTCGTAGGCTTAAA-1_2	TTGTCTATCCATCGAA-1
5175	600	0.1875	TGCTCGTAGTATGTAG-1_2	CAAGGCCCAAGGATGC-1
5175	449	0.9375	TGCTCGTAGTATGTAG-1_2	AGTGCGCTCAATTCCT-1
5175	639	0.5625	TGCTCGTAGTATGTAG-1_2	CACCTTGAGGCATGCA-1
5176	1376	1	TGCTCGTCATGACTCA-1_2	GCGAGTCCACATTCTT-1
5176	1741	0.9375	TGCTCGTCATGACTCA-1_2	TAAACCGTCCATGTTT-1
5176	1314	1	TGCTCGTCATGACTCA-1_2	GCATGATGTGGCCTTG-1
5177	2038	0.4375	TGCTCGTGTCAAGGCA-1_2	TCGCCTAAGCCTGTAT-1
5179	2365	1	TGCTCGTTCCTAACAG-1_2	TTGTTCAAGTCCGTGC-1
5179	130	0.9375	TGCTCGTTCCTAACAG-1_2	AAGGAGCTCCCTACCA-1
5180	2238	0.3125	TGCTGAAAGCCGAACA-1_2	TTACGGAGTGGTAAGC-1
5180	327	0.4375	TGCTGAAAGCCGAACA-1_2	AGACAAACACACACCG-1
5181	1457	1	TGCTTCGAGACTGTTC-1_2	GCTCGAGTCGTGTGCG-1
5182	412	1	TGCTTCGGTGACCGTC-1_2	AGGCCCAAGCTAACAA-1
5183	2190	0.5	TGCTTCGTCGGTTCAA-1_2	TGTAAGCTCCATGACA-1
5185	469	0.3125	TGCTTGCAGTATGGCG-1_2	ATAGGCTGTAGATTAG-1
5185	2275	0.5625	TGCTTGCAGTATGGCG-1_2	TTATGTCAGCTCCGGT-1
5186	868	0.375	TGCTTGCCAGCAAGAC-1_2	CGCAATACAAGGATGC-1
5188	2305	1	TGGAACTGTATGAGCG-1_2	TTCTAACTCAGTCTTT-1
5188	797	0.3125	TGGAACTGTATGAGCG-1_2	CCCTCTCAGAGTTTGA-1
5188	1741	1	TGGAACTGTATGAGCG-1_2	TAAACCGTCCATGTTT-1
5188	2399	0.125	TGGAACTGTATGAGCG-1_2	TTTGTGTGTTTAGACC-1
5189	717	0.125	TGGAACTTCCATTCAT-1_2	CATGCCTAGTGAGCTG-1
5190	897	0.375	TGGAACTTCCTTGACC-1_2	CGGACCACACACTAGT-1
5190	1106	0.3125	TGGAACTTCCTTGACC-1_2	GAAATGAGTCAGTGTT-1
5190	1804	0.25	TGGAACTTCCTTGACC-1_2	TACGCAACACATGATC-1
5191	1088	0.3125	TGGAACTTCGAAGAAT-1_2	CTTGTCGGTCGTAATC-1
5191	297	0.1875	TGGAACTTCGAAGAAT-1_2	ACTACGACACCTCGTT-1
5191	164	0.25	TGGAACTTCGAAGAAT-1_2	AATGTCGCAGCTATAC-1
5192	1268	0.375	TGGAGAGCAACTAGAA-1_2	GCAAAGGTCGTGAGTT-1
5192	1855	0.75	TGGAGAGCAACTAGAA-1_2	TAGCATGCACGGCCAT-1
5193	1423	0.375	TGGAGAGCAATAGTCC-1_2	GCGGTGTCAGAGATGC-1
5193	1175	0.8125	TGGAGAGCAATAGTCC-1_2	GACCTTCTCCGAGGAA-1
5195	578	0.375	TGGAGAGGTGACCGAA-1_2	CAACGGCAGTCCAGAG-1
5196	2379	0.8125	TGGAGAGGTGGAAATT-1_2	TTGTTGTTCGCTAGTA-1
5196	1928	0.5625	TGGAGAGGTGGAAATT-1_2	TCAAGACAGACCAATA-1
5196	759	1	TGGAGAGGTGGAAATT-1_2	CCAGATAGTTCTGAGT-1
5197	187	0.3125	TGGAGAGTCGAGTCTA-1_2	ACAATCGCAGTTGCAT-1
5197	606	0.4375	TGGAGAGTCGAGTCTA-1_2	CAATCCCCAAGTCCTA-1
5197	941	0.125	TGGAGAGTCGAGTCTA-1_2	CTACAGATCAGAATGA-1
5197	359	0.5	TGGAGAGTCGAGTCTA-1_2	AGCCGCACATATAGAG-1
5198	2227	0.125	TGGAGAGTCGTGAGAG-1_2	TTACCCGCACTGTTAG-1
5198	760	0.3125	TGGAGAGTCGTGAGAG-1_2	CCAGATATCGCCTTAC-1
5199	1279	0.375	TGGAGAGTCTGGACTA-1_2	GCACGCAAGTATGGGC-1
5199	2084	0.75	TGGAGAGTCTGGACTA-1_2	TGAGTCATCGCGCCAA-1
5200	784	0.125	TGGAGGAAGACTTCAC-1_2	CCCTAACCAACTTGGT-1
5200	2401	0.375	TGGAGGAAGACTTCAC-1_2	TTTGTGTTCAGTCAAC-1
5201	187	0.625	TGGAGGACATTCACCC-1_2	ACAATCGCAGTTGCAT-1
5202	156	0.875	TGGAGGACATTCATCT-1_2	AATGGCTCAGCAACGA-1
5202	1270	0.8125	TGGAGGACATTCATCT-1_2	GCAACCGAGTCTCTAG-1
5202	1612	0.75	TGGAGGACATTCATCT-1_2	GTAATCGCAGGCAAGT-1
5203	1932	0.5	TGGAGGATCGGCTTCT-1_2	TCAAGCACAAACCCTA-1
5204	2207	0.3125	TGGATCAAGACATAGT-1_2	TGTGGCGTCGCTTACC-1
5205	2317	0.25	TGGATCAAGGACAACC-1_2	TTGACGATCCAGAGAG-1
5205	1290	0.4375	TGGATCAAGGACAACC-1_2	GCACGGTGTGGACCAA-1
5206	1425	0.125	TGGATCAGTACCGTGC-1_2	GCGGTGTTCGGGCTCA-1
5207	935	0.5625	TGGATCAGTAGAAACT-1_2	CTAACTTGTTCCTATT-1
5208	1581	0.75	TGGATCATCATGGAGG-1_2	GGTAGGATCCTCTCTT-1
5209	244	0.875	TGGATCATCTGGGAGA-1_2	ACCGAATCACCCTTAC-1
5209	1892	0.625	TGGATCATCTGGGAGA-1_2	TAGTCCCAGCATACCT-1
5209	1240	0.125	TGGATCATCTGGGAGA-1_2	GATCGTAGTTCTCGAA-1
5210	1926	0.3125	TGGATCATCTTCCAGC-1_2	TCAAAGCAGTCACGCC-1
5211	1874	0.375	TGGATGTAGCTGGAGT-1_2	TAGCTTTCATGGGTGA-1
5211	1708	0.4375	TGGATGTAGCTGGAGT-1_2	GTGTGATAGCGTCAAG-1
5212	223	1	TGGCGTGAGCATCAAA-1_2	ACCAAACCAACGTACT-1
5212	500	1	TGGCGTGAGCATCAAA-1_2	ATCCTGCCAGGACTGA-1
5212	1724	0.4375	TGGCGTGAGCATCAAA-1_2	GTTATTCTCCAAGAGG-1
5213	2085	0.5625	TGGCGTGAGGATGCGT-1_2	TGAGTCATCGGTAGGA-1
5213	480	0.5625	TGGCGTGAGGATGCGT-1_2	ATCCAGAAGATGGGTC-1
5214	579	1	TGGCGTGCACAGCTGC-1_2	CAACGGCGTAGCGAGT-1
5214	1973	0.75	TGGCGTGCACAGCTGC-1_2	TCACTCGCAATACTGC-1
5215	1186	0.625	TGGCGTGGTAGTTACC-1_2	GAGAACGCATGATCGT-1
5215	599	0.25	TGGCGTGGTAGTTACC-1_2	CAAGCTATCCATAACG-1
5215	2254	0.8125	TGGCGTGGTAGTTACC-1_2	TTACTTGGTCTCGGGT-1
5217	2316	0.1875	TGGGAAGCAGTTGTTG-1_2	TTGACGATCAGGTTTG-1
5218	2195	0.8125	TGGGAAGGTGCATCTA-1_2	TGTACGACAATTCTCT-1
5218	877	0.4375	TGGGAAGGTGCATCTA-1_2	CGCGCAAGTCCGTAGC-1
5219	293	0.5	TGGGAAGTCGGTCATA-1_2	ACTACCCTCCAACAAC-1
5219	2115	0.3125	TGGGAAGTCGGTCATA-1_2	TGCCTGTCAATCATCG-1
5219	937	0.4375	TGGGAAGTCGGTCATA-1_2	CTAACTTTCCGCCTAT-1
5220	759	0.3125	TGGGAAGTCGTTAGTG-1_2	CCAGATAGTTCTGAGT-1
5221	790	1	TGGGAGACACCTCGTT-1_2	CCCTAGTAGACTAGGC-1
5221	670	0.6875	TGGGAGACACCTCGTT-1_2	CAGCTAAAGACGCCCT-1
5222	1432	0.5625	TGGGATTGTGGCAACA-1_2	GCGTTGGCAGAGTCGA-1
5222	224	0.4375	TGGGATTGTGGCAACA-1_2	ACCAAACCATATAGAG-1
5223	335	0.1875	TGGGATTGTTGCTCCT-1_2	AGATTCGAGGCAATTA-1
5224	1336	0.625	TGGGCGTAGCGTCAGA-1_2	GCCAGCAAGGCTTTAC-1
5224	119	0.5	TGGGCGTAGCGTCAGA-1_2	AAGATAGAGATGTTCC-1
5224	342	0.6875	TGGGCGTAGCGTCAGA-1_2	AGCCAGCGTATGGGTG-1
5225	2332	0.1875	TGGGCGTAGGATACAT-1_2	TTGCAGACAGGACTGA-1
5225	1968	0.25	TGGGCGTAGGATACAT-1_2	TCACCTGAGAGCTCCC-1
5225	1378	0.125	TGGGCGTAGGATACAT-1_2	GCGAGTCTCAGCACGC-1
5226	1482	0.625	TGGGCTGAGATGGTAT-1_2	GGAACCCTCCCGTAGG-1
5226	2216	0.9375	TGGGCTGAGATGGTAT-1_2	TGTTAGGGTGCAAGCA-1
5226	76	0.25	TGGGCTGAGATGGTAT-1_2	AACCTGACATTCACGA-1
5227	1618	0.25	TGGGCTGTCATTGCTT-1_2	GTACTTTCACTCAAGT-1
5227	1021	0.8125	TGGGCTGTCATTGCTT-1_2	CTGCGTTTCAGCGGTC-1
5229	999	0.1875	TGGGTTAAGCACTAAA-1_2	CTCTAGCCAAATGCTC-1
5229	405	0.3125	TGGGTTAAGCACTAAA-1_2	AGCTGTAGTTCCAATG-1
5230	1328	0.875	TGGGTTACAGAGATTA-1_2	GCATTGATCTTCCACG-1
5231	1645	0.8125	TGGTACACAAGCAATA-1_2	GTCACGGTCGGCTATA-1
5234	730	0.375	TGGTACATCGTCCATC-1_2	CATTCATCATCACAGT-1
5234	1674	0.1875	TGGTACATCGTCCATC-1_2	GTGCACGCACCCATCT-1
5234	690	0.6875	TGGTACATCGTCCATC-1_2	CAGGGCTTCCGTGCAG-1
5235	87	0.4375	TGGTAGTCATCCTTGC-1_2	AACGAGGAGAGGCCTA-1
5235	552	0.5	TGGTAGTCATCCTTGC-1_2	ATTGTCTCACGCTCAG-1
5236	1878	0.4375	TGGTAGTGTCTGTGCG-1_2	TAGGAGGTCTTACTCA-1
5236	12	0.3125	TGGTAGTGTCTGTGCG-1_2	AAACTCGTCAACACGT-1
5236	91	0.25	TGGTAGTGTCTGTGCG-1_2	AACGAGGTCTTAACGG-1
5237	615	0.1875	TGGTAGTGTTAAGGAT-1_2	CACAGATTCCGTTAGA-1
5238	339	0.5	TGGTAGTTCGTTCTGC-1_2	AGATTCGGTTCTTTGT-1
5239	2123	0.3125	TGGTGATGTATGATCC-1_2	TGCGTAATCGCACCGA-1
5239	1802	0.0625	TGGTGATGTATGATCC-1_2	TACCTCGTCCAACGCG-1
5239	449	0.625	TGGTGATGTATGATCC-1_2	AGTGCGCTCAATTCCT-1
5240	284	1	TGGTGATTCCGTGGCA-1_2	ACTAACGTCCTCATTA-1
5240	1994	1	TGGTGATTCCGTGGCA-1_2	TCAGTCCGTCATAGCT-1
5240	364	1	TGGTGATTCCGTGGCA-1_2	AGCCTGGCAGAGCCAA-1
5241	813	0.375	TGGTTAGAGAGTCAGC-1_2	CCGTACTCACTGCTCT-1
5241	849	0.5625	TGGTTAGAGAGTCAGC-1_2	CCTTGGTTCTTCCACG-1
5242	677	0.75	TGGTTAGAGCGTGCTC-1_2	CAGCTGGGTCATTGCA-1
5242	340	0.5	TGGTTAGAGCGTGCTC-1_2	AGATTCGTCGGTACTA-1
5242	379	0.4375	TGGTTAGAGCGTGCTC-1_2	AGCGATTGTCGCGCTA-1
5244	1260	0.1875	TGTAACGAGGCGCTTC-1_2	GATTGACGTCATTGCA-1
5245	1767	0.6875	TGTAACGCATGCACTA-1_2	TAATCGGCAATCATCG-1
5245	494	0.125	TGTAACGCATGCACTA-1_2	ATCCTCGGTATCCCTC-1
5246	1975	0.1875	TGTAACGGTCAAACGG-1_2	TCACTCGCATGATTGC-1
5246	1322	0.25	TGTAACGGTCAAACGG-1_2	GCATTGAAGGTGTCGA-1
5247	273	0.875	TGTAACGTCCGCAACG-1_2	ACGTTAGGTCTGATTG-1
5248	1292	0.625	TGTAAGCAGCTAAGTA-1_2	GCACGGTTCCTTGACC-1
5249	2095	0.1875	TGTAAGCAGTCTGCAT-1_2	TGATGCATCCAGCACG-1
5249	739	0.125	TGTAAGCAGTCTGCAT-1_2	CATTGGACATAGAATG-1
5250	378	0.0625	TGTAAGCAGTGGAAGA-1_2	AGCGATTGTCACATTG-1
5251	95	0.0625	TGTAAGCGTTTCGGCG-1_2	AACGGGACACGCGTTG-1
5252	892	0.6875	TGTACAGAGAGGTCAC-1_2	CGCTATCCACCTGTGG-1
5252	1245	0.3125	TGTACAGAGAGGTCAC-1_2	GATGATCTCGCAGATT-1
5253	2152	0.75	TGTACAGCAAACACCT-1_2	TGGACATAGTCTAGAA-1
5253	1332	0.4375	TGTACAGCAAACACCT-1_2	GCCAGACGTAGTTTGC-1
5255	648	0.5625	TGTACAGCACGTATAC-1_2	CACGTTCAGATGGGTC-1
5255	1700	0.75	TGTACAGCACGTATAC-1_2	GTGTCAACATCATAGC-1
5256	2100	0.5	TGTAGACAGGTTTACC-1_2	TGATTTCGTTGGACGA-1
5256	1825	0.1875	TGTAGACAGGTTTACC-1_2	TACTAGGCAACGCACC-1
5256	2332	0.25	TGTAGACAGGTTTACC-1_2	TTGCAGACAGGACTGA-1
5257	326	0.5625	TGTAGACGTGAATATG-1_2	AGACAAAAGGAGGCGA-1
5258	1510	0.75	TGTCAGAGTAGCTTGT-1_2	GGAGTAGAGTCGCCTG-1
5258	1870	0.4375	TGTCAGAGTAGCTTGT-1_2	TAGCGGCCATCATGTG-1
5258	130	0.3125	TGTCAGAGTAGCTTGT-1_2	AAGGAGCTCCCTACCA-1
5259	716	0.5	TGTCAGAGTGATACTC-1_2	CATGCCTAGCAGAAAG-1
5260	1773	0.375	TGTCCACAGCTGAAGC-1_2	TAATTCCAGACGTCAG-1
5260	1615	0.25	TGTCCACAGCTGAAGC-1_2	GTAATCGTCCCACTAC-1
5260	313	0.5	TGTCCACAGCTGAAGC-1_2	ACTGCAATCTATCCTA-1
5260	2262	0.375	TGTCCACAGCTGAAGC-1_2	TTAGCGATCTTCTCTC-1
5262	2291	0.1875	TGTCCACGTGTTGAGG-1_2	TTCGATTAGAGCACTG-1
5262	359	0.5625	TGTCCACGTGTTGAGG-1_2	AGCCGCACATATAGAG-1
5262	1598	0.3125	TGTCCACGTGTTGAGG-1_2	GGTGTCGGTACGTAAA-1
5262	1699	0.25	TGTCCACGTGTTGAGG-1_2	GTGTCAACAGCGTACC-1
5263	1523	0.5625	TGTCCCAGTTCAAGGG-1_2	GGATGAGAGAGCTGTG-1
5264	504	0.9375	TGTCCTGAGTACTCGT-1_2	ATCGAGTCAGCACATT-1
5264	643	0.3125	TGTCCTGAGTACTCGT-1_2	CACCTTGGTAGTAACA-1
5265	1762	0.375	TGTCCTGCACTAGGCC-1_2	TAAGTGCGTAGAAAGG-1
5265	952	0.3125	TGTCCTGCACTAGGCC-1_2	CTACTTATCGATGTGT-1
5265	990	0.4375	TGTCCTGCACTAGGCC-1_2	CTCTACGAGTAGTTCC-1
5266	1629	0.3125	TGTCCTGGTGTGGACA-1_2	GTAGTACGTATTGTCG-1
5267	1171	0.75	TGTCCTGTCGATGGAG-1_2	GACCTTCCAATCATCG-1
5268	364	1	TGTGAGTAGAGAGTGA-1_2	AGCCTGGCAGAGCCAA-1
5268	273	0.4375	TGTGAGTAGAGAGTGA-1_2	ACGTTAGGTCTGATTG-1
5269	2391	0.25	TGTGAGTCATCCTATT-1_2	TTTGGCCCAACTCGAT-1
5269	805	0.5	TGTGAGTCATCCTATT-1_2	CCCTGATAGACCATAA-1
5270	640	0.1875	TGTGAGTTCAGCAATC-1_2	CACCTTGAGGGCTTCC-1
5271	1962	0.625	TGTGCGGAGCAGCACA-1_2	TCACCACAGCAGAATT-1
5271	2061	1	TGTGCGGAGCAGCACA-1_2	TCTCTGGGTCATGAGG-1
5271	1661	0.375	TGTGCGGAGCAGCACA-1_2	GTCTACCTCTCATATC-1
5271	1622	0.25	TGTGCGGAGCAGCACA-1_2	GTAGACTGTCGAGGTA-1
5272	1852	0.3125	TGTGCGGAGCGATGAC-1_2	TAGCATGAGAATGCTA-1
5272	19	0.375	TGTGCGGAGCGATGAC-1_2	AAAGATGAGCGAGAAA-1
5273	1065	0.25	TGTGCGGGTACTGTTG-1_2	CTTGAAGTCAGGGTTT-1
5273	115	0.5	TGTGCGGGTACTGTTG-1_2	AACTTGGGTCTGGTCG-1
5274	558	0.375	TGTGCGGGTCTTTCTA-1_2	ATTTGTCCAATTCTCT-1
5275	1009	1	TGTGGCGCAGTTGTCA-1_2	CTCTCGAGTGCTGTGC-1
5275	1524	1	TGTGGCGCAGTTGTCA-1_2	GGATGAGAGTGAGTTA-1
5275	182	0.5625	TGTGGCGCAGTTGTCA-1_2	ACAAGCTTCACTAGGT-1
5275	786	1	TGTGGCGCAGTTGTCA-1_2	CCCTAACCATCCGTGG-1
5276	2182	0.1875	TGTGGCGGTCGCCTAG-1_2	TGGTCAATCCATCTAT-1
5277	108	0.75	TGTGGCGTCCTACACC-1_2	AACTGTGTCTATCTTG-1
5278	2244	0.9375	TGTGGCGTCCTTGAAG-1_2	TTACGTTTCGCTTGAA-1
5278	600	0.375	TGTGGCGTCCTTGAAG-1_2	CAAGGCCCAAGGATGC-1
5279	750	0.9375	TGTGTGAGTTTCGTGA-1_2	CCAGAATAGTGGACGT-1
5279	1361	1	TGTGTGAGTTTCGTGA-1_2	GCCTACTTCGATGTAC-1
5280	788	0.5	TGTGTGATCTCGTCAC-1_2	CCCTAACTCCTCATTA-1
5281	1628	0.4375	TGTTACTCACGTACAT-1_2	GTAGTACGTAGGGTTG-1
5282	560	0.125	TGTTACTGTCTTGAAC-1_2	ATTTGTCCATAGATAG-1
5283	752	0.625	TGTTACTTCCAAAGGG-1_2	CCAGAATCAGCCACGT-1
5283	326	0.3125	TGTTACTTCCAAAGGG-1_2	AGACAAAAGGAGGCGA-1
5283	1064	0.4375	TGTTACTTCCAAAGGG-1_2	CTTGAAGCACTGTTAG-1
5283	1078	0.625	TGTTACTTCCAAAGGG-1_2	CTTGCTGGTAAGTGCG-1
5284	499	0.5625	TGTTCATAGCAGGCTA-1_2	ATCCTGCAGGGTAATT-1
5284	1388	0.375	TGTTCATAGCAGGCTA-1_2	GCGATTAAGACAGCTG-1
5285	2025	0.6875	TGTTCCGAGCCATCCG-1_2	TCGAGCGAGCCGCAAA-1
5286	353	0.3125	TGTTCCGCACTGTTCC-1_2	AGCCCGATCTGTCGGG-1
5287	584	0.0625	TGTTCCGCATCACAGT-1_2	CAACGGCTCTTCTCTC-1
5287	1619	0.5	TGTTCCGCATCACAGT-1_2	GTACTTTCATGGTATC-1
5288	1951	0.5625	TGTTCCGGTCCAAAGG-1_2	TCACAAGAGGCCTCTG-1
5288	1415	0.375	TGTTCCGGTCCAAAGG-1_2	GCGGGTTCAAGATGCG-1
5289	1056	0.5	TGTTCCGGTCCATACA-1_2	CTTCCAGGTCATTGCA-1
5290	1466	0.25	TGTTCCGTCATTCGTT-1_2	GCTGTTCCATAGAATG-1
5290	193	0.625	TGTTCCGTCATTCGTT-1_2	ACAGAAAGTACGCAAG-1
5292	829	0.25	TGTTGAGCAAGAAACT-1_2	CCTCCCTTCTTCCACG-1
5292	1325	0.3125	TGTTGAGCAAGAAACT-1_2	GCATTGAGTGCTTTGA-1
5292	1931	0.5	TGTTGAGCAAGAAACT-1_2	TCAAGCAAGGTCGGTA-1
5292	428	0.375	TGTTGAGCAAGAAACT-1_2	AGGCGTCGTCGCTACG-1
5292	1485	0.875	TGTTGAGCAAGAAACT-1_2	GGAACTTAGGCTGGAT-1
5293	1183	0.875	TGTTGAGCATGGCACC-1_2	GAGAACGCAACGTACT-1
5293	700	0.625	TGTTGAGCATGGCACC-1_2	CAGTGCGGTGCGACCT-1
5294	2051	0.125	TGTTGAGTCTACACAG-1_2	TCGTTCGTCTGGAAGG-1
5294	599	0.5625	TGTTGAGTCTACACAG-1_2	CAAGCTATCCATAACG-1
5294	406	0.375	TGTTGAGTCTACACAG-1_2	AGCTGTATCAAACCAC-1
5295	1134	0.1875	TGTTGGACACTTCAGA-1_2	GAACTTGTCGAGAAGC-1
5297	656	0.3125	TGTTGGACATCGCTGG-1_2	CACTAAGTCTCGGCGA-1
5297	1907	0.6875	TGTTGGACATCGCTGG-1_2	TATCTGTCAACCTCCT-1
5298	852	1	TGTTGGAGTAGACGTG-1_2	CGAGTTACAAGTAATG-1
5299	1997	0.3125	TGTTGGAGTTCCGCGA-1_2	TCAGTCCTCAGGCGCT-1
5300	1959	0.6875	TGTTGGATCTCCGATC-1_2	TCACAGAGTGAGGGTT-1
5300	1323	0.375	TGTTGGATCTCCGATC-1_2	GCATTGACACCTGTGG-1
5300	1844	0.4375	TGTTGGATCTCCGATC-1_2	TAGCACACAGTGCGTC-1
5301	325	1	TGTTTGTCAACCAGAG-1_2	ACTTTCATCACGTCAA-1
5301	454	0.3125	TGTTTGTCAACCAGAG-1_2	AGTTACGAGTCTGCTA-1
5301	1335	0.5625	TGTTTGTCAACCAGAG-1_2	GCCAGCAAGGCAAGCT-1
5301	1137	0.75	TGTTTGTCAACCAGAG-1_2	GAAGAGCTCCCATAGA-1
5302	1371	0.3125	TGTTTGTTCGAAACAA-1_2	GCGAGTCAGAGAGTTT-1
5302	174	0.1875	TGTTTGTTCGAAACAA-1_2	ACAAAGAGTCCATTGA-1
5303	668	0.375	TTAATCCCATAACTCG-1_2	CAGCCTTTCGCTACCT-1
5304	1557	1	TTAATCCGTCGCACAC-1_2	GGGCCATCAAGGCTTT-1
5305	1091	0.25	TTAATCCGTGAGCGAT-1_2	CTTTGCGCAAGGAGGG-1
5305	936	0.375	TTAATCCGTGAGCGAT-1_2	CTAACTTTCCAATAGC-1
5305	1662	0.1875	TTAATCCGTGAGCGAT-1_2	GTGACATAGCGATACG-1
5305	2358	0.375	TTAATCCGTGAGCGAT-1_2	TTGGTCCAGCTGATTC-1
5306	435	1	TTACAGGTCCGCAGTG-1_2	AGTCCGGGTTAGTAGA-1
5306	2129	1	TTACAGGTCCGCAGTG-1_2	TGCTCACGTAAGTCTC-1
5307	2390	0.25	TTACAGGTCCTAACAG-1_2	TTTGGCCAGGCCTCGT-1
5308	157	1	TTACAGGTCTTCCGTG-1_2	AATGGCTGTACTAGAA-1
5308	2240	1	TTACAGGTCTTCCGTG-1_2	TTACGTTCAACGGGTA-1
5308	2393	1	TTACAGGTCTTCCGTG-1_2	TTTGGCCGTGGTCGAA-1
5309	842	0.8125	TTACCATCAAGTTGGG-1_2	CCTTAATTCGGGAATG-1
5309	291	1	TTACCATCAAGTTGGG-1_2	ACTACCCTCACCCGGA-1
5310	1070	0.3125	TTACCGCAGGCAGGTT-1_2	CTTGCCACACGTTACA-1
5310	181	0.1875	TTACCGCAGGCAGGTT-1_2	ACAAGCTTCACGATTG-1
5310	232	0.625	TTACCGCAGGCAGGTT-1_2	ACCATCCTCGACTGGC-1
5311	1630	0.375	TTACGCCAGGAGTATT-1_2	GTAGTACGTCTAACCA-1
5311	1147	0.125	TTACGCCAGGAGTATT-1_2	GAATCTGTCTTGCGCT-1
5311	1908	0.0625	TTACGCCAGGAGTATT-1_2	TATCTGTCAAGGTTCT-1
5312	1576	0.1875	TTACGTTAGCGCCTAC-1_2	GGTACCGCATCGAGTT-1
5312	512	0.625	TTACGTTAGCGCCTAC-1_2	ATGCATGTCGATAGTC-1
5313	1555	0.375	TTACTGTCATCCAATG-1_2	GGGCCATAGCTGAAAT-1
5314	897	0.375	TTACTGTGTGAGTTTC-1_2	CGGACCACACACTAGT-1
5314	1574	0.4375	TTACTGTGTGAGTTTC-1_2	GGGTTATTCGGCTATA-1
5315	654	0.25	TTACTGTGTTGAGAGC-1_2	CACTAAGGTCGAGGAT-1
5315	1696	0.375	TTACTGTGTTGAGAGC-1_2	GTGGCGTGTAACCATC-1
5315	213	0.625	TTACTGTGTTGAGAGC-1_2	ACATGCAAGCAGAATT-1
5316	2294	1	TTAGGCACATTGAAAG-1_2	TTCGCGTAGGACTAGC-1
5316	4	0.6875	TTAGGCACATTGAAAG-1_2	AAACGAAGTACCAAGG-1
5316	1057	0.8125	TTAGGCACATTGAAAG-1_2	CTTCCAGGTGATAGAT-1
5316	146	1	TTAGGCACATTGAAAG-1_2	AATGGAACACTCAGCG-1
5317	1330	0.25	TTAGGCAGTAAGATCA-1_2	GCCAGACCACATTGCA-1
5319	623	0.5625	TTAGGCAGTATGAGAT-1_2	CACCACTAGGGTCTGA-1
5319	2188	0.375	TTAGGCAGTATGAGAT-1_2	TGGTCCTGTCTAAGAA-1
5321	240	0.125	TTAGGGTGTGTGTACT-1_2	ACCGAATAGAACGTCG-1
5321	1320	0.4375	TTAGGGTGTGTGTACT-1_2	GCATTGAAGACACTTC-1
5322	2099	0.4375	TTAGGGTTCCTCTGCA-1_2	TGATTTCGTCTGTCCT-1
5323	23	0.375	TTAGTCTCATGAAGCG-1_2	AAAGATGTCCGGGCAT-1
5324	2114	0.3125	TTATTGCTCATCGCAA-1_2	TGCCTGTAGGGTTCTT-1
5325	408	0.3125	TTATTGCTCGTTCGCT-1_2	AGGACGAAGGATCCTT-1
5325	2229	0.5	TTATTGCTCGTTCGCT-1_2	TTACCCGCATGCACTA-1
5325	1404	0.25	TTATTGCTCGTTCGCT-1_2	GCGCCAAGTGCCCGAT-1
5325	1196	0.25	TTATTGCTCGTTCGCT-1_2	GAGATTCGTCCGTAGC-1
5327	1013	0.3125	TTCAATCGTTCCACAA-1_2	CTGAATGCAAAGAGAG-1
5328	1890	0.75	TTCACCGAGGTCCTGC-1_2	TAGGTGTGTTTGCCCT-1
5328	2395	0.4375	TTCACCGAGGTCCTGC-1_2	TTTGGTTAGACTCTTG-1
5328	657	0.375	TTCACCGAGGTCCTGC-1_2	CACTGAACAACTCGTA-1
5328	280	0.875	TTCACCGAGGTCCTGC-1_2	ACTAACGAGCCATCAT-1
5329	1531	0.25	TTCACCGGTTGGGAAC-1_2	GGCATTAAGAACAGGA-1
5330	2299	0.6875	TTCACCGTCATTCGGA-1_2	TTCGTTACAAATAGTG-1
5331	603	0.75	TTCACGCAGCCAGACA-1_2	CAAGGCCTCCAATAGC-1
5331	1023	0.875	TTCACGCAGCCAGACA-1_2	CTGGCAGCATAGCCAT-1
5331	1959	1	TTCACGCAGCCAGACA-1_2	TCACAGAGTGAGGGTT-1
5331	1921	0.8125	TTCACGCAGCCAGACA-1_2	TATGTTCTCGACTATG-1
5332	1331	0.625	TTCACGCCAACTGCCG-1_2	GCCAGACCATTCGTCC-1
5332	222	0.4375	TTCACGCCAACTGCCG-1_2	ACCAAACAGTCAGGAC-1
5332	629	0.625	TTCACGCCAACTGCCG-1_2	CACCACTTCTCGCGTT-1
5333	815	0.1875	TTCACGCGTCGCATTA-1_2	CCGTAGGGTACCGGCT-1
5334	1525	0.375	TTCATGTCATTGACAC-1_2	GGATGAGAGTGTCGGA-1
5334	1985	0.625	TTCATGTCATTGACAC-1_2	TCAGGTAGTATGTCCA-1
5334	551	0.0625	TTCATGTCATTGACAC-1_2	ATTGTCTAGAAGGGCG-1
5334	925	0.375	TTCATGTCATTGACAC-1_2	CGTTCCAAGTACAGTA-1
5335	945	1	TTCATTGAGGTCTTTG-1_2	CTACTTAGTACCGGCT-1
5335	110	0.4375	TTCATTGAGGTCTTTG-1_2	AACTTGGAGGCGTCCT-1
5336	1298	1	TTCATTGCAACGGTAG-1_2	GCAGATTCATTGCACA-1
5337	408	0.1875	TTCATTGCAGGTATGG-1_2	AGGACGAAGGATCCTT-1
5337	618	0.6875	TTCATTGCAGGTATGG-1_2	CACATGAAGAGCGAAA-1
5338	879	0.4375	TTCATTGGTGAATTAG-1_2	CGCGCAAGTTTAGAAG-1
5338	1334	0.4375	TTCATTGGTGAATTAG-1_2	GCCAGCAAGCACACCC-1
5338	602	0.3125	TTCATTGGTGAATTAG-1_2	CAAGGCCGTCTAAGAA-1
5339	1302	0.875	TTCATTGGTTGCATTG-1_2	GCAGCCACACTCGCAG-1
5340	965	1	TTCCAATAGTGCAAAT-1_2	CTCAACCCAACAAACA-1
5340	142	1	TTCCAATAGTGCAAAT-1_2	AATGCCACAGCGTGAA-1
5340	1133	0.5	TTCCAATAGTGCAAAT-1_2	GAACTTGGTCAGACGA-1
5341	508	0.625	TTCCAATCAGAGGACT-1_2	ATGCATGAGCTCCATA-1
5343	532	0.1875	TTCCACGCAGTCGGTC-1_2	ATGTTTCAGTGAATAC-1
5343	2350	0.6875	TTCCACGCAGTCGGTC-1_2	TTGCTATAGGCAATTA-1
5343	423	0.4375	TTCCACGCAGTCGGTC-1_2	AGGCGAAGTCGTCGCA-1
5344	1430	0.3125	TTCCACGTCACGGGCT-1_2	GCGTAGCGTCTGGGAA-1
5345	13	0.625	TTCCGGTAGTACTCGT-1_2	AAACTGCAGAGGTGGG-1
5345	958	0.3125	TTCCGGTAGTACTCGT-1_2	CTAGGATCAGGGAGTT-1
5345	1900	0.25	TTCCGGTAGTACTCGT-1_2	TATCGAGGTTAGGCTT-1
5346	917	0.375	TTCCGGTTCACCACAA-1_2	CGTACAATCTATATCC-1
5346	2233	0.5625	TTCCGGTTCACCACAA-1_2	TTACCGCTCAGTCAAC-1
5346	1468	0.4375	TTCCGGTTCACCACAA-1_2	GCTTAAGTCACATTCT-1
5347	914	0.3125	TTCCGGTTCCCAGGAC-1_2	CGTACAAGTCCTTCAC-1
5347	2084	0.8125	TTCCGGTTCCCAGGAC-1_2	TGAGTCATCGCGCCAA-1
5347	504	0.5625	TTCCGGTTCCCAGGAC-1_2	ATCGAGTCAGCACATT-1
5347	528	0.6875	TTCCGGTTCCCAGGAC-1_2	ATGTCTTAGACACAAT-1
5348	80	0.6875	TTCCGGTTCTCACCCA-1_2	AACCTTTAGGGAGATA-1
5348	1466	0.625	TTCCGGTTCTCACCCA-1_2	GCTGTTCCATAGAATG-1
5349	246	0.5	TTCCGTGCATACCAGT-1_2	ACCGCAGAGGGAGATA-1
5349	2101	0.25	TTCCGTGCATACCAGT-1_2	TGATTTCTCATCGCCT-1
5349	1817	0.25	TTCCGTGCATACCAGT-1_2	TACGGATAGGTCTTGT-1
5351	1460	1	TTCCGTGTCCACGTGG-1_2	GCTGAGCTCCAGGCCA-1
5351	328	0	TTCCGTGTCCACGTGG-1_2	AGACAAAGTGGACGAT-1
5352	2304	0.4375	TTCCGTGTCCCGTAAA-1_2	TTCTAACCACAGTAGG-1
5352	2335	0.3125	TTCCGTGTCCCGTAAA-1_2	TTGCAGATCGCATAAC-1
5352	215	0.0625	TTCCGTGTCCCGTAAA-1_2	ACATGCAAGGAAGAAC-1
5352	1965	0.375	TTCCGTGTCCCGTAAA-1_2	TCACCACCATTACACG-1
5353	791	0.8125	TTCCGTGTCCTATTGT-1_2	CCCTAGTAGATGAGGA-1
5353	657	0	TTCCGTGTCCTATTGT-1_2	CACTGAACAACTCGTA-1
5354	64	0.5625	TTCCTAACAAATAGCA-1_2	AACCAACCACAGAAGC-1
5355	1830	0.625	TTCCTAAGTGGTTTGT-1_2	TACTCGCCACGATTAC-1
5356	2316	0.4375	TTCCTAAGTTCGGGTC-1_2	TTGACGATCAGGTTTG-1
5356	1038	0.5625	TTCCTAAGTTCGGGTC-1_2	CTGTATTAGCCTTTGA-1
5356	1758	0.5625	TTCCTAAGTTCGGGTC-1_2	TAAGCCACACTGTAAC-1
5357	290	0.75	TTCCTAATCGACCATA-1_2	ACTACCCGTGCATCAT-1
5357	2224	0.9375	TTCCTAATCGACCATA-1_2	TTACCCGAGTCTGGGA-1
5357	846	0.9375	TTCCTAATCGACCATA-1_2	CCTTGGTAGTTGCTTG-1
5357	918	0.4375	TTCCTAATCGACCATA-1_2	CGTGGCAAGACGTCAG-1
5357	1933	0.625	TTCCTAATCGACCATA-1_2	TCAAGCACACACTAGT-1
5358	1337	0.25	TTCCTAATCGGACCAC-1_2	GCCAGCAGTAGGTAAT-1
5358	1553	0.75	TTCCTAATCGGACCAC-1_2	GGGAACACATGATCGT-1
5361	884	0.8125	TTCCTCTTCATCTATC-1_2	CGCTAGGTCGGATCGC-1
5362	180	0.4375	TTCCTTCAGTCGTTAC-1_2	ACAAGCTGTTTAGGAA-1
5363	1788	0.75	TTCCTTCCACCTCTGT-1_2	TACATTCTCGGCTATA-1
5363	862	0.6875	TTCCTTCCACCTCTGT-1_2	CGATGATAGTCTGGGA-1
5364	2216	0.625	TTCCTTCGTAGAATGT-1_2	TGTTAGGGTGCAAGCA-1
5364	1955	0.75	TTCCTTCGTAGAATGT-1_2	TCACAAGTCTATGAGC-1
5365	1630	0.5	TTCCTTCGTTCAGCGC-1_2	GTAGTACGTCTAACCA-1
5365	1068	0.5	TTCCTTCGTTCAGCGC-1_2	CTTGCCAAGATATGAC-1
5365	2395	0.5	TTCCTTCGTTCAGCGC-1_2	TTTGGTTAGACTCTTG-1
5366	389	0.375	TTCCTTCGTTCTAAGC-1_2	AGCGTGCCACCCATCT-1
5367	1296	0.875	TTCGATTCACGACGAA-1_2	GCAGATTCACTCCTCA-1
5367	1261	0.3125	TTCGATTCACGACGAA-1_2	GCAAAGGAGACTAGCG-1
5367	2331	0.8125	TTCGATTCACGACGAA-1_2	TTGCAGACAATTAGGA-1
5367	888	0.3125	TTCGATTCACGACGAA-1_2	CGCTATCAGGTTAGTA-1
5367	44	0.3125	TTCGATTCACGACGAA-1_2	AAATGCCTCCAACGCG-1
5368	190	0.3125	TTCGATTGTTCGAGCC-1_2	ACAATCGTCTTCACTA-1
5369	713	0.1875	TTCGCTGCATCATCCC-1_2	CATAACGGTCAGACGA-1
5369	38	0.0625	TTCGCTGCATCATCCC-1_2	AAATGAGAGAGTGGAA-1
5369	1531	0.9375	TTCGCTGCATCATCCC-1_2	GGCATTAAGAACAGGA-1
5370	610	0.6875	TTCGCTGTCGCGAAGA-1_2	CACAACATCATCGCTC-1
5371	1479	1	TTCGGTCAGCCACCGT-1_2	GGAACCCAGGTTACAA-1
5371	1098	0.375	TTCGGTCAGCCACCGT-1_2	GAAACAAGTGACAAGC-1
5373	931	0.8125	TTCGGTCGTACTCCCT-1_2	CGTTCCATCTGTTGCC-1
5374	559	1	TTCGGTCTCATGAGAA-1_2	ATTTGTCCAGGTCCTG-1
5375	1232	0.625	TTCGGTCTCCTCAGGG-1_2	GATCGTAAGGTACATA-1
5376	2252	0.75	TTCTAACAGGCCACTC-1_2	TTACTTGAGAGCCTGA-1
5377	1917	0.0625	TTCTAACAGTCGCCAC-1_2	TATGTGGTCGATAGTC-1
5378	2122	0.875	TTCTAACCACGGATCC-1_2	TGCGTAATCCATACCC-1
5378	1802	0.125	TTCTAACCACGGATCC-1_2	TACCTCGTCCAACGCG-1
5379	1010	0.75	TTCTAACTCTAGAGCT-1_2	CTCTCGAGTGTCTACA-1
5379	1969	0.25	TTCTAACTCTAGAGCT-1_2	TCACCTGTCAGTCAAC-1
5382	958	0.25	TTCTCTCAGAGTTGAT-1_2	CTAGGATCAGGGAGTT-1
5382	956	0.4375	TTCTCTCAGAGTTGAT-1_2	CTAGGATAGGACTTTC-1
5382	1777	0.25	TTCTCTCAGAGTTGAT-1_2	TAATTCCGTCCCTTTG-1
5382	946	0.25	TTCTCTCAGAGTTGAT-1_2	CTACTTAGTACGGAGT-1
5383	2125	0.3125	TTCTCTCTCATACGGT-1_2	TGCTATTAGATGTTGA-1
5383	1188	0.3125	TTCTCTCTCATACGGT-1_2	GAGACTTAGAGGAATG-1
5384	517	0.375	TTCTGTACAGGGAGAG-1_2	ATGTACGAGAGAGTTT-1
5385	273	0.5625	TTCTGTAGTGTAGGAC-1_2	ACGTTAGGTCTGATTG-1
5386	1672	0.5625	TTCTTCCAGGGAGATA-1_2	GTGCACGCAATGTGCT-1
5386	1307	0.8125	TTCTTCCAGGGAGATA-1_2	GCAGCTGCACCTATTT-1
5386	1920	0.1875	TTCTTCCAGGGAGATA-1_2	TATGTTCGTGCTTGAT-1
5387	378	0.1875	TTCTTCCTCCACTAGA-1_2	AGCGATTGTCACATTG-1
5389	742	0.5	TTCTTGAAGTAACCGG-1_2	CCAATGAAGCGCATTT-1
5389	2128	0.375	TTCTTGAAGTAACCGG-1_2	TGCTCACCAATGCCAT-1
5390	1987	0.875	TTCTTGACAAGGATGC-1_2	TCAGGTATCCATCTAT-1
5390	1313	0.0625	TTCTTGACAAGGATGC-1_2	GCATGATCATTATGGC-1
5390	783	1	TTCTTGACAAGGATGC-1_2	CCCTAACAGGTAGGCT-1
5390	1034	0.875	TTCTTGACAAGGATGC-1_2	CTGGGACTCGAGCGCT-1
5390	1027	0.3125	TTCTTGACAAGGATGC-1_2	CTGGCAGGTGCACTTA-1
5391	1433	0.8125	TTCTTGACACACCTAA-1_2	GCGTTGGCAGGTGGTA-1
5391	1484	0.3125	TTCTTGACACACCTAA-1_2	GGAACTTAGGATTGAT-1
5391	880	0.625	TTCTTGACACACCTAA-1_2	CGCTAGGAGCTGCCAC-1
5391	1171	0.5	TTCTTGACACACCTAA-1_2	GACCTTCCAATCATCG-1
5392	2172	0.8125	TTCTTGATCGAACGGA-1_2	TGGCGCATCTCATCCG-1
5393	1493	0.125	TTCTTGATCGAATCCA-1_2	GGAATCTTCGTATAGC-1
5394	890	1	TTGAACGAGAATACAC-1_2	CGCTATCCAAGGCGTA-1
5395	327	0.1875	TTGAACGAGCTTTGTG-1_2	AGACAAACACACACCG-1
5395	1907	0.1875	TTGAACGAGCTTTGTG-1_2	TATCTGTCAACCTCCT-1
5396	1624	0.5	TTGAACGAGGAACATT-1_2	GTAGGAGAGAACCATA-1
5397	2292	0.375	TTGAACGCATGCCATA-1_2	TTCGATTAGGATTGAT-1
5397	1309	0.4375	TTGAACGCATGCCATA-1_2	GCAGCTGGTAATGTGA-1
5398	1518	0.5625	TTGAACGGTAGCCAGA-1_2	GGATAGGAGGCTTCGC-1
5398	429	0.6875	TTGAACGGTAGCCAGA-1_2	AGGCGTCGTCTCTAAG-1
5401	286	1	TTGACCCAGCATGCGA-1_2	ACTACCCCAACCTCTC-1
5401	65	1	TTGACCCAGCATGCGA-1_2	AACCAACCAGGAGCAT-1
5401	1047	1	TTGACCCAGCATGCGA-1_2	CTTAATCGTGTACGCC-1
5402	1724	0.4375	TTGACCCCAAGCTGTT-1_2	GTTATTCTCCAAGAGG-1
5403	666	1	TTGACCCTCCTCCACA-1_2	CAGCCTTGTGGCATAG-1
5403	579	1	TTGACCCTCCTCCACA-1_2	CAACGGCGTAGCGAGT-1
5404	1793	0.875	TTGAGTGCACTGTCCT-1_2	TACCCTGTCAGCACGC-1
5404	1489	0.375	TTGAGTGCACTGTCCT-1_2	GGAATCTCACAGTTCA-1
5404	794	0.5	TTGAGTGCACTGTCCT-1_2	CCCTAGTGTCTGGTTA-1
5405	582	1	TTGAGTGCAGGTCCGT-1_2	CAACGGCTCGGAGTTT-1
5405	226	0.5625	TTGAGTGCAGGTCCGT-1_2	ACCAAACGTGTGTGTT-1
5407	1479	0.5	TTGATGGTCCACCTCA-1_2	GGAACCCAGGTTACAA-1
5408	1328	0.4375	TTGCATTCAAGCACAG-1_2	GCATTGATCTTCCACG-1
5408	337	0.3125	TTGCATTCAAGCACAG-1_2	AGATTCGAGTGTAATG-1
5408	1826	0.5	TTGCATTCAAGCACAG-1_2	TACTAGGCACATGATC-1
5408	1339	0.375	TTGCATTCAAGCACAG-1_2	GCCAGCATCAAGTTGC-1
5409	1659	0.75	TTGCATTTCGCTTGAA-1_2	GTCTACCCATGGATGG-1
5409	1379	0.4375	TTGCATTTCGCTTGAA-1_2	GCGAGTCTCCGTGCAG-1
5410	2104	0.8125	TTGCCTGCAACCTATG-1_2	TGCACCTAGATGGGTC-1
5411	1721	1	TTGCCTGCAACGCATT-1_2	GTTATGGAGACCCTAT-1
5411	400	1	TTGCCTGCAACGCATT-1_2	AGCTGGCTCTAAACGC-1
5411	1190	0.75	TTGCCTGCAACGCATT-1_2	GAGACTTTCGACTTAG-1
5411	531	0.3125	TTGCCTGCAACGCATT-1_2	ATGTTTCAGATGGGAA-1
5411	1755	0.9375	TTGCCTGCAACGCATT-1_2	TAACTTCGTCACAGGA-1
5412	520	0.25	TTGCTGCAGAGATCGC-1_2	ATGTACGGTCCATTGA-1
5412	883	0.25	TTGCTGCAGAGATCGC-1_2	CGCTAGGTCGCTTGAA-1
5412	192	0.125	TTGCTGCAGAGATCGC-1_2	ACAGAAACAACACGGA-1
5413	586	0.1875	TTGCTGCCATTATGCG-1_2	CAACGTACACTAAACC-1
5413	2165	0.1875	TTGCTGCCATTATGCG-1_2	TGGCGCAGTAACTGAA-1
5413	203	0.25	TTGCTGCCATTATGCG-1_2	ACAGACTTCATTCATC-1
5413	29	0.3125	TTGCTGCCATTATGCG-1_2	AAAGGGCAGACAGTGC-1
5414	1994	1	TTGCTGCGTCTACGTA-1_2	TCAGTCCGTCATAGCT-1
5415	1033	0.75	TTGCTGCTCGCGCCAA-1_2	CTGGGACCATCGAGTT-1
5415	2205	0.25	TTGCTGCTCGCGCCAA-1_2	TGTGGCGCATCGAGTT-1
5416	1559	0.5625	TTGGATGAGTAACGAT-1_2	GGGCCATGTCCAACCG-1
5416	1901	0.3125	TTGGATGAGTAACGAT-1_2	TATCGAGGTTTAAGGA-1
5417	1883	1	TTGGATGTCTCTCTAA-1_2	TAGGTCACACGATATC-1
5417	933	1	TTGGATGTCTCTCTAA-1_2	CTAACTTGTATCACAC-1
5417	1901	0.75	TTGGATGTCTCTCTAA-1_2	TATCGAGGTTTAAGGA-1
5420	1090	0.1875	TTGGGATGTCAGCGTC-1_2	CTTGTCGTCAGAATGA-1
5421	1376	0.8125	TTGGGATTCAGCATTG-1_2	GCGAGTCCACATTCTT-1
5421	764	0.5625	TTGGGATTCAGCATTG-1_2	CCATACCCAGCTTACA-1
5422	1687	0.4375	TTGGGATTCGAAATCC-1_2	GTGCTGGGTAGCTGTT-1
5422	459	0.5	TTGGGATTCGAAATCC-1_2	AGTTTGGAGGCAGTAC-1
5423	265	0	TTGGGCGAGGATTACA-1_2	ACGTGGCCAGATACAA-1
5425	2039	0.5	TTGGGTAGTTGGCCTG-1_2	TCGCCTACATATTGGC-1
5426	534	0.1875	TTGGGTATCTCTGCTG-1_2	ATGTTTCCAGGCAGAT-1
5427	793	0.1875	TTGGTTTTCGAATCCA-1_2	CCCTAGTCAGCGCGTT-1
5430	2367	1	TTGTGTTCACACGGAA-1_2	TTGTTCACACAAGGGT-1
5430	1675	1	TTGTGTTCACACGGAA-1_2	GTGCACGGTCATAGAA-1
5430	2163	0.75	TTGTGTTCACACGGAA-1_2	TGGCGCAAGTGTGTAA-1
5432	1110	0.875	TTGTTCACAAGCGAAC-1_2	GAAATGATCGGTTAGT-1
5433	2399	0.0625	TTGTTCATCTATCGGA-1_2	TTTGTGTGTTTAGACC-1
5434	1497	0.4375	TTGTTGTCAATGGGTG-1_2	GGACACCGTCCCGTGA-1
5436	830	0.375	TTGTTGTCAGAATTCC-1_2	CCTGCTAAGCATTCCA-1
5436	839	0.8125	TTGTTGTCAGAATTCC-1_2	CCTTAATCAGTATACC-1
5437	1700	0.75	TTGTTGTGTCGTATTG-1_2	GTGTCAACATCATAGC-1
5437	428	0.9375	TTGTTGTGTCGTATTG-1_2	AGGCGTCGTCGCTACG-1
5438	828	0.375	TTGTTTGAGTAAACGT-1_2	CCTCCCTTCGGTACTA-1
5438	2363	0.375	TTGTTTGAGTAAACGT-1_2	TTGTCTATCCATCGAA-1
5438	1480	0.5	TTGTTTGAGTAAACGT-1_2	GGAACCCCACCTGTGG-1
5439	1698	0.75	TTGTTTGGTCCAACGC-1_2	GTGTCAAAGCAACGGT-1
5439	720	0.375	TTGTTTGGTCCAACGC-1_2	CATGCCTCACTCCACT-1
5439	338	0.3125	TTGTTTGGTCCAACGC-1_2	AGATTCGCACAAGTGG-1
5441	424	0.4375	TTTACCACACTGTGTA-1_2	AGGCGAAGTCTGCGCA-1
5441	188	0.5625	TTTACCACACTGTGTA-1_2	ACAATCGGTTGGCGAA-1
5441	1600	0.5625	TTTACCACACTGTGTA-1_2	GGTGTCGTCCATATCT-1
5442	907	0.3125	TTTACCATCGTGTCAA-1_2	CGGTGCAGTTTGTGAC-1
5442	371	0.1875	TTTACCATCGTGTCAA-1_2	AGCCTTCCACATAAAG-1
5442	1221	0.4375	TTTACCATCGTGTCAA-1_2	GAGGTCCTCGTGATAC-1
5443	769	0.125	TTTACGTAGCACAAAT-1_2	CCCACATGTACGCAAG-1
5443	1302	0.4375	TTTACGTAGCACAAAT-1_2	GCAGCCACACTCGCAG-1
5444	404	1	TTTACGTCAGCACAAG-1_2	AGCTGTAGTACGACCC-1
5444	1218	0	TTTACGTCAGCACAAG-1_2	GAGGTCCCATCTCTCG-1
5445	11	1	TTTACGTGTTGCATGT-1_2	AAACTCGGTGCGCTCA-1
5445	761	1	TTTACGTGTTGCATGT-1_2	CCAGATATCGTATAGC-1
5445	333	1	TTTACGTGTTGCATGT-1_2	AGATTCGAGAAACGCC-1
5446	737	1	TTTACGTTCAAGGCTT-1_2	CATTCCGGTTGGCGAA-1
5447	660	1	TTTACGTTCTCCTGCA-1_2	CACTGAAGTAGGGTCA-1
5447	1891	0.5	TTTACGTTCTCCTGCA-1_2	TAGGTGTTCTGTGTCC-1
5447	2074	0.75	TTTACGTTCTCCTGCA-1_2	TGAGCCGTCGATCTTT-1
5448	1864	0.6875	TTTACTGAGAGCATCG-1_2	TAGCCGGAGAGGCGGA-1
5448	837	0.1875	TTTACTGAGAGCATCG-1_2	CCTTAATAGACCAATA-1
5450	66	1	TTTACTGTCCTTTGAT-1_2	AACCAACCATCAACTG-1
5451	843	0.6875	TTTAGTCCATCAGCAT-1_2	CCTTAATTCGTGATAC-1
5451	1773	0.75	TTTAGTCCATCAGCAT-1_2	TAATTCCAGACGTCAG-1
5451	463	0.5	TTTAGTCCATCAGCAT-1_2	AGTTTGGCAGGGTACA-1
5451	594	1	TTTAGTCCATCAGCAT-1_2	CAAGAAACAGGTTATC-1
5451	902	0.6875	TTTAGTCCATCAGCAT-1_2	CGGACTGGTCAGGTGA-1
5452	361	0.1875	TTTAGTCCATCTCCCA-1_2	AGCCTCTAGAAATCTG-1
5453	1978	1	TTTAGTCCATGATGCT-1_2	TCACTCGTCTTCGTTA-1
5453	358	0.75	TTTAGTCCATGATGCT-1_2	AGCCGCACAGTAACCT-1
5454	2227	0.5	TTTATGCAGCGCGTTC-1_2	TTACCCGCACTGTTAG-1
5455	303	0.5625	TTTATGCCAGGCACTC-1_2	ACTAGGTGTGATAAGT-1
5455	2069	0.75	TTTATGCCAGGCACTC-1_2	TGACTCCGTTACTTTC-1
5455	729	0.8125	TTTATGCCAGGCACTC-1_2	CATTCATAGTGGGACT-1
5455	381	0.6875	TTTATGCCAGGCACTC-1_2	AGCGATTTCAGCGGTC-1
5457	849	1	TTTATGCTCCTTGACC-1_2	CCTTGGTTCTTCCACG-1
5458	1660	0.6875	TTTCACAAGCAACCAG-1_2	GTCTACCTCCAGTTAG-1
5459	1556	0.9375	TTTCACAAGGACATCG-1_2	GGGCCATAGTTGGAAT-1
5459	1057	0.75	TTTCACAAGGACATCG-1_2	CTTCCAGGTGATAGAT-1
5459	2010	0.75	TTTCACAAGGACATCG-1_2	TCCAGAAGTACTAGAA-1
5461	832	0.25	TTTCACACATCTTCGC-1_2	CCTGGGAAGTGAGTTA-1
5462	1326	0.375	TTTCAGTAGCCATTCA-1_2	GCATTGAGTGGTGGTA-1
5463	146	1	TTTCAGTCAGTTGGTT-1_2	AATGGAACACTCAGCG-1
5463	2294	1	TTTCAGTCAGTTGGTT-1_2	TTCGCGTAGGACTAGC-1
5464	855	0.3125	TTTCAGTTCGATCCAA-1_2	CGATGATAGAGAGTAG-1
5465	2284	0.8125	TTTCATGAGAGCAGCT-1_2	TTCATCATCCAGAATC-1
5465	102	0.625	TTTCATGAGAGCAGCT-1_2	AACTGGTGTTAGTAGA-1
5465	1494	0.125	TTTCATGAGAGCAGCT-1_2	GGACACCAGGTTTCTG-1
5466	708	0.5	TTTCATGAGGAGCTGT-1_2	CAGTGTAGTGAATGTA-1
5466	186	0.25	TTTCATGAGGAGCTGT-1_2	ACAATCGCAGGTTATC-1
5467	724	0.9375	TTTCATGGTTCAAGTC-1_2	CATGCCTTCGAAGCCC-1
5467	1076	0.75	TTTCATGGTTCAAGTC-1_2	CTTGCTGAGCTATCGT-1
5467	973	0.3125	TTTCATGGTTCAAGTC-1_2	CTCAGAACAAACGTTC-1
5468	1341	0.4375	TTTCCTCAGGTATCTC-1_2	GCCATAACAACTGCGC-1
5470	341	0.4375	TTTCGATAGTAAACTG-1_2	AGCCAGCCAAGGATGC-1
5471	2306	0.1875	TTTCGATCAAACAGGC-1_2	TTCTAACTCCCAATAG-1
5472	84	0.0625	TTTCGATCATAATCGC-1_2	AACCTTTTCCTATCAT-1
5473	1084	0.625	TTTCGATCATGTGCTA-1_2	CTTGTCGAGTTACACC-1
5476	8	0.4375	TTTGACTTCGGACTTA-1_2	AAACTCGAGAGAAGCA-1
5477	922	1	TTTGATCCAAAGCAAT-1_2	CGTGGCAGTCTTAGCA-1
5477	2178	1	TTTGATCCAAAGCAAT-1_2	TGGGTTACAGGGTACA-1
5478	1973	1	TTTGATCGTCAGCTTA-1_2	TCACTCGCAATACTGC-1
5478	2386	0.5625	TTTGATCGTCAGCTTA-1_2	TTTGCGCGTCATAGCT-1
5480	719	1	TTTGGAGGTTCGTACA-1_2	CATGCCTCACGATTAC-1
5480	1695	1	TTTGGAGGTTCGTACA-1_2	GTGGCGTCATTGTTCT-1
5480	1720	1	TTTGGAGGTTCGTACA-1_2	GTTACTTGTGCTTACA-1
5482	1834	0.75	TTTGGAGTCGTTCGCT-1_2	TACTGCCTCAATGCAC-1
5483	332	0.8125	TTTGGAGTCTTAGCTT-1_2	AGATAGATCGTTCTAT-1
5483	1058	0.625	TTTGGAGTCTTAGCTT-1_2	CTTCCAGTCCGAGGAA-1
5484	2011	0.4375	TTTGGTTAGAACTGAT-1_2	TCCAGAATCCATACCC-1
5484	563	0.3125	TTTGGTTAGAACTGAT-1_2	ATTTGTCGTTTAGGAA-1
5484	227	0.1875	TTTGGTTAGAACTGAT-1_2	ACCAAACTCGAACACT-1
5485	2242	0.6875	TTTGGTTCACAAATGA-1_2	TTACGTTGTTCTGAGT-1
5486	190	0.6875	TTTGTTGCACAATGAA-1_2	ACAATCGTCTTCACTA-1
5486	1196	0.4375	TTTGTTGCACAATGAA-1_2	GAGATTCGTCCGTAGC-1
5486	426	0.375	TTTGTTGCACAATGAA-1_2	AGGCGAATCCGGAAAG-1
5486	2274	0.5625	TTTGTTGCACAATGAA-1_2	TTAGGTGGTTGGCTAT-1
5486	448	0.625	TTTGTTGCACAATGAA-1_2	AGTGCGCGTTGCTTGA-1
5487	198	0.3125	TTTGTTGGTAGGCTCC-1_2	ACAGACTCACTCGCAG-1
5488	614	1	TTTGTTGTCGAGAATA-1_2	CACAGATTCCCTAAAG-1
