gene,p_val,avg_log2FC,pct.1,pct.2,p_val_adj
Fmn2,5.63568231946383e-13,1.4496687382142,0.541,0.175,1.22902960022867e-08
Zfp521,5.69755055906674e-13,1.52749100691338,0.497,0.149,1.24252182592127e-08
Plcb4,6.34586703874124e-12,1.37254703607187,0.566,0.242,1.38390668380869e-07
Zfp536,1.10097842491338e-11,-2.41860443946091,0.094,0.264,2.40101374905111e-07
Pex5l,3.18543583988674e-10,-2.05340142246133,0.101,0.27,6.94679847962499e-06
App,8.2616059330862e-10,-2.09680622937688,0.069,0.244,1.80169102188744e-05
Tmeff2,2.03313726966463e-09,-1.85437251697037,0.119,0.291,4.43386575768461e-05
Ank3,3.0162417160396e-09,-1.47112768803269,0.277,0.419,6.57781993433917e-05
Pbx1,1.2929348459215e-08,1.37061542429142,0.497,0.161,0.00028196323119856
Pitpnc1,1.35833854904609e-08,1.9197496205537,0.296,0.062,0.000296226470775972
Tnik,1.81170423651037e-08,1.43510620157161,0.428,0.147,0.000395096459898182
Dock10,1.92341408526912e-08,-1.95341904913267,0.069,0.23,0.000419458143715491
Utrn,8.54077623741851e-08,0.80113816425047,0.642,0.338,0.00186257248185623
Gli2,1.26693827262491e-07,1.55947070694658,0.296,0.099,0.00276293898494041
Lrrc8d,1.95282295679129e-07,-2.49036017990139,0.031,0.125,0.00425871630417045
Plcl1,2.09344368050347e-07,-1.65398369550879,0.088,0.236,0.00456538197844197
Nebl,2.86601293046426e-07,1.11997165879193,0.472,0.19,0.00625020099875645
Prkce,3.05119059725195e-07,0.917228471592886,0.535,0.248,0.00665403645448704
Hoxc9,3.60333999370982e-07,5.63545989894621,0.031,0,0.00785816385828238
Fat3,3.77128171862479e-07,0.797585341541692,0.635,0.325,0.00822441117197694
Sybu,4.64668522522184e-07,1.32956333984797,0.346,0.125,0.0101334911391638
Nhsl1,4.8592303939823e-07,1.79685507444338,0.252,0.06,0.0105970096431966
Akap6,5.01857839439452e-07,1.08621591589237,0.459,0.217,0.0109445157624956
Nwd1,5.77226198264619e-07,1.78505691250638,0.22,0.055,0.0125881489317548
Pparg,6.66376571060176e-07,1.67962457926366,0.252,0.062,0.0145323402616803
Dock4,1.6192380097748e-06,0.962128255977771,0.541,0.261,0.0353123425171688
Slc12a2,2.39229665178733e-06,-2.27051548475126,0.025,0.114,0.052171205382178
Trps1,2.42530687591663e-06,1.3062553044503,0.365,0.103,0.0528910923499899
Pex14,3.92657055385323e-06,1.65251773745085,0.226,0.078,0.0856306506384313
Slc24a2,4.04480366502913e-06,-1.53144885969746,0.113,0.247,0.0882090783269553
Notch2,4.15233090807528e-06,1.56813724381116,0.214,0.068,0.0905540324433058
Gpam,4.2565750645548e-06,2.86661969543025,0.107,0.014,0.0928273890078111
Tiam2,4.32983697416529e-06,1.36879932523763,0.302,0.109,0.0944250847325967
Tns3,4.72405366248491e-06,-1.50840039018047,0.157,0.222,0.103022162271471
Nos1ap,5.08053115468121e-06,0.97634039290194,0.44,0.205,0.110796223421288
Pygb,5.79055840526589e-06,2.0366620606025,0.176,0.038,0.126280497702038
Luzp2,6.04033243478704e-06,0.981203439293905,0.478,0.201,0.131727569737836
Hivep2,6.13439952685564e-06,0.955990901306766,0.447,0.221,0.133778984881668
Lhfp,6.97038891132612e-06,1.51374918756316,0.264,0.085,0.1520102413782
Hsp90aa1,8.93332641213206e-06,-1.61579302087833,0,0.029,0.194817982395776
Tle4,9.54335145913196e-06,1.27674349956874,0.308,0.11,0.20812140862075
Slain1,1.05357228796953e-05,-2.72152619343305,0.013,0.096,0.229763044560395
Dnm3,1.05425947856543e-05,-1.20523456953558,0.22,0.315,0.229912907085548
Dtna,1.1761693517575e-05,1.13863269168794,0.346,0.126,0.256499012231275
Ilvbl,1.23870261153415e-05,-2.0864879705994,0,0.037,0.270136265523368
Dpf3,1.30765219100427e-05,1.19462138562575,0.352,0.141,0.285172789814212
Camk2d,1.33993010071855e-05,0.94762401299778,0.421,0.179,0.292211956364701
Abca1,1.55718513727229e-05,1.68497609251043,0.226,0.054,0.33959093473634
Syn2,1.55999515013906e-05,1.41631041330852,0.245,0.078,0.340203742342327
Camk1d,1.57514184829913e-05,0.838391121878922,0.509,0.244,0.343506934277075
Cecr2,1.65949096556272e-05,1.70505164465752,0.189,0.05,0.361901789769919
Epb4.1l5,1.74454604011795e-05,1.5231422632845,0.226,0.071,0.380450600428922
Brinp3,2.21040125614687e-05,0.763241667678118,0.472,0.27,0.482044305940509
Sema4d,2.26037775946396e-05,-2.15391972425976,0.013,0.065,0.492943181783901
Apbb1,2.26820190752866e-05,-2.18420912130774,0,0.04,0.49464947199385
Slc44a1,2.34449932073512e-05,-2.02369492577583,0.075,0.148,0.511288411865916
Bin1,2.65545006558915e-05,-1.96303786764523,0.038,0.123,0.579100550303681
Tmem241,2.66733958025224e-05,1.11003770840113,0.321,0.115,0.581693415661409
Nfia,2.90906642829287e-05,1.362194238868,0.34,0.1,0.634409206682109
Arhgef10,2.93050498665372e-05,-1.97309522098045,0.044,0.117,0.639084527489443
Stt3b,3.60581653474448e-05,1.41943234460642,0.208,0.067,0.786356469897075
Trak1,3.62631356068625e-05,1.50378488537381,0.22,0.063,0.790826461314456
Slc4a4,3.68556314536708e-05,1.19615699801459,0.327,0.112,0.803747610741652
Pdlim5,3.75045155753433e-05,0.917546979614327,0.415,0.18,0.817898475667087
Sh3rf1,3.79850471245589e-05,1.0286787866254,0.384,0.151,0.828377907692381
Trim9,4.19309515122452e-05,1.68129784367188,0.189,0.051,0.914430190579043
Ankrd44,4.57234455019403e-05,-1.03907826602183,0.233,0.313,0.997136899506315
Aff1,4.78346908710149e-05,1.46856091365091,0.239,0.084,1
Zbtb40,4.80304828619498e-05,1.40757778607864,0.214,0.062,1
Helz,4.80388207602338e-05,1.51064492894477,0.22,0.07,1
St18,5.01224257026889e-05,-1.2112504340691,0.189,0.305,1
Ephb1,5.18081884672829e-05,-1.26738190911519,0.189,0.266,1
Erbb2ip,5.34549771840375e-05,-2.18209033716709,0.006,0.055,1
Kif13b,5.46521243695501e-05,-1.95138452313637,0.025,0.088,1
D630011A20Rik,5.64480900931329e-05,2.46810333645298,0.094,0.019,1
Slc22a23,5.64838726135756e-05,-1.70857270931865,0.063,0.131,1
Hivep1,5.65683202791808e-05,1.34351732434586,0.245,0.082,1
Hoxc5,5.85405678619288e-05,2.90806603660334,0.063,0.009,1
Arhgef4,6.66846612138174e-05,1.4855803256107,0.245,0.071,1
Pid1,7.85113906385471e-05,0.806572935313389,0.371,0.201,1
1700066M21Rik,7.9105721983164e-05,-1.94765061151113,0,0.033,1
Ikzf3,8.00199856609851e-05,1.71317844859068,0.151,0.043,1
Grb14,8.29952966417772e-05,-1.4840726483084,0.082,0.159,1
Ubr5,8.49835561060893e-05,1.74823413935141,0.164,0.046,1
Wdr17,8.59536199017507e-05,0.77674030536281,0.478,0.212,1
Hibadh,8.61072148289168e-05,1.68600904766698,0.189,0.049,1
Gabrb2,9.07859362009775e-05,-1.06422541576122,0.252,0.28,1
Snx30,9.36265145132592e-05,-1.73639648464325,0.038,0.118,1
Prkar2a,0.000101483962300586,2.01887198749909,0.126,0.027,1
Fut9,0.000104113290277373,0.988072191960113,0.346,0.128,1
Ralgps2,0.000105276181985627,1.11552265172461,0.296,0.1,1
Epas1,0.000108840198685145,1.55587117664738,0.182,0.052,1
Gpm6a,0.000115039113053887,1.19031754689218,0.27,0.074,1
Mapk10,0.000115576966206,0.945293478989017,0.384,0.168,1
Frmpd1,0.000116405525655411,1.49600262643598,0.195,0.057,1
Mapk4,0.000117220383417247,1.56228534945466,0.195,0.058,1
Ppp4r1,0.000118482862555384,-1.74313018018499,0,0.029,1
Osbpl1a,0.000122597492776318,-1.22408346794369,0.164,0.184,1
Atp8a1,0.000126639934942385,-1.066859268041,0.17,0.217,1
Atl2,0.000127706172714198,1.95154109738964,0.113,0.027,1
Sfxn5,0.000130256450353897,1.36874937193904,0.233,0.069,1
Synj2,0.000139467963363443,-1.87318551417701,0.019,0.07,1
Evi5l,0.000140734486394565,-1.58279610142084,0.069,0.13,1
Unc5b,0.000143280377719963,-1.82923383267068,0.031,0.081,1
Zfpm2,0.00014971915007745,0.577249355399095,0.66,0.402,1
Serinc5,0.000152978588165658,-1.82650686111397,0.038,0.113,1
Cdh2,0.00015437248547316,0.820201259572806,0.396,0.176,1
Fancd2,0.000164546813165917,1.12638151933703,0.214,0.09,1
Frmd5,0.000164913154973036,-1.67559372810473,0.094,0.167,1
Rgl1,0.000167616060706954,1.01377011803202,0.327,0.133,1
Agl,0.000177245025865047,1.40517826200943,0.214,0.06,1
Slc6a11,0.000178928099839131,1.59424883046294,0.17,0.044,1
Vps54,0.000182567056881214,1.66390428790518,0.17,0.053,1
Ppfibp2,0.000184843792041634,-1.18353460589657,0.132,0.195,1
Gria1,0.000188718538717161,0.81601357047552,0.365,0.161,1
Mid1,0.000188958871837616,0.975828725624554,0.321,0.134,1
Rmdn1,0.000192561761986157,1.41362429544502,0.164,0.059,1
Sash1,0.000193004692864651,1.47142579935429,0.189,0.05,1
C2cd4b,0.000194985045271674,-0.694890335437866,0,0.016,1
Kcna5,0.000203658798996824,-1.28477191671939,0.119,0.194,1
Ccdc152,0.000209856026819014,2.0701221025232,0.107,0.018,1
M5C1000I18Rik,0.000210216291378614,-0.62938965009903,0,0.016,1
Nrcam,0.000212810186605783,1.08797913296742,0.314,0.123,1
Dhx57,0.000213033950006961,1.10750327003951,0.258,0.079,1
Fars2,0.000219100886675071,0.600813606179662,0.553,0.327,1
Tspan7,0.000222645216587138,2.1847862040014,0.107,0.028,1
Gm884,0.000225512417929313,1.73822494608885,0.138,0.034,1
Trhde,0.000225928199670401,0.447983670962807,0.667,0.425,1
Mob1b,0.0002327628501983,1.721568887715,0.126,0.034,1
Phldb1,0.00023640177767251,-2.27561264635477,0.006,0.046,1
Ppp2r2b,0.000249826187819178,0.673326534799121,0.484,0.266,1
Elovl7,0.000250919763060969,-1.66404417230919,0.063,0.111,1
Usp53,0.000255346985744207,1.70525140684179,0.17,0.043,1
Phkb,0.000260424450688514,0.995272436012116,0.308,0.127,1
Chtf18,0.000267863022871062,-1.9078473105849,0.006,0.045,1
Ank,0.000275389867565667,-1.57699609609444,0.044,0.085,1
Cyld,0.000276672936024012,-1.76840630546196,0.025,0.066,1
Gas7,0.000276784593807565,-1.35964133237691,0.069,0.13,1
Frk,0.000288868244358947,-1.45618146999709,0.075,0.141,1
Pde7b,0.000289509045383977,0.914257703781332,0.377,0.159,1
RP24-426M1.3,0.000292288634987478,1.22339905761467,0.208,0.068,1
Kctd1,0.000293215228130631,0.671419849181403,0.44,0.203,1
Rap1gap,0.000301903464723137,-1.88144037372348,0.019,0.057,1
Tnnt1,0.000303639880376304,-1.35845287452465,0,0.024,1
Mdc1,0.000304602148532597,-1.98082919851443,0,0.032,1
Tom1l1,0.000307959410182887,1.80688741556815,0.119,0.034,1
Ift81,0.000310656509278944,1.54916289609032,0.164,0.047,1
Iqch,0.000313759375409955,1.07559982645223,0.27,0.111,1
Bnip3l,0.000315980606196047,-1.42469326842616,0,0.024,1
Hdac8,0.000317408011848102,1.45807664964761,0.182,0.047,1
Klf12,0.000334723422316251,0.706975758097912,0.453,0.228,1
Prickle2,0.000363075331058953,-0.996931666693203,0.132,0.186,1
Ippk,0.000376256000684759,-1.58648960130192,0.038,0.087,1
Abl2,0.000376982711769696,1.61639501969725,0.157,0.04,1
Vwa8,0.000382009708241288,0.67852085086484,0.465,0.25,1
Lypla1,0.000383119428129888,1.67866564568645,0.138,0.037,1
Lrrc8c,0.000388520368971537,-1.31115775878424,0.057,0.125,1
Inpp5d,0.000390214457862743,1.41769868412212,0.189,0.057,1
Cdca3,0.000390693204117578,-2.00687245320119,0.019,0.064,1
Aqp4,0.000392441958371659,2.3752650950499,0.082,0.014,1
Ttll7,0.0003933594354346,-1.10255177255102,0.113,0.175,1
Necab1,0.000400695499020813,-0.985085226219811,0.164,0.223,1
Sncaip,0.000402876545111202,-1.2958088875805,0.088,0.136,1
Acbd6,0.000406543778025067,1.10282918512193,0.245,0.1,1
Dip2a,0.000407236420372839,-1.36051916379974,0.038,0.103,1
Cnnm2,0.000410595524448396,1.26742870037341,0.233,0.074,1
Asap1,0.000423508612309244,0.815192305378516,0.428,0.188,1
Hist1h1c,0.000428820743751901,-0.840303316210807,0,0.017,1
Fam212b,0.000432824879460907,-1.51818476541548,0.006,0.032,1
Zfp523,0.000441278062705552,-1.59675937737229,0.019,0.053,1
Skap1,0.000447886244365117,0.796832112507472,0.34,0.148,1
Bcr,0.000451226329042014,1.05646721712118,0.258,0.106,1
Csgalnact1,0.000456655638026181,0.800808338738467,0.415,0.209,1
Trim37,0.000461437318838038,1.22492574138194,0.226,0.078,1
Spon1,0.000464128470646779,0.925716340439037,0.296,0.128,1
Ubl3,0.000465110558975148,-1.83457411901562,0.006,0.045,1
Xpr1,0.000473532256719684,1.10183733638164,0.239,0.084,1
Etv1,0.000475147738055131,0.900441884914084,0.321,0.142,1
Inf2,0.000475243987124265,-1.40869537504742,0.019,0.051,1
Klhdc1,0.000475486813015975,1.42041679027844,0.157,0.045,1
Eps8,0.000476900887672083,1.14916773826572,0.289,0.106,1
4930544G11Rik,0.000478351439519957,2.6847164427668,0.075,0.011,1
Bcl7a,0.000491703152403445,-1.29555401655729,0,0.023,1
Tfcp2l1,0.000500051378615183,1.67800336873392,0.126,0.034,1
Sec14l5,0.000513897143105898,-1.78928323597295,0.006,0.049,1
Klhl2,0.000514842678397158,-1.48836355991046,0.063,0.119,1
Spred2,0.000529270411676459,1.55816758446568,0.176,0.049,1
Per3,0.000532002666156578,1.62662794775815,0.132,0.038,1
Fstl4,0.000536932936592803,0.606152966395922,0.465,0.242,1
Raver2,0.00053827847724638,1.2940537301456,0.214,0.065,1
Npy2r,0.000544722112433087,-1.98795349317394,0,0.031,1
Atp13a4,0.000549015774992639,1.59579389451878,0.17,0.045,1
Vps13d,0.000550057125003557,0.926111456647593,0.34,0.14,1
Map2,0.000560395989126396,0.890938028793774,0.365,0.177,1
Bcl2,0.000561097650349781,1.16989907437859,0.258,0.108,1
Ophn1,0.000580766203434611,-1.62730011068156,0.05,0.12,1
Tnr,0.000586320286087657,-0.857924971163076,0.264,0.291,1
Map7,0.000590850197562781,-1.28180500195004,0.088,0.142,1
Pkp4,0.000604563527256134,-0.881858005512621,0.132,0.231,1
Set,0.000605537381758982,-1.99627102659196,0,0.031,1
Spock1,0.000621998721307502,0.688128291002806,0.428,0.244,1
Nr3c2,0.000626193241159974,0.659277649288041,0.491,0.266,1
Cggbp1,0.000637681922664362,-1.77820774052901,0.006,0.04,1
Rcan2,0.00064109326389416,-1.07636399489146,0.17,0.243,1
Ttll5,0.000655015571697009,-0.91229598902118,0.094,0.161,1
1700088E04Rik,0.000656136838941423,-1.31650445638603,0.013,0.038,1
Cers6,0.000658748015493983,-0.920612403840934,0.27,0.318,1
Enpp2,0.000669664093307778,-1.57911772338525,0.038,0.099,1
Myrf,0.000670724206468963,-1.59544791938442,0.013,0.049,1
Slc39a11,0.000681168777302376,-1.03545434117148,0.189,0.225,1
Brinp2,0.000691175617351475,0.902689225592372,0.252,0.109,1
Ssbp2,0.000694603814488275,0.73916231976486,0.447,0.225,1
Dclk1,0.000697704819294907,0.7013161470128,0.415,0.232,1
Uqcc1,0.000702611664302045,1.28551329378716,0.17,0.051,1
Oat,0.000708058325582272,1.96843034702311,0.119,0.028,1
Pcmtd2,0.000725072050142722,-1.39170232494763,0.006,0.031,1
Zfp365,0.000726067163051847,-1.68704425686888,0.013,0.05,1
Adk,0.00072679990830386,0.810312933402843,0.365,0.161,1
Ptprz1,0.000734856113344338,1.28418431561909,0.195,0.063,1
Rgs14,0.000747506255624352,-1.11959960934631,0,0.019,1
Prox1,0.000756147792595452,-1.55337612833642,0.006,0.031,1
Fbxo10,0.000770818421617158,1.4418204719027,0.17,0.056,1
Alcam,0.000774567605068446,0.691421459084264,0.447,0.229,1
Mtfmt,0.000775167517851895,-1.30686522029344,0,0.023,1
Rpusd1,0.000776602202338644,-1.81692487234281,0.006,0.041,1
Pcmt1,0.000776930119720809,-1.63546770098816,0.019,0.051,1
Lrrc8b,0.000785389454110022,-1.90302905945746,0.013,0.07,1
Cep83,0.000785606660370276,1.0426897085001,0.252,0.082,1
Strap,0.000790137727262024,1.62152489128645,0.119,0.037,1
Stk10,0.00079165528887891,1.16162385320091,0.214,0.078,1
Fut8,0.000859230700813192,1.23537380024153,0.239,0.089,1
Pak1,0.000866433689500766,-2.15139710661377,0.006,0.04,1
Mael,0.000881516499363197,2.05311781031195,0.082,0.021,1
Olfr352,0.000898699999083984,4.21606493159808,0.019,0.001,1
Emilin1,0.000916700707518118,-1.58546378734072,0,0.027,1
BC005537,0.000918256099434021,-1.23952101394952,0.006,0.027,1
Fndc3b,0.000939874950211899,0.782570215262574,0.403,0.201,1
Gm10961,0.000945780169245502,3.17298170315797,0.038,0.005,1
Abcd2,0.000950293192524474,1.69697325829963,0.107,0.029,1
Mpp6,0.000960108145719324,1.38956358345055,0.189,0.053,1
Kifc3,0.000971762564744608,1.62407400483731,0.138,0.043,1
Ogfod2,0.000980222224081795,-1.35179348756643,0,0.023,1
Foxa3,0.000990027428595211,-0.706270772769082,0,0.018,1
Tm2d1,0.000992853735705604,1.94690045064761,0.101,0.025,1
Trim59,0.00100709977544423,-1.53944208123889,0,0.022,1
Acsbg1,0.00100897473989817,1.85748736334886,0.113,0.032,1
Crlf2,0.00102576976504162,-1.81302347456424,0,0.027,1
Shc3,0.001030911884475,1.39176708741807,0.176,0.053,1
Pik3c2b,0.00103344039287767,-1.66575869315912,0.019,0.061,1
Cr1l,0.00104433831358547,1.30725711494975,0.151,0.056,1
Rfx3,0.00104843598127292,0.940777272444925,0.321,0.147,1
Adra1b,0.00104870838538456,1.00059063091154,0.258,0.107,1
Elovl5,0.0010503866307797,1.87099739418159,0.107,0.036,1
Srgap1,0.00107914168971523,0.872340063827437,0.333,0.167,1
Hrh4,0.00109962202909504,2.22363771265744,0.075,0.018,1
Gm595,0.00111850034030401,2.19094193202645,0.063,0.01,1
Agbl5,0.00112355601076439,-1.54448688014219,0,0.023,1
Mras,0.00112722446524249,1.71782877964361,0.126,0.032,1
Gins4,0.001140157235951,-2.01029510265469,0.013,0.05,1
Cdip1,0.00115109439910009,-0.965892327576519,0,0.018,1
Ptpn4,0.00116178957835098,1.18891288462312,0.226,0.076,1
Ccdc57,0.0011804517704462,0.993927855632341,0.252,0.107,1
Zfp541,0.00118701950443445,1.9699753723501,0.082,0.02,1
Pnpla8,0.00126257565351079,1.21030690340402,0.195,0.079,1
Alms1,0.00126648592386789,1.42731912608652,0.132,0.046,1
Scmh1,0.0012714622459577,1.28676578530178,0.182,0.065,1
Gap43,0.00127455474444355,1.25033746073406,0.176,0.057,1
Kbtbd7,0.00128190345283379,2.500991858064,0.063,0.009,1
Aak1,0.00129976152779024,1.38337934854869,0.164,0.063,1
Acy1,0.0013144863648635,-1.95567202978076,0,0.028,1
Snx25,0.00131768725859499,1.07888482579346,0.226,0.095,1
Ppfia2,0.00131840866086932,0.380403412116332,0.673,0.485,1
Ap1g2,0.00132837472090883,-0.858123340939657,0,0.017,1
Folh1,0.00133599096142255,1.07445870503642,0.214,0.082,1
St6gal1,0.00135148203371893,-1.27210719156049,0.044,0.098,1
Shroom4,0.00138255719900031,1.24757900798633,0.252,0.089,1
Strip1,0.00139816317135545,2.35959027527375,0.069,0.013,1
Lamtor2,0.00140592914356798,-1.70498083066333,0,0.028,1
Adcy6,0.00140666880279044,-0.589053979939799,0,0.015,1
Mme,0.00141069121890809,-1.10027320943748,0.119,0.194,1
Usp31,0.00142643856316648,-1.47655292722321,0.044,0.101,1
Aff3,0.00143986711539518,0.60203603536628,0.472,0.261,1
Cdk5rap1,0.00143990561582268,1.65106153828382,0.113,0.027,1
Tsfm,0.00144135915345728,2.33561950985264,0.069,0.013,1
Tmtc1,0.00145259591799235,0.550449000414424,0.509,0.296,1
Kcnk2,0.00146790224622219,0.741223281212183,0.327,0.143,1
Glb1l,0.00147565079835502,2.86204939677494,0.05,0.008,1
Tatdn3,0.00147596271921726,1.61619887008101,0.113,0.039,1
Asap2,0.00149106886601926,1.03498119721879,0.245,0.109,1
Cops8,0.00150008883272394,-1.18504588752416,0.006,0.029,1
Keap1,0.00154722229016395,-0.780283482866069,0,0.017,1
Gm9992,0.00156015131695118,4.01656682915178,0.025,0.001,1
Kif13a,0.00156868808463756,-1.19599978241946,0.069,0.114,1
Coro1c,0.00157851125165263,-1.66390837355698,0.025,0.059,1
Depdc1a,0.0015813737416328,-1.52373930109917,0.063,0.103,1
Nol4,0.00161434305542536,0.586525119770068,0.478,0.261,1
Bmpr1b,0.00161592644655997,0.510598562629793,0.528,0.269,1
Grn,0.00161786116956374,-1.20711788224298,0,0.021,1
Acot7,0.00162303297465017,-1.41507538303119,0.025,0.067,1
Mapt,0.00163395082816058,-1.3423131453728,0.038,0.074,1
Slc12a8,0.00163672338087475,1.07697586676562,0.201,0.088,1
Gabre,0.00165151358166716,-1.38962136291335,0,0.023,1
Rfx4,0.00165552056825998,1.378383903122,0.138,0.049,1
Brip1,0.00165720152884513,1.04794378847665,0.226,0.101,1
Wnk1,0.0016795495516118,-1.34107628272297,0.013,0.048,1
Txndc16,0.00168309058430423,-1.17926416550142,0.063,0.125,1
Sipa1l1,0.00171516755540933,0.792363982597104,0.314,0.13,1
Zfp423,0.00173952496598136,0.90503086596006,0.327,0.158,1
Pink1,0.00174155241117736,-1.39392075333535,0.006,0.033,1
Kank1,0.0017427124625331,1.34302081265401,0.201,0.056,1
Pigyl,0.00174617039200166,-1.79886732387547,0.006,0.041,1
Phka1,0.00175071131769764,1.39972487493676,0.126,0.037,1
Fam132b,0.00175334057951538,-0.64209750921686,0,0.013,1
Prkd1,0.00180771133410053,0.694934850337138,0.453,0.25,1
Ecsit,0.00181660836361757,-1.59462866067765,0.006,0.032,1
Rab11a,0.00182513465252055,-0.818097967089158,0,0.017,1
Kcnh2,0.00184927214558156,-1.56458467301453,0.013,0.041,1
Stk4,0.00185680443100228,1.08527188437281,0.189,0.08,1
Camkk2,0.00185846055637431,-1.40710302129546,0.025,0.06,1
Cish,0.00186787051002173,-1.14852267863925,0.006,0.03,1
Racgap1,0.0018684981370632,-1.19432404057869,0.013,0.037,1
Spag17,0.00190756474765019,-0.926880110124877,0.245,0.286,1
Zmynd8,0.0019084957132804,-1.22648303976188,0.05,0.086,1
Trdn,0.00191043742880777,-0.79092610910732,0.245,0.318,1
Acyp2,0.00191121473569451,1.0977153859518,0.22,0.09,1
Herc4,0.00192894015752536,-1.30122142702492,0.038,0.074,1
Rab43,0.00192908006882116,1.66213080513901,0.119,0.027,1
Htr5a,0.00193181455798179,-1.80637208181405,0,0.028,1
Usp13,0.00194729864922823,-1.12121659210392,0.151,0.212,1
Clec2d,0.00196597020260806,-1.604780755834,0,0.023,1
Gsn,0.00197506294510413,-1.6846312632523,0.013,0.041,1
Rrn3,0.00198228026857435,-1.63100230804329,0.006,0.034,1
Kera,0.00198524959897781,-0.93066969404663,0,0.018,1
Fgd6,0.00199830375499072,1.01582602771957,0.189,0.079,1
Tmem69,0.0020087493164614,-0.715242770095742,0,0.016,1
Dao,0.00201430374279186,-1.20168636451137,0,0.021,1
Esco1,0.00204467925430817,1.47266004489613,0.119,0.037,1
Nprl3,0.00205958889499726,1.14431743032912,0.17,0.063,1
Sidt1,0.0020658939673818,1.05688660570911,0.208,0.076,1
Slc26a10,0.00207528714605775,-0.130851018198266,0,0.012,1
Nrd1,0.00210768381690755,-1.71267704272559,0.013,0.05,1
Nup210l,0.0021157125714372,1.1016865487464,0.157,0.053,1
Msh2,0.00213166744558891,1.1414890292286,0.182,0.067,1
Bcar3,0.00214389981543453,1.35591057245551,0.176,0.065,1
Tsku,0.00215211805480909,-1.38588814622361,0,0.022,1
Desi2,0.0022249459184269,1.26895910824004,0.17,0.054,1
Zak,0.00224255067947188,0.736909872543528,0.302,0.141,1
Fahd2a,0.00224516372287723,2.2647130192105,0.063,0.011,1
Rbms2,0.00225877061743532,1.63365990392554,0.113,0.031,1
Col12a1,0.00226099378051265,-1.28489083465219,0.126,0.168,1
Fads1,0.00226747983034124,-1.17737358199765,0,0.019,1
Hecw2,0.00226792963528568,-0.7223086455216,0.358,0.408,1
Scgb1b20,0.00227478472795115,4.29463339830715,0.013,0,1
Eps8l3,0.00229067579834393,-0.960124726131938,0,0.018,1
Sval3,0.00229713603605461,3.13236292756664,0.031,0.004,1
Kndc1,0.0023149010062795,-1.63028257226465,0.013,0.046,1
Gpc2,0.00232262351778688,-1.55720463907573,0.006,0.033,1
Ankrd39,0.00232889830756148,-1.50807180369178,0,0.023,1
Ube2ql1,0.00234040298869969,-1.60592277618905,0.031,0.074,1
Gpd2,0.00234551491238522,1.04047434881384,0.264,0.101,1
Bmp7,0.00236880784430341,-1.67736705966572,0.025,0.057,1
AI118078,0.00236976071724557,-1.05161641462397,0.107,0.147,1
Lpcat1,0.00244101492056645,-1.15849504170904,0.044,0.098,1
Txk,0.0024555262386617,-1.38636779554599,0.031,0.076,1
Agrn,0.00245607748891625,1.32423395368165,0.113,0.043,1
Syt11,0.00247424665187102,-0.637349425092626,0,0.015,1
Msc,0.00249007187369676,-1.38328228366195,0,0.023,1
Farp1,0.00249969841087453,0.984840598035873,0.233,0.092,1
Gab1,0.0025099718036356,-1.56309093476715,0.031,0.075,1
Rab30,0.0025223870016443,1.17449796574632,0.189,0.077,1
Ccdc9,0.00254199684911629,-0.946996683544013,0.044,0.082,1
B3galt5,0.00254864405239082,-1.26078262998131,0.031,0.067,1
Med15,0.00256248068328879,-1.44124281459687,0.025,0.057,1
Tll1,0.00257986537503585,0.645061742385054,0.39,0.211,1
Dcp1b,0.00258203607297506,-1.31212874879353,0.031,0.057,1
Rbfox2,0.00260400074160459,1.02881182427577,0.283,0.124,1
Sim1,0.00260468756309609,-1.30711705654561,0.082,0.113,1
Gramd1b,0.00261785676619345,0.792781407098741,0.346,0.167,1
Sez6l2,0.00262637639583119,-1.43046324852992,0,0.022,1
Caskin2,0.00263361606430413,-2.127714777138,0,0.032,1
Lpar1,0.00264589703729478,-1.06101534938795,0.088,0.102,1
Zeb1,0.00264967474662863,1.3110076877519,0.145,0.05,1
Ypel3,0.00265583942716891,-0.656538524257044,0,0.014,1
Tmcc1,0.00267052248796271,-1.63403262894916,0.031,0.064,1
Spata7,0.00267140187673087,1.19036518452873,0.138,0.049,1
Cask,0.00270279936409543,0.94925971954008,0.27,0.123,1
Tmem208,0.00271857729916102,-0.772214313689412,0,0.016,1
Cyct,0.00272736331812609,-1.29344831043621,0,0.023,1
Mief1,0.00273774560705104,-1.35973634650404,0,0.024,1
Myh8,0.00276544197876855,1.95780821914736,0.082,0.02,1
Fyb,0.00278356560229044,0.730436178656481,0.258,0.115,1
Hus1b,0.00278887460003712,4.2447023714073,0.019,0.002,1
Peli2,0.00279763293004553,1.3089705489983,0.17,0.059,1
Lysmd4,0.00280408311705379,-1.28992138918774,0,0.021,1
Cep19,0.00280416698730007,-1.04015231473601,0,0.016,1
Slc25a26,0.00281094560804854,0.984333084129544,0.258,0.097,1
Spg20,0.00281915937288046,-1.95437558485952,0.013,0.046,1
Nubpl,0.00283183675156234,0.755302469467247,0.314,0.131,1
Arhgef33,0.00284676780147931,1.00557294202267,0.176,0.074,1
Zfp810,0.00288837324057898,-1.36384374357834,0,0.022,1
Zfp618,0.002889538306873,0.93731112386524,0.296,0.134,1
Dlg1,0.00291521710256429,-1.2235598449978,0.05,0.094,1
Sepn1,0.00294905215248173,-1.65961437921358,0,0.024,1
Il7r,0.00295189331363814,1.43984643107732,0.119,0.038,1
Abcg3,0.00296359398651185,-1.72551813182442,0.013,0.04,1
Enkd1,0.00300298335410901,-0.459479816114513,0,0.013,1
Zfp516,0.0030505961576976,1.17951664611712,0.17,0.062,1
Drg2,0.0030516256882279,1.81295627643973,0.082,0.022,1
Atp6v0e2,0.00307804161251368,-1.4284908534131,0,0.024,1
Magi3,0.00308409451316198,0.875272610598748,0.264,0.12,1
Smim1,0.00308439998833885,2.4196847348109,0.05,0.012,1
Gde1,0.00310542553873807,-1.31084672377541,0,0.023,1
Irgm1,0.00310844436442173,-1.14215055182013,0,0.018,1
Supt20,0.00311509566905672,1.18335528727523,0.157,0.063,1
Cep112,0.00313565013974393,0.631143218164803,0.409,0.228,1
Scgb2b2,0.00315047149752934,3.39897460349046,0.025,0.001,1
Ctnnbl1,0.0031555972919024,1.10043579347091,0.201,0.077,1
Prdm16,0.003163699961109,-0.787667405379365,0.138,0.169,1
Arhgef16,0.00321620668203541,-1.71423553161611,0.013,0.046,1
Fam98a,0.00321727498555623,-1.29896971655768,0.038,0.07,1
Cartpt,0.0032302377222156,2.69311892005621,0.038,0.005,1
Arhgef18,0.00324997618662503,1.05416552433435,0.208,0.076,1
Pddc1,0.0032514365791193,-1.51255112890264,0.006,0.032,1
H13,0.00325469947881298,-1.5024510964138,0.019,0.048,1
Dusp22,0.00328233948754679,1.3610581886164,0.17,0.064,1
Vav3,0.00328879667110775,0.530823206033143,0.541,0.294,1
Cpsf4,0.00329625078471451,2.08835062400546,0.05,0.018,1
Clvs2,0.0032988223098231,-1.48590543221085,0.063,0.11,1
Gm973,0.00339927606987889,1.1959549151054,0.164,0.063,1
Gphn,0.00341460329757601,0.705473558725792,0.333,0.162,1
Spata13,0.00341491463043396,-1.45460647165572,0.044,0.087,1
Mtrf1,0.00343665445759436,1.82204385071529,0.082,0.021,1
Zdhhc14,0.00345322859001989,-0.821158387240857,0.119,0.176,1
Lactbl1,0.00345674810030685,2.12198951164113,0.057,0.013,1
Scgb3a1,0.00348207455095049,3.39972287895982,0.025,0.002,1
Micall1,0.00350206806911244,-1.08703988518406,0.031,0.068,1
Peak1,0.00355455165379625,0.862184790026209,0.245,0.112,1
Osbpl7,0.00355949126848913,-0.481142177657969,0,0.015,1
Cadm1,0.00356952686220101,0.797251865343251,0.27,0.138,1
Anapc13,0.00357489055627283,-1.26817037581827,0.006,0.032,1
Lhx4,0.00357801876596674,1.86569345217033,0.082,0.016,1
Zhx2,0.00359645569738157,1.07651277695224,0.201,0.073,1
Fbxl15,0.003598501372539,-0.796628464647519,0,0.015,1
Ccdc68,0.00360348783656614,-1.34931878481419,0.044,0.073,1
Grp,0.00360417683294438,2.30563145317816,0.05,0.01,1
Anapc1,0.00361580028769806,1.26577396953362,0.151,0.054,1
Erc1,0.00362021578390776,0.638211596355041,0.371,0.181,1
Ttc8,0.00363557626595936,1.23618878418632,0.151,0.057,1
Cdc16,0.00364459076175058,1.62104011772139,0.082,0.027,1
Sept4,0.00366409367052652,-1.46773962429474,0,0.022,1
Tyro3,0.00368632216916952,-1.33964076258602,0,0.02,1
Mllt3,0.00369147083855838,0.722412684817356,0.434,0.217,1
Gldc,0.00371165492985605,-1.29626761158379,0.044,0.072,1
BC051142,0.00380876028107386,1.05902245282723,0.182,0.064,1
Npbwr1,0.00383089807223009,-1.04359669444572,0,0.021,1
Cabin1,0.00386190377612847,0.852177247460082,0.233,0.105,1
Prr5l,0.00387161231525089,-1.13777884938943,0.05,0.107,1
Lgmn,0.00387378053389837,-1.61675166451742,0.006,0.037,1
Pag1,0.00388060808189931,1.03209739581826,0.226,0.097,1
Prkcb,0.00389008720126935,-0.885066069289868,0.252,0.255,1
Lin9,0.00389094870322964,1.16251677885638,0.157,0.064,1
Atxn7l3,0.00394052749900178,-1.12782154486898,0.006,0.026,1
Mtmr7,0.00395967764883713,0.822429926128413,0.277,0.114,1
Ctdsp1,0.003960023612888,-0.298041656985459,0,0.013,1
Fam186a,0.00396435797816494,1.51242700221427,0.101,0.032,1
Ssbp4,0.00396873965455247,-1.15322024462187,0.006,0.024,1
Lrrc29,0.0040009714211166,-0.939068152784258,0.006,0.022,1
Palld,0.0040163794943926,0.407153238910611,0.591,0.347,1
Polr3gl,0.00403821354827045,2.50172149736743,0.05,0.011,1
Zfp750,0.0040403391401213,-0.653087907918131,0,0.014,1
Gm10309,0.00406568849295489,2.67355036001747,0.05,0.006,1
Celf3,0.00408641906551392,2.60304487876444,0.05,0.009,1
Psma5,0.00410154313433688,2.15910457427095,0.063,0.011,1
Crim1,0.00410490900780977,0.830424411967383,0.321,0.17,1
Olfr23,0.00411650670685292,3.73161375686903,0.019,0.001,1
Rreb1,0.00412251935438833,1.07959939564345,0.226,0.095,1
Gng7,0.00413528301489697,-1.07241811583327,0.05,0.092,1
Dusp27,0.00414156287410616,1.7735008957094,0.082,0.025,1
Flt3,0.00414476873327247,1.24681290012326,0.132,0.054,1
Cd177,0.00417865745155937,-0.817855346735166,0,0.015,1
Sertad2,0.00418841272265707,1.01962986392529,0.258,0.111,1
Prkd2,0.00420334044478261,-1.63920107650399,0.006,0.036,1
Xylt1,0.00420613967687505,0.949783569190712,0.208,0.103,1
Swi5,0.00421438357597807,-0.616451668302931,0.019,0.031,1
Cript,0.00422398230056807,2.1929803187074,0.063,0.014,1
Luzp1,0.00426252899139748,1.49699393033879,0.157,0.042,1
Ksr2,0.00427027828208469,0.523356963013453,0.434,0.228,1
Ces2h,0.00427782663241968,-1.23469882676101,0,0.018,1
Leprel1,0.00428667772313648,0.799830462523155,0.327,0.167,1
Dkk4,0.00434711665651053,2.83304725528973,0.038,0.004,1
Zcchc11,0.00435974908823502,1.1347948650916,0.17,0.054,1
Cab39l,0.00438258668241744,-1.14327871147535,0.119,0.159,1
Phxr4,0.00439499751256366,4.14682518880261,0.013,0,1
Sh3bp4,0.00442023307529022,-1.48213410766728,0.025,0.079,1
Gm379,0.00444733885136468,4.18946095660577,0.013,0,1
Rps24,0.00446940729382224,-1.19495351592886,0,0.019,1
Thrb,0.00448558701210041,0.546793443374975,0.459,0.28,1
Chn1,0.00454372346901434,0.925007065505398,0.22,0.098,1
Ano4,0.00455667606347353,-0.73496713427986,0.34,0.357,1
Ak2,0.00456091237521758,1.98432817119274,0.063,0.016,1
Napepld,0.00457503141171962,-1.14067647160165,0.038,0.066,1
Ccdc141,0.004595825551424,0.841905320703833,0.296,0.143,1
Hhatl,0.00461267724745528,2.44970950061299,0.044,0.009,1
Rtkn2,0.00465953770563258,-1.10261278215001,0.069,0.114,1
Jam2,0.00466206910931206,1.34755056793425,0.126,0.047,1
Rasd2,0.00467918341088577,-1.36507565271557,0.019,0.048,1
Gm9967,0.00469855563630292,-0.255361473081635,0,0.012,1
Itpr1,0.00471507870669236,0.563660367523029,0.541,0.353,1
Tmem236,0.00473494474472856,1.16212740215335,0.138,0.052,1
Clasp1,0.00475572687653309,0.740901390940514,0.327,0.169,1
Rad51b,0.00477221066818461,0.827899432067655,0.283,0.136,1
Gm4540,0.00477336167690249,4.13718144263179,0.013,0.001,1
Sema6a,0.00477500609360878,-1.07505253440438,0.107,0.134,1
Tmem74,0.00479088886559744,1.92092056344618,0.082,0.018,1
Cebpzos,0.00482214981216309,-0.994658856560664,0,0.019,1
Myl6,0.00485084508600744,-0.779059964638515,0,0.016,1
Nxph1,0.00489004830917657,0.55368238827863,0.459,0.287,1
Actr3b,0.00489106571404402,1.06386087552156,0.214,0.079,1
Lrrc9,0.004935818527502,0.986110843585493,0.157,0.076,1
Rtn1,0.00493764440705571,-1.09328568918155,0.101,0.132,1
Tnpo1,0.00494476980753341,1.45597769277589,0.132,0.046,1
Crtc2,0.00495930373433447,-1.31805179101323,0,0.018,1
Mtl5,0.00496678566774982,1.35315715272388,0.113,0.038,1
Catsper4,0.00496857464731186,2.4492832690807,0.044,0.012,1
Tmem171,0.0049915316698772,2.82055806645385,0.031,0.005,1
Trpv3,0.00503954475406619,-1.70598796424009,0.013,0.05,1
Prkacb,0.00505802773195886,-0.970292746911605,0.088,0.125,1
Tmem161b,0.00506221738257154,0.987987854080453,0.176,0.085,1
Plekhg3,0.00506426403930735,-1.3362126763624,0.013,0.039,1
Ubr4,0.00508116444821302,0.805282269613715,0.252,0.114,1
Frmd4b,0.00508441670225791,-0.82797602321172,0.195,0.212,1
Pank1,0.00510364067306717,0.793582545610683,0.233,0.109,1
Dgki,0.0051260034411663,-0.515127959392184,0.358,0.366,1
Stxbp5l,0.00513914175824323,0.629030361295102,0.365,0.193,1
Tspyl4,0.00515275306429889,-1.3904254555709,0,0.019,1
Adam19,0.00515791562161755,-1.23093834979915,0.069,0.12,1
Cyp2j7,0.00516141963050227,1.5531205363811,0.113,0.031,1
Tmem184b,0.00519618462181008,-1.6590325407951,0.013,0.042,1
Numb,0.00521231281451189,1.12702156223494,0.17,0.06,1
Ebpl,0.00522028980870009,1.53475857116839,0.101,0.034,1
Gtsf1,0.00522964488563546,1.93326557591047,0.069,0.013,1
Map2k5,0.00523280843490927,0.908848424126894,0.245,0.095,1
Tbc1d14,0.00523301579519124,-1.12051114922709,0.069,0.114,1
Slc38a3,0.00527830102927045,-0.784014184947864,0,0.016,1
Dnah8,0.00529352556452189,0.809598035662466,0.314,0.151,1
Morc1,0.00530961232434042,-1.09635316520168,0.138,0.191,1
Cox10,0.0053489156960158,0.857069836622105,0.245,0.102,1
Olfr855,0.00535063349237935,4.17245759975711,0.013,0,1
Clec14a,0.00538171395910515,-1.27779931261667,0,0.021,1
Msh4,0.00538453705549924,0.967948171562069,0.164,0.063,1
D7Ertd443e,0.00539131249370899,-1.51825722138751,0.025,0.055,1
Rnf122,0.0054019800086765,-1.31076621206659,0.025,0.051,1
Nxnl1,0.00543430235880585,-0.240151969831746,0,0.012,1
Usp30,0.00543903625584972,-1.02276296742501,0.006,0.026,1
Cyb5a,0.00546361391221275,-1.28027011023629,0.038,0.067,1
Pcp4l1,0.0054701147808275,1.952085855168,0.057,0.016,1
Csn3,0.00552824441145481,-0.645435360551351,0,0.015,1
Nox1,0.00556640858795862,1.01707668167604,0.17,0.074,1
Wwc2,0.00559129678299936,0.741637561944188,0.314,0.152,1
Cdon,0.00560071802914299,1.09951346748968,0.189,0.078,1
Dlg5,0.00560391515931988,1.1705145547978,0.151,0.071,1
Dtx2,0.00560645270900218,-1.18504009508696,0.019,0.04,1
Hspb2,0.00564685608708003,-0.742282272922539,0,0.013,1
Senp3,0.00565733110720744,-0.310872728510207,0,0.011,1
Zbtb46,0.00566453201787216,0.890221005456061,0.214,0.092,1
Slc26a11,0.00567552811289213,-1.42032215417829,0.013,0.043,1
Trp53bp1,0.00567630673367305,1.04309329219731,0.145,0.065,1
Cdk19,0.00575897628906134,-1.40790595524518,0.044,0.07,1
Rec114,0.00577206984652836,1.21473178762029,0.145,0.05,1
Ankrd53,0.00578363064832032,3.114459537477,0.025,0.005,1
B3galt2,0.00578778169666759,1.70775816556263,0.094,0.021,1
Ptgfrn,0.00580943408794969,-0.971174164735467,0.05,0.073,1
Nr2f6,0.00581645661911998,-0.759047188546888,0.006,0.023,1
Cdc123,0.00582503367227219,1.24667544743287,0.138,0.048,1
Ube2e1,0.0058383273057201,1.33894813115253,0.113,0.046,1
Nfib,0.00585836161408273,0.580005466393498,0.44,0.222,1
Cox6a2,0.00586718534509852,-0.519723664678756,0,0.014,1
Gnai1,0.0058730600518208,-1.02477899897462,0.075,0.129,1
Plxdc2,0.00587439318512214,-0.581423355527542,0.208,0.263,1
Krt20,0.00588311158779776,2.21223872254096,0.05,0.014,1
Sft2d1,0.00588445597127423,-1.13461563057793,0.044,0.087,1
BC049715,0.00590076661973512,-1.47332740152577,0,0.022,1
Mcoln1,0.00591138344127302,-1.58218924528783,0.013,0.04,1
Acer3,0.00591307286762721,1.22286452943929,0.157,0.057,1
Btla,0.00593220534932725,1.4095143189896,0.113,0.038,1
Tpd52,0.00593222462222192,-1.05606198562216,0.05,0.098,1
H60c,0.00593517894745318,2.1447043370693,0.057,0.011,1
Olfr115,0.00596104501385508,-1.05482218963679,0,0.017,1
Col4a1,0.00601415108782465,-1.0269661727154,0.088,0.122,1
Ddx31,0.00606629382943857,0.925316550466822,0.214,0.089,1
Ube2v1,0.00608806244914551,-1.26574568593046,0.013,0.039,1
Gm11149,0.0061227828475473,-0.795951225925498,0.006,0.023,1
Zfp882,0.00613225908817081,-0.614405599397218,0,0.015,1
Meis2,0.00615180222360904,0.577684457649427,0.371,0.167,1
Zfp68,0.00619979452211875,-1.35008082409663,0,0.021,1
Phldb2,0.00621215433464002,0.552163924216681,0.415,0.212,1
Sar1b,0.00623353365812692,2.1393418759929,0.063,0.01,1
Ppara,0.00623654099446022,1.49847885029873,0.126,0.041,1
Pigf,0.00623697965558478,1.82295904857043,0.082,0.021,1
Gm1968,0.00624745155065646,4.0519216922503,0.013,0.001,1
Fdxacb1,0.00625944021595123,-1.16001408633118,0,0.019,1
Cth,0.00627113064242383,-1.20629226165112,0.025,0.074,1
Tnfsf11,0.0062911219414786,-1.77461417409492,0.006,0.035,1
Lrig1,0.00629920238005949,1.22242407517611,0.164,0.053,1
Hey1,0.00631451420059372,-1.40191289989401,0.006,0.031,1
Nfat5,0.00632988448120985,1.18131746504494,0.145,0.048,1
Fdft1,0.00636716455396485,-1.64600177395398,0.006,0.033,1
Birc7,0.00637681615770806,3.39076256127524,0.025,0.003,1
Klhdc7b,0.00642510005154109,3.4330945079956,0.019,0.002,1
Atp5c1,0.00643386042847497,2.1981671683312,0.057,0.015,1
Napsa,0.00645590873963895,-0.321699366618275,0,0.01,1
Rgs20,0.00645593029805935,0.911901576930146,0.214,0.082,1
Rpl3,0.00645909303426178,-1.40148472282173,0.006,0.026,1
Sbf2,0.00650585058118318,0.666851688532308,0.327,0.155,1
Itgax,0.00651868520618259,-1.36507830058407,0,0.019,1
Itgb5,0.00651962196267435,1.53501530715519,0.113,0.038,1
Prss44,0.00653906829142605,2.24287799066885,0.038,0.009,1
Esrra,0.00656649617873914,-1.64004934554639,0.006,0.03,1
Phactr3,0.00659182995409809,0.858157220628923,0.252,0.126,1
Qsox1,0.00662293011596193,1.19910557662468,0.138,0.045,1
Olfr689,0.00662618533048868,3.80169495904202,0.025,0.001,1
Ide,0.00663643093305957,0.637732013278895,0.264,0.115,1
Gm11596,0.00666985977219472,3.85536295223939,0.019,0.001,1
Unc13c,0.00667185086711904,-0.666115679217052,0.277,0.308,1
Axdnd1,0.00668481587093292,1.08564211945695,0.157,0.054,1
Cdc20,0.00668558115649078,-0.189524442055466,0,0.01,1
Zbed4,0.00668594522884598,-1.42533166140394,0.013,0.04,1
Six5,0.00669595460496917,-1.36573709615271,0,0.02,1
4930538K18Rik,0.00669655670446322,-0.840466047371617,0,0.016,1
Cpne8,0.00670507887326822,-0.887968796172927,0.17,0.195,1
Zcchc24,0.00672226778956073,-0.995556786923237,0.006,0.031,1
Zfp708,0.00675039511238756,2.14801158626972,0.057,0.012,1
Acsl1,0.00676044488339087,1.00662679336305,0.182,0.075,1
Csn2,0.00680874544153445,2.5305173804056,0.038,0.008,1
Nsl1,0.00684816470773486,1.08163213243948,0.151,0.066,1
Gm15698,0.00685595057573953,2.88845902548649,0.031,0.005,1
Alox12b,0.00686218740358549,-0.189788190849344,0,0.01,1
Wwc1,0.00707012417528725,1.01558404073459,0.22,0.087,1
Cnn2,0.0070737464134636,0.0424466773132384,0,0.01,1
Pnlip,0.00709766864176202,-0.566098940170533,0,0.014,1
Gm6970,0.00710197392816358,4.01134248246022,0.013,0,1
Zeb2,0.00711855653475369,-1.55720450433882,0.044,0.079,1
Agtpbp1,0.0071242441894015,-0.960824885542631,0.145,0.152,1
Pex16,0.00712772304050603,-1.00228070722461,0,0.02,1
Olfr410,0.0071388368352759,3.15142032645522,0.025,0.002,1
Gm4969,0.00715968918409759,1.73129652301678,0.082,0.017,1
Eya3,0.00723335894073073,0.993712392587438,0.157,0.059,1
Gm4861,0.00727631844259898,2.1189220207481,0.05,0.009,1
Zfp277,0.00728651437742434,0.81097929855363,0.245,0.104,1
Srsf10,0.00728764868105027,-0.241064338966999,0,0.011,1
Stxbp4,0.00732878025757993,0.954003589107776,0.226,0.107,1
Samsn1,0.00737427277271559,-0.784038224875123,0.157,0.2,1
Odf1,0.00742145854677118,2.82544755480728,0.031,0.006,1
Efcab3,0.00742595535774964,1.49168050325913,0.107,0.028,1
Klk8,0.00744837201516737,-0.998189226852254,0,0.013,1
Sox13,0.00747065403693394,-1.25532554771672,0.006,0.033,1
Col13a1,0.00748608673557528,0.691028812381904,0.226,0.113,1
Calu,0.00760393202828743,1.86057555433969,0.082,0.027,1
Cdc42ep2,0.0076177178288597,-0.750082031360524,0,0.015,1
Fam184a,0.00765098468342139,0.645816417782618,0.27,0.129,1
Col1a1,0.00765525208560605,-1.2167980194412,0,0.019,1
Ankdd1a,0.00770369814857285,2.22370305027489,0.05,0.01,1
Atp6v1g1,0.00771548130371085,-1.12910964609591,0.006,0.027,1
Otos,0.00772545913364189,-0.941702831820121,0,0.017,1
Rsph6a,0.00775983378308958,-0.549448007339167,0,0.013,1
Tsen54,0.00776067743715662,-1.73408684950388,0,0.024,1
Med23,0.00776926581492523,0.825363846745273,0.214,0.087,1
Top2a,0.00792258020750737,1.35122859373288,0.107,0.033,1
Fam53c,0.00795226071774756,-0.72308834285608,0,0.015,1
Defb13,0.00804384728836163,-0.850225756528484,0,0.013,1
Casc3,0.00805965418477661,-1.0538821841412,0,0.016,1
Dsg4,0.00806476557326925,-1.40596324848355,0.031,0.06,1
Dst,0.00808510293685151,-0.922769029594649,0.195,0.208,1
AC123072.1,0.00808510293685151,-0.922769029594649,0.195,0.208,1
Hist1h2ba,0.00809313892755228,4.27420620274915,0.013,0,1
Lta4h,0.00810949421869082,-1.4089339793665,0.031,0.049,1
Dhrs3,0.00811136762125637,1.65177275770848,0.075,0.021,1
Klhdc8a,0.0081390395006762,-0.441165937988412,0,0.011,1
Clca4,0.00818683306976054,1.16338400415128,0.126,0.042,1
Pabpc6,0.00819725961160874,3.52432165855837,0.019,0.002,1
Egfr,0.00822415363616799,0.80209519070754,0.277,0.136,1
Itm2b,0.0082646415383737,2.26293562359357,0.069,0.014,1
Armcx6,0.00826524902552764,1.98198493792034,0.044,0.01,1
Col6a3,0.00831359456231033,1.22425024947863,0.126,0.047,1
Opalin,0.00833306425719574,-1.30816751364328,0,0.02,1
Atg7,0.00834778953205411,0.580117507046998,0.314,0.137,1
Cit,0.00836024862364349,0.770275097542466,0.252,0.124,1
Wasl,0.00840918997257921,0.907275480607448,0.214,0.078,1
Olfr498,0.00847996243232867,3.45397718173774,0.025,0.001,1
Kctd13,0.0084990022313676,-0.810437577970716,0,0.014,1
Slc4a3,0.00850245283459826,-1.49633078519751,0.013,0.036,1
Zfp236,0.00852559870116213,-1.03257696161143,0.069,0.11,1
Gdf3,0.00852715645291208,2.98522405322957,0.031,0.002,1
Sntb2,0.00855639306428072,1.36206556064727,0.119,0.043,1
Gm21954,0.00857068766276448,1.78987102817881,0.069,0.016,1
Ajuba,0.00862407472741146,-0.759528682912388,0,0.013,1
Slc1a4,0.008672866878444,1.24096254063835,0.145,0.048,1
Rassf1,0.00871094929500044,-0.985578500165238,0.006,0.027,1
Sept7,0.0087110811743749,-0.6593151767617,0,0.013,1
Rnf220,0.00871302793359005,-0.942834235057697,0.069,0.097,1
Gm20538,0.00874495186550317,-0.361918877734516,0,0.012,1
Acsl6,0.00875937952858114,1.46588408865714,0.082,0.027,1
Lmo1,0.00885149728469818,1.17458552758589,0.126,0.038,1
Mrpl17,0.00887137984029529,-1.32726607680299,0.006,0.028,1
Zfp263,0.00892185462964722,1.69752043986017,0.082,0.023,1
Mbnl2,0.00892398463923655,-1.18954202663728,0.044,0.076,1
Iars,0.00892631953015863,-1.10051686802539,0.057,0.098,1
BB014433,0.00893108614896741,-0.70546803647872,0,0.014,1
Csnk1g1,0.00893822106888617,1.02563288107663,0.176,0.085,1
Tecpr1,0.00895161807633097,1.49977799137897,0.107,0.031,1
Ext2,0.00901497205432075,0.6809181702342,0.289,0.133,1
Mad2l2,0.00902382474384257,-0.803557783414561,0,0.015,1
Ppib,0.00906644073830967,-1.41262786081246,0,0.021,1
A830005F24Rik,0.00909185598479126,-0.393887005427709,0,0.013,1
Six3,0.00917642187209357,-0.419308450689261,0,0.01,1
Eml4,0.00918645747758977,0.661030306155733,0.302,0.142,1
Rpgrip1,0.00919251760699428,1.35930758720625,0.126,0.045,1
Gm960,0.00920617850548491,1.12984327178347,0.157,0.064,1
Gm933,0.00921139646667419,3.89713924289641,0.019,0.001,1
Rnf13,0.00921415239308083,-1.18381019401478,0.069,0.091,1
Pou6f2,0.00921683141359455,-0.614493849934443,0.352,0.367,1
Sdr9c7,0.00922791150946181,1.98979905589465,0.063,0.015,1
Itih5,0.00924131133220597,-1.05531629698693,0.094,0.14,1
Muc15,0.00928072174757274,-1.31054130217596,0.019,0.044,1
Sumo1,0.00928908636609006,1.34351102632414,0.126,0.042,1
Cdh6,0.00931559214717321,0.421093377626608,0.403,0.217,1
Tubg1,0.00931628109779784,-0.297723737601243,0,0.013,1
Gm10130,0.00940540648969859,2.10381333721741,0.044,0.01,1
Ikbkap,0.00941972919248891,1.01895472841734,0.17,0.068,1
A630023A22Rik,0.00942615387021987,1.2275669359493,0.113,0.046,1
Sec14l2,0.00947383313646593,2.03851272640855,0.069,0.016,1
Arhgap39,0.00950339585814108,-1.11153924888276,0.044,0.076,1
Astn1,0.00951014073538912,0.563555819933934,0.428,0.244,1
Gm13119,0.00954291142960728,4.05257691467517,0.013,0,1
Aldh1a7,0.00955339299333466,1.13227280532732,0.101,0.037,1
Ear6,0.00961449571612405,3.42709013067435,0.025,0.001,1
Ntrk2,0.00970142311934377,0.803425309137454,0.302,0.139,1
Sptbn4,0.00970748695134809,-1.04958009489368,0.088,0.097,1
Trappc12,0.00974385936109169,-0.878504059177932,0.075,0.091,1
Atp1a4,0.0097847104737159,1.96969474549964,0.063,0.021,1
4933405L10Rik,0.00979281291980189,-0.318713210245389,0,0.012,1
Apba2,0.00981261733398438,0.747508127658573,0.314,0.159,1
Scel,0.00981864933591704,-0.989233026813251,0.107,0.132,1
Dnajc1,0.00984118682370208,0.896879135841861,0.22,0.092,1
Zfp426,0.00985435172035467,1.96540677688774,0.057,0.01,1
Trpc2,0.00991839762511206,1.2413362650786,0.113,0.03,1
Plekhb2,0.00993656751755552,1.57508444561361,0.094,0.023,1
Mixl1,0.0099757898116399,3.78501856627379,0.013,0.001,1
Rasa2,0.0101064648237426,1.22634280041943,0.17,0.063,1
Tmem62,0.0101401846055002,-1.05743884074975,0,0.018,1
Stbd1,0.0101506501459441,-0.602880834556908,0,0.014,1
Rnf152,0.0101695510483385,0.760083928791824,0.208,0.106,1
Fbxo32,0.0102313375754571,-1.47843304668308,0.019,0.052,1
Lama4,0.0102676431772953,-0.934058203193219,0.101,0.14,1
Kifc2,0.0102905779482646,-1.42150907539449,0.013,0.037,1
Snx10,0.0103216902185503,1.12219738334326,0.138,0.058,1
Capza1,0.0103277823094321,-1.28827976675566,0.006,0.029,1
Fgfr3,0.0103607453682698,-0.343687557166643,0,0.012,1
Afm,0.0103953228093184,-1.54687920271792,0.006,0.04,1
Rnf145,0.0104098265338188,1.19757429816224,0.138,0.048,1
Ncbp2,0.0104347583429999,-0.0203934762439024,0,0.01,1
Vtn,0.0104401019076982,-0.677621271745102,0,0.012,1
Itgb2l,0.0104625266705428,1.27987144032761,0.082,0.03,1
Creb3l2,0.010464146074338,-0.8598450370217,0.088,0.118,1
P4ha2,0.0105056791174526,-1.0493002181568,0.013,0.034,1
Pak7,0.0105065279458069,-0.68106018775306,0.264,0.321,1
Rlf,0.0105138817129027,1.39982292614331,0.101,0.032,1
Ppp2r2c,0.0105464618290525,-1.21354559313211,0.057,0.089,1
Atp6v1c1,0.0105737606462915,1.42680345457242,0.113,0.037,1
Prr7,0.0106446937983047,-0.601176042567722,0,0.012,1
Fam20b,0.0106549665061266,1.06612312040345,0.157,0.061,1
Ddx19b,0.0106558705298535,1.48543353217156,0.082,0.029,1
Eif3f,0.0106643361824415,-1.21758085085947,0.031,0.056,1
Rin2,0.0106700223643757,0.771051124660879,0.226,0.104,1
Cilp2,0.0106872752125902,2.81847920779155,0.025,0.004,1
Bag3,0.0106996227143011,-0.769616171473881,0,0.014,1
Idnk,0.0107028814583766,1.9403372299767,0.044,0.016,1
Tmem63c,0.0107033574529081,1.2433302138004,0.107,0.034,1
Insc,0.0107040124777793,-1.25553836974182,0.063,0.108,1
Drd3,0.0107404741584008,1.85878130369182,0.088,0.027,1
Cgref1,0.0107430641034713,0.0849147815490676,0,0.01,1
Wfdc13,0.010746538192487,3.89924963432273,0.013,0.001,1
Fryl,0.0107702053024592,-0.835566286964777,0.138,0.154,1
Klhl1,0.0107798940098027,-0.670285048522793,0.296,0.349,1
Ndst4,0.0108236934918747,0.424169201787639,0.497,0.313,1
Tjp2,0.0108365161194082,-1.15281109835654,0.038,0.066,1
Mms19,0.0108560521401921,-1.09265928371007,0.038,0.068,1
Abcg2,0.0108740950081838,0.527499639452218,0.34,0.187,1
Ttc28,0.0109010387264445,0.598876741979501,0.377,0.177,1
Fcrls,0.0109892011519352,2.00264271011342,0.057,0.015,1
Rgs21,0.0110084439970076,-1.43851450395936,0.031,0.072,1
Gpr15,0.0110174842402508,3.4261760584638,0.019,0.002,1
Espn,0.0110257083349553,-1.24856359313138,0.013,0.038,1
Chd9,0.0111151886943432,0.88402055961523,0.208,0.086,1
Smchd1,0.0111308450864094,0.702317299432739,0.27,0.127,1
Adap1,0.0111348382128413,-1.26912127817085,0.025,0.054,1
Zfp442,0.0111453194066863,-0.756760906221948,0,0.015,1
Slc25a18,0.0111975343870107,1.60792513076352,0.075,0.018,1
Tmem60,0.011212594951316,-1.30766821357722,0.013,0.036,1
Btnl4,0.0112449855305168,2.34727514462559,0.038,0.007,1
Hpgds,0.0112621830838134,1.15421017993446,0.145,0.055,1
Atoh7,0.0112867560784693,2.53124398086406,0.031,0.004,1
Poc1a,0.0112923860136248,-1.1287826605274,0.05,0.09,1
Gm20425,0.0113451863211619,-1.51983102021498,0.019,0.049,1
Pde11a,0.0113593334037893,-0.688835491612002,0.333,0.353,1
Tulp3,0.0113621581942983,1.71145367193856,0.075,0.021,1
Gm8267,0.011383270799427,3.3624801864856,0.019,0.002,1
Zfp37,0.0113865315638189,1.97925326417767,0.069,0.023,1
Map3k11,0.0113984185812136,-0.891263045834617,0.006,0.024,1
Tdrd5,0.0114604822859933,1.17652233127283,0.101,0.037,1
2310035C23Rik,0.0114890333759287,-1.08491803553147,0.063,0.103,1
Prss42,0.0115671755582513,2.89474560237618,0.025,0.007,1
Hnrnpf,0.0115783190878821,-1.28556553396186,0.025,0.049,1
Gm17334,0.0115893721557886,3.87040499912014,0.013,0.001,1
Lair1,0.011596080086958,1.51246287672855,0.094,0.021,1
Tmx1,0.0116112157954002,1.67106666780388,0.069,0.016,1
Dll3,0.011628558377697,-0.705997291359195,0,0.014,1
Ralgapa2,0.0116887538630248,0.470044134252407,0.409,0.249,1
B4galt6,0.011689542975963,-1.05498697289879,0.069,0.09,1
Rmdn2,0.0116987960278454,1.01577800828507,0.157,0.059,1
Klk11,0.0117062981670156,-0.541946251620666,0,0.01,1
Map2k4,0.0117431160847792,1.03044893160958,0.157,0.063,1
Gtf3c6,0.0117545017343669,-0.408945895301975,0,0.013,1
Slc25a41,0.0117552596408305,-0.512490746083294,0,0.012,1
F11r,0.0117722867262362,1.815258886225,0.05,0.015,1
Clmn,0.0117726843868842,-1.58561697207205,0.025,0.056,1
Tprn,0.0118099081849729,-0.769924171357073,0,0.014,1
Zfpm1,0.0118425179350578,-0.892643474751313,0.075,0.119,1
Rtn4,0.0119090288009881,-1.16661534984489,0.038,0.07,1
Clcn3,0.0119113391550153,0.913092621625625,0.189,0.074,1
Nme7,0.0119456279287596,0.630219940416903,0.327,0.172,1
Gpa33,0.0119703883183155,1.20730616579261,0.119,0.049,1
Pea15a,0.011996504968592,0.014805550697238,0,0.01,1
Spink8,0.0119989930074596,1.71754682592467,0.063,0.017,1
Cdkl4,0.0120533093808635,1.5307249411146,0.094,0.031,1
Olfr220,0.0120723663552884,-0.799689546729447,0,0.015,1
Fa2h,0.0121012120008685,-1.13425646715202,0.013,0.037,1
Sh3d19,0.0121031791656856,-1.01461325652156,0.157,0.181,1
Htra3,0.0121111336446407,-1.22811435035321,0.031,0.059,1
Faim,0.0121410398212812,-1.16356008691189,0.025,0.048,1
Usp5,0.0121754852202559,-1.21300616695366,0.038,0.07,1
Pax2,0.0121852419070393,1.17078393113474,0.132,0.045,1
Cyp4a31,0.0122226447685549,-1.33282552507366,0,0.021,1
Gad2,0.0122783950264252,-1.11255871709146,0.057,0.099,1
Hs2st1,0.0122905087314274,0.758589231457055,0.277,0.131,1
Thumpd2,0.0123089579521861,0.753152904637537,0.201,0.09,1
Nprl2,0.012386130719118,-0.0772508652589137,0,0.01,1
Rps5,0.0124106680112037,-1.11886724600894,0.006,0.023,1
Slc35g2,0.0124202390489229,2.2467394504537,0.038,0.01,1
Gm17482,0.0124395549749852,1.768265857436,0.069,0.021,1
Prkrir,0.0125058491141558,-1.29642645227709,0.006,0.035,1
Gpt,0.0125509333988634,-0.580733314725042,0,0.012,1
Sorbs1,0.0125515383974667,0.94094287058382,0.201,0.092,1
Pcolce2,0.012565080636792,-1.22092679526693,0.069,0.093,1
Cib3,0.0125711604099061,-0.547666353421558,0,0.013,1
Olfr804,0.0125956874680355,3.29157563595569,0.019,0.002,1
Jak1,0.0126070473363901,1.0470844238871,0.182,0.072,1
Dscaml1,0.0126105869112255,-0.841322150156653,0.132,0.157,1
Garem,0.0127049871196364,0.471913819671334,0.39,0.223,1
Zc3h6,0.0127256961985078,1.29092924176755,0.119,0.042,1
Aste1,0.0127480926519122,-0.940158017438272,0.013,0.026,1
Chrdl1,0.0127713402647443,0.853809778703973,0.182,0.079,1
Timp2,0.0128100180020895,-0.864767129775579,0.031,0.051,1
Mtor,0.0128208015362415,0.99667329905314,0.176,0.076,1
Ehbp1,0.0128362398118125,0.5177700403207,0.44,0.264,1
Otogl,0.0128381463266404,0.367307254741988,0.415,0.211,1
Gm9949,0.0128636691531056,-0.678704029194945,0,0.015,1
Eef1a1,0.0128722167143148,-1.46238873432707,0.019,0.047,1
Slc15a4,0.0128863803368391,-1.49804486696798,0.013,0.04,1
Greb1l,0.0129163698040823,0.406519495004092,0.409,0.255,1
Ppl,0.012917139825075,-1.16180027142204,0.025,0.047,1
Siah2,0.0129226359061378,-1.4529473447475,0.013,0.039,1
Dennd4a,0.0129519275283991,-1.05301800119088,0.057,0.081,1
Irf4,0.0130347518263609,1.42930245745338,0.094,0.027,1
Rnf182,0.0130783412332182,1.60624072346439,0.069,0.021,1
Olfr411,0.0130825088530882,2.26334676593589,0.031,0.008,1
Zfp865,0.013087254458837,-0.833418923715285,0,0.014,1
Mob3b,0.0131151354275934,-0.777340646140285,0.151,0.17,1
Wrap73,0.0131805593493786,-1.04229595302581,0.038,0.067,1
Klhl23,0.0132340251376333,1.86228820855906,0.069,0.014,1
Myg1,0.013305968634625,-0.0371487245655926,0,0.01,1
Gdf6,0.0133546631662554,-1.68107547879654,0.006,0.032,1
Mefv,0.0134130541755782,-0.401012421865441,0,0.011,1
Pou1f1,0.0134188275385321,-1.2339652377541,0.006,0.027,1
Faf1,0.0134246374977553,0.432645947658652,0.428,0.226,1
Ddr2,0.0134259109752789,0.740785225925146,0.226,0.117,1
Gm10109,0.013434424652142,-0.897384918949489,0,0.014,1
Gtpbp3,0.0134521160121521,-0.80278477699572,0,0.015,1
Fgf15,0.0134908147210449,2.99487271258422,0.025,0.003,1
Ppp2r2d,0.0134994391742434,-1.01451895696227,0.019,0.035,1
Foxk1,0.0135242592795926,-1.24762556541947,0.019,0.045,1
Mier1,0.0135517947895608,-0.936568872355537,0.038,0.054,1
Klhl32,0.0135545060087794,0.394571625473121,0.465,0.301,1
Fry,0.0136822578188533,1.11562908803553,0.214,0.093,1
Heatr5a,0.0136911399278778,0.805066093549714,0.22,0.101,1
AF067061,0.0136941612298388,3.84374083617325,0.013,0.001,1
Idh3a,0.0137067882683458,1.14478813934834,0.138,0.045,1
Olfr1511,0.0137194011320114,3.13189687428602,0.019,0.002,1
Hmx1,0.0137306007565537,3.10418159573347,0.025,0.003,1
Sh3tc1,0.0137863961037364,-1.01919615718402,0.019,0.05,1
Sez6l,0.0138312649558145,-1.04132761142682,0.069,0.096,1
Mkl1,0.0138355932561105,0.850090008797891,0.239,0.113,1
Ptpro,0.0138538688048716,0.558857376853086,0.365,0.178,1
Agps,0.013874842130382,-0.830294378705938,0.107,0.133,1
Rhox2h,0.0138800376057464,3.30624807696934,0.019,0.003,1
Heyl,0.0138813997786209,-1.11137313334211,0,0.018,1
Scg3,0.0139214856785524,1.41795719088248,0.094,0.034,1
Fam195a,0.0139317416362487,-0.512567838869707,0,0.012,1
Slc10a7,0.0139381800925365,0.588423481405798,0.396,0.208,1
Pld3,0.0139435853375014,-1.19346623753123,0.019,0.038,1
Colec12,0.0139609665332639,-0.831417559681947,0.201,0.208,1
Olfr397,0.0139898873399551,3.8819337274647,0.013,0.001,1
BC048403,0.0139990430851763,1.87135946798969,0.063,0.018,1
Kcna6,0.0140310435396079,-0.894494853321678,0.013,0.042,1
Stk36,0.0140394467351102,1.31032845803426,0.107,0.033,1
Dnpep,0.0140829507081609,-1.01613014225357,0.063,0.097,1
Gpr75,0.0140873808613948,1.99861777375413,0.057,0.012,1
Map3k12,0.0141131123794843,-0.775622286330428,0.019,0.035,1
Fggy,0.0142011842599554,0.291102727375325,0.566,0.375,1
Josd2,0.014226058380051,-0.267223034620774,0,0.01,1
D830013O20Rik,0.0142811529185806,-1.25490153040293,0.006,0.027,1
Fam189a1,0.0143065310663668,0.466494352017215,0.453,0.27,1
Aldh18a1,0.0143191184520142,1.09385861607692,0.151,0.049,1
Ccdc85a,0.0143495252654118,0.585189604903833,0.39,0.214,1
Aldh3a1,0.0143538975893436,2.75456748357306,0.031,0.005,1
Abhd16a,0.0143777451536293,-1.14476669364822,0.006,0.024,1
Reep3,0.0143901139390559,-1.11847727971134,0.019,0.046,1
Olfr419,0.0143955150081773,3.15105041422389,0.019,0.002,1
Tnfsf18,0.0143980804524603,-1.31456734758206,0,0.015,1
Tarbp2,0.0143986929627926,-0.903385254564967,0.006,0.023,1
Lyplal1,0.0144107592104392,1.13109627987785,0.132,0.044,1
Zfp628,0.0144111024192217,-0.847149415102789,0,0.016,1
Olfr94,0.0144311352228502,2.83719915506087,0.031,0.002,1
Ces2g,0.0144813382648886,-1.17464751316122,0,0.018,1
Rem2,0.0144883584149315,2.84652132397044,0.019,0.005,1
Epha2,0.0145098336771952,-0.847729458111513,0.006,0.024,1
Fabp12,0.0145396403310563,1.04797575843173,0.151,0.063,1
Nde1,0.014557899619504,-1.14577339864094,0.019,0.039,1
Hs3st1,0.0145937912182479,-0.791611871105439,0.145,0.187,1
Cyp3a11,0.0145985688641387,-1.18308295316989,0,0.018,1
Strbp,0.0146861045174561,0.620556920625501,0.283,0.129,1
Plxnc1,0.0147026413144487,0.813361431842122,0.233,0.094,1
Gm5901,0.014776566866367,0.069637906508067,0,0.01,1
Pole4,0.0148104542116977,0.857599194893065,0.208,0.107,1
Hoxa3,0.0148199887588809,2.08655096599967,0.05,0.011,1
Ict1,0.0149284800587938,-0.678137016501584,0,0.012,1
1700106J16Rik,0.0149749785673066,3.76056374086564,0.013,0.001,1
Rnf10,0.015004961716461,-0.410866765692657,0,0.012,1
1700020N01Rik,0.0150324387305177,-1.04617833731576,0.019,0.051,1
Corin,0.0150350897897679,-0.836421643828229,0.226,0.213,1
Aldh5a1,0.0150596583881598,1.40016899725944,0.119,0.035,1
Lipa,0.015069083102726,-0.822232843417484,0.057,0.098,1
Acaa2,0.0151915362091971,1.0595222860674,0.126,0.046,1
Serpinb9c,0.0151958808762607,-0.345551327657544,0,0.012,1
Tsen2,0.0153008519078141,0.878715813787268,0.164,0.068,1
Xkrx,0.0154283180237503,2.11070053401917,0.05,0.009,1
Mtfr1,0.0154301543348813,0.958762012651243,0.17,0.072,1
Gm20431,0.0154497999894502,-1.00059567012916,0.044,0.089,1
Sardh,0.0155322497845392,0.950330828792676,0.126,0.062,1
Mroh8,0.0155380798513982,0.947349400931652,0.176,0.065,1
Rapgef4,0.0155529687748305,0.609222536473121,0.34,0.189,1
Tbkbp1,0.0155658211674391,-0.874630905671177,0,0.016,1
Zfp462,0.0155680728420331,0.926085247644553,0.176,0.068,1
Colq,0.0155735666777651,1.05173113150384,0.107,0.048,1
Wscd1,0.0155786190376073,-1.44917551834896,0.019,0.045,1
Syt7,0.0155884420665794,-1.08135724049213,0.05,0.07,1
Lig3,0.0156077398785073,-1.54326230279055,0.006,0.034,1
Slc35e2,0.0156093803933911,-1.17430832161177,0.013,0.037,1
Msi2,0.0157495799888895,1.02594616508695,0.189,0.063,1
Npy6r,0.0157541217260962,-0.674604471738136,0,0.013,1
Pdzd7,0.0157662827156219,-1.25605949458184,0.019,0.041,1
2410015M20Rik,0.0157677671567033,0.00340687626491487,0,0.011,1
Crtc3,0.0157945279498522,1.04369527168364,0.157,0.062,1
Casr,0.0157976837074413,0.870337408181275,0.182,0.071,1
Qars,0.0158499095438638,1.76654277122893,0.094,0.024,1
Agpat5,0.0159120342205318,0.921205903635181,0.195,0.078,1
C1qbp,0.0159270042575734,-0.778608199039143,0,0.014,1
Mapk15,0.0159289765772442,3.02260573396603,0.025,0.002,1
Tmco6,0.0159653298943066,-0.938250236031727,0.006,0.025,1
Mtcp1,0.0159959228513818,1.89159586490287,0.05,0.012,1
Phf11b,0.0160188782153918,-1.53402779998189,0.006,0.032,1
Itpkb,0.0160271357184828,1.1123884221066,0.132,0.052,1
Zmiz1,0.0160329648597014,0.997348668734746,0.17,0.084,1
Pgap2,0.0160428662228665,-0.804305849029345,0.019,0.05,1
Mrpl45,0.0160832037588968,-0.978695533621659,0,0.016,1
Cdh17,0.016101507745966,-1.19520386921465,0.057,0.085,1
Fam188b,0.0161154202626206,0.64400101547991,0.27,0.127,1
Tprgl,0.0161548193368308,-0.948079964575338,0.019,0.042,1
Sik3,0.0161802406795147,-1.00728235439484,0.05,0.074,1
Nid1,0.0161970065297852,-0.890039510870546,0.088,0.106,1
Rps6kb2,0.0162074444822429,-0.0978458405735969,0,0.01,1
Dda1,0.0162104285726654,-0.734586018634451,0,0.015,1
Tmod1,0.0162437558420536,-1.14041426851762,0.044,0.07,1
Gm28557,0.0162793188482897,1.08929016456132,0.119,0.049,1
Stra6,0.0162912189733949,1.23175900937605,0.113,0.049,1
Hspg2,0.0162992602738825,0.713793290709503,0.226,0.114,1
Trem1,0.0163110104964373,2.0915909173054,0.038,0.009,1
Nfkbiz,0.0163683475679164,-1.02134315116849,0.031,0.064,1
Rarres1,0.0163891471079505,-0.981700816327151,0.075,0.098,1
Mctp2,0.0163908383837702,-0.780754307159261,0.233,0.254,1
Prrt3,0.0164106898676845,-0.776737447650728,0,0.013,1
Slx4ip,0.0164185643189871,0.486808073528598,0.428,0.244,1
Sestd1,0.0164681947136249,0.62145754207902,0.302,0.151,1
Prima1,0.0165037569459726,-1.27523124416582,0.038,0.057,1
Abca8b,0.0165344223478364,-1.21103773509544,0.038,0.049,1
Fam132a,0.0165371054358822,2.79042077812792,0.025,0.005,1
Nudt5,0.0165792760179969,1.40858914794977,0.082,0.029,1
Nnmt,0.0166751340796613,2.56864089114908,0.031,0.005,1
Zzz3,0.0166845440285457,-1.15905037036639,0.044,0.071,1
Glt1d1,0.016724376586862,-1.2913739077767,0.05,0.07,1
BC106179,0.0167967139261527,-0.231193025006156,0,0.01,1
Gm8237,0.0168180568103648,-0.611493808961874,0,0.015,1
Klc2,0.0168360916856357,-0.70228096566576,0.006,0.019,1
Gm17657,0.0168456536092991,3.42821496602821,0.013,0.001,1
Me2,0.0168755524288067,-0.952198035545163,0.038,0.072,1
Lgi1,0.0169074502740222,1.43702689908262,0.107,0.03,1
Leprot,0.0169284510294284,-0.755841559747725,0.05,0.089,1
Nkx6-1,0.0169670077321233,-0.465812458082027,0,0.011,1
Irx2,0.016967395142376,2.29108910983738,0.025,0.009,1
Pwwp2b,0.0169813977966262,-0.726655400317428,0.013,0.024,1
Olfr1336,0.0170261163233125,3.35976645507826,0.019,0.002,1
L3mbtl3,0.0170391855719794,0.51915292421087,0.308,0.166,1
Olfr1368,0.0170437177847143,2.89676284328865,0.019,0.002,1
Ugt8a,0.0170760445114734,-1.13378759049487,0.038,0.085,1
Svil,0.0171048066070271,0.543375171588006,0.327,0.196,1
Orc3,0.0171270875381661,1.20898826663629,0.113,0.038,1
Ptprr,0.017161995116855,0.370542703797314,0.478,0.29,1
Dennd1a,0.0172487607737374,0.498711013433794,0.403,0.242,1
Snx1,0.0172612752765996,-1.0243682869375,0.019,0.039,1
A230065N10Rik,0.0172629022091505,-0.338334682836118,0,0.011,1
Sptlc3,0.0173084597205583,0.538691927276936,0.296,0.173,1
Aox3,0.017402367276131,0.761489189447346,0.214,0.11,1
Krtap16-1,0.0174367492005733,-0.0912824109742072,0,0.01,1
Moxd2,0.0175886506642862,-1.36943529072198,0,0.018,1
Ninl,0.0175921484215222,0.48364798377571,0.321,0.163,1
Rai14,0.0176160170372276,-0.757929367918376,0.226,0.229,1
Gm28308,0.0176176727126453,2.03495280430843,0.05,0.012,1
Vmn2r20,0.0176189941939597,-0.731628647388125,0,0.015,1
Ucn3,0.0176319145998879,-1.05500591184784,0,0.015,1
Irf2bp2,0.0176933337128344,-0.481950876451172,0,0.013,1
Masp1,0.0176998694081665,0.71629649098245,0.214,0.088,1
Traf3,0.017715877737187,0.966604416685777,0.189,0.076,1
Prkcz,0.017723940198989,-1.10631032547616,0.05,0.079,1
Mad1l1,0.0177484587801224,-0.523250902724589,0.214,0.237,1
Adcyap1r1,0.0177556646800232,1.74999902485447,0.069,0.025,1
Cnot6l,0.0177688056024301,-0.964783935983089,0.101,0.112,1
Nrm,0.0178042686254682,-0.856876618048556,0,0.016,1
Chd5,0.0178092184849077,1.39960543042403,0.088,0.034,1
Acadsb,0.0178257634335947,1.41484968410803,0.088,0.024,1
Spcs3,0.0178275840669037,1.10478235460075,0.138,0.063,1
Btd,0.0178421289039434,-1.01733182488113,0.019,0.045,1
Sema3g,0.0178639365449707,-0.735570642107926,0,0.015,1
Klhdc10,0.0178805685943627,1.07700307587488,0.157,0.053,1
Kbtbd12,0.0178883378412857,1.06359871679324,0.138,0.051,1
Stmn4,0.0179142481418614,-0.692616193226068,0.006,0.02,1
Tex35,0.0179383714970778,1.96862400040596,0.057,0.013,1
Tomm40l,0.0180327756229924,-1.36322192408609,0.013,0.031,1
Nipsnap1,0.0180472435669734,1.82421494267235,0.057,0.01,1
Vmp1,0.0180528640461321,-1.19322912570583,0.019,0.057,1
Mertk,0.0182361032141765,1.20266226837471,0.126,0.048,1
Peg12,0.0183294227954448,-1.06515167140351,0,0.017,1
Gm17231,0.0183420338096034,-1.20508210614556,0.019,0.045,1
Mbl2,0.0184334118810419,-0.265527454788354,0,0.011,1
Lilrb4,0.0185096093188273,-1.11966357651462,0.006,0.025,1
Mxd1,0.0185160107644852,1.37761148226969,0.107,0.034,1
Dock9,0.0185255881672794,-0.67478959222148,0.233,0.25,1
Hmga2,0.0186031703351524,0.953071959501838,0.157,0.062,1
Tmem39a,0.0186068027918095,1.26167342094213,0.113,0.038,1
Ell2,0.0186158180346451,-0.967670171962934,0.101,0.126,1
Tmem56,0.0186234142798175,0.840500748552976,0.189,0.079,1
Pigh,0.0186912794303964,-1.33254545617179,0,0.018,1
Supt3,0.0187413078713269,0.385173015453557,0.509,0.296,1
March7,0.0188470459727198,1.60614534715845,0.057,0.017,1
Zc2hc1b,0.0188646905931091,1.16161307079981,0.119,0.05,1
Fjx1,0.0189023732679679,2.34065191504527,0.031,0.008,1
Bub1,0.0189044793742521,1.49259509698346,0.069,0.028,1
Galnt14,0.0189271904939735,-0.677333379669422,0.27,0.269,1
Txndc5,0.0189400075677042,1.02033040922628,0.113,0.046,1
Swap70,0.0189449066607884,0.863454875485432,0.164,0.057,1
Rfc1,0.0189464197856748,0.930583443899292,0.164,0.067,1
Inhbc,0.0189531464744928,2.65114049561019,0.025,0.002,1
Adamts12,0.0189655670063923,-0.647999184706458,0.289,0.316,1
Il5,0.0189901433119482,2.64112810018508,0.025,0.004,1
Sarnp,0.0189982170595642,1.49053245760047,0.075,0.025,1
Ypel1,0.0190741114011535,1.5436020042626,0.063,0.023,1
Fmo3,0.0190777591741084,-1.05936320259563,0.006,0.024,1
Ctsf,0.0190964650265978,2.52567308715997,0.031,0.009,1
Klhl24,0.0191142385453166,-0.68502839388631,0.031,0.045,1
Pik3r6,0.0191857400380546,1.21687097410966,0.101,0.032,1
Prdm11,0.01927465857976,0.965235114296084,0.17,0.073,1
Ankhd1,0.019294898279632,0.938337355426809,0.176,0.088,1
Scgb1b24,0.0193221008013541,3.47834065750894,0.013,0.001,1
Olfr975,0.0193349184146803,2.49755827911547,0.031,0.005,1
Sh3gl3,0.0194278292701095,-0.954272024595051,0.126,0.153,1
Pstpip1,0.0194777634856441,-1.00028501168894,0.025,0.043,1
Cyfip2,0.0195075485664099,-0.819785036463544,0.189,0.216,1
Kif14,0.0195117724980531,0.871655836179175,0.176,0.076,1
Gm21976,0.0195328824651198,1.43864722816609,0.088,0.027,1
Ccdc70,0.0195433500572658,-0.897034693736082,0,0.013,1
Tor3a,0.0195880650487334,1.52332311636355,0.082,0.024,1
Olfr68,0.0196109234611731,2.58181903022122,0.031,0.005,1
Tnfsf13,0.019649703971106,-0.392968042830391,0,0.011,1
Fam57a,0.0196546832648765,1.54370199198267,0.075,0.034,1
Zfhx4,0.0196819596097824,0.499053522425129,0.34,0.187,1
Inpp5e,0.0196918835984231,-0.130338563609026,0,0.011,1
Pttg1,0.0197635845483489,-0.673109472361012,0.006,0.02,1
Riok1,0.0198039422225076,1.12345055720617,0.119,0.042,1
Ppp2ca,0.0198787049966132,-0.997352323953872,0.006,0.024,1
Tmem87a,0.0198990326065485,1.35871139885648,0.075,0.032,1
Syt2,0.019902109842748,1.06222897691596,0.138,0.068,1
Cbr1,0.0199168765533808,2.8421149633579,0.019,0.007,1
Dusp8,0.019969723128723,-1.03879538968418,0.006,0.029,1
Shh,0.0200676526797999,-0.727618960592357,0,0.013,1
Prpf39,0.020105824549283,1.6642965379252,0.075,0.018,1
Ppie,0.0201389762108766,1.59947302630473,0.082,0.02,1
Tmem135,0.0201515089144632,0.465509252683709,0.403,0.232,1
Gpr180,0.0201675077276412,1.00987040499708,0.126,0.046,1
Ak9,0.0201712535452826,0.748165721154167,0.22,0.096,1
Qpctl,0.020193374930157,-1.22998426731541,0.006,0.026,1
Rabep1,0.0203783435828105,1.20007442033176,0.107,0.037,1
Olfm4,0.0204268037869679,1.69209902754986,0.063,0.024,1
Fam83a,0.0204616286843389,1.44646862133861,0.088,0.023,1
Tox2,0.0204867624960228,-0.91374057762733,0.025,0.06,1
Timd4,0.0204907542849759,-1.32806917211072,0.031,0.047,1
Ncam1,0.020491528508225,-0.708537129215561,0.063,0.076,1
Sh3pxd2b,0.0205502870497676,1.18498358471747,0.113,0.034,1
Cln8,0.0205935085143803,-0.99150633161913,0.025,0.051,1
AA474408,0.0206497866341891,-1.16293475832759,0.013,0.034,1
Zfp7,0.0206543615395995,-0.551756782724766,0,0.012,1
Rbm4b,0.0207341734038759,-1.0120427424016,0.006,0.023,1
Ston1,0.0207593840761042,0.865756915936629,0.17,0.071,1
Chst14,0.0207610248693061,2.37135853274875,0.031,0.005,1
Klra4,0.0207792359008898,-1.03276738397181,0.006,0.021,1
Ptger4,0.0208097124173129,-1.00979658942404,0.05,0.081,1
Nthl1,0.020828739834071,-0.421233416211872,0,0.013,1
Tmprss7,0.0208529845422504,1.13794635338156,0.138,0.048,1
Pgap1,0.0209296972984554,-0.845406385409759,0.094,0.138,1
Slc28a3,0.0209413967274876,1.1932434445688,0.094,0.042,1
Rgs7,0.0209791045927329,0.409638691206566,0.503,0.339,1
Map4,0.0209836130544365,-1.00782080296952,0.044,0.061,1
5031414D18Rik,0.02100618207731,-1.10287947803964,0.05,0.064,1
Olfr53,0.0210388758940421,2.71420025196293,0.025,0.004,1
1700034J05Rik,0.021064350370804,-0.245212056137803,0,0.012,1
Picalm,0.021155864069205,-0.94613516691931,0.038,0.072,1
Upf2,0.0211815856312339,0.821865731541159,0.201,0.092,1
Rcc2,0.0212422006843651,-0.775329325570159,0.006,0.023,1
Ap1m1,0.0212440111762845,1.21576680875403,0.113,0.035,1
Gm27027,0.021271088967058,1.25390610751576,0.094,0.046,1
Megf10,0.0212925932430579,-0.857257764187083,0.075,0.093,1
Cdca4,0.0213669511286314,-1.15863570017833,0.006,0.026,1
Dnah10,0.0213992778817165,0.868899612982719,0.182,0.069,1
Khsrp,0.0214095803053267,-0.735451440508412,0.05,0.078,1
Ctss,0.0214148982243635,1.5021039191044,0.075,0.023,1
Vmn2r9,0.0214500283185854,2.37630790136418,0.025,0.006,1
Zfp936,0.0214628082746586,3.77755729719885,0.013,0.001,1
TRPC2,0.0214789785068853,1.53210961371879,0.069,0.015,1
Eps8l2,0.0216622176894282,-1.10786455199942,0,0.015,1
Ppp3ca,0.0217452250153302,0.533418063607624,0.327,0.187,1
Tmem110,0.0218160659721852,1.40087177048415,0.082,0.031,1
Fbxl17,0.0218172671737106,0.388998664842364,0.503,0.368,1
Ttc4,0.0218397735878159,1.47768988737934,0.082,0.024,1
Rorb,0.0218931719969792,0.66257799233217,0.283,0.123,1
Ppp4r2,0.0219326362661978,1.61622574887222,0.082,0.026,1
Ppargc1a,0.0220051503319067,0.834336650923697,0.226,0.087,1
Sec22b,0.0220303934003284,1.3837106588956,0.069,0.023,1
Mllt1,0.022030513169927,1.0240442476206,0.157,0.063,1
Lss,0.0220920618073244,-1.04465657355632,0.044,0.076,1
Maob,0.0221325075425944,1.00416666011443,0.164,0.056,1
Nubp2,0.0221441278776109,-0.72439330550852,0.006,0.022,1
Nadk2,0.0221566233959943,1.32095631963464,0.145,0.048,1
Klhl13,0.0221661220866333,0.652258046339908,0.233,0.096,1
Aqp6,0.022182278343799,-0.693911744695953,0,0.012,1
Slamf8,0.022223389793201,-1.09295986118858,0,0.016,1
Cables1,0.0222336587283713,1.02064964669126,0.17,0.071,1
Ltbp2,0.0222387213842206,0.751133387315243,0.214,0.087,1
Stip1,0.0222536595581497,-0.905234448627266,0.038,0.054,1
Srgap3,0.0222691931981074,0.795465594012565,0.201,0.091,1
2210018M11Rik,0.0222890083694451,0.854645597996439,0.138,0.065,1
Vim,0.0223462250571016,-1.17578112379145,0.006,0.03,1
Bach1,0.0224451361124579,-1.04660391251111,0.069,0.083,1
F830045P16Rik,0.0225000992951741,1.05867159697011,0.138,0.041,1
Tmem235,0.0225349262320597,-0.233920325113302,0,0.01,1
Dixdc1,0.0225655431999474,-0.870893419108157,0.075,0.084,1
F2r,0.0225997220307464,-0.877684512537584,0.019,0.034,1
Rbm6,0.0226172269524206,1.07127017713117,0.151,0.049,1
Arfrp1,0.0226758977696122,2.06494457926681,0.038,0.011,1
Tas2r143,0.0226960073141935,2.53042837999268,0.031,0.003,1
Slc4a2,0.0228376464951104,-1.0258865941455,0.013,0.029,1
Apol7a,0.0228619876491994,2.14574052595887,0.031,0.01,1
Ccdc38,0.0228808375511013,0.993343074114568,0.132,0.061,1
Pde8a,0.0228860194844552,-0.889835494744985,0.038,0.086,1
Cep162,0.0228951084256221,0.507530272357336,0.283,0.156,1
Tstd3,0.0229593929309872,1.47506035682826,0.075,0.026,1
Ugt3a1,0.0229756892625303,-1.15198634077463,0.025,0.054,1
Wfs1,0.0230004815597407,1.27731932748251,0.101,0.037,1
Rabl3,0.0230428204442501,1.12717039299764,0.157,0.078,1
Atp2b2,0.0230498382715129,0.542112071824743,0.289,0.149,1
Gpr173,0.0230517471252201,1.76803098320949,0.075,0.022,1
Bnipl,0.0230688945069299,-0.485305699590168,0,0.011,1
E030025P04Rik,0.0231150744242283,-0.245936970427613,0,0.01,1
Reps1,0.0231229093235292,0.765286982066493,0.182,0.079,1
Qser1,0.0231401573717342,0.779868599925457,0.164,0.065,1
Tusc5,0.0231814611012867,1.73516551398903,0.057,0.013,1
Tank,0.0232182543521296,0.82339747440826,0.208,0.098,1
Adcy3,0.023254167606612,0.909385035899478,0.164,0.067,1
Myo1d,0.0232643547572993,-0.815637045148741,0.138,0.129,1
Anks6,0.0232699760337139,0.965129059114788,0.151,0.067,1
Naa16,0.0232763542166704,0.984255378154969,0.138,0.042,1
Cav1,0.0233184233378114,0.888288455425272,0.132,0.053,1
Slc7a7,0.0233785918961678,-1.04169482553815,0.025,0.04,1
1700123L14Rik,0.0234043622647101,-0.75039913416706,0,0.013,1
Svs1,0.0234323010191143,2.48740609432087,0.031,0.005,1
Enoph1,0.0234578933474887,-1.29902063190536,0.019,0.04,1
Sall2,0.0234696601702214,-0.298332725722474,0,0.01,1
Arid4b,0.0235155029029752,-0.972786317815601,0.075,0.13,1
Optc,0.0235239530332916,-0.830928481865835,0,0.013,1
Cep85l,0.023546227192307,1.09890129556771,0.132,0.051,1
Supt20.1,0.0235870806525991,1.0602904094305,0.119,0.052,1
Lrrc51,0.0236009170011393,1.71550493440828,0.063,0.015,1
Uchl1,0.0236428599321628,2.01089723721085,0.05,0.012,1
Fgfr1,0.0236508657998037,1.49109558580922,0.094,0.036,1
Sync,0.0236531551737014,-0.391023684253955,0,0.012,1
Lrrc7,0.0237575638453519,-0.558657445396894,0.465,0.474,1
Kctd5,0.0237888619127189,1.49783960154637,0.088,0.028,1
Pcgf6,0.0238106764673398,-0.663180002026685,0,0.013,1
Pfkm,0.0238117764185963,1.3224353219125,0.094,0.029,1
Ermn,0.0238561961752022,-0.951168604587958,0,0.015,1
Ribc1,0.0239151495117161,-0.12188850392051,0,0.011,1
Cbr4,0.0239198116788213,1.23905116061823,0.113,0.039,1
Itpk1,0.0239358965909422,-0.818455791859932,0.082,0.105,1
Psmd2,0.0239984827913657,-0.388287909228614,0.006,0.016,1
Rap1a,0.0240424299165314,-0.993093027179177,0.013,0.041,1
Plekhh1,0.0240486504683301,-1.31953761331384,0.025,0.065,1
Fhl4,0.0240515451064646,1.34961469906466,0.069,0.024,1
Enah,0.0240549589419217,1.45457201586588,0.113,0.035,1
Kat2b,0.0241836318752239,0.812989753388608,0.17,0.086,1
Actb,0.0241911286728404,-0.875526201421915,0.006,0.023,1
Wnk4,0.0242094996691358,-0.230333998058209,0,0.01,1
Syngr1,0.0242677498832603,-1.11329991030134,0.006,0.026,1
Ap1s1,0.0242700594692202,-0.573841463644472,0,0.012,1
Cenph,0.0242709736013728,1.35132896451648,0.075,0.029,1
Glra3,0.0243042078576392,-0.823066299666973,0.164,0.206,1
Plcb3,0.0243397272398766,-0.283873416517856,0,0.012,1
Hexim2,0.0243520604838877,-0.367693304364153,0,0.011,1
Lmx1a,0.024352866466647,0.785325218893438,0.239,0.128,1
Polr2h,0.0243780964528687,-1.04139627141763,0.013,0.031,1
Lonrf2,0.0244060516758895,1.21938632431384,0.107,0.033,1
Gm10267,0.0245002856803342,-0.33504307668067,0,0.01,1
Ern1,0.0245466139535926,0.764977547656177,0.182,0.085,1
Slc15a1,0.0245507372998321,1.14842918357475,0.088,0.034,1
St6galnac5,0.0246313658180835,0.480441287596212,0.314,0.162,1
Amot,0.0246608359669567,1.38722676243713,0.107,0.033,1
Efcab14,0.0247065472875989,-1.02364578894433,0.031,0.057,1
Phactr4,0.0247124847188049,-0.95363274083632,0.031,0.058,1
Abcc9,0.0247324919421976,0.630168729536482,0.239,0.137,1
4930447C04Rik,0.0247609349798406,1.54364877733117,0.075,0.025,1
Gm4794,0.024767115067103,-0.16714105629072,0,0.01,1
Hid1,0.0248388968265513,-1.17844873316722,0.006,0.023,1
Ttc7,0.0248470232177828,0.61126985230186,0.226,0.114,1
Cd226,0.0249541077400363,-0.941269322681219,0.119,0.126,1
Fign,0.0249755547791583,-0.845838958606849,0.119,0.156,1
Prr16,0.0249786733129999,-0.595942863852087,0.176,0.222,1
Esrrb,0.0249862174584452,0.749704329216563,0.226,0.114,1
Akt1s1,0.0250622316693916,-1.04877231210591,0.019,0.041,1
Reg3a,0.0250673462524247,-0.359740694493249,0,0.012,1
Ints12,0.0251074253056675,1.0054429779805,0.151,0.07,1
Tnfrsf19,0.0251192106181849,1.14663109414138,0.126,0.04,1
Arc,0.0251212394883252,-1.66247852685967,0,0.018,1
Slc6a4,0.0251523261679563,1.30899677779819,0.082,0.031,1
Pitrm1,0.0251929632914693,-0.927044908975674,0.069,0.096,1
Ppp1r12b,0.0252310133220127,0.658164376618895,0.277,0.129,1
Mark1,0.0252435640361679,-0.82239194698458,0.101,0.111,1
Cic,0.0252493317901096,-0.954482759271033,0.057,0.07,1
Arhgef2,0.025400682630519,-1.29938434949854,0.013,0.03,1
Tfap2b,0.0254317736780351,-0.968183962597551,0.013,0.026,1
Emc3,0.0254736565659258,1.7989416392761,0.044,0.015,1
Fabp5,0.0255234931840003,1.62628774278775,0.057,0.016,1
H2afx,0.0255295812291761,1.90737098000608,0.044,0.01,1
Zfp326,0.0255432192853406,-1.01552661890833,0.025,0.047,1
Ranbp2,0.0255825528114935,-0.787238970472432,0.019,0.043,1
Hvcn1,0.0256050729773852,1.62574868850043,0.063,0.017,1
4930558K02Rik,0.0256349950033885,-0.782541532044831,0.057,0.073,1
3110082J24Rik,0.0256415228925547,-0.222279820195705,0,0.01,1
Rgma,0.0258509708108765,-0.404699254314409,0.006,0.021,1
Lrrc15,0.0258620377556067,2.27091078248549,0.031,0.009,1
Lppr5,0.0258668741467354,0.516187218711579,0.314,0.154,1
Olfr507,0.0260460663366438,3.51151074379199,0.013,0.001,1
Naga,0.0261485564695811,-1.1388030477507,0.013,0.033,1
Ap3b2,0.0261952033746179,-0.770590641048685,0.019,0.037,1
Colgalt2,0.0262129099390764,0.873879134039486,0.17,0.067,1
Paqr8,0.0262402443964723,1.04486724754687,0.151,0.053,1
Aars2,0.0262450254492362,-1.07831518969203,0.019,0.035,1
Rab3il1,0.0262627358072795,-0.864211904896107,0.038,0.067,1
Ywhaq,0.0263218983259746,-1.19489054802224,0.019,0.042,1
Serpinb6e,0.0263310633295949,-0.824933392235653,0,0.013,1
Tmem55b,0.0263927585493841,1.91681483366502,0.05,0.015,1
Akt1,0.0264077867786072,-0.922684906245435,0.006,0.023,1
Rbm26,0.0265120489322229,0.668983936195291,0.189,0.085,1
Arhgef26,0.026532755410837,0.810755363986159,0.17,0.073,1
Smr2,0.0266057321013792,-1.12521448581958,0.006,0.023,1
Cldn11,0.026620997886619,-1.14185765320013,0.006,0.024,1
Srsf3,0.0266456363318259,-0.444787530136367,0,0.012,1
Inadl,0.026711782781805,0.368938276996616,0.472,0.281,1
Slc10a5,0.0267351557002804,3.58582922423899,0.013,0.001,1
Polr3h,0.0267468595246934,-0.800487447576977,0.006,0.023,1
Neurl3,0.0267491537401342,1.93391093342155,0.038,0.012,1
Drc1,0.0267905324427608,1.32213767401916,0.119,0.03,1
Sympk,0.0268462861402359,-0.719045293219871,0.013,0.029,1
Erich1,0.0268602537583819,-1.04716464260328,0.05,0.075,1
Cfap221,0.0269439148090509,0.95596514920905,0.119,0.043,1
Mfap3,0.0269789150122218,1.93022613452224,0.05,0.011,1
Gprc6a,0.0269910758768331,1.44491525953914,0.069,0.026,1
Rfesd,0.0270488431932952,1.21288482599065,0.113,0.032,1
Clec3a,0.0270637902077034,1.52710790317052,0.069,0.014,1
Cd36,0.0270691349664269,-0.807476792197621,0.119,0.153,1
Arhgef25,0.0270784156536714,-0.112066224409099,0,0.01,1
Hus1,0.027107390351543,1.17683344914466,0.101,0.043,1
Plvap,0.0271142398787486,-0.333247721884134,0,0.01,1
Smpdl3a,0.0271543972270188,1.25574090644085,0.088,0.025,1
4930572O03Rik,0.0272410014515042,2.67278043969258,0.025,0.004,1
Galnt5,0.0272566510336969,-0.867936406976371,0.063,0.082,1
Ccdc171,0.0273107761876268,-0.509557115136178,0.384,0.372,1
Ngrn,0.0273336912246468,3.11352399173503,0.031,0.003,1
2310003H01Rik,0.0274659108713118,1.66926459279974,0.057,0.015,1
Gpr137c,0.0275476811008028,-0.918093400142823,0.057,0.087,1
Foxh1,0.0275898918984798,-0.225242231989329,0,0.01,1
Endog,0.0276074389501915,0.188628056257814,0.006,0.01,1
Olfr322,0.0276406927710827,2.77165281935369,0.031,0.002,1
Map4k3,0.0276834433810059,0.602810994480469,0.283,0.138,1
Osbpl10,0.0276947575038141,0.620394136445215,0.27,0.162,1
Snx15,0.0277175581600393,-0.287312704948802,0,0.012,1
Nusap1,0.0277831273002301,1.09805032110458,0.126,0.04,1
Pex12,0.027792308804601,-0.773532669326021,0,0.012,1
Prpf4b,0.0278242822930944,1.37040947428215,0.088,0.029,1
Ppp2r3d,0.027866131535798,-0.906469543940771,0.031,0.065,1
H2-M10.5,0.0278785866997955,-0.464178357155021,0,0.012,1
Brf1,0.0279159341137307,-0.717248377588736,0.05,0.061,1
Dek,0.0279341702335672,-0.908980545430485,0.006,0.034,1
Slc25a53,0.0280150664522319,-1.37049599576477,0.019,0.045,1
Chac2,0.0280210641265571,-0.893438177171079,0,0.015,1
Mipep,0.0280570341811565,0.65352744603795,0.22,0.105,1
Trpc4ap,0.0281213356493029,-0.809978186112911,0.019,0.037,1
Itgb1bp1,0.0281379577453708,1.23828508835997,0.113,0.048,1
Poc5,0.0281413215974087,0.855195849510994,0.132,0.061,1
Klhdc7a,0.0281783053540398,2.52559627118522,0.025,0.007,1
Dmpk,0.0282008622061124,-0.67212800065023,0,0.014,1
Lactb,0.0282345150913687,1.3384479090501,0.082,0.027,1
Fbxl13,0.0282497133676663,0.568569301285301,0.308,0.17,1
Ano3,0.0282905972108685,-0.504521113183186,0.371,0.354,1
Zc3h18,0.0283054268825045,0.952021618139812,0.126,0.049,1
Crcp,0.0284567594132772,-1.259689345579,0.025,0.042,1
Ttyh1,0.028493917147795,-0.984460905260129,0.013,0.038,1
Boc,0.0285634061595074,1.20357147754784,0.101,0.041,1
Emc2,0.0285891560849234,-0.647818976244598,0.075,0.088,1
Trf,0.0285991292314463,-1.48119066381533,0.013,0.037,1
Mbd3,0.0286845988615129,-1.0244236042748,0.019,0.037,1
Npepl1,0.0287225936278299,1.42125344094348,0.088,0.027,1
Ikbkg,0.0287266711537183,1.15704882703431,0.119,0.042,1
Spink5,0.028777028791481,-1.05915857149274,0.057,0.083,1
Pcif1,0.0288125889781618,-1.31830552647842,0.013,0.032,1
Lipe,0.0288912501941169,-0.639057170262981,0.019,0.031,1
Clvs1,0.0289305826791533,-0.710163451904234,0.201,0.227,1
Gm6729,0.0289623235807589,3.31050393052871,0.013,0.001,1
Them4,0.0289661192408345,1.14916608926837,0.107,0.049,1
Ranbp6,0.0289703142704329,-0.380481708115406,0,0.013,1
Serpinf2,0.0289705784913027,2.33556478703795,0.038,0.006,1
Arl5a,0.0290637178110713,-1.2740497664644,0.019,0.038,1
Morf4l2,0.0290662637821736,-0.885853480330461,0.006,0.021,1
Gtf2f1,0.0290838944919309,-0.780628207287045,0.006,0.021,1
Dnajc6,0.0291142318246369,-0.758348048851746,0.069,0.108,1
Trim23,0.0291265400385789,-1.10064506663405,0.019,0.047,1
Olfr814,0.0291354631031075,3.55418203580675,0.013,0.001,1
Cbln1,0.0291677438381024,1.74905587451338,0.05,0.014,1
Troap,0.0292119756802209,-0.796533401230017,0.019,0.035,1
Vmn2r18,0.0292210984378593,-0.873467565365724,0,0.013,1
Gpr152,0.0292370520073188,2.98182407432569,0.013,0.004,1
Atp7b,0.02929162273955,-0.726996588156077,0.145,0.167,1
Cacna1e,0.0293400779321194,0.356667085705052,0.472,0.285,1
Ago1,0.0294030769662635,-1.17246694083683,0.025,0.05,1
Maff,0.0294174313363446,-0.538412256333827,0,0.013,1
Acss3,0.029509596931089,-0.70781601679548,0.208,0.228,1
Rnase10,0.0295121438863887,2.66514987812118,0.031,0.005,1
Layn,0.0295790021678213,-1.1757476717302,0.013,0.034,1
Atf6,0.029594930777337,0.635175782865148,0.289,0.15,1
H2-M10.3,0.0296244796499244,2.54986715419495,0.025,0.005,1
Cpeb1,0.0296699426261984,0.928392878946901,0.176,0.069,1
Tbc1d30,0.029712664728022,1.31950267075439,0.094,0.032,1
N4bp2,0.0297189227999634,0.667828528397445,0.17,0.071,1
Exosc3,0.0297416939817695,1.64355257356718,0.057,0.021,1
Clock,0.0297711983637104,-0.686838846204846,0.057,0.075,1
Fndc1,0.0297784765599289,1.08179362922017,0.132,0.046,1
Ift140,0.0298020989822937,0.529335920829337,0.258,0.139,1
Chil3,0.0298279960679571,-1.44644538979376,0.013,0.036,1
Ppp2r2a,0.029859674690259,-1.34602262448798,0.019,0.035,1
Igf1r,0.0299031802714119,0.460471375629447,0.34,0.172,1
Spsb3,0.0299040810594793,-0.660466125088354,0.006,0.022,1
Zfp106,0.0300403422422583,1.02140447258228,0.107,0.045,1
Gp49a,0.0300741796643838,-0.509615330331448,0,0.012,1
Myo7a,0.0301058447145106,-0.637751210294298,0.113,0.124,1
Lrp1,0.0301293326389626,1.23003503120435,0.107,0.044,1
Trim2,0.0301494569130908,-1.08358326990577,0.05,0.074,1
Fam118b,0.0301533102176686,1.03185944415953,0.132,0.051,1
Anxa8,0.0301564765242451,1.75007736055122,0.044,0.015,1
Dhrs7b,0.0302234589717528,1.49456228121808,0.082,0.022,1
Chchd3,0.0302924323134521,0.671114979386617,0.283,0.132,1
Antxrl,0.0303483644245455,1.7442979411795,0.057,0.016,1
Amacr,0.0303877568979328,0.963249775125286,0.107,0.045,1
Fsd2,0.0304258397369401,1.10107946363222,0.094,0.042,1
Kif22,0.0304527953161949,-0.354040522184345,0.013,0.018,1
Skap2,0.0305776799077263,0.566578433100891,0.233,0.108,1
RP23-242C19.8,0.0305793828889745,0.613574656319634,0.233,0.121,1
Daam1,0.0306449735795727,-1.04763305273331,0.031,0.068,1
Fhdc1,0.0306575339121794,-1.07632648417365,0.019,0.043,1
Zfp764,0.0307285150214806,-0.710059507856191,0,0.012,1
Mylk,0.0308748360550468,0.613083894162018,0.302,0.175,1
Nap1l4,0.0309405489556962,-0.919241682780365,0.038,0.06,1
Dnaja4,0.031009389895168,1.83949326443202,0.057,0.018,1
Tmem234,0.0311134721793204,-1.18770370233558,0.013,0.031,1
Dpep2,0.031134346174601,-0.734336120137336,0.013,0.023,1
Fgd3,0.0311512987250899,-0.817541624000886,0.044,0.064,1
Rxrg,0.0311568941422968,0.882011390195247,0.164,0.054,1
Foxred2,0.0311982995125822,1.46163162985208,0.057,0.026,1
Cyp4f16,0.0312292684103337,-1.15512183965499,0.019,0.04,1
Zbtb8os,0.0312332866246612,-1.02315766862487,0.025,0.041,1
Cog5,0.0312563557857164,0.285706040523545,0.472,0.278,1
Gm13157,0.0312953814210034,-1.3620460247691,0.006,0.028,1
Fam208a,0.0313581643662101,-1.2457599043969,0.013,0.031,1
Chordc1,0.0313623526870725,-0.838595152452678,0.05,0.062,1
Slc25a39,0.0313806982854877,-0.273759734875851,0,0.011,1
Slc1a3,0.0314423896926778,1.25098068128312,0.107,0.042,1
Mdk,0.0314491260934059,-0.443481633425247,0,0.01,1
Slc30a5,0.0314671783283621,-0.938964538965372,0.025,0.054,1
Slc22a21,0.0314747599103262,-0.768766245817665,0.006,0.023,1
Noxred1,0.0315356162319097,2.07533577880968,0.038,0.009,1
Catsperd,0.0316430359017054,1.0396653576759,0.101,0.037,1
Cd300c,0.0316540317710452,1.78329365287227,0.05,0.016,1
Rcsd1,0.0316692528068134,1.0131971514625,0.113,0.053,1
Btbd2,0.0316839974706996,-0.575978478520198,0.006,0.018,1
Ptpn13,0.0317181073639189,0.501417417955878,0.296,0.14,1
Camk2a,0.0317352728974334,-1.00376982763378,0.031,0.063,1
Vmn2r105,0.0317655981877746,2.07195963239247,0.038,0.014,1
Mcam,0.0318183204104018,-0.191690098824711,0,0.01,1
Pdia5,0.0318501257698511,0.843208468778643,0.182,0.085,1
Ecscr,0.0318564354422263,2.38974820957405,0.031,0.005,1
Klrb1f,0.0318944549609552,-1.07815292558891,0.006,0.029,1
Sp1,0.0319049548778256,-0.685766674009734,0.057,0.069,1
2410004B18Rik,0.0319693086679187,1.34285789303709,0.057,0.021,1
Lrrk1,0.0319852263200166,-0.679249311955767,0.113,0.125,1
Gh,0.0320036548156479,1.95734571276543,0.038,0.009,1
Ifi203,0.0320104959400808,1.1271729371189,0.069,0.029,1
Cirbp,0.0320167901650896,-0.714438650332281,0.013,0.031,1
Cyp2c66,0.032066585161013,-0.835507547865673,0.013,0.025,1
Klf16,0.032083289185714,-0.626640842847725,0.013,0.032,1
Sgk1,0.0321571617700016,-0.656761112724793,0.157,0.173,1
Arhgap17,0.0322125518582996,-0.785765563223175,0.094,0.093,1
Esyt3,0.032238904845606,-1.14302147299089,0.025,0.058,1
Ankib1,0.0322536972118357,-0.772118212770328,0.075,0.122,1
Tmem178b,0.0322755505539083,-0.63044611105776,0.226,0.283,1
Golga2,0.0323247342629565,-0.483431014124832,0.019,0.032,1
Trpc1,0.0323283614801212,-0.836250427987712,0.031,0.064,1
Hmgb1,0.0323416464112749,-1.35337210365867,0.006,0.026,1
Mdh2,0.0323542123628939,-0.679424496107242,0.006,0.032,1
Vmn1r233,0.0324039928911205,2.92111347584702,0.019,0.004,1
Bbs7,0.0324825271292543,0.905901562567927,0.17,0.075,1
Pglyrp1,0.0324989592031784,-0.211641925650993,0,0.01,1
Macf1,0.0325963349153354,0.985467276969824,0.189,0.087,1
Doxl2,0.0326491065914639,2.30969231339232,0.031,0.005,1
Tac4,0.0326763231173509,-1.33393819214978,0.006,0.024,1
Pbx3,0.0327510480262274,0.684484335685677,0.233,0.105,1
Ephb6,0.0327626669558729,-1.10238577879109,0.05,0.07,1
Pemt,0.0327768861270274,0.595199366914988,0.22,0.108,1
Arl6ip5,0.0327835030031655,-0.965481640340708,0.006,0.022,1
Ltv1,0.0328525976537161,1.16876912025066,0.119,0.034,1
Sp7,0.0328714182503267,-0.566754867340834,0,0.011,1
Ttc3,0.0329023041410178,0.976559722107621,0.138,0.062,1
Zscan12,0.0329062305499475,-1.08371512484656,0.013,0.026,1
Ang4,0.0329330763039289,1.33533936690925,0.063,0.019,1
Aebp1,0.032933765289665,-0.825953495402387,0,0.013,1
Ociad1,0.0329463456013441,-0.848027910728399,0.006,0.021,1
Ppp1r16b,0.0330127024564224,-1.12872681790315,0.038,0.06,1
Kif3b,0.0330328451837835,1.44225389009146,0.082,0.029,1
Nutf2,0.0330591561822506,1.66048153685634,0.044,0.019,1
Cutal,0.0330637833666754,1.75649995289943,0.069,0.02,1
Kcnd1,0.0330637864324498,1.96226125109171,0.031,0.009,1
Setbp1.1,0.0330947240008148,0.478174123217017,0.358,0.214,1
Unc5c,0.0331733155629902,-0.580821307997415,0.302,0.326,1
Commd1,0.0332121643327712,0.783777636959072,0.195,0.089,1
Obsl1,0.0332559056950995,-1.20352142998532,0.019,0.042,1
Fam96a,0.0332763722923429,-0.464708915304967,0.006,0.023,1
Clybl,0.0332889615233759,0.546890117246478,0.371,0.203,1
Slc12a9,0.0332966608377456,1.36681325131733,0.069,0.024,1
P4ha1,0.0334106874889117,0.917996581513551,0.145,0.056,1
Cct6b,0.0334509137911255,1.07365410630898,0.088,0.037,1
Mtfp1,0.0334891303336457,1.70220175476545,0.063,0.015,1
Gga1,0.0334963732775365,-1.04367247725088,0.025,0.048,1
Cage1,0.0335349445892066,1.05424974746049,0.126,0.043,1
Ndst3,0.0335650058282693,-0.621503113212039,0.201,0.22,1
Fam122b,0.0336834954413287,1.08059567355889,0.094,0.04,1
Cntfr,0.0337324207055056,2.34495871101068,0.031,0.012,1
Il12b,0.0337529099311835,1.23688584889952,0.088,0.026,1
Klhl21,0.0338141625144113,-0.421713192753805,0,0.012,1
Nfasc,0.0338963111411512,-0.76060245750669,0.075,0.106,1
Trem3,0.0339109475750935,2.03739341849959,0.031,0.01,1
Nags,0.0339282801034645,2.87322793064575,0.013,0.002,1
Tmem51,0.0339404116260408,1.13584971781713,0.094,0.043,1
Ttc9,0.0339539594573117,1.23524878060554,0.088,0.031,1
Gm4841,0.0339861176449268,1.96639352718975,0.05,0.009,1
Lpin2,0.034013395319977,0.923080126628314,0.176,0.077,1
Rcbtb1,0.0340273797106636,-0.917896471315015,0.038,0.07,1
Ifi27l2b,0.0340489983245776,1.72166719101795,0.038,0.008,1
Btrc,0.0340766120507009,0.663533208561441,0.226,0.105,1
Etnk1,0.0340880508352361,-0.906450518526949,0.063,0.081,1
Katnal1,0.0341057111472092,-0.656566171033902,0.057,0.089,1
Ap3s1,0.0342019625629046,1.04463730197115,0.113,0.043,1
Fam136b-ps,0.0342196263086042,3.41427231764153,0.019,0.001,1
Qrich1,0.0342628999896726,1.78882988020903,0.082,0.021,1
Ghr,0.0344168031349339,0.501397618149452,0.352,0.196,1
Med12l,0.0344805423026058,0.271643774041689,0.61,0.419,1
Sla,0.0345079437996913,-0.862052784490534,0.088,0.092,1
4930553M12Rik,0.0345490448666709,-0.444881027093271,0,0.012,1
Deb1,0.0345549985367604,-1.11410035613571,0.006,0.024,1
Cux1,0.0346429488336867,0.589330295310156,0.321,0.165,1
Tshz2,0.0347359179320902,0.315471822396377,0.478,0.286,1
Pla2g4e,0.0347442477945925,1.04948316850227,0.132,0.053,1
Ipo13,0.0347916297084112,-0.536445757610546,0.006,0.016,1
Tktl2,0.0349010389175875,-0.429587177154641,0,0.013,1
Scp2,0.0349489194240482,0.930008991597649,0.157,0.059,1
Zfp248,0.03495309988674,1.55833314937556,0.063,0.024,1
Rnf44,0.0349847471968615,-0.671168008607136,0.044,0.085,1
Emp3,0.034994836448995,-0.287670982664886,0,0.012,1
Gamt,0.0350034327207857,-0.729293225499563,0.006,0.016,1
Nodal,0.0350229870470173,2.79406034516934,0.019,0.002,1
Cnp,0.0350314946822127,-0.162714609520711,0,0.012,1
Lsm12,0.0350463425271681,2.32953347884982,0.038,0.007,1
Insig1,0.0350627209966909,-0.61772076526322,0.038,0.047,1
Defb12,0.0351209509680718,-0.782679240564137,0,0.012,1
Smarcc1,0.0351361410723961,-0.497062113629595,0.057,0.081,1
Mettl8,0.0351963533304551,0.815976586155487,0.201,0.1,1
Prdm5,0.035198384530244,0.361178901814122,0.403,0.241,1
Cep131,0.0352381840239762,-0.90630918361656,0.031,0.047,1
Abhd2,0.035328616970472,-0.72015009679824,0.107,0.122,1
Rac1,0.035357636762804,-0.101460915968059,0.013,0.018,1
Hhip,0.035414232348051,-0.710070271465116,0.164,0.165,1
Uba3,0.0354331172985107,-0.805117109072516,0.019,0.032,1
Tbc1d17,0.0354788134651772,-0.950745111630073,0.019,0.038,1
Dennd1c,0.0354967435626201,-0.492026955122142,0,0.011,1
Plxna2,0.0355009787853612,0.443426669788167,0.34,0.189,1
Fam228a,0.0355436616816533,1.88118695933097,0.063,0.015,1
Tekt4,0.0355587691520143,-0.918584388985121,0.006,0.02,1
Angptl1,0.0355600374332876,1.42322372376926,0.082,0.022,1
Csrnp3,0.0356490351176705,0.494131320133675,0.346,0.223,1
Pop5,0.0356740775545325,0.0296994201374829,0.006,0.013,1
Tbp,0.0356973482317447,-1.01086127710457,0.019,0.046,1
Cyp2b10,0.0357041419940221,1.33808924669866,0.069,0.023,1
Lrfn1,0.0357546571455557,-0.896977058213066,0.013,0.026,1
Eif2b1,0.0357728901816093,1.96664352849161,0.044,0.011,1
Gin1,0.0357740043877998,-0.89580646543983,0.05,0.067,1
Zfp438,0.0357836392765502,0.893005722625602,0.176,0.088,1
Hnrnpul2,0.0358545325835662,-0.489194641923844,0.006,0.015,1
Dyrk1b,0.0358707589534844,-1.13277406910774,0.025,0.044,1
Efcab10,0.035924266082533,-0.426140583878012,0,0.01,1
Sergef,0.0359344598033238,0.650296104393288,0.34,0.172,1
Atp9b,0.0359415617561788,0.43331576020939,0.352,0.186,1
Grhl2,0.0359422463194237,0.804997431045009,0.195,0.096,1
Polr2f,0.0359645553626272,-0.615837574539425,0.031,0.05,1
Dnase1,0.0360013366389257,2.19954157218407,0.038,0.009,1
Il17d,0.036105353990339,-1.03230738310944,0.013,0.029,1
Spef2,0.0362023117453551,0.229165031266982,0.459,0.266,1
2700081O15Rik,0.0362530906601546,-0.848012694570544,0.006,0.018,1
Icmt,0.0362838021321675,-1.22160629732731,0.019,0.037,1
Baiap2,0.0363470177623344,-0.839052919087189,0.069,0.096,1
Olfr824,0.0364658936541157,2.77771972824404,0.019,0.002,1
Metap1d,0.0365463781540741,0.839991912330963,0.151,0.057,1
Mbnl1,0.0365988475371358,-0.59561117952503,0.17,0.181,1
Ap5z1,0.0366110441631225,-1.12773968468377,0.025,0.042,1
Krt33a,0.0367703351812196,2.21306938721345,0.031,0.007,1
Kcnj5,0.0367715371839654,1.49721181876445,0.069,0.021,1
Scn3a,0.0367995595099978,0.374583085119749,0.308,0.178,1
Skp2,0.036851365708354,0.715634993379934,0.164,0.085,1
B4galt5,0.0368780711182951,-0.889399429399609,0.057,0.07,1
Ly6d,0.036887241879395,2.55339367664548,0.025,0.004,1
Wipf1,0.0369288767597226,-0.823716034865027,0.038,0.068,1
Fbp2,0.0369351737045427,1.35797745331322,0.082,0.037,1
Cplx2,0.0369671388140845,-0.299773376761511,0,0.01,1
Cdh20,0.0370066884760432,0.756902113979356,0.226,0.111,1
Oxr1,0.0370177390297482,0.250414350679453,0.686,0.516,1
Suclg2,0.0370383412217824,0.411104729826382,0.403,0.244,1
Zc3h13,0.0371883108337259,0.726866612807739,0.164,0.071,1
Zfp617,0.0372631175230876,-0.676315438951957,0.019,0.038,1
Hcar2,0.0372830088965051,3.09023035382895,0.013,0.002,1
Dnaic2,0.0373405097152515,-0.804729785504164,0.013,0.029,1
Ppard,0.037345994465156,-0.776878265980799,0.044,0.054,1
Paip2,0.0373618619723259,-0.686135225474961,0,0.014,1
Plekha5,0.0374459078816871,-0.622789904168435,0.252,0.24,1
Tspan2,0.0374674311866702,-1.10081012775017,0.013,0.045,1
Gm26965,0.0374811529879146,1.2930058012443,0.088,0.034,1
Plcg1,0.0374995573547119,1.39551633698001,0.069,0.022,1
Rpn2,0.0375698749345312,1.13687533169905,0.107,0.046,1
Mrpl36,0.0376926556982964,1.55083802024863,0.05,0.017,1
Sorl1,0.03770242189294,1.04656915017422,0.176,0.082,1
Lipn,0.0377941814032248,1.53463685709934,0.069,0.014,1
Olfr456,0.0377951126526132,2.50520117854799,0.025,0.004,1
Pla2g16,0.0378014475463788,-1.13330687799311,0,0.015,1
Dcun1d5,0.0378074074947788,1.23658448061627,0.107,0.036,1
Tacc2,0.0378616313606843,-0.741456086121237,0.113,0.143,1
Pip5k1c,0.0378754419162694,-0.904348125422294,0.031,0.048,1
Akr1c19,0.0379662585127047,-0.988752714882328,0.025,0.047,1
Cntn2,0.0380217337881075,-1.10036612102413,0.031,0.054,1
Cacna1s,0.0380232363025854,-1.0736283412884,0.031,0.056,1
Setdb2,0.0380730832329458,-0.863838387847065,0.057,0.092,1
Maz,0.0380759969014531,-1.01899882659824,0.013,0.031,1
Syk,0.0380930086391295,0.942458836575826,0.145,0.048,1
2310061I04Rik,0.0381035361644105,-0.992659946271277,0.006,0.022,1
Chst1,0.0381826973387073,1.30222962840032,0.075,0.022,1
Iqgap3,0.0382030217615602,-1.00321284897285,0.025,0.054,1
Lmbr1l,0.0382172105194024,-0.655887960461523,0.013,0.029,1
Gm10944,0.0382637528578179,3.1622793663211,0.013,0.002,1
Enam,0.0383054896659475,1.515364364781,0.057,0.018,1
Wsb2,0.0383359521051756,-0.165676203068467,0.006,0.015,1
Fam45a,0.0383438584936819,-1.02360190168513,0.013,0.031,1
Ptges,0.0383526283703966,-1.02207191790358,0.031,0.049,1
Coq2,0.0383693191103032,-1.04395296738106,0.038,0.062,1
Ier3ip1,0.0384287160560318,-0.976913210129729,0.006,0.018,1
Sfpq,0.0384304659219695,-0.722651403411112,0.006,0.021,1
Amelx,0.0384435827353084,2.33049339809834,0.031,0.005,1
Sesn2,0.0384629375323479,-1.04365697501817,0.013,0.03,1
Cdipt,0.0384655005479618,-0.822953110702038,0.006,0.02,1
Olfr461,0.038611766562874,2.69660197242914,0.013,0.002,1
Abhd12b,0.0386926643184513,1.58968438841223,0.069,0.017,1
Irx4,0.0386989443522823,-0.549287363603759,0,0.01,1
ENSMUSG00000103405,0.0387360891540221,-0.621605865610709,0,0.013,1
Txndc9,0.0387891960410661,-0.85361225691839,0.019,0.037,1
Il10ra,0.0388951094599554,-1.2497494070769,0,0.016,1
Pm20d2,0.0389187391632833,-1.0173031792469,0.019,0.037,1
Slc25a11,0.038920910514232,-0.0649500392837341,0,0.01,1
Cgrrf1,0.0389251820053419,-0.733260755053368,0.013,0.026,1
Susd1,0.0389526429484288,-0.636139525854933,0.145,0.174,1
Dcdc2a,0.0389640212822402,-0.585440895066869,0.226,0.232,1
Asgr2,0.0391788710180544,-0.203104049842917,0,0.01,1
Aurkb,0.0391925712960986,-0.46875923978094,0,0.011,1
Coil,0.0392270803523606,1.29318096842805,0.101,0.031,1
Arntl,0.0392285770759908,0.88011938669576,0.176,0.056,1
Rimklb,0.0392316163051245,0.797418542070297,0.132,0.056,1
Vmn1r10,0.0392377095555875,3.52840034469538,0.013,0.001,1
Nefm,0.0392574494365439,-0.898313233290405,0.031,0.054,1
Cox4i1,0.0393010752226586,-0.163885444272833,0,0.01,1
Etv5,0.03930264701245,1.16247650648414,0.101,0.037,1
Stag1,0.0393055120214344,0.515684433445582,0.302,0.145,1
Tmpo,0.0393110936819496,1.00326749094895,0.107,0.04,1
Adam30,0.0393375991535052,3.13862043017468,0.013,0.002,1
Gpr113,0.039424909129491,1.66597318612857,0.05,0.016,1
Nat1,0.0394702722094251,2.8816119900302,0.025,0.003,1
Atg16l1,0.0394711928199176,1.15262034449597,0.101,0.043,1
Exoc6,0.0394869795336344,0.568711762218268,0.264,0.129,1
Chst11,0.0394981246393063,0.632554889539842,0.233,0.112,1
Prr22,0.0395593625805828,3.50616689353463,0.019,0.002,1
Mageb4,0.0395672425821507,-1.24063487460826,0.013,0.03,1
Asb8,0.0395930060423902,1.49814162100981,0.063,0.029,1
Pcp2,0.0395946597933388,-0.313831788601151,0,0.01,1
Cdk11b,0.0396547564935326,1.4038189053063,0.075,0.019,1
Gm20683,0.0396654056939705,3.50554775090754,0.013,0.001,1
1700018C11Rik,0.0396873937290898,1.51541629377321,0.05,0.019,1
3110035E14Rik,0.0397430454902018,1.12926604628658,0.088,0.039,1
Dhx37,0.039743064395052,1.65753587406269,0.05,0.021,1
Il1rap,0.0397491207793398,-0.765037153289492,0.132,0.151,1
Prdm8,0.0397495691076064,-0.441720376992611,0,0.012,1
Elfn2,0.0397649807719382,-0.980444982386521,0.019,0.046,1
Gmpr,0.0397666028131526,-0.591559572387,0.038,0.048,1
Ulk3,0.0397871726044837,-0.274294123618662,0,0.012,1
Nuggc,0.0398151548014259,1.32855883986523,0.094,0.039,1
Cirh1a,0.0399142553555392,1.37897572848737,0.075,0.025,1
Dopey2,0.0399891589351222,-0.727763956045656,0.113,0.126,1
Mtx1,0.0399896794204731,-0.800031034946407,0.019,0.039,1
Gm14446,0.0399957283075426,-0.508992863006672,0.006,0.021,1
Zbtb10,0.0399967395599563,1.08787190261111,0.113,0.043,1
Gip,0.0400012070239344,2.46283285343873,0.019,0.004,1
Cntn3,0.0401534644812275,0.236179085141821,0.497,0.358,1
Nbeal1,0.0401622213050031,0.547624425870068,0.258,0.129,1
Shisa4,0.0402135701560344,-0.762652604538288,0.006,0.02,1
Slc39a12,0.0402557885377037,1.03960488797312,0.119,0.048,1
Vmn2r96,0.0403106493666753,-0.253643982267,0,0.011,1
Gm10273,0.0403570390390618,3.37905315986529,0.013,0.001,1
Ano8,0.0404181317468429,-0.489843476896542,0.006,0.018,1
Psmb1,0.0404213896144841,-0.760832261825986,0.006,0.021,1
Shd,0.040477703602833,1.88928729728613,0.031,0.012,1
Cdk17,0.0405236208755677,0.978565522078799,0.101,0.04,1
Ctcfl,0.0405520673536619,1.49769710341806,0.057,0.026,1
Gm4955,0.0405873912033837,1.12313564926389,0.082,0.024,1
Mt1,0.040609219161854,3.06695729897796,0.019,0.003,1
Mpped2,0.0406124421448388,-0.568979961929307,0.214,0.194,1
Ric3,0.0406508132941166,0.993532391764112,0.113,0.044,1
Mbtps2,0.0406557001941427,0.992797336878722,0.126,0.049,1
Olfr117,0.0406885389900564,2.87087095726341,0.019,0.002,1
Wbp11,0.0406971549260187,-0.840325817410801,0.006,0.017,1
Rp1,0.0407559761653374,0.477910803273776,0.252,0.146,1
Tmprss13,0.0408029975137225,1.20517714635856,0.063,0.022,1
Ang,0.0408419032836679,-0.761865532249956,0.019,0.031,1
Slfn3,0.0408675325776845,1.40111005040572,0.069,0.02,1
Slit1,0.0408774689132839,-0.911201649802315,0.057,0.064,1
Fbxw4,0.0409996220260844,1.01625479510549,0.113,0.042,1
Ubqln4,0.0410096272801532,-0.950191217313783,0.013,0.042,1
Setbp1,0.0410304786905996,0.456656076760058,0.377,0.231,1
Stk38,0.041083514576995,1.35645678273746,0.082,0.03,1
Prpf18,0.0411032559376291,1.51537482276245,0.063,0.022,1
Commd9,0.0411271791367235,-0.816014655930482,0.025,0.044,1
Paqr4,0.0412167485883742,-0.811991173123296,0.006,0.023,1
Asph,0.0412356003361857,-0.579143050885289,0.283,0.274,1
Olfr872,0.0413031124216804,1.95098049514067,0.038,0.009,1
Prkcq,0.0413216417755093,-0.740081719173571,0.145,0.163,1
Vps13a,0.0413552769972091,0.472970086936436,0.327,0.192,1
Gabrg1,0.0413579320198808,0.887867345065978,0.17,0.082,1
Foxk2,0.0413737982382584,1.20018038853601,0.088,0.032,1
Sult2a5,0.0413781594427332,1.31623911009635,0.069,0.028,1
Cyp4a30b,0.0414165488259351,-1.01456288496246,0,0.016,1
Mobp,0.0415002535909214,-1.01985284864482,0.019,0.035,1
Vmn1r212,0.0415747820604615,3.02192433463326,0.019,0.002,1
Rnf115,0.0416133361703001,0.967793528579957,0.113,0.045,1
Apol6,0.0416377618229058,2.28058084755431,0.031,0.007,1
Elk4,0.0416556145484107,-0.977042216941217,0.019,0.031,1
Tbk1,0.0417326962906905,1.02003123223699,0.101,0.045,1
Npas2,0.0418258770943275,0.81268444301706,0.195,0.098,1
Cars2,0.0418379105375555,1.00398043248229,0.113,0.034,1
Chil4,0.041847687537077,1.17132821845379,0.069,0.026,1
Brsk1,0.0418545429936657,-0.702683365687041,0.006,0.02,1
Vta1,0.0418701863920471,0.704817476069338,0.17,0.081,1
E030002O03Rik,0.0419162988527541,-1.15025752065715,0.006,0.027,1
Aoc2,0.0419231528198497,2.5816840725008,0.038,0.005,1
Usf2,0.0419928522113698,-0.546943427575487,0.006,0.02,1
Ptk2,0.0420099801914556,-0.712589973938037,0.057,0.101,1
Gnptab,0.0420877791114143,-0.888348654511676,0.088,0.104,1
9230104M06Rik,0.0421009505049508,-0.595361912792434,0.019,0.032,1
Vwc2,0.0421265300721697,-0.692237816813815,0.176,0.198,1
Ostm1,0.0421776559994082,-0.619392285449041,0.063,0.071,1
Trank1,0.0421805248504792,0.853393817878614,0.151,0.07,1
Rhoc,0.0422657871789612,-0.570799096058978,0.013,0.025,1
Cklf,0.0423058290214799,1.1088868451645,0.094,0.028,1
Sco2,0.0423349736632072,-0.609624506309548,0.006,0.016,1
Chrna6,0.0423883653946466,-1.21570813458111,0.013,0.032,1
Krt6a,0.0424245242731928,2.46108730878691,0.019,0.005,1
Lemd3,0.042450902737163,-0.720428510939838,0.044,0.054,1
Nphp1,0.0424563482989701,1.2517392519354,0.101,0.036,1
St3gal2,0.0424598672652547,1.19521174487322,0.094,0.049,1
Xpnpep2,0.042504136529088,-1.07284380979008,0.006,0.021,1
Lamtor1,0.0425721139642309,1.55166463576695,0.057,0.018,1
Speer4f,0.0426200926625821,1.98756187893885,0.025,0.007,1
St6galnac2,0.0426263001089273,1.51818451446403,0.05,0.015,1
Capzb,0.0426319207693507,0.840631426554881,0.176,0.081,1
Gabbr2,0.0426479535214256,0.527844397376455,0.321,0.166,1
Asah1,0.0426763859624683,-0.892567769652092,0.031,0.059,1
Stk35,0.0427564553421859,1.1422525389329,0.088,0.029,1
Ranbp17,0.0427725887939329,0.260061726018172,0.459,0.316,1
Wnt10b,0.0428136950726817,2.60921753946546,0.019,0.003,1
Tal1,0.0428156637930817,-0.580877898168843,0,0.01,1
Nubp1,0.0429768736566438,1.02902315980804,0.082,0.032,1
Ntn1,0.0429871443027622,0.806643951243114,0.176,0.069,1
Uhrf1bp1,0.04312289616273,1.25588325342299,0.107,0.038,1
Srcap,0.0431717263454412,-0.530185843771247,0.013,0.023,1
Lrrc37a,0.0431866442934718,1.15496971923739,0.094,0.038,1
8030423J24Rik,0.0432135896099062,1.97438408054631,0.038,0.008,1
Rnf167,0.0432406348379261,0.0109005702708336,0,0.01,1
Zdhhc7,0.0432581736573848,1.84190046213969,0.05,0.01,1
Actn4,0.0432596916075955,-0.901154690577393,0.031,0.048,1
Pradc1,0.0432989559905147,1.13278215355808,0.069,0.03,1
Nrf1,0.0433076013188535,0.832670482670256,0.145,0.074,1
Agap1,0.0434324381964681,-0.55923968247475,0.189,0.188,1
Vwde,0.0435352983743545,-1.01747774446803,0.031,0.053,1
Ackr1,0.0435427516016277,-0.381162872061577,0,0.011,1
Mtcl1,0.0435467738478555,0.506183119587782,0.201,0.101,1
Aasdh,0.0435861201398854,1.06272015739657,0.119,0.053,1
Git1,0.0436157690685717,-0.753055405239541,0.006,0.023,1
Olfr967,0.0436251204327438,2.81708051699943,0.013,0.003,1
Ttc9c,0.0436343251193165,-0.301840531864414,0.006,0.014,1
Wbscr17,0.0436805622232394,0.330956919364017,0.377,0.231,1
Limd2,0.0436849728867436,-0.116845707159064,0.006,0.016,1
1700021F05Rik,0.0437226300567892,1.17350508797511,0.094,0.033,1
Synj2bp,0.0437539452275253,1.63098785266704,0.069,0.02,1
Tjp3,0.0437746422433409,-0.805730293851474,0.031,0.048,1
Mettl10,0.0437778742879396,-0.483453695817889,0.013,0.023,1
Tm6sf1,0.0438507181491176,-0.870494971033599,0.019,0.035,1
Tbc1d7,0.0438698953622879,-0.97631497332732,0.019,0.042,1
Plcxd2,0.0439139488344866,0.68062830835593,0.233,0.111,1
2610507B11Rik,0.0439425285056771,2.08284504889394,0.031,0.01,1
Hoxd9,0.0439514347756056,3.51028995243482,0.013,0.001,1
Tcf12,0.0439573981350457,-0.879838455617862,0.038,0.053,1
Syde2,0.0439626410669015,-0.922808846320687,0.038,0.048,1
Pcdh10,0.0441384615444373,0.806472743995804,0.17,0.069,1
Ralgapa1,0.0441713000870998,0.618922783998103,0.245,0.128,1
Rgs12,0.0441995832115237,1.00110193523803,0.151,0.065,1
Ifi47,0.0442281758623805,-0.924481203626034,0.019,0.031,1
Tmem108,0.044264138267221,-0.518424762194601,0.195,0.227,1
Cbfa2t2,0.0443038327442249,1.13460845373983,0.113,0.045,1
Aimp1,0.0443478287451492,0.653868028599303,0.157,0.074,1
Nln,0.0443718709944577,-0.610797394661918,0.132,0.129,1
Slc37a2,0.0444024183096644,0.985129288171477,0.132,0.051,1
Nxpe4,0.0444225160994836,0.978446233971202,0.088,0.032,1
Wapal,0.0444293848917791,1.00869541818587,0.101,0.04,1
Myh7,0.0444417524318837,-1.25182807830599,0.006,0.023,1
Gm10608,0.0444821637867702,3.21625124475541,0.019,0.001,1
Pgp,0.044580224754264,-0.320954633361958,0,0.01,1
Polr2j,0.0445970909410553,-0.620631375385322,0.006,0.021,1
Srbd1,0.0446017172611688,0.518608809382486,0.302,0.154,1
Tlr7,0.0446840359634468,-0.919543246701338,0.006,0.021,1
Iws1,0.0447231924261746,-1.0331686521766,0.044,0.058,1
Fam228b,0.0448334345509246,1.23812749516035,0.082,0.026,1
9630033F20Rik,0.0448460938252248,1.08995590856687,0.088,0.043,1
Gm13124,0.0448990310741165,3.0065606062381,0.013,0.002,1
Susd2,0.045006790900453,2.73293611955959,0.019,0.003,1
Gm590,0.0450989565433876,3.03793734253136,0.013,0.002,1
Pak4,0.0451550974898887,-0.632566787463358,0.195,0.194,1
Wdfy2,0.0452141646475927,-0.857895678600812,0.057,0.083,1
Yrdc,0.0453411800019362,-0.146660461349573,0,0.01,1
Rad21,0.0453654610640751,-1.04665008039734,0.044,0.065,1
Hrasls,0.0453867287476232,-1.22042640670899,0.006,0.024,1
Tceanc,0.0454404869419433,-1.2553046776196,0.006,0.022,1
Coq4,0.0454575659226386,-0.927053044290653,0,0.015,1
Zmym4,0.0454628891180661,0.944798446954878,0.138,0.052,1
Inha,0.0455232445150266,-0.459019596595414,0,0.01,1
Stox2,0.0455727803241825,0.893563100707612,0.126,0.054,1
Ganc,0.0455899911570501,0.826104115813212,0.145,0.06,1
Gripap1,0.0455999345444823,2.27003522245636,0.031,0.01,1
Larp6,0.0456338092355391,-0.548111407165812,0.006,0.019,1
Zfp689,0.045665184523895,2.48174877274543,0.019,0.005,1
Pigk,0.0456921925996901,0.36701734230882,0.421,0.25,1
Fbxw7,0.0457276385483114,0.53830488535319,0.308,0.168,1
Srcin1,0.0457437048705638,-1.077736752206,0.025,0.049,1
Spice1,0.0457658338858274,-0.790135409032267,0.075,0.087,1
Nkx6-3,0.0458215334137465,-0.483562866187914,0,0.012,1
Apol11b,0.045996336347675,2.38227988234341,0.025,0.006,1
Tet2,0.0460074283416452,0.77510942980251,0.182,0.084,1
Antxr2,0.0460164120943248,-0.760401455823644,0.214,0.198,1
Pole3,0.0460350881816947,2.09384646762244,0.038,0.009,1
Creb3l1,0.046092844092537,-0.685400191999682,0.038,0.062,1
Acvr1,0.0461009284072529,-0.54352763209479,0.182,0.196,1
Gm281,0.0461097885075219,-0.793215907823986,0.107,0.121,1
Dner,0.0462099068314354,0.361358501277414,0.333,0.202,1
Lsg1,0.046276855250253,1.22650095184481,0.088,0.041,1
Antxr1,0.046281715285151,0.608109860171267,0.239,0.105,1
Duxbl1,0.046287793349714,3.54123330846481,0.013,0.001,1
Trpm1,0.0463274411544018,-0.666478774973339,0.119,0.125,1
Kctd3,0.046333526942176,-0.92064473025776,0.031,0.054,1
Lix1l,0.0463860845459756,1.58469126271237,0.05,0.018,1
Comp,0.0464386853601083,-0.242426011315083,0,0.01,1
Dym,0.0464646161383659,-0.623710081379805,0.17,0.167,1
Treh,0.0464787741385055,-0.726776319442315,0.006,0.017,1
Trappc3l,0.0465375262652061,0.782412689662631,0.182,0.095,1
Zc2hc1c,0.0465915163620715,-0.0894948718303104,0,0.01,1
Ube2cbp,0.0465915269284302,-0.517525479928423,0.208,0.199,1
Ube2d1,0.0465955055463785,-0.930478035906673,0.019,0.032,1
Snapc3,0.0466198593135568,-0.916924609916755,0.038,0.056,1
Sdsl,0.0467368623350963,2.18145247726463,0.031,0.005,1
Bcl2l1,0.0468725730574929,-0.924951773626264,0.025,0.04,1
Tcerg1,0.0469219265719387,0.662919273859273,0.182,0.085,1
Rev1,0.0469626347669527,0.898418929021874,0.145,0.059,1
Cdk10,0.0469753572689895,-0.495800896097816,0.006,0.016,1
4921513D11Rik,0.0469772905772859,2.47080701744602,0.025,0.004,1
Pdlim2,0.0470567950265355,-0.71820015844242,0.006,0.02,1
Tmem52,0.0471757715360814,2.53789561513355,0.025,0.005,1
Myl2,0.0471800764266707,-0.690027185610552,0.006,0.016,1
Entpd6,0.0472177254349538,1.01943221095001,0.119,0.049,1
Ceacam12,0.0472858109272941,-0.197141154487134,0,0.01,1
Lmbrd2,0.0472866844252918,0.493984507854052,0.214,0.104,1
Frmd6,0.0473371214497081,1.04153673909323,0.126,0.049,1
Scamp3,0.047366141269903,0.173578320558071,0.006,0.012,1
Tceal8,0.0475763760857094,-0.72436464482438,0.006,0.018,1
Map3k9,0.0475889357245343,0.866176578653542,0.132,0.06,1
Capn1,0.0476558884673558,-0.894634121426599,0.013,0.027,1
Gyltl1b,0.0477471541405427,-0.836300694131485,0.006,0.025,1
Begain,0.0477564849103724,-1.03544207765973,0.025,0.046,1
Bend4,0.0478059155049616,-0.864475671886623,0.044,0.059,1
Sim2,0.0478371926955637,2.194404309554,0.031,0.009,1
Rtbdn,0.0478515170163405,2.42035352522894,0.019,0.004,1
4930506M07Rik,0.0479258839632438,-0.83062234712661,0.063,0.085,1
Hgf,0.0479715196773283,-0.705514560729744,0.075,0.109,1
Ip6k3,0.0479926859252787,-0.986249346231914,0.013,0.033,1
Twsg1,0.0481119006450353,-0.890134547831792,0.019,0.035,1
Disp1,0.048126559890789,0.910314289872707,0.151,0.074,1
Kctd18,0.0481379496295688,0.603114890065971,0.226,0.104,1
Azin1,0.0481813837322424,0.995040407722954,0.113,0.043,1
Cyp3a57,0.0482002748399371,1.44846583621478,0.063,0.02,1
Clec11a,0.0482544985562749,-0.940220974328711,0.025,0.049,1
Cyp4a29,0.0483146310582738,-0.753037290604848,0,0.014,1
RHBG,0.0483555469798624,1.30976335900312,0.082,0.027,1
Dok5,0.0483596281722694,0.643061602923003,0.22,0.107,1
Ambra1,0.0483684613681413,0.958556051423915,0.138,0.057,1
Kcnc3,0.0484111036864105,-0.18143046534686,0.006,0.019,1
Efna4,0.0485307192598929,-0.237529822436534,0,0.01,1
Pnp,0.0485910984251794,1.66293729687859,0.069,0.019,1
Bri3bp,0.048600759610926,-0.467051402283343,0.006,0.019,1
Ccnt2,0.0486172997574682,-0.496923749669006,0.031,0.039,1
Shroom2,0.0487090565373467,1.10871753156198,0.113,0.043,1
Cabp5,0.0487343597545074,1.98904879976689,0.031,0.01,1
Hps5,0.0487895560715881,0.972638232933911,0.132,0.054,1
2310067B10Rik,0.0488015585191795,-0.760171147741994,0.019,0.032,1
Fscn3,0.0488099857016976,1.58231765455276,0.05,0.015,1
Gpr179,0.0488377967748177,-1.21653895330051,0.006,0.023,1
Bcas1,0.0489104276570718,-1.12673056860334,0.019,0.053,1
Snx9,0.0489412889191757,-0.686560634711491,0.057,0.076,1
Zfp418,0.049063194768113,0.998279388947251,0.082,0.037,1
Cryl1,0.0491104744744332,-0.78906873933063,0.119,0.116,1
Noc3l,0.0491136983753733,1.1555838277575,0.107,0.038,1
Srms,0.0491279469808549,2.25946108643269,0.031,0.009,1
Stard13,0.0491469125976566,-0.809485319428766,0.101,0.107,1
BC026585,0.0491774324467005,0.998158736194483,0.132,0.052,1
9330159F19Rik,0.0492825770156837,-1.06590779575663,0.006,0.027,1
Fam65b,0.0493912019101132,0.699637965279565,0.239,0.141,1
Sh3rf2,0.0494267419431092,-0.810933513700252,0.138,0.144,1
Gli3,0.0494292645008234,0.500253588732848,0.327,0.185,1
Prss46,0.0494735353616407,2.29398406105519,0.025,0.007,1
Tmem260,0.0494775339559442,-0.949972131071305,0.075,0.092,1
Pof1b,0.0494872197088216,-1.10122718590614,0.019,0.039,1
Cd74,0.0496067174683486,1.86753984341098,0.044,0.013,1
BC094916,0.0496091353631605,-0.136575379761116,0.006,0.012,1
Pkp3,0.0496477012104983,-0.484511374473062,0,0.011,1
Foxa2,0.0496753196181662,-0.374435723841172,0,0.011,1
Capn8,0.0497320992384808,-0.71965789875554,0.05,0.064,1
Kdr,0.0497413316191185,-0.729121755591727,0.057,0.056,1
2310007B03Rik,0.049747003759152,1.60302224256308,0.069,0.016,1
Them7,0.0498411929484653,-0.739084813890742,0.208,0.193,1
Ntn5,0.0498420047856339,1.64432240923873,0.057,0.025,1
Tmem219,0.0499140333538328,-0.98335488168243,0.025,0.039,1
Ap3d1,0.0499145699041643,1.03444869007997,0.094,0.034,1
Ccdc88c,0.0499256840329363,0.657856507970648,0.201,0.101,1
Phtf1,0.0499907150865053,0.852666504891738,0.145,0.046,1
Spsb1,0.0500140699928538,-0.889811134652665,0.038,0.05,1
Adam32,0.0500275754170852,-0.881492830243576,0.094,0.104,1
Itga4,0.05003685383303,0.53060457590758,0.208,0.1,1
Ppm1b,0.0500479612268356,-0.709637663339163,0.057,0.074,1
Ankrd13c,0.0500566325535353,-0.811320918582442,0.038,0.062,1
Olfr645,0.0501076337253007,2.48867558153466,0.019,0.004,1
4933430I17Rik,0.0501473729777407,1.44670453328499,0.075,0.024,1
Gm4707,0.050151407003219,2.58614733762331,0.019,0.003,1
Zfp846,0.0501659433821759,1.28818805103516,0.057,0.016,1
Hoxc4,0.0501980089889859,2.48855617496972,0.025,0.005,1
Gga2,0.0502229032163606,-0.900036161728515,0.063,0.065,1
Stard3nl,0.0502331307512805,-0.627113793756196,0.138,0.146,1
Klhdc9,0.0502855051758309,1.97988488716212,0.038,0.009,1
Zfp446,0.0504324349148695,-0.855172448810959,0.025,0.038,1
Tmem150c,0.0504382255820446,-0.705687736222525,0.082,0.079,1
Fance,0.050459973375338,-0.597034297903637,0.013,0.028,1
BEGAIN,0.050492604783077,-1.0191830717021,0.025,0.045,1
1700113H08Rik,0.0504949796056046,-0.775531396922566,0.126,0.113,1
Hagh,0.0505345792445782,1.03969090591651,0.113,0.042,1
Mnda,0.050566788259459,-0.32668804169656,0,0.01,1
Fam188a,0.0505871371367612,0.452999631603233,0.233,0.143,1
Kif6,0.0505885479903309,0.4154457784051,0.358,0.214,1
Olfr1183,0.0505931498513377,3.07582647703282,0.013,0.003,1
Taf1,0.0506432553997856,1.17233043886949,0.082,0.026,1
Mest,0.0506471823101919,1.55327868345471,0.038,0.014,1
Fam3c,0.0507713091782264,0.807311004606266,0.17,0.082,1
Il31,0.0507786970025444,3.29677944710148,0.013,0.001,1
C2cd2l,0.0508062949068637,-0.404126261148246,0.006,0.015,1
Tff1,0.0508177067642798,2.43215980636493,0.031,0.005,1
Fzd3,0.0508274284716414,1.07059395407865,0.082,0.037,1
Xaf1,0.050977015949955,-0.707356884163669,0,0.012,1
Aim2,0.0509808452827116,0.441769242923931,0.321,0.187,1
BC030499,0.0510225545560822,3.06208524353046,0.019,0.002,1
Olfr1352,0.0510251163740277,2.47198909477508,0.025,0.004,1
B020004J07Rik,0.0511226677544175,2.26856809224151,0.025,0.008,1
Serhl,0.0511567062160023,-0.780057733101089,0.019,0.029,1
Rabggtb,0.0511695380648288,-0.959004165056951,0.006,0.031,1
Fam227a,0.0512148587540779,0.742170370265773,0.157,0.066,1
Cachd1,0.0513003331630847,0.722825927232988,0.264,0.129,1
Cd59b,0.051310413896284,1.89136329499532,0.038,0.011,1
Apol7e,0.0513240122378494,2.43355682965683,0.025,0.005,1
Ppil2,0.0513602488873695,1.28415898959022,0.075,0.026,1
Inpp4a,0.0513602975441373,-0.703670581331726,0.107,0.129,1
Ces1b,0.051392108669891,1.3059632287847,0.057,0.02,1
Lrp2,0.0514169197637569,-0.652490762078474,0.22,0.225,1
Gucy1a2,0.051456388600007,-0.377785631032751,0.189,0.222,1
Prl8a2,0.0514887303578553,-0.827513042103854,0,0.014,1
1700013D24Rik,0.0515117934976353,-0.657771642496956,0,0.012,1
Ildr2,0.0515732245852731,0.846498835313426,0.138,0.054,1
Fgd5,0.0515856802028456,-0.743046178299345,0.088,0.11,1
Foxo1,0.0516064503066695,1.06276218845065,0.088,0.04,1
Tinf2,0.0516514083849497,-0.740789598675313,0.013,0.026,1
A230052G05Rik,0.0516889603698331,-0.453151920525011,0,0.011,1
Zc4h2,0.0516913153846492,1.17368541927729,0.069,0.023,1
Fut10,0.0517397289038611,-0.636929182257273,0.094,0.14,1
Rpl10-ps3,0.0517556706875114,3.70040787773609,0.013,0.001,1
Actbl2,0.0517940012417631,1.86719821501811,0.038,0.009,1
Pllp,0.0519425374301772,-0.936874221203812,0,0.013,1
Calr,0.0520065131134288,-0.826592027257476,0.013,0.027,1
S100pbp,0.0520267161722875,-0.677278295885585,0.019,0.029,1
Hs3st3a1,0.0520360820418363,0.749272805730329,0.145,0.062,1
Nxph2,0.0520591684213297,-0.892954993696912,0.05,0.067,1
Tm4sf4,0.0520786251840113,1.63454946355545,0.057,0.021,1
Tppp,0.0521109442540125,-0.76018531583965,0.038,0.054,1
Rfwd3,0.0521163710348273,1.14733388636922,0.069,0.027,1
Gm9905,0.0522688238102705,-0.733654620564134,0.006,0.022,1
Prx,0.052303567764345,-1.04401355242994,0.006,0.022,1
Ugcg,0.0523662045925799,-0.736445273056835,0.057,0.065,1
Btnl1,0.0524032699809101,-0.389759793687458,0,0.011,1
Eno4,0.0525059569044315,-0.801679344244725,0.057,0.065,1
Ttc39a,0.0525179724500255,0.982343477323001,0.119,0.044,1
Whamm,0.0526582960316573,1.67524796193937,0.069,0.021,1
H2-Ab1,0.0526589926959282,-0.433096757990688,0.006,0.018,1
Glrx3,0.0526777127007986,1.16276405381505,0.094,0.038,1
Atg10,0.0527003144830445,0.296461410347071,0.547,0.357,1
Gm14190,0.0527673849675075,3.33760261361641,0.013,0.002,1
Chmp5,0.0528622558260219,-0.848511505099723,0.031,0.043,1
Fshr,0.0528947527800042,0.408330558399693,0.352,0.201,1
Vwa3b,0.0529881443048247,0.637295559618697,0.208,0.111,1
Col18a1,0.0530460017987247,-0.743272587688271,0.119,0.129,1
Crk,0.0530464915399723,1.24100030991057,0.063,0.016,1
AK010878,0.0531717751834367,1.94430237134465,0.038,0.01,1
Ghrh,0.0531839058503097,1.72300753225798,0.057,0.014,1
Ccdc83,0.0531930913880698,-0.98116798728859,0.057,0.075,1
Slc6a1,0.0532591458894557,1.33155209438432,0.057,0.021,1
Usp54,0.0532706651569611,-0.810953273827765,0.019,0.031,1
Nckap1l,0.0532891148737409,1.0100175887896,0.088,0.042,1
Pcnxl4,0.0533342759537044,0.903947781672772,0.107,0.043,1
Asb7,0.053361714266374,0.704019508811247,0.195,0.088,1
Slc25a27,0.0533918640519719,-0.955685359731244,0.025,0.048,1
Nos1,0.0534062861123109,0.593581491891484,0.252,0.135,1
Themis,0.0535144857033386,-0.602757061217198,0.277,0.273,1
Gpbp1l1,0.0535350965169061,-0.602618175140358,0.013,0.024,1
Csrp1,0.0535750552589256,-0.728422688521651,0.006,0.02,1
Cyp2j12,0.0536014057008241,0.929836161727373,0.113,0.055,1
Nlrp4a,0.0536802903086884,-1.01109876966513,0.013,0.029,1
Plac8l1,0.0536872854728425,-0.982668821286595,0.013,0.024,1
Mrgbp,0.0537297067590818,-0.489128177970788,0.006,0.015,1
Slc46a3,0.0537311325565,1.09754991243346,0.088,0.034,1
Skor2,0.0537860928333558,1.29993654256429,0.082,0.031,1
Tmem194,0.0538123279442651,0.86118009845877,0.132,0.071,1
Iltifb,0.0538330551028565,2.53946266502374,0.025,0.003,1
Pot1a,0.0540169707791764,0.42545992370633,0.27,0.155,1
Soat1,0.0540257334335748,1.15677590169531,0.101,0.032,1
Pde3a,0.0540302102882241,0.295578232035536,0.484,0.339,1
4930535I16Rik,0.0540374197156173,2.8887399199916,0.013,0.003,1
Ndufa8,0.0540670322127945,1.69375067685373,0.057,0.017,1
Ptpra,0.0540873817250013,0.991622708093804,0.094,0.041,1
Olfr506,0.0541992974498063,3.21941453684916,0.019,0.002,1
Sult4a1,0.0542678896247602,1.62497006522963,0.069,0.018,1
Cyth3,0.0542723007155689,1.09008286094756,0.132,0.056,1
Apex2,0.0542803891309379,1.12700450380475,0.088,0.027,1
Smyd4,0.054295686319427,0.933087744392406,0.126,0.05,1
Rufy4,0.0543473988678549,-0.899731098166935,0.013,0.026,1
Colgalt1,0.0543575043212772,1.3823660927375,0.063,0.026,1
Atg14,0.0543704328200146,-0.771789219155514,0.019,0.042,1
Acsf3,0.0544316911723197,0.820533149698959,0.145,0.073,1
Pi4ka,0.0544540872569062,0.719660674612195,0.201,0.123,1
Cfap53,0.054496279101465,0.965440440541279,0.107,0.048,1
Pcnxl2,0.0545141280362144,0.765178685934564,0.201,0.104,1
Timm13,0.0545520320474641,-0.799644057193325,0.006,0.021,1
Sord,0.0545905632279127,0.961977163440888,0.126,0.046,1
0610007P14Rik,0.054609418006962,-0.664715630836036,0.006,0.019,1
Cryz,0.0546230487371492,0.616874372651592,0.189,0.093,1
Zc3h4,0.0547192949602986,-0.953760566046116,0.038,0.048,1
Patl2,0.054892062360551,-0.830957262057471,0.057,0.076,1
2310036O22Rik,0.0549212591363963,1.98812861794214,0.031,0.009,1
Dmxl2,0.0549544236150289,0.711499551739329,0.27,0.153,1
Onecut3,0.0550131124358214,-0.748398028039727,0.006,0.022,1
Ercc1,0.0550243286897136,-0.567968767911125,0.006,0.022,1
Gdpd4,0.055047940430411,0.905661915436758,0.145,0.068,1
Capn6,0.0550541565445731,1.33677797531257,0.063,0.021,1
Olfr1188,0.0550990706698649,2.50115453999081,0.019,0.002,1
Adamts1,0.0551171313054561,-0.71892885133722,0.05,0.056,1
Zfp91,0.0551238799652866,-0.90233577920404,0.031,0.053,1
Idh3b,0.055171943426566,2.9830295686647,0.019,0.004,1
Tmc8,0.0552220658766821,-0.691252516422313,0.013,0.021,1
Asna1,0.0552437519711942,1.96662688572866,0.031,0.009,1
Higd1a,0.0553288917742194,-0.568359232562991,0.013,0.023,1
4930524B15Rik,0.0553436927983874,1.86644271633802,0.038,0.009,1
Esyt2,0.0553527762893531,-0.659850482060458,0.176,0.159,1
Aimp2,0.0553601579460856,-0.837039825199767,0.006,0.026,1
Plekha7,0.0553838225618491,-0.596187404862707,0.151,0.153,1
Ceacam9,0.0553839108656454,3.25371392534825,0.013,0.001,1
Lamp1,0.0554207195947652,-0.364804479524059,0.006,0.017,1
Tspan4,0.0554916679048587,-0.999724945964297,0.013,0.029,1
Fzd4,0.0555028402056077,1.13527963216454,0.075,0.037,1
Uts2b,0.0555625716148146,1.61164727810693,0.05,0.015,1
Kit,0.0555765377567089,-0.819664609055255,0.044,0.078,1
Slc7a5,0.055595089797695,-0.613754890426709,0.019,0.024,1
Col9a3,0.0556087401830916,-0.926457415617127,0.031,0.045,1
Wasf3,0.0556131464000268,1.18272063396723,0.094,0.038,1
Fgf1,0.0556170583929753,0.945404406026134,0.195,0.067,1
Fam129a,0.0556294779694424,0.577224453562177,0.233,0.112,1
Alox8,0.0556717381814503,1.80771572363275,0.05,0.013,1
D16Ertd472e,0.0558151774447522,-0.980602845614222,0.038,0.059,1
Stxbp5,0.0558278349462424,0.499515755804909,0.346,0.226,1
Apol7c,0.0558323128961277,2.52675622876304,0.025,0.005,1
Unkl,0.0558807777624764,1.07684496077868,0.094,0.035,1
Zbtb38,0.0559044232732483,-0.767331527569531,0.05,0.064,1
Dusp5,0.0559934369233205,-0.801660850505883,0.013,0.024,1
9130011E15Rik,0.0560089147394686,0.789756009207489,0.214,0.118,1
Tnfaip8,0.0562154457824682,0.564419206187829,0.283,0.137,1
Dupd1,0.0562196965065675,1.36920426935313,0.05,0.026,1
Olfr181,0.0562864335883401,2.3074486622663,0.019,0.003,1
Krt26,0.0563467171676593,2.07664282069993,0.031,0.007,1
1700049G17Rik,0.0563627804971435,-0.390893453145339,0.006,0.013,1
Akt3,0.0565406446032173,0.529060957914183,0.239,0.114,1
Cox17,0.0565425973881458,-0.475084418905158,0.006,0.018,1
Fkbp11,0.05656604454148,2.64011400741206,0.019,0.005,1
Prl3b1,0.0565907277974443,-0.135180651245427,0,0.01,1
1700074P13Rik,0.0565946811380465,0.937170128602424,0.088,0.027,1
Hk1,0.0567327520626526,0.751567010282655,0.208,0.083,1
Cox7c,0.0567671065925284,1.2761995816629,0.069,0.023,1
Tram2,0.0568018766563,0.506468183250308,0.289,0.143,1
Flg,0.0569442228969376,1.80683403527164,0.031,0.01,1
Cmas,0.0569812170607626,1.04156332053652,0.094,0.044,1
Ect2l,0.0570206281302197,0.62597478864503,0.189,0.098,1
Ung,0.057071556011924,-0.903221179771275,0.019,0.03,1
Sgms2,0.0571198043327749,1.01949876052689,0.082,0.04,1
Prss48,0.0571342894206239,-0.848355456947099,0,0.012,1
Armcx5,0.0571428241363673,1.70446204017447,0.038,0.01,1
Cd200r3,0.0571854442209091,-0.991266669682645,0.025,0.044,1
Ccl4,0.0571855567166344,-0.398934276503462,0,0.01,1
Scn2a1,0.0572750327240971,-0.751877212619576,0.195,0.186,1
Blk,0.0572954696098786,-1.1097900955825,0.019,0.034,1
Ccr1l1,0.0573084090391275,3.20291192665793,0.013,0.002,1
Mgat5b,0.0573851553155363,1.01845719373292,0.082,0.038,1
Fcho2,0.0575556139767418,0.730769855628954,0.145,0.072,1
Dnmt3l,0.0576114663806671,-0.906526314242746,0.013,0.025,1
Ccdc33,0.0578297200343482,0.912675538457084,0.113,0.049,1
Cnep1r1,0.0579555075998959,1.64462946924321,0.063,0.018,1
Snx2,0.0580546224925959,0.829095955966975,0.126,0.049,1
Rybp,0.0580915628053853,-0.924864754312321,0.019,0.037,1
Lhfpl4,0.0581568319000206,1.55290991848895,0.063,0.019,1
Tfe3,0.0581868135702204,2.09945313178338,0.031,0.009,1
Zfp41,0.0582156549895101,-1.08373876280378,0.025,0.04,1
Mtmr14,0.0582369631779193,0.9664465917441,0.101,0.049,1
Tnfrsf21,0.0582421227281495,-0.772588765887917,0.107,0.12,1
Obfc1,0.0582712851980627,-0.591603795395309,0.031,0.045,1
Nkap,0.0582982506238172,1.49616957138753,0.057,0.015,1
Epx,0.0583051410266251,1.52220683097628,0.057,0.015,1
Pde8b,0.05834285512488,0.540126267426458,0.302,0.161,1
Trim50,0.058343688916914,-0.528552968342897,0.006,0.018,1
Szt2,0.0583539416880706,0.802678658618109,0.138,0.062,1
Fam133b,0.0583650252596759,-0.779967552222836,0.038,0.043,1
Rnpepl1,0.0583741883462041,-0.484354523023931,0.006,0.015,1
Cnot3,0.0583867855789133,0.877386249674133,0.119,0.042,1
Kcnj1,0.0585270858900508,1.02372742073185,0.069,0.027,1
Cisd3,0.0585806435776535,2.22139597844825,0.031,0.003,1
Arhgap27,0.0585874320132003,-0.802472406789124,0.019,0.034,1
Iah1,0.0586487985759899,-0.282822879605615,0.006,0.018,1
Nol4l,0.0586554010786289,-0.441181288642244,0.094,0.117,1
Gm14326,0.0587155008884542,2.46628738905693,0.025,0.006,1
Xrcc3,0.0587883907046444,-0.767527952915712,0.025,0.046,1
Cyp2c37,0.0587938317925929,-0.938035376355742,0.006,0.023,1
Trafd1,0.0588190076605151,1.50045275753102,0.05,0.018,1
Riiad1,0.058911083090364,1.99551542916228,0.038,0.01,1
Adora3.1,0.0589339265008842,-0.915230744293509,0.038,0.057,1
Olfr1495,0.0589675481542382,3.47937533017144,0.013,0.001,1
Muc13,0.0589830231053131,1.34779901416386,0.057,0.016,1
Jakmip3,0.0589842631426723,-0.779743934201028,0.044,0.061,1
Zfp938,0.0591498346887554,1.45477704275754,0.038,0.014,1
Defb10,0.0591889099810229,-0.181462717760919,0,0.01,1
Syt13,0.0591911254517957,1.65095357069278,0.063,0.018,1
Vsx2,0.0592413605704471,-0.830560235598004,0.006,0.022,1
Nsmaf,0.0592768758123799,0.502750384241284,0.214,0.115,1
Dcaf13,0.0593214460473535,0.736256193386968,0.145,0.063,1
P2ry10,0.059333966882302,-0.64470355124278,0,0.012,1
Hs6st1,0.059334439641628,0.938310296723495,0.113,0.048,1
Slc39a2,0.0593449514641786,2.70750667820459,0.025,0.003,1
Barx2,0.059363515692711,0.848418146605355,0.132,0.058,1
Cspg4,0.059438465935177,-0.87486788336488,0.019,0.045,1
Cdk15,0.0594564585478245,0.658826611875173,0.157,0.065,1
Rbmxl1,0.0595873191930765,1.67650502596539,0.05,0.013,1
Gsg1l,0.0595984227310074,0.484451521322805,0.252,0.129,1
Ptprj,0.0596202597560394,0.766708898133626,0.164,0.093,1
Cd48,0.059636186285917,-0.698475899300631,0.013,0.029,1
Tg,0.059697241983144,-0.553517475598547,0.226,0.225,1
Pilrb1,0.0597190398698445,2.53206664643158,0.019,0.005,1
Lrfn5,0.0597269734995704,0.250594538542176,0.44,0.284,1
Atp5f1,0.0597793785427241,1.47347897020626,0.057,0.02,1
Ift88,0.0599601141609797,0.609972541555851,0.189,0.094,1
Nr4a1,0.059961762131522,-0.367557220506031,0.006,0.013,1
Lsm5,0.0600320625334664,-0.974390724660592,0.006,0.024,1
Lmo4,0.0600449704225654,-0.798091191291571,0.019,0.027,1
Ahcyl2,0.0600581438237773,0.772654772187198,0.164,0.083,1
Adamtsl2,0.0601059791071635,1.07474724485943,0.075,0.034,1
Rpl10,0.0601317638594116,-0.532664952374039,0,0.012,1
Sult6b1,0.0601387078214184,-0.705441382598249,0.019,0.029,1
Sv2b,0.060167206964225,-0.634668408935522,0.201,0.192,1
Slc3a1,0.0601729623426,1.50045326467774,0.063,0.023,1
Zap70,0.0601784061360758,-1.08231049130959,0.006,0.021,1
Fads6,0.0601843123672854,-0.914729050148276,0.019,0.033,1
Dcaf5,0.0602251955096493,1.05666047252039,0.094,0.042,1
Tsr2,0.0603289129848801,1.99145126494753,0.031,0.007,1
Hsh2d,0.060364145568591,-0.527201456837709,0,0.01,1
Rnf112,0.0604275547760345,2.69174861828304,0.025,0.004,1
Tbx20,0.0604536799956332,-0.976485824140032,0.057,0.063,1
Itga1,0.0604586420491355,-0.606817910426809,0.27,0.256,1
Bbs2,0.0604589039333405,-0.758789222061202,0.038,0.051,1
Acsm1,0.0605370555879723,-0.797823052953325,0.057,0.069,1
Gm6569,0.0606270573149427,2.34019169575318,0.031,0.007,1
Gm29096,0.060633197076554,1.15582163017937,0.063,0.025,1
Uqcrh,0.0606393761322148,1.49278168502601,0.044,0.012,1
St8sia4,0.0607217259227631,0.589407894370889,0.22,0.114,1
Ugt2b35,0.0607335263280966,-0.299270500834083,0.006,0.016,1
Rnf103,0.0607336843942257,-0.956690127748503,0.019,0.031,1
Atp1b4,0.0607465623177592,1.3385265370073,0.057,0.014,1
Pdgfra,0.0607536966230947,-0.871269241926376,0.013,0.031,1
Tph2,0.0607899050428096,0.413583943826968,0.283,0.161,1
Onecut2,0.0609185238398047,0.790637979615573,0.145,0.063,1
Hsd17b4,0.0609800269099047,0.680466090733466,0.201,0.1,1
Arhgap23,0.0610256853451816,-0.893868248131647,0.031,0.057,1
Mon2,0.061070372880015,-0.670243589455601,0.069,0.081,1
Cytl1,0.0613015014420843,3.2527331426659,0.013,0.002,1
Appbp2,0.0613110187900689,-0.956328563475578,0.006,0.018,1
Fermt3,0.0613871391384387,-0.276649210551458,0.006,0.016,1
Pus7l,0.0614058806216864,1.04435607192246,0.119,0.049,1
Dnajb12,0.0614311170868136,-0.990414190107429,0.025,0.042,1
Lypd5,0.0616173689694511,2.51908212799304,0.019,0.005,1
Pramef25,0.0616603505494155,3.4139583325643,0.013,0.001,1
Snrpd2,0.0616741296848739,-1.05627554289662,0.006,0.022,1
Tgds,0.0616866572390711,0.950779914690535,0.075,0.037,1
Ppp1cc,0.0616998206272692,1.99719642532558,0.031,0.011,1
Dnase1l3,0.061702406517883,-0.852627515948325,0.025,0.044,1
Dnm1l,0.06170545946476,0.922747421714408,0.138,0.053,1
Angpt4,0.061788138660604,1.11581562354774,0.094,0.04,1
Cpped1,0.0617967776375626,0.751133998310197,0.195,0.092,1
Intu,0.0619283144611754,-0.700419298196855,0.157,0.153,1
Try5,0.0619293911941197,-0.439359849076146,0,0.01,1
Cyhr1,0.0619525381049471,-0.952132825434094,0.025,0.045,1
Ddb2,0.0619928845874434,0.945110350729454,0.094,0.037,1
Clcn5,0.0620238611136634,0.940175736884832,0.132,0.062,1
Rrp1,0.0620470071462106,-0.865282473201807,0.013,0.025,1
Nsg2,0.0620514712748497,0.941569463580887,0.107,0.042,1
Ick,0.0621425254802477,-0.847700295805329,0.05,0.068,1
Olfr183,0.062149058360648,1.77322627149955,0.038,0.01,1
Gcnt2,0.0622007353942291,-0.821317460770213,0.101,0.118,1
D11Wsu47e,0.0622140557908121,-0.494201720490839,0.006,0.02,1
Mapk1,0.0622250218599748,0.994255066309907,0.101,0.037,1
Gpr88,0.0624056991675505,-0.643809867256016,0.006,0.016,1
Cyb5r4,0.0624286288234008,0.650191928907606,0.195,0.1,1
Man2a1,0.0624703421726963,0.345376023703603,0.352,0.202,1
Olfr503,0.0626031853049482,3.21107510948256,0.013,0.002,1
Csnk2b,0.0626670692351847,2.04323507961694,0.031,0.01,1
Gpank1,0.0626670692351847,2.04323507961694,0.031,0.01,1
Fgf16,0.0628312692158242,-0.828831629635074,0,0.012,1
Ehd4,0.0628848094168956,0.577356127959137,0.182,0.095,1
Mroh2a,0.0629309385242453,-0.469667250896599,0.245,0.283,1
Dhtkd1,0.0629655776045329,0.991061002900526,0.126,0.054,1
Mvk,0.0630018841612179,-0.806452470346791,0.006,0.026,1
Polr1b,0.0630831234706693,1.11260675571055,0.088,0.038,1
Bbs4,0.0630901491979728,-0.989928294377279,0.025,0.035,1
Dync1li1,0.0631658517063164,-0.852338247785161,0.013,0.03,1
Gm21958,0.0632005056959248,2.66301549742581,0.019,0.003,1
Tmem39b,0.0632308421835999,-0.840253623338477,0.013,0.023,1
Nfkbid,0.0632945686309319,-0.518618590993744,0,0.011,1
Ccdc28a,0.0634604106964423,1.01536428968373,0.107,0.04,1
Usp22,0.0634721037973573,-0.618411961919009,0.044,0.065,1
Dpy19l1,0.0634780838980898,-0.572085413439414,0.126,0.165,1
Eri3,0.0634795188338917,-0.628817574804821,0.063,0.087,1
Mybphl,0.0634859847526851,-0.617646965364533,0.006,0.016,1
Zfp493,0.0635212981158535,-0.628048997381841,0.019,0.023,1
Gm12353,0.0635367781634344,0.788466701905706,0.132,0.056,1
Bzw2,0.0636902379577647,0.610279156823804,0.208,0.106,1
Krt35,0.0637156429827733,3.148241874063,0.013,0.003,1
Mapk7,0.0637510103674617,-0.925697203665746,0.013,0.029,1
Srfbp1,0.0637729861166532,0.828222188438994,0.113,0.062,1
Pgap3,0.0638398895770395,-0.60027151563833,0.013,0.029,1
Fv1,0.063841394317279,1.5949231483202,0.044,0.018,1
Mrpl27,0.0638667989633328,1.95392875271923,0.031,0.012,1
Edem3,0.0638860056626642,0.704088135179345,0.145,0.082,1
Arid5b,0.063894731085592,-0.494509561078512,0.182,0.183,1
1700011A15Rik,0.0639044809353586,1.6509426793455,0.044,0.013,1
Flt1,0.0639569922657736,0.5438116391522,0.239,0.118,1
Dscr3,0.0640375078214613,1.32671034300939,0.063,0.02,1
Syt4,0.0640509730700434,-0.845498976377834,0.013,0.027,1
Atl3,0.0640700685834723,-0.801091811977241,0.025,0.045,1
Brwd3,0.0641574961967169,0.902965653584987,0.138,0.058,1
Arx,0.0641684114412045,2.38389466361373,0.013,0.006,1
Bin3,0.0641867321672533,-0.824006544270181,0.031,0.048,1
Ifit3,0.0642416209445815,-0.767898765700769,0.006,0.019,1
Tacr3,0.064286646851719,-0.748536077029931,0.138,0.143,1
Spata31d1c,0.0642871044238509,1.46246025775071,0.05,0.017,1
Mesp2,0.0643107535207072,-0.382572548882839,0,0.01,1
Ap2a1,0.0643292896772296,-0.727194526579137,0.057,0.073,1
Olfr364-ps1,0.064335797201216,2.41294263615541,0.019,0.002,1
Exoc5,0.0643801443922242,-0.908688168062977,0.031,0.047,1
Dnajc5g,0.0643891734192247,2.60236457616478,0.019,0.004,1
Cck,0.0644135281799456,2.78340473760145,0.025,0.002,1
Tifab,0.0644165240752763,2.60028981213012,0.025,0.004,1
Eml1,0.0644187944413533,-0.492140359187252,0.101,0.127,1
Znrf1,0.0644961802260253,-0.721461239782619,0.05,0.057,1
Olfr1085,0.0645508692352579,2.61078758474433,0.013,0.002,1
Zgrf1,0.0645688933555218,0.594817168749536,0.233,0.112,1
Ccz1,0.0645707185541478,1.39152103418494,0.082,0.033,1
Nfe2l2,0.0647012703852377,1.31427413622007,0.063,0.032,1
Fkbp8,0.0647591056457954,2.00196170776239,0.038,0.006,1
Psph,0.0648027465155243,-0.410341608376316,0.019,0.029,1
Art3,0.0648112463453599,-0.685312792710574,0.088,0.107,1
Pam16,0.0648153951889145,2.1455798827172,0.025,0.005,1
G6pdx,0.0648302643219271,1.34698001539828,0.069,0.019,1
Nudt4,0.0649022609613981,-0.961088847080193,0.013,0.03,1
Abca14,0.0649026322014689,0.420975926138122,0.226,0.117,1
Map2k1,0.064911174300183,-0.838617534938962,0.031,0.051,1
Pex7,0.0649503517252091,0.526104802408821,0.17,0.098,1
Hn1l,0.06500205002904,-0.568551355683347,0.038,0.052,1
Anln,0.0650480982924332,-0.984567478685235,0.044,0.075,1
Ifngr1,0.0650481354601602,-0.532522612607973,0.057,0.065,1
Tcf7l1,0.065068719046848,0.80232516913252,0.195,0.092,1
Aknad1,0.0651282409011067,1.05161981973614,0.101,0.034,1
Rnf213,0.0651693600920739,0.524658950923109,0.258,0.129,1
Cyb561d1,0.065255333325113,1.80064098359525,0.05,0.013,1
Vtcn1,0.0652562666079415,0.944168034350415,0.126,0.063,1
Lrrn1,0.0652571221366071,-0.703968347611192,0.057,0.075,1
Apcdd1,0.0653031752046162,-0.867895016751689,0.031,0.049,1
Ywhah,0.0653112939084733,-0.364745369585267,0.019,0.04,1
Nucb2,0.0653132529377157,-0.65808535196626,0.107,0.107,1
Tmem253,0.0653625815691631,-0.202875845724062,0,0.01,1
Sult1b1,0.0654090923958782,-1.17349849828857,0.013,0.036,1
Prl4a1,0.0654679411973967,-0.0599719821121285,0,0.01,1
Cdk2ap1,0.0654868916619807,-0.66871758497311,0.006,0.02,1
Pou2f1,0.0656719178529525,0.707650077425422,0.226,0.111,1
St5,0.0656883752364679,1.13757165220268,0.145,0.046,1
Gigyf2,0.0657130084525651,-0.379704311153141,0.075,0.081,1
Mif4gd,0.065735337827213,-0.734920405233662,0.006,0.015,1
Slc12a5,0.0657501224071906,-0.114956143973572,0.006,0.013,1
Kcnj16,0.0658243998899781,1.21010161645867,0.088,0.032,1
Usp17le,0.065857316686273,-0.811653575127732,0.006,0.021,1
Tbcb,0.0659218653222415,-0.514920187797392,0.006,0.025,1
Amn1,0.06599068813508,-0.385903358670298,0.075,0.085,1
Slc6a20a,0.0660143573037507,-0.737551712945844,0.038,0.045,1
Wdr38,0.0660389601447557,-1.02815484559301,0.013,0.029,1
Vwa5a,0.0661276310538603,-0.888038216836966,0.057,0.07,1
Mas1,0.06612870187837,1.6485011317871,0.038,0.012,1
Trappc5,0.0661396046304677,-1.07886515551412,0.019,0.034,1
Dcp2,0.0661500504308315,0.695622504152021,0.17,0.095,1
Bola2,0.0662344950514737,-0.572871725506729,0.019,0.026,1
Rbbp8nl,0.0662404181003626,-0.509287177318823,0.006,0.016,1
Eda,0.0662655793997847,0.50389989647033,0.283,0.19,1
Xpa,0.0663286489516488,-0.731341102907709,0.019,0.03,1
Apol7b,0.0663310110177391,2.40108659070412,0.019,0.004,1
Churc1,0.0663380291458432,2.18313948557755,0.038,0.007,1
Kif16b,0.0664319994085445,0.260646109475448,0.516,0.342,1
Gm17617,0.066451402661059,2.94812520089277,0.013,0.002,1
Rnf170,0.0665933567223401,-0.669996632723855,0.038,0.054,1
Bpifb3,0.0666189917086429,-0.849331019544617,0.019,0.031,1
Jmjd1c,0.0666547216822862,-0.653843488895687,0.031,0.05,1
AY761184,0.0666775756485142,3.08061478366906,0.013,0.002,1
Rasl11b,0.0666790263772877,1.58395535646652,0.05,0.016,1
Mrgpra3,0.0667374969206161,2.39561262569872,0.019,0.005,1
Ggh,0.0667703755815884,0.552324410158401,0.151,0.06,1
Fam101a,0.066805404921864,2.83230680595876,0.013,0.002,1
Psd,0.0668305237952245,-0.498534563618163,0.006,0.014,1
4922502D21Rik,0.0668415089222714,-0.770670122846585,0.013,0.026,1
Ncor1,0.0668973645546311,1.02561633673206,0.113,0.044,1
Kctd16,0.0669155139677016,0.308274069071467,0.453,0.294,1
Ankrd66,0.0669188737260785,1.7038762932365,0.038,0.011,1
Rpa3,0.0669632672504277,-0.674346168192055,0.025,0.034,1
Cxcl1,0.0669647494911553,-0.490043839971963,0.006,0.016,1
Gm11992,0.0669682104973856,0.740712508777957,0.126,0.07,1
Palm,0.0669724258609127,-0.906643609647951,0.019,0.033,1
Arhgap21,0.0670007533586674,0.730353536744612,0.157,0.086,1
Git2,0.0670329544410308,-0.718115080664275,0.044,0.056,1
Nim1k,0.0670799074715296,1.25633531477358,0.063,0.024,1
Taf9b,0.0671297116601171,1.64800841435022,0.044,0.012,1
Pfkfb2,0.0671551401459872,0.798009462984354,0.151,0.064,1
Gm12794,0.0671604171070915,3.4665510053435,0.013,0.001,1
Hebp2,0.0671845540045983,2.38145362394619,0.019,0.006,1
Tacc3,0.0672784283291014,-0.940505304303827,0.025,0.04,1
Thoc2,0.0672829151738813,0.942418813387414,0.101,0.038,1
Cys1,0.0673078669843648,2.18997278415727,0.038,0.018,1
Zfp114,0.0674123459260512,2.09331601193412,0.031,0.01,1
Murc,0.0674994309823453,1.51889232428678,0.038,0.017,1
Flrt2,0.0675025904568428,0.458673076342901,0.208,0.105,1
Jak3,0.0675515287827843,-1.20775576918446,0.006,0.021,1
1700109H08Rik,0.0676172500339514,-0.527123185679163,0.006,0.018,1
Cnot6,0.0676301954479373,-0.712743491110459,0.044,0.054,1
Zbtb33,0.0676315003847747,1.69787766900616,0.038,0.009,1
Tmem263,0.0676555702627495,0.962127964952915,0.069,0.031,1
Efcc1,0.0676598909961387,1.05675304557538,0.082,0.031,1
Vimp,0.0676921795323838,1.47998511542374,0.063,0.025,1
Cfap44,0.0676923954453706,0.860050630227591,0.132,0.059,1
Jmjd7,0.0677380122313671,-0.793059624524769,0.006,0.022,1
3110021N24Rik,0.067910059512648,1.10225139923088,0.082,0.028,1
Hif1a,0.067919147247199,0.884701020385453,0.101,0.043,1
Dtx3,0.0679378118174612,-0.772201787650082,0,0.011,1
Ncoa1,0.0679537763563751,0.73163343405051,0.164,0.074,1
Olfr307,0.0679581498547016,2.36717194531213,0.019,0.004,1
Scml4,0.0679965559046866,-0.482980204998456,0.082,0.1,1
Thnsl2,0.0682629372504665,-0.825415489960839,0.025,0.038,1
Ggt1,0.0682754263840521,-1.01759884099965,0.025,0.032,1
Hoxd12,0.0682785201724168,2.9060560787017,0.019,0.002,1
Ptchd3,0.0683041727507932,1.90316536379274,0.031,0.008,1
1700016K19Rik,0.0683186640937885,3.03310527939867,0.013,0.005,1
Rbmx,0.0683433174739685,1.67873234054536,0.038,0.011,1
Nr5a1,0.0683492966711788,-0.788732131446825,0.013,0.02,1
Spats2l,0.0683792927206935,0.406980654479652,0.321,0.189,1
Btg1-ps1,0.0683983522479974,-0.441076775618611,0,0.01,1
Gm20498,0.0684109243013261,0.819261616125512,0.151,0.065,1
Dfna5,0.0685925646891709,0.913098947454282,0.151,0.071,1
Olfr1445,0.0686198228261412,3.5793502023474,0.013,0.001,1
Pank3,0.0686747323176002,-0.934115176876867,0.025,0.037,1
Gtf2ird2,0.0686865498033794,-1.13831521090218,0.025,0.04,1
Il12rb2,0.0686949607800512,0.563210495053896,0.182,0.092,1
Grik3,0.06879478030706,0.785935452983494,0.164,0.09,1
Usp12,0.0688081368776393,-0.543433452341612,0.044,0.056,1
Zbtb7a,0.0688349006419091,-0.710157676056478,0.019,0.027,1
Ssh2,0.0688733250329179,-0.799106645888187,0.138,0.148,1
Rell1,0.0688740443273886,-0.618296835960312,0.101,0.098,1
2310002L09Rik,0.0688777367394727,-0.714296061060564,0.006,0.018,1
Snx27,0.0689099037321201,0.79258108738369,0.17,0.067,1
Gm16380,0.0689674366467673,2.30126104520984,0.025,0.003,1
Olfr155,0.0689973427714268,2.71072470706959,0.019,0.004,1
D330045A20Rik,0.0690392780752192,0.773869928079377,0.107,0.054,1
Spin2c,0.0691794877048925,-0.876828585922912,0,0.012,1
Cyp11a1,0.0691915309719288,1.58380287368087,0.044,0.016,1
Rpusd4,0.0694186052885788,1.27403457425903,0.082,0.029,1
Rarb,0.0695279443613911,0.465770414827887,0.27,0.14,1
Zkscan7,0.0695846747101892,1.98659423822183,0.025,0.006,1
Lef1,0.0697118123746667,0.611737756824796,0.195,0.096,1
Bnip1,0.0697150036951299,2.12426759769222,0.025,0.009,1
Tpst2,0.0697991701739991,-0.750750610775534,0.094,0.092,1
4930438A08Rik,0.0698775735381675,-1.00707387051515,0.006,0.017,1
Serpine2,0.0698849148526636,0.99503152833587,0.094,0.034,1
Rec8,0.0699298343532059,-0.240571414838807,0,0.01,1
Krt80,0.0699518644777497,-1.0653402520657,0.013,0.031,1
Hipk2,0.0699603270143112,-1.00764376172971,0.075,0.079,1
Olfr437,0.0700813893241601,2.40674828403906,0.025,0.003,1
Cdh15,0.0701602008139771,1.29704186367634,0.057,0.023,1
Mmp24,0.070172688910438,1.22538203280651,0.063,0.025,1
Ctnnb1,0.0702861201204978,1.80898139353949,0.05,0.012,1
Aldoa,0.0703158260553397,-0.620995512176467,0.006,0.02,1
Pih1d1,0.0703650223631304,1.0932510247376,0.069,0.025,1
Olfr67,0.0703874879354264,2.37430829689224,0.019,0.004,1
Lars2,0.0704012228454343,0.723222365849383,0.189,0.109,1
4930451G09Rik,0.0704151466820581,2.01275987873342,0.031,0.009,1
Calcoco1,0.0704315686264281,-0.744384716605283,0.031,0.036,1
Neto1,0.0705012633378096,-0.597425518451987,0.17,0.181,1
Me3,0.0706380260110148,-0.59888022124054,0.226,0.226,1
Abra,0.0707226762952084,-0.435638682092496,0.019,0.023,1
Msl3l2,0.070866866855622,-0.812362259192921,0.057,0.067,1
Gm6377,0.0708896775560824,2.88337095707795,0.019,0.001,1
Meiob,0.0709723458673444,1.04901955780534,0.082,0.038,1
Spta1,0.0709765193780077,-0.688994532854905,0.069,0.082,1
Abhd5,0.0709784207732623,-0.852240684763518,0.031,0.046,1
Baalc,0.0710197525031276,1.70692481554886,0.038,0.011,1
Tymp,0.0710220704110179,-0.487968911007701,0.013,0.018,1
Sec61g,0.0710834430816978,1.01047554428405,0.088,0.03,1
Cep350,0.0711370019699563,0.739843714760106,0.182,0.093,1
1700023E05Rik,0.0713338913945048,1.18910797557009,0.088,0.026,1
B3galnt2,0.0713915674261773,0.635537263056842,0.164,0.087,1
P2rx7,0.0714362583011158,-0.844044203704065,0.031,0.042,1
Gclc,0.0714788977984875,1.03129843110577,0.126,0.055,1
Wdr77,0.0715670337171827,0.875074218696289,0.101,0.051,1
Ddx26b,0.0716505840416784,-0.792907407480229,0.05,0.073,1
Tnfrsf18,0.0717352592082162,2.99340454743362,0.019,0.002,1
B3glct,0.0717695042235114,0.808844835915225,0.138,0.065,1
Phf2,0.0717885962052915,0.879555226635207,0.107,0.046,1
Zcchc12,0.0718430687695068,2.17056090976268,0.025,0.004,1
Aptx,0.0719398871049453,1.15638929426982,0.069,0.03,1
Gtf2h4,0.0720097246823123,-0.727975461394268,0.006,0.02,1
Myo5a,0.0721827987728607,-0.619664710738184,0.214,0.176,1
Zfp831,0.0721872354253886,-0.640524359077642,0.113,0.122,1
Plscr3,0.0722439685586766,2.0357542254445,0.031,0.009,1
Slc30a1,0.0722649108764883,-0.602064106432144,0.031,0.057,1
Cd86,0.0722777614692866,0.53329038102433,0.176,0.078,1
Nrbp2,0.0723183828294598,1.46866165318667,0.044,0.017,1
Gm5616,0.0723551292540397,3.40054440057015,0.013,0.001,1
Cers1,0.072360890525361,1.56661423846063,0.05,0.015,1
Lcn10,0.0723872803761643,2.24595006540049,0.019,0.005,1
Mid2,0.0723909042135613,-0.761482325655493,0.044,0.053,1
Gltscr1l,0.072412833829556,-0.463256389238204,0.006,0.018,1
Npepps,0.0724234449154006,0.962330338649315,0.075,0.027,1
Zdhhc9,0.0724355843416382,-0.626864110582803,0.019,0.029,1
Tcea1,0.0724530555195054,0.937396465255214,0.082,0.037,1
Gtpbp6,0.0724988944247232,-0.536861798721255,0.006,0.016,1
Rag2,0.0725146817593983,-0.740042078376408,0.006,0.021,1
Aadacl3,0.0725410310608444,2.35265759807725,0.013,0.005,1
Ccdc42,0.0725464085767544,1.70992949053539,0.038,0.012,1
Anxa6,0.0725719412597722,-0.893133734961867,0.031,0.046,1
Wasf1,0.0725941893325246,-0.892216991881713,0.031,0.048,1
Olfr1170,0.0726422423686956,2.70679836731569,0.019,0.003,1
Gm17606,0.0726903675749605,-0.465831365028565,0.006,0.019,1
Msl2,0.072695807288638,-0.521141292193112,0.013,0.018,1
Plbd1,0.0727375779562662,0.941905953274082,0.094,0.045,1
Aox1,0.0727463336810727,0.552681459717352,0.201,0.099,1
Btc,0.0727733333313175,0.695773001711756,0.17,0.078,1
Sh3bgrl,0.0727930270043847,0.838407292622379,0.119,0.045,1
Vash2,0.0728172775926818,1.17359775839522,0.069,0.04,1
Arsb,0.0728441004000653,0.498670477694937,0.226,0.125,1
Atp1a2,0.072873659027349,1.49410047949717,0.05,0.015,1
2700049A03Rik,0.072891421200242,0.684986837347515,0.214,0.107,1
Lgals1,0.0729245923692902,-0.548645040522328,0,0.01,1
Mroh4,0.072926149379305,1.00831338445255,0.082,0.034,1
Ruvbl1,0.0731294725280282,0.996191032604224,0.094,0.045,1
Fam219a,0.0731474897033498,1.11850455474543,0.075,0.029,1
Adi1,0.0731653405069348,-0.779543842732481,0.006,0.018,1
Gabra5,0.0731895102394164,-0.583247881199323,0.126,0.137,1
Rorc,0.0732215795883264,-0.921553787800203,0.025,0.038,1
Sp6,0.0732893878736276,-0.458249473254976,0,0.01,1
Slu7,0.0734396977518544,-0.259309963165864,0.006,0.018,1
Gm17660,0.0735453343944525,2.31558424381438,0.025,0.005,1
Sowahc,0.0735975458992697,-0.659599504572976,0.013,0.021,1
Mylk3,0.0736219769493784,0.65699096283319,0.113,0.047,1
4931429I11Rik,0.0736386142125504,1.03606779784952,0.094,0.034,1
Snx31,0.073670275542703,-0.809775098760818,0.044,0.059,1
Mmel1,0.073707018631874,-0.665641278955598,0.019,0.031,1
Itfg3,0.0737219541069647,-0.66439157936999,0.038,0.043,1
Mrps12,0.0737438857791007,-0.815606021889455,0.013,0.024,1
Apob,0.0737557477654619,-0.75708581157733,0.082,0.105,1
Gm10184,0.0737607613942874,2.26679025770029,0.013,0.004,1
Actg1,0.0738051077406162,2.29886014111041,0.025,0.007,1
Gm5468,0.0738103282835523,-0.322494956605963,0.006,0.015,1
Ablim2,0.0739210461022467,-0.437156277078862,0.132,0.159,1
Ccdc170,0.0740127396129991,-0.739716210885429,0.075,0.088,1
Kif3a,0.074017439666418,1.08327698603242,0.082,0.029,1
Usp11,0.0740806882969812,2.00827647884996,0.044,0.01,1
Itgb3bp,0.0741097115585308,0.579247634512807,0.226,0.112,1
C920021L13Rik,0.0742266314261564,-0.572284999830321,0.006,0.018,1
Rab4b,0.0742845134008343,-0.737420183746562,0.025,0.035,1
Atp5o,0.0743366898568314,0.547073035158707,0.277,0.148,1
Arpp21,0.0743510151948707,0.399197429521624,0.327,0.181,1
Spidr,0.0743668467082223,-0.506863782840714,0.314,0.291,1
Vmn2r97,0.0744354697527236,-0.691489238467501,0,0.012,1
Rhebl1,0.0744387393742228,-0.0136401943169009,0.013,0.015,1
Hmgn3,0.0744989415352081,0.745054419501431,0.113,0.048,1
Gmps,0.0745230552226359,0.869155029063949,0.107,0.054,1
Camk2n1,0.0745764942592168,-0.324792381353237,0.006,0.016,1
Map4.1,0.0745791614584374,-0.87676675879612,0.025,0.033,1
Zdhhc5,0.0745813777826013,1.28093044660646,0.075,0.032,1
Igfn1,0.0746904193003504,0.952287386342295,0.082,0.056,1
Slc10a2,0.0747933904417903,1.13939791979166,0.044,0.02,1
Brf2,0.0748191673406237,0.309555180216327,0.006,0.013,1
Nfkbil1,0.0748192336044337,-0.583700649937643,0.006,0.021,1
Taf8,0.074850863850353,1.77519772563551,0.038,0.009,1
Slc29a1,0.0751025493686857,-0.227033642908652,0.006,0.02,1
Tmem164,0.0751436842725118,0.907374366397446,0.119,0.048,1
Fam71f1,0.0752251387333372,1.57543800522044,0.069,0.016,1
Pip4k2a,0.0753063376418176,0.705550957888975,0.189,0.109,1
Lppr4,0.075320481720114,-0.826446188442471,0.044,0.061,1
Decr2,0.0754261458145829,-0.607761362016838,0.006,0.017,1
Myo5b,0.0754286317191988,0.331872098810283,0.39,0.275,1
Kank4,0.0754451457490202,-0.637510105416673,0.063,0.071,1
Car9,0.0754908358578835,2.44784400890216,0.019,0.004,1
Cpxm2,0.0754981586925997,0.821082654432185,0.138,0.07,1
Clip1,0.0756059348831502,0.954237127725908,0.132,0.06,1
Chst10,0.0758027524708108,1.30127038585081,0.057,0.018,1
Lce1i,0.0758253825362984,2.18350420914151,0.025,0.004,1
Tgfb3,0.0758615557526776,-0.699405047136117,0.006,0.023,1
Hlcs,0.0759458181225364,0.447934580456772,0.245,0.137,1
Fbxo18,0.0760900265766177,0.749986470900443,0.126,0.073,1
Colec11,0.0761125304398641,-0.485617542101537,0.025,0.041,1
Zfp597,0.0761579454240596,-0.534165371687822,0.031,0.039,1
Arhgef9,0.0762157318347277,0.595929971898948,0.176,0.083,1
Lats2,0.0762426184832142,-0.699622333928927,0.075,0.095,1
Slc27a6,0.0763370636838406,0.603647810318736,0.145,0.085,1
Tdrd7,0.0763823161212807,-0.716200519448955,0.082,0.085,1
Mrpl53,0.0767201203800191,2.861986219063,0.019,0.001,1
Arl16,0.0767276622653327,-0.73646084815921,0.006,0.016,1
Ift74,0.0767904616089243,0.519093703284833,0.233,0.132,1
Cdk9,0.0767920213509495,-0.637527149326123,0.019,0.042,1
Sccpdh,0.07695227859003,1.31784201050094,0.069,0.023,1
Sema4a,0.0769524494417762,1.7552077210149,0.044,0.013,1
Gm27021,0.0769861598920086,-0.591332220636168,0.031,0.06,1
Vwa1,0.07700291909925,-0.155836736670183,0.019,0.021,1
Glud1,0.0770378511319155,1.05150632871965,0.101,0.036,1
Gm10542,0.0770406190849803,-0.181516985354849,0,0.01,1
Gata2,0.0770438873614956,2.05944842548935,0.025,0.005,1
Gm10647,0.0770442360765887,-0.576283001777778,0.019,0.037,1
C2cd4c,0.0770879875466856,1.48824170453189,0.038,0.017,1
Ugt2b37,0.0771239738946849,-0.785200228068656,0.013,0.022,1
Stk26,0.0771693589067047,-1.14602457079485,0.025,0.048,1
Gm9894,0.0771803182684137,2.31303311711556,0.019,0.007,1
Zfyve9,0.0772357953700055,0.625566753062541,0.17,0.07,1
Cct7,0.0772490003482552,0.965383071794689,0.075,0.035,1
Ppp1r21,0.0772705614894348,-0.615842377424851,0.05,0.049,1
Cdk18,0.0772781253119534,-0.581672519773689,0.013,0.026,1
Bpgm,0.0772834574352003,-0.594666741809133,0.025,0.04,1
Atp6v0a4,0.0773133176709057,0.535356090426332,0.201,0.096,1
Clpp,0.0773320720014266,-0.0534158569700711,0.006,0.012,1
Gdnf,0.0773936062703093,-0.845144956576569,0.044,0.054,1
Kat6b,0.0773946505693574,0.50268132935888,0.289,0.154,1
Sbspon,0.0774433501708193,0.967732645884785,0.101,0.053,1
Tubb4a,0.0775045091636068,-0.587038940942533,0.006,0.016,1
Per2,0.0775791789090353,1.14336907703045,0.057,0.03,1
Opa1,0.077643192020372,0.82322223715421,0.157,0.08,1
Txn1,0.077644568021444,-0.638517570693797,0.05,0.065,1
Coq9,0.0777432888594368,1.72662830907383,0.038,0.016,1
Aacs,0.0778026620171358,-0.798487948496715,0.031,0.039,1
Tgfbrap1,0.0778428762458315,0.686506711806052,0.195,0.106,1
Prr3,0.0778581985177709,-0.202481279580862,0.006,0.013,1
Pdha2,0.0778636640508749,-0.210040239609632,0,0.01,1
Erich6,0.0778745048056555,0.88747737682993,0.082,0.027,1
Ccdc167,0.0780062451977537,1.28626520631303,0.063,0.028,1
Ppa1,0.0780539547781983,-0.950778657538888,0.031,0.045,1
Pde1a,0.0781149773365842,-0.462874416327451,0.358,0.33,1
Zfp141,0.0782116859586167,1.08865476215365,0.063,0.025,1
Lce1d,0.0782260846064444,2.2125760635506,0.019,0.004,1
Mei4,0.078275712017294,-0.515732494564166,0.321,0.295,1
Slc8a1,0.0783578823084281,0.379286914137832,0.365,0.267,1
Cd164,0.0783848876488259,-0.721977145520559,0.013,0.03,1
Gal3st4,0.0783997219228716,-0.706710174818446,0,0.01,1
Lamtor4,0.0784285509409168,-0.593168508467084,0.006,0.016,1
Car12,0.0784525278559422,1.23450760724426,0.057,0.034,1
Rasgef1b,0.0785167402202167,-0.509443274222012,0.05,0.076,1
Gpr56,0.0785217013018667,1.31766848928751,0.063,0.027,1
Gcnt4,0.0785274230710503,-0.831202979916297,0.025,0.044,1
Eif2s2,0.0785966901317872,1.67180136220666,0.044,0.015,1
Sema3f,0.078606182796406,-0.702693086301949,0.013,0.027,1
Acoxl,0.0786351181241596,0.533570448301845,0.264,0.142,1
Rfx2,0.0786385742735195,0.870988555481954,0.195,0.098,1
Ces1f,0.0786652287393708,1.3512375371626,0.05,0.015,1
Trnp1,0.0787298621000477,-0.700064674215482,0.006,0.015,1
Slc27a2,0.0788263111402235,0.911576457264472,0.094,0.039,1
Gm6578,0.079027123067344,-0.816418565541206,0.006,0.019,1
Clasp2,0.0790464396330883,-0.661533673674419,0.019,0.029,1
Maml1,0.0791008902966189,-0.932105972441303,0.019,0.027,1
Pkn1,0.0791211325484973,-0.712802124447457,0.025,0.046,1
Havcr2,0.079132535206627,1.1202377348595,0.057,0.023,1
Dnah7b,0.0791496462296811,0.287630258702915,0.384,0.256,1
Fam26e,0.0791595754849224,1.5773958723151,0.044,0.014,1
Arid4a,0.079162619588608,0.898544611992685,0.113,0.042,1
Cpne5,0.0791731235266653,0.840592900454583,0.126,0.066,1
Ugt2b1,0.0792069071234098,-0.624906301062433,0.006,0.017,1
1700057G04Rik,0.0792493687386193,-0.713679687298165,0.057,0.068,1
Actr3,0.0792840752401158,-0.713509067102116,0.069,0.069,1
Sfxn3,0.0793211192316853,-0.861030313567673,0.013,0.027,1
Zfp612,0.0794674152822627,1.46261489184926,0.05,0.017,1
Mst1,0.0794780381419441,1.6800520546938,0.038,0.01,1
Mgp,0.0795021878319177,1.94641996365212,0.031,0.007,1
Plau,0.0795219219678787,2.63144138503028,0.019,0.004,1
Cyp3a59,0.0795355509473869,1.33007903689927,0.057,0.015,1
Gm1647,0.0795430265642638,-0.79004041835648,0.013,0.029,1
Adcy5,0.0795460831299143,-0.609460387692057,0.101,0.103,1
Pik3ap1,0.0795572814223223,0.74509029261132,0.145,0.085,1
Mrpl42,0.0796711231416187,1.42659039504895,0.057,0.016,1
Nlrp1b,0.0797303603650411,1.22971900144152,0.082,0.04,1
Nfatc4,0.0797849938798191,-0.533640142706361,0.006,0.017,1
Fgf2,0.0798014816054175,0.664649669966267,0.201,0.109,1
Psip1,0.0798588151668178,-0.759075861341483,0.025,0.04,1
Ticam2,0.0798618268445817,-0.495792811567678,0.025,0.031,1
Ccdc32,0.0798643739007869,1.55643544500753,0.044,0.018,1
Mmp28,0.0799803715642426,-0.39293828337407,0.006,0.018,1
Eps15,0.0800101549764118,1.19195117337024,0.094,0.038,1
Ccdc73,0.0801078113650331,0.293798081521734,0.277,0.132,1
4930563I02Rik,0.0801454845691453,-0.870283156270451,0.006,0.018,1
Itsn1,0.080185666077091,0.615623916710996,0.22,0.104,1
Skint7,0.0802157590717288,-0.587171174942523,0.006,0.018,1
Sepp1,0.0802358781551755,1.6612283227241,0.038,0.015,1
Gm8439,0.0803462015003104,1.0308300716455,0.069,0.024,1
1700016C15Rik,0.0804965185706182,1.65695385190527,0.031,0.013,1
Ppm1e,0.0805950183804992,0.642820180090792,0.182,0.08,1
Fam179b,0.0806316142932826,0.794945608808427,0.151,0.054,1
Cep72,0.0806810347182127,-0.842885186973962,0.038,0.051,1
Fezf2,0.0807223078592836,2.34325263752709,0.019,0.005,1
Abcf3,0.0807725047692148,-0.497422747352381,0.006,0.018,1
Efnb1,0.080778949683594,1.56237261805178,0.044,0.01,1
Pacs1,0.0807991839419048,0.583464792860148,0.214,0.107,1
Cdh24,0.0808680692951411,-0.496598150771172,0.013,0.024,1
Mocs2,0.0809769331170982,-0.734880149066679,0.038,0.05,1
Senp1,0.0810422540190413,0.855283439608923,0.119,0.046,1
Rnf11,0.081079200555706,1.01760946903951,0.094,0.047,1
Rassf2,0.0811957253090743,-0.597877882277309,0.013,0.025,1
Rhag,0.0813294552701108,-0.818219496228133,0.031,0.056,1
Nipal1,0.08147882186034,-0.694352219594074,0.031,0.047,1
Vmn2r60,0.0815722388169156,-0.913329129538997,0.019,0.03,1
Tsga10,0.0815915984725278,0.557652208563852,0.208,0.11,1
Polr3d,0.0815926864189243,-0.792415881381071,0.006,0.018,1
Psmd14,0.0817135614448245,0.645227278747701,0.176,0.107,1
Adcy8,0.0817589579772472,0.447600568859955,0.327,0.192,1
Ube2q2,0.0817937439394841,0.876984595068553,0.107,0.051,1
Xrcc6,0.0818791934134989,-0.870394608067778,0.025,0.046,1
Prps1l3,0.0819957079378498,1.04949119149623,0.075,0.028,1
2010003K11Rik,0.0820210475993724,-0.464750868149024,0.006,0.013,1
Slc18b1,0.0820248038732411,0.645133269573886,0.151,0.07,1
Rxra,0.0820863807225433,0.877681072898215,0.107,0.05,1
Clec2h,0.0821499290393748,-0.766667946664576,0.019,0.026,1
Pign,0.0822667280632074,-0.599548633461426,0.17,0.172,1
Gstm7,0.0822672187831131,-0.891674600054016,0.013,0.027,1
Yes1,0.0823547643404562,0.812569624663524,0.126,0.048,1
Amph,0.0824122198267329,-0.511175999615348,0.277,0.258,1
Stradb,0.0824244794805648,0.829082558061971,0.113,0.048,1
Car3,0.0824553650450579,-0.595390517347853,0.031,0.044,1
Dclk2,0.0825268308058861,0.408474394702243,0.258,0.134,1
Arhgap44,0.0825290707177183,0.425008792531132,0.277,0.175,1
Slc38a2,0.0825851310804192,-0.53528405320987,0.006,0.017,1
Timp4,0.0827632701765718,2.11176552240991,0.025,0.007,1
Atf7ip,0.0828798502071451,-0.423586191279815,0.019,0.032,1
AW209491,0.0828970281636793,1.0418367329373,0.069,0.031,1
Jak2,0.0829120200748294,-0.685442098583211,0.05,0.062,1
Tmem144,0.0830037290594509,-0.656206031550215,0.126,0.123,1
Kncn,0.0830198446053182,2.9304234434069,0.013,0.002,1
Col11a2,0.0830252315962738,1.06337616191685,0.069,0.035,1
Gm17268,0.0831483048396657,1.75991285535708,0.038,0.012,1
Slc25a19,0.0831808436839513,-1.02557960874262,0.019,0.027,1
Qrich2,0.0833681634802537,1.63585188873611,0.044,0.015,1
Atad1,0.083429514037842,0.66451968603229,0.119,0.057,1
Gli1,0.0834536246291249,-0.237352896490901,0.013,0.017,1
Pdcd5,0.0834665189580572,-1.01720591368695,0.006,0.021,1
Man1a,0.0834808231812075,-0.514572562087455,0.252,0.267,1
Gm5483,0.0834840772402045,2.75668389239862,0.019,0.002,1
Trim30c,0.0835140449600647,1.37247258187254,0.038,0.013,1
Tspan6,0.0835393147768134,-0.475854608757154,0.013,0.023,1
Ccdc7,0.0835930213659291,-1.01099204215317,0.044,0.053,1
Zdhhc21,0.0836439086671585,0.669737744008143,0.157,0.081,1
Nrp1,0.0837082110694106,-0.33077760170931,0.069,0.098,1
Olfr570,0.0837141479368771,2.51372525373351,0.025,0.004,1
D2Wsu81e,0.0837203282114266,1.8388469136897,0.025,0.01,1
Fam207a,0.08372115121177,-0.693189134937657,0.038,0.051,1
Cfl2,0.083930984286024,-0.0224718040437457,0.006,0.014,1
1110037F02Rik,0.0839626209409675,0.746604309656083,0.195,0.095,1
Tsga10ip,0.0840004911280333,2.0959155102241,0.025,0.007,1
Fancc,0.084087679602541,0.571337173599872,0.252,0.156,1
Polr3e,0.0840981319538297,-0.898171205094954,0.05,0.067,1
Tigit,0.0841122074476732,2.34263128839961,0.025,0.007,1
Paxip1,0.0841430309158842,-0.570430536311529,0.088,0.107,1
Cenpb,0.0841579006242919,2.22098590316435,0.031,0.007,1
Doc2b,0.0844035673727806,-0.575645576967438,0.031,0.04,1
Mrpl28,0.0844696650232639,-0.31026185646512,0,0.01,1
Polr1a,0.0844951961167711,0.600463977285808,0.182,0.083,1
Bhlha15,0.0845251619734906,2.52504321671848,0.019,0.004,1
Vars,0.0845800095644486,1.50224059511989,0.069,0.02,1
Fcrl5,0.0847025457796051,1.00613930115785,0.113,0.048,1
Foxn1,0.0848290236873504,1.01807626313307,0.088,0.034,1
Cwc15,0.0848489903736483,-0.664932419855274,0.031,0.035,1
Nostrin,0.084894036254586,0.575363510855227,0.157,0.084,1
Zfp467,0.0849037105399287,-0.783195347090344,0.031,0.04,1
Colec10,0.084908562248392,-0.678195934115428,0.05,0.082,1
Hspd1,0.084908952686071,-0.91839037945272,0.019,0.031,1
1700001C19Rik,0.0849163277963711,1.31639464335718,0.057,0.019,1
Epor,0.0849782556004616,2.30069726548132,0.025,0.006,1
Ctif,0.0850058027212588,-0.483390142307968,0.138,0.139,1
Noc4l,0.0850233858337578,1.53679358297987,0.044,0.015,1
Pnpla7,0.0850359018166837,0.739284401237998,0.17,0.076,1
Krt24,0.0850445668674502,2.25125328273499,0.031,0.005,1
Fam86,0.08504970881791,-0.655455195871419,0.069,0.077,1
Klhl35,0.0850514400979237,2.14793448286216,0.025,0.005,1
2210016F16Rik,0.0850671081618982,3.01003129953048,0.013,0.002,1
Gm10999,0.0851195667969552,3.08878874447765,0.013,0.002,1
Rims2,0.0851200516801324,0.205176321021192,0.566,0.358,1
Sun3,0.0851399902528352,0.690210604927526,0.145,0.074,1
Prss12,0.0852191959525351,0.608231547901446,0.164,0.088,1
B630019K06Rik,0.0852703276425463,-0.27003293319792,0.006,0.015,1
Rdh14,0.0852977823697564,-0.702535786089292,0.044,0.058,1
Rbm43,0.085319384332217,1.29276526213145,0.057,0.023,1
Irs4,0.0853326552480374,-0.531044964927736,0,0.011,1
Fchsd2,0.0853468331898249,0.793905273038522,0.164,0.071,1
Lrrc69,0.0853530208835451,-0.506556311527168,0.132,0.145,1
Lims2,0.0854064384051254,-1.03984039539855,0.025,0.045,1
Olfr593,0.0854267501844151,3.01623583205239,0.013,0.001,1
Ptprh,0.0854825931464039,1.20085299212082,0.069,0.03,1
Olfr1465,0.0856033167088069,3.08663631269675,0.013,0.002,1
Fam13c,0.0856062095184011,-0.746956366241995,0.044,0.077,1
Rnf125,0.0857018452617068,-0.672582447819336,0.069,0.079,1
Litaf,0.0857742892230803,-0.376664714911552,0.088,0.085,1
Plet1,0.0858201794844845,1.80263067952591,0.031,0.007,1
Kif21a,0.085832500932131,-0.935959250107235,0.094,0.098,1
Mrpl35,0.0858703428218134,1.66488260802766,0.038,0.012,1
Btbd19,0.0858736306681464,1.37332629539901,0.044,0.015,1
Coa6,0.085907309061281,-0.764648710282451,0.006,0.02,1
Bcl2l10,0.0859107482210506,1.86890210670106,0.038,0.004,1
Ogfr,0.0860691463533442,-0.148388106242538,0.006,0.012,1
Gc,0.08607703766307,0.936275476197327,0.088,0.04,1
Crmp1,0.0861546865012622,-0.494041940951566,0.057,0.074,1
Khk,0.0861754840505185,-0.926962692818838,0.025,0.037,1
Slc3a2,0.0861820403482851,1.26627186911183,0.044,0.02,1
0610009L18Rik,0.0861954363798306,2.22331801705091,0.025,0.007,1
Ift43,0.0862286739617941,0.8295859847457,0.119,0.055,1
Jund,0.0862760159041725,-0.693541641469151,0.025,0.03,1
Scfd1,0.0863759397658283,0.672976306537795,0.195,0.111,1
D10Bwg1379e,0.086549729514572,0.293491388718609,0.283,0.153,1
Flot1,0.0865593335376831,-0.413572974999635,0.006,0.015,1
Ddx6,0.0865738224060224,2.27901185233956,0.031,0.005,1
Ciita,0.0866659615744666,1.15517592096436,0.094,0.046,1
Snx4,0.0867248999849465,1.03105102828572,0.088,0.031,1
Cep97,0.0867283407739392,-0.704929839612047,0.038,0.056,1
Tpd52l1,0.0867364270057523,-0.655734475915278,0.126,0.13,1
Rplp0,0.0867581808125325,-0.192539724316615,0.006,0.016,1
Ctsc,0.0867585125433913,-0.731355472875593,0.057,0.07,1
Dennd2d,0.0867810992645698,-0.89901169143471,0.025,0.035,1
Brca1,0.0867906908866378,-0.474985615433289,0.075,0.07,1
Dio2,0.0868229826779255,1.03432784892501,0.063,0.036,1
Paqr5,0.086937557007378,-0.988391341287639,0.038,0.056,1
Abca13,0.0869508007780187,-0.344897633385129,0.434,0.419,1
Ndufb3,0.0869828149709719,1.29990900676041,0.05,0.016,1
Mbip,0.0870353757500335,-0.810640395227033,0.031,0.046,1
Pcdh18,0.0870385835833318,-0.750218857472458,0.025,0.036,1
Sacm1l,0.0871357400534508,0.999770893728429,0.126,0.065,1
Efcab1,0.0872665830865376,-0.776408090901617,0.019,0.033,1
Nqo1,0.0872666408621221,-0.477833348989099,0.006,0.017,1
Hsd17b11,0.0872701887544296,-0.634220440885873,0.019,0.027,1
Ly6k,0.0872806028542441,2.24617329983656,0.019,0.004,1
Alg3,0.087328487892966,-0.47447079246286,0.006,0.021,1
Epb4.1l2,0.0874802409919634,0.511418289860228,0.245,0.112,1
Abhd10,0.0875094156201736,1.10949656281069,0.063,0.032,1
Ccdc157,0.0875095851024666,2.04522876543314,0.044,0.012,1
Gjd2,0.0876224206683804,-0.624307044531239,0.006,0.021,1
Igsf6,0.0876335330336048,-0.632323406049353,0.013,0.021,1
Zfp850,0.0876724297188507,-0.89417764085641,0.006,0.021,1
Rnf144b,0.0876902323724835,0.664628045513569,0.126,0.078,1
Kctd2,0.0877070161218427,-0.112211800440988,0.013,0.021,1
Defb5,0.0877231712903927,2.27450176327363,0.019,0.004,1
Plekhg6,0.0877365758820985,-0.276598866858846,0.006,0.018,1
B230216G23Rik,0.0877780545394222,1.38491611450777,0.044,0.013,1
Olfml1,0.0878006848713076,-0.712925230709757,0.019,0.032,1
BC030307,0.0878055146594507,0.78249874551957,0.164,0.084,1
Zfp46,0.0878792918718273,-0.194189727902836,0.006,0.02,1
Mrps21,0.0879289675050446,-0.339949364562454,0,0.01,1
Fhod3,0.0879906973468885,-0.490442282208943,0.579,0.487,1
Gcsh,0.0880501228730875,1.17958883714485,0.082,0.036,1
Ifna14,0.0881360914647919,2.29919316592258,0.025,0.004,1
Vrk3,0.088192608185335,-0.846554749411698,0.013,0.026,1
Abcf2,0.0882662938150729,-0.55379538008773,0.019,0.029,1
Slc43a2,0.0882882296792602,-0.780188534556457,0.044,0.045,1
Agpat3,0.0882928968880412,0.940650306470441,0.107,0.054,1
Cd209f,0.088345182588432,2.2589588259727,0.025,0.004,1
Gm9776,0.0883921496860814,0.335961333518115,0.006,0.01,1
Maml2,0.0884091912392538,0.953281481687626,0.113,0.05,1
Satb2,0.0884200900360214,-0.556895271184622,0.258,0.231,1
Rara,0.0884755641445977,1.18272333930369,0.057,0.029,1
E130308A19Rik,0.0884825014010569,-0.679030282834237,0.101,0.128,1
Hyou1,0.0884870232388569,-0.635266553014739,0.019,0.031,1
Slc25a28,0.088586530775055,-0.804509659316624,0.031,0.046,1
Lin52,0.0886015610969754,0.753099200997553,0.145,0.063,1
Olfr1066,0.0886171708653056,2.93583551481001,0.013,0.002,1
Insr,0.088641777588767,0.682811010186295,0.201,0.106,1
Fam134c,0.0887128631412298,-0.0955681691662038,0.006,0.014,1
Lypd6,0.0887168817664374,0.562646639395665,0.233,0.136,1
Epha7,0.0887697895872695,0.275249316578803,0.327,0.208,1
Olfr518,0.0889129755118453,2.24719167591767,0.025,0.004,1
Prr11,0.0890291204279675,-0.839233434294736,0.038,0.049,1
Tns1,0.0891391282493463,-0.364783155918689,0.138,0.159,1
Pinx1,0.0891568633339491,0.68179813339566,0.17,0.084,1
A430005L14Rik,0.0891658315730233,-0.789121308196359,0.025,0.033,1
Fam208b,0.0892308497320313,0.653801839167419,0.157,0.076,1
Rhbdf2,0.0892346131282951,-0.391656718910157,0.019,0.031,1
Kbtbd11,0.0892351676148734,-0.749147131827122,0.006,0.018,1
Bckdhb,0.0892457459209445,0.372612373434074,0.396,0.257,1
Fer1l6,0.0892905668989925,0.454236303448899,0.252,0.156,1
BC024978,0.0892993361491395,-0.526277593521015,0.025,0.031,1
Saraf,0.0893699781848447,1.03032902378181,0.088,0.028,1
Vsig1,0.0893762599132116,-1.00657506358807,0.013,0.026,1
Prmt3,0.0893915096896125,0.446046055906776,0.258,0.151,1
Socs6,0.0894388793554901,-0.371781554564736,0.409,0.385,1
Sos1,0.0894571872249023,0.670770727977146,0.157,0.071,1
Clec4a3,0.0894763564599603,1.64082435885631,0.025,0.01,1
Rps19bp1,0.0894902175105782,1.63373542838961,0.031,0.007,1
Gm4907,0.0895554577667554,1.38787863506559,0.031,0.017,1
Ugt2b5,0.0895785658021975,0.8901217817719,0.057,0.024,1
Itih4,0.0896044421172322,-0.753089486353423,0.013,0.02,1
Vma21-ps,0.0896783878366531,2.84729825198404,0.013,0.002,1
Piezo1,0.0896885661714445,-0.579192910926794,0.069,0.119,1
Auh,0.0898060463425709,-0.452003226936049,0.069,0.096,1
Akap7,0.0900130204439334,0.424876212555586,0.327,0.153,1
Cds2,0.0900630129781757,0.859321680022609,0.101,0.062,1
Gfpt1,0.0900639718948177,0.722009933913586,0.119,0.057,1
Camk2g,0.0900797527035729,1.12252483035146,0.082,0.031,1
Serpina3n,0.0900985154193276,-0.852872456972628,0.006,0.02,1
Med6,0.0901072618609674,-0.365574946554193,0.013,0.021,1
Txlng,0.0901332999037987,-0.710956729948896,0.038,0.05,1
Daw1,0.09016790254561,-0.576938246137932,0.05,0.076,1
Fbxo22,0.0901728630633852,-0.605239001801306,0.013,0.032,1
Mical3.1,0.0901732703320937,-0.702929806304743,0.082,0.086,1
Prmt2,0.090190820217784,-0.658124078458231,0.025,0.036,1
Bphl,0.090229648613449,1.00295614887172,0.082,0.035,1
Dzip1,0.0903247299958006,-0.636188112683874,0.044,0.06,1
Mob3c,0.0903966531053081,-0.479548879663125,0.013,0.017,1
Gtf2f2,0.0905317410085849,-0.585165661322231,0.088,0.101,1
Gm4846,0.0905634688321489,1.58705480396613,0.031,0.01,1
Aldh1a2,0.0906029991353388,1.0522803884445,0.107,0.032,1
A730061H03Rik,0.0906195880680184,1.36930860857608,0.057,0.03,1
Cd6,0.0906427989224929,-0.761668985867121,0.044,0.054,1
Hmgn2,0.090681107875876,-0.202657605407514,0.013,0.025,1
Zc3h12c,0.0907096398594705,0.814852949042608,0.119,0.048,1
Cherp,0.0907182648132974,1.26602372497427,0.044,0.015,1
Traf2,0.0907364309556877,-0.908768320825382,0.025,0.038,1
Unc45b,0.0908395441660029,-0.633028662197082,0.025,0.032,1
Slc25a42,0.0908625547481114,-0.776038541786125,0.044,0.051,1
Slc25a35,0.0908677967192659,1.5027830447763,0.05,0.013,1
Zfp688,0.0909237142704542,0.519470990837021,0.006,0.01,1
Pck2,0.0909344506580623,-0.255232470049945,0.019,0.023,1
Chst9,0.0909729075440455,-0.487991224991281,0.308,0.301,1
Atxn3,0.0909815510995585,-0.731547124373019,0.05,0.065,1
Serpina3f,0.0909823713788754,1.63700794160216,0.044,0.012,1
Lhpp,0.0910036537210672,-0.520619203812062,0.069,0.076,1
Il12rb1,0.0910433189165583,-0.721779516893511,0.006,0.015,1
St8sia5,0.0910863590067679,0.748261777066344,0.119,0.057,1
Ins2,0.09112236003467,1.07739223832192,0.057,0.019,1
4930435H24Rik,0.0911318725717686,-0.738747407513434,0.006,0.023,1
Art1,0.0911795805072372,1.87447470089851,0.038,0.007,1
Adat3,0.0912510591375418,-0.680344034109874,0.013,0.022,1
Scamp4,0.0912510591375418,-0.680344034109874,0.013,0.022,1
Ccdc51,0.0912996114462448,2.32592069682162,0.019,0.004,1
Mitf,0.0913850853423162,-0.498123937632566,0.164,0.163,1
Arap3,0.0913930868939516,1.17154299478776,0.069,0.026,1
Ano5,0.091402569662015,0.685307426552622,0.145,0.101,1
Hexdc,0.0914424853732543,-0.889901734977267,0.013,0.026,1
Slc43a1,0.0914508146428257,-0.687654548633629,0.05,0.051,1
Ctso,0.0914982294826109,0.704150954796063,0.126,0.067,1
Lsm3,0.0915099307484375,-0.792255842442422,0.013,0.027,1
Obox1,0.0916559207036791,-0.223781147063319,0,0.01,1
Gabpa,0.0916771787918965,0.822155015779178,0.107,0.057,1
Ciapin1,0.0917599934817242,1.37866459299036,0.05,0.02,1
Npc1,0.0918105839622729,-0.608387299782612,0.057,0.068,1
Exd2,0.091814208388423,1.00350166812413,0.075,0.028,1
Lmbrd1,0.0918307613317951,0.466980238604862,0.195,0.112,1
Parn,0.0918879521250144,0.55838947939773,0.22,0.12,1
Xpc,0.0919031082282416,-0.777190568345963,0.044,0.064,1
Zfhx3,0.0919188481308692,0.391405685164084,0.308,0.161,1
Abr,0.0919653709148141,0.772256067995117,0.189,0.076,1
1700008O03Rik,0.0919773347632805,-0.743063266957619,0.044,0.051,1
4930504O13Rik,0.091978210930365,2.05844743833842,0.019,0.005,1
Med24,0.0921076704749831,-0.0460390878664612,0.006,0.013,1
Txnip,0.0922310407904378,2.21700904871202,0.019,0.007,1
Ido2,0.0923705268363041,-0.815495529073125,0.082,0.082,1
Ahi1,0.0923789743825988,0.42113784689059,0.327,0.195,1
Slc2a10,0.0923929317450693,-0.95556261712334,0.013,0.022,1
Itpkc,0.0923930063121318,-0.566112849716165,0.025,0.029,1
Pola1,0.0924250075893021,0.339711041152426,0.314,0.206,1
Slc45a4,0.0924332562732289,-0.642058180442895,0.05,0.063,1
Tctex1d1,0.0924373283356635,1.08719620859985,0.075,0.027,1
Adcy1,0.0924725237785121,-0.499007176425484,0.157,0.165,1
Gcfc2,0.0925121088490317,0.820389482491786,0.126,0.073,1
Pvrl1,0.092518326070269,-0.720567884626664,0.038,0.056,1
Mpg,0.0925297694366751,1.88156280898592,0.031,0.008,1
Dusp15,0.0925465677197226,-0.734168178000097,0.006,0.018,1
Bhlhe40,0.0925931619152868,1.31564422105765,0.075,0.024,1
Pex3,0.0927593465807619,0.691770908358798,0.151,0.076,1
Abcb10,0.0927648764275286,-0.513363280802867,0.031,0.05,1
Rars,0.0927692357007668,1.08361267873757,0.063,0.024,1
Rc3h2,0.0928439955879317,-0.615402332218366,0.025,0.037,1
Pmel,0.0929278244059721,-0.316898002151807,0.019,0.023,1
Tnnt3,0.0929347381722637,-0.867706151591478,0.013,0.028,1
Ptp4a1,0.093066470925401,-0.986496855128244,0.025,0.041,1
Scrt2,0.093133322608212,-0.473420340620503,0.006,0.015,1
Glod4,0.0931446364604229,0.676837321168049,0.164,0.115,1
Krt8,0.0931566300496377,2.28973501377147,0.019,0.005,1
Tnfaip6,0.0931678387351787,-0.691311788665093,0.025,0.036,1
Ncapg,0.0931945219484974,-0.740321111081244,0.082,0.092,1
Grsf1,0.0932173165357571,1.60686716099681,0.063,0.02,1
Calm2,0.0932425728298544,-0.718580905395069,0.006,0.02,1
Acss1,0.0932748184473099,0.926414519260081,0.126,0.044,1
Gm28043,0.0933106074108734,0.735578060381164,0.138,0.064,1
Fam110b,0.0933312147838489,-0.33986404647325,0.384,0.399,1
Tsg101,0.0933643783739767,1.21006961151183,0.069,0.032,1
Triqk,0.0935239357568076,-0.683800131747919,0.107,0.108,1
Ces5a,0.0935923034814514,-0.98695654042797,0.013,0.024,1
Agpat6,0.0936820723745798,0.848385446452635,0.126,0.053,1
Tmem132a,0.0937435984010093,-0.560490733677833,0.031,0.035,1
Rnf7,0.0937792584888182,-0.711020011713008,0.006,0.018,1
Slc25a32,0.0938027405251159,0.958831018919255,0.107,0.037,1
Dpp7,0.093838223340154,1.64078069831909,0.038,0.015,1
Slc22a14,0.0938914110917577,0.422109192253354,0.264,0.148,1
Gm20696,0.0940692468554725,0.377183743503959,0.465,0.31,1
Pmepa1,0.0940961109454496,-0.634789119068284,0.025,0.04,1
Trp53i11,0.0941130730383785,-0.66520551149028,0.006,0.018,1
Aqp8,0.0941159103321796,1.49062131392279,0.038,0.015,1
Grwd1,0.0943530975724106,2.05200130381638,0.019,0.009,1
Pxdn,0.0944199846961849,-0.495099633085259,0.113,0.106,1
Ms4a4a,0.0944547455108389,1.15196437099074,0.05,0.021,1
Tas2r109,0.0944927427729396,3.13977055030354,0.013,0.001,1
Il18,0.0945074253882344,2.06506138756374,0.019,0.007,1
Mfap3l,0.0946332583778663,0.534822494941874,0.138,0.062,1
Pak3,0.0946913247642572,0.379851506050051,0.264,0.185,1
Sall3,0.0947034732789827,-0.621563052633911,0.006,0.018,1
G930045G22Rik,0.0947438703748304,1.61859963531442,0.044,0.015,1
Ormdl3,0.0948582573062806,-0.596778493299416,0.019,0.026,1
Zfp592,0.0950023790982539,1.29771125974821,0.082,0.026,1
Rusc2,0.0950030109781313,-0.820067622962313,0.038,0.039,1
Cacna2d2,0.0950376528356808,0.690200885959886,0.201,0.096,1
Wscd2,0.0950657103451757,1.18287285772781,0.075,0.034,1
Dgat2l6,0.0953000724159977,-0.225352547835609,0.006,0.013,1
Lhcgr,0.0953074276978982,0.744630482949414,0.151,0.07,1
Acbd7,0.0953424982647435,-0.930360046901661,0.006,0.018,1
Myh7b,0.0953708443838287,-0.416369260007743,0.013,0.025,1
Gm1045,0.0953769224276171,-0.589247357527713,0.006,0.018,1
Cyp20a1,0.0954497107541353,-0.491660395514546,0.05,0.053,1
Vmn1r30,0.0954720394134336,2.49081572540919,0.013,0.004,1
Pcnt,0.0954764020040243,-0.586908603846629,0.138,0.17,1
Blzf1,0.0954778922449692,0.891206714036931,0.088,0.041,1
Ost4,0.0956706250579473,-0.455771553023837,0,0.01,1
Erbb3,0.0957069195977041,-0.730476314676844,0.006,0.017,1
1700052N19Rik,0.0957295938912291,0.835861917871009,0.119,0.056,1
Rgs4,0.0957745993424788,-0.784165980493372,0.013,0.025,1
Ankdd1b,0.0958508210192505,0.642623833788648,0.145,0.065,1
S100a7a,0.0959989622408519,-0.751310059118314,0.006,0.021,1
Asah2,0.0960037680552245,0.601843005814433,0.176,0.1,1
Zfp605,0.0961821748034017,-0.3917445134207,0.006,0.015,1
Agpat4,0.0962173480114571,-0.924079513220093,0.038,0.053,1
P2rx4,0.0962591099054938,-0.719398232167441,0.025,0.035,1
Gdpd5,0.0962705333156873,-0.785856033336507,0.094,0.098,1
Zfp354a,0.0963003424970568,-0.39090116384505,0.013,0.023,1
Pxylp1,0.0963530170891338,0.718026160306883,0.17,0.069,1
Lce6a,0.0963539953203467,-0.52584681021584,0,0.01,1
Usp10,0.0963604825867506,-0.547086110481756,0.05,0.056,1
Acvr1b,0.0963626900254208,-0.640860360389711,0.031,0.039,1
Chrna4,0.0963695204951134,1.06374984158126,0.063,0.032,1
Tm4sf19,0.0964877625238402,2.18934260413495,0.019,0.003,1
Grid2ip,0.0965370354813374,1.34737940868714,0.05,0.024,1
A930018P22Rik,0.096538597832229,-0.552302133375672,0.006,0.02,1
Rffl,0.0965408111694396,-0.626032827573035,0.031,0.055,1
Plekhg4,0.0965447979083678,0.0027412271601337,0.006,0.01,1
Itpr2,0.0965525617355,0.333033796546269,0.421,0.237,1
Zbtb48,0.0966260432512614,-0.641751333348279,0.013,0.027,1
Tlr2,0.0966597940480989,-0.712155221614873,0.006,0.018,1
3830406C13Rik,0.0966740921982973,0.893037629698888,0.088,0.043,1
Tmprss11d,0.0967042835836677,0.501951043438964,0.17,0.094,1
Herpud2,0.0967076584108566,-0.819750813244612,0.019,0.037,1
Snapc1,0.096751263705173,1.19848709051479,0.069,0.024,1
Lce1f,0.0969070118181248,2.08767247353081,0.025,0.007,1
Kcng1,0.0969709993443683,-0.807235055439347,0.013,0.025,1
Cdadc1,0.0969800189825783,-0.766341418729108,0.05,0.069,1
Atxn1,0.0969810730910733,0.467768282999849,0.327,0.178,1
Sec14l3,0.0970032346925717,2.31475614784829,0.013,0.005,1
Vmn2r6,0.0970200839428701,1.18114932446078,0.057,0.018,1
Dnaja1,0.0970314746589312,-0.15408395937765,0.006,0.015,1
Klhl22,0.0970575063575776,-0.663280161076129,0.025,0.037,1
Spata16,0.0971056333897578,-0.478798361887677,0.352,0.319,1
Fancb,0.097114543673794,-0.713267670249017,0.019,0.038,1
Aqp1,0.0971626099950153,1.46342403528539,0.063,0.021,1
Pgm2,0.0971815126455757,0.931803079968599,0.119,0.054,1
Cybrd1,0.0971954369133786,-0.833200929050273,0.019,0.028,1
Fgd2,0.0972332617653094,-0.606743576316279,0.019,0.029,1
Zfp69,0.097273652256669,1.14882458108959,0.063,0.021,1
Serac1,0.097358276061038,-1.00781716325451,0.05,0.054,1
Kbtbd4,0.0973709129988006,2.85051856917384,0.013,0.002,1
B3gat2,0.0974692908751401,-0.603930124743438,0.138,0.129,1
Serpina10,0.0975325675263027,-0.522261588666438,0.006,0.016,1
C1qtnf4,0.0975457999292795,2.05927886417305,0.019,0.006,1
Dcdc2b,0.0975524261793679,-0.420360147968493,0.006,0.016,1
2610008E11Rik,0.097556991320765,0.918570797450432,0.069,0.035,1
Arhgef28,0.0976946208857854,-0.528705903723687,0.176,0.193,1
Tmem98,0.0977600056288201,-0.435807787015964,0.006,0.018,1
Gm12169,0.0977925626634659,-0.621886943863388,0.013,0.023,1
Zfp799,0.0978011542338008,2.63244559936059,0.013,0.005,1
Tmem18,0.0979617769923319,-0.678054158430201,0.057,0.062,1
Ets2,0.0980251455360997,-0.397449624517848,0.038,0.051,1
Cyp4b1,0.0980269687995439,-0.573074240204226,0.019,0.023,1
Fam163a,0.0981086994347432,0.705936280244736,0.126,0.065,1
Dhrs7c,0.0981126754905724,1.53721658124458,0.05,0.018,1
Stard4,0.0981229311864507,0.797870334770105,0.088,0.051,1
Slc19a1,0.0982004619429055,-0.832164952118846,0.057,0.063,1
Olfr356,0.098212103160272,2.70522573090983,0.013,0.003,1
Atp1b3,0.0982141799121376,-0.626999957202685,0.057,0.063,1
Tmem182,0.0982213786785884,0.594958729369508,0.151,0.094,1
Plgrkt,0.0983273390324896,-0.553266161604227,0.025,0.035,1
Tnni1,0.0983471365276168,-0.775026758400795,0.019,0.032,1
Dpcr1,0.0984097386250616,1.77284471228372,0.031,0.012,1
Tex29,0.0986047830137139,-1.0842136091231,0.006,0.018,1
Phf14,0.0986049634994352,0.390582358283463,0.283,0.184,1
Atf7,0.0986091367440112,0.967793269740469,0.107,0.05,1
Trappc10,0.0986092601070585,-0.653828264174396,0.031,0.049,1
Parp12,0.0986231720920595,1.10647206809475,0.075,0.027,1
Aldh3b1,0.0987020416740746,-0.433149279335993,0.013,0.02,1
Olfr173,0.098739517028738,2.07585563437129,0.019,0.005,1
Otulin,0.0988112499396451,-0.466501261714946,0.044,0.05,1
Acsf2,0.0988198207166077,1.10690465431553,0.082,0.029,1
Gm53,0.0989291596100311,2.70926228261823,0.013,0.003,1
Cln5,0.0989472440635217,-0.909095570476646,0.013,0.027,1
Otud6b,0.0989824199301889,-0.394463065358923,0.031,0.056,1
Uqcrc1,0.0989858885054453,1.57733332661243,0.044,0.013,1
Gm17571,0.0990788442542248,2.4931876168521,0.019,0.004,1
Smad7,0.0991559814065926,-0.635211487289032,0.013,0.022,1
Akap11,0.0991670528394897,0.739272639701377,0.101,0.04,1
Ube2e2,0.0991791651980946,-0.426246037484618,0.22,0.228,1
Zyx,0.0991824274070289,0.814330894583129,0.094,0.048,1
Gprin1,0.0992579955154,-0.315174394495395,0.006,0.014,1
Cdk5,0.0992631824840151,-0.441391713411763,0.013,0.02,1
Atxn7l1,0.0992741678051806,-0.429620895553013,0.208,0.183,1
Dapk1,0.0992743636903471,0.430598039615366,0.226,0.113,1
Calm3,0.0993272156120152,-0.595773100611344,0.013,0.031,1
Abcc2,0.0993347178776548,0.885699407399748,0.101,0.042,1
Rrp7a,0.0993450640761399,-0.257156814970768,0.006,0.013,1
Tfb1m,0.0994098495100294,0.890112256692905,0.126,0.056,1
Frrs1l,0.0994662820351413,-0.637734798635567,0.031,0.032,1
Gm26661,0.0995068876465587,1.79332609408763,0.019,0.008,1
Cdk2ap2,0.0995378723589192,-0.357936885423279,0.013,0.021,1
Tmem165,0.0995535130785669,-0.910812241655119,0.025,0.043,1
Glis3,0.0996383935489558,0.415969964110447,0.358,0.222,1
Cplx1,0.0996539903084857,-0.966166664204153,0.025,0.034,1
Kcnj12,0.0996717700598623,-0.749358208080003,0.019,0.032,1
Hes1,0.099819336763749,-0.509067549408406,0,0.01,1
Prrc2a,0.099844535159045,-0.423803028506905,0.006,0.021,1
Gabra6,0.0999837533447866,-0.860668394090739,0.013,0.026,1
Duoxa1,0.0999899314229418,-0.456790099765213,0.006,0.016,1
Gan,0.100074334187964,0.747453741853756,0.157,0.074,1
Id4,0.100308434246157,1.45467501129501,0.057,0.021,1
Atg13,0.100456284500925,-0.573778440447457,0.019,0.03,1
Wisp3,0.100473195092854,1.14366211000474,0.057,0.018,1
Samd1,0.100506435897952,-0.71153918101355,0.006,0.02,1
Rras2,0.100525335751406,-0.700901603008013,0.063,0.071,1
Hapln4,0.100555634148586,1.6719258586772,0.025,0.009,1
Mat2a,0.100570715923301,-0.666182895136441,0.019,0.023,1
Prl3d1,0.100699763774233,-0.709752192525126,0,0.01,1
Dpy19l2,0.100732830118279,0.549032519122938,0.17,0.092,1
Fshb,0.100802801300825,1.77870027386809,0.025,0.007,1
Olfr1018,0.10097568658999,2.65089275531764,0.019,0.002,1
Pacrgl,0.100983039794135,-0.665116230210624,0.063,0.073,1
Wnk3,0.100995595027648,0.844550558187165,0.075,0.033,1
Gpr161,0.101053350249219,0.680295301640526,0.113,0.057,1
Mtus1,0.101062429200627,-0.493721631761623,0.176,0.148,1
1110032A03Rik,0.101084766024937,-0.67829142617536,0.013,0.026,1
Cst13,0.101130707176051,1.57633553027257,0.025,0.012,1
Rad51ap2,0.10113249863951,-0.342362798758094,0.013,0.02,1
Ehd1,0.101204663292485,-0.705736298146076,0.025,0.032,1
Ccdc40,0.10149032429139,1.04130635698206,0.075,0.03,1
Slc45a1,0.101525873505591,-0.1911887885265,0.006,0.018,1
Bbs5,0.101660392354507,-0.59157726388997,0.044,0.049,1
Nipal4,0.101816804272347,-0.668413571557124,0.013,0.032,1
Gtpbp4,0.101833974307396,0.905179035970684,0.107,0.05,1
Chil1,0.101868084794832,1.52011216346938,0.044,0.014,1
D17Wsu92e,0.101989421671272,-0.644436276193052,0.069,0.071,1
Lnp,0.102024175055835,0.624275156089361,0.17,0.085,1
Trim10,0.102053337840661,1.72542406452684,0.044,0.009,1
Glipr2,0.102091079403216,-0.58717198507112,0.013,0.023,1
Rnf146,0.102137869665531,-0.768379688795176,0.031,0.038,1
Zfp362,0.102161831678761,-0.309520519025885,0.019,0.022,1
Dgka,0.102176326268549,1.68000769195698,0.044,0.012,1
Myom3,0.102227827050504,-0.825370283927914,0.05,0.065,1
Wwtr1,0.102301451083996,0.653578014760427,0.189,0.081,1
Dimt1,0.102301988799037,-0.614853875056095,0.031,0.041,1
Mier3,0.102312618191671,1.10942255092884,0.063,0.026,1
Shfm1,0.102405586803914,-0.698100565000857,0.025,0.042,1
Med13,0.102420030761986,0.961895971298982,0.088,0.035,1
Eif2ak4,0.102478588616665,0.49764582526313,0.208,0.105,1
Nfyc,0.10258192992889,1.03383225952147,0.138,0.045,1
Emx1,0.102586205979576,2.05380958890957,0.031,0.008,1
Pla2g4d,0.102627299549411,-0.802958486173456,0.025,0.03,1
Grik5,0.10266046688382,0.82378760109793,0.119,0.061,1
Lrrtm3,0.102851706718655,-0.525755783904048,0.283,0.247,1
Ece2,0.102877335139023,-0.545153190982949,0.025,0.041,1
Prkca,0.102904300364859,0.509890973072987,0.277,0.174,1
Syp,0.102933087144664,-0.64550153297256,0.013,0.023,1
Klhl40,0.102986549986921,2.53798263118661,0.025,0.004,1
Zdhhc20,0.103118347027467,-0.844108113267394,0.069,0.074,1
Areg,0.103136079039445,-0.793805514246882,0.006,0.028,1
Znfx1,0.103195401817261,-0.640449816363382,0.025,0.054,1
Gsta2,0.103197375078889,-0.784599772752383,0.013,0.036,1
Kcng2,0.103263326045918,0.771585075483767,0.151,0.077,1
Vstm2a,0.103346353239734,0.311101119323283,0.321,0.198,1
Tacc1,0.103356589971873,-0.695509183993791,0.038,0.048,1
Polr3c,0.103677963424711,1.0081040806767,0.088,0.028,1
Sun2,0.103782874843542,1.12801097983494,0.088,0.031,1
Gm9833,0.103824616169894,2.51101174965381,0.031,0.007,1
Msrb1,0.103853226839851,1.27203642064664,0.069,0.021,1
Ssfa2,0.103916886706485,-0.572793942070214,0.044,0.056,1
Vmn2r58,0.10396276887189,-0.0708619939893493,0.006,0.014,1
Dgcr8,0.104069962947693,-0.64434867915449,0.025,0.043,1
Lrrc16a,0.104083525128436,-0.301384102040914,0.145,0.126,1
Kif19a,0.104093995447486,1.41535323955345,0.05,0.022,1
2010012O05Rik,0.104166834045166,1.90180746931781,0.031,0.008,1
Slurp1,0.104191655621088,-0.398734611269726,0.006,0.013,1
Myh9,0.104326368617609,-0.390110900664268,0.082,0.079,1
Masp2,0.104433575378997,1.66481267107768,0.044,0.011,1
S100a3,0.104511595621053,2.01088747387392,0.019,0.005,1
Sh2d4a,0.104530735118353,-0.58630406191156,0.075,0.071,1
Nufip1,0.104571388007403,-0.579038428974071,0.031,0.04,1
Defb34,0.104593852484516,2.06022986070889,0.025,0.007,1
Sgk2,0.104636203033153,-0.81029190171505,0.025,0.026,1
Akap1,0.104640751237936,0.850021849258893,0.101,0.043,1
2810006K23Rik,0.104891666364152,-0.381936375385159,0.025,0.031,1
Tpm4,0.104910295970101,-0.727248057724699,0.025,0.037,1
Ndufb5,0.104913467512579,1.11080644468527,0.057,0.032,1
Ccdc71l,0.104934428093,-0.75704159843634,0.019,0.033,1
Aurkc,0.104974566007327,1.5516172215088,0.038,0.012,1
Slc25a46,0.105043112866185,0.966204195530839,0.075,0.032,1
Dmap1,0.105112272315633,0.222036383145246,0.006,0.01,1
Gpr149,0.105147045194651,0.682867751983885,0.119,0.067,1
Crym,0.105233668026764,0.801195125122297,0.088,0.045,1
Thbs1,0.105234446285724,-0.894776431326779,0.031,0.037,1
Pwp1,0.105255820716499,0.953085904042921,0.075,0.029,1
Ado,0.105286544521086,-0.407471086962787,0.006,0.015,1
Ppil6,0.105414388306773,0.980788802551809,0.082,0.029,1
BC035947,0.105418803835527,1.64643219215424,0.031,0.01,1
Stx3,0.1054631536125,-0.688275852132255,0.082,0.1,1
Dync1h1,0.105519028628904,-0.152072360479057,0.025,0.026,1
Trim21,0.105522745295686,-0.877091198213331,0.019,0.034,1
Hgh1,0.105522902132529,2.19727327959336,0.019,0.004,1
Olfr320,0.10554224638351,2.70123267999339,0.013,0.002,1
Nipal2,0.105615814522268,-0.570887022332171,0.145,0.134,1
Gm11639,0.10582534315418,0.939689995549916,0.101,0.036,1
Ddias,0.105905379189032,-0.675939354089712,0.057,0.06,1
Gm10217,0.105918062809746,-0.34807598766569,0.006,0.013,1
Fth1,0.105956792810268,-0.282239717307376,0.013,0.02,1
Ppp1r15b,0.105960665786854,-0.192529723210155,0.006,0.013,1
Apopt1,0.106062283578444,-0.818930661861868,0.025,0.037,1
Cacng5,0.106093346154642,1.3476318073746,0.063,0.022,1
Atat1,0.106103856425359,-0.789510481478184,0.013,0.026,1
Casc5,0.106114778642329,0.494042385975047,0.17,0.081,1
Ccne1,0.10614826904973,-0.49505972618095,0.063,0.077,1
Fam185a,0.106154401252664,-0.615233572051997,0.082,0.095,1
Mkln1,0.106318569093028,0.857594895675917,0.113,0.049,1
Uqcrfs1,0.106459613199541,-0.645897585902422,0.013,0.025,1
Deptor,0.106540177687999,-0.457156606531092,0.208,0.203,1
Spdl1,0.106618284746555,-0.459133095257501,0.138,0.156,1
3830408C21Rik,0.106678509115413,1.97420418530695,0.019,0.005,1
Slc26a5,0.106726221895265,-0.851743020189506,0.063,0.079,1
Sbpl,0.106730204494292,1.94113220720203,0.025,0.005,1
Lamc1,0.106751072344562,0.911144385809503,0.119,0.066,1
Pdia4,0.107077243716814,-0.917751383310487,0.025,0.037,1
Pcsk2,0.10710974580904,-0.477998738010878,0.327,0.272,1
Timm10,0.107242981475188,1.26084173173033,0.05,0.017,1
Plekhb1,0.107343917897976,-0.686528346733001,0.013,0.024,1
Tox,0.107364878413635,0.196985957885466,0.535,0.324,1
Ankrd23,0.107375522081334,2.07975420035576,0.013,0.005,1
Dact2,0.107375542799642,-0.585345832164821,0.013,0.024,1
Fxn,0.107565956576445,-0.678264686146119,0.025,0.039,1
Heatr5b,0.107608696428601,-0.549501473714307,0.126,0.124,1
Emilin2,0.107624194494408,0.702403171201407,0.176,0.066,1
Tubal3,0.107742343401464,1.14800035322255,0.057,0.023,1
Cd97,0.10780408768019,-0.359029523250737,0.019,0.026,1
Kdm2a,0.107837659799368,-0.757609989284705,0.038,0.045,1
Ankrd11,0.107877310507999,0.956581864515045,0.069,0.031,1
Magee1,0.107894715333187,1.69331491877378,0.025,0.012,1
Gm16506,0.107932157795904,2.09744372791811,0.019,0.005,1
Chrna3,0.107946295609435,-0.860281504558198,0.013,0.024,1
Cyp7b1,0.107952651114202,0.313188367779605,0.377,0.226,1
Dcx,0.107983332402301,-0.823726985248119,0.038,0.046,1
Tmem63a,0.108048579527645,-0.841738004142519,0.025,0.042,1
Neto2,0.108154091954869,0.781963772200459,0.119,0.049,1
Tceb1,0.108248955809159,0.999502252620513,0.082,0.031,1
Exosc9,0.108290414937566,1.20943702179782,0.069,0.03,1
BC147527,0.108359593647108,2.61131942261799,0.013,0.002,1
Prss52,0.108398612038286,1.33765048337566,0.05,0.015,1
Kif3c,0.108445989088855,-0.370771158182242,0.031,0.042,1
F5,0.108453882212626,0.542820537003105,0.182,0.102,1
Ppp3r1,0.108491300055186,-0.680651281391882,0.031,0.041,1
Clasrp,0.108529489659284,-0.333945409048849,0.013,0.027,1
Csad,0.108561172492445,1.40495645467809,0.05,0.016,1
Cog7,0.108566835016932,-0.677669278957782,0.126,0.102,1
Hrh1,0.108598593539044,0.758673445557315,0.145,0.053,1
Rnf168,0.108702084552563,1.90635469843674,0.05,0.013,1
Orc2,0.108786532277432,0.910693949375027,0.101,0.038,1
Grm1,0.108810036779193,0.13332472271955,0.528,0.374,1
Ccp110,0.108820741893286,-0.612525548825764,0.031,0.037,1
Bambi,0.108881615659098,0.82105463826078,0.119,0.053,1
Phb2,0.10896024243234,1.59391721679656,0.044,0.012,1
Robo1,0.108968790211636,0.180756520291258,0.553,0.398,1
Slc22a16,0.109012408282035,1.12098779778976,0.063,0.023,1
Btbd18,0.109013590054446,-0.52325131108016,0.006,0.016,1
Atf6b,0.109014398415547,-0.469462153443788,0.013,0.026,1
Gm561,0.109035751871859,1.34109393284016,0.038,0.013,1
Kazald1,0.109113648658963,-0.674613947248934,0.006,0.016,1
Jtb,0.109134528632393,1.84916569827782,0.025,0.008,1
Lgr6,0.109185216863501,0.728283516462439,0.17,0.07,1
Trmt13,0.109276858145461,-0.622413830085999,0.044,0.051,1
Pim1,0.109384637552388,-0.52295663046771,0.019,0.032,1
Piwil4,0.109524172840999,-0.542299495700759,0.075,0.084,1
Lmf2,0.109562384161136,-0.551281214822207,0.006,0.015,1
Zrsr2,0.109592508351287,-0.678433915133994,0.013,0.024,1
Cdx4,0.109623561005428,2.35943258817146,0.019,0.004,1
Pdk3,0.109726879472979,-0.513471554009517,0.038,0.058,1
Sgpl1,0.109733056393618,0.964306199315333,0.113,0.049,1
Parp11,0.109752443400532,0.747456597538493,0.101,0.054,1
Npm1,0.109776560661701,-0.762613485380989,0.019,0.034,1
Rhcg,0.10980731914601,1.47392137271238,0.05,0.02,1
Reep1,0.109822099595146,0.68788602295203,0.17,0.087,1
Myo3b,0.109828447155994,0.355665815447652,0.396,0.259,1
Taf7l,0.109853082317965,1.95345305770382,0.025,0.006,1
Gjd3,0.109922255569786,2.62850352137563,0.013,0.002,1
Loh12cr1,0.11005278310645,-0.677533528785588,0.063,0.068,1
Ntf3,0.110072135754582,-0.526148427929884,0.075,0.09,1
Rnf181,0.110124163391076,-0.516181473239715,0.006,0.018,1
Usf1,0.110146211380263,-0.15388792559094,0.006,0.015,1
Psmd3,0.110167724595251,1.12397982458969,0.057,0.02,1
Tmem104,0.110187188625061,0.749214611931631,0.119,0.051,1
Klc3,0.110195620456272,-0.196604121049615,0.013,0.015,1
Fam35a,0.1102325940094,0.833669230848629,0.126,0.059,1
Cacng1,0.110306556243286,2.32280217814643,0.025,0.005,1
Myh1,0.110333943333329,-0.906639563365293,0.006,0.02,1
Stat4,0.110471821116406,-0.570104583647562,0.119,0.135,1
Gabbr1,0.110536269823291,-0.648753493333095,0.031,0.042,1
Ralb,0.110854768891987,1.07476322032887,0.082,0.04,1
Gm29106,0.110861657326418,1.88970408376516,0.025,0.01,1
Acot11,0.110911255329567,-0.292591116940488,0.044,0.056,1
Gnl1,0.110964142261189,-0.148286656873988,0.006,0.013,1
C330007P06Rik,0.1109836028408,0.789047179037304,0.107,0.041,1
Cep63,0.11101305935273,-0.307439887733597,0.063,0.064,1
Tcn2,0.111079337782106,-0.185017234878284,0.013,0.019,1
Vmn1r6,0.111209504336609,2.55407526867427,0.013,0.004,1
Tnni2,0.111257930583878,0.103065443684011,0.006,0.015,1
Ramp1,0.111286337676526,1.22891347979814,0.082,0.029,1
Glb1l2,0.111307101498553,-0.772020395782118,0.038,0.067,1
Pdap1,0.111395229766107,2.16091021843203,0.019,0.008,1
Slc5a11,0.111435915764801,-0.530505376955829,0.05,0.059,1
Atp6v1h,0.111485209855804,0.366599106607247,0.138,0.077,1
Slc25a22,0.111533072712742,-0.693998638468944,0.006,0.015,1
Sptlc2,0.111802945232453,-0.648918469766872,0.082,0.104,1
Pramef12,0.111807537021791,2.22413588786927,0.013,0.006,1
Khnyn,0.111857661552286,-0.777850474479111,0.006,0.021,1
Sbk1,0.111865843725282,-0.425333717906947,0.025,0.03,1
Daglb,0.111916188961528,1.02535615503636,0.094,0.038,1
Nenf,0.111983822307329,-0.647301655014248,0.019,0.028,1
Pacrg,0.112009191915779,-0.369104910239535,0.189,0.198,1
Fam69c,0.112132226637878,-0.658347845372021,0.025,0.038,1
Fat2,0.112197326728156,0.810931240552476,0.119,0.055,1
Zswim5,0.112197626540748,0.917284801172215,0.113,0.049,1
Casp7,0.112270254985302,-0.66691878134303,0.031,0.047,1
Trpv2,0.112395284730998,-0.633944750970136,0.013,0.026,1
Olfr1328,0.11245767413463,3.01291847977886,0.013,0.002,1
Ift172,0.112514713971316,0.841720949143447,0.101,0.046,1
Agap3,0.112534393598941,-0.475522729125259,0.031,0.039,1
Pdhx,0.112651258372877,0.784789570554337,0.132,0.06,1
Crebzf,0.112657862537239,-0.462784417709213,0.006,0.016,1
Bdp1,0.11281936591198,0.740590530046674,0.151,0.07,1
Thumpd1,0.112820057527023,-0.73311356166754,0.019,0.031,1
Actn2,0.112823508643276,-0.515247419288444,0.126,0.128,1
Stk39,0.112883158819436,-0.321475501503662,0.333,0.336,1
Socs2,0.112890357959215,1.26883723465932,0.05,0.023,1
Mfsd12,0.112890835877454,-0.4906141231405,0.006,0.014,1
Il1rl1,0.113025581201371,-0.332160682824711,0.025,0.037,1
G6b,0.113095647677112,2.38001936573891,0.013,0.002,1
Cacna1i,0.113186804103113,0.781941094274324,0.132,0.06,1
Vmn2r113,0.113213094985533,2.09266147710388,0.013,0.004,1
Smdt1,0.113272022822717,-0.857536055010164,0.038,0.049,1
Pqbp1,0.11335755377849,2.07972443447004,0.025,0.008,1
Gna13,0.113402892788166,1.4090301655272,0.069,0.022,1
6330408A02Rik,0.11345501756347,-0.553216703764523,0.057,0.064,1
Lum,0.113552480450311,1.68718421097998,0.031,0.01,1
Olfr443-ps1,0.113563256524824,2.00060534657969,0.019,0.006,1
Cetn3,0.113652114411841,-0.651932491458435,0.082,0.087,1
Hlf,0.113781794063742,1.26752123945661,0.063,0.023,1
Parp16,0.113859025005469,-0.451453403458708,0.038,0.043,1
Myc,0.113885421455573,-0.799625716726564,0.006,0.018,1
Hras,0.113900589354507,-0.804718678544806,0.031,0.042,1
Rad50,0.113921357265996,0.791093655397862,0.132,0.057,1
Nos3,0.113978217469201,1.54480593268431,0.05,0.019,1
Igf2bp3,0.114049179854613,0.485558860530729,0.201,0.104,1
Vmn1r38,0.114055663102702,2.12551815476138,0.019,0.005,1
Cd22,0.114109350425081,-0.617822308334558,0.013,0.018,1
Tpbg,0.114120300661896,-0.588588466798868,0.006,0.015,1
A530064D06Rik,0.114217343804461,1.19399282647826,0.05,0.019,1
Atp8b1,0.114224057901905,-0.525327877324262,0.138,0.148,1
Zmiz2,0.114224712988152,-0.656350182428598,0.025,0.035,1
Nipbl,0.11423684808595,0.713479915273018,0.189,0.091,1
Zfand2a,0.11423813591862,1.23001714019555,0.044,0.018,1
Rps21,0.114245586658132,-0.653268836400458,0.019,0.034,1
Fcgr2b,0.114475252749569,-0.30756674450911,0.019,0.024,1
Wdr26,0.114476124873479,-0.588769222576477,0.006,0.016,1
Art5,0.114492831805236,2.29072041848688,0.019,0.004,1
BC017643,0.114578359199696,-0.0642901739681312,0.006,0.013,1
Slc25a16,0.114600822612713,-0.537487315355018,0.006,0.021,1
Cldn10,0.114608176450173,-0.644308280709779,0.069,0.077,1
Krt1,0.114683559860016,1.81100006627461,0.025,0.01,1
Cdc40,0.114708454079868,-0.605995284296373,0.031,0.053,1
Tbx19,0.114774343815463,0.928102265722382,0.082,0.034,1
Ceacam15,0.114969581608064,1.88739342549587,0.025,0.007,1
Naa60,0.115004050065784,-0.321062894782799,0.038,0.044,1
H2-M1,0.11502094018487,1.66302504783504,0.031,0.007,1
Nek3,0.115045909115478,0.563227381959825,0.164,0.096,1
Syt16,0.115092552300721,0.222005636213826,0.327,0.202,1
2610528J11Rik,0.115103653562229,2.03311634307346,0.019,0.004,1
Casp9,0.115122422070746,-0.722053028968292,0.038,0.051,1
Catsperb,0.115276537373789,0.473781618980916,0.195,0.131,1
Nlrp9a,0.115294631053666,1.20659597890366,0.057,0.023,1
Bud31,0.115295560187643,2.20771761121282,0.019,0.008,1
Mta3,0.115509143022678,-0.729921529101204,0.094,0.092,1
St6galnac4,0.115539239282466,-0.574186645012212,0.013,0.023,1
Fam13a,0.115541984608082,0.449661081934846,0.252,0.165,1
Bbox1,0.115688369023228,-0.548613109018312,0.057,0.084,1
Ppm1a,0.115743887770722,-0.614899801663743,0.044,0.053,1
Osbpl3,0.115774090464102,0.48927291969079,0.258,0.15,1
Zbtb2,0.115830892860722,-0.521412456895845,0.069,0.072,1
A430078G23Rik,0.115836601001798,0.81458825580772,0.094,0.045,1
Abl1,0.115898893435993,-0.619964683125472,0.05,0.057,1
Ankfy1,0.1159255116666,1.013098797709,0.075,0.047,1
Sdc3,0.115966777586683,-0.412146858445018,0.013,0.021,1
Csf1r,0.115980659684057,1.22435057170753,0.05,0.024,1
Gsdma2,0.116026554259466,1.84133754441221,0.025,0.013,1
Orc5,0.116055717456679,0.566987646392842,0.164,0.099,1
Ttbk2,0.116097236021068,-0.610755903897177,0.057,0.066,1
Pth1r,0.116149840937913,-0.683815352626742,0.013,0.028,1
Smg6,0.116216639487172,0.54239831697243,0.201,0.107,1
Atp6v1g2,0.116370289618102,-0.299909176563618,0.006,0.018,1
Hykk,0.116419522590652,-0.456632283888991,0.025,0.032,1
Ednra,0.116424823362071,-0.528757997905834,0.113,0.1,1
Bmyc,0.116472334373102,1.64139653975487,0.025,0.008,1
Med16,0.116490292494356,-0.360174434654314,0.013,0.02,1
Slc22a26,0.116584064143193,1.69750544626958,0.031,0.01,1
Zfp787,0.11660612330058,-0.552325614648892,0.038,0.056,1
Fam221b,0.116647997252639,1.35090806149545,0.057,0.021,1
Rbp4,0.116657650882758,-0.541961490435401,0.006,0.016,1
Snai3,0.116725303617426,2.18536589751338,0.025,0.004,1
Ccdc148,0.116812275040729,-0.319353628958812,0.283,0.292,1
Kcnb2,0.116863904766,-0.427285466620735,0.459,0.44,1
Tmem196,0.116969254385885,0.450306087121767,0.233,0.117,1
Vps53,0.117001477272647,0.618822221908761,0.176,0.104,1
Mmp16,0.117098539851724,0.257736332429348,0.396,0.289,1
Fam222a,0.117171717855187,-0.783953507777039,0.031,0.038,1
Syn3,0.117241401506407,0.474236260361461,0.403,0.267,1
Snrnp25,0.11724174972047,-0.75642953008188,0.013,0.021,1
Nanp,0.117272776237995,0.894607536800456,0.082,0.032,1
Mterf2,0.117298876557937,1.22700166573734,0.044,0.018,1
Ndnf,0.117326920069238,0.664016753911065,0.151,0.065,1
Gm9922,0.117408208391669,-0.490198824211639,0.006,0.018,1
Olfr1153,0.11746818000344,2.72540952497018,0.013,0.002,1
Zfp740,0.117587683655652,-0.511190821058859,0.006,0.016,1
Slc17a4,0.117634427405342,1.41333346212251,0.05,0.024,1
Pax9,0.117643526544642,-0.425394590080781,0.019,0.026,1
Sppl2a,0.117666056117015,0.799137088909349,0.113,0.054,1
Slc23a1,0.117787270724408,2.19965579718315,0.025,0.009,1
Slc9c1,0.117835402508347,0.544583342844678,0.113,0.065,1
Olfr600,0.117921712846349,2.84232567778352,0.013,0.001,1
Snrpa,0.117936682251584,-0.627806705239549,0.025,0.029,1
Olfr749,0.117947419008069,1.92319913732099,0.019,0.007,1
Scamp1,0.117979345755735,0.843239884591889,0.145,0.053,1
Dtymk,0.118200156846306,-0.804025212873313,0.025,0.033,1
Chm,0.118237009258517,0.579362246480309,0.126,0.067,1
Ppia,0.118245306559694,-0.476018570184717,0.006,0.026,1
Etnk2,0.118259390038309,1.1346247937544,0.063,0.021,1
Uxs1,0.118332709318406,0.417783707885461,0.264,0.147,1
Gm5225,0.118348262835547,2.56144868579152,0.013,0.002,1
Cbll1,0.118351624370442,0.844348167734403,0.082,0.036,1
Thada,0.118381074584085,0.396928109905795,0.327,0.2,1
Olfr1420,0.118417427523373,2.90981940860191,0.013,0.002,1
Mcfd2,0.118457899398858,1.31330905135109,0.038,0.013,1
Tfap4,0.118467900586347,-0.46603445503925,0.006,0.023,1
Mprip,0.118472767538596,0.949073571926471,0.145,0.052,1
Kank3,0.118645571494118,-0.721437508644959,0.025,0.035,1
P2ry14,0.118670391482133,0.853907665513745,0.101,0.061,1
Obscn,0.118695023552262,-0.517950456050086,0.138,0.154,1
Wdpcp,0.118752633294218,0.319802101053579,0.415,0.245,1
Laptm4a,0.118771986361791,-0.523110247450918,0.025,0.032,1
Hspe1,0.118776023955063,-0.78804556178416,0.019,0.028,1
Txndc2,0.118906339222418,2.98042457636962,0.013,0.004,1
Ttc39d,0.11897006598981,1.1213163706404,0.057,0.02,1
Zfp719,0.118992605681616,1.04457579585459,0.057,0.023,1
Golga7b,0.118998231640032,-0.510935567941472,0.006,0.017,1
Rspo3,0.119049089791407,-0.603340501691881,0.145,0.144,1
Spata21,0.119049846201996,-0.363677748136312,0.006,0.014,1
Amotl2,0.119076576156339,-0.693316726109229,0.006,0.019,1
Ttc38,0.119122302611434,1.18988120359067,0.057,0.022,1
Tmem158,0.11925715679433,-0.196900069847445,0.006,0.016,1
Xxylt1,0.119342282345892,0.394300361511406,0.201,0.107,1
Nmrk1,0.119393668454565,-0.665317592040088,0.057,0.063,1
Gm12166,0.119434218016574,2.6603838910751,0.019,0.002,1
Dctn6,0.119444546058246,0.7281966478641,0.107,0.045,1
Serpina3i,0.119496117753678,-0.552025019713038,0.006,0.018,1
Fam193a,0.119530359853265,-0.43447052320722,0.031,0.048,1
Zbtb7c,0.11956816887414,0.509871566158007,0.346,0.193,1
BC061194,0.119738806509484,0.782452967351171,0.088,0.038,1
Lipk,0.119738928868648,0.844183480823195,0.094,0.037,1
Fancm,0.119816624926454,0.518802464731395,0.214,0.109,1
Pcdh7,0.119947625333126,0.268227605100877,0.403,0.237,1
Pigl,0.120060390060208,0.777635368463552,0.088,0.042,1
Foxn4,0.120076586603034,1.91482879699705,0.025,0.01,1
Npy5r,0.120140042732745,-0.75901079837411,0.013,0.024,1
Pde4dip,0.120150599515506,-0.447978214941789,0.157,0.158,1
Ipo7,0.120169089946875,1.4393451092803,0.05,0.02,1
1700066B19Rik,0.120224101146268,0.969088487045336,0.075,0.03,1
Olfr1261,0.120323415967775,2.288326430084,0.019,0.005,1
Avil,0.120380409797891,1.3424046564454,0.044,0.015,1
Gm17190,0.120470846943457,2.36443124777511,0.019,0.003,1
Il5ra,0.120495396494533,0.730647904096982,0.113,0.059,1
Tgm5,0.120513296304826,1.25110916941829,0.069,0.03,1
Il12a,0.120612816369484,1.90779506443144,0.031,0.01,1
Fam19a2,0.120644247814103,0.147571024756615,0.579,0.435,1
Vstm5,0.120856350459183,0.877215360875661,0.082,0.034,1
Sppl3,0.120924721657882,-0.697657693229456,0.025,0.035,1
Zfp407,0.120958365448054,-0.380403041490739,0.497,0.46,1
Orai2,0.12106167238677,1.42279168208043,0.05,0.018,1
Ccdc122,0.121208714596062,0.60937343113531,0.113,0.051,1
Psmc2,0.121281182443647,-0.230740445851361,0.019,0.026,1
Nxpe2,0.12131031024619,1.08084882111012,0.088,0.033,1
Tmc2,0.121550638232427,0.832812521943914,0.107,0.054,1
AI413582,0.121571012348336,1.96085218030513,0.019,0.007,1
Thap4,0.121634425470899,0.703668119077784,0.126,0.051,1
Fam134b,0.12163968972627,-0.372754162453455,0.101,0.1,1
Slc44a5,0.121684021161545,-0.378717857648827,0.371,0.36,1
Xndc1,0.121741995066548,1.19797778249985,0.063,0.018,1
Unc119,0.121838909969256,1.64940197930328,0.031,0.009,1
Pcnx,0.121855378619654,0.421740521056511,0.195,0.096,1
Scai,0.121917826724152,0.324276743376286,0.283,0.173,1
Vars2,0.121966745218858,-0.6658505767033,0.013,0.024,1
Tbx21,0.1220343880758,-0.579392783217231,0.006,0.016,1
Naip1,0.122147995278355,0.83894828197735,0.082,0.045,1
Olfr827,0.122198369574214,1.97947491212355,0.025,0.005,1
Naf1,0.122359489811981,0.458346473665222,0.145,0.071,1
Mlph,0.122609200216997,-0.541413916887284,0.019,0.032,1
Olfr1008,0.122642610111799,2.80965600071602,0.013,0.001,1
Polr2a,0.122690090985489,-0.698584387972129,0.025,0.035,1
Olfr487,0.122714246854213,2.23452280396346,0.019,0.004,1
Scrib,0.122893354753775,-0.43996755501401,0.019,0.026,1
4930474N05Rik,0.123008133515363,-0.219406947782497,0.006,0.012,1
1700001L19Rik,0.1230576484801,0.962803934029841,0.088,0.042,1
Svopl,0.123101660601797,0.471842708433985,0.157,0.081,1
Glyat,0.12312290815385,-0.490332363213076,0.025,0.031,1
Kidins220,0.12319185229225,0.68134140271351,0.151,0.062,1
Arg1,0.123244685674958,1.04407933677501,0.057,0.023,1
Abhd17a,0.123277223654879,-0.675697569689319,0.006,0.02,1
Ssrp1,0.123288443827787,1.11059367312895,0.057,0.026,1
Slco4c1,0.123334737752416,-0.672476144808562,0.094,0.1,1
Morn2,0.123406214393306,0.926467295884829,0.082,0.028,1
Gabrd,0.123443356536318,-0.17253251522405,0.006,0.012,1
Dlc1,0.123475605254373,0.285301684275295,0.434,0.296,1
Psma2,0.123491705875229,-0.522115625193124,0.044,0.045,1
Derl1,0.123498074000135,-0.3208318720627,0.038,0.038,1
Tcta,0.123575246081513,-0.36631221209179,0.019,0.03,1
Fam71e1,0.123799617855043,0.0913213292520307,0.006,0.012,1
Nbas,0.123811416431876,-0.310394497848717,0.365,0.348,1
Pgpep1,0.123817210062076,-0.0172836784677894,0.006,0.016,1
Igsf5,0.123886587352718,0.3040767324632,0.226,0.126,1
Mbd4,0.123909477367483,-0.47614520168191,0.025,0.033,1
Mcu,0.123944573092715,0.63484347568828,0.182,0.095,1
Usp34,0.12395407513631,0.599991130005314,0.195,0.11,1
Ercc6l2,0.124003505173671,0.766128459027329,0.138,0.051,1
1700007G11Rik,0.124031309465453,-0.427759433612368,0.516,0.441,1
Zbtb9,0.124136422386545,1.53858918408725,0.038,0.012,1
Adra2a,0.124148627753614,0.058159229432289,0.006,0.012,1
Zdhhc19,0.124150935200727,0.880509201053906,0.138,0.073,1
Gm3248,0.124252913974252,-0.841285254359181,0.013,0.026,1
Bcl11a,0.12427701857878,0.385778692248413,0.201,0.112,1
Pacsin2,0.124338410293011,-0.662614764496817,0.075,0.093,1
Adarb1,0.124355516891357,0.402919748077326,0.283,0.167,1
Mbd2,0.124381298863785,-0.499994328738213,0.082,0.092,1
Gm4788,0.124421280105193,-0.747651700829966,0.038,0.051,1
Lpl,0.124526843399055,0.948231474425174,0.057,0.031,1
Col11a1,0.124590211769017,-0.494213322414951,0.258,0.253,1
Erlec1,0.1245924606928,-0.601075544609492,0.031,0.04,1
Mrps9,0.124723502556066,0.69568168258712,0.195,0.106,1
Pet100,0.12473433510207,-0.493046437995543,0.031,0.048,1
Zfp871,0.124795660814864,1.37700273225488,0.038,0.015,1
Lce1m,0.12486376626568,2.44490330374801,0.013,0.004,1
Pip,0.124867203023034,2.12235831273938,0.025,0.007,1
Gm28285,0.124905924080384,-0.689127668031743,0.019,0.032,1
Blmh,0.124991983441751,0.898799325202462,0.107,0.055,1
Olfr726,0.125011166730415,3.12633876476225,0.013,0.001,1
Fam135a,0.125042084743561,0.411284035037598,0.252,0.115,1
Poc1b,0.125072819644416,0.370221288679955,0.277,0.167,1
Cdpf1,0.125101257520833,-0.533919908053906,0.013,0.02,1
Nhlrc3,0.125107368406101,0.858361295532068,0.082,0.029,1
Casp4,0.12514996973238,-0.827163286611481,0.031,0.039,1
Hjurp,0.125150116054511,-0.509283103968838,0.352,0.316,1
Secisbp2l,0.125155702560631,-0.884541358890835,0.025,0.037,1
Rps7,0.125227330765635,-0.523831540909938,0.006,0.016,1
Kcnk3,0.125248233774392,-0.75132128776912,0.025,0.035,1
Arrdc3,0.125384760279253,-0.508328251024971,0.038,0.049,1
Muc1,0.125445768702783,-0.591345272659547,0.013,0.018,1
Pirb,0.125459984130286,2.19857101965192,0.025,0.005,1
Crhr2,0.125471314889654,-0.474857397782291,0.025,0.034,1
Cd46,0.125478346570649,0.847859045086259,0.088,0.031,1
Tubgcp5,0.125528621167115,0.709479139210921,0.126,0.056,1
Opn5,0.125577867080562,-0.635170197726757,0.119,0.126,1
Csn1s2b,0.125667938011902,-0.699504231286783,0.013,0.024,1
Zfyve21,0.125707237519833,-0.559919364404812,0.019,0.038,1
4930596D02Rik,0.125710609099326,1.87872697861401,0.019,0.008,1
Shank2,0.125779819466879,0.346053717084574,0.371,0.224,1
Pou3f2,0.125781656991535,1.55795902286915,0.044,0.018,1
Piwil1,0.125794738050767,-0.442571087763451,0.013,0.018,1
Slc35f1,0.125856805332026,-0.450540691567922,0.396,0.362,1
Plscr1,0.125927315050684,-0.745090286560628,0.038,0.045,1
Dcaf15,0.125945403220664,-0.367829465116072,0.025,0.033,1
Sgsh,0.125961214372191,-0.648311382878307,0.013,0.028,1
2010109I03Rik,0.125971275216885,-0.779441855227376,0.019,0.031,1
Gm28269,0.125977892562525,2.65124297546277,0.013,0.002,1
5730559C18Rik,0.126021036385958,1.40539441585481,0.038,0.012,1
Stam,0.126037976348983,-0.726892071038226,0.063,0.068,1
Sh3bp5,0.126081721682593,-0.737163925540582,0.057,0.077,1
Fuk,0.126086005766791,-0.00381385090798148,0.006,0.013,1
Commd3,0.126167605827769,-0.513648698661128,0.006,0.017,1
Hpn,0.126222618467727,-0.582673315698197,0.013,0.023,1
Calm4,0.126359818646726,2.28502665827705,0.019,0.003,1
Lmo7,0.126374940145734,-0.334023148841357,0.289,0.284,1
Hnrnpdl,0.126681515540588,-0.640485519664241,0.013,0.02,1
Mamstr,0.126824725874074,1.25649682686386,0.044,0.02,1
Thnsl1,0.126864329506705,-0.612349879683086,0.038,0.043,1
Mettl2,0.127022190848149,1.08880633531942,0.05,0.02,1
Mast3,0.127149186997252,-0.49415034017533,0.006,0.026,1
Malt1,0.127190838407952,0.742839729905407,0.132,0.062,1
Chek1,0.127230424642895,0.839294050495873,0.088,0.038,1
Muc20,0.127254873104385,1.50708080490497,0.038,0.013,1
Slx1b,0.127353978772704,-0.427765091230858,0.025,0.029,1
Pld4,0.127366069351376,1.87561722316057,0.025,0.006,1
Cd2ap,0.127414107547983,0.487338222840993,0.182,0.1,1
Cadps,0.127465402752272,0.140215144504642,0.585,0.426,1
Mb,0.12748804896048,0.983216469036616,0.075,0.031,1
Ubxn2a,0.127493474772005,-0.730325579957939,0.006,0.026,1
Fbxl20,0.127498262524131,0.883694745684658,0.069,0.03,1
Erp27,0.127547257222869,-0.391234716983132,0.025,0.035,1
Otud3,0.127587170456414,0.962770879843038,0.088,0.035,1
Rpp21,0.127606950076581,-0.643524425327307,0.006,0.016,1
Lrrc47,0.127660940728627,-0.406497351238219,0.006,0.016,1
Adcy9,0.127671625233665,-0.443907277771425,0.113,0.101,1
Scamp5,0.127676933808948,-0.864929575784859,0.013,0.025,1
Gsdma,0.127714225888543,-0.44687127804592,0.006,0.02,1
Slc25a48,0.127739767718775,0.901163743610224,0.088,0.036,1
Il2,0.127837165604077,1.94133814276769,0.019,0.005,1
Fam160b2,0.127948734341023,1.24413072745271,0.057,0.019,1
Cdc27,0.127951336970528,0.975992807549955,0.082,0.039,1
Pcsk4,0.127961810882918,-0.322586476038446,0.031,0.042,1
Slc38a11,0.128052465221277,0.479089957028733,0.151,0.082,1
Olfr1392,0.128085855288974,2.03625017389109,0.025,0.005,1
Fgfbp3,0.128092205679285,-0.671759603242236,0.013,0.022,1
Ivd,0.128135063215036,1.50568606012943,0.063,0.018,1
Cnrip1,0.128137103618129,0.995117090618539,0.082,0.042,1
Ifnlr1,0.128143681747402,1.56841294571595,0.038,0.014,1
Cdc42bpa,0.128157991282696,-0.568380382122408,0.082,0.083,1
Lrrc46,0.128172016912471,1.50721898664429,0.038,0.01,1
Sec1,0.128228889072745,1.35440868405492,0.057,0.034,1
Rhbdd3,0.128279690605417,-0.562637367684765,0.013,0.024,1
B4galnt3,0.128401814796999,0.635264655005658,0.113,0.054,1
Clk3,0.128410607861384,-0.381520132664256,0.006,0.016,1
Fam92b,0.128421962301593,-0.375717163504819,0.013,0.021,1
Dnah7c,0.128461352812077,-0.434272082745987,0.264,0.259,1
Tas1r2,0.128570090182158,1.4534756818421,0.05,0.015,1
Ppp1r13l,0.128599044621932,-0.621991244387771,0.013,0.029,1
Bbs10,0.128639465108936,0.782855315198272,0.075,0.035,1
Ren1,0.128709116710156,-0.258963468990332,0.013,0.015,1
Sap30bp,0.128725241048037,-0.262656513173645,0.025,0.032,1
Rbbp8,0.128834029925586,0.46838818853991,0.239,0.153,1
Rere,0.128885278985309,-0.548947834756435,0.094,0.1,1
Hectd2,0.128951347660768,-0.382557305421116,0.057,0.073,1
Ttyh2,0.129071381934781,-0.531584658266913,0.019,0.031,1
Cubn,0.129090665066733,-0.340491331574731,0.384,0.305,1
Sec11c,0.12910625788196,-0.569440921266844,0.063,0.068,1
Med13l,0.129252820737646,0.74847089823036,0.138,0.07,1
Dgkh,0.129378261215658,0.519288627636608,0.245,0.161,1
Mgam,0.129387937259078,-0.5413912810402,0.176,0.195,1
Gzmk,0.129449670119117,0.653418266121367,0.113,0.056,1
Jdp2,0.129519999110332,-0.289234332863241,0.019,0.022,1
Scaper,0.129520368237831,0.366924146808179,0.327,0.195,1
Ttk,0.129539225444905,0.514282375038292,0.182,0.092,1
Arid2,0.129622487251548,0.832190356302296,0.113,0.061,1
Parva,0.129666793833542,0.643830197903752,0.17,0.084,1
Gdi1,0.12972748035174,2.61893091271133,0.019,0.003,1
Rlim,0.129795783656889,-0.478882443907662,0.006,0.015,1
Als2cr11,0.129845559045371,0.994172065484639,0.075,0.042,1
Gm21798,0.129923918089169,0.562150965052284,0.201,0.11,1
Nsg1,0.12994985905187,-0.684971160233441,0.025,0.041,1
Ephb3,0.129959192063627,-0.733850728757137,0.038,0.043,1
Spty2d1,0.129960071215194,-0.703116924880402,0.019,0.026,1
H2-M2,0.130000326518745,2.24772864675446,0.025,0.004,1
Wfdc8,0.130046264139705,1.63639461305474,0.031,0.014,1
4932438A13Rik,0.13011812034002,0.319564706631002,0.27,0.184,1
Glrx2,0.130198042344233,0.66793513399904,0.113,0.047,1
Olfr1416,0.130223667728499,2.39131856007626,0.019,0.004,1
Zfp473,0.130355364471765,-0.771613235233811,0.031,0.038,1
Kcnn3,0.130356549341087,0.639037577901605,0.157,0.073,1
Ccdc3,0.130416626601332,0.636669642136612,0.138,0.078,1
Rap2a,0.130421707850468,-0.541653398511224,0.063,0.077,1
Rsg1,0.130576739710463,1.56183231465986,0.044,0.016,1
Sntb1,0.130633086696048,-0.502896858637504,0.327,0.291,1
Znhit3,0.130727284688229,1.50112090403045,0.031,0.009,1
Plagl1,0.130780789361732,0.491915355676964,0.17,0.098,1
Txndc8,0.130832030100735,-0.659254862309032,0.013,0.023,1
Spns2,0.13091707359118,-0.479626091658941,0.013,0.037,1
Fuom,0.13100837393943,1.71302131094291,0.031,0.011,1
Olfr888,0.131090151637846,2.41953469883261,0.013,0.003,1
Prmt1,0.131239658554128,-0.57021325251572,0.025,0.041,1
Wdr37,0.131316083937671,0.520920800729265,0.151,0.084,1
Gbas,0.131340162793168,1.01528280062694,0.075,0.04,1
9530077C05Rik,0.131349003499112,-0.807618817174796,0.019,0.043,1
Nxnl2,0.131541009499875,2.55093272360702,0.019,0.002,1
Vgll4,0.131705079057286,-0.562800591857893,0.044,0.053,1
Cpne4,0.13170678303992,0.136916479660993,0.535,0.354,1
Sdha,0.131781288583608,1.07985332550239,0.057,0.028,1
Gzmd,0.131881744989899,1.95060524825055,0.019,0.006,1
Pcnp,0.131939203396537,-0.617647543521947,0.025,0.034,1
Myo1g,0.132053099941451,-0.248068069113806,0.013,0.017,1
Ankrd46,0.132120238576598,-0.685621328054262,0.019,0.028,1
1110008L16Rik,0.132140799296923,0.630803828641724,0.164,0.073,1
Rpl29,0.132268739530159,0.0710102384956599,0.006,0.012,1
Nomo1,0.132301657614426,0.663676929363061,0.126,0.084,1
Usp40,0.132320070650312,0.727865419250912,0.113,0.053,1
Golt1b,0.132447879973611,0.822424312648372,0.094,0.043,1
Ythdf3,0.132466116239459,-0.573742492303071,0.063,0.065,1
Lgals3bp,0.132562516800534,-0.853385988626253,0.006,0.022,1
Gm28047,0.132574269488967,0.892404961839077,0.107,0.053,1
Acot9,0.132671221251271,0.911548491584029,0.075,0.037,1
Rsrc2,0.132701309624689,-0.0388640684760464,0.006,0.015,1
Necap2,0.132714018244967,-0.33480395312681,0.019,0.025,1
Rps3a1,0.13275457468943,-0.754331108517855,0.019,0.031,1
Coq3,0.132894172356505,-0.582948489939511,0.031,0.048,1
Osm,0.132919164540548,1.6465414435868,0.025,0.007,1
Ampd1,0.133030329804068,1.51326830767147,0.038,0.017,1
Exosc10,0.133053451806515,1.1533321529744,0.057,0.026,1
7420461P10Rik,0.133088316377253,-0.107771888862553,0.006,0.012,1
Oas1g,0.133090985969005,-0.0715905850747483,0.006,0.011,1
DNAJC19,0.133117901285712,1.83547774897956,0.031,0.012,1
Ap1m2,0.133138301810196,-0.518388765123244,0.013,0.023,1
Gm20726,0.133176194671254,2.76694150863407,0.013,0.003,1
Grtp1,0.133199875208415,-0.350833240208777,0.013,0.023,1
Tmco5,0.133205422289164,0.0197921199764588,0.006,0.013,1
Rasa4,0.13328113065993,0.832454813537153,0.088,0.04,1
Usp28,0.133287216249445,-0.38311546561811,0.107,0.09,1
L3mbtl1,0.133312555045122,-0.413400078453838,0.025,0.029,1
Gm4847,0.133320815120698,1.00395333794335,0.057,0.025,1
Lap3,0.133342885999758,-0.549191750330817,0.031,0.045,1
Ercc3,0.133347806212998,-0.932684799863199,0.031,0.046,1
Ptdss1,0.133374205480535,0.625396367098716,0.17,0.09,1
Gm13128,0.133471870904316,2.72794558425795,0.013,0.002,1
Gm28042,0.13351613925772,-0.600339179530534,0.019,0.034,1
Eml5,0.133594662318555,0.548241086987221,0.189,0.101,1
Sra1,0.133636617155563,1.55243638456165,0.044,0.015,1
Olfr1242,0.133664596679519,1.72265600169495,0.025,0.007,1
Il6st,0.133704874362904,0.907920702057383,0.119,0.057,1
Ppp6r1,0.133767457132035,1.16130850790918,0.05,0.022,1
Cryba2,0.133871870476329,2.49180718111578,0.013,0.004,1
Agpat2,0.133932855415597,-0.571157259713097,0.006,0.018,1
Lrrc28,0.133945919611349,-0.552054841581277,0.138,0.131,1
Gatsl3,0.134001000655617,1.98659109383776,0.025,0.007,1
Nup210,0.134085058421606,-0.574172172466356,0.151,0.147,1
A530016L24Rik,0.134158880841641,-0.725428081858522,0.006,0.019,1
Trim39,0.134169038364,-0.850269083730632,0.013,0.023,1
Aldh2,0.13417798393078,1.04316893827323,0.057,0.021,1
Tmem168,0.134212995647766,-0.572196425753594,0.044,0.05,1
Klf4,0.134310534108621,-0.498907495110628,0.019,0.031,1
Fam53b,0.134311004469064,-0.288777516409366,0.031,0.043,1
Mtss1l,0.134339262781402,1.72441852553932,0.044,0.012,1
Cyp4f13,0.134346122235407,0.762710535599418,0.088,0.041,1
Gm29427,0.134518919820251,0.558767919868612,0.164,0.076,1
Dcaf11,0.134543839300029,1.13011172424957,0.063,0.035,1
Ralgps1,0.134552377189029,-0.552316429328424,0.138,0.139,1
Aen,0.134575259892878,-0.594616725388611,0.025,0.043,1
Sars2,0.134580187473906,-0.63058089214596,0.025,0.032,1
Cd8b1,0.134688014908014,-0.946375307884299,0.013,0.023,1
Olfr508,0.134715317694828,2.75442091726161,0.013,0.002,1
Ubxn6,0.134830223850943,-0.506572234840564,0.019,0.024,1
Abhd14a,0.134933297926679,-0.804326530385228,0.006,0.017,1
Olfr365,0.134947573724027,3.00083505552044,0.013,0.002,1
Nkiras2,0.134996430433654,-0.284116471842964,0.006,0.017,1
Cct6a,0.134999289352083,-0.253387116482799,0.006,0.013,1
Lilra6,0.135006823320528,1.69784158484645,0.031,0.007,1
Cdan1,0.135032563461411,-0.620108179176381,0.069,0.078,1
Samd3,0.135077102201798,0.631222583353487,0.126,0.063,1
Ces1c,0.135101950063901,1.02855340225429,0.05,0.026,1
Rbm45,0.13513024046307,-0.638214597437695,0.025,0.043,1
Ttll11,0.13522032935802,0.315344202761098,0.321,0.168,1
Zmym6,0.135485156751388,0.609452762125206,0.101,0.044,1
Acer2,0.13548725054146,-0.570687181763938,0.101,0.104,1
Dppa2,0.13548913235193,-0.453651021469566,0.006,0.016,1
Lrrtm1,0.13549607099701,1.26804654677974,0.075,0.023,1
Utp11l,0.135504839780309,-0.360918376336145,0.006,0.018,1
Phgdh,0.1355071652716,0.742608285034064,0.088,0.038,1
Cenpa,0.135536034814406,1.19338571925522,0.057,0.016,1
Serf1,0.135724306206502,1.10827142174024,0.05,0.02,1
Tnfrsf13b,0.135743621195275,1.40975495049325,0.038,0.015,1
Dsg1c,0.135770832159255,-0.724110666798316,0.044,0.057,1
Cd40,0.135821855803841,-0.305006831186062,0.006,0.014,1
Aass,0.135846052724477,0.528566384369137,0.101,0.051,1
Arrdc5,0.135954185255267,2.60216814459013,0.013,0.002,1
Slc26a8,0.135955586748472,0.778806537201779,0.126,0.059,1
Fcna,0.135962575886583,2.05728932007804,0.019,0.004,1
Adamts9,0.13596747132963,0.451105798555031,0.208,0.111,1
Apoc4,0.136051468263477,3.09705527488546,0.013,0.002,1
Mro,0.136086107253377,-0.48564444113847,0.031,0.041,1
Cep95,0.136118180652544,-0.721893518318233,0.019,0.033,1
Lmo3,0.13613927729052,-0.383208174599765,0.321,0.303,1
Arhgap12,0.13621729519015,0.595176984683621,0.17,0.089,1
Pou3f1,0.136227772975829,2.39499427601864,0.019,0.005,1
Pdss2,0.136228715379531,0.485944321895394,0.289,0.172,1
B230359F08Rik,0.136272802253409,1.93871291418003,0.019,0.005,1
Fkbp3,0.136291736421958,0.980393398544559,0.082,0.037,1
Alox5ap,0.136354301323241,-0.328582297605271,0.013,0.015,1
Tmbim7,0.136423915624605,-0.773383710177551,0.025,0.036,1
Clec4n,0.136443234452334,-0.49995204752783,0.006,0.014,1
Zbtb14,0.136476641174366,-0.723180727139912,0.044,0.05,1
Trappc3,0.136586811076848,-0.745099052239818,0.006,0.018,1
Pyroxd2,0.136594292232828,-0.746693936595078,0.038,0.04,1
Ceacam19,0.136618546810767,-0.21058906935666,0.019,0.019,1
Frs3,0.136715327341073,-0.704499483915721,0.044,0.048,1
Zfp324,0.13672495210546,-0.253301713192051,0.006,0.013,1
Eif4ebp2,0.136784319662499,1.52953106349237,0.038,0.017,1
Pih1d3,0.136880568637762,2.24189621435558,0.019,0.002,1
Vmn2r26,0.136973676831813,-0.652260789728295,0.019,0.035,1
Gbp2,0.137010259710256,-0.806056718439261,0.019,0.035,1
Skint11,0.137071852123752,-0.392261593102839,0.025,0.029,1
Slc35a2,0.137098189218987,1.81695306086524,0.025,0.008,1
Serpinb3b,0.13715319323222,0.533155974483937,0.126,0.089,1
Uprt,0.137174373873969,1.15740764180675,0.057,0.03,1
Fech,0.137212038326972,0.717461409913421,0.113,0.06,1
Nsmce4a,0.137289641040632,1.00503029200568,0.082,0.037,1
Phc3,0.137383879996849,-0.671203477697471,0.069,0.079,1
Ybx2,0.137391043180988,1.37708648558607,0.038,0.013,1
Irak3,0.137404648837439,0.535795574539252,0.119,0.063,1
Csf2ra,0.137551402535827,1.37619312781685,0.057,0.016,1
Lypd8,0.137648988026764,1.65023308288957,0.019,0.007,1
Palm3,0.13766377522226,0.173735328064885,0.006,0.012,1
Cldn18,0.137670180434963,0.940508053031736,0.063,0.024,1
Snx7,0.13770097458077,0.339481824356428,0.302,0.179,1
Tnpo3,0.137795387596612,0.7069578911905,0.132,0.065,1
Slc22a5,0.137875988459502,0.742887940446529,0.113,0.051,1
Arid3b,0.137987968299096,-0.684645785229623,0.025,0.04,1
Hdgfrp3,0.138092160349109,-0.595027830494781,0.044,0.062,1
Slc7a6,0.138156555697868,1.15859436355508,0.063,0.027,1
Cdv3,0.138354984570292,-0.712635929463566,0.025,0.035,1
Aldob,0.138367747532812,1.44027766004662,0.05,0.021,1
Gm9573,0.138373083354811,2.02476176518714,0.019,0.007,1
Sfrp4,0.13838156240662,-0.452835214251222,0.013,0.027,1
Mif,0.13839556926945,1.5961697601309,0.038,0.013,1
Fam221a,0.138416238365396,1.08351894144025,0.063,0.026,1
Prss27,0.138429826323243,1.75387314478144,0.025,0.01,1
St14,0.138484735492772,0.890787727485328,0.082,0.032,1
Dse,0.138536467284314,0.470752876778503,0.182,0.1,1
Pmp22,0.13856368471084,-0.592124689004676,0.031,0.04,1
Rhbdl2,0.138597429228164,0.944235029213037,0.075,0.034,1
Drg1,0.138659714679007,-0.406222276104553,0.195,0.188,1
Pbdc1,0.138821025734873,0.868113720426643,0.069,0.034,1
Ptcd1,0.138859837797223,1.28969339141816,0.044,0.02,1
Ppil3,0.138886744134834,-0.510389526771617,0.019,0.027,1
Nms,0.138956844942457,1.69849698376051,0.031,0.008,1
Fpr-rs6,0.139068178385597,2.2673463011927,0.019,0.003,1
Ppp1r3c,0.139108573018853,1.60778785460209,0.031,0.007,1
Stkld1,0.139180275284978,0.885663451755952,0.082,0.041,1
Gapt,0.13919700406334,1.72868903022674,0.031,0.007,1
Gltp,0.139203476385231,-0.431053616438092,0.025,0.033,1
Fbxo5,0.139212758532377,-0.646525152066129,0.05,0.065,1
Gm10010,0.139275074694154,1.05026418389705,0.082,0.042,1
Huwe1,0.1393041276987,1.20295679128079,0.038,0.015,1
Ndufa4,0.139311758326508,1.00856812179625,0.063,0.029,1
Ndufaf5,0.139336945469763,0.482572124770724,0.176,0.1,1
Wdr12,0.139447842121435,-0.772413330630759,0.031,0.043,1
Mib1,0.139530737380852,0.488508377627281,0.17,0.087,1
Tnfsf12Tnfsf13,0.139539156384877,-0.592835061960859,0.006,0.026,1
Pax3,0.139545733837272,-0.308912233822549,0.044,0.051,1
Ubash3a,0.139553462120971,1.31871946896415,0.057,0.02,1
Pter,0.139701467920622,-0.435778771065426,0.113,0.1,1
Tef,0.139702931490963,-0.618993855353658,0.031,0.046,1
Slc44a2,0.139730469003219,1.90407060374434,0.019,0.009,1
Trib2,0.139730839381423,1.30975576802451,0.044,0.023,1
Cept1,0.139851369856854,-0.707416556502728,0.05,0.069,1
Xrn1,0.139909724253562,-0.56309522435134,0.132,0.123,1
Tada2b,0.139917300571713,-0.565468317238351,0.025,0.035,1
Gm8257,0.13992231805302,1.3603926753358,0.044,0.026,1
Ppp1r3f,0.139949768285468,1.04199562151816,0.075,0.026,1
4932411E22Rik,0.140046689669638,1.56377808390297,0.044,0.016,1
Atp2c1,0.140073930399061,-0.487135469563468,0.126,0.114,1
3110001I22Rik,0.14019873154984,-0.234831352227861,0.006,0.016,1
Olfr385,0.14028011534482,2.17914286202383,0.013,0.003,1
Pin1,0.140284744497554,-0.455994913751884,0.025,0.031,1
Thoc6,0.140347337968521,-1.0344829870879,0.013,0.023,1
Tgif1,0.140554700624715,-0.16759840934504,0.006,0.012,1
Fcgrt,0.140623816483105,-0.477517946734351,0.006,0.013,1
Haus8,0.140729648651595,0.708633915086681,0.094,0.058,1
Rars2,0.140751364660004,0.587506703980791,0.145,0.07,1
Gpr85,0.140823101851605,1.07783168094055,0.063,0.02,1
Rab3gap2,0.14092138822547,-0.499671897148611,0.088,0.078,1
Myadm,0.140926363476192,-0.555247138943023,0.013,0.018,1
Col23a1,0.140995434931938,0.268026992042766,0.333,0.213,1
Daxx,0.14108485418292,0.0836833630777827,0.019,0.018,1
Ugt2b34,0.14110516320792,-0.493934815044022,0.025,0.029,1
Bok,0.141225756117148,0.338648158750074,0.006,0.012,1
Smurf1,0.141293584652128,-0.461338516156624,0.05,0.054,1
Usb1,0.141300861279794,-0.331998528612897,0.019,0.037,1
Lats1,0.141361235785276,-0.357383830667891,0.019,0.025,1
Angptl2,0.141400990438419,-0.356330822734473,0.019,0.029,1
Zer1,0.141417129686194,-0.193507572009747,0.019,0.026,1
Aifm2,0.141463648175332,0.876588329422385,0.069,0.031,1
Ifrd2,0.141484906712537,-0.40703726231667,0.013,0.021,1
Fam20a,0.141567330267754,1.14191963440297,0.069,0.024,1
Rabepk,0.141700028175812,0.870112781974672,0.057,0.021,1
Sept12,0.141770236852486,0.0128114252344487,0.006,0.011,1
Dydc2,0.141811149329428,1.10070998969525,0.05,0.018,1
Olfr135,0.141947908285749,2.67471257157793,0.013,0.002,1
Nup50,0.142077765092407,1.42456550157867,0.025,0.011,1
Nedd9,0.142143772000068,0.621534435225101,0.201,0.107,1
4930452B06Rik,0.142156643705085,-0.51399668086566,0.327,0.296,1
Jag1,0.142183994135185,0.566941377718432,0.126,0.06,1
Bmp6,0.142344261536007,0.277324503923367,0.283,0.153,1
Eya2,0.142359225828056,0.706896207839769,0.182,0.084,1
Relb,0.142362426013971,-0.614540126610864,0.063,0.057,1
Tnfrsf10b,0.142502539580616,1.7334121113155,0.031,0.013,1
Cela2a,0.142538491582682,2.07253911174383,0.025,0.005,1
Cdk5rap2,0.142582969823323,0.277766539084289,0.39,0.275,1
Slc38a9,0.142615236986827,0.444977888459054,0.176,0.1,1
Fez2,0.142626646634972,0.623032443692083,0.113,0.049,1
Tcl1b5,0.142676083752443,1.58520487105827,0.019,0.007,1
AA987161,0.142870615212705,0.211336866688308,0.006,0.01,1
Esrp1,0.142898915926944,0.56863524090421,0.138,0.073,1
Pla2g5,0.142920178478024,0.787173329112186,0.101,0.053,1
Gm11077,0.142923795234644,0.856913875368617,0.088,0.043,1
Tgfbr3,0.142926813842306,-0.601363795488837,0.138,0.131,1
Mnd1,0.142994884803513,0.722170867620684,0.145,0.08,1
Pou6f1.1,0.143014686237136,2.62195351069715,0.019,0.002,1
Sult1d1,0.143191423711758,-0.659099534506321,0.013,0.029,1
Atp2c2,0.143193259769042,-0.592216375770154,0.031,0.049,1
Sec23a,0.143212989236669,0.213749501330793,0.22,0.113,1
Vmn1r188,0.143350394846276,2.32854168665059,0.019,0.003,1
Zfp668,0.143497111243323,-0.0534257698370872,0.013,0.018,1
Selenbp2,0.143508258837753,1.61755540665769,0.031,0.01,1
Osbpl5,0.14351564697631,-0.607469595975642,0.119,0.108,1
Tgm1,0.143530986563445,1.69267744628632,0.044,0.013,1
Dtx4,0.143613131163262,1.08997017351962,0.088,0.045,1
Rnf40,0.143650460304642,1.54086906017892,0.031,0.014,1
Clip3,0.14367745718222,-0.244755710031844,0.006,0.015,1
Slc38a10,0.143688490243145,-0.76781259104385,0.044,0.049,1
Mgea5,0.143693797458614,-0.411722353772539,0.019,0.026,1
Bag1,0.143770475678202,-0.54482429036462,0.038,0.042,1
Hmgcr,0.143864611615216,-0.617953370533974,0.031,0.038,1
Klk1b21,0.143869914527627,1.93430493815582,0.013,0.005,1
Txnl4a,0.14391360215864,0.908566976198962,0.082,0.03,1
Ocrl,0.143968756246163,0.928138650929331,0.082,0.038,1
Acvr2b,0.143968900199946,-0.504315531528116,0.025,0.035,1
Wdr89,0.14408272959966,-0.467776331502404,0.101,0.084,1
Galntl6.1,0.144122469184114,0.107175045125479,0.597,0.462,1
Myh11,0.144148350797383,-0.461446223600399,0.132,0.142,1
Ppp2r3a,0.144149314442531,-0.493067691599294,0.094,0.099,1
Prr14l,0.144198900341436,0.743760826442223,0.107,0.051,1
Sh3gl1,0.144206710978197,0.863410556732562,0.069,0.034,1
Zfp366,0.144229666794148,0.678926657660302,0.126,0.06,1
Pkig,0.144268953604771,-0.610382428813161,0.044,0.045,1
Aaas,0.144270730264087,-0.165795302212092,0.006,0.013,1
Serpinb1a,0.144346684818983,-0.569803451596374,0.025,0.032,1
Ppp1r14a,0.144351151300623,-0.0416421960408382,0.006,0.013,1
Anapc10,0.144375900614418,-0.516110922875044,0.101,0.089,1
Adh6a,0.144376278259435,-0.592834112950723,0.019,0.029,1
Defb36,0.144378202145245,-0.0865764428889362,0.006,0.01,1
Npsr1,0.144385814102685,-0.420009091235623,0.233,0.215,1
Tas2r106,0.144414944315179,2.765776733664,0.013,0.001,1
Ints1,0.144524765649474,0.938701251307947,0.075,0.036,1
Jam3,0.144682051703406,-0.527696030491657,0.025,0.043,1
Adamts14,0.14468912720522,0.959149615068905,0.101,0.046,1
Cadm4,0.144692198547466,-0.222274761593989,0.006,0.015,1
Gm21983,0.144699883302932,-0.55348825027302,0.031,0.035,1
Fibcd1,0.14471112989806,-0.814366187809552,0.019,0.027,1
Gabrb3,0.144765959652957,-0.424751081334218,0.308,0.287,1
Cyp26c1,0.14478776560463,-0.17693069616374,0.006,0.014,1
March6,0.144800653718317,-0.34598475165827,0.044,0.045,1
Ddx39,0.144984652806161,-0.508382868480013,0.019,0.031,1
Dph6,0.145075079335816,-0.524031398845725,0.252,0.233,1
Slc22a18,0.145078091753223,-0.511938597161064,0.013,0.021,1
Rbm33,0.145095242343968,-0.5538729018599,0.075,0.077,1
Mrpl57,0.145097123448995,0.420070662294664,0.006,0.011,1
Dsc2,0.145105234642401,-0.531528629368316,0.057,0.06,1
Unc93a,0.145361294760213,2.01288348199678,0.031,0.007,1
Cox6a1,0.145372825991195,1.49621182209879,0.031,0.01,1
Fam83b,0.145378406134952,-0.505722817862075,0.126,0.134,1
Nudcd3,0.145432139467707,0.689825620074274,0.138,0.073,1
Dynlt1f,0.14545397524647,2.21638533253894,0.025,0.005,1
Naglu,0.145628899321896,-0.715224078703027,0.006,0.017,1
Commd8,0.145689857151885,0.896149935942533,0.088,0.033,1
Tatdn1,0.1457028768419,-0.620513490138873,0.019,0.027,1
Rps6ka6,0.145765168478677,-0.644786784792307,0.113,0.106,1
Spast,0.145798471691941,-0.597582756217899,0.031,0.05,1
Fam184b,0.145826068469223,0.280033358244167,0.22,0.132,1
Mettl22,0.14588769607833,-0.704816526530427,0.044,0.048,1
Npc1l1,0.145889334196846,1.05519491768221,0.057,0.025,1
Clec4a1,0.145899369897784,1.2589193545945,0.031,0.013,1
Il20rb,0.145976790396793,1.06597318675582,0.057,0.024,1
Itgav,0.146017248692212,0.546899957265941,0.157,0.076,1
Pex5,0.146056494092478,-0.419038253663694,0.044,0.043,1
Htr7,0.146094086612826,-0.583548508505292,0.107,0.118,1
Zfp956,0.146103581268091,1.23273364194294,0.063,0.018,1
Lgals9,0.146111583013723,1.3071522485828,0.057,0.022,1
Hao1,0.14612043651457,-0.867677959200111,0.057,0.069,1
BC023829,0.146146640439119,-0.576621328970226,0.019,0.027,1
Man2b2,0.146199960145948,-0.457778695908597,0.038,0.05,1
Psmc1,0.146208859845857,-0.10808481553949,0.006,0.012,1
Cldn22,0.146214785193714,2.4558220649617,0.019,0.002,1
Mcc,0.146261411662037,0.249279627668786,0.447,0.263,1
Ankrd54,0.146273784284805,1.36515826782485,0.05,0.02,1
Phf20,0.146284899008134,-0.505068181372304,0.025,0.049,1
Olfr741,0.146320920394243,2.95261739866123,0.013,0.001,1
Erich5,0.146335691978823,0.866265538423075,0.075,0.037,1
Eif3j2,0.146404237031195,2.33882985183343,0.025,0.004,1
Zfp593,0.14643587256853,-0.139493851076856,0.006,0.017,1
Mccc1,0.146454953580233,0.595741391975514,0.189,0.092,1
Olfr43,0.146598371921087,2.01478131725804,0.013,0.004,1
Pld1,0.146638825643669,0.571753547960477,0.258,0.143,1
Eif4b,0.146723420069729,-0.547603907423745,0.025,0.029,1
Ankfn1,0.146929704791754,0.607732031690635,0.195,0.104,1
Flt4,0.146978171096506,0.735257941906604,0.107,0.051,1
Folr1,0.147031373972437,1.96161724800712,0.031,0.007,1
Gm20547,0.14704703761382,1.0171319536815,0.063,0.024,1
Tfec,0.147298314431422,-0.435199594516878,0.082,0.09,1
Igfbp4,0.147312635322002,-0.323295297396872,0.006,0.014,1
Ano6,0.147314596302881,-0.495728304779708,0.17,0.121,1
Olfr988,0.147368851808822,-0.342274030448129,0.013,0.017,1
Grb2,0.147440231116531,-0.118806057196698,0.025,0.029,1
1700028P14Rik,0.147459437845261,0.760359411171535,0.094,0.051,1
Gm11437,0.147571956078784,0.318074319277506,0.006,0.012,1
Nat8l,0.147604247990202,0.0847966608938142,0.013,0.016,1
Btg2,0.147738821819335,1.43724258843719,0.044,0.018,1
Tns4,0.147820775444011,1.38085065608313,0.038,0.017,1
Zfp81,0.14790069601412,-0.224791280488445,0.006,0.012,1
Deaf1,0.147923904591857,-0.676957847448605,0.044,0.058,1
Ifi27,0.147954900298338,-0.435672816930119,0.006,0.018,1
Asb13,0.147996843706854,0.81788555263267,0.082,0.034,1
Dapp1,0.148032089057395,-0.66852193166108,0.088,0.081,1
Cnga2,0.148098597290613,-0.739963284067136,0.019,0.021,1
4931422A03Rik,0.148295997368967,0.711658987118916,0.101,0.049,1
Chd1l,0.148333120545453,0.608672541720835,0.176,0.089,1
Cenpe,0.148429148926933,0.257874136270579,0.302,0.188,1
Hivep3,0.148463410309362,0.464519556257335,0.283,0.159,1
Spock3,0.148511907312444,0.144689563907729,0.541,0.368,1
Tbc1d13,0.148515619902261,-0.550469031833788,0.025,0.024,1
Smcp,0.148535782695675,-0.597100386057369,0.006,0.016,1
Usp46,0.148577896451388,0.723414441106978,0.126,0.062,1
Tcf24,0.148739460226095,-0.313058155626933,0.006,0.015,1
1700026L06Rik,0.148744691621624,-0.223818862049103,0.019,0.02,1
Pkib,0.148790704621933,0.369798826300514,0.164,0.104,1
Mrps31,0.148840891075277,-0.829251194038273,0.019,0.03,1
Lsp1,0.148856173578466,-0.548958226628604,0.044,0.064,1
Pla2g4c,0.148867135408934,-0.83300359414203,0.057,0.054,1
Guf1,0.148914572635163,1.03343739075922,0.069,0.038,1
Nnt,0.149030604073908,0.352317412931701,0.239,0.143,1
Sec24a,0.149058916256615,0.690621523153996,0.119,0.056,1
C77080,0.149106591469508,-0.563907634288267,0.025,0.033,1
Kansl3,0.149181338166722,-0.520075138012645,0.019,0.025,1
She,0.149216227315983,-0.275494082278937,0.019,0.023,1
Cdkn3,0.149304996875692,-0.444253019195337,0.025,0.034,1
Glyatl3,0.149316169041883,1.39401311609765,0.057,0.018,1
Mettl16,0.149316774566592,-0.787467741637976,0.025,0.037,1
Pnliprp2,0.149394605185663,1.81087066983509,0.031,0.01,1
Slc8b1,0.14948848701591,-0.228243774780986,0.006,0.014,1
Myo15,0.149546757940394,0.675492280360711,0.138,0.059,1
Efhc2,0.149727547279329,0.415406112835875,0.208,0.103,1
Mavs,0.149734512303943,1.10358706561239,0.063,0.026,1
Grap2,0.149762739565181,1.40741496884467,0.038,0.015,1
Arpc5,0.149775918025426,-0.524775970720306,0.013,0.024,1
Zkscan5,0.149811024752071,-0.268196487041303,0.019,0.029,1
Chrm5,0.149895600985465,-0.401363928356608,0.006,0.016,1
Zfp472,0.149920545821349,-0.277926726053113,0.006,0.015,1
Brdt,0.149999781106558,-0.574781641328556,0.069,0.073,1
B230217C12Rik,0.150009716703488,2.22696211930132,0.019,0.005,1
Hadh,0.150026559850093,0.580240622020315,0.151,0.075,1
Alas2,0.150061620459461,1.43320161286692,0.038,0.01,1
Bbs1,0.150085214838787,1.00586630828145,0.069,0.031,1
Dock5,0.150132102457752,-0.393001945165246,0.157,0.158,1
Ddx19a,0.150183937722422,-0.0608410680019054,0.013,0.02,1
Gsdmc4,0.150185331116076,-0.808120147748697,0.013,0.029,1
Ranbp3,0.150241019284908,-0.500130437952271,0.057,0.051,1
Polr1e,0.150285954668667,1.22927487051137,0.057,0.027,1
Primpol,0.150312388613519,0.71701540352381,0.113,0.06,1
Slc29a2,0.150482009678669,1.17562126676937,0.044,0.018,1
Atf7ip2,0.150671431183352,1.0170193741412,0.069,0.024,1
Prss45,0.150675455242505,1.84239613742401,0.025,0.01,1
Olfr954,0.150693931365318,2.6568613339803,0.013,0.002,1
Kng2,0.15069464182991,-0.619634151168521,0.025,0.027,1
1700012B07Rik,0.150759301853134,-0.541474676295125,0.019,0.025,1
Trappc9,0.150883083860809,0.224715424991246,0.516,0.342,1
Tpo,0.150895858451979,-0.516265742506259,0.138,0.126,1
Trip4,0.150984275857389,0.747022740535663,0.126,0.054,1
Mettl25,0.151097644310083,-0.410162936761811,0.226,0.209,1
Reep6,0.151104568805059,-0.353402502272009,0.031,0.04,1
Cyp17a1,0.15113730216981,2.10242398501156,0.025,0.006,1
Snap23,0.151365175568984,-0.397172253740344,0.038,0.035,1
Pom121,0.151411572821281,0.0129445607717438,0.006,0.012,1
Arl10,0.151431811103119,-0.137407771919232,0.006,0.012,1
Gm8773,0.151450479334156,1.47586022667795,0.025,0.012,1
Aspa,0.151496195024253,-0.752298896857329,0.025,0.031,1
Fam20c,0.151549352598364,-0.603789798640405,0.069,0.062,1
Tyw1,0.15159214480774,0.492793334022543,0.164,0.092,1
Eprs,0.151627339417686,-0.393671404547863,0.094,0.087,1
Vamp1,0.151652336251843,1.02824507122151,0.063,0.032,1
Atp13a3,0.151792588254542,0.62141360082715,0.17,0.08,1
Efemp1,0.151919393717567,0.33932765863277,0.233,0.112,1
Brms1,0.151974193831709,2.29544055329442,0.013,0.004,1
Igfbpl1,0.151984745493959,1.27477185215556,0.038,0.014,1
Gm4868,0.152037134178292,2.50853585575617,0.013,0.002,1
Dnaic1,0.152046575160434,0.821505467050626,0.094,0.049,1
Tac1,0.152295461677751,-0.726036294974886,0.013,0.026,1
Ccdc109b,0.152335626439054,0.608862880275919,0.138,0.071,1
Upf3a,0.152340531213651,0.793330550229392,0.101,0.042,1
Cldn19,0.152344718877221,1.8459380938951,0.019,0.009,1
Olfr1329,0.152364986059697,2.57863836638933,0.013,0.005,1
Rgs3,0.152366538522381,-0.347075308135713,0.113,0.122,1
Jakmip2,0.152475981522622,-0.388792428965843,0.245,0.226,1
Zfyve20,0.15251263603907,-0.50880089209741,0.025,0.04,1
Rbm15b,0.152544812374203,1.63835225102986,0.038,0.009,1
Homer3,0.152570156497792,-0.399056442442176,0.013,0.021,1
Rpap3,0.152575476001193,0.877297688985271,0.088,0.039,1
Gm8975,0.152722472461553,1.74906454467579,0.019,0.01,1
Stk32b,0.152741854334836,0.264537469483423,0.289,0.161,1
Trim71,0.152751908403266,-0.62741320892153,0.031,0.036,1
Flii,0.152779553358828,-0.16227891759228,0.006,0.015,1
Sorbs2,0.152875392345798,0.1873819817992,0.44,0.294,1
Trpm8,0.152996335360506,-0.38000486573797,0.453,0.397,1
Fxr1,0.153031708035333,-0.541589412183105,0.031,0.044,1
Ppfibp1,0.153113543257985,-0.46680453932499,0.233,0.221,1
Katnal2,0.153201482027547,0.531735726431896,0.145,0.073,1
Foxi3,0.153256891275366,2.11984121254169,0.019,0.005,1
Golph3,0.153290426031922,1.06760420615987,0.063,0.029,1
Cystm1,0.15333263187454,0.755578935431895,0.113,0.048,1
Tfg,0.153340507505277,-0.53736165300149,0.082,0.074,1
AU019823,0.153391309280882,1.67673039617575,0.031,0.013,1
Clec9a,0.153404658890728,0.725816925369412,0.107,0.046,1
Acvrl1,0.15343385423662,1.21498349160693,0.063,0.02,1
Anapc5,0.153494692631495,-0.45102600441362,0.019,0.027,1
Gpcpd1,0.153561421104562,0.648226635905275,0.088,0.048,1
Ccdc154,0.153739130735381,-0.44413230312203,0.019,0.023,1
Snrk,0.153756016594714,0.986837884205087,0.075,0.031,1
Tmprss5,0.153773669676288,1.04892109082263,0.05,0.018,1
Galk1,0.153778997273709,0.191310100349479,0.006,0.011,1
Pmaip1,0.15380060983788,0.262781059698452,0.006,0.01,1
Ssr3,0.153928822281648,1.18851982517234,0.069,0.03,1
Enc1,0.153930821051163,-0.199163326015452,0.006,0.015,1
Cercam,0.153931612453137,-0.736054588127272,0.013,0.024,1
Adam33,0.153933657341617,-0.458736541276484,0.006,0.012,1
Ssr2,0.154210240129722,1.83114377878999,0.025,0.012,1
Cnppd1,0.15427318325443,-0.299470368660056,0.013,0.02,1
Ugt2a1,0.154320582377778,0.858557244392059,0.063,0.038,1
Pithd1,0.154403346703572,-0.269349765144042,0.006,0.013,1
Nlgn3,0.154480019928827,1.79577867394759,0.031,0.007,1
Sycp2,0.15453298469314,0.794800263869546,0.088,0.038,1
Dgke,0.154592122093581,0.877339158886728,0.088,0.03,1
Mdm4,0.154603199898766,0.901027143547677,0.069,0.033,1
Fbxo30,0.154699934280862,0.879424767019255,0.094,0.037,1
Trnt1,0.154846460206323,-0.625088240814532,0.038,0.04,1
Fbxo47,0.154861414875534,0.949435294606866,0.075,0.028,1
Sgta,0.154878416781551,-0.321119237249023,0.025,0.032,1
Npy,0.154921681737561,2.11218379325484,0.013,0.005,1
Usp48,0.155061832629031,-0.449404674468641,0.05,0.053,1
H2-T3,0.155067781712587,2.28030855513222,0.013,0.002,1
Sbp,0.155133727697764,2.10342398780998,0.025,0.004,1
Desi1,0.15524709407105,-0.672504529864703,0.025,0.04,1
Tnks1bp1,0.155263563893547,0.650796753520291,0.107,0.058,1
Qsox2,0.155303075370408,-0.354518235417776,0.025,0.033,1
Ackr3,0.155305003127145,-0.104725659093441,0.013,0.017,1
Acat1,0.155359037544572,1.04306099433136,0.088,0.034,1
Acyp1,0.155383548610135,-0.255516936361021,0.006,0.021,1
Wdr48,0.155409985863588,-0.377192802064406,0.044,0.038,1
1700015F17Rik,0.155556925609955,0.76466529815073,0.101,0.049,1
Smad2,0.155624776630059,-0.653351724772604,0.044,0.051,1
Acad11,0.155636424633472,0.625271631381304,0.164,0.071,1
Plod1,0.15564283085431,-0.21688275003857,0.019,0.02,1
Glra4,0.155779906276201,-0.566648297133465,0.013,0.021,1
Pccb,0.155874987255598,-0.664730334466799,0.044,0.047,1
Nat3,0.155956808111324,-0.582060031745748,0.05,0.047,1
1190005I06Rik,0.156026849169104,-0.474752510284996,0.025,0.043,1
Tktl1,0.156055647004712,1.61894804785748,0.038,0.009,1
Mtmr9,0.156126586822007,0.953168388044229,0.069,0.031,1
Tpcn1,0.156130089922492,-0.133740573530015,0.031,0.037,1
Irak2,0.156141502069947,-0.181689350919611,0.044,0.042,1
Grhpr,0.156185025225599,1.62302522630007,0.038,0.011,1
Pramel7,0.156200876309574,1.91880218323568,0.019,0.007,1
Tamm41,0.156212260652904,-0.424550700894934,0.044,0.043,1
Snrnp27,0.156292121148464,1.38678633544442,0.044,0.009,1
Crb1,0.156359803443455,-0.419172622809143,0.27,0.275,1
Klhl34,0.156632702096163,1.28025835646057,0.038,0.013,1
Gdf11,0.156703999655319,1.60751676370016,0.038,0.01,1
Gm2381,0.156886082063191,-0.287271595799617,0.006,0.014,1
Dazap1,0.156895249713548,-0.268975684112294,0.025,0.031,1
Abcc6,0.156913383104729,-0.644607810413863,0.075,0.065,1
Ndufs4,0.156985929439161,0.61989215606103,0.157,0.087,1
Zfp651,0.15708122835231,1.60517680658413,0.031,0.013,1
Apold1,0.157104706098007,0.967379291937617,0.057,0.02,1
Taf6l,0.157338265350246,1.54738904982451,0.05,0.016,1
Adora3,0.157348595039592,-0.730784213853317,0.031,0.047,1
Rassf4,0.157375849143622,-0.647240207596242,0.057,0.075,1
Gpr156,0.157450203761203,0.648219861930013,0.113,0.075,1
1810062G17Rik,0.157453713981115,-0.30934621436259,0.031,0.04,1
Slc6a7,0.157617575996644,1.38033533517226,0.025,0.014,1
Olfr458,0.157650107068297,2.06463001537569,0.013,0.004,1
1700028K03Rik,0.157796688066859,0.569109119329215,0.132,0.057,1
Ptma,0.15779885325424,-0.802274593042158,0.025,0.039,1
Lipo1,0.157833666151735,-0.46271937116231,0.138,0.135,1
Olfr133,0.157839041754859,2.53966031877424,0.019,0.004,1
Ak1,0.158049005983343,-0.377043483030826,0.031,0.037,1
Nosip,0.158112596788493,-0.432103713931736,0.013,0.019,1
Arnt2,0.158238662381004,0.33503229363971,0.239,0.137,1
Btnl2,0.158256984050654,1.12270056577271,0.031,0.014,1
Mvb12b,0.158310930404882,-0.501336389379786,0.082,0.09,1
Zfp747,0.158337162023257,-0.143110009315752,0.006,0.015,1
Srr,0.158380459149108,-0.671863558880328,0.006,0.016,1
Mbp,0.158409478523972,-0.540024826357171,0.107,0.114,1
Scg2,0.15843059261555,-0.116072014994868,0.006,0.013,1
Osbp,0.158470024340926,-0.636322589563824,0.075,0.081,1
Ncf2,0.158528999528737,0.808092636095418,0.082,0.027,1
Gnaq,0.158537983264838,0.623014280849525,0.22,0.122,1
Arid1a,0.158544897958983,-0.165122187567305,0.019,0.02,1
Mphosph6,0.15858262793632,-0.333835728783396,0.05,0.053,1
4921539E11Rik,0.158655921730576,0.911532551341358,0.088,0.034,1
Zfp715,0.158710059868482,-0.444004264811943,0.038,0.037,1
Catsperg2,0.158719819339727,1.26084602786629,0.038,0.016,1
Stx1a,0.158851807600715,0.0372355246366656,0.025,0.025,1
Ppp1r3a,0.158871900331439,-0.643557929799732,0.031,0.048,1
Mafk,0.158945716188492,-0.266008658206246,0.013,0.025,1
Sema3d,0.15904637490075,0.213972690196323,0.44,0.273,1
Wdr66,0.159050735953643,0.923120506139599,0.088,0.031,1
Ankrd45,0.159167369294941,0.991341230534768,0.075,0.037,1
1810032O08Rik,0.15917688103262,-0.349629975513738,0.013,0.021,1
Mex3b,0.159247940696526,-0.690787854412909,0.025,0.036,1
Mtrf1l,0.159342700129778,0.487520007494337,0.113,0.055,1
Ccdc6,0.159449567050409,0.502395005045482,0.17,0.083,1
6430548M08Rik,0.159488713980779,-0.524092428415561,0.063,0.082,1
Rapgef1,0.159533802265287,-0.54943266156206,0.069,0.077,1
Ccm2,0.159539350778307,-0.616364289407912,0.069,0.066,1
Eaf2,0.159571165437847,0.599341248514825,0.201,0.119,1
Apoh,0.159572954334822,-0.644994973014281,0.031,0.04,1
Nup62,0.159626392121159,-0.635616351793193,0.025,0.041,1
Gnb1l,0.159640900952921,-0.37772774232978,0.094,0.095,1
Vwa9,0.159659997986492,-0.198731302990142,0.013,0.029,1
Tecrl,0.159671149384206,-0.505488223259524,0.057,0.074,1
Ppme1,0.15974890917894,-0.572505519300881,0.057,0.06,1
Pfkp,0.159761662564822,0.47061297466939,0.195,0.126,1
Alpi,0.159882664248382,1.79908905723946,0.031,0.007,1
Golga1,0.159884946984326,0.509802557779417,0.17,0.075,1
Gm28045,0.159926885876179,1.04525012973379,0.069,0.023,1
Taar8c,0.159946213420124,2.48041161523677,0.013,0.002,1
4732456N10Rik,0.159961869424893,-0.0738965189943066,0.013,0.018,1
Lztr1,0.160020388988049,1.25391448963755,0.057,0.023,1
Tapt1,0.160199927862654,0.610320483812625,0.126,0.064,1
Vwf,0.160209769398358,0.314286000538959,0.245,0.134,1
Trmt5,0.160233746432063,-0.550083560222525,0.013,0.02,1
Wdr4,0.16029552548773,1.00485843513677,0.069,0.048,1
Rasgrp3,0.160342027118545,0.634956550372801,0.182,0.108,1
Olfr910,0.160375437553738,1.84728270579379,0.019,0.005,1
Znrf3,0.160422457600809,0.733456827589921,0.164,0.082,1
Tanc2,0.160443206753173,0.37416199592528,0.283,0.154,1
Atp5e,0.160600573311404,-0.393205802073553,0.013,0.022,1
Zfp169,0.160601847920249,-0.510037316833906,0.013,0.029,1
C1s2,0.160607053651725,1.7992290907476,0.038,0.009,1
Zkscan4,0.160709429707905,-0.531505577317175,0.019,0.031,1
Mrpl20,0.160866521072198,-0.269368242098611,0.006,0.013,1
Ccdc178,0.160868020231577,0.135152917096651,0.516,0.374,1
Tmem141,0.161106666815918,1.42000046808607,0.031,0.013,1
Sept10,0.161116219368323,-0.631730897709333,0.075,0.079,1
Arl14,0.161117183245064,2.5333449799243,0.019,0.002,1
Ppm1j,0.161148081877061,2.10185269549466,0.025,0.007,1
Akap3,0.161184956369375,0.764400317367761,0.069,0.035,1
Col4a3,0.161282469310613,-0.319849287329946,0.182,0.167,1
Kcnv2,0.161303462004109,-0.515707873665964,0.019,0.024,1
2310047M10Rik,0.161406554456424,-0.51639583605015,0.006,0.022,1
Slc7a13,0.161421650048985,-0.638299394871721,0.025,0.031,1
Phf3,0.161429804931655,-0.528718801729315,0.044,0.056,1
Nphp4,0.161498857381154,0.531776029522747,0.214,0.117,1
Ltbp3,0.161620055217762,-0.287738759782966,0.006,0.019,1
Paip2b,0.16163921626231,-0.573659834549399,0.044,0.044,1
Gbp6,0.161722228265438,0.610375368780999,0.101,0.053,1
Trpc6,0.16174035770778,-0.473916846604569,0.132,0.153,1
Defb8,0.161886416934888,2.02084746246811,0.019,0.003,1
Gorab,0.161989007006385,0.883767956379614,0.082,0.029,1
Pax8,0.1620258520081,-0.217375441655726,0.044,0.07,1
Rasgrp4,0.1621079503743,0.123241786387282,0.006,0.015,1
Trim24,0.162112249707774,-0.521594737198156,0.126,0.121,1
3300002I08Rik,0.162119871434617,0.841926796458385,0.057,0.027,1
Snx32,0.162244702613901,1.34776053078541,0.038,0.016,1
Krtap27-1,0.162245643543249,2.10512280745621,0.013,0.004,1
Rapgef2,0.162250483078987,0.377863505224866,0.308,0.207,1
Rtf1,0.162376644825277,-0.480398803256679,0.031,0.045,1
Mtfr2,0.162387036191771,-0.463408235280848,0.019,0.026,1
Camkmt,0.16241209001233,0.13049004789774,0.421,0.24,1
Asic5,0.162711893095996,0.612955988613124,0.138,0.064,1
Tspyl3,0.162742094642028,2.12139786276729,0.013,0.006,1
Htra1,0.162802613516537,0.881619080030627,0.069,0.029,1
Sel1l2,0.162837232916106,-0.431410714396188,0.214,0.209,1
Plekhf1,0.162847099468152,-0.53422284139199,0.013,0.026,1
Arpc1b,0.162873393983682,-0.39769954283082,0.013,0.022,1
Bcar1,0.162889414389397,-0.432086793805936,0.019,0.027,1
Rrad,0.163000514590146,0.117450213996535,0.013,0.012,1
Usp36,0.163138816069456,-0.439643232933699,0.038,0.052,1
Inpp5f,0.163157711515495,-0.342583308478687,0.057,0.067,1
Tmod2,0.163206600182659,-0.490402636043431,0.044,0.042,1
B4galnt1,0.163266551118436,-0.170516870846025,0.019,0.021,1
Slfn8,0.163353185642518,1.75347614388973,0.025,0.007,1
AI607873,0.163357810800687,-0.880385512198376,0.013,0.026,1
Psg22,0.163470578478579,1.54284908928577,0.025,0.01,1
Tmcc3,0.163517128056758,0.534301895342362,0.239,0.14,1
Tmem80,0.163564854261088,-0.669666358033595,0.038,0.04,1
Mmrn2,0.163780741014726,1.35191531298308,0.038,0.021,1
Olfr1415,0.163934472855904,2.67947733138047,0.013,0.002,1
Pigp,0.163947329896208,-0.231547676672229,0.013,0.023,1
8430419L09Rik,0.164063179311859,1.13176748665734,0.094,0.04,1
Glod5,0.164081787603321,2.09701292384458,0.019,0.004,1
Vnn3,0.164104646671359,1.22647156457098,0.031,0.017,1
E230025N22Rik,0.16412247425768,0.202967083892657,0.006,0.01,1
Tada1,0.164137686039377,-0.716694252286568,0.044,0.047,1
Zfp948,0.164171373001678,-0.664765949560098,0.057,0.055,1
Gfral,0.164202132382054,-0.496811522703129,0.038,0.048,1
Agpat1,0.16422322353208,-0.338069418044927,0.038,0.043,1
Hnrnpm,0.164257070199115,-0.533897508010896,0.013,0.019,1
Gm4862,0.164332995037309,2.40458122907704,0.019,0.001,1
Ifi204,0.164373862108111,1.40135698389899,0.031,0.018,1
Btbd8,0.164387073826372,-0.534850725771633,0.113,0.112,1
Akap13,0.164453695445638,0.229043189025529,0.434,0.269,1
Atp5d,0.164479725673371,-0.646300395323205,0.013,0.024,1
Mapk3,0.164500148755592,-0.575959491974167,0.019,0.027,1
Slc33a1,0.164674235806151,0.648963706494,0.101,0.048,1
Gm16253,0.164734411251741,2.10218045821342,0.025,0.005,1
Hmgcl,0.164797550988858,-0.598507718233738,0.013,0.019,1
Ctsl,0.164852392010866,1.13697660406967,0.057,0.023,1
Wee2,0.164869014075834,1.10762493295853,0.044,0.025,1
Alyref,0.164886804374075,1.93213166830981,0.019,0.009,1
Fer,0.164943455656209,0.264016303057304,0.453,0.297,1
Nox3,0.164950414871186,0.616449790870053,0.101,0.046,1
Gnat3,0.164961461848028,-0.590098293126102,0.088,0.107,1
Dzip1l,0.164985173795585,0.918026203797996,0.082,0.033,1
Ccr4,0.165122331683072,-0.438661010244601,0.006,0.016,1
Galntl6,0.165147102730691,-0.420947411700276,0.283,0.273,1
Mfsd9,0.165207412033676,0.717796037217044,0.101,0.051,1
Fbxw14,0.165412390917741,1.74901009338755,0.025,0.01,1
P2rx5,0.165427498541748,-0.396201532039956,0.019,0.022,1
4930579G24Rik,0.165429269625958,-0.570415102030613,0.05,0.053,1
Mical3,0.165457737475586,-0.587533829366313,0.094,0.1,1
Tmem255a,0.165465016361672,0.850773258349568,0.075,0.042,1
Efhc1,0.165512134854508,0.745145300337246,0.132,0.06,1
Slc2a6,0.165634518372329,1.34526162524184,0.057,0.018,1
Gnb4,0.165639186234983,-0.539416602418977,0.063,0.059,1
Cdh23,0.165660755459425,0.307919583482358,0.358,0.236,1
Pdzk1,0.16567276068183,1.0047782312223,0.069,0.036,1
Zdhhc17,0.165681886987995,0.53594368699153,0.151,0.078,1
Calca,0.165693440661639,1.2492799155038,0.038,0.012,1
Mmrn1,0.165695199947614,0.474653609057096,0.189,0.094,1
Ei24,0.165716638435035,-0.519785287856304,0.006,0.021,1
Proser3,0.165753931330176,1.16786872443153,0.038,0.016,1
Traf5,0.16577065495079,-0.325515596692244,0.057,0.065,1
Crygn,0.165823267411076,0.00851624397049289,0.006,0.012,1
Upk1b,0.165868883920199,1.15023405465795,0.05,0.022,1
Hnrnpa3,0.165883581193545,-0.337594432788648,0.019,0.026,1
Rnf217,0.165942746578723,-0.588278128410936,0.145,0.154,1
Dhfr,0.165983072697457,-0.602599239394851,0.132,0.12,1
Gast,0.166066936290596,2.99125875498945,0.013,0.001,1
Rpl18a,0.166195224342245,-0.668630564958514,0.013,0.024,1
Polq,0.166243334120653,0.447729338060346,0.226,0.134,1
Grm4,0.166288611941683,-0.6219885613722,0.082,0.074,1
Smarca5,0.166296607190799,-0.621506681242072,0.019,0.036,1
Adipoq,0.166340355219007,1.17778651525051,0.057,0.023,1
Rfx6,0.166343869733923,-0.524220828535429,0.05,0.068,1
Btbd6,0.166429671452935,0.0488460508217132,0.006,0.013,1
Fbxl21,0.166436577386813,-0.5681969020592,0.013,0.018,1
Rab5a,0.166467512866128,-0.36721957903204,0.031,0.043,1
Rnaseh2b,0.166526141504803,-0.568687807310273,0.088,0.09,1
Hdac2,0.16652715305434,-0.484295853568501,0.075,0.068,1
Zfp874b,0.166594834729251,1.44176678779684,0.038,0.012,1
Triml2,0.166611407642823,-0.187447538367536,0.019,0.018,1
Ramp3,0.166689839629751,-0.787811271037366,0.013,0.027,1
Zfp511,0.166757812651845,-0.10330003122869,0.019,0.018,1
Ephx1,0.166796952697308,0.933515355344707,0.075,0.044,1
Csrp2,0.166849371384521,1.04790074956148,0.075,0.028,1
Rpp40,0.166883157082677,0.944739151501559,0.057,0.023,1
Tnip2,0.166984130301981,-0.426444365797354,0.025,0.035,1
2210407C18Rik,0.167156291377301,1.77474694267758,0.025,0.009,1
Csk,0.167203112955033,-0.68417530537686,0.013,0.024,1
Tmem243,0.16724088416541,0.775420009670142,0.088,0.046,1
Txlna,0.167252192954372,-0.143015826322662,0.006,0.012,1
Lrrc4b,0.167534655513332,-0.541875362697949,0.019,0.033,1
Mettl21e,0.167547552127668,-0.726468732036098,0.025,0.031,1
Nudt13,0.167660387782457,0.714332746060951,0.082,0.03,1
Pik3cd,0.167663837048412,-0.397560172603187,0.044,0.042,1
1700022I11Rik,0.167721129726926,2.25731495021982,0.025,0.006,1
Lca5,0.167731181240069,0.592781654959119,0.157,0.071,1
Gab3,0.167759640250168,0.585777141289809,0.113,0.067,1
Necab3,0.167856900778383,0.157440725478252,0.006,0.012,1
Hs1bp3,0.167995264243243,-0.455629046681959,0.057,0.067,1
Nlrc3,0.168024256683001,0.891148536456685,0.101,0.045,1
Hc,0.168090532867832,-0.345769999086262,0.094,0.074,1
Uhmk1,0.16811704424293,0.813998951180539,0.069,0.031,1
Zranb3,0.168136403339798,-0.383374666316247,0.214,0.188,1
Sirt1,0.168140448664166,-0.320620724481244,0.075,0.087,1
Rcc1,0.168187263530207,-0.517443128253089,0.013,0.021,1
Tsx,0.168222379232891,1.58538799061548,0.031,0.01,1
Rnf17,0.168248797383034,0.41712142975248,0.164,0.094,1
Trpv6,0.16829068507526,-0.591271369859689,0.031,0.039,1
Padi2,0.168300437541899,-0.621063409990429,0.031,0.04,1
Zmat1,0.168337739238187,1.0011240406786,0.057,0.036,1
Ccnb3,0.168399185954564,1.23532406973393,0.057,0.02,1
Mmp20,0.168406049028546,-0.61548588153895,0.075,0.085,1
Map6,0.168412554501656,-0.394563655041972,0.038,0.057,1
Ms4a10,0.168537044065867,1.51914365709546,0.031,0.019,1
Tbl3,0.168538680563236,1.56047356706219,0.025,0.008,1
Osbpl8,0.168560974749878,-0.314765794407936,0.189,0.181,1
Rpl22,0.168580508929593,-0.441902619491182,0.013,0.018,1
Spata19,0.168611292627624,1.90674514132877,0.019,0.006,1
5430427O19Rik,0.168681089804069,1.08125900377168,0.044,0.018,1
Col4a4,0.168684719190526,-0.460738898395922,0.208,0.198,1
Nrip2,0.168685269013376,-0.339687498187423,0.006,0.016,1
G6pc2,0.168707518740598,0.910861922875267,0.075,0.031,1
Ndufa9,0.168781976160442,-0.507210789902537,0.038,0.049,1
Slc2a7,0.168789809944424,1.44967302897943,0.038,0.011,1
Gm3443,0.168829438176895,2.24502257716427,0.019,0.004,1
Ttpal,0.168842827288168,-0.461192285768029,0.013,0.019,1
Zfp687,0.168870794297096,-0.54496367556213,0.031,0.038,1
Slco6d1,0.168887217268606,-0.591656077302825,0.088,0.088,1
A230083G16Rik,0.168931193788493,-0.45693151357928,0.019,0.03,1
Prkcsh,0.16896885665868,-0.65880764737252,0.038,0.04,1
Meig1,0.169096562925048,-0.805221515041408,0.038,0.042,1
Vmn2r51,0.169131740370963,1.41443252465236,0.019,0.012,1
Asxl2,0.169148018555925,0.48577978561906,0.113,0.057,1
Gm28305,0.169227520684448,1.21782361024901,0.063,0.028,1
Gad1,0.169248754064888,0.850045692096999,0.069,0.037,1
Cd209d,0.169302974341359,1.44260548530366,0.019,0.009,1
Prom1,0.169309113046044,0.32911800461279,0.252,0.132,1
Slitrk4,0.169439899961696,-0.617094696001749,0.006,0.017,1
4933400A11Rik,0.169479180804646,2.56824197666779,0.013,0.002,1
Cyp4a32,0.170016018044642,1.58467206505509,0.019,0.013,1
Rab44,0.170022569021429,1.03073705351103,0.044,0.017,1
H2-Oa,0.170051513029416,1.9351772053757,0.019,0.005,1
Fbxo21,0.170052183479032,-0.511839439263186,0.025,0.033,1
Fam46d,0.170093451119584,0.759084615192476,0.132,0.072,1
Clu,0.170111482186324,-0.458115619582725,0.013,0.024,1
Cct8,0.170219325761509,-0.617435316313634,0.019,0.033,1
Rhot1,0.170286772169414,-0.524327823151339,0.038,0.043,1
Nlrp1a,0.170289537050569,1.2731978208119,0.057,0.029,1
Uba2,0.170311048645041,1.09793240547287,0.05,0.027,1
Stxbp6,0.170320401652289,-0.371740304452247,0.245,0.243,1
Uggt1,0.17044713985214,-0.43229911345417,0.132,0.121,1
Mypn,0.170460630956932,-0.441841336500072,0.088,0.091,1
Icosl,0.170523127584626,-0.363632996824827,0.006,0.015,1
Zfp2,0.170537143237356,1.88515974701923,0.031,0.009,1
Atp12a,0.17056059125801,-0.679021947927454,0.038,0.043,1
Uba7,0.170638054599702,1.7147355699816,0.031,0.008,1
Kif18a,0.170686337610753,-0.504029040139092,0.17,0.144,1
Rel,0.17071901881199,0.481875980140448,0.132,0.061,1
Gpr19,0.170933258020583,0.95772075983589,0.057,0.027,1
Rnf39,0.171079627000933,-0.273409079221603,0.006,0.013,1
Gas8,0.171103027824286,1.12775879221349,0.057,0.018,1
Olfr5,0.171185304426921,-0.0396450305564038,0.006,0.011,1
Dpp9,0.171189964085613,0.827848575010809,0.101,0.043,1
Commd10,0.1712046770554,0.367765210658795,0.233,0.137,1
Trap1,0.171454664945423,0.823987482018688,0.082,0.069,1
Zkscan8,0.171468673141077,0.824897626427838,0.069,0.032,1
Cnbd1,0.171476860184235,-0.473476635381619,0.226,0.223,1
Abcb9,0.171480805570949,-0.474958260692528,0.019,0.031,1
Olfr569,0.171664171971219,2.24532979003128,0.013,0.004,1
1700012P22Rik,0.171715458614016,1.17039259013897,0.025,0.011,1
Rab10,0.171765089711046,-0.631358369135557,0.025,0.04,1
Nxt1,0.171855990892679,-0.779701330683712,0.031,0.039,1
Lyrm5,0.171887954608759,-0.46122411879889,0.038,0.054,1
Fbxo2,0.171896665865239,-0.0330770213428933,0.013,0.026,1
Nfe2l1,0.171971508303369,-0.324839215847214,0.025,0.038,1
Ctdsp2,0.171992310358862,1.35507089329205,0.038,0.015,1
Chst3,0.171997675077953,-0.450023575014452,0.031,0.033,1
Pigq,0.172018443554712,1.81067327961974,0.038,0.012,1
Plac8,0.17208145798227,0.973845016795877,0.069,0.024,1
Nxf7,0.172207870753341,-0.740927966792761,0.006,0.018,1
Zc3h12b,0.172269000548908,0.480124384994973,0.17,0.073,1
Syndig1,0.172296649951755,-0.409841153253593,0.264,0.247,1
Fam115e,0.17232742149067,-0.721504048526275,0.013,0.026,1
4930564D02Rik,0.1723387263324,-0.761799771281832,0.019,0.028,1
Itpripl2,0.172384802991058,-0.418055642509619,0.006,0.016,1
Stard7,0.172399830936913,1.03525023912102,0.05,0.024,1
Ndrg1,0.172497793514999,-0.641749468958106,0.063,0.061,1
Dvl1,0.172505761132134,-0.61690285643138,0.013,0.026,1
Gsdma3,0.17270333198762,1.56230895427944,0.031,0.013,1
Gsap,0.172865561455176,-0.501109633907508,0.113,0.111,1
Ammecr1,0.172884446224713,0.999242618593378,0.088,0.038,1
Mndal,0.172895451713223,0.403811830794057,0.119,0.074,1
Tm7sf3,0.172941641631986,-0.482211100428824,0.075,0.07,1
Cln3,0.172967450081044,1.33369415070373,0.031,0.016,1
Pald1,0.173012348916617,0.498682050391135,0.145,0.078,1
1700007K09Rik,0.173100553668027,2.24670951628332,0.019,0.005,1
Tsn,0.173102914763775,-0.410148265914986,0.013,0.02,1
Susd5,0.173148273211439,0.987320338979818,0.088,0.032,1
Prokr2,0.173158456454026,0.600017518776854,0.101,0.048,1
Cldn20,0.173275646361054,2.13107607503351,0.019,0.003,1
Bmp2,0.173366428173718,-0.270314423008271,0.025,0.036,1
Penk,0.173378187910118,-0.650655452495346,0.031,0.037,1
Naa40,0.173383644619806,-0.714472989697104,0.019,0.027,1
Clstn3,0.173396723116073,-0.337404010514334,0.044,0.044,1
Lonrf3,0.173505738284889,1.40252352974491,0.069,0.018,1
Ceacam5,0.173528766378234,-0.710215512968666,0.019,0.025,1
Dirc2,0.173730894493121,0.582337648496718,0.126,0.057,1
Timp3,0.173782777704351,1.10291665484594,0.075,0.035,1
4933426M11Rik,0.173828746705888,1.06962595731007,0.082,0.033,1
Lbh,0.173852831963476,-0.601386209746163,0.019,0.032,1
Fam107b,0.173872956342666,0.333290304404074,0.189,0.104,1
Fbxo8,0.173939415412493,0.463758930803818,0.145,0.076,1
Dcps,0.17402732989424,0.787579921735116,0.075,0.037,1
Arfgef2,0.174099403495466,-0.321372637615729,0.057,0.063,1
Vti1a,0.174202662878,-0.279197120800719,0.208,0.158,1
Ggps1,0.174218916896463,-0.733813541714204,0.031,0.043,1
Ntrk3,0.174272929253603,0.310416307837187,0.365,0.254,1
Lyrm2,0.174311877373502,1.41647365456876,0.038,0.012,1
Capn5,0.17451038696152,-0.682357463333446,0.063,0.067,1
Gdf15,0.17452989986462,-0.17626313025225,0.013,0.026,1
Nav1,0.174546909947273,-0.555835273451994,0.107,0.107,1
Bcl7b,0.174649180107526,-0.5945032138628,0.013,0.022,1
Casz1,0.174649680122154,0.631814780904916,0.132,0.067,1
Mcm9,0.17499288480792,0.300747350995592,0.27,0.138,1
0610009O20Rik,0.175002903693399,1.19487750344806,0.063,0.021,1
Sema4g,0.17500693950668,-0.197658734285563,0.013,0.018,1
Svep1,0.175012086918485,-0.377551684307493,0.189,0.174,1
Mief2,0.17502753443781,0.166257073182702,0.006,0.013,1
Rnf130,0.1752157871462,-0.414398019396382,0.031,0.039,1
Rhox6,0.175285536501749,2.57671513860976,0.013,0.002,1
Slc25a13,0.175310311543478,0.338387733991538,0.371,0.241,1
Twist2,0.175322765486241,0.897499181146013,0.082,0.034,1
Hspb8,0.175363624565329,-0.243358123903997,0.019,0.016,1
1110004E09Rik,0.175374068270444,-0.225319376109955,0.013,0.019,1
Ncln,0.17538124350666,-0.334867814673281,0.019,0.023,1
Oprd1,0.175563490375902,1.22314345122576,0.044,0.02,1
Ammecr1l,0.175596906447944,-0.482598536054642,0.044,0.045,1
Prkg2,0.175660905966549,-0.3898895581564,0.126,0.139,1
4921524L21Rik,0.175777088039674,-0.577371953908589,0.05,0.059,1
Dnajb1,0.175777612399943,-0.28850028216736,0.025,0.032,1
Sstr1,0.175789793736062,-0.732345416069959,0.006,0.016,1
Npnt,0.175944570962485,-0.611709096569097,0.157,0.147,1
Taf2,0.175963565386701,-0.479698249756436,0.107,0.118,1
Zfp959,0.176153420218498,-0.233853647443958,0.013,0.017,1
Sntn,0.17615483578685,-0.404288901951859,0.013,0.019,1
Zfp784,0.176168526339979,0.452641099425195,0.006,0.01,1
Ripply2,0.176228858018746,-0.320382396964949,0.006,0.014,1
Cdkn1b,0.176247214717576,0.564966314877149,0.006,0.01,1
Cep41,0.176298576891619,-0.749972155737939,0.057,0.054,1
Vmn2r108,0.176301142807161,-0.369539657042045,0.006,0.017,1
4930555F03Rik,0.176434636199903,0.20366586661027,0.333,0.201,1
Magel2,0.176475130050813,-0.44120868406133,0.006,0.011,1
Lcn5,0.176618200292902,1.92274499378704,0.013,0.007,1
Ifi202b,0.17674339120793,-0.443837614179794,0.031,0.042,1
Tubb4b,0.176750407243392,-0.538839188552378,0.019,0.032,1
Sox7,0.176854457024719,1.89059427463473,0.019,0.004,1
Ndnl2,0.176968980160206,-0.452652784977256,0.013,0.018,1
Gjc2,0.177034643521024,-0.313011904917651,0.006,0.015,1
Vsnl1,0.177092855705358,0.350569550800461,0.245,0.149,1
Mrps18c,0.177112864009583,-0.581959711741445,0.019,0.029,1
E130012A19Rik,0.177130786360358,0.142371671897356,0.006,0.01,1
Dusp14,0.177166878525534,-0.612589092076071,0.006,0.021,1
Ttc6,0.177222702064389,0.322518741938564,0.245,0.178,1
Gm8909,0.177252652517462,2.37795638346011,0.019,0.002,1
Parp2,0.177282001093694,-0.655553936035743,0.038,0.048,1
Phf19,0.177326864499158,0.427983431810405,0.182,0.103,1
Klhl12,0.177362884312567,0.933079914899045,0.063,0.032,1
Gas2l1,0.17742905314565,0.264220226604826,0.006,0.013,1
Ypel5,0.177434337415112,-0.630037821473552,0.069,0.07,1
Olfr612,0.177511754488475,1.9061765135394,0.019,0.004,1
Chst15,0.177681603976751,-0.331906035281987,0.063,0.075,1
Sele,0.177723248809788,1.22789889402737,0.044,0.017,1
Scgb1c1,0.177758190308525,-0.103900016043187,0.006,0.012,1
Tekt3,0.177792965496508,1.13449565634557,0.05,0.024,1
Adam22,0.177862961786573,0.173990763431972,0.415,0.305,1
Grin1,0.177900016161829,-0.431884082867343,0.019,0.02,1
Akt2,0.177911097684425,-0.745250575889184,0.057,0.05,1
Tmigd1,0.177933115862881,1.80474992717222,0.019,0.009,1
Gprin2,0.178151257439147,1.61681734204719,0.031,0.013,1
Fasn,0.178151384988708,-0.487990444993428,0.031,0.035,1
Brinp1,0.178187903731475,-0.466108901305468,0.27,0.263,1
Gm28048,0.17826734118369,0.432527069732198,0.264,0.142,1
Rpl35,0.178274989896681,-0.538916930346628,0.006,0.016,1
Amer2,0.178310589972013,1.72324844864391,0.025,0.007,1
Rasgrf1,0.178315640522959,-0.451496289978034,0.17,0.15,1
Psmc3,0.178320138279576,-0.242850593892554,0.013,0.02,1
Mesdc1,0.178364468998205,-0.281555532528172,0.006,0.013,1
Xpo4,0.178376859823706,-0.520174642036127,0.075,0.078,1
1700102P08Rik,0.178493293950559,1.81059608172334,0.031,0.009,1
Pnma5,0.178631917480615,2.11551665974936,0.019,0.004,1
Lipt2,0.178651877259741,1.14591103620315,0.05,0.018,1
Vwa3a,0.178724491152674,0.354239054025117,0.17,0.095,1
Chl1,0.178856328100959,0.238879243541164,0.384,0.242,1
Scn11a,0.178885522232152,0.609625244810817,0.113,0.056,1
Nr1d1,0.178929073057833,1.88052596839417,0.025,0.009,1
Mettl21a,0.178945463779888,1.251537326594,0.057,0.024,1
Vipr1,0.178953901562479,-0.490572262331782,0.025,0.033,1
Amz1,0.179014939010969,-0.282071256053967,0.025,0.034,1
Cpa2,0.179076134982496,-0.594661803850346,0.013,0.021,1
2010107G12Rik,0.17907906479779,-0.443301424405608,0.038,0.039,1
Ankrd9,0.179208785087783,-0.684439600173029,0.019,0.027,1
Armcx4,0.179406146304475,1.27354241337157,0.044,0.016,1
Cfap69,0.179436575727597,0.291587923227662,0.252,0.137,1
Ly6g6c,0.179456983873142,2.01888466214967,0.013,0.004,1
Abhd3,0.179569709741454,0.634651716089838,0.113,0.068,1
Sept8,0.17963796591124,-0.162128286333542,0.019,0.022,1
Brpf1,0.179704799699471,-0.44036265496285,0.031,0.053,1
Rsph10b,0.179709838981512,-0.314506839477434,0.057,0.06,1
Dbx2,0.179753617507293,1.49181651396585,0.05,0.014,1
Tbc1d24,0.179936962334373,-0.642608767063893,0.038,0.042,1
Atp5sl,0.179945121314785,-0.0912240406461944,0.006,0.011,1
Bora,0.179995612371281,0.543704689991889,0.132,0.071,1
Osbpl9,0.180004369600586,0.764520647143818,0.119,0.07,1
Zfp87,0.180105421770004,1.32787006666165,0.044,0.022,1
Naip5,0.180133324541135,-0.505631753990075,0.013,0.026,1
Cd19,0.180196277054961,1.78988469933909,0.019,0.008,1
C2cd2,0.180198912784044,0.598117855859421,0.145,0.082,1
Canx,0.180259512666309,0.999349074586262,0.05,0.028,1
Dlec1,0.180285169259153,-0.474982348645344,0.044,0.041,1
Defb39,0.180300874997207,1.58466313487545,0.025,0.008,1
Smad6,0.18030325924581,0.758444860364713,0.088,0.051,1
Jazf1,0.180316765401366,-0.341151715413491,0.264,0.227,1
Slco4a1,0.180374121839477,-0.242197865283872,0.038,0.037,1
Nfil3,0.180454036669699,-0.310630465156876,0.025,0.029,1
Smad1,0.18050470877933,-0.562633700175852,0.082,0.071,1
Fbxl19,0.18071408403003,-0.637056064800402,0.057,0.055,1
Gpatch11,0.180754343629868,-0.678645634731471,0.057,0.063,1
Cxcr4,0.180777211506534,0.0183385422692242,0.006,0.013,1
Trpm6,0.180799781565642,0.360490766926227,0.233,0.15,1
Mrpl22,0.180815683564176,1.76553552197579,0.031,0.008,1
Ptpn11,0.180968973423661,0.0636562219870775,0.025,0.037,1
C2cd5,0.181056410160374,-0.568563202490237,0.151,0.128,1
Diras2,0.181058947914197,-0.605987406197193,0.013,0.026,1
Tmem125,0.181085185733175,1.99004917006269,0.019,0.006,1
Alkbh8,0.181116295462415,0.381825427778325,0.214,0.123,1
Lrp11,0.18118408775827,-0.677924880889696,0.057,0.063,1
Hgs,0.181228710708655,-0.667408590198573,0.013,0.02,1
Slc2a2,0.181240180587575,0.907541753430243,0.088,0.036,1
Nup160,0.181257942813919,0.558766214306607,0.132,0.06,1
Defb33,0.181566098877897,2.03310385534693,0.013,0.006,1
Zranb2,0.181593672489727,0.816366114078202,0.082,0.027,1
Scarf1,0.181616634859943,1.50207569489775,0.025,0.01,1
Gm6904,0.181620233050786,1.3578020624624,0.031,0.016,1
Ahcyl1,0.181678567998226,1.14902941081057,0.069,0.033,1
Gtf3a,0.18175474840696,-0.0983618343673491,0.013,0.016,1
Hexa,0.181811190053437,1.36864300553301,0.038,0.019,1
1700048O20Rik,0.181815095727579,2.40728399299497,0.013,0.002,1
A930009A15Rik,0.181838486266066,-0.668984103921914,0.013,0.026,1
Amer1,0.182039130130491,1.141660565369,0.063,0.027,1
Fam134a,0.182085825793062,-0.2933551274479,0.013,0.02,1
Cldn23,0.182178341585088,1.94628328232184,0.031,0.006,1
Ccdc124,0.182215844545544,-0.502580335251701,0.006,0.018,1
4930597O21Rik,0.182226768207276,-0.198184900474343,0.006,0.013,1
Derl2,0.182273959681551,-0.568879702251486,0.019,0.032,1
Gxylt2,0.182354413802978,0.604665629771173,0.126,0.065,1
2810403A07Rik,0.182372444433681,-0.536395434919222,0.006,0.017,1
Gmnn,0.182486956910916,1.11495090076621,0.038,0.016,1
Tcaim,0.182526373067927,-0.537152583825501,0.031,0.037,1
Fam46a,0.182529408173311,1.21466533483282,0.057,0.029,1
Plaur,0.182543318385867,-0.632265844641377,0.013,0.018,1
Bcl6,0.182610846154222,1.02100848177613,0.069,0.029,1
Toporsl,0.182742515763576,-0.747559107182649,0.019,0.027,1
Bcl2l13,0.18277369075566,0.604713098390281,0.107,0.056,1
Fkbp4,0.182799454229408,-0.327305987877517,0.019,0.023,1
Chdc2,0.182812688740536,1.16177012308362,0.038,0.016,1
Gpr126,0.18284194177013,0.196799103855879,0.321,0.209,1
Zfp90,0.183005447671976,1.51775828941151,0.031,0.021,1
Afmid,0.183329108685018,1.23128197080791,0.05,0.018,1
Lhfpl2,0.183333580887183,0.531659727253854,0.176,0.089,1
Ankrd40,0.18335936051668,-0.0183844654353669,0.006,0.012,1
Baiap3,0.183368787288774,1.45239150158842,0.044,0.01,1
Snd1,0.183373640947455,0.285662644170244,0.421,0.309,1
Dock8,0.183380930803598,0.353009234904298,0.233,0.146,1
Acot8,0.183438877989864,-0.228384340771358,0.013,0.019,1
Tubb4b-ps1,0.183545603302879,2.22533244009877,0.013,0.004,1
Kcna1,0.183630679527861,0.192964141721162,0.019,0.015,1
Ccnd1,0.183652943977391,1.21468803154951,0.038,0.015,1
Thbs3,0.183733168679674,-0.0586838548712541,0.013,0.023,1
Ptpn12,0.183780358734552,-0.540898836599339,0.063,0.081,1
Edn3,0.183863204655518,-0.860567643719601,0.025,0.032,1
Kank2,0.183944615171549,0.91267955531942,0.075,0.037,1
Atp5b,0.183965886620988,0.308102572911047,0.006,0.011,1
Tfb2m,0.184054101566432,-0.598670423875677,0.025,0.038,1
Lect1,0.184122024482476,-0.541512214014095,0.044,0.045,1
Sh3tc2,0.184250403712278,0.551599476854229,0.17,0.089,1
D13Ertd608e,0.184272271406708,1.78352872011374,0.025,0.006,1
Slc17a7,0.184303434111184,-0.176406870040355,0.006,0.015,1
Letm1,0.184385874238844,1.12690453532231,0.075,0.035,1
Tspan1,0.18445331626088,1.53276788268414,0.019,0.009,1
Miip,0.184462709398714,1.1977768251835,0.044,0.024,1
4930468A15Rik,0.184502428725945,-0.451101879731985,0.031,0.044,1
Neil3,0.184670565426576,0.351296165834964,0.214,0.118,1
Dtnbp1,0.184711412083094,-0.458785655962789,0.025,0.038,1
Gm21981,0.184762715843483,-0.665195580361158,0.038,0.043,1
Mrpl24,0.184768080123397,1.63503043411878,0.025,0.007,1
Vmn2r72,0.184786729284701,1.29568020011288,0.025,0.012,1
Kiz,0.184859896481539,0.494950231729334,0.182,0.103,1
Vmn1r25,0.184897653495072,1.8345532738769,0.019,0.005,1
Atp10a,0.184919332394735,-0.357872167824033,0.233,0.242,1
Cryzl1,0.18493641430303,0.682396268209688,0.094,0.048,1
Whsc1,0.185126451228899,0.735582193851261,0.088,0.035,1
Gla,0.185177738813824,-0.256027983280411,0.019,0.018,1
Topbp1,0.185195836798866,-0.475672727234819,0.038,0.057,1
Npffr2,0.185304583060482,0.486689690626718,0.132,0.066,1
Gpr6,0.185400626726441,1.91713362703575,0.019,0.005,1
Dync1li2,0.18545418098559,-0.696192697191869,0.031,0.037,1
Ficd,0.185505126029903,1.58650563270673,0.031,0.015,1
Kir3dl2,0.18552577680912,-0.618329138492917,0.025,0.038,1
Ambp,0.185561543297208,1.5526761889289,0.031,0.007,1
Nudt15,0.185573929231328,-0.529170253356897,0.069,0.065,1
Dynap,0.185596776712646,0.0725611568386109,0.006,0.012,1
Efhd2,0.185666228436995,-0.164289272838857,0.006,0.013,1
Srrt,0.18569546661554,2.39635424554686,0.013,0.004,1
Pdpk1,0.185748834095708,0.665616379715333,0.126,0.061,1
Rasgrf2,0.185959301415175,0.0977533086314062,0.459,0.299,1
Gcnt7,0.185967621190646,0.96077293778467,0.05,0.026,1
Pcf11,0.186098933233388,-0.756065262942333,0.025,0.035,1
Trib3,0.186144370129012,1.50398760872718,0.025,0.008,1
Galr1,0.186272586260224,-0.551888701206355,0.006,0.02,1
4430402I18Rik,0.186287867375985,0.569071806894105,0.126,0.064,1
Rai1,0.186333925457748,0.851655802692479,0.075,0.04,1
Dynlrb1,0.186374410765327,1.51792003779007,0.031,0.015,1
Vkorc1l1,0.186380915350747,0.616990997825232,0.138,0.083,1
Mfsd7b,0.186394874680492,0.713064748224518,0.088,0.037,1
Sfi1,0.186473008879775,-0.385296963453189,0.22,0.186,1
Osmr,0.186542903095673,-0.63828290420703,0.082,0.074,1
A4gnt,0.186580982343102,1.63558332346966,0.031,0.007,1
Mapk1ip1,0.186595873037758,-0.430395853043463,0.019,0.026,1
Samd13,0.186642507692767,-0.349500238220846,0.063,0.061,1
Ptx3,0.1866801834006,1.14305615315136,0.038,0.024,1
Blm,0.186780381048362,0.551387219439985,0.182,0.085,1
Nagk,0.18681946330808,-0.562380387901349,0.013,0.021,1
Tas2r115,0.186931544460383,2.52412093239199,0.013,0.002,1
H2-Q2,0.186966405782547,1.99472394838545,0.019,0.003,1
Exoc6b,0.186967096939979,-0.487570211712083,0.176,0.169,1
Pan3,0.187002907868296,0.908522704680578,0.101,0.06,1
Cdr2l,0.187088735383284,-0.163269942341287,0.006,0.013,1
Tbc1d4,0.187120121271983,-0.344844913278421,0.302,0.256,1
Pld6,0.187192003208241,2.50514729261738,0.019,0.004,1
Copb2,0.187199121093799,0.810496254310368,0.075,0.042,1
Vmn2r80,0.187253911316457,-0.798908184303736,0.031,0.04,1
Setd7,0.187333876909357,-0.533731480275913,0.031,0.038,1
1300017J02Rik,0.187383234379537,-0.533821875479509,0.044,0.053,1
A530054K11Rik,0.187395691079559,1.30209954943373,0.05,0.018,1
Banf1,0.187488085686565,0.128463733006766,0.006,0.01,1
Slc1a5,0.187577692548224,-0.290247888100305,0.013,0.016,1
Gphb5,0.187602760958522,1.30787389604285,0.038,0.01,1
Ddx58,0.187660049071813,0.715072964496786,0.101,0.046,1
Olfr172,0.18771449393413,2.43094607731882,0.013,0.002,1
Gria2,0.18773392748944,0.396576385948673,0.22,0.111,1
Ly75,0.18777295025196,0.443391399927811,0.164,0.097,1
Hsd3b7,0.187905863832036,-0.347558731253725,0.013,0.026,1
Ptges3,0.187923452879896,-0.0582646412274839,0.006,0.012,1
Elmod2,0.187942284689927,-0.483252606295756,0.069,0.078,1
Bend3,0.187972383587394,0.608717554205239,0.094,0.054,1
Arhgef40,0.188072519247961,1.31227028130107,0.044,0.021,1
Cxcr3,0.188129558609829,2.54727532714578,0.013,0.002,1
Zfp780b,0.188140707239271,0.381712082494542,0.006,0.01,1
Fzd8,0.188143973318405,-0.394247834184492,0.025,0.035,1
Syne2,0.188211181131614,0.24584596655473,0.421,0.303,1
Shox2,0.188236225740558,-0.274291862248892,0.006,0.013,1
Nfx1,0.188238204615382,0.760965669361232,0.126,0.054,1
Trp53bp2,0.188285966873542,-0.10428219206005,0.019,0.035,1
Galnt11,0.188302001912711,0.949433769143551,0.057,0.023,1
Unc79,0.18833725804043,0.379483582318835,0.283,0.195,1
Igsf21,0.188349905518753,-0.47879106642372,0.151,0.141,1
Mkks,0.188352389533947,-0.402996483690324,0.082,0.075,1
Prr23a,0.188443060368779,2.58613682927674,0.013,0.002,1
Sfrp5,0.188539161560385,2.05142298569468,0.019,0.005,1
Cav2,0.188567678044371,-0.400689037224996,0.025,0.031,1
Cxcl12,0.188681255325555,-0.612271132475407,0.031,0.034,1
Fbxo44,0.188723478099446,0.0116179942206971,0.013,0.02,1
Prkra,0.188730819900458,0.394729562711204,0.151,0.092,1
Asb18,0.188777248772715,1.04141484316219,0.063,0.026,1
Snap91,0.188834449799465,-0.38681855256076,0.182,0.184,1
Prdm6,0.188838369001632,-0.510546657853095,0.088,0.09,1
Mtif3,0.18888564550074,0.398300737738398,0.013,0.015,1
Gga3,0.188907575759485,-0.281847540573902,0.013,0.02,1
Mdfi,0.188924420368869,-0.492118375824909,0.006,0.015,1
Plekhm2,0.189041057884879,1.3731734107295,0.063,0.02,1
Btbd16,0.189052589396518,-0.459707953948557,0.025,0.036,1
Mmp1a,0.189063689734244,-0.115966683770264,0.013,0.022,1
Lrp2bp,0.189078015154671,0.5585753457382,0.113,0.048,1
Bgn,0.189205552451502,1.33969914426442,0.038,0.012,1
Rhob,0.189351336509181,-0.325646403962739,0.006,0.013,1
Alg12,0.189361232434601,-0.375665139524432,0.063,0.057,1
Pxk,0.189388873680283,-0.49754240104093,0.063,0.068,1
Ensa,0.189452797432841,-0.348857067505387,0.031,0.033,1
Nkpd1,0.189512881853602,1.72054160844863,0.019,0.006,1
Fut4,0.189545175888308,1.43956176675767,0.038,0.01,1
Med27,0.189559116334091,-0.499696715895065,0.094,0.09,1
Trim69,0.189559534557765,-0.675668541253319,0.013,0.028,1
Adora2b,0.189593182855423,0.0885024083258577,0.006,0.012,1
Gpr101,0.18969691382493,0.116615033443815,0.006,0.011,1
Lace1,0.18981570894036,0.497685266273359,0.201,0.107,1
Itgal,0.189838322615487,-0.423587256577692,0.038,0.045,1
Cwf19l2,0.189846513017723,0.482480002437481,0.164,0.115,1
E2f4,0.189873393459234,-0.0378806440237227,0.006,0.013,1
Ccnt1,0.189904532665192,-0.434042960038784,0.013,0.021,1
Diap1,0.189920689825024,0.391411805154461,0.252,0.144,1
Dok7,0.189932218622532,1.18843117264974,0.063,0.032,1
Rpl26,0.190102105284974,-0.308232443649345,0.013,0.017,1
1700001K19Rik,0.190159355702774,1.81273079402162,0.019,0.008,1
Sppl2b,0.190164421449368,-0.386135386933194,0.006,0.018,1
Grip2,0.19023481570764,0.576312133451648,0.132,0.067,1
Sgol2,0.190242238767424,0.657315099000707,0.132,0.06,1
Gm12942,0.190268537051224,1.48600934131956,0.031,0.01,1
Cox7b2,0.190304886786105,-0.419381744088414,0.113,0.113,1
Fam149a,0.190354688983497,0.525982409809435,0.151,0.09,1
Ahnak,0.190398081090236,-0.334462989863777,0.082,0.093,1
Map3k4,0.190421512238281,-0.704055626484048,0.069,0.068,1
Map1b,0.190441032766394,0.822352906407386,0.126,0.059,1
Ube2r2,0.190528590334911,-0.230839655516872,0.05,0.038,1
Tnfrsf11b,0.190611887308268,-0.544384604637727,0.05,0.067,1
Gareml,0.190614518419652,-0.411624689540608,0.013,0.023,1
Becn1,0.190678582376871,-0.300770866143685,0.019,0.024,1
Obox3,0.190697405521489,-0.51494086702465,0.006,0.015,1
Gcat,0.190742590809953,-0.437931501598929,0.025,0.029,1
H60b,0.190759026197877,0.489662616883054,0.182,0.101,1
Zfyve1,0.190816916364501,-0.345761830487794,0.025,0.038,1
Cd69,0.190868646050096,1.64106988686542,0.025,0.01,1
Nkd2,0.190873737060874,-0.408844129854905,0.069,0.061,1
Prorsd1,0.190894193278688,1.45159180414985,0.019,0.007,1
Tceal3,0.19089552997021,-0.505915367109598,0.05,0.057,1
Cdc26,0.190895696989001,-0.411816905355247,0.025,0.029,1
Tmprss11g,0.190901539220627,-0.592774450219802,0.057,0.057,1
Abcb7,0.190931840051392,0.336223708336664,0.17,0.069,1
Rilpl1,0.191002805266511,-0.335405641413859,0.019,0.024,1
Slfn1,0.19104019142265,2.27408630576411,0.019,0.003,1
Sep15,0.191110630140859,-0.427620962495666,0.031,0.032,1
Dhrs4,0.19113647999861,-0.529304808248096,0.013,0.02,1
Sept11,0.191232971825868,0.525915457178612,0.157,0.09,1
2310061N02Rik,0.191242996225259,2.25412702391115,0.019,0.003,1
Cep192,0.191276514517961,0.585630489452629,0.157,0.101,1
Rnf139,0.191304477795459,-0.567614227707884,0.025,0.035,1
Srrm4,0.191328567080417,0.58202909577987,0.151,0.083,1
Tchh,0.191459274664807,-0.789548359208516,0.013,0.017,1
Casq2,0.191466960363521,-0.553336928482475,0.031,0.042,1
Hira,0.191519894777716,-0.404436465462108,0.132,0.118,1
Zfp85,0.191614086896528,-0.499453446870231,0.006,0.016,1
Mstn,0.191644941327502,-0.308329519783169,0.013,0.021,1
Plce1,0.19180312939621,0.464498488488335,0.214,0.122,1
Mknk1,0.191849806043854,0.831210816030032,0.082,0.032,1
Recql5,0.191850168430337,-0.280677492711195,0.038,0.044,1
Gpr157,0.191915149032266,-0.374167368747732,0.025,0.028,1
Vangl1,0.19196907981662,-0.647337127276537,0.038,0.05,1
Hypk,0.192076026784174,2.90201387840658,0.013,0.002,1
Cluh,0.192275939136624,1.36609887341129,0.038,0.01,1
Slc7a1,0.192383552893016,-0.422680708701301,0.088,0.067,1
Map3k14,0.192476727569723,0.803430477814945,0.101,0.049,1
Epm2aip1,0.192545944886115,-0.404291429722215,0.025,0.029,1
Cdh8,0.192692938969429,0.127016932832203,0.572,0.394,1
Fez1,0.192741023347367,-0.599738627414849,0.05,0.053,1
Emg1,0.192755012593533,1.27537797569979,0.038,0.012,1
Trappc13,0.192862489953993,-0.412918250259232,0.057,0.06,1
Ppox,0.192877272858705,0.281866239728597,0.006,0.01,1
Prss23,0.192900808527558,-0.577264559721942,0.019,0.025,1
Kcnv1,0.192972758147081,-0.504770411388851,0.013,0.028,1
Qpct,0.192995431215094,0.837470845646797,0.075,0.025,1
Pikfyve,0.193035563248827,0.320753919369738,0.208,0.11,1
Tmem178,0.193105196401634,0.610404214694585,0.126,0.063,1
Dnajc22,0.193107815383248,1.69333768283614,0.025,0.01,1
Zzef1,0.193147706053491,0.545617740974767,0.164,0.106,1
Tbpl1,0.193160297916808,-0.630455682976605,0.063,0.074,1
Tbcd,0.193176432392886,-0.36823181831051,0.182,0.18,1
Crtap,0.193184832269358,-0.65596214615884,0.025,0.031,1
Nlrp4b,0.193258889626771,-0.757264834904778,0.019,0.027,1
PCDHGB6.3,0.19335740882699,1.30830987192068,0.031,0.013,1
Asic4,0.19337797730668,-0.396686632112707,0.019,0.026,1
Ptar1,0.193389287447602,1.38627911075438,0.05,0.018,1
Spr,0.193408105121246,1.25788475944538,0.038,0.015,1
Wfdc17,0.193488658607985,1.90879770463441,0.013,0.004,1
Gsk3a,0.193539785984763,-0.362992205154335,0.006,0.022,1
Siah1b,0.193562076174183,1.11526298442512,0.044,0.021,1
Prpf19,0.193613062806468,-0.509836099808588,0.025,0.035,1
Jph4,0.193655411312153,-0.203713180721257,0.006,0.013,1
Decr1,0.193766227781336,0.542514057471876,0.138,0.06,1
C3ar1,0.193792518624217,2.3056638433828,0.013,0.004,1
Rtp4,0.193810093085908,1.66061029617687,0.019,0.007,1
Gadd45b,0.193832494654198,-0.408148349012826,0.013,0.021,1
Pgm2l1,0.193860073938915,-0.436329459509726,0.044,0.05,1
Muc5b,0.193965715168006,-0.572518151792756,0.063,0.056,1
Mbtd1,0.194015008469139,0.629912457352655,0.119,0.062,1
Nynrin,0.194092933878018,0.760609141632945,0.082,0.043,1
Spa17,0.194106867133398,-0.595197616007813,0.031,0.035,1
Fermt1,0.194126961925246,0.729393091603767,0.075,0.049,1
Xkr5,0.194200168485637,-0.661604577871939,0.05,0.053,1
Gm17175,0.194204688948199,1.740483986525,0.025,0.005,1
Skint9,0.19423340974637,-1.00805972117478,0.019,0.027,1
Gca,0.194244465891087,0.537162714988259,0.132,0.063,1
Lrrc63,0.194299058312796,0.645907260148103,0.101,0.055,1
Ces1g,0.194301053508224,1.08242766063503,0.05,0.029,1
Hnrnpk,0.194345137310142,1.42192455496037,0.044,0.016,1
Mrpl32,0.194353482093658,-0.286394421600458,0.038,0.036,1
Synpo,0.194357610483183,-0.458524796191765,0.088,0.084,1
Kbtbd8,0.194447096714026,-0.53627845566812,0.05,0.047,1
Atp5s,0.194487044362735,-0.317872776062512,0.025,0.029,1
Rapgef3,0.194564353711045,-0.255355962624022,0.013,0.016,1
Fuca2,0.194582782428522,0.571927265002253,0.113,0.053,1
Kif26b,0.194633083167409,0.18322675567064,0.459,0.335,1
Cd109,0.194654125422138,0.311670298512905,0.208,0.129,1
Bbc3,0.194691289520147,-0.383221696108013,0.013,0.024,1
Gars,0.194713877744246,0.428014782198817,0.126,0.068,1
Map3k3,0.194746306859483,-0.511614787167403,0.075,0.07,1
Stap2,0.19475202505341,2.25014363515451,0.013,0.009,1
Vps11,0.194767311054449,0.0193983460031948,0.006,0.011,1
Olfr1288,0.194778560414608,2.56820953964866,0.013,0.002,1
Akr1c6,0.194794989773773,-0.571364150770579,0.019,0.027,1
Ybx1,0.194856898947394,0.890542734444773,0.069,0.032,1
Lix1,0.194867752952799,0.717017551732818,0.101,0.043,1
Pold1,0.194956966726466,0.717919064846093,0.075,0.04,1
Dbp,0.195065657512081,-0.467116406032439,0.019,0.027,1
Ppm1k,0.195179846090534,0.56522669905276,0.119,0.052,1
Eif2ak1,0.19519352897388,0.722714505365411,0.119,0.053,1
Tecpr2,0.195347063750284,-0.332479403640199,0.088,0.088,1
Clcn2,0.195450660151533,-0.392559193204742,0.031,0.037,1
Ehhadh,0.195465370792471,0.805128315250124,0.069,0.034,1
A430093F15Rik,0.195465582514251,0.793065179983718,0.094,0.043,1
Dync1i1,0.195614852265156,0.15020686445731,0.585,0.395,1
Krt28,0.195667488915834,1.52346419163892,0.038,0.015,1
Rspry1,0.195703916172479,0.814167775982781,0.094,0.039,1
Serpinb3a,0.195721331439076,2.14165485068329,0.013,0.005,1
Kif2b,0.19574100495722,2.25093834632004,0.013,0.004,1
Gpsm2,0.195839734638787,-0.411103951112084,0.038,0.048,1
Mdm1,0.195924449554658,-0.339271344342427,0.101,0.1,1
Slc16a10,0.19599062916911,0.438941459066732,0.176,0.09,1
Cdc14a,0.196038408592581,0.21848897015744,0.34,0.2,1
Znf512b,0.196161060836622,0.212679989796215,0.006,0.013,1
Klk1b9,0.196453343549709,1.5409051636683,0.025,0.012,1
Ankrd6,0.196506453483304,0.328906103073747,0.245,0.137,1
Ces1e,0.196573922504835,1.01111497955749,0.063,0.026,1
Xrcc4,0.196662835128258,-0.45668130993173,0.377,0.333,1
Mtcp1.1,0.196693369375733,1.45036209549264,0.025,0.01,1
Setd5,0.196726817068351,0.871802018925597,0.075,0.034,1
Mfge8,0.196781484604277,1.15501002504887,0.057,0.025,1
Rpl15,0.196843007856111,-0.17656018501492,0.019,0.021,1
Mthfd2,0.196849921092527,-0.672626169549663,0.013,0.018,1
Usp9x,0.197022538182062,-0.15426822282722,0.025,0.028,1
Ttll1,0.197037845366031,-0.573873093384187,0.025,0.037,1
Zc3h15,0.197104349512592,0.796777968127934,0.063,0.028,1
Sprr1a,0.19733927365965,1.84338338986413,0.013,0.005,1
Slc2a1,0.197441117229067,0.915716973337315,0.075,0.038,1
Ace2,0.197482447017427,-0.436483392806925,0.05,0.057,1
Lrrc55,0.197556378249185,0.609145886475515,0.101,0.054,1
Pprc1,0.19756979354698,-0.198225168181509,0.019,0.027,1
Sbf1,0.19769091296553,-0.56104439875084,0.019,0.039,1
Ncdn,0.197699466664672,-0.514412012395844,0.019,0.024,1
Smarcd3,0.197773385911587,0.188890738875751,0.006,0.012,1
Zfp874a,0.197795489141532,-0.433558012937477,0.013,0.019,1
Zfp300,0.197854034553114,-0.379088156114622,0.006,0.013,1
Trip10,0.197931250200712,-0.341775423892925,0.05,0.067,1
Pcdhgc4,0.197938794127747,1.45166040731205,0.025,0.012,1
Olfr765,0.197985703243086,1.70860138948147,0.019,0.006,1
Inhbb,0.198087156947083,-0.335965027774232,0.006,0.013,1
Mrps14,0.198120298496865,0.826848572544717,0.082,0.047,1
Cers4,0.198223134916994,-0.577245315819341,0.088,0.104,1
Theg,0.198272526826108,-0.474183423903751,0.013,0.02,1
Mtnr1b,0.198283157982432,0.52679919329617,0.119,0.068,1
Aoc1,0.198378006582294,1.38955114467247,0.031,0.01,1
Dlg3,0.198411203995067,0.674803678064486,0.094,0.038,1
Tor1aip1,0.198512765446939,1.10392912350838,0.075,0.029,1
Fam160a1,0.198577769322098,0.177344498358865,0.346,0.214,1
Rc3h1,0.198592748020437,-0.603274550940771,0.057,0.057,1
Mmachc,0.198594240603373,-0.289408782373131,0.006,0.013,1
Yeats4,0.198612048434685,-0.155776465613899,0.025,0.034,1
Gstm1,0.198753532072141,1.20028540843451,0.05,0.017,1
Tmem245,0.198772504764531,0.599497862525134,0.119,0.06,1
Pik3cb,0.198823628929226,0.353188590826905,0.195,0.127,1
Med8,0.198945753535591,-0.191804747750464,0.006,0.01,1
Ddx4,0.198964635727876,0.613359930388504,0.132,0.062,1
Dnajc19.1,0.199020833086994,1.61266484216065,0.031,0.013,1
Zfp316,0.199079953614585,1.64271279815518,0.031,0.01,1
Ccdc162,0.199114263703448,0.345163375078562,0.195,0.123,1
Wrb,0.199116293666356,-0.580117900817204,0.031,0.029,1
Inip,0.199144159162456,-0.391168297006827,0.038,0.051,1
Prickle4,0.199253062769285,-0.550500612542606,0.031,0.037,1
2610002M06Rik,0.199415278208911,0.95496570484583,0.075,0.043,1
Taf1c,0.199468943035393,1.28881911711417,0.044,0.016,1
4930522L14Rik,0.199637405863762,2.3159397216015,0.013,0.004,1
Sspn,0.199653381048738,-0.468628410040489,0.031,0.031,1
Cdca7l,0.199709587594453,0.312587881619994,0.201,0.123,1
Espnl,0.199987412509479,-0.255646749721141,0.019,0.027,1
Spg11,0.200019322129203,-0.372815518526911,0.069,0.065,1
Mogat1,0.200074756719087,0.834912728258558,0.057,0.02,1
Coro1a,0.200261527189436,-0.421771255940971,0.006,0.017,1
Lrriq3,0.200266151648475,0.229456356316638,0.296,0.2,1
Sdr16c6,0.200274955527137,1.05159903447088,0.057,0.029,1
Vrk2,0.200446065907967,-0.443038366191642,0.233,0.202,1
Necab2,0.20046241470772,1.05905280586078,0.075,0.022,1
Tex19.2,0.200492689978344,1.95534166779807,0.019,0.004,1
Zfp385b,0.200497169416026,-0.389598759180081,0.509,0.452,1
Fam84a,0.200538940559605,-0.656027154718577,0.019,0.034,1
Maea,0.200566863023756,1.46690726902392,0.038,0.016,1
Adamts10,0.200636893752469,-0.506913399603688,0.057,0.057,1
Boll,0.200720554202903,-0.551469628586128,0.094,0.089,1
Cluap1,0.200766915918294,0.402156187946166,0.138,0.067,1
Gmcl1,0.200847074872459,0.562203616740103,0.101,0.052,1
Asap3,0.200849806339154,1.00620412483677,0.063,0.029,1
Tmem156,0.200887297758953,1.04266596245023,0.069,0.026,1
Tlr3,0.200942320273667,0.901602335430019,0.057,0.022,1
Ccdc114,0.200948510452456,-0.60740372683729,0.025,0.038,1
Oip5,0.200950425156736,1.65367552580045,0.031,0.009,1
P2ry13,0.201018031226538,1.02104858767064,0.063,0.026,1
Klb,0.201031377257116,1.03262621633867,0.069,0.035,1
Maf,0.201057468397957,0.793467669758826,0.057,0.023,1
Sos2,0.201096478081334,0.762244510350678,0.101,0.049,1
Rbm14,0.201129714762521,0.30573822370525,0.006,0.01,1
1700017D01Rik,0.201157761251684,0.720474738110315,0.082,0.031,1
Mapkapk5,0.201175128730864,-0.100367662988729,0.013,0.023,1
Cap2,0.201194575282098,0.68715743965286,0.132,0.057,1
Pilra,0.201243275395947,-0.156908166612306,0.013,0.017,1
Gprc5b,0.201249398917576,-0.490568726580061,0.038,0.042,1
Gm11808,0.201264842826359,-0.222152826128262,0.006,0.014,1
Rgs9bp,0.20130285191688,-0.329517195523156,0.031,0.029,1
Lin7b,0.20132990549127,2.05275417890554,0.019,0.005,1
Exoc7,0.201351059935985,-0.25127863129338,0.019,0.024,1
D10Wsu102e,0.201371602512608,-0.0717445179986047,0.025,0.026,1
Sepw1,0.201383390198856,1.38891662999127,0.057,0.016,1
Bicc1,0.201506352273134,-0.43600465976477,0.214,0.166,1
Gpx5,0.201558903131141,0.379812120565738,0.013,0.012,1
Pla1a,0.201575282477801,0.892971195466239,0.075,0.035,1
Bend6,0.201582266670433,-0.556696791371962,0.05,0.053,1
Trp63,0.201606356317515,0.397819740255839,0.289,0.194,1
Lcn11,0.201607173700812,1.5886399031415,0.025,0.004,1
Bcl11b,0.201639759396964,-0.569250486434269,0.044,0.046,1
Zbtb4,0.201741907605164,1.63056256073071,0.025,0.013,1
Zfp664,0.201750331878453,0.973828620623585,0.069,0.036,1
Acsbg2,0.201848943581551,0.879108645487984,0.075,0.034,1
Cmtm2a,0.201871242538416,1.36757901126871,0.038,0.016,1
Rhoh,0.202080304935134,-0.542067213789824,0.038,0.036,1
Ypel2,0.202115173748741,-0.663220085053944,0.031,0.034,1
4930550C14Rik,0.202163224382353,-0.555997377121209,0.038,0.042,1
Dnlz,0.202284848705464,0.418670277173742,0.006,0.01,1
Gskip,0.202287388343458,-0.336772541498006,0.019,0.023,1
Memo1,0.20242188625012,-0.422752023798631,0.101,0.09,1
Tead2,0.202429619252748,-0.0233819797413659,0.006,0.014,1
Zfp579,0.202474339047874,1.51539240999814,0.025,0.012,1
Nek9,0.202509876066073,1.10236204762434,0.063,0.023,1
Ccdc107,0.202518295958165,-0.487760422224604,0.013,0.023,1
Prl5a1,0.202528360184902,-0.585314993277184,0.006,0.015,1
Spert,0.202561066507866,-0.0108806840240412,0.006,0.012,1
Ceacam10,0.202599907933735,0.0790005962134135,0.006,0.012,1
Nae1,0.20266111259622,0.855683910957358,0.075,0.034,1
Ywhaz,0.20269104599037,-0.382333259808306,0.031,0.033,1
Tekt5,0.202716533765876,0.750968775778324,0.132,0.054,1
Fbln5,0.202840994858476,-0.359637296377882,0.082,0.093,1
Tppp3,0.202867176351636,1.05186970564795,0.057,0.018,1
Syce2,0.202892105182534,0.0103238814250757,0.006,0.012,1
5530401A14Rik,0.203027112491727,1.29815502079035,0.05,0.02,1
Myeov2,0.203298303733516,-0.350198428509365,0.006,0.015,1
Fam217a,0.203304897126056,0.0264485410230293,0.006,0.01,1
Nek8,0.203316716914203,-0.53594210728004,0.006,0.023,1
Ccdc172,0.203383785866528,-0.589745279336787,0.038,0.045,1
Zgpat,0.203402659690498,1.04918664419666,0.044,0.016,1
Ankk1,0.20345615638605,1.80031433656722,0.019,0.006,1
Mfsd8,0.203571744493776,0.684070231052236,0.119,0.065,1
Epha4,0.203635542653406,-0.308983288156787,0.101,0.092,1
Cacnb4,0.203701429615768,-0.524765976766518,0.34,0.283,1
Mmp15,0.203769507329359,-0.345357871622135,0.019,0.026,1
Foxd2,0.203935032790789,-0.276479567674394,0.006,0.013,1
Aox2,0.204018419905897,0.503555523865177,0.201,0.106,1
Smarcb1,0.204042393775194,-0.265055150657272,0.019,0.023,1
Dnase2a,0.204123025552561,1.13961278137592,0.031,0.015,1
Mlec,0.204257518812617,-0.202724149003365,0.038,0.034,1
Tceb2,0.204275347199444,-0.094191996875078,0.006,0.013,1
Itgb8,0.204354662646588,0.409321373592674,0.201,0.116,1
Hpgd,0.204401794841903,-0.448845923161215,0.044,0.06,1
Emc10,0.204436578517124,-0.0741235961606668,0.006,0.012,1
Ush1c,0.204454583545589,-0.481051102293887,0.044,0.054,1
BC051076,0.204488194492589,1.70555022475262,0.019,0.004,1
Rps10,0.204510326668513,0.614691702724346,0.006,0.01,1
Cacng2,0.204530329902229,0.572773384223198,0.157,0.099,1
Zscan26,0.20462502730719,1.28343599753565,0.044,0.016,1
Ndufb10,0.204705103236162,1.5292184651011,0.031,0.008,1
Pnrc1,0.204728083274513,0.652192100506434,0.107,0.068,1
Ap1g1,0.204749159229963,-0.325069099403232,0.044,0.051,1
Pdcd11,0.204931646456933,0.488609732360994,0.126,0.061,1
Ndufa12,0.20495989306583,0.935749719746667,0.057,0.021,1
Ropn1,0.204999433054332,1.17721746673415,0.044,0.021,1
Gatad1,0.205060585755305,-0.573780162219453,0.025,0.027,1
Cgn,0.205086864137492,0.78702142843432,0.075,0.039,1
Ahr,0.20522653653927,0.481611729693223,0.145,0.093,1
Tex16,0.205239590228287,-0.374722477201868,0.063,0.07,1
Cenpm,0.20544110905136,-0.0859401994318754,0.013,0.03,1
Tm9sf3,0.205508815364618,-0.337753031987702,0.05,0.045,1
Gm10645,0.205527849476146,-0.297025457793716,0.025,0.031,1
4933406P04Rik,0.205530706652076,-0.210902561734878,0.038,0.04,1
Hhat,0.205571454663821,0.307498087645336,0.377,0.263,1
Gng10,0.205574094445304,-0.398509165996054,0.013,0.019,1
Ncoa5,0.205749988049798,-0.268519734805174,0.025,0.026,1
Hdhd2,0.205900739577109,-0.60002190790056,0.069,0.057,1
Acadm,0.205917338715363,0.524390078114297,0.113,0.065,1
Mecr,0.205928957573666,-0.447923722739276,0.05,0.042,1
Iqcg,0.20599537155296,-0.483116921893807,0.031,0.038,1
Ddx54,0.206180405388432,-0.61030249100509,0.05,0.061,1
Cd33,0.20620600811506,1.98939604450292,0.019,0.006,1
Scyl3,0.206245506761463,0.926084032587583,0.082,0.041,1
Otub2,0.20634244018869,0.618307517288289,0.113,0.054,1
Med12,0.206422519652136,-0.345772505367052,0.019,0.023,1
Uqcrq,0.206472970813744,-0.575143315671891,0.006,0.016,1
Gm11709,0.206598858972643,2.57185795648595,0.013,0.002,1
Tmc7,0.206611011854508,0.768215470453419,0.063,0.031,1
March2,0.206653267044086,-0.422042651678366,0.044,0.051,1
Slc38a4,0.206691932283699,0.520392425892172,0.094,0.046,1
Slc4a10,0.206761181756151,0.204344535805862,0.415,0.287,1
Ctrb1,0.206822413288154,2.46676493694972,0.013,0.002,1
Scnn1b,0.206839414513372,-0.640987230619272,0.075,0.077,1
Cntn1,0.206932706150861,0.404130815206411,0.302,0.183,1
Tspan18,0.206943989705921,0.512942359327365,0.157,0.097,1
Abcc1,0.207071068648109,-0.360894973963243,0.226,0.192,1
1700021K19Rik,0.207192230624814,-0.461999580807116,0.038,0.037,1
Nr2f2,0.20720903871828,-0.259039744480329,0.006,0.013,1
Rabgef1,0.207218851877044,0.963352222243894,0.075,0.037,1
Uroc1,0.207221587605044,-0.534937527770119,0.031,0.045,1
Prkci,0.207373075319946,0.423604771080321,0.164,0.084,1
Dnajc8,0.207578361791853,-0.239410805848303,0.013,0.016,1
Olfr732,0.207580545672822,2.52943321842133,0.013,0.002,1
Ubap2,0.207591852985766,0.606248880265744,0.176,0.094,1
Ccsap,0.207611687026616,1.37568823245402,0.044,0.016,1
Smc4,0.207616207266231,-0.413940029086819,0.031,0.045,1
Vmn2r102,0.207719828261139,-0.660805681987384,0.019,0.026,1
Traip,0.207745766424286,-0.335993320733458,0.05,0.057,1
Crybg3,0.207759940410457,-0.400788533069441,0.113,0.116,1
Xab2,0.207780993223646,-0.396696658606365,0.069,0.071,1
Adrbk2,0.207793665257299,0.988706332966347,0.069,0.031,1
Msantd2,0.207806974593449,0.674805123293183,0.094,0.048,1
Ccdc85c,0.207914372414564,-0.303353146825486,0.063,0.062,1
2010315B03Rik,0.20792495410252,-0.219476147180153,0.006,0.015,1
Slc51a,0.207972887502359,0.0624133137986549,0.006,0.011,1
Olfr1272,0.207988944706176,1.99857091970344,0.013,0.002,1
Kdelc2,0.208010780960774,0.752087125456204,0.101,0.048,1
Ubl7,0.208055169223487,-0.141510918183324,0.013,0.026,1
Ccdc151,0.208055468733323,-0.693251124632481,0.038,0.037,1
Fgd1,0.208079331905026,1.30015058415173,0.038,0.015,1
Hpd,0.208104656692484,1.31409816890941,0.025,0.009,1
Fbxo31,0.208159448761255,-0.359304299117782,0.031,0.04,1
Cmc1,0.208295307828797,-0.445973804091914,0.063,0.057,1
Natd1,0.208350603102083,-0.382417141356367,0.006,0.013,1
Txnrd3,0.208365082295677,0.52609915043019,0.119,0.061,1
Pla2g4a,0.208494606990563,-0.48994602308886,0.239,0.211,1
Rgcc,0.208521114132762,-0.585802745457591,0.013,0.022,1
Tmprss11e,0.208628258631482,0.558096948789729,0.101,0.055,1
Creb5,0.208655249609806,-0.392862593212873,0.069,0.072,1
Irf9,0.208656241999674,1.42009378749818,0.031,0.013,1
Actr2,0.208747207750738,0.598557930242358,0.113,0.046,1
Olfr64,0.208862744594233,1.98214919531325,0.013,0.003,1
Ampd3,0.20889982077959,-0.585393273577636,0.05,0.06,1
Eps15l1,0.208981063429886,0.418464097987901,0.17,0.083,1
Tmsb15a,0.209080477982942,2.34471549693662,0.013,0.004,1
Sh3yl1,0.209087438242382,-0.573392372625476,0.126,0.115,1
Suv420h2,0.209090259802284,-0.492796443910796,0.031,0.042,1
Urod,0.209239949229044,1.53840854693066,0.025,0.014,1
Rnf14,0.209244282617129,0.820300060308156,0.05,0.02,1
Zfp385a,0.20926125399128,-0.382906549010019,0.031,0.038,1
Flnb,0.209314851194939,-0.533599023561679,0.164,0.153,1
Ndufb2,0.209378792341679,-0.0512232981109522,0.019,0.016,1
Prr15,0.209436591417342,2.53370192069553,0.013,0.002,1
Spata22,0.209482447898433,-0.315639014560737,0.019,0.02,1
Elf2,0.209488004993213,-0.47993509672559,0.063,0.06,1
Naa15,0.209517502250425,-0.49107936589839,0.038,0.04,1
Oaf,0.209539415460632,-0.280851548623829,0.013,0.018,1
Ccdc96,0.20965677455032,-0.390351742740017,0.025,0.031,1
Cmah,0.209696174947116,0.55749722213974,0.189,0.093,1
Tma16,0.209757646785127,-0.493785632067115,0.063,0.062,1
Ubxn10,0.20978908611517,1.29167970054124,0.057,0.021,1
Akap14,0.209820631350752,1.16248412604799,0.038,0.014,1
Mrgpra1,0.209832795068664,-0.40934263251006,0.006,0.012,1
Gm6471,0.209840487925243,0.952452309991879,0.057,0.016,1
Gabrb1,0.209868612230418,0.332394466212479,0.352,0.225,1
Lifr,0.209873477736848,0.749535786551221,0.113,0.056,1
Otud7a,0.209967980887454,0.101396719409086,0.447,0.322,1
Lrp6,0.210033665721467,0.770625072603578,0.088,0.045,1
Degs1,0.210048410498271,-0.249073790869265,0.006,0.012,1
Ulbp1,0.210119013147182,-0.37848401201307,0.044,0.045,1
Rgs1,0.210180278953308,-0.311898324189765,0.006,0.022,1
Ddah2,0.21029443563586,-0.227951406503282,0.006,0.015,1
Mta1,0.210486619513436,0.836019371340026,0.063,0.033,1
Tmem198,0.210491067866293,-0.437990171644179,0.025,0.032,1
Cetn2,0.210692979107471,1.08820209237038,0.044,0.015,1
Ppp2r5a,0.210849531835121,-0.241734527311236,0.057,0.061,1
Adam9,0.21088219481164,-0.437279680810623,0.138,0.14,1
Edaradd,0.211052778853043,0.320512137708424,0.176,0.11,1
Aanat,0.211153145585264,-0.610009487589566,0.019,0.031,1
Ears2,0.211191442130465,0.540862934631156,0.126,0.068,1
Rab11fip5,0.211249336151775,-0.393359967264688,0.038,0.043,1
Eif6,0.211332811283053,1.31288695465286,0.025,0.01,1
Lmln,0.211367054827676,0.704476226611888,0.126,0.061,1
Kif5b,0.211459269817976,-0.387062171140528,0.013,0.033,1
Upp1,0.211482179983815,-0.441091282884319,0.044,0.06,1
Agtr1a,0.211549803072082,-0.67280174453181,0.031,0.049,1
Gm21847,0.211571934891171,0.314656654038003,0.189,0.104,1
Thap8,0.21157956729884,-0.65273977690563,0.025,0.031,1
Papss2,0.211637224643096,-0.514398699898425,0.057,0.063,1
Lgals8,0.211645881753847,-0.404423685026493,0.069,0.069,1
Tspan10,0.211691115173727,1.83066882741979,0.013,0.007,1
Ing1,0.21172594976541,-0.221113107387104,0.057,0.062,1
Col25a1,0.211732653684288,-0.213920410486514,0.428,0.377,1
Gm16223,0.211791218540703,0.325872133940187,0.239,0.156,1
Ugt2b36,0.211920793953563,-0.763304886079317,0.025,0.031,1
Rnf144a,0.212017752628325,-0.354171133104485,0.063,0.078,1
Ccl28,0.212152026455346,0.770057455877651,0.063,0.032,1
Rassf5,0.21218226197252,0.426488380396298,0.126,0.076,1
Hist1h2ah,0.212357140272259,1.93677926898687,0.019,0.007,1
Hist1h2bk,0.212357140272259,1.93677926898687,0.019,0.007,1
Eno2,0.212357561122228,0.0366202589939899,0.006,0.012,1
Ifit2,0.212379783592494,-0.658501068174519,0.05,0.052,1
Gm10563,0.212402097172411,1.00436810620752,0.063,0.021,1
Baat,0.212442554816935,-0.657325121424242,0.013,0.023,1
Gm5577,0.212453198132707,-0.387352295423597,0.013,0.022,1
Dnajc28,0.212632441361238,1.45435144049237,0.025,0.009,1
Grhl3,0.212726620055183,-0.27520063056076,0.019,0.023,1
Selo,0.212752262318166,1.46335923011293,0.031,0.012,1
Asb5,0.212768522286961,0.576097688059867,0.132,0.055,1
Polr2i,0.212807602587438,-0.102240439035788,0.006,0.018,1
Dicer1,0.212837908051044,-0.390821843509203,0.057,0.064,1
Gm6614,0.212910976673346,-0.545160147748147,0.044,0.063,1
Fam26d,0.212990099074561,0.0557950623667969,0.006,0.011,1
Atp6v1c2,0.213053052502094,0.665421086081889,0.094,0.049,1
Wac,0.213084206418138,0.497317909807586,0.101,0.066,1
Spag5,0.213087992768541,1.47151931068405,0.038,0.011,1
Nelfa,0.21320770054225,1.24864192561159,0.05,0.023,1
Clk2,0.213266877140354,1.79516471850773,0.025,0.01,1
Hbp1,0.213277649813666,0.583535956914366,0.119,0.067,1
Kif15,0.21342954314879,0.361801831973858,0.176,0.101,1
Tex26,0.213431073888537,0.754393549523926,0.063,0.026,1
Gramd3,0.213480488632478,-0.453003431608686,0.019,0.025,1
Hmcn2,0.213588099808237,-0.473595796435409,0.126,0.132,1
Dusp6,0.213597246720615,-0.409181802573787,0.006,0.016,1
Gna12,0.213675212853373,-0.351483290432258,0.038,0.042,1
Adipor2,0.213728478191147,-0.266161522634247,0.038,0.039,1
Nars,0.213769210640343,-0.504984485819568,0.038,0.036,1
Tbx5,0.21383306347451,1.3613363323094,0.044,0.018,1
Zfp282,0.214006673127529,-0.562211884559297,0.025,0.031,1
Wdr25,0.214093419291177,0.20897841430118,0.226,0.132,1
Ilf3,0.214116758715696,-0.172022906563865,0.019,0.029,1
Nap1l3,0.214123659652744,1.11809610570013,0.038,0.02,1
Slc25a54,0.214125279971392,0.86553938605893,0.082,0.035,1
Siah3,0.214223076733283,0.528715646689767,0.164,0.087,1
Vstm2b,0.214248197152463,-0.478009841530452,0.082,0.082,1
Abtb2,0.214385431668107,-0.549729809386242,0.069,0.059,1
Cep120,0.214491111018856,-0.435535453768429,0.107,0.103,1
Gm14221,0.214564712239648,1.03254316138327,0.069,0.026,1
Thg1l,0.214641885876751,-0.441818167046146,0.025,0.024,1
Oprl1,0.214687420289384,-0.498525035306858,0.013,0.019,1
Abca6,0.214694809889017,0.73294885060284,0.107,0.053,1
Prrt1,0.214696008733384,1.73319438280166,0.025,0.01,1
Ndufc2,0.214737050911306,1.67597288819103,0.031,0.009,1
Fbn2,0.214877029185483,-0.240293243686731,0.245,0.248,1
Trat1,0.214895331422417,-0.427873865115208,0.031,0.042,1
Coq7,0.214946518618994,-0.539047783030243,0.057,0.051,1
Rap1b,0.215000441617326,-0.480480264320955,0.057,0.056,1
Olfr1226,0.215072183443716,2.09410173416071,0.013,0.003,1
Arhgef1,0.215077127812882,0.807804805822284,0.075,0.037,1
Cradd,0.215101985509801,0.55002193063419,0.164,0.09,1
Ece1,0.215175609311198,0.898490802615506,0.119,0.054,1
D6Ertd527e,0.215217694537602,0.427549996866888,0.006,0.01,1
Tpm3,0.215288444250133,-0.430645259119981,0.019,0.024,1
Zswim7,0.215309403901924,1.07823412017506,0.05,0.021,1
Bcdin3d,0.215326709057694,0.0860964725358988,0.006,0.011,1
Klhl8,0.215415246190466,0.825565466272922,0.101,0.054,1
Olfr324,0.215513028178338,2.82571750029846,0.013,0.002,1
Rbm11,0.215526932549081,0.831496432589064,0.069,0.031,1
Gm2310,0.215577355249019,3.33368633503965,0.013,0.001,1
Galnt15,0.21558162166004,-0.279080139108597,0.05,0.051,1
4930523C07Rik,0.215607721545435,-0.445505078125739,0.082,0.077,1
Hat1,0.215616106666302,0.692132034450425,0.107,0.054,1
Tlcd1,0.215721910984941,-0.532130866413312,0.006,0.023,1
Rtn4ip1,0.215791910326019,0.384656125777322,0.176,0.094,1
Cfap46.1,0.215868474378284,-0.548777534528171,0.069,0.076,1
Arpp19,0.215899726444474,-0.248497621071213,0.025,0.028,1
Klk1b8,0.215917109876609,1.32624015428538,0.031,0.009,1
Myt1,0.215961668606947,-0.572159505005952,0.063,0.061,1
Nrn1l,0.21601142222148,1.48530124376432,0.025,0.01,1
Irx1,0.216012659332657,-0.267733941387207,0.006,0.011,1
Tmem100,0.216044519792078,2.20803210860358,0.019,0.004,1
Vmn2r100,0.216071744307679,-0.354262530126091,0.019,0.026,1
Rab4a,0.216130282773992,-0.458405795934581,0.019,0.023,1
Olfr206,0.216131666675109,2.1131897832283,0.013,0.003,1
Txndc15,0.216227802677125,0.191934659384999,0.006,0.012,1
Hsp90ab1,0.216284977258912,-0.45773629948529,0.006,0.015,1
Cacna1d,0.216290219421876,0.150686485340976,0.447,0.306,1
Api5,0.216291041082676,0.938159200816703,0.075,0.028,1
Kynu,0.216314265278081,-0.249846806024499,0.151,0.167,1
Celsr1,0.216319164989126,0.51789160483247,0.157,0.09,1
Cnih4,0.216325205410614,1.05102153313358,0.044,0.016,1
Igflr1,0.216330860248295,2.24797631125067,0.013,0.004,1
Tle3,0.216349980716796,-0.0946968410589308,0.013,0.026,1
Aqp3,0.216368484610515,1.79066589493751,0.025,0.009,1
Tie1,0.216370713866888,-0.502202557791046,0.019,0.025,1
Ppfia1,0.216412592673066,0.657772670527227,0.126,0.064,1
Cers5,0.216434083921779,-0.293275240577846,0.038,0.033,1
Cerkl,0.216435059802527,0.267959382526592,0.208,0.127,1
Crip3,0.216476971390004,2.4913550184592,0.013,0.003,1
Taf1d,0.216483225091765,-0.392821210373543,0.019,0.023,1
Ppm1h,0.216604534731391,0.176473193463246,0.415,0.241,1
Ube2z,0.216628322065842,0.014097219955941,0.013,0.02,1
Vwa5b2,0.216804503486397,-0.21384925309037,0.006,0.014,1
Avpr1a,0.216850349383963,-0.223522698454689,0.013,0.02,1
March8,0.216861371917273,-0.542257544988432,0.044,0.068,1
Timm17b,0.216907509906346,1.78396477659832,0.025,0.012,1
Phlpp1,0.216970312768566,-0.218551934236234,0.069,0.07,1
Clca2,0.216981149365886,0.811683156793386,0.063,0.03,1
Oit1,0.217072934037143,0.604592157023393,0.101,0.058,1
Sh3bgr,0.217206125238173,-0.366880268500537,0.044,0.044,1
Tmem185b,0.21729738162128,1.75080925593473,0.019,0.01,1
Lin37,0.217302999013659,-0.430828920862316,0.006,0.013,1
Defb40,0.217367982869063,1.87531176991649,0.025,0.008,1
Igfbp7,0.217472505998973,-0.404141726600034,0.05,0.059,1
2010111I01Rik,0.217477125482253,0.346580270024335,0.214,0.142,1
Gpn3,0.217540513738394,1.08836156796259,0.05,0.018,1
Entpd1,0.217677126518935,-0.600271328741019,0.138,0.111,1
Nt5dc1,0.217702138386182,0.157545367267525,0.314,0.223,1
Arpc1a,0.217723669087049,-0.441353338372907,0.013,0.023,1
Dip2c,0.217760234336282,0.196078392361476,0.484,0.371,1
Bms1,0.217767209620622,0.649639356016205,0.107,0.048,1
Grm3,0.217896011585875,0.260393362877374,0.327,0.201,1
Wdr27,0.217903790022758,-0.460494503443805,0.126,0.109,1
Trmu,0.218014083748631,0.770628507473918,0.069,0.034,1
Sin3a,0.218075955770224,-0.385260764611985,0.088,0.092,1
Asnsd1,0.218077992047683,-0.675337392079598,0.038,0.037,1
Mri1,0.218167028339097,-0.18747749142425,0.006,0.014,1
Atp6v0c,0.21821556732441,-0.131070824858369,0.013,0.018,1
Nmi,0.218222664808565,-0.564292845893113,0.038,0.043,1
Tiam1,0.218238634424948,-0.337182333204511,0.233,0.222,1
Strn4,0.218315270560289,-0.318648207764058,0.013,0.019,1
Dusp3,0.218369936500826,-0.300169144836582,0.025,0.034,1
Krtcap2,0.218401055931499,1.86067914236445,0.025,0.009,1
4933411G11Rik,0.218462091689701,-0.338522494802709,0.013,0.018,1
Icam2,0.218504335308846,-0.229284062531206,0.006,0.013,1
Gprasp1,0.218524447645651,0.572952563251573,0.101,0.052,1
Vhl,0.218531866542205,1.75090866705648,0.025,0.01,1
Scrn2,0.218578032749877,-0.347383998270018,0.013,0.021,1
Far1,0.218634242003011,-0.537676297267215,0.075,0.078,1
Ndc1,0.218668780175911,0.500777490301684,0.138,0.065,1
Muc2,0.218698142470298,-0.378329053773023,0.025,0.026,1
Zbtb5,0.218721438862351,-0.469304327902277,0.025,0.04,1
Slc22a3,0.218883615921801,0.541595399584464,0.126,0.068,1
Gucy2f,0.218884828266635,-0.633380662883532,0.069,0.085,1
Wfdc9,0.21894790622279,1.62642420464258,0.031,0.009,1
Vps37a,0.219092105606715,-0.447460130480965,0.088,0.068,1
Mettl4,0.219161643531696,0.351204533370493,0.151,0.084,1
Gm6432,0.219162232376513,0.228482325110175,0.006,0.012,1
Rragb,0.219170258460229,-0.617781373851886,0.038,0.037,1
Vrk1,0.219189337150042,0.312008719908726,0.182,0.115,1
Elovl2,0.219243748147084,-0.354542931906196,0.038,0.042,1
Whrn,0.219286771323952,-0.226834333057153,0.107,0.101,1
Keg1,0.219311506569768,0.778146707700115,0.069,0.034,1
Ces1a,0.219316750806841,1.16219617049934,0.05,0.024,1
Ropn1l,0.219437885596591,0.695485461653109,0.069,0.035,1
1700128F08Rik,0.219450338445545,-0.636377703027776,0.013,0.021,1
Kcnd3,0.219510952043592,0.261502272513468,0.201,0.136,1
Gins3,0.219594518647178,0.758478965089438,0.069,0.023,1
Havcr1,0.219612072727385,-0.524751916458406,0.057,0.056,1
Klk7,0.219704977020115,1.16892542504366,0.031,0.01,1
Ivl,0.219759232073348,1.77761894816445,0.019,0.007,1
Rpia,0.219827485632099,-0.440829143832352,0.101,0.097,1
Fam73b,0.220069462605027,0.985424531616413,0.063,0.028,1
Bmpr1a,0.220148872370225,1.07201919070805,0.075,0.035,1
Ncam2,0.220241507590475,-0.318713685620731,0.421,0.367,1
Irak1bp1,0.220258683027735,0.70237662914163,0.088,0.039,1
Pgls,0.220263478773215,-0.107101446991956,0.013,0.021,1
Kntc1,0.220402996223786,0.579156753336498,0.17,0.085,1
Anapc4,0.220423923718604,-0.508038226469353,0.075,0.082,1
Vmac,0.22046618933997,1.70097278266644,0.038,0.018,1
Gm28635,0.220476025940962,-0.41227946061418,0.069,0.08,1
Mfsd2b,0.220506847007321,1.40541352964689,0.019,0.009,1
Ptpn6,0.220539461751862,-0.236108211855645,0.013,0.02,1
Dlat,0.220768089230896,1.02131611124159,0.044,0.022,1
Eftud2,0.220804097576118,0.619741407812928,0.126,0.067,1
Asb4,0.220814815355589,0.402959199529509,0.189,0.113,1
Anpep,0.220869735290021,0.252064574843748,0.025,0.029,1
Nyx,0.220970688136512,0.997815912931786,0.057,0.018,1
Fgf18,0.221002301765172,0.870583318157305,0.069,0.029,1
A930011G23Rik,0.221123481647924,-0.238477113028411,0.377,0.35,1
2610042L04Rik,0.221196826289494,2.168562736788,0.013,0.004,1
Zfp148,0.221233367369661,0.885849027178546,0.069,0.029,1
Atp6v1f,0.221235126680474,-0.0791750305991927,0.006,0.012,1
Mxi1,0.221331009128821,-0.540612551634703,0.05,0.049,1
4833423E24Rik,0.221382072100974,-0.536960228416765,0.063,0.067,1
Dusp1,0.221528272349635,-0.479818689626799,0.031,0.032,1
Sgcb,0.221592000761882,0.96570786740621,0.05,0.016,1
Zfp518b,0.221629615090807,-0.497871429606748,0.025,0.032,1
Mettl23,0.221631531579956,-0.528057646712484,0.031,0.045,1
Ccdc184,0.221719866839677,1.72733578984722,0.013,0.005,1
Eltd1,0.221781358032964,-0.475326524085582,0.164,0.143,1
Apoa4,0.221799099373105,2.16887169650856,0.013,0.002,1
Sdhaf1,0.221862154760957,-0.612450524685137,0.025,0.035,1
Nup43,0.221867914943155,-0.0875314241905754,0.006,0.012,1
Ccdc13,0.221944309667594,-0.261076127144317,0.05,0.045,1
Ptpn22,0.221969248040022,-0.459834526205646,0.038,0.047,1
Aff4,0.221971567679901,-0.217142014672686,0.025,0.026,1
Cog1,0.221985259054301,-0.211812496579573,0.019,0.018,1
Dab2,0.222079033146468,-0.465754062651036,0.201,0.175,1
Ankar,0.222213162110176,0.953755417167053,0.075,0.038,1
Chrnb3,0.222219926318271,-0.329024126946143,0.044,0.049,1
1700080E11Rik,0.222255868637863,2.06373201273094,0.013,0.004,1
Ngdn,0.222342944050658,-0.409774767355768,0.013,0.024,1
Ghrhr,0.222362340967631,1.0718481256387,0.044,0.021,1
Kcnk10,0.222369146436424,0.209160221990511,0.233,0.146,1
Nsun2,0.222395552548603,-0.226707718068813,0.164,0.173,1
Pomgnt2,0.222426339749542,-0.402872661334788,0.019,0.025,1
Abi2,0.222548402910344,-0.376748917501448,0.075,0.068,1
Clca5,0.222605006820055,0.717301979324846,0.094,0.046,1
D6Wsu163e,0.222714534278664,0.433084487685107,0.157,0.087,1
Ccnb2,0.22273937957236,-0.278973490443007,0.013,0.02,1
Prkdc,0.222787549507054,-0.290838387700754,0.384,0.351,1
Gm10801,0.222831034603461,-0.368739448782168,0.138,0.141,1
Dguok,0.222952053084781,-0.363987398260536,0.013,0.029,1
Ms4a15,0.222969033808072,0.597978209172946,0.069,0.034,1
Khdrbs1,0.222975862079832,-0.396123216194946,0.013,0.018,1
Ltn1,0.223000127644497,0.447897476219477,0.138,0.082,1
AI317395,0.223120017800506,1.25875401173953,0.044,0.016,1
Rabep2,0.223123991674433,-0.361974490478303,0.05,0.051,1
Pnpla2,0.223180489655866,-0.394405200964821,0.006,0.014,1
Sema3c,0.223220292098112,-0.425940996291627,0.226,0.181,1
Ppargc1b,0.22323201663467,0.444748487613785,0.17,0.096,1
Rad18,0.223592535442676,0.696809897922281,0.132,0.069,1
Wdr81,0.223594557788026,1.5985001800883,0.038,0.013,1
Ctdspl2,0.223741637520038,0.69954782608032,0.082,0.053,1
Asns,0.223745652031701,0.697745539628335,0.075,0.043,1
Adh1,0.223754582447346,0.698313826857649,0.075,0.037,1
Micu2,0.223774929178054,-0.568371382507448,0.069,0.084,1
Fkbp9,0.223811512193951,0.517314747368843,0.157,0.084,1
Lrrc58,0.22382894962834,1.24595660870882,0.038,0.017,1
Myom2,0.223869080650742,-0.577329287827786,0.101,0.091,1
2010300C02Rik,0.223869716095161,0.258179374120552,0.239,0.128,1
Cse1l,0.22397943000929,-0.449958342080481,0.044,0.049,1
Agfg1,0.224040765328869,-0.539769087773521,0.063,0.068,1
Ptplb,0.224096711067095,0.774131006290292,0.107,0.046,1
Rasl11a,0.224151677090508,1.308415118761,0.031,0.01,1
Atp13a2,0.224260778286267,0.121217167184979,0.025,0.023,1
Ugt1a10,0.224286775950942,0.298677729695903,0.208,0.129,1
Prickle1,0.224350891014737,-0.364011868769783,0.075,0.078,1
Klrb1a,0.224354007462667,1.40408774702173,0.031,0.012,1
Cbx4,0.224424027045696,-0.392779793572601,0.013,0.019,1
Txlnb,0.2244322586081,0.611794031835926,0.107,0.056,1
Pde6a,0.224454445996739,0.684563013845156,0.107,0.057,1
Elac1,0.224498934718244,-0.508443213623371,0.031,0.043,1
Lppr1,0.224515096703098,0.223047918063384,0.459,0.31,1
G430049J08Rik,0.224547729965664,2.0850533915696,0.019,0.004,1
Hopx,0.224619529159113,1.05834646020531,0.044,0.018,1
Cox14,0.224655168251597,1.13858790439238,0.044,0.017,1
Pde10a,0.224731644570879,0.266503383339038,0.403,0.263,1
Cyp2j5,0.224781231831352,-0.199489870866545,0.031,0.031,1
5430435G22Rik,0.225010280678602,0.894380669852352,0.063,0.035,1
Sh2d1b2,0.225033361730516,-0.378323283709744,0.013,0.018,1
Prss36,0.225038170279186,0.965730546664576,0.069,0.025,1
Gm10126,0.225130148653851,2.49444008393245,0.013,0.004,1
Pacs2,0.225138197541566,-0.44019528783372,0.031,0.044,1
Car5b,0.22524479175539,0.757094820359167,0.094,0.049,1
Lama1,0.225379138964814,-0.537062883535002,0.233,0.18,1
Sap30,0.225417788604837,-0.278155698013537,0.019,0.02,1
Fnip2,0.225446780776048,-0.395675470402789,0.157,0.146,1
Popdc3,0.225485121939209,-0.420334886962029,0.176,0.158,1
Akr1b8,0.225549942505594,-0.0394944535160127,0.006,0.013,1
Gp2,0.225693424968605,0.928590484086033,0.05,0.031,1
Sugp2,0.225866762790063,-0.298405219750737,0.05,0.045,1
Isyna1,0.225882453948703,2.42768361281615,0.019,0.005,1
Fxyd1,0.225961771915623,-0.459297258364931,0.013,0.02,1
Zfp142,0.225970607404653,0.823701591866383,0.069,0.027,1
Rbbp9,0.225983333925147,0.228689340016958,0.006,0.014,1
Cml1,0.226124139656537,1.63810939171132,0.025,0.006,1
Ppp6r2,0.226205826685044,-0.383793209168807,0.025,0.029,1
Slc25a5,0.226342884529736,1.49526349930186,0.031,0.01,1
Stab1,0.22639762666005,0.91948982098558,0.063,0.026,1
Wnk2,0.226461716094884,0.52588488808482,0.082,0.062,1
1110004F10Rik,0.226622063491193,-0.588968895029043,0.025,0.027,1
Unk,0.22669097070078,0.852021447843613,0.075,0.043,1
Sec23ip,0.226697162838558,-0.398610765880497,0.038,0.043,1
Fig4,0.226808983545129,0.271100846718811,0.264,0.148,1
Gm9747,0.226813950035518,2.37846778067,0.013,0.003,1
4933409G03Rik,0.226816467324524,-0.548225378576803,0.038,0.047,1
Skint6,0.226844870220508,-0.448940078192335,0.164,0.175,1
Ykt6,0.226895169013808,-0.401180261911052,0.019,0.023,1
Pagr1b,0.226912022466603,0.0945488524636158,0.006,0.013,1
Atp9a,0.226928811230563,-0.500810251420076,0.088,0.094,1
Zfp821,0.226986503349241,1.0710555761354,0.057,0.026,1
Fras1,0.227011115892303,-0.326407066817875,0.484,0.422,1
Sh3rf3,0.227135474548324,0.22516758806156,0.396,0.265,1
Olfr293,0.227282372860653,2.63688183168414,0.013,0.002,1
Serpina3g,0.227325276500939,-0.499853242278034,0.006,0.013,1
Lzic,0.227364896166692,-0.400974462964186,0.006,0.015,1
Myo19,0.227396081138337,0.787376856090788,0.094,0.045,1
Gm6871,0.227459113446541,-0.390031597564411,0.006,0.011,1
Psmc5,0.227686969363973,1.95697912567623,0.019,0.004,1
Dnal1,0.227693469224259,0.905809651263183,0.063,0.02,1
Wdr86,0.227832318430913,-0.29951414581681,0.006,0.015,1
Fam19a4,0.2278548973891,-0.40923587091122,0.195,0.184,1
Mbd6,0.227989246939289,-0.110674121645678,0.019,0.027,1
Zkscan16,0.228002592554113,-0.595165848731805,0.019,0.029,1
Bpifb5,0.228024787231888,1.06682634293084,0.05,0.019,1
Efna3,0.22805149015668,0.0736901428693164,0.019,0.016,1
Puf60,0.228101502513748,-0.165318269593885,0.006,0.014,1
Pitx3,0.228263067604747,1.40464162939882,0.031,0.015,1
Col9a1,0.228288435153123,0.324983656673644,0.208,0.114,1
Usp44,0.228298378167122,1.58465544783493,0.025,0.007,1
Idi1,0.228308727457609,-0.597170949004489,0.031,0.038,1
Oaz1,0.228316278886899,-0.293842921368968,0.019,0.029,1
Sectm1b,0.228455560313284,1.15546590943969,0.044,0.018,1
4931406B18Rik,0.228463793841409,-0.48962918639586,0.019,0.024,1
Fam65c,0.228469875197158,0.932582081561839,0.057,0.026,1
Prune,0.22857700655586,-0.573617313457395,0.031,0.036,1
Cd44,0.228587153283874,0.487800464136158,0.101,0.062,1
Rnf2,0.228621311042961,0.753284750233319,0.101,0.047,1
Slc15a2,0.228733980279739,0.734296650545286,0.088,0.036,1
Serf2,0.22880809628023,-0.14410293836135,0.025,0.028,1
E2f7,0.22881975941433,0.576624407132671,0.132,0.068,1
Gpr133,0.228819859853627,-0.202184506632009,0.094,0.084,1
Mapk8ip3,0.228833288226756,1.10955004987077,0.088,0.037,1
Zfp251,0.2288499479515,-0.388964796072816,0.013,0.015,1
Cd163,0.228941140128891,0.594089380423196,0.082,0.037,1
Gm5155,0.228980255692647,-0.343524883187565,0.013,0.021,1
Gm13762,0.229027399222279,-0.176468123071896,0.006,0.012,1
Hltf,0.229113125716798,-0.386783256045713,0.138,0.137,1
Tcerg1l,0.229136534406555,0.412452021111307,0.245,0.139,1
Cpt1c,0.22913983235517,1.39085931675235,0.025,0.012,1
Gabpb2,0.229170658063327,-0.325315908595126,0.044,0.041,1
Galnt10,0.229178929490672,0.53287967148066,0.145,0.079,1
Tor2a,0.22920032957878,-0.218495950837673,0.019,0.021,1
Fam175b,0.229257304627579,-0.34682182251325,0.013,0.024,1
Fcrl6,0.229324248322505,1.72212229462619,0.019,0.005,1
Pnliprp1,0.229331507988257,-0.215023127971646,0.019,0.023,1
Ch25h,0.229367389874392,0.304120862172453,0.006,0.012,1
Pigc,0.229372414044425,-0.363494712636594,0.025,0.027,1
Gpr158,0.229389541355919,-0.371236065127968,0.346,0.319,1
Gm2a,0.229463227072178,-0.596670036691343,0.044,0.038,1
Scimp,0.229487093963792,1.34423698514564,0.031,0.016,1
Hspa8,0.229568728176028,-0.160320030612398,0.031,0.034,1
Tmprss15,0.229644855353714,0.412434301249755,0.252,0.161,1
1110057K04Rik,0.229699677596945,-0.59834492936342,0.151,0.136,1
Ube2d2a,0.229714496717891,-0.277081657327065,0.019,0.018,1
Mast1,0.229724445745506,1.18022213596113,0.031,0.013,1
Irgm2,0.229783169551933,-0.0655133314028094,0.013,0.015,1
Npat,0.229798569643244,-0.169296428959528,0.063,0.06,1
Il10rb,0.229828856289461,0.98264575269911,0.031,0.02,1
Adamtsl3,0.229923742871019,0.128776602406858,0.459,0.284,1
Cul4b,0.229924968946681,1.10868311784832,0.044,0.02,1
Noxo1,0.229927322791517,0.0611845849606914,0.006,0.01,1
Isg20,0.229970479302155,-0.181201584683167,0.006,0.016,1
1700006E09Rik,0.229995021956392,-0.24604617328696,0.019,0.029,1
Mbd1,0.230120820998482,0.87904615891465,0.069,0.03,1
Kcnn1,0.230206497075338,-0.558884594620488,0.013,0.024,1
Tor4a,0.230291521579204,1.59173519441024,0.031,0.009,1
9230112D13Rik,0.230363074659528,1.78016811695304,0.025,0.005,1
Gm16432,0.230380144443927,0.261125032137116,0.283,0.143,1
Hhipl1,0.230425600443864,-0.158040572549329,0.019,0.023,1
Pcdhb14,0.230465608854064,1.46695043347389,0.025,0.005,1
E2f8,0.230524848686521,-0.624240880354948,0.044,0.045,1
Olfr203,0.23057118817907,2.03770756040346,0.013,0.003,1
Xrn2,0.230666788789197,0.604023649591114,0.107,0.046,1
Serinc4,0.23074234862381,-0.0970617308590436,0.031,0.032,1
Ttc7b,0.23076425126481,0.377106880117156,0.277,0.16,1
Tgfbr2,0.230767421355878,-0.438592817260783,0.094,0.079,1
Cspp1,0.230898491509101,0.442755769144948,0.189,0.129,1
Cela3a,0.230906297966644,1.99507181173597,0.019,0.005,1
Cd82,0.230954731227639,-0.48857098479177,0.031,0.04,1
Rnf149,0.230968746298202,0.863879393454562,0.057,0.029,1
Enpp6,0.231076426089095,-0.424969489377054,0.05,0.054,1
Adrm1,0.231098837495141,1.01220006348556,0.057,0.028,1
Agr2,0.231153450793375,0.762546939706062,0.075,0.034,1
Hbq1b,0.231186252694743,0.114752553868173,0.006,0.01,1
Copz2,0.231206673240872,1.22504562082095,0.025,0.012,1
Otud7b,0.231225510596056,-0.357011131880438,0.019,0.027,1
Ppil1,0.231242595418307,-0.00290045404810702,0.006,0.018,1
Bop1,0.231260491375898,-0.0549227423470464,0.025,0.03,1
Add1,0.2313689646167,-0.492430543233285,0.031,0.044,1
Gm26938,0.231420957252184,-0.332568729759585,0.025,0.027,1
Ccl1,0.231451713695369,0.493007117739032,0.164,0.091,1
Psg16,0.231461775542516,0.575665159641578,0.088,0.038,1
Nhsl2,0.231551767942806,0.433948621206972,0.189,0.092,1
Hist1h3a,0.231807640277227,1.96276374566228,0.019,0.009,1
Icam5,0.231832079314292,0.258301365411089,0.013,0.011,1
Stac,0.231989806282123,-0.405638480305554,0.113,0.109,1
Clec4e,0.232008005086919,1.50756570944651,0.031,0.011,1
Fabp7,0.232024127492153,-0.337838383590447,0.013,0.015,1
Xpo6,0.232062367300045,0.508339114627,0.145,0.078,1
Dnttip2,0.232093147444818,1.11343458615475,0.044,0.018,1
Cnot10,0.232117928080515,0.703220602299512,0.107,0.056,1
Kif9,0.232134466610402,-0.539046884707957,0.063,0.061,1
Fam171a1,0.232226689146636,0.45220920276249,0.157,0.09,1
Mylip,0.232285892148938,-0.364887189073073,0.025,0.03,1
Phf8,0.232298219716813,1.05913578884536,0.069,0.029,1
Wt1,0.232315699471025,-0.448018206015779,0.05,0.049,1
Lrrc1,0.232402749096477,-0.530767637608753,0.157,0.136,1
Stox1,0.232421219663193,0.756854870744068,0.075,0.042,1
Clcn4-2,0.232519928761177,-0.461051090701852,0.069,0.07,1
Cacna1b,0.232527136792032,-0.425749704287624,0.208,0.184,1
Nudcd2,0.232602017355412,0.754520677165027,0.069,0.042,1
Mettl6,0.232617175945821,1.06171883899645,0.038,0.018,1
Bola1,0.232657114649852,-0.375006076436002,0.006,0.02,1
Zfp653,0.232658516630277,-0.25634314534065,0.031,0.036,1
Ankrd37,0.232677422759094,0.68870970659236,0.063,0.029,1
Gm17545,0.232696687619382,-0.159738074637892,0.006,0.012,1
Pgpep1l,0.232785977671124,1.11526663638225,0.031,0.025,1
Sfr1,0.232825072444378,-0.377020243370183,0.038,0.048,1
Cir1,0.23285711909449,0.891493803184274,0.075,0.027,1
Kpna2,0.232899293594769,0.0404764791292536,0.006,0.022,1
Mdh1b,0.232969063770094,0.852655554229302,0.082,0.045,1
Gm7075,0.232969183442644,1.85222884793848,0.019,0.008,1
Unc13b,0.233073573084,0.27574709967591,0.27,0.142,1
Gm15440,0.233160934613851,0.0270910219434617,0.006,0.014,1
Mrpl37,0.233187236917288,1.14501506813403,0.05,0.017,1
Gba,0.233272764857531,2.15605748152298,0.025,0.004,1
Gpc4,0.233365576934926,0.430067514090259,0.126,0.073,1
D730001G18Rik,0.233383539501784,0.953598263039415,0.031,0.016,1
Selm,0.233472821622425,1.80226932557404,0.025,0.011,1
Rad54l2,0.233608821608737,-0.341182938264985,0.075,0.073,1
Gem,0.233719235112846,-0.541932855414079,0.019,0.026,1
Krt79,0.233790118100508,1.34891118300744,0.031,0.014,1
Sox11,0.233963779823769,-0.271591909626718,0.006,0.015,1
Pydc3,0.234090346425224,0.980458535857427,0.038,0.02,1
Nfatc1,0.234229391511453,-0.3475107517607,0.107,0.097,1
Plekhg1,0.234298444248404,-0.4566839899935,0.094,0.112,1
Mex3d,0.234305683406512,1.71104502398003,0.025,0.007,1
Bmp1,0.234331487786454,-0.509042080468461,0.019,0.036,1
Arl9,0.234337665964612,1.97333765588079,0.019,0.004,1
Gm773,0.234351872212802,-0.465461008588516,0.006,0.013,1
Zic3,0.234353160743679,1.63510545713795,0.038,0.01,1
8030411F24Rik,0.234388865044176,1.99114451209297,0.013,0.005,1
Hist1h4k,0.234624904856147,2.25841467111062,0.013,0.004,1
Cdca5,0.234629260138249,-0.229504668285383,0.013,0.023,1
7530416G11Rik,0.234686467757,1.82712893595258,0.019,0.009,1
Gpr26,0.234689533227975,1.31680849144132,0.044,0.019,1
Tbck,0.234767446192701,0.138376768760363,0.384,0.272,1
Psmg1,0.234775459917759,-0.433954331462328,0.038,0.032,1
Gm4792,0.234816243785035,1.77684953694042,0.025,0.007,1
Mtus2,0.234829086142522,0.299961871410242,0.296,0.206,1
Tmem123,0.234873443889783,-0.319577755613371,0.101,0.079,1
Apobec4,0.234893048757973,1.88581946067973,0.019,0.005,1
Zfyve16,0.234899544067287,0.634415105648422,0.094,0.057,1
Mrpl40,0.234905087039109,-0.109746599383197,0.013,0.018,1
Tspan11,0.234928571782778,0.461115287990447,0.132,0.078,1
Zfp229,0.235204429993998,0.945370140307017,0.05,0.034,1
H3f3a,0.235294851833049,0.952434343912331,0.044,0.024,1
Ankrd33b,0.235295432208579,-0.355199473936158,0.094,0.095,1
Dqx1,0.235388074206677,1.50601011140262,0.025,0.007,1
Tmem68,0.235408058531009,0.4982639621916,0.164,0.082,1
Pkd1l2,0.235414563394005,0.530175086969756,0.145,0.08,1
Ola1,0.235424248110812,0.680195822368921,0.17,0.082,1
Olfr175-ps1,0.235457905552861,2.2361370694956,0.013,0.005,1
Mtm1,0.235505095867448,0.576018979086861,0.113,0.068,1
Nyap2,0.235505534104882,-0.344837161857006,0.277,0.264,1
Atad2,0.235620313314947,0.692171633202123,0.088,0.04,1
Nktr,0.23564106346015,-0.466506797310045,0.006,0.018,1
Zfp354b,0.235669298795609,-0.842361508286785,0.013,0.023,1
Fam109a,0.235683579606725,0.328821418580709,0.006,0.012,1
Ttc14,0.235779228971845,-0.479333231698138,0.031,0.046,1
Rce1,0.235806236867327,2.06819014311428,0.013,0.008,1
B3gat1,0.235842001249659,-0.415582773555484,0.057,0.052,1
Kcnq4,0.235867457345335,0.734276857200788,0.075,0.042,1
Haus4,0.235900704310672,0.100838785841067,0.006,0.01,1
Cr2,0.235901828409142,0.909353216559127,0.075,0.037,1
Defb41,0.235927013820986,-0.171063977358594,0.006,0.016,1
Sf3a3,0.235939513499551,1.30125916660746,0.025,0.018,1
Kcnu1,0.235944260877616,0.607100517376463,0.119,0.062,1
Cyp4a10,0.235996214555501,0.825452735454642,0.044,0.021,1
Car4,0.236051983951933,2.03160927999956,0.019,0.004,1
Zfp512,0.236105578681193,0.69102798299701,0.082,0.037,1
Golga7,0.236144708811319,-0.201969449781187,0.013,0.023,1
3110040N11Rik,0.236168629766296,1.42185688195856,0.025,0.009,1
Mis12,0.236223726311056,-0.501821182348203,0.025,0.032,1
Aqp9,0.236238363180836,0.81425906976908,0.063,0.037,1
Pla2g4f,0.236243255145656,1.07871071016538,0.044,0.023,1
Arid5a,0.236315749771993,0.868965304695598,0.05,0.027,1
Klhl18,0.236322069022174,-0.404400431455669,0.063,0.051,1
Pds5a,0.236483215651488,0.719769446874572,0.101,0.052,1
Mpdz,0.236531952516682,0.271051042034675,0.314,0.217,1
Hck,0.236681883205306,0.774018542074113,0.082,0.04,1
Mesdc2,0.236810423104288,-0.503877038065856,0.069,0.063,1
Ankzf1,0.236834276875784,1.61352957635102,0.019,0.009,1
Ago4,0.236910992379342,0.672772895102632,0.094,0.045,1
Gm20422,0.236972226444311,0.6555110527533,0.107,0.045,1
Zfp937,0.237092248920897,-0.0439240404001833,0.006,0.013,1
Pdcd6,0.237095939805849,0.945373385959083,0.05,0.027,1
Reck,0.237141947678932,0.508767379954597,0.176,0.085,1
Nkain1,0.237143511779671,-0.253354072705278,0.006,0.021,1
Mical2,0.237153612670152,0.762226559664369,0.119,0.061,1
Dspp,0.237157375131842,1.4912073288735,0.038,0.01,1
Eef2k,0.237215589736663,-0.521635593269578,0.069,0.074,1
Kif5c,0.237283944863502,-0.452801552858605,0.208,0.171,1
Cmtr1,0.237308056406777,0.653928897612097,0.082,0.043,1
Acap2,0.237331020072606,-0.362366390362308,0.031,0.053,1
Prr27,0.237356793539262,-0.569925061357597,0.031,0.038,1
Gm21761,0.237359949144495,2.24687277770013,0.013,0.003,1
Tsc22d3,0.237436070334082,-0.313553672466685,0.025,0.022,1
Fam206a,0.2374460138566,1.60886651794923,0.031,0.013,1
Bsx,0.237508011211273,1.83659389374044,0.013,0.004,1
Sh3kbp1,0.237514593687628,-0.500942679151101,0.189,0.179,1
Kcp,0.237517129615832,0.658482238657231,0.075,0.036,1
Tsr1,0.237580303607115,-0.0794375480855409,0.006,0.013,1
Tmem42,0.2376301386862,1.43684703220025,0.031,0.013,1
Dnajc2,0.237820086141549,-0.356678167982816,0.038,0.039,1
Trim46,0.237961041127637,1.32568360400026,0.038,0.015,1
Soga3,0.238094681394009,-0.460698488043712,0.057,0.06,1
Crlf3,0.2381084826421,1.29683069809113,0.05,0.02,1
Gm9843,0.238153038327046,2.59179453522431,0.013,0.002,1
Spopl,0.238195372572812,0.584054768699549,0.126,0.071,1
Nrarp,0.238250209357881,-0.0821575217225465,0.006,0.012,1
Fbxw13,0.238289958450557,1.22051367647746,0.044,0.015,1
Syngr3,0.238306642036922,1.72557468151054,0.019,0.007,1
Thsd1,0.238326830075923,-0.483184042864548,0.038,0.048,1
Baz1a,0.238376267520453,-0.434032796575087,0.119,0.112,1
Ppp1r36,0.238382760387827,1.33757779612544,0.031,0.01,1
Rxfp3,0.238396428932988,-0.687874092641121,0.013,0.022,1
Zcchc18,0.238419995773487,-0.162316882202805,0.006,0.013,1
4930539E08Rik,0.238455978290888,1.42481635876966,0.031,0.01,1
Rev3l,0.238500526848596,0.498301825216768,0.157,0.083,1
Fmo4,0.238564845942423,0.885081419852398,0.063,0.027,1
Samd7,0.238618247705755,0.875577868567803,0.05,0.029,1
Txn2,0.238663106034811,-0.09302190340461,0.025,0.028,1
Gucd1,0.238665416775415,-0.367951994227278,0.151,0.129,1
Camkv,0.238731168275207,-0.580348638028045,0.006,0.015,1
Fam111a,0.238765845307173,0.594918118969953,0.101,0.055,1
Ctnnal1,0.238802797685009,-0.445644636567447,0.075,0.064,1
Nlrc4,0.238820403756654,0.906775471870093,0.057,0.027,1
Qrsl1,0.238929834322834,0.667761655165784,0.113,0.062,1
Clca6,0.239020761098428,-0.207718532344484,0.031,0.037,1
Gpr155,0.239037328752723,-0.297988608659606,0.082,0.089,1
Cilp,0.239153461315489,-0.209312900640804,0.006,0.013,1
Tnxb,0.239215986045122,-0.427449976618147,0.044,0.046,1
Spns1,0.239252744858849,-0.515007700341607,0.025,0.034,1
Rsph3b,0.239281749476155,1.54911713740433,0.025,0.007,1
Fam167b,0.239282975615237,0.255162065253479,0.006,0.012,1
Cyb5b,0.239306495023974,1.40132637066233,0.038,0.012,1
Tmprss11b,0.239336776307333,0.737767608125733,0.069,0.039,1
Dct,0.239342999673072,0.812244028526182,0.069,0.036,1
4931414P19Rik,0.239391412475629,-0.466468053928026,0.025,0.034,1
Cd40lg,0.239418540627247,-0.497090192031833,0.006,0.013,1
4921528I07Rik,0.239498350582902,-0.302375895980107,0.025,0.025,1
Cuedc2,0.239521466516115,-0.208606875520227,0.013,0.023,1
Itga11,0.239557085064583,0.443796825689963,0.132,0.068,1
Pitpna,0.239561386207789,0.937256249583148,0.069,0.042,1
Sytl2,0.239579935569757,-0.430590276582107,0.075,0.102,1
A630010A05Rik,0.239595706666067,0.688586432240828,0.069,0.037,1
Tas2r144,0.239663414237548,2.2406060887801,0.013,0.003,1
Ints6,0.239694873259103,-0.322115359057046,0.075,0.068,1
Pyhin1,0.239711458830029,1.04470496236598,0.031,0.021,1
Enpp4,0.239730459967481,-0.196634093755135,0.019,0.032,1
Cdc42se2,0.239781251363303,-0.270856095309107,0.038,0.041,1
Olfm3,0.239960851817479,-0.317355116609692,0.27,0.23,1
Fem1c,0.240092604251823,-0.374904809119942,0.088,0.078,1
Rab2a,0.24020608644499,-0.304270836542232,0.044,0.054,1
Slc13a2,0.240215191046126,0.831299081865305,0.075,0.024,1
Gm5431,0.240234750116654,1.20013561734505,0.044,0.013,1
Dpm3,0.240300174304958,0.0950947623621907,0.006,0.012,1
Tbc1d16,0.240359753933173,-0.319967395297047,0.088,0.078,1
Heatr6,0.24035977519986,0.818993873310774,0.094,0.049,1
Ces4a,0.240368677550774,-0.249667955226637,0.019,0.023,1
Sobp,0.240488763123053,0.395018203693359,0.164,0.087,1
Syt9,0.240522666450233,0.166162988729584,0.358,0.252,1
Aldh3b2,0.240794036546986,0.0829188776187566,0.013,0.017,1
Pdlim3,0.240796966250758,0.801879213055352,0.05,0.027,1
Ccdc101,0.240820012990447,0.959513505409761,0.075,0.03,1
Lonp2,0.240830810965519,0.671305668577702,0.101,0.047,1
Snrpn.1,0.240847550095691,-0.585470556659704,0.17,0.166,1
Fignl2,0.24089958131244,2.2684138626557,0.013,0.004,1
Gm11116,0.24098859233522,2.28638847643975,0.013,0.004,1
Spata32,0.241055178762582,0.247197444261682,0.013,0.011,1
Gfra3,0.241061351018882,0.925258779598066,0.057,0.029,1
Cox18,0.241097675917774,0.871863619412092,0.069,0.029,1
Kif11,0.241098594445647,0.554437026888589,0.126,0.065,1
Kcnn2,0.241125311661898,0.0803519628930838,0.472,0.299,1
Cstf1,0.241195288718472,-0.362877334304407,0.019,0.024,1
Gpr137b,0.241275285312041,0.67675472293351,0.094,0.05,1
Kcnj15,0.241305215538465,0.658173630151216,0.075,0.04,1
Ttc21b,0.241344700233384,-0.233612959786901,0.214,0.206,1
Fam72a,0.241368304194285,-0.45927906058858,0.044,0.057,1
Spsb4,0.241374188061711,0.656912917462766,0.126,0.048,1
Mtx3,0.241383114959607,0.781350559883414,0.063,0.031,1
Trim28,0.241387129032329,0.166588948067888,0.006,0.013,1
Sft2d3,0.24143120394583,-0.00828430965283378,0.006,0.016,1
1700024P16Rik,0.241439925448,0.55389967533277,0.107,0.054,1
Olfr633,0.241477435417349,2.37122910209092,0.013,0.003,1
Crbn,0.241569518688108,0.527935180572504,0.101,0.051,1
Ido1,0.241569922634544,-0.563738822401092,0.006,0.021,1
Angel2,0.241623264972154,0.682013560223209,0.094,0.049,1
Fam109b,0.241640340587379,-0.574944478258366,0.025,0.03,1
Pfkfb1,0.241672568337101,0.554799707644491,0.088,0.032,1
Olfr716,0.241700281949013,2.44212304664796,0.013,0.002,1
Yif1a,0.241710319471498,0.0355846339395756,0.006,0.012,1
Ankrd55,0.241720678366406,0.599100105762483,0.138,0.083,1
Sept3,0.241820489589843,-0.0978298307500101,0.013,0.024,1
Psg26,0.241859827886687,1.97033834630763,0.013,0.004,1
Me1,0.242128153771962,0.442273796703818,0.226,0.137,1
Usp49,0.242230151493567,-0.279514754130087,0.044,0.046,1
Fancl,0.242339666180479,-0.329926087989953,0.145,0.138,1
Olfr382,0.242371713922746,2.823535281621,0.013,0.001,1
Tcp11l2,0.242376602984565,-0.387523937585684,0.063,0.06,1
Tuba4a,0.242437461443756,-0.199678135122447,0.006,0.01,1
Fam214a,0.242494832119146,-0.0787059996260471,0.063,0.061,1
Klf13,0.242532820081144,-0.332369977282255,0.044,0.073,1
Ciart,0.242553945803651,0.41886373975537,0.006,0.01,1
Chml,0.242558978271717,1.41675447335204,0.031,0.009,1
Bcan,0.242579962176023,0.252186033992444,0.006,0.012,1
Mgat4d,0.242605160854158,0.652972323006037,0.082,0.046,1
Ptges3l,0.242608971186646,0.324433126434097,0.006,0.01,1
Gm12695,0.24263375093847,-0.481049076695566,0.069,0.081,1
Tnni3,0.242640274272757,1.19505138941926,0.025,0.013,1
Fam167a,0.242687595756539,1.02915947621762,0.05,0.024,1
Plin4,0.242794513769819,1.37406808864787,0.025,0.013,1
Ptp4a3,0.242919355393437,0.724067787835937,0.057,0.038,1
Ybey,0.242999694764537,1.31145054397275,0.038,0.018,1
Kif2a,0.243039256694634,0.594085931848352,0.126,0.082,1
Gm364,0.243041750669024,0.496916385833023,0.094,0.051,1
Spry2,0.243084570259522,0.874861909115367,0.05,0.017,1
Lgals3,0.243109928269386,0.703799054408039,0.05,0.029,1
Cox11,0.243115416379512,1.32675255910829,0.044,0.016,1
Olfm1,0.24313582858143,0.832075616624392,0.082,0.048,1
Cnksr2,0.243173387943998,0.305620260189978,0.289,0.183,1
Spg7,0.243182583363607,-0.2424841952403,0.031,0.03,1
Orai3,0.243246235867959,-0.25133076848828,0.019,0.025,1
Plk2,0.243366181986411,0.855036030536351,0.063,0.029,1
Gm20537,0.243396392434482,0.706076571449395,0.075,0.036,1
Cd5,0.243598310572383,0.722709961410168,0.069,0.025,1
Lig1,0.243630695622915,-0.454378049669559,0.119,0.109,1
Atox1,0.243820625211233,-0.0815536834847768,0.038,0.035,1
Gfer,0.243922223880511,0.223261319854287,0.006,0.01,1
Rpl5,0.243924626534277,0.0992326034613233,0.013,0.018,1
Tex11,0.243956781389761,0.508123020723969,0.151,0.089,1
Psd2,0.24402731247912,-0.0109257463242765,0.025,0.031,1
2010002M12Rik,0.244119894168124,0.544873921918811,0.126,0.06,1
Nxn,0.244144079051938,0.71766115173989,0.107,0.049,1
Sh2d6,0.244150951023153,0.0540400804868861,0.006,0.012,1
Ewsr1,0.244170226972748,-0.203901837381343,0.019,0.027,1
Rptn,0.244186465700286,1.59741510575328,0.025,0.008,1
Ppapdc1b,0.244273319651088,1.46611371366019,0.038,0.01,1
4921513I03Rik,0.244274318260118,1.51282210955642,0.025,0.011,1
Usp38,0.244382827322502,-0.565870311193436,0.057,0.057,1
Ccdc173,0.244403418085177,0.792782280878248,0.082,0.037,1
2010106E10Rik,0.244418567029563,-0.335308196002022,0.044,0.049,1
Cdk1,0.244594055676909,-0.239390953100392,0.025,0.049,1
Tdrp,0.244658120434353,0.66637808622729,0.075,0.042,1
Lnx1,0.244693346958972,-0.434873455329858,0.113,0.089,1
Phka2,0.244698273765514,-0.528653810076854,0.119,0.113,1
Acox3,0.244705770298384,-0.429209052788265,0.057,0.057,1
Wnt8b,0.244908301789382,0.36171363718847,0.006,0.011,1
Usp7,0.245026367759467,0.569274602937606,0.119,0.058,1
Apmap,0.245136393241565,0.619751124917503,0.113,0.047,1
Fmr1,0.245172121465511,0.775895906623921,0.082,0.031,1
Dennd2a,0.245244445363089,-0.3091211118262,0.063,0.062,1
Zdhhc3,0.245260622851011,-0.360583460955173,0.126,0.1,1
Plaa,0.245286438099404,0.639105149047086,0.107,0.061,1
Alkbh6,0.245347305930573,-0.216412424266207,0.013,0.016,1
1700092M07Rik,0.24548349614653,2.86755514102418,0.013,0.002,1
Ten1,0.24560084468731,-0.451824134127532,0.013,0.023,1
Map3k7cl,0.245684110956468,0.580584422443978,0.088,0.047,1
Olfr1052,0.245829344095475,2.60861495164006,0.013,0.002,1
Zfp3,0.245860659960031,1.5635044250177,0.025,0.008,1
Hrsp12,0.245903520943633,0.659557406930919,0.063,0.028,1
Mrps28,0.245913946754471,-0.302281693077766,0.138,0.121,1
Pspc1,0.245947187328173,0.932957877919512,0.05,0.028,1
Retsat,0.246096340653122,-0.335441618240575,0.025,0.025,1
Grem1,0.246154425363208,-0.602889204126037,0.025,0.031,1
Ss18,0.24618665266937,-0.47443303673991,0.101,0.092,1
Tmprss3,0.246317097329461,-0.437482089969175,0.025,0.029,1
Gm436,0.246336947159465,-0.297538423173189,0.006,0.013,1
Lrrc75b,0.246375954583592,-0.156668095269754,0.025,0.028,1
4930412O13Rik,0.246404992422857,1.74037246634714,0.019,0.01,1
Cdk12,0.246453496836899,0.911970423839061,0.075,0.048,1
Yjefn3,0.246558452595748,1.04700165416465,0.057,0.024,1
Fbxo41,0.246600638785081,1.02124077313766,0.057,0.027,1
Cml5,0.246765490174377,2.11662766340409,0.013,0.002,1
Mrps26,0.246789372330737,-0.195020803670474,0.006,0.013,1
Ifnar2,0.24687473291929,0.879980957948821,0.063,0.025,1
Arxes2,0.246951360496744,2.29017119973145,0.013,0.002,1
Tmem109,0.247028855018482,-0.187604417951028,0.006,0.013,1
Mlip,0.247097268408513,-0.430047530871431,0.283,0.251,1
Slmo1,0.247167689460726,-0.238426787375444,0.006,0.012,1
Zbtb44,0.247249557843442,1.06800844342886,0.069,0.031,1
Rab11fip2,0.247310785317161,-0.481623415843376,0.063,0.057,1
Ghitm,0.247310886144224,-0.279351914661344,0.05,0.048,1
Ces2f,0.247411168733144,1.01673665600475,0.038,0.016,1
S100a13,0.247424040748978,1.39012910035467,0.031,0.015,1
Tigd3,0.247533353531204,1.83960773983172,0.013,0.006,1
Tmem8b,0.247552930685563,0.773462462439702,0.094,0.042,1
Smad9,0.2475690967682,0.77026593872222,0.107,0.055,1
Csf1,0.247632714077735,-0.440667615273719,0.006,0.013,1
Pkdcc,0.247712825070458,-0.140335518393905,0.031,0.035,1
Ppfia4,0.247719953057861,-0.444482683075123,0.05,0.048,1
Erg,0.247721057853761,-0.442869673601546,0.182,0.164,1
Gdf9,0.247722898121797,-0.594496318672079,0.013,0.021,1
Fkbp10,0.247862003926972,-0.71346203302945,0.006,0.018,1
Ooep,0.247944777256017,1.55106519770454,0.031,0.009,1
Ttll4,0.248052894182993,0.759011478107164,0.082,0.04,1
Dsc3,0.248090776479659,-0.450370738738383,0.069,0.071,1
Nsmce2,0.24814035010084,-0.379925214066859,0.189,0.165,1
Taok1,0.248226377435276,1.10937903578765,0.05,0.024,1
Olfr15,0.248375236810749,1.97547312988905,0.013,0.007,1
Wfdc10,0.248431425202561,1.94461973283487,0.025,0.005,1
Ust,0.248452888895078,0.213388872440526,0.358,0.228,1
Plxnb1,0.248495390232014,1.17326553704981,0.044,0.018,1
Gipr,0.248502144398198,1.79941435021026,0.019,0.008,1
Figf,0.248546022103659,0.684514283239254,0.063,0.038,1
Lox,0.248577110682817,1.04274639433087,0.05,0.019,1
Armc1,0.248625915280077,0.436658917365501,0.157,0.075,1
Tbcel,0.248636665577849,-0.606232002714435,0.057,0.059,1
Col4a3bp,0.248861442075353,0.452815012543471,0.182,0.093,1
Kcnj8,0.24916422507331,1.06297911815164,0.044,0.02,1
Zc3h3,0.249242232110408,-0.34070345288092,0.082,0.065,1
Pex11g,0.249253278073934,0.592899720548162,0.069,0.037,1
Gm1330,0.249338574915327,1.18245182285568,0.031,0.014,1
Samd4,0.249554645249535,0.322160524135279,0.258,0.151,1
Usp1,0.249585023518092,-0.157663816445004,0.025,0.028,1
Vmn2r15,0.249640581501234,2.37290012448155,0.013,0.004,1
Itfg2,0.249658287391023,0.83650974266814,0.069,0.032,1
Tnfrsf14,0.249730168555446,1.68643041659052,0.013,0.009,1
Cox7a2l,0.249734085352734,-0.411166442440136,0.025,0.029,1
Cenpo,0.249740259430504,0.795152032372187,0.107,0.047,1
Ppef2,0.24974940764081,0.714777178375589,0.069,0.034,1
Atp8b4,0.249757094941564,0.329325581807187,0.264,0.171,1
Zfp334,0.249775695249041,-0.0576448490455244,0.006,0.012,1
Nipal3,0.249781538739568,0.527624224022507,0.101,0.047,1
Tmbim4,0.249853322885905,-0.301754217716048,0.025,0.036,1
Gda,0.249858260141446,0.536846489089923,0.119,0.074,1
Plxnd1,0.249906091132622,-0.210992031652534,0.031,0.043,1
Nlk,0.249940714588125,-0.635401405788202,0.094,0.079,1
Fam227b,0.250001851921512,-0.398167888902119,0.214,0.183,1
Slc7a15,0.250025294858358,-0.584272457194633,0.063,0.066,1
Myo18b,0.250036218777936,-0.378200533212016,0.138,0.112,1
Hemk1,0.250048625390414,0.935366406904933,0.057,0.025,1
Sh2d1a,0.25026699123566,-0.439868239830733,0.013,0.017,1
Ppp1r9b,0.250269986917188,0.00275900802422768,0.013,0.014,1
Olfr287,0.250280601809139,1.38352117063247,0.031,0.012,1
Ppp6c,0.250329872697533,-0.426051028950281,0.031,0.042,1
Mtmr2,0.25033560655457,-0.221911146675205,0.05,0.058,1
Slc2a4,0.250339008929292,1.76044092838568,0.025,0.007,1
Ptpn18,0.250492013108212,1.35896724423636,0.05,0.016,1
Erbb2,0.250513975938153,0.747006201844457,0.057,0.029,1
Htr3b,0.250612039871591,-0.277630159136496,0.013,0.018,1
Zfp280c,0.250632718742772,-0.426191493481516,0.025,0.028,1
Irf7,0.250640108550333,0.0858472845486125,0.013,0.012,1
Acbd3,0.250722847008493,-0.0895218186794864,0.006,0.016,1
Tlr6,0.250766951747936,1.87478189024797,0.013,0.004,1
Il4i1,0.250770058837466,-0.517888665395766,0.038,0.048,1
Bpifb9a,0.250791323545116,1.62178084929249,0.031,0.008,1
Arf3,0.250806683551505,1.03012834021842,0.057,0.021,1
Pdcd6ip,0.25083367481573,-0.367200795645256,0.057,0.057,1
Gm10840,0.250918787355748,0.599093035962758,0.006,0.01,1
Gzmm,0.251243235774838,2.02224257097591,0.013,0.005,1
Sprr1b,0.251272522217814,1.81089032735459,0.019,0.006,1
Mtap,0.251312836230749,0.347109007611584,0.17,0.114,1
Echdc2,0.251347020103811,0.889173489030962,0.05,0.016,1
Alox12,0.251355480051006,-0.00271866499221307,0.013,0.018,1
Fkbp15,0.25145503797467,0.605390320101471,0.119,0.083,1
Tpt1,0.251782351576376,-0.418414471926255,0.019,0.028,1
Enpp1,0.251821073444579,0.489017066722171,0.145,0.102,1
Zfp811,0.251869662863032,1.85574116663948,0.019,0.005,1
Ttll9,0.252210290643415,0.968495928972548,0.075,0.034,1
Ube2h,0.252268756850349,-0.501254840714841,0.044,0.05,1
Mrgprb1,0.252554308767046,0.106061159631837,0.006,0.012,1
Mroh6,0.252643851566226,0.11947918929727,0.006,0.01,1
Sass6,0.252696936663715,-0.297918990552436,0.044,0.045,1
Exd1,0.252726977632963,0.675070770033487,0.094,0.058,1
Matn3,0.252774644392266,-0.24458404660404,0.019,0.026,1
Trpm7,0.25291656371787,0.699788518620318,0.101,0.045,1
Nmt1,0.253003060771784,0.79863643409162,0.069,0.029,1
1810024B03Rik,0.253078045042758,0.930293592699569,0.044,0.021,1
Retn,0.253256552394168,1.63546127887244,0.025,0.009,1
Mob3a,0.25332807215299,-0.305102436837792,0.044,0.048,1
C4b,0.253444795371108,1.14142621371036,0.038,0.015,1
Apod,0.253480505387484,1.50526314284066,0.031,0.012,1
Akr1c12,0.253645240002238,-0.349762823080098,0.031,0.034,1
Lynx1,0.253726336358001,-0.106453593953835,0.019,0.026,1
Fam178b,0.253799999623194,-0.442840709467638,0.082,0.085,1
Ube2s,0.253895147523327,-0.33842946761147,0.019,0.027,1
Zfp93,0.253933843138987,1.3736374046825,0.025,0.012,1
Sdcbp,0.254065628172321,-0.531361992911016,0.107,0.088,1
Dtx1,0.25411830286704,1.5552273198542,0.031,0.013,1
Gm10615,0.254202298756189,1.67232010246372,0.025,0.01,1
Uqcr11,0.254423995369788,2.27323104011331,0.019,0.004,1
Armcx2,0.254454055593882,1.12735372103156,0.038,0.016,1
Pced1a,0.254523887020032,-0.257193437102377,0.013,0.019,1
Lbhd1,0.254704129659713,1.41196862481906,0.025,0.009,1
Vmn1r26,0.254719489168947,2.07432594875562,0.019,0.004,1
Gm5724,0.254798607222705,-0.423957770900113,0.044,0.043,1
Pqlc3,0.254818661106695,-0.305561824558732,0.013,0.015,1
Reg3d,0.254834920548969,-0.152149140573435,0.006,0.013,1
Sertad3,0.25491983932891,-0.298184130258728,0.044,0.056,1
Aatk,0.254930471804744,0.236524952603812,0.025,0.025,1
Lars,0.254933950782575,0.408495385414824,0.195,0.112,1
2410012M07Rik,0.255181221373411,2.65545189153156,0.013,0.002,1
Cbr3,0.255293124854587,1.22313705111221,0.038,0.013,1
Moap1,0.255366187860945,0.607384845314116,0.006,0.01,1
Coq10b,0.255506192774566,0.624616697477575,0.069,0.035,1
Kcnk9,0.255528977115794,-0.308344120140329,0.038,0.053,1
Hdx,0.255590985680028,0.389814568329678,0.132,0.101,1
Tmem14a,0.255723130415933,-0.213075008251977,0.057,0.048,1
Ffar3,0.255783958823006,1.97906230837488,0.025,0.006,1
Nudt7,0.255907029908918,-0.254667395821362,0.031,0.043,1
Ccdc110,0.255935544339717,0.841135027486775,0.069,0.024,1
Sgms1,0.255968681196584,0.238686876842461,0.333,0.196,1
Cyp2c54,0.256046041919386,-0.264643920815818,0.019,0.021,1
Mxra7,0.256417249812925,-0.274772978687452,0.025,0.03,1
Ppm1g,0.256441567060376,-0.175721493627112,0.013,0.017,1
Agmo,0.256518256527817,0.0320281190031502,0.547,0.339,1
Coa5,0.256557487228061,0.139059334329786,0.019,0.02,1
Glipr1l2,0.256611418449018,0.780640833248232,0.069,0.044,1
Nudt10,0.256654693755766,2.28983464633308,0.013,0.004,1
Slitrk1,0.256811584823892,-0.497301118763644,0.019,0.023,1
Fam104a,0.256846274235435,-0.120907449550844,0.013,0.016,1
Rab39b,0.256854624243296,1.46365214357503,0.031,0.011,1
Clec4a4,0.256904828489879,-0.222954479316345,0.013,0.016,1
Vwa5b1,0.256906724872968,0.590106826279543,0.101,0.047,1
Hepacam2,0.256918815579925,0.352220950523734,0.176,0.099,1
Rapgefl1,0.256977909663075,-0.0685219154233048,0.006,0.016,1
Usp4,0.257012459086967,0.878278612502657,0.069,0.031,1
Crct1,0.257125510273132,0.037024843004275,0.013,0.016,1
Samd15,0.257146235363074,0.977519459710785,0.038,0.014,1
Slc45a3,0.257184528952131,0.980708139800786,0.057,0.021,1
Sec61a1,0.257309268705431,-0.137868457467219,0.019,0.024,1
Snrpn,0.25731545517494,-0.772775483927775,0.025,0.037,1
Atn1,0.257403315449076,0.00379001776755139,0.025,0.025,1
Idi2,0.257493572107453,1.60597541899564,0.025,0.007,1
Shisa2,0.25750621171082,-0.383424015573009,0.013,0.021,1
Trim61,0.257566004726041,0.810887715840688,0.075,0.038,1
Prex2,0.25775877949831,0.418464909997724,0.289,0.184,1
Lonp1,0.257911323587819,1.25216731607122,0.044,0.014,1
BC025920,0.257950541907105,-0.0844329704348033,0.025,0.029,1
Ccdc103,0.257965137960576,-0.089692071475608,0.006,0.012,1
Sdc2,0.257973161316087,0.444583531632548,0.132,0.08,1
Zfp273,0.258030151843782,1.0189533124802,0.044,0.024,1
Rnd3,0.258125865918834,-0.581769404683072,0.025,0.038,1
Bmp10,0.258165951595982,1.61436862217442,0.025,0.005,1
Pbxip1,0.258257259876193,1.40527384233657,0.025,0.011,1
Ncstn,0.258263735403045,1.67009765986277,0.031,0.01,1
Matk,0.258338306627659,-0.278781533447178,0.006,0.012,1
Vcpkmt,0.258664900030577,0.00781568062649019,0.006,0.012,1
Riok2,0.25871320554188,0.904688341537049,0.057,0.022,1
Tmem126b,0.258731485581766,-0.536820179056459,0.044,0.038,1
Oas1c,0.2587476071788,1.262958236168,0.031,0.01,1
Ybx3,0.25878311311871,0.471315535157704,0.107,0.066,1
Star,0.258876979070693,-0.143583807569209,0.006,0.011,1
Abcc3,0.258937638763969,0.958913379865924,0.057,0.029,1
Cdk5rap3,0.258973230826645,-0.1671378742823,0.025,0.032,1
Ern2,0.258987398575519,-0.461247177715919,0.019,0.025,1
Slc15a3,0.259020415026235,-0.562252547812134,0.031,0.032,1
Trim3,0.259021051777454,-0.277836530534735,0.038,0.048,1
Gpr174,0.259085615747778,-0.361340053375359,0.019,0.025,1
Ankrd24,0.259170419649521,0.83355860371603,0.05,0.021,1
Foxj2,0.259176159440546,-0.0956894572192502,0.025,0.038,1
Rmi2,0.259231445699734,-0.431502902701824,0.069,0.072,1
Shcbp1l,0.259572290377538,1.01593533741406,0.05,0.021,1
Minos1,0.259710747504651,1.13126696725953,0.044,0.013,1
Rab26,0.259746475564118,-0.118231567527968,0.013,0.017,1
Pmp2,0.259765491828286,0.336630622713972,0.006,0.01,1
Ache,0.259923137236127,-0.178642299461218,0.019,0.02,1
Il17rc,0.259924723326869,-0.498062484724782,0.019,0.022,1
Ms4a13,0.260015818298723,-0.540823520190827,0.031,0.035,1
Lhx8,0.260020122525929,-0.532937388443608,0.025,0.031,1
Cmtm6,0.260024854605869,1.28356055009437,0.038,0.018,1
Stk11,0.260060642005312,-0.315320410299,0.019,0.022,1
Tshr,0.260068081785438,0.340504210495038,0.22,0.129,1
Zfp773,0.260102126816064,0.677846161336317,0.063,0.03,1
Kitl,0.260254837681363,-0.429161486135827,0.126,0.13,1
Mybl2,0.260293501070239,0.907561947696445,0.063,0.034,1
Tssc4,0.260335651030292,0.038821786893144,0.006,0.013,1
Ankrd28,0.260357463830558,-0.270746504508217,0.075,0.087,1
Emp2,0.260576746697306,0.63583866858852,0.082,0.045,1
Snrnp200,0.260641403861982,0.796001055890332,0.05,0.025,1
Pianp,0.260642489091827,2.20535649176562,0.019,0.005,1
Nudt8,0.260671410148107,-0.134293925399558,0.025,0.02,1
Mllt11,0.260832984207148,0.392492987291056,0.006,0.011,1
Wibg,0.260861308463413,1.7757919180346,0.019,0.009,1
Tle2,0.260985721633328,1.61076077187032,0.025,0.01,1
Fhl5,0.26101937096785,-0.596596060786161,0.057,0.063,1
Olfr690,0.261051415814454,2.4609742145465,0.013,0.004,1
Frmd8,0.261061073177479,-0.321631870821211,0.013,0.018,1
Mcm3ap,0.261223589908263,0.442336674262414,0.138,0.065,1
Asl,0.261238569618641,-0.374275723235923,0.013,0.023,1
Vmn2r103,0.261306940956039,0.945756010774662,0.044,0.022,1
Pgbd5,0.261368296548065,0.569740478887618,0.119,0.076,1
Snx29,0.261396158276946,-0.210850507325091,0.377,0.313,1
Eif4h,0.261642257009616,-0.221359736748621,0.006,0.016,1
Gsr,0.26167813983178,-0.498775720895491,0.063,0.059,1
Nrg2,0.261689962566166,0.37281056615729,0.239,0.12,1
Stk31,0.261763167116803,0.755448896423821,0.069,0.03,1
Gm7461,0.261796075029789,-0.251695165467226,0.025,0.035,1
Zbtb3,0.261798618501164,-0.101432242775208,0.013,0.014,1
Anxa1,0.261918873892667,0.976300612558157,0.038,0.015,1
Il1a,0.261953071551847,1.74002137414809,0.025,0.007,1
Tmem92,0.26195742137971,2.13798257105639,0.013,0.003,1
Srm,0.262089081536402,-0.397368104096267,0.019,0.026,1
Runx2,0.262110787988016,0.229969371647599,0.409,0.27,1
Prpf38a,0.262140990317884,1.08334210220938,0.044,0.02,1
Tmem115,0.262168952523388,-0.0530505368332559,0.031,0.03,1
Zglp1,0.262180657452937,1.39194651585583,0.019,0.009,1
Nphs2,0.262187919271651,1.42831364728125,0.038,0.016,1
Tango2,0.262311502153872,0.727457624956847,0.101,0.057,1
Sgsm1,0.262345382281913,0.849080288942385,0.113,0.054,1
Ctxn2,0.262445893286407,-0.166302297133015,0.006,0.012,1
Det1,0.262626889319188,0.586200252292623,0.094,0.057,1
Rabgap1,0.262635976947339,0.542578319508868,0.132,0.069,1
Arfgap2,0.262738327746814,1.36179280553943,0.025,0.01,1
ANKRD23,0.262790145238941,1.42686414698082,0.013,0.009,1
Slc13a4,0.262802212555309,-0.494235877973408,0.069,0.055,1
Dhx33,0.262822393841307,1.15569623453343,0.05,0.022,1
Slc22a19,0.262921583980763,-0.367181449655304,0.019,0.021,1
Hist1h1a,0.262934683686362,1.8548988393485,0.019,0.009,1
Cdh11,0.262946045430823,0.222266122028168,0.245,0.159,1
Fam168b,0.262965773644938,1.20225814423265,0.05,0.016,1
Ppp3r2,0.263042225535345,1.14598301053954,0.031,0.013,1
Cttn,0.263179781606709,-0.527998812125758,0.038,0.038,1
Rnase4,0.263239726522317,-0.335643435552961,0.044,0.037,1
Cfap46,0.263258559155466,-0.16329154689555,0.019,0.021,1
Nrip3,0.263260409357708,1.15687126484217,0.031,0.013,1
Yipf6,0.263394690809089,-0.228715276027475,0.044,0.046,1
Rtcb,0.263453255945764,-0.185158329116367,0.019,0.02,1
Asxl1,0.26346151233832,-0.0455137177053251,0.031,0.031,1
Pde6c,0.263531554461693,0.636970367250988,0.088,0.049,1
Utp3,0.26356585576291,0.170339412792884,0.013,0.015,1
Peli1,0.263661314896276,0.946322985551343,0.069,0.031,1
Col4a2,0.263679568348145,-0.377261068558742,0.126,0.124,1
Cxcl3,0.263773003159869,-0.528969804817088,0.006,0.021,1
AI314180,0.263784026905176,0.510867722680483,0.126,0.077,1
Glyctk,0.263945561044646,-0.262277885167058,0.013,0.016,1
Dgat1,0.263972257251444,-0.560315899087655,0.013,0.016,1
Alad,0.263989963989414,-0.48284950856019,0.019,0.027,1
Gm9920,0.263996131862202,-0.32340354290718,0.044,0.05,1
C9,0.264058498560945,-0.42132900580778,0.057,0.065,1
Tnni3k,0.264129147803037,0.184809512342711,0.453,0.333,1
Man1a2,0.264182742665628,0.293941038224592,0.22,0.136,1
Nudt1,0.264223799580732,-0.182305246412194,0.006,0.015,1
Cpne7,0.26427364124193,1.66156098545645,0.025,0.006,1
Gnao1,0.264341043735062,-0.361585404003196,0.094,0.109,1
Tchhl1,0.264387491741716,1.75263316783377,0.013,0.004,1
Gm10797,0.264425987597389,1.31073663861726,0.025,0.007,1
Insig2,0.264438223241371,-0.330117421588728,0.069,0.062,1
Csf3,0.264581258893669,2.23994117488325,0.013,0.006,1
Galns,0.264630922275595,0.558496905930757,0.151,0.093,1
Tdrkh,0.264643108164009,0.782086062146083,0.082,0.047,1
Acaca,0.264646971907679,-0.292079626282849,0.189,0.141,1
Lrp10,0.26469828503041,1.31009530657672,0.025,0.014,1
Fbln7,0.264702255531932,0.857564917332321,0.063,0.024,1
B4galt2,0.264740376863553,0.386752043657385,0.006,0.01,1
C530025M09Rik,0.264885665102201,-0.204196317115217,0.006,0.014,1
Gart,0.264894230526803,1.03770810101529,0.057,0.032,1
Dis3l,0.264914054895946,-0.639933985307842,0.05,0.048,1
Lxn,0.264997830053958,-0.430672400291297,0.019,0.031,1
Kars,0.26503994632162,-0.301660845310813,0.019,0.023,1
Idh2,0.265115055484293,1.06908714988113,0.057,0.029,1
Fam212a,0.265128678198044,-0.120119846942285,0.006,0.013,1
Cntnap4,0.265153068496438,-0.303060166628181,0.327,0.295,1
Rwdd1,0.265252112032642,-0.492058834820443,0.082,0.074,1
Kansl1,0.265303783390098,0.73308157746606,0.088,0.043,1
Cryab,0.265304546666861,-0.044277322805085,0.006,0.014,1
Cuzd1,0.265375373035259,-0.123246277078015,0.025,0.019,1
Stat2,0.265392162539932,-0.031860970544531,0.031,0.026,1
Efcab7,0.265528430093715,0.547301663131212,0.094,0.046,1
Lrrc36,0.265635591620285,0.835446393953379,0.069,0.032,1
Sel1l3,0.265777640834845,0.385772678021453,0.182,0.107,1
Gm28551,0.265784739647687,-0.572795338446767,0.057,0.054,1
Hnf1b,0.265822883828107,0.550758243498271,0.094,0.049,1
Lcp1,0.265825023226123,0.412079358711288,0.195,0.138,1
Cnga1,0.265978929080725,-0.479349373649844,0.038,0.035,1
Mug2,0.266041974259824,-0.177137979570477,0.025,0.036,1
Nelfb,0.266054728425256,1.85898866837648,0.019,0.004,1
Gabrr3,0.266060591221636,-0.537820926412854,0.088,0.1,1
PCDHGC5,0.266124793654545,1.43453857733523,0.019,0.01,1
Zfp217,0.266207974361531,-0.339682112153826,0.031,0.041,1
Ankrd1,0.266272552894471,1.78700987638631,0.013,0.007,1
Tax1bp1,0.266308522054847,0.846134483641578,0.069,0.023,1
Trmt10a,0.266337056123569,0.495008483909776,0.119,0.071,1
Zfpl1,0.266569549234563,-0.10040641742791,0.006,0.016,1
Kctd6,0.266570759181886,0.660720112468098,0.069,0.039,1
Crybb2,0.266599019001128,1.93910163242293,0.019,0.005,1
Notch3,0.266600810163547,-0.685886305551049,0.044,0.048,1
Nisch,0.266678505245275,0.815838929160631,0.063,0.038,1
Zbtb37,0.266729843532845,0.606207481000322,0.088,0.054,1
Tmco1,0.266730645806152,0.847355527637575,0.063,0.037,1
Rft1,0.266741742443188,0.619151055668145,0.094,0.054,1
Tmem67,0.266934801661188,0.486599640257177,0.138,0.078,1
Fgf20,0.267013287216079,-0.158436765271026,0.094,0.098,1
Coil.1,0.267053819309196,1.04284028491283,0.063,0.023,1
Fbxw8,0.267092328511858,-0.484895830038126,0.094,0.078,1
Nudt9,0.267231497957357,1.0263413017952,0.05,0.017,1
Xpnpep3,0.267238585057524,0.421869710062138,0.126,0.061,1
Zfp57,0.267267612602453,-0.125249957488738,0.006,0.012,1
Gyk,0.267555756918447,-0.400899789108096,0.088,0.066,1
BC107364,0.267597728739765,1.84099396977092,0.019,0.005,1
E430018J23Rik,0.267637299348041,0.353355660529648,0.006,0.012,1
Ms4a6b,0.267730730647467,-0.332643048642901,0.025,0.027,1
Diablo,0.267843488911136,0.0636560260615262,0.013,0.02,1
Pdcd2l,0.268011558119101,0.970522939057761,0.038,0.012,1
3110002H16Rik,0.268034168739035,-0.406988930656174,0.031,0.045,1
Macc1,0.268081265917228,0.461866468025052,0.088,0.048,1
Ctps2,0.268102520935011,0.427587066089294,0.189,0.12,1
Etv2,0.268137723840033,1.78301393241206,0.019,0.004,1
Slc9a1,0.268146774029735,0.964743298093039,0.088,0.04,1
Araf,0.26854558478495,-0.32905078053637,0.069,0.057,1
Bcl7c,0.268662435041459,-0.419872945375309,0.044,0.04,1
Erlin2,0.268709454148409,-0.156486372057506,0.031,0.034,1
Glg1,0.268731445054621,0.691571932183694,0.132,0.063,1
Mrto4,0.268749937811644,1.65017793585107,0.025,0.007,1
Lbr,0.268844694513218,-0.152741021211112,0.019,0.024,1
Loxhd1,0.268865464554473,0.204710974397468,0.233,0.141,1
Zbtb39,0.269017557285164,1.14517782039707,0.038,0.015,1
Slc16a7,0.269057791980095,-0.428826307578156,0.201,0.183,1
Tmem55a,0.269115134943478,0.465080179883047,0.157,0.073,1
Grifin,0.269167588396597,2.25576647386859,0.013,0.004,1
Nlrp12,0.269214172934353,0.878606830707168,0.05,0.027,1
Cenpt,0.269222558454656,0.30083767483624,0.006,0.01,1
Ndufaf2,0.269254927290432,0.274080375622919,0.258,0.134,1
Kifap3,0.269268155994819,0.218092291693637,0.302,0.176,1
Trabd2b,0.269334718090135,-0.387188771166394,0.195,0.169,1
Cdc42bpb,0.269418058466073,0.584105746261039,0.138,0.071,1
Dmtf1,0.269459644983156,-0.370053466479099,0.063,0.059,1
Rgsl1,0.269473942157274,0.717728433724556,0.069,0.034,1
Tpp1,0.269512685291278,-0.223238225419519,0.019,0.021,1
Gm10663,0.269598394929167,1.81212594784702,0.025,0.005,1
Grin2c,0.269604055204739,1.43452903886161,0.019,0.008,1
Pdgfrb,0.269738804768257,0.719171443268753,0.075,0.043,1
Lrrc72,0.269823030044537,0.380670877875649,0.164,0.084,1
Cyp4f40,0.269827083526009,0.859579261849255,0.038,0.022,1
Fbxw19,0.269945151385611,1.21090904031736,0.038,0.015,1
Wnt7a,0.269981786965018,0.663737185775882,0.075,0.032,1
Vsig10l,0.270140054174214,-0.131618175525573,0.019,0.026,1
Glb1l3,0.270186223391147,-0.550063474749924,0.025,0.034,1
Zfp606,0.270193856367875,-0.604278517229433,0.019,0.021,1
Gm9925,0.27019967250908,1.22040983584326,0.025,0.008,1
Uros,0.270210609490659,-0.473879222819772,0.013,0.024,1
Zfp317,0.270241597967291,-0.383464619431416,0.006,0.015,1
Tmie,0.270290546855707,-0.419931745667761,0.031,0.037,1
1700008P02Rik,0.270369505665002,1.71490359180211,0.013,0.007,1
Tspyl1,0.27038212585176,-0.217049742668339,0.019,0.027,1
Arhgef5,0.270408265690012,-0.634065990341016,0.069,0.078,1
3010026O09Rik,0.27040974842534,0.881717655289791,0.075,0.033,1
Fgd4,0.270495110633033,0.482924598951698,0.226,0.128,1
C5ar2,0.270500283690864,0.102582515302941,0.006,0.013,1
Dyx1c1,0.270592989093958,0.871263009014004,0.057,0.024,1
Slc9a2,0.270735254403694,0.253955279855869,0.182,0.109,1
Mpp7,0.27087650289643,-0.280416150278968,0.377,0.332,1
E130309D02Rik,0.270916429632181,-0.179538183516879,0.006,0.018,1
Itpripl1,0.271068527218279,-0.194034185781474,0.013,0.014,1
Got1,0.271087219775,0.813566987256885,0.088,0.035,1
Tas2r104,0.271097825027486,2.60912592037054,0.013,0.001,1
Hcn1,0.271175653445003,-0.235032036921954,0.415,0.372,1
Fam189a2,0.271210755547612,0.850223718468576,0.069,0.032,1
Crnkl1,0.271229250240664,-0.360946611377652,0.025,0.029,1
Card9,0.271250433311911,0.198513415727038,0.006,0.01,1
Gm136,0.27131964733006,-0.236621911636081,0.006,0.012,1
1600002H07Rik,0.271562908237589,-0.0920735599253915,0.019,0.02,1
Aig1,0.271604595366523,0.130844602009241,0.447,0.272,1
Col4a6,0.271606484274649,-0.572307104572766,0.22,0.175,1
Cpne9,0.271725906341445,1.02281733648853,0.05,0.018,1
Ifngr2,0.27178546148819,1.19697727450675,0.057,0.02,1
Casp6,0.271857703344169,-0.0827439901636575,0.063,0.043,1
Timd2,0.271866013010111,-0.202627471735622,0.038,0.046,1
Suclg1,0.271884008557433,0.615289382572766,0.082,0.038,1
Capn9,0.271934721854255,-0.131842195460711,0.038,0.04,1
Llgl1,0.272000007288325,-0.0488861542808419,0.013,0.016,1
Ston2,0.272012003775642,0.334383609857011,0.176,0.103,1
Hdac3,0.272037087180597,1.06560561335752,0.063,0.028,1
Dhrs9,0.272040158253955,-0.452126603628226,0.038,0.037,1
Paxbp1,0.272088090201789,-0.0289353315368013,0.031,0.031,1
C330011M18Rik,0.272115157037569,0.58382057361298,0.107,0.066,1
Dmbx1,0.272193637125298,1.19920398775809,0.025,0.012,1
Fkrp,0.27220102883466,-0.0806817187398394,0.006,0.012,1
Syt14,0.272221405865533,0.182991732655164,0.252,0.139,1
Mmgt2,0.27257038454221,0.957871341826118,0.057,0.022,1
Krt17,0.272586034867125,0.185445696313693,0.006,0.01,1
Gprc5c,0.272625063450777,1.83057690892864,0.025,0.009,1
Hrk,0.27267945078779,-0.352570300995225,0.013,0.018,1
Ftsj3,0.272728888781439,1.80000454590614,0.019,0.004,1
Brd8,0.272812372842229,1.28659303990077,0.025,0.016,1
Ccdc86,0.272820731165205,-0.289363473119688,0.013,0.017,1
Gtf3c1,0.272835746085459,-0.212088601814385,0.082,0.068,1
Tmem45a2,0.272927011760105,-0.274579875900261,0.031,0.037,1
Tssc1,0.273089933602222,-0.308198723911617,0.157,0.142,1
Megf6,0.273160193252769,-0.352437904217075,0.126,0.115,1
Men1,0.27340685051574,1.03436972892719,0.038,0.016,1
Dnah14,0.273420996049363,0.975681422534282,0.057,0.024,1
Entpd7,0.273454582480413,-0.453082429975411,0.069,0.071,1
Zfp661,0.273597101336183,1.30233336451853,0.038,0.022,1
Atp4a,0.273635615949068,0.974718548452295,0.044,0.015,1
Ints8,0.273675080444879,0.535521816805197,0.075,0.042,1
Dnah6,0.273854279174958,-0.410879479061721,0.214,0.195,1
Espl1,0.273862220887224,-0.34280708945805,0.025,0.029,1
Gngt2,0.273939802166167,-0.37946374489032,0.006,0.011,1
Tmsb10,0.273994545429347,1.78123583674301,0.019,0.006,1
Hydin,0.274061498254,0.114865562391179,0.396,0.222,1
Cyp3a44,0.27406629960115,-0.189295249193223,0.006,0.016,1
Zfp524,0.274074247366127,-0.176593509457549,0.031,0.033,1
Epc1,0.274105873366574,-0.439829598269786,0.05,0.051,1
Smc2,0.274144264986305,0.314487632876922,0.22,0.133,1
Ddit3,0.274194854007316,0.0235846182365673,0.019,0.024,1
Hyal2,0.274254033189532,0.444219185929416,0.013,0.012,1
Trim62,0.274271692215211,-0.240776515055086,0.025,0.037,1
Tmem170b,0.274278987154889,0.72871119966536,0.101,0.045,1
Kat8,0.274359425490484,2.10135139521622,0.019,0.005,1
Olfr1402,0.274362567574475,2.30875588858074,0.013,0.002,1
Tmem143,0.274431871809156,-0.358278425943417,0.031,0.044,1
Prim1,0.274474358169462,1.07558265478634,0.038,0.016,1
Tuba3a,0.274516608695133,2.3578977055646,0.013,0.005,1
Celf4,0.274625220473003,-0.348719463277568,0.377,0.33,1
Zfp58,0.27481156527467,1.62464226417467,0.025,0.009,1
Cyp2c29,0.274910375307326,-0.69377025225874,0.019,0.032,1
Kctd9,0.275007685890824,-0.370611141190189,0.113,0.098,1
Gdpd2,0.275011274506651,-0.0832460400823782,0.006,0.014,1
Sco1,0.275271490324954,-0.343542647461528,0.025,0.029,1
Cyp2d9,0.275359639288611,1.5809132144814,0.019,0.005,1
Fbxo46,0.275382793151557,0.718004388138502,0.075,0.045,1
Cfhr2,0.275414029426226,-0.353017639396048,0.038,0.048,1
Mrpl47,0.275419512691359,1.1061099634161,0.038,0.025,1
Ecd,0.275493295052041,0.527401176397103,0.082,0.038,1
Lyrm1,0.275656047473043,-0.36120188943738,0.082,0.067,1
Nsun7,0.275676781136876,0.991169701544883,0.05,0.029,1
Phox2a,0.275687068055218,1.31238886415925,0.019,0.008,1
Sftpb,0.275733249762637,-0.25369720898218,0.013,0.018,1
Kdf1,0.275801684092671,1.0240378282611,0.031,0.013,1
Gng11,0.275941660867126,-0.214968005930056,0.025,0.032,1
Entpd5,0.27602543367496,-0.55535764037391,0.025,0.038,1
Tmem50a,0.276069975316701,-0.0729618395822618,0.006,0.012,1
Supt7l,0.276203498027426,1.15069136499188,0.044,0.019,1
Krt82,0.276288173212426,-0.176194804761339,0.006,0.016,1
Tk2,0.276330309648386,-0.283826016552817,0.063,0.065,1
Mrps36,0.276352451800863,-0.186913640878088,0.025,0.025,1
Acadl,0.276354682305844,0.706089649525019,0.063,0.032,1
Mroh5,0.276453941870511,-0.193468623864322,0.063,0.063,1
Ankrd29,0.276552830649,0.337064452838457,0.132,0.067,1
Yars2,0.276614073097804,0.696878228385849,0.075,0.043,1
Pigo,0.276619551532995,0.0405247997356248,0.006,0.013,1
1500012F01Rik,0.27663621102254,-0.375951544238906,0.013,0.027,1
Mslnl,0.276641109040582,-0.112253053802712,0.013,0.016,1
Angpt1,0.276721574033491,0.171607112090509,0.428,0.283,1
Fmo1,0.276853450396573,-0.379560130001547,0.038,0.046,1
9030624J02Rik,0.277008299346096,0.411012972626946,0.164,0.1,1
Paf1,0.277009839031824,0.0720167434406731,0.006,0.013,1
Mbl1,0.277098148629902,-0.148683952607532,0.006,0.013,1
C530008M17Rik,0.277125189433762,0.212051413785035,0.302,0.179,1
Lrrn3,0.277254600745043,-0.275677517693426,0.088,0.081,1
Cfdp1,0.277284410180922,0.698674498804307,0.094,0.059,1
Olfr1508,0.277388404998346,1.53591204033053,0.019,0.008,1
Cops4,0.277556195220911,-0.40984209007546,0.069,0.067,1
Isoc2b,0.277661640089308,-0.517920766722412,0.038,0.04,1
Bclaf1,0.277696107658833,-0.161291118682616,0.05,0.047,1
Lclat1,0.277698143472046,-0.361458094550482,0.132,0.134,1
Bad,0.277720334397031,-0.288404971683119,0.038,0.032,1
Dact1,0.277722633193679,0.274620614465176,0.006,0.01,1
Trdmt1,0.277751575775708,-0.605150201405654,0.088,0.085,1
Aifm1,0.27799946016838,-0.455593344875088,0.025,0.037,1
Gngt1,0.2780895104036,-0.220778663111946,0.006,0.015,1
Ccdc25,0.27809408816453,0.922052767309622,0.063,0.031,1
Scrn1,0.278100083083966,0.534784917103663,0.107,0.056,1
Klra2,0.278108478697342,-0.0226816469587146,0.013,0.016,1
Olfr608,0.278190892664907,1.99515583987205,0.019,0.004,1
Tkt,0.278202476139051,-0.0566884269272086,0.025,0.027,1
Nes,0.27822573543441,1.62607178322025,0.019,0.008,1
Ehmt2,0.27824577777924,1.54316065723179,0.031,0.012,1
Nlrp4f,0.27838320858186,0.864593442743546,0.05,0.022,1
Slc6a12,0.278418028303796,-0.655224013620864,0.025,0.024,1
Axl,0.278528013684012,0.836535622909062,0.044,0.034,1
Pga5,0.278655564480929,-0.608940416903925,0.013,0.02,1
Zhx3,0.278734983158085,0.820540386585308,0.075,0.031,1
Dmrt1,0.278760602146408,0.381012087986464,0.138,0.074,1
Rnf25,0.278766176782155,1.64360413827027,0.019,0.007,1
Eif1a,0.278802796229465,0.223977876681288,0.044,0.04,1
Hcrtr1,0.278813863734806,-0.185899939020851,0.006,0.013,1
Slc25a4,0.278843255636138,1.64711950045056,0.025,0.014,1
Commd7,0.279048057619044,0.834708770830733,0.038,0.02,1
Synpo2l,0.279068490826303,-0.364261038991168,0.019,0.021,1
E130114P18Rik,0.279086226826456,0.240547368703887,0.264,0.163,1
Leng9,0.279337346388631,1.55852804409215,0.013,0.005,1
Fam129c,0.279391494173919,-0.318992424496446,0.006,0.013,1
Dgkk,0.279410352674552,-0.530881100259574,0.057,0.054,1
Speer2,0.279425965666016,-0.577950571870049,0.019,0.019,1
Krt84,0.279499903999074,1.33330622251982,0.031,0.01,1
Ttll6,0.279592458088407,0.852947862567596,0.057,0.027,1
Olfr453,0.279866268628548,1.98835412551568,0.013,0.005,1
Vmn2r7,0.279903069259998,0.201682614550084,0.239,0.152,1
RP23-436F15.5,0.279985574994398,1.18540759729132,0.05,0.02,1
Ndufa11,0.28002735596781,1.49629193425871,0.038,0.021,1
Tgfb1i1,0.280038712864697,-0.301605085521453,0.006,0.012,1
Il1r2,0.280096190624047,-0.306317937690539,0.069,0.066,1
Ubald1,0.280117776945062,0.284628196925132,0.006,0.014,1
Cxcl17,0.280165194800287,1.5500948765832,0.025,0.01,1
Zfp109,0.280224071438022,1.42314872888284,0.038,0.015,1
D630045J12Rik,0.280299522711145,0.350549406567041,0.258,0.164,1
Ddx27,0.28034243949492,-0.453574241945917,0.031,0.035,1
Invs,0.280447985427374,-0.318427483108041,0.264,0.216,1
Atg4b,0.28048377304704,0.840989430087667,0.069,0.033,1
Srsf6,0.280497981141545,0.268910719295279,0.006,0.012,1
Shf,0.28054112550395,-0.449899127711332,0.025,0.034,1
C030048H21Rik,0.280641580403426,1.50735941486578,0.025,0.01,1
Il34,0.2807809843671,0.911470561219581,0.075,0.033,1
Arhgap29,0.280782680138939,0.471732016143,0.151,0.066,1
Slbp,0.280903089858802,-0.388965376552031,0.025,0.03,1
Taar4,0.280905359042887,1.76015460607354,0.019,0.004,1
Serinc1,0.280938320736514,-0.072161563623669,0.019,0.025,1
Gng5,0.280943950752747,0.00608487234528354,0.013,0.023,1
Fbxo33,0.280962174296542,-0.370306886489801,0.05,0.051,1
Ctcf,0.280968646898346,0.940601511152364,0.075,0.029,1
Kcnh3,0.281004652543087,1.69547324154539,0.031,0.01,1
D430041D05Rik,0.281029712073342,-0.41138336167058,0.201,0.186,1
Rtn2,0.281037883047199,-0.093050841656507,0.019,0.027,1
Gpr89,0.281074993697706,0.42416854141442,0.113,0.063,1
Stim1,0.28110650338126,0.31771207466188,0.182,0.121,1
Rps29,0.281110234709565,-0.479466513692423,0.019,0.023,1
Gm166,0.281161969589019,1.33978342094359,0.025,0.011,1
Nucks1,0.281181862825556,1.13643245769239,0.057,0.027,1
Sik2,0.281203132479483,-0.359045860549226,0.075,0.09,1
Atp1a1,0.281223101550009,-0.245950565816273,0.031,0.032,1
Zcchc17,0.281404161972396,-0.437265697692097,0.069,0.059,1
Nrg4,0.281528182497685,-0.376326028605824,0.138,0.116,1
Olfr811,0.281549974451285,1.97403889630601,0.013,0.004,1
Stard6,0.281565933721878,-0.403434558386558,0.063,0.061,1
Mrpl14,0.281590238859632,0.79219354038622,0.057,0.024,1
Acacb,0.281720648245033,-0.387263468778447,0.094,0.093,1
Gm5096,0.281890756810392,2.12054833799589,0.013,0.003,1
Fam160a2,0.282013767773996,-0.203339765611418,0.145,0.134,1
Slc24a4,0.282365352056081,0.263352388083978,0.226,0.136,1
Ccl9,0.282387784905751,1.09701467648199,0.031,0.01,1
Rnf20,0.282454432406339,0.527706384250564,0.119,0.063,1
Pls3,0.28251581540828,0.563396633888496,0.113,0.062,1
Ptpn20,0.282609650067316,0.801458853733497,0.063,0.03,1
Gm17541,0.282611810525885,2.11913724886914,0.013,0.003,1
Smg1,0.282612124858082,-0.328287350093988,0.088,0.079,1
Casp12,0.282671221711449,-0.449135263981235,0.025,0.032,1
A730071L15Rik,0.282671358158634,1.48277459996273,0.025,0.013,1
Pdpn,0.282779646565064,-0.0256294779152704,0.019,0.026,1
Fbxw18,0.282829363477426,0.94647926737249,0.044,0.024,1
Best1,0.282914277913871,-0.144257554782438,0.019,0.021,1
Oxa1l,0.282957385149063,1.34089499801774,0.031,0.013,1
Slc5a9,0.282958445534768,-0.504116803019424,0.075,0.074,1
Nkx6-2,0.283034315204489,2.77433515847195,0.013,0.002,1
Orm1,0.283209871540703,1.70045110999057,0.013,0.003,1
Rcn1,0.283232125295805,-0.37243027298021,0.031,0.034,1
Slc2a13,0.283249201983606,0.222965847641277,0.377,0.27,1
Zfat,0.283252656060084,0.171312761033732,0.415,0.266,1
Fermt2,0.283300451859513,0.859586128016033,0.05,0.026,1
Aard,0.283333069737156,-0.254222391355837,0.013,0.02,1
Rtl1,0.283382359861303,1.38857084658888,0.019,0.007,1
Mpeg1,0.28345239568792,-0.0909332488935952,0.006,0.015,1
2210408I21Rik,0.283555859295382,-0.256123117440815,0.478,0.451,1
D630039A03Rik,0.283587417332864,1.22432635151777,0.025,0.013,1
Chd8,0.283635197251476,-0.216042129521545,0.006,0.013,1
Tbc1d5,0.283638603842325,-0.27620430375995,0.415,0.4,1
Map1a,0.283715086041724,-0.502704092648682,0.025,0.026,1
Wdr20,0.283844353652922,0.759519487526403,0.063,0.025,1
C1s1,0.283879375198485,-0.30849804634514,0.013,0.014,1
Vstm4,0.283974122730306,-0.513168450302428,0.057,0.051,1
Arih2,0.28409862558116,1.35646426595639,0.038,0.018,1
Pdhb,0.284103777907486,0.734436793828219,0.057,0.035,1
Vmn1r234,0.284211632310262,2.18793064893542,0.013,0.003,1
Slc39a14,0.284296977374512,0.89596693871504,0.057,0.04,1
Cacna1a,0.284358591216395,0.224308645146272,0.258,0.186,1
Cyp2r1,0.284401676819706,-0.226981085463228,0.025,0.032,1
Gm9955,0.284453782313846,-0.405691838800926,0.013,0.023,1
Dgkd,0.284521004070748,0.45058021366514,0.119,0.088,1
Esr2,0.28469402170596,-0.622345649043904,0.038,0.051,1
Stac2,0.284723783421117,0.0540424778399329,0.006,0.012,1
Fbln1,0.28479584361226,-0.378178485603899,0.075,0.068,1
Galc,0.284840252560045,0.174138748413059,0.201,0.125,1
Ankrd32,0.284922571667032,-0.336297928259644,0.201,0.184,1
Ighmbp2,0.284927479385759,0.476839154456581,0.107,0.062,1
1700009P17Rik,0.285058095832443,1.24121549568869,0.038,0.014,1
Cspg5,0.285075657070873,1.54575757584519,0.019,0.012,1
Nup107,0.285315833533856,-0.375195785077661,0.126,0.118,1
2700094K13Rik,0.285317891481071,2.19725707025535,0.013,0.003,1
Zfr,0.285321659999591,-0.426434188619453,0.044,0.044,1
E130208F15Rik,0.285479700351023,-0.49183831823617,0.025,0.033,1
Actr10,0.285508617107498,0.949782414073765,0.069,0.034,1
Rit2,0.285510442267985,-0.430985843847932,0.384,0.317,1
Cfap20,0.285511108752528,0.962936024306692,0.038,0.015,1
Fam63a,0.285526437692282,-0.0667416831644871,0.019,0.019,1
Nfic,0.285618197295906,-0.0762476305120083,0.025,0.032,1
Tom1l2,0.285634865453847,0.665633479969303,0.101,0.068,1
Tial1,0.285663669070301,0.753464750495005,0.057,0.043,1
Nek2,0.285675092879543,-0.295218441835449,0.019,0.031,1
Trim40,0.285751278830911,-0.562356055046291,0.006,0.013,1
Trim54,0.285818139507297,1.61628781420597,0.038,0.008,1
Spic,0.285852666003527,-0.233901506667662,0.006,0.013,1
Dram1,0.286133376486148,-0.42508843825638,0.145,0.126,1
Tmed8,0.286201018976791,0.803383473051626,0.05,0.026,1
Rrbp1,0.28638865152875,0.318736400484626,0.157,0.08,1
Padi1,0.286462044441495,-0.454007230627424,0.019,0.021,1
Zpld1,0.286550097112089,0.377477249702057,0.176,0.098,1
Alpl,0.286591082380834,-0.218786344659096,0.031,0.04,1
Gzma,0.286606429812665,1.08404211214076,0.038,0.01,1
BC030336,0.286815210889803,0.598953556828739,0.101,0.061,1
Ccnyl1,0.286899867509365,-0.298103236706063,0.063,0.087,1
4930432K21Rik,0.286916192281815,-0.291406775058671,0.057,0.049,1
Ankef1,0.286977454516391,-0.41234048008297,0.088,0.101,1
Rai2,0.287005150037935,0.566603589259624,0.094,0.056,1
Fam129b,0.287012305400809,-0.499950610929325,0.05,0.067,1
Gramd2,0.287050929205646,0.816021813668035,0.082,0.032,1
Dcaf6,0.287068172364257,0.378388800296155,0.195,0.131,1
Supt16,0.287086872905603,0.473995265515265,0.126,0.053,1
Smim5,0.28710008913696,1.18471053305611,0.031,0.013,1
Col27a1,0.287136788127369,0.528944881699654,0.182,0.118,1
Ccdc22,0.287243474471769,1.690064409614,0.031,0.01,1
Oxsr1,0.287340500321763,0.523585526104674,0.132,0.076,1
Ikzf2,0.287377130929279,0.178044553534607,0.34,0.224,1
Lelp1,0.287435047294137,-0.734957423951799,0.019,0.027,1
Krt2,0.28744784799485,1.59329462055717,0.013,0.005,1
Ric8b,0.287452829802536,0.576426381172606,0.113,0.06,1
Ptchd2,0.287518550571096,0.695961373262842,0.069,0.036,1
Vmn2r55,0.287556418791549,1.55269364517024,0.019,0.006,1
Zdbf2,0.287578512231315,-0.425377840381503,0.019,0.027,1
Pfdn6,0.287593348304795,2.25787951747061,0.013,0.003,1
Olfr658,0.287656930622439,-0.149952468298481,0.006,0.012,1
Zfp82,0.287694686875751,-0.406651775358109,0.025,0.025,1
Otud4,0.287700424210885,-0.134929596076551,0.063,0.062,1
S100a1,0.287749285176806,1.46791737432428,0.025,0.013,1
Stra13,0.287767179175616,-0.128837565198317,0.019,0.021,1
Efna1,0.287768294808799,-0.18823265813587,0.013,0.017,1
Gm11114,0.287784206942298,2.27250856667143,0.013,0.002,1
Mcm3,0.287790504550733,0.471683500966135,0.113,0.062,1
Taok3,0.28786137600245,-0.253975237230073,0.132,0.123,1
Acsm3,0.287863846393718,0.391556900028325,0.107,0.049,1
Krtap21-1,0.287890790440164,1.6626690242456,0.013,0.007,1
Eya4,0.287911036703157,-0.38840365928414,0.346,0.284,1
Gm5105,0.287941783723585,-0.319675310680634,0.025,0.026,1
Dnah3,0.288099428214301,0.165451311941584,0.308,0.187,1
Nod2,0.288109393012717,-0.608505435417374,0.019,0.028,1
Dnajc5b,0.288133257996209,0.233974095162103,0.27,0.181,1
Tmem17,0.28818261621296,0.848027123334241,0.038,0.02,1
Slc35f6,0.288193193248064,0.701651501946146,0.063,0.025,1
Suds3,0.288243254504929,-0.351237864540817,0.031,0.029,1
Tex101,0.288304218754419,2.37617550246197,0.019,0.002,1
Epha1,0.288318275705866,-0.476756243005264,0.038,0.032,1
Dck,0.288580959297174,0.748285433141774,0.101,0.046,1
Rfc4,0.288630886038995,-0.349151019387632,0.019,0.023,1
Lgr5,0.288803662588336,0.167974846672678,0.22,0.138,1
Fas,0.28889873751619,-0.410215860230498,0.082,0.071,1
Gins2,0.288918794320879,-0.257929173836242,0.057,0.071,1
Ttc25,0.289074096597715,-0.350455083332562,0.025,0.029,1
Pxdc1,0.289091460397198,-0.518359436383087,0.057,0.049,1
Mtss1,0.289109265873363,-0.292412409070967,0.101,0.093,1
Sdk2,0.289117005424263,-0.171958529431826,0.195,0.188,1
Gm12302,0.289189664364959,1.16136941223404,0.038,0.01,1
Pkd2,0.289205702952935,0.753553044610826,0.075,0.037,1
Snx18,0.289303880121577,-0.525544078324863,0.025,0.03,1
Med4,0.289457972359673,-0.280434887773384,0.025,0.027,1
Dynlrb2,0.289497991371971,0.849343273118781,0.038,0.018,1
Rbm46,0.289610503258211,-0.388175724777139,0.107,0.102,1
Psmg3,0.289714348981628,0.0735602131982276,0.006,0.012,1
Zbtb32,0.289729535811761,1.31619504463404,0.044,0.013,1
Med9,0.289833743260945,1.0809585067235,0.05,0.018,1
Gm9799,0.289834225392835,-0.213322533925333,0.006,0.012,1
Cdk13,0.289897142688065,0.414057745329974,0.138,0.084,1
Ric1,0.289920695193045,-0.216192388994949,0.101,0.09,1
Cd83,0.290100811585018,-0.0281370299209716,0.013,0.02,1
Herc3,0.290114672635127,0.305510364718694,0.277,0.175,1
Cd101,0.290153041988456,-0.187278767895481,0.031,0.042,1
Eif1,0.290174514922443,0.985768509802273,0.05,0.024,1
Ankrd26,0.290279823917791,0.671505693819475,0.132,0.085,1
Pno1,0.290356811172166,-0.129056166254276,0.013,0.02,1
Kif24,0.290478986864427,0.609507833519304,0.138,0.068,1
Tdrd9,0.290492964339744,-0.11064510150928,0.101,0.093,1
Gm8127,0.290611988208487,2.07526066523264,0.013,0.003,1
Aatf,0.290731724760481,0.597592524402807,0.138,0.08,1
Pmpcb,0.290759341687074,-0.205520691623718,0.019,0.03,1
Rnf135,0.290848191370473,-0.0410184297120022,0.013,0.016,1
Igdcc3,0.290852075456082,-0.587089412967096,0.019,0.029,1
Psmb9,0.290864044043607,-0.202145552535854,0.006,0.015,1
Tep1,0.290957758429202,-0.412483133863251,0.088,0.076,1
Pdk1,0.291137539199701,0.737385397557446,0.101,0.047,1
Tap1,0.291159711924448,-0.174772657075528,0.006,0.015,1
Car6,0.291288298519603,0.23921627185823,0.006,0.011,1
Pld5,0.29134653478795,0.125575337188883,0.39,0.291,1
Rdh19,0.29160384184266,-0.12989701209103,0.006,0.01,1
Tor1aip2,0.291624859818301,0.714447506280195,0.094,0.042,1
Vmn2r76,0.291725248672209,-0.20787122409406,0.013,0.02,1
Klf1,0.291730994100985,0.202660117837768,0.013,0.016,1
Alg14,0.291737916580578,0.3384943441853,0.157,0.084,1
Crisp1,0.291803520346125,-0.175024195256016,0.025,0.026,1
Ghdc,0.29184043786385,1.65306865990791,0.019,0.007,1
Il4,0.291841303417053,-0.129740976708188,0.006,0.012,1
Nup133,0.291907444528356,-0.435262107213236,0.132,0.116,1
Pvalb,0.292078748504227,-0.339744023353636,0.013,0.015,1
Rdh1,0.292100401445155,1.34458927801168,0.025,0.01,1
Ino80d,0.292214071444502,0.413841808631384,0.208,0.117,1
Zfp704,0.292302502897509,-0.322840248347912,0.189,0.149,1
Wnt7b,0.292455042560096,1.141340202078,0.063,0.028,1
Sec23b,0.292616492483659,-0.402476570709819,0.063,0.062,1
Casp1,0.292630814264769,-0.246726394246336,0.013,0.016,1
Rpp14,0.292715568590395,1.2967682548453,0.044,0.021,1
Trib1,0.292726792385977,-0.564810501578725,0.019,0.028,1
9430069I07Rik,0.292755299998684,-0.0923118405965138,0.006,0.013,1
Sod2,0.29280461262884,0.918712857834,0.057,0.025,1
Dock3,0.292856639739084,0.0771751008858064,0.314,0.187,1
Polr2l,0.292857889199545,-0.0194214317766468,0.006,0.011,1
Gm6792,0.292974928215618,0.561212143537105,0.094,0.043,1
9930022D16Rik,0.293035357108938,2.14379937020029,0.019,0.005,1
Dcaf8,0.293126254381493,1.45093235745402,0.038,0.018,1
Ctnnbip1,0.293211074488733,-0.184041552991167,0.05,0.054,1
Cnksr1,0.293262293956713,1.24705528456333,0.038,0.012,1
Med29,0.293278151864636,-0.080083846445925,0.006,0.013,1
0610009B22Rik,0.29327832982859,-0.441185995396778,0.013,0.025,1
Bcl2l15,0.29331583321008,0.952256298868871,0.057,0.02,1
Trmt2b,0.293323524519055,-0.362961325366889,0.05,0.044,1
Cited2,0.293351757967523,0.839898624347971,0.063,0.028,1
Gucy1a3,0.293396529883861,0.370260225641845,0.17,0.093,1
Aldh1l1,0.293484728547825,-0.227346828953921,0.063,0.085,1
Sdc1,0.293542882324543,-0.485760945881784,0.05,0.049,1
A430033K04Rik,0.293671713848935,-0.0731337981306091,0.019,0.018,1
Nfkbib,0.293739996828678,-0.231206850127568,0.019,0.022,1
Kcna10,0.293753406852423,-0.368093294590382,0.019,0.023,1
Mapkapk3,0.293867469544409,0.635331352171482,0.088,0.037,1
Tmem37,0.293972306386994,1.58163888123415,0.025,0.009,1
Naa35,0.293993367141801,0.469086064048193,0.157,0.079,1
L1cam,0.294002376266311,1.5468263413052,0.019,0.017,1
Rgl2,0.294092351077516,-0.112970618782517,0.006,0.012,1
Gm17641,0.2941480222459,0.145418724077047,0.013,0.014,1
1110032F04Rik,0.2941480222459,0.145418724077047,0.013,0.014,1
Adsl,0.294240896204768,1.24552831768203,0.025,0.017,1
Ostf1,0.294339580807584,-0.377415850577532,0.094,0.093,1
Opn1sw,0.294347878264249,-0.317748611804602,0.013,0.015,1
Edar,0.294391082375833,0.30070709112955,0.17,0.093,1
Cyp4f39,0.294554441826264,-0.0258828183157487,0.013,0.019,1
Olfr1499,0.294565084605633,2.18153700367763,0.013,0.003,1
E430025E21Rik,0.294578487157387,-0.360986543962426,0.069,0.07,1
Cldn16,0.294579361464496,-0.129897802120349,0.019,0.023,1
Slc1a2,0.29458924687203,0.561239114216145,0.113,0.059,1
Gpr12,0.294632108807795,1.82470276942901,0.019,0.005,1
Htr1d,0.294661121441191,-0.206536644694381,0.013,0.019,1
Krt76,0.294692973815262,1.07756251695126,0.05,0.015,1
Etfb,0.294729017052995,0.753970703566528,0.063,0.041,1
Unc13d,0.294743454494009,1.26885095714238,0.031,0.019,1
Slc25a24,0.294753885544701,0.476739758933076,0.088,0.043,1
Zfp712,0.294790821985819,0.92022310491692,0.031,0.018,1
Olfr323,0.294940082652054,1.34957368822269,0.013,0.009,1
Pxmp2,0.294959610029011,-0.201414522105457,0.057,0.038,1
Rcl1,0.294986762807149,-0.065781452541148,0.082,0.066,1
Pwp2,0.295018567353546,-0.190309870122052,0.025,0.029,1
Pigr,0.295052769127776,-0.161249537724563,0.019,0.027,1
Sf3b1,0.295162173780809,1.02040795676227,0.044,0.021,1
Sf3b2,0.2953206614437,1.23573904677897,0.044,0.02,1
Farsa,0.295447302055673,-0.00207696512123956,0.013,0.013,1
Pdss1,0.295533859691455,0.578590716220978,0.101,0.053,1
Cul2,0.295562491353022,0.477539927451049,0.132,0.084,1
Cdc25b,0.295722742361144,0.478516146527792,0.013,0.012,1
Slc9a6,0.295834847932244,-0.44592873528878,0.057,0.057,1
Asb14,0.295881697557219,-0.0496605540923127,0.013,0.021,1
Cep164,0.295932344208183,0.434209351446087,0.101,0.056,1
Dxo,0.295993834939309,-0.370239445391491,0.013,0.018,1
Nfya,0.296086402882519,0.3548421119434,0.126,0.082,1
Rhoa,0.296299059729498,-0.0192026127290248,0.025,0.034,1
Chchd6,0.296318690503605,0.19761817391618,0.296,0.211,1
Cnpy3,0.296420656648425,0.98082286742906,0.044,0.027,1
Ociad2,0.2965458790141,1.25641010048971,0.038,0.015,1
Adam21,0.296582362482987,0.184098184361666,0.006,0.011,1
Ccni,0.296619945029975,0.73235832405188,0.075,0.035,1
Rps6ka4,0.296659264575058,1.28166135416123,0.038,0.019,1
Pde7a,0.296716850068376,0.283452563869041,0.226,0.146,1
Mttp,0.296738254841256,0.465243474714301,0.189,0.118,1
Eif3l,0.296748801672609,-0.307785312970045,0.044,0.044,1
Ptchd1,0.296828471870824,-0.508553481332819,0.038,0.044,1
Trim67,0.296915128657261,-0.357003869680223,0.038,0.042,1
Tsc22d4,0.296958655574614,-0.359613675500166,0.038,0.034,1
Dusp7,0.29708589908081,-0.104389164839077,0.019,0.02,1
Gbe1,0.297228173279934,0.157551374827367,0.377,0.3,1
9130409I23Rik,0.297268708652069,1.83774378046811,0.019,0.007,1
Tpst1,0.297322514066575,-0.273113102456307,0.05,0.052,1
Oc90,0.297335303994679,-0.446966701966699,0.082,0.067,1
Srf,0.297567574113343,0.0731821001648623,0.025,0.027,1
Th,0.297599996935637,0.433136110696495,0.119,0.066,1
Dsc1,0.297626397444595,-0.537395750697335,0.057,0.054,1
Paip1,0.297646726849034,-0.508635875331303,0.038,0.04,1
Gipc2,0.297648027518201,0.257699958805707,0.157,0.09,1
Ibtk,0.297684859483997,-0.332309871451417,0.119,0.121,1
Lrrc4,0.297728086360362,0.453973701721745,0.157,0.116,1
5830415F09Rik,0.297728422573203,0.75434937953575,0.038,0.026,1
Bcas2,0.297755862947103,0.993029196342173,0.063,0.021,1
Cyp7a1,0.297781520803103,-0.165609237211068,0.025,0.026,1
Grhl1,0.297807558247859,0.509506601383938,0.126,0.072,1
Wdr11,0.297853646253059,-0.363298719799237,0.05,0.049,1
Pms2,0.297988522256384,-0.291558998714129,0.044,0.049,1
Ip6k2,0.298108456597731,-0.251506813382743,0.006,0.012,1
Gtf2e1,0.29811977165167,0.680180293797685,0.126,0.06,1
Cldn25,0.298188176439018,-0.250713704522889,0.038,0.052,1
Ppt2,0.298200955387367,1.33502772091528,0.031,0.012,1
Sema3b,0.298330103866716,1.50142361348326,0.038,0.013,1
Nadk,0.298584590915529,-0.308446398591539,0.025,0.027,1
Pkhd1l1,0.298640297780391,0.406792112570333,0.239,0.156,1
Prss8,0.298698345855835,2.15996192889065,0.013,0.004,1
Npr2,0.298707682393234,-0.321575349188991,0.019,0.024,1
Nhlrc4,0.298718564449449,2.33092296087382,0.013,0.004,1
Gm6086,0.298792045445549,0.626865989836838,0.057,0.027,1
Rpap1,0.298804462760551,-0.716756443059706,0.019,0.027,1
Kdm5b,0.298884389495773,1.17380286157772,0.057,0.021,1
Ptpn9,0.298937117232243,0.102310285524168,0.025,0.026,1
Nufip2,0.298975882823532,-0.242892201570225,0.025,0.031,1
Ptgds,0.298985894383098,2.24911271951119,0.013,0.003,1
Mmp19,0.299053865813638,1.99616192622501,0.013,0.004,1
Extl2,0.29906748368265,0.463600511226172,0.094,0.051,1
Prkag2,0.299105660617094,0.347968428617386,0.277,0.18,1
Chrna9,0.299194743084528,0.582303976616081,0.107,0.057,1
Zdhhc24,0.299354449281541,0.915159887604455,0.057,0.024,1
Gys1,0.299384651237989,0.71449874362616,0.069,0.033,1
Gls,0.299493924686187,-0.422974226162003,0.132,0.126,1
Bpifa5,0.299504238554372,-0.0942674483871606,0.006,0.011,1
Zfp62,0.299527371760349,-0.323672247304526,0.013,0.017,1
Col2a1,0.299547438332658,-0.312964828645891,0.019,0.023,1
Trim58,0.299579631337559,-0.219722051744803,0.013,0.019,1
Stat3,0.299634288666354,0.744864282495859,0.094,0.058,1
Pet117,0.299653039523522,-0.228167576022625,0.019,0.024,1
Btg1,0.299846034353433,0.690483989040195,0.069,0.042,1
Tap2,0.299870947488909,1.6855896077347,0.025,0.013,1
Dlst,0.299875153782423,1.10770415572532,0.038,0.017,1
Slc25a38,0.299947341808195,-0.150543057313108,0.031,0.037,1
Rsph4a,0.299987604329673,0.294679436606283,0.013,0.014,1
Orc1,0.30005325111631,0.833690371123043,0.075,0.038,1
Cdcp1,0.300243943236037,0.71063993421925,0.063,0.029,1
Adam26b,0.300253887596106,1.31566384455538,0.025,0.011,1
Zfp558,0.300421590236943,-0.529490658169983,0.057,0.073,1
Carf,0.300439612772352,0.508181337065636,0.094,0.057,1
Agr3,0.300478751273182,0.807071971328663,0.057,0.032,1
Sirpb1a,0.300500396150561,-0.530183653487524,0.038,0.032,1
Leo1,0.30051295572646,1.12306521058361,0.05,0.026,1
Glyr1,0.300515593708727,0.776294448585774,0.05,0.034,1
Mtf2,0.300559802517393,0.571828146139305,0.082,0.04,1
Jrk,0.300634436905487,0.160117202163902,0.013,0.02,1
Arhgef12,0.300783323389858,0.934873877141611,0.069,0.037,1
Arhgef19,0.300786600520147,0.830602062027088,0.044,0.018,1
Kmt2e,0.300829955082038,-0.240579264447927,0.019,0.024,1
Nadsyn1,0.300905497160775,0.611451134999296,0.101,0.07,1
Spata24,0.301090836712499,0.29537486010604,0.006,0.01,1
Sh3bp2,0.30114311253383,-0.37251825289953,0.044,0.046,1
Serpinb6d,0.301467132144424,0.0366455486198705,0.006,0.01,1
Fam49a,0.30147109824256,0.388113050883836,0.214,0.139,1
St3gal6,0.301473640251969,-0.487242905645753,0.094,0.092,1
Gm20708,0.301532347404672,0.877298619784658,0.063,0.031,1
Chic1,0.301534579001766,0.933600662333968,0.057,0.032,1
Hrnr,0.301538487996827,0.0746578104774907,0.006,0.012,1
Zfp235,0.301586221141605,-0.0561415590463916,0.013,0.015,1
Card14,0.301593359640859,-0.594710278044824,0.082,0.075,1
Bod1,0.301598090030453,-0.0428167832107285,0.006,0.014,1
Polr3f,0.301711346705166,0.965487621301137,0.057,0.028,1
Rpl10a,0.301789776528996,1.11020456991566,0.031,0.015,1
Gm10959,0.3018224642539,0.047427431737189,0.019,0.016,1
Mlst8,0.301908313496068,0.0550159052017092,0.013,0.022,1
Hyal1,0.301915573883355,-0.112518896981666,0.006,0.012,1
Pbx4,0.301975648845574,-0.481913858095811,0.069,0.063,1
Tnks,0.302031462773409,0.451457359000572,0.189,0.112,1
Defb30,0.302208598835491,0.833520666119656,0.038,0.019,1
Tbc1d10a,0.302278416667369,1.16598980598116,0.044,0.013,1
Marc1,0.302281703118,0.741212967038651,0.05,0.024,1
Ttc26,0.302300097812016,0.443467423856618,0.107,0.056,1
Ttc39c,0.302302496392116,0.374038534869399,0.226,0.14,1
Pramel5,0.302367440707192,2.45155425700175,0.013,0.002,1
Rhobtb3,0.302445024869194,0.426114787834532,0.126,0.086,1
Zfp830,0.302620840754343,1.48371161673948,0.019,0.008,1
Sulf2,0.302659138803298,-0.40522490337173,0.063,0.067,1
Thap7,0.302777131715084,0.328553851083453,0.019,0.02,1
Haus5,0.30281087202721,-0.024827608337322,0.019,0.024,1
Lcor,0.302874043179465,0.704924177439769,0.088,0.041,1
Tanc1,0.302875905165877,0.0723578302149379,0.289,0.184,1
Ripk2,0.302901490262324,-0.380509101179666,0.201,0.14,1
Gm608,0.302929772665423,0.553980100695311,0.126,0.063,1
Tex15,0.30295681440024,0.301135473438749,0.157,0.093,1
Tyw3,0.303003533843793,0.279254642643682,0.164,0.087,1
Yipf4,0.303152681541514,1.20579946016304,0.05,0.018,1
Wdr43,0.303300856267847,0.645778159753374,0.088,0.057,1
Tra2a,0.303379287560362,-0.299178838709216,0.025,0.024,1
Adamtsl5,0.303387843317726,-0.284659384081605,0.013,0.018,1
Nsf,0.303423406355922,0.436979795453098,0.176,0.099,1
Pole,0.303427009759705,0.325490968339933,0.176,0.105,1
Unc5a,0.30351873833385,-0.36703496717392,0.038,0.038,1
Klf15,0.303535016025875,1.06409888152295,0.05,0.017,1
Abcd3,0.303543383424283,0.691793863194901,0.094,0.039,1
Tmed10,0.303549698687402,1.05907884747495,0.038,0.019,1
Etv6,0.303613935271653,0.40654586092417,0.214,0.12,1
Lzts3,0.303620811108891,-0.249774589676577,0.019,0.023,1
Sdpr,0.303707688425278,-0.0600798283837678,0.019,0.027,1
Nr2c2ap,0.303809429018072,0.436272992007436,0.006,0.01,1
4930550L24Rik,0.303832971338043,1.67907783360399,0.019,0.006,1
Kdelr1,0.30383566526485,0.95421129427926,0.038,0.014,1
Stard5,0.303852789956369,0.636000778882107,0.101,0.061,1
Pim3,0.303926153125028,0.0525599973806044,0.013,0.016,1
Rps4x,0.303942147054372,1.22475357708274,0.031,0.008,1
Krtap4-6,0.303945447076088,2.4573725079378,0.013,0.002,1
Mff,0.303965492793842,0.537101111958722,0.069,0.043,1
Usp25,0.304030138836629,0.468493942518516,0.195,0.12,1
Ermp1,0.304098584467005,0.561532653365503,0.107,0.062,1
Mag,0.304132989164196,-0.0329100513204024,0.006,0.012,1
4930516K23Rik,0.304239561096327,-0.415408236480851,0.145,0.124,1
Park7,0.304264589755191,-0.18705168896546,0.063,0.063,1
Specc1l,0.304294047497114,0.498330371608949,0.138,0.092,1
Ror1,0.304319161541488,0.324489564920918,0.358,0.207,1
Wipi2,0.304634019231544,0.98290544689567,0.05,0.026,1
Cdk8,0.30468599519357,0.870182575450674,0.088,0.051,1
Dnajc12,0.304704932825447,-0.303239593280216,0.044,0.043,1
Oasl1,0.304790873482628,1.08692891555165,0.031,0.015,1
4931409K22Rik,0.304831302344294,2.08919576934053,0.025,0.01,1
Iars2,0.304890597941357,0.47476291404506,0.082,0.045,1
Il7,0.305014797046742,-0.596758671922812,0.075,0.076,1
Clcnkb,0.305071978998438,1.26270275427858,0.013,0.014,1
Trim12a,0.30518076034937,-0.525452605331359,0.019,0.024,1
Hsd17b13,0.305252056047889,1.05232741697188,0.038,0.021,1
Fam126a,0.305378673441789,-0.36431274172538,0.113,0.097,1
Mmp3,0.305547746795602,0.0218294539823196,0.019,0.016,1
Mfrp,0.305557682902787,0.540596159176222,0.013,0.015,1
Afg3l1,0.305623751217213,0.926365212088547,0.075,0.026,1
Trnau1ap,0.30569231436217,0.172501207338612,0.013,0.017,1
Glrx,0.305771600894997,-0.627550161502394,0.025,0.031,1
Rnf24,0.305798938434425,0.818067453335497,0.088,0.04,1
Ddit4,0.305809035565257,-0.14482897608212,0.006,0.014,1
Axin1,0.305851542409034,-0.189270882347861,0.057,0.053,1
Vasn,0.30587423259617,-0.153878427885985,0.013,0.018,1
Bnc2,0.305952074736501,-0.29255403240478,0.434,0.388,1
BC021891,0.305980053394589,0.690118489993719,0.075,0.032,1
Kmt2c,0.306111772212594,0.650893731048124,0.132,0.081,1
Maats1,0.306143205797646,0.638321211565542,0.088,0.04,1
Ldoc1l,0.30615019862996,1.3676094662752,0.019,0.012,1
Gm10577,0.306323550711485,3.26639058027529,0.013,0.002,1
Raf1,0.306348943715214,-0.520208413088706,0.038,0.037,1
Nupr1l,0.306489444399963,0.243575577400599,0.013,0.014,1
Ctrc,0.30650532188006,0.980383953538798,0.044,0.017,1
Ahcy,0.306518674912248,-0.285299227849246,0.031,0.031,1
Edc4,0.306519650389177,0.955584956618587,0.038,0.016,1
Gbp7,0.306520833406039,0.831212733591607,0.069,0.03,1
Chpt1,0.306622652390394,-0.605650961930085,0.057,0.057,1
Cracr2a,0.306627216791984,-0.426903111637142,0.05,0.058,1
Scgb1a1,0.306639736500268,0.300571404437218,0.006,0.01,1
Glipr1l1,0.306822867653043,0.585247958611028,0.094,0.043,1
Klhl25,0.3069366620189,0.793089933781504,0.088,0.043,1
Mbd5,0.306968175769678,0.17310319417585,0.346,0.242,1
Supt5,0.307000380116103,0.906347750110255,0.044,0.024,1
Olfr668,0.3071518972061,1.71122111446751,0.019,0.004,1
Plscr2,0.307223519755761,-0.253085466483581,0.038,0.038,1
Tmem211,0.307245379293603,0.110138599917436,0.013,0.014,1
Dexi,0.307300135753942,0.657141808313003,0.101,0.056,1
Atxn10,0.307362001554717,0.631870123857267,0.119,0.051,1
Ccnd2,0.307440156875759,-0.296640592945757,0.05,0.042,1
Med26,0.307548146659287,0.798526682750419,0.057,0.029,1
Ckm,0.307563709305313,1.41311051903907,0.025,0.006,1
Pou2f3,0.307594618336751,-0.254868802788381,0.063,0.059,1
St8sia3,0.307619486762859,-0.171901872074202,0.013,0.02,1
Kif27,0.307732195761869,0.490723200199436,0.069,0.038,1
Agk,0.307802341444913,-0.399557611458008,0.119,0.123,1
Hmx2,0.3078081727087,3.32238679558969,0.013,0.001,1
Cela1,0.307808997133592,-0.0988248436755379,0.013,0.02,1
Oxtr,0.30785601676075,0.641210440798014,0.088,0.032,1
Plin5,0.307878044274954,1.5104992673506,0.013,0.005,1
Rad9b,0.307884327836876,-0.302054725830596,0.019,0.027,1
Gabpb1,0.307951342731709,0.275291682608485,0.107,0.064,1
Dnah12,0.307999825066498,0.108413226005307,0.22,0.133,1
Cd80,0.30805937370504,0.722002809162883,0.075,0.031,1
Mxd4,0.308429558924264,-0.00331961166870265,0.019,0.022,1
Elavl2,0.30844635335055,-0.370401218382092,0.226,0.206,1
1700011L22Rik,0.308480320580639,-0.390022487708814,0.038,0.038,1
Srl,0.308512578060739,-0.225651780667058,0.101,0.082,1
Scn9a,0.308526015874261,0.27600369493959,0.245,0.185,1
Zfp954,0.308546079297882,0.711598394478379,0.044,0.038,1
Pgs1,0.308605639132028,-0.153337355267386,0.044,0.042,1
Mettl9,0.308634059559338,-0.370692297223,0.075,0.067,1
Abca3,0.308669785314193,0.44255022800846,0.126,0.079,1
D19Bwg1357e,0.308724406003656,-0.202477545895784,0.057,0.062,1
Gng12,0.308824323644246,-0.338999128368297,0.138,0.112,1
Zfand3,0.30898325534727,0.575721947781983,0.082,0.038,1
Nus1,0.309104514736983,0.556780939031211,0.101,0.073,1
Ptprq,0.309116403890859,0.224794057474704,0.321,0.25,1
Gm11099,0.309186523668393,-0.299151319634834,0.057,0.051,1
Hif3a,0.309187782887746,1.00211117492283,0.057,0.033,1
Cyth2,0.309236294730634,0.741566355478767,0.057,0.034,1
F8a,0.309363985796492,-0.0364694434065038,0.019,0.014,1
Npas1,0.309444339874882,0.323139630879234,0.019,0.013,1
Tsnaxip1,0.309646367088329,-0.213144828705827,0.05,0.044,1
Pias3,0.309702556735576,-0.294087856645537,0.019,0.027,1
Gm5916,0.309705749015205,2.10714259653747,0.019,0.004,1
Grm2,0.309731019011621,-0.0469901640534154,0.006,0.015,1
Lypd2,0.309823270973567,2.28216402196399,0.013,0.003,1
Hnrnpd,0.309916469359517,-0.148426038181309,0.025,0.029,1
Serpinb13,0.30992433479704,-0.410022299108775,0.031,0.038,1
Gm10643,0.309937215191404,0.574923948677667,0.094,0.053,1
Socs5,0.310046506500606,0.667757490113958,0.069,0.036,1
Raver1,0.310135559577372,-0.178738410164908,0.031,0.038,1
5430403G16Rik,0.310218315785563,2.13732989833349,0.025,0.005,1
Zfp804b,0.310258603144281,-0.478004670724641,0.145,0.121,1
Tmem194b,0.310260090894101,-0.337793200520071,0.069,0.078,1
Selp,0.310307379640024,0.357533449465798,0.119,0.068,1
Bpnt1,0.310588164954295,0.815197271273359,0.057,0.032,1
Dthd1,0.310698670040004,0.292513537069383,0.132,0.078,1
Vmn2r17,0.310818770016384,0.0527285505866288,0.013,0.014,1
Lsm4,0.310874528491706,-0.289719934998684,0.013,0.023,1
Nt5m,0.31093458479525,0.55782323486479,0.132,0.076,1
Pde2a,0.310960457648382,-0.237000662266577,0.063,0.053,1
Afap1l1,0.31098597055775,-0.379820810822597,0.069,0.067,1
Trim15,0.31103846477163,1.84663410957825,0.019,0.006,1
Tcp10c,0.311235808430764,1.14876710639269,0.025,0.01,1
Mrpl10,0.311284302502648,1.47862777993141,0.025,0.007,1
Arl6ip1,0.31134942943768,1.10178952739793,0.031,0.019,1
Zbtb8b,0.311383288122389,1.35089043728772,0.031,0.013,1
Xpot,0.311646625611387,0.689280682573545,0.119,0.06,1
C5ar1,0.311674004764921,-0.0281715999172985,0.013,0.015,1
Traf3ip3,0.311700677159476,0.910793169055954,0.063,0.037,1
Mgat5,0.311778199466538,-0.213462894493246,0.27,0.198,1
Aoah,0.311782023079117,-0.237960710434181,0.277,0.27,1
Mtr,0.311919152972145,-0.405885222315968,0.138,0.148,1
Lrrd1,0.311950959542515,0.948000273440361,0.031,0.024,1
Ptprn,0.311980150985538,0.220159342368662,0.006,0.012,1
Ptms,0.312013897041626,-0.346335999277176,0.019,0.024,1
Cap1,0.312047539153028,-0.155590435238884,0.031,0.04,1
Eif4enif1,0.312065751602217,-0.121541561131643,0.038,0.031,1
Zfp738,0.312248258943877,0.880130324436474,0.05,0.018,1
S100a8,0.312441534075821,1.49638877964682,0.019,0.006,1
Timm10b,0.312555584138254,-0.177314638270811,0.044,0.039,1
Pacsin3,0.312574690275881,-0.203409188155088,0.019,0.021,1
Tmx3,0.312605076482045,-0.51360987934831,0.069,0.066,1
Spata2,0.312776854274378,1.39412655186164,0.031,0.009,1
Atg4d,0.312824467242444,0.0239662152276479,0.013,0.02,1
Vmn1r49,0.312855247842068,1.79421359693796,0.013,0.004,1
Aes,0.312893002510752,0.148076137012681,0.006,0.01,1
Synrg,0.312955199728139,-0.307757453813838,0.069,0.059,1
Cpsf3,0.313037996972328,0.661206807691235,0.101,0.042,1
Manbal,0.313067786239897,1.15422613359812,0.038,0.016,1
Anxa13,0.313103904699881,0.699943132421615,0.057,0.027,1
Dcaf4,0.313126943176538,1.07568232831412,0.063,0.027,1
Ttc5,0.313161236950029,-0.294528158350648,0.019,0.027,1
Ttc33,0.313200607753421,-0.368313924262793,0.057,0.048,1
Oma1,0.313279270630164,-0.233462318040106,0.126,0.092,1
Sumf2,0.313443132323297,0.177633540571181,0.006,0.012,1
Smpd3,0.313449253722341,0.43951755293768,0.17,0.095,1
Unc119b,0.313469615325829,-0.0224116322693328,0.019,0.015,1
Cyfip1,0.313501145277838,-0.25929651448782,0.088,0.071,1
Myl1,0.313516067037137,-0.50659505037798,0.038,0.033,1
Krt23,0.313561770414501,0.637315896810279,0.05,0.026,1
Cenpk,0.313680358184295,-0.616141342559144,0.063,0.059,1
Actl6a,0.313699783330915,-0.385286799440651,0.057,0.058,1
Vmn1r202,0.313735327899349,2.03096154783999,0.013,0.003,1
Dhrs13,0.313748543241203,1.9845022563915,0.019,0.004,1
Pi15,0.313794501500496,0.599158229869811,0.119,0.059,1
Ahctf1,0.313857888462003,0.59893493864435,0.094,0.054,1
Tubgcp6,0.313904230386137,-0.429113806636923,0.031,0.027,1
Eif3k,0.313919646132898,-0.152569259036384,0.019,0.027,1
Hsbp1l1,0.313929386223696,0.945901838470611,0.044,0.021,1
Ccny,0.313931367892585,-0.468307900525467,0.126,0.116,1
Ap4e1,0.313938787190849,0.55462803285348,0.107,0.059,1
Ppp1r14c,0.313959330612954,0.44091314586669,0.157,0.085,1
Lingo4,0.31412255239212,0.182035318775037,0.006,0.013,1
Prkd3,0.314263921839558,-0.39619486795091,0.057,0.067,1
Fsip1,0.314271858819013,0.475869236770853,0.101,0.062,1
B4galt1,0.314370790996899,-0.300105616383603,0.075,0.075,1
Chek2,0.314383496767852,0.733196415705248,0.075,0.032,1
Prkcdbp,0.314433324800839,-0.0757935543446022,0.019,0.016,1
Tfeb,0.314457280921134,-0.188532997674971,0.069,0.078,1
Pcyt1b,0.314473586570261,-0.421561743247809,0.069,0.06,1
Cpsf3l,0.31448834681009,1.32330146083758,0.031,0.013,1
Rsph14,0.314683263683343,-0.421389474382055,0.145,0.141,1
Ankra2,0.3147531970183,-0.370499621134921,0.019,0.027,1
Zfp266,0.314780582862656,0.0329244736373671,0.013,0.016,1
Ptpru,0.314884847902533,-0.414944044275722,0.094,0.078,1
Impa2,0.314941815900944,-0.477497780924078,0.05,0.053,1
Plcd4,0.314942066066253,1.45308220370095,0.025,0.01,1
Pvrl2,0.314985960058301,0.56822481631542,0.113,0.056,1
1810011H11Rik,0.315010732671048,-0.225228293093298,0.038,0.029,1
Ubtd1,0.315066550885356,-0.313197757192421,0.075,0.063,1
Rock2,0.315078218754361,0.519821865933323,0.107,0.074,1
Ttc34,0.315082440856604,-0.17194279844148,0.025,0.027,1
Trmt11,0.31508737864871,0.321183550358337,0.17,0.106,1
Miox,0.315210334298525,1.78383233260973,0.013,0.005,1
F10,0.31524768343735,-0.442020496156625,0.025,0.026,1
Pik3r1,0.315267531307608,-0.408651644589135,0.038,0.036,1
Tpsb2,0.31527653044821,2.08864050572721,0.013,0.003,1
Bysl,0.315328673569864,1.20995262388914,0.019,0.013,1
Skint8,0.315345819973477,0.746458115026083,0.05,0.024,1
Gm10451,0.315398886203562,1.84233042591036,0.013,0.005,1
Mrs2,0.315405613416448,1.01958842148556,0.069,0.032,1
Ipcef1,0.315617520105356,-0.389666316537848,0.214,0.202,1
Alkbh2,0.315648318559773,-0.0827570835604288,0.013,0.014,1
Ovol1,0.315658612534049,-0.110970001907223,0.006,0.011,1
Glp1r,0.315670841644209,-0.509349720408347,0.019,0.023,1
Smim9,0.315693765923226,-0.135201378630082,0.013,0.017,1
Smarcd2,0.315853860896205,-0.180557405390786,0.019,0.026,1
4921504E06Rik,0.315860500099056,-0.318848557681143,0.107,0.126,1
Map6d1,0.316019799892203,-0.360081246453701,0.013,0.021,1
Kcna2,0.316049736294311,1.64914450639388,0.013,0.009,1
Olfr776,0.316109273888002,2.08111838640037,0.013,0.004,1
Tmem63b,0.316119527042549,0.663138965054157,0.101,0.041,1
Cnnm3,0.316193462130436,-0.0216688277233921,0.013,0.022,1
Ube2g1,0.316214550006198,0.793792340930636,0.063,0.027,1
Gemin8,0.316312014094386,-0.272859501867495,0.019,0.02,1
Sec16b,0.316393947271554,0.431628216071626,0.17,0.106,1
Ap4s1,0.316394966550284,-0.334794820212673,0.063,0.052,1
N4bp2l2,0.316445319066488,-0.316870557613046,0.044,0.045,1
Apeh,0.316453807850133,0.958722751134022,0.05,0.026,1
Zmym3,0.316466286876075,1.28851209691242,0.031,0.01,1
Lgsn,0.316636440203576,0.56488102018506,0.088,0.048,1
Sbk2,0.316669204546999,-0.01536062539566,0.013,0.017,1
Dock7,0.316715346243588,0.304862900159094,0.252,0.151,1
Bpifb9b,0.316771539005805,-0.0604004984125499,0.006,0.011,1
Trex2,0.316838677989193,1.80321768444039,0.019,0.004,1
Sesn3,0.316915658535562,0.721430570109765,0.101,0.047,1
Shisa9,0.316940700650674,0.296000623006709,0.277,0.159,1
Vgll3,0.316970973927539,-0.504423753183422,0.063,0.076,1
Crot,0.317003290444807,0.443944960931675,0.113,0.06,1
Kctd8,0.317166510810514,0.152644752922133,0.415,0.286,1
Prepl,0.317197431417586,0.654521124363836,0.082,0.042,1
Adad1,0.317213772592583,-0.394989800149383,0.057,0.061,1
Pced1b,0.317225816857312,0.429569386729908,0.176,0.107,1
Glrx5,0.317250763829005,0.599797132423238,0.063,0.04,1
2610301B20Rik,0.317300684634326,0.610748757240748,0.075,0.04,1
Drap1,0.317352103765365,0.979974110495488,0.038,0.022,1
AI837181,0.317352103765365,0.979974110495488,0.038,0.022,1
Coa7,0.317513049859781,-0.287025511155092,0.025,0.03,1
Tmem201,0.317515921321606,1.13502024115348,0.038,0.028,1
Hist1h4i,0.31752828500626,0.230204460128791,0.006,0.01,1
Lphn2,0.317538399430558,0.169794921586014,0.314,0.198,1
Cebpg,0.317574639664181,0.221391939415892,0.006,0.015,1
Plcd3,0.317577063871888,1.00827351014578,0.044,0.025,1
Yod1,0.317589210826388,0.732614985428397,0.057,0.028,1
Tesk1,0.317604760059266,-0.313195751822302,0.013,0.018,1
Vdac1,0.317613630736589,-0.40780275180616,0.019,0.026,1
Pdcl,0.317646854030937,0.609927907216496,0.057,0.03,1
ENSMUSG00000100030,0.317719368093665,-0.432190701381487,0.038,0.035,1
Prss57,0.317767551056091,1.52984909918674,0.013,0.005,1
Cdk7,0.317774899325318,0.580322073849238,0.082,0.037,1
BC068281,0.317787607914844,1.89312443665509,0.025,0.013,1
Gstm3,0.317830245643076,-0.209253410243707,0.006,0.012,1
Hexb,0.317853813410594,-0.269691677355818,0.038,0.035,1
Psmd9,0.317889447252541,1.10096400143952,0.05,0.02,1
Umps,0.317941373243521,0.914094578450176,0.057,0.025,1
Defb42,0.317948508309304,0.921735665360172,0.038,0.016,1
Apbb1ip,0.317949714466775,0.226767150238271,0.226,0.134,1
Themis3,0.318030006482735,0.60647840554401,0.075,0.039,1
Pabpc1,0.318114700663875,0.66379119330456,0.063,0.028,1
Ky,0.318165207462267,-0.236030246837619,0.05,0.048,1
Hcfc1r1,0.318167887847981,-0.644558255985018,0.013,0.017,1
Hirip3,0.318287001495559,-0.235176334210519,0.006,0.01,1
Wdsub1,0.318297753646179,0.79030548073604,0.075,0.045,1
4930453N24Rik,0.318304153539027,0.837863685025272,0.057,0.023,1
Gm13941,0.318444129067616,-0.261053846875233,0.025,0.02,1
Trpa1,0.318518013142406,-0.388670197263041,0.082,0.084,1
4933402N03Rik,0.318606697488823,1.99492943660571,0.013,0.002,1
Anapc11,0.318627669510521,1.37730462639218,0.019,0.012,1
Slc35e1,0.318832472343197,0.114217016665807,0.013,0.022,1
Guk1,0.318838114134201,-0.182887174180304,0.013,0.018,1
Ncapd3,0.319009272716852,-0.172129935403083,0.094,0.089,1
Olfr1443,0.319049358976243,1.46606161065337,0.025,0.01,1
Vdac2,0.31914204577029,1.16437833354019,0.031,0.014,1
Mppe1,0.319330438725741,0.684705375778961,0.082,0.036,1
Slc5a10,0.31941109756085,-0.428545877400928,0.05,0.056,1
Pnma3,0.319543975061104,0.236405667151031,0.006,0.01,1
Cep70,0.319556558524131,0.467226403423962,0.138,0.067,1
Gm27235,0.319687342947442,1.42164507791112,0.019,0.008,1
Chtop,0.319759039496868,1.08994056702805,0.025,0.01,1
Tbc1d9b,0.31982748503257,0.571311253471221,0.101,0.056,1
Vmn1r29,0.319845843129061,1.81223911474486,0.019,0.006,1
Ncan,0.319935794513737,1.20207761499409,0.05,0.016,1
Lrrc74a,0.319974588852965,0.968676760654206,0.044,0.015,1
Kcnj3,0.319984229983518,-0.362780612092071,0.214,0.214,1
Gtf2h3,0.319997426022706,1.01795324082626,0.044,0.02,1
Tmem177,0.320165512055651,1.47066334346355,0.025,0.011,1
Stfa3,0.32019498845157,1.32825144328497,0.025,0.008,1
Atp6v0a2,0.320202767168535,0.0823965849553474,0.025,0.022,1
Catsper2,0.320212714194629,-0.381805350496489,0.025,0.034,1
Pin4,0.320323481931584,-0.561114465508978,0.006,0.013,1
Urah,0.32041001214784,1.81335461505457,0.013,0.004,1
Pls1,0.320471308287103,-0.31671456659723,0.113,0.111,1
Sqrdl,0.320504155245168,0.89121700863636,0.088,0.046,1
Cldn12,0.320567132614413,-0.367403713407446,0.05,0.049,1
Cdc45,0.320659892744024,-0.112604932628219,0.063,0.063,1
Gm20499,0.32079925109348,0.157454897714267,0.006,0.014,1
Spaca7,0.320916363244418,1.08008527242538,0.05,0.021,1
Gm7145,0.32092195446744,1.55511561861762,0.013,0.007,1
Clcn7,0.320979740466644,-0.0699104195048115,0.038,0.043,1
Gm10639,0.321032853122793,1.01375650447247,0.025,0.014,1
Prpf8,0.32104183854193,1.16920656091494,0.044,0.019,1
Clptm1l,0.321094897497822,-0.284736572027467,0.044,0.05,1
Trav9n-1,0.321098941538498,0.360412271865679,0.006,0.01,1
Tbc1d19,0.32117594825265,0.276594355856763,0.208,0.133,1
Fbxo3,0.321262336266252,0.700498287165261,0.057,0.031,1
Zswim3,0.321283240297515,-0.0850436372295942,0.019,0.021,1
Foxi1,0.321379199740338,0.17471632329911,0.006,0.011,1
Mfsd5,0.321500558043921,0.015263238629216,0.013,0.014,1
Slc13a1,0.321506635620178,-0.360421718679197,0.132,0.117,1
Tmem209,0.32155657363283,-0.340684219256124,0.044,0.038,1
Tmed3,0.321570476714954,0.399232966012497,0.075,0.052,1
Akr1c14,0.321629292545222,0.715836986575613,0.057,0.038,1
Mllt6,0.321629864926597,1.2799834115014,0.031,0.009,1
Zfyve27,0.321739781028096,-0.464186697084975,0.05,0.05,1
Ankub1,0.321759736117474,-0.383740747844528,0.038,0.038,1
D5Ertd579e,0.321771219397515,1.01112847311037,0.05,0.027,1
Smok2b,0.32179952637905,-0.236266332044882,0.006,0.012,1
9930111J21Rik2,0.321833181273776,2.07609642437069,0.013,0.004,1
B4galt4,0.321910492439791,0.629777700403335,0.057,0.031,1
AA474331,0.321952053772333,-0.209296378950835,0.013,0.024,1
Sema6c,0.321975151434076,-0.100475204351643,0.025,0.029,1
Tmem71,0.322003262598447,-0.522962167721922,0.044,0.045,1
Atg9a,0.32201665363953,1.33466709257448,0.025,0.01,1
Slc26a7,0.322018006001123,-0.348483399862784,0.189,0.171,1
Rapgef5,0.322046985793811,0.274560463131721,0.377,0.255,1
Plekha3,0.322243358982082,0.603256355645588,0.069,0.036,1
Tmprss11c,0.322285237429856,0.448745372127305,0.119,0.068,1
Cacnb2,0.322289325097009,-0.222868481686747,0.434,0.396,1
Jakmip1,0.322336906222393,0.49655356157007,0.132,0.098,1
Hand2,0.322361932097937,2.2762561143865,0.013,0.003,1
Mettl14,0.322390511097483,0.365823957281119,0.107,0.063,1
Tgm4,0.32245120998209,0.660466179913808,0.082,0.043,1
Calr4,0.322598188156739,1.03766484367122,0.038,0.017,1
Mageh1,0.322724358253791,0.0852343527028721,0.006,0.012,1
Cecr6,0.322741931959574,0.039598897163045,0.006,0.012,1
Ldhb,0.322769496314762,0.907387307324709,0.057,0.024,1
Cdk20,0.322773338407506,0.660313557625032,0.101,0.061,1
Usp20,0.322973453323614,-0.364492306422513,0.069,0.067,1
Gyg,0.323027838966188,-0.351284293900223,0.101,0.088,1
Nrgn,0.323110947691914,-0.450314535355416,0.019,0.022,1
Wwp1,0.323120319870368,0.275709789230392,0.239,0.14,1
Dolpp1,0.323172562828715,-0.160810815226692,0.013,0.02,1
Ces1d,0.323182354085852,-0.173154541477146,0.044,0.032,1
Wdr62,0.323195679200971,-0.539949344549747,0.107,0.079,1
Zfp768,0.32319980363807,1.47829591207267,0.025,0.011,1
Tiprl,0.323253769210859,-0.436463539561726,0.05,0.043,1
Tmem64,0.323343888076392,-0.471646895116678,0.044,0.058,1
Nfkb1,0.323445565977532,0.36169681842786,0.201,0.13,1
Stc2,0.323455894517962,-0.164208429131524,0.013,0.018,1
Ube2e3,0.323648931302954,-0.212639404818422,0.057,0.072,1
Stk40,0.323708895525362,-0.154480176093079,0.025,0.031,1
Klhl28,0.323726351253997,0.754188016271046,0.082,0.04,1
Spred3,0.323787604302846,-0.221099254298803,0.006,0.012,1
Plag1,0.323793390692882,0.446138917850982,0.22,0.121,1
Hpcal1,0.323818799965919,0.482338367612677,0.138,0.104,1
Rgl3,0.323843370078134,1.25676673507484,0.031,0.013,1
Phf6,0.323911001474289,-0.30120265031802,0.05,0.049,1
Vmn2r104,0.323996449990057,-0.0806978786353252,0.006,0.012,1
Il15,0.324032654071672,-0.289012994539485,0.107,0.109,1
Mrvi1,0.324076468526201,0.360053638112399,0.189,0.107,1
Pigw,0.324168984725387,1.18115982393307,0.031,0.013,1
Ccl2,0.324175934364572,1.53834730067106,0.019,0.007,1
Ddx18,0.324211311988495,-0.352827968448115,0.044,0.051,1
Kdm4a,0.324215417646576,-0.0601842825922452,0.025,0.036,1
Ube2w,0.324292985206088,0.41790616492397,0.157,0.087,1
Zswim2,0.324297311136001,-0.224675150817936,0.038,0.032,1
Clrn1,0.324366046915855,-0.212417580789469,0.044,0.053,1
Rpl11,0.324430351098196,0.027616603631424,0.013,0.015,1
Mlh3,0.324442257343312,0.793200260123046,0.063,0.026,1
Lrrfip2,0.324617759529881,0.458533710487787,0.138,0.081,1
Lpcat2b,0.32469654444205,1.16716341268535,0.025,0.009,1
Zfp608,0.324791450458062,0.561608226550908,0.013,0.013,1
Tyrp1,0.324830777949168,0.661169619510307,0.069,0.029,1
Akap8l,0.324843640272736,-0.0984740377901145,0.031,0.028,1
Arpc3,0.324848537194447,-0.202472063639611,0.025,0.024,1
Podxl,0.32495346206443,-0.300391850431065,0.05,0.048,1
Gm28539,0.325020492527337,-0.290579770311494,0.145,0.126,1
Gm5622,0.325104424767282,0.284166652887107,0.138,0.063,1
Sptbn1,0.325133653806441,0.256461916226886,0.195,0.095,1
Crhbp,0.325154024357878,0.931991712109267,0.038,0.017,1
Vil1,0.325258756788514,0.842568644890424,0.05,0.024,1
Ndufv1,0.325263137089947,-0.223938845049622,0.013,0.02,1
Anxa7,0.325272572425612,-0.386188930847514,0.031,0.03,1
Gm10271,0.325334449680037,0.979919859959357,0.044,0.022,1
Fam216a,0.325336130621263,1.80146359323897,0.025,0.007,1
Cd247,0.325345592709728,0.40494935418672,0.151,0.082,1
Pip5k1b,0.325451586183803,0.179217546120778,0.421,0.237,1
Noxa1,0.325465015274,1.3041733533492,0.019,0.009,1
Il20,0.325536667956135,1.85181756094299,0.013,0.005,1
Yae1d1,0.325648595625734,-0.0286296787322273,0.031,0.029,1
Alg8,0.325649539271284,-0.31193592351127,0.038,0.035,1
Hcn4,0.325780694158178,1.0895838720516,0.044,0.02,1
Rpl39,0.325802073588203,1.44077727319286,0.019,0.007,1
Adrbk1,0.325814860445659,-0.00850135649569239,0.019,0.015,1
Tmem192,0.325965711066088,-0.190783017684319,0.057,0.061,1
Pla2g15,0.325988103549298,1.00409219713353,0.057,0.025,1
Ppp1ca,0.326016431009421,-0.270746288407839,0.031,0.031,1
Grin2d,0.326116011392007,-0.0743490824042121,0.025,0.035,1
Gpr162,0.326235739971082,1.50340184888709,0.025,0.009,1
Fn1,0.326282469665222,-0.286388554641378,0.119,0.106,1
Myoc,0.326303978015004,1.18749399807263,0.019,0.01,1
Frzb,0.326331400377625,-0.449043493210869,0.038,0.045,1
Rps15,0.326366037459373,2.30264693975361,0.019,0.003,1
Lrrc43,0.32647624678887,1.46220032752331,0.025,0.009,1
Alx4,0.326603905693827,0.952438816775195,0.05,0.026,1
Prc1,0.32692190343086,0.518807970514295,0.088,0.045,1
Entpd2,0.326958288506125,-0.18253425136499,0.006,0.015,1
Exog,0.327003780325152,-0.231621603371932,0.044,0.041,1
Tmprss11a,0.327020581623893,-0.311007235410239,0.132,0.115,1
Fam169a,0.32708451141801,-0.463953040271478,0.075,0.068,1
Srxn1,0.327180876036636,1.34571329661671,0.025,0.013,1
Cd209g,0.327218879364389,1.54083976392001,0.013,0.009,1
Fanca,0.32723409976572,0.287659572634704,0.157,0.097,1
Klra6,0.327238551653662,1.63165125509062,0.013,0.006,1
Cttnbp2nl,0.3273058569802,-0.311186884171856,0.031,0.042,1
Cmya5,0.327310822864018,0.250244306442359,0.201,0.114,1
Olfr1361,0.327346432997688,2.13980049321585,0.013,0.002,1
Prpsap1,0.327479046068458,-0.275831876153172,0.019,0.024,1
Ap3m2,0.327491821715653,-0.358783656494713,0.019,0.024,1
Vmn1r51,0.327509803070689,1.14614975841152,0.031,0.01,1
Lrfn4,0.32755559992461,0.18320890984772,0.006,0.012,1
Wdhd1,0.327622150392173,0.507422404239801,0.119,0.068,1
Slc46a2,0.327812081111504,1.79212023896996,0.025,0.007,1
Zscan5b,0.327826370400954,1.01108868738722,0.044,0.018,1
Mphosph10,0.327884050336977,-0.532851176657543,0.05,0.044,1
Psma6,0.327970847125479,-0.35986611261209,0.025,0.023,1
Arhgef7,0.328014636826693,-0.398398788447424,0.119,0.106,1
Preb,0.328053263672136,0.368877605374816,0.006,0.01,1
Pgbd1,0.328085235272815,0.902533519379762,0.063,0.025,1
Olfr519,0.328103094440935,1.52382731267105,0.013,0.004,1
Fbxw26,0.328112784875219,-0.401620574169645,0.013,0.023,1
Rabggta,0.328161995750871,1.20361169207224,0.031,0.013,1
Cblc,0.328205608489836,1.23379445509826,0.044,0.023,1
Cacng8,0.328266654744416,1.24377815022651,0.031,0.014,1
Wdr83,0.328306536457507,-0.389768352722917,0.006,0.016,1
Gnl2,0.328428658780424,0.721392805173006,0.069,0.031,1
Ccser2,0.328518167778514,0.280453070465569,0.164,0.101,1
Golt1a,0.328577092047386,0.208291508516931,0.006,0.012,1
Spink13,0.328607127963846,0.105628016391974,0.264,0.154,1
Hbb-bh1,0.328691488390732,2.02717447968415,0.013,0.003,1
Nacad,0.328772708775452,0.0288781884723042,0.025,0.018,1
Adat1,0.328777343612986,-0.240706410392646,0.057,0.048,1
Camk1g,0.32880051000151,-0.272720707789127,0.025,0.037,1
Plin1,0.328811249719773,-0.326585860746868,0.025,0.031,1
Nelfe,0.328839314571979,0.904999303251864,0.063,0.023,1
Gm11128,0.328875949044636,1.42897407956936,0.025,0.007,1
Atp6v1e1,0.328938215375108,1.08496180060853,0.038,0.015,1
Hmcn1,0.328940742082108,-0.251232308700824,0.465,0.391,1
Jade2,0.328999474485142,-0.0537253893613627,0.044,0.035,1
Dsel,0.329097375897999,0.440059087263835,0.132,0.063,1
Dpp8,0.329155427041945,0.720319455326401,0.082,0.042,1
Serpinf1,0.329380286302192,1.39173191910172,0.031,0.011,1
Prps1,0.329472893333227,1.1716916266414,0.038,0.016,1
Rxfp2,0.329484932996975,0.457010233078736,0.113,0.051,1
E030030I06Rik,0.329650735394068,0.553525400934309,0.075,0.039,1
Card10,0.329677928537606,-0.437179222078806,0.031,0.035,1
Kansl1l,0.329738628809971,0.305037984147698,0.145,0.076,1
Gm26920,0.329744710924654,-0.2802743579799,0.044,0.042,1
Skiv2l,0.329774218673602,0.888600547125287,0.05,0.018,1
Madcam1,0.329909567986772,0.237494547498562,0.006,0.01,1
A330050F15Rik,0.329926551769211,-0.355985442142388,0.094,0.092,1
Tmem218,0.329998262624446,0.379032214566952,0.113,0.057,1
Nat14,0.330001359505098,0.0271929896066609,0.006,0.01,1
Mageb18,0.330054209952127,0.112479940923581,0.283,0.22,1
Ccdc126,0.330070146682094,0.731551077910723,0.075,0.037,1
Cdc42ep3,0.330089835826863,0.754322556878503,0.063,0.028,1
Epha5,0.330382673041999,0.120802129640379,0.459,0.344,1
Etaa1,0.330492793639721,0.63736478821814,0.069,0.032,1
Ttbk1,0.330519271866819,0.866252222317211,0.069,0.032,1
Pla2g10,0.330555127931577,-0.192520345486143,0.013,0.015,1
Hcfc1,0.330691368661304,-0.21059075567032,0.019,0.024,1
Zbed5,0.330765364728931,0.0603133965909768,0.019,0.018,1
Sptbn2,0.330827448069078,0.737096670147268,0.094,0.049,1
Mfap1b,0.330913039952392,1.67752629397395,0.013,0.005,1
Dars,0.330917301764789,0.537340165876141,0.101,0.06,1
Smu1,0.33093110437534,0.00715169708054386,0.019,0.02,1
Dbi,0.331021773192027,-0.154047486194434,0.019,0.021,1
Adamts18,0.331052161612265,-0.287291930391035,0.22,0.181,1
Clcn6,0.331069387281111,0.64190973092044,0.069,0.031,1
Kcnmb4,0.331093434247826,-0.387918089219014,0.057,0.055,1
Eif4a3,0.331147880181877,-0.200465551420002,0.019,0.022,1
Sema4f,0.331189585746277,-0.274682109613832,0.038,0.043,1
TTC14,0.331256605292007,-0.411479133909512,0.025,0.037,1
Itgb3,0.331298223104297,0.521776282173281,0.101,0.05,1
Mettl13,0.331373656298287,-0.479675336743345,0.038,0.042,1
Scn3b,0.331385586503053,0.937593002223265,0.038,0.019,1
Cdc25a,0.331402387345004,-0.326789318604432,0.05,0.041,1
Ppp1r1a,0.33140710787024,-0.581974403942355,0.038,0.036,1
Dio1,0.331476259922609,-0.443061773695416,0.013,0.019,1
Kcns2,0.331500109195238,-0.14762158925506,0.013,0.021,1
Gm10447,0.331513282813392,2.28667029480553,0.013,0.004,1
Asb1,0.33153802230204,0.920834418206161,0.063,0.027,1
Ntng1,0.331603912984322,0.165140796531441,0.453,0.335,1
Cmtr2,0.331605296557351,0.836228552483102,0.063,0.037,1
Aph1c,0.33160653046559,-0.0768337176805316,0.044,0.039,1
Faah,0.331612637118863,-0.35959351953657,0.057,0.053,1
Lnx2,0.331762533430137,0.351509962773255,0.151,0.087,1
Dcxr,0.331800136961172,1.59237910336819,0.019,0.01,1
Wnt3,0.331823182681345,-0.259053938850487,0.038,0.038,1
Eif3e,0.331858986104724,-0.25833689859296,0.063,0.071,1
Alg6,0.331977231970736,-0.126592753929496,0.057,0.071,1
Hist3h2ba,0.331997645592471,2.16319859778293,0.013,0.002,1
Slc40a1,0.332085496992908,-0.342949597957177,0.044,0.049,1
Fxr2,0.33217940749498,-0.147883694607794,0.019,0.02,1
Plch1,0.332280494142929,0.12430243599363,0.428,0.284,1
Gm12253,0.332286274067237,0.332416405477495,0.006,0.011,1
Adnp2,0.332402599080545,-0.280120993121809,0.05,0.049,1
Mcpt4,0.332413274629876,2.74878579582847,0.013,0.002,1
Zc3hc1,0.332425864488682,0.752220811944416,0.063,0.024,1
Adck3,0.332476731144513,-0.205341618697846,0.057,0.045,1
Cyp2f2,0.332481775034555,0.887106810857215,0.044,0.021,1
Plp1,0.332518833342903,0.214018655647237,0.019,0.015,1
Cysrt1,0.332549599268075,0.119925193796361,0.006,0.01,1
Endov,0.332570938276651,0.88361901960741,0.057,0.025,1
Mblac2,0.332597992310521,-0.374053313337837,0.069,0.071,1
Dctn2,0.332630787628246,1.78428868432154,0.019,0.01,1
Msmo1,0.332650996201783,0.759630284414436,0.044,0.029,1
Chd3,0.332672781295467,-0.272655673172117,0.019,0.023,1
Gatm,0.33272342412429,-0.12534175226501,0.013,0.019,1
Olfr860,0.332770198744892,1.41775203922077,0.019,0.005,1
Zfp595,0.332802924043199,1.17206509556523,0.038,0.018,1
Immp1l,0.332832508476056,0.44215690326457,0.094,0.057,1
Pcca,0.332849517668941,0.0873790477105401,0.453,0.293,1
Crebrf,0.332852525473325,0.764035819433573,0.069,0.036,1
Arsg,0.332888691723178,-0.150179391985185,0.069,0.067,1
Dnajc17,0.332957209440733,0.475924073575646,0.107,0.058,1
H2-T24,0.332960634327816,1.58245695217583,0.025,0.005,1
Polrmt,0.332967177824409,-0.104191629276486,0.006,0.013,1
Cmtm3,0.332993534967089,0.639019004673954,0.075,0.034,1
Uts2,0.333046749005571,1.47307831464311,0.019,0.007,1
1700034E13Rik,0.333063655973146,0.930807231119983,0.05,0.021,1
Nasp,0.333087168023972,-0.0820408782830446,0.019,0.022,1
Il17rd,0.333091138323966,-0.313842598715806,0.063,0.06,1
Slc10a6,0.333111041783812,1.16435542931559,0.031,0.013,1
Btn2a2,0.333232756910625,-0.0134657837074794,0.006,0.016,1
Csnk1g2,0.333275180844399,-0.100804249166313,0.038,0.04,1
Lce3b,0.333314233796815,-0.0538558374333755,0.006,0.011,1
Fam209,0.333328823878443,2.04899878228261,0.019,0.004,1
Olfr212,0.333396654821532,2.09706290099042,0.013,0.004,1
Smg7,0.333431268766546,0.75411803429442,0.069,0.037,1
Glcci1,0.333474277011234,-0.474857631301674,0.126,0.117,1
Nt5c2,0.333511869476567,0.798627705916783,0.107,0.05,1
3110057O12Rik,0.333543831869469,0.408941797166645,0.189,0.106,1
Ift22,0.333590002987035,-0.0370295016351871,0.013,0.012,1
Ints9,0.333608590438968,0.41680270049798,0.151,0.077,1
Fam117b,0.333627662299402,-0.312089737522671,0.075,0.072,1
Olfr1152,0.33367665875582,1.92803062076021,0.013,0.003,1
9330182L06Rik,0.333774222617784,-0.321512410682758,0.245,0.222,1
Mterf3,0.333842807905205,0.86230689397931,0.057,0.034,1
Slc22a22,0.333873958606819,-0.327043543726172,0.277,0.216,1
Msn,0.33391473420698,-0.394121397423741,0.101,0.075,1
Gm1840,0.334202758272349,1.74527405018074,0.019,0.005,1
Ylpm1,0.334286785347179,0.727469162019399,0.088,0.057,1
Slc7a14,0.334337903534461,-0.258507016141995,0.182,0.166,1
Mrps25,0.334342743634239,-0.250706278033833,0.025,0.028,1
Lcp2,0.334403499977685,0.417765913992884,0.101,0.053,1
Olfr982,0.334421595324005,2.48579932552602,0.013,0.002,1
Zfp748,0.334437942375104,1.15476758760425,0.044,0.016,1
Gdf10,0.334522379416789,-0.00556729737772699,0.019,0.019,1
Nhlrc1,0.33458528624554,0.0707132159023418,0.006,0.01,1
Tbca,0.334621223211717,0.606379587835268,0.094,0.051,1
Tube1,0.334646537044235,-0.221332289856227,0.038,0.035,1
Ppapdc3,0.334665772012592,1.02619375094547,0.044,0.02,1
Evl,0.334674457774519,0.209282103985186,0.22,0.14,1
Armc9,0.334707085358342,-0.309866854741486,0.22,0.183,1
Lsm11,0.334732890451781,-0.428535956957099,0.038,0.053,1
4930579F01Rik,0.334775865173971,-0.364264045331953,0.025,0.024,1
Cdx1,0.334811942612293,-0.280674689946554,0.013,0.014,1
Vmn2r4,0.334864718885109,-0.341441836011109,0.019,0.031,1
Atxn7l3b,0.334986927300431,-0.528867683528329,0.031,0.04,1
Phc1,0.335012022748173,-0.330845569891077,0.038,0.048,1
N28178,0.335022021971588,-0.157746967546987,0.006,0.021,1
Dok6,0.335031410862899,-0.282982939277471,0.459,0.41,1
Poldip3,0.335144920006944,-0.35101976663846,0.025,0.028,1
1700001O22Rik,0.335175433460412,-0.503526096196168,0.013,0.021,1
Pdrg1,0.335342882870974,-0.397242006884301,0.013,0.02,1
Slc26a4,0.335482600201854,-0.554355391467212,0.044,0.053,1
Vps45,0.335495070006369,-0.220004490492606,0.069,0.061,1
Plg,0.335571557974461,0.679949751090867,0.075,0.036,1
Arhgap31,0.335578770817169,0.429821062449503,0.157,0.079,1
Nudt17,0.335603172632404,1.92739016241874,0.025,0.005,1
Ndufa4l2,0.335653908404672,1.46168400898962,0.025,0.007,1
Twistnb,0.335689712092093,-0.314824707368429,0.031,0.034,1
Cmtm1,0.335761773056207,0.976236890885774,0.05,0.028,1
Vmn2r111,0.335771167993017,0.841258247231941,0.038,0.016,1
Rpl7,0.335814944839886,0.0370792699453846,0.038,0.033,1
Ms4a5,0.335820515989377,-0.385630651611349,0.013,0.02,1
Gm5615,0.335824875479973,1.28545114075002,0.019,0.012,1
Rbfox3,0.335895875163346,0.0749655036946182,0.39,0.258,1
Olfr389,0.335962695394864,2.33988472196286,0.013,0.002,1
Zfp185,0.33596279119293,-0.154478105314601,0.101,0.084,1
Prl2a1,0.33602647221953,0.252411427635638,0.013,0.011,1
Ambn,0.336259189679201,1.67542193443631,0.025,0.01,1
Abcb1b,0.336316045611267,-0.458567105093531,0.145,0.138,1
Gdap1,0.336409208618637,0.533002897277102,0.088,0.052,1
Phex,0.336441391984013,-0.226979869758988,0.164,0.164,1
Ces2b,0.336449282169845,0.886600873576744,0.031,0.014,1
Ankrd7,0.336470524389485,1.09029685009836,0.031,0.015,1
Trim30b,0.33654070139841,-0.443730434045111,0.013,0.021,1
Mars,0.336566883842958,0.983468309811993,0.057,0.017,1
Fam83d,0.336765808997472,0.953554493906204,0.025,0.021,1
Ddx60,0.336793078713398,0.125873412662233,0.239,0.148,1
Aarsd1,0.336804290167249,1.5816564417118,0.019,0.008,1
Akap5,0.336819915725774,1.10287379738624,0.031,0.013,1
Cmss1,0.336860794204074,-0.145196852836253,0.478,0.404,1
Arhgef11,0.337172979122028,-0.240592470890433,0.088,0.085,1
Zfr2,0.337227209108494,1.27251379812766,0.05,0.021,1
Itfg1,0.337247827492119,-0.32172565342827,0.107,0.082,1
Smgc,0.337252476436867,1.19119656689246,0.031,0.014,1
Cxcl13,0.337335229744364,-0.139208427816266,0.006,0.012,1
Seh1l,0.337347045976466,0.784722450933653,0.044,0.021,1
Prrc1,0.337355169070224,-0.414564240850988,0.069,0.065,1
Hsf1,0.337364660776019,-0.216341354474348,0.019,0.024,1
Dpp4,0.337435595156728,-0.417763750522409,0.145,0.139,1
Oaz3,0.337513821722497,1.59172171216092,0.025,0.007,1
Ccdc88a,0.337767319716306,-0.390707740112576,0.101,0.085,1
Gpatch2,0.337786984216634,0.365928235110146,0.208,0.142,1
Cd81,0.337891562311824,0.105687708838436,0.006,0.012,1
Gm4922,0.337909300339252,0.426994678886377,0.006,0.01,1
Trip13,0.337952042980555,-0.439215688092606,0.044,0.046,1
Fxyd3,0.338028626938979,1.63654958036926,0.019,0.01,1
Srrm3,0.338131179617318,-0.239331626957669,0.044,0.04,1
4930404A10Rik,0.338161269078557,0.744238365420292,0.063,0.022,1
Ldlrad3,0.338173005448764,-0.247322775595287,0.17,0.155,1
Fam102b,0.338194432614524,0.462631798798509,0.126,0.063,1
Prg4,0.338242032946322,0.993362978325001,0.057,0.021,1
Morc2a,0.338393420204513,-0.416122468877031,0.031,0.035,1
Lyrm7,0.338496947098254,-0.223095486003333,0.038,0.04,1
Smek1,0.338502603009038,-0.383726588916136,0.038,0.038,1
Elmsan1,0.338609305655809,0.0820572435722449,0.038,0.037,1
Rnf111,0.33863382521026,0.0520820249956735,0.031,0.029,1
Sigirr,0.338704634160217,1.30711975234767,0.025,0.012,1
Pih1d2,0.33871430355497,1.39774141772662,0.031,0.014,1
Mier2,0.338715849557051,0.769231294222279,0.044,0.033,1
Gnat1,0.338735564330397,0.161082297716736,0.006,0.01,1
Olfr710,0.338746821744409,1.43240481893998,0.019,0.012,1
Hist1h4a,0.338756346511877,1.33826304919858,0.019,0.013,1
Ubr7,0.338789959217464,0.937067083727592,0.044,0.019,1
Jun,0.338821608369137,-0.426884873886158,0.075,0.063,1
Gpm6b,0.338916214940536,-0.46848757751351,0.044,0.035,1
Lad1,0.338993389425651,1.28903326351281,0.025,0.011,1
Htr1b,0.339013431566893,-0.218977399524101,0.019,0.022,1
9130401M01Rik,0.339066440176373,-0.250224657625813,0.019,0.027,1
Tnc,0.339079152606042,0.320836142855789,0.164,0.102,1
Lrrc45,0.339222311723219,-0.229884420278445,0.025,0.026,1
Ankrd61,0.33929121327301,1.17411090424009,0.019,0.009,1
Rhoj,0.339365357996877,0.376480056870989,0.157,0.108,1
B4galnt2,0.33944901778491,-0.282926145031034,0.031,0.032,1
Wdr13,0.339507294461181,1.43133022308958,0.025,0.007,1
Vmn2r117,0.339540001131422,1.34454151359995,0.025,0.011,1
Myoz2,0.33955631672529,0.682085863511607,0.063,0.032,1
Tsc2,0.339557809833855,-0.0820017639874653,0.038,0.042,1
1700015G11Rik,0.33962928887541,1.16623491198272,0.044,0.015,1
Iqgap2,0.339659108999288,0.12496790960957,0.415,0.28,1
Thap2,0.339672766669817,-0.412831643535854,0.031,0.035,1
Tonsl,0.339688257538449,0.754180016325321,0.075,0.038,1
Sult2a3,0.339709314845375,0.749417509818114,0.044,0.024,1
Fbln2,0.339992237728846,-0.363795816438462,0.044,0.038,1
Tnfaip1,0.340156295773309,0.274076859810189,0.013,0.018,1
Pygl,0.340240248763679,0.89554784426017,0.05,0.024,1
Dsp,0.340261455262477,0.306644622071494,0.088,0.063,1
Pum2,0.340310060110877,0.495140170385396,0.119,0.057,1
Chsy1,0.340353242786152,0.713364848731462,0.063,0.032,1
Map2k3,0.340417256350053,-0.456818157613557,0.031,0.037,1
Cxxc5,0.340450043785461,-0.108764620919332,0.025,0.022,1
Nphp3,0.340532768117583,0.27030802300242,0.321,0.197,1
Chid1,0.340562288998148,-0.350561243121861,0.057,0.058,1
Slain2,0.34064761988033,-0.11484284676441,0.069,0.069,1
Tsen34,0.340664397731785,0.0768191118829131,0.031,0.029,1
1700016D06Rik,0.340695467114501,0.810110588560571,0.069,0.032,1
Myl6b,0.340741501329228,0.158236157401785,0.013,0.016,1
Ikzf1,0.340886191199966,0.121927749173303,0.214,0.135,1
Gm4980,0.341022753389197,0.660640985204025,0.013,0.012,1
Fbxl4,0.341088095777677,0.346390253023857,0.164,0.097,1
Cyb5r1,0.341140024017279,1.75413990745424,0.013,0.007,1
Tarm1,0.341172552581171,1.76876611885284,0.019,0.005,1
Sp2,0.341177151413215,-0.275481043735468,0.063,0.066,1
Gm10974,0.341309533859234,-0.0167596768304037,0.019,0.02,1
Ppm1m,0.341340522852234,1.87118597593263,0.013,0.007,1
Papd5,0.341370057824353,-0.0576827040324588,0.044,0.038,1
Dnah5,0.341378039130892,-0.325429124829878,0.358,0.286,1
AU022252,0.341453047380574,-0.117120517475434,0.044,0.05,1
Slc6a20b,0.341510308341192,0.864464751766263,0.063,0.027,1
Nabp1,0.341514833785635,-0.361110578397748,0.082,0.081,1
Bcl10,0.341535550615899,-0.486088873740381,0.05,0.063,1
Amd1,0.341555643520234,-0.0709717305429836,0.013,0.02,1
Josd1,0.341576177913035,0.208546449572942,0.013,0.013,1
AW146154,0.341616706753374,0.183576373660632,0.019,0.023,1
Dgkz,0.341698481236979,-0.255037535651073,0.044,0.049,1
Olfr1418,0.341761060799574,1.65873338138902,0.013,0.005,1
Ablim1,0.341807240169726,0.222221906808988,0.258,0.162,1
Slc35f3,0.34187783189689,-0.422194261557803,0.113,0.093,1
Olfr272,0.341912640922998,1.0619565239309,0.038,0.011,1
Bag6,0.341977232097976,1.63560436763342,0.013,0.008,1
Prr33,0.342059638437142,-0.659731755747496,0.013,0.021,1
Crispld2,0.34209154889653,0.642897145191649,0.075,0.046,1
Acr,0.342099620252199,0.0834154313682012,0.006,0.013,1
Alpk1,0.34216103681735,0.584379765165221,0.113,0.07,1
Clec2j,0.342186816643875,-0.199010307104457,0.013,0.015,1
Itgb1bp2,0.34219547517568,2.36933270764632,0.013,0.002,1
2410141K09Rik,0.342228947368886,-0.14784119994757,0.006,0.013,1
Snx33,0.342248483713503,0.26657700901934,0.006,0.013,1
Zfp191,0.342302305754215,1.38727321736775,0.031,0.01,1
Drd1a,0.342314844981923,-0.0567103509715023,0.006,0.013,1
Psd4,0.342355835505135,0.347441941241939,0.132,0.082,1
Zfp775,0.342384122346402,1.76060887390848,0.013,0.007,1
Klra7,0.342452609698001,1.20539471366599,0.025,0.008,1
Rtel1,0.342475704019256,-0.356078783266577,0.069,0.06,1
Zfp935,0.342537561516724,1.50180638577742,0.031,0.009,1
Gm19345,0.342590775663216,1.57923603292723,0.013,0.005,1
Arl4c,0.342667707101032,-0.0971370881711842,0.025,0.024,1
RP24-157G15.1,0.3427056911872,-0.245643554233575,0.006,0.012,1
Tbx4,0.342723593767907,-0.445186700658009,0.013,0.017,1
Ccdc74a,0.34283138578355,1.2738043403683,0.038,0.015,1
Cep295,0.342857930834548,-0.309908067025483,0.082,0.09,1
Mcemp1,0.342928025495715,1.46674141362206,0.019,0.006,1
Rps27l,0.342965832096616,0.100275930833278,0.013,0.016,1
Lyrm9,0.343003185928661,-0.360156363602738,0.031,0.032,1
Wiz,0.343064122719085,0.825817713405715,0.069,0.033,1
Polr2d,0.343111683457478,0.206028923114641,0.013,0.015,1
Brsk2,0.343180341421812,-0.195483414555899,0.05,0.046,1
Syde1,0.343222087082293,0.232842265658331,0.019,0.023,1
Armc4,0.343291853403369,-0.292538625981312,0.283,0.245,1
Cfap45,0.343340257341117,-0.308951256009949,0.031,0.035,1
Fbxw25,0.343421491411601,0.944172813258107,0.05,0.019,1
Svop,0.343555833441158,-0.154917485860865,0.038,0.04,1
Ctdspl,0.343692472294066,-0.321183322950823,0.063,0.068,1
P4hb,0.343761632630928,-0.279392257852519,0.025,0.031,1
Gnai3,0.343769445171838,0.173526936184917,0.025,0.025,1
Dgcr14,0.343882435097915,0.0417556013407703,0.019,0.02,1
Tshz3,0.344132013033425,0.318220523727485,0.138,0.096,1
Car8,0.344210084058535,-0.359833513952323,0.151,0.142,1
Vmn2r67,0.344246821831731,0.114497741769921,0.006,0.011,1
Crebl2,0.344342147023542,-0.242292455937154,0.044,0.036,1
Cyb5d2,0.344386663316138,0.958970149943141,0.044,0.02,1
Pdxdc1,0.344430137130569,0.511070698637256,0.094,0.055,1
Col4a5,0.344499224596369,-0.397024637799032,0.138,0.136,1
Crygs,0.344656067657229,-0.203564906830057,0.013,0.016,1
Cpd,0.344690016598991,-0.330884229521044,0.044,0.04,1
Fgfrl1,0.344758808130905,-0.260553590138202,0.019,0.023,1
Tox4,0.344857426091389,0.580459760984891,0.069,0.031,1
Ap1b1,0.344873707170436,0.663556918163187,0.094,0.054,1
Dapl1,0.344895391388775,1.04204161370714,0.031,0.015,1
Cntn6,0.34495770127696,-0.357659066744395,0.352,0.328,1
Hoxc6,0.34500238904975,1.77075589533772,0.013,0.002,1
Tnfsf10,0.345015812370066,0.0317053414464006,0.025,0.029,1
Gpr37,0.345136369566829,-0.284003078865921,0.031,0.043,1
Glipr1,0.345163751296903,0.814306940084597,0.057,0.032,1
Slc16a9,0.345236819101577,-0.408380443324865,0.044,0.037,1
Cwh43,0.345271644676154,0.983463486972646,0.05,0.031,1
BC049762,0.345365714632521,-0.154813495608265,0.019,0.023,1
Qk,0.345367110936407,0.628274709255917,0.006,0.012,1
Yap1,0.345555384635826,0.560494787435298,0.113,0.059,1
Rps6kc1,0.345563639219956,0.24600748033394,0.296,0.191,1
Pkmyt1,0.345568777600718,0.995044399845879,0.038,0.02,1
AC115689.1,0.345575340257456,0.909796959801125,0.063,0.023,1
Cyp11b1,0.345669170346522,1.1606743238976,0.025,0.01,1
Gm26596,0.345816121474554,-0.482037639386964,0.031,0.04,1
Gm6526,0.3458590419421,-0.114390282763996,0.006,0.013,1
Arhgap22,0.345958736367099,-0.207652491894982,0.101,0.109,1
Hcrtr2,0.346024940117265,-0.341433723797711,0.145,0.118,1
Elac2,0.346027013562478,0.375262851750514,0.132,0.066,1
Abhd11,0.346080729430491,-0.214001758633477,0.019,0.036,1
Cdh5,0.34626474713234,0.473157660508346,0.101,0.049,1
Tbr1,0.346272877408196,-0.356417476031734,0.013,0.015,1
Frg1,0.346275535907452,-0.344465972795883,0.031,0.035,1
Mis18bp1,0.346304137344146,0.359616044525155,0.145,0.086,1
AI747448,0.346314398127769,-0.717813951751332,0.031,0.032,1
Senp6,0.346383625993532,-0.371603572821125,0.05,0.051,1
Plekha1,0.346467240861197,-0.210201763699941,0.025,0.034,1
Slc7a12,0.346488736374541,0.853888938456221,0.044,0.024,1
Zcrb1,0.3465109323712,1.17047173737767,0.031,0.016,1
Zc3h12d,0.346518030777236,0.822608592870718,0.075,0.029,1
Cox6b1,0.346586436290895,1.52192348473687,0.025,0.007,1
Pwwp2a,0.346623891083142,0.519648325396232,0.107,0.061,1
Crat,0.346815686638033,-0.159339216052381,0.025,0.027,1
Fam76b,0.346850485418039,-0.337363664841268,0.057,0.053,1
Dld,0.346884143993021,-0.0773882052283241,0.031,0.031,1
Lmna,0.346922863461238,-0.0739461649526874,0.025,0.028,1
Tspan9,0.34695625906728,0.422334068860454,0.182,0.104,1
Vmn2r110,0.346971979540147,-0.203047400979963,0.019,0.019,1
Blvrb,0.347161739843931,-0.453424060808942,0.038,0.04,1
Gm16314,0.34717882860748,-0.0553526147091148,0.013,0.017,1
Nuf2,0.347273921954505,0.449180805019407,0.113,0.062,1
Wdr47,0.347279753629155,0.685797726802344,0.101,0.053,1
Vmn1r235,0.347441181770286,1.88167759349412,0.013,0.004,1
Zfp583,0.347457592248502,-0.373823815467444,0.044,0.038,1
Mvp,0.347518589121952,-0.130668842039106,0.013,0.021,1
Hr,0.347521341656368,-0.284341843747352,0.019,0.025,1
Dkk2,0.347562363865216,-0.247548891188067,0.195,0.143,1
Gm21973,0.347617428674307,-0.362236311630681,0.082,0.073,1
Gm11146,0.347638487253807,1.61160482686503,0.019,0.007,1
Hormad1,0.347684502953298,0.246915355768631,0.013,0.012,1
Ing2,0.347697925965429,-0.209729817101806,0.044,0.04,1
Mcpt9,0.347879052007263,2.42418522242461,0.013,0.002,1
Skint4,0.34789297609938,-0.290485415593626,0.038,0.051,1
Zp3,0.34797237048526,0.00740359727723394,0.006,0.012,1
Tmem213,0.348230436485203,1.41852766604051,0.019,0.007,1
Adamts16,0.348300482665094,0.347748455086841,0.208,0.127,1
Pan2,0.348311438734915,0.877202528392657,0.05,0.026,1
Pth2r,0.348317912267144,-0.360082488810862,0.151,0.136,1
Ptgdr2,0.348373670194617,0.990803164880297,0.038,0.021,1
Srebf2,0.348462012612313,-0.225010626302312,0.044,0.042,1
Plxdc1,0.348521224539587,0.805903294696341,0.069,0.042,1
9530003J23Rik,0.348634087876027,-0.0290143154941189,0.019,0.018,1
Eif4e2,0.348634623347503,-0.158016929504445,0.031,0.031,1
Lsm6,0.348692322058519,0.933945231068988,0.05,0.029,1
1700003H04Rik,0.348747933002237,-0.349625176064698,0.044,0.044,1
Ccdc163,0.348765453204458,-0.29826514125662,0.044,0.042,1
Gm46,0.348894584828746,-0.357851365529935,0.019,0.024,1
Rpp25l,0.348926735412883,2.05881979102884,0.019,0.007,1
Gm17324,0.348974167109474,1.28460859057308,0.025,0.009,1
2210016L21Rik,0.34902097211119,1.32176788820259,0.031,0.013,1
Csf2rb,0.349169101687058,0.841567932068466,0.05,0.02,1
Hoxd3,0.34926497007446,-0.00803152418564501,0.013,0.015,1
Palmd,0.349306676039728,0.512211005350831,0.126,0.061,1
Gimap7,0.349343018452884,1.74744480880072,0.013,0.004,1
Pts,0.3493762849439,-0.397977703603259,0.019,0.034,1
Krt27,0.349401780321497,1.87241443468988,0.013,0.005,1
Gm26992,0.349408625961442,-0.312604103247169,0.044,0.042,1
Praf2,0.349481608559713,2.15839105047733,0.013,0.004,1
Slc17a9,0.349538469223008,0.973335842491672,0.044,0.013,1
Prrg2,0.349562113673384,-0.00585420864305064,0.013,0.018,1
Zdhhc8,0.349585749971629,-0.299329937023324,0.025,0.021,1
Ubr2,0.349668302317465,-0.210027322339617,0.063,0.067,1
Klra1,0.34968547263482,-0.510051336577256,0.013,0.019,1
Postn,0.349788598753193,-0.42014864303626,0.05,0.049,1
Actr8,0.349790154856411,1.2815729343255,0.038,0.014,1
Cdc42,0.350055390882554,0.147679023404722,0.013,0.014,1
Pde6h,0.350074597164967,0.714514475309227,0.044,0.019,1
Atp13a1,0.350180735996096,-0.107433305756676,0.013,0.016,1
Prodh2,0.350213565640992,-0.366262060428351,0.013,0.015,1
1700084C01Rik,0.350286617628782,1.28742290059816,0.031,0.01,1
AI429214,0.350324884752077,-0.338386179244069,0.025,0.024,1
Gpd1l,0.350412376376201,0.819148543937308,0.082,0.038,1
Snx8,0.350521513253597,-0.063925716572296,0.063,0.068,1
Arhgap11a,0.350533581572144,-0.526658708086925,0.063,0.063,1
Odf3b,0.350569600644869,2.3487000274722,0.013,0.002,1
Ptk6,0.350583622518474,0.0481059782473752,0.013,0.012,1
Capn2,0.350735111029251,0.233432787401952,0.05,0.033,1
Gm28046,0.350735862257563,0.904826646061508,0.05,0.023,1
Capza3,0.350896112929716,1.68413267062156,0.025,0.005,1
Abat,0.350977798286648,0.407936632597572,0.119,0.053,1
Ebf3,0.351000028980884,-0.267582291738977,0.082,0.07,1
Gm10699,0.351011904646606,-0.148519463215074,0.013,0.015,1
Gm10654,0.351143265301534,1.74315743394617,0.019,0.006,1
Galm,0.351217651252201,0.778828206182175,0.057,0.035,1
4931431F19Rik,0.351300808431459,1.76555662830915,0.013,0.006,1
Chmp7,0.351350256651798,-0.239868783169354,0.025,0.025,1
Eno1,0.351387158288133,0.969893640383253,0.038,0.024,1
Dag1,0.351427256415955,-0.102361741677496,0.019,0.026,1
Zbtb16,0.351481569205175,0.715510597722636,0.119,0.071,1
Best2,0.351517375853515,1.48882185437168,0.019,0.009,1
Dpy30,0.35156692203355,-0.0542576866501516,0.031,0.029,1
Napb,0.351592529477256,-0.436610815255135,0.075,0.067,1
Fbxw21,0.351600337449804,0.852921688678863,0.038,0.011,1
Tmem184c,0.35160843809492,0.552486203520395,0.075,0.028,1
Hist2h2be,0.351617246487954,0.269697718452238,0.006,0.01,1
Gm9732,0.351673846767171,1.46486423543775,0.019,0.007,1
Cep57,0.351674049143118,-0.307292602120582,0.05,0.056,1
Ppfia3,0.351737102822683,0.662841291329387,0.075,0.038,1
Vgll2,0.35194504396009,1.03335856622642,0.031,0.013,1
Ppp3cb,0.351971017045589,0.69230671934003,0.057,0.031,1
Plxnb3,0.351984331497056,-0.0911972647920916,0.006,0.012,1
Rsl1d1,0.352010442480798,0.946257425372031,0.031,0.015,1
Mrgpra2b,0.35209839275199,1.23480367074427,0.019,0.009,1
Ppp1r10,0.352191983465162,-0.0452023678090434,0.025,0.024,1
Ctsll3,0.352242443334754,1.50097719322822,0.019,0.005,1
Iba57,0.352247647423753,0.194460481083704,0.006,0.023,1
Rnf4,0.352332081810643,1.17526746205909,0.025,0.01,1
Gm11983,0.352347103158037,1.57278440598999,0.019,0.006,1
Kcnh5,0.352588690199512,0.117521010971089,0.377,0.269,1
Mtmr12,0.352591133934784,-0.243090095892588,0.107,0.082,1
Dcdc2c,0.3526354366445,0.202805248744375,0.182,0.098,1
Fkbp7,0.352693731831413,0.828567113168291,0.063,0.025,1
Zscan25,0.352698284910207,0.158178070158035,0.006,0.01,1
Rnf6,0.352699379875753,-0.159377734643042,0.006,0.014,1
Krt78,0.352708593993806,-0.28361974545122,0.006,0.014,1
Sh3pxd2a,0.352754621279763,0.551550106695308,0.208,0.118,1
Tmco4,0.352812880307294,0.498778170330163,0.132,0.062,1
Rfpl3s,0.352908580470534,1.48079844998631,0.019,0.007,1
Celsr3,0.35291136437302,0.870209890348505,0.05,0.028,1
Ccdc63,0.352946972819535,1.10377091926107,0.044,0.022,1
Gm4791,0.353057425216429,1.35062136824072,0.019,0.005,1
Emcn,0.353096688539229,-0.26369100500528,0.126,0.1,1
9430097D07Rik,0.353103162057738,2.73905038249585,0.013,0.001,1
Ddr1,0.353191254218083,-0.275168257187694,0.019,0.024,1
Ngly1,0.353400307319156,0.54574014296354,0.101,0.065,1
Muc6,0.353495864708307,0.407299240470794,0.075,0.034,1
Ecm1,0.353554634879623,0.00432206573145333,0.006,0.01,1
Fosb,0.353733750930857,1.26005271696182,0.025,0.02,1
Pex11a,0.353751213037618,1.16447177045365,0.044,0.013,1
Hdgf,0.353814673204644,-0.0429434480184412,0.013,0.023,1
Ccdc18,0.353819723069092,0.378347541883644,0.157,0.115,1
0610037L13Rik,0.353997532366632,1.39669345919011,0.025,0.012,1
Helt,0.354003335039775,2.98591503194322,0.013,0.001,1
Arl8b,0.354050668494982,0.644031441311456,0.075,0.04,1
Cyp4a12a,0.35424201151783,-0.497622348480789,0.013,0.015,1
Zfp281,0.354293798102198,-0.316554273768939,0.013,0.02,1
Ndrg4,0.354304241206513,0.536721021281759,0.094,0.053,1
Fam122a,0.354351366274013,-0.0929240322050013,0.025,0.029,1
Ramp2,0.354415509834133,0.141383358395045,0.013,0.017,1
Bfsp2,0.354427936010867,-0.205872090198353,0.038,0.039,1
Cd28,0.354436280520149,0.509149223429495,0.088,0.045,1
Slc30a7,0.354642034554753,-0.369347585499233,0.119,0.115,1
Anp32b,0.354686228400906,-0.118738808804984,0.038,0.042,1
Spin1,0.354713142710093,-0.430233450404432,0.05,0.046,1
Vip,0.354725052082398,-0.0460119929583751,0.006,0.013,1
Myo1e,0.354894983001943,0.373171647994248,0.17,0.111,1
Cdc42ep1,0.354944380199633,0.799883115977314,0.013,0.01,1
Lefty1,0.355037923758492,2.10599205551709,0.013,0.005,1
Spag6,0.35506491254348,-0.190607375657892,0.069,0.062,1
Ythdf1,0.355142458242839,0.0592287453746305,0.019,0.022,1
Tars,0.355188637558318,0.325260960778925,0.113,0.06,1
Alg13,0.355237177742537,0.394187938321982,0.119,0.06,1
Vmn1r54,0.355402375412156,1.84130407094184,0.013,0.003,1
Hnrnpul1,0.355652639377752,0.65529721387192,0.094,0.049,1
Marf1,0.355699159937548,-0.104228360079501,0.113,0.092,1
Cd99l2,0.356080554976185,-0.346637137138155,0.063,0.059,1
Tor1a,0.356127091561542,0.12511497930865,0.006,0.012,1
Chadl,0.356127533326735,-0.380655681163211,0.031,0.036,1
1700010L04Rik,0.356247919404581,0.182493718562751,0.013,0.012,1
Tepp,0.356281639619706,0.676142180212226,0.006,0.01,1
Comtd1,0.35638174010289,-0.114793557251408,0.006,0.018,1
Acmsd,0.356408221001461,0.500101433785072,0.069,0.037,1
Scn5a,0.356411676328308,0.225478354740549,0.157,0.08,1
Bik,0.356498767593501,-0.242377542620096,0.019,0.018,1
Sdhb,0.356520164567802,-0.202037514953271,0.031,0.032,1
Fam47e,0.356532591028161,0.64675316755667,0.063,0.042,1
Dip2b,0.356579903929457,-0.0162678466512598,0.082,0.084,1
Tceal1,0.356606210916971,1.3865963781897,0.013,0.007,1
Mdn1,0.356618255748895,0.227998582008643,0.296,0.179,1
Ctnnd1,0.3566544525439,-0.281243471185616,0.038,0.045,1
Smarcad1,0.356804238710935,0.373954786375196,0.151,0.102,1
F2rl2,0.356824961872138,1.0693033845324,0.031,0.011,1
Abhd14b,0.3568275218785,-0.289090597948516,0.013,0.016,1
Nog,0.356835547414427,-0.0701142671964643,0.019,0.016,1
Folr4,0.356844133694367,-0.0494999698490375,0.031,0.032,1
Zscan2,0.356847343633312,0.838797031632345,0.044,0.026,1
Utp6,0.356943690790318,0.805700390250981,0.075,0.03,1
Arsk,0.357006290199929,0.474890867380524,0.107,0.052,1
Atad3a,0.357100061324337,1.25829781566826,0.019,0.013,1
Gm8126,0.357140614994923,1.17278976111499,0.025,0.01,1
Olfr688,0.357178419263283,1.9022003402829,0.013,0.005,1
Pcm1,0.357254370449162,-0.249641853203548,0.063,0.068,1
Dpysl3,0.357345564550282,-0.171310665786485,0.17,0.159,1
Wdr19,0.357406350041022,-0.154060431167427,0.132,0.107,1
Ift52,0.357419377830098,-0.382571257136511,0.038,0.04,1
Rdh8,0.357489072818083,1.7587529552488,0.019,0.006,1
Cd300e,0.357525609836788,1.38888611430639,0.025,0.009,1
Gm10065,0.357774883085167,-0.192908018806341,0.019,0.016,1
Bbs9,0.357942528034008,-0.232896090270933,0.447,0.361,1
Higd1b,0.358001478520656,1.69789392261256,0.013,0.004,1
Pik3r4,0.358086622971556,-0.266516759092021,0.107,0.09,1
Gm11110,0.35824252045649,-0.0759422882348968,0.025,0.021,1
Ptger2,0.358291621368097,0.815175888058641,0.038,0.021,1
Exosc1,0.358303969256226,0.823135906484627,0.063,0.024,1
Slc22a20,0.358359208121582,0.446786900381282,0.006,0.01,1
Cxx1b,0.358420873245648,0.00716768639208976,0.006,0.015,1
Ednrb,0.358449360084664,-0.170295211224139,0.025,0.036,1
4930578C19Rik,0.35848308819847,0.841802036318862,0.069,0.036,1
Gpr128,0.358703027705757,-0.322554841856196,0.145,0.134,1
Brd1,0.358736440922354,-0.199086546844874,0.025,0.02,1
Pclo,0.35876191177204,0.181455838393624,0.465,0.344,1
Cat,0.358774939249029,-0.5345961055738,0.025,0.024,1
Tardbp,0.358822432306902,0.0962685458973001,0.031,0.031,1
Gm20503,0.358841409295378,-0.231785394433524,0.057,0.053,1
Tdrd12,0.358917977998867,0.324172456251397,0.107,0.067,1
Helb,0.35892472337355,0.551447214349059,0.101,0.056,1
Gml,0.358977132263238,1.62899487047471,0.019,0.007,1
Gucy2d,0.359011141626427,0.465910486951348,0.069,0.036,1
Il13ra1,0.359363096428452,0.464403235194249,0.082,0.045,1
Lama3,0.359365012734873,0.248040431199555,0.34,0.228,1
Xlr3a,0.359441110967224,1.87467620018468,0.019,0.006,1
Bcor,0.359458351721655,-0.396592335088504,0.025,0.026,1
Galntl5,0.35950736179291,0.613581157312831,0.044,0.027,1
Clec7a,0.359553637667721,0.868876849139603,0.044,0.018,1
Hgsnat,0.359685769377493,-0.325469706363824,0.069,0.067,1
Rexo2,0.359773068240597,-0.223702566166739,0.025,0.024,1
Fkbp2,0.35989783918526,-0.344791866538146,0.05,0.051,1
Tdrd1,0.359913871311965,0.733564703871458,0.063,0.029,1
Gfi1,0.360001429849843,0.073476097249582,0.006,0.01,1
Mcm5,0.360022241820885,0.268415365152727,0.164,0.105,1
Atf5,0.360037166253674,-0.415842701447433,0.025,0.034,1
Cops7b,0.360110214700154,-0.0176491038077549,0.044,0.034,1
Olah,0.360126781244801,-0.573186873675375,0.038,0.04,1
Tmem220,0.36012772543148,0.522547427403048,0.088,0.05,1
Aldh1a3,0.360308078325473,0.714246880612554,0.063,0.039,1
Fetub,0.360332132614865,0.819141681402265,0.031,0.018,1
Gm20521,0.360472513884136,-0.278599565822792,0.013,0.024,1
Pola2,0.360567653728599,-0.0408068082507249,0.025,0.027,1
Aip,0.360703055318324,-0.223183417683848,0.05,0.057,1
Dmc1,0.360724584810883,0.796289512305346,0.063,0.032,1
Srsf5,0.360746644450158,0.0107626470011857,0.013,0.018,1
Zbtb11,0.360847732147796,-0.57713556110228,0.044,0.052,1
Apol8,0.360892834591241,0.123633694448262,0.019,0.018,1
Ly96,0.360902523245024,-0.415149503462379,0.063,0.049,1
Rac2,0.360987464229062,0.0216139609986126,0.006,0.013,1
Drc7,0.361020664839439,-0.0444135989629197,0.025,0.03,1
Cdca2,0.361078481677066,-0.305878008917999,0.132,0.116,1
Bspry,0.361126596820927,1.16641316867357,0.031,0.016,1
Vgf,0.361264930640299,0.180783950020833,0.006,0.019,1
1600014C10Rik,0.36133524125336,-0.259044072251657,0.019,0.029,1
Tgfb2,0.361408528189938,-0.24046609907301,0.063,0.068,1
Chd7,0.361420495119249,-0.171259685546283,0.082,0.1,1
Zmynd19,0.361459989837395,1.25347194676094,0.031,0.016,1
Rbm8a,0.361487953302491,1.45102006194787,0.019,0.005,1
Gm28230,0.361520045649616,0.269973402728524,0.006,0.01,1
Fzd6,0.36152628146632,0.696944183636856,0.088,0.037,1
Timm21,0.361532806162036,-0.318971374091261,0.05,0.051,1
Fbxo7,0.36162520778356,-0.250045605926615,0.038,0.035,1
Adcy2,0.361669837216709,0.164515384898282,0.421,0.295,1
Cyp2g1,0.361681882126477,-0.367433838711779,0.006,0.013,1
Gm20604,0.361693605769346,1.02026101662123,0.05,0.022,1
Inpp1,0.361731356380341,0.530215105094468,0.119,0.064,1
Trmt1l,0.361760444759808,0.842230594250789,0.069,0.037,1
Gipc3,0.361820681876559,1.83693915693776,0.019,0.005,1
Fus,0.361851592119721,0.102917889946571,0.019,0.026,1
Ptp4a2,0.361851721843017,0.874762394531456,0.05,0.021,1
Fbxo40,0.361924479821535,-0.156803527045368,0.019,0.027,1
Ctr9,0.361967900334127,-0.257619924387903,0.019,0.024,1
Atp4b,0.36202511051998,-0.198929938665001,0.006,0.013,1
Cdh4,0.362115466646243,0.150180643066293,0.503,0.318,1
Ntn3,0.362192608929468,0.135120917669352,0.013,0.015,1
Dus2,0.362317850719234,0.400832406797435,0.132,0.073,1
Casc1,0.362451046426136,-0.229428216214656,0.082,0.087,1
Ctdnep1,0.362468942401629,-0.19774564363813,0.006,0.012,1
Pskh1,0.362517633074796,0.760046825390764,0.069,0.034,1
Rbbp4,0.362599716183207,-0.432786248819678,0.019,0.023,1
4930444P10Rik,0.362669260988832,0.736892581688204,0.075,0.035,1
Slc39a4,0.362724683661982,1.18425335620955,0.013,0.007,1
Setd1b,0.362775986635295,1.37038448610146,0.031,0.012,1
Bbx,0.362888336625645,0.154042970106936,0.415,0.32,1
Rbm22,0.36294894925575,-0.143185938656401,0.013,0.015,1
Stra8,0.363185718903873,-0.264135782112606,0.031,0.038,1
AB124611,0.363219120355583,-0.0980384758034214,0.019,0.02,1
Ctage5,0.363257950351185,-0.312741522418709,0.094,0.076,1
Vdr,0.363266429219016,-0.268245630786696,0.038,0.036,1
Mospd3,0.363368725883917,0.237877567828086,0.019,0.012,1
Gm19965,0.363381954968059,-0.246866006045392,0.013,0.016,1
Dzank1,0.363387176022163,0.19977076775039,0.189,0.112,1
Zfp120,0.363407860495775,-0.194279861437884,0.038,0.034,1
Rab11b,0.363491615604656,-0.159497147889863,0.031,0.031,1
Tmem258,0.363555504223063,1.09758267359199,0.025,0.013,1
Capn7,0.363568402132773,-0.381527049477263,0.069,0.054,1
Ldhd,0.363615175101169,-0.292613357425906,0.013,0.018,1
Abcc12,0.363909630362786,0.458859558464491,0.132,0.073,1
Pop1,0.363959666610242,0.306524252903063,0.101,0.056,1
Gm7628,0.363982639690917,1.03896149765044,0.038,0.014,1
Rad51,0.364034019136816,0.49020154203232,0.113,0.053,1
Aoc3,0.364284973626882,1.28747450373391,0.025,0.011,1
Olfr481,0.364332540079881,2.33788896286502,0.013,0.002,1
Dmrtc2,0.364377313754814,0.524523951884694,0.013,0.009,1
Prss32,0.364699965957802,0.751502551981682,0.05,0.027,1
Ephb4,0.364807671649029,-0.0769042248183345,0.031,0.027,1
Hmg20a,0.364869660553754,0.618227004565726,0.101,0.045,1
Maml3,0.364923456391221,0.182870292592776,0.365,0.235,1
Oosp1,0.365126649434732,0.783305123490371,0.044,0.025,1
Serp1,0.365151648253811,-0.438678263810924,0.013,0.02,1
Adam11,0.365172201258477,0.736673482994327,0.075,0.035,1
Gm28040,0.365198793545187,0.0773641424972498,0.013,0.015,1
Kiss1,0.365198793545187,0.0773641424972498,0.013,0.015,1
Cyp2c70,0.365243844663313,0.769187860735833,0.057,0.032,1
Clint1,0.365343222367204,0.584317161306069,0.107,0.063,1
Ubr1,0.365577989405242,-0.224618751176767,0.075,0.074,1
Timm8b,0.365593408166239,1.41653368142394,0.025,0.009,1
Rimbp2,0.365596814533285,0.326089881077864,0.17,0.108,1
Ftmt,0.365629360383956,1.6360927509554,0.013,0.006,1
Zfp957,0.365670672921185,0.800026571544725,0.057,0.029,1
Znrf2,0.365693618811048,-0.243929830883264,0.069,0.062,1
Ssr1,0.365723305384222,0.634718357792701,0.094,0.053,1
Cybb,0.365758193296701,0.552172900817814,0.063,0.034,1
Mapre1,0.365832259767388,-0.11264987346903,0.069,0.054,1
Klf5,0.36611369815701,-0.0710158744340275,0.038,0.032,1
Fahd1,0.366146974049851,1.22630638798829,0.038,0.016,1
Sytl5,0.36619627466824,0.376975448662602,0.088,0.051,1
Slmo2,0.366226731950481,-0.162073027982357,0.019,0.026,1
Ipp,0.366248022879346,0.75621360389184,0.063,0.024,1
Bdh1,0.366253436162945,-0.212434343085782,0.05,0.042,1
Frem2,0.366287635540239,0.250104512913258,0.226,0.128,1
Aurka,0.366433019281815,-0.309196704898613,0.025,0.023,1
Adam10,0.366498299459652,0.644762408202314,0.088,0.057,1
Wdr76,0.366504914947835,-0.315852696357276,0.031,0.04,1
Oas1a,0.366505411399036,1.55309523999967,0.013,0.008,1
Tmprss4,0.366507369056204,0.908521284140273,0.05,0.024,1
Zranb1,0.366533721964516,-0.198838033344646,0.025,0.026,1
Fam83c,0.366683814948366,0.0810762642909664,0.006,0.01,1
Gm1758,0.366730531464236,-0.171530628041675,0.013,0.016,1
Slc17a8,0.366735472890079,-0.56561340220932,0.082,0.07,1
Slc19a3,0.366748655561796,-0.286103555016094,0.057,0.05,1
Sptbn5,0.366784980380702,0.718519462611935,0.075,0.041,1
Olfr429,0.366801791274058,-0.177458623795261,0.006,0.014,1
C1qtnf2,0.366934732437731,0.978377909867901,0.05,0.021,1
Pnldc1,0.366937798014327,0.0944146298510971,0.013,0.015,1
Zfp335,0.36696776875532,-0.120903070593679,0.013,0.018,1
Slc25a37,0.367098527451051,1.0267087183441,0.038,0.013,1
Syce3,0.367100433782306,-0.191806870483061,0.013,0.013,1
Tubb2a,0.367222720008683,-0.123412472493804,0.006,0.012,1
Zdhhc13,0.36729203274473,0.4567701296823,0.107,0.059,1
Epdr1,0.367338025981178,0.422161347511399,0.101,0.054,1
Coro2b,0.367428586594865,0.209911394966136,0.063,0.055,1
H2-K1,0.367487186995326,-0.0141949117983859,0.006,0.012,1
Tjp1,0.36752670995389,1.09463262939329,0.044,0.019,1
Syt8,0.367539590052286,-0.0852795229371175,0.006,0.011,1
Arel1,0.367576196820026,0.527762530786593,0.094,0.051,1
Cib4,0.367640899871681,-0.376155915155014,0.05,0.046,1
Olfm2,0.367934594276291,-0.292384068102987,0.057,0.059,1
Ccne2,0.368000301182547,1.2249098300694,0.025,0.013,1
Htr1a,0.36802551883602,1.28130747263631,0.025,0.015,1
Ssu2,0.368034529343149,0.534811186305165,0.069,0.038,1
Smlr1,0.368072008347686,0.988319084733957,0.025,0.014,1
Prkab2,0.368092325151611,0.701553352037023,0.082,0.045,1
Gprc5d,0.368133371772781,1.67302627681734,0.025,0.007,1
Impact,0.368252569434616,-0.35616701550364,0.063,0.05,1
Mpp2,0.368268661640687,-0.246856494000364,0.031,0.042,1
Arpc2,0.36828101527225,0.101634344976034,0.019,0.022,1
Rbm44,0.368284547417018,0.996458077122994,0.05,0.018,1
Ripk4,0.368309615082426,0.806805774378386,0.063,0.029,1
BC048502,0.368323768689649,1.97448797450045,0.013,0.004,1
Ccdc92,0.36833669556933,-0.221780233702392,0.031,0.029,1
Tex19.1,0.368411757241495,1.86805851506143,0.013,0.005,1
Gm9913,0.368440503106776,1.31520252787534,0.038,0.012,1
Tmed7,0.368629778180513,0.0784014951710077,0.082,0.053,1
Atp5g2,0.368650426247457,1.03540453564136,0.044,0.017,1
Dennd5b,0.368668379465918,-0.274495500623089,0.22,0.186,1
Gm684,0.36878450987619,-0.436876513628874,0.019,0.03,1
Ttc32,0.368901577989863,-0.132346063466034,0.013,0.017,1
Neu3,0.368936387949748,0.837690787919353,0.05,0.023,1
Tmem200c,0.369105253772943,0.959226111985696,0.05,0.024,1
Marc2,0.369105391147217,-0.248438352513759,0.057,0.045,1
Tmem59,0.369109835949808,0.129044571465509,0.025,0.034,1
Trim38,0.369181513212291,1.63581387879565,0.025,0.007,1
Zfp346,0.369312825795161,-0.248186872634157,0.031,0.036,1
Mgat4a,0.369319621674238,0.272234082204976,0.176,0.106,1
Ankrd50,0.369321590751788,-0.25421261652304,0.138,0.092,1
Polk,0.369373364607004,0.390633627583374,0.138,0.079,1
Apoc2,0.3693834940837,2.61824417166633,0.013,0.004,1
Kdm6b,0.369425641018707,1.23305200094322,0.025,0.012,1
Asb9,0.369484409238861,-0.387386992449851,0.025,0.032,1
Mep1b,0.369655448870896,-0.30514274399123,0.038,0.042,1
Bdkrb2,0.369744981802338,0.618254641701859,0.05,0.026,1
Olfr606,0.369909087063567,1.72306948211863,0.013,0.004,1
Nck1,0.370157085595584,0.814097933919804,0.075,0.035,1
Ogdhl,0.370325911739636,1.14320312550135,0.038,0.02,1
Prdm15,0.370328043368952,0.336536550228928,0.182,0.13,1
Rcor1,0.370330837031605,0.453391542255412,0.113,0.072,1
Itih1,0.370337175236046,0.716651117170835,0.063,0.027,1
Rpe,0.370342368636916,1.04579896101744,0.044,0.025,1
Tmem150a,0.370354039636754,1.11586157100337,0.038,0.014,1
Tmem150b,0.370363549850464,-0.646256608089085,0.013,0.017,1
Gm15013,0.37039132793145,2.31709337279593,0.019,0.002,1
Ccdc55,0.370607861020985,0.798449273787909,0.069,0.028,1
Flt3l,0.370684219060559,1.5745984614436,0.031,0.012,1
Dtwd1,0.370705048820353,-0.471544560176739,0.038,0.04,1
Usp16,0.370726352140884,0.113814714354768,0.019,0.035,1
Vmn2r69,0.370728220725679,1.64399965865067,0.013,0.006,1
Serpinh1,0.370731085088959,1.38906359484115,0.013,0.007,1
Bai1,0.370817274194562,0.610195866223613,0.126,0.069,1
Bpifb1,0.370868666145934,0.680841033579762,0.069,0.041,1
Adam28,0.371192964236639,0.6635231404771,0.075,0.047,1
Pcdh17,0.371265999333415,0.432912294077603,0.17,0.09,1
Smad4,0.371269932620268,0.796958611633533,0.094,0.045,1
Brca2,0.371289564360018,0.561939747689657,0.094,0.059,1
Cyp2e1,0.371306924096175,0.577353116579024,0.006,0.01,1
Gtdc1,0.37139310363489,0.161464159985169,0.465,0.32,1
Olfr1240,0.371423371957291,2.41022536554354,0.013,0.002,1
Dnajc19,0.371436276086565,1.0905571135004,0.044,0.023,1
Tnip1,0.371465512969119,-0.420763808345174,0.069,0.067,1
AU040320,0.371509368757443,-0.0698344123563093,0.101,0.078,1
Flrt1,0.371568419040579,1.80166992698778,0.013,0.003,1
Sfxn1,0.371595149402021,0.525900093993767,0.088,0.043,1
Psg20,0.371717608674788,0.0323934376115682,0.013,0.017,1
Duox1,0.371775763921339,-0.452661026563577,0.031,0.027,1
Rad21l,0.371826373061219,1.1176833256375,0.025,0.009,1
Rab28,0.37202011007599,0.309572835788999,0.176,0.102,1
Tnfrsf26,0.372081326588456,-0.376162384838683,0.013,0.018,1
Wfdc6b,0.372084843559716,1.99503451955886,0.013,0.004,1
Tex28,0.372104651735471,1.35248290027107,0.025,0.004,1
Moxd1,0.372140634983352,0.319601823075063,0.145,0.09,1
Nlrp3,0.372177279497024,-0.348618804258467,0.013,0.015,1
Galnt3,0.372301639630021,0.339268931064109,0.119,0.068,1
Col17a1,0.372318854621222,-0.271747190281292,0.082,0.073,1
Xpo5,0.372411278620715,0.480216257363045,0.101,0.049,1
Las1l,0.372416254556601,0.588793733073686,0.069,0.031,1
Rcan3,0.372439797395903,-0.0907659558785223,0.063,0.063,1
1600014C23Rik,0.37248711369382,1.21581034693339,0.031,0.012,1
Trcg1,0.372563776805953,1.45900902215304,0.031,0.012,1
Capsl,0.372577429535009,-0.264650079204492,0.038,0.057,1
Ccdc77,0.372676126779586,0.474024319373404,0.101,0.046,1
Olfr701,0.372732920846333,-0.162001512092802,0.006,0.012,1
Prb1,0.372745495495641,0.459949293986273,0.069,0.035,1
Reg4,0.372881307292701,-0.289938395810679,0.031,0.031,1
2810007J24Rik,0.372917321695133,-0.240402141609595,0.013,0.017,1
Pln,0.372971740856363,1.53367880716262,0.019,0.007,1
Sfta2,0.373041846028307,0.880300161076924,0.05,0.04,1
Gaa,0.373044094174629,0.556224608645704,0.088,0.034,1
Uimc1,0.373056632854566,0.442561353161295,0.088,0.048,1
Radil,0.373176461656985,-0.300457781692526,0.063,0.069,1
Eif4g3,0.373250070159143,0.39223675138587,0.145,0.086,1
Emc1,0.373273470764064,0.45556167689847,0.075,0.041,1
Gm11175,0.373301117528944,0.483891289289318,0.006,0.01,1
Dnah1,0.373414905335728,-0.27600170474896,0.113,0.092,1
Msrb3,0.373436582260013,0.405796451966454,0.182,0.101,1
Oas3,0.373446346476786,1.18047898487564,0.025,0.014,1
Hist1h2bj,0.373494467545917,0.312839232118903,0.006,0.01,1
Fmr1nb,0.373670670290037,1.07010224750304,0.025,0.02,1
Ppip5k2,0.373680312882369,-0.248455131510975,0.132,0.134,1
Sertad1,0.373689441511088,0.113907888000677,0.013,0.02,1
Fbxw11,0.373757029951548,0.731871874040609,0.107,0.045,1
Fam126b,0.373782891407622,0.291490090107489,0.132,0.072,1
Ovol2,0.373785925814471,-0.189898512132371,0.025,0.03,1
Psmd4,0.373939851012146,0.192635770981488,0.013,0.015,1
Gm11627,0.373950334898015,1.52123847310293,0.013,0.007,1
Rbl2,0.37408614337774,0.705842682311788,0.069,0.038,1
Kcnab2,0.374169574034595,-0.244179257459041,0.113,0.11,1
Ruvbl2,0.374239908176535,-0.262669876309772,0.038,0.034,1
Adtrp,0.374558282716323,0.695429293771414,0.101,0.062,1
Vmn1r201,0.374604482880623,1.52020378463049,0.019,0.005,1
Lep,0.374664949994612,1.16405494736905,0.031,0.012,1
Smad3,0.374666958540272,0.587289616579,0.088,0.042,1
Prdx6,0.3746756280304,1.09912043997764,0.025,0.012,1
Slc5a4a,0.374682752550147,0.594560716827659,0.082,0.042,1
Tmtc4,0.374928065956442,0.281223217746918,0.164,0.114,1
Ndufa3,0.374952510231254,0.161999072083149,0.006,0.01,1
Stat5a,0.374957849726126,0.767433996835531,0.031,0.021,1
Morc4,0.374985094693576,0.513589029160297,0.094,0.053,1
Cdk2,0.374989484452599,0.21813461241476,0.019,0.017,1
Adamts4,0.375028997243967,-0.115360697798011,0.006,0.013,1
Zfp341,0.375108426084098,-0.0541870354593907,0.044,0.046,1
Pgd,0.375109974205955,-0.240785709297792,0.019,0.022,1
Pitpnm3,0.375272119499174,0.610847814549803,0.082,0.051,1
Kcne1,0.375289307541189,0.983653161426802,0.025,0.012,1
Cmklr1,0.375334256154348,0.670349689736566,0.05,0.032,1
Ilkap,0.375342981088151,1.11919517782687,0.031,0.018,1
Gpr63,0.375410843227327,-0.290117866785348,0.119,0.092,1
Cyp2j8,0.375631665804033,0.417959419776591,0.088,0.042,1
Nrg1,0.375674222849603,-0.321756737642054,0.182,0.167,1
Pmm2,0.375801290901702,0.031405738153274,0.025,0.027,1
Tgfbi,0.375848026821174,0.333356367779014,0.025,0.019,1
Gpatch2l,0.375865111300017,-0.116302631945535,0.05,0.051,1
Trim5,0.375922826717604,0.784423848776246,0.038,0.019,1
Ptges2,0.375927667556507,-0.14230289984952,0.031,0.032,1
Slc5a12,0.375959940465925,-0.267013443774319,0.082,0.074,1
Aldh1l2,0.375995338095849,-0.525628637035968,0.05,0.052,1
Sdf2l1,0.376033113408697,-0.23799056474263,0.019,0.021,1
Bbs12,0.376042414224374,0.85765994404489,0.069,0.032,1
Prss3,0.376056708824898,1.60478817845449,0.013,0.004,1
Ythdc2,0.376152661228333,0.389033981134009,0.17,0.095,1
Eif4e,0.376326670863686,-0.181347434308321,0.044,0.033,1
Gpx4,0.376384995258364,0.215855681378623,0.019,0.018,1
2700060E02Rik,0.376386541598705,-0.0114958580602371,0.025,0.026,1
Reln,0.376399143392394,-0.327765234634846,0.472,0.389,1
Wnt16,0.376418804083856,-0.161591885110652,0.006,0.012,1
Vps8,0.376468597456617,-0.176691852393341,0.226,0.22,1
Gltpd2,0.376553738284389,2.09413345468947,0.013,0.001,1
Lipc,0.376643506047069,0.422050469911405,0.107,0.068,1
Nmbr,0.376649085278208,0.221686896994965,0.176,0.102,1
Rgp1,0.37686823371947,1.41334716193792,0.031,0.009,1
G6pd2,0.376885441221087,1.44431309290647,0.019,0.008,1
Krt10,0.376887803889668,1.73000320929046,0.019,0.007,1
Sertm1,0.376940200310006,0.70314626553298,0.044,0.024,1
Fgfr1op2,0.377034458698373,-0.409078725314191,0.019,0.023,1
Actr6,0.377085196518202,-0.595060913485995,0.038,0.047,1
Col9a2,0.377146295317837,-0.296195719019747,0.031,0.037,1
Cfh,0.377154089292934,0.288431327907944,0.151,0.092,1
Dchs1,0.377271581742818,0.953127209740678,0.063,0.031,1
Ncoa3,0.377272488923887,-0.32637574642002,0.075,0.06,1
Lce1a2,0.377274600752162,1.3833323088796,0.019,0.007,1
Cpe,0.377363125514263,0.415513614268582,0.138,0.066,1
Pmfbp1,0.377365744767298,0.362804490968862,0.119,0.063,1
Oca2,0.377376893729635,-0.306134611109284,0.308,0.269,1
Ccdc67,0.377379374630678,-0.411183954008059,0.132,0.109,1
Astl,0.377475108549855,1.14201018790137,0.031,0.014,1
Tfdp2,0.377513304564464,-0.32029281879447,0.113,0.109,1
Rrs1,0.377523089941314,0.55862313103799,0.069,0.038,1
Pias2,0.37762237021616,0.586641306045239,0.082,0.048,1
Stc1,0.377647727506297,-0.397144774813691,0.013,0.02,1
Sephs1,0.377881758928521,0.547534854932057,0.063,0.035,1
Trabd,0.37793926053679,0.906850300622297,0.044,0.021,1
Pycr2,0.377959917584038,0.116520502917006,0.013,0.015,1
Vps4a,0.378018585897386,0.665059715370063,0.05,0.032,1
Gtf2b,0.378121740119391,-0.286038524467146,0.031,0.034,1
Defb6,0.378137406523576,1.22426784883794,0.019,0.007,1
Olfr186,0.378208852738182,1.52981683024639,0.019,0.005,1
Larp4b,0.378311793254083,-0.365854509369736,0.151,0.123,1
Tmem8,0.378516984889476,1.54999788622328,0.019,0.016,1
Gm572,0.378695165682806,0.748773974385883,0.057,0.027,1
Plekhh2,0.378708521341621,0.299315436706149,0.164,0.082,1
N4bp2l1,0.378722086201274,1.00993570311234,0.05,0.021,1
Ablim3,0.378755802148401,-0.340396142719717,0.132,0.12,1
Treml4,0.378764284917245,-0.197663023411875,0.013,0.021,1
Rccd1,0.378812818666432,-0.0507613687440758,0.019,0.023,1
Hspa9,0.378881844855451,-0.164200068253725,0.013,0.017,1
Fam81a,0.378902652364604,0.798752895269433,0.044,0.026,1
Il9r,0.378913441083599,1.19918234949741,0.025,0.01,1
Atl1,0.379119562888473,0.508522956006171,0.107,0.065,1
Gata4,0.379141947338182,0.555440061747345,0.075,0.037,1
Fate1,0.379209014795927,-0.585258256468058,0.013,0.014,1
Asb6,0.379296458289741,0.194273463965824,0.013,0.013,1
Anapc16,0.379311782152631,1.29348915152989,0.025,0.015,1
Ank1,0.379333241635381,-0.259669986900282,0.208,0.182,1
Eif3a,0.379343237550483,0.136345208199899,0.019,0.021,1
Sypl,0.379345529029293,-0.295859099427489,0.057,0.059,1
Parp1,0.379414404605519,0.620100642154401,0.101,0.038,1
Eid2,0.379567314684618,1.97731557676592,0.013,0.004,1
C730034F03Rik,0.379656036142014,1.1156400544382,0.031,0.016,1
Ddx42,0.379675059656147,0.75426303345014,0.05,0.025,1
Lmod1,0.379676002731169,-0.355637527881353,0.025,0.034,1
Asf1a,0.379933771321595,0.774031616692371,0.057,0.031,1
Dynlt1c,0.379993901612829,1.58456947746567,0.013,0.007,1
Cacna1f,0.380022092987064,1.0745354481847,0.038,0.017,1
Ier5,0.380027548127677,0.174782060706327,0.013,0.015,1
Thbd,0.380139648715946,0.968525967293236,0.038,0.021,1
Gmnc,0.38016288446864,-0.581327723337552,0.05,0.049,1
Klhl29,0.380177669644601,-0.299927429285813,0.321,0.28,1
Efcab8,0.380185435736618,-0.489920238280057,0.075,0.062,1
Ccbe1,0.380225243019614,0.121718029901461,0.365,0.26,1
0610040J01Rik,0.380250984452147,-0.146298375237276,0.119,0.106,1
PCDHGA12,0.380321067662088,0.83376053232369,0.05,0.024,1
Pus7,0.380426867425239,-0.35659898809674,0.038,0.045,1
Dbr1,0.380441639870205,0.142885847244496,0.013,0.014,1
A1bg,0.380496579820533,-0.0491666853502188,0.013,0.013,1
2610021A01Rik,0.380544745443047,0.571148432067542,0.069,0.042,1
BC068157,0.380565248406501,0.535094868929683,0.013,0.013,1
Sec11a,0.380691783552344,0.796160769372238,0.063,0.037,1
Rnf183,0.380716314580906,1.63335037911634,0.013,0.008,1
Ttc12,0.380744767576241,0.847051432944181,0.069,0.036,1
Zfp691,0.380793244602469,0.0576771958215909,0.05,0.037,1
Gpr137,0.380815538885821,-0.0240087599830892,0.025,0.023,1
Ascl4,0.38086061209208,0.0121551531484689,0.025,0.03,1
Trp53rk,0.380913960111819,1.59066736160568,0.013,0.008,1
Ftsj2,0.380914554032314,0.176169178965552,0.006,0.012,1
Kcnq1,0.380997320089829,-0.249461204507191,0.182,0.167,1
Prkar1b,0.381071018724342,-0.133282588466161,0.132,0.107,1
Irf6,0.381172024174724,0.491041596314767,0.057,0.033,1
Gm16401,0.381226687126544,-0.162416853718781,0.019,0.018,1
Syce1,0.381302004955199,1.06963382051511,0.031,0.012,1
Usp51,0.381423258361189,0.0926469862507222,0.013,0.013,1
Vmn1r7,0.3815106145969,1.97440102530525,0.013,0.004,1
Fam65a,0.381528293773094,0.0375024628516201,0.019,0.016,1
Grb10,0.381533458313924,0.274889010720337,0.226,0.15,1
Ifi44,0.381612044326966,0.757814394303231,0.075,0.031,1
Stk19,0.381615601645846,-0.211794990738491,0.025,0.026,1
Mc4r,0.381708169312102,-0.232237438629089,0.013,0.016,1
Htt,0.381733641404761,-0.147338292058061,0.151,0.121,1
Cstl1,0.381842457851909,-0.3295972956577,0.025,0.034,1
Immt,0.38187717678721,-0.0210920289443708,0.057,0.042,1
Bpifa1,0.381914788224655,0.340277222399364,0.006,0.01,1
Bud13,0.38193073060867,0.803566665885112,0.038,0.017,1
Cyp2ab1,0.381994367561889,0.937997226623866,0.038,0.02,1
Pifo,0.382072898293083,0.573810406600508,0.031,0.017,1
Ube2o,0.382210299396001,-0.227358812023226,0.044,0.045,1
Nr2c1,0.382461454583484,-0.372301485536322,0.044,0.043,1
Med20,0.382546272515808,1.49210123422487,0.025,0.012,1
Tomm6,0.382573638227913,-0.136434948797119,0.013,0.014,1
Ahsa1,0.382742323052136,0.110360678538743,0.019,0.023,1
Mgst1,0.382849999220561,0.618289155775125,0.101,0.06,1
Nphs1,0.382926864025067,0.122508608540139,0.013,0.016,1
Timm9,0.383004160169666,-0.252468547409665,0.019,0.021,1
Stxbp3a,0.383082020463406,-0.0699548388421913,0.044,0.037,1
Rnft2,0.383083323825819,0.446228583882008,0.145,0.082,1
Tmem233,0.383128771266386,0.76496616278305,0.063,0.031,1
Strip2,0.383169840445997,0.710829822889286,0.082,0.036,1
Il1r1,0.38326379457203,-0.336016069340704,0.119,0.101,1
Ccdc102a,0.383303896177905,-0.364248983946013,0.031,0.036,1
Nudt6,0.383323044924296,-0.330009104942883,0.113,0.093,1
Ano1,0.383339000866668,0.460195100686899,0.17,0.109,1
Erich2,0.383358040673084,0.917339368236701,0.044,0.031,1
Trit1,0.383390856724404,0.000909839787281541,0.013,0.024,1
Mmp14,0.383480997306809,1.43262197608155,0.019,0.007,1
Scyl1,0.383523329863247,1.2382676493192,0.031,0.012,1
Parp10,0.383583531821215,1.27507668085847,0.038,0.019,1
Slc36a4,0.383607352915646,-0.369213153582241,0.088,0.081,1
Abhd17b,0.383631231983826,0.0382589990762199,0.025,0.03,1
Hectd1,0.38365593823288,0.616806265212262,0.088,0.054,1
Tti2,0.383688166969441,-0.376713478237027,0.025,0.029,1
Ackr4,0.383700107730071,0.376074979262442,0.113,0.049,1
Gm18025,0.383931341229877,1.71288252825799,0.013,0.005,1
Gpnmb,0.384205272685546,0.656791372175219,0.063,0.033,1
Mafg,0.384210876291194,0.955635914780576,0.038,0.02,1
Rhbdd2,0.384363208767757,0.0613619255008597,0.031,0.025,1
Usp29,0.384463911290455,1.27755053564161,0.019,0.006,1
Ppil4,0.3845395895101,0.633110994545338,0.063,0.032,1
Vamp4,0.384698326624404,-0.211335210116714,0.05,0.045,1
Prkag1,0.384706764919686,0.983253920326526,0.025,0.013,1
Per1,0.384751553879777,0.159229026163449,0.025,0.024,1
Fam64a,0.384985594588027,-0.0275943790764464,0.006,0.014,1
Ddhd1,0.384986952328167,0.656337290557635,0.088,0.045,1
BC048546,0.384993672785745,0.405409808445932,0.088,0.04,1
Zfp420,0.384993798040553,1.18836529333516,0.019,0.012,1
F13b,0.384999980277781,0.588634240268013,0.057,0.033,1
Zfp74,0.385019634879209,-0.343783717332363,0.019,0.023,1
Pctp,0.385066044115558,-0.0226111869587893,0.025,0.027,1
Rdh7,0.385220722533799,0.435646275715477,0.006,0.011,1
Gm10638,0.385270067144486,0.511390935075811,0.013,0.012,1
Ntn4,0.385290736313948,0.465346445231158,0.101,0.052,1
Gbp9,0.385298048984307,0.565891432852523,0.063,0.045,1
Sf1,0.385345191635636,-0.350881164750509,0.031,0.035,1
Spats1,0.385384380599541,0.783710124780534,0.05,0.029,1
Ces2e,0.385435207057536,-0.247679492765016,0.013,0.016,1
Got2,0.385478731346466,0.808655273571834,0.063,0.029,1
Slc4a1ap,0.385491648979198,0.738836024379019,0.063,0.031,1
Actn3,0.385512027241992,0.845490077469361,0.057,0.027,1
Slc12a7,0.385555809751435,-0.256809355980217,0.088,0.095,1
Fbxo27,0.385622988084294,0.14576480633715,0.013,0.011,1
Epn3,0.385668431553885,0.259409461508115,0.006,0.011,1
2610034M16Rik,0.385713038293692,0.0547602550181012,0.289,0.201,1
Tldc1,0.385799571353754,-0.425466789526864,0.038,0.043,1
Phlda3,0.385800149080865,1.80533280815552,0.013,0.004,1
Zdhhc18,0.385848177656109,-0.175950722510466,0.05,0.047,1
Lrrc27,0.385925552436608,-0.194498465130019,0.05,0.061,1
Zfp607,0.385944207418446,-0.193960430222313,0.006,0.017,1
Zfp398,0.386113986079243,-0.0272664002431249,0.038,0.036,1
Slc16a12,0.386131610990674,0.150224145708794,0.182,0.108,1
Ftcd,0.38629921238328,0.736397297295563,0.025,0.017,1
Shroom3,0.386404173314634,-0.134967524233109,0.302,0.224,1
Rtn3,0.386505286952583,-0.182901491836504,0.038,0.035,1
Gm3336,0.386551536595524,0.0333968839499095,0.006,0.012,1
Olfr1269,0.386613041590307,1.63541467403094,0.013,0.006,1
Slamf6,0.386768721683868,0.684219033453456,0.063,0.028,1
AI464131,0.386775996785323,0.316091994196301,0.013,0.014,1
Cenpf,0.386776167274167,0.311385837550199,0.151,0.091,1
Tysnd1,0.386777231180587,0.342663135645905,0.013,0.018,1
Gid4,0.386831391759835,0.507780697052175,0.075,0.043,1
Ankmy2,0.386932686598836,0.631414613699696,0.113,0.088,1
Rnaset2a,0.38717627089442,1.54195256430191,0.013,0.009,1
Fancf,0.387277278016275,-0.37145715556985,0.038,0.043,1
C130079G13Rik,0.387378200935319,0.0979787107719696,0.019,0.019,1
Hnrnph3,0.387475905782269,0.0247043944980625,0.025,0.024,1
BC029214,0.387501630025338,-0.0373633964972031,0.006,0.012,1
Eefsec,0.38752616843433,0.170709657237849,0.245,0.148,1
Erf,0.387580082143999,0.113495788436611,0.013,0.016,1
Cep68,0.387643098761844,1.13608796434586,0.05,0.022,1
Pofut1,0.387741842866457,0.629246715302955,0.075,0.037,1
Zbed3,0.387766889104924,1.37904183681964,0.031,0.011,1
Slc38a7,0.387772720397899,-0.0354117741519051,0.025,0.023,1
4833439L19Rik,0.387883788478527,0.0840765651152884,0.013,0.014,1
Tmem70,0.387977917848034,1.04937063124006,0.025,0.018,1
Sla2,0.388076800542786,-0.211199596066989,0.013,0.015,1
Pecam1,0.388091018983893,0.446346870347165,0.132,0.065,1
Gm5134,0.388719150994453,0.664128308063408,0.069,0.035,1
Mrpl2,0.388723503297125,0.248388447643065,0.006,0.015,1
Wipi1,0.388736490908231,-0.245982848487789,0.088,0.084,1
Mmp27,0.388760551603898,0.855996392955182,0.063,0.024,1
Med7,0.389054240069636,-0.267928006470033,0.031,0.026,1
Dnajc21,0.389203988683328,-0.197268348901406,0.069,0.068,1
Tmem101,0.389239905634231,1.52429191256106,0.019,0.007,1
Echdc3,0.389292352058705,-0.439174707567258,0.038,0.039,1
Zfp174,0.389296619032749,-0.330837616716398,0.031,0.027,1
Msr1,0.38932293110836,0.529269617318466,0.132,0.09,1
Smco2,0.389337156998276,0.601091386674824,0.069,0.034,1
Ms4a1,0.38945838480222,0.69372916696685,0.038,0.022,1
Col20a1,0.389483773416739,0.603966622663661,0.088,0.057,1
Elp6,0.389546074119934,0.0990450241987109,0.038,0.034,1
Gm21830,0.389547761049893,-0.25485125723535,0.025,0.023,1
Vmn1r199,0.389582217681465,1.84301379275375,0.013,0.004,1
Gm13152,0.38962443561351,0.957418933142794,0.025,0.015,1
Rab11fip3,0.389642745889949,-0.241445090262291,0.082,0.069,1
Dnah17,0.389643994981539,-0.21545399957349,0.157,0.141,1
Lrrc8a,0.38965946216627,1.00944937307458,0.05,0.023,1
Etfdh,0.389711088717721,-0.266299766870116,0.088,0.068,1
A630001G21Rik,0.389786074094496,0.247127156504486,0.113,0.062,1
Pef1,0.389808031574639,0.867965640005159,0.044,0.028,1
Agxt,0.389873027266205,0.529444868094423,0.006,0.011,1
Frmd3,0.389876570689195,-0.374361892701759,0.208,0.176,1
Rax,0.389892705443559,0.162548896658079,0.013,0.014,1
Dhcr24,0.390026633709697,-0.221936340203907,0.044,0.04,1
Cyp4a12b,0.390074031263886,-0.0031358782937172,0.006,0.012,1
Gdap1l1,0.390081271640231,1.12393100122555,0.038,0.017,1
Gucy1b2,0.390120351504691,-0.27292728018378,0.069,0.056,1
Rab22a,0.390130237306716,-0.404438449169867,0.113,0.086,1
Rpa1,0.390158570762295,0.692369701046523,0.075,0.043,1
Bap1,0.390215698059792,-0.0458623193102605,0.025,0.024,1
Otop1,0.390268551760261,0.635209906688492,0.063,0.028,1
Ate1,0.39032309228286,-0.0878227194080878,0.094,0.081,1
Ufsp2,0.390405982227065,0.48162813435095,0.057,0.031,1
Tmem2,0.390419192891309,0.415046430198978,0.145,0.075,1
Ncbp1,0.390804903198171,0.263618053618444,0.038,0.028,1
Diap3,0.390927754580169,0.0133185870280521,0.679,0.506,1
Ppp1r11,0.390929042647551,1.20093570527847,0.025,0.018,1
Nceh1,0.391246621047909,0.222069808757423,0.226,0.148,1
Man1c1,0.391262544729874,-0.148792080204734,0.126,0.1,1
Atp6ap2,0.391282938903252,0.973952381577539,0.038,0.014,1
Olfr301,0.391381573526197,1.19205999215751,0.025,0.01,1
Epb4.1l1,0.391458741461182,-0.311540083338508,0.107,0.099,1
Snx21,0.391461141800331,0.902967730658458,0.031,0.018,1
Uck1,0.391574009867202,1.51423474918365,0.013,0.009,1
Cyp2b23,0.391593869668262,0.701492176718509,0.025,0.013,1
Myl12a,0.391602558462761,-0.434591309684179,0.044,0.04,1
Lypd1,0.391644727980836,-0.37834503715576,0.063,0.06,1
Syne3,0.391804992676946,-0.287875488328968,0.082,0.062,1
Rita1,0.391810364094123,-0.293742029922647,0.05,0.063,1
Cbfa2t3,0.391834320182866,-0.166752010990409,0.075,0.063,1
Trim8,0.391925023194154,0.657826550083642,0.044,0.024,1
Serpina3m,0.391991799285918,-0.377632684052307,0.063,0.052,1
Epb4.1,0.392077787419182,-0.307971069398117,0.157,0.131,1
Cenpv,0.392102919050645,0.105308589949789,0.013,0.014,1
Hoxa10,0.392293503091621,2.5485121478351,0.013,0.002,1
Fam131b,0.392349388485619,0.494293038244728,0.063,0.033,1
Vmn2r59,0.39245783394398,-0.274925587773008,0.025,0.03,1
Dennd6a,0.392502455782238,0.605748856193283,0.057,0.031,1
Fap,0.392530172916833,0.214558979431331,0.189,0.111,1
Iqsec1,0.392619056609991,-0.239553260127582,0.138,0.127,1
Ms4a4c,0.392754839756356,1.03722039086177,0.044,0.021,1
Rbm25,0.392815089952464,-0.325758112160281,0.031,0.029,1
Cps1,0.392893363116771,-0.280087497883501,0.176,0.15,1
Marcks,0.392974758988145,-0.10586735652428,0.013,0.016,1
Chdh,0.392989895719236,-0.381929310984712,0.031,0.037,1
Nr1h5,0.393124822792254,-0.601561095099179,0.013,0.021,1
Mrps18b,0.393352696744995,-0.149897342290068,0.019,0.021,1
Lgi4,0.39340617726183,0.835888868911172,0.031,0.015,1
Usp43,0.393414594948165,0.431255441703633,0.088,0.054,1
Fam110a,0.393427660122196,0.861349216513798,0.05,0.021,1
Dgcr6,0.393444805670836,-0.0673295453910292,0.05,0.041,1
Stmn1,0.393698699130223,-0.0030677256459235,0.019,0.023,1
Gpr119,0.393798561948007,2.11299511855898,0.013,0.004,1
Ice1,0.393818460004488,0.432620553197203,0.126,0.07,1
Slc24a3,0.393905882915421,0.0547780065120795,0.541,0.405,1
Mrpl41,0.394006293611253,0.968113443153279,0.057,0.023,1
Scoc,0.394067748164215,0.27348286777675,0.113,0.056,1
Popdc2,0.394228252464851,0.963442579843871,0.057,0.031,1
Rab24,0.39445202911257,2.18092896205448,0.013,0.002,1
Traf7,0.394504245995685,1.12903139317067,0.044,0.019,1
RP23-303A11.1,0.39477222835353,-0.405339722227572,0.025,0.028,1
Ggct,0.394772386940379,-0.318543260933025,0.025,0.031,1
Thbs2,0.394835753761358,0.428855071671372,0.069,0.05,1
Lmf1,0.394853582827759,-0.0496643395979772,0.044,0.052,1
Gm1661,0.394858352969231,0.68603853149848,0.075,0.037,1
Tek,0.394887731687434,0.337600715825962,0.22,0.145,1
Gm5617,0.394896546217149,1.59902735352912,0.019,0.01,1
Prok2,0.394943885817836,-0.25773594120492,0.006,0.013,1
Zfp157,0.395012984286479,0.977656387507672,0.025,0.017,1
Os9,0.395041523037161,0.0100388038751698,0.031,0.029,1
Ttc16,0.39504415632181,-0.0502647198906177,0.063,0.048,1
Snrnp40,0.395175426287745,-0.212663950701301,0.038,0.036,1
Tuba8,0.395248221149681,-0.350819535059562,0.013,0.02,1
Klhdc4,0.395265148680944,-0.0788282449526712,0.057,0.046,1
Als2cr12,0.39535341810576,0.276826887959499,0.094,0.053,1
1810009A15Rik,0.395386480145807,1.38654839404222,0.019,0.008,1
Cnot4,0.395464403552273,0.470212669224084,0.164,0.093,1
Zfp652,0.395469269274129,-0.0854518713173471,0.113,0.081,1
Cox15,0.395627697569164,0.657492635951614,0.063,0.039,1
Pramef8,0.395642974697686,1.0701233744924,0.031,0.015,1
Gm7073,0.395657606602635,-0.345722858436219,0.063,0.066,1
Trpm2,0.395692923936856,-0.339744662303862,0.094,0.083,1
Rad54l,0.39579559922338,0.656006848959783,0.069,0.035,1
Hmgb3,0.395852748444752,1.44509069103195,0.025,0.009,1
Hnrnpr,0.395965716441506,-0.122469763460094,0.025,0.02,1
Sav1,0.396002177431317,-0.166043710219664,0.019,0.02,1
Edem1,0.39604167557073,0.518430051742904,0.082,0.062,1
Orc6,0.396139307056498,-0.18153397915731,0.019,0.024,1
Nom1,0.396168204478035,-0.538642595418032,0.025,0.028,1
Paqr3,0.396196326762096,0.361473727038987,0.119,0.071,1
Scn4b,0.396244275944407,-0.221353402924884,0.013,0.017,1
4930503L19Rik,0.396366549779486,-0.0504431243332597,0.069,0.063,1
Bckdha,0.396412239685934,0.73024251582599,0.057,0.032,1
Gm9754,0.396490775693357,1.42148080864779,0.019,0.01,1
Ufl1,0.396522797201152,0.266360363099877,0.132,0.062,1
2610001J05Rik,0.396574643477656,0.685870092643564,0.044,0.024,1
Pfkfb3,0.396577025107623,-0.279882866024928,0.101,0.109,1
Dlgap5,0.396589776239428,-0.257921092096281,0.05,0.067,1
Rgs18,0.396612685808341,-0.561981511233817,0.025,0.031,1
Krt4,0.39675737215711,1.38016872320661,0.019,0.006,1
Gclm,0.39685772813465,-0.121079211289751,0.044,0.042,1
Trim47,0.396993180482516,1.2760640177636,0.019,0.013,1
Exoc3l,0.397165427383349,-0.0273226466833076,0.006,0.012,1
Zfp27,0.397174327250234,1.14966255032302,0.025,0.013,1
Srek1ip1,0.397215805865431,0.243260529721983,0.145,0.109,1
Ush1g,0.397232907609129,-0.155927350301359,0.006,0.011,1
Zfp330,0.397234278966301,0.670434030731633,0.05,0.045,1
Cd38,0.39725947807899,0.559513966058304,0.094,0.057,1
Slamf1,0.39741420227198,0.71834591438252,0.069,0.026,1
Mpp3,0.397447677820865,-0.347439829512091,0.019,0.027,1
Sdf2,0.397448194072474,1.94474104804655,0.019,0.004,1
Serpina3j,0.3974849620267,1.5536608944591,0.013,0.01,1
Ice2,0.397789039052124,-0.0736980616727871,0.031,0.031,1
Gkn1,0.397939605909512,1.22860824385713,0.025,0.007,1
Anxa2,0.397972062876724,0.601459315237724,0.069,0.037,1
Myo18a,0.398187733001317,-0.134420495996171,0.075,0.06,1
Iffo2,0.398371138041389,-0.0814069979611216,0.107,0.087,1
Urb2,0.398379714816658,0.387832124457429,0.088,0.053,1
Rcbtb2,0.398406773390558,0.543723850030816,0.126,0.06,1
Plek2,0.398436223737198,-0.152501788198583,0.006,0.015,1
Ddx17,0.398498720451168,-0.204867820930712,0.019,0.017,1
Gls2,0.398501178805906,0.126053319297738,0.019,0.024,1
Tsc22d2,0.398613089325783,0.569157527954276,0.082,0.042,1
Iqsec2,0.398641505987161,0.600216023281315,0.069,0.03,1
Kcnk12,0.398671523476764,-0.297739052380909,0.038,0.038,1
Oosp2,0.398727540385826,-0.337778334775174,0.013,0.016,1
Gm20721,0.398784158421435,1.25235901730502,0.025,0.01,1
Anapc7,0.398784956468277,-0.276832023953268,0.006,0.014,1
Sh2b1,0.399066972598662,-0.318752958683648,0.006,0.013,1
Crp,0.399265087127273,0.255670830755071,0.195,0.14,1
Ibsp,0.399302458151221,1.07544347876429,0.031,0.011,1
Prr5,0.399434131202704,0.619783451605228,0.057,0.027,1
9530002B09Rik,0.39944937637655,1.38436534610799,0.013,0.006,1
Tfam,0.399717847491067,-0.215429263288205,0.031,0.028,1
Psme3,0.399733259204085,1.47156830064206,0.019,0.006,1
6030468B19Rik,0.399748600499057,2.36010274720003,0.013,0.004,1
Mal2,0.399751370355461,-0.363379364325048,0.069,0.057,1
4921507P07Rik,0.399858181476653,0.50184550188337,0.107,0.053,1
Prmt10,0.399913670750934,0.454469217102173,0.151,0.076,1
Pgrmc1,0.399927511649734,1.21830149387216,0.031,0.014,1
Nfatc2,0.399985782460431,-0.297880988563354,0.113,0.096,1
Limd1,0.399988055709085,-0.0374686729657441,0.031,0.033,1
Rbm4,0.399996932577287,1.5833621169036,0.019,0.012,1
Oplah,0.40001643255589,0.63450885538356,0.063,0.034,1
Steap2,0.40002809023531,0.375146807313852,0.119,0.082,1
Pgrmc2,0.40010795323341,0.595733314108025,0.113,0.059,1
Lcorl,0.400141217239281,0.189221829148978,0.264,0.194,1
4933415A04Rik,0.400151051508209,1.16326887685689,0.019,0.009,1
Dos,0.400237790260567,-0.347675948180378,0.019,0.023,1
Csf3r,0.400309328517244,0.97489978893949,0.044,0.024,1
4931428L18Rik,0.40039145498221,0.258255331393917,0.233,0.134,1
Pttg1ip,0.400397549115928,0.586018466882675,0.057,0.034,1
Gjb6,0.400486889331051,1.7530659974703,0.019,0.007,1
Olfr945,0.400518240923862,2.01331568774343,0.013,0.002,1
Por,0.40054137735975,0.414036450529141,0.126,0.063,1
Plxna3,0.400553788108939,0.907099862788684,0.031,0.015,1
Stim2,0.400595940892962,-0.276456978953042,0.145,0.148,1
Noc2l,0.400607562995784,0.0745533460746177,0.013,0.018,1
Edem2,0.400721805465952,-0.155447660654486,0.031,0.035,1
Wdr7,0.400819865968368,0.199754172425752,0.384,0.289,1
Wnt2b,0.400980094671494,0.827658089445349,0.025,0.013,1
Ccdc27,0.40100465666218,0.957077205088257,0.038,0.019,1
Slc6a14,0.401061240101883,-0.244697568645929,0.013,0.016,1
Trappc6a,0.40107928253606,0.254570012237724,0.006,0.01,1
Edf1,0.401188015941871,0.0678475348152032,0.019,0.017,1
Tmem72,0.401252480396629,0.34417385259549,0.082,0.043,1
Cdyl2,0.401307861854032,-0.217062204919493,0.182,0.15,1
Cog6,0.40139075132097,0.60664929195393,0.101,0.066,1
Gpatch1,0.401441218870604,0.636610725144199,0.075,0.038,1
Tapbpl,0.401452288759304,1.10267482996846,0.025,0.015,1
Tmem126a,0.401531310132383,0.929722089346831,0.019,0.013,1
Elk3,0.401558389318703,0.521232464803557,0.101,0.051,1
Eif3h,0.401563605901741,-0.308759159275358,0.151,0.096,1
Sspo,0.401569251319055,-0.234492427939662,0.069,0.077,1
Fam117a,0.401592293172229,0.665890033395591,0.057,0.037,1
Gm4076,0.401603688524439,1.55866511329429,0.013,0.005,1
Gtpbp2,0.401627410224111,0.8764704908361,0.031,0.023,1
Pnpla3,0.401628349779338,-0.32582014812778,0.025,0.032,1
Parp3,0.401631445042195,-0.202804092168107,0.044,0.041,1
Zfp623,0.401822047855059,0.0340499524999442,0.006,0.016,1
Polh,0.401993186686634,-0.263557735583477,0.05,0.042,1
Irak4,0.401996811428346,0.348534251932006,0.126,0.069,1
Adprm,0.402061978042093,-0.193045108044632,0.025,0.027,1
Cd3eap,0.40213335751844,0.253605266914206,0.006,0.012,1
Drp2,0.402134098894344,0.58119942346756,0.075,0.04,1
Tspyl5,0.40216050363932,0.54619293669148,0.057,0.028,1
Pik3c2g,0.402295722251647,0.0949594564230842,0.465,0.349,1
Rhod,0.402394110915531,-0.0947172072358882,0.013,0.016,1
Fam84b,0.402397951304996,0.00524155281156391,0.088,0.087,1
Rpl30,0.402401646960566,0.996103983340737,0.038,0.016,1
Pygo2,0.402465560626493,1.1633842412865,0.019,0.013,1
Scaf11,0.402607013799153,-0.255747854777265,0.063,0.057,1
4930568D16Rik,0.402639257063285,1.6360721083847,0.019,0.006,1
Sfmbt1,0.402682729486336,0.435745643923714,0.107,0.06,1
Hes6,0.40274815306706,0.141240027332662,0.019,0.017,1
Rgs13,0.402865888125327,-0.328249067362441,0.057,0.056,1
Tnfaip3,0.402961574030406,-0.101496487620667,0.088,0.071,1
Sipa1l2,0.403032742616494,0.505208961412787,0.088,0.049,1
Gckr,0.403192577194476,0.974815918521144,0.05,0.027,1
Srgap2,0.403213554895859,0.222569565264546,0.22,0.154,1
4932414N04Rik,0.403467321409193,-0.259934307653246,0.075,0.075,1
Zfp609,0.40354619698759,-0.0150052242019019,0.044,0.035,1
Jmy,0.403555653834242,0.504680459022709,0.094,0.062,1
Dock6,0.403597461452512,-0.109130705861083,0.082,0.078,1
B230118H07Rik,0.403649652781744,-0.237819268993079,0.113,0.095,1
Gcnt1,0.403685072007582,-0.510553452342734,0.031,0.034,1
Brs3,0.403689681801303,1.17945106829546,0.019,0.011,1
Fam195b,0.403746734885507,1.15633199686998,0.031,0.01,1
Chsy3,0.403765347338318,-0.240582118544391,0.346,0.294,1
Nt5dc3,0.403804068777276,0.625824914931087,0.119,0.068,1
Sp100,0.40384234969098,0.617012778991427,0.057,0.049,1
Aagab,0.403866459111409,-0.211343020284659,0.044,0.043,1
Olfr1359,0.403937228999226,2.04478845029124,0.013,0.003,1
Alg11,0.404156542226187,-0.3840898545924,0.082,0.074,1
Scarf2,0.404183204125668,0.177531069479482,0.006,0.016,1
Prmt7,0.404244525169918,0.582641500178705,0.107,0.06,1
Ceacam13,0.404389295678957,1.68672549864642,0.013,0.005,1
Cwc22,0.404402442440191,0.347168646931422,0.176,0.113,1
Npffr1,0.404411497914417,-0.0423324165410444,0.019,0.026,1
Dus1l,0.404545566074846,0.742187504111793,0.013,0.011,1
Msto1,0.404591823071709,1.48471044743079,0.025,0.012,1
E130311K13Rik,0.404633077142048,0.604999493572269,0.082,0.044,1
Tmem14c,0.404634381597097,0.825686759942288,0.057,0.025,1
Olfr1026,0.40477329772208,2.38889467102231,0.013,0.003,1
Tgfb1,0.404822805677637,-0.0393746226676397,0.019,0.02,1
Cul7,0.40493311102095,0.00166041921948779,0.019,0.017,1
Shq1,0.404936186621154,0.312124914148876,0.145,0.095,1
Fam219b,0.404949290261585,1.14333952400591,0.031,0.009,1
Parp6,0.40513124440003,0.715798835550505,0.063,0.031,1
Tbc1d9,0.405215463130314,-0.240876847350353,0.296,0.22,1
Wnt3a,0.405370744095159,0.844004948144696,0.044,0.018,1
Sema4b,0.40539673590738,0.0295077635533927,0.057,0.037,1
Tbx10,0.405571496907126,1.59649885840928,0.019,0.005,1
Ocel1,0.405751050673793,-0.081854499106174,0.031,0.029,1
Zfp131,0.405766995689044,0.101654831468188,0.038,0.036,1
Stk17b,0.405831637070295,0.551119139870098,0.088,0.051,1
Slc2a9,0.40595977956693,0.207757399561423,0.22,0.137,1
Ppp1r26,0.4059979852469,1.06122243061478,0.038,0.016,1
Igf2bp1,0.406198352907029,0.621475959284421,0.075,0.039,1
Tbrg4,0.406236506037746,1.04137298343551,0.038,0.015,1
Prkch,0.406250722078846,-0.174908874659824,0.233,0.197,1
Atg4c,0.406267079660239,0.553737620949008,0.101,0.051,1
Serpina3a,0.406290454804649,0.990472486393453,0.038,0.019,1
0610011F06Rik,0.406342661380241,0.16463064789104,0.013,0.019,1
Vmn2r118,0.406369476997826,1.06130247844336,0.044,0.017,1
Fbxo16,0.406417534958012,0.603520818259933,0.069,0.033,1
Snrpf,0.406420911041214,0.716443898086332,0.044,0.022,1
Panx1,0.406424276385939,0.230373514639505,0.157,0.093,1
Tmem120a,0.406472380829468,1.52425068757908,0.013,0.009,1
Nol3,0.406798024827558,1.35793273093056,0.019,0.006,1
Ugt2a3,0.4068300639847,-0.25042648521379,0.013,0.018,1
Tacr2,0.406964582988412,0.131428563056277,0.025,0.022,1
Slc6a3,0.407030299577416,0.503593603389408,0.094,0.06,1
1700101E01Rik,0.407056471539049,0.260293947181697,0.145,0.088,1
Brat1,0.407149877271902,-0.295952673724342,0.057,0.054,1
Agt,0.407238985193737,-0.0308664801437946,0.013,0.019,1
Lca5l,0.407542840318527,0.655889905938414,0.069,0.037,1
Pak6,0.407618597851595,0.599058996163242,0.05,0.023,1
Dnajb13,0.407797677230305,1.13429887041886,0.031,0.01,1
C7,0.407918908823083,0.285860132575338,0.145,0.079,1
Spag8,0.407932771668964,2.25781400650686,0.013,0.002,1
Sult2b1,0.407988688407863,0.863824784407155,0.044,0.018,1
Ror2,0.408009390318672,0.250072821653916,0.195,0.116,1
Gm10320,0.408056406330117,1.93684525293239,0.013,0.005,1
Abcg1,0.408094304877355,-0.142910364682693,0.038,0.034,1
Gcg,0.408141792171924,0.679278735344495,0.044,0.016,1
Wdr6,0.408378920070611,1.35734440926232,0.025,0.009,1
Lrrc66,0.408404894311171,0.820276325184288,0.031,0.017,1
1700001C02Rik,0.408443540617731,0.72578379642616,0.05,0.026,1
Mast2,0.408487974370261,0.325649212769428,0.182,0.101,1
Gsk3b,0.408550267821364,0.615920110137995,0.119,0.07,1
Fcgr3,0.408603181646239,0.276788370540581,0.006,0.01,1
Zfp422,0.408692459803912,-0.313613813443761,0.025,0.021,1
Ugt1a1,0.408705152091746,-0.382041436516474,0.025,0.037,1
E4f1,0.408857295558459,0.0642607120186769,0.025,0.026,1
Stx17,0.408896773995458,0.246852116417345,0.164,0.095,1
Gm5493,0.409024630686209,1.24803180944263,0.019,0.013,1
Olfr692,0.409029795903187,1.58943783176583,0.019,0.007,1
Atp1b1,0.40906920700909,0.683602953325316,0.075,0.038,1
Cab39,0.409147206968836,0.505111819544417,0.069,0.033,1
Slc17a1,0.409239430752011,0.590823292505155,0.063,0.03,1
Chrna10,0.409255138452807,1.51536700719356,0.019,0.007,1
Esp8,0.409626215423873,1.34673488509916,0.013,0.013,1
Orc4,0.40962861035513,-0.0476328812381039,0.05,0.051,1
Rin3,0.409658324023548,-0.223545931227893,0.119,0.105,1
Agpat9,0.409868225773711,-0.330849871740639,0.075,0.074,1
Rfc3,0.409894809215584,-0.363417931543225,0.044,0.038,1
Acaa1a,0.409901416077436,-0.147648281253775,0.019,0.022,1
Hs6st2,0.410030430670621,0.0376480432644439,0.226,0.168,1
Dnajc25,0.410043671169371,-0.0690812570447212,0.038,0.038,1
Zfand4,0.410086644573438,-0.307621225064444,0.075,0.056,1
Alg5,0.410134022466777,0.691091482692697,0.069,0.041,1
C1qtnf5,0.410157874448964,0.594631425616337,0.013,0.013,1
Wif1,0.410217385498211,0.748414129010022,0.088,0.042,1
Serpinb7,0.410327509381254,-0.391807028446777,0.075,0.069,1
Fbxl7,0.410606613867992,-0.248558883982119,0.396,0.356,1
Chmp4b,0.410620857707815,0.613415681367321,0.057,0.023,1
Pnoc,0.410640835135564,-0.241656191484773,0.019,0.016,1
Kctd12b,0.410688485512505,1.11313832602821,0.025,0.012,1
Ccr10,0.41071530943435,0.149260091780897,0.006,0.01,1
Tmem151b,0.410844931433409,1.38494295563253,0.019,0.013,1
Rps4l,0.411006169461267,1.5886857851487,0.019,0.009,1
Dntt,0.411064488730224,0.713455504240827,0.063,0.031,1
Notch4,0.411118144070665,-0.406720974703122,0.038,0.036,1
Scube1,0.411121849689218,-0.313125378303118,0.132,0.096,1
Gm1604A,0.411167040279879,0.0399537484725423,0.006,0.01,1
Prom2,0.411328028876717,0.0725670701327843,0.013,0.015,1
Tgm7,0.411361119859298,0.80423088844092,0.038,0.022,1
Npvf,0.411365956605223,1.42766690565835,0.019,0.007,1
Rln1,0.411381558828832,1.90983103249485,0.013,0.004,1
Mrgpra9,0.411412252330348,1.13021178840028,0.019,0.013,1
Zcchc6,0.411495141305465,0.541039240404431,0.082,0.046,1
Abca7,0.411517325324723,-0.205051285771229,0.031,0.028,1
Cd1d1,0.411696428476491,-0.0846391871125167,0.006,0.012,1
Epsti1,0.411727065958664,0.322394551881105,0.119,0.082,1
Bccip,0.411740173975086,0.0516189048981257,0.006,0.01,1
Smc1a,0.411774213930506,-0.0493720085536111,0.025,0.023,1
Flg2,0.411829291477744,0.637098869991965,0.038,0.011,1
Osr1,0.411832090715981,-0.150465305202526,0.006,0.013,1
Plcd1,0.411974684971539,-0.0626286360274122,0.025,0.026,1
Brd9,0.412027983946256,-0.526040072383636,0.069,0.058,1
Cars,0.412044459264832,-0.336792040826651,0.094,0.075,1
Hey2,0.412047008013909,0.769761967523786,0.075,0.045,1
Pcx,0.412260438938128,0.485907398834873,0.145,0.088,1
Vmn2r95,0.412438734183335,0.847905811896433,0.025,0.016,1
Bpifa3,0.412453449246085,1.27537759322929,0.025,0.009,1
Ano2,0.41247098911504,-0.208571499502269,0.365,0.29,1
Olfr1208,0.412484538532714,2.48468689768722,0.013,0.002,1
Gorasp2,0.412552854827718,-0.268394158840542,0.069,0.067,1
Slc46a1,0.412577068974069,-0.152891583494,0.013,0.018,1
Prl7d1,0.412659497151639,-0.0755263025694291,0.006,0.011,1
Pknox2,0.412712563183179,0.270801178164443,0.252,0.184,1
Cacng7,0.412743724193847,0.697617284661938,0.069,0.035,1
Gm597,0.412760852070147,0.133845593423409,0.006,0.01,1
Tsks,0.412799273200835,0.177258278893634,0.013,0.012,1
Cyp26b1,0.412832903029078,0.954465830243755,0.038,0.017,1
Pigv,0.41286633591537,0.37024854345268,0.013,0.015,1
Cdkn1a,0.412894749912516,0.835018732672397,0.031,0.015,1
Tln2,0.412910949641034,-0.273505177525777,0.258,0.215,1
Hacl1,0.412975240214839,0.585995749642166,0.107,0.078,1
Eqtn,0.412980429503301,0.828657843522963,0.05,0.02,1
Aadac,0.413088008761986,0.719102728986164,0.05,0.026,1
Tgm3,0.413137275096236,0.68579151206099,0.063,0.032,1
Sec14l1,0.413229302616136,-0.100600562931537,0.025,0.026,1
Ostn,0.413291717581188,0.572110562221362,0.069,0.038,1
Itga3,0.413316780908406,0.653914037974997,0.082,0.037,1
Wbp2nl,0.413336147591603,0.228498317386944,0.006,0.015,1
Mms22l,0.413382285641645,-0.114245117480837,0.289,0.257,1
Rgr,0.413520711242911,-0.206556672968176,0.013,0.02,1
Shc2,0.413540448683882,-0.344313978099853,0.025,0.026,1
Tusc1,0.413617922539121,0.639122905141069,0.057,0.029,1
Cinp,0.413783198537081,-0.205506999805463,0.038,0.035,1
Prkcd,0.413784488974923,-0.199454414406046,0.044,0.037,1
Stx11,0.41385660251489,0.676626926763738,0.057,0.024,1
Actl6b,0.413866903652763,1.33464037626643,0.019,0.007,1
Slc26a9,0.413892765469467,-0.299950246274672,0.031,0.026,1
Gstm6,0.413928197864071,1.14054656279935,0.031,0.014,1
4933407L21Rik,0.413948140373952,-0.0616272037786141,0.019,0.02,1
Depdc5,0.413986980779803,0.0949536161912783,0.101,0.108,1
1700055N04Rik,0.413999659338714,0.162076937597809,0.019,0.015,1
Naca,0.414006582339197,0.418552353513177,0.013,0.012,1
Iqsec3,0.414063724032112,0.165774442508019,0.164,0.115,1
Gm9972,0.414108005614073,2.2169835870676,0.013,0.002,1
Sp110,0.41411339020585,1.14787212989195,0.019,0.01,1
Tmem231,0.414148625420499,0.95936935927763,0.044,0.022,1
Zfc3h1,0.414159830639822,-0.413723483686108,0.063,0.054,1
Pcid2,0.414282569187588,0.412283250727111,0.107,0.068,1
Cdhr1,0.414320480008244,-0.47749123913448,0.025,0.027,1
Slco1a6,0.414533173653435,0.288006870442824,0.189,0.13,1
1700008I05Rik,0.414577246102022,-0.0611275043778452,0.019,0.018,1
Lppr2,0.414621721663246,1.36480026483128,0.025,0.014,1
Zfp697,0.414811401903587,-0.342512758036189,0.057,0.052,1
Aqp11,0.414812921911748,0.0878450212694464,0.019,0.026,1
Mipol1,0.414915565797402,-0.237803002251954,0.39,0.294,1
Gm11444,0.414981399747528,0.441046715937309,0.006,0.01,1
Tmem97,0.415062296715632,0.00939656663865218,0.013,0.016,1
1810022K09Rik,0.415093519473408,0.501696924924758,0.088,0.047,1
Myo15b,0.41511457571056,0.75551664536146,0.069,0.036,1
Tvp23b,0.415174931740549,0.469632887885835,0.145,0.072,1
Rab32,0.415188663355686,0.453415680524187,0.119,0.067,1
Xirp2,0.415233634828598,-0.335627607960946,0.094,0.092,1
Ptpla,0.415267479367062,-0.30333117611569,0.233,0.211,1
Shank3,0.41541371115877,-0.106919561291722,0.069,0.075,1
Lhx2,0.415562980427816,0.408608475057861,0.013,0.01,1
Tpx2,0.415629910859554,-0.420471812739809,0.069,0.06,1
Pcsk5,0.415661874269985,-0.204564498756314,0.447,0.35,1
Gzmn,0.415867190771135,-0.0775601953442848,0.006,0.012,1
Prol1,0.415895333913623,-0.108591600478282,0.006,0.016,1
Cyp4f15,0.416100561287502,-0.0167103730673555,0.013,0.016,1
Proz,0.416188900497323,-0.304920538635655,0.025,0.023,1
Zan,0.416192096634855,0.479727124494328,0.132,0.062,1
Mettl24,0.416197832572077,0.337503031814709,0.132,0.079,1
Pax7,0.416247935754002,0.648072576713499,0.094,0.054,1
Nkx2-9,0.416362720298148,-0.388910251740329,0.006,0.013,1
Tmeff1,0.416415594045528,-0.254221788081743,0.088,0.095,1
Clrn3,0.416450833218851,1.1860263027279,0.019,0.012,1
Dbt,0.416571329090134,0.413483950400964,0.094,0.053,1
Crtam,0.416581489872294,0.554209798717707,0.075,0.038,1
Ppp1r16a,0.4166719563435,0.162383083073038,0.019,0.016,1
Dap,0.416691434139593,0.335466368061237,0.157,0.093,1
Slc6a2,0.416758585745137,0.359117278299418,0.075,0.043,1
Drd2,0.416787614756978,-0.173512462469795,0.044,0.037,1
Galnt1,0.416839084466349,0.47215978008547,0.094,0.047,1
Gp6,0.416846283820138,0.945991788912981,0.038,0.022,1
Rslcan18,0.416899282190388,0.579415165677119,0.063,0.035,1
Setd8,0.416939421601682,0.0385184942168104,0.025,0.022,1
Phf13,0.416956644671394,1.07404448165414,0.044,0.024,1
Tdgf1,0.417004429617484,0.14704737561648,0.013,0.014,1
Zfp385c,0.417017947411453,-0.238343090278891,0.044,0.04,1
Ushbp1,0.417023929853875,-0.196513188799247,0.019,0.027,1
Glt8d2,0.417043877665835,0.527093681773248,0.088,0.038,1
Gm5549,0.417049190827037,0.774693314533963,0.05,0.026,1
Olfr229,0.417081685727994,2.1021526979637,0.013,0.002,1
March11,0.417132205297359,-0.246469179258442,0.17,0.144,1
BC055111,0.417184351319125,-0.250842255719348,0.025,0.03,1
Skiv2l2,0.417275489054137,0.302507627798006,0.119,0.074,1
Adpgk,0.417296417520717,-0.0242627366194483,0.063,0.052,1
Serpine3,0.417383645744282,0.91682810508919,0.044,0.017,1
Ptdss2,0.417549683267193,0.799941390460025,0.057,0.038,1
Foxp4,0.417570176792586,0.0200965753819435,0.044,0.042,1
Exosc8,0.417748112301865,0.0592166110496661,0.038,0.035,1
Gm21905,0.417765633575097,0.575901707240373,0.05,0.025,1
Oasl2,0.41798619532516,1.42964013941845,0.019,0.011,1
Lrch2,0.418227556776896,0.271605669057831,0.113,0.07,1
Tfpi,0.418392482740047,-0.337127955036805,0.094,0.076,1
Dnajc18,0.418454811193888,0.583022636894171,0.05,0.023,1
Gnb2,0.418456870563218,0.214713981114283,0.006,0.01,1
Sost,0.418490979050111,0.656465566772778,0.013,0.009,1
Nell2,0.41859837632167,-0.249459493486913,0.277,0.224,1
Crb2,0.418656591531804,0.7955934354701,0.057,0.027,1
Nvl,0.418694717429151,-0.186492227569878,0.094,0.078,1
Vdac3,0.418839643915249,-0.125789218492054,0.025,0.026,1
Myl3,0.418846427402369,1.72429406552345,0.025,0.005,1
Tbc1d10b,0.418911722683433,-0.0875506457936828,0.019,0.019,1
Cldn8,0.418934225348392,1.48451222052426,0.019,0.006,1
Gna11,0.418946204134646,-0.185819400567737,0.057,0.046,1
1700028J19Rik,0.419003856740216,0.462121489017367,0.006,0.014,1
Mphosph8,0.419043430573915,0.584603065037582,0.057,0.032,1
Tmem8c,0.419106825757585,0.158468110750651,0.006,0.01,1
Slc7a10,0.419156136150668,-0.0960079188556682,0.019,0.02,1
Prss54,0.419200826500424,0.752064216674737,0.05,0.02,1
Tm4sf5,0.419233659022305,0.483221094676584,0.013,0.009,1
Lhx9,0.419365999120682,-0.422283628957454,0.013,0.028,1
Tmem106b,0.41936980583824,0.487039088114717,0.107,0.051,1
Ccdc53,0.419393386157101,0.276827357754552,0.17,0.104,1
Ssbp3,0.419403709565489,-0.251078692557301,0.094,0.071,1
Cd8a,0.419557029756271,1.70753378952717,0.019,0.005,1
Dap3,0.419619299017435,-0.123695485000455,0.05,0.039,1
Anxa11,0.419628012700007,-0.48400287103889,0.019,0.024,1
P2ry6,0.419649494181248,-0.123649255357631,0.025,0.031,1
Acaa1b,0.419662496071662,1.09886365765451,0.038,0.013,1
D3Ertd751e,0.419663763705229,-0.244706649565795,0.088,0.063,1
Akirin1,0.419829823681774,0.0820113218921739,0.019,0.02,1
Wdr41,0.419864535666794,-0.155211231453135,0.094,0.093,1
Gabrr1,0.419983018826466,0.343006676436993,0.088,0.051,1
Vmn1r69,0.420035276858844,-0.165277826599046,0.025,0.029,1
D8Ertd738e,0.42008301310904,0.456129021940414,0.006,0.01,1
Raly,0.4201780618056,-0.123517396508129,0.082,0.065,1
Tead4,0.420186515313476,0.252079553136641,0.119,0.062,1
Eif4ebp1,0.420293427393572,-0.29353833504631,0.031,0.034,1
Pfn2,0.420315823697706,-0.140791879712542,0.019,0.019,1
Ppig,0.420316467001817,1.35262482509259,0.05,0.023,1
Cct2,0.420336420267424,0.799654488874612,0.044,0.018,1
Slc16a5,0.420413722359053,-0.263748660214308,0.013,0.016,1
Sgpp2,0.420435942356115,-0.375186720312676,0.126,0.112,1
Ift46,0.420442966022571,-0.257813471643862,0.019,0.023,1
Fam69a,0.420482949308376,-0.208591552076467,0.082,0.089,1
Traf3ip2,0.420599848387107,-0.26943793766774,0.05,0.036,1
Mtbp,0.42070236445045,-0.259428122820115,0.189,0.162,1
Socs3,0.420746444472575,0.0920771781972922,0.013,0.017,1
Numbl,0.420767767232025,-0.305205306875938,0.025,0.029,1
Mvd,0.420805712244962,1.16786114945005,0.05,0.021,1
Toe1,0.420815441137218,0.619032003220162,0.05,0.027,1
Rmi1,0.420903745991265,1.11543237640638,0.031,0.016,1
Ubtf,0.420979810840894,-0.0641786557503092,0.013,0.014,1
Ndufb7,0.421000844847585,-0.107076271421338,0.019,0.021,1
Rom1,0.421049698431061,0.288779322212578,0.013,0.012,1
Cenpq,0.421118357274325,0.401926213867307,0.107,0.062,1
Ccdc66,0.421176356648794,0.46408207833773,0.063,0.046,1
9430020K01Rik,0.421253395886211,-0.187227027842058,0.088,0.073,1
Gpr107,0.421260946304398,0.727029381972146,0.075,0.045,1
Skida1,0.421350672351736,1.80409164061923,0.019,0.005,1
Mdm2,0.42135895595625,-0.311870836835428,0.025,0.039,1
Ddx1,0.421438991979153,-0.0567391473811609,0.038,0.048,1
Rasal2,0.421549960584468,0.298966582720916,0.264,0.172,1
Stk32c,0.421765878232153,-0.0928315399344446,0.075,0.096,1
Atxn7l2,0.421858240244674,1.00030211121663,0.038,0.02,1
Vac14,0.421963289988777,0.401642335504312,0.119,0.075,1
Ogfrl1,0.421980946797575,0.26626546300047,0.189,0.104,1
Mapkbp1,0.422073531326911,-0.0319782903025079,0.069,0.046,1
1810041L15Rik,0.422138342602685,0.0453384414283287,0.038,0.037,1
Tox3,0.422150527285405,0.213311253230242,0.145,0.085,1
Qdpr,0.422164195906598,-0.0920375602896533,0.075,0.08,1
Ncoa7,0.422176319440652,-0.235432718679342,0.283,0.254,1
Fgl1,0.422177597831247,0.519288913536893,0.044,0.023,1
Tm9sf4,0.422204354176256,-0.206520814265949,0.05,0.048,1
Klk5,0.422250789996037,-0.193887305722581,0.013,0.017,1
Get4,0.422267389239669,-0.044916369775974,0.019,0.03,1
Slc1a6,0.422304939202627,0.507624499956143,0.094,0.06,1
1500035N22Rik,0.422313448555781,1.10377079751414,0.019,0.01,1
Ap4m1,0.422349784586728,1.01727520425387,0.038,0.02,1
Hs3st4,0.422538368307524,-0.236114164099486,0.384,0.36,1
Sept9,0.422581565759247,-0.180476067928615,0.101,0.079,1
Zbbx,0.42259234383694,-0.332376050799021,0.164,0.132,1
Hspa4l,0.422647701351845,-0.34039886344126,0.132,0.1,1
Endou,0.422710914385228,0.830436118243425,0.031,0.015,1
Zfp51,0.422722991943595,0.381096008345359,0.094,0.054,1
Nhlh2,0.422733612707168,1.29561903239095,0.019,0.005,1
Rad51c,0.422828704082083,0.514989120037602,0.075,0.032,1
Pik3cg,0.422830342212295,-0.285871063445816,0.063,0.06,1
Smim14,0.422837891605004,0.506602231320679,0.101,0.054,1
BC055324,0.422839812033686,0.375653770472398,0.157,0.095,1
Sh3bgrl3,0.422859694362555,0.254242295880496,0.019,0.016,1
Atad5,0.422875714377848,0.442095515173415,0.107,0.051,1
Zfp189,0.422877661517677,0.953668708588489,0.063,0.032,1
Tnfsf8,0.422880898886079,0.47967472052247,0.088,0.046,1
Egr2,0.422883872692357,0.871144414383289,0.031,0.018,1
Msi1,0.423039349898553,0.249412549447075,0.019,0.023,1
Haao,0.423062552996563,0.498801917740286,0.006,0.013,1
Glb1,0.423120275260502,0.376650613109471,0.157,0.107,1
Slc25a25,0.423120512837571,0.626980243088442,0.088,0.057,1
Emc8,0.423149383624201,0.420331070483611,0.006,0.015,1
Fndc8,0.423186408259052,-0.169396263817276,0.019,0.021,1
Daf2,0.423218082820127,-0.446903653483981,0.038,0.038,1
Cxcr2,0.423221864336702,1.28036372819649,0.013,0.006,1
Fcrlb,0.423305083998057,1.43634110744842,0.019,0.01,1
Slc30a9,0.423322609178225,0.496053492267824,0.101,0.053,1
1500009C09Rik,0.423406903073545,1.1929117678331,0.025,0.013,1
Cyb5r3,0.423411118259921,-0.0592958360052167,0.044,0.035,1
3830403N18Rik,0.423465564953629,1.00408417966637,0.019,0.01,1
Zfp788,0.423467453461887,-0.548091511422073,0.075,0.055,1
Fmod,0.423469035353369,1.00895136418767,0.038,0.016,1
Itgb1,0.423492175015475,0.34907304338549,0.126,0.065,1
Asz1,0.423494744244223,-0.104182467824852,0.094,0.089,1
Nedd4l,0.42357969377701,0.185522989400242,0.358,0.251,1
Lancl1,0.42358251088036,-0.355306479591182,0.113,0.098,1
Cbx1,0.423759715982399,0.637808601229287,0.013,0.012,1
Paics,0.423904158656756,0.101387234504481,0.025,0.031,1
Zfp382,0.423909478816466,0.0696790937450444,0.006,0.013,1
Apoa1,0.423943208186602,1.31583901478124,0.019,0.009,1
Kcng3,0.423979059811937,-0.303422526196957,0.05,0.043,1
Samd9l,0.423986567372848,-0.321587397138054,0.038,0.043,1
Zfp449,0.423994041966637,-0.132545995384205,0.031,0.027,1
Zmat2,0.4240015202837,0.102302283302975,0.019,0.02,1
Olfr943,0.424072429216391,0.708989737492662,0.044,0.024,1
Ext1,0.424103529026234,0.0632736152227076,0.365,0.234,1
Mgmt,0.424252328762332,0.165394981565087,0.239,0.161,1
Gnas,0.424400669153055,0.352271540946842,0.113,0.071,1
D630002J18Rik,0.424457814193725,1.5563928309485,0.013,0.005,1
Tmem116,0.424534083472618,0.312195929000335,0.151,0.073,1
Vmn1r214,0.424573185113472,2.19498154105982,0.013,0.002,1
BC028528,0.424629471298189,0.769297881824909,0.013,0.009,1
Pdyn,0.424635390933363,0.961737424298293,0.025,0.013,1
Kcnj4,0.424728636043729,0.306661794885565,0.013,0.021,1
Kdm2b,0.424753378166342,-0.0392611364133124,0.164,0.123,1
Cdc73,0.424815058083116,0.357367035805969,0.195,0.106,1
Fhod1,0.424882811363589,0.76973832697837,0.044,0.027,1
Traf3ip1,0.424888456977518,-0.320958925682338,0.063,0.053,1
Pappa,0.424960605566047,0.0739466864835516,0.384,0.291,1
Rab1,0.424982485469629,-0.335540213111222,0.05,0.042,1
Fam96b,0.424991353434552,-0.284747371813247,0.013,0.016,1
Vmn2r114,0.425309110008636,1.14121948735076,0.025,0.014,1
Rab12,0.425328865892336,0.701354616353932,0.044,0.027,1
Wars2,0.425356264279051,-0.136594587328826,0.151,0.135,1
Yy1,0.425412527912969,0.108158108878389,0.038,0.03,1
Elof1,0.425444955251687,1.17322080247906,0.025,0.014,1
Sez6,0.425479086053934,-0.106022908396979,0.038,0.038,1
Mapk9,0.425537061269125,-0.0454314835182315,0.088,0.084,1
Gstp1,0.425809737813047,-0.524232788981585,0.013,0.014,1
Tm2d2,0.425810995266091,-0.293693186862848,0.075,0.073,1
Timeless,0.425870539538782,-0.0230323034950075,0.05,0.034,1
Slc5a3,0.425915971233384,0.783607475639229,0.031,0.016,1
Dbpht2,0.42605340797673,1.48713467670403,0.019,0.007,1
Eif2a,0.426081600362533,-0.408734972822781,0.05,0.045,1
Plekhm1,0.426094414796838,0.680680050688688,0.082,0.048,1
Sec24d,0.426237223668759,0.205759962578147,0.258,0.159,1
Irf2bp1,0.426278575194916,0.153826150931754,0.013,0.015,1
Klk6,0.42638806394339,0.860275674957157,0.031,0.018,1
Timm23,0.426415913549002,0.833688412104732,0.025,0.01,1
Brd7,0.426527541500106,-0.122980345222099,0.019,0.022,1
Mtap7d3,0.426649980700599,-0.389196935189363,0.013,0.018,1
Satl1,0.426853908380964,0.885345152941345,0.031,0.015,1
Lins,0.426930531095421,0.404204053923306,0.119,0.068,1
Klrg1,0.427047876048961,-0.110778753153199,0.006,0.013,1
Trim36,0.42706117953455,-0.0949287530718523,0.05,0.056,1
Slc29a4,0.427115818506989,1.66757106832995,0.019,0.009,1
Ccdc149,0.427145184067256,-0.200629588653341,0.164,0.145,1
Srd5a3,0.427159961311226,-0.172597391173395,0.05,0.048,1
Erap1,0.427251343291961,0.425343695582985,0.138,0.089,1
Ptgs1,0.427262441125866,-0.16810654161883,0.025,0.034,1
Smndc1,0.427712036095417,0.0913190479303125,0.019,0.018,1
Mospd1,0.427782098715127,0.970456792539598,0.05,0.029,1
Pla2r1.1,0.427788488470855,-0.304758442872726,0.176,0.145,1
Zfp386,0.427809579730185,0.42834554259171,0.075,0.035,1
Ccdc129,0.427876655832284,0.0645476965711702,0.252,0.157,1
Slc37a1,0.427891352266941,-0.284727258800678,0.044,0.047,1
Zbtb12,0.427902834613751,-0.211248978138669,0.057,0.043,1
Lmnb1,0.428058239249601,0.204194460309023,0.119,0.068,1
Uqcc2,0.428091362136347,1.06280549456812,0.044,0.018,1
Gm11042,0.428106589172505,-0.137657281109378,0.013,0.015,1
Fam71d,0.428265693650159,0.573933532912916,0.069,0.038,1
Mink1,0.428320220176964,0.462927745096571,0.025,0.024,1
Csnk1g3,0.428351033403176,-0.344775535914062,0.069,0.065,1
Ms4a14,0.428402994852181,0.825618538215849,0.038,0.016,1
Crh,0.42842754073678,-0.0613652969658611,0.013,0.02,1
Ccdc34,0.428440768803112,-0.264841717497411,0.189,0.171,1
Itga9,0.428628202040857,0.308091355835251,0.214,0.126,1
Fam159b,0.428633708900117,0.531969276101379,0.069,0.037,1
Vprbp,0.428687904260943,0.397566981403505,0.094,0.054,1
Afap1,0.42877911848273,-0.0711301674428775,0.113,0.083,1
Hps4,0.429016212894798,-0.373117043380987,0.057,0.054,1
Capn10,0.429036901018376,-0.15198893453994,0.031,0.027,1
Cabp2,0.429131570417029,0.0481723820568236,0.013,0.014,1
Crisp2,0.429159611901091,-0.346957675176913,0.057,0.044,1
Wnt11,0.429248579999037,0.213237736558256,0.019,0.016,1
Tpm1,0.429409498265124,0.779314906066464,0.05,0.025,1
Numa1,0.429437802790257,0.981712553553315,0.044,0.026,1
Map4k5,0.429655475845997,-0.160349929973343,0.057,0.055,1
Klra17,0.429749845001593,0.456841924828914,0.069,0.04,1
Grm6,0.42986109336038,0.665403553465922,0.013,0.011,1
Usp24,0.42995030695623,-0.256664567418803,0.088,0.072,1
Sart3,0.429975907812186,0.603917815132077,0.05,0.035,1
Plekhs1,0.429984713909729,1.03102014486138,0.031,0.015,1
Acsl5,0.430083798975443,-0.0178327224415016,0.063,0.063,1
Mcph1,0.430145383526062,0.0994926202123332,0.396,0.285,1
Osbpl6,0.430205620417089,0.0205868283694823,0.358,0.25,1
B3gnt1,0.430322011496061,1.28431907700325,0.025,0.01,1
Atp6ap1l,0.430360793144941,0.410449761246606,0.082,0.054,1
Accs,0.430526269510749,-0.366445628370034,0.044,0.032,1
Olfr434,0.430564253424226,2.00949652462561,0.019,0.004,1
Serpinb1b,0.430596187713437,-0.383890169959677,0.019,0.023,1
Shisa3,0.430690027659882,-0.181420443055747,0.013,0.023,1
Gdf7,0.430726149797046,1.51356361515019,0.019,0.008,1
Degs2,0.43112724908779,-0.271409473414002,0.031,0.029,1
Gm10518,0.431197557528408,0.876776323169963,0.038,0.023,1
Dnajc11,0.431231876155699,-0.229700051273511,0.088,0.057,1
Cyp2j6,0.431351338143148,0.528455699479966,0.101,0.048,1
Zfp963,0.431384977734125,0.722229940920452,0.063,0.027,1
Tmem240,0.431430133577326,0.244209897915355,0.019,0.021,1
Plscr4,0.43161156847143,-0.333792626487134,0.075,0.071,1
Zscan29,0.431639178243621,1.43148051506953,0.019,0.009,1
R3hdm1,0.43189944297073,-0.143504118498428,0.145,0.138,1
Dusp13,0.431926113295199,0.546394428291649,0.057,0.035,1
Ywhae,0.432000846616993,1.26548030575661,0.038,0.012,1
Hnrnpll,0.432018804147987,0.689088220894081,0.063,0.031,1
C1ql1,0.432030427969616,0.397095658887726,0.019,0.014,1
Ercc6l,0.432066050793678,-0.143737037399242,0.019,0.015,1
2610015P09Rik,0.432076919665814,0.406192251263188,0.138,0.1,1
Chmp1a,0.432193640670801,0.979423085210954,0.038,0.019,1
Lmtk3,0.432437590243056,-0.47144703391182,0.031,0.032,1
St8sia6,0.43260346902682,-0.301787673966551,0.201,0.186,1
1110059E24Rik,0.432688608679537,0.603155862428106,0.094,0.073,1
Impg1,0.432792831219887,0.197769761735265,0.22,0.136,1
Aif1l,0.432985722643196,-0.229901813022916,0.069,0.053,1
Serpinb9e,0.432994321778682,1.91760275214011,0.013,0.005,1
Wbp1l,0.433129985223819,0.595926730037136,0.057,0.041,1
Rif1,0.433152750756725,-0.182601028861246,0.088,0.08,1
Sirpb1c,0.433156074237307,-0.332171777830786,0.019,0.028,1
Klhdc3,0.433253725044269,-0.217014376897078,0.038,0.027,1
Trpv4,0.433284663265583,-0.191086662237572,0.038,0.029,1
Tmem230,0.433423554262582,-0.11057739134975,0.013,0.015,1
Wdr92,0.433443905622269,-0.0549113238985406,0.082,0.068,1
Ndufaf1,0.433501462686739,1.3045587907532,0.019,0.008,1
Cited1,0.433514213830674,1.7481232200826,0.013,0.004,1
Gm10642,0.43359263522128,1.09834185345523,0.038,0.012,1
Ddx49,0.433595018489368,1.77414028713357,0.013,0.006,1
Tspan31,0.433657594594792,0.259150477395567,0.013,0.012,1
Ppp2r5b,0.43375391571208,0.0822584120208276,0.025,0.026,1
Lman1l,0.433758611048334,-0.0154722890712886,0.006,0.011,1
Ppdpf,0.433924523874781,0.116437975482042,0.044,0.032,1
Wnt6,0.434246276295909,0.496937548839462,0.006,0.012,1
Rsph9,0.434340450782187,0.48809287035837,0.063,0.032,1
Olfr248,0.434355222525016,1.88805731384629,0.013,0.004,1
Pick1,0.434390086148173,0.761057878697936,0.057,0.035,1
Hipk3,0.434396470918646,0.571072705693024,0.075,0.048,1
Syf2,0.434459485859402,1.88534210464909,0.013,0.007,1
Has2,0.434487076978259,-0.331311442825069,0.063,0.059,1
Rab36,0.434626976386935,-0.0722065419368816,0.025,0.034,1
Kcnab3,0.434693638012688,0.270546556455498,0.013,0.014,1
Cpm,0.434697773270626,-0.28103394571072,0.069,0.058,1
Mak,0.434718198132933,0.378628245471506,0.101,0.065,1
Psmd10,0.434808963696075,1.00854447413103,0.038,0.019,1
Bcat2,0.434836688527918,0.0815113556771818,0.044,0.034,1
Tmem242,0.434839627195447,-0.182341833440465,0.044,0.056,1
Exosc7,0.434872936771952,-0.116251912276877,0.057,0.046,1
Gimap6,0.434880506208175,0.0275135679231981,0.013,0.012,1
Ngf,0.435038076265368,-0.272645626233188,0.057,0.055,1
Foxred1,0.435102362442544,0.00465264733927473,0.019,0.028,1
Fam105a,0.43521996157455,0.902788710196827,0.044,0.028,1
Cxxc1,0.435271515241781,0.617725634468473,0.057,0.032,1
Tlk2,0.43530783902974,0.00790810030696143,0.082,0.054,1
Pm20d1,0.435317035799724,0.735679070395797,0.031,0.018,1
Gm5407,0.435341050558247,1.25085562895937,0.013,0.007,1
Brcc3,0.435400289689327,0.896939410973713,0.038,0.024,1
Ptbp2,0.435451864196488,-0.147332098135827,0.075,0.067,1
1810055G02Rik,0.435485580382806,0.654103161583316,0.057,0.026,1
Ptplad2,0.435800724931313,0.349512983567026,0.119,0.084,1
Proc,0.435871915008268,0.0114809482594671,0.019,0.02,1
Kcnk6,0.435875065177992,0.898504563290917,0.031,0.013,1
Gramd1a,0.435875353839956,-0.228788423139652,0.038,0.039,1
Zfp180,0.435880118705462,0.696535708345318,0.082,0.035,1
Cpsf2,0.435943245755213,-0.184696003655945,0.05,0.04,1
Lgalsl,0.435945463681874,1.03355652150649,0.025,0.016,1
Tspan5,0.436051225856112,-0.0747301820909736,0.113,0.094,1
Krt222,0.436069546473642,1.30905990709499,0.025,0.009,1
Dact3,0.436140211052408,0.028894590864561,0.05,0.048,1
Speg,0.43617410209947,-0.0899738695267045,0.044,0.05,1
Cyth1,0.436198067087678,-0.00854959633945462,0.088,0.073,1
K230010J24Rik,0.436209214411753,-0.135401015157921,0.025,0.025,1
Rictor,0.436247675861835,0.457468422547453,0.113,0.078,1
Egln2,0.436248530069728,0.73167594780378,0.05,0.027,1
Csrnp2,0.436303702250822,0.668915017333675,0.044,0.02,1
Clic6,0.436596157649487,0.603688765090791,0.05,0.034,1
Olfr504,0.436790354535668,2.0040911242612,0.013,0.003,1
Rfpl4,0.436811870031323,0.263302071661743,0.006,0.01,1
Cbx7,0.436978156230865,0.434564694344453,0.082,0.042,1
Pla2g1b,0.436999742504872,1.14624307762537,0.019,0.009,1
Sgtb,0.437007231058159,0.373450626092231,0.107,0.074,1
Smpd1,0.437030434507192,0.148576763765498,0.031,0.024,1
Gpr165,0.437075097369369,-0.231401907291906,0.019,0.018,1
Efna5,0.437171645706377,0.0724048719191133,0.358,0.236,1
Obp1a,0.437241591509568,1.12650201775069,0.019,0.008,1
Pnpo,0.43729840922502,0.174605487502368,0.006,0.01,1
Kdelr2,0.437527045057623,1.08846683609805,0.031,0.014,1
Rps11,0.43766758648981,0.299923087185522,0.006,0.01,1
Golga3,0.437813647456992,0.565503250676168,0.069,0.04,1
2010109A12Rik,0.437871969680741,0.774288922864852,0.05,0.027,1
D630036H23Rik,0.437874817784425,-0.461607839871709,0.019,0.027,1
6030498E09Rik,0.437915874574548,0.389624122054966,0.126,0.093,1
Cbx8,0.438019669145155,-0.359553589196968,0.025,0.023,1
Cp,0.438064850736763,-0.381606502471984,0.138,0.092,1
Ahrr,0.438106559329577,-0.256416026322579,0.126,0.108,1
Cpt2,0.438112132804565,0.67349560867014,0.05,0.028,1
Slc9a7,0.438118828826415,-0.44584109056075,0.145,0.128,1
Ell,0.438128706152719,0.0307844504520443,0.069,0.061,1
1700017N19Rik,0.438252911168283,-0.132312360709311,0.063,0.076,1
Ly86,0.438327135534331,0.33596521724119,0.145,0.083,1
Kctd17,0.438395507911607,1.02275278039096,0.038,0.023,1
Lrrn4,0.438730233134932,0.0252101077410698,0.031,0.021,1
Acnat2,0.438798693072546,0.00406118078056217,0.019,0.019,1
Mmp2,0.438834430832602,0.712067843652926,0.069,0.031,1
Efhb,0.438915772021513,-0.439346301094146,0.126,0.1,1
Myt1l,0.439020191243973,0.0245045816333827,0.509,0.373,1
Map4k2,0.439246069478045,-0.0786911592920117,0.025,0.022,1
Idh3g,0.439374242846296,-0.0758193103550227,0.013,0.012,1
Bre,0.439599145183841,0.22782838018395,0.308,0.217,1
Fzd2,0.439627847619208,1.42501128234329,0.013,0.007,1
Csta1,0.439830232549687,1.00688910708183,0.031,0.011,1
Smcr8,0.43994955496306,1.63369019507805,0.013,0.006,1
Yaf2,0.439998542801745,0.0285511439034982,0.038,0.036,1
Gm5113,0.440191808743049,0.567890637615387,0.019,0.015,1
B3galnt1,0.440407998275829,-0.231574747378319,0.031,0.04,1
Hepacam,0.440550685711531,1.46816621123112,0.025,0.012,1
4930524J08Rik,0.440586307248688,0.0973576429947078,0.013,0.017,1
Ogfod1,0.440719871393803,-0.159110758805022,0.031,0.035,1
Rbl1,0.440726207290253,0.293761466472983,0.094,0.065,1
Jade1,0.44104065640576,-0.22997890998974,0.094,0.085,1
Ccbl1,0.441180232505754,0.982747234008134,0.057,0.023,1
Arhgef6,0.441386019002572,0.37400212125627,0.157,0.078,1
Snrpa1,0.441539393415902,0.740630020407008,0.038,0.02,1
Skp1a,0.441597189942325,0.882119355200201,0.038,0.015,1
Rfxank,0.441624879181568,0.272477628763949,0.013,0.014,1
Cnpy1,0.441632917818438,0.446159455133699,0.075,0.042,1
Rab38,0.441733550312037,-0.341372540667012,0.119,0.111,1
Ppp1r1b,0.441759802214288,1.35783183317167,0.019,0.013,1
Fkbpl,0.441785007778,1.26059187486873,0.019,0.007,1
Nts,0.442009115008389,-0.0525856411131027,0.013,0.017,1
Lce1e,0.442100914007792,1.78844744971776,0.013,0.005,1
Ntrk1,0.442178394900988,1.70968053020762,0.019,0.009,1
P2ry2,0.442255120748196,0.0253525341048686,0.019,0.015,1
Olfr986,0.442320329478424,1.80316364913842,0.013,0.004,1
Vill,0.442365103206512,0.988104147239808,0.031,0.011,1
Olfr980,0.442385864846681,1.58043218424583,0.019,0.005,1
Cul4a,0.442427272077635,0.362685559773642,0.126,0.076,1
Apoo,0.442625148635023,0.617013045254876,0.069,0.04,1
Fam21,0.442627372581315,0.721945664927057,0.063,0.031,1
Gkn2,0.442633278722597,1.75238293048811,0.013,0.005,1
Mb21d2,0.442710437467932,-0.276576966949836,0.119,0.096,1
Flad1,0.442832883317736,0.383755085113151,0.006,0.013,1
Krt77,0.442879317487955,0.964151539371779,0.025,0.012,1
Mecp2,0.442961886170131,-0.279437802772733,0.057,0.048,1
AA467197,0.443003755156969,0.380250973116349,0.006,0.01,1
Olfr1330,0.443004856579258,2.2978301057399,0.013,0.003,1
Klf9,0.443005925270144,0.429988219842528,0.013,0.012,1
Cdc6,0.443048517306659,-0.0764315346361517,0.013,0.017,1
Taf1a,0.443354204364679,0.647497610432779,0.069,0.032,1
Fcf1,0.443356206820854,1.20780700264793,0.025,0.011,1
H2-M10.1,0.443363731967447,0.952833642479264,0.025,0.009,1
Rbm47,0.443407554742528,-0.161539843785939,0.145,0.116,1
Kctd12,0.443440914090516,-0.216266841866935,0.031,0.038,1
Sdhc,0.44356373194882,1.23935939261648,0.063,0.026,1
Cltb,0.443698692811641,1.09521989534314,0.038,0.018,1
Chd2,0.443726716645533,-0.101643332111424,0.075,0.062,1
Klhl36,0.443731672666864,-0.0875494746535503,0.038,0.038,1
Crxos,0.443899503362681,0.802635973066318,0.044,0.023,1
Mkrn2os,0.443920798683644,0.977093916186217,0.025,0.011,1
Rexo4,0.443986355750513,-0.120676479567484,0.025,0.022,1
Itga2,0.444083964988882,-0.305170759596381,0.201,0.164,1
Fzr1,0.444184930008474,-0.299450403739053,0.057,0.053,1
Chkb,0.444317057393338,0.917464986872373,0.031,0.02,1
Slc35c1,0.444319329062133,0.0299223410904705,0.019,0.016,1
Mboat2,0.444396687271287,0.589270489627669,0.138,0.077,1
Vamp3,0.444459533755416,-0.283457681116246,0.038,0.037,1
Ercc2,0.444507917497196,0.973402142652708,0.05,0.023,1
Matn1,0.444521702965954,1.16484065593914,0.025,0.009,1
Col6a2,0.444524258130653,0.553220020680286,0.088,0.043,1
Slc22a4,0.444892991726747,-0.307333145833108,0.038,0.031,1
Spryd3,0.444911868200768,-0.030918045535195,0.038,0.032,1
Sostdc1,0.445023752732004,0.66672120714968,0.05,0.024,1
Ino80e,0.445110314886693,-0.0817870275162278,0.013,0.012,1
Lrsam1,0.445114270440481,-0.243908413957904,0.044,0.059,1
Fitm2,0.445133617774021,0.0629863836072433,0.019,0.018,1
Itm2a,0.445147730731138,-0.193851493519278,0.013,0.012,1
6430571L13Rik,0.445169916965952,0.763532472252486,0.044,0.032,1
Dbh,0.445208191294746,0.745848171018524,0.031,0.017,1
C1rb,0.445367065766142,0.740473109612339,0.025,0.015,1
Slc35g1,0.445406151411807,0.40005070872087,0.006,0.012,1
Msx2,0.445482295893721,1.27484953692364,0.013,0.006,1
Tcea3,0.445646566575747,0.0811649427281198,0.025,0.029,1
Fmo2,0.44571234024578,0.462505876728721,0.069,0.046,1
Nup153,0.445772634884266,0.55495531062748,0.063,0.029,1
Rtfdc1,0.445938468987441,0.505120430206044,0.094,0.059,1
Cldn14,0.446010707940373,-0.215245643899785,0.088,0.074,1
Cftr,0.446065930559127,0.12062688678032,0.314,0.201,1
Neil2,0.446143899487053,1.30315915291221,0.025,0.01,1
Adam29,0.446201956505245,-0.395966662244271,0.038,0.032,1
Mypop,0.446294123005131,0.0632456916004562,0.025,0.027,1
Tex21,0.446340638017443,0.571020677969342,0.088,0.036,1
Rnaset2b,0.446353280133977,-0.0902994244541144,0.006,0.01,1
Zc3h14,0.446393089109021,0.543990880991161,0.088,0.045,1
Efcab6,0.446428980643172,0.196208551138128,0.195,0.121,1
Nol6,0.446466668918849,-0.0442508275728217,0.031,0.023,1
Clnk,0.446695906015068,-0.327355166319011,0.233,0.213,1
Prmt6,0.446857206561962,0.690574289992765,0.044,0.028,1
Xlr5a,0.446870760089923,-0.21814034427462,0.044,0.041,1
Myl4,0.446918204274216,0.5546188048858,0.082,0.056,1
Gns,0.446986933780474,0.474466421776445,0.094,0.049,1
Osbpl11,0.447183786568462,0.687106222947729,0.082,0.037,1
Zmynd11,0.447202575791444,-0.398830033009589,0.113,0.095,1
Cxcl15,0.447216373025618,-0.170297477484837,0.013,0.015,1
Gfpt2,0.447227112887421,0.524432456123306,0.088,0.043,1
Cblb,0.447236923476644,0.205261604927177,0.302,0.203,1
Dlk2,0.447287053873925,1.54414151003757,0.019,0.009,1
Kcnt1,0.44731164075572,-0.307194705101294,0.031,0.043,1
D130043K22Rik,0.447329163200496,0.362361258644198,0.075,0.048,1
Srp9,0.447399056193436,-0.252908506226019,0.013,0.019,1
Nuak2,0.447421564768686,1.12859356401998,0.025,0.009,1
Cd4,0.447427782654962,0.911315005724168,0.025,0.021,1
Abi3bp,0.447459236786326,-0.245605846309684,0.314,0.25,1
Ptprf,0.447465274659317,-0.149323700812749,0.063,0.058,1
Tmem147,0.447502193185662,1.12795630023082,0.019,0.01,1
Serinc3,0.447624936655632,-0.0352906166595774,0.013,0.021,1
Hells,0.44766427272061,-0.296918068388841,0.088,0.065,1
Tmem154,0.447712930333347,0.5136273057226,0.088,0.043,1
BC027072,0.447900774897192,-0.131795797710541,0.013,0.012,1
Man2b1,0.447913510185745,-0.217364834294014,0.019,0.019,1
Spns3,0.447913900925828,0.4912055282214,0.082,0.042,1
Zfp318,0.448006147702023,-0.0763924188789193,0.069,0.058,1
Cbl,0.44803023842665,-0.0198414521595307,0.063,0.041,1
Spdef,0.448127229014139,1.39941848746581,0.019,0.012,1
Gpr150,0.448233860474445,0.168126743578461,0.013,0.013,1
Pdlim1,0.448340645123316,-0.477332339689801,0.075,0.062,1
Arhgap10,0.448645492437802,0.12236608961885,0.434,0.308,1
Cyp2j13,0.448740852553204,0.406887295632855,0.107,0.073,1
Gm14496,0.44875018124416,1.19527982689111,0.025,0.011,1
Ppm1d,0.448782389197823,-0.212905892826329,0.044,0.033,1
Elf4,0.448807823863073,-0.196853177513108,0.031,0.031,1
Mall,0.448842254844586,0.670519030824075,0.05,0.031,1
Tas2r130,0.449085837006403,1.67527182293346,0.013,0.002,1
Crocc,0.449089586128197,0.366963097757,0.151,0.087,1
Ttc17,0.449123476711984,-0.267050515782242,0.17,0.107,1
Ikzf4,0.449149914241534,0.185452477824437,0.019,0.018,1
Arfip1,0.449154048361087,-0.237109460311356,0.069,0.071,1
C1qtnf7,0.449175376391097,0.224036833963468,0.189,0.126,1
Slc25a34,0.449180603074223,1.25806750709463,0.019,0.008,1
Gpr171,0.449368692935819,1.24924364571982,0.031,0.015,1
Rnf166,0.449484978846162,0.889749070919716,0.038,0.019,1
Erp44,0.449781162423776,-0.132823889796471,0.157,0.129,1
Trim27,0.449831813730106,0.697303838352566,0.044,0.025,1
Hpcal4,0.449860883403696,1.11480921012761,0.025,0.008,1
Atf4,0.450093820919081,1.44687588253221,0.013,0.013,1
Rab15,0.450140198160561,0.725026714793816,0.044,0.023,1
Derl3,0.450141693970125,1.54445157817893,0.025,0.009,1
Mcoln3,0.450252931242785,0.0617533943290365,0.025,0.027,1
Pde5a,0.450289418293506,0.228434426780886,0.22,0.126,1
Kctd14,0.450293322797722,0.346599599822417,0.006,0.01,1
A930033H14Rik,0.450329827152881,-0.0229207889735923,0.013,0.015,1
Pitpnm2,0.450411445716159,0.452068424791933,0.126,0.071,1
Ccdc87,0.450623936769493,0.210136272992294,0.019,0.013,1
Pou6f1,0.450696207196335,0.186381490337999,0.031,0.02,1
Wfdc2,0.450744347050257,1.32504343288145,0.019,0.008,1
Tex14,0.450876985722941,0.337280661780381,0.126,0.084,1
Zbtb1,0.451053376503132,0.908298171331838,0.044,0.023,1
E330009J07Rik,0.451066007575587,-0.416265972262236,0.075,0.062,1
Mtch2,0.451089773427414,0.737135706557654,0.057,0.028,1
Vegfa,0.451334725400129,0.38536020307309,0.013,0.016,1
Mpz,0.451375052944866,1.29162721296647,0.031,0.014,1
Pkd2l2,0.451577743114172,-0.0904884316163255,0.038,0.038,1
Ccdc47,0.451709472781582,1.10760394601085,0.038,0.02,1
Msh3,0.451872111042655,-0.169429883803611,0.371,0.3,1
Tc2n,0.451877271778999,0.44757029338817,0.082,0.057,1
Mfsd1,0.451898579228105,-0.110566150940295,0.063,0.063,1
Cebpz,0.451982404909567,0.545029642335152,0.05,0.026,1
D930007J09Rik,0.452377517494807,1.65240180694358,0.013,0.006,1
Hsd17b3,0.452386024051594,0.752511877353032,0.05,0.024,1
Trim30a,0.452428468332819,-0.489943596333338,0.075,0.067,1
Sh3bgrl2,0.452520637820665,0.208674687813574,0.252,0.163,1
Slc5a2,0.452521081424964,0.873137606737662,0.025,0.016,1
Atp11c,0.452527414002476,0.013092989197359,0.34,0.231,1
AU018091,0.452550317105423,1.09808017143374,0.013,0.007,1
Atic,0.452563115646297,-0.270173046816339,0.094,0.078,1
Nampt,0.452569525217831,-0.33082758831701,0.082,0.076,1
Cmtm7,0.452753578163536,0.987919178193175,0.038,0.016,1
9530053A07Rik,0.452763117250643,-0.309640587781315,0.063,0.051,1
Zfp786,0.452822419847406,1.49557393374852,0.031,0.01,1
Abcg8,0.452937241198066,0.00236845056770729,0.031,0.031,1
Scml2,0.45301874599047,-0.123853439371094,0.094,0.103,1
Slc25a17,0.453123326645402,0.552258395042473,0.082,0.045,1
Pabpc1l,0.453229975450148,0.192747487035538,0.019,0.018,1
Kng1,0.453299141660503,0.730234903986237,0.044,0.016,1
Tlr4,0.453373516932532,0.227011516646113,0.201,0.154,1
Dmrta1,0.453572100415621,0.638914461543036,0.057,0.031,1
Wdr70,0.453589094892466,0.062024592351813,0.377,0.252,1
Klhl4,0.453715630988578,0.389655525260247,0.094,0.056,1
Lpgat1,0.453856022276306,-0.211998224326863,0.063,0.057,1
Sf3b5,0.453942974310312,0.426976412995153,0.05,0.032,1
Gm5581,0.453999153466183,1.1640500738234,0.025,0.008,1
Arhgap24,0.45412870338034,0.0898344401685027,0.503,0.357,1
Ssc4d,0.454218892199954,0.440843052201665,0.075,0.044,1
Gm26620,0.454224563095143,1.24926764054296,0.025,0.012,1
Dpep3,0.454231497342218,0.25643435750415,0.006,0.011,1
Zfp384,0.45424116790452,0.711057752536634,0.044,0.028,1
Clic5,0.454261454694038,-0.287749295573204,0.126,0.105,1
Egflam,0.454279123452265,-0.307519900331646,0.22,0.193,1
Ispd,0.45436197831212,0.0745554226863125,0.465,0.335,1
Abi3,0.454380567509058,-0.0123453492389594,0.006,0.015,1
Psmd13,0.454382646850096,0.931506953912844,0.025,0.009,1
Sgk3,0.45452728067945,0.370872254404065,0.176,0.127,1
Btbd10,0.45454270184259,0.474500987101477,0.094,0.051,1
Rbpms2,0.454612143397354,0.752086909989685,0.05,0.025,1
Actr1b,0.45463907259986,0.824845932811551,0.044,0.019,1
Acta1,0.454651751625999,2.18077166238784,0.013,0.004,1
Gm498,0.454774997540328,0.860618844460867,0.031,0.017,1
Mgst3,0.454814135270256,0.561015518490034,0.057,0.042,1
Slc2a3,0.454885052720082,-0.265174032391391,0.094,0.082,1
Mr1,0.454910910201403,0.0837241499554065,0.013,0.018,1
Pdxk,0.45491740004568,-0.109053238447834,0.101,0.067,1
Klk12,0.45501064110472,0.378411811070462,0.013,0.01,1
Slc27a4,0.45501250409166,-0.304268443651725,0.025,0.032,1
Fam162a,0.45505692453927,-0.0261301667667651,0.044,0.044,1
Micalcl,0.455062933284896,-0.134847324340551,0.05,0.04,1
Pigx,0.455195115735032,-0.0397594139693958,0.013,0.018,1
Adamts19,0.455417645709063,0.0751746808523119,0.296,0.209,1
Pkd1l3,0.455450637532652,-0.332540965497344,0.069,0.054,1
9830147E19Rik,0.455504655564698,0.982097849216266,0.025,0.013,1
Tmtc2,0.455821370467383,0.111055511940667,0.428,0.29,1
Vsig4,0.455871827948615,0.792560708948042,0.031,0.02,1
Pdha1,0.455952083073911,0.823322237760453,0.038,0.016,1
Pik3ip1,0.455999767200448,0.200586847654146,0.006,0.013,1
6430550D23Rik,0.456000653965749,-0.167372593920502,0.063,0.057,1
Ddo,0.456197452962716,0.872620068613537,0.031,0.018,1
Med11,0.456448446143858,0.580553881858442,0.013,0.013,1
Ntpcr,0.456472092419849,-0.0214891845108145,0.044,0.034,1
Tmem216,0.456483516499545,-0.164887489867523,0.025,0.023,1
Fyco1,0.456503933960101,-0.20481381436827,0.138,0.098,1
Olfr448,0.456527554869808,2.02839935034931,0.013,0.006,1
Afap1l2,0.456602756874385,0.447789375147562,0.075,0.046,1
Tmem117,0.456686594785208,-0.20470014264129,0.346,0.275,1
Gapvd1,0.456790509530279,-0.190389840468534,0.063,0.051,1
Onecut1,0.456846422054714,0.714373785658111,0.044,0.022,1
Herc2,0.45694040631617,-0.23764102289913,0.208,0.164,1
Ttll13,0.45696333592028,-0.0458594848896352,0.019,0.014,1
Klk15,0.457109535332841,-0.0614372031907688,0.013,0.012,1
Angel1,0.457137127177451,-0.0795027225485461,0.044,0.042,1
Sod1,0.457226163600599,-0.0299943846155495,0.019,0.02,1
Nup93,0.457294260473313,0.241077408712571,0.182,0.119,1
Msrb2,0.457324543582883,0.671679906113899,0.057,0.037,1
Elmo3,0.457369212214586,0.422430281129215,0.013,0.013,1
Commd4,0.457499910699422,0.21513637538169,0.006,0.013,1
Serpina11,0.457522567556214,-0.326270101097165,0.013,0.016,1
Mybpc3,0.457623086426229,-0.194542651718569,0.019,0.02,1
9330171B17Rik,0.457636302392234,1.39370026549944,0.019,0.008,1
Skint2,0.457659089828766,0.378283707686561,0.075,0.038,1
Tmem247,0.457728136159528,2.03982581279323,0.013,0.004,1
Dhx34,0.457739239836439,-0.0783141139478722,0.057,0.039,1
Zscan20,0.457838677333557,-0.111640434339236,0.05,0.044,1
Lipi,0.45796951156522,-0.0761709502033385,0.057,0.063,1
Sipa1,0.458085536010296,0.449940888710198,0.019,0.018,1
Crygf,0.458156542161157,-0.0970605896824379,0.006,0.01,1
Hes3,0.45816180226245,1.27106383004984,0.019,0.008,1
Lrrc40,0.458167274699308,0.380488799785365,0.101,0.082,1
Zfp455,0.458181842381661,0.84513708426856,0.038,0.021,1
Cul9,0.458315008968353,0.0586322610718719,0.031,0.036,1
Olfr372,0.45846789247967,1.90231085596907,0.013,0.004,1
Arsi,0.458513913036399,1.90986994260281,0.013,0.004,1
Piga,0.458529708842197,-0.522338777701796,0.05,0.046,1
Ndufs3,0.458566867871934,1.63875465493953,0.013,0.004,1
Fzd5,0.458642976967142,-0.272809503089637,0.038,0.04,1
Fam150b,0.458680792483415,0.735584337533242,0.044,0.028,1
Vmn2r1,0.458790205243232,0.559673426947066,0.069,0.042,1
Ctdp1,0.458856312244545,-0.380297750980835,0.132,0.116,1
Gpx3,0.458887302749631,0.534021076609544,0.013,0.01,1
Hapln2,0.458935967561624,1.57160359274715,0.013,0.005,1
Nup205,0.458937919983529,-0.17982862466176,0.132,0.112,1
Rad9a,0.459091304786312,1.22254499838197,0.019,0.01,1
Trim7,0.459149863915066,0.636049963571485,0.038,0.022,1
1700016P04Rik,0.459190044219898,0.0888399664253869,0.006,0.011,1
Thap1,0.459222960765453,0.0804473718462662,0.05,0.043,1
Gm26558,0.459373878900967,0.0885379379638369,0.019,0.018,1
Sprn,0.459516798264987,1.29553106430421,0.031,0.009,1
Tmem121,0.459602255379233,1.12284182349063,0.025,0.01,1
Eif2s3y,0.459655728621076,1.82304249910321,0.019,0.004,1
Bloc1s5,0.459765072018295,-0.212169556365692,0.094,0.078,1
Inppl1,0.459976297660128,-0.187311589982326,0.019,0.016,1
Tprg,0.460072630522668,0.190669361751509,0.233,0.131,1
Trhr,0.460117336659207,-0.419081839524739,0.075,0.065,1
Wdr91,0.46016893837048,-0.102991850765291,0.082,0.074,1
Cdkn2d,0.460188314728005,-0.207693448054509,0.063,0.055,1
Dsg3,0.460209660669347,-0.0835508600838955,0.057,0.046,1
Map2k2,0.460234128497983,0.935782947684393,0.031,0.02,1
Lysmd2,0.460241689651964,0.255636933571895,0.025,0.017,1
Mrps16,0.46033379617359,-0.0274687073635915,0.031,0.024,1
Trim68,0.460409762867795,0.370331574652064,0.094,0.052,1
Smarca2,0.460449136169604,0.419724851893053,0.201,0.116,1
Bst1,0.460477397269572,-0.3841690710444,0.05,0.043,1
Kifc1,0.460491021122771,-0.084423922010215,0.057,0.048,1
Mmp1b,0.460491596712949,-0.328706617530825,0.013,0.016,1
Sms,0.460611354007124,0.393483978911015,0.094,0.068,1
Mfi2,0.460739586343198,-0.219758917521218,0.031,0.03,1
Rangap1,0.460788823439911,-0.340567753039006,0.057,0.044,1
Gm21969,0.460790003795122,0.526421946013176,0.082,0.049,1
1810065E05Rik,0.46079190791993,1.39653564307518,0.019,0.005,1
Stoml3,0.460816980207101,0.575746848747444,0.057,0.026,1
Ppip5k1,0.461046512627647,-0.189605854674784,0.044,0.042,1
Gpt2,0.461139040275082,0.0265835002390951,0.025,0.023,1
Acsm2,0.461145941938051,-0.472779890061811,0.069,0.057,1
Adra2b,0.461208892443265,1.17801511376714,0.019,0.01,1
Tnfrsf11a,0.461297948724404,-0.523022094882206,0.082,0.073,1
Ppm1l,0.461371062832862,-0.15804922666145,0.333,0.272,1
Rerg,0.461389392917894,0.360492962054044,0.157,0.104,1
Slc5a8,0.461398759288271,0.429130641123396,0.088,0.064,1
Nolc1,0.461472987109722,0.20550389552953,0.006,0.011,1
3110062M04Rik,0.461562096507012,0.0349889088261985,0.031,0.039,1
Pafah1b1,0.461572933793494,-0.102208327227666,0.006,0.013,1
Stag3,0.461655177061694,0.873525997556325,0.075,0.047,1
Tmem127,0.461661598193617,0.242376072065368,0.025,0.021,1
Wrnip1,0.461683243465448,-0.26560263097922,0.05,0.049,1
H2afy,0.461727571070054,-0.0221807058543799,0.063,0.052,1
Bcap31,0.461754359930159,-0.346459871382183,0.031,0.032,1
Cks2,0.461774470984005,0.923480843744183,0.031,0.016,1
Tspan13,0.461801685694687,-0.149439236167837,0.031,0.049,1
2810474O19Rik,0.461829859661321,-0.104332563143037,0.063,0.053,1
Ros1,0.461911649180455,-0.23544396716072,0.233,0.178,1
Pipox,0.461959941110695,1.17507832016807,0.025,0.008,1
Suv420h1,0.462082562786838,0.834911768287968,0.038,0.024,1
Nfe2l3,0.462148393672788,0.720569567616125,0.013,0.011,1
Card11,0.462293977876428,0.464896146641656,0.113,0.072,1
Cnbd2,0.462300828403466,0.00628570597817024,0.063,0.041,1
Mark4,0.462347757871311,0.735020601385933,0.063,0.026,1
Olfr358,0.462398536365571,1.91583858054928,0.013,0.002,1
Abcb8,0.462414823669892,0.733068820777511,0.057,0.035,1
Ubn2,0.462429582870358,-0.244842948671365,0.101,0.081,1
Morn3,0.462466080692984,0.218637880856098,0.006,0.014,1
Tefm,0.462508583320147,1.29254521033547,0.019,0.009,1
Ralbp1,0.462592199083804,-0.199084406775312,0.057,0.052,1
Fam124a,0.462752613833557,-0.18275769479648,0.044,0.045,1
Nxpe5,0.462806604168035,-0.286961959367758,0.025,0.024,1
Rsu1,0.462831959177589,-0.273001614978339,0.365,0.312,1
Baiap2l2,0.462935707294561,0.953359849791543,0.038,0.017,1
Elavl3,0.462990362305423,-0.0559319580275384,0.019,0.031,1
Zfp800,0.463054076226095,0.0971032405509424,0.302,0.166,1
Arv1,0.463415972744797,0.406312174540182,0.088,0.04,1
Fbxl22,0.463438587561842,0.0229445516847253,0.019,0.021,1
Smc6,0.463455592778665,0.385794228894033,0.164,0.112,1
Cldn3,0.463479991692151,1.48068861664672,0.013,0.004,1
Cbln2,0.463523524324323,0.637187974376794,0.063,0.035,1
Pitx2,0.463560247834399,1.0285336595457,0.025,0.018,1
Papl,0.463653350683086,0.932321062250276,0.031,0.016,1
CN725425,0.463752867656361,-0.137496313646822,0.082,0.074,1
Plekhg2,0.463778361766341,1.08382859649903,0.019,0.013,1
4932438H23Rik,0.463916072878627,0.798732039813912,0.038,0.023,1
Zfp827,0.463982052822835,-0.279686009501215,0.182,0.162,1
Ptger1,0.464033713260669,1.2049808497589,0.019,0.01,1
1110001J03Rik,0.464040913015682,-0.0683500456095416,0.031,0.026,1
Olfr735,0.464060901816647,2.05588424015192,0.013,0.003,1
Taar9,0.464081659015732,1.16945364172918,0.019,0.013,1
Engase,0.464095238063901,0.00232274758574125,0.038,0.031,1
Mlycd,0.464142483592767,0.817898588722151,0.038,0.023,1
Xcr1,0.464158635610078,-0.116573570831525,0.019,0.015,1
Cep104,0.464169092604758,0.267080750138078,0.082,0.043,1
Prss35,0.464221447091355,0.513661538030851,0.069,0.039,1
Tmed4,0.464224392403882,-0.0438170869855545,0.013,0.012,1
Pdlim7,0.464401039714879,0.129237459880316,0.019,0.016,1
Naa11,0.464405255347359,0.552640876002912,0.044,0.025,1
Plcz1,0.464436906446362,-0.21438076132394,0.094,0.074,1
Rbm34,0.464683502193483,-0.0690220188505393,0.031,0.04,1
Creb3l3,0.464722888222338,1.00166505615033,0.031,0.015,1
Wdr5b,0.464741459612787,0.390924353509559,0.013,0.013,1
Cysltr2,0.464987639201142,0.638520990992824,0.031,0.021,1
Phf10,0.465018099493384,1.61465874588647,0.013,0.009,1
Prl8a8,0.465119443187749,1.19298254327621,0.019,0.005,1
Sstr4,0.465254506217691,1.22304351149486,0.013,0.011,1
Hdlbp,0.465315180309929,-0.144574065855851,0.094,0.074,1
Rnf157,0.465449786448574,0.56259598633578,0.113,0.071,1
Map3k10,0.465574662387587,-0.286489395084106,0.019,0.024,1
Gsta4,0.465587328110849,-0.236812669121623,0.025,0.022,1
Katnbl1,0.465698393878542,-0.177446911553752,0.069,0.054,1
Grk4,0.465715816816539,0.335938127693449,0.126,0.08,1
Slfn2,0.465726102381015,1.32511988235073,0.013,0.007,1
Tmco5b,0.465765898564388,0.435805083659243,0.069,0.034,1
Fktn,0.465766992040528,-0.154008235387934,0.113,0.068,1
Mbtps1,0.465819061524314,0.49820029881696,0.094,0.059,1
Max,0.4658533632458,-0.104637723341357,0.069,0.058,1
Cdh26,0.465909064016675,0.423387198695865,0.069,0.035,1
Bach2,0.46593254974507,0.256040641380221,0.258,0.165,1
Naaa,0.465962859830523,-0.223988963957656,0.038,0.028,1
Cbln3,0.466042225591556,-0.131349559642924,0.025,0.024,1
Nab1,0.466066424760976,-0.219269785222191,0.088,0.089,1
Urgcp,0.466145839377679,-0.0456695992154552,0.05,0.037,1
Mtmr10,0.466153484999094,-0.319348398392649,0.063,0.054,1
Fah,0.466159311313275,0.0508549280076291,0.063,0.057,1
Tmem259,0.466203269524312,-0.0504670517565193,0.013,0.016,1
Itpka,0.466231923630226,1.12557271929147,0.025,0.015,1
Defb19,0.466276333682396,2.00381555617283,0.013,0.004,1
Atrx,0.466277139409603,0.115158321088551,0.025,0.034,1
Tigd2,0.466339301354126,0.703599754698627,0.069,0.045,1
Hcn3,0.466358030250616,0.307967885014807,0.006,0.012,1
4930402F06Rik,0.466384060995267,-0.0928969362581187,0.025,0.021,1
Cx3cr1,0.466405650478614,-0.167511670224441,0.182,0.159,1
Atg5,0.466459465459626,-0.272648626076827,0.17,0.147,1
Gm20715,0.46647207707175,-0.121396083712452,0.069,0.069,1
Pomt1,0.466595822047423,1.01804958767293,0.031,0.016,1
Arrb2,0.466725218211915,0.579534809211618,0.057,0.027,1
Tmem50b,0.466754098726392,0.567832307699119,0.075,0.037,1
Olfr1277,0.466904175009925,1.72689705423562,0.013,0.004,1
Zwilch,0.466934860690266,0.33049192664864,0.107,0.065,1
Strada,0.467101713115428,0.463518941647324,0.082,0.046,1
PCDHGB6.2,0.467132798859703,0.718907558206327,0.05,0.026,1
Phf20l1,0.467190838826505,0.271048282739947,0.145,0.078,1
Cd34,0.467193901818238,0.684739765639234,0.057,0.031,1
Pik3ca,0.467199366903541,-0.21301474563628,0.069,0.063,1
Armcx3,0.467529947460359,0.520315014880888,0.013,0.009,1
Cdrt4,0.467564187462434,0.861504311108888,0.044,0.027,1
Nt5c1a,0.467684006026922,0.236695620104725,0.019,0.018,1
Car1,0.467699308771788,0.570423078320315,0.088,0.053,1
Pdcd10,0.467731094611527,0.149173278804612,0.182,0.114,1
Fzd7,0.46783471544191,0.824938774955949,0.038,0.017,1
Xkr4,0.467884110292118,-0.281548667765409,0.478,0.42,1
Krt25,0.467979437929957,1.66441355137861,0.013,0.004,1
Slc27a1,0.468178945972931,-0.046662705542202,0.031,0.023,1
Mex3c,0.468238300235055,0.437282936852776,0.094,0.059,1
Exoc2,0.468397714824898,0.156460242117239,0.314,0.242,1
Pik3r2,0.468498555989263,0.215390610971475,0.031,0.025,1
Esr1,0.468504136298552,-0.297329312885711,0.409,0.346,1
Eri1,0.46855120237602,0.582538461208612,0.094,0.04,1
Pabpc4,0.468557475850947,-0.147536944194528,0.044,0.037,1
Creb3l4,0.468570818925726,1.62996683518536,0.013,0.004,1
Cuedc1,0.468597569934843,-0.0412777632537571,0.044,0.035,1
Mtg1,0.468608881812254,0.0659998093292762,0.031,0.034,1
Fmo9,0.468716715667885,0.015550486284619,0.038,0.031,1
Pth,0.468729240315775,1.88768388802959,0.013,0.002,1
G630090E17Rik,0.468741994643753,-0.125569471395655,0.019,0.02,1
Pcyox1,0.46909232803318,0.698061794805844,0.031,0.017,1
Gpr111,0.469253382310552,-0.181707570000097,0.069,0.056,1
Fam192a,0.46926627931783,0.0613741241360692,0.038,0.029,1
Dnajc7,0.469282434326384,0.204226908019658,0.013,0.013,1
Mb21d1,0.4693269963969,0.156661789520457,0.019,0.015,1
Grik4,0.469345641418636,0.169506713788276,0.396,0.237,1
Dpy19l3,0.469380466711524,0.306543601484006,0.164,0.104,1
Acad8,0.469425459063637,0.687176167104824,0.069,0.046,1
Magohb,0.469490396397492,-0.419676483672309,0.069,0.062,1
Cep170,0.469535037956491,-0.238730785804712,0.119,0.1,1
Olfr414,0.469661670043916,0.447198851457049,0.013,0.012,1
Gfap,0.469673398323323,0.833742401293528,0.038,0.024,1
Zfp111,0.469696066951392,0.104377730794026,0.019,0.018,1
Avpi1,0.4697564115689,0.884524946638773,0.038,0.018,1
Zfp64,0.469840624427591,0.397959146546965,0.132,0.068,1
Ubp1,0.469852824820193,-0.313972820981695,0.057,0.05,1
Galnt7,0.469919997406665,-0.317862271015928,0.22,0.195,1
Tlr1,0.469964383426973,1.06511489016929,0.019,0.009,1
Spata17,0.469984680213317,0.0192521869947706,0.252,0.163,1
Tspan15,0.470092810748727,-0.152494164976339,0.044,0.044,1
Lin54,0.470120377488092,0.351174737111585,0.176,0.097,1
Veph1,0.470163365075954,-0.298752367563576,0.302,0.245,1
Pigs,0.470219584466723,1.44753924755754,0.019,0.007,1
Arfgef1,0.470227012424697,0.296698800350394,0.164,0.103,1
Lnpep,0.470252861887091,0.321554206145738,0.094,0.058,1
Pptc7,0.470314017277233,1.02934042933875,0.038,0.018,1
Tdg,0.470389360778808,-0.168083079698081,0.031,0.035,1
Fam187b,0.470397032343263,-0.0505274149694595,0.019,0.021,1
Ift80,0.470454743213109,0.164336247794592,0.22,0.141,1
Gtf2h5,0.470765584331002,-0.331735801931733,0.019,0.018,1
Tubgcp3,0.470941107544725,0.243773682672504,0.126,0.076,1
Elf3,0.470972151890675,0.281887404709471,0.006,0.01,1
Tdrd6,0.471014763871107,1.40226571169083,0.025,0.009,1
Ssmem1,0.471108465322904,-0.0935141842170282,0.013,0.016,1
Zfyve19,0.471110138269374,0.845081396576699,0.038,0.021,1
Dido1,0.471165242932735,0.629917485522354,0.05,0.029,1
Fnbp4,0.471239841356904,0.905243651346733,0.038,0.021,1
Mpnd,0.47125595682189,0.786062946495134,0.05,0.023,1
Zcchc10,0.4713369673588,0.580182286821283,0.006,0.01,1
Tcp11,0.471346636462058,1.6548334600715,0.013,0.007,1
Tmem43,0.471364374348458,-0.0507609230866333,0.05,0.045,1
Igbp1,0.471369063288104,0.773137690228884,0.05,0.029,1
March10,0.471382993715863,-0.0825545559845011,0.069,0.048,1
Mepe,0.4715145939349,-0.00430113535274224,0.038,0.028,1
Stoml1,0.471562529900175,0.225647887165391,0.013,0.011,1
Fsip2,0.471714404168478,-0.100012253808769,0.05,0.063,1
Ppef1,0.471722506947346,-0.320587996770104,0.075,0.062,1
Lrrc41,0.471762733567054,0.587856134918631,0.044,0.024,1
Gm10681,0.471770973937782,1.16618107267381,0.031,0.012,1
Eogt,0.471864033480332,0.197297881018923,0.101,0.056,1
1700019D03Rik,0.471957964831536,0.238290441226337,0.17,0.107,1
Tctn1,0.47196890127334,0.509950723982203,0.075,0.038,1
Sirpb1b,0.472025069573116,0.462007592544086,0.063,0.038,1
Gna14,0.472105342473533,-0.30726908987736,0.182,0.154,1
Pon1,0.472122851007795,0.519231227209764,0.132,0.063,1
Lrrn2,0.472211901462826,0.6729347580924,0.069,0.04,1
Lrp12,0.472249463074124,0.113472697605878,0.189,0.124,1
Ccl5,0.472256282879202,1.37403805844882,0.019,0.006,1
Fra10ac1,0.472331510438666,-0.128611153073027,0.069,0.056,1
1700129C05Rik,0.472451665141615,0.221547061311438,0.006,0.01,1
Ssc5d,0.472487337083268,0.0608054320033924,0.031,0.042,1
Pdia6,0.472490134643397,-0.216702481919017,0.069,0.048,1
Trak2,0.472493259192596,0.380347204057951,0.132,0.079,1
Gm16286,0.472594256006387,0.936845452039651,0.038,0.018,1
1500015O10Rik,0.472624862667653,0.755474075808873,0.05,0.02,1
Epn1,0.472705987844039,0.272966535340103,0.013,0.013,1
Stt3a,0.472768156376829,-0.389650220668602,0.069,0.069,1
Crtc1,0.472783102177116,0.596067129880993,0.088,0.053,1
Nlrp10,0.472817821574483,0.927662442401231,0.031,0.014,1
Pcgf3,0.472819934760312,0.293335439637089,0.107,0.056,1
Hsf2bp,0.472854306294942,0.422104080525588,0.132,0.078,1
Proser2,0.472857621609959,-0.15740105250468,0.038,0.037,1
1110034G24Rik,0.472972004514147,-0.0914414962859342,0.119,0.096,1
Zfp454,0.47299446442311,0.555289460518202,0.013,0.01,1
Rab23,0.473009564492918,-0.399802463747673,0.05,0.04,1
Siglec15,0.473286666089251,0.190447575953423,0.013,0.019,1
Elp4,0.473502958773342,0.187300144898273,0.245,0.153,1
Smap2,0.473644880033202,-0.300300304936631,0.069,0.058,1
Rpp30,0.473681225168266,-0.298840270686255,0.088,0.085,1
Adck4,0.473767200098631,-0.0285513843956862,0.044,0.043,1
Scd1,0.473789807179614,-0.104404545812304,0.013,0.014,1
Gjc1,0.473807135347981,0.816726256613002,0.031,0.014,1
4933440M02Rik,0.473836467552577,0.504903595998718,0.038,0.026,1
Gm10676,0.473851769688799,0.108240417326118,0.019,0.024,1
Trim65,0.473854988169075,0.222298945737036,0.013,0.016,1
Rasal1,0.473870502488052,0.968305709337398,0.038,0.021,1
Trim41,0.473954455324003,-0.292766766740071,0.019,0.029,1
Ndufab1,0.473971535806709,0.834303549724607,0.038,0.023,1
Prr15l,0.47405671707841,1.2638094849847,0.025,0.01,1
Vcp,0.474068300681413,0.928623628923346,0.044,0.017,1
Ap2b1,0.474102240055968,-0.386768769707079,0.069,0.049,1
Fer1l5,0.474185137301589,0.517632996400305,0.082,0.038,1
Plk1,0.474306094008641,-0.274208525675959,0.031,0.032,1
Asrgl1,0.474356711275138,0.0729453776937037,0.025,0.02,1
Ap5m1,0.474518975536335,0.52626863772432,0.063,0.032,1
Foxj1,0.474636482437042,0.857046563160941,0.031,0.014,1
Rab20,0.474772845397978,-0.293740050584171,0.025,0.022,1
Gm21970,0.474822647250847,0.803721272027405,0.031,0.019,1
Fundc1,0.474888596762716,0.690413785422765,0.05,0.028,1
Bhlhb9,0.474943874017679,-0.210935077453724,0.013,0.013,1
Vmn2r89,0.475010534610155,-0.0498677851003677,0.006,0.01,1
Ethe1,0.475052541402876,0.532069858382181,0.069,0.043,1
Mylk4,0.475084744031661,0.157680051301822,0.17,0.103,1
Cox16,0.475295474174351,0.480685808273059,0.082,0.045,1
Ddx39b,0.475344710232531,-0.00375406216782359,0.013,0.013,1
Taz,0.475368162806319,1.52520313286828,0.013,0.003,1
Rpf1,0.475413475344709,-0.0816883616370685,0.031,0.031,1
Chad,0.475515918316092,1.99833782365815,0.013,0.004,1
Hsd3b5,0.475561903756239,0.116136262375374,0.019,0.017,1
Mafa,0.475612051047667,0.232224420087038,0.031,0.029,1
Adora2a,0.475781033114266,0.656088215243779,0.031,0.02,1
Ptchd4,0.47590063878577,-0.221964229832585,0.252,0.24,1
Trim33,0.476056595883659,0.375878173408907,0.094,0.043,1
Ace,0.476211886634626,0.791564306892559,0.044,0.021,1
Mcm7,0.476237116005191,0.85468477685734,0.038,0.018,1
Arhgap9,0.476244068116247,0.228097154907207,0.013,0.01,1
Serinc2,0.476256293079249,1.01557699550956,0.031,0.016,1
H3f3b,0.476364440347253,0.421986259760937,0.013,0.013,1
Tnfsf9,0.476506157529772,0.724093715806693,0.013,0.008,1
Sec24b,0.476632923976396,0.317479518008882,0.151,0.086,1
Slc9b1,0.476777274613946,0.107406159835547,0.132,0.074,1
Fbl,0.476843178666766,1.22185667749918,0.025,0.015,1
Zfp772,0.476859150721002,0.848683263022085,0.038,0.016,1
Atg3,0.476883486851405,0.472327040962478,0.088,0.053,1
Trappc2,0.476900049882711,1.17764519597474,0.031,0.012,1
AA386476,0.476967139293913,-0.146396591576152,0.044,0.037,1
Olfr987,0.476982434692893,0.0568438901715087,0.013,0.019,1
Atcay,0.477077939392982,-0.134866698066343,0.038,0.026,1
Mrc1,0.477152730454941,0.184461929241759,0.201,0.118,1
Rbck1,0.477200021105046,-0.137973492078577,0.044,0.037,1
Dok4,0.477306876933806,1.20786543289378,0.031,0.013,1
Cpt1a,0.477307653112558,0.316235071256789,0.113,0.063,1
Wnt5b,0.477399586258653,0.271887420053075,0.17,0.098,1
Pgam5,0.477564755966021,0.844986585601222,0.038,0.023,1
Fga,0.477566393266824,0.0455734627167947,0.013,0.013,1
Epm2a,0.477574784230083,0.117350433874122,0.22,0.148,1
Ttc19,0.477590225156895,0.572917712121714,0.063,0.04,1
Elavl4,0.477729446054353,-0.231151660653598,0.208,0.196,1
Olfr763,0.477779653953894,1.6032042010429,0.013,0.003,1
Hdhd3,0.478191600561583,0.135767689689787,0.006,0.012,1
Fmo6,0.478195216004326,-0.25675704896806,0.019,0.029,1
Wdr44,0.478196690723413,-0.346290361388621,0.088,0.083,1
Lrrc38,0.47819922824494,0.920913392308848,0.025,0.013,1
Ctu1,0.478514085225672,0.693195836247639,0.05,0.034,1
Slc6a15,0.478525564779708,0.266009388166744,0.195,0.124,1
Hinfp,0.478535392619715,-0.0664983633487291,0.019,0.024,1
Utp15,0.478604749925642,0.644586156877611,0.044,0.034,1
Scly,0.478727601821616,0.666635673961157,0.05,0.025,1
Prelid1,0.478778185188491,1.90603066913043,0.013,0.003,1
Hunk,0.478876084333087,0.538267252394033,0.126,0.068,1
Ankrd49,0.478930261954227,-0.159418330640277,0.038,0.035,1
Zmpste24,0.479075027051027,0.38791364764914,0.075,0.05,1
Timm44,0.4790910182551,0.758966575091786,0.031,0.017,1
Phyhipl,0.479099095191906,0.518567353336709,0.075,0.051,1
B3gnt9,0.479172007312169,1.10927576877923,0.025,0.013,1
Ubap2l,0.479193336820814,0.186850344829522,0.031,0.034,1
Tmem25,0.479273397168546,1.26727666040269,0.031,0.012,1
Aars,0.479307234960388,-0.221305663900985,0.025,0.026,1
AW554918,0.479385179673621,0.112873441526043,0.371,0.258,1
Nfam1,0.479461646028006,-0.0152995088602799,0.013,0.016,1
Btaf1,0.479502748521039,-0.0121124418303715,0.113,0.086,1
4930432M17Rik,0.479673135626907,1.02617684781265,0.025,0.01,1
Zfp160,0.479736353171464,0.588358359877818,0.05,0.023,1
Rab8b,0.479749764288988,0.167638556834634,0.044,0.038,1
Gss,0.479753434527522,-0.359006460867307,0.031,0.03,1
Tbc1d22a,0.479802834376757,-0.25140108323008,0.283,0.198,1
Kmo,0.479871803356176,-0.165234869042709,0.151,0.119,1
Spop,0.479912136948261,0.376570557817913,0.069,0.04,1
Vit,0.479968981319903,0.135382397160428,0.195,0.121,1
Mon1a,0.479974828383707,0.714274467439235,0.038,0.02,1
Zdhhc4,0.479993109315595,1.53338703385518,0.019,0.007,1
Padi6,0.480052972762817,1.38287088805973,0.019,0.008,1
Spib,0.480065543562015,0.553372633968199,0.013,0.014,1
Tvp23a,0.480075033322452,0.351085251902284,0.075,0.032,1
Trim60,0.480173942438993,0.701585842892206,0.063,0.038,1
Aloxe3,0.480216914981334,0.607089153540317,0.038,0.018,1
Hmgn5,0.480376492911286,0.881227718282147,0.031,0.018,1
Eef1d,0.48038619005614,0.032157932767241,0.044,0.035,1
Slc25a31,0.480536939100721,0.475301369683176,0.05,0.024,1
Alg1,0.480624289449352,0.418882312706874,0.05,0.029,1
Cops3,0.480647436581909,0.34289397552908,0.038,0.023,1
Dsg1a,0.480685713712104,0.442591919869481,0.075,0.04,1
Rgag1,0.480730227818237,0.0540443654279388,0.013,0.012,1
Parp4,0.480760577068591,-0.254116676620086,0.157,0.112,1
Rpsa,0.48078366186851,0.90816486160436,0.019,0.009,1
Commd2,0.480948898478886,0.141429999851346,0.044,0.032,1
Mmaa,0.481087694437278,0.368273313905658,0.119,0.058,1
Fblim1,0.481171349095794,0.597993938166239,0.044,0.023,1
Acin1,0.481189293696626,-0.00972766699838967,0.063,0.056,1
Ints10,0.481250811345451,0.209718829333754,0.151,0.078,1
Rtn4rl1,0.481345120681171,-0.207184852692882,0.063,0.051,1
Serpina9,0.481519558725911,-0.184319796816925,0.025,0.035,1
Slc41a2,0.481538118940438,0.353503507307658,0.126,0.088,1
Ly6g6e,0.481583601675858,1.38097365015466,0.013,0.006,1
Spint1,0.481735398336297,0.550165861955981,0.006,0.01,1
Fam58b,0.481785435905164,1.72958133700592,0.013,0.004,1
Fzd9,0.481793642991498,1.77334598469628,0.013,0.003,1
Susd3,0.481824816846151,0.334683901431022,0.025,0.02,1
Shkbp1,0.481875576570448,0.404488203894381,0.019,0.017,1
2310009B15Rik,0.48190034955131,0.737932567418409,0.031,0.016,1
Mcmbp,0.481910866451308,-0.180607443434597,0.075,0.054,1
Rfk,0.482024298589925,-0.161180159722756,0.05,0.031,1
Mettl7a1,0.482058245846797,1.91494926420027,0.019,0.007,1
Kctd10,0.482111602780133,0.226611411085483,0.013,0.013,1
Slc12a6,0.482186949769761,0.232843454462768,0.138,0.092,1
Tbc1d32,0.482287565147365,0.0763013106788373,0.478,0.339,1
Mreg,0.482300822214274,0.437205394156741,0.107,0.064,1
Tcf19,0.482397353259276,0.964951668239663,0.031,0.018,1
Tle1,0.482419539019934,-0.187150035383169,0.107,0.097,1
Lpar3,0.482448536907519,-0.341798269406696,0.119,0.102,1
Il33,0.482487298861883,0.57148985630966,0.069,0.033,1
Hecw1,0.48259388713853,-0.304703898419255,0.327,0.286,1
Akap10,0.482648163023496,-0.0787777840257933,0.057,0.048,1
Egln3,0.482715116765102,0.736666527284797,0.044,0.024,1
Ccl25,0.48281947582362,-0.182301551032396,0.082,0.058,1
Gm9966,0.483006487747033,1.42258480296144,0.019,0.007,1
Pten,0.483019954948634,-0.139903351459299,0.075,0.066,1
Cndp1,0.483059537039745,-0.313759639537517,0.082,0.063,1
Kcnc1,0.483084487978374,0.573247064683494,0.075,0.042,1
Actg2,0.483100780094773,-0.0974382693482969,0.025,0.023,1
Wdr59,0.483234822632307,-0.31607806739705,0.069,0.062,1
Guca1b,0.483259594806532,0.030176868402096,0.013,0.013,1
Slc30a8,0.483475951946115,-0.178470925053738,0.063,0.06,1
Cyp2d11,0.483540287179725,2.37473691114603,0.013,0.001,1
Gm13247,0.483779214859198,-0.163235425933437,0.013,0.021,1
Mga,0.483803465077676,0.735688694024948,0.082,0.044,1
A430105I19Rik,0.483806480086507,0.937336409537346,0.025,0.015,1
Abcc10,0.483819994935594,0.593157773776731,0.044,0.032,1
Clip4,0.483855044209049,0.348343675685706,0.113,0.07,1
Kcnh6,0.483934204629985,-0.17074682409087,0.019,0.02,1
4930430F08Rik,0.484016775543101,-0.328563286630801,0.044,0.046,1
Gfm2,0.484080509696176,0.490468934302138,0.088,0.044,1
Nit2,0.484195062050809,0.535042156629578,0.063,0.03,1
Atf3,0.484240212305825,0.044144868825633,0.05,0.043,1
Cd160,0.484465965740037,0.491400188697441,0.044,0.026,1
Dennd1b,0.484477119303619,-0.231594773417546,0.283,0.231,1
Hmgcll1,0.484508155123494,0.240748900483877,0.22,0.149,1
Rasgrp2,0.484600365251138,0.826690616056579,0.038,0.019,1
Tmem175,0.484706965200551,0.899857296004744,0.038,0.021,1
Bbip1,0.484969798239623,0.423140102049354,0.088,0.049,1
Unc80,0.484980469794787,-0.285368259301396,0.245,0.199,1
Zmym5,0.485049225320543,0.92462987700091,0.031,0.013,1
2810021J22Rik,0.48504946873306,1.04123052929188,0.031,0.012,1
Cyp3a41b,0.485147365198259,1.63233354467661,0.013,0.005,1
Ptpn14,0.485163400387366,-0.324629345671597,0.214,0.172,1
Phf11a,0.485201025291651,-0.0734001310759727,0.025,0.027,1
Gpat2,0.485278499528238,0.668569553195263,0.031,0.018,1
Adam7,0.485325409167304,-0.231388395554355,0.038,0.042,1
Fnip1,0.485383731741867,-0.24585352112582,0.044,0.036,1
Lias,0.485419775504643,-0.283698547741725,0.031,0.029,1
Taf7,0.485461014423402,0.402496815476403,0.006,0.01,1
Med17,0.485556907839232,-0.0774710712571141,0.057,0.043,1
Chfr,0.485721344968915,0.921419591597099,0.057,0.025,1
Ralyl,0.4857771676946,-0.219769945986013,0.308,0.245,1
Gstz1,0.485801311675847,0.806184438469213,0.044,0.03,1
Slc35b1,0.485865912065877,0.329100702741,0.013,0.014,1
Zfyve26,0.486006972925006,0.416021228806396,0.164,0.097,1
Styx,0.486008610237887,0.696611868273363,0.038,0.017,1
Dusp12,0.486053521541655,0.895945446712553,0.044,0.022,1
Ggt7,0.486154115129022,0.514920063871997,0.088,0.054,1
Eya1,0.486259530581985,0.23912439050957,0.239,0.158,1
Defb21,0.486315196473233,1.75973741679746,0.013,0.003,1
Tmem256,0.486371992503442,0.0419414671368097,0.019,0.023,1
Abtb1,0.486394122346251,0.460820619663223,0.107,0.077,1
Tspan3,0.486449089858822,0.177011017817796,0.019,0.025,1
Gfi1b,0.486466820227312,0.0977214736346133,0.006,0.016,1
Fis1,0.486523059575365,0.0379612758706456,0.044,0.039,1
Wipf3,0.486600477166301,0.679536448077886,0.082,0.044,1
D1Ertd622e,0.486632627146865,-0.400562106118326,0.107,0.085,1
St3gal1,0.486642991116655,-0.111646244349127,0.019,0.022,1
Banf2,0.486671971950466,-0.175041171132005,0.057,0.049,1
Fen1,0.486758716283949,0.904572093303446,0.025,0.015,1
Dars2,0.486864723577298,0.556861301730376,0.088,0.048,1
Fchsd1,0.486876315869727,0.716191415884084,0.038,0.018,1
Cenpl,0.486934201115347,0.625136865803241,0.082,0.041,1
Tcf3,0.486939500008297,0.842168759661722,0.038,0.021,1
Srsf2,0.486975174720008,-0.192453393871851,0.025,0.032,1
Optn,0.486983903961292,0.540893005591447,0.088,0.048,1
Cacng3,0.487054491475809,-0.163559099521429,0.119,0.1,1
Tcl1b1,0.487054588736838,0.33887760227758,0.013,0.011,1
Dph3,0.487128442256231,0.0923507256738718,0.013,0.021,1
Mrpl34,0.487300469627214,0.123124811453491,0.038,0.03,1
Ep300,0.48732635785662,0.120469588158907,0.044,0.03,1
Rps12,0.487331513638793,0.881378762081368,0.025,0.015,1
Tph1,0.487343535467302,0.864634948958253,0.038,0.017,1
Nhlrc2,0.487423196839567,0.507008390287978,0.088,0.051,1
Ggnbp1,0.48756317652821,0.574641921882531,0.113,0.073,1
Slc35a1,0.487629393980282,-0.0500055913509767,0.063,0.051,1
Ccdc142,0.487778350045003,1.4081506114537,0.025,0.009,1
Cst8,0.487906044659359,1.14869678658671,0.019,0.01,1
Lif,0.487938916967397,-0.0146589097948153,0.025,0.024,1
D15Ertd621e,0.488002628317052,-0.11013970072726,0.057,0.051,1
Sox3,0.488110888781462,1.40637448663385,0.019,0.009,1
Llph,0.488283024306873,-0.0722432988925226,0.013,0.014,1
Map9,0.488410611115408,-0.17629612174045,0.138,0.131,1
Smox,0.488414042251724,0.873169864192583,0.044,0.024,1
Mtpn,0.488427146368354,0.473294308263511,0.075,0.046,1
Hsd3b3,0.488481993284163,0.609831826805775,0.044,0.023,1
Mettl5,0.488489410167223,0.294253697910155,0.013,0.015,1
Rab3b,0.488507044986308,0.367220308371873,0.088,0.05,1
Naa20,0.488507756242975,1.08745749765123,0.019,0.011,1
Zfp275,0.488532580341359,0.0594728804920601,0.019,0.023,1
Myl12b,0.488668899698905,0.140209127807554,0.013,0.016,1
Gm4858,0.488790010080519,1.39987770724323,0.013,0.007,1
Grik1,0.488836053504126,0.11308791635218,0.346,0.222,1
Kdelr3,0.488940975216728,2.24626259288942,0.013,0.004,1
Gm1527,0.488967300229989,-0.061694255598777,0.013,0.024,1
Il31ra,0.48908410638795,0.477752914196268,0.107,0.058,1
Whsc1l1,0.489412611757958,0.568552367120475,0.107,0.073,1
Ccdc37,0.489486164370935,-0.232949587404134,0.038,0.044,1
Usp47,0.489487314823673,0.519738033938501,0.075,0.043,1
Olfr1206,0.489512062245648,1.88785709198363,0.013,0.003,1
Tm7sf2,0.489642622850168,1.47777562893841,0.019,0.01,1
4930455H04Rik,0.489768682471389,-0.0698733637798776,0.025,0.025,1
Gm28062,0.489891198688304,0.188627867412021,0.013,0.011,1
Hnrnpu,0.489891198688304,0.188627867412021,0.013,0.011,1
Cct5,0.489946972548568,-0.00747096773191203,0.038,0.027,1
Paqr9,0.489972747370535,-0.0291208255341786,0.013,0.016,1
Kpna7,0.490056026037054,0.46123070002768,0.113,0.068,1
Fam83g,0.490081462814059,-0.18426892733312,0.025,0.029,1
Mtmr4,0.490128349610162,-0.0601858289650963,0.05,0.042,1
Olfr78,0.490161877351148,-0.252965984373442,0.044,0.038,1
Celf6,0.490222326999646,0.522651701170309,0.044,0.027,1
Ssu72,0.490224390047229,0.66754598230031,0.031,0.018,1
Usp45,0.490241850770275,0.313801630166339,0.164,0.123,1
Cdc37,0.490293410614926,1.61905058046632,0.019,0.01,1
Mybpc1,0.490308361550129,0.35801170351021,0.126,0.07,1
Cacybp,0.490328917525805,-0.0412983767642476,0.044,0.037,1
Phospho2,0.490482684617241,-0.117093529903604,0.025,0.026,1
Abca12,0.490555314378186,0.0448100984088411,0.314,0.196,1
Jmjd6,0.490646340392039,-0.0451579695430038,0.013,0.015,1
Mill2,0.490660504619959,-0.177879509204837,0.013,0.016,1
Coro2a,0.490781826285403,0.58948569672561,0.094,0.051,1
Nfrkb,0.490843813345825,-0.112607870253109,0.063,0.044,1
Olfr875,0.49085336137459,1.47141402701756,0.013,0.005,1
Mllt4,0.490854135823166,-0.275964792396195,0.17,0.146,1
Cotl1,0.491031175548928,-0.0183437061591576,0.031,0.034,1
Mtx2,0.491036133156432,-0.0744498350698555,0.057,0.056,1
Srsf7,0.491046278799824,0.867010263549863,0.031,0.015,1
Glp2r,0.491066209150887,-0.197617505502514,0.101,0.092,1
Krt12,0.491094341583785,1.75011835749225,0.013,0.005,1
Pcgf1,0.491173664175734,0.273421133739053,0.013,0.013,1
Ofcc1,0.491177335654732,0.0932876868335275,0.346,0.27,1
M6pr,0.491192506078436,0.379163418662147,0.082,0.054,1
Meis1,0.491352518356252,-0.0944015444108777,0.119,0.102,1
Mab21l3,0.491368230491047,-0.296482227554542,0.025,0.026,1
Hnrnph2,0.491496714599009,0.312766598601462,0.025,0.013,1
Epc2,0.491512787542174,0.268431256842163,0.132,0.078,1
1110008P14Rik,0.49163250404706,0.0710923417633254,0.019,0.019,1
Alkbh4,0.49164613831106,0.752477551955941,0.031,0.017,1
Wdr53,0.491676514431973,-0.0233763997335172,0.031,0.024,1
Dclre1a,0.491753764189662,0.0786426372423357,0.031,0.035,1
Aspg,0.491759662372834,0.0800613282517935,0.019,0.029,1
Zfp507,0.491832080480475,-0.401122692710667,0.044,0.039,1
Prdx2,0.491838607392497,0.0962604205573392,0.006,0.011,1
Gm20695,0.491841153783544,-0.0459711455320226,0.082,0.067,1
Gpr1,0.491863572777142,0.735074048760444,0.038,0.021,1
Rb1cc1,0.491876323050228,-0.264968444042601,0.094,0.078,1
Src,0.491885825259471,0.978130073197746,0.057,0.029,1
C4bp,0.4919450743181,-0.140666415335499,0.025,0.028,1
Arhgap5,0.49216135576606,1.09303762464304,0.038,0.013,1
Fam151a,0.492278568779031,0.477471023710937,0.006,0.01,1
2810428I15Rik,0.492332741274248,0.112247635128955,0.013,0.015,1
Sde2,0.49235476640319,0.545919139831718,0.05,0.029,1
Tmem53,0.492419689067676,-0.0949361106351843,0.019,0.017,1
G6pc,0.492491044649512,1.44467516036828,0.019,0.005,1
Tjap1,0.492591137819881,-0.201190262285404,0.025,0.023,1
Thoc1,0.492706648189523,0.340891860701943,0.107,0.068,1
Zfp949,0.492800464158463,0.81946410593447,0.031,0.018,1
Klc1,0.492844419371908,-0.0253766777070616,0.025,0.029,1
Fam174a,0.492997245567165,-0.311246676452019,0.094,0.081,1
Klhl20,0.493037468808316,0.29519594495298,0.101,0.061,1
Fcgbp,0.493131175579931,0.252811436128697,0.113,0.062,1
Slc16a4,0.493160357616049,1.03734163040127,0.038,0.012,1
Ppp2r1a,0.493161379484412,0.451016477895853,0.101,0.059,1
Dkk3,0.493191367490418,0.667584797244568,0.063,0.027,1
Npcd,0.493249141312938,0.460227755521318,0.075,0.043,1
Ezh1,0.493413235744579,0.358120275615182,0.069,0.042,1
Slc13a5,0.49342991646259,-0.19048218642217,0.019,0.032,1
Gabrp,0.493493964077407,-0.328248436600742,0.044,0.049,1
Cdc25c,0.493498833490972,0.30997099054836,0.069,0.039,1
Tomm40,0.493511351372122,0.487366014839886,0.075,0.045,1
Adnp,0.493563095190683,0.618423720209735,0.013,0.016,1
Echdc1,0.493700803593559,0.284935939327308,0.094,0.059,1
Tnrc6a,0.493817543859679,1.1919261359875,0.044,0.017,1
Lrriq4,0.493835984816957,0.473233951661853,0.063,0.042,1
1700013H16Rik,0.493845155683937,1.11551495086152,0.025,0.009,1
Zcchc14,0.493864530494197,-0.171072147800388,0.05,0.039,1
Olfr70,0.493915300229928,1.81497607675284,0.013,0.005,1
Cnn3,0.493931944119122,0.647719735008887,0.057,0.027,1
Fancg,0.493981697474461,-0.17009129262116,0.006,0.01,1
Mettl1,0.493982190567778,0.300386901879277,0.006,0.01,1
Mis18a,0.494088853846525,0.616459203548977,0.05,0.021,1
Nfkbia,0.494124777556234,1.19324562950229,0.031,0.012,1
Prl3a1,0.494159248761947,1.25068538129637,0.019,0.012,1
Plk4,0.494179700836906,-0.283781528640701,0.069,0.06,1
Rab13,0.49438409178998,1.25635115176359,0.031,0.018,1
Dnmt1,0.494459653072322,-0.256304586201355,0.145,0.121,1
Tcte1,0.494480005152561,1.57354562389272,0.019,0.007,1
Prcc,0.494616942824422,-0.0656507332009948,0.038,0.033,1
Fam196a,0.494618942851546,0.860774271803853,0.038,0.027,1
Nrbp1,0.494674848222669,0.31553836124954,0.019,0.018,1
Actr1a,0.494695120824732,0.0251319493104969,0.025,0.027,1
Trip6,0.49470569927534,-0.0596383021258058,0.019,0.018,1
Pstk,0.494750459906507,0.380998542955669,0.019,0.018,1
Ppp5c,0.494764172901864,0.77961510467212,0.057,0.029,1
Metap1,0.494767789911825,0.341720775730378,0.094,0.053,1
Zfand1,0.49478875216377,0.34507724386626,0.101,0.052,1
Epb4.1l4a,0.494797910075071,0.151884501686586,0.327,0.22,1
Uhrf1,0.4947993241051,0.0134182068014246,0.013,0.027,1
Slc17a3,0.494846919011197,0.910149627694365,0.044,0.015,1
Mpped1,0.494980210181439,0.173007425258436,0.107,0.06,1
Gfod2,0.494999588005671,0.405062997576712,0.075,0.045,1
Efcab5,0.495165444375358,-0.17374918203798,0.094,0.073,1
Eci3,0.495233119462451,0.0507987653679045,0.013,0.016,1
Tmem44,0.49523630137976,-0.165036225295158,0.063,0.06,1
Atxn2,0.495243198042348,0.100588595011166,0.044,0.032,1
Casp3,0.495335550299207,-0.147809625495712,0.05,0.039,1
Copb1,0.495373562556375,0.98360347545516,0.038,0.018,1
Xrcc5,0.495471690658827,0.1920247443179,0.157,0.107,1
Gm21992,0.495498710584837,0.605673689709016,0.094,0.062,1
Fn3k,0.495681098763894,0.980051093490345,0.019,0.015,1
Map4k1,0.495700982163817,0.651091374543102,0.05,0.035,1
Mfsd2a,0.495803005940128,0.0590692572955751,0.019,0.021,1
Zdhhc11,0.495825670969242,-0.156720192378678,0.057,0.062,1
Dctpp1,0.496006138575661,-0.0216355994922068,0.013,0.016,1
Zbtb6,0.496195089814223,0.256995992110706,0.013,0.015,1
Armc7,0.496321563590445,0.0426341970149098,0.025,0.029,1
Mok,0.496327166320693,-0.247245938617235,0.031,0.036,1
Matn4,0.496395429616879,0.0064033266846586,0.019,0.02,1
Ankle2,0.496455461579421,0.0116099201795947,0.025,0.025,1
1700123O20Rik,0.496603638185181,0.0762819268506654,0.044,0.035,1
Chat,0.496714900287058,0.0977878838381807,0.038,0.026,1
Rnf41,0.496726892715726,0.67428601774516,0.05,0.031,1
Lor,0.496739257798065,0.0430565903783569,0.031,0.026,1
Ints7,0.496775296416671,-0.0868616978777195,0.107,0.092,1
Slc35e4,0.496942664556994,1.0736986680453,0.044,0.023,1
Smok2a,0.496990285373732,1.01773256175791,0.019,0.01,1
Zfp563,0.497078708940093,-0.145207359578957,0.019,0.021,1
Gmpr2,0.497148396546618,1.26956020592184,0.019,0.009,1
Col10a1,0.497320674756378,-0.244108186424199,0.013,0.018,1
Sult5a1,0.497337553067977,-0.194351604439927,0.025,0.02,1
1700026D08Rik,0.497387181659708,-0.211529077224336,0.031,0.021,1
Rpf2,0.497498547233951,0.661681632604705,0.069,0.029,1
Hsd3b2,0.497618002098055,0.8560457933043,0.031,0.016,1
Echs1,0.497742506726326,0.643482401217686,0.031,0.016,1
Tomm20l,0.497923459927003,1.17319271444451,0.038,0.015,1
Klf17,0.498014659248942,1.4072055994948,0.019,0.007,1
Isx,0.498055840974424,0.455930663197267,0.069,0.04,1
Lpcat3,0.498060466845453,0.0358429367465947,0.063,0.042,1
Hs3st2,0.498069945992031,-0.177434423131712,0.176,0.153,1
4930430A15Rik,0.498107787098277,-0.105702778780421,0.069,0.059,1
Ccrn4l,0.498116959050302,0.0047086498336526,0.044,0.042,1
Gm5878,0.498318147002038,0.387204967142647,0.013,0.013,1
Il13,0.498350816726357,1.43842863491288,0.013,0.004,1
Fam186b,0.498357119932679,0.811344473064061,0.038,0.019,1
Rdh16,0.498420123752543,0.655418536747125,0.05,0.029,1
Lims1,0.498613098758117,0.247667461417948,0.176,0.101,1
Pde6d,0.498636556580288,-0.219479582273148,0.063,0.045,1
Fbxo25,0.498739162142148,-0.146050273402528,0.044,0.049,1
Synpr,0.4987687678866,-0.165882601784713,0.377,0.335,1
Prss2,0.498814645322739,0.17853448783939,0.013,0.012,1
Rasl10b,0.498912573335397,1.32266578138963,0.019,0.007,1
Avpr1b,0.498923406609969,1.13597882260272,0.019,0.012,1
Dcp1a,0.498959841896744,0.613765147952337,0.069,0.041,1
Tec,0.499054962406505,-0.145261502702197,0.126,0.117,1
Sparc,0.499285722028579,0.856005911802118,0.044,0.02,1
Pias4,0.4993360719387,0.012270310182422,0.019,0.018,1
Pou3f3,0.499560014242063,0.965175843293513,0.019,0.012,1
A930002H24Rik,0.499584080991323,0.667831217014276,0.075,0.041,1
Myl9,0.499639558326875,1.28531963096549,0.013,0.007,1
Vmn2r92,0.499641106695964,-0.151918262655848,0.013,0.012,1
Fem1a,0.49969201219205,-0.112727468540126,0.019,0.024,1
Clec4b2,0.499989823359744,-0.292638485507261,0.025,0.027,1
Manba,0.500155997120638,-0.255166600284447,0.145,0.107,1
Kcnab1,0.500311239000681,0.0316692355519732,0.447,0.332,1
Ankrd10,0.500318231015975,0.627536896634373,0.05,0.032,1
Chil5,0.500359416369075,1.69478984882605,0.019,0.009,1
E2f3,0.500434358894102,0.285070071478117,0.208,0.125,1
Peg3,0.500625328348698,-0.21552290613357,0.132,0.108,1
Cib1,0.500708194924753,0.735500758438302,0.063,0.03,1
Zbtb25,0.500779883390902,0.0272274526902594,0.031,0.032,1
Cdkn2b,0.500887601849291,0.882087406421499,0.031,0.02,1
Fabp6,0.500899127726982,0.111703200709363,0.013,0.01,1
Ovch2,0.500947754423879,-0.397859749416559,0.044,0.043,1
Vps18,0.501045847410672,0.833469354859659,0.05,0.024,1
Tmed1,0.501192372210173,-0.224503006686531,0.025,0.016,1
Plod2,0.501289148907464,0.319455434172061,0.164,0.095,1
Syndig1l,0.501342406648642,0.339269518808626,0.019,0.015,1
Tsnax,0.501363371410777,-0.154484548768436,0.025,0.024,1
Pvrl3,0.501408229260629,-0.191330529042486,0.22,0.185,1
Nbr1,0.501428631406149,0.265982662996229,0.044,0.029,1
Stag2,0.501453636661862,-0.374498826662903,0.05,0.038,1
Pfkfb4,0.501549426476493,0.550936437876938,0.069,0.05,1
Igsf9b,0.501832521335829,0.599282342088334,0.075,0.032,1
Ndrg3,0.501834944877067,0.857204760125111,0.05,0.03,1
Rab11fip4,0.501876888398851,0.410440484561373,0.119,0.059,1
Pebp1,0.501889074149933,0.984472406187093,0.025,0.012,1
Coq10a,0.501903689482677,1.46066389422252,0.025,0.01,1
Rlbp1,0.501915159219184,-0.115053566655931,0.025,0.024,1
E2f1,0.501972449561693,-0.0359493553054797,0.019,0.018,1
Lyg2,0.50214860479628,1.67285099127797,0.019,0.007,1
Olfr56,0.502228308914076,-0.251686136309903,0.145,0.106,1
Fmnl2,0.502434581649479,-0.087396860088889,0.145,0.133,1
Utp23,0.502469455235584,0.140212895201487,0.038,0.027,1
Gm5423,0.50259866289951,1.66042001054764,0.013,0.004,1
Cd151,0.502604750161707,0.126224542792539,0.006,0.01,1
Acn9,0.502694306261325,0.267118694638676,0.151,0.076,1
Sh2d3c,0.502707515476025,-0.105964806412663,0.025,0.025,1
C230052I12Rik,0.502723496961055,-0.00629037428882739,0.019,0.022,1
Eif5b,0.502817124321801,0.0434111811172997,0.075,0.058,1
Dctn1,0.503032981986582,-0.169541257562782,0.038,0.024,1
Wdfy1,0.503118478096872,-0.178408267575845,0.088,0.071,1
Cuta,0.503292026561205,0.720930439683071,0.031,0.018,1
Vasp,0.503316932151157,0.065201609575765,0.013,0.018,1
Eif1ad,0.503324684067473,0.491436536523024,0.013,0.01,1
Tmem167,0.503424880708564,0.145260794785272,0.17,0.093,1
Unc93b1,0.503504543904442,-0.0156276637264705,0.025,0.02,1
Bpifa2,0.50358501856673,1.54066715739159,0.019,0.005,1
Ctps,0.503782859485204,-0.118783785200784,0.063,0.052,1
Slc31a2,0.503791741196214,-0.25760558647919,0.063,0.051,1
4931428F04Rik,0.5038160194889,1.55911722421996,0.019,0.008,1
Chd1,0.503858259139003,-0.163975325458669,0.101,0.083,1
Fgfbp1,0.503923335987235,0.149538131897359,0.006,0.01,1
Gm16505,0.503985927460321,0.919510809300861,0.025,0.016,1
Dydc1,0.504009607066509,-0.188633021494646,0.038,0.034,1
Tex261,0.504056005477202,0.015718987527567,0.019,0.016,1
Zfp202,0.504125892033886,-0.563358775767498,0.044,0.049,1
Amn,0.504186946375901,1.51216915003916,0.019,0.004,1
Ccdc88b,0.504186992056601,0.0589519576280164,0.006,0.01,1
S100a9,0.504246047561326,1.93736913029713,0.019,0.004,1
Hyal6,0.504326693734489,-0.0486863493285847,0.013,0.017,1
Col15a1,0.504584530043331,0.309235495723986,0.189,0.101,1
Prss28,0.50462385931589,1.23442350800306,0.025,0.008,1
Aida,0.504671495208116,-0.31613545968869,0.038,0.038,1
Dtd2,0.504680263896346,-0.0529452323679944,0.031,0.027,1
Epb4.1l4b,0.504682438921118,0.279521612446855,0.189,0.129,1
Zfp819,0.50468247496713,-0.225785278127607,0.019,0.016,1
Pa2g4,0.504711465624116,-0.146333725435173,0.025,0.029,1
Brox,0.504714670447971,0.452937878302192,0.044,0.023,1
Cpox,0.50476699703228,0.547656016579664,0.05,0.038,1
Cyp2u1,0.504770981769303,0.719409632354877,0.057,0.022,1
Cst3,0.504801654786564,1.22078159757109,0.025,0.014,1
Itgae,0.504811824701488,0.278853954555146,0.119,0.07,1
Pi4k2a,0.504870452536162,0.387804480461373,0.082,0.04,1
Dok3,0.504933099191231,1.4038700546693,0.019,0.007,1
Pard6g,0.505028924824571,-0.246644684730993,0.151,0.113,1
Kdm1a,0.505052327719099,0.858079723411743,0.044,0.021,1
Nat2,0.505089782528509,0.0223037039295741,0.019,0.03,1
Odam,0.505098262260443,0.675429510510712,0.031,0.015,1
Sphkap,0.505115872062559,-0.0686998548717237,0.157,0.16,1
Mcoln2,0.505212427255474,-0.30050242444665,0.088,0.07,1
Klrb1b,0.505286153119186,0.181175235048782,0.025,0.014,1
Hbb-bs,0.505298529734644,1.57866709259786,0.013,0.004,1
Ccno,0.505381337465011,0.547368640699191,0.038,0.023,1
Golm1,0.505420263072565,0.532816567235217,0.069,0.041,1
Prrg3,0.505663105564367,0.0945159383607486,0.019,0.022,1
Tnmd,0.505672279436964,0.594612827544209,0.013,0.007,1
Tcp1,0.505687349796491,0.198829121332123,0.013,0.015,1
Thtpa,0.505699992958137,-0.177561964785252,0.025,0.038,1
Rp9,0.505918681987033,0.691744575055853,0.05,0.028,1
Usp15,0.50595170165883,0.223991260619142,0.164,0.097,1
Fbxw10,0.505979804044295,0.763549510948073,0.075,0.038,1
Wipf2,0.506006490988925,1.03187909150541,0.044,0.02,1
Ulk2,0.506010000589196,-0.0777974961413612,0.05,0.045,1
2810417H13Rik,0.506170723499386,1.29264051522132,0.025,0.01,1
Olfr1229,0.506187173304421,1.22893192198066,0.025,0.008,1
Zfp488,0.506194911883499,0.21558114812078,0.013,0.015,1
Trpc4,0.506221959560839,-0.142582650653166,0.189,0.167,1
Dus3l,0.506225378395894,1.24721354198827,0.025,0.019,1
Slit2,0.506285206134925,-0.218972948977206,0.491,0.425,1
Serpinb6c,0.506390364986023,-0.194984294663297,0.031,0.031,1
Dnaaf3,0.506419498434018,0.477319028593735,0.038,0.022,1
Sptb,0.506565891526362,-0.253757306615221,0.132,0.119,1
Arcn1,0.506585307154438,1.26989771262986,0.025,0.01,1
Fbn1,0.506629793224657,0.0499118448044111,0.333,0.2,1
2300009A05Rik,0.506701927705892,1.15244140509679,0.019,0.009,1
Ube2g2,0.506800746895578,-0.106146041481012,0.057,0.042,1
Nmnat3,0.506804989017182,0.184102964907434,0.22,0.147,1
Fam179a,0.506906801490983,0.244778766596097,0.088,0.065,1
Pex1,0.506940223122916,-0.34684192005089,0.094,0.07,1
Tnfrsf12a,0.506962277901547,0.175077854667745,0.013,0.015,1
Sh2b2,0.507092705155495,0.671735733053004,0.044,0.02,1
Gpr61,0.50709448717396,-0.0744341041541379,0.013,0.013,1
Clcf1,0.507232973938694,0.848676022965102,0.031,0.015,1
Capn11,0.507286161345213,0.161300288988691,0.031,0.031,1
Elp2,0.507422097007182,0.296278072613414,0.126,0.076,1
Foxo6,0.507459826108689,-0.0427830785570675,0.031,0.038,1
Ubash3b,0.50754051270891,-0.291498435714785,0.113,0.093,1
1700017B05Rik,0.507584093839708,0.350465469464209,0.019,0.016,1
Zfp560,0.507645319773283,-0.221336427615174,0.025,0.021,1
Zfp503,0.507906849611946,0.0737422144997764,0.013,0.019,1
Tab3,0.507952168255241,0.458466589107005,0.088,0.05,1
Dpp3,0.507983426416202,0.596527418649507,0.057,0.031,1
Ublcp1,0.507983442424404,-0.229488451471352,0.044,0.035,1
Ctsz,0.507999783684075,0.490921487348992,0.044,0.024,1
4921524J17Rik,0.508024153954074,0.671925839863892,0.044,0.023,1
Nploc4,0.508109249316341,-0.179774126840266,0.05,0.042,1
Chst2,0.508142085754662,0.148768509998354,0.031,0.027,1
Ppp1r8,0.508162921657271,0.8982214164697,0.006,0.013,1
Celf1,0.508320967699016,0.589211587669873,0.044,0.034,1
Gab2,0.508331612492405,-0.227304138190922,0.157,0.139,1
Cyp3a13,0.508402707156971,0.191020072466038,0.025,0.025,1
Hnmt,0.508421663902228,-0.137569701382259,0.057,0.053,1
1700010I02Rik,0.508422442791066,-0.344271391611993,0.05,0.051,1
Sult2a2,0.508476020154153,0.982792077187066,0.013,0.009,1
Ifi205,0.508560239078792,1.07935495020587,0.031,0.017,1
Nol10,0.508640668789998,0.191415151519661,0.182,0.126,1
Prokr1,0.50864432054916,0.994023258738746,0.019,0.013,1
2510003E04Rik,0.508871485885536,0.48572800367232,0.057,0.038,1
B2m,0.508929745791204,0.206546169396558,0.019,0.018,1
Fabp2,0.509049499186986,1.8524274294704,0.013,0.005,1
Dkk1,0.50922826434444,0.59545066118215,0.006,0.01,1
Adamts17,0.509302994397685,-0.21819764429901,0.333,0.241,1
Rhobtb1,0.509338197429856,-0.263013873287016,0.176,0.159,1
Gm11541,0.509383731369079,1.20040866103143,0.019,0.01,1
Cfhr1,0.509455932044843,-0.29284441787236,0.013,0.017,1
Scg5,0.50957629578689,0.198135553121794,0.17,0.108,1
Cpsf7,0.509603047239385,0.651847397183791,0.038,0.021,1
Phc2,0.509652116336403,0.412076931821861,0.151,0.082,1
Fan1,0.509680368263587,-0.0633146860513323,0.057,0.05,1
Tsc1,0.509697904931738,-0.287023865767165,0.075,0.067,1
1810030O07Rik,0.509758823134279,0.340170081065479,0.013,0.012,1
Yipf5,0.509850077663291,0.73379928045394,0.082,0.037,1
Txnrd2,0.510108469909797,-0.32085949650996,0.107,0.084,1
Phf7,0.510183344269693,0.0466662811256162,0.031,0.027,1
Coro7,0.510198891925171,0.069815093298276,0.05,0.054,1
Smoc2,0.510274898818565,0.128931923187443,0.214,0.141,1
6330409D20Rik,0.510303290496539,1.60351514567068,0.013,0.007,1
Ccdc80,0.510330108775025,0.58902994003017,0.063,0.04,1
Tmem248,0.510426503894916,0.0615733568876111,0.019,0.017,1
Dcaf12,0.510509304231578,0.0811270112275153,0.025,0.02,1
Leprel4,0.510545617934449,-0.331395406504964,0.013,0.015,1
Stambpl1,0.51072448773284,0.413826456919364,0.119,0.059,1
Clip2,0.510795035076736,-0.104173700693096,0.038,0.046,1
Recql4,0.510871629867862,0.801350294897129,0.013,0.013,1
4933416C03Rik,0.51095540318441,1.29731550194522,0.013,0.006,1
1700086D15Rik,0.510989040183496,0.0916827212559523,0.006,0.011,1
Gm438,0.51100731387577,0.158915663330943,0.006,0.015,1
4932443I19Rik,0.511058545577352,0.79741414376541,0.044,0.024,1
Xrcc6bp1,0.511062021115817,0.479916545741055,0.063,0.038,1
Gm20594,0.511262992609838,1.94968625064716,0.013,0.004,1
4933413G19Rik,0.511284726663356,0.826119899411282,0.038,0.016,1
Ndc80,0.511405696212333,0.253238882171516,0.138,0.085,1
Mrrf,0.511491248602926,0.310952571035996,0.126,0.081,1
Gpr65,0.511610301263855,1.04194773739499,0.019,0.012,1
Ehd2,0.511627546200933,0.546929610651113,0.05,0.033,1
Prdx3,0.511661155785196,-0.215253629469616,0.031,0.029,1
Kcnip3,0.511782399612423,-0.0476184461522662,0.063,0.049,1
Mageb16,0.511927702587509,-0.281835617246961,0.031,0.032,1
Vmn1r219,0.511957697661671,1.90661068402258,0.013,0.004,1
Pawr,0.512083231341236,0.163904278007922,0.214,0.127,1
Cyp2c39,0.512106659180784,-0.123999261741597,0.025,0.027,1
Tyr,0.51227366346186,-0.177393318234235,0.126,0.093,1
Dhx58,0.512289728920825,-0.0519173772109012,0.019,0.017,1
Zdhhc23,0.512494542323608,0.565206034387198,0.019,0.015,1
Fopnl,0.512585219345472,-0.0376962360252371,0.063,0.054,1
Nefh,0.512591054852847,1.37067688914907,0.013,0.005,1
Mycbpap,0.512607953867378,0.742544323146035,0.038,0.015,1
Steap1,0.512624762800715,-0.211930440581748,0.069,0.052,1
Mynn,0.512676590661062,-0.385222438921057,0.031,0.038,1
Ccdc144b,0.512740584688619,0.295901302708107,0.082,0.046,1
Gnb5,0.51278564169304,0.27913257811474,0.119,0.062,1
Stoml2,0.512798522854133,1.19073301547992,0.025,0.01,1
9330161L09Rik,0.512809415998305,2.04263286104554,0.013,0.005,1
Dhdh,0.512854273741855,0.257189217956669,0.025,0.021,1
1700061G19Rik,0.512902765700804,0.948435460334634,0.031,0.013,1
Amdhd2,0.512942612857826,1.09913648884042,0.019,0.01,1
Ninj2,0.513195814671721,0.124277409769531,0.075,0.074,1
Kdm4b,0.513228125106531,0.48174025801802,0.113,0.078,1
Ankrd17,0.513336614314695,0.440766128805721,0.119,0.074,1
Mrpl9,0.513406331468268,0.696852286874658,0.031,0.02,1
Slc24a5,0.513430868061872,0.720583960055114,0.044,0.026,1
Hspa13,0.513521175587755,0.266276939456271,0.094,0.053,1
Slc35a3,0.513644357742201,0.0418637223069185,0.057,0.045,1
Il6ra,0.513692228350959,-0.261374895557701,0.031,0.027,1
Rnmt,0.513812335938197,0.436732724981328,0.057,0.03,1
Pitpnb,0.513829433092783,-0.0940953523844748,0.069,0.051,1
Zfp709,0.51384198146628,0.976642752024344,0.025,0.013,1
Ireb2,0.513845862585565,-0.227617894651364,0.063,0.047,1
Carns1,0.513904405174703,0.0499169271064925,0.031,0.042,1
Eif2b5,0.513925797142148,0.233105595584713,0.019,0.018,1
Klrb1,0.513927603466529,-0.142030769115832,0.031,0.033,1
Glis1,0.513954211821305,0.204987267805814,0.27,0.153,1
Syt3,0.513986900505112,0.69877371289667,0.044,0.027,1
E030010N08Rik,0.514002616645674,0.400576237838878,0.113,0.057,1
Zfp598,0.514092330543998,0.695119955404733,0.044,0.023,1
Slc16a2,0.514187238150298,-0.395482759139342,0.119,0.093,1
Atp6v1d,0.514205155908587,0.592068501654842,0.031,0.023,1
Fam210b,0.514213970593538,-0.144771084200547,0.057,0.044,1
5730455P16Rik,0.514216027322846,0.915446830864092,0.038,0.015,1
Ebf4,0.51424806204926,-0.121987108933111,0.082,0.071,1
Inpp5k,0.514259469847762,0.436518890780842,0.013,0.021,1
Nek10,0.514475167950022,-0.295890441883366,0.377,0.295,1
Rgs9,0.514486733214,-0.106744166102016,0.075,0.068,1
Esm1,0.514488850403657,0.977929863877275,0.025,0.011,1
Synj1,0.514625723310692,0.239132524244906,0.119,0.065,1
Pate2,0.514740022938977,-0.212761894183851,0.113,0.098,1
Traf1,0.514772586513323,0.85705497059957,0.044,0.023,1
Poln,0.514790087465419,0.346180406492019,0.113,0.085,1
Elfn1,0.514806729236632,-0.0294788270180018,0.044,0.037,1
Slc41a1,0.514878007282633,0.69185464520853,0.057,0.024,1
Lrrc3b,0.514970690270567,-0.277691937630521,0.164,0.137,1
Eml3,0.515033081324727,0.129847074127508,0.019,0.015,1
Tcf25,0.515059225226761,0.637984444483931,0.063,0.035,1
Tmem160,0.515185182853389,0.189011653225539,0.019,0.016,1
BC005624,0.515265850195106,-0.167635927968119,0.044,0.034,1
Nop58,0.515277812332769,0.440783883299241,0.057,0.03,1
E130309D14Rik,0.515301981769294,-0.350512732574422,0.038,0.036,1
Clec2e,0.515357423140147,-0.168652835922974,0.019,0.017,1
Retnlg,0.515384848509937,1.33050567200921,0.013,0.01,1
Mrap,0.515406804604453,1.01672254092121,0.031,0.016,1
Prdm10,0.515407054731795,0.370965991678715,0.195,0.106,1
Apaf1,0.51548923078325,-0.233093540115654,0.214,0.16,1
Bloc1s6,0.515513582789766,0.00116232984617515,0.025,0.022,1
Pvr,0.515552848542338,0.589839100308334,0.05,0.027,1
Abhd6,0.515624485510428,0.153314407477199,0.069,0.07,1
Gm14403,0.515688444004171,0.0338374560591683,0.019,0.015,1
Mos,0.51570023170328,1.50487616653337,0.019,0.006,1
N4bp1,0.515792261484811,0.733160263064968,0.057,0.031,1
Scube3,0.515972623351955,0.63658533717815,0.069,0.035,1
Rps16,0.516014665851269,-0.0203825903547212,0.019,0.016,1
Sorcs2,0.516034817528198,0.362961646846876,0.264,0.176,1
Clec4a2,0.516244761560869,-0.211271945986963,0.031,0.034,1
Tcp11l1,0.516351856880022,-0.256174901293581,0.113,0.081,1
Rnf180,0.516499930141754,0.125997712469141,0.296,0.203,1
Cramp1l,0.51650341428989,0.0561207755026834,0.069,0.054,1
Ccdc62,0.516572804961988,-0.0324866102682231,0.038,0.032,1
Gimap1,0.516600318335514,1.78603712225758,0.013,0.004,1
Papd7,0.516752135555626,0.366697302585765,0.126,0.065,1
Zbtb8a,0.516822644059726,1.10212644690888,0.038,0.019,1
Zim1,0.516991437821604,0.252109420331233,0.107,0.076,1
Banp,0.517013688405969,0.285901627228914,0.145,0.1,1
Poglut1,0.517014508101928,0.0573240044769028,0.031,0.026,1
Usp50,0.517152950965999,-0.00689510231293955,0.082,0.065,1
Olfr558,0.517180421613691,-0.0901419760667839,0.019,0.018,1
Mllt10,0.517428291730347,0.455151176204395,0.113,0.067,1
Slc12a3,0.517680169100136,-0.223633474489001,0.057,0.052,1
Rab40c,0.517798974729736,0.0374876428729456,0.063,0.072,1
Adprhl2,0.51793002706602,-0.160668602463423,0.019,0.015,1
Fpgt,0.517936562230266,-0.1120431443795,0.069,0.065,1
Add3,0.517988460101418,0.502868882601836,0.132,0.081,1
Prl7a2,0.51798987046759,-0.265547476528011,0.006,0.01,1
Pvrl4,0.518252706012966,-0.248392822998649,0.019,0.02,1
Larp7,0.51835936425637,-0.173032989029383,0.057,0.046,1
Vmn2r23,0.518398138278184,-0.0365510272054275,0.038,0.042,1
Abcb11,0.518414984804538,-0.340770517401858,0.138,0.128,1
Otog,0.518429506142504,0.201653974442175,0.151,0.091,1
Myrip,0.518484016331143,-0.214021225912782,0.176,0.153,1
Ube2j1,0.518490029376206,0.0525220017262704,0.038,0.033,1
Pigb,0.518565905160079,0.367867385503724,0.094,0.052,1
Ipo8,0.518602151396448,0.183679250559329,0.176,0.114,1
Adra2c,0.518619234085907,2.19125247880083,0.013,0.004,1
Diras1,0.51863836505484,0.848925765079013,0.025,0.01,1
Ccdc69,0.518748446258575,0.483806637481947,0.05,0.023,1
Erp29,0.518781105621229,0.718563911154946,0.05,0.029,1
Pabpc5,0.51884856729507,0.165522519219023,0.013,0.011,1
Cyba,0.518896230781225,1.0515916610332,0.019,0.008,1
Arg2,0.518992636592483,0.598035443902513,0.057,0.027,1
Dhdds,0.519064882636909,0.600325784565884,0.069,0.038,1
Cep170b,0.519108722464811,0.201240283698503,0.05,0.037,1
Sgpp1,0.519138629974304,0.428648993928249,0.025,0.02,1
4930502E18Rik,0.519139878403019,0.0300161684214535,0.025,0.02,1
2410004P03Rik,0.519141473445264,1.06474828517316,0.025,0.014,1
Nfatc3,0.519180808185401,0.463929654129227,0.094,0.053,1
Parp14,0.519269609788222,0.0557352476257398,0.038,0.045,1
Anks3,0.519303095273875,0.111797021778355,0.05,0.042,1
Gm996,0.519436918067413,0.265142063028509,0.013,0.015,1
Acot6,0.519461611668112,1.59487837322309,0.013,0.005,1
Dusp23,0.519466722178993,-0.102793938250708,0.044,0.04,1
Gsta3,0.519497184776779,0.337796570088621,0.082,0.051,1
P2rx1,0.519585126635377,0.239300755972273,0.019,0.026,1
Pecr,0.519599292919018,0.723882506582655,0.069,0.034,1
Cdh1,0.519674421116028,0.322877445502964,0.101,0.058,1
Ufsp1,0.519731858293031,-0.0158731993861956,0.019,0.018,1
Olfr285,0.519737863150155,1.67902702575601,0.013,0.004,1
l7Rn6,0.519791109008929,-0.423058766098392,0.05,0.043,1
Otop2,0.519956567460352,0.578735875606369,0.038,0.021,1
Wdr60,0.519977796007483,0.122375102068255,0.164,0.111,1
Tnks2,0.52000190178709,0.770150185919225,0.057,0.023,1
Slc22a30,0.520128914742484,-0.246466376995096,0.025,0.023,1
Ccdc14,0.520130009321704,-0.0519109880291824,0.069,0.051,1
2610044O15Rik8,0.520261569266872,0.0248279328150023,0.031,0.026,1
Wdr36,0.52030416766708,-0.0698743372890238,0.069,0.078,1
4933402D24Rik,0.520416315746253,0.743068265012694,0.038,0.024,1
Rnf212,0.520470122615452,1.0568965898138,0.038,0.016,1
Dlgap4,0.520508035310505,0.332712372201345,0.145,0.1,1
Chst5,0.520555476360598,1.21851617296294,0.019,0.009,1
Kdm7a,0.520578284856695,0.447304187973879,0.094,0.052,1
Hsd17b7,0.520687719974504,0.439742976920706,0.088,0.062,1
Kdm5d,0.520702781520619,0.288784648427056,0.025,0.022,1
Gal,0.520821034061831,0.748687862158937,0.025,0.013,1
Vdac3-ps1,0.520967097433624,1.69394675819882,0.013,0.004,1
Sema6b,0.52106237764366,0.802153172028448,0.038,0.02,1
Zfp358,0.521078508115934,-0.0866189874673795,0.013,0.016,1
Pex11b,0.521137955134873,0.955874271579813,0.038,0.015,1
Dcun1d1,0.521161011590993,-0.258532615549886,0.063,0.049,1
Mfng,0.521259351565333,0.320867843904796,0.013,0.015,1
Pot1b,0.521279297860818,0.166893672141937,0.145,0.1,1
Slmap,0.521418743256828,0.360222110434424,0.126,0.079,1
Aph1b,0.521451032401734,-0.126826068290486,0.05,0.048,1
Wdr1,0.521501306639365,-0.0713099041001808,0.063,0.056,1
Phf23,0.521708465739941,0.135441486097587,0.019,0.024,1
Ffar4,0.521775341051078,0.935205965866608,0.031,0.02,1
Cxxc4,0.521797538549062,0.284016147569014,0.107,0.062,1
Fcer1a,0.521907304443414,0.90049228767331,0.031,0.014,1
Sept14,0.52196505801529,-0.0424749950487966,0.013,0.014,1
Ggact,0.521984056448237,0.133496022227134,0.195,0.116,1
Shisa5,0.522154153921079,-0.013439170999809,0.019,0.021,1
Nfatc2ip,0.522291641590248,-0.0445169628459965,0.057,0.046,1
Ak3,0.522369117989487,0.244429767552363,0.025,0.024,1
Slc9a5,0.522399902637756,0.0623055340295995,0.031,0.033,1
Ttll3,0.522607389877625,0.73633131906023,0.044,0.016,1
Iqgap1,0.522649867608603,0.379755099144473,0.151,0.081,1
Rps17,0.522740987225451,0.32720207034521,0.013,0.013,1
Gm28919,0.522815411677411,1.72254658081676,0.013,0.005,1
Fuca1,0.522887282856944,0.234210023094042,0.025,0.024,1
Isy1,0.522955943523881,0.868139041381626,0.044,0.019,1
Zc3h7b,0.523017421370191,-0.0159927253722305,0.025,0.034,1
Sv2c,0.523031244855444,0.12595836575561,0.233,0.175,1
Cd5l,0.523034146025856,0.927829988438578,0.044,0.016,1
Zfp11,0.523044848794027,0.511873013998734,0.019,0.018,1
Rpa2,0.523060989030647,0.719545158863711,0.05,0.025,1
Ndufv3,0.523062753794947,1.14370178383224,0.019,0.016,1
Pisd,0.523070317250537,-0.269618704648718,0.069,0.062,1
Gpn1,0.523099470811347,0.449528633695459,0.063,0.033,1
Il1rl2,0.523131814486737,-0.255435789411073,0.057,0.054,1
Lipg,0.523207003991072,0.936800967389599,0.031,0.016,1
C030017K20Rik,0.523228805822519,-0.0989265636009797,0.057,0.051,1
Rhpn1,0.523253931949293,-0.0367160739661241,0.031,0.025,1
BC052040,0.523305777429925,0.0398733862041234,0.447,0.295,1
Syncrip,0.523342536116592,0.0978322326297487,0.044,0.045,1
Acp2,0.523390412760656,0.930964591043848,0.025,0.013,1
Gm8251,0.523440163869551,2.04917165003823,0.013,0.003,1
Sun1,0.523484149148295,0.534804941781776,0.082,0.051,1
Micu3,0.523490682508657,-0.113427277137824,0.119,0.118,1
Cntnap1,0.523647495619093,-0.254899166315634,0.044,0.045,1
Helq,0.523654482831835,-0.187311700619942,0.119,0.1,1
Crtac1,0.523729868775828,0.262998006399606,0.126,0.093,1
1700011H14Rik,0.523746610674821,-0.405662709587423,0.038,0.043,1
Lactb2,0.523791624688923,-0.292631166178206,0.082,0.07,1
Rap2c,0.523805878691211,0.915207658476366,0.031,0.018,1
Gimap4,0.52381480219973,0.233273137951467,0.006,0.01,1
Tas1r1,0.52382556515763,0.0251071004248624,0.025,0.02,1
Rtp1,0.523973756813052,1.70724370605139,0.013,0.004,1
Mbnl3,0.523981872257182,0.253139331822724,0.094,0.068,1
Col5a1,0.524007924568718,0.118374279111987,0.208,0.137,1
Lysmd3,0.524344928602556,-0.152238306364218,0.063,0.062,1
Ly6i,0.524357000929647,0.135020854177692,0.013,0.011,1
Il27ra,0.524393346163444,0.257606706241504,0.025,0.027,1
Acvr1c,0.524477803947942,-0.208441642935164,0.17,0.128,1
Inafm1,0.524480852436547,1.09373569448957,0.019,0.012,1
1700013F07Rik,0.524505502139781,1.06947620514026,0.025,0.008,1
Ccnh,0.524625954549135,-0.308920908456723,0.094,0.074,1
Mup5,0.524640898114122,0.358663291925242,0.006,0.01,1
Higd1c,0.524648960634094,1.02289190260424,0.025,0.013,1
Pacsin1,0.524740381613715,0.452828569206647,0.057,0.038,1
Prdm1,0.524805330468803,0.206896785719384,0.151,0.084,1
Asb17,0.524851949992631,1.04481685119123,0.025,0.012,1
Ythdf2,0.525047398738428,-0.195734718967919,0.013,0.013,1
Nars2,0.525131502126672,-0.194550541437784,0.151,0.12,1
Dapk2,0.525133448639225,0.0241553808669215,0.088,0.089,1
Il22ra1,0.525198621995024,0.316429905743516,0.019,0.015,1
Ndufs1,0.525215926847349,0.243551038261036,0.019,0.022,1
Sept6,0.525369710904237,0.508125768129792,0.075,0.041,1
Apoe,0.525389591429911,1.12574153687593,0.019,0.007,1
2310003L06Rik,0.525436702136204,1.01092321184116,0.013,0.01,1
Rrm2b,0.525444153648413,0.365677203811962,0.082,0.04,1
Ubac1,0.52553470152071,-0.0240345959179722,0.025,0.026,1
Gcom1,0.525601962061575,0.390101912368438,0.126,0.084,1
Ufd1l,0.525610195163512,-0.31599082585739,0.038,0.034,1
Dync1i2,0.525612978317668,0.751895800510266,0.044,0.029,1
Il17ra,0.525659072915436,0.90768204199877,0.038,0.021,1
Anxa10,0.525667179896024,-0.184103594144247,0.113,0.106,1
Ube4a,0.525700080104326,0.532205309380469,0.069,0.034,1
Aldh9a1,0.52574703334461,0.425111537558975,0.082,0.039,1
Naaladl1,0.525836642563716,-0.111937656541995,0.013,0.016,1
R3hdm2,0.525871475414367,0.416273604031511,0.151,0.095,1
Ccrl2,0.52594552027487,1.54380099852823,0.019,0.006,1
Scn8a,0.525982414610244,-0.0727229786702495,0.138,0.123,1
Maged2,0.526035889428654,-0.0761824106139422,0.019,0.018,1
Lpcat2,0.526060395697932,0.384865666074797,0.075,0.033,1
Atg2a,0.526201434728858,0.262187610300233,0.019,0.019,1
Sarm1,0.526236539444902,0.585172770713136,0.044,0.03,1
Parvg,0.526263797980163,1.12508493528465,0.025,0.012,1
Nsun4,0.526325393274207,0.0992553514307888,0.031,0.028,1
Slc28a1,0.526362303134704,0.496210325744075,0.107,0.063,1
Tpgs1,0.526431858047357,-0.0479786550513257,0.019,0.021,1
Cnot7,0.526657817447488,-0.214831197253858,0.05,0.038,1
Ube2l3,0.526681024942542,0.638449403173376,0.031,0.016,1
Dnase1l1,0.526729614386927,1.42141848875786,0.013,0.004,1
Cer1,0.52679464195137,1.0202038795084,0.031,0.011,1
Ergic3,0.5268136581555,0.215962143661236,0.025,0.027,1
Pax1,0.526876185743013,0.506748366140344,0.038,0.026,1
Slc6a18,0.526917074110244,0.623437938206445,0.038,0.028,1
Lppr3,0.5270455468048,1.36305429452053,0.013,0.005,1
Zc2hc1a,0.527058409584787,-0.0952068730331215,0.126,0.145,1
Gm5127,0.5270611421584,-0.102751399585713,0.075,0.07,1
Olfr455,0.527063697475282,1.45896349205975,0.013,0.005,1
Slc22a1,0.527415755104227,0.516954164911591,0.05,0.027,1
Pomp,0.52753918422714,-0.0290505060597104,0.038,0.026,1
Polr3a,0.52754032903438,-0.192790480584263,0.057,0.067,1
Nrsn1,0.527560011731632,0.695433930332177,0.044,0.032,1
Snrpc,0.527606563505886,0.935870101839962,0.019,0.013,1
Bmp3,0.527631731557844,-0.165507272915063,0.082,0.072,1
Fam71f2,0.527636549727373,-0.370174516220331,0.025,0.021,1
Hmgxb4,0.527747597296605,0.409460018071072,0.088,0.06,1
Braf,0.527808191717502,0.324100149580499,0.126,0.093,1
Gm7714,0.527860413360084,0.825904194524367,0.031,0.023,1
Cutc,0.528124084973436,0.0401467082571658,0.031,0.04,1
Paox,0.528227553727024,0.606781303293231,0.05,0.032,1
Mrpl19,0.528271451572485,0.938875711064096,0.031,0.023,1
Reps2,0.528288000066833,-0.254833943406813,0.201,0.139,1
Gprasp2,0.528357629007189,-0.0312345489185368,0.013,0.013,1
Rprd1b,0.528437683809278,0.409008264070225,0.107,0.062,1
Slc36a2,0.528496345924236,0.491420281212643,0.063,0.031,1
Sec22c,0.528665126255259,0.179664169157046,0.019,0.024,1
Aim1,0.528688992788831,0.185521547747852,0.145,0.074,1
Hdac10,0.52872238291816,0.0130602728983638,0.013,0.015,1
Mrgprb2,0.528736304832392,0.376143235437237,0.013,0.009,1
Myd88,0.528784496422242,0.0449509458205073,0.019,0.02,1
Cks1b,0.528864484514687,1.11167018240541,0.019,0.01,1
Acpp,0.529025488321442,0.246616460150996,0.113,0.07,1
Ackr2,0.529030010057223,1.39939976429634,0.025,0.013,1
AF529169,0.529103993504403,0.110009565733142,0.126,0.079,1
Gpx8,0.529128580633845,0.598877614927185,0.013,0.013,1
Rhobtb2,0.529130442434861,-0.0419789258440764,0.031,0.029,1
Gpr33,0.529356386904143,1.24771390966757,0.013,0.007,1
Rrm2,0.529419980007782,0.895801817674577,0.038,0.021,1
Mrps30,0.529438710049093,-0.00456199773798716,0.038,0.031,1
Hist1h4j,0.529450988510828,1.25327450932792,0.019,0.007,1
Xrcc2,0.529481160176643,0.816810328311671,0.038,0.021,1
Galnt9,0.529509949413836,0.492930168014681,0.107,0.045,1
Kcnk16,0.529547831490302,1.15877398076854,0.019,0.008,1
A830010M20Rik,0.529573842506995,0.153647171305988,0.189,0.101,1
1700025F22Rik,0.529590020727465,-0.0549053328497458,0.019,0.023,1
Hkdc1,0.529644001327691,-0.0857120842435526,0.038,0.037,1
Rfxap,0.529655075980383,0.845837951149189,0.038,0.025,1
Spata9,0.529737153609567,0.564409146716032,0.069,0.042,1
D130052B06Rik,0.52979299234589,0.356378589618424,0.088,0.051,1
Manea,0.529870584330992,0.389133530741623,0.101,0.062,1
Lama5,0.530088642091422,-0.0445673405494178,0.044,0.038,1
Gm6658,0.530161582758784,0.207721429915233,0.013,0.012,1
Cyb561,0.530257070892684,0.170441154087014,0.013,0.015,1
Slc1a7,0.53030126775479,0.574590858967714,0.044,0.029,1
Cipc,0.530325510974017,0.105627394809384,0.013,0.017,1
Cd276,0.53046872012033,0.0194058071835457,0.038,0.032,1
Tmem199,0.530482733898862,0.227919642854261,0.013,0.012,1
Abca17,0.530550506403198,-0.231179814043071,0.088,0.078,1
Hes7,0.530662825088988,0.822972835037359,0.013,0.01,1
Tmem45a,0.530692066087155,-0.252570363053485,0.151,0.114,1
Papd4,0.530749635564219,0.411114275800419,0.069,0.045,1
B3gnt2,0.530874991478481,0.0166312685164582,0.05,0.043,1
AU016765,0.530949562099215,0.538674961663305,0.063,0.045,1
Tead3,0.530988734121178,-0.0432420574277375,0.025,0.03,1
Rnf150,0.531006140314666,-0.192270207186292,0.352,0.305,1
Serpina1f,0.531091896620549,-0.0698232976353639,0.019,0.016,1
Katna1,0.531093745989281,-0.309574191396674,0.057,0.051,1
Pbld1,0.531170478839946,-0.0102002344265477,0.082,0.065,1
Itgb4,0.5311974670186,-0.303836112514436,0.05,0.051,1
S100a10,0.531232523877871,-0.227236272634591,0.025,0.031,1
Tmem198b,0.531289004571729,0.457034219139715,0.019,0.018,1
Upf1,0.531343384763838,0.581544001647241,0.044,0.023,1
Ofd1,0.531355318317337,0.623913170542791,0.044,0.024,1
Gspt1,0.531455825716928,-0.180982742821325,0.038,0.03,1
Sertad4,0.531463003753152,0.734967029652491,0.031,0.019,1
4933427D06Rik,0.531607814607926,-0.118741445597164,0.138,0.128,1
Slitrk6,0.531690626349532,0.636106751651973,0.038,0.021,1
Adh5,0.531811285840928,-0.216925862399091,0.05,0.044,1
Rd3l,0.531889932047765,1.86682983210475,0.013,0.004,1
Galr2,0.531901780345356,1.96211806532528,0.013,0.003,1
Clec12a,0.531914933086754,0.47525077247415,0.038,0.026,1
Gucy2e,0.532040574827152,0.637766688753739,0.025,0.018,1
Myf6,0.53209367342064,1.58166820229219,0.019,0.007,1
Camkk1,0.532100752052992,0.0714928421653314,0.057,0.041,1
Smarca4,0.532175056254231,-0.0259753177364166,0.107,0.092,1
Mup6,0.53219900552436,-0.168291125412281,0.019,0.025,1
Slc35e3,0.532398905131919,-0.127889627183031,0.031,0.032,1
Sdhaf2,0.532457749566937,-0.262073883459023,0.044,0.035,1
Gm1564,0.532740905173356,1.22785305215957,0.019,0.013,1
Ostc,0.532886499213482,-0.0631591072491604,0.031,0.028,1
Il16,0.532896750396902,0.131147144335575,0.157,0.104,1
Akap2,0.533034636372401,-0.155631015058074,0.182,0.148,1
Fmn1,0.533063458827683,0.0303644460635757,0.585,0.471,1
C330018D20Rik,0.533081448038782,-0.183645613906746,0.019,0.021,1
Tstd2,0.533109835344164,-0.222791774576222,0.025,0.024,1
4930503E14Rik,0.533176248958968,1.05155373290741,0.019,0.01,1
Olfr1260,0.533238939824844,0.205470246588952,0.006,0.012,1
Itch,0.533277531981083,0.800439205441657,0.05,0.034,1
Zyg11b,0.533380190392885,0.547453452323817,0.094,0.046,1
Nit1,0.533452180629605,1.40244339657059,0.019,0.008,1
Aox4,0.53345759352748,0.369124138578143,0.094,0.067,1
Irf8,0.533713322085644,0.251579466947523,0.019,0.026,1
Klf6,0.533722937416264,-0.235875817395129,0.05,0.05,1
4932418E24Rik,0.533773602267128,0.584717177526695,0.044,0.031,1
Adamts6,0.53392238088773,-0.0351053417069098,0.396,0.264,1
Utp18,0.533953021340058,-0.135150544702428,0.057,0.043,1
Gtf2a1,0.5339869846762,-0.000844820798183044,0.075,0.056,1
Thoc3,0.534050145229329,0.702259051726272,0.013,0.011,1
Gm5117,0.534082509492765,1.58041031345397,0.019,0.004,1
Slco6c1,0.534258201745057,0.269872398703738,0.101,0.073,1
Lpar2,0.534272753226059,1.30154847768446,0.019,0.009,1
Krt33b,0.534469829336771,0.488733528428728,0.013,0.01,1
Swt1,0.534508139665794,0.467182208537799,0.107,0.065,1
Ddx59,0.534559982143398,0.675731300484136,0.069,0.045,1
Vps39,0.534585823269976,0.555416498205237,0.082,0.039,1
Atp8b2,0.534586637337404,0.511047169092917,0.057,0.027,1
Metrn,0.534650910863626,1.12924446913053,0.019,0.005,1
Gm11563,0.534664340395694,2.02854175253735,0.013,0.002,1
Atp2a3,0.534680279334407,-0.240741395279816,0.031,0.027,1
Kcnmb1,0.534743618391263,0.873740313577141,0.025,0.021,1
Cckar,0.534753199257503,-0.21518655413536,0.013,0.018,1
Uqcrb,0.534805605660734,-0.0863113408806786,0.019,0.021,1
Fbxo9,0.534920980977478,0.158495529597278,0.038,0.035,1
Minpp1,0.535005148375277,0.00873955708872654,0.05,0.049,1
Sys1,0.535020313655291,1.02561640029179,0.031,0.027,1
Osgin1,0.53513463613848,0.0147905751555388,0.019,0.02,1
Sypl2,0.535137077662608,1.14175418984556,0.019,0.012,1
Rnf165,0.535189202320066,-0.144026863824919,0.119,0.101,1
Pcdh20,0.535208493961259,0.443269745300807,0.057,0.03,1
Slc7a2,0.535224586096064,-0.088880790300566,0.063,0.063,1
Mthfd1l,0.535236178592768,-0.25215212351736,0.27,0.231,1
H2-DMa,0.5353407604341,0.651688356194097,0.044,0.021,1
Arhgap40,0.535407915414383,-0.0346801545882016,0.038,0.031,1
1700030J22Rik,0.535543584011238,-0.232774234208389,0.057,0.046,1
Arid3a,0.535574523496146,-0.00245444749694812,0.019,0.018,1
Adcy4,0.535648635201698,0.563831109683166,0.025,0.018,1
Magoh,0.535660749511724,0.644684624144173,0.013,0.01,1
C130060K24Rik,0.535736317192259,0.203320612922185,0.182,0.116,1
Nkiras1,0.535746000498382,0.189415112737901,0.038,0.027,1
Usp32,0.535777491345222,0.432365914118005,0.107,0.074,1
Bsnd,0.53580910062371,0.27776465838418,0.006,0.01,1
2410131K14Rik,0.53583916355976,0.675651151871664,0.069,0.034,1
Snx20,0.53588255953323,0.255637567450443,0.013,0.011,1
Prkag3,0.53591916526994,0.218799374432599,0.013,0.015,1
Runx1,0.535932048803744,0.266706091278163,0.233,0.125,1
Prdm14,0.536044159076876,-0.197633144204279,0.013,0.016,1
Cdc42ep4,0.536066555212942,1.12413616361478,0.031,0.013,1
Gm15130,0.536087185672375,0.108481749807347,0.025,0.023,1
Rhou,0.536199853755028,0.40168003094222,0.013,0.009,1
Itk,0.536244635379096,-0.123756209131646,0.101,0.094,1
Sec62,0.536257499102138,-0.101651406189189,0.05,0.042,1
Mrpl18,0.53628124013575,0.288435540693221,0.013,0.015,1
Vmn2r73,0.536449516137818,0.118540084855574,0.013,0.013,1
Hnrnpa1,0.536572911282529,0.325268406915674,0.019,0.013,1
Magea2,0.536642392277678,-0.0861785578122856,0.013,0.015,1
A130010J15Rik,0.536773381747421,-0.126862273624262,0.038,0.035,1
Cand2,0.536812529994601,-0.218852546492089,0.057,0.048,1
Plin2,0.53700331402709,-0.201510084234363,0.05,0.049,1
Aldh7a1,0.537024273990922,-0.160289858546647,0.082,0.056,1
Rapsn,0.537195728268801,1.47670100799603,0.025,0.007,1
Serpina3b,0.53721903951025,0.0860921479836625,0.019,0.016,1
Fam46c,0.537289153136087,0.20109472138323,0.138,0.09,1
Igkv13-87,0.537367099160361,1.33568662103917,0.013,0.011,1
Mrps27,0.537379393042511,0.258186110829679,0.201,0.133,1
Kat6a,0.537422283402693,-0.169679504780634,0.057,0.047,1
Csnk2a1,0.537459316444867,0.579714782971173,0.063,0.034,1
Rps14,0.537464020077049,1.05281516786047,0.019,0.01,1
Mgst2,0.537539173841884,0.813360325536841,0.031,0.023,1
Cnnm4,0.537851410179428,-0.106339869659556,0.069,0.062,1
Slco5a1,0.537867295091581,0.115945541975227,0.208,0.152,1
Ogn,0.537884000306386,0.00114434680713593,0.019,0.019,1
Rab8a,0.537903876402431,-0.127552948127038,0.094,0.083,1
Zfp946,0.537910793897899,0.701556562885724,0.044,0.031,1
Cyp2c55,0.53791291968951,-0.570516043916965,0.044,0.039,1
Ndel1,0.537965741396953,0.339720214552437,0.101,0.055,1
Spred1,0.538111233187379,0.94971276548019,0.044,0.02,1
Bmp15,0.538157517796013,1.38214520215751,0.013,0.005,1
Eci1,0.538253724670772,0.88734124137643,0.031,0.02,1
Sfrp1,0.538382864396464,-0.174346655881932,0.05,0.051,1
Sp4,0.538444594309234,-0.0843621833732118,0.182,0.144,1
Nedd4,0.538460117771771,0.383880559247043,0.038,0.024,1
Frmpd3,0.538565738506031,0.246681612228088,0.013,0.017,1
Klk10,0.538584327394218,-0.0975348611932478,0.031,0.03,1
5330417C22Rik,0.53860101640316,-0.22918655394651,0.063,0.053,1
Vmn1r50,0.538612314904114,1.64443094932566,0.013,0.003,1
Vbp1,0.538624150716023,0.546605878021211,0.019,0.015,1
Limk1,0.538683236744778,-0.28773195133102,0.101,0.071,1
Lmod2,0.538764338592965,1.10203606823174,0.019,0.013,1
Mug1,0.538786592902809,-0.313060646060407,0.038,0.042,1
Smpd4,0.53878970493327,0.558352523420922,0.075,0.032,1
Nlrp9c,0.538867890038876,0.78156022853211,0.038,0.02,1
Tex33,0.538869610435564,0.401601890925505,0.013,0.012,1
F8,0.538869796800172,-0.282784181357371,0.107,0.087,1
Dcaf7,0.538910132683229,-0.0622320097576141,0.044,0.035,1
Rwdd2a,0.538986005946594,0.800389182904344,0.063,0.032,1
Lrit2,0.53900474038689,0.699882362607782,0.019,0.012,1
Lpin3,0.539013451708989,0.795727063419448,0.025,0.019,1
Ptn,0.539082821445609,-0.0926700838770014,0.044,0.04,1
Zfp771,0.539088874405272,0.0191486821147588,0.025,0.027,1
Nat10,0.539092430106787,-0.113333150255915,0.05,0.042,1
Lmnb2,0.539261822882054,0.785216235510422,0.038,0.025,1
Ascl1,0.539275114463169,0.404378760217591,0.006,0.011,1
Mettl20,0.539286946298057,0.224619484702626,0.031,0.029,1
Tldc2,0.539325677186839,0.804230790159994,0.025,0.01,1
Son,0.539347099317925,1.21548094253247,0.019,0.016,1
Anxa4,0.539425583384423,0.517514602853244,0.069,0.047,1
Padi3,0.53943184655914,0.041804406283898,0.025,0.02,1
Coro6,0.539495622026153,-0.0444099988885585,0.019,0.017,1
Mroh9,0.53954030651927,0.236177441019248,0.101,0.073,1
Tmem106c,0.539552930753148,-0.0673401142117927,0.025,0.027,1
9130019O22Rik,0.539580296412226,0.2306426542001,0.013,0.011,1
Slc15a5,0.539587249274917,-0.228202567378049,0.176,0.134,1
Eif3c,0.539590794659801,0.136764160651233,0.013,0.015,1
Scn4a,0.539644085204803,0.563597931155116,0.057,0.034,1
Stau1,0.539675143196499,0.718059476157908,0.044,0.029,1
Adamts7,0.539730015382751,0.270077604660961,0.157,0.105,1
Sae1,0.539754040254774,0.361785446901678,0.094,0.056,1
Kmt2d,0.540042688546577,0.72409433117146,0.05,0.023,1
Acsl4,0.540104955825925,0.453358313828002,0.082,0.046,1
Acbd4,0.540152887111518,0.0756106903260312,0.019,0.02,1
Cyp4f37,0.540158585297425,0.606258736244628,0.031,0.021,1
Scaf4,0.540162325128085,0.0770673754878004,0.063,0.048,1
Slc25a29,0.540198965048349,0.914695778722614,0.044,0.022,1
Tmsb15b1,0.540208405192646,0.0544534128894991,0.013,0.014,1
4932442L08Rik,0.540248242038779,0.755971555950801,0.031,0.02,1
Ranbp3l,0.540249662163701,-0.146570184321719,0.075,0.062,1
Afp,0.540266727335698,0.501862128080896,0.063,0.035,1
Zfp947,0.540310720175761,0.281394111357572,0.013,0.01,1
Dhx40,0.54034618306011,0.543470474185942,0.069,0.035,1
Ehbp1l1,0.540357355960143,0.464674141814132,0.013,0.012,1
Fam154a,0.540405456184073,-0.137988499661569,0.195,0.139,1
Prtg,0.54045207112477,0.293542633718063,0.138,0.075,1
Haus1,0.54048787662619,0.691064079776083,0.044,0.02,1
Ube2c,0.540574343434424,0.63625021010987,0.044,0.024,1
Ccdc175,0.540682308013156,0.401550345761985,0.075,0.056,1
Gm3327,0.540752825798962,1.35074968126024,0.013,0.007,1
Serp2,0.540778233276429,0.570723766393678,0.05,0.026,1
Lurap1,0.540836805972019,0.782400510993496,0.044,0.023,1
Srgn,0.540944062420711,0.474210455909893,0.05,0.028,1
Kcnh8,0.540945130673335,-0.263827107060308,0.434,0.373,1
Prss43,0.540974559486181,0.282351294734126,0.013,0.01,1
Rnf8,0.541017282220084,1.10711632266445,0.038,0.015,1
Ndst1,0.541074640737873,0.55998850458651,0.057,0.029,1
Asic3,0.541199115149431,0.364732650978683,0.013,0.01,1
Net1,0.541200194083667,0.251444121242379,0.157,0.1,1
Sec13,0.541214382224875,1.7311391811336,0.019,0.006,1
Cacna2d4,0.541267504279351,-0.209192680323084,0.113,0.094,1
Tbc1d10c,0.54129385317282,-0.129055693365387,0.038,0.035,1
1110058L19Rik,0.541762412873899,0.614700925024672,0.044,0.026,1
Mlh1,0.541763209986032,-0.112704818142049,0.069,0.065,1
Zic4,0.541876547280394,0.146682341077534,0.019,0.023,1
Trub1,0.541919079311236,-0.139571084918348,0.069,0.061,1
Adam12,0.542064955178472,0.15263051356598,0.233,0.148,1
Rsad1,0.542094953957936,0.596743606994697,0.063,0.03,1
Garnl3,0.542113989126048,-0.11878910268572,0.119,0.109,1
Bin2,0.542117183347649,-0.0522840427933655,0.019,0.021,1
Itm2c,0.542189218586923,0.320855345409782,0.006,0.012,1
Mmab,0.542229472360868,0.109380193932411,0.019,0.023,1
Rab1b,0.542363795562213,0.404176702007498,0.013,0.012,1
Mptx2,0.542401039412354,1.44230095890348,0.013,0.007,1
Pkia,0.542404819465536,-0.213398612064989,0.126,0.111,1
Bcl2l11,0.542757325006271,-0.0481190115904937,0.044,0.034,1
Slc16a1,0.542918601518205,0.805522648907407,0.038,0.02,1
Wdr75,0.542923862902858,0.435366263285914,0.138,0.102,1
Klra5,0.542941693444844,-0.0970892432912693,0.025,0.021,1
Mocs1,0.542963724145333,-0.0792086014546563,0.044,0.035,1
Pla2g2c,0.542976446756492,1.01217587806789,0.038,0.022,1
Psmg4,0.543143140078648,0.9202733259391,0.031,0.017,1
Atpaf1,0.543226278848432,-0.152012566971411,0.038,0.032,1
Shprh,0.543279014230662,-0.295481265159668,0.145,0.117,1
Nup37,0.543397052278552,-0.0287497110163804,0.069,0.06,1
Tsga13,0.54340887323601,0.727386932738348,0.031,0.014,1
Gm28845,0.543420077934103,-0.285878701772658,0.044,0.043,1
Apc,0.543464229912389,0.514950897659601,0.088,0.046,1
Prss53,0.543481375960695,1.69710812894947,0.013,0.004,1
Arid1b,0.543497311463269,-0.12942121446992,0.201,0.142,1
Uxt,0.543532487924168,0.0752121289882739,0.025,0.022,1
Pah,0.54357566648774,0.188591608014537,0.101,0.074,1
Ces3a,0.543747447630431,0.759258510560341,0.038,0.015,1
Ppp2cb,0.543779776825084,-0.182535969972204,0.05,0.044,1
Atr,0.543856548449388,-0.0701905966641765,0.138,0.115,1
Fam213a,0.544035318562191,0.356677146789242,0.075,0.041,1
Gykl1,0.544038827797403,1.95896414339773,0.013,0.004,1
Ccdc81,0.544054605459324,0.0916436293713989,0.05,0.047,1
Setd1a,0.54411574053605,0.066206129975523,0.013,0.018,1
Prkaca,0.544163420652655,0.254376433284791,0.044,0.045,1
Slc35c2,0.544171585639907,0.570490093676045,0.019,0.015,1
Creb1,0.544229260669939,0.373763878932861,0.126,0.082,1
Mutyh,0.54425813007712,0.48435783067817,0.044,0.024,1
2610020H08Rik,0.544274762622156,-0.128876024093278,0.157,0.12,1
Rbfa,0.544295702169661,0.646735624189282,0.044,0.027,1
Slfn14,0.544374712326008,1.42092843029593,0.013,0.005,1
Tbx18,0.544501325910387,0.379634298409587,0.082,0.045,1
Unc45a,0.544515536716947,0.0170462481108551,0.031,0.028,1
Cyp2j11,0.544608712480878,0.437145901386733,0.082,0.045,1
Cptp,0.544676238585639,1.42510988432781,0.019,0.009,1
Sdhd,0.544700943898515,1.13693482416042,0.025,0.011,1
Bptf,0.54479304282969,-0.322299170296213,0.057,0.054,1
Taf4a,0.544814470156555,0.103505818735462,0.044,0.045,1
Apobec2,0.544877791890562,0.848311675317683,0.044,0.018,1
Mto1,0.544945891299826,0.480723803594786,0.063,0.029,1
Arhgap25,0.544946487469267,-0.211220936523296,0.088,0.076,1
Mcat,0.545036272136595,0.715589106517923,0.031,0.015,1
Gm21092,0.545246399030092,-0.115276875666169,0.031,0.029,1
Hs3st6,0.545288696195666,1.5473869297471,0.019,0.004,1
Adamts20,0.545350350500785,-0.254300025177963,0.226,0.173,1
Adprhl1,0.545361804998121,0.30170425342241,0.063,0.036,1
Med18,0.545386044285695,1.53298699573526,0.013,0.009,1
Parvb,0.545405407452935,0.38858986609432,0.088,0.046,1
Zfp212,0.545408181485942,0.189843441710098,0.019,0.018,1
Col14a1,0.545465991376883,0.0358870463529644,0.333,0.257,1
Clec4g,0.545524071066676,0.573755698447243,0.057,0.033,1
4930407I10Rik,0.545542327224599,0.217270547581582,0.013,0.011,1
Gramd4,0.545589574499139,0.686620813886397,0.082,0.052,1
Gpld1,0.545761089039783,0.633824678598835,0.088,0.044,1
1700019N19Rik,0.545771361482805,1.13131169834743,0.025,0.01,1
Cd55,0.545838483383365,0.401476239019313,0.057,0.041,1
Gm17490,0.545915192491904,1.06742110688517,0.019,0.005,1
Ap3m1,0.545986494031038,0.0796127267986408,0.025,0.018,1
Klre1,0.54601536014055,0.493947464873377,0.031,0.018,1
Usp35,0.54601598278503,-0.178534681842724,0.075,0.049,1
Emp1,0.546102575139412,-0.0846334919455147,0.025,0.031,1
Sppl2c,0.546117840115567,2.1074133759213,0.013,0.004,1
Mrpl50,0.546128453937009,0.879558811180665,0.057,0.036,1
Fam3a,0.546209303889923,0.171416113813758,0.013,0.012,1
Gltscr1,0.546273854385603,0.0766125294598057,0.019,0.02,1
Cxx1c,0.54629024275462,0.265284030094958,0.013,0.012,1
Slco1a5,0.546351686460382,0.15675588968139,0.201,0.133,1
Zar1,0.546370652160317,1.83179223082909,0.013,0.004,1
Tceb3,0.546420145273457,0.873172298620957,0.038,0.02,1
Zfp532,0.546496280226431,0.00158524364319401,0.082,0.063,1
Slc16a14,0.546507731799187,-0.163980486812724,0.044,0.036,1
Tmem176a,0.546661630685679,-0.0216223988707061,0.013,0.017,1
Cdt1,0.546695557152223,0.219149257336079,0.013,0.015,1
Prss22,0.54678066968982,0.874842244645939,0.044,0.02,1
Kpna3,0.546857032259362,-0.0120213871825827,0.069,0.067,1
Mob2,0.547007913446485,0.0671639786907505,0.044,0.049,1
Nuak1,0.547117675856815,-0.0265968877774743,0.057,0.067,1
Zfp9,0.547138565570134,0.689799341018898,0.044,0.02,1
Gpr39,0.547159049014866,-0.369405178241079,0.22,0.179,1
Tfdp1,0.547166995070904,-0.391208614551799,0.088,0.06,1
Vmn2r29,0.547173134641034,2.2232740578102,0.013,0.002,1
H2afv,0.547240055424307,-0.0335420687972885,0.031,0.031,1
Nudt14,0.547437962681447,0.940322521227037,0.025,0.014,1
Lig4,0.547483053221439,0.427247738833112,0.069,0.049,1
6430531B16Rik,0.547515801015173,0.880731963449549,0.038,0.019,1
Hook3,0.547531614676241,-0.194855842525057,0.094,0.089,1
Alox15,0.547556205481939,0.357032741276182,0.006,0.01,1
Sephs2,0.547746667258546,0.76225503665679,0.013,0.01,1
Tra2b,0.547757447388604,0.817626170354291,0.038,0.023,1
Loxl4,0.547837455569888,0.188729089311614,0.013,0.013,1
Mfsd4,0.547845239895275,-0.0584558184706303,0.044,0.048,1
Olfr432,0.547919074228585,1.49222022560937,0.013,0.007,1
Ddx51,0.547947705032152,0.855215850256381,0.031,0.018,1
2900011O08Rik,0.548083676107151,-0.0924559268905929,0.138,0.125,1
1700006A11Rik,0.54809494995482,-0.395090445440411,0.057,0.047,1
Gorasp1,0.548173297289655,0.302080241770117,0.031,0.026,1
Rin1,0.548176877110234,1.1353387096704,0.013,0.006,1
1200014J11Rik,0.548184558710349,0.796548402839507,0.069,0.039,1
Wfdc3,0.54819489697739,0.607153760075049,0.038,0.024,1
Fhl1,0.548320439494566,-0.258533786775327,0.063,0.051,1
Akirin2,0.548322319137348,0.13576418524423,0.025,0.027,1
Gm9845,0.548324959886828,1.80908531043673,0.013,0.004,1
Sall1,0.548325201175722,0.401606929476565,0.013,0.016,1
Mak16,0.548325512932061,1.03504917824474,0.031,0.017,1
Ldlr,0.548334210142575,0.688875230115844,0.05,0.027,1
Gm13178,0.548451588580354,-0.0936637056050893,0.006,0.012,1
Ifitm2,0.548469463271351,1.15225084364612,0.013,0.01,1
Clstn1,0.548608857903562,0.00873019564995836,0.057,0.049,1
Tprkb,0.548748382616684,1.07830347189394,0.025,0.011,1
Cts8,0.548796457035327,1.28551164133011,0.013,0.007,1
Aldh4a1,0.548822309149443,0.684849023516902,0.05,0.028,1
2410089E03Rik,0.548859019636853,-0.179770086206607,0.182,0.14,1
Acer1,0.548959745779319,0.33429810813587,0.025,0.026,1
Zbtb24,0.548994705946947,0.0751315300442474,0.031,0.025,1
Tusc2,0.548999471173187,0.129792486194131,0.013,0.014,1
Cacnb3,0.549034247262139,0.164051702240097,0.019,0.018,1
Fnta,0.549130968916158,-0.0465495900114989,0.019,0.018,1
Map3k6,0.549144224151844,1.04194009134403,0.025,0.021,1
Tcte2,0.549278478146262,-0.199460905569497,0.258,0.198,1
Chpf,0.549309779630925,-0.0455373994103239,0.031,0.032,1
Cflar,0.549578962447666,0.408115404656433,0.101,0.053,1
Prss51,0.549586716893448,0.186527754173045,0.013,0.014,1
Cry2,0.549649482771368,0.322447498284113,0.038,0.027,1
Pla2r1,0.549674444366884,-0.259508369317995,0.201,0.157,1
Acsm4,0.549750383813691,-0.0964997653014086,0.038,0.048,1
Grpel1,0.549794454332562,0.177249089217098,0.025,0.03,1
Nxt2,0.549817863659393,0.242802444687087,0.013,0.011,1
Tlr11,0.549847676040929,1.1102263990798,0.019,0.007,1
Mx1,0.549850367211602,1.126722211708,0.019,0.02,1
Rp2h,0.54986224817763,0.40761365654007,0.075,0.046,1
Mark2,0.549884741576597,0.298803720397655,0.019,0.027,1
Izumo4,0.549891990040861,-0.146553311843785,0.038,0.038,1
Stil,0.549968281537822,-0.0748633711251436,0.094,0.083,1
Ltf,0.550064028155279,0.0350472115652289,0.025,0.02,1
Zfp367,0.550229859662584,0.485475017386676,0.063,0.042,1
Mybpc2,0.550472200637202,-0.205525123165478,0.038,0.033,1
Txnrd1,0.550493849597334,0.385583948461319,0.082,0.04,1
2200002D01Rik,0.550542771512855,1.19413714670936,0.013,0.007,1
Ska1,0.550554152140352,0.0142692848181696,0.031,0.031,1
Pkm,0.550584136247976,0.00845237028479939,0.013,0.013,1
Acp6,0.55066783286865,0.469291792865022,0.057,0.035,1
Spatc1,0.55067076083873,0.0335881655170516,0.025,0.024,1
Junb,0.550883922785721,-0.0719258077754663,0.019,0.021,1
Eral1,0.550901941603136,1.24320996320662,0.013,0.006,1
Foxf2,0.551063053991907,0.7616778290942,0.013,0.01,1
Spink3,0.551136175488377,-0.146581760868599,0.019,0.02,1
Rpl22l1,0.551224219156081,-0.301414298648047,0.038,0.031,1
Phyhip,0.551231708661436,0.270069646074849,0.006,0.01,1
Cnpy2,0.551278757571397,0.138046161647072,0.013,0.012,1
Extl1,0.551306814195727,0.543540978142314,0.044,0.022,1
Slc38a1,0.551415392215551,-0.0638817621131738,0.05,0.039,1
Csde1,0.551434396545366,-0.184623494687223,0.038,0.031,1
4933425L06Rik,0.551476297807687,-0.202993135742391,0.038,0.046,1
Kif21b,0.55177526872607,-0.0643648178002962,0.057,0.056,1
Scd2,0.551869858675239,0.2749246421097,0.013,0.015,1
Utp14a,0.55206854425012,0.548378897945104,0.031,0.02,1
Syt17,0.552125478919216,-0.268204290427518,0.069,0.059,1
Armc3,0.552134077973056,0.230247909584007,0.17,0.098,1
St3gal5,0.552217702935902,0.322896537124339,0.101,0.068,1
Gpr116,0.552220873057182,0.137139523702062,0.164,0.098,1
Kif7,0.552242005931802,-0.0608649441107678,0.044,0.039,1
Icam1,0.552314215864669,0.202909590589671,0.019,0.016,1
Slc45a2.1,0.552349090908986,0.229621749894031,0.088,0.052,1
Serpina1b,0.552357202157895,1.00181075572082,0.031,0.012,1
Cyp2d34,0.552432913460074,1.72297261075202,0.013,0.004,1
Cldn26,0.552466383312839,-0.082499616552993,0.031,0.029,1
Pex6,0.552483043267989,0.288310248423166,0.013,0.015,1
Dhx30,0.552537144821086,0.261550671793683,0.019,0.021,1
Gm11143,0.552760015269745,-0.0034955601550184,0.013,0.013,1
Kdm5a,0.552803247414053,0.548620082100571,0.063,0.025,1
Zfp219,0.552806081810311,0.263812960977119,0.025,0.027,1
Clcn1,0.552823439766847,0.420135337024553,0.113,0.057,1
Rps6kl1,0.552956495519948,0.306603540393246,0.031,0.023,1
Nckap5l,0.552996590436163,0.445863656588586,0.057,0.032,1
Uckl1,0.553008211383503,0.728598121877806,0.044,0.021,1
Acsm5,0.553045310494455,-0.0986884228597873,0.05,0.044,1
Ptcd2,0.553217209004049,-0.0237008308991982,0.094,0.07,1
Mpzl3,0.553285263061571,0.525616181976676,0.063,0.032,1
Pml,0.553341780163812,0.520389568972588,0.063,0.034,1
Csf2rb2,0.553407736703821,0.0620559443041726,0.025,0.021,1
Dync2h1,0.553417076393899,-0.177843499232578,0.377,0.317,1
B4galt3,0.553419542617682,0.614114075633506,0.013,0.01,1
D630044L22Rik,0.553451770394953,1.59344778497974,0.013,0.01,1
Kdm3b,0.553666748844246,0.558469405422409,0.057,0.042,1
C86695,0.553714316700565,0.667534764848254,0.025,0.018,1
Lrrc17,0.553758422663062,0.478574274680696,0.069,0.041,1
Clec2l,0.553822169127233,0.0644219425166286,0.025,0.017,1
Amigo2,0.553825402622282,1.24703808120588,0.019,0.012,1
Cdc7,0.553928163047804,-0.14600505846934,0.063,0.048,1
Sgol1,0.55396737783015,-0.164042654462073,0.088,0.075,1
A230046K03Rik,0.554112661178229,-0.143138371265882,0.057,0.048,1
Clec3b,0.554116737632496,1.30503680919007,0.013,0.008,1
Cacnb1,0.554233057450267,-0.284898170601864,0.031,0.024,1
Hp1bp3,0.554303152586219,0.0518200217520839,0.044,0.035,1
Fastkd1,0.554348294219229,-0.0289374142471193,0.057,0.052,1
Ifrd1,0.554393340082737,0.376684895437523,0.132,0.081,1
Mrc2,0.554469125915569,0.521259415764529,0.113,0.053,1
Ttc23l,0.554472075042551,-0.270795233141012,0.164,0.112,1
Nr2c2,0.554635332610184,-0.196910743725271,0.082,0.065,1
Ccdc108,0.554772598283403,-0.276525062503738,0.025,0.023,1
Specc1,0.554947436695927,-0.148401616264344,0.17,0.118,1
Rspo1,0.554999993811628,0.0197024125181073,0.025,0.02,1
Hist2h2bb,0.555056614253343,-0.112717272644846,0.025,0.021,1
Plcl2,0.555089006639161,0.12342724167998,0.346,0.217,1
Hhla1,0.555180072909654,-0.320457500468899,0.063,0.06,1
Eif3b,0.555187311039808,0.913091449544932,0.031,0.02,1
Gm17305,0.555189400889963,0.272126156624421,0.013,0.013,1
Kcnh1,0.55521994574435,0.111863075845628,0.415,0.285,1
Snapc2,0.555265453857954,0.337435321945622,0.013,0.012,1
Eif2b2,0.555270350911134,0.759049373105316,0.044,0.022,1
Ly6h,0.555559565382691,1.45086736875747,0.025,0.01,1
Lrrc52,0.555596601066992,-0.210836122679194,0.031,0.031,1
Klhl26,0.555616926464901,1.06435540988,0.038,0.015,1
Rnh1,0.555714671023737,0.204871391675393,0.019,0.017,1
Esco2,0.5557151145708,0.000747221528687447,0.031,0.032,1
N6amt2,0.55578522039306,0.577032175772416,0.044,0.026,1
Itga2b,0.555877744136404,-0.203911442187519,0.031,0.026,1
Leng8,0.555910613858336,0.556870204042238,0.044,0.023,1
Faxc,0.555940326354432,0.121163572929926,0.201,0.112,1
Hmgxb3,0.555945386574582,0.357513707545114,0.075,0.049,1
1810026J23Rik,0.555968876361157,0.323817694289605,0.019,0.012,1
Dvl3,0.55630515843636,0.305722124924528,0.025,0.02,1
Rchy1,0.55631092278898,-0.0946512748874317,0.031,0.035,1
Adal,0.556378797708179,0.992044326281905,0.044,0.018,1
C2cd4a,0.556405134984812,2.01784485850241,0.013,0.005,1
Ehd3,0.556419065306425,-0.20198266010854,0.075,0.076,1
Enpp3,0.55645083458106,0.170271672717737,0.126,0.078,1
Fam172a,0.556488463377683,-0.00603953386108458,0.484,0.364,1
Ubfd1,0.556574682617481,0.0859161316118362,0.031,0.028,1
Capza2,0.556627781264918,0.394929098103174,0.113,0.051,1
Hsp90b1,0.556691379057058,0.356386116524778,0.063,0.035,1
Arhgap33,0.556695229225935,0.00760923897560417,0.038,0.033,1
Ms4a8a,0.556779886701241,-0.283367004195268,0.025,0.024,1
Megf9,0.556952447125758,-0.183504574827581,0.138,0.137,1
Adamts15,0.55695609611823,0.633748794830112,0.038,0.023,1
Rfx1,0.556966566123833,0.205837096947222,0.145,0.093,1
Gm10935,0.556971693240476,0.137587896824938,0.019,0.016,1
Vps33a,0.556972710215932,0.551839141286737,0.057,0.034,1
1110002E22Rik,0.557004880192715,0.558201127632941,0.063,0.033,1
Cd300ld,0.557033529140767,1.28687608339692,0.019,0.006,1
Ier5l,0.557041763365388,0.768951872772337,0.019,0.012,1
Gys2,0.557055789630246,0.351313956223999,0.107,0.074,1
Gm28168,0.557087595032434,1.28699596706477,0.013,0.008,1
Rogdi,0.55739308982375,-0.0770518931543514,0.031,0.032,1
1700008F21Rik,0.557494684436357,-0.292370066294959,0.057,0.054,1
Abca8a,0.557644479038259,0.464001526276043,0.075,0.043,1
Atp11b,0.557692728193425,0.3282085974564,0.182,0.136,1
Rab14,0.557827996362282,0.043187926360253,0.031,0.024,1
Abcd1,0.557839940247948,0.534738501697495,0.038,0.022,1
Ipo11,0.55787849339999,0.0295340281399035,0.39,0.273,1
Vmn2r107,0.557881158280424,-0.0778430576299956,0.025,0.022,1
Ddx5,0.558064355856725,0.170190673368503,0.006,0.011,1
Serpina12,0.558167768585691,-0.20889445178097,0.044,0.036,1
Tmem41a,0.558226704531889,0.261353020833192,0.025,0.02,1
Btf3l4,0.558286752074204,0.0541049058039915,0.025,0.016,1
Il17f,0.558330227478289,0.845075489127091,0.038,0.02,1
Gdi2,0.558634556589794,0.365747521944227,0.094,0.054,1
Ltbp1,0.55875201210475,-0.218346668720193,0.484,0.371,1
Kptn,0.558764913579521,0.246954484242036,0.013,0.014,1
Zc3h10,0.558804630272495,0.159511026555339,0.019,0.019,1
Mal,0.558836568526305,0.202120834577154,0.019,0.016,1
Susd4,0.558856365394019,0.382535167524817,0.176,0.092,1
Nupl2,0.558921169488631,0.402550092940201,0.057,0.038,1
Rac3,0.558966932045692,0.286627779614218,0.013,0.012,1
Zfp369,0.55897363842532,-0.333388309175139,0.025,0.021,1
Mrpl11,0.559081327292979,1.6832444873584,0.019,0.007,1
Fam198a,0.559171536565312,-0.0380860579330209,0.019,0.021,1
3110009E18Rik,0.559287363022919,-0.0928746152847491,0.119,0.086,1
Kcnk13,0.559505324013517,-0.221973373015066,0.069,0.061,1
Try10,0.559542378927473,1.625142969241,0.013,0.005,1
Gm2663,0.559544222604332,1.33731119301253,0.013,0.005,1
Nup188,0.559692441516646,-0.227888483943182,0.082,0.071,1
Rngtt,0.55969976209176,-0.0458367888809765,0.252,0.22,1
Sf3a1,0.559749980974293,0.554474711572565,0.025,0.015,1
Mob1a,0.559867329876796,0.10251536686734,0.019,0.018,1
Syap1,0.559871338385969,0.264214732131845,0.057,0.035,1
Slc9a3r1,0.560047271248709,0.389941849312558,0.025,0.021,1
1700031M16Rik,0.560210982638488,0.854037982004232,0.031,0.012,1
Dpysl4,0.560224195961935,0.362801029987117,0.006,0.017,1
Gtf2a1l,0.560385673540078,-0.194318200924545,0.038,0.041,1
Plrg1,0.560449301893693,-0.122354191040527,0.069,0.062,1
Obox6,0.560462890826757,1.414096809521,0.013,0.004,1
Ascc2,0.560496093967931,0.745677673307984,0.057,0.031,1
Slc35d3,0.560525839540952,0.322501518452401,0.013,0.012,1
Piwil2,0.560558374359082,0.487603596984575,0.094,0.056,1
Pld2,0.560561738117741,1.14836133623252,0.019,0.01,1
Pdgfrl,0.560561811784121,-0.118949911907142,0.075,0.068,1
Dcakd,0.560633360464872,-0.170128792823202,0.025,0.026,1
Hsd11b2,0.560641546166201,1.66352122888334,0.013,0.004,1
Ift122,0.560675095425943,-0.106172159202777,0.119,0.093,1
Cngb3,0.5606881802256,-0.228498039024669,0.264,0.236,1
Ttll12,0.560749013882757,0.21530133404535,0.031,0.039,1
Gpatch8,0.560804518051138,-0.176233815883688,0.044,0.04,1
Mrps22,0.560853419903886,0.715830789972123,0.038,0.021,1
Pdp1,0.561051358158685,-0.12420330127333,0.075,0.053,1
Lonrf1,0.561241475336223,0.465398846472793,0.126,0.073,1
Hdac4,0.561438584875616,0.185499180468934,0.233,0.147,1
Nyap1,0.561493456439125,0.154805550615212,0.019,0.02,1
Dmkn,0.561610921251519,0.843987369967252,0.031,0.016,1
Trim31,0.561626125465975,0.268965947586305,0.025,0.02,1
Med21,0.561626184880323,-0.168233798716922,0.044,0.032,1
Pogk,0.561644047740324,0.448744094664157,0.057,0.034,1
Itga8,0.561679808313722,-0.238493824295554,0.308,0.263,1
Rpap2,0.561749382205529,-0.152914490742177,0.176,0.117,1
Cntln,0.561769776328915,-0.212362807649889,0.396,0.31,1
A930003A15Rik,0.561895215720375,0.677011681161241,0.05,0.021,1
Ms4a4b,0.561909881687581,0.352713835943062,0.05,0.023,1
Aifm3,0.562050303626178,-0.102831105880819,0.013,0.018,1
2010107E04Rik,0.562052640935309,0.380367637536069,0.031,0.023,1
Ccdc85b,0.562063690851431,1.12503551248943,0.019,0.012,1
Gpd1,0.56220731481344,0.276184455579574,0.013,0.017,1
Cacng6,0.56220994699208,0.699842878765882,0.031,0.013,1
Bet1l,0.562263427407928,1.13406094495363,0.019,0.013,1
Mustn1,0.562294269072147,0.80398088753541,0.013,0.008,1
Lim2.1,0.562356352318914,1.04324885658481,0.013,0.009,1
Nod1,0.562381880778362,0.606727016282586,0.063,0.05,1
Lilra5,0.562453096847241,1.64547191165863,0.013,0.005,1
Hemt1,0.562513547722363,1.01945225687252,0.025,0.012,1
Ap3s2,0.562585878018367,0.249343056595255,0.113,0.07,1
Ccdc106,0.562656213434994,1.22123895742415,0.013,0.008,1
Ldb2,0.5626848978557,-0.163742074068436,0.371,0.308,1
Taf10,0.562698611990287,1.54567562574866,0.019,0.007,1
Opn3,0.562807339886095,-0.0888979870687168,0.151,0.118,1
Psma3,0.563204071726146,1.15229035730642,0.031,0.015,1
Mysm1,0.563276195016861,-0.110625785016768,0.082,0.076,1
Dgat2,0.563288302505875,0.575634630846936,0.075,0.039,1
Olfr122,0.563349035987742,0.780859414173919,0.019,0.007,1
Clec16a,0.563449158954393,-0.134953289775241,0.233,0.184,1
Tshz1,0.563557312773069,0.176556409201863,0.107,0.079,1
Fbxo17,0.563678349977869,0.521364280986032,0.038,0.021,1
Syngr4,0.56372318427215,0.0350675545300776,0.038,0.04,1
Ppif,0.563758997402921,0.874522928865932,0.025,0.012,1
Gm9978,0.563785615071653,0.706363007047616,0.031,0.02,1
Ripk1,0.563787192498899,0.0293460201283891,0.038,0.042,1
Usp37,0.563820019416694,-0.168170820384595,0.101,0.085,1
Metrnl,0.563951775717012,0.693041024218474,0.044,0.029,1
Pcsk9,0.564040209651028,0.794407406801141,0.038,0.02,1
Bsn,0.564230994353748,0.357614928314846,0.088,0.062,1
Loxl3,0.564404951543322,0.0144999173463249,0.031,0.026,1
E330034G19Rik,0.564542341739628,0.706477531599953,0.013,0.009,1
Yipf2,0.56458757550852,0.307602598012046,0.019,0.012,1
Asb2,0.564619899865733,-0.27629093050001,0.082,0.065,1
Plscr5,0.56477477338605,-0.162894512062909,0.05,0.033,1
Ago3,0.564821243033137,-0.185815896188966,0.057,0.049,1
Itgb6,0.564843604223751,-0.107214101013763,0.176,0.141,1
Fasl,0.56487685176471,0.0241703992906439,0.013,0.014,1
1700037C18Rik,0.564924060232312,0.530195955623919,0.057,0.034,1
C1qb,0.564930801274019,1.67573256411075,0.013,0.004,1
Mettl15,0.565048482425391,-0.153194885441033,0.296,0.256,1
4632415L05Rik,0.565158805736357,-0.187047834149776,0.082,0.065,1
Wdr18,0.565219610079802,0.367762789511293,0.019,0.018,1
Hdac1,0.565248238695301,0.0910908428826671,0.025,0.021,1
Ing3,0.565313735818863,0.409308072533203,0.101,0.057,1
Nudt3,0.565318499224642,0.92994439153049,0.031,0.013,1
Zfp451,0.565378494309013,0.358590145497768,0.107,0.065,1
Cwc27,0.565469812347338,0.0340338360131793,0.358,0.27,1
Crisp3,0.56557204485802,0.645273487309157,0.025,0.024,1
Fam198b,0.56563599617702,-0.159191475567802,0.126,0.098,1
Gm10767,0.565688503320404,-0.087501508704813,0.019,0.021,1
Faim2,0.565765595059335,0.720873228394045,0.044,0.033,1
Gm10118,0.565842358840561,1.18104030419556,0.025,0.007,1
Pp2d1,0.565844716136828,-0.0938212538856114,0.031,0.031,1
Zfp951,0.565926823539892,0.036190616864423,0.013,0.015,1
Mc1r,0.566035766758808,1.55803071128526,0.013,0.007,1
Cpxcr1,0.566155754252575,0.885466511243656,0.019,0.01,1
Pcdhgb7,0.566250780701217,0.558236397110652,0.05,0.028,1
Rspo4,0.566328510952573,0.0534287316246891,0.05,0.049,1
Aadacl2,0.566342580230011,-0.183495487931189,0.025,0.023,1
Dennd2c,0.566417481430348,0.274700579679208,0.113,0.07,1
Chst13,0.566565784504489,0.442504482931547,0.031,0.021,1
Nudt2,0.56658266680571,0.698229169962819,0.05,0.023,1
Vti1b,0.566634472820087,0.0052309650466027,0.044,0.032,1
Fam19a3,0.566635690019815,0.950157865415087,0.038,0.019,1
A630033H20Rik,0.566673257779108,-0.247732190169351,0.019,0.022,1
Ear1,0.56685784638071,0.489861229161955,0.063,0.032,1
Rap2b,0.566952000370412,-0.266749743589358,0.038,0.035,1
Pcyt1a,0.56698924877462,0.550110808602135,0.075,0.038,1
Gabra2,0.567031316360872,0.136434793284497,0.252,0.164,1
Dstyk,0.567060297115529,-0.086296686754566,0.044,0.037,1
Wfdc15b,0.567104629647707,2.20327949338034,0.013,0.003,1
Il1f9,0.56741307137292,0.347036236684112,0.013,0.012,1
Gtpbp8,0.567430027883977,1.06679069256839,0.038,0.013,1
Rbm12,0.567527832811611,1.0075497787219,0.013,0.01,1
1700007K13Rik,0.567590052756538,-0.26228274836584,0.019,0.022,1
Snap25,0.567655983789329,-0.242451699656961,0.126,0.109,1
Glra2,0.567662340559498,-0.383322841229896,0.119,0.105,1
Pfdn2,0.567736536282887,1.13673514141548,0.031,0.015,1
Armc10,0.56777346989109,-0.182935227586562,0.063,0.058,1
1700023F06Rik,0.567894938671064,0.301862770436304,0.013,0.013,1
Sema7a,0.567943162976221,0.0683536210762004,0.044,0.025,1
Nrxn2,0.568044819780686,-0.0192619370211529,0.126,0.112,1
Hps3,0.568067197255414,-0.210245850496765,0.113,0.094,1
Tmem28,0.568123327048105,-0.0585469150099103,0.044,0.035,1
Mnat1,0.568134351755262,0.138215943188561,0.176,0.113,1
Mboat4,0.568139206262025,0.722502278876606,0.044,0.026,1
Naa50,0.568222373221994,-0.242383538250135,0.05,0.041,1
Gadd45g,0.568282300872688,1.19059105332738,0.025,0.008,1
P2rx2,0.568289127795791,1.48603938585637,0.013,0.006,1
Aif1,0.568340349387523,1.39903591564868,0.013,0.005,1
Wdr82,0.568476179536112,0.988159843326937,0.019,0.012,1
Ilk,0.568502074159275,0.200215552281406,0.019,0.018,1
Polr3b,0.568535444272148,-0.0742440215742528,0.088,0.06,1
Mkrn1,0.568613347333728,0.35962808368626,0.013,0.021,1
Clec1b,0.568650556084365,0.665070514782554,0.05,0.025,1
Irgq,0.568761812507679,0.374085588322701,0.013,0.013,1
Slc25a43,0.568766016646168,-0.121947222642397,0.031,0.031,1
Taf15,0.568801247911633,0.460613117759562,0.075,0.042,1
Lrrc14b,0.568845912744164,0.995623849473035,0.019,0.009,1
Ppp3cc,0.569033279840822,0.327902258061059,0.101,0.054,1
Heatr9,0.569092882975083,1.28005131044584,0.013,0.009,1
Fcrl1,0.56912342702751,-0.173141965770975,0.038,0.03,1
Lrrfip1,0.569340130599508,0.00593099388688811,0.151,0.11,1
Cry1,0.569361022973147,0.277389384297066,0.138,0.079,1
Igsf23,0.569391384814182,-0.0755393800013904,0.019,0.015,1
Cypt15,0.569480327967992,1.29956690010491,0.013,0.004,1
Dnm2,0.569540159564965,-0.0843095537540233,0.069,0.051,1
Thpo,0.569587152418071,1.10261228823964,0.019,0.008,1
Igf2bp2,0.569610542489166,-0.167825128949581,0.138,0.106,1
Tmem27,0.569678567353307,0.206805909412076,0.05,0.037,1
Ginm1,0.569707533659927,0.409153511330561,0.069,0.049,1
Sema5a,0.569845990620086,-0.144125153272392,0.497,0.427,1
Aqp12,0.569866217417899,1.64411067018791,0.019,0.007,1
Arglu1,0.569868153138118,0.522398995525052,0.069,0.037,1
Gpr97,0.569872857870988,1.20860488243125,0.025,0.011,1
Ddx56,0.56992826739565,1.15952452957427,0.031,0.013,1
Fkbp14,0.569930265449074,-0.228850007554381,0.038,0.029,1
Lpo,0.570013577046555,-0.186714933254563,0.038,0.032,1
Cdhr4,0.570086786217622,1.27942958426657,0.013,0.007,1
Lat,0.570092940650481,1.26419419822237,0.025,0.01,1
Gpr83,0.570141061109151,-0.062139041878666,0.031,0.029,1
Ddc,0.570161660010645,0.203668395886776,0.189,0.132,1
Gm527,0.570181162334976,0.424583567268312,0.069,0.032,1
Osgep,0.570202000317779,0.508538473593547,0.057,0.026,1
Lamb2,0.570217745144187,0.366026243376806,0.013,0.013,1
Drosha,0.570311948620891,-0.0398589416620152,0.252,0.205,1
Tcam1,0.570404184633839,0.649647138988537,0.044,0.029,1
Serpind1,0.570468973800027,1.00509303275422,0.025,0.016,1
Lrrc23,0.570488189287044,1.27859241722963,0.025,0.012,1
Slc25a47,0.570574170121995,0.556697094587761,0.013,0.008,1
Csn1s1,0.570715292820989,-0.121381750025676,0.025,0.024,1
Mib2,0.571149372621487,-0.0894145108917979,0.025,0.029,1
Rhpn2,0.571194935415263,-0.174561840162037,0.082,0.065,1
Htr5b,0.571280467017633,0.451224984406227,0.038,0.025,1
Rbp3,0.571295663004104,0.618917571076416,0.031,0.016,1
Gm15737,0.571308390744891,0.810488385641663,0.038,0.016,1
Rprm,0.57140936032885,0.599761943714331,0.05,0.04,1
Spef1,0.571491815649556,1.08909820240564,0.038,0.019,1
3110070M22Rik,0.571494729853836,-0.177903242890814,0.019,0.02,1
Ndufa10,0.571511654057449,0.0514663327933258,0.063,0.046,1
Ints5,0.57152512094132,0.765844187472547,0.025,0.012,1
Baiap2l1,0.571614411596565,0.353341670171174,0.126,0.067,1
Slc4a8,0.571737012576474,-0.0103273604581053,0.082,0.066,1
Rbm17,0.571752273199636,0.0162494175495311,0.05,0.041,1
Pafah2,0.571915333215869,1.12077109871819,0.05,0.029,1
4930522H14Rik,0.571943353478753,0.779546202074064,0.031,0.018,1
Vwa2,0.572076107364092,0.791663062244388,0.038,0.027,1
Nr6a1,0.572135693927547,-0.12451674403526,0.233,0.179,1
Higd2a,0.572166192505573,0.856448165775252,0.019,0.012,1
D630033O11Rik,0.572343597195858,0.252230741323118,0.006,0.015,1
Txnl4b,0.572385260700738,0.573871029020244,0.063,0.033,1
Cyp2c50,0.572407442231233,0.540107470848136,0.038,0.021,1
Cep55,0.57241132095843,0.0868307716188803,0.107,0.09,1
Tbc1d20,0.572413462156082,0.407052709478721,0.013,0.017,1
Ppp2r3c,0.572544192732322,-0.0789171091852197,0.025,0.024,1
Dnal4,0.572554890680737,0.11903555268295,0.019,0.024,1
Nefl,0.572618860867303,0.468415585897669,0.006,0.01,1
Larp1b,0.572771770634005,0.156835743080199,0.233,0.151,1
Fgf11,0.572876029433179,0.917745107553593,0.013,0.009,1
Tnfrsf9,0.572924687065353,0.667690721740931,0.082,0.047,1
Enho,0.572971097671014,0.614935228180565,0.013,0.018,1
Slc2a8,0.572977928143048,-0.122032399986804,0.019,0.017,1
Cops7a,0.573007046211045,0.980879365054153,0.019,0.008,1
Btbd3,0.573045185213063,-0.224618055694279,0.428,0.339,1
Cox5b,0.57307697059688,1.10571246912332,0.025,0.01,1
Stx7,0.573097474862364,-0.110836409336207,0.107,0.089,1
Mul1,0.573139749246316,0.312312955148056,0.013,0.013,1
Dnm1,0.57315120836775,-0.0107211126087909,0.057,0.045,1
Cthrc1,0.573198929908497,0.234712241229837,0.019,0.017,1
Gcgr,0.57334171818584,0.740689208309195,0.006,0.01,1
Tmem255b,0.573428779993649,0.524811270468457,0.05,0.031,1
Urb1,0.573449674747976,0.257870717263657,0.189,0.107,1
Hsbp1,0.573563933401907,0.936114515159163,0.031,0.013,1
Atp11a,0.573670621433284,0.117496232322411,0.176,0.124,1
Hspa12b,0.573701968052551,0.743968017685248,0.038,0.033,1
E2f2,0.573847395949642,0.677399832336734,0.038,0.024,1
Poli,0.573943063202706,-0.274975086797896,0.063,0.057,1
Klhl42,0.574010963134552,-0.024600395059025,0.044,0.034,1
Trub2,0.574106665713565,0.576361490903989,0.044,0.031,1
Pnrc2,0.574179776702732,1.83213677035927,0.013,0.005,1
Acnat1,0.574203580820454,0.600843407727133,0.031,0.018,1
1190007I07Rik,0.574247364184982,1.18699126407983,0.025,0.012,1
Nid2,0.574328891995773,0.0105317736429704,0.057,0.042,1
Map3k2,0.57434830631193,-0.233487111184496,0.088,0.084,1
Lyrm4,0.574388786134898,0.204121506969893,0.214,0.135,1
Mpc2,0.574626312689157,0.383665161294081,0.126,0.076,1
Crisp4,0.574629772552453,-0.332187110502141,0.057,0.047,1
Zfp568,0.574665264091133,0.390640448876753,0.05,0.034,1
Tiparp,0.574667413002909,0.465178951683834,0.082,0.042,1
Rabl2,0.5746808011266,-0.172814386251348,0.038,0.036,1
Macrod1,0.574769377250521,0.0178748564558111,0.101,0.087,1
Elf5,0.574997220495629,-0.0391898726494579,0.05,0.035,1
Six4,0.575001722719566,0.0482342780061851,0.019,0.019,1
Atoh1,0.575211320662786,1.0515744070844,0.019,0.01,1
Qrfpr,0.575250653987714,-0.318607867089437,0.094,0.074,1
Ttc36,0.575286020040268,1.6886307947071,0.019,0.006,1
9530068E07Rik,0.575352652458793,0.266307455036059,0.025,0.017,1
Slc6a5,0.57551558656904,-0.217780861772053,0.138,0.106,1
Slc30a3,0.575696447341717,0.986471076096755,0.019,0.01,1
Slc35f2,0.575826233243413,0.353004031860736,0.069,0.037,1
Tead1,0.576063847379766,0.344201304848256,0.151,0.088,1
Csgalnact2,0.576083765588528,0.369032344152853,0.126,0.063,1
Mrpl16,0.576169559065617,0.618806424492162,0.038,0.021,1
Sdad1,0.576250321458787,0.191319292084968,0.05,0.042,1
Sf3b3,0.576396853349036,0.420629863650462,0.019,0.018,1
Grk5,0.576501562813054,0.19859878501018,0.283,0.195,1
Phf1,0.576514059672407,0.736355347407919,0.038,0.014,1
Zfp94,0.576598830787648,0.553484053810045,0.05,0.024,1
Arrdc4,0.576686489887376,-0.0635253082662382,0.107,0.085,1
Gas6,0.576739227186729,0.358263849030774,0.038,0.029,1
Syt15,0.576739885197396,0.777532101820727,0.025,0.014,1
Pdzd3,0.576776032563288,1.12463676476536,0.031,0.01,1
Ctsh,0.57689046932185,0.274874373152844,0.057,0.028,1
Trim17,0.577095374247748,-0.0925754085120234,0.013,0.016,1
Vamp8,0.577124590539306,0.47297245620176,0.006,0.01,1
Mus81,0.577173015786417,0.910048033548382,0.038,0.018,1
Tmem161a,0.577308310124587,0.0340821793146571,0.013,0.016,1
Fam135b,0.577391512399648,0.0782011398169411,0.352,0.275,1
Vax2,0.577429221127468,0.342966494176897,0.013,0.011,1
4921522P10Rik,0.577468298767365,0.211707403669512,0.013,0.022,1
Thrap3,0.577593604544323,0.235361381299863,0.031,0.024,1
Olfr1507,0.577615345607656,0.440900960256666,0.013,0.009,1
Kcnj9,0.577630057637076,0.784239416733729,0.013,0.008,1
Atg9b,0.57769117887134,0.460505003931218,0.013,0.01,1
Srp14,0.577822590352871,0.170119217941673,0.013,0.014,1
Spam1,0.577827189324313,0.246951900520948,0.013,0.01,1
Arl14ep,0.577879884062656,-0.0718706971053598,0.057,0.034,1
Krt71,0.577882047920189,0.917368627113937,0.031,0.016,1
Arhgef3,0.577883801962042,0.210768867152134,0.208,0.131,1
Camsap3,0.577989387458395,-0.372401405346702,0.063,0.049,1
Has1,0.578073176707433,0.961415610907188,0.038,0.018,1
Rcn2,0.578094108924687,0.464932670492058,0.05,0.027,1
Rinl,0.578193746660843,0.250777105019473,0.006,0.013,1
Setd3,0.578255112108284,-0.127310713304148,0.088,0.067,1
Tmem252,0.578370293440978,0.215703128242011,0.013,0.013,1
Zfp791,0.578398651931388,0.168889558770118,0.025,0.023,1
Nek5,0.578399443471939,0.296309583324309,0.113,0.075,1
Ankrd52,0.578421627569815,0.224450702486153,0.025,0.02,1
Liph,0.578522251301281,0.238623832584159,0.075,0.046,1
Mrps6,0.578593386754543,0.552897745063175,0.044,0.027,1
Tom1,0.578681128132643,-0.319102487854278,0.164,0.119,1
Rprd1a,0.578751344560026,-0.209370209286332,0.088,0.058,1
Ankrd34b,0.578754578595154,0.75741128485571,0.057,0.034,1
Exosc2,0.578770374420132,0.868724652272094,0.038,0.022,1
Rpp38,0.57899607174053,0.558999600739512,0.038,0.02,1
Nr5a2,0.57900023918722,0.127897266298322,0.182,0.131,1
Cyp1b1,0.579048295822523,1.08369344872812,0.025,0.01,1
Scn7a,0.579050209012866,-0.312986428485829,0.164,0.142,1
Pcbp4,0.579067220517844,0.257118671809615,0.013,0.011,1
Dfnb59,0.579142163716013,0.151816551466105,0.119,0.081,1
Odf2,0.57916334383013,0.317733322200231,0.082,0.057,1
Wdr46,0.57919727774193,1.31046647133289,0.013,0.006,1
Chuk,0.579227190338805,0.121324124140846,0.05,0.031,1
Nme8,0.579308801070304,-0.274565321509646,0.119,0.103,1
Snrpg,0.579367315728215,1.05231703391111,0.019,0.009,1
Btbd17,0.579378996530471,-0.191589389721385,0.019,0.016,1
Nudt16,0.579401275683568,0.69320803871331,0.044,0.026,1
Rbbp5,0.579405155611574,-0.0690173712331417,0.025,0.021,1
Robo3,0.579459652737199,-0.0990931619655981,0.044,0.042,1
Cd244,0.579509821118599,0.136132086472467,0.189,0.132,1
Edc3,0.579594898415776,0.958836119608116,0.044,0.019,1
Ints4,0.579628785244449,0.0353350024137464,0.063,0.042,1
Gabra4,0.579691890508651,0.0176484556947543,0.094,0.084,1
Itgb2,0.579742132938548,-0.303284699880239,0.05,0.042,1
Gm5150,0.579749346962269,-0.271584944812441,0.063,0.05,1
Golga5,0.57975273182418,-0.149774439622218,0.044,0.041,1
Vezt,0.57978423317972,0.241797052655643,0.17,0.092,1
Ckmt2,0.579813177290468,0.532717331493555,0.063,0.04,1
Snhg11,0.579863222275028,0.631487123390873,0.006,0.01,1
Ergic1,0.580098936426736,-0.0731095853556534,0.082,0.071,1
Brd2,0.580118306415175,0.677067063083314,0.038,0.023,1
Rps6ka5,0.580149352664077,-0.196252580922804,0.164,0.132,1
Nek11,0.58052543434228,-0.230156276014489,0.302,0.22,1
Mrpl33,0.580617263427948,0.264657376942861,0.17,0.103,1
Chchd4,0.58062422848757,-0.0584610337735114,0.038,0.037,1
Ccdc177,0.580624868676837,0.77686370678228,0.006,0.011,1
Wisp2,0.580656532339081,0.0267360953272586,0.013,0.018,1
Smek2,0.580712297136394,0.579824200035762,0.057,0.033,1
Ccl24,0.580722198357715,1.67013254514399,0.013,0.004,1
Vmn2r86,0.580762677807056,1.20483351427759,0.019,0.009,1
Brd4,0.580769324741607,0.610059344218444,0.05,0.027,1
Nckap1,0.580792771954819,-0.0679597028402039,0.057,0.063,1
Slc35f4,0.580881422194722,-0.00149272833555036,0.321,0.234,1
Tnrc18,0.580924362278023,1.01273080433739,0.031,0.016,1
Rab27a,0.581302783844889,-0.242783397795018,0.075,0.053,1
Cd3g,0.581323542022495,0.899819173276304,0.019,0.009,1
Med28,0.581344958364518,0.0822925818804512,0.013,0.021,1
Tfip11,0.581466861267187,0.606120685918359,0.006,0.01,1
Ascl2,0.58146816183543,1.60857489988387,0.013,0.005,1
Enthd1,0.58154408716134,0.437941649581967,0.107,0.06,1
Atp6v1b1,0.581587268042397,0.044133270389203,0.025,0.021,1
Cetn4,0.581645685557394,0.676150053101053,0.063,0.029,1
Tcf4,0.581670722019833,0.312440793700548,0.145,0.09,1
Slc14a2,0.581685264504933,0.117612359361602,0.101,0.076,1
Gpr108,0.581718084947495,-0.0257194124269455,0.075,0.077,1
Mtmr11,0.581720449187399,1.89156627806881,0.013,0.005,1
Nptn,0.581801410598954,0.48233474191338,0.069,0.046,1
Ttll10,0.581840368618734,0.494185183424449,0.031,0.023,1
Ccs,0.581843279056094,0.195776009292289,0.025,0.016,1
Surf6,0.581983143828124,1.2425105703538,0.031,0.013,1
Hdac7,0.581989860172795,0.52053620489666,0.057,0.03,1
9230106D20Rik,0.582026982083126,0.0378532371331985,0.013,0.018,1
Cnr1,0.5820983608681,0.35945034512635,0.082,0.05,1
Med1,0.582108275071661,0.699596364953051,0.044,0.02,1
Surf2,0.582138941149105,1.67318747841731,0.013,0.004,1
Ccin,0.582334712286047,0.260928365653947,0.013,0.012,1
Gucy2g,0.582445574127118,0.3666525299721,0.119,0.071,1
Rnf19b,0.582448152463207,0.420056233745555,0.069,0.04,1
Tcf20,0.582488441761122,0.230599581567226,0.075,0.051,1
Ptk2b,0.582488824926124,-0.130938522903521,0.119,0.087,1
Carm1,0.582653473311329,-0.0504995323353086,0.094,0.078,1
Aven,0.582760741198976,0.0489802495549352,0.302,0.211,1
Rab25,0.582826376689585,1.29646556086291,0.019,0.006,1
Atrip,0.582832487837755,0.343431625192989,0.031,0.024,1
Mcur1,0.582860432402707,0.512600708192469,0.05,0.027,1
Tgm6,0.58291517599002,0.477707424813189,0.063,0.034,1
D630003M21Rik,0.583022462400044,0.324569794446336,0.069,0.049,1
Atp2b4,0.58311389588683,-0.0306230319330227,0.119,0.085,1
D2hgdh,0.583221699687574,-0.105247613447292,0.038,0.03,1
Zfp566,0.583256009589482,0.30593405871461,0.019,0.021,1
Pnkd,0.583295955062547,0.00539208470461539,0.082,0.063,1
DHX30,0.583296441512068,1.146525890244,0.019,0.01,1
Hook2,0.583438048542383,-0.3067881031262,0.044,0.042,1
Snph,0.583535219133088,0.331036780186333,0.075,0.049,1
Lce1c,0.583652846114693,0.433606316758066,0.013,0.009,1
Zfp319,0.58375651038462,0.147625020423606,0.019,0.026,1
Mmp10,0.583767475772824,-0.0677015098595764,0.019,0.013,1
Agtrap,0.583780323833563,0.458867540289016,0.044,0.026,1
Gm5416,0.583829802908077,1.09600338625171,0.013,0.009,1
Ugt1a2,0.583890027922068,-0.149157057349448,0.044,0.049,1
Cldn15,0.583951065442447,1.23541585453743,0.019,0.009,1
Pex26,0.583964925403743,0.00114006483463225,0.063,0.044,1
Capn3,0.583978215211304,0.417119701080508,0.088,0.05,1
Serpina5,0.583994680318907,-0.107890087595375,0.013,0.012,1
Ncor2,0.584040185008863,-0.191334415745446,0.063,0.06,1
Zfp866,0.584056360367485,0.639470350989945,0.044,0.02,1
Exo1,0.584162951658063,0.290781191264127,0.132,0.07,1
4930505A04Rik,0.584242624048429,0.388783646973795,0.113,0.049,1
2810004N23Rik,0.584252844483704,0.361318500680812,0.019,0.013,1
Arhgef38,0.584401804312782,0.0606227108401343,0.226,0.177,1
Rabl6,0.584546443955894,0.0213153380409077,0.031,0.028,1
Clk4,0.584585882659693,0.0900773978159597,0.025,0.027,1
Cfl1,0.584641349632638,0.484140286156334,0.019,0.013,1
Sfmbt2,0.584686372983526,-0.0114167627631763,0.421,0.289,1
Cox8a,0.584693532644134,0.321904563083581,0.019,0.011,1
Hist1h2bc,0.584839388476509,0.78542684629042,0.019,0.011,1
Ankrd12,0.58494284342594,0.0495565643647868,0.082,0.073,1
Arhgap32,0.585101015270523,0.325990009743141,0.107,0.075,1
Gdpgp1,0.585201342756308,0.617893420350862,0.063,0.032,1
C3,0.585209366178814,-0.0748071382061779,0.038,0.044,1
Eif4a1,0.585336594737605,0.576247800435963,0.013,0.014,1
Prl2b1,0.585438557102075,1.01005506849592,0.025,0.009,1
2210404O09Rik,0.585448961559437,1.40203524345214,0.019,0.006,1
Mrpl1,0.58545977075796,0.188306425591904,0.176,0.118,1
Ccar2,0.585473865269668,0.417413728922109,0.019,0.017,1
Adh6-ps1,0.585538186378029,0.630096457681238,0.038,0.021,1
Cx3cl1,0.585719239397975,0.211194311205054,0.013,0.013,1
Zfp953,0.585790697943833,0.361210132632671,0.031,0.02,1
Mthfd1,0.585871529899124,0.600826411188539,0.107,0.063,1
Tulp4,0.586020341183167,-0.0259009674413973,0.05,0.047,1
Mtmr6,0.586243939797068,0.07265825925976,0.031,0.034,1
Gas1,0.58625033071249,-0.0474784114720457,0.019,0.026,1
Nsdhl,0.586281835326154,0.369769502941338,0.05,0.024,1
Rgs17,0.586392271188822,0.0876686773615525,0.182,0.127,1
Smtn,0.586461111121035,0.494940169041824,0.088,0.037,1
BC003331,0.586530969390351,0.414810927813659,0.101,0.059,1
Crip2,0.586736322824381,-0.044324573420826,0.019,0.022,1
Wdr93,0.586768978483135,-0.109734682838821,0.082,0.058,1
Zbtb45,0.586772037874472,0.0875975412560965,0.025,0.021,1
Anp32e,0.5868761422162,0.562035005652671,0.063,0.042,1
Gsdmc,0.587032185848033,-0.122977762398421,0.025,0.024,1
Sh3gl2,0.587032761470029,0.00759812077785826,0.572,0.415,1
Bmp4,0.587090391188561,0.468906135391134,0.013,0.012,1
Caap1,0.587144382328042,0.175804083895165,0.17,0.098,1
Sec31b,0.587219540643011,0.977829473572761,0.031,0.025,1
Slc18a1,0.587250576685435,-0.13365659529889,0.088,0.067,1
Pdik1l,0.58752013372034,0.0480972907289035,0.019,0.019,1
Ksr1,0.587551815570147,-0.0394589726489447,0.126,0.095,1
2700089E24Rik,0.587579914363806,0.211361329961727,0.031,0.038,1
Tle6,0.587601617127503,-0.125447726797193,0.031,0.023,1
Dgkq,0.587672781143011,0.347061479240096,0.069,0.035,1
Ercc6,0.58769997345599,0.187669294779196,0.151,0.078,1
Gm20479,0.587707123251187,0.617768577175516,0.013,0.011,1
Pds5b,0.587709107619651,-0.0418495293294221,0.151,0.12,1
Cog3,0.587775984379486,0.272183265068061,0.075,0.072,1
Cib2,0.587824501406078,0.546102299921532,0.069,0.042,1
Chodl,0.587856037042782,0.408968490851784,0.075,0.054,1
Klk4,0.587908158048888,0.563353220738018,0.031,0.02,1
Ccdc120,0.587944283005986,0.96771572086222,0.019,0.012,1
Mst1r,0.587961077210943,1.26876812292547,0.025,0.01,1
Ect2,0.5880056483959,0.144731623683105,0.182,0.14,1
Gm26571,0.58815228831737,1.40362917723786,0.013,0.005,1
Atxn7,0.588322536780397,0.145790966808087,0.214,0.117,1
Fam217b,0.588349783376818,0.60931801226089,0.025,0.02,1
Fat1,0.588352429123387,0.149631929925953,0.17,0.106,1
Ing4,0.588456959973505,0.243251193560944,0.013,0.01,1
Amigo3,0.588462917698768,0.259057500011172,0.013,0.013,1
Eftud1,0.588475424799405,0.0815129531447321,0.27,0.193,1
Rnf214,0.588666924465998,0.755922931540486,0.038,0.028,1
Cd163l1,0.58878013239864,0.0147911819317867,0.025,0.025,1
Fmnl3,0.588861505520891,0.588601022326352,0.069,0.048,1
Atp5k,0.588862701878012,1.13618567717838,0.019,0.013,1
Hadha,0.588970445289872,0.124286809001686,0.031,0.026,1
Slc9a3,0.589075188593158,-0.228430310551873,0.094,0.074,1
Tmsb15b2,0.589199800992282,1.75650637508499,0.013,0.004,1
Pqlc1,0.589200380290957,-0.274934300412362,0.101,0.071,1
Smarca1,0.589286290011096,0.182232022103333,0.082,0.054,1
Scamp2,0.589317253201585,0.209450102249622,0.019,0.017,1
Tmem163,0.589368994130935,0.0298474699676223,0.201,0.163,1
Cfap43,0.589562211575908,-0.122794689898497,0.208,0.178,1
M1ap,0.589678265825874,-0.342225385554257,0.088,0.07,1
Skint10,0.589691958320298,0.397923679290987,0.044,0.039,1
Pxmp4,0.589713511074756,0.315555234040309,0.044,0.031,1
Vmn2r106,0.589728487608557,0.312037652836258,0.006,0.018,1
Slc45a2,0.589729733392192,0.203181826678487,0.088,0.053,1
Hectd3,0.589732961236091,0.990423152657673,0.025,0.018,1
Zfp59,0.589815511552386,0.320824920216412,0.013,0.01,1
Nmd3,0.589840809405081,-0.0658369547952518,0.088,0.075,1
Gm5460,0.589898493248479,0.985128200291425,0.013,0.004,1
Cox7a2,0.589944646566629,0.932169945426442,0.019,0.012,1
Gtse1,0.589991231235071,0.440706056036291,0.057,0.035,1
Zfp428,0.590079500851002,1.19738308717361,0.019,0.01,1
Gtf2h1,0.590139605578313,0.693598580256511,0.05,0.026,1
Tbccd1,0.590152132087899,0.093525730901264,0.164,0.098,1
Nras,0.590169222062037,1.24293366696483,0.013,0.008,1
Glt6d1,0.590263786125704,1.08959321154362,0.013,0.009,1
Pdp2,0.590289727415467,0.673721432654279,0.063,0.03,1
Ccdc186,0.590345539622022,0.0462572392178808,0.031,0.025,1
Camk4,0.590390753256854,-0.17575279064202,0.283,0.241,1
Palm2Akap2,0.59046102355255,-0.185213466227171,0.302,0.226,1
Ctbp2,0.590503516592323,0.0521040218350599,0.082,0.071,1
Hfm1,0.59050361915383,0.108903900427131,0.189,0.106,1
Mina,0.590740644417368,-0.31806143577972,0.069,0.065,1
Htr2b,0.590792226608296,1.13815073085974,0.019,0.005,1
Tada2a,0.590805065726942,0.000898937072181916,0.069,0.049,1
Krt40,0.590843572938576,1.35978813491057,0.013,0.006,1
Arl3,0.590855930101717,0.104980346658659,0.044,0.035,1
Ncmap,0.590991784125998,0.759653913438369,0.057,0.025,1
Slc25a23,0.591043336247927,0.934159313947052,0.038,0.021,1
Xk,0.59108351593799,0.42168486533457,0.057,0.029,1
Lyg1,0.591132408809604,1.25048857698055,0.013,0.011,1
Mog,0.591132764673382,0.161555137732288,0.013,0.015,1
Lrrc39,0.591164390435106,0.0788326521886216,0.038,0.027,1
Tmprss12,0.591188658389731,1.15947601306455,0.019,0.013,1
1700123I01Rik,0.591265228952805,0.174250356667709,0.044,0.032,1
Psmd7,0.591298374471155,-0.149308214760031,0.013,0.013,1
Btbd7,0.591415116112204,-0.226543652291111,0.063,0.057,1
Fxyd2,0.591442246866119,0.4945551540861,0.013,0.012,1
Col6a4,0.591494741090885,-0.217873773398274,0.119,0.096,1
Gpr182,0.591603294197392,1.17673789474628,0.013,0.007,1
Zfp329,0.591639694682572,0.768685729774383,0.031,0.015,1
Lrrc19,0.591668843127706,0.628376049864997,0.031,0.02,1
Cnga4,0.591695887002843,1.41198639397847,0.013,0.006,1
Skint1,0.591787402352432,0.178198628313394,0.025,0.023,1
AY074887,0.591827389113153,0.72134813949828,0.025,0.015,1
Samhd1,0.591875415784467,0.363269294555225,0.082,0.051,1
Kifc5b,0.591913799125303,0.361127190247103,0.05,0.037,1
Mybph,0.59197964447315,0.110002033285062,0.019,0.015,1
Klhl9,0.591998478107283,0.292550442475837,0.013,0.018,1
Nradd,0.592023646872356,0.589777695371735,0.019,0.012,1
Pcgf5,0.592074233846902,0.194603005107226,0.145,0.105,1
Pnpla6,0.592273976346043,-0.302193858563216,0.082,0.068,1
Ccdc176,0.592307349503968,0.67272296982198,0.038,0.02,1
Slc37a3,0.592309074677915,-0.142135247691895,0.063,0.042,1
Adcyap1,0.592468670332099,0.376464593951451,0.013,0.013,1
Tex22,0.59261136795917,-0.0751135512034331,0.025,0.024,1
2610305D13Rik,0.59263906200968,1.41674188444409,0.013,0.007,1
Zfp758,0.592700089772383,1.58623124757073,0.013,0.007,1
Poll,0.592747574834595,1.1507916860644,0.031,0.012,1
Cxadr,0.592750599269767,0.386692377815836,0.113,0.073,1
Tnfsf12,0.592800677071324,0.0958237342490733,0.006,0.015,1
Pcdhga10,0.592957986716502,0.510509547355428,0.05,0.029,1
Hyal4,0.593004877285603,0.514001984080773,0.044,0.033,1
Gdpd1,0.593038336699053,0.231108001443613,0.088,0.056,1
Spcs2,0.593049626668343,0.0321149456513501,0.038,0.04,1
Sycp2l,0.593180210870988,-0.0500250220466478,0.063,0.048,1
Neurod1,0.593248810578004,1.38271965528383,0.019,0.007,1
Olfr831-ps1,0.593433102473047,0.0939784889638968,0.013,0.016,1
Cyr61,0.593606136778299,0.813078850590546,0.025,0.013,1
Dcpp2,0.593686474959336,0.260349585827168,0.013,0.012,1
Thbs4,0.593755829248644,0.236159003607008,0.138,0.084,1
Tex10,0.593755831466641,-0.0856570184821353,0.05,0.05,1
Sirpa,0.59379835517838,0.55364189789199,0.031,0.02,1
Lyzl6,0.593805793816304,0.793452029954556,0.025,0.014,1
Gba2,0.5938198033982,1.2721841418327,0.025,0.008,1
Grpel2,0.593916416246689,0.839930740317894,0.025,0.017,1
Prpf4,0.594095910454144,0.670302262647997,0.05,0.025,1
Glmp,0.594139785202209,1.63016941113823,0.013,0.005,1
Tha1,0.594183438696137,0.272279841234324,0.031,0.023,1
Kif1a,0.594229716843666,-0.0462726996366598,0.044,0.053,1
Klc4,0.594286081051908,0.402352675832321,0.019,0.022,1
Flrt3,0.594615066571533,0.621483644811731,0.088,0.068,1
Olfr44,0.594781062138983,0.759887176674753,0.013,0.009,1
Rdh10,0.594949123995149,0.266448557176405,0.063,0.062,1
Isca1,0.595018915932657,-0.0770841304711407,0.031,0.034,1
Pnp2,0.595030953586757,1.29627346120195,0.013,0.009,1
Cep85,0.595087944727509,0.391780968225299,0.119,0.064,1
Terf2ip,0.595105646387005,0.30711467714769,0.019,0.016,1
Lrcol1,0.595222198582096,0.243234920495207,0.013,0.015,1
Nr1h4,0.595225319154052,-0.267179558234026,0.164,0.118,1
Ncaph2,0.595284038762315,0.0681078280577685,0.031,0.024,1
AI593442,0.595323327233764,0.235393671505034,0.013,0.016,1
Tmem222,0.595475045127206,0.696216894866971,0.031,0.018,1
Duox2,0.59554565431761,0.7161231735901,0.025,0.016,1
Ube2j2,0.595693986669468,1.01785099977828,0.019,0.016,1
Hk3,0.595766665826756,0.262835288567181,0.019,0.02,1
Emd,0.595818623081288,0.95694703740722,0.025,0.009,1
Cd300lf,0.59586051186167,0.0390408207351474,0.006,0.012,1
Wash,0.596093510756258,0.330341605532605,0.019,0.015,1
Pcnxl3,0.596152283117177,-0.0775787623479776,0.038,0.031,1
Eif3j1,0.596286131322279,0.0775062747772326,0.038,0.034,1
Crx,0.596358633592945,0.831786851993285,0.031,0.012,1
Ano10,0.596379402868534,-0.0189508121362749,0.145,0.12,1
Rras,0.596400914867634,0.180434627414086,0.031,0.029,1
Bco1,0.596534648667325,-0.207911987036105,0.044,0.035,1
Slc22a15,0.596709556148159,0.0176194727580254,0.088,0.062,1
Tbc1d1,0.596782385936636,0.194263417195944,0.277,0.194,1
Meaf6,0.596965167377936,0.422341908559279,0.075,0.04,1
Cldn2,0.596993594476708,0.303745354967723,0.006,0.012,1
Rbm19,0.59699827457952,0.306583189212796,0.113,0.079,1
Caprin2,0.597040067461075,0.0553800229718524,0.182,0.112,1
Mia2,0.597065182405154,0.1754877618016,0.019,0.018,1
Mroh1,0.597104475218117,0.279270054336237,0.164,0.089,1
Gnl3l,0.597114812626295,0.654653529290966,0.031,0.016,1
Carkd,0.597126586068761,0.598032450093458,0.057,0.027,1
Kat5,0.5972895004885,1.01369518197703,0.025,0.013,1
Rtn4r,0.597308500715797,0.2809997726704,0.038,0.034,1
Rps3,0.597494907623632,0.21819623816853,0.019,0.02,1
Usp19,0.597504892374929,1.21143595834623,0.025,0.009,1
Gdf2,0.597505608507998,0.73451857570111,0.031,0.019,1
Nlrp4e,0.597541586266067,0.885315847891284,0.025,0.015,1
Tspan12,0.597589044283837,0.286545531753946,0.126,0.09,1
Pla2g4b,0.597618812764182,0.24038811580189,0.013,0.015,1
Myof,0.597654712525685,0.0863747797689296,0.233,0.178,1
Cobl,0.597850501842983,-0.021011803704964,0.415,0.272,1
Bcl2l14,0.597877347203944,-0.0835653921808133,0.05,0.043,1
Nbn,0.597891736556334,0.211048104252414,0.138,0.079,1
Otud1,0.597933360639488,0.311664348796691,0.057,0.035,1
Smpx,0.598046643846813,0.329598728118798,0.075,0.053,1
Creld2,0.598096808624893,-0.00990784987136095,0.063,0.048,1
Dcstamp,0.598122115279934,0.63953321924175,0.057,0.024,1
Klrd1,0.598143831589328,-0.148070092153855,0.013,0.014,1
Mrpl23,0.598254934262197,-0.170367362603488,0.044,0.037,1
Rph3a,0.598292028678711,0.638516116525944,0.057,0.034,1
Myzap,0.598419600679265,0.341254552763138,0.107,0.07,1
Slc26a2,0.598597105321428,-0.0562746475257763,0.031,0.033,1
Zfp952,0.598622958768974,1.46851115676481,0.013,0.005,1
Bend7,0.598660211286073,0.205455822616147,0.132,0.088,1
Osbp2,0.598689049052943,0.208847135557584,0.182,0.119,1
Otol1,0.598751183306707,0.063410540768289,0.025,0.041,1
Gpr125,0.598786416332632,0.0714669222044302,0.327,0.227,1
Vps51,0.598822398968804,1.18180887968134,0.025,0.013,1
Pold4,0.598864562646731,0.749869912720382,0.044,0.018,1
Kcnh4,0.598973074113482,0.25835749665744,0.025,0.02,1
Dhx32,0.599035978524721,0.00309927214201444,0.05,0.041,1
Cad,0.59905341059558,0.665762083428954,0.05,0.029,1
Smurf2,0.599082309481814,-0.102079296959825,0.063,0.052,1
Tm2d3,0.599397168836574,0.0197912133314908,0.025,0.021,1
Alg2,0.599405999533357,0.611789350087796,0.057,0.03,1
Sox12,0.599464564645351,0.0318475071696209,0.038,0.025,1
Rab21,0.59963961161708,0.165341586268158,0.038,0.034,1
Ndufa7,0.599700978735078,0.517620549636627,0.013,0.012,1
Dbnl,0.599805705269283,0.12240966429553,0.031,0.026,1
Cpeb4,0.600154624409641,0.247699930246196,0.031,0.024,1
Olfr435,0.600216440289856,1.26161318678475,0.013,0.005,1
Thumpd3,0.600261445038157,1.06117061418051,0.057,0.022,1
Hmox2,0.60031128778671,0.315191043449536,0.013,0.014,1
Gsdmc3,0.600341650780811,0.704459458582954,0.013,0.007,1
Dhx8,0.600377352322125,0.698066596099363,0.05,0.029,1
Lbp,0.600595686865591,-0.0152221668192105,0.038,0.027,1
Bend5,0.600842295941294,0.20282882598891,0.107,0.075,1
Wasf2,0.600920506325922,0.669242577823898,0.038,0.023,1
Fcgr1,0.600997715567688,1.76176793063261,0.013,0.006,1
Sult1c2,0.601030954114749,0.368438508655663,0.044,0.029,1
Heg1,0.601204944289074,0.0505376791445809,0.075,0.059,1
Gprc5a,0.601290456037981,0.659780233776214,0.038,0.022,1
Smc5,0.601329662260749,0.513104565388719,0.069,0.042,1
Car2,0.60133026424751,-0.139628374835047,0.025,0.029,1
Siah1a,0.601375448491274,0.334575134944108,0.025,0.019,1
Fcnb,0.601383183413782,0.318343354470825,0.013,0.011,1
1500002C15Rik,0.60140794646248,0.554486361449237,0.019,0.018,1
Notch1,0.601507841855781,0.191387056336079,0.031,0.031,1
Cenpu,0.601607579775104,0.232825548564969,0.107,0.079,1
Gpc1,0.601756718745191,0.217294560756783,0.044,0.047,1
Hist1h3i,0.601802057354083,1.19727866649769,0.013,0.005,1
Hdgfrp2,0.60194243572659,0.113780109591901,0.069,0.065,1
Fastkd2,0.601946741239334,0.434050835004723,0.069,0.038,1
Rab40b,0.601970744048385,0.599848201289573,0.069,0.045,1
Vmn2r81,0.601978812268456,0.478055235239689,0.05,0.036,1
Prss50,0.6022039657214,0.52480166457372,0.013,0.009,1
Rnf5,0.602249069922532,0.151289876400678,0.038,0.031,1
Gm5415,0.602348780768216,0.764344163128961,0.013,0.006,1
Nqo2,0.602348880046555,0.459513193168541,0.075,0.039,1
Ckap4,0.602413522800337,0.418024419226507,0.013,0.013,1
Matr3,0.602645522055939,0.0264839758854585,0.019,0.017,1
Cep89,0.602666299229799,0.317950792257055,0.119,0.073,1
Rpl4,0.602720376479681,1.10767654648857,0.019,0.01,1
Akr1c18,0.602724450557018,0.0784932700592496,0.044,0.031,1
D630023F18Rik,0.602724979993384,-0.196608126483924,0.044,0.04,1
Dync2li1,0.602771340234032,-0.0976225917670712,0.05,0.045,1
Usp27x,0.602814461539371,0.828668259417984,0.025,0.013,1
Pcdh19,0.602933634406104,-0.0688869838325958,0.101,0.082,1
Fam32a,0.603031885099124,0.257378299087714,0.019,0.012,1
Lrit3,0.603071614518254,-0.256740678871772,0.044,0.038,1
Cables2,0.60320510967739,0.697650488091839,0.044,0.029,1
Elmod1,0.603269376924466,-0.250420752879929,0.082,0.079,1
Krt7,0.60334317050454,-0.0113019478229326,0.025,0.023,1
Vmn2r65,0.603368512425594,0.450244876733653,0.013,0.015,1
Nt5e,0.603421134491139,-0.294936437485283,0.088,0.078,1
Phpt1,0.603480007307097,0.244443261008768,0.019,0.017,1
Serpinb9,0.603593891434251,0.0065839299853705,0.038,0.054,1
Atf2,0.603631089064256,0.614395660157479,0.101,0.054,1
Wdr31,0.603680034617225,0.165221916819833,0.044,0.042,1
Actl7a,0.603715011726272,1.73368020967567,0.013,0.002,1
D17Wsu104e,0.603812519168957,0.566570807458162,0.031,0.017,1
Inca1,0.603920224278275,0.386883766762803,0.013,0.017,1
Ttr,0.604134956433988,0.616610523493993,0.031,0.023,1
Bnip2,0.604373439437132,0.263037912369407,0.025,0.019,1
Sacs,0.604601199177843,0.313768284626798,0.138,0.08,1
Fyn,0.604610243309975,0.313778698841799,0.157,0.105,1
Suco,0.604664209312556,-0.037839790279262,0.119,0.095,1
Ccdc60,0.604700166300374,0.317302323373584,0.138,0.1,1
Kazn,0.604763350763526,-0.0779427067736833,0.082,0.069,1
Ptpn5,0.604831178256231,0.367018173435171,0.113,0.078,1
Vmn1r32,0.60499325552346,0.388550450722577,0.013,0.012,1
1700029J07Rik,0.605059232863481,0.42788680454528,0.057,0.045,1
Vmn2r52,0.605157910333603,0.143540607631837,0.019,0.018,1
Sumo2,0.60518071983213,0.00691342881529256,0.019,0.023,1
Olfr399,0.605191044114392,1.30883006013897,0.013,0.005,1
Gtf2i,0.605209418878142,0.715637799831355,0.031,0.024,1
TIGD5,0.605242886495331,0.0590583925873709,0.038,0.026,1
Chd6,0.605275842036341,0.415235527746202,0.151,0.093,1
Clptm1,0.605313671284406,0.2282382145092,0.038,0.029,1
Igfbp2,0.60536567806656,0.685865900930158,0.031,0.019,1
Spc25,0.605404104151671,-0.31224227376081,0.094,0.076,1
Ube2f,0.605422480701504,0.558834454379147,0.069,0.041,1
Ube2t,0.605448066004648,0.337084755341018,0.031,0.02,1
Efcab9,0.605465430063411,0.834505295174741,0.025,0.016,1
Gja8,0.605628273605947,0.539305908435297,0.019,0.012,1
Erlin1,0.605838608584954,0.0938320311211545,0.044,0.033,1
Sptssb,0.605870428689895,0.305789081922853,0.113,0.067,1
Otub1,0.605978914906552,0.764219814510073,0.025,0.016,1
A330008L17Rik,0.606056842663543,-0.197049462734031,0.352,0.301,1
Gm9733,0.606074821862279,-0.064628414716922,0.025,0.032,1
Neb,0.606109664795879,-0.18923976512203,0.302,0.237,1
Rsph3a,0.606134969759533,0.761311799240391,0.044,0.018,1
Casc4,0.606176599101833,0.0012663314657706,0.063,0.057,1
Naa30,0.606247149497578,0.108408642366042,0.025,0.031,1
Bzrap1,0.606328570025998,0.0353326293554908,0.05,0.04,1
Cfi,0.606385001278514,0.306335615437702,0.107,0.059,1
Fndc4,0.606416673572281,0.714496767904373,0.013,0.011,1
Scgb3a2,0.606470138892452,-0.0178467442842969,0.013,0.01,1
Angpt2,0.606507972676154,0.201262767703235,0.138,0.096,1
Tomm20,0.606522337687789,0.553359723769542,0.013,0.011,1
Gtf2e2,0.60656776593539,-0.160549543103461,0.113,0.076,1
Pcdha3,0.606740604498224,-0.307322417496738,0.195,0.164,1
Acss2,0.60678078491517,-0.102275067693378,0.101,0.067,1
Sycp1,0.60679802974156,0.400248582987008,0.088,0.043,1
Gemin4,0.606905265576593,0.0612716453398496,0.013,0.018,1
Tssk6,0.607070750094955,0.298378671767029,0.019,0.015,1
Sf3b6,0.607144691512198,-0.189193948575519,0.031,0.023,1
Snurf,0.607173356149747,-0.253837758575719,0.019,0.02,1
Tgoln1,0.607220759113519,0.993890848601968,0.031,0.015,1
R3hcc1,0.60725162411166,-0.0305381855328051,0.031,0.028,1
Ppwd1,0.607330978172351,0.0990865248807768,0.088,0.049,1
Kcnc2,0.607452860313437,-0.173533589347767,0.289,0.241,1
Igfbp1,0.607524927401562,0.199300525519302,0.013,0.014,1
Agbl1,0.607532116379714,-0.0245715899895445,0.459,0.334,1
Cpsf6,0.607568923939779,0.383059113868734,0.05,0.033,1
Slc36a1,0.607928156547699,0.443419701532378,0.063,0.037,1
Ercc5,0.607935916855126,0.325265047310704,0.101,0.049,1
Gimap8,0.60808686024803,-0.0589757706098837,0.031,0.024,1
C1qtnf3,0.608107258661474,-0.161595601261802,0.044,0.042,1
Helz2,0.608139041238433,0.060861333900057,0.025,0.024,1
Nlgn2,0.608242141974437,0.696369004160542,0.031,0.026,1
Cope,0.608274844451756,1.37322015952846,0.019,0.009,1
Prnd,0.608377464772568,1.30419932083454,0.019,0.007,1
Fbxo11,0.608481227569363,0.447591019752517,0.063,0.038,1
Usp9y,0.608530471322836,-0.0380953021330406,0.05,0.043,1
Col6a6,0.608647759225997,-0.20353184022494,0.164,0.142,1
Clhc1,0.608726837689454,0.0526872905863884,0.038,0.038,1
Esp6,0.608753599563787,1.11365263604569,0.013,0.007,1
Zfp637,0.608756018580851,0.587628707203322,0.038,0.026,1
Birc6,0.608892947821861,0.219558126936386,0.182,0.121,1
Olfr1238,0.608895651110274,1.34020450967607,0.013,0.005,1
Tuba1b,0.608937577888319,0.996435014734347,0.019,0.011,1
Rps27a,0.609184551412425,0.377450653246168,0.013,0.012,1
Gpr37l1,0.60920027285139,0.967928633262034,0.019,0.009,1
Ube2n,0.609231128880236,-0.058473815247166,0.038,0.031,1
Glis2,0.609335534370192,0.470976782791277,0.069,0.033,1
Sgcg,0.609344073565446,0.128266689754446,0.031,0.024,1
C330021F23Rik,0.609392032245771,0.0803087711409942,0.025,0.026,1
Fbxl3,0.609410631329238,-0.0764685725731162,0.038,0.036,1
Ulk1,0.609440925726248,0.313616054820887,0.069,0.043,1
Vcl,0.609643477141126,0.427351735554387,0.113,0.068,1
Snap47,0.609724764088116,-0.228729318376056,0.031,0.031,1
Nacc2,0.609771803783533,0.742426668344238,0.05,0.029,1
Asb16,0.609837683136156,0.648171119436038,0.019,0.02,1
Gm29094,0.609896351880394,0.770495101072281,0.019,0.013,1
Kcnj13,0.610063138197377,1.62185993740651,0.013,0.005,1
BC089597,0.610076036416826,0.889040299218636,0.019,0.011,1
Pcsk1,0.610085922489103,-0.18634466959651,0.088,0.073,1
Eif2b3,0.610092922464415,0.204050709423572,0.113,0.062,1
Gm2956,0.61026432756148,1.85606892775123,0.013,0.005,1
Anapc2,0.610271675010794,1.32970099341314,0.025,0.007,1
Myh13,0.610271720793951,-0.218317069541964,0.057,0.049,1
Olfr46,0.610599573510106,1.68500563849217,0.013,0.004,1
Ccdc79,0.610826618286477,0.225076733599054,0.107,0.059,1
Blnk,0.611034933890728,0.259625593149691,0.075,0.049,1
Zar1l,0.61107531264103,0.751292634428167,0.025,0.01,1
Gsg1,0.611169908662035,0.183359443753301,0.038,0.031,1
Il20ra,0.611383383351044,0.323037504233039,0.101,0.065,1
Cisd2,0.611444352616216,0.0521989605381874,0.019,0.02,1
F9,0.611569297806404,-0.155177847434069,0.031,0.039,1
Rbm10,0.6116033586652,0.620684836455959,0.031,0.016,1
Gtpbp10,0.611656038517754,-0.0193543123231663,0.088,0.073,1
Tro,0.611676166916112,0.384076479401996,0.013,0.014,1
Mmp8,0.611978323148397,-0.11292460058203,0.025,0.024,1
Gm9742,0.612168499594244,0.901126292992926,0.019,0.01,1
Krit1,0.612201514951985,-0.167813543236173,0.05,0.042,1
Slc24a1,0.612389712489449,-0.100965615498875,0.05,0.038,1
Cfap36,0.612404333621232,0.0627980379558508,0.044,0.041,1
Cyp4a14,0.612461957038,0.157207273174968,0.019,0.014,1
Arpc5l,0.612470905423432,0.771602797256438,0.031,0.02,1
Iqce,0.612524880699705,0.515515007022098,0.057,0.037,1
Abhd15,0.612562656544684,0.507353667187539,0.038,0.026,1
Scarb1,0.612617363200356,0.238468420460745,0.107,0.054,1
Slc35b4,0.61263836972443,0.396224026507579,0.075,0.042,1
Nol8,0.612670830330707,-0.118241543971852,0.075,0.063,1
Fbxo42,0.612697303052669,0.786477819358169,0.05,0.029,1
Col16a1,0.612761104646811,0.298950396540294,0.05,0.046,1
Gak,0.612866142041978,0.290781697692691,0.094,0.056,1
Slc47a2,0.612943668213622,0.355040325576406,0.044,0.026,1
Spry1,0.612957423146113,0.828797480857784,0.019,0.018,1
1700020L24Rik,0.613047687792581,0.789321217689768,0.013,0.013,1
Polr3k,0.613060697575172,0.188336468476793,0.025,0.02,1
Phlda1,0.613084331642798,-0.179368581988846,0.019,0.021,1
Car13,0.613180256352618,0.160691998114,0.082,0.046,1
4930556J24Rik,0.61320376813788,0.370403698419319,0.031,0.026,1
Trpv1,0.613233954616317,0.469251868361072,0.057,0.03,1
Cyp2b19,0.613324165354734,0.167373110722015,0.025,0.019,1
Myo16,0.613355840179882,-0.0324106181907067,0.491,0.362,1
Slc25a36,0.61347188198832,0.440549240671858,0.063,0.031,1
Spen,0.613497308184843,0.364692882787004,0.031,0.021,1
Agbl3,0.613707476609372,0.331446053595541,0.119,0.079,1
Tcl1,0.613714140326788,1.38122101010862,0.013,0.005,1
Atf1,0.613717932600708,-0.0123484294538052,0.038,0.026,1
Gtf3c5,0.613911686282663,0.202342430608993,0.025,0.026,1
Evc,0.613993014581718,-0.145100341142291,0.082,0.075,1
Psg19,0.614029732951911,0.199722440040891,0.013,0.015,1
Itga7,0.614089864467758,0.572366972225073,0.038,0.02,1
4921517D22Rik,0.614130958317162,1.26164284839277,0.019,0.005,1
Alg9,0.614199442536838,0.278907739721005,0.145,0.084,1
Fam120b,0.614201625960759,0.389001469332143,0.101,0.056,1
Pkn3,0.61426914441545,0.790781383016701,0.013,0.012,1
Arhgap8,0.614556523670356,0.180307761737828,0.069,0.048,1
Col28a1,0.614670059415394,0.0348140480852384,0.296,0.212,1
Prl7c1,0.614802430505252,0.853726921419196,0.006,0.01,1
Pcbp2,0.614814735970732,0.320771753241906,0.019,0.021,1
Fam103a1,0.614865394975768,0.432806817579323,0.013,0.014,1
Smarcd1,0.61497676733693,0.278414806804224,0.013,0.013,1
Oxnad1,0.61502411814398,0.518705774432885,0.057,0.035,1
Prps2,0.615084260293562,0.329886132970156,0.075,0.047,1
E2f6,0.615140229871224,0.435799119681029,0.044,0.026,1
Mcf2,0.615142579193778,-0.136916414817393,0.119,0.079,1
Rsph1,0.615281059005427,0.614893639421213,0.038,0.021,1
Ndrg2,0.615410567842342,1.36821397148098,0.019,0.012,1
Rnf169,0.615479308195506,0.616692418598722,0.05,0.031,1
Rcor3,0.615493712606576,-0.0371358844875447,0.069,0.054,1
Akr1c21,0.615518607975709,0.387294373641717,0.038,0.022,1
Cfc1,0.615553333729078,1.01405895061036,0.013,0.009,1
BC035044,0.615653716898108,0.322241196621158,0.107,0.071,1
Frrs1,0.615772808410632,0.0906841268936622,0.057,0.042,1
Tmem191c,0.615820494637224,1.03820115008887,0.019,0.011,1
Wsb1,0.61592004207337,1.15071348912705,0.025,0.016,1
Eif4a2,0.615990265226538,0.852080633314252,0.013,0.01,1
Oxct1,0.616085039158941,0.265449333731716,0.195,0.131,1
Tbrg1,0.616087168960426,0.120434070161684,0.019,0.023,1
Fam220a,0.616099194933785,-0.0787496497024884,0.05,0.043,1
Yars,0.616146566098568,0.536166009913738,0.057,0.034,1
Galnt2,0.616419463218944,0.277014435071392,0.119,0.073,1
Mep1a,0.616453831094601,-0.0734751714690782,0.025,0.021,1
Serpinc1,0.6165194299973,0.401310616053748,0.044,0.024,1
Ktn1,0.616533482642495,-0.0119333150093555,0.088,0.06,1
Abca9,0.616601735643392,0.278725072509154,0.101,0.056,1
Chrm3,0.616608197577403,-0.222131595755859,0.541,0.475,1
Sdc4,0.616622090554614,0.152749571424555,0.013,0.013,1
Atp6ap1,0.616627794257969,1.66425368495173,0.013,0.005,1
Hsd17b2,0.616641866297981,0.308400023222617,0.088,0.048,1
Fam193b,0.616660446308016,0.444191851223372,0.069,0.038,1
H2-DMb1,0.616684067515444,0.532994513124446,0.006,0.013,1
Scap,0.6168056755455,0.00173698476276218,0.063,0.045,1
Arap1,0.616833172908346,0.63361711011908,0.075,0.045,1
Bmp2k,0.616885771117631,0.0541176367965295,0.145,0.101,1
Ccdc50,0.616998880018039,0.229039841877707,0.101,0.058,1
Avl9,0.616999985655829,-0.0712885337402192,0.075,0.068,1
Kcnq3,0.617162811973144,-0.201668968476916,0.327,0.297,1
Bscl2,0.617218446265373,0.653662759010304,0.013,0.013,1
Snupn,0.617224411346534,0.00858954626926511,0.038,0.029,1
Stx6,0.617288819166075,0.111470463257622,0.057,0.059,1
Kif4,0.617346082165603,0.169637079865078,0.126,0.079,1
Fam161a,0.617414412386272,0.246921802790991,0.069,0.043,1
Stxbp2,0.617638881064109,0.594749166033359,0.057,0.029,1
Dpt,0.6177630875511,0.062902420622744,0.038,0.035,1
4933427I04Rik,0.617844895832954,1.27828495317722,0.013,0.005,1
Als2cl,0.618172081200912,0.117913359518231,0.031,0.034,1
Olfr557,0.618280262571669,1.00281073447824,0.019,0.007,1
Ccdc93,0.618334354558597,-0.16347512881377,0.214,0.156,1
Zfp457,0.618459825674896,0.738542977107652,0.031,0.017,1
Tmed9,0.618516357324569,1.18074203664174,0.019,0.009,1
N6amt1,0.618591136324575,-0.144677280316963,0.057,0.056,1
B020011L13Rik,0.618686627410101,1.32628447146058,0.013,0.008,1
Ndufs6,0.618716377184018,0.647758110569161,0.038,0.021,1
Zfp820,0.618768453355115,-0.177439861742342,0.019,0.023,1
Nexn,0.618830923420397,0.1707782446572,0.038,0.031,1
Endod1,0.618879286043245,0.014008088534613,0.038,0.045,1
Ivns1abp,0.618889328065998,0.679345115460073,0.057,0.045,1
Kremen1,0.618962419047305,0.387307624151743,0.082,0.056,1
Carhsp1,0.619008640216161,0.0898161057085414,0.019,0.022,1
Ccdc134,0.619026457468504,-0.157132534137135,0.044,0.029,1
Col24a1,0.619034616905567,-0.202411994466667,0.384,0.308,1
Pfdn1,0.619074230169823,0.593628575120818,0.057,0.034,1
9830107B12Rik,0.61912717469919,0.167411520364959,0.038,0.023,1
Setx,0.619337425800853,-0.0309814126955086,0.075,0.056,1
Supv3l1,0.619402485178115,1.01823710383484,0.025,0.017,1
Hnrnpl,0.619406883414808,0.000883404108129149,0.025,0.029,1
Cyp27a1,0.619422606610108,0.854144637523917,0.031,0.016,1
Slc22a6,0.619438742001316,0.110703255690941,0.019,0.014,1
P2ry1,0.619518364903311,-0.0661859000587199,0.031,0.027,1
Tmem52b,0.619600481763309,0.51678195716344,0.044,0.026,1
Ssb,0.619692930311389,1.55105236190223,0.019,0.007,1
Mia3,0.619712900954884,0.232624277124629,0.101,0.057,1
Tnfrsf22,0.619740261235148,0.729771325190307,0.025,0.015,1
Pi4kb,0.61992294648971,0.0606493124253165,0.038,0.035,1
Gm20532,0.619956182445486,-0.01613254641605,0.05,0.053,1
Cep250,0.619968447640393,0.0513807491784029,0.075,0.054,1
Hace1,0.620032351726303,-0.170250218642131,0.189,0.15,1
Lrtm2,0.620063615600178,-0.0889559836023608,0.019,0.02,1
Gm17720,0.620168706936302,0.612807608714701,0.038,0.02,1
Bcorl1,0.620194346810773,-0.0896629312900812,0.038,0.034,1
Ccm2l,0.620473427336124,0.448321907011589,0.019,0.018,1
Kif26a,0.620489920748312,-0.00212990832166327,0.05,0.042,1
Gm15401,0.620595948807289,0.888715284277051,0.031,0.013,1
Ormdl2,0.620636293695497,0.783234087029077,0.019,0.011,1
Tmem41b,0.620654961639243,1.07470837412268,0.019,0.015,1
Lmo2,0.620751527800796,0.128379901047333,0.019,0.018,1
Dnali1,0.620871182826535,0.833696486460124,0.031,0.013,1
Alx1,0.620950251951889,0.290474300667835,0.05,0.031,1
Hsd17b6,0.621115449743054,1.56297452931298,0.019,0.008,1
Ncoa6,0.621127956430099,-0.0350877454890473,0.044,0.037,1
Utp20,0.621286080474142,0.140142157048027,0.245,0.188,1
AF251705,0.621426224881239,1.55609906885873,0.019,0.007,1
Hdac11,0.621443033003415,0.338903247804093,0.069,0.044,1
Prep,0.621459182391819,0.0929419642380536,0.289,0.191,1
Unc50,0.621471635324541,0.482373443368371,0.019,0.016,1
Spryd7,0.621476336745192,0.375620984263865,0.088,0.06,1
Vmn2r78,0.621551004604648,0.48634953205393,0.107,0.05,1
Pyroxd1,0.621563606077695,0.303225771606989,0.094,0.045,1
Tubb5,0.621718051488697,1.03813466545797,0.019,0.011,1
Birc2,0.621795218552763,-0.189764750815696,0.05,0.042,1
Tectb,0.621821702314822,0.736607532004623,0.013,0.01,1
Lrrc14,0.621856739553576,0.603201747934999,0.019,0.018,1
Ckap5,0.62188305851048,0.441835617880679,0.075,0.042,1
Gm20654,0.622036528336105,0.859320076689569,0.013,0.008,1
Gm853,0.622058269983258,0.50245474340489,0.013,0.01,1
Arl4d,0.622107019246346,0.748403334421314,0.019,0.01,1
Trim26,0.622107079415024,0.4484356483648,0.101,0.065,1
Cep57l1,0.622121850804977,-0.186860179653682,0.138,0.08,1
Icos,0.62238571807418,0.160415392904411,0.031,0.025,1
Klhl3,0.622519164244285,0.289586374511974,0.132,0.075,1
Rbmx2,0.622529070928524,-0.0546979468245858,0.013,0.016,1
Kprp,0.622534170292731,0.228658458113947,0.013,0.015,1
AK129341,0.622681174085999,-0.04604016585178,0.101,0.076,1
Ranbp10,0.62277091660404,0.363348130517095,0.119,0.062,1
A230050P20Rik,0.622816374853187,0.341668912626645,0.013,0.01,1
Mthfsd,0.622896297364828,-0.0796316135569413,0.031,0.034,1
Ccdc117,0.623037405148651,0.267564484924735,0.019,0.016,1
Cdcp2,0.62304640215518,1.41494917056357,0.013,0.007,1
Tbc1d25,0.623116689610968,0.168106133309538,0.025,0.021,1
Gm10874,0.623148747985427,1.04246685230761,0.025,0.011,1
Ptpn7,0.62332009845708,0.0572806705304272,0.013,0.016,1
Aqp7,0.623335001831094,0.43091823291218,0.019,0.013,1
Wbscr28,0.623439034795136,0.704445713304651,0.038,0.018,1
Tmem251,0.623480929404222,0.887403829122263,0.013,0.01,1
Defb37,0.62353164767855,0.303880024659393,0.013,0.01,1
Mta2,0.623668419528392,1.1706616225477,0.013,0.01,1
Abhd8,0.623697059477517,0.231845492568301,0.057,0.034,1
C330027C09Rik,0.6237033377532,0.128895594862188,0.145,0.081,1
Rpl7a,0.623716177398088,1.13261569659111,0.019,0.01,1
Armc6,0.623783504510325,0.365272710845138,0.019,0.016,1
Mfsd10,0.623858300950116,0.515014634739668,0.013,0.01,1
Knop1,0.623867491324401,0.218459733905203,0.031,0.02,1
Lpar5,0.623898101941586,0.118993655389376,0.019,0.019,1
Hoxc12,0.623910011728267,1.84581333663108,0.013,0.002,1
Pfpl,0.623917289856387,0.911010427954765,0.019,0.012,1
Nrbf2,0.623995149074339,0.0169570345182022,0.025,0.018,1
Uso1,0.624058409961893,0.295694214301983,0.17,0.103,1
Meox1,0.624090790150409,0.667600253956326,0.013,0.013,1
Arhgap42,0.624097944693496,-0.241286197917991,0.314,0.27,1
Gpr151,0.624118147481802,1.46455883251545,0.013,0.004,1
Agtr1b,0.624373415435305,-0.337484841113566,0.063,0.053,1
Nup85,0.62437385387615,-0.197189666498693,0.019,0.028,1
Vmn2r124,0.624374385061165,0.639565533031681,0.038,0.019,1
Fam73a,0.624462320751046,-0.31665750990704,0.101,0.08,1
B430218F22Rik,0.624480900011927,0.27742971239835,0.025,0.02,1
Runx3,0.624682111872676,0.479813335029562,0.038,0.026,1
Rfc5,0.624720342889897,0.818836146698864,0.031,0.016,1
Senp7,0.624759917613413,-0.099433857785844,0.151,0.104,1
Vmn2r120,0.624778962832166,0.57604969209995,0.05,0.04,1
Olfr292,0.624786160917381,0.880591531634571,0.019,0.01,1
Kcnt2,0.625030769110748,-0.12445874729591,0.428,0.354,1
Cd180,0.625059390401099,-0.146102037642165,0.05,0.035,1
Hist1h2be,0.625080522838585,0.374386888604631,0.044,0.027,1
Npy1r,0.62509357972678,0.482621589154411,0.038,0.027,1
Afg3l2,0.625176521209703,0.262062299461195,0.101,0.059,1
Zfp945,0.625319265472895,0.877217536286979,0.025,0.016,1
Srd5a1,0.625361210235208,-0.122801629970249,0.088,0.084,1
Fundc2,0.625367660352922,0.0601916038329353,0.019,0.018,1
Kcnc4,0.625416750621147,1.17264232394137,0.019,0.01,1
Pik3c2a,0.625425077818353,0.137427757417817,0.069,0.066,1
Ccr1,0.625445264136585,2.09350098388664,0.013,0.003,1
Tsc22d1,0.625458748819411,0.172218463556548,0.145,0.087,1
Shoc2,0.625506818334488,-0.0399334332512762,0.101,0.074,1
Lin28b,0.625539204190171,0.0872100049193127,0.151,0.1,1
Xkr7,0.625765499646378,-0.226781220079159,0.031,0.024,1
Oacyl,0.625817335737438,0.00125511644217369,0.063,0.057,1
Ifi44l,0.625818982067055,-0.0130266131918333,0.019,0.023,1
3632451O06Rik,0.625859517354086,0.0411183500789925,0.27,0.164,1
Sec24c,0.625891060189303,0.17509947606014,0.019,0.014,1
Pafah1b2,0.625975254902591,0.470571871662999,0.006,0.01,1
Phf21b,0.626082014371059,0.22394880267515,0.044,0.033,1
Mycbp,0.62612686785462,0.189331103338271,0.019,0.024,1
Diexf,0.626148315068801,0.319236330315951,0.138,0.063,1
Trim66,0.62634032259682,-0.00881888614192583,0.075,0.057,1
2010107G23Rik,0.626353985141064,-0.004756821030381,0.038,0.028,1
Stard8,0.626365263272146,0.0013901075991205,0.05,0.037,1
Btg3,0.626393929797404,-0.135351490434291,0.069,0.056,1
Hist4h4,0.626410995852218,1.03401876405898,0.025,0.012,1
Ier2,0.626436991131719,0.859620254162111,0.013,0.012,1
Ccdc36,0.626477147437143,0.438551940128598,0.019,0.014,1
Ly9,0.626480347906236,0.558748686195876,0.038,0.027,1
Srsf11,0.62659408618175,0.5172680470023,0.063,0.037,1
Crhr1,0.626643089697599,0.10901575935233,0.038,0.031,1
Cdyl,0.626690878569311,0.0655633335296804,0.264,0.17,1
Narf,0.626711124017611,0.442114685825289,0.057,0.046,1
Uhrf1bp1l,0.626859895276969,-0.347933249283238,0.189,0.151,1
Cacna1h,0.626887809977592,-0.15062925590914,0.075,0.059,1
Chgb,0.626916054948609,0.102359893793998,0.031,0.023,1
C87977,0.626965081880214,1.21428653811928,0.013,0.006,1
4933412E24Rik,0.627028167684775,2.32587862392098,0.013,0.002,1
Thsd7a,0.627111417310384,-0.0118528743251216,0.572,0.407,1
Dmbt1,0.627112377333277,-0.121193324055807,0.082,0.076,1
4933406J08Rik,0.627349375469115,0.446571084889137,0.044,0.03,1
Ptch2,0.627443621273813,0.00517143477203508,0.025,0.023,1
Ubr3,0.627506144281353,0.327429269409528,0.119,0.065,1
Ptpdc1,0.627644773407925,-0.0323077851442122,0.057,0.059,1
Sirt2,0.627654958799853,0.0281954871613177,0.05,0.045,1
Gm7008,0.62767133841059,0.0211984960076892,0.063,0.054,1
Pdgfc,0.627775778273133,-0.225584997057628,0.296,0.239,1
Ubap1l,0.62780034350243,0.111478771854893,0.013,0.013,1
Mrps18a,0.627819980356507,0.50431464976342,0.019,0.017,1
Parp8,0.627838947163368,-0.277424192469814,0.321,0.254,1
C1rl,0.627946318350459,-0.202557430964716,0.031,0.03,1
Actc1,0.628028402914049,0.560859647272544,0.013,0.011,1
Nfkb2,0.628061501406455,0.40217114346597,0.044,0.026,1
Plagl2,0.628125023319535,0.686948267922404,0.038,0.019,1
Gm13251,0.628298799328702,0.835837673872877,0.019,0.011,1
Sumf1,0.628450987193903,-0.131329347691859,0.164,0.13,1
Ccdc136,0.628463209962712,0.135869812078686,0.038,0.036,1
Nf1,0.628624423569435,-0.0188043514667999,0.113,0.103,1
Nsmf,0.628823666348034,0.945806939738208,0.031,0.012,1
Cited4,0.628837425090362,0.897627665442185,0.013,0.007,1
Trim34b,0.628851785231721,-0.384993987911332,0.044,0.043,1
Pelp1,0.62895450908057,0.543457675468487,0.057,0.026,1
Gm10113,0.628980759528495,1.77909802979209,0.013,0.004,1
Ankmy1,0.629027773099634,0.418136104721099,0.031,0.027,1
Ypel4,0.629086641473078,1.21531276126291,0.013,0.007,1
Il17re,0.629297753607332,0.219921336826538,0.038,0.027,1
Gemin2,0.62936980408712,0.118912793037651,0.088,0.063,1
Exph5,0.629453271211651,-0.0564348611810948,0.107,0.067,1
Slc20a2,0.629596032383422,-0.149747804163343,0.088,0.067,1
Tnip3,0.629603613670908,0.220093569547582,0.088,0.056,1
Zadh2,0.629647194788741,-0.140204317356551,0.031,0.031,1
Trim72,0.629681779794103,1.19681343945452,0.019,0.009,1
Atp5g3,0.629853022913731,0.486372446902947,0.013,0.008,1
Cep76,0.629876002378753,0.0838650221619028,0.038,0.027,1
Fam131c,0.629891550616125,1.25247767055302,0.031,0.01,1
Tyw5,0.629912286772985,0.0270432384026389,0.031,0.031,1
Ogdh,0.629962137082138,0.481561521378155,0.113,0.083,1
Atg16l2,0.630022184851531,-0.110339988305399,0.038,0.026,1
Smim13,0.630078833943703,0.459690977063731,0.075,0.04,1
Lamtor3,0.63016498747431,0.209517794805403,0.031,0.023,1
Mad2l1,0.630174154195617,0.253641231733979,0.113,0.075,1
Serpina3k,0.630179604549543,0.770849176762003,0.013,0.01,1
Gucy1b3,0.630228253942049,-0.0977320169822176,0.151,0.1,1
Dtx3l,0.630284314660964,0.777868888474105,0.038,0.021,1
Syt5,0.630347690228635,0.698219597413036,0.013,0.011,1
Ahsg,0.630370067193054,1.11290412987453,0.019,0.01,1
Golim4,0.630431144604463,-0.036701148472281,0.182,0.161,1
Slc28a2,0.630502598598647,0.365222362051583,0.038,0.026,1
Klk1b11,0.630521108110111,0.214306803747623,0.013,0.012,1
Tekt1,0.630608182339516,0.501489614087074,0.031,0.017,1
Zcchc7,0.630630859389163,0.223764502268094,0.157,0.089,1
Lamp3,0.630711977172115,-0.191102702193874,0.044,0.039,1
BC051019,0.630741777672911,0.899598803378778,0.025,0.01,1
Gm10787,0.630763986260456,0.825626795721697,0.038,0.021,1
Etv3,0.630815446522233,0.831588294322701,0.044,0.023,1
Lce1h,0.630855805492036,0.800920852741648,0.019,0.013,1
Mars2,0.631008395718589,0.719706412264784,0.031,0.021,1
Gfra2,0.631017470635933,0.306003952735252,0.182,0.126,1
Eed,0.631143781019606,0.282537574681051,0.082,0.046,1
Gm766,0.631188508592833,-0.0397094472354169,0.038,0.029,1
Slc35b2,0.631227569977865,0.387269352775138,0.013,0.013,1
Prr30,0.63131903238035,1.15727915409045,0.013,0.014,1
Htr2a,0.631321178398377,0.178177390885052,0.126,0.092,1
Tmem129,0.631355848374457,0.100720719427818,0.025,0.022,1
Rps9,0.631371282326911,0.440273738790384,0.013,0.012,1
Slc41a3,0.631476577746889,0.252090150637692,0.069,0.051,1
Rcvrn,0.631515951152184,0.47363264226614,0.013,0.01,1
Sigmar1,0.631573909382608,0.595886112994491,0.057,0.031,1
Htr4,0.631588736047625,-0.179484163784176,0.189,0.143,1
Rdh13,0.631615985378164,-0.166276647362231,0.057,0.047,1
Vangl2,0.631634752289637,0.670185909190129,0.082,0.046,1
Pold2,0.631637333576168,-0.0975196847671587,0.031,0.024,1
Hhipl2,0.631658185777338,-0.0073343639859127,0.013,0.018,1
Trim52,0.631765169968345,0.00270599474637301,0.025,0.025,1
Neurl1b,0.631914934513541,0.615617838994886,0.05,0.028,1
Lsm14a,0.631943571565071,0.545956675037415,0.044,0.027,1
Asb11,0.6319674354893,0.549716454965826,0.05,0.033,1
Pitpnm1,0.631977314303594,0.571024308828457,0.05,0.025,1
A530084C06Rik,0.632049691391512,0.464745684275135,0.006,0.01,1
Foxq1,0.632049691391512,0.464745684275135,0.006,0.01,1
Dtl,0.632092895072745,0.424610163771455,0.094,0.065,1
Hadhb,0.632109331671993,1.17925856219894,0.019,0.016,1
Acad10,0.632160664394928,0.475163976243326,0.063,0.046,1
Zfp239,0.632223387568613,0.513558718081554,0.013,0.01,1
Fam171a2,0.632284828731945,0.272556266558489,0.038,0.027,1
Mrpl39,0.632329988312067,0.00847717988773145,0.069,0.051,1
Dpys,0.632392432109794,-0.243388349170352,0.189,0.144,1
Sdf4,0.632613430361535,0.237426110573692,0.031,0.026,1
Slc25a51,0.632673840609594,0.173860242979478,0.019,0.019,1
Scnn1a,0.632752104032624,0.13673392632368,0.025,0.024,1
Krt42,0.632836191027692,1.01202107257184,0.019,0.009,1
Slc48a1,0.632838367395536,0.0496534766385715,0.013,0.015,1
Nfs1,0.632839433136133,0.74228489814342,0.025,0.015,1
Tmcc2,0.632929485213972,-0.016660874101647,0.025,0.029,1
Nop14,0.632995563390578,-0.118455292533927,0.038,0.043,1
Cmtm2b,0.632995693410771,0.963613951324068,0.019,0.012,1
Rnf128,0.633002384192156,0.16665299663062,0.132,0.085,1
Gm4951,0.633026766461598,0.535794192002298,0.057,0.038,1
9030612E09Rik,0.633142477730283,0.860275263603243,0.019,0.006,1
Slc5a1,0.633239150299964,0.55848876655184,0.063,0.043,1
Ergic2,0.633315757905433,0.203400371567535,0.107,0.073,1
Fbxo28,0.633414984099764,0.326819359250008,0.019,0.023,1
Ube2m,0.633495147143726,0.755666109148594,0.019,0.015,1
Gm21988,0.633526803792615,0.0918917980552116,0.025,0.024,1
Fbp1,0.633661996534754,0.420271390169106,0.038,0.021,1
Olfr166,0.633682656511835,1.83780910384412,0.013,0.003,1
Tmem189,0.633921394788231,-0.163983725946273,0.057,0.06,1
Gm20449,0.633928412567004,0.267637354909069,0.038,0.034,1
Apc2,0.633944472951755,0.300389449490992,0.025,0.021,1
Efcab2,0.633950939901011,0.0188440551358826,0.164,0.1,1
Serpinb9b,0.634049663536419,0.033269990274384,0.038,0.031,1
Fubp3,0.634075869302403,0.601166660041232,0.063,0.034,1
Gm5424,0.634218097179508,1.98108863378514,0.013,0.004,1
Triml1,0.634261786439201,-0.221060874145808,0.025,0.022,1
Tmem65,0.634349071043942,0.366148516791218,0.101,0.057,1
Zmynd12,0.634629885070452,0.439796113044964,0.075,0.037,1
Pcdhgb6,0.634633064465222,0.465672213165393,0.05,0.029,1
Arhgef37,0.634669291257064,0.340791602222428,0.082,0.051,1
1110008F13Rik,0.634863589816048,1.14954137665319,0.019,0.014,1
6030458C11Rik,0.635048944039197,0.0165686442845638,0.101,0.068,1
Kcne4,0.635238404354123,1.04130435213013,0.019,0.009,1
Taok2,0.63528035198298,0.543035481082808,0.019,0.02,1
Mcf2l,0.635358670113248,0.165552285314785,0.245,0.161,1
Cndp2,0.635417711982499,0.0188324755014975,0.082,0.082,1
Vmn2r27,0.635452581754706,0.574191299911595,0.031,0.023,1
Chaf1a,0.635550800848015,0.288167148286169,0.075,0.056,1
Arhgef10l,0.635612529944725,0.0267836203188852,0.082,0.062,1
Gtf2h2,0.635676271586215,0.340230506196104,0.094,0.072,1
Igsf9,0.635845064868964,0.149147552759998,0.038,0.029,1
Synm,0.635875358384915,0.479765781468756,0.075,0.037,1
Def8,0.636065486899616,0.67750703436422,0.05,0.023,1
D8Ertd82e,0.636098186659619,-0.0400850651099836,0.057,0.043,1
Atp6v0e,0.636100533914035,0.170535919963377,0.013,0.012,1
Sept2,0.636189850051493,-0.14921199005393,0.057,0.046,1
Ifit1,0.636257362051376,0.0762226075737926,0.031,0.026,1
4930546C10Rik,0.636289408570254,1.51991032185917,0.013,0.007,1
Atp5j2,0.636304658443204,1.41491928319862,0.019,0.007,1
Ctc1,0.636357559647626,0.251804202203025,0.038,0.042,1
F2rl1,0.63638121811294,0.279837917048779,0.025,0.015,1
Prl2c5,0.636554260196018,0.674332215403603,0.013,0.012,1
Phyh,0.636574939193562,0.51052500844253,0.063,0.036,1
Vat1l,0.636579444909136,-0.103473508620704,0.214,0.192,1
Gm14025,0.63666104829613,0.933690936417851,0.019,0.011,1
Ccdc15,0.636747994468501,0.126141822777302,0.138,0.082,1
Slc10a1,0.636760980445423,1.89601689643156,0.013,0.005,1
Usp2,0.636912205453794,0.0354779821342595,0.044,0.037,1
Azin2,0.636941249100785,0.182422270936506,0.05,0.04,1
Cep135,0.637113711312658,-0.243332875105722,0.132,0.101,1
Bnc1,0.637118579698304,-0.174060731516073,0.038,0.032,1
Cenpi,0.637260754743603,-0.205946201601944,0.088,0.059,1
Srek1,0.637308431435437,1.03297653645226,0.025,0.013,1
Strn3,0.637329643511435,0.00468562340589163,0.075,0.051,1
Pzp,0.63747586240194,0.0322589624765559,0.063,0.054,1
Hrg,0.637662269252654,0.726557483379358,0.031,0.017,1
Iqcd,0.637694995301934,0.267719823596271,0.019,0.029,1
Arl6ip6,0.637718596773822,0.255383637695282,0.082,0.053,1
Ms4a12,0.637887586073785,0.222849415615729,0.019,0.014,1
Gnl3,0.637927352202478,1.35568893941754,0.019,0.012,1
Csnk2a2,0.638164685625245,0.407784341319466,0.063,0.036,1
Tada3,0.638169124926724,0.759228938225233,0.038,0.016,1
Wdfy3,0.63821126361952,-0.149958691889563,0.226,0.199,1
Tnfsf14,0.638219504792296,0.23713228015288,0.006,0.012,1
Abca15,0.638258104831786,-0.293855256310923,0.107,0.085,1
BC048671,0.638316904946713,0.773931476572334,0.013,0.009,1
Olfr591,0.638486448252413,1.46697641244564,0.013,0.005,1
Ttc30b,0.638537277093963,0.850128043921758,0.025,0.012,1
Rdm1,0.638622725756127,0.183644323731752,0.013,0.01,1
Prph2,0.638649439375345,0.882291956719542,0.019,0.012,1
Acot12,0.638720018861267,-0.0771983378994765,0.113,0.075,1
Fam150a,0.638774588020432,-0.171861675659645,0.057,0.048,1
Atp6v0b,0.638868906932639,0.468460326163949,0.013,0.009,1
Kdm6a,0.638890573375565,-0.0565916440489049,0.069,0.052,1
Barhl1,0.638963147921241,1.3773200320085,0.013,0.004,1
Tbc1d8,0.638976529219176,0.204450316166641,0.17,0.092,1
Ppp1r2,0.639013861976122,0.826821298521772,0.019,0.013,1
Gon4l,0.639017414422418,0.87699440965754,0.05,0.024,1
Aco2,0.639057656835471,0.691264502236471,0.044,0.021,1
Ubap1,0.639075490353326,0.0527329045461498,0.019,0.031,1
Adh4,0.639147813961062,0.297160634822397,0.019,0.024,1
Kpna1,0.639329017071562,0.0254147097530817,0.069,0.051,1
Dusp11,0.639362007378843,0.30359966546905,0.019,0.012,1
Pax4,0.639409841463116,1.22437191470764,0.013,0.005,1
Olfr110,0.639530471170858,0.643475371216337,0.025,0.013,1
Ak6,0.639583334262644,-0.0338365240329201,0.025,0.023,1
Abcb5,0.639702232548055,0.140470648957101,0.226,0.149,1
Egfl7,0.63975209738759,0.238002359529735,0.013,0.013,1
Ppic,0.639835220480645,0.747788258391533,0.019,0.015,1
Slc39a1,0.639868414048201,0.906799613788377,0.025,0.013,1
Sftpa1,0.639868996574159,0.806795811278191,0.025,0.011,1
Cct3,0.639877840401343,0.111459823347301,0.025,0.02,1
4921536K21Rik,0.639912843135505,1.16901836711802,0.019,0.009,1
Hyal3,0.639921116015904,0.597091789878139,0.013,0.01,1
Psat1,0.639971048812283,0.115600375653974,0.063,0.051,1
Madd,0.640038116724558,0.373334738299233,0.088,0.057,1
AI987944,0.640071535573662,0.69653378297556,0.025,0.019,1
Dmxl1,0.640419254327829,-0.161337039478359,0.17,0.126,1
Tpi1,0.64043396734651,0.860451846908716,0.019,0.01,1
Map3k19,0.640752315583009,-0.266781192511496,0.031,0.029,1
Myh15,0.640787321728781,-0.00138541270897319,0.226,0.208,1
Lrrc49,0.640802070145531,0.378399018038241,0.094,0.067,1
Cd200r4,0.640855023456063,0.446475709605122,0.057,0.025,1
Ppt1,0.640940822667166,0.881119124968061,0.038,0.021,1
Mterf1b,0.641033406968415,0.953445724414616,0.019,0.011,1
Kin,0.641036792290302,0.957365367686934,0.025,0.016,1
Hif1an,0.641053231126727,0.875571794142571,0.025,0.018,1
Tspan17,0.641110667678024,0.980630410411094,0.038,0.017,1
Selt,0.641212735553704,0.62326950572258,0.025,0.025,1
Surf4,0.641518457247491,0.504258615760491,0.05,0.026,1
Eif3i,0.641523894745066,1.26800185121997,0.013,0.005,1
Pcdha6,0.641677492953988,-0.267243881668808,0.182,0.155,1
BC005561,0.641717954394849,1.1364097613687,0.031,0.013,1
Zfp703,0.641744956516425,0.029469593481581,0.031,0.024,1
Rpl32,0.64178015802824,1.47824258351557,0.013,0.007,1
Pgm5,0.641867099956782,0.0769429602035192,0.195,0.118,1
Etfa,0.641869092301358,0.301024431836429,0.107,0.065,1
Recql,0.641871616029503,0.0171671195402277,0.157,0.106,1
Ccdc43,0.642002327896772,0.724413065474669,0.038,0.026,1
Fgf5,0.642310212384227,-0.0659960201485257,0.031,0.035,1
Abi1,0.642316557928345,-0.0828671185850674,0.075,0.053,1
Ap5b1,0.642352030643264,0.435850737572112,0.057,0.032,1
Gpr17,0.642455423771566,0.259001189720095,0.013,0.016,1
Sipa1l3,0.642591396080154,-0.200295906255845,0.226,0.162,1
Shisa6,0.642595351068815,-0.117424219045573,0.182,0.158,1
Fam178a,0.642662667644048,0.0557245927721128,0.057,0.043,1
Smr3a,0.642730144632468,0.294582542214315,0.013,0.012,1
Krtap4-9,0.642775442094822,1.35473657397898,0.013,0.005,1
Pik3r3,0.642822423890884,0.267857621653352,0.101,0.065,1
9030617O03Rik,0.642847358769926,0.122977348743543,0.195,0.125,1
Gabrg2,0.642885764706408,-0.232418683615278,0.126,0.106,1
Snx16,0.643098731965043,0.333221300755475,0.082,0.049,1
Il15ra,0.643123346565104,0.0119158916380577,0.038,0.04,1
Dnttip1,0.643215452539335,0.934991620448931,0.038,0.018,1
Topors,0.643365824816432,0.893964135735053,0.025,0.016,1
Pak2,0.643457747502396,0.395224183442896,0.075,0.05,1
Zfp13,0.643532735853917,-0.0909562363518299,0.044,0.042,1
Cacna2d1,0.643544325956266,-0.0505798396880659,0.472,0.421,1
Zfy1,0.643557777925105,-0.00734506715573691,0.013,0.014,1
Irs1,0.643574030730638,-0.0548268834486958,0.113,0.078,1
Rsbn1l,0.643583572806857,0.2641541566182,0.088,0.051,1
Uap1,0.643665912795997,0.282034424858985,0.101,0.07,1
Phf12,0.643760689241808,-0.0767091591450306,0.05,0.038,1
Muc3,0.643767520613388,0.0306712858564637,0.013,0.014,1
Sfswap,0.643809760206725,0.354341872789643,0.088,0.051,1
Map7d1,0.643898419362718,0.352678194732881,0.019,0.017,1
Tln1,0.643995973908943,0.169826985395841,0.038,0.03,1
Gm5142,0.644005313547115,0.306529976891918,0.019,0.013,1
Pcdhga1,0.644052844305757,-0.124387947472994,0.057,0.046,1
Mpzl2,0.644066311075464,0.553091043989594,0.019,0.014,1
Gm8180,0.64406982713785,0.442045545056388,0.013,0.009,1
Prr14,0.644140198149765,0.551709836349494,0.006,0.012,1
Cdc42se1,0.644159893171381,1.34488706018968,0.013,0.007,1
Nelfcd,0.644186238473159,0.277786651742761,0.082,0.047,1
Mfsd11,0.644274771469682,-0.200935183287381,0.05,0.05,1
Brap,0.644284391033919,0.707648467343373,0.025,0.018,1
Prosc,0.644351584584374,0.196949970168001,0.025,0.026,1
Rftn1,0.644424447434939,-0.177558226146626,0.233,0.187,1
Arsa,0.64465156085214,0.0861806444141475,0.038,0.024,1
Gulp1,0.644660608364052,0.123847016575413,0.302,0.237,1
Mybl1,0.644703596369324,0.388001245545719,0.119,0.068,1
Slc16a3,0.644760210484909,0.356143750120562,0.013,0.01,1
Olfr686,0.644866255191496,1.0037948371512,0.013,0.005,1
C030005K15Rik,0.644912429093655,1.08511635910869,0.019,0.008,1
Cyp39a1,0.644964472289657,0.104011475880355,0.132,0.092,1
Psmd5,0.644994133243785,0.461136599874031,0.038,0.025,1
Zfp804a,0.645107129820814,-0.11296621360105,0.264,0.217,1
Vmn2r54,0.64512606221357,0.32845193618774,0.013,0.011,1
Sphk2,0.64515189264677,0.458140939386564,0.019,0.015,1
Habp2,0.645168223151812,0.495135779773881,0.057,0.046,1
Itgam,0.645246414684426,0.377251294866532,0.075,0.037,1
Tdrd3,0.645292195662088,-0.206568746347084,0.245,0.189,1
Pdpr,0.645318318347673,0.0553320564929463,0.025,0.023,1
Ccnj,0.645367940351473,0.647610910216511,0.05,0.025,1
Slc38a6,0.645469337923882,0.0952466656646944,0.132,0.081,1
Defb50,0.645504841147936,0.0517253703617948,0.013,0.014,1
1110051M20Rik,0.645513572644178,-0.154433383602988,0.094,0.07,1
Neil1,0.645552710326853,0.449513156121975,0.013,0.012,1
Bcap29,0.645553318406842,0.154307989152112,0.119,0.067,1
Zfp119a,0.6457102615137,-0.00768313245978458,0.019,0.021,1
Zufsp,0.645711834790282,0.360590636559623,0.069,0.042,1
Esf1,0.645739625696514,0.17680284544208,0.151,0.094,1
Cenpc1,0.645765644047385,-0.0294581110854391,0.189,0.127,1
Phykpl,0.645807320694202,0.665740440066014,0.038,0.02,1
Vmn2r25,0.645853011808312,0.116824465104816,0.025,0.023,1
D1Pas1,0.645953326401318,1.83641855142253,0.013,0.004,1
Exo5,0.64601949089116,1.58230875713794,0.013,0.007,1
Purb,0.646043838315808,1.15754521885276,0.019,0.009,1
4930402H24Rik,0.646102648775159,0.500399447685116,0.088,0.068,1
Awat2,0.646165241521776,0.6464998300048,0.05,0.026,1
Rgs7bp,0.646174052255463,-0.409743953152367,0.17,0.125,1
Rcan1,0.646211323525169,0.284465181736661,0.138,0.07,1
Sstr3,0.646252953283784,0.658379285439361,0.013,0.009,1
Dusp4,0.646299554205704,0.125573703788147,0.031,0.024,1
Vmn2r16,0.646356080512892,-0.265647264788258,0.019,0.021,1
Rab33b,0.646362822721659,0.0553210224861793,0.025,0.021,1
Gmip,0.646425767983242,0.378690123327302,0.013,0.01,1
Lipo2,0.646482951285396,0.0434909607283762,0.019,0.021,1
Rab3gap1,0.64653273784266,-0.159873576427975,0.088,0.06,1
Rap1gap2,0.646544455145291,0.0433720467699263,0.233,0.155,1
Snai2,0.646553482902828,0.063328273276392,0.019,0.018,1
4833403I15Rik,0.646558188474478,-0.0990941168621253,0.082,0.074,1
4930470P17Rik,0.646582215384269,0.496208129816683,0.031,0.032,1
Hspa5,0.6465853948023,-0.00827517414564927,0.013,0.017,1
Sema3a,0.646667418235113,-0.169193648283826,0.321,0.27,1
Snx14,0.646863496790958,0.116809992809455,0.101,0.064,1
Cnst,0.646874360248288,0.224787360342183,0.145,0.098,1
Samd12,0.647062522883802,-0.069052206571306,0.566,0.445,1
Hist3h2a,0.647067537128972,1.08817874758741,0.013,0.007,1
Creg1,0.647126744675875,0.63923738083751,0.038,0.024,1
Pinlyp,0.64720382963545,0.095460941240411,0.031,0.023,1
Epha10,0.647303122015046,0.0842617403584791,0.019,0.021,1
4933434E20Rik,0.647392119462601,0.324117534939806,0.025,0.023,1
Nup214,0.647412604552693,0.278599212424683,0.138,0.091,1
Slc34a2,0.647468937286412,0.233438264974638,0.063,0.032,1
P2rx6,0.647471466605698,0.427466687357637,0.031,0.024,1
Ptgr2,0.647559600980677,0.736820879547041,0.044,0.024,1
Tifa,0.647619528859829,0.130447119040988,0.075,0.06,1
Kctd21,0.647646418894341,-0.086407965655888,0.063,0.041,1
Sult3a1,0.647646799689659,0.136885869807974,0.019,0.016,1
Rufy1,0.647764755107192,0.0429076596850262,0.038,0.042,1
Oosp3,0.647776511171089,0.181634693947824,0.019,0.013,1
Prodh,0.647840895204499,0.365101122321401,0.094,0.049,1
Kif17,0.647873982934526,-0.0628656245967569,0.082,0.063,1
Pkd2l1,0.647895080844443,0.725846179592066,0.038,0.025,1
Casp8ap2,0.647963179318587,0.288889087440443,0.088,0.051,1
Vkorc1,0.64800617650073,1.01722969532668,0.013,0.01,1
Serpinb2,0.648023839343962,0.241926331896403,0.057,0.039,1
Oprm1,0.648097869683626,-0.00893630165529769,0.371,0.281,1
Pde4a,0.648127712513683,0.396880584758684,0.082,0.052,1
Gm14569,0.648212517706742,-0.159839321289827,0.057,0.038,1
Aplf,0.648256131455903,0.0865761516843571,0.094,0.071,1
Abracl,0.648273468153481,0.243614545896079,0.025,0.02,1
Gm7534,0.648459153739944,1.05740113437673,0.013,0.008,1
Riok3,0.648585263239164,0.428811762396347,0.05,0.028,1
Ccdc94,0.648630597062571,0.181117550959972,0.031,0.024,1
Tsr3,0.648660702131807,1.8499760116331,0.013,0.004,1
Slc4a11,0.648671288157706,0.217031406017377,0.019,0.021,1
Selenbp1,0.648979484916573,0.823142223405329,0.025,0.015,1
Hs3st5,0.64905060744816,-0.102002779009945,0.352,0.31,1
Tab1,0.64946828918312,0.961875900140669,0.038,0.019,1
Tsacc,0.649505674290466,0.205009824543083,0.025,0.02,1
Amer3,0.649509577063687,0.210736586810518,0.019,0.023,1
Unc13a,0.649573496708697,0.262979752744511,0.075,0.055,1
Islr2,0.649621809049207,0.768962411571748,0.025,0.013,1
Tram1,0.649686509098308,0.204528175496106,0.094,0.053,1
Dopey1,0.649872740929934,0.0283614355443511,0.138,0.101,1
Zfp706,0.649878500140871,0.122125480384805,0.025,0.024,1
Zfp790,0.649952888565869,0.832710585469807,0.025,0.022,1
AW112010,0.650314584043253,1.6548730802016,0.019,0.005,1
Gje1,0.650438436177769,1.27979156484266,0.013,0.005,1
Adamts8,0.650468514412224,0.847973675640121,0.025,0.015,1
Rasip1,0.650493862097018,0.118074158204267,0.025,0.024,1
Ankrd27,0.650521233019214,-0.132912343482622,0.107,0.083,1
Efemp2,0.650565344260289,1.27038103457793,0.019,0.008,1
Cd200r2,0.65069669335809,0.346985920644587,0.075,0.035,1
Clpx,0.650728739883147,0.606133691981064,0.05,0.027,1
Hlx,0.65080535304923,0.4545197146961,0.013,0.01,1
Ormdl1,0.651056121098358,-0.245063114897199,0.057,0.045,1
Apool,0.651119124016913,-0.109244067751582,0.082,0.069,1
Elmod3,0.65123659831434,0.0241615073394383,0.05,0.052,1
A130057D12Rik,0.65124786375677,1.63277451847445,0.013,0.009,1
Foxa1,0.651433304136762,1.18463439729368,0.013,0.006,1
Spata5,0.651506386389893,0.0800085955169116,0.289,0.202,1
Mterf4,0.651522420242835,0.123680657170627,0.006,0.012,1
Slc47a1,0.65153383854924,-0.205287659208279,0.038,0.032,1
Rassf3,0.651630545517257,0.296613694927584,0.138,0.084,1
4833420G17Rik,0.65168196259736,0.309073593785365,0.075,0.04,1
Gm28360,0.651742921333941,0.823545010557017,0.025,0.01,1
Krt5,0.651783256064031,0.160907799966434,0.013,0.015,1
Map3k7,0.65182873395451,0.230650765734609,0.145,0.091,1
Zc3h11a,0.651876412043122,0.57757012666417,0.038,0.02,1
Zbed6,0.651876412043122,0.57757012666417,0.038,0.02,1
Timmdc1,0.651956356550799,-0.200697177045589,0.063,0.044,1
Cyyr1,0.651956703025151,-0.142105721870274,0.201,0.169,1
Pias1,0.65203652072131,0.584638269216659,0.044,0.03,1
Dcun1d1.1,0.65210025210607,-0.162416023182945,0.069,0.049,1
Zfp105,0.65210478427139,0.716701304906679,0.006,0.01,1
Podnl1,0.652114350239059,1.03797043545933,0.025,0.01,1
Gm12830,0.652160063038992,-0.227289335139601,0.044,0.043,1
Fbrsl1,0.652385225587992,0.316642374527309,0.119,0.066,1
Fiz1,0.652434285492742,0.126144351836595,0.044,0.035,1
Cd209c,0.652472510129466,0.86899273152032,0.013,0.009,1
Chchd2,0.652521596152054,0.999517634401194,0.019,0.012,1
D930020B18Rik,0.652649721632582,-0.20383350561992,0.101,0.073,1
Prdm4,0.652704141135083,0.429124703549373,0.057,0.032,1
Bpi,0.65276432118248,-0.0175997145387603,0.013,0.026,1
Erh,0.652839515565338,0.87484144461735,0.013,0.012,1
Fmnl1,0.652907500189058,0.85941942545256,0.025,0.015,1
Dsg2,0.652922583521503,-0.187293101000786,0.094,0.079,1
Rheb,0.652962361731631,0.293575401794441,0.05,0.03,1
Trp73,0.652966465914182,0.194984302114185,0.107,0.074,1
Cttnbp2,0.65297983769309,-0.147852942147618,0.302,0.237,1
Smarce1,0.653003512635454,1.56799493411686,0.019,0.007,1
Mum1l1,0.653051307554374,-0.140265897259892,0.038,0.046,1
Vmn2r22,0.653070005128328,-0.0566063458441137,0.025,0.02,1
Ldlrad1,0.653073843360593,0.510372461843963,0.038,0.022,1
PCDHA9,0.653092742460362,-0.28872800484931,0.201,0.168,1
Rab6b,0.653153718514117,0.00225687522584295,0.082,0.06,1
Dr1,0.653209163636587,0.792609142086215,0.031,0.016,1
Slc30a4,0.653264427940335,0.161883895100141,0.038,0.037,1
Chst7,0.653310749930038,-0.152059538041029,0.05,0.038,1
Ak7,0.653419626358508,-0.0375070596944096,0.075,0.078,1
Megf8,0.653576659251058,0.0877524381520631,0.044,0.047,1
Gm5595,0.653711093038527,0.710582286016546,0.044,0.018,1
Trim30d,0.653779945168119,0.187360347131234,0.075,0.05,1
Phrf1,0.65386189551847,-0.0634304712334259,0.044,0.035,1
Slc5a7,0.653940745084958,0.509006327037389,0.057,0.035,1
Tmem232,0.653978447468119,-0.257929735523565,0.277,0.22,1
Gm12185,0.654018776475754,0.357028394887442,0.05,0.027,1
Ythdc1,0.65408597273819,-0.226477640263146,0.069,0.048,1
Tmem40,0.654088086972896,0.57401184730133,0.057,0.034,1
Eif2s3x,0.654202497795614,1.08248779659583,0.019,0.009,1
Stat1,0.654221725636379,-0.147747289516048,0.126,0.101,1
Aspn,0.654240268200915,0.299091910917737,0.05,0.034,1
Plxnb2,0.654260475221802,0.817912659686416,0.019,0.013,1
Ddit4l,0.654408517022382,0.509114574521364,0.031,0.023,1
Lrrc74b,0.654657843821644,-0.216076619070927,0.044,0.037,1
Arfgap1,0.654702151903219,0.157705295927552,0.019,0.019,1
Psmd11,0.65480684443432,0.849926170547289,0.031,0.016,1
Tut1,0.654814380558128,1.0530802760098,0.019,0.015,1
Vps37c,0.654823107368542,0.082652810093367,0.063,0.048,1
Tspan8,0.654993765942537,-0.0474662983779739,0.044,0.048,1
Pcdha4,0.655007956273964,-0.283300286832509,0.195,0.162,1
Olfr1218,0.655027428619993,1.82709290534987,0.013,0.004,1
Rmnd5b,0.655131585714601,0.324943640632377,0.019,0.015,1
Kcnk5,0.655237888239937,0.235249729838487,0.094,0.06,1
Gm10549,0.655252535776738,0.0598237174448908,0.031,0.023,1
Gbp3,0.655439734681908,0.0576335374565558,0.038,0.039,1
Myo5c,0.655655779437367,-0.122489043396708,0.132,0.098,1
Tpr,0.655708718496168,0.375155383222225,0.101,0.064,1
Rbm7,0.655732907721756,1.19075553115196,0.019,0.013,1
Fgb,0.655855195705056,-0.175808719405529,0.013,0.016,1
Bace1,0.656124172451224,0.802580514500741,0.006,0.016,1
Klkb1,0.656149828554001,0.599489796321775,0.063,0.031,1
Taldo1,0.656358571018841,0.569123895131645,0.006,0.01,1
Telo2,0.656392203574,-0.177593821686522,0.063,0.039,1
Ncl,0.656396802102872,0.724779007175347,0.05,0.031,1
Mamdc4,0.656407537811928,0.159868915772989,0.025,0.021,1
Ccdc64,0.656553724198515,-0.0133799667725665,0.113,0.095,1
Cdkn2aip,0.656722354573633,0.0476635457681844,0.019,0.021,1
Sh2d4b,0.657035156818817,0.134321853597733,0.145,0.103,1
Zfp1,0.657310183610087,0.172824038837952,0.025,0.021,1
Vcpip1,0.657330011083365,0.035393273838725,0.05,0.052,1
Txnl1,0.657337767297868,0.270896097624529,0.069,0.04,1
Cwc25,0.657372442654757,0.894360102730317,0.038,0.016,1
Rab7,0.657483571343842,-0.0129676759741884,0.019,0.024,1
Zfp551,0.657573430183544,0.0718558544603276,0.025,0.024,1
Gm10283,0.65764558716698,-0.27333094723984,0.145,0.117,1
Mea1,0.657664440875596,-0.0563683091620781,0.038,0.023,1
Wdr61,0.657740221462529,-0.101497103620006,0.063,0.047,1
Isg20l2,0.657774146087156,0.370469486658291,0.013,0.012,1
Ccdc12,0.657832369059798,0.281949127746834,0.05,0.042,1
Tmem87b,0.657969977981299,0.349296562333202,0.101,0.058,1
Def6,0.658006764395289,-0.0707342469535979,0.031,0.03,1
Stk16,0.65802570141723,0.700519240666622,0.013,0.011,1
Cfap52,0.658030363110521,0.711320057169237,0.038,0.024,1
Naa25,0.658142291757558,0.36196351170745,0.075,0.048,1
Galnt12,0.658142357868184,0.203422482580296,0.044,0.035,1
F11,0.658149028871427,0.0110431553279078,0.038,0.034,1
AA415398,0.658248712771287,0.413055169502782,0.019,0.016,1
U2af2,0.658283982860865,0.287058606321571,0.025,0.027,1
2610034B18Rik,0.658288170653685,0.889102590287883,0.031,0.02,1
Ifitm7,0.658377686235026,1.37071597387098,0.013,0.011,1
Tmem184a,0.65855838739692,0.830190682219595,0.031,0.02,1
Ssna1,0.65863924290048,1.69124153450138,0.013,0.004,1
Srebf1,0.658647144465627,0.596200553266616,0.025,0.019,1
Rpgr,0.658729212896641,0.16543913009968,0.151,0.088,1
Bhlhe22,0.658739596619098,0.59788923259415,0.013,0.012,1
Mon1b,0.659055444310162,0.198826980182776,0.145,0.1,1
Srrm1,0.659068451360405,-0.0282861172564601,0.025,0.018,1
Btn1a1,0.659082847796701,0.883455833831411,0.019,0.01,1
Rock1,0.659092346599423,-0.153210604402248,0.157,0.115,1
Lin7c,0.65931751010437,0.538641049777429,0.063,0.041,1
Mrpl54,0.6594378821546,0.640740318949026,0.019,0.012,1
Atpaf2,0.65956807953331,0.0622745859200489,0.013,0.023,1
Lrrc56,0.659714723046223,-0.128743931841855,0.063,0.056,1
Dbf4,0.659911922103151,-0.240574168587075,0.132,0.099,1
Mmp17,0.659915748789896,0.548815013173115,0.094,0.057,1
Iglon5,0.659987515028463,0.25466816376887,0.031,0.027,1
Midn,0.6600560299431,0.235991414811966,0.019,0.019,1
Prl7b1,0.66006330968367,0.915684671016286,0.019,0.009,1
Ubn1,0.660083465125725,0.06400833425276,0.05,0.043,1
Ppp1r3b,0.660254910223472,0.0513364802502245,0.031,0.022,1
Gm5089,0.660286577683803,0.408240483799911,0.019,0.018,1
Hsd17b14,0.660368033316658,0.144557067132605,0.025,0.016,1
Xkr6,0.66039563966515,0.116535363097933,0.189,0.132,1
Vpreb1,0.660569137056814,0.281470079852906,0.013,0.02,1
Comt,0.660647649803699,0.64631004309186,0.044,0.023,1
Rala,0.66071962257271,-0.119520936806764,0.088,0.074,1
Ppp1r3e,0.660746173682575,0.925321202958903,0.013,0.009,1
Slc25a44,0.660748822999551,0.183789656967868,0.013,0.018,1
Synpo2,0.660886028150426,0.16006590318891,0.264,0.191,1
Stra6l,0.660887992346415,0.166261567846272,0.031,0.03,1
Slc39a7,0.661083514098453,0.400713223628228,0.013,0.011,1
Lhfpl1,0.661133598019956,-0.0574131544156495,0.044,0.038,1
Ddx50,0.661264718735248,-0.1569776887556,0.057,0.037,1
Ppp1r9a,0.661285175238983,-0.0995758572663361,0.516,0.365,1
Rsf1,0.661293233618173,-0.0453034690498306,0.075,0.06,1
Srsf12,0.661486879891726,0.512006356611721,0.044,0.025,1
Cav3,0.6615306529813,-0.120576372080575,0.025,0.022,1
Il19,0.661590421334652,0.900505948642056,0.031,0.015,1
Musk,0.661608578197335,0.20179926486365,0.126,0.074,1
Utp14b,0.661626679279853,0.987210975191109,0.019,0.017,1
Epgn,0.661641578647777,0.411844552963309,0.031,0.026,1
Slc17a6,0.66166483118273,0.0109345759352442,0.082,0.077,1
Robo4,0.661764762081051,-0.00344970026204816,0.025,0.021,1
Bub1b,0.661778710951397,0.417100816607261,0.101,0.059,1
Ndufb4,0.661884061588219,0.484360422279739,0.05,0.027,1
Plekho1,0.661918695188902,1.20935126394748,0.013,0.01,1
S1pr3,0.662036795186265,0.882236320955838,0.038,0.016,1
Ddx20,0.662045478137888,0.776718468280376,0.038,0.023,1
Plekhd1,0.662074649847532,0.0129018336698294,0.031,0.026,1
Chtf8,0.662111731040376,0.414382410423352,0.019,0.015,1
Blvra,0.662160157033544,0.115330997411314,0.05,0.04,1
Dnajb2,0.662252496393786,0.74284278239972,0.013,0.014,1
Cyp4v3,0.662259432029589,0.205496542399313,0.151,0.085,1
2410124H12Rik,0.662361857252576,0.526463605162472,0.031,0.02,1
Arhgef39,0.662413660049425,0.442260345775056,0.006,0.01,1
Styk1,0.66244337285472,0.19556967534744,0.138,0.102,1
Tmem186,0.662556412877798,0.322873303629426,0.013,0.012,1
Atoh8,0.662588979936311,0.602421263135728,0.038,0.023,1
Myo3a,0.662776181083613,-0.258026044643227,0.283,0.234,1
Kctd19,0.662876473478001,0.19447700958136,0.038,0.025,1
Pde3b,0.66288540724081,0.100983665022459,0.17,0.123,1
Rpl37a,0.662900636660567,0.444556246469,0.013,0.013,1
Wbp5,0.662979099217426,0.406138853276049,0.013,0.009,1
Sub1,0.663009147006681,0.603262169777642,0.044,0.022,1
Zmynd15,0.663020778211533,0.511502931803006,0.013,0.008,1
Abcd4,0.663664385812743,0.467117514802348,0.057,0.033,1
Accsl,0.663725546137548,0.412667428217953,0.038,0.024,1
Zp2,0.66375650421203,0.873674496474957,0.031,0.017,1
Phactr2,0.66378681353618,-0.0447357178912355,0.428,0.33,1
Vps36,0.663846677648423,-0.219531008971536,0.082,0.059,1
Wbp4,0.664075673759416,-0.121455534983638,0.025,0.026,1
Gm7030,0.664098441603738,0.946296530493551,0.031,0.015,1
Pnma1,0.664386684952221,1.50129231117212,0.013,0.007,1
Mns1,0.664493444651157,0.352028900692302,0.044,0.03,1
Zfp677,0.664646633195937,0.512201918952981,0.063,0.046,1
Psmd6,0.664714368384156,0.213352849122843,0.025,0.026,1
6030469F06Rik,0.664724531347153,1.21536294957264,0.019,0.009,1
Lamb1,0.664741143758451,-0.153067919447894,0.107,0.087,1
Adam2,0.664768321443325,-0.0539849273485142,0.044,0.031,1
Prpf40b,0.664927499679924,-0.0910939311615948,0.075,0.054,1
2700029M09Rik,0.664977768600013,0.479684399914984,0.069,0.042,1
Cpa5,0.665042696819119,0.553460251717846,0.031,0.018,1
Zfp60,0.665135855636588,0.201719844065323,0.019,0.014,1
Gm28465,0.665374551260602,1.03354430933929,0.013,0.01,1
Pdcd7,0.665417509783759,0.894704342986423,0.019,0.01,1
Gm5475,0.66546503980337,0.486276659416395,0.019,0.016,1
Ccdc30,0.665543377405808,0.193195646433495,0.145,0.102,1
Nr4a2,0.6655594889763,0.158532456810995,0.038,0.031,1
Fam204a,0.665560533455484,-0.15862892276438,0.069,0.051,1
Ccdc113,0.665746738735335,0.238409323628105,0.025,0.022,1
Maged1,0.665864666833581,0.763256805622752,0.031,0.012,1
Xrcc1,0.665878528621294,-0.125546334595585,0.082,0.054,1
Tubb3,0.665945461676098,0.577754580959804,0.013,0.007,1
Prdm2,0.665985729595137,0.372040910192417,0.119,0.074,1
Fbxw2,0.666003049516329,0.380015125818436,0.013,0.012,1
Zfp40,0.666125683241226,0.00742420018132606,0.031,0.03,1
Pebp4,0.666211862395026,-0.131238983022633,0.157,0.134,1
Znrd1as,0.666229163523017,0.0837227738659001,0.013,0.016,1
RP24-447G12.2,0.666253678670734,0.666700502060591,0.013,0.007,1
Shmt1,0.666327205269514,0.368610589426976,0.025,0.023,1
Gm1070,0.666401954662018,1.11327872395116,0.019,0.01,1
Top2b,0.666440175728615,-0.149415597424746,0.119,0.076,1
R3hcc1l,0.666566676582458,0.153112222013073,0.057,0.044,1
Gm26919,0.666790060130665,0.840710969883174,0.025,0.011,1
Polr3g,0.66679579070902,-0.154678823114639,0.107,0.098,1
Wdfy4,0.666840654058104,0.131140389212997,0.195,0.153,1
Man1b1,0.666873141438414,0.442789548614168,0.05,0.034,1
Prss40,0.666876634943962,1.1316886506069,0.013,0.009,1
Hipk1,0.666939744842851,0.169224344873969,0.069,0.038,1
Abcb4,0.667136408875511,0.182599927253425,0.126,0.093,1
Chrdl2,0.66713841043043,0.0980486669079665,0.025,0.024,1
Stambp,0.667240012241889,0.567512493788672,0.05,0.031,1
Sat1,0.667259131772512,0.793572713043031,0.025,0.012,1
Spdya,0.667259456015176,0.332102686726757,0.094,0.065,1
Slc39a8,0.667352465673072,-0.296801010188613,0.145,0.114,1
Fam71e2,0.667365188718509,0.682305280138238,0.013,0.01,1
Dffa,0.667575263309641,0.233773521220197,0.031,0.024,1
Ezr,0.667608488325103,0.827184873571531,0.038,0.032,1
Vmn2r66,0.667620888171721,0.119461142248398,0.013,0.013,1
Ugt1a7c,0.667656538607782,-0.14869200138487,0.132,0.119,1
Pmf1,0.667804526497143,-0.0698624653868931,0.031,0.024,1
Hsf2,0.667870554757088,0.311176624284581,0.094,0.057,1
Pip4k2c,0.667901718332095,0.860956804307823,0.025,0.016,1
St6galnac6,0.667921269674743,0.515511115673225,0.044,0.024,1
2310057M21Rik,0.668119475311177,-0.00466379154432506,0.038,0.031,1
Tmem206,0.668131191863052,0.154966787453005,0.025,0.028,1
Brk1,0.668173006843927,0.610627267506678,0.019,0.015,1
Rbp2,0.668183814809277,0.560458613891589,0.031,0.017,1
Rhbdl3,0.668391397633248,0.667993603964883,0.038,0.038,1
Tspo2,0.668442613098301,1.3145279709967,0.013,0.007,1
Homez,0.668506565703068,0.762035838307265,0.044,0.023,1
Lrrc61,0.668546146915435,-0.0359517602564337,0.031,0.026,1
Pelo,0.668556274340206,0.00860042645186709,0.038,0.031,1
Prdx4,0.668581131664172,0.634812665855302,0.038,0.021,1
Tgfa,0.668697009141507,0.507444553675602,0.088,0.059,1
Gpbp1,0.668725113350192,0.295289316980004,0.119,0.082,1
Tmem215,0.668786282143637,0.590489852328107,0.013,0.009,1
Fam53a,0.668807977983441,-0.00395065170414544,0.05,0.046,1
Gpr45,0.66892467280819,-0.20942166146719,0.164,0.102,1
Letmd1,0.66893445563663,0.803365834628126,0.031,0.014,1
Amz2,0.669022241829675,0.0360539597272229,0.063,0.05,1
Pold3,0.669022322902019,0.449103189275407,0.069,0.043,1
Tpd52l2,0.669054178773481,0.0362210047521225,0.038,0.029,1
Klhl5,0.669083513472144,0.0340202937572167,0.05,0.042,1
Epcam,0.669168401788985,0.360777911747898,0.013,0.01,1
Srrd,0.669250264773699,0.436418051267376,0.013,0.012,1
Taf5,0.669289760696181,0.792409899661194,0.038,0.016,1
Cdh3,0.669313638008092,-0.289932336432387,0.069,0.042,1
Psmf1,0.66935875870848,0.495007837828509,0.069,0.046,1
Hint3,0.6693626271964,0.436215173027372,0.063,0.032,1
Rgs8,0.669364284263565,0.687462513486529,0.038,0.021,1
Cpne3,0.669452482096579,0.265699873508577,0.151,0.092,1
1700039E15Rik,0.669480548937246,0.260925156885951,0.019,0.013,1
Rer1,0.66953788019351,0.613975123335742,0.025,0.02,1
Lepre1,0.669546278012823,0.459852084563253,0.063,0.037,1
Mfn1,0.669546870287252,0.557046420781676,0.069,0.045,1
Rpl35a,0.669556237212492,1.49606665366793,0.013,0.006,1
Pcdh12,0.669659476769314,0.662196652561375,0.025,0.011,1
Rpl37,0.669667281173178,-0.0817162578778259,0.063,0.045,1
Caskin1,0.66984784724128,0.231065793624187,0.031,0.026,1
Slc7a6os,0.669863874913169,0.425995422630345,0.031,0.018,1
Ap1ar,0.669906263722142,0.0503334204417048,0.075,0.053,1
Ccdc158,0.670012583847937,0.376176628443369,0.094,0.057,1
Psd3,0.670040188264312,-0.192117918582301,0.39,0.301,1
Rad23b,0.670068085825393,0.0288501899497122,0.069,0.053,1
Sun5,0.67017955493298,0.551544215017582,0.013,0.018,1
Npc2,0.670262572814492,0.590170392968825,0.075,0.039,1
Pcbp3,0.670277736738834,0.0217273357331371,0.365,0.272,1
Defb1,0.67042647369575,-0.149637309274217,0.031,0.032,1
Eif1ax,0.67044055760741,0.73009609304446,0.038,0.023,1
PCDHA9.1,0.670465758685538,-0.2832391365105,0.201,0.167,1
1810049J17Rik,0.670523785978708,1.08953295925655,0.019,0.011,1
Arhgap4,0.670555975962523,0.186087407656959,0.031,0.026,1
Ccdc146,0.670566410412229,0.050219399574885,0.157,0.111,1
Hcrt,0.67072587864045,0.696791346147794,0.013,0.008,1
Alkbh1,0.67077803639121,-0.0762549188033281,0.019,0.017,1
Cln6,0.670925257956842,0.0591590832175806,0.044,0.035,1
Sohlh2,0.671021096822629,0.332599211733807,0.025,0.019,1
Gcsam,0.671132153985177,0.54203783147482,0.025,0.021,1
Irs2,0.671334932882207,-0.00797154390149846,0.025,0.028,1
H2-M9,0.671364371386349,0.532088115477256,0.006,0.01,1
Nrsn2,0.671397463413283,0.442241906876241,0.013,0.011,1
Gm13889,0.671421694121875,1.03159950357342,0.013,0.007,1
5430419D17Rik,0.671427163423742,0.0221734508430194,0.063,0.048,1
Gpr110,0.671430039674482,0.294012809956815,0.094,0.065,1
Ddx25,0.671478271269369,0.437498120947,0.044,0.034,1
Dapk3,0.671553023814804,0.850300612972581,0.025,0.015,1
Pate4,0.67157716960831,0.411510685457607,0.013,0.01,1
Slc9a3r2,0.671681581799217,0.568945558593047,0.031,0.016,1
Wnt5a,0.671733413283536,0.155269142199797,0.031,0.027,1
Olfr149,0.671760848698243,1.20327283694041,0.013,0.007,1
Rhbdf1,0.671776322393655,0.176140466590429,0.013,0.014,1
Scgn,0.671952219172883,0.42114293118578,0.057,0.037,1
Tgfbr3l,0.671955702227141,1.01929924941482,0.013,0.008,1
Klf8,0.671960668104667,0.252397565224,0.138,0.097,1
Fam216b,0.671979353735717,0.592095698081019,0.025,0.015,1
Lce1l,0.671986979892233,1.17751321541813,0.019,0.008,1
Zfp777,0.672094901146596,0.12559347948523,0.038,0.027,1
Asic1,0.672207364500259,0.62295980554613,0.05,0.032,1
Uevld,0.672267918273241,0.240906989803629,0.094,0.049,1
Acp1,0.672271483469451,-0.163762490295082,0.101,0.078,1
Fnbp1l,0.672338740456665,0.351502643915533,0.101,0.07,1
Anapc15,0.672372219117597,0.138688242118417,0.05,0.034,1
Ptpn1,0.672468643061229,0.618387622062227,0.069,0.044,1
Arhgap35,0.672550727971664,0.180797153476378,0.101,0.067,1
Gpalpp1,0.672610681845052,0.457249422151274,0.063,0.035,1
Dnajb9,0.672738217997856,0.535774621760001,0.057,0.041,1
Camta2,0.672743564661806,0.449029109942189,0.019,0.014,1
Adam24,0.672996022702074,1.16973636364039,0.013,0.008,1
Sh2b3,0.673064011077918,0.714168128605585,0.031,0.024,1
Sbds,0.673219632857515,0.404726557090393,0.025,0.024,1
Ranbp1,0.673279461595628,0.638112390101459,0.031,0.021,1
Aftph,0.673330761133198,0.362558736924531,0.094,0.05,1
Cxcl9,0.673599917815568,1.12885162056885,0.013,0.005,1
Fbxw24,0.673608644549119,0.586705952073455,0.025,0.02,1
Olfr1256,0.673699705064785,1.2040808334105,0.019,0.01,1
Rdh12,0.673749088118828,0.152155069744345,0.019,0.014,1
Ube2d3,0.673767513151314,0.0150129282713571,0.057,0.043,1
Taar5,0.673814993508173,1.23300969786438,0.013,0.006,1
Nwd2,0.67383187535068,-0.202814512811775,0.226,0.158,1
BC034090,0.673874725302142,-0.172021705690448,0.038,0.035,1
Gm10032,0.673956077906241,0.534593864397054,0.025,0.018,1
Zc3h8,0.673987745402902,0.516285545618662,0.05,0.034,1
Tfrc,0.674051127042409,0.15111693034923,0.05,0.037,1
Rpn1,0.674070981890575,0.574853806733293,0.038,0.023,1
Ddx41,0.674083323256165,0.636834917095811,0.031,0.017,1
Poldip2,0.674109372673662,0.286381969135419,0.019,0.014,1
Vopp1,0.674148868806272,0.0904754954175924,0.245,0.158,1
Enthd2,0.674229147627817,0.259666402958089,0.025,0.023,1
Clec4b1,0.67426215644858,0.237267488283226,0.019,0.015,1
Sult2a7,0.67426872903808,1.01659420339571,0.019,0.015,1
Ago2,0.674339139866399,-0.0590933460502949,0.075,0.049,1
Nckipsd,0.674363158108366,0.735672160230325,0.019,0.012,1
3425401B19Rik,0.674394567249361,-0.0993732985713933,0.031,0.027,1
Myo7b,0.674409360229804,-0.186259334875978,0.132,0.105,1
Adam26a,0.674412743745223,1.08926947117654,0.025,0.011,1
Fbxo36,0.674449832240657,0.303894176360092,0.082,0.05,1
Spink7,0.674459964310833,1.19030201640608,0.013,0.009,1
Eif2ak3,0.674474861206939,0.166895656600261,0.157,0.104,1
Herpud1,0.674474907179801,0.592385461135468,0.044,0.028,1
Cpb2,0.674627490323885,0.46109139495199,0.075,0.053,1
Pcbd1,0.674655887540374,0.471927774879601,0.013,0.009,1
Tbc1d2,0.674671984259191,0.352301469581001,0.075,0.049,1
Dbil5,0.674704381736782,0.147594465132956,0.013,0.016,1
Elk1,0.674802343238374,0.90195866665149,0.025,0.013,1
Ccdc90b,0.674825130579244,-0.137722758436024,0.082,0.069,1
Krt72,0.674853833300272,0.195956441583849,0.019,0.02,1
Tusc3,0.674863898657944,0.0188482207702743,0.358,0.247,1
Pcp4,0.674955903505088,-0.268944965169126,0.075,0.048,1
Thoc7,0.674983921583046,0.37199056741458,0.025,0.02,1
Olfr1214,0.675047728284766,1.50209775008378,0.013,0.004,1
Faf2,0.675136826167734,-0.211476960870045,0.044,0.032,1
Myh6,0.675147209642149,-0.0389951924513952,0.025,0.021,1
Chrnd,0.675151315790207,1.06919050801685,0.013,0.009,1
Psmd1,0.675205442659215,-0.170834217391379,0.057,0.049,1
Arrdc2,0.675217619251482,-0.0244601510100129,0.031,0.039,1
Gimap5,0.675229582688494,0.186836902240458,0.013,0.009,1
Tmod3,0.675234550787329,0.486935513111741,0.082,0.046,1
Kdm1b,0.675317462783278,-0.196055292643514,0.107,0.092,1
Smpdl3b,0.675397564534456,0.590317585221349,0.05,0.024,1
Padi4,0.675406889823827,0.396180412115394,0.019,0.018,1
Elmo2,0.675461350442324,0.530542820704757,0.075,0.031,1
Gm9970,0.675503075070353,0.486642815795474,0.019,0.016,1
Cst7,0.675503995294022,0.260233445079784,0.038,0.022,1
Gpr87,0.675675127451731,1.05082109191883,0.013,0.008,1
Casq1,0.675738964661518,0.874867975952727,0.025,0.013,1
Alas1,0.675741286435691,0.245438504041639,0.025,0.017,1
Lima1,0.67576180819005,0.496071949122809,0.088,0.054,1
Irx6,0.675938406009731,1.24049109661367,0.025,0.009,1
Cstf3,0.676285222598986,0.242988208587168,0.113,0.079,1
Tecr,0.676298928514277,0.363343636972425,0.05,0.03,1
Gen1,0.676303620657991,-0.175061482208899,0.113,0.09,1
Psme2,0.67637281165947,0.106401758736168,0.025,0.021,1
Zc3h12a,0.676394366976695,0.833062762297889,0.025,0.016,1
Tceanc2,0.676399363169326,0.0647022867620537,0.063,0.053,1
Clmp,0.676401055256786,0.115373514206646,0.075,0.065,1
Xbp1,0.676428175717773,0.257001344653703,0.025,0.018,1
Enkur,0.676451242193187,-0.137598331788669,0.069,0.052,1
Mpp1,0.676854753793037,0.429101174345532,0.038,0.02,1
Fndc3c1,0.67698871951184,-0.240017810416708,0.038,0.034,1
Psmg2,0.677066270840306,0.723192832280903,0.025,0.014,1
Acly,0.677072621871909,-0.104809284799005,0.063,0.049,1
Slc11a2,0.677094859370479,-0.00732925320203126,0.057,0.047,1
Cacna1g,0.677138680328936,0.0538440727811924,0.057,0.042,1
Eif3d,0.677278972255183,0.545418381684822,0.013,0.01,1
Lyar,0.677343036673925,0.449901316079415,0.05,0.035,1
Cactin,0.677455401533604,0.107876623713237,0.063,0.042,1
Npr1,0.677689141472116,0.914371077679949,0.019,0.011,1
Gm21974,0.677772141844063,0.834465345411995,0.013,0.012,1
Dsn1,0.678054291788427,0.60604837872588,0.019,0.015,1
Plk3,0.678132185821769,0.044047669962004,0.031,0.028,1
Wars,0.678169790426384,-0.110330445030115,0.075,0.066,1
Styxl1,0.678251576280653,0.237511455458319,0.05,0.048,1
Kpnb1,0.678255682640012,0.103810586667207,0.038,0.031,1
Zkscan17,0.678261948733477,0.233166333248922,0.082,0.046,1
Mum1,0.678270519302554,-0.176860214900849,0.031,0.033,1
Mfap5,0.678281513613789,0.440787719737752,0.063,0.037,1
Plcb2,0.678332353948588,0.295948712011542,0.013,0.015,1
Piezo2,0.678380855744229,0.00534325598953589,0.484,0.377,1
Tpcn2,0.678427823266499,0.502482501964989,0.063,0.045,1
Galnt6,0.678438673692435,0.27429526685401,0.031,0.022,1
Nt5c3b,0.6785461812358,0.200326374974978,0.019,0.019,1
Kctd20,0.678636499117302,0.825563234692618,0.025,0.016,1
Scn1b,0.678736083780011,0.907689924485168,0.013,0.009,1
Atp2a1,0.678860153965332,0.590110823928116,0.038,0.018,1
Mlc1,0.678892735102008,0.990564668906649,0.038,0.015,1
2510039O18Rik,0.678972300544346,1.72765401705493,0.013,0.003,1
Tmem173,0.679037269469115,1.18134893143118,0.019,0.009,1
Ssh1,0.679105663977776,0.754613043497201,0.038,0.021,1
Tm4sf20,0.679485156163662,0.639571098656234,0.031,0.021,1
Fam50a,0.679498666418103,1.2284100902115,0.019,0.009,1
Olfml3,0.679508019087317,0.409471208554378,0.019,0.02,1
Mrpl13,0.67956083337728,-0.150480745668316,0.082,0.067,1
Chil6,0.679603773160339,1.07895422375899,0.031,0.015,1
Gm7276,0.679759803289569,0.848865025799431,0.025,0.012,1
Shc1,0.679783455007168,0.171363094225102,0.019,0.02,1
Ndp,0.679959650385003,0.51472523873283,0.057,0.026,1
1190002N15Rik,0.680033566253289,-0.273022938476641,0.107,0.079,1
Kdelc1,0.680054391640949,0.432079267553489,0.05,0.029,1
Pdgfa,0.680093678239667,0.94740094506887,0.019,0.016,1
A630076J17Rik,0.680123899037993,0.0138674065112054,0.019,0.019,1
Vmn1r45,0.680217225527017,0.613424094579288,0.019,0.011,1
Harbi1,0.680225038260233,0.665681553316277,0.013,0.011,1
Basp1,0.680236299040288,-0.116714392634166,0.075,0.065,1
Haus6,0.680249562070324,0.372090249461966,0.126,0.087,1
Knstrn,0.680253455198693,0.34281938366312,0.063,0.038,1
Gm6994,0.680373619043665,0.503582073984333,0.05,0.032,1
Apobr,0.680384303514439,0.133666602835895,0.013,0.022,1
Cisd1,0.680399113639389,0.55801261992808,0.038,0.022,1
Zmym2,0.680417469087142,0.0782411763012023,0.031,0.029,1
Dpep1,0.680457592695633,0.669695876758947,0.031,0.014,1
Samd14,0.680494121390462,1.20797521904665,0.025,0.012,1
Zfp770,0.680530282892639,0.504483609221873,0.038,0.023,1
Camsap1,0.680566610869025,0.114409664560527,0.075,0.053,1
Pamr1,0.680700876710785,-0.129371027704475,0.057,0.044,1
Rpl34,0.680756552128581,0.355718090098359,0.019,0.019,1
Srprb,0.680765023707754,0.520214294816427,0.013,0.015,1
Lcmt1,0.680887284273611,-0.0465118748052742,0.082,0.075,1
Parg,0.680902655612043,0.193397370680453,0.113,0.073,1
Igsf3,0.681178440376508,-0.260964075063813,0.101,0.086,1
Guca1a,0.68118921982257,1.70382555217028,0.013,0.005,1
Insrr,0.681324235286058,1.40896949818484,0.019,0.011,1
Ufm1,0.681330512474932,-0.0563931193569527,0.038,0.037,1
Them5,0.681349976993794,0.158904554097358,0.013,0.01,1
Nmur2,0.681426268566802,0.0981590321535082,0.031,0.019,1
Sike1,0.681426662140006,0.408367036737224,0.006,0.013,1
Habp4,0.681435260509635,-0.104028328054831,0.088,0.073,1
Ptgfr,0.681539840590159,-0.0119458525649581,0.075,0.078,1
Nol9,0.6815457829392,-0.130293351847652,0.031,0.023,1
Ubxn7,0.681547680709746,0.084551502522487,0.044,0.034,1
Ccdc127,0.681585606003499,-0.0496582677160742,0.031,0.026,1
Rpl31,0.681614294260875,0.565333515651251,0.031,0.02,1
Gm17430,0.681645571453333,0.58097268836089,0.013,0.01,1
Gm156,0.681647722658421,0.927419196816075,0.038,0.017,1
Pkp1,0.68169626354948,-0.045684951436928,0.038,0.04,1
Gm826,0.681876293602875,0.75160365727474,0.031,0.016,1
Psma7,0.681892147048405,0.692178068067647,0.013,0.007,1
Cdkn2c,0.681979747084646,0.764322957591603,0.019,0.016,1
Myb,0.682109522796502,0.232804831675879,0.088,0.06,1
Ogg1,0.682177749708312,0.127830083412424,0.031,0.028,1
Rps27,0.682215323471577,1.42937719358248,0.025,0.012,1
Tacr1,0.682222420079525,0.0217049969943748,0.27,0.192,1
Hcn2,0.682242501376496,1.15504115153948,0.019,0.01,1
Ctla4,0.682468203041503,0.054621981280266,0.019,0.023,1
Ctgf,0.682580523295639,0.417578030967964,0.019,0.013,1
Srpx,0.682622390904844,0.202603882758919,0.082,0.047,1
Papola,0.682630801446205,0.329780455114041,0.075,0.039,1
Sytl4,0.682655307230508,0.201664528878165,0.075,0.049,1
Pank4,0.682759337156106,1.01273981611487,0.025,0.01,1
Psmb7,0.682834350852967,0.00494362514693858,0.069,0.045,1
Gprin3,0.682836963478829,0.172340067709439,0.182,0.127,1
Dscc1,0.682853157165899,-0.0076712156572496,0.05,0.044,1
C8g,0.682894332557222,1.17630336406045,0.025,0.009,1
Fbxw5,0.682894332557222,1.17630336406045,0.025,0.009,1
Pip5k1a,0.682950740121602,0.766999002685895,0.038,0.023,1
Rassf9,0.682977763921022,-0.281471028710987,0.069,0.057,1
Scn10a,0.683098783250398,0.197447554928526,0.138,0.088,1
Themis2,0.683149126098085,0.896353964991965,0.031,0.012,1
Bsph2,0.683269413874192,0.670055317889963,0.013,0.011,1
Fdx1,0.683303977058858,0.366866621303786,0.05,0.024,1
Arl15,0.68331722163379,0.00657279048310144,0.484,0.352,1
Met,0.683467782309202,-0.208730634501566,0.208,0.138,1
Olfr1047,0.683728286134013,1.74343552987364,0.013,0.003,1
Ptafr,0.683730846418435,0.997678370379688,0.013,0.01,1
Copg1,0.683775334162261,-0.0155611382090894,0.044,0.038,1
Ttc23,0.683799864600703,0.168305873672527,0.126,0.082,1
Abcc5,0.683869119166462,-0.112911155807651,0.126,0.112,1
Cfap70,0.683909933282036,0.333335914525675,0.094,0.045,1
Vmn2r13,0.684109001167585,0.717655117681871,0.013,0.01,1
Iyd,0.684135984307639,0.795881238951531,0.031,0.013,1
Impad1,0.684190827491665,-0.0502312959435312,0.088,0.067,1
Iigp1,0.684207661176331,0.0985090258978651,0.019,0.018,1
Fam63b,0.684284709607921,0.399918856066086,0.082,0.043,1
Magix,0.684339466594595,1.02440293559641,0.025,0.01,1
Arl14epl,0.684388721251907,0.0100065298425616,0.013,0.015,1
Ms4a18,0.684405479450075,0.656710065203263,0.044,0.02,1
Hgfac,0.68446336313993,0.765207792413455,0.025,0.017,1
Nt5c1b,0.684497594499652,0.0273196303717445,0.038,0.036,1
Nr2f1,0.684548932446426,0.194456046697278,0.025,0.015,1
0610010F05Rik,0.684620637757852,0.12316155491327,0.195,0.13,1
Mmp25,0.684659589388823,0.0345439528030287,0.031,0.031,1
Angptl4,0.684815633081534,0.098860855880285,0.006,0.01,1
Tnfrsf23,0.684861920728536,0.114475324728315,0.025,0.016,1
Prdx5,0.684923504420903,1.09251282647573,0.006,0.01,1
Apobec1,0.684964618703472,0.147093788877607,0.025,0.031,1
Calcb,0.685027452049109,0.945558274223541,0.019,0.013,1
Gm20605,0.685033906995209,0.0310181601469282,0.025,0.034,1
Acap3,0.685035835031528,0.838524569584259,0.025,0.018,1
Shisa7,0.685122542690324,0.729532461893403,0.019,0.012,1
Cenpw,0.685598764716515,0.363394514912341,0.044,0.031,1
S1pr2,0.685623551988933,0.106906879664702,0.044,0.026,1
Gm28035,0.685660626958752,0.6570722407232,0.05,0.029,1
Itgad,0.685668411497912,0.282515491312511,0.107,0.073,1
Etv4,0.685763538198411,0.880615549150305,0.025,0.013,1
Pex13,0.685801686692411,0.322002679913056,0.044,0.033,1
Pdk4,0.6858102900613,0.155073627147045,0.038,0.043,1
Myf5,0.685824700412605,0.149326497198317,0.006,0.01,1
Mcm2,0.685883562126527,0.153810913014251,0.038,0.027,1
Tpmt,0.685970208996749,-0.174987818766122,0.088,0.07,1
Crispld1,0.686044345073008,0.113045128729524,0.101,0.071,1
Ppp1r3d,0.686128120894226,0.761080586288117,0.019,0.015,1
Cstad,0.686156352904237,0.247221832216702,0.019,0.015,1
Kcna3,0.686272335670338,0.798667221076908,0.025,0.013,1
Ampd2,0.686306226570726,0.276367775362218,0.031,0.021,1
Ngfrap1,0.686364166622765,1.18867520687626,0.013,0.005,1
Palm2,0.686508683510899,-0.136394796040579,0.214,0.159,1
Uba52,0.686529836381364,1.8684968880624,0.013,0.004,1
Pcdh1,0.686674078406025,0.566560656496846,0.075,0.034,1
Zfp26,0.686684205796718,0.669018987488929,0.025,0.013,1
Blcap,0.686704417143646,0.480820491602304,0.019,0.013,1
Aspscr1,0.686730909269082,0.0926869799793337,0.031,0.034,1
Adrb1,0.686799160042978,1.17751135153304,0.019,0.007,1
Dbn1,0.686818883650887,0.703482016983964,0.006,0.012,1
Ubiad1,0.686820929654984,1.14729501885434,0.025,0.01,1
Vmn2r112,0.687037356514689,0.414007589789105,0.013,0.014,1
Rps19,0.687100714122622,-0.0421610778534127,0.05,0.045,1
Calhm2,0.687106009901795,-0.126275564329274,0.075,0.051,1
Cdh10,0.687120626724448,0.0592443808698517,0.201,0.149,1
Cdk4,0.687164310827794,0.531065937544952,0.044,0.026,1
Fam19a5,0.687197883763993,-0.233791375709611,0.088,0.071,1
Fh1,0.687223356749232,0.224061276663065,0.132,0.087,1
Mrps15,0.687367373389495,0.877579206702092,0.025,0.017,1
4933402J07Rik,0.687408793959668,-0.0222684037139498,0.019,0.021,1
Gm4975,0.687442317364254,0.459261567211488,0.075,0.035,1
Zfp12,0.687536706273836,1.46219726736771,0.013,0.008,1
Rnf215,0.687545454342798,0.769586815696055,0.019,0.014,1
Zfp408,0.687552916725492,0.483525250112004,0.013,0.01,1
Krt15,0.687553835449592,1.68925700572107,0.013,0.005,1
Tmem120b,0.687586646019122,0.506045489711132,0.082,0.039,1
Zdhhc15,0.687661720517982,-0.26374297067066,0.113,0.096,1
Ywhag,0.687702984727846,0.0415427880956427,0.05,0.035,1
Mks1,0.687815071020168,0.811345231978612,0.044,0.02,1
Vps41,0.688173523982621,-0.107572187011299,0.302,0.239,1
Rfx7,0.688274591988677,-0.071643232143618,0.044,0.035,1
Grina,0.688307790304529,0.530235912406814,0.019,0.012,1
Hnrnpc,0.688373266699932,0.13465768242794,0.025,0.026,1
Slco1c1,0.688377044850239,0.0199897784446064,0.069,0.051,1
Foxn2,0.688431104932024,0.681478960381742,0.05,0.031,1
Ikbke,0.688534278725499,0.127004680781418,0.057,0.043,1
Gm4944,0.68855146666576,0.574577842737877,0.006,0.012,1
Lrpap1,0.688554173174447,0.316555095329494,0.019,0.02,1
Mthfr,0.688724602958865,0.154042026937501,0.038,0.028,1
Ulk4,0.688799512344368,-0.188520297322224,0.233,0.208,1
Adamtsl1,0.688962090328015,-0.0964894476084196,0.566,0.397,1
Dctn3,0.688978830884944,0.532547467659319,0.013,0.012,1
Col19a1,0.689234491140433,0.0675550767605324,0.377,0.318,1
Rgs22,0.689286122122155,-0.0519207876637435,0.208,0.154,1
Myom1,0.68931057575217,-0.197251104312616,0.145,0.116,1
Fxyd6,0.689349360619341,0.453803212429643,0.044,0.027,1
Ube2v2,0.689444546086205,-0.0247877238913805,0.063,0.047,1
Cd300lb.1,0.689551920590605,0.942079177454872,0.019,0.008,1
Hpca,0.689658372592959,0.422845925937008,0.013,0.014,1
Mapk1ip1l,0.689696007838534,0.510155207283497,0.063,0.031,1
Leprel2,0.689878521188373,0.586148550880159,0.031,0.023,1
Klk14,0.69001494253029,1.03544729995672,0.019,0.008,1
Kmt2a,0.690061057840954,0.532405758100882,0.069,0.045,1
Pydc4,0.690068769316545,0.423716485005043,0.05,0.027,1
Jarid2,0.690193263064043,0.309379526945448,0.069,0.052,1
Cbx5,0.69027168794118,0.43451673952345,0.069,0.033,1
Rpl13a,0.690358567534969,0.34650373262129,0.031,0.025,1
Dyrk2,0.690435663979121,0.20545328024905,0.025,0.02,1
BC021785,0.690453175496106,0.0286815278051362,0.05,0.037,1
Nop16,0.690570021744919,0.726437199467189,0.019,0.014,1
Ankle1,0.690684650448762,0.195177691930022,0.013,0.014,1
Nobox,0.690845851081891,0.32407575513392,0.044,0.023,1
4933417A18Rik,0.690947210160667,-0.0336537764310831,0.044,0.034,1
Dyrk4,0.691090754997631,0.123636696607151,0.101,0.063,1
Rrp15,0.691168944301803,0.425278486569508,0.088,0.053,1
Tufm,0.69117630177945,1.10741307051988,0.013,0.008,1
Fam160b1,0.691270128652394,0.303108523266901,0.082,0.05,1
Rnf43,0.691288917497725,-0.247475866885431,0.063,0.048,1
Dusp19,0.69148582621369,0.0194171244808858,0.025,0.022,1
Tmx2,0.691555184489959,0.72583851629274,0.031,0.018,1
Vat1,0.691636683336509,-0.017178453328957,0.025,0.02,1
Slc44a3,0.691681758129526,0.469295441806394,0.075,0.061,1
Atg12,0.691840527724774,0.36558520255806,0.031,0.018,1
Acot1,0.691852803123855,0.446259237293341,0.006,0.01,1
Smpd2,0.69189313759944,1.07614931785114,0.019,0.007,1
Eif4g2,0.691997610353212,0.616068443428792,0.025,0.018,1
Ptprc,0.692120348589698,0.045355114306588,0.22,0.147,1
Iqub,0.692152895285761,-0.108138106562032,0.138,0.102,1
Dynll1,0.692296512619939,1.18051999580142,0.019,0.012,1
Lrig2,0.692341505199484,0.305858891590073,0.088,0.059,1
Ppapdc1a,0.692413508202409,0.139133699261508,0.182,0.115,1
Wdr64,0.692438564077812,-0.194831947683865,0.195,0.148,1
Metap2,0.692498965661404,0.317776650037604,0.044,0.027,1
Kcnj2,0.692579917405201,0.66765313061964,0.019,0.014,1
Mrpl21,0.692610246654452,0.208443272489705,0.044,0.029,1
Upb1,0.692691349014221,-0.0444535362185192,0.031,0.031,1
Ankrd13b,0.692719534264604,0.415989421120706,0.019,0.021,1
Rrp1b,0.692763209284218,0.508602835390083,0.075,0.043,1
Vps26b,0.692779838726068,0.185488102780512,0.044,0.038,1
Ppp1r32,0.692797004327979,0.473746584214521,0.013,0.01,1
Znhit1,0.692971068342101,0.213948806528458,0.038,0.027,1
Slc25a10,0.693128000510203,0.143063597571235,0.019,0.023,1
Tnfaip8l1,0.693154438928989,0.202251594364879,0.038,0.026,1
Ccdc150,0.693330819614884,-0.0996756603827991,0.22,0.183,1
Il23r,0.693390960870081,-0.21206092875494,0.113,0.104,1
Plekha2,0.693445922749116,-0.0510335971866365,0.082,0.067,1
Cstf2,0.693533045747497,0.00686117530066177,0.044,0.04,1
D430042O09Rik,0.693534373149536,0.13524225450627,0.27,0.171,1
Stub1,0.693800669582204,0.556979993883322,0.013,0.015,1
Ric8,0.693989072270806,0.835696140679723,0.019,0.015,1
Gpr21,0.6939931585479,1.11851650393395,0.013,0.005,1
Klhl6,0.694016906009228,0.271621863012291,0.075,0.048,1
Ttyh3,0.694118055239914,0.497305046515505,0.057,0.03,1
C130074G19Rik,0.694129471128091,1.10456432632458,0.019,0.011,1
Cpsf1,0.694185328942215,0.383662606247639,0.038,0.024,1
Ubxn8,0.694274965512395,0.0108587218658149,0.05,0.045,1
Pms1,0.694361916127686,0.122874219818038,0.239,0.168,1
Vmn2r90,0.694482277989257,0.557009934021964,0.019,0.016,1
Ctbp1,0.69448816219107,0.217290919093683,0.063,0.042,1
Hip1,0.69461772958362,0.0739580587019133,0.176,0.121,1
Dhps,0.694636626460234,1.1882911337383,0.013,0.005,1
Farp2,0.694885224580389,0.218878258246998,0.17,0.113,1
Ctxn1,0.694902033214075,0.618073544808098,0.013,0.015,1
Ism1,0.69499727811983,-0.0305041388942331,0.182,0.162,1
Panx3,0.695010089618746,0.408076009365052,0.031,0.015,1
Gnb3,0.695011406841019,0.648346025766993,0.019,0.01,1
Kcnn4,0.69502804923058,0.518708028177492,0.038,0.023,1
Ncald,0.695082098799122,0.120889411444849,0.327,0.234,1
Zbtb18,0.695213057178821,0.491877327909321,0.044,0.03,1
Il22ra2,0.695224701174802,-0.0988583433652694,0.019,0.017,1
Bhmt2,0.695240373120037,0.431967490837297,0.025,0.021,1
Fhad1,0.695285296039195,0.0212229852080768,0.088,0.081,1
Cdc14b,0.695369298403461,-0.139830040013717,0.126,0.096,1
Cldn1,0.695500627134271,0.208351745466726,0.088,0.054,1
Slc39a3,0.695508846021682,0.495377036882496,0.019,0.016,1
Dpm1,0.695509955336361,1.51057099668381,0.019,0.012,1
Adh7,0.695540880018854,-0.040700119413299,0.031,0.029,1
Rps6ka1,0.695592760344601,0.264618064020027,0.094,0.051,1
Mrpl3,0.695593900901299,-0.180985842516097,0.069,0.059,1
Klrc1,0.695689476933898,0.69284730069561,0.013,0.011,1
Idh1,0.695770039459606,0.193236378150227,0.107,0.071,1
Pstpip2,0.69579478631592,0.00402048841208647,0.063,0.057,1
Acrbp,0.695823766508256,1.11429611735806,0.019,0.009,1
Hsd3b6,0.695977712276688,0.0493213730467694,0.019,0.016,1
Nlrp9b,0.695987837926273,0.568782269276817,0.044,0.024,1
Ptgdr,0.696020886791987,0.192558407313239,0.019,0.018,1
Acad9,0.696112639222852,-0.204679116626661,0.101,0.082,1
Dnhd1,0.696123483193893,0.110611458365102,0.189,0.112,1
Gm17067,0.696155451197793,0.498769546352961,0.013,0.009,1
Tspyl2,0.696445263593523,0.73671268741321,0.013,0.009,1
Uggt2,0.696715666570438,0.0342993378988785,0.214,0.165,1
Ddx52,0.696780591465497,0.311394732796341,0.019,0.018,1
Npl,0.696783619415411,0.280987203225087,0.069,0.036,1
Tbata,0.696825455623317,0.259509247857562,0.013,0.012,1
Triobp,0.696833249144989,0.129445610143645,0.126,0.075,1
Kcnk4,0.696842508777801,1.44500004155534,0.013,0.007,1
Fer1l4,0.696875164134236,0.20293994833094,0.044,0.034,1
Epb4.2,0.696881187683533,0.752334980343787,0.031,0.015,1
Ica1l,0.696933694633468,-0.0535942043458073,0.069,0.06,1
Dok1,0.696949585418866,0.54680945998885,0.019,0.013,1
Leng1,0.696963119614572,0.910026728093144,0.031,0.017,1
Alox12e,0.697224841250014,0.980910095934259,0.013,0.006,1
Bax,0.697476630268169,0.579369567422,0.025,0.015,1
Gar1,0.697617047260706,0.0298842063075027,0.025,0.022,1
1700069L16Rik,0.697658645510383,0.893705453469462,0.031,0.015,1
Aldoc,0.69769679082856,1.09132993451503,0.013,0.006,1
Sars,0.697795298486649,0.424109362494296,0.019,0.018,1
Gpr123,0.697845554287651,-0.19330895953893,0.069,0.053,1
Olfr920,0.697869941632659,0.397034372608016,0.013,0.016,1
Ntsr2,0.698114637830665,0.918237362106338,0.019,0.012,1
Ppp1r7,0.698166139176161,-0.168768587755307,0.082,0.067,1
Fbxl14,0.698203777599826,0.676630821549349,0.019,0.013,1
GBP11,0.698497174703062,0.599448267257543,0.031,0.019,1
9130008F23Rik,0.698516295261073,0.617680374457403,0.025,0.023,1
Vps37d,0.698542192440565,0.651539481902645,0.038,0.024,1
D430019H16Rik,0.698602104011814,0.0967305459058112,0.057,0.048,1
Mpv17l2,0.698644164337084,0.842609494340535,0.013,0.009,1
Rasl2-9,0.698843772773781,0.722789648920089,0.025,0.018,1
U2surp,0.698873820518961,0.439427242791724,0.094,0.051,1
Ddx10,0.698906990582835,0.0822567387967643,0.245,0.159,1
Sepsecs,0.698946044597661,0.288554506453119,0.101,0.064,1
E230008N13Rik,0.699061095809049,0.445725717789215,0.088,0.059,1
Dhrs11,0.699282880491221,1.45811563737519,0.013,0.007,1
Prune2,0.699494368662127,0.107395379920731,0.371,0.27,1
Pyurf,0.699790264415688,0.462328178414452,0.044,0.035,1
Tmem169,0.699842054232451,0.710261583419549,0.057,0.029,1
Tlr13,0.699900859799647,0.155369791116544,0.013,0.012,1
Ggt5,0.700157010927585,0.394356071910859,0.025,0.019,1
Mien1,0.700272123889665,0.341669593308189,0.019,0.016,1
Baz2a,0.700278319243677,0.61503797273135,0.044,0.021,1
Tia1,0.700329294326188,0.589318405976096,0.025,0.02,1
Tmem38b,0.700384165195852,0.297103986204604,0.063,0.034,1
Ppp2r5c,0.700640414124014,0.216760520179416,0.094,0.054,1
Gm5129,0.70073574261017,0.851158031282477,0.013,0.01,1
H2-M3,0.700817437738657,0.0626085209966121,0.031,0.032,1
Nat9,0.700970507397239,0.586953910064015,0.025,0.015,1
1110007C09Rik,0.701071364631258,0.677390713451246,0.044,0.029,1
Cd84,0.701439520471958,0.305609593477994,0.057,0.035,1
Olfr1537,0.701476312464674,1.36658564627211,0.013,0.005,1
Phospho1,0.701697155801195,0.40342282412967,0.019,0.016,1
Pdzd8,0.701717148013722,0.135038425343902,0.094,0.058,1
Chka,0.701770218291645,0.651669718515654,0.031,0.026,1
Lrrc71,0.701934131361535,1.03109494100347,0.019,0.013,1
Hiat1,0.701938519432141,-0.0179134525914462,0.075,0.054,1
Gif,0.701944555916995,0.571475786093276,0.057,0.037,1
Adamts2,0.702198844299903,-0.0524597561167863,0.182,0.153,1
Lman2l,0.702235947246271,-0.123771136854606,0.05,0.045,1
Dis3,0.702288864790672,0.0389059199221737,0.101,0.067,1
Lmcd1,0.702367932903688,-0.306702606408916,0.082,0.066,1
Prpf6,0.702597746507441,-0.0375541367758494,0.063,0.051,1
Akr1c13,0.702652323618577,-0.0539320479938645,0.038,0.032,1
Dab2ip,0.702741188976864,0.0523816197557649,0.208,0.131,1
Lrmp,0.702788763799881,0.187156858639595,0.094,0.058,1
Gnpnat1,0.702811066936812,0.674473074637323,0.05,0.024,1
Slc25a21,0.702848242769092,-0.130633284420109,0.491,0.429,1
Gpsm1,0.702935480416022,0.132155485714885,0.044,0.037,1
F830016B08Rik,0.703027913280585,0.86083894122631,0.019,0.015,1
Snrnp70,0.703144421909906,0.60706534924049,0.025,0.016,1
Rapgef6,0.70321822757404,0.182810215423418,0.182,0.12,1
Snap29,0.703267293871426,0.312557639230504,0.063,0.042,1
Kdm3a,0.703407099782682,0.0439014596806722,0.05,0.038,1
Exoc1,0.703486867957744,0.166399056884198,0.126,0.075,1
Cd209b,0.703531968901413,0.736571425705754,0.019,0.016,1
Ndufv2,0.703534874662462,0.696705099411521,0.031,0.015,1
Itga5,0.70367952801337,0.137590415778788,0.044,0.037,1
Ehf,0.703769608151025,0.719091081131281,0.05,0.03,1
Rab9,0.703849797876733,0.263974080849756,0.006,0.01,1
Zfml,0.703908806150537,0.673428074975902,0.044,0.023,1
Mfsd6,0.703942131218754,-0.0753990057119958,0.113,0.101,1
Rmnd1,0.70413397595555,0.324336323570934,0.101,0.063,1
Upk3bl,0.704190082282248,1.13006436553331,0.019,0.01,1
Klf11,0.704238561513334,0.283790035599492,0.031,0.029,1
Slc39a6,0.704292747269688,0.212437514352273,0.101,0.067,1
Ppp1r37,0.704316883986042,0.171235524415286,0.013,0.018,1
Taf6,0.704348287330361,0.347633349724044,0.013,0.018,1
Ifitm10,0.704511711930978,0.0275288880386224,0.063,0.054,1
Car5a,0.704545468834124,0.0199236331531054,0.057,0.043,1
Pcna,0.704607060748912,0.170033568427548,0.019,0.026,1
L3mbtl2,0.704620429386341,0.377523309864213,0.05,0.033,1
Tgif2,0.704644784115737,0.879099294143711,0.019,0.012,1
Cul5,0.704765984373441,-0.0895681875970231,0.082,0.059,1
Slc4a1,0.704842136910785,0.899022242983363,0.019,0.012,1
Ntsr1,0.705014885452101,0.0169170123297473,0.031,0.033,1
Sqle,0.705018704025421,0.246642483430645,0.038,0.034,1
Npr3,0.705029883304199,0.128121644948028,0.145,0.093,1
Zfp941,0.705054710520471,0.631252128188751,0.044,0.02,1
Tgm2,0.70516448674859,0.365185644829055,0.031,0.023,1
Zfp110,0.705190747961489,0.646552224181084,0.013,0.01,1
A1cf,0.705202349046038,-0.0528820227979385,0.107,0.079,1
Nudt18,0.705243007280532,0.666207268786442,0.013,0.015,1
Mrpl38,0.705339978827109,0.460015218865576,0.038,0.03,1
Dhx29,0.705358059897369,0.266877484358859,0.145,0.08,1
Kcnq2,0.705554398856195,-0.257351482256081,0.075,0.057,1
Rnf34,0.705565074111498,0.641199965910368,0.057,0.029,1
Zfp101,0.705588300686872,0.555719716908578,0.031,0.019,1
Pmch,0.705622206533632,1.24143801675943,0.019,0.009,1
Gm21961,0.705791774355258,-0.0619122479774337,0.057,0.046,1
Cntnap3,0.705911126678061,0.132803564138227,0.22,0.148,1
Krt14,0.706053172088427,0.947674396601115,0.019,0.006,1
Hcfc2,0.70605431601158,0.253784060548404,0.094,0.05,1
Slc26a6,0.706108038948672,0.603860681844445,0.013,0.017,1
Exoc3l4,0.706202131110101,0.195768593152806,0.025,0.021,1
Lrch4,0.706363351992078,0.0656915657916857,0.025,0.033,1
Kif23,0.706379201873773,-0.128421530561707,0.082,0.065,1
Zkscan2,0.706382062578595,0.788797280625357,0.044,0.031,1
A130051J06Rik,0.706501586126169,0.601049668872805,0.013,0.011,1
Cdkn2aipnl,0.706588747462891,0.601879235357876,0.019,0.013,1
Vps26a,0.706680181876434,0.348103137502949,0.088,0.053,1
Msl1,0.706724751454294,0.244347674082907,0.006,0.012,1
Crb3,0.706927491051263,0.904677919437032,0.031,0.017,1
Mical1,0.706949169058966,0.203751126098921,0.019,0.018,1
Emr1,0.707042806134567,-0.30016125154263,0.082,0.084,1
AU021092,0.70712217854369,0.128187107742496,0.013,0.013,1
Pcdh8,0.707124015093162,0.79593251213962,0.025,0.011,1
P2ry12,0.707137557293078,0.129365400926853,0.157,0.095,1
Fcgr4,0.707161708515892,0.027994567861831,0.013,0.012,1
Trrap,0.707179385440241,-0.0418025445651589,0.151,0.099,1
C1qtnf6,0.707211760403202,0.894625579064405,0.031,0.016,1
Lipt1,0.707247908529418,1.15768168900247,0.013,0.008,1
Acad12,0.707384887174627,0.218829306852295,0.05,0.038,1
Spo11,0.707411916939194,0.6410288195114,0.025,0.013,1
Abce1,0.707466995217697,-0.0687440909241186,0.038,0.039,1
Kxd1,0.707535266774285,0.283458699248821,0.038,0.026,1
Creg2,0.707556042098072,0.369946976636518,0.05,0.04,1
Ubtd2,0.707645571911072,0.37668901731908,0.088,0.051,1
Cd3d,0.707664938228259,0.968148695607051,0.013,0.005,1
Gsto2,0.707725053052923,0.0214725047867264,0.069,0.065,1
Akr1d1,0.707755718238257,0.270768056070043,0.063,0.042,1
Pcdha7,0.707784159783963,-0.244430525931463,0.182,0.152,1
Cst12,0.707863057237866,0.63268445556036,0.019,0.009,1
Usp39,0.707888252921887,0.408657418010058,0.044,0.034,1
Nemf,0.707901368685539,0.499914966075179,0.05,0.029,1
Ing5,0.707924901074088,-0.229610965427582,0.075,0.051,1
Olfr71,0.707968106102683,0.748341212890703,0.013,0.007,1
Larp1,0.708091929284619,0.27248144581303,0.044,0.025,1
Zbtb41,0.708099972201137,0.214223171066419,0.088,0.06,1
Gosr1,0.708110739454235,0.394433709249726,0.057,0.036,1
Ints3,0.708131447362311,-0.0321139326405815,0.05,0.049,1
Prrt4,0.708186902363544,0.514307210804462,0.019,0.016,1
Adgb,0.708191463222421,-0.179404867171107,0.252,0.195,1
Dctn5,0.708192209566478,0.235280465753604,0.038,0.037,1
Ano9,0.708317277346846,0.96741282294477,0.019,0.008,1
Bcl2l12,0.708375470949633,0.995067991172861,0.013,0.012,1
St8sia2,0.708403895251215,-0.136096646996516,0.107,0.092,1
Apex1,0.708511565130416,0.849709456283925,0.025,0.013,1
P2rx3,0.708596345926463,-0.185574868784262,0.088,0.067,1
Slc38a8,0.708713535040306,0.168286961201805,0.025,0.024,1
Cd24a,0.708715972627783,1.0518216701977,0.013,0.008,1
Orm3,0.708764195683084,1.40429676408605,0.019,0.007,1
Ppp2r1b,0.708769213627514,-0.0209019410112621,0.057,0.05,1
Pkp2,0.708877073208372,-0.104917511707258,0.107,0.079,1
B4galnt4,0.709023286715679,0.359355247501935,0.019,0.014,1
Gm8787,0.709119501206211,0.581744968000363,0.025,0.024,1
B430305J03Rik,0.709224882465886,-0.102981178335781,0.038,0.031,1
Sharpin,0.70923940760643,0.675775643451218,0.019,0.013,1
Bean1,0.709390527119871,0.345970790029975,0.094,0.058,1
Gm10610,0.709445397973905,0.762441770861215,0.031,0.016,1
Adamdec1,0.709490148988908,0.0974478553713034,0.044,0.031,1
Lamc2,0.70952005139516,0.271508884240284,0.075,0.041,1
Ubb,0.709682316278774,0.513402586373497,0.019,0.012,1
Trim44,0.709693791904932,-0.0618991436552498,0.044,0.041,1
Defb46,0.709734309953003,1.43270634379894,0.013,0.005,1
Ppap2b,0.709921835907819,0.378295095991477,0.031,0.024,1
Trim6,0.709977309039541,0.601956319771296,0.044,0.026,1
Cntrob,0.710002107321344,0.157797110519357,0.05,0.046,1
Mrps23,0.71000371509956,0.671071807092574,0.019,0.015,1
Dmrt3,0.710015194492295,0.723970984684405,0.006,0.012,1
Strc,0.710038620670097,0.0455690189970159,0.019,0.02,1
Pkd1l1,0.710053824364029,-0.00331344420308222,0.195,0.161,1
Batf,0.710061465438251,0.524744056116597,0.038,0.021,1
Cst9,0.710067852384279,0.845472920118071,0.013,0.008,1
Trip11,0.710175983449525,-0.159124740911772,0.088,0.07,1
4930503B20Rik,0.710198562104131,1.28525723502579,0.013,0.007,1
Smc1b,0.710222285312829,0.34351863125836,0.069,0.038,1
Olfr380,0.710305801104221,1.11231598780618,0.013,0.005,1
Fam98b,0.710387586401283,-0.00837547074801659,0.063,0.046,1
Pabpc4l,0.71060103280771,0.340741131276523,0.025,0.025,1
Nt5c3,0.710610012090458,-0.0184050321370561,0.101,0.097,1
Gm16485,0.710675845836771,0.792833590358401,0.025,0.013,1
Neu2,0.710878941976046,0.312035793896947,0.107,0.065,1
Iqcb1,0.710914412629358,0.496259629132658,0.075,0.051,1
Fdxr,0.710931824838507,0.613367972709694,0.038,0.023,1
3110079O15Rik,0.710957671576557,1.5155719825363,0.013,0.008,1
Acap1,0.711013015749231,0.360420867543269,0.019,0.013,1
Galp,0.711041998999181,0.508463777782183,0.044,0.029,1
Dtnb,0.711188932170506,0.138723837426475,0.245,0.154,1
Pam,0.71125868407327,-0.0286262455709581,0.453,0.348,1
Tnrc6c,0.71139181559568,-0.00224635368777282,0.107,0.079,1
Tmem29,0.711404448495279,0.327165830174231,0.057,0.035,1
Kdm5c,0.71150208374732,0.870287000111122,0.019,0.009,1
Il3ra,0.711569803349861,-0.212167878157985,0.025,0.025,1
4930426L09Rik,0.711571335486819,1.20157769476428,0.025,0.016,1
Xkr8,0.711677690906424,0.317185942763285,0.025,0.018,1
Upf3b,0.711737400648399,0.313180172491954,0.05,0.029,1
Gkap1,0.711782560935181,0.208621183013008,0.038,0.028,1
Prelp,0.71185849415125,0.980342347122008,0.019,0.011,1
Siglec1,0.711984229417366,0.0565495105640759,0.025,0.018,1
Unc5cl,0.711987112700395,-0.0746060323460847,0.113,0.08,1
Ptpre,0.712130359169254,-0.21722878850415,0.132,0.096,1
Dph1,0.712146686676573,0.00898646191390906,0.031,0.023,1
Cpz,0.712197443413423,0.369858955566225,0.075,0.041,1
PCDHGA9,0.712288515386614,0.428684295502792,0.05,0.031,1
Vmn2r87,0.712315965497331,0.651969081977386,0.019,0.01,1
Podxl2,0.712499124077641,0.374328396563974,0.063,0.042,1
Zfp128,0.712590577233012,0.28296809204419,0.025,0.023,1
Lrrc32,0.712688401079894,1.20281829059801,0.013,0.007,1
Cdc20b,0.712767941435808,0.10699308917293,0.119,0.074,1
Setd4,0.712782174282924,0.726522129560238,0.05,0.034,1
Eva1a,0.712912756377547,0.540669805576178,0.069,0.04,1
Cnksr3,0.713045017418341,0.182799078950883,0.17,0.12,1
Dad1,0.713081944141172,0.142451717519283,0.031,0.027,1
4931406C07Rik,0.713084323141589,0.233767898796583,0.075,0.048,1
Zdhhc6,0.713120933573187,0.52733800356831,0.063,0.031,1
Serpinb6b,0.713169000802038,-0.00569008094256329,0.05,0.051,1
Gm14597,0.713177740332912,-0.0941652226863123,0.075,0.051,1
Plin3,0.713193038458954,0.46853182016305,0.025,0.021,1
Smap1,0.713226035753854,0.0269867777791739,0.132,0.079,1
Spats2,0.713303163246005,0.154151437020646,0.088,0.079,1
Snapin,0.713445926172533,0.336240177855212,0.019,0.016,1
Foxo3,0.713560295707843,0.136124612549449,0.088,0.053,1
Zfp445,0.713623504808921,0.648984513818702,0.019,0.008,1
Mre11a,0.713625212027823,-0.0901025203234718,0.17,0.134,1
Cpa6,0.713675218676954,-0.181091019755633,0.371,0.319,1
Gm28053,0.713754279284424,0.242801394906219,0.044,0.029,1
Slc4a9,0.713813284027003,0.197623409823584,0.019,0.013,1
Fyttd1,0.713867859853787,0.932601800922373,0.031,0.018,1
Rgs10,0.713869969468296,0.525829994642646,0.069,0.038,1
Rfc2,0.713902502557381,0.734825573646291,0.025,0.021,1
Isoc2a,0.71402389722753,0.42141180673781,0.038,0.026,1
Atp13a5,0.714038429181017,0.109079992099494,0.176,0.118,1
Ifnar1,0.71419652607475,0.691414254236976,0.057,0.027,1
Cpvl,0.714210377919434,-0.118040376519625,0.107,0.079,1
Snrpb2,0.714229373849958,-0.191472203935083,0.05,0.054,1
Sh2d2a,0.714358176377059,0.781641853013062,0.019,0.011,1
Gtf3c3,0.714362941754734,0.0548669811033662,0.126,0.081,1
Sox17,0.714499876627658,0.856338254640949,0.025,0.009,1
Pepd,0.714523665027313,0.0577622888383735,0.226,0.151,1
Mat1a,0.714543152349939,0.01456140799006,0.044,0.04,1
Serpinb9d,0.714570937986248,0.108791231644343,0.006,0.013,1
Esp6Esp5,0.714579955350586,0.576446257793093,0.038,0.021,1
Ccdc169,0.714658756543654,-0.0068624428265478,0.063,0.044,1
Col1a2,0.714739768751382,-0.198658373784189,0.107,0.083,1
Clec18a,0.714794627995913,0.508697877381613,0.05,0.033,1
Eef1a2,0.714813078438662,0.813074282347623,0.019,0.005,1
BC049730,0.714874924501999,0.826594125747908,0.019,0.006,1
Rraga,0.714900094984949,0.134177644856673,0.057,0.038,1
Pcdha5,0.714901085977116,-0.255506177882884,0.195,0.16,1
Spc24,0.714956565533881,0.44181377889432,0.019,0.013,1
Gm1604b,0.714971893666432,0.792595642798023,0.038,0.013,1
BC048562,0.714979454244205,1.39281476298012,0.013,0.01,1
Ncoa4,0.715012763964084,0.577816315834118,0.031,0.017,1
Zfp735,0.715096907014307,0.0936380602415765,0.019,0.016,1
Prpf40a,0.715148839157421,0.224470256170829,0.088,0.062,1
Timm50,0.715153800374287,0.227097514082219,0.013,0.013,1
Rbm18,0.715224342912057,0.320484721888376,0.025,0.034,1
Rbp1,0.715227027335853,0.520489893071934,0.05,0.03,1
Edn1,0.715280329696335,0.783997924466887,0.013,0.008,1
Adprh,0.71530124572763,0.326047761565569,0.025,0.024,1
BC016579,0.715331207263881,0.179693033292037,0.063,0.043,1
Nat6,0.715366086990214,0.343230438114251,0.013,0.011,1
Fli1,0.715412411737848,-0.0587103910023479,0.101,0.09,1
Lekr1,0.715467249114081,0.06540235213558,0.289,0.198,1
Gja4,0.715475140601247,0.293457942953379,0.013,0.01,1
Gm10369,0.715535931246268,0.545352611417989,0.031,0.012,1
Rhox11,0.715667043517479,-0.0669230500251858,0.019,0.018,1
Ctsb,0.715715410163003,0.941344883015589,0.025,0.019,1
Smim20,0.715821678562066,-0.177850409687706,0.038,0.036,1
Myh3,0.715844057408375,0.220913017598555,0.038,0.034,1
Oas1e,0.715856117103789,0.922253267660691,0.025,0.01,1
Med10,0.715890085677094,0.19404129044454,0.031,0.029,1
Olfr250,0.715955097111644,0.942718934136283,0.013,0.007,1
2310022A10Rik,0.716001501981665,0.295395196044993,0.082,0.045,1
Lrch3,0.716022666011233,0.148379494860733,0.057,0.045,1
Aire,0.716093909117162,0.392642399291774,0.019,0.015,1
Wisp1,0.716107819425664,0.146429230338532,0.107,0.063,1
Cdkl3,0.716149091670739,0.305700586675802,0.113,0.073,1
Tmem9,0.716179217238737,0.0723306446790311,0.044,0.034,1
Mill1,0.716185628133814,0.15726002679302,0.006,0.01,1
Igfbp5,0.716466160135353,0.822737568117255,0.031,0.019,1
Fam49b,0.716524401733079,0.224924183545706,0.17,0.114,1
Nanos1,0.716524863992626,0.937992768170846,0.019,0.013,1
Usp33,0.716753236127032,0.350728083438693,0.069,0.048,1
Suz12,0.716771934003203,0.353625314092622,0.057,0.032,1
Fam101b,0.716816492072993,0.524976706145429,0.019,0.016,1
Fgf6,0.716981706552509,0.434993453659435,0.025,0.02,1
Gpi1,0.717045836220153,0.0511802458021018,0.044,0.029,1
Shb,0.717065418745944,-0.0204769993933898,0.107,0.081,1
Rassf7,0.717137142499175,1.02027338176589,0.013,0.012,1
Fam50b,0.717170789925889,0.680049404292075,0.013,0.013,1
Adamts5,0.717223454360514,-0.184417010169669,0.101,0.083,1
Ccdc59,0.717292092569172,0.409207645939544,0.057,0.035,1
Gmeb2,0.717328087978153,0.130688584041101,0.069,0.051,1
B3gnt5,0.717333352351163,0.731113185250565,0.031,0.021,1
Dpy19l4,0.717474850231987,0.00823420801758124,0.113,0.084,1
Map4k4,0.717682201225114,0.556896509831475,0.063,0.042,1
Cdc42ep5,0.717711813064763,0.606133059205992,0.025,0.012,1
Trmt112,0.717716537483355,1.20576168113926,0.006,0.01,1
Haus2,0.717741338386432,0.317029579932623,0.006,0.012,1
Bcl9,0.717865106261283,-0.0600028487787316,0.063,0.062,1
Gpc3,0.717867307281437,-0.0153373482435795,0.283,0.187,1
Cngb1,0.7179003412849,-0.139316132402393,0.069,0.059,1
Nr1h3,0.718026013496558,0.472735142307916,0.031,0.023,1
Top3a,0.718030029110932,0.277506970255029,0.075,0.046,1
Mrgprf,0.718034141806003,0.318507142049514,0.013,0.013,1
Hormad2,0.718076692843093,0.268127436995984,0.088,0.059,1
Rmnd5a,0.718279788916692,-0.0218705461472544,0.075,0.067,1
Mzf1,0.718284471873712,0.011680864868997,0.057,0.041,1
Zfp707,0.718481806954988,1.08025694729045,0.019,0.012,1
Vmn2r98,0.718545575215357,0.60521000590063,0.031,0.019,1
Tbc1d12,0.718563285002714,0.104956556706578,0.138,0.087,1
C130050O18Rik,0.718625010344759,0.403410267587436,0.006,0.011,1
Ddx47,0.71863443486241,0.394064505558543,0.05,0.026,1
Pidd1,0.718658370648782,0.63536813366795,0.019,0.012,1
Zfp146,0.718678476895121,0.67811209579216,0.019,0.013,1
Cmtm4,0.719003083182369,-0.0393070130279805,0.082,0.061,1
Nsun3,0.719121286495891,0.105902322391882,0.17,0.116,1
Mrpl46,0.719140701431109,0.351691539257867,0.057,0.036,1
Kcnmb2,0.719171295177989,-0.165764185627061,0.384,0.324,1
Mtch1,0.719187260405553,0.71215094714265,0.044,0.026,1
Fbxo34,0.719198284871623,-0.0294852847218277,0.088,0.067,1
Zmat3,0.719269084660357,0.190350190345182,0.063,0.051,1
G2e3,0.719295980346154,-0.180036399987833,0.057,0.049,1
Mrps11,0.719565071918519,0.210554005093184,0.075,0.046,1
Vamp5,0.719572452059325,0.680144350709802,0.025,0.015,1
S100a14,0.719740939369687,0.442905486242124,0.013,0.01,1
Gm5464,0.719747544671992,1.0107736417504,0.019,0.007,1
Cebpa,0.719851670605447,0.684089097019982,0.031,0.017,1
Mgll,0.719944329759549,0.148907906039171,0.069,0.048,1
Mamld1,0.719964020447662,0.138805756235596,0.132,0.079,1
Dcun1d4,0.719991431524127,0.121183542275745,0.119,0.078,1
Tmem246,0.720030251454262,0.447754895169569,0.044,0.039,1
Hao2,0.720151415301045,0.0363799308118269,0.038,0.035,1
9130401M01Rik.1,0.720235728858496,0.19660441770306,0.082,0.079,1
Hspb6,0.720249306424464,0.696056095140134,0.019,0.015,1
Agxt2,0.72036354059339,0.113180897982716,0.075,0.078,1
Angptl3,0.720455262363055,0.463563328492372,0.019,0.015,1
Spryd4,0.720462726234749,0.181744678136263,0.019,0.018,1
Zfp526,0.720541954766568,0.233464051603389,0.031,0.021,1
BC007180,0.720545166844965,0.0352128004591843,0.283,0.184,1
Tnpo2,0.720568548490936,0.0793016558037216,0.025,0.02,1
Fam120c,0.720576121219058,-0.0014463951404835,0.05,0.034,1
Scin,0.720737984745186,-0.124748915596029,0.151,0.108,1
Snx24,0.72076811236932,0.0777626413750134,0.27,0.165,1
1700037H04Rik,0.720812685620334,-0.0425980219702522,0.044,0.04,1
Gtpbp1,0.720816105057578,0.0960071969616596,0.063,0.04,1
Mrps35,0.720892781182685,-0.0492184879278597,0.075,0.057,1
Pcdha8,0.720980401645734,-0.243159933055142,0.176,0.148,1
Zfp429,0.721010725147108,0.46826513293086,0.019,0.013,1
Tmem205,0.721055703472591,0.644594365955173,0.025,0.018,1
Rpain,0.721103537956915,0.504722646351985,0.025,0.018,1
Fbxo45,0.721201455723282,0.580755372099084,0.044,0.025,1
Zfp644,0.721452217118451,-0.0869095892719445,0.082,0.06,1
Armc5,0.721558476173809,0.0522001820397673,0.031,0.036,1
Ash2l,0.721675794776719,0.293179611490299,0.057,0.035,1
Zscan22,0.721685732616218,0.212114847288643,0.019,0.021,1
Clic4,0.72177434754253,0.123224467059312,0.057,0.043,1
Ogt,0.721786285208253,1.32584272850203,0.013,0.006,1
Olfr877,0.721850851753663,1.35040459920688,0.013,0.004,1
Gm16039,0.721973639544105,-0.142255779307712,0.396,0.328,1
Golph3l,0.721984697936097,0.611240851839852,0.038,0.028,1
Sult2a4,0.722075359423814,0.175400136442444,0.057,0.032,1
Tmc5,0.722168123840417,0.2786849508941,0.094,0.06,1
BC022687,0.722238912770806,0.43806252743981,0.025,0.02,1
Rpl36a,0.722252548280437,0.664139610755029,0.019,0.015,1
Bivm,0.722300213995856,0.176609485080895,0.082,0.043,1
Csnk1e,0.722381370807689,0.750188246735823,0.038,0.019,1
Vmn1r70,0.722411674886637,1.29306097964071,0.013,0.004,1
Tmub2,0.722456313700033,0.45779408797678,0.019,0.017,1
Ift57,0.722466975755561,0.231500088339203,0.201,0.126,1
Zhx1,0.722501093646814,0.226741320183133,0.057,0.062,1
Pcbd2,0.722539385030548,0.429511256740003,0.075,0.043,1
Ccer1,0.722555181711436,0.292109980495645,0.013,0.012,1
2900055J20Rik,0.722608105506183,0.789469148514045,0.025,0.014,1
Ppap2a,0.722650207100178,0.376701215806187,0.126,0.104,1
Snca,0.722694223688771,0.147174656486647,0.226,0.16,1
Ndufs2,0.722745053086259,0.210527278756818,0.013,0.016,1
Nlrc5,0.722777018915929,0.475552057460148,0.075,0.049,1
Psmb3,0.722886655251765,0.576147071037569,0.019,0.012,1
Tex30,0.723241587738677,0.262052543267747,0.063,0.037,1
Ubqln2,0.723244156397492,0.575385097210786,0.013,0.011,1
Map2k6,0.723256224277726,0.424013663325638,0.107,0.072,1
Jup,0.723496762340665,0.506272550424036,0.038,0.029,1
Cbwd1,0.723586928862186,0.254631883162999,0.094,0.068,1
Socs4,0.723682899815341,0.0977339911003137,0.044,0.024,1
Psma4,0.723769930176562,0.59675437230602,0.031,0.02,1
Gsg2,0.723900096734889,0.271839975601087,0.019,0.016,1
Saysd1,0.723964583614273,0.331288759520044,0.019,0.018,1
5830462I19Rik,0.723981346119173,0.549446724149411,0.013,0.006,1
Atp6v1a,0.724057878431964,0.0811427546950165,0.088,0.065,1
Vmn2r82,0.724202470815512,0.657025811929811,0.031,0.025,1
Foxr1,0.724209202325197,0.965857627128647,0.013,0.009,1
Mrpl51,0.724312576868203,0.45399686818372,0.013,0.012,1
Elovl1,0.724399182482031,0.421539222971089,0.025,0.018,1
A330070K13Rik,0.724457588668512,0.590775743649694,0.013,0.009,1
Frs2,0.724510552135926,0.301335938796199,0.082,0.057,1
Celsr2,0.724513678842493,0.354306652310915,0.025,0.027,1
Mlana,0.724523663076658,0.89452517024765,0.025,0.012,1
St8sia1,0.724525457293796,0.142659588460479,0.189,0.125,1
Tmem229a,0.724555448635455,0.261130464951274,0.063,0.034,1
Usp26,0.72458864961883,-0.0702925095365892,0.038,0.037,1
Far2,0.724702026473272,-0.00850826888899192,0.296,0.197,1
Igf2,0.724790867469181,1.4355903493669,0.013,0.004,1
Ppp1r3g,0.724794054146337,0.798542613281192,0.019,0.016,1
Ccnk,0.724848998378628,0.30078619709279,0.069,0.043,1
Fam98c,0.724850500304429,0.406524169717362,0.019,0.012,1
Ggcx,0.724879508908865,0.9553949007067,0.025,0.018,1
Tbc1d15,0.724907695450868,0.152297685304946,0.113,0.087,1
Sept5,0.724934241669919,0.0189925164335865,0.031,0.024,1
Slfn4,0.724955469685206,0.913115595714531,0.025,0.01,1
A330017A19Rik,0.724981961970077,0.857895083174333,0.019,0.01,1
I830012O16Rik,0.725021092604244,0.104464726339593,0.038,0.029,1
Hdac9,0.725068869345673,-0.0452621842438754,0.333,0.267,1
Btbd1,0.725102858558176,0.341640215554888,0.05,0.034,1
Frmd7,0.725120317130447,0.256033762576683,0.057,0.043,1
Klrb1c,0.725123558673094,0.382675165040357,0.013,0.013,1
Pmvk,0.725149266494197,0.67059364677055,0.006,0.012,1
Sar1a,0.725177117629228,0.514271496948099,0.057,0.034,1
Henmt1,0.725237389384211,0.53073409483622,0.025,0.02,1
Man2a2,0.725400219036718,0.846777255852413,0.038,0.019,1
Zfp961,0.72542418557342,0.206276709443233,0.119,0.068,1
Twf1,0.725434786232325,0.688094012608764,0.031,0.021,1
Msh6,0.725454642381887,0.474217139591729,0.05,0.031,1
Gpr183,0.725691781696047,-0.0432437524168572,0.044,0.028,1
Zfp39,0.72569970599959,0.318818639180419,0.025,0.027,1
Clec12b,0.725782226832415,0.598984929763916,0.038,0.022,1
Myef2,0.725827645467426,0.135237031312096,0.05,0.037,1
Klrk1,0.7258454039159,0.909489286428917,0.019,0.011,1
Cby1,0.72588211096468,0.205922623654617,0.013,0.013,1
Tasp1,0.725895221662526,0.00826889586781698,0.409,0.324,1
4931408C20Rik,0.725936516776061,0.456521983365583,0.038,0.03,1
Ube2i,0.725998504705019,0.567929568259211,0.038,0.021,1
Lamp5,0.726030836960297,0.0341888938863457,0.031,0.042,1
Rbks,0.726184195301323,0.249247294026568,0.119,0.078,1
Spaca6,0.726196227943435,0.372199707415754,0.05,0.038,1
Prkab1,0.72623228910588,0.48704000781096,0.038,0.016,1
Kcnip2,0.726258756835389,0.489699214937155,0.05,0.03,1
Taf3,0.726337416129048,0.0134141275176685,0.201,0.161,1
Tdo2,0.726382541021182,0.060967959895331,0.031,0.03,1
Trp53inp1,0.726426410320839,0.66292442552925,0.044,0.03,1
Abca16,0.726434962929825,-0.0988719260340822,0.126,0.103,1
March4,0.726509894535086,0.296639680208585,0.119,0.084,1
Ceacam3,0.726564545476479,0.0585131250618716,0.013,0.016,1
Fgf23,0.726580605222268,0.592287919188828,0.019,0.014,1
Ctsk,0.726603414150033,1.38047484598258,0.013,0.01,1
Mcm8,0.726620713142015,0.0222049628706449,0.082,0.065,1
Exoc3,0.726752470127247,0.0239524067079837,0.094,0.078,1
Vwc2l,0.726967584885609,0.0564962436430316,0.226,0.184,1
Eef1g,0.727050059940579,0.19487002923765,0.038,0.024,1
Rpe65,0.727074756232244,0.0402356310131102,0.019,0.021,1
Ebi3,0.727427457373081,1.05350295998277,0.013,0.008,1
Pir,0.727435144901789,-0.100064180662252,0.113,0.078,1
Eea1,0.727562887740208,-0.0888003313765218,0.157,0.13,1
Siglecg,0.727693361701634,0.755877279661251,0.025,0.017,1
Tatdn2,0.727694459969917,0.237326116518977,0.025,0.016,1
Vmn2r8,0.727788889035907,0.75054793774489,0.013,0.009,1
AI182371,0.727987173712467,0.769337745487905,0.019,0.013,1
H2afy2,0.728039864634699,0.255628073085923,0.094,0.049,1
Dgcr2,0.728090186551773,0.334422332652172,0.063,0.047,1
Rnf138,0.728097066091468,-0.0524018105050423,0.094,0.089,1
Ubxn11,0.728163489518507,0.516943510684769,0.05,0.034,1
Pcdha9,0.728187876642907,-0.237498083344672,0.176,0.147,1
Csnk1a1,0.728194041678675,0.611819746620531,0.019,0.013,1
Pdia3,0.728206724862785,0.0959842590057356,0.025,0.025,1
Dyx1c1Ccpg1,0.728230809985096,0.271399829735838,0.126,0.074,1
Sh3glb1,0.728379874658271,0.476401593739682,0.063,0.045,1
Nkain4,0.728392273685638,0.621615150002031,0.025,0.021,1
Fbxl12,0.728429476380288,0.897273113962996,0.025,0.015,1
Ret,0.728433190926907,0.229279649872402,0.101,0.073,1
Gcc2,0.728440672237818,-0.0161923841137943,0.057,0.051,1
Zfp808,0.728496774979021,0.266069424447124,0.013,0.01,1
Mpst,0.728567535607157,1.12946357066999,0.019,0.012,1
Gm1141,0.728723761172104,0.0664957905425894,0.019,0.014,1
Pdzrn4,0.728759646720544,-0.0205803102684867,0.34,0.242,1
Prkcg,0.728795897666664,-0.138454397828808,0.038,0.032,1
Klf10,0.728876227816679,0.379419228712831,0.031,0.031,1
3110043O21Rik,0.728981471468288,0.344313363379328,0.088,0.049,1
Slpi,0.729026538610672,0.210750935972377,0.038,0.037,1
Errfi1,0.729050168907542,0.375920614472804,0.031,0.022,1
Gemin5,0.729085009001029,-0.2501240549596,0.075,0.057,1
Krtap15,0.729093251707426,0.250407221160286,0.019,0.021,1
Naalad2,0.729138805841906,-0.205010678805084,0.088,0.066,1
Klk13,0.729153775961259,0.360341624242289,0.019,0.016,1
Dnajc5,0.729170791146852,0.226883768856532,0.019,0.017,1
Ska3,0.729177903585483,0.236429639316389,0.031,0.024,1
Slc52a3,0.729268971712183,0.511241094941843,0.019,0.018,1
Glt28d2,0.729391316791024,0.569929148506303,0.031,0.02,1
Xdh,0.729421670991729,0.0309455507419045,0.107,0.076,1
Tmem106a,0.72948586162126,1.0257791091387,0.019,0.011,1
Ppp1r17,0.729513323174775,0.593891924724749,0.044,0.027,1
Fgf9,0.729600025214096,0.0825656966103541,0.063,0.05,1
Tulp1,0.729617573828154,0.824084395177948,0.013,0.004,1
Ppp6r3,0.729698369583579,0.198279517972359,0.132,0.078,1
Greb1,0.729871539487333,-0.248814792479162,0.226,0.147,1
Vsig8,0.729887631698598,0.351693444123764,0.013,0.013,1
3110082I17Rik,0.729928039643552,0.132575654183041,0.151,0.098,1
Ptprb,0.730054898109381,0.122662956808764,0.189,0.122,1
Arrb1,0.730105762352496,0.339091156115587,0.082,0.046,1
Rrp12,0.730116018527056,0.323445639624593,0.075,0.058,1
Serping1,0.730170912828769,0.69918349071425,0.013,0.01,1
Pax6,0.730264016905802,0.394062450721774,0.05,0.031,1
Zfp868,0.730270389495115,0.353331343034069,0.05,0.031,1
Pip4k2b,0.730384795143905,0.562670012598604,0.063,0.04,1
S100a11,0.730406779748564,0.0911249672884651,0.031,0.032,1
Il21r,0.73049647218118,0.0464018930246839,0.038,0.031,1
Adcy10,0.730547224488214,0.347793492196688,0.132,0.073,1
Zcwpw1,0.730601235428791,-0.0915980713449844,0.063,0.056,1
Spata31,0.730725266683583,1.38214035554588,0.013,0.004,1
Htra2,0.730742296139476,0.605464299534768,0.038,0.02,1
Yipf7,0.730819505416589,-0.000157578692174809,0.069,0.045,1
Zbtb21,0.730863519150117,0.0938830092681204,0.05,0.04,1
Gm10135,0.730914277779482,1.24479075434264,0.025,0.013,1
Mmd,0.731068462569992,0.0277707013860615,0.119,0.077,1
Luc7l2,0.731136136202313,0.61133667763733,0.044,0.034,1
A830080D01Rik,0.731150385315517,0.180189508093462,0.094,0.066,1
Gnrhr,0.731459123158533,-0.0191299982719686,0.063,0.042,1
5730508B09Rik,0.73149885685062,0.0637303981229316,0.063,0.043,1
Sprr2h,0.731501954011103,1.51211597804432,0.013,0.005,1
Tmem167b,0.73151134223376,0.480905041854384,0.019,0.015,1
Pard6b,0.731785529171587,0.0527843705661963,0.031,0.027,1
Ankrd13d,0.731812547778064,0.379407364712255,0.025,0.02,1
Rnf126,0.731815208959,0.747988427432013,0.044,0.024,1
9430038I01Rik,0.731987127740542,0.145987696575166,0.075,0.059,1
Hp,0.732000936399589,1.30858112159459,0.019,0.009,1
Lyst,0.732002039632628,0.00875050659947441,0.333,0.239,1
Slc7a8,0.732027814886354,-0.125904603929921,0.069,0.046,1
Mrps33,0.73205067134264,0.41706363697427,0.031,0.027,1
Tspo,0.732170045472889,0.91522115869896,0.019,0.015,1
Wls,0.732198539119682,0.136263219350502,0.138,0.098,1
Haus3,0.732515498978523,0.669471203148124,0.038,0.019,1
Cyp2c67,0.732645856248859,0.0380010584449337,0.019,0.015,1
Znrd1,0.732750777711524,0.764560412913094,0.013,0.009,1
Pax5,0.732793943616131,0.303791208270065,0.151,0.119,1
Rhbg,0.732841285735145,0.74165107105499,0.019,0.014,1
Rhog,0.732896829179565,0.0209468063161253,0.025,0.027,1
Ces3b,0.732921334262647,0.56380930953794,0.025,0.016,1
Dnaja3,0.733112849623679,0.0535805280708868,0.075,0.068,1
Bak1,0.733167602004895,0.476060945101564,0.025,0.016,1
Limch1,0.733222017240282,-0.00893747805330136,0.113,0.112,1
Casd1,0.733222952881022,-0.215481956735774,0.113,0.074,1
Arhgap19,0.733281996841435,0.0583576987716512,0.069,0.059,1
Rhno1,0.733377867135484,0.260738721569608,0.019,0.023,1
Mastl,0.733405714164607,0.176987713664118,0.138,0.093,1
Top1,0.73343696414872,0.262658112917858,0.05,0.032,1
Ccl3,0.733450586190871,1.73792167687674,0.013,0.004,1
Mettl17,0.73355483725955,1.11155186080983,0.031,0.014,1
Vmn1r20,0.73355700965386,0.376035582133155,0.013,0.014,1
Cadm3,0.733580555748318,0.0839266836396355,0.075,0.073,1
Tslp,0.733609668604256,0.619521267400635,0.025,0.014,1
Pask,0.733619255921567,0.126841376513623,0.107,0.079,1
Asun,0.733789010630982,-0.0287369695125745,0.038,0.03,1
Rps6ka3,0.733893892507877,0.122921813563493,0.164,0.116,1
Zfp414,0.733983204080547,0.544265465211943,0.013,0.013,1
Evc2,0.734016492733473,-0.301805598138766,0.138,0.114,1
Ccdc160,0.73413448987288,0.935698799520712,0.025,0.016,1
Nrip1,0.734157451018727,0.278256293989679,0.157,0.114,1
Col3a1,0.734234843599946,-0.0479792920306545,0.082,0.07,1
Ms4a7,0.734416809709794,0.726721729425366,0.025,0.016,1
Rpusd3,0.734477157370048,0.734352279341668,0.031,0.021,1
Rad1,0.734593871414609,0.240510786626232,0.088,0.049,1
Ncf4,0.734612112193838,-0.0167736153384332,0.025,0.018,1
Vps16,0.734716058434943,0.197910930815656,0.025,0.026,1
Gnpda2,0.734859380832571,-0.0803739462018731,0.069,0.044,1
Prkrip1,0.734925622435654,0.319403105242274,0.038,0.03,1
Gm904,0.734927277539552,1.48640882365515,0.013,0.004,1
Stat5b,0.735231581612423,0.645607273205139,0.057,0.032,1
Kcnmb3,0.735232342637803,0.0596094955264883,0.031,0.021,1
Hnrnpa0,0.735298932686808,0.530077363386169,0.013,0.018,1
Sptan1,0.735470131537042,0.255142084474605,0.05,0.042,1
Cyp2c44,0.735508556935438,0.389368498406898,0.044,0.025,1
Gm4894,0.735558259328608,1.19194260379912,0.013,0.005,1
Hemgn,0.735570815801569,0.446418200818471,0.038,0.022,1
Mfsd6l,0.735592319293613,1.88636290012446,0.013,0.004,1
Arfip2,0.73565690447533,0.307226196823512,0.031,0.024,1
Rhd,0.73580062483062,0.0413179676834057,0.038,0.024,1
Mtdh,0.735936304085222,0.201923254961449,0.107,0.064,1
Hspa4,0.736003877948388,-0.0212461751219095,0.025,0.021,1
Arap2,0.736048195658039,0.09853990676852,0.201,0.131,1
Myrfl,0.736062452385739,-0.190604578741468,0.182,0.142,1
Tmprss11f,0.736169931728891,0.103763494064588,0.151,0.111,1
Hap1,0.736180919175889,0.529818765106736,0.019,0.015,1
Zfp143,0.736204401800275,-0.034915798165688,0.075,0.057,1
Nos2,0.736220810047456,0.310106642831692,0.057,0.032,1
Phyhd1,0.736221866995925,0.284857220489344,0.025,0.02,1
Urm1,0.73624236183978,-0.145409896349664,0.031,0.027,1
Prkar2b,0.736334547577278,-0.107750584683404,0.214,0.17,1
Sgsm3,0.736379646160893,0.0991593006957761,0.063,0.037,1
Gja3,0.736380219275192,0.399379031683845,0.05,0.023,1
Nup35,0.73660283378092,0.202346861012806,0.075,0.057,1
Cyp2s1,0.736714274229731,0.180456728227433,0.025,0.024,1
Dyrk1a,0.736867187854262,-0.000545397079747545,0.063,0.049,1
Thoc5,0.736930062949941,0.286977868735208,0.075,0.045,1
Gm8369,0.736968340419805,0.381827931875677,0.044,0.026,1
Prex1,0.737289798019488,0.384179239788083,0.088,0.072,1
Abca4,0.737339781597829,0.0710862132856436,0.22,0.138,1
Vwce,0.737528856854001,0.63809304726523,0.057,0.041,1
Gm8165,0.737671886343433,2.11271222379466,0.013,0.003,1
Dnph1,0.737769336350269,0.499500830904945,0.019,0.015,1
H2-Eb1,0.737845780555212,0.178672145401413,0.031,0.027,1
Lrif1,0.737985289570872,0.0148588679355104,0.057,0.042,1
Zfp711,0.737999889792389,0.208617873922247,0.038,0.031,1
Tram1l1,0.738000239853158,0.338801516992721,0.044,0.029,1
Slco1b2,0.73802277441985,-0.0254447323360392,0.088,0.068,1
Pabpn1,0.73807228775797,0.346475962539231,0.013,0.017,1
Prss38,0.738086006549523,1.25613280329991,0.013,0.006,1
A4galt,0.738093620696438,1.06937257797016,0.013,0.01,1
Eme1,0.738148349564386,0.452294648427714,0.025,0.017,1
Scrn3,0.738282049675016,0.557293212551953,0.044,0.024,1
B4galt7,0.738345639573968,0.461168773999129,0.019,0.014,1
Alkbh5,0.738494898702037,0.112659316256594,0.013,0.016,1
Ltk,0.738589573833376,1.16369028569476,0.013,0.006,1
Nfxl1,0.738667142510523,0.0905610295206047,0.094,0.084,1
Ccdc23,0.738895474356842,0.484272090715421,0.031,0.029,1
Tnfrsf1a,0.738924592019303,1.1770046606578,0.019,0.016,1
Tsta3,0.738950928912684,0.905208241604139,0.013,0.009,1
Ccdc159,0.738975804835632,0.573697799756762,0.025,0.02,1
Olfr530,0.739013047688325,1.39877537052796,0.013,0.005,1
Gbp5,0.739051989083604,0.111185600446155,0.208,0.139,1
Ncr1,0.739117807979216,0.944432877677561,0.019,0.009,1
Kcnb1,0.739220437387444,0.172026240901559,0.075,0.057,1
Myo10,0.739287621408288,-0.0883651791915332,0.195,0.164,1
Dlx4,0.739291283864489,1.42511650618648,0.013,0.005,1
Mcm4,0.739341011268511,-0.018315127235887,0.088,0.085,1
Defb22,0.739466645721916,0.542792138486881,0.006,0.011,1
Stau2,0.73949239043482,-0.0586613250686101,0.434,0.327,1
Tes,0.739526658573234,0.00317867486717383,0.094,0.063,1
Wbscr22,0.739595714166579,0.561782873754976,0.019,0.012,1
Fam171b,0.739675231248751,-0.0481841392310765,0.082,0.069,1
Dmgdh,0.739697982970585,0.0375356185894389,0.075,0.081,1
Lrrc75a,0.739706446007626,0.431929872021904,0.075,0.045,1
Tnfrsf8,0.739836448476038,-0.130143012759918,0.069,0.063,1
Ids,0.739850270456546,0.324191358207047,0.038,0.028,1
Olfr1347,0.73992680640697,1.3053553303144,0.013,0.004,1
Adra1a,0.74008667569427,0.0368923923008238,0.063,0.063,1
Mgme1,0.740092282433516,0.272623261650717,0.025,0.027,1
Zfp663,0.740096638052162,0.836923768247623,0.019,0.01,1
Ptov1,0.740124740921614,0.828580532007142,0.044,0.026,1
Zp3r,0.740171291016954,0.115504234407813,0.05,0.048,1
Pros1,0.740226036659112,-0.15567315422252,0.145,0.107,1
Mettl3,0.740238025112358,1.40817713851146,0.013,0.008,1
Psmb10,0.740247851032215,0.903612923957788,0.013,0.009,1
Tmed5,0.740272146505576,0.106632772076988,0.069,0.052,1
Tyms,0.740312687561225,0.137815191608307,0.025,0.021,1
Cwf19l1,0.740344502349364,0.0959451504058295,0.038,0.041,1
Anks4b,0.740440530683049,0.283031173200677,0.025,0.018,1
F12,0.74047834385529,0.587132340602766,0.013,0.01,1
Hddc2,0.740510418801903,0.312230522560142,0.044,0.036,1
Fntb,0.740799938178846,0.188510385750198,0.208,0.131,1
Vstm2l,0.74095278134184,0.0727603019644088,0.025,0.016,1
Aggf1,0.740989444165906,0.313472617043987,0.069,0.037,1
Efcab12,0.741022022956365,-0.0731406986305823,0.057,0.038,1
Capn15,0.741029924689916,0.709166379647716,0.038,0.032,1
9930021J03Rik,0.741109665562644,0.155769231308898,0.082,0.059,1
Rsad2,0.741206366889342,0.662953999455668,0.031,0.02,1
Ndor1,0.74124541320246,0.431136397493386,0.013,0.009,1
Eif3g,0.741335939478178,0.186345804955451,0.019,0.012,1
Lrp3,0.741434033671502,1.00866201993089,0.025,0.014,1
Zcchc4,0.741764403800851,-0.191572721282337,0.119,0.087,1
Smim4,0.741823000243986,0.0160431016163205,0.044,0.036,1
Gpr35,0.741865659850381,0.372566189388493,0.063,0.035,1
Rasa3,0.741935170550194,0.409156556727748,0.088,0.054,1
Wee1,0.741947904403099,0.187198286589944,0.057,0.043,1
Lingo1,0.742022386528074,0.467668958777801,0.082,0.051,1
Tuft1,0.742068871787306,0.0632172023432185,0.044,0.031,1
Zswim4,0.742106395540453,0.348356036871861,0.082,0.053,1
Dock11,0.7422246876657,-0.0393763611006084,0.201,0.133,1
Birc5,0.742265629865152,0.320258339743947,0.038,0.029,1
Taf12,0.742339695270526,0.337788676880472,0.038,0.018,1
Tmem140,0.742524558713881,0.192614855252206,0.019,0.024,1
Igsf11,0.742637285546489,0.0395856460160582,0.063,0.049,1
Pura,0.742660536671313,0.574181062160823,0.031,0.02,1
Cycs,0.742701928353556,0.455580559153019,0.069,0.033,1
Prpf31,0.742772641485303,0.517820696721388,0.013,0.016,1
Psap,0.74296677035354,0.396375838029059,0.031,0.02,1
Pla2g6,0.743087062761377,0.111633058299157,0.038,0.044,1
Agfg2,0.743127474976158,0.344808557195974,0.031,0.027,1
Snx13,0.743135409101133,0.197899141173813,0.164,0.114,1
Prox2,0.743188045067057,0.552582422515768,0.025,0.018,1
Gk5,0.743225550960369,-0.133614069592724,0.164,0.106,1
Slco2a1,0.743371938634017,-0.0449748623453692,0.094,0.074,1
Ugdh,0.743464495322159,-0.148493451471305,0.063,0.057,1
Spock2,0.743614941627595,0.323064129230981,0.044,0.03,1
Tnnc1,0.743633375725258,0.892065135995102,0.025,0.016,1
Slc39a9,0.743679606178905,0.581468391428908,0.038,0.027,1
F7,0.743865200004728,0.281275869662366,0.025,0.014,1
1700019A02Rik,0.743986133940858,0.290176952869223,0.05,0.039,1
Prss55,0.744045110652451,0.354497032025319,0.019,0.016,1
6330419J24Rik,0.744052274203373,0.945677644577984,0.013,0.007,1
Vapa,0.744131649032984,0.7096921816336,0.038,0.021,1
4932431P20Rik,0.744217418160196,0.203766043312222,0.069,0.042,1
Fpr3,0.744225702917321,-0.230919197887074,0.151,0.098,1
Gm5148,0.744297400728848,0.640124258886108,0.038,0.018,1
Tmem200a,0.744301412311432,-0.126134003758012,0.157,0.1,1
Chchd7,0.744349529704909,0.0982587741325434,0.126,0.08,1
Rad52,0.744377271446457,0.736555732297068,0.031,0.016,1
Tmem261,0.744529681233455,0.150687057321268,0.031,0.027,1
Filip1,0.744562979577335,0.0498813481428893,0.245,0.175,1
Xpo1,0.744658311293291,0.0903797652273353,0.138,0.09,1
Fam122c,0.744675661818294,0.0565807749237299,0.05,0.038,1
Spesp1,0.744800831631966,1.4020052907124,0.013,0.008,1
Hpx,0.744809639585904,0.333849014969733,0.013,0.01,1
Alx3,0.744939029241936,0.825342134448114,0.019,0.009,1
Ttc1,0.745083892895706,0.0756135076757634,0.063,0.037,1
Filip1l,0.745106137806305,-0.0592231846445808,0.409,0.323,1
Fam124b,0.745218426260527,0.751514876267299,0.031,0.021,1
Cbx3,0.745227279753023,0.308178310586833,0.019,0.021,1
Ltb4r2,0.745329700387187,0.762665226643559,0.019,0.011,1
Ldlrap1,0.745470627416713,0.607242062197781,0.044,0.019,1
Tomm5,0.745475999794969,0.979667339879473,0.019,0.01,1
Zkscan14,0.745571667316576,1.59712138260992,0.013,0.004,1
Vps33b,0.745589997739258,0.0573810187767565,0.019,0.02,1
Rps20,0.745743685287815,0.30327309391191,0.057,0.036,1
Tspan32,0.745747785443597,0.191658490332715,0.025,0.024,1
Gmeb1,0.745750916836951,0.301479093618098,0.075,0.041,1
Sparcl1,0.745787110239856,0.703486534389776,0.038,0.017,1
B9d1,0.745877909709948,1.91744925019563,0.013,0.005,1
Depdc1b,0.745974272855013,0.0472486767292613,0.214,0.159,1
Krtap14,0.745975159147111,0.322544858531534,0.013,0.018,1
Siva1,0.746011772374816,0.0789229404282619,0.044,0.037,1
Klhl41,0.74606144750943,0.548984095783215,0.031,0.024,1
Neo1,0.746072388330357,-0.0110279819447765,0.107,0.086,1
Krt75,0.746112528379782,1.11186118832265,0.031,0.012,1
Ldhc,0.746134634727507,1.29375274788053,0.019,0.01,1
Brwd1,0.746157990012431,0.256039737642843,0.094,0.059,1
Hsdl2,0.74625263360963,0.107444315525471,0.075,0.056,1
Gm26566,0.746289245435872,0.528681763536513,0.013,0.016,1
Zfp395,0.74636123247409,0.567398682590268,0.063,0.038,1
Mettl18,0.746381432282744,0.371514813269596,0.063,0.033,1
H1foo,0.746470224003074,1.19304927399922,0.019,0.008,1
Tmem30a,0.746486329086092,0.208858148979646,0.038,0.034,1
Lgi3,0.74650130242493,0.966288162890377,0.019,0.012,1
Zfp280b,0.746568690109267,0.148431805994296,0.019,0.015,1
Mapk8ip1,0.746650601903617,0.537984010786224,0.019,0.021,1
Bmp5,0.746747796636177,0.23460182217541,0.164,0.111,1
Pcyox1l,0.74676066716393,0.16335030271577,0.031,0.031,1
Cd2,0.746789582688303,0.401948640749559,0.013,0.012,1
Olfr33,0.746801104290107,0.999620325022422,0.013,0.007,1
Myot,0.74690612591298,0.118746082659025,0.044,0.029,1
Olfr1366,0.74690730098595,0.826104943825157,0.019,0.011,1
Ilf2,0.746972193821654,0.671481777357308,0.025,0.018,1
Slc8a3,0.747078219543203,-0.231701435439754,0.126,0.101,1
Cd7,0.747143839717182,0.853732906075662,0.013,0.007,1
Eml2,0.747182431999911,0.994941766752225,0.025,0.019,1
Cul1,0.747200215885496,0.353481039393395,0.082,0.051,1
Atraid,0.747264049717305,0.595448534446555,0.044,0.025,1
Tspan14,0.747349255197889,-0.0550538424499769,0.101,0.085,1
Nptx1,0.747356443519903,0.870958580727332,0.013,0.008,1
Zfp710,0.747473691482188,0.230365087003522,0.101,0.057,1
C1qtnf9,0.747564660360305,0.421763229671387,0.038,0.024,1
Myo1f,0.747628681681102,-0.106757486048302,0.075,0.044,1
Sh3d21,0.747809684970035,0.684400479772894,0.013,0.011,1
Cldnd2,0.747833042361731,0.905990671503181,0.013,0.007,1
Opn1mw,0.747844967343566,0.950035274848354,0.025,0.01,1
Ccng2,0.748074898054092,-0.0317882700419219,0.069,0.042,1
Slc39a13,0.748188194574353,-0.0848324402433596,0.05,0.038,1
Cyp19a1,0.748189886051397,-0.0351069514841056,0.057,0.043,1
Dis3l2,0.748201175542409,0.15655279397357,0.245,0.19,1
Ldlrad4,0.748260816377564,0.0361493389498309,0.233,0.179,1
1700011E24Rik,0.748287225537125,0.494925775088526,0.044,0.023,1
Plcxd3,0.748338562228022,0.0800912188534615,0.27,0.214,1
Ufc1,0.748445591348562,1.5451828155938,0.013,0.009,1
Lepr,0.7484571914486,0.100677290690131,0.126,0.078,1
Ska2,0.748622909904484,0.0347727167085194,0.044,0.033,1
Ppih,0.748685612953226,0.338628038890017,0.069,0.038,1
Rsl24d1,0.748729751206043,0.585895747302557,0.019,0.015,1
Gbf1,0.748750710907988,0.00490222626656678,0.132,0.085,1
Phf11c,0.748807797806228,-0.0648826609287312,0.038,0.034,1
Taf1b,0.748824856358285,-0.161209501702449,0.094,0.079,1
Mogat2,0.748941217852419,0.602065046674584,0.025,0.018,1
Cdh12,0.748942559040501,-0.180681100363769,0.491,0.406,1
Entpd3,0.748966129636576,0.0627654925151084,0.025,0.021,1
Ccar1,0.748976636167875,0.470915978451518,0.057,0.027,1
Uvrag,0.749255486337975,0.118509239388311,0.239,0.158,1
Capn13,0.749306194044061,0.0863731138849406,0.17,0.122,1
1700064H15Rik,0.749397539373838,0.158892919881934,0.164,0.115,1
Eci2,0.749481140122048,-0.30881370856037,0.069,0.049,1
As3mt,0.749597142641666,0.891971248153383,0.031,0.018,1
Edrf1,0.749706741856894,0.1161200096988,0.069,0.045,1
Ahnak2,0.749712126685585,0.318947822856543,0.025,0.018,1
Slc44a4,0.749737317486656,0.874924502869845,0.031,0.021,1
Odf2l,0.749881324917355,0.175984566135349,0.195,0.118,1
H2afz,0.749891645467497,0.173155849877879,0.057,0.038,1
Cfb,0.749902416418455,1.44827196341215,0.013,0.006,1
Tchp,0.749970312094792,0.919925825086833,0.013,0.01,1
Cdc23,0.749982069819725,0.498118666232672,0.038,0.029,1
Sf3a2,0.750027470437355,0.690267305662312,0.013,0.015,1
Nudc,0.75004059748396,0.374640580466045,0.044,0.031,1
Jph3,0.750113155530461,0.130257987660384,0.094,0.064,1
Tgs1,0.750204333514427,0.0824815220120541,0.182,0.113,1
Ube4b,0.750231037816988,0.439422754639399,0.082,0.05,1
Meox2,0.750360552241229,0.0640692876484916,0.132,0.09,1
Rps26,0.750369427053018,0.631808857477067,0.013,0.009,1
Pcdhga2,0.750446697562551,-0.0681221316743272,0.057,0.044,1
Zfp276,0.750450802146763,0.731342265581763,0.025,0.021,1
Rbm41,0.750469271157522,-0.0781239892063521,0.101,0.063,1
Gm20671,0.750531390331749,0.123885315422763,0.138,0.087,1
Lemd2,0.750570295783639,0.157004003179662,0.031,0.023,1
Ftl1,0.750622675043892,0.513623549874387,0.019,0.013,1
Pi4k2b,0.75066170296697,-0.0436369016682425,0.057,0.049,1
Nme2,0.750716201034357,0.778872275996141,0.025,0.009,1
Esyt1,0.75076058195946,0.179367692033922,0.038,0.029,1
Kif18b,0.750765015912718,0.263831354104124,0.025,0.024,1
A530053G22Rik,0.75084187198826,1.03053870115721,0.025,0.009,1
Rnpc3,0.750862485178133,0.134615325923509,0.113,0.068,1
Scara5,0.75096742181499,0.332553252450269,0.119,0.063,1
1700019B03Rik,0.750997303808061,0.519523454397716,0.038,0.016,1
Mei1,0.751033769014456,0.0644117078242372,0.057,0.049,1
Pxn,0.751145116740083,1.1289504369222,0.038,0.03,1
4930481A15Rik,0.751259229788074,0.432143925518442,0.031,0.015,1
Fbxw15,0.751345118254157,0.490614139559713,0.025,0.015,1
Tubgcp2,0.751367110137779,0.0508888511897583,0.075,0.049,1
Lphn1,0.751400305209017,0.366475815868283,0.075,0.046,1
Ercc4,0.751457419294328,0.209281164057956,0.101,0.059,1
Calb1,0.751466009517438,0.175577068625697,0.057,0.04,1
Man2c1,0.751639926240847,0.975883081793356,0.025,0.014,1
St3gal3,0.751664305036369,0.228150246932233,0.182,0.12,1
Lman2,0.751762212831646,0.0513537593474478,0.038,0.034,1
Ahdc1,0.751777211113119,0.553280371793526,0.044,0.035,1
Gabarapl1,0.751785018999795,0.074984826261189,0.025,0.02,1
Bicd1,0.751856604534333,0.147191317498588,0.176,0.143,1
Bco2,0.751916121858737,0.3506099311023,0.057,0.039,1
Dusp10,0.752026356659777,-0.13644063164835,0.082,0.077,1
Efr3a,0.752137757547792,-0.00494432228018704,0.182,0.128,1
Pkd1,0.752186691263072,0.0180709615965871,0.082,0.076,1
Gm17093,0.752221530898309,0.821600993269004,0.013,0.009,1
Rab6a,0.752377336497926,0.401975935109715,0.025,0.018,1
Zkscan3,0.752397659910429,0.217995133604378,0.031,0.023,1
Slco1a4,0.752420199590483,-0.0127970686379513,0.088,0.095,1
Bcl6b,0.752461576261204,0.483111671988135,0.013,0.012,1
Cnot1,0.7525395544795,0.41168645472812,0.088,0.048,1
Nsun6,0.752542585548902,0.198650686922689,0.157,0.112,1
Cabp1,0.752555424138977,0.691703031755306,0.044,0.021,1
Rtn4rl2,0.752632786735877,0.909166398792324,0.019,0.012,1
Ran,0.752633325642196,0.739860783152951,0.031,0.02,1
Trim14,0.752734173238348,0.316374780225001,0.069,0.043,1
4833427G06Rik,0.752746400924839,0.0896532219341557,0.031,0.023,1
Ttc39b,0.752747737571257,-0.0723850676142193,0.17,0.132,1
ENSMUSG00000099689,0.752792531683609,0.916175897432131,0.013,0.01,1
Tspear,0.752796566632078,0.00664822411901422,0.082,0.061,1
Cux2,0.752851301893797,-0.0349737649348056,0.151,0.114,1
Tmem11,0.752870667634646,0.188636629199795,0.025,0.02,1
E030037K01Rik,0.75289587216069,0.184748054217413,0.019,0.02,1
Ttc21a,0.75296054309261,0.296453269831473,0.063,0.046,1
Hook1,0.752970321671551,0.127810881179934,0.126,0.078,1
Perm1,0.7530263467073,1.20997056612634,0.013,0.005,1
C2cd4d,0.753036556191289,1.36443394173312,0.025,0.009,1
Spink6,0.75310369402645,0.605656484831552,0.025,0.018,1
Rqcd1,0.753246372739221,0.408191822127156,0.05,0.03,1
Lrrc16b,0.753264956047518,-0.0039819541782995,0.044,0.038,1
Snrpd1,0.753329103506792,0.644952274732221,0.019,0.013,1
Nipa2,0.753389622652407,0.42945964046234,0.044,0.029,1
Trim42,0.753580411538936,-0.00894366704806515,0.031,0.029,1
1700040L02Rik,0.753678017093682,-0.30817054687347,0.164,0.137,1
Sds,0.753986167228455,0.940469622937357,0.013,0.009,1
Aasdhppt,0.754011318017413,-0.0890175246344009,0.063,0.051,1
Lancl3,0.754033749893068,0.0812264996759788,0.107,0.059,1
Pgam1,0.754151912557072,0.106791987802072,0.019,0.015,1
Fam83h,0.754165078563215,0.288217859722596,0.019,0.015,1
Klhl7,0.754210744114568,0.00230530870634738,0.075,0.054,1
Serpinb5,0.75421539017623,0.407332161445162,0.038,0.026,1
Isl1,0.754251410642715,0.608149825907827,0.019,0.013,1
Gpr141,0.754298633641081,0.2011935756684,0.145,0.101,1
Smim8,0.754311831074482,0.259010254905504,0.063,0.035,1
Ccr6,0.754313402737382,0.795772003392654,0.025,0.015,1
Rps23,0.754357277653691,0.0150473854435962,0.044,0.036,1
Trim12c,0.754374995263757,0.19004864957104,0.044,0.031,1
Dnah11,0.754658471074793,-0.130319487891166,0.535,0.369,1
Hccs,0.754817618403389,0.0445681611415116,0.113,0.062,1
Igsf1,0.755005349260029,0.780282539573565,0.038,0.018,1
Prkaa1,0.755010394420499,-0.0812643119494867,0.088,0.063,1
Stat6,0.755168012298906,0.278287262297098,0.044,0.021,1
Rhoq,0.755175118446074,0.360232851518524,0.044,0.027,1
Cecr5,0.755178487370405,0.610126983474378,0.038,0.027,1
Col26a1,0.755221748258914,-0.0370302793502657,0.145,0.107,1
Vsig10,0.75522414172539,-0.0314724997199516,0.031,0.032,1
Ero1lb,0.755404162468108,-0.0761068882213531,0.176,0.114,1
AA986860,0.755436221401534,0.710197048871302,0.031,0.02,1
Chrd,0.755472165334134,1.0325922524649,0.013,0.007,1
Gm5538,0.755509049047456,0.386815262204716,0.044,0.034,1
Hmox1,0.755579517061833,0.664943987924779,0.031,0.023,1
2310057J18Rik,0.75577914720934,0.132370202246126,0.019,0.019,1
Cds1,0.755813942105252,-0.218351751121869,0.101,0.085,1
Gramd1c,0.755927723620767,0.229424079225369,0.057,0.04,1
Extl3,0.755966664435098,0.484930590321623,0.038,0.028,1
Rtkn,0.755983806390207,0.327600555858667,0.019,0.02,1
Fn3krp,0.756071021247485,0.245530391513836,0.038,0.031,1
Cdkl1,0.756112694627095,0.371886449794886,0.063,0.042,1
Lypd6b,0.756147483653689,-0.243667054727081,0.201,0.158,1
Vegfb,0.756168412370842,0.584094615050263,0.013,0.008,1
Stard3,0.756234108917371,0.639142719817104,0.019,0.021,1
Wbscr16,0.75674697570846,-0.0226937606514852,0.044,0.039,1
Lsmem1,0.756754327305561,0.543624355399986,0.031,0.024,1
Dram2,0.756803064077672,-0.125995023423562,0.069,0.048,1
Clca3,0.756814312210921,0.0859408426712554,0.088,0.079,1
Slc22a2,0.757018479663308,0.361128777134182,0.063,0.033,1
Nrap,0.757149278547559,0.154857426829488,0.107,0.062,1
Igll1,0.757212143969327,0.747857310498906,0.019,0.009,1
Khdc1b,0.757364778683529,1.37671716330642,0.013,0.005,1
D030056L22Rik,0.75754867077168,0.159968343185083,0.038,0.032,1
Gcm2,0.757555645640979,0.969093885035793,0.025,0.012,1
Gemin6,0.757610587365508,0.95916649613706,0.019,0.013,1
Tmem30c,0.757694018398583,0.402106774385479,0.044,0.033,1
Magt1,0.757856613576022,0.358790166946553,0.025,0.02,1
Vmn2r77,0.757885450861986,0.154761438217623,0.025,0.021,1
Dcaf17,0.757994396621515,0.124319917574139,0.063,0.053,1
Vps4b,0.757996191170918,0.233654594590217,0.05,0.045,1
Jrkl,0.758034959072914,0.518858232739389,0.019,0.015,1
Bpifb2,0.75804199544184,0.651914547068081,0.025,0.017,1
Stk33,0.75809936804474,0.0151747754147964,0.189,0.139,1
Rasgef1c,0.758123807165483,-0.149864856461996,0.126,0.081,1
Arpc4,0.758243547132214,0.475641691964002,0.031,0.015,1
Psmb2,0.758266665195419,-0.0798152503362379,0.044,0.029,1
Plb1,0.758280279757528,0.160678075214408,0.17,0.112,1
0610010K14Rik,0.758443846597649,0.308279855368608,0.025,0.021,1
Khdc1c,0.758480793968542,1.14580280340227,0.013,0.005,1
Ak4,0.758515873869113,0.316906142940197,0.057,0.033,1
Mroh2b,0.758742066645756,-0.13920940014419,0.101,0.081,1
Zdhhc1,0.758763665223788,0.374316978370405,0.019,0.017,1
8430408G22Rik,0.758834382967424,1.3140052467582,0.013,0.007,1
Klhl14,0.758849114169534,-0.147281893981083,0.208,0.163,1
Bmi1,0.758874164247578,1.42584346785242,0.013,0.006,1
Ddx21,0.759040194659381,0.242919122263076,0.019,0.019,1
March5,0.759067879735477,0.469135595458219,0.013,0.012,1
Mpp4,0.759178790272839,0.111088816385264,0.113,0.073,1
Frem3,0.759193726916195,-0.150371352660148,0.113,0.096,1
Mapk13,0.759198267567747,1.276680156812,0.013,0.005,1
Asb15,0.759281522010172,0.297147641317649,0.119,0.1,1
Rxfp1,0.759330466205777,-0.200238158269737,0.176,0.128,1
Pcdhga6,0.759363499471308,0.291225342133666,0.057,0.035,1
Akap12,0.759466093457283,0.0447462815833535,0.17,0.109,1
Atp2b3,0.759469514887141,-0.0283992684508476,0.069,0.045,1
Agrp,0.75953013133661,0.0774506791491341,0.094,0.072,1
Kdsr,0.759589448143665,0.0148606823629329,0.075,0.062,1
Zcchc9,0.759742449468976,0.36952252307794,0.044,0.034,1
G3bp1,0.759761568443812,-0.0876701875959292,0.101,0.063,1
Nudt12,0.759868234532519,0.573876658778756,0.044,0.042,1
Prdm9,0.760003885836632,0.027090172197469,0.044,0.032,1
Gm6899,0.760147519782967,0.37944955080848,0.057,0.042,1
Hyls1,0.760167340643895,0.74945833593697,0.044,0.02,1
Nptxr,0.760169716986669,0.839582509023757,0.019,0.009,1
Anxa3,0.760287259251234,-0.107317419114988,0.063,0.064,1
Tmem204,0.76030269333742,0.242249472139147,0.05,0.039,1
Ppa2,0.760347412804381,0.153104917833102,0.22,0.133,1
Nipsnap3b,0.760481596259713,-0.151950787602936,0.044,0.045,1
Eaf1,0.760596688812821,0.931406786288036,0.019,0.016,1
Gm4950,0.760606421766048,1.07958044147304,0.013,0.008,1
Mroh7,0.760763993356373,0.305663640009221,0.075,0.046,1
Cd200r1,0.760855513376231,0.332752973378734,0.063,0.035,1
Cnbp,0.760860311638534,0.933752863098303,0.019,0.01,1
Dynlt3,0.760970553995857,0.693466900317388,0.031,0.016,1
Inpp5a,0.761000193396063,-0.167393134706735,0.201,0.148,1
Pde1b,0.761020732986448,0.25447478409984,0.069,0.042,1
Cyp2a12,0.761110394918958,1.34837484618723,0.013,0.005,1
Clta,0.761114679184786,0.613298460791806,0.025,0.018,1
Cdr2,0.761196897240446,-0.00212652532982727,0.057,0.051,1
Mapk8,0.761269411778098,0.293984444440285,0.088,0.059,1
Ddb1,0.761472895724109,0.270079346843042,0.025,0.027,1
Prrc2b,0.761503479991752,0.305422806157798,0.063,0.045,1
Ryr1,0.761528858148436,-0.00520660345898749,0.119,0.093,1
Cog8,0.761645152648258,0.470353490805924,0.019,0.013,1
AY358078,0.761735285377644,0.225182455630473,0.031,0.024,1
Gpx6,0.761796184597166,0.811351562446707,0.019,0.01,1
Pla2g3,0.7618502489914,1.01413621195598,0.019,0.008,1
9130230L23Rik,0.761927130689969,0.69004670614325,0.019,0.013,1
Eng,0.761991030023904,-0.110573582942268,0.05,0.042,1
Ttf1,0.762035955693941,0.237721212806118,0.044,0.035,1
Olfr547,0.762071196737637,1.19219950520402,0.019,0.004,1
Sptssa,0.762216833119235,-0.0404936845329287,0.031,0.024,1
Acta2,0.762237140275815,0.515785257905549,0.05,0.034,1
Smim12,0.762298221202709,0.473437298096657,0.031,0.018,1
Tfap2e,0.762372340426396,0.613989331192506,0.025,0.014,1
Cxcr6,0.762510587832843,1.24644958272918,0.013,0.007,1
Arl2bp,0.762588359033444,1.10599917404653,0.006,0.013,1
Zfp760,0.762601021963324,0.369279006569992,0.044,0.031,1
Pdzd4,0.762647581757794,0.788342366292748,0.019,0.013,1
Plekhh3,0.762656830966194,0.422020156498306,0.038,0.021,1
Serpinb3c,0.76268879969345,0.890618901602291,0.019,0.008,1
Ddx11,0.762699280508316,0.0577172247028557,0.044,0.043,1
Arf6,0.762763944270309,0.527675775632623,0.013,0.009,1
Tbc1d31,0.762769714690761,0.249739035743718,0.138,0.077,1
Cd300a,0.762787379101096,0.676234781401066,0.019,0.01,1
Akr1b10,0.762816327129493,0.422734907249303,0.013,0.011,1
Milr1,0.762901372811949,0.829756253305598,0.013,0.012,1
Ccdc174,0.763367249367002,0.617742217840275,0.038,0.027,1
Sbno1,0.763375277263283,0.416975989467471,0.063,0.034,1
Irf3,0.763376754472593,0.962221751174186,0.013,0.012,1
Grem2,0.763416729649157,0.151469110303178,0.132,0.105,1
Eapp,0.763540634369654,0.571936731534429,0.038,0.026,1
Olfr1433,0.763548397201456,0.459851661289449,0.013,0.009,1
Cep152,0.763717958188656,0.0719432557594693,0.151,0.104,1
Oscp1,0.763843228884264,0.169050096309714,0.069,0.043,1
Hspbap1,0.763894601913838,-0.0569142342667393,0.107,0.078,1
Gm11084,0.763955136104339,1.07339001443582,0.038,0.018,1
Slx4,0.76399870340451,-0.137062684536462,0.101,0.067,1
Ctf1,0.764018243172929,1.02387992888141,0.013,0.011,1
Sfrp2,0.764024849485476,0.306581469925988,0.025,0.032,1
Hmbox1,0.764166935175271,0.256504078065011,0.107,0.081,1
Ppap2c,0.76431278221293,0.386810627179242,0.05,0.022,1
Mpzl1,0.764326988478869,0.0340269084516596,0.069,0.055,1
Olfml2a,0.76440106585963,0.394605826413848,0.05,0.034,1
Ppp2r5e,0.764411569808717,-0.101313475770613,0.145,0.1,1
Gm1305,0.76451371988861,-0.0519821709305948,0.05,0.04,1
Tmed11,0.764656506691093,0.0295144629425606,0.013,0.017,1
Ddx46,0.764689964727423,0.226106291213612,0.05,0.04,1
Sec16a,0.764738785821121,-0.279017175510771,0.069,0.05,1
Gxylt1,0.764740977125267,-0.121169728742049,0.075,0.065,1
Olfr27,0.764743896026924,0.228216581201249,0.019,0.015,1
Olfr1353,0.764765807645091,0.762341256854979,0.013,0.007,1
Armc8,0.764867374785708,-0.0339721283352286,0.113,0.09,1
Fgr,0.764880972092065,0.117286105014285,0.025,0.026,1
Raph1,0.764918633353544,0.157740650101022,0.101,0.079,1
Gm13225,0.764940864969026,0.577648429136007,0.013,0.009,1
Gm10941,0.765078895985975,0.30273254303609,0.057,0.037,1
Vwa7,0.765107933587209,0.607776215444992,0.031,0.014,1
Myo1c,0.765109052881989,0.594373836076943,0.038,0.027,1
Zyg11a,0.765153426035623,0.691709138447171,0.038,0.021,1
Scaf8,0.765172510468282,0.630541684861877,0.063,0.027,1
Cd52,0.765197543009347,0.564104841705304,0.025,0.015,1
Pkn2,0.76524531685026,0.137479913293364,0.157,0.112,1
1700003M02Rik,0.765474846067841,0.392787492337854,0.094,0.051,1
Dpysl2,0.765555991392683,0.364629920600891,0.05,0.03,1
Pum1,0.76558168376148,0.375792987948535,0.075,0.04,1
Eif5a,0.765723810802735,0.403550522870344,0.044,0.029,1
Krba1,0.765803485008234,0.10580582681153,0.044,0.037,1
Zfp352,0.765851834979765,0.795435841580231,0.019,0.013,1
Slc22a27,0.766077688846348,0.288688119713835,0.031,0.029,1
Fam78a,0.766086881824972,0.276727650421364,0.038,0.023,1
Pes1,0.766134468934778,0.521022124134031,0.019,0.018,1
Cbx6,0.766201093588984,0.284658351472313,0.044,0.031,1
Sbsn,0.76624260326154,0.425953770238919,0.031,0.02,1
Gpr55,0.766407318611886,0.808915977330226,0.038,0.015,1
Grxcr2,0.766408688441048,0.0853938237985883,0.031,0.028,1
Ssxb5,0.766457545341325,0.997333134138607,0.013,0.005,1
Igf2r,0.766476840978171,0.234874582109623,0.145,0.093,1
Ccng1,0.766552627545539,0.145474214610918,0.057,0.035,1
Adam23,0.766578662162084,0.0807195266531564,0.233,0.146,1
Chrm1,0.766747315436754,0.201395006459942,0.063,0.041,1
Bcat1,0.766762594054755,-0.00376373870075586,0.094,0.069,1
Cabyr,0.76692329323243,0.183889189461777,0.057,0.037,1
Gm806,0.766942865323313,-0.224544959883022,0.031,0.025,1
Zfp207,0.766959388960948,1.15790954366787,0.013,0.006,1
Fam154b,0.767074998607081,-0.0102813835115896,0.044,0.035,1
Tango6,0.767273555117594,0.133133086416705,0.239,0.173,1
Papln,0.767314059987978,0.0745186780233444,0.031,0.027,1
Otc,0.767385320645826,0.591854533378114,0.044,0.031,1
Ccdc97,0.767449094183618,0.635600226827765,0.025,0.016,1
Lsm14b,0.767556632634394,0.275167299027401,0.013,0.013,1
Gm26529,0.767611202127513,0.505273524348891,0.038,0.023,1
Zbtb43,0.767650639728329,0.826759933449298,0.025,0.016,1
Als2,0.767697522415499,-0.101042322336664,0.189,0.129,1
Prrx2,0.767705160278523,0.373059590566355,0.044,0.032,1
Prrg4,0.767714749749617,0.5682940083395,0.038,0.021,1
Dll1,0.767721386231302,0.298039426075897,0.025,0.02,1
R3hdm4,0.767769325528892,0.954022743425672,0.019,0.012,1
Hsd3b1,0.767860843642163,0.41000401916267,0.025,0.018,1
Ccdc112,0.767890207220169,-0.184391936271383,0.069,0.052,1
Dlgap3,0.767942788915498,0.199799337113285,0.075,0.048,1
Fbxo15,0.767998389416401,0.0472400929586452,0.157,0.119,1
Elovl4,0.768050584207732,0.0672775735855486,0.107,0.07,1
Yif1b,0.768120462912505,0.352572327768146,0.025,0.023,1
Ube2b,0.768145336515067,0.268631102943642,0.025,0.016,1
Awat1,0.768390045596073,1.37006236354634,0.013,0.005,1
Cct4,0.768547966647581,0.180881583012404,0.019,0.015,1
Chn2,0.768574474399403,0.164721219187411,0.22,0.163,1
Mef2a,0.768679694073356,0.269263170883065,0.119,0.076,1
B9d2,0.768753402334889,0.710294314973695,0.019,0.012,1
Pomk,0.768758873477555,0.497652770112358,0.019,0.016,1
Tmem74b,0.768863959897757,0.532216167960545,0.031,0.021,1
Tril,0.768901805685142,0.969893942228991,0.013,0.009,1
Ralgds,0.769011285037453,0.226996504411813,0.044,0.035,1
Itih2,0.769052625582379,0.10966664135208,0.057,0.056,1
Trim29,0.769087240025573,-0.109757474051359,0.05,0.037,1
Cyp51,0.769115703271097,0.229025439560873,0.069,0.049,1
Trim16,0.769381001131699,0.63515171397746,0.031,0.027,1
Cmpk1,0.769478743299461,0.396944829030206,0.031,0.031,1
Rab17,0.769520615679854,0.758681997031513,0.019,0.016,1
Pik3c3,0.769533458330356,-0.103303181499631,0.233,0.161,1
Rab37,0.769553201434129,0.285205563501739,0.063,0.04,1
Celf5,0.769581046604134,0.157184560735468,0.025,0.018,1
Wdr45b,0.769825139678133,0.647925571245695,0.038,0.024,1
Sfxn4,0.769851500190265,0.0701248264949479,0.063,0.051,1
Pdlim4,0.769912579788056,0.79934429429961,0.013,0.018,1
Gm17673,0.769963118084861,0.179597423044181,0.019,0.019,1
Zbp1,0.770058636218686,1.07975204496521,0.019,0.01,1
Smyd2,0.770060722230303,-0.0577902159453867,0.119,0.074,1
Gapdhs,0.770134694029433,0.420685641552105,0.031,0.018,1
Nlrx1,0.770301886029454,0.588004245478501,0.031,0.018,1
Rrp9,0.77032623753991,0.168231015112293,0.05,0.04,1
Rpl28-ps4,0.770341602738396,1.78761608551677,0.013,0.003,1
Frem1,0.770439334210073,-0.0648211287838403,0.226,0.179,1
4930427A07Rik,0.770570219433601,0.0174344541380354,0.069,0.056,1
Tob2,0.770581598773281,0.738410587046062,0.013,0.009,1
DHX30.1,0.770636837217026,0.381270459033949,0.019,0.018,1
Iffo1,0.770641912476923,0.563674608718172,0.013,0.012,1
IFFO1,0.770641912476923,0.563674608718172,0.013,0.012,1
Lck,0.770678224170816,0.215234915384819,0.025,0.022,1
Prss29,0.770730355610341,1.5628612195128,0.013,0.003,1
Impdh1,0.770830635924802,0.166964452932861,0.044,0.026,1
1700031F05Rik,0.77084840152732,0.520031915152936,0.013,0.01,1
Dnaaf2,0.770862721567604,0.321111411170828,0.013,0.012,1
Med30,0.77091315504873,-0.0368318404785235,0.094,0.074,1
Zdhhc16,0.770940089443117,0.570070834071504,0.044,0.021,1
Apoc1,0.770974390742395,1.47060551603007,0.013,0.005,1
Babam1,0.771028046768623,0.275941158723867,0.025,0.018,1
Aldh16a1,0.771159900166997,0.255591884739135,0.057,0.037,1
Hint1,0.771166922574997,1.06334820802494,0.013,0.01,1
Ptprs,0.771312007226614,-0.000213228834780921,0.088,0.067,1
Cstf2t,0.771475063709573,0.385105421570007,0.031,0.024,1
Pole2,0.771611927619612,0.333318581698186,0.038,0.027,1
H2-Eb2,0.771733725171996,0.948663380518594,0.019,0.01,1
Gatsl2,0.771739171868463,-0.073496175336877,0.038,0.038,1
Wdr72,0.771758345188007,-0.0305718705580875,0.239,0.154,1
Smarcc2,0.771839595260961,0.931927014510992,0.019,0.018,1
Ccpg1os,0.771878061620546,0.216686499118368,0.031,0.026,1
Mgat3,0.771917719207763,0.819686634586136,0.031,0.013,1
Fat4,0.771951570723576,-0.0933987678389996,0.214,0.156,1
Olfr609,0.772038281858402,0.78101438774462,0.013,0.007,1
Herc1,0.772072868488815,0.406222713642319,0.113,0.076,1
Nrtn,0.772125898253522,1.01377826464778,0.013,0.01,1
Ndufa5,0.772147806894383,0.0556864940869142,0.05,0.035,1
Phf5a,0.772163271578152,1.01768110001194,0.013,0.008,1
Mospd2,0.77239020015931,0.092789022510936,0.057,0.053,1
Ccnf,0.772390345471144,0.0748649772369552,0.069,0.062,1
Grk1,0.772430238130442,0.309034296850224,0.031,0.027,1
Nif3l1,0.772603498726315,0.41973237256676,0.063,0.043,1
Ftsj1,0.772607792931017,0.545520025621714,0.013,0.013,1
Adam34,0.772629153737629,-0.158278639635123,0.044,0.045,1
Supt4a,0.772654563059606,0.243474925054189,0.025,0.02,1
Zfp292,0.772730169862688,-0.0179714172845129,0.075,0.06,1
Irf1,0.772877377256803,0.498475241774194,0.019,0.017,1
Nrp2,0.772988287362811,0.189440162139334,0.201,0.148,1
Vmn2r2,0.773141848014638,0.0192455254467401,0.044,0.036,1
Gosr2,0.773185477128844,0.744570442539275,0.031,0.023,1
Tomm70a,0.773191437704568,-0.0189900727050247,0.069,0.046,1
Lrch1,0.773256340329523,-0.161610778435396,0.252,0.173,1
Kcmf1,0.773352155386408,0.225546718667347,0.031,0.027,1
Wnt4,0.773453968539777,0.58851940632894,0.038,0.02,1
Ccr2,0.77358150103397,0.515963765282321,0.013,0.014,1
Ap4b1,0.773675004500147,0.760831665030124,0.031,0.017,1
Nagpa,0.773745342329589,0.393587985408725,0.05,0.029,1
Dhx15,0.773853192992754,0.21129925406741,0.069,0.046,1
Emb,0.773877055102353,0.103623273156934,0.119,0.086,1
Gm13089,0.774050969752981,1.1196187036282,0.013,0.004,1
L1td1,0.774121003531862,0.528386557402478,0.013,0.015,1
Lrrc18,0.774189539982993,0.184963312577364,0.025,0.021,1
Slc29a3,0.774256613523205,0.181210244978827,0.063,0.05,1
Tmem57,0.774299401937546,0.124807386101175,0.069,0.051,1
Haus7,0.774333284287641,0.0200237615052323,0.05,0.034,1
B230307C23Rik,0.774496653157368,0.807769663660912,0.025,0.014,1
Mcee,0.774589524483326,0.0963931099362219,0.082,0.051,1
Calcrl,0.774626525177064,-0.090331635503182,0.145,0.104,1
Rwdd4a,0.77474701473504,-0.0935690808468674,0.05,0.034,1
Rassf8,0.774913583194435,0.160523199525565,0.069,0.07,1
Mnt,0.774945262890535,0.0241001046500289,0.063,0.04,1
Eepd1,0.774945897932406,0.0756562177552054,0.126,0.098,1
Gdap2,0.775018663033987,0.140320935328703,0.138,0.095,1
Enox2,0.775060737312341,-0.212903823359779,0.245,0.183,1
Il1rn,0.775077857042489,0.418684543376636,0.038,0.02,1
Ube3a,0.775096897733773,0.250000191190328,0.075,0.055,1
Defb9,0.775116476093635,0.528973696608437,0.013,0.011,1
Eif4e3,0.775119275602989,0.250952175562045,0.069,0.051,1
Caln1,0.775143761379517,-0.0825709787019524,0.333,0.235,1
4632404H12Rik,0.775302284290681,0.289815605415284,0.013,0.015,1
Nudt19,0.775452149515269,0.341660915412747,0.031,0.015,1
Mfsd7c,0.775485373435282,0.410852130098388,0.075,0.05,1
Calm1,0.775485847603715,0.404804216228337,0.025,0.018,1
Upp2,0.775527798316616,-0.0854440937871996,0.27,0.226,1
Mrgprg,0.775689626305181,0.926242621130717,0.013,0.007,1
Trim34a,0.776021839870393,-0.17433915044889,0.107,0.095,1
Gpaa1,0.776062388035236,0.756645057160231,0.019,0.01,1
Mamdc2,0.776159224810879,0.0202000009945476,0.157,0.09,1
Psmc6,0.776220743283773,0.0453015021820002,0.038,0.029,1
Plod3,0.776227605577229,0.361319612258297,0.025,0.019,1
Stk11ip,0.776265571862727,0.421484375574515,0.038,0.023,1
AK157302,0.776303430990017,1.19174663965452,0.013,0.005,1
Ugt2b38,0.77631894695774,0.641847772547147,0.019,0.015,1
Cyth4,0.776332280226936,0.167535884565915,0.031,0.029,1
Ctu2,0.776332965830356,0.646648738460592,0.025,0.018,1
Fbxl5,0.776341380741427,-0.180323339794043,0.094,0.078,1
2700062C07Rik,0.776347932710578,0.830046008730993,0.013,0.01,1
Llgl2,0.776386538362042,0.634775515564867,0.038,0.02,1
Cidec,0.776409067980525,0.562472794535425,0.019,0.013,1
Ankrd2,0.776428695357128,0.364595889550086,0.013,0.016,1
Clspn,0.776597981775334,0.26870461275248,0.075,0.04,1
Stom,0.776916884805553,0.163139844469985,0.031,0.027,1
Eif4g1,0.777039210708199,0.44663006624945,0.019,0.018,1
Fam118a,0.77723086670804,0.318301032875832,0.057,0.031,1
Zfp184,0.777282115504996,0.4836716700493,0.019,0.015,1
Ubqlnl,0.777370371752188,1.13594238503506,0.013,0.006,1
A930016O22Rik,0.777563368742983,1.04745174066541,0.019,0.005,1
F2,0.777621732379622,0.62196544265356,0.019,0.013,1
Camk2b,0.777696841195808,0.00361274870926831,0.126,0.094,1
Nek4,0.777825312199479,0.33813449216494,0.082,0.055,1
Slirp,0.777883883712677,-0.014708440201848,0.013,0.009,1
Ppm1f,0.777904427950617,0.223077917053247,0.145,0.095,1
Ptpn21,0.777910761794084,0.228705267910363,0.119,0.071,1
Melk,0.777930898295973,-0.0533133175024423,0.082,0.058,1
Asxl3,0.777973569645011,-0.0649550264104639,0.302,0.232,1
Tmco3,0.777975478425592,-0.00593698125000675,0.057,0.053,1
Rab3a,0.777979509813842,0.742975193349341,0.019,0.018,1
Ctbs,0.777994387436864,0.295165364819638,0.069,0.042,1
Tas2r126,0.778061119211222,1.05597607688363,0.013,0.006,1
Mvb12a,0.778174388099867,0.589345545863475,0.038,0.017,1
Ube2q1,0.778187340299143,0.421916746083195,0.025,0.017,1
Sucnr1,0.778286054377714,0.643455146082798,0.038,0.023,1
Ccnjl,0.778353856642903,0.128400555035884,0.075,0.067,1
Dyrk3,0.778449898239884,0.51749481492676,0.031,0.018,1
Fam136a,0.778506453707789,0.293016644214795,0.038,0.024,1
B930094E09Rik,0.778579328064672,0.452735477836249,0.025,0.016,1
Clpb,0.778661187397161,0.192953240220191,0.164,0.106,1
Mfap4,0.778664351560538,0.634782928994936,0.013,0.009,1
Tmc3,0.778699758884176,-0.111805189268917,0.069,0.056,1
Gusb,0.778730361696416,0.316261457154869,0.025,0.015,1
Ankrd63,0.778775999374839,1.56727159429639,0.013,0.006,1
Ap3b1,0.778782621883777,0.198817460222209,0.245,0.166,1
Oxsm,0.778839578331771,0.340833171507433,0.05,0.034,1
Hrh2,0.778902876343372,0.495667620072815,0.038,0.033,1
Vma21,0.779132347358853,0.0900767972172796,0.057,0.035,1
Il21,0.779133545888084,0.526882691196517,0.006,0.01,1
Rims3,0.779135331188344,0.138570428513906,0.044,0.032,1
Vmn2r101,0.779165279354891,0.119034334853589,0.013,0.018,1
Gnaz,0.779300235750967,-0.19040315252564,0.126,0.107,1
Cdca8,0.77944300234716,0.299581126124386,0.075,0.048,1
Farsb,0.779472482732822,0.11141219168359,0.157,0.109,1
Fastkd5,0.779491199518798,0.343579773155621,0.006,0.01,1
Olfr648,0.77950320114221,1.36972740340826,0.013,0.005,1
Pbx2,0.779549997801054,0.919307601335843,0.025,0.012,1
Hspb11,0.779610186613101,0.0528728693348679,0.044,0.044,1
Vmn2r109,0.779696205373646,0.309740059719223,0.013,0.014,1
Zfp42,0.779787157157318,0.276114736672243,0.019,0.018,1
Nkx2-2,0.77984116642737,0.211964833397922,0.038,0.025,1
Morn5,0.779951149201362,0.330014191973143,0.063,0.046,1
Lrrc2,0.78001582263325,-0.0347478679901885,0.038,0.031,1
Treml1,0.78003986889533,0.608143443258497,0.031,0.021,1
Spag9,0.780047964428023,0.320721925701889,0.094,0.057,1
Zfp639,0.780121566579313,0.519272682248596,0.05,0.032,1
Adam5,0.780146493653789,0.149889790566781,0.126,0.071,1
Otud5,0.780203764950576,0.752217708727973,0.031,0.016,1
Sec14l4,0.780284221176278,0.512272973506255,0.025,0.016,1
Nrk,0.780330204760879,-0.13267978913542,0.094,0.076,1
Gbp8,0.780392830802452,-0.0171438967807758,0.082,0.074,1
Fam151b,0.780393827394018,-0.19235664959698,0.094,0.069,1
Rnf114,0.780398202520471,0.654359815411111,0.038,0.027,1
Cldn6,0.780510850237674,1.12838419579374,0.019,0.01,1
Dysf,0.780600186124303,0.0283871452191709,0.22,0.144,1
Hn1,0.780637704142697,0.446747990706136,0.038,0.029,1
Dstn,0.780645144414632,0.30266803900115,0.057,0.041,1
Ephb2,0.780705289036169,0.454835192809095,0.151,0.095,1
Chrna7,0.780827617329438,-0.11890883396701,0.277,0.186,1
Ptbp3,0.780863868372202,0.0221012668104579,0.107,0.096,1
Denr,0.780881026593105,0.0707380642884994,0.05,0.043,1
Gstm4,0.780885800205035,0.595892882378258,0.025,0.014,1
Slc14a1,0.780898645659615,0.477405885469598,0.063,0.06,1
Tfpi2,0.780970225020924,-0.0137604748849673,0.063,0.034,1
Ccnl2,0.781346223306659,0.830749645806161,0.013,0.012,1
Olfml2b,0.781347321278737,0.231477224989723,0.119,0.071,1
Gatb,0.781413805632628,-0.1512757186799,0.17,0.121,1
Gm14325,0.781778647573502,1.24363999139258,0.019,0.01,1
Xiap,0.781780845349601,0.298935210384647,0.031,0.021,1
Hrc,0.781787015707795,1.31766690722282,0.019,0.007,1
Rrp8,0.781817431542082,0.404782204916224,0.025,0.018,1
Sgce,0.781850104861506,0.205373255572503,0.17,0.123,1
Ddt,0.781867897134521,0.886903870653923,0.025,0.016,1
Clns1a,0.78188281112723,0.756772019500158,0.025,0.016,1
Maoa,0.781959089609314,0.205417412187625,0.069,0.056,1
Spocd1,0.78202618993229,0.481265031187166,0.013,0.01,1
C1ql3,0.782101268378779,0.0981926897033114,0.025,0.021,1
Bcs1l,0.782130900881627,0.393563262393617,0.05,0.021,1
Rell2,0.782131157580143,0.751253689117559,0.025,0.019,1
Rbm20,0.78216190468175,-0.0175682680535489,0.182,0.134,1
Scn2b,0.782165781771068,0.614646554409736,0.013,0.013,1
Rnaseh2a,0.782325609791136,0.406273934826644,0.044,0.027,1
Dnmbp,0.78235311742914,0.280651968858691,0.082,0.043,1
Gstcd,0.78242742930983,0.0495469026086348,0.296,0.218,1
Ebf1,0.782520757213458,-0.200968651445825,0.384,0.275,1
Mmp9,0.782593348762717,1.80894174529118,0.013,0.006,1
Dnah2,0.782654921533122,0.0496175603348146,0.082,0.071,1
Pon3,0.782685413473215,0.118263950694845,0.107,0.066,1
Dclre1b,0.782742898299103,0.528400417066155,0.019,0.021,1
Trpv5,0.782756969536397,-0.0623575314235225,0.044,0.042,1
Foxj3,0.782791502499408,0.255527297077596,0.05,0.037,1
Siae,0.782844756650799,0.0389163263409387,0.119,0.076,1
C2,0.782874521931809,0.256131388902625,0.101,0.06,1
Cyp4f17,0.78291560335952,0.370709213784727,0.05,0.03,1
Snx11,0.782985167069483,0.603699833506889,0.025,0.02,1
Coq6,0.783043400593859,0.551422425178846,0.038,0.018,1
Hspbp1,0.783265249807393,0.572494504865867,0.044,0.026,1
Apba1,0.783474515881265,0.0743917520884834,0.189,0.139,1
9230104L09Rik,0.783480865569226,0.451786080630814,0.057,0.034,1
Hmgb2,0.783559963520223,0.106651044870829,0.057,0.038,1
Pde4c,0.783603909514826,0.352961583214998,0.019,0.012,1
Fndc5,0.783634168303179,1.09177460212993,0.013,0.009,1
Tcf7,0.783642628108157,0.439118398202814,0.038,0.025,1
Atp2b1,0.783714661652493,-0.0952839069799114,0.245,0.191,1
Dna2,0.783881684361504,0.719434693953421,0.044,0.034,1
2610002J02Rik,0.783923539404152,-0.114156995971264,0.019,0.016,1
Impg2,0.783935610978449,0.0586272406831099,0.113,0.085,1
Tmem179,0.784120085182846,1.11394293018106,0.013,0.007,1
Gm9994,0.784158715044351,1.41240729505669,0.013,0.007,1
Trpm5,0.784216185898893,0.254391011811727,0.05,0.037,1
Itgbl1,0.784247998014151,-0.0898691690639137,0.27,0.258,1
Ceacam16,0.784457192978469,1.02235279650689,0.013,0.006,1
Lancl2,0.784475278103507,0.139591784369051,0.126,0.089,1
Pdcd1,0.784548619898429,0.195354675495399,0.038,0.028,1
Fank1,0.784701255138198,-0.0945664461833258,0.101,0.081,1
Use1,0.784762654840821,0.519363713880793,0.019,0.012,1
Rab11fip1,0.784836021148432,0.21366657533567,0.057,0.037,1
Gm17365,0.784849382947933,1.5920825214387,0.013,0.004,1
Cyp3a25,0.784909661885833,0.41625405871989,0.025,0.022,1
Grcc10,0.784920045847203,1.63225993235894,0.013,0.007,1
Adssl1,0.785015940765654,0.0786877984092298,0.038,0.032,1
Lyzl4,0.785081110992769,0.320458155792009,0.088,0.057,1
Gm10306,0.785150300630615,0.946023505858286,0.019,0.012,1
Sod3,0.785195293995571,0.452148724464061,0.038,0.019,1
Ttc13,0.785247590276001,0.0471852519166194,0.132,0.079,1
Zc3hav1l,0.785272782580558,0.762433916423774,0.025,0.024,1
Slc36a3,0.785276167963954,0.791896161188177,0.05,0.02,1
Sfxn2,0.785289696091049,0.210135702800587,0.044,0.034,1
Rbpj,0.785382994496213,-0.0859142897635743,0.119,0.095,1
Kras,0.785484383275941,0.410307750665526,0.094,0.047,1
Tex264,0.785803690612089,0.212156307002386,0.063,0.04,1
Hsd11b1,0.785862613923017,0.215369604973536,0.088,0.057,1
Gm9869,0.785903652794526,1.12578715044766,0.013,0.01,1
Qtrt1,0.785949284044412,0.695303903378817,0.013,0.009,1
Fgf7,0.786033308598304,-0.0490303292697414,0.107,0.073,1
Tbcc,0.786108409270438,0.820116734409992,0.019,0.01,1
Lgr4,0.78617090591749,0.0168863490055586,0.151,0.095,1
Tagln2,0.786385986245465,0.646117493409002,0.019,0.012,1
Zbtb7b,0.786424769731808,0.545765941601564,0.038,0.034,1
Nacc1,0.786697900513621,1.15536937233392,0.019,0.012,1
Fst,0.786829011400349,-0.117572728262494,0.025,0.02,1
Mapk6,0.786887995331505,0.214131162637075,0.057,0.04,1
Tpk1,0.786989759794564,-0.145214880418032,0.491,0.39,1
Fbxo24,0.787053137183636,0.325436561728203,0.038,0.034,1
PCDHGB6.1,0.787108613490959,0.328193137332599,0.05,0.032,1
Pcdhgb5,0.787108613490959,0.328193137332599,0.05,0.032,1
Nutm1,0.78721821104549,0.763532130555195,0.025,0.013,1
Fsd1l,0.787271109512117,0.189654929825241,0.101,0.072,1
Acan,0.787276578483675,0.158445941751606,0.132,0.08,1
Vnn1,0.787320393453624,0.0502031364632432,0.025,0.022,1
Gnb1,0.787382947012389,0.854667587368215,0.019,0.01,1
Fstl3,0.787405737547834,0.198591506845861,0.025,0.021,1
Arhgef17,0.7874811135421,0.36528836859587,0.088,0.07,1
Arhgap30,0.787580279283355,-0.0386534406334818,0.044,0.024,1
S100a16,0.787821611821029,0.345606570497618,0.025,0.02,1
Thrsp,0.787938130073488,0.6252079624022,0.013,0.009,1
Elp5,0.787970229755069,0.258084431651516,0.019,0.016,1
Prrg1,0.787995643891184,-0.0801486558389435,0.132,0.104,1
Mtmr1,0.788048828752234,0.431360737526388,0.075,0.045,1
Fndc9,0.788119985373299,0.418302570493598,0.025,0.019,1
Gm15128,0.788207168616375,0.866303969540879,0.013,0.005,1
Gm10800,0.788304293256839,0.363709522217635,0.025,0.018,1
Cops5,0.788316222733159,-0.110914486085511,0.05,0.04,1
Lrrc59,0.788319581377993,0.00920189691666806,0.031,0.026,1
Med19,0.788410360519731,0.156638964236188,0.025,0.021,1
Rbm42,0.788480254334659,0.222918786233168,0.031,0.024,1
Slc35f5,0.788555956429963,-0.0166017833354024,0.157,0.094,1
Car7,0.788562470447291,0.198317237782333,0.038,0.027,1
Elovl6,0.788596027240651,-0.0932975373189016,0.132,0.108,1
Epn2,0.788718261244356,0.242505457335362,0.019,0.021,1
Arntl2,0.788734221577858,-0.219768204470443,0.101,0.081,1
Ppp4r4,0.788742191573452,-0.165086499319719,0.226,0.171,1
Gle1,0.788771842712148,1.01976293797037,0.013,0.02,1
Cfap57,0.788821024591709,0.171891786478351,0.119,0.078,1
Sort1,0.789080231392942,0.134388453261844,0.063,0.049,1
Ncapd2,0.789147281887751,0.402228956591871,0.031,0.022,1
Mtnr1a,0.789172864209723,-0.0370326763682742,0.063,0.055,1
Chrac1,0.789227807542685,0.431420827665151,0.031,0.015,1
Gm4952,0.789268273232026,0.162037959502893,0.038,0.038,1
Pglyrp3,0.789423867631566,0.848625609352287,0.019,0.018,1
Ankrd16,0.789462169171106,0.0846253999537243,0.063,0.054,1
Fbxw17,0.789622662099711,-0.0597049119061799,0.082,0.066,1
Vmn2r3,0.789646835448739,-0.229338394886058,0.05,0.042,1
Slc26a3,0.789813885575157,0.1295205194463,0.164,0.108,1
Gm17402,0.789999828944838,0.440825066707165,0.025,0.031,1
Ntmt1,0.790003032613894,0.274520615907242,0.057,0.034,1
Depdc7,0.790147864161055,0.661562805597376,0.025,0.021,1
Dus4l,0.790151254643206,0.076674727868121,0.044,0.038,1
Tnnt2,0.790300042716298,0.0616074506777133,0.038,0.027,1
Zfp36l2,0.790367763306928,0.125597755576858,0.025,0.018,1
Acat2,0.790499052331273,0.935198981480644,0.025,0.013,1
Maf1,0.790581433626824,0.77584858501361,0.019,0.013,1
Uox,0.790629518467053,-0.0231147737742061,0.05,0.046,1
Aadat,0.790644138708081,0.143654609663086,0.107,0.074,1
Nupl1,0.790658767786085,0.191118523609953,0.05,0.038,1
Pla2g12b,0.790741265098136,0.181571473560697,0.013,0.013,1
Plat,0.790743494889706,0.125908480950644,0.038,0.029,1
Cacul1,0.790829602223748,0.0547065281688868,0.088,0.063,1
Nsd1,0.790905723911305,0.684812732645249,0.044,0.031,1
Tbx15,0.790910039694992,-0.0655545251425749,0.157,0.117,1
Trhr2,0.790957237660936,0.976023967835473,0.019,0.008,1
Rnft1,0.790985931205966,0.166224518733372,0.038,0.034,1
2410127L17Rik,0.791131697823149,0.269207825292729,0.075,0.076,1
Pgk1,0.791190034025969,0.522792486548441,0.031,0.017,1
Epg5,0.791192534172537,0.0359109661270516,0.201,0.147,1
Pygo1,0.791408977113324,0.0893256619014533,0.031,0.023,1
Lmbr1,0.791418688892239,-0.232775101437654,0.22,0.162,1
Nhs,0.791435126591064,-0.233002327809025,0.22,0.168,1
Zfp518a,0.791435404097854,0.31042306043224,0.019,0.016,1
Glrb,0.791635154696639,-0.0579382444822238,0.164,0.1,1
Pou2af1,0.791674987647639,0.28166794953269,0.038,0.026,1
S100b,0.791909517878194,0.381459769279332,0.013,0.013,1
Cd302,0.791984504414097,0.143172326749791,0.038,0.031,1
C1galt1c1,0.792135300920315,0.258070112225124,0.031,0.019,1
Zfp459,0.792154684006296,0.608814276363925,0.031,0.016,1
Ascc3,0.792284351996511,-0.149669317193832,0.428,0.324,1
Gpr64,0.792361152646899,0.21561932003805,0.107,0.089,1
Clic1,0.792370329571966,0.761904696997159,0.013,0.006,1
Cdca7,0.792504704881004,0.384073336987005,0.019,0.015,1
Spatc1l,0.792588877197432,0.7826433398613,0.025,0.013,1
Klri2,0.792680695287009,0.753379102685615,0.025,0.015,1
Donson,0.792746002225507,0.812889970191666,0.031,0.025,1
Uty,0.792859122800754,0.435463309222699,0.057,0.033,1
Soga1,0.792882030551399,0.0818945306474994,0.05,0.041,1
Ptrhd1,0.792882571306224,0.470138564489905,0.025,0.016,1
Hcls1,0.792922465632433,0.114687554267658,0.094,0.054,1
Abcc8,0.793121464420537,0.275423181102178,0.107,0.073,1
Mad2l1bp,0.793379015719838,1.14147594753374,0.013,0.007,1
Gatad2a,0.793388963427452,-0.00495357202506108,0.138,0.112,1
Abhd4,0.79341658205993,0.38306287483702,0.031,0.023,1
Hiatl1,0.793466864093071,0.368941061622997,0.107,0.067,1
Srpk2,0.793468184106694,0.0686315793644416,0.044,0.038,1
C2cd3,0.793552893864524,-0.099992323787057,0.126,0.106,1
Ring1,0.793588405572543,0.289381446353265,0.019,0.012,1
Ptplad1,0.793619910099167,0.391945178433637,0.069,0.031,1
Setd2,0.793726643921699,0.512823815517836,0.05,0.026,1
Sec31a,0.793742343216278,0.0520448617245632,0.094,0.078,1
S1pr1,0.793746464154092,0.25470241259563,0.038,0.023,1
Ap2m1,0.793824185164022,0.882218079347038,0.025,0.015,1
Slc30a6,0.79384616388993,-0.106255370555041,0.063,0.048,1
Opn4,0.793858662825308,0.693282157791957,0.038,0.017,1
Gne,0.793956576871143,-0.0355713236291004,0.069,0.048,1
Ppbp,0.794048843322266,1.1897238574038,0.019,0.007,1
Ttf2,0.794130816497755,-0.0598279529205925,0.075,0.054,1
Them6,0.794152678643098,0.532777871275476,0.038,0.034,1
Rbm27,0.79416401971092,0.261084767694552,0.119,0.083,1
Siglecf,0.794244388758835,0.0328794893875326,0.019,0.017,1
Gm10650,0.794471727720103,1.18805047699779,0.013,0.004,1
Chp2,0.794572077506034,1.13329248577403,0.013,0.009,1
Nanog,0.794771264518207,0.9824149198669,0.013,0.012,1
BC004004,0.794775125797938,0.147843972663442,0.05,0.04,1
Pycr1,0.794935278578618,0.499546474234254,0.013,0.012,1
2510009E07Rik,0.795027754502774,0.314398484571166,0.05,0.037,1
Mboat1,0.795033915790289,-0.0655151542953547,0.201,0.159,1
Arhgap36,0.795130043083479,0.372805591820728,0.05,0.034,1
Mrps2,0.795205059592941,0.0890957835987587,0.019,0.018,1
Tmem79,0.795211750216321,1.06226078995421,0.025,0.013,1
Trappc8,0.795253245112703,0.0985336502203982,0.157,0.117,1
Lrwd1,0.795261289693071,0.49655867900474,0.038,0.022,1
Hic2,0.795288240111124,0.397960206363909,0.05,0.036,1
Phip,0.795410167954435,0.163164691415334,0.126,0.078,1
Parm1,0.795635878664022,-0.0283142754735213,0.252,0.192,1
Tex2,0.795723853572771,0.238398197741937,0.094,0.061,1
Cdk6,0.795800702517473,0.0154668157090265,0.277,0.219,1
Tesc,0.795924279313897,0.120823444239852,0.019,0.018,1
Pfkl,0.796035424552731,0.146595422648054,0.038,0.042,1
Dazap2,0.796120393566153,0.227581060922906,0.107,0.067,1
Fads3,0.79633152374181,0.998765171003037,0.025,0.019,1
Cnih1,0.796455431076047,0.513078296192653,0.025,0.016,1
Klk1b4,0.796497268957793,1.54339232345645,0.013,0.005,1
Shcbp1,0.796551550074957,-0.132778416710688,0.126,0.109,1
Sqstm1,0.796588412531902,0.724854422600118,0.025,0.015,1
4930433I11Rik,0.796651186542381,1.07841003587293,0.013,0.007,1
Tmem130,0.79665553445388,0.679274845089131,0.044,0.023,1
Efs,0.796736588644602,0.888142907640916,0.013,0.009,1
Gm9871,0.79675144524492,0.930992281463431,0.013,0.013,1
Irg1,0.796785844134882,0.264332469546856,0.044,0.031,1
Wnt2,0.796872015294109,-0.156860192149597,0.101,0.074,1
Krt73,0.796902227498708,1.14659120301926,0.013,0.011,1
Slc25a12,0.796934715118957,0.422216324114942,0.082,0.049,1
Ticrr,0.797014777977045,0.173830730714107,0.088,0.059,1
Ctnna1,0.797030050008938,-0.0131130568847935,0.082,0.071,1
Sdcbp2,0.797040480473972,0.153751049567686,0.038,0.031,1
Sirt5,0.797281834692884,0.689840981025117,0.019,0.012,1
Col5a3,0.797422159845627,0.172851009936021,0.088,0.048,1
Atp5g1,0.797460788137102,0.176653732860603,0.025,0.017,1
Tmem33,0.797587929028286,-0.126815770951816,0.038,0.027,1
Fbxo38,0.79759075253801,0.196888551255611,0.107,0.082,1
Myh10,0.79768809704236,0.0659665775234686,0.182,0.148,1
Krt13,0.797807700386224,1.22691665966913,0.013,0.007,1
Sumo3,0.797835718702089,0.412681856941277,0.101,0.07,1
Ercc8,0.797872571456908,0.0299210884631043,0.151,0.109,1
Gm1123,0.797963835877647,0.0938184500676096,0.05,0.041,1
Szrd1,0.797966234387171,0.28671985947742,0.044,0.024,1
Ccna1,0.797987280639483,0.609495674539943,0.013,0.012,1
Zfp940,0.798002858702181,0.464552693417049,0.013,0.017,1
Ugt1a9,0.798029344183269,0.0716478598520394,0.17,0.125,1
Kif1b,0.798082490842755,0.12488261282649,0.031,0.029,1
Teddm2,0.798094033388251,0.0961914484926281,0.044,0.037,1
Slc6a6,0.798476689286839,0.314602958655009,0.05,0.042,1
Stx4a,0.798580535538889,0.646789137332627,0.031,0.024,1
Acvr2a,0.798598392844995,0.0906064689746855,0.107,0.088,1
Fancd2os,0.798647251943007,1.03312966482884,0.013,0.006,1
Parp9,0.798694249858042,0.30827553796578,0.063,0.045,1
Zdhhc12,0.798822332126103,0.644879159112247,0.019,0.01,1
Sema4c,0.798833279953016,0.124377288197536,0.019,0.015,1
Tmf1,0.798924400552619,0.334074141970328,0.05,0.031,1
Snw1,0.799037333339847,0.0252248532353923,0.031,0.031,1
Plekhg5,0.799075236733854,0.544731918513188,0.05,0.032,1
Cops2,0.799107906398265,0.450848494884984,0.044,0.026,1
Eif5a2,0.799112518387435,-0.0458994599160967,0.063,0.048,1
Hpse,0.79914723782034,-0.140717168344981,0.075,0.057,1
Trio,0.799248897494117,-0.102990229473595,0.321,0.252,1
Grap,0.799255901823925,0.649174353358616,0.038,0.023,1
Gcdh,0.799323133254457,0.954070284978451,0.019,0.017,1
Xylt2,0.799447563424515,0.439954025546633,0.057,0.035,1
1810037I17Rik,0.799473906616964,0.159267169479607,0.019,0.015,1
Cst11,0.799584170760504,0.915081060085339,0.013,0.007,1
Ceacam1,0.799696626536039,0.559065950815632,0.031,0.014,1
Gm20509,0.799845256229748,0.0325370295571279,0.025,0.025,1
Kcnip1,0.799897071989372,-0.101978880844182,0.39,0.328,1
Senp2,0.79998761400319,-0.131774946262365,0.126,0.085,1
Furin,0.800063965786073,1.0101520725422,0.019,0.02,1
Gm10190,0.800081671090304,1.26595731725456,0.013,0.007,1
Btg4,0.800091513410978,0.896371432088608,0.013,0.005,1
BC053393,0.800142068697278,-0.0629845744218009,0.031,0.026,1
Apbb2,0.800160489162387,0.179113500133549,0.264,0.19,1
Slitrk3,0.800176571277715,0.148017817212503,0.063,0.038,1
Ugt3a2,0.800294813760574,0.233525606795112,0.069,0.045,1
Mzt1,0.8003508139449,-0.0461165202684288,0.063,0.048,1
Cmtm8,0.800357442077836,0.415532397411564,0.075,0.042,1
Svs5,0.800567694463979,1.55820238286956,0.013,0.005,1
Pdcl3,0.800627081701657,0.182684679894189,0.044,0.031,1
Xkr9,0.80074176539711,0.280933350718988,0.05,0.038,1
Try4,0.800845086903473,0.706559250497227,0.013,0.009,1
Bmp8a,0.800943706309858,0.529017988695057,0.013,0.014,1
Wbscr27,0.801033143980727,0.576478688010801,0.019,0.013,1
Gm3839,0.801047701992829,0.0374727758210698,0.075,0.052,1
Trove2,0.801070313733628,0.0251393012408503,0.082,0.06,1
Tulp2,0.801072785337362,0.135507012552674,0.057,0.037,1
En2,0.801278082464537,0.803812445144756,0.019,0.01,1
2610028H24Rik,0.801401200867751,0.338326527126787,0.019,0.018,1
Ttl,0.801649032889999,0.355908055419333,0.075,0.046,1
Fndc3a,0.801660093389065,0.125368893120106,0.233,0.178,1
Ppp1r42,0.801759243681631,0.0184832603120642,0.075,0.056,1
Rad17,0.801838066082987,0.25075894134836,0.075,0.043,1
Ccr3,0.80185955415397,0.665959569675227,0.019,0.011,1
Slc5a4b,0.801899541354649,0.119391639577167,0.031,0.034,1
4933427D14Rik,0.801901225686112,-0.0635616991949632,0.05,0.045,1
Zfp879,0.80190428405686,0.784008078424935,0.025,0.015,1
Dynlt1a,0.801937509528453,1.18568325402301,0.013,0.007,1
4930584F24Rik,0.80196398265767,-0.0363120910893553,0.057,0.054,1
Napg,0.802007370490025,-0.0317220091486243,0.069,0.051,1
Jph2,0.802063302468926,0.0594089764588679,0.063,0.048,1
Cysltr1,0.802111574959458,0.212050410927684,0.019,0.022,1
Hgd,0.80243415577419,0.280048227475424,0.119,0.082,1
Gas2l3,0.802511780828413,-0.0553851164476606,0.057,0.054,1
Nans,0.80260818350579,-0.0703746051749414,0.044,0.032,1
Klhl38,0.802647992608909,1.07671425885449,0.025,0.009,1
Lemd1,0.802659954035892,0.187570390353664,0.057,0.043,1
Wdr33,0.802829475867384,-0.0539797832367803,0.101,0.081,1
Slc25a15,0.802853240722172,0.00397593371977578,0.069,0.062,1
Olfr1357,0.802864254055179,0.660212746017789,0.019,0.013,1
a,0.80290943515705,0.151365163901545,0.226,0.145,1
Dctn4,0.802924826463016,0.359754461396191,0.057,0.042,1
Mapkapk2,0.803017144174081,0.334611601300003,0.063,0.038,1
Sel1l,0.803053616041929,-0.125582836912273,0.126,0.1,1
Slc35a4,0.803075618291074,1.24962625171674,0.019,0.012,1
Anks1,0.803181574103995,0.0310081404035492,0.132,0.085,1
Wnt9b,0.80318415997407,0.583172417573052,0.031,0.02,1
Esam,0.803485667344648,0.448383853779844,0.044,0.026,1
Aipl1,0.803498419619907,1.08071429416461,0.019,0.01,1
Fignl1,0.803510773187201,-0.0886482855190436,0.119,0.104,1
4930415O20Rik,0.80355281247339,0.636702523151324,0.025,0.015,1
Atmin,0.803630385601364,-0.00609745942504425,0.044,0.03,1
Nmu,0.803647369245801,0.00269405210672247,0.044,0.031,1
Vps52,0.803672214393405,0.404553884399494,0.013,0.015,1
Ttc22,0.803675993315341,0.111419264373617,0.038,0.026,1
A730045E13Rik,0.803686860071989,0.0662692402996949,0.025,0.02,1
Mrpl15,0.803775292892777,0.488897331896547,0.038,0.023,1
Ms4a4d,0.803838319765724,0.304548257292182,0.05,0.037,1
Tctex1d2,0.803859778917532,0.848398015247263,0.019,0.01,1
Letm2,0.80387625463116,0.42454982939848,0.031,0.02,1
Raet1e,0.803967801663789,0.0341039201841964,0.245,0.17,1
Gm10384,0.803983284492075,0.955722943504237,0.013,0.007,1
Gmppa,0.804008661388732,1.12609991794523,0.019,0.007,1
Zbtb49,0.804075173369985,0.0181716560913499,0.082,0.073,1
Usp6nl,0.804131258101842,0.186493762783135,0.126,0.099,1
Taf4b,0.804207812609303,0.00969428046166332,0.264,0.176,1
Homer1,0.804232218447566,0.091806201912453,0.151,0.118,1
Prl3c1,0.804233830714736,0.504664215447166,0.013,0.01,1
Lce1k,0.804313314227752,1.66441217311359,0.013,0.005,1
Wdr55,0.804444467195757,0.331828842310625,0.013,0.012,1
Nsfl1c,0.804464715362411,0.109351477664946,0.069,0.045,1
Map1s,0.804595344905748,0.517040376516952,0.031,0.018,1
Cd59a,0.804626183575816,0.490164362499697,0.019,0.015,1
Pigg,0.804852767042125,0.104381294386328,0.132,0.085,1
Atp7a,0.805097453279118,0.457827401588422,0.057,0.032,1
Olfr693,0.805142956755413,1.38065676649395,0.013,0.005,1
Cd47,0.805205811358937,0.0779040452507429,0.094,0.07,1
Olfr921,0.805277232327782,1.17708358534882,0.019,0.007,1
Aamdc,0.805307754214662,0.28175216571141,0.069,0.043,1
Ppp1r13b,0.805309954846273,0.0999122756369752,0.094,0.07,1
Gck,0.805313023635381,0.421922304264897,0.057,0.042,1
Arhgap28,0.805604283068226,-0.0721020817815279,0.289,0.201,1
Rnf32,0.805682077546709,-0.234174882285882,0.088,0.054,1
Uqcrc2,0.805745642570537,0.294063951541044,0.05,0.034,1
Mef2d,0.805764280460167,0.762532115076946,0.025,0.023,1
B3galt6,0.805806096477422,0.423622278613401,0.013,0.017,1
Tipin,0.805815648800792,0.375798065131185,0.05,0.032,1
Lce1j,0.805953145400098,0.796465137983585,0.019,0.011,1
N4bp3,0.805995916677942,1.01736642267217,0.019,0.009,1
Amy1,0.806041233317164,-0.0380392901852051,0.069,0.059,1
Map1lc3b,0.806087297592679,0.937374310245483,0.025,0.014,1
Gpx7,0.80615063246555,0.443785631559482,0.006,0.012,1
Sh2d7,0.806156375746464,0.449609976667826,0.013,0.011,1
Gm9887,0.80621581235814,1.23467915372836,0.013,0.005,1
Muc5ac,0.806583685313828,-0.24099950781637,0.069,0.042,1
Marveld3,0.806696673056988,0.309878279464139,0.025,0.019,1
Zfp619,0.806751728191983,0.166203099476609,0.057,0.053,1
Alpk2,0.806762417781786,-0.152487125964966,0.164,0.12,1
Safb2,0.806774164159043,0.231018386538792,0.025,0.023,1
Casp8,0.8067761333489,-0.114181300967488,0.05,0.04,1
Trappc6b,0.806931660612277,0.364246882922596,0.013,0.013,1
Kcna4,0.806975373633819,-0.0158942002123323,0.038,0.036,1
Krtap11-1,0.80702208297251,0.794295608765088,0.025,0.012,1
Ube3b,0.807065863321589,0.226505623298536,0.044,0.037,1
BC030867,0.807126746414987,0.931342171792056,0.031,0.016,1
Btbd9,0.807164231630227,0.0389671802403777,0.214,0.173,1
Krr1,0.807170297944143,-0.0422937283745481,0.069,0.057,1
Rad51d,0.807265917904608,0.0414674095614123,0.019,0.018,1
Tmem170,0.807359624109801,0.710830806586832,0.031,0.018,1
Ninj1,0.80736228606098,0.0264322266490566,0.038,0.032,1
Nop56,0.807401071650199,0.260126886090569,0.05,0.026,1
Flcn,0.807407238961097,0.573615097354217,0.025,0.017,1
Vmn2r75,0.80744418836583,0.746239648397557,0.019,0.01,1
Ube2a,0.807470014582207,0.0741856194912929,0.019,0.015,1
Meis3,0.807499675738017,0.85563522919722,0.025,0.012,1
Neu1,0.807828327286021,0.262537768675045,0.044,0.023,1
Bag4,0.807945150672587,0.565092338079542,0.038,0.021,1
Hal,0.807950467367516,0.45442440767794,0.038,0.027,1
Pabpc2,0.808193298598879,0.544762591900167,0.013,0.01,1
Gper1,0.808234820781001,0.985596944695635,0.013,0.005,1
Naip2,0.808294198542422,-0.00276161360398408,0.101,0.064,1
Vcam1,0.80833076784781,0.605496340963736,0.044,0.021,1
Mapre2,0.808454015206312,0.0178134074178713,0.157,0.103,1
Osr2,0.80855239179872,1.02009553930262,0.019,0.01,1
Mmadhc,0.808600826367394,-0.0338865897292724,0.038,0.034,1
Bdh2.1,0.808864117175905,-0.00043731255346291,0.075,0.056,1
Fam69b,0.808943285912189,0.54844514587393,0.013,0.013,1
Heatr2,0.808962498159544,0.0642925343545349,0.088,0.066,1
Draxin,0.809039169976169,0.483379208955714,0.025,0.031,1
F930017D23Rik,0.809346615308224,0.191792580381542,0.031,0.032,1
Slc6a8,0.809380922251806,0.61891547176322,0.019,0.011,1
4931406P16Rik,0.809397777655432,0.117728977246391,0.044,0.045,1
Dut,0.809468183280866,0.0344258546596778,0.05,0.029,1
Hmgcs1,0.809544125065944,0.438770540911383,0.05,0.034,1
Gm21987,0.809547325310425,0.828755155243026,0.031,0.024,1
Smn1,0.809647428827617,0.533231293582636,0.044,0.028,1
Slc35d2,0.809683326224092,0.198248076629318,0.063,0.035,1
Kctd11,0.809707900457907,0.269978348658069,0.019,0.013,1
Mlxipl,0.809809259420033,0.31305344965603,0.038,0.027,1
Fam161b,0.809826373758047,0.147195428279431,0.038,0.021,1
Serpinb12,0.809833526935984,0.185119110800785,0.031,0.021,1
Nob1,0.809863122451973,0.00725674235388851,0.031,0.021,1
Clk1,0.80992218815598,0.342945353579727,0.013,0.012,1
Vsx1,0.810088540762321,0.493418376297294,0.025,0.013,1
Clec2i,0.810089997994291,0.61863090887061,0.038,0.021,1
Pfdn5,0.810214525554636,1.15955652512276,0.019,0.01,1
Pex2,0.810296364898368,0.11548237020591,0.094,0.056,1
Tmem237,0.810299982066041,-0.134564346312284,0.094,0.059,1
Etnppl,0.81033289466869,0.613275183576191,0.031,0.028,1
Batf3,0.810382758040869,0.596727023911122,0.013,0.01,1
Slco2b1,0.810446331012532,0.587758366143393,0.05,0.029,1
Smyd1,0.810466104963301,0.00438683502046233,0.176,0.114,1
Cd9,0.810903293108537,-0.0232469537320004,0.05,0.037,1
Snrpe,0.810967974243282,0.396950242754401,0.013,0.007,1
Epha8,0.810985290400595,0.776051816352198,0.013,0.013,1
Tbxa2r,0.811020186671358,1.17717841974173,0.013,0.006,1
Zfp944,0.811056896992238,0.457599164760242,0.019,0.016,1
Ss18l1,0.811066266830031,0.513998440258384,0.057,0.032,1
Senp8,0.811144092270457,0.00852025699622416,0.044,0.033,1
Uck2,0.811473872601103,-0.0863516071564585,0.119,0.084,1
PCDHA9.3,0.811599874795621,-0.189387245810035,0.17,0.135,1
Polr2e,0.811632838164078,0.837559534814149,0.013,0.01,1
Fbf1,0.811715522730813,0.214465382618823,0.038,0.034,1
Mfhas1,0.811887185146023,0.230778066505419,0.082,0.048,1
Tmx4,0.812112665049213,0.209555334896431,0.069,0.049,1
Bub3,0.812337359734931,0.130279943451449,0.025,0.016,1
Nifk,0.812446936613164,0.328580765210498,0.025,0.021,1
Rpl27,0.812452380243941,0.394483141783501,0.031,0.018,1
Kif1c,0.812495597261668,0.501006854071965,0.038,0.027,1
Ino80c,0.812642394601076,0.22929675664396,0.038,0.031,1
Etd,0.81278411649374,0.813249341776422,0.013,0.012,1
Gypa,0.812786745233324,0.171927817442561,0.057,0.042,1
Mtmr3,0.812854166901685,0.259254509047136,0.063,0.033,1
Chrna1,0.812884793751461,0.595960071730256,0.038,0.027,1
Ctse,0.812918702605489,0.350345966813747,0.057,0.032,1
B630005N14Rik,0.812945720924571,0.198705812545663,0.126,0.083,1
C130026I21Rik,0.812997445669002,-0.0225392657074748,0.069,0.048,1
Klri1,0.813024413687256,0.0475933308237604,0.038,0.029,1
Lrrc6,0.813187853014246,0.0677663679572618,0.182,0.13,1
Marco,0.813209504438581,0.175151651314667,0.044,0.037,1
Cd200,0.813218404047524,0.0153134728029096,0.057,0.038,1
Lmod3,0.813265247014711,0.504436578015746,0.013,0.01,1
Nlrp6,0.813316411130199,0.468331633094639,0.013,0.007,1
9230109A22Rik,0.813333059067439,0.383962229666866,0.031,0.019,1
Tmem207,0.813369618647515,0.330595165942965,0.05,0.034,1
Sis,0.813387468563063,0.0529224573528042,0.107,0.071,1
Cbs,0.813477668381158,0.766649391830901,0.031,0.019,1
Clgn,0.813701628702746,-0.113633989486455,0.082,0.06,1
Rs1,0.814014345146997,-0.132340381685694,0.05,0.045,1
Eny2,0.81410268768366,0.00953872822023882,0.101,0.063,1
Pkdrej,0.814103694491607,0.961642210713736,0.013,0.006,1
Ints2,0.81420978481108,0.176361610788025,0.05,0.039,1
Rad54b,0.814211406990028,0.147254127531919,0.164,0.095,1
Wdr78,0.814310116277815,0.0132926033459291,0.119,0.079,1
Bsg,0.814423354646095,0.770915323130524,0.031,0.02,1
Vmn1r33,0.81443210178466,0.321063535931727,0.013,0.009,1
U2af1l4,0.81447684361841,1.15168525847709,0.013,0.009,1
Wrn,0.814566601821363,0.0346386741868034,0.252,0.198,1
Lrrc48,0.814631093161823,0.250476386055566,0.075,0.053,1
Mef2c,0.814766321481489,-0.0151598926778282,0.358,0.243,1
1700029F12Rik,0.81479449826302,0.834748156292687,0.019,0.011,1
Ndfip1,0.814833008073364,0.101444205487701,0.031,0.027,1
Slc7a9,0.814854244690273,0.525663366869765,0.025,0.019,1
Angptl6,0.814951210254607,0.32545080126453,0.082,0.049,1
Grk6,0.815017570150683,0.117193829109945,0.038,0.037,1
Ccdc115,0.815029556521373,0.448453802244862,0.038,0.023,1
Ist1,0.815139828645748,-0.190627968653742,0.038,0.027,1
Zfand5,0.815203653599297,0.394485154959551,0.063,0.043,1
Cpxm1,0.815224929274669,0.969534539028727,0.019,0.014,1
Pknox1,0.815241869655396,0.145543741149217,0.107,0.092,1
Uba6,0.815246666735853,0.11101639669012,0.195,0.14,1
Fgfr1op,0.815514153255594,0.116381400220149,0.05,0.038,1
Gfm1,0.815520394714438,-0.0511102371834449,0.145,0.101,1
Prr12,0.815641643561566,0.837049975631557,0.031,0.022,1
Wbp2,0.81580536532641,0.363501260801592,0.05,0.027,1
Vmn2r24,0.815934852448905,-0.0803544994003209,0.063,0.047,1
Satb1,0.816071554980287,-0.0693570442643297,0.208,0.146,1
Dmp1,0.816079420355496,0.823923401671394,0.019,0.01,1
Gm15446,0.816227733296319,1.00297413007201,0.019,0.01,1
Ggta1,0.816298685792868,0.283329147429065,0.057,0.053,1
Plekha6,0.816308599873611,0.274535899901855,0.119,0.079,1
Zcchc2,0.816334586419396,-0.0120535296750983,0.119,0.081,1
Olfr147,0.816460783458331,1.1052176221013,0.013,0.007,1
Enpep,0.816548329631665,0.0834116805179561,0.126,0.1,1
Ppcs,0.816677586717561,0.771537071534987,0.013,0.012,1
Laptm5,0.816685245660264,0.971067993017637,0.013,0.012,1
Tm9sf2,0.816700479122437,0.25716444057109,0.094,0.058,1
Plxna1,0.816719508766281,0.0243843143364226,0.119,0.091,1
Wbp1,0.816769530992158,1.01850397210675,0.019,0.011,1
Psme4,0.816842502990554,0.194650478462402,0.138,0.081,1
Bid,0.816846455813171,0.26911687926866,0.063,0.034,1
Ppp1r14d,0.81715402547765,0.909960153041862,0.031,0.016,1
Lamtor5,0.817250870256634,0.543152595312576,0.013,0.007,1
Mpp5,0.817269549462674,0.159633081510511,0.094,0.066,1
Has3,0.817299924682392,0.823521282155658,0.019,0.011,1
Trim32,0.81731967849634,0.181623784048696,0.057,0.05,1
Parpbp,0.817331498953875,0.098122852711191,0.113,0.08,1
Eif2d,0.817383663061413,0.266937865978703,0.075,0.05,1
Fdx1l,0.817403405369797,0.286255284330389,0.019,0.015,1
Top1mt,0.817408549731067,0.269941089838124,0.063,0.045,1
Osgin2,0.817484817113063,0.0924472317667986,0.063,0.053,1
Ciao1,0.817549123432521,0.557348546770228,0.025,0.017,1
Ms4a3,0.817549688638261,0.766033885219992,0.025,0.016,1
Wnt10a,0.817756553649065,1.33315254890697,0.019,0.009,1
Stx8,0.817771245073262,0.126495281206163,0.17,0.127,1
Tex36,0.817777805562906,0.101187197443657,0.025,0.016,1
Sntg2,0.81785509590769,-0.0947396698088863,0.302,0.251,1
Ugp2,0.817906834553151,0.169167651372312,0.063,0.045,1
Peli3,0.817910875617477,0.181084979337346,0.031,0.024,1
Slc22a28,0.817918500534736,0.430248251846038,0.025,0.024,1
Pnpt1,0.817920946520031,0.210837963647752,0.101,0.062,1
Med22,0.817923432486247,0.867768335611032,0.019,0.013,1
Scyl2,0.81796290579404,0.106540441554432,0.151,0.106,1
Pdzd2,0.817972635066036,0.154353568662407,0.377,0.308,1
Gpr143,0.817991098655488,0.505618207444483,0.013,0.012,1
Hk2,0.818010565033688,0.190805634345157,0.119,0.084,1
Ero1l,0.818074129489432,-0.163255972219998,0.05,0.044,1
Tmem138,0.818088071528198,0.841754907484329,0.031,0.013,1
Pus3,0.818089813195142,0.414296467323388,0.019,0.018,1
Pus10,0.818090742279537,0.0739566185861715,0.176,0.107,1
Mex3a,0.818119444005483,0.52363161881787,0.019,0.013,1
Olfr16,0.818167225223822,0.501041711612161,0.013,0.009,1
Ubl4,0.818185900112557,0.10111689846566,0.019,0.013,1
5430401F13Rik,0.818197069050378,0.0637051139044127,0.05,0.037,1
Ccdc89,0.818206388748612,0.309058933558322,0.025,0.024,1
Zfhx2,0.818207618811464,0.0763352600191833,0.019,0.023,1
Rergl,0.818215299106783,0.587828411120308,0.025,0.016,1
Hnf4g,0.818223472248961,-0.000874240403572202,0.201,0.175,1
4930451I11Rik,0.818251251271285,1.18425977753832,0.013,0.006,1
Aicda,0.818273000026186,0.176087383903165,0.031,0.027,1
Ak8,0.818303422979384,0.0214526948133997,0.151,0.122,1
Iqcf3,0.818427363452602,-0.0630028696786544,0.063,0.047,1
Gadd45a,0.818503088403079,0.446431700597157,0.038,0.034,1
Hars,0.818655517964644,0.133235260041803,0.038,0.026,1
Allc,0.818690283536025,0.182482098703624,0.05,0.039,1
Gm5444,0.818759291986414,0.119218748402223,0.107,0.102,1
Rae1,0.8187658112288,0.180171223374799,0.057,0.035,1
Tmem9b,0.818796560945276,0.43542605534692,0.025,0.017,1
AI597479,0.818905406145616,0.17879942569403,0.063,0.037,1
Cyp2c38,0.818914185300517,0.379089937124335,0.038,0.026,1
Olfr913,0.818977595719703,1.52610422416208,0.013,0.004,1
Polr2k,0.819122882460518,0.964299737808308,0.013,0.007,1
Pygm,0.819169142820865,0.980603453578477,0.019,0.009,1
Sult2a6,0.819351250982365,0.127892922590553,0.031,0.021,1
Ndufs7,0.819362366459725,1.05816954921085,0.013,0.009,1
Pop7,0.819468779680275,0.233344173489956,0.025,0.021,1
Gbgt1,0.819517223560439,0.84397113803595,0.025,0.01,1
Sec61b,0.819546837411634,0.107620034842332,0.05,0.031,1
Vipr2,0.819551303810199,-0.0853169231703417,0.126,0.105,1
Ermap,0.819567621841776,0.688682704850953,0.019,0.015,1
Ppp2r4,0.819681258805858,0.0679958969096779,0.044,0.045,1
Mphosph9,0.819837786802477,0.242316068949585,0.094,0.059,1
A530099J19Rik,0.819946121176462,0.36544581187855,0.019,0.012,1
Chst12,0.819979791707974,0.694055094728037,0.025,0.023,1
Slc4a7,0.820138511464047,0.128701557324794,0.252,0.187,1
Dhodh,0.820248771219096,-0.0468124848503928,0.044,0.042,1
Twist1,0.820435900436866,0.480822326553555,0.013,0.011,1
Acox1,0.820469665970686,0.308583466597418,0.019,0.018,1
Mmp7,0.820632429657672,0.175050454524759,0.013,0.013,1
2310014L17Rik,0.820746999896338,0.639273325273828,0.013,0.008,1
Cul3,0.820913984901413,0.00529758628943622,0.088,0.07,1
Ereg,0.820960295973656,-0.0654366294225115,0.044,0.04,1
Zbtb17,0.821032462814336,0.598613800982598,0.006,0.017,1
L3hypdh,0.821045423702609,0.340001864466467,0.057,0.044,1
Cyp4f14,0.821136574634876,0.234246238379069,0.025,0.023,1
Tspan33,0.821277670013813,0.451978619060976,0.057,0.034,1
Kpna4,0.821280015676277,-0.0371552908208921,0.069,0.058,1
Chmp6,0.821347783176575,0.64856162270439,0.019,0.012,1
Apba3,0.821608499371235,0.870162687828034,0.019,0.011,1
Ccr5,0.821808765238192,0.473532917470092,0.05,0.03,1
Bai2,0.821827784449466,0.616011207184713,0.031,0.021,1
9230110C19Rik,0.821944632291016,0.308804434147409,0.063,0.049,1
Dand5,0.821960604943832,0.450524999408259,0.013,0.014,1
St6gal2,0.821999296727475,-0.0907070431171668,0.201,0.144,1
Zfp646,0.822078214391778,0.744773938347993,0.019,0.012,1
Cd209a,0.822229711069911,1.35053759479917,0.013,0.006,1
Ucp1,0.822273291790405,0.476451798032372,0.031,0.02,1
Selplg,0.822393854893316,0.428121526660647,0.019,0.016,1
Dennd3,0.822396980580559,0.0919928882491714,0.075,0.059,1
Marveld1,0.822655393206905,1.15042235214548,0.013,0.009,1
Ttc37,0.822897280516996,-0.164746860973385,0.208,0.141,1
Scnm1,0.822924237252924,1.3514149172698,0.019,0.008,1
Acsl3,0.822937566950924,0.276425610647054,0.019,0.024,1
Ubxn4,0.822988085985424,0.378586161072967,0.057,0.036,1
H2afj,0.823007057985909,0.92378035257097,0.013,0.009,1
Mapre3,0.82301469199272,0.463658107210719,0.038,0.029,1
Hdgfl1,0.823037760064587,0.520502429780183,0.013,0.01,1
Supt6,0.82304623393312,0.750285700370313,0.031,0.015,1
Palb2,0.823054408911472,0.207689404983447,0.094,0.065,1
Hsf5,0.823143681594332,0.148499385572921,0.038,0.03,1
1110059G10Rik,0.823177673012126,0.526736741454673,0.025,0.016,1
Swsap1,0.823199821533047,0.823750766484815,0.025,0.02,1
Oas2,0.823347326828577,0.668863071761161,0.019,0.016,1
Ndfip2,0.823347351466396,0.208451446664717,0.119,0.088,1
Olr1,0.823397590708918,0.165650341475379,0.038,0.034,1
Itga10,0.823593218100724,0.336511414114109,0.025,0.024,1
A630091E08Rik,0.823695788388777,0.580274136006785,0.019,0.012,1
Bsph1,0.82383609638926,0.464395007175405,0.013,0.013,1
Hoxc13,0.823942228350049,1.4219400846871,0.013,0.004,1
Ssbp1,0.82394817056139,0.39908162401911,0.044,0.026,1
Kirrel,0.82399204702527,0.0715455063803403,0.145,0.121,1
Msh5,0.824005432653194,0.74416308961715,0.038,0.024,1
Mroh3,0.824045007697127,0.282510647662766,0.031,0.018,1
Fam114a2,0.824059668632026,0.1675838407968,0.031,0.031,1
Lamc3,0.824078236667502,-0.0190379487184842,0.094,0.06,1
Npy4r,0.824193140272869,1.34664924598902,0.013,0.009,1
Rnls,0.824230752996321,0.00558711509302512,0.396,0.309,1
Arf1,0.824457581632575,1.33795683891935,0.013,0.01,1
Mettl11b,0.824527470067919,-0.0906978206056621,0.025,0.021,1
Cog4,0.824589513277035,0.0938867150688072,0.05,0.032,1
Dhx9,0.824599768743632,0.370856614693778,0.019,0.02,1
Cog2,0.824612573882348,0.397217361304416,0.031,0.034,1
Serpini1,0.824667413827921,-0.0186222196249966,0.239,0.181,1
9430016H08Rik,0.824693199437145,0.479368025731448,0.025,0.016,1
Wdr95,0.82472755743591,-0.0412924864166255,0.075,0.063,1
Eri2,0.824747573741472,0.164428743136521,0.101,0.057,1
Scfd2,0.824820118830245,-0.0156949255989951,0.352,0.248,1
Pcdha10,0.824868045251491,-0.200589600800043,0.176,0.141,1
Runx1t1,0.824878892880878,-0.00704578820777124,0.226,0.183,1
Aup1,0.824897853409495,0.645644174506563,0.038,0.019,1
Prelid2,0.824942372987904,0.138298084176598,0.151,0.123,1
Gpr114,0.824956174713023,0.163789509629781,0.031,0.027,1
Cyp11b2,0.825000197864211,0.879753720321267,0.019,0.009,1
Ssx2ip,0.82500363376178,0.0851665633107759,0.107,0.068,1
Exoc8,0.825042094355388,0.861195529275344,0.013,0.008,1
Msra,0.825089481434877,-0.173596656097424,0.346,0.284,1
Pla2g2e,0.825160998433769,1.03992974460569,0.013,0.007,1
Snx12,0.825218270598717,0.163727055436663,0.101,0.067,1
Tbl1x,0.825364128761474,0.117398215365562,0.063,0.042,1
Tpsg1,0.82541249419241,0.218808032482801,0.013,0.012,1
Rdh5,0.8254260260874,0.667220460616971,0.031,0.02,1
Adck5,0.825677343720431,0.72782364424969,0.031,0.02,1
Wdyhv1,0.825702116852897,0.436394111733862,0.038,0.026,1
Rpgrip1l,0.825789534058458,-0.0618328060488778,0.119,0.094,1
Gm28778,0.825808357050985,-0.108284584376316,0.101,0.07,1
Pomt2,0.825946667761524,0.236929485094243,0.101,0.064,1
Gm14085,0.82600192497518,0.257754417692832,0.044,0.025,1
Tert,0.826064397704729,0.238339324787854,0.057,0.054,1
Clp1,0.826074108716741,1.07845258351984,0.019,0.01,1
Vmn2r91,0.82614653724636,0.637727681521121,0.019,0.016,1
Bri3,0.826344463311845,0.0593392169660669,0.195,0.132,1
Col8a1,0.826407212589023,0.0222763004944544,0.214,0.156,1
Slc9a8,0.826452429669905,0.119822441203594,0.088,0.062,1
Pik3r5,0.82649063129182,0.293498581900932,0.088,0.053,1
Chga,0.826605187278467,0.660482849031197,0.013,0.005,1
Cyp4f18,0.826635468530474,0.378064326863118,0.044,0.031,1
Tmtc3,0.82670158558325,0.0733335156531836,0.182,0.125,1
Mov10l1,0.826819893753958,0.20907750961042,0.069,0.049,1
Atp5h,0.82696687676694,0.939722305171426,0.013,0.009,1
Syt6,0.826983825608975,-0.0804167581455477,0.082,0.056,1
Suv39h1,0.827071254429487,0.377773432578171,0.044,0.025,1
Card6,0.827085166550414,0.414023821470423,0.038,0.037,1
Nle1,0.827098632250035,0.40747798829095,0.019,0.013,1
Efcab11,0.827101858159759,-0.0855008909251001,0.189,0.141,1
Hoga1,0.827161578389808,0.107599889902176,0.05,0.032,1
Arl8a,0.827192126165031,0.439719750515489,0.013,0.014,1
Nucb1,0.827230600368525,0.143143356206074,0.031,0.024,1
Pfdn4,0.827262878343758,0.391564625549997,0.057,0.043,1
Marveld2,0.827386179225128,0.200797222341001,0.05,0.034,1
Pdzd9,0.827483515090972,0.479511226750518,0.05,0.027,1
Otx1,0.827500610525027,0.808680996990884,0.019,0.012,1
Dera,0.827507117516819,0.046692857567745,0.189,0.133,1
Fem1b,0.827540045924421,0.993731087170583,0.038,0.012,1
Cd274,0.827578634708734,0.355291675876882,0.025,0.02,1
Dnajc3,0.827611545970094,0.146480543619738,0.082,0.049,1
Bola3,0.827632989373225,0.261388456206292,0.025,0.022,1
Lurap1l,0.827726590833829,0.182649751889397,0.157,0.098,1
Slco3a1,0.827903229277163,-0.128646098582572,0.358,0.303,1
Zfp943,0.827944359454481,0.371748258504419,0.044,0.04,1
Rnf19a,0.827946467771295,-0.0425715693632247,0.075,0.063,1
Cnn1,0.82799411133931,0.44041537856198,0.019,0.011,1
Cep128,0.828051416773948,-0.0871269450633858,0.56,0.394,1
Tbl2,0.828152309746333,0.419359296434591,0.057,0.038,1
Iscu,0.828259826967328,0.575816990686016,0.019,0.016,1
Art4,0.828283053958147,0.258027230356008,0.019,0.015,1
Tcfl5,0.828370457734456,0.645325010864513,0.019,0.015,1
Arf5,0.828389558392685,0.419728503697784,0.031,0.023,1
4930595M18Rik,0.828397543837773,0.701101238088987,0.019,0.015,1
Lamb3,0.828433223674927,-0.0201395248877549,0.195,0.155,1
Bmpr2,0.828511807993426,0.302088108885373,0.107,0.063,1
Kif20a,0.82856156203355,1.10970025462322,0.013,0.01,1
AC148982.1,0.828592302156125,0.336519339737693,0.031,0.026,1
Tdh,0.828613049889644,0.298804540806738,0.031,0.022,1
Pgm3,0.828661609717516,0.317770242041191,0.082,0.053,1
Bhlhe41,0.828810511889737,0.494789772494542,0.013,0.013,1
Patl1,0.828811970215239,0.212214104233369,0.075,0.037,1
Kbtbd2,0.828815160392793,0.267331991958546,0.025,0.035,1
Mafb,0.828860841838479,0.491082830770534,0.025,0.018,1
Cyp2b9,0.828882653264708,0.80266090004341,0.006,0.01,1
Shroom1,0.828997179148077,1.09968964640864,0.019,0.013,1
Fam162b,0.829015321906841,0.653779027329192,0.025,0.015,1
Pja2,0.829078022516596,-0.145683832120684,0.132,0.11,1
Csrp2bp,0.82920575023929,-0.135050453648455,0.094,0.071,1
Ddi2,0.829364482770613,0.353344799942592,0.05,0.028,1
1700056E22Rik,0.829428125561911,0.115630255500863,0.038,0.037,1
Hrh3,0.82946448845933,1.4630268166435,0.013,0.007,1
Fgl2,0.829575976962567,1.00114104243944,0.013,0.009,1
Tst,0.829695399989116,0.65483541136956,0.019,0.017,1
Ak5,0.829698479246579,-0.186191347552303,0.277,0.194,1
Dedd,0.829702350752179,0.820211032812489,0.038,0.017,1
Kl,0.829750528733443,0.0344450109047543,0.05,0.036,1
Pdcd2,0.829834765583569,0.449748017215786,0.013,0.015,1
Ganab,0.829852783250102,0.440463552907273,0.025,0.015,1
Fcer2a,0.829900215379247,0.393860147907194,0.044,0.027,1
Dnmt3a,0.829945639608677,0.367386872075844,0.088,0.051,1
Sik1,0.829992940952313,0.138891090932182,0.038,0.026,1
Focad,0.830094108511166,-0.0145881757750161,0.459,0.355,1
Ccdc28b,0.830183756046068,0.896418971966121,0.013,0.011,1
Calb2,0.830224144956218,0.479929175839928,0.044,0.037,1
Trim55,0.830261733456844,0.00963868971505466,0.082,0.08,1
Stx12,0.830266243619685,0.22951983066408,0.038,0.028,1
Samm50,0.830286577092362,0.349640497764636,0.044,0.039,1
Wdr34,0.830333669308692,0.452095890699241,0.025,0.023,1
Sp3,0.830459963219935,0.913987327969677,0.044,0.021,1
Osgepl1,0.83046437257844,0.346141361458326,0.063,0.038,1
Tmem19,0.830466560192262,-0.0578784998852395,0.069,0.054,1
Mgat4b,0.830476066356758,0.448249368863823,0.025,0.026,1
Emc6,0.830515530533791,0.282779625187446,0.025,0.018,1
Pear1,0.830553711193255,0.292618529655149,0.088,0.062,1
Adamts3,0.830674775696044,-0.0834407100322729,0.308,0.233,1
Nme5,0.830686642054333,0.416305734308701,0.031,0.02,1
Mthfsl,0.830723780526795,0.213802930447873,0.025,0.026,1
Malsu1,0.83087565451606,0.161761354587833,0.031,0.021,1
Mrps17,0.830937619052561,0.857387436243847,0.013,0.013,1
Prlr,0.831089280256988,-0.193042993036451,0.333,0.239,1
Copg2,0.831131399544896,0.114956767809263,0.107,0.083,1
Rplp1,0.831250019526631,0.360941159605591,0.013,0.012,1
Cenpj,0.83130924212037,0.078934899556848,0.082,0.073,1
C87436,0.83140972506503,0.156081647062132,0.088,0.071,1
Slc22a8,0.831439489957324,0.255864771853408,0.05,0.031,1
Cox19,0.831473495350244,0.748465581748961,0.019,0.02,1
Emr4,0.831629106260843,-0.0465737761804288,0.088,0.076,1
Mycbp2,0.83170780903871,-0.229488789813252,0.308,0.222,1
Zfp933,0.831738294012498,0.660199206936038,0.013,0.008,1
Mapk14,0.831739858628565,0.0863795597255406,0.082,0.053,1
Nop9,0.8318615880403,0.365111773557686,0.025,0.019,1
Tbpl2,0.831862339319016,0.237954096314252,0.038,0.023,1
Gcc1,0.831923581781463,-0.0409633551189561,0.05,0.042,1
Safb,0.832148041084733,0.406260023070753,0.019,0.014,1
Trem2,0.832171769626258,0.590988341230123,0.031,0.018,1
Ap1s3,0.832256158209124,0.0999468107436767,0.082,0.063,1
Tmem132c,0.832303461619916,-0.00588116507581837,0.208,0.201,1
Rnf123,0.832465026829773,-0.105421241193423,0.075,0.051,1
Tagln3,0.832529914936892,0.612278097216882,0.031,0.017,1
Stk32a,0.832582261882348,0.054722453999958,0.164,0.126,1
Rabac1,0.832708958057054,0.396863931476881,0.031,0.02,1
Lrtm1,0.832943887759826,0.941790629432302,0.031,0.019,1
Nup88,0.833113106629494,0.58220335574113,0.044,0.028,1
Gm10300,0.833393402797987,0.768013915622379,0.019,0.011,1
Kat7,0.833544895091402,0.0661966666710265,0.044,0.042,1
Rexo1,0.833566554730631,0.238515377411678,0.025,0.024,1
Golga4,0.833573835423345,0.138056683822228,0.126,0.075,1
Wdtc1,0.833626406163585,0.230425240860605,0.126,0.079,1
Bpifb6,0.833655633947116,0.574274446568969,0.019,0.012,1
Mcm6,0.833852959250082,0.18152718957545,0.088,0.055,1
Vegfc,0.833857931915445,-0.157705553219386,0.239,0.156,1
Ebag9,0.833886864279059,0.024359511881404,0.126,0.09,1
Tfap2d,0.834110591076776,-0.157251088660773,0.075,0.065,1
Sox30,0.834113246227174,0.183781547569485,0.038,0.026,1
Tm4sf1,0.834114392842962,0.438256922159795,0.038,0.027,1
Lrp5,0.834204060863338,0.379494981013606,0.107,0.095,1
Cxcr5,0.83421170593874,0.335753747175709,0.025,0.017,1
Cpne1,0.83425120627817,0.290911277354577,0.019,0.02,1
Nmral1,0.834253210411552,0.556698260059901,0.013,0.012,1
Atp6v0a1,0.834347222719142,0.307073557049977,0.082,0.039,1
Cdk16,0.83466887650075,0.897146434733781,0.013,0.008,1
Msantd4,0.834673114808954,1.34793298489822,0.013,0.007,1
Kiss1r,0.83484920996394,0.950062091624927,0.019,0.013,1
Pmm1,0.834873092878013,0.685632130097123,0.025,0.016,1
Sptlc1,0.834877763178985,0.0248740285050197,0.151,0.084,1
Arl1,0.834925469789385,0.34558519210873,0.044,0.029,1
Pex19,0.834996057379926,1.33292958592841,0.019,0.006,1
Plbd2,0.835055988057835,0.24519253136695,0.025,0.026,1
Amotl1,0.835142345345479,0.115209358192579,0.119,0.087,1
Caprin1,0.835173216260414,0.484334587010149,0.038,0.017,1
Adcy7,0.83523645025421,0.115782271915564,0.057,0.04,1
Sh2d1b1,0.835274631203251,0.401552539671201,0.019,0.014,1
Dhx38,0.835321986923171,0.154795001672733,0.094,0.051,1
Pdilt,0.835323916506795,-0.0147851870335023,0.094,0.076,1
Pex10,0.835425715689012,0.552408932811816,0.031,0.026,1
St6galnac1,0.835454900027871,0.425818400011644,0.025,0.012,1
Cdo1,0.835496278436465,0.507662958506079,0.038,0.025,1
Kcnj10,0.835574325034228,0.134047278944289,0.031,0.024,1
Lgals2,0.835580233830891,0.722102337708932,0.013,0.013,1
Stk38l,0.835910033206431,0.469180691554404,0.094,0.058,1
Bnip3,0.836023705150665,0.750917690129767,0.025,0.02,1
4930519P11Rik,0.836055667593493,0.76741282253766,0.025,0.021,1
Nap1l1,0.836166276540249,0.0491441807389741,0.088,0.06,1
Qprt,0.83623788974134,0.730104548535365,0.031,0.02,1
Rap1gds1,0.836257679445791,-0.0226209977983558,0.189,0.173,1
Bpifc,0.836337251125393,0.0780408077541153,0.101,0.079,1
Ndufa6,0.836344113513389,0.807475879400878,0.019,0.014,1
Ryk,0.83664818223284,0.500996021720964,0.082,0.042,1
Cyp2c68,0.83667968734702,0.372069009167339,0.025,0.02,1
Rcn3,0.836765408237648,1.04016778337967,0.013,0.008,1
Olfr571,0.836936419306673,0.715465058938878,0.013,0.009,1
Tuba3b,0.837008376206498,0.799353622617956,0.013,0.007,1
Gm6537,0.837123957534019,1.37752257976828,0.013,0.005,1
Akr1b3,0.837143698163572,0.227532134793566,0.031,0.027,1
Ndn,0.837154667679167,0.342978326202158,0.031,0.016,1
Nfix,0.837214194884682,0.0622899340997325,0.063,0.043,1
Cnnm1,0.837309141861805,0.331553188094347,0.069,0.049,1
Nup98,0.837327428916916,0.190342337183524,0.088,0.063,1
Crem,0.837328351502458,0.112225509746025,0.226,0.181,1
Ap2a2,0.837567221221485,0.0156583386689686,0.075,0.066,1
Nr4a3,0.83757263180166,0.201835354493701,0.113,0.073,1
Rab31,0.83772417060223,0.437718738268222,0.063,0.046,1
Tlcd2,0.837724935858348,0.691554970307093,0.05,0.021,1
Rufy2,0.837725389134501,0.195170008261602,0.05,0.032,1
1700125H20Rik,0.837736464527547,0.285978588042505,0.025,0.02,1
Gfod1,0.837771397385703,0.177668179236929,0.101,0.066,1
Muc4,0.837836874766756,0.292784819311103,0.05,0.032,1
Kdm4c,0.837957545659975,0.0376298000925814,0.264,0.188,1
Ddx23,0.838027811167637,0.20598439418256,0.025,0.024,1
Ywhab,0.838202043410859,0.353381980034833,0.019,0.018,1
Gabra3,0.838256088403029,0.113775654051306,0.126,0.105,1
Hbs1l,0.83832402183651,-0.041508626590979,0.164,0.115,1
Syt10,0.838436083802876,-0.195165960161198,0.082,0.06,1
Stmn2,0.838541712124348,0.254915806605928,0.069,0.069,1
Rusc1,0.838549305371344,0.551666831936433,0.031,0.02,1
Ckap2,0.838615615840081,0.0698130009428173,0.057,0.042,1
Fos,0.83861612105621,0.353597730301951,0.025,0.016,1
Reep2,0.838625376984822,0.812150708163448,0.006,0.012,1
Ccdc130,0.838628785269241,0.434303038229322,0.05,0.028,1
Cxcl5,0.83866222758763,0.333835871881313,0.019,0.012,1
Zrsr1,0.838711654601072,0.839909077855046,0.013,0.006,1
Zfp65,0.838765478907439,0.413617948017808,0.05,0.027,1
Timm22,0.838886130781671,1.32814907949557,0.013,0.01,1
Smarcal1,0.838886648704798,-0.00668284286822019,0.119,0.077,1
Sgca,0.838917745076296,0.762895647316665,0.025,0.018,1
Fam102a,0.839003303131644,0.197540245997347,0.038,0.029,1
Sidt2,0.839134451504642,1.06839035061921,0.025,0.013,1
Ngfr,0.839202985375217,0.627897154701936,0.031,0.019,1
Amfr,0.839312952541367,0.0999878144651509,0.038,0.029,1
Rftn2,0.839320359407354,0.268304433435462,0.038,0.033,1
Fam175a,0.839355743978641,0.176679204485014,0.069,0.048,1
Trpc7,0.839500460096292,0.0236466404120104,0.119,0.104,1
Gm94,0.839611737128417,0.325620106621496,0.031,0.027,1
Mt3,0.839685230638374,1.27421352323562,0.013,0.007,1
Rhbdd1,0.839749729558521,-0.0762832008546011,0.245,0.189,1
Pde9a,0.839796888130437,-0.119522058809646,0.057,0.043,1
Ikbip,0.839818102095957,0.243508917972629,0.113,0.064,1
Mrgpre,0.839851344303801,0.535623373336988,0.025,0.016,1
Gm5097,0.83986426999417,0.322100585681279,0.031,0.016,1
Abo,0.839968481040458,0.306380612187281,0.031,0.026,1
Stxbp1,0.840072686893462,0.172761214679278,0.145,0.112,1
Eppin,0.840324584546791,1.14178132062898,0.013,0.012,1
Gpatch4,0.840417322131071,1.17874535935266,0.013,0.009,1
Amica1,0.840512785149584,0.295451575283912,0.069,0.036,1
Spg21,0.840560210894768,0.079643440377394,0.057,0.039,1
Rps15a,0.840828024401758,0.329630386133145,0.013,0.01,1
Cyp2c65,0.840881342886425,0.216740652924494,0.025,0.026,1
Mpc1,0.841031664736446,0.669720899399619,0.019,0.017,1
Ncapg2,0.841223194737607,0.112863833699182,0.214,0.159,1
Uhrf2,0.841311169133891,0.155065503498832,0.075,0.062,1
Mpl,0.841477192223888,0.958096556368264,0.031,0.015,1
Gm10684,0.84155816362297,0.473672233247889,0.025,0.022,1
Atp6v1b2,0.841582010121009,0.0670114417452092,0.057,0.051,1
Btnl6,0.841611328787091,0.481349709680273,0.025,0.01,1
Gm28036,0.841627846261604,0.146081824952572,0.025,0.024,1
Nlrp2,0.841633689718934,0.0234455431083171,0.031,0.027,1
Slc22a12,0.841715312516607,0.545065056051551,0.019,0.008,1
Ncs1,0.841719426133204,0.519598147449576,0.044,0.041,1
Umod,0.841824876345869,0.208890397426456,0.038,0.027,1
Zscan21,0.841847662307409,0.0438516769607471,0.013,0.013,1
Lctl,0.842008248520287,0.524218325969583,0.044,0.033,1
Tcea2,0.842050954040755,0.287544153383909,0.025,0.02,1
March3,0.842138506514523,-0.0883493536865956,0.151,0.117,1
Ttll8,0.842306966008718,0.306216010399483,0.063,0.043,1
Slc1a1,0.842364125286059,0.0767938183060863,0.094,0.065,1
Stard9,0.842538614088862,-0.135817024482677,0.132,0.106,1
Col5a2,0.842703380691487,-0.149873362096293,0.233,0.172,1
Azi2,0.842851182085875,0.0284393804995444,0.094,0.067,1
Col6a5,0.842857395874626,-0.0886694633618443,0.182,0.119,1
1700012A03Rik,0.842978178443149,0.936458205460121,0.013,0.008,1
Fam57b,0.843183459736194,0.84332547112365,0.019,0.009,1
Trmt6,0.843362251257107,0.486773811835363,0.044,0.032,1
Syce1l,0.843679394851387,-0.145632594483385,0.05,0.032,1
Col22a1,0.843680127842982,-0.12543747129279,0.421,0.334,1
9930012K11Rik,0.843754834493853,0.773731976270839,0.013,0.009,1
Gm6040,0.843759434210567,0.510639276623897,0.013,0.01,1
Itpa,0.843786473991284,0.448501984869878,0.025,0.015,1
Sec61a2,0.84379477295652,0.357959221613202,0.057,0.045,1
Prpf3,0.843837589310778,0.516468825209169,0.025,0.018,1
Gm3468,0.843922797342415,0.70757318353671,0.013,0.01,1
Sc5d,0.843980114127625,0.187982682139173,0.031,0.018,1
Cenpn,0.843998655241035,0.21623338642398,0.088,0.062,1
Elp3,0.844092776460885,-0.0384186893298994,0.126,0.076,1
Gnptg,0.844265417489591,1.10199430163067,0.013,0.007,1
Lman1,0.844297067302439,0.10282562445317,0.132,0.082,1
Olfr1337,0.844307238471913,1.29273602160569,0.013,0.007,1
Smo,0.844316528400535,0.167464025975443,0.038,0.027,1
Gm29609,0.844340680691184,-0.134779023126081,0.038,0.023,1
Egf,0.844372726327527,-0.100335306328808,0.208,0.164,1
Lefty2,0.844603939458443,0.860639657750119,0.013,0.007,1
Socs1,0.844613896693902,0.393994064635675,0.057,0.037,1
Tmem136,0.844671720635893,0.676634859482233,0.013,0.009,1
Eda2r,0.844725626602216,0.0999033300553611,0.057,0.037,1
Cd320,0.84477403191029,0.896447128040351,0.019,0.013,1
Gm3086,0.84491454814624,0.841788227949012,0.013,0.012,1
Prpsap2,0.844933326673457,0.174359441988357,0.05,0.038,1
PCDHGB6,0.844985452634373,-0.0220514234903364,0.057,0.042,1
Actr5,0.845345958108009,1.12357285297533,0.025,0.011,1
Fastkd3,0.845355219571747,0.272938823114715,0.038,0.031,1
Fam214b,0.845388163901454,0.432980679142728,0.069,0.042,1
Ldb1,0.845403116744472,0.582236350019777,0.025,0.012,1
Bdh2,0.845629651370316,0.07810291798853,0.126,0.093,1
Cylc2,0.845655597921077,0.445776257101194,0.025,0.015,1
Bloc1s1,0.845749949229646,0.363354229319486,0.025,0.018,1
Lipo4,0.845813902727807,0.338292949661827,0.038,0.02,1
Sugp1,0.8459673109882,0.216988999772023,0.044,0.022,1
Map10,0.846012793539353,1.33329255700056,0.013,0.007,1
Anp32a,0.846074997784074,0.784897010307303,0.025,0.02,1
Arsj,0.846201109079852,-0.172574539365141,0.17,0.131,1
Ear10,0.846321840968298,0.402397771135131,0.057,0.033,1
Mrps5,0.846351091692516,0.292496078137514,0.031,0.024,1
Tnfrsf1b,0.846394532270546,0.0991745100948318,0.088,0.059,1
Id2,0.846534870269155,0.685113947444601,0.025,0.019,1
Gpr20,0.846647424486313,0.133939285592696,0.013,0.012,1
Cdkn1c,0.846650923090695,0.399022901591178,0.013,0.01,1
Grin2b,0.846879696694702,-0.202952810189659,0.415,0.297,1
Rab9b,0.846908478964266,0.734655147013844,0.019,0.012,1
Cldn5,0.846964435899433,0.53472316983992,0.013,0.009,1
Ccdc64b,0.847025882975533,0.538453754261975,0.013,0.009,1
Pdcd1lg2,0.847131420408699,0.0624313779538532,0.057,0.042,1
Cyb561a3,0.847133136855662,0.73242870280947,0.038,0.015,1
Slitrk2,0.847441875788926,0.53832827578732,0.025,0.016,1
Vav2,0.847490922827048,0.0181612939051554,0.164,0.115,1
Tmem180,0.84752152258798,0.538559531481201,0.025,0.027,1
Cst6,0.847592009219452,0.724400857786367,0.025,0.016,1
Rprd2,0.84760095773898,0.442185290036083,0.031,0.028,1
Fadd,0.847699432584028,0.737680712581788,0.038,0.018,1
Gpr160,0.847731658590794,0.0385882477136779,0.082,0.054,1
Nxf2,0.847738273511808,0.806191962880262,0.025,0.012,1
Zfp683,0.847778090273912,0.685524734910501,0.019,0.009,1
C1d,0.847811066845186,0.626691918574069,0.044,0.025,1
Ubtfl1,0.847899044476761,1.10695333368231,0.006,0.011,1
Zfp280d,0.848018997276384,0.501292210266954,0.063,0.037,1
Pgm1,0.848049771253107,0.378771785865556,0.057,0.042,1
Spata33,0.848307943211151,0.424869561590548,0.025,0.018,1
Rab3c,0.848317967862054,-0.164115202086715,0.289,0.205,1
L2hgdh,0.848465928653765,0.0858828953660069,0.075,0.054,1
Ift27,0.848654223875724,0.317465431001109,0.057,0.042,1
Tnrc6b,0.848725370040613,0.370844625921668,0.094,0.062,1
Zfp61,0.848787318392682,0.166669815273456,0.025,0.018,1
Coch,0.848808584658226,1.28911102297253,0.019,0.007,1
Olfr187,0.848840866670391,0.706567244442353,0.013,0.007,1
Vmn2r94,0.848855783647947,0.875035175044688,0.013,0.018,1
Atrn,0.849094527883953,0.0667595345832819,0.094,0.085,1
Adora1,0.849155948513375,0.518399961428567,0.038,0.026,1
Rp1l1,0.849348200748325,-0.0101785555791638,0.038,0.024,1
Taar7a,0.849543010742237,1.72981188884883,0.013,0.004,1
Tas2r134,0.849571920815095,1.07570120933483,0.013,0.007,1
Aco1,0.849596986228357,0.252678669591529,0.145,0.113,1
Gm9958,0.849609132585354,0.296791045103379,0.019,0.015,1
Rgs5,0.849834869315472,0.116584258931645,0.088,0.066,1
Smg9,0.849840060207004,0.0764482185781681,0.069,0.051,1
Dhrs2,0.849960016600254,0.179416026394056,0.019,0.016,1
Clcc1,0.850038932852731,0.452141594257213,0.031,0.022,1
Nmnat1,0.850040321590706,0.270972277720489,0.038,0.024,1
Ass1,0.850076937219226,0.0958436200112756,0.057,0.046,1
Lpxn,0.850124328718447,-0.0927550111828497,0.075,0.053,1
Rbm39,0.850127021990896,0.619484594400841,0.019,0.013,1
Chrna5,0.850178126956202,0.255334283532512,0.025,0.021,1
Aplnr,0.850189907217794,0.44028684118561,0.013,0.016,1
Usp17lc,0.850257258066557,0.786035359530728,0.019,0.009,1
Rint1,0.850290019170025,0.108781381465929,0.05,0.043,1
Rasgef1a,0.850578087030571,0.0849113919058757,0.063,0.036,1
Tmem82,0.850589118130985,0.863380923613808,0.013,0.009,1
Txndc11,0.850628784457635,0.16469267727609,0.101,0.057,1
Fto,0.850640645502857,0.184875589674053,0.226,0.162,1
Spaca1,0.850642923164357,0.0588922842613533,0.031,0.035,1
Ribc2,0.850673664609536,0.245317587609041,0.025,0.014,1
Slc16a6,0.850701736034765,0.789478364157058,0.038,0.024,1
Mrap2,0.850745620610321,-0.0858604580375202,0.069,0.052,1
Cdkl5,0.850753704171774,-0.158708445484716,0.201,0.149,1
Heatr3,0.850845723028457,0.266532883757293,0.044,0.032,1
Dcst1,0.850954360223945,0.374267609909689,0.025,0.018,1
Sgsm3.1,0.85120303567319,0.402898190827701,0.025,0.014,1
Hbegf,0.851270032583168,0.764452996571047,0.019,0.012,1
Nrde2,0.851273322315597,0.253368289923522,0.082,0.048,1
BC067074,0.851280718062082,0.135981058031265,0.126,0.082,1
Nup54,0.851285252400227,0.173137134844669,0.05,0.034,1
Omd,0.851319810430304,0.448189957445464,0.013,0.009,1
Pars2,0.85132919635681,0.716437204617039,0.025,0.02,1
Fosl2,0.851332604227236,0.319831138897937,0.044,0.032,1
Eln,0.851418338618825,0.237482858230736,0.088,0.045,1
Prg3,0.851485495175908,0.822052874799841,0.013,0.009,1
Khdrbs3,0.851493124870678,-0.0611209130585086,0.258,0.22,1
Zfp931,0.851509558087881,1.29176501624238,0.013,0.005,1
Pcdhgb4,0.851539961398718,0.302766832674897,0.05,0.033,1
1700012B09Rik,0.851655018005414,0.636976321027083,0.031,0.018,1
Cdhr2,0.851897774440877,0.0931434762083825,0.044,0.029,1
Gm10644,0.851938677487541,0.257685961806136,0.088,0.06,1
Ndufb11,0.852178476032621,0.886934195385985,0.013,0.007,1
Plek,0.852358248483895,0.211304911786968,0.164,0.126,1
Ppp1r35,0.852484650875661,0.671429633994776,0.013,0.009,1
Six1,0.852490655768309,0.738138026794859,0.013,0.01,1
Lpcat4,0.852505985243161,0.392754568671976,0.044,0.028,1
Taf5l,0.852522087735037,0.130675253575975,0.044,0.036,1
Aamp,0.852572944454457,0.291470475297174,0.038,0.025,1
Panx2,0.85276597727578,0.361215320675803,0.013,0.01,1
Rasd1,0.852849066124536,0.783779346856499,0.013,0.011,1
Cntrl,0.852954409022581,0.132187814851149,0.094,0.07,1
Il18rap,0.852969836156586,0.13314187152018,0.075,0.048,1
Ap1s2,0.85298685976597,0.35681455806067,0.044,0.026,1
Nedd8,0.853047499995727,1.01721453755854,0.019,0.011,1
Dppa4,0.853081053186224,0.397294847560419,0.025,0.015,1
Asb3,0.853156205187451,0.166306427434157,0.126,0.082,1
Pnpla1,0.85325511441135,0.129487520264103,0.044,0.026,1
Ankrd35,0.853294036389089,0.643162216409564,0.019,0.013,1
Evi5,0.853294415495223,0.0886669463276344,0.151,0.106,1
Bcl3,0.853421304773911,0.661975713841158,0.038,0.019,1
D10Jhu81e,0.853423553961825,0.177900867429428,0.038,0.035,1
Dtwd2,0.853491212102978,0.0390796721957063,0.176,0.111,1
Aprt,0.853494028378371,0.775291203761442,0.025,0.014,1
Gpr115,0.853506994518124,-0.227428235444197,0.069,0.056,1
Akr1c20,0.853704900484871,-0.0463738860195928,0.057,0.044,1
Nfyb,0.853735694034151,0.371008856363241,0.044,0.038,1
Zfp53,0.853745790418866,0.220192091280308,0.044,0.028,1
Phb,0.85379908288639,0.361737900082614,0.038,0.025,1
Ankrd13a,0.853800534144764,0.243343949933334,0.038,0.034,1
Iqck,0.853852835477477,0.151523728361096,0.157,0.103,1
Gm17333,0.853871316458352,0.975856555569501,0.019,0.01,1
Ccdc138,0.854018998484436,0.0329858093642397,0.126,0.087,1
Adam17,0.854092544195835,0.0791117464131448,0.069,0.055,1
Zfp182,0.854102497418498,1.19033240177872,0.013,0.011,1
Klhl15,0.854275687406949,0.267699413796101,0.05,0.031,1
Alkbh3,0.854296916175091,0.385592013087126,0.063,0.043,1
Zfp759,0.85438917452454,0.777230668946942,0.019,0.013,1
Atp8b3,0.854455693764825,0.572224862899621,0.025,0.017,1
Sned1,0.854484011168251,0.227309159320208,0.094,0.062,1
Gm14401,0.854514136972911,0.535009750121752,0.013,0.013,1
Tmprss6,0.854567917441873,0.114517242973849,0.063,0.039,1
Appl2,0.854766871436159,0.461033581820637,0.069,0.038,1
Gpatch3,0.854863069949914,0.705554607063644,0.019,0.013,1
Nck2,0.854933816592521,0.0124046629565897,0.195,0.137,1
Gm10295,0.854971642335542,1.17024830741369,0.013,0.007,1
AI481877,0.854990529601266,0.129747798058315,0.164,0.099,1
Fam114a1,0.855106745825751,0.0635723045622552,0.101,0.074,1
Ugt1a5,0.855191052160525,0.0970948299184435,0.094,0.07,1
Dcbld2,0.855211642892637,0.0296149352593602,0.164,0.136,1
Lrrc34,0.855250985325997,0.322064364912657,0.044,0.031,1
Egfl6,0.855357158603397,0.314557766905025,0.057,0.038,1
Olfr309,0.855445754208274,0.884456835573748,0.019,0.009,1
Ptcd3,0.85550244820495,0.344733643845326,0.044,0.024,1
Tfpt,0.855563235125461,0.760411215676324,0.013,0.013,1
Spry4,0.855598234072904,0.75827080927943,0.025,0.013,1
Fam92a,0.855654942254828,0.408071167050414,0.038,0.026,1
Slc37a4,0.855663002654536,1.04297434772371,0.019,0.012,1
Ovgp1,0.855683196683994,0.511451025589675,0.038,0.026,1
Mzt2,0.855731168259462,-0.0845621309283091,0.069,0.049,1
PCDHA9.2,0.855758845243868,-0.192556779630004,0.176,0.137,1
Zkscan6,0.855844004346667,-0.0451213690346268,0.05,0.045,1
Camk1,0.855963325993485,0.42716358210596,0.025,0.017,1
Htra4,0.856074517185144,0.711515961587216,0.019,0.013,1
Cd96,0.856094896172772,0.244272860928174,0.113,0.079,1
Htr1f,0.856193951196933,-0.0791081971438237,0.208,0.148,1
Dok2,0.85627567032099,0.135926173297593,0.031,0.029,1
Gtf2a2,0.856521210452856,0.933247590552053,0.006,0.01,1
Dnajc9,0.856533519600857,0.748738176521747,0.025,0.012,1
Acd,0.856651766359907,0.515251647323517,0.031,0.017,1
Pard6a,0.856651766359907,0.515251647323517,0.031,0.017,1
Bves,0.856661720171027,0.243453545323769,0.063,0.055,1
Fam131a,0.8567564999612,0.562060941941644,0.038,0.021,1
Prame,0.856769718561119,0.802115648644395,0.019,0.012,1
Gm765,0.857050125306719,0.0632908205921252,0.164,0.111,1
Zfp655,0.857197281914503,0.373233725283395,0.025,0.02,1
Gm20518,0.857254816167341,0.239282098986149,0.063,0.048,1
2700097O09Rik,0.857287801748341,-0.0723848548937758,0.044,0.033,1
Pgf,0.857321500275808,0.646646597526762,0.025,0.013,1
Abca5,0.857353070932902,0.345817854285479,0.113,0.071,1
Fgg,0.857395855549905,0.602788544144573,0.031,0.017,1
Nsmce1,0.85747246863773,0.109258594665684,0.082,0.054,1
Chic2,0.857518319073845,0.0806482864458715,0.044,0.027,1
1700010I14Rik,0.857534602712792,0.278561094363653,0.038,0.022,1
Igf1,0.857564250242333,0.131723810423266,0.138,0.091,1
Alg10b,0.857597253655488,0.0772433563333363,0.057,0.049,1
Fam189b,0.857639207056709,0.967695596016797,0.013,0.011,1
A930004D18Rik,0.857819267916547,0.769896196989558,0.031,0.014,1
Cd300lb,0.85795668149675,0.274404344558667,0.019,0.013,1
Lrrc24,0.858002424163016,0.433965568686905,0.025,0.02,1
Tat,0.858096366067761,0.467547677550316,0.019,0.01,1
Zfp641,0.858134885632795,0.94669431077708,0.013,0.009,1
Sulf1,0.85819853771788,0.00206762423084017,0.264,0.215,1
Cd3e,0.858358036116297,0.489392598728352,0.025,0.011,1
Trip12,0.858431703759173,0.115309017679206,0.075,0.049,1
Opa3,0.858548781290518,0.102562284288775,0.082,0.054,1
Gm17296,0.858593234119992,0.136856320208691,0.094,0.059,1
Hspa12a,0.858633820436464,-0.0766321526613463,0.113,0.089,1
Rdh11,0.858734142090603,0.529147042408175,0.025,0.025,1
Abt1,0.858789367186019,0.843006678858513,0.013,0.012,1
Bank1,0.85884863733786,-0.0454521728046453,0.352,0.253,1
Ddhd2,0.858909508817892,-0.191113054580691,0.044,0.034,1
Map3k15,0.85894288700158,-0.132053106296736,0.113,0.085,1
Proser1,0.858956106570647,0.0449704883964914,0.031,0.024,1
Mmp13,0.858977613580363,0.302897210991198,0.025,0.02,1
Gm20716,0.859128502626855,0.784930552030686,0.031,0.026,1
Reep5,0.85913922132327,0.607915208602304,0.019,0.027,1
Pofut2,0.859168637818146,0.0677193311768285,0.057,0.043,1
Cpa3,0.859196459051507,0.131886807511681,0.044,0.032,1
Wdr3,0.859413745326643,0.0352351989329742,0.069,0.072,1
Slc35d1,0.859653251480352,0.384111541923042,0.082,0.046,1
Mov10,0.859811258062711,0.530139824388322,0.031,0.019,1
Rpl3l,0.859847128980978,0.912660740001438,0.019,0.01,1
Galnt18,0.859852876762403,0.142160650023161,0.239,0.175,1
Dnajc10,0.859888696811652,-0.0629840309696235,0.088,0.067,1
Wfikkn2,0.859891131744886,0.359685663626434,0.031,0.022,1
Pop4,0.859900057101551,0.401027767351855,0.025,0.02,1
Cald1,0.859920401173921,-0.0171056006316515,0.208,0.139,1
Yipf1,0.859924656157847,0.130758883982478,0.082,0.045,1
Siglece,0.859954170902071,0.530052061549565,0.019,0.016,1
5830454E08Rik,0.859954347657107,1.01757177284649,0.013,0.013,1
1810043H04Rik,0.860013610167292,0.413677356895522,0.025,0.021,1
Gadl1,0.860197146957658,-0.0795848152578649,0.182,0.135,1
Homer2,0.860200013057668,0.165507889746608,0.094,0.085,1
Spata45,0.860268309311213,0.796538503011872,0.013,0.01,1
Phf21a,0.860425984580417,0.0364256666613265,0.151,0.102,1
Olfr998,0.860431746430873,0.849509256463595,0.013,0.006,1
Rnasek,0.860567563170402,0.927769752036242,0.013,0.01,1
5830411N06Rik,0.860732878984818,-0.0360465742418699,0.05,0.043,1
Megf11,0.860765841417649,0.15331121673886,0.208,0.131,1
Ldha,0.860807756276229,0.987179284758261,0.019,0.013,1
Prl8a1,0.860836645990901,0.688909822642545,0.013,0.007,1
Wdr90,0.860895097453276,0.193558417270475,0.044,0.031,1
Rest,0.86094172932255,0.49236799822234,0.025,0.017,1
Spsb2,0.861184300574843,0.314422985884232,0.013,0.009,1
Atp6v0d1,0.861379522824471,0.467472259400856,0.063,0.032,1
Frat2,0.86142918542837,0.894773822774669,0.013,0.01,1
Htr6,0.861468386218003,0.904545695257365,0.013,0.009,1
Rfwd2,0.861481240839227,-0.0501033440189467,0.119,0.095,1
Uba5,0.861828681700475,0.725777115194452,0.038,0.017,1
Gm28434,0.861831503118608,0.037762711869644,0.088,0.063,1
Psen2,0.861833501896914,0.0564096704709849,0.057,0.048,1
Narfl,0.861977538315574,1.12650758459913,0.019,0.01,1
Itpr3,0.861981941914417,-0.205829635744703,0.063,0.049,1
Gtf3c4,0.862389849717502,0.518121740187473,0.057,0.029,1
Ceacam2,0.862505014983523,0.418649209690493,0.038,0.023,1
Morn4,0.862554744934828,0.403738246790646,0.031,0.019,1
Ccnb1ip1,0.862583179927771,0.977097891633093,0.013,0.009,1
Aldh1a1,0.862776869639996,0.117332511146949,0.063,0.042,1
Fam60a,0.863089145887994,-0.0307528969918183,0.075,0.051,1
Stpg1,0.86319724028088,0.0328677162686803,0.057,0.046,1
Dcn,0.863215722352176,-0.0549488469416195,0.063,0.047,1
Sftpd,0.863254359739782,0.37344026399319,0.044,0.03,1
Jagn1,0.863348593073962,0.641235799303467,0.019,0.013,1
6030419C18Rik,0.863389056454548,0.74690187994128,0.025,0.015,1
Rspo2,0.863421349634399,-0.0496990338479191,0.302,0.206,1
Col6a1,0.863422275024105,0.249106431833755,0.044,0.027,1
Uap1l1,0.863485802825254,1.15976572185042,0.013,0.007,1
Aim1l,0.863497076242258,0.708348023327859,0.025,0.016,1
Batf2,0.863498287120472,0.00559469359361398,0.088,0.055,1
Tax1bp3,0.863541065553441,0.311925285663765,0.031,0.019,1
Gpsm3,0.863564857945903,1.44562379732183,0.013,0.006,1
Sult2a1,0.86366511116082,0.35725219344198,0.025,0.019,1
Lrpprc,0.863704729228986,-0.178019167900902,0.17,0.121,1
Trmt44,0.863833846206923,0.162483905681292,0.069,0.043,1
Rnpep,0.86387384866361,0.972542909689289,0.025,0.013,1
Phtf2,0.86388512752797,0.0643951527162638,0.195,0.144,1
Dmtn,0.863950765117801,0.201242952571273,0.038,0.04,1
Rbm12b2,0.864065405351353,0.591752241839877,0.031,0.021,1
Lamp2,0.864229199957319,0.11522745096669,0.038,0.026,1
Tenc1,0.864241851840845,0.305847313773228,0.025,0.018,1
Xpo7,0.864270044859089,-0.00957886299926392,0.107,0.093,1
Ptger3,0.864493120655284,-0.0889131137878287,0.145,0.112,1
Zfy2,0.864600638188593,0.321997340077568,0.019,0.02,1
Kcns3,0.864642548904633,-0.122086023550934,0.113,0.085,1
Plcg2,0.864686700304542,-0.0318033990887545,0.233,0.14,1
Gapdh,0.864724483878937,1.17151776474209,0.019,0.01,1
Fam149b,0.864745849817432,-0.0251761407679068,0.063,0.053,1
Gm10945,0.86489458924708,0.540268286447913,0.019,0.024,1
Sectm1a,0.864901415417302,1.12004226614039,0.013,0.007,1
Tbc1d23,0.864907311552036,-0.0680504827619659,0.145,0.104,1
Cacng4,0.864947673195758,0.0820566591480745,0.038,0.032,1
Il17rb,0.86504616335761,-0.0324509973285867,0.025,0.021,1
Gabrr2,0.865096533626685,0.0347629657166433,0.069,0.053,1
Fcho1,0.865193484650427,0.372079496052483,0.057,0.031,1
Itga6,0.865235721644362,0.243925753055723,0.088,0.049,1
Rgs19,0.865300743414695,0.898165208789047,0.013,0.016,1
Dffb,0.865317669093666,0.3640106565596,0.025,0.02,1
Lmtk2,0.865373817506004,0.0627628174675925,0.151,0.096,1
Ift20,0.865538798585174,0.778271378435361,0.019,0.015,1
Tmem176b,0.865540864576168,0.595274179623696,0.019,0.017,1
Rab18,0.865643741103493,0.241305343152423,0.069,0.051,1
Polm,0.865668473329524,0.709591107074169,0.019,0.013,1
Pank2,0.865748983763282,0.240686610347297,0.057,0.04,1
Tmem159,0.865929320339723,0.00791145819285433,0.069,0.041,1
Kcnj14,0.866002369965354,0.77792984380252,0.013,0.007,1
Ddx55,0.866039330917777,0.826592528880127,0.013,0.008,1
Nrros,0.866114243792512,0.484990181317927,0.013,0.013,1
Fpr2,0.866147511596074,0.741690086170237,0.025,0.01,1
Mepce,0.866268408479544,0.0691803520700036,0.031,0.027,1
Cym,0.866307150305503,0.119909635000513,0.025,0.02,1
Stx1b,0.866318916095312,0.541651161538828,0.031,0.019,1
Mthfd2l,0.866385562509864,-0.0746338307103827,0.245,0.188,1
Fmo5,0.866436829143024,0.214153959976724,0.05,0.03,1
Trim75,0.866548806522386,0.547850269567865,0.013,0.014,1
Snrnp48,0.866669490060808,0.221190533547921,0.069,0.047,1
Fbxw20,0.866744219229742,0.288018796756242,0.031,0.021,1
Crybb1,0.866750069524714,0.402686134676386,0.038,0.021,1
Dusp26,0.866752651187264,0.457072646078421,0.013,0.02,1
Dnajb11,0.866781078776361,0.0631413180558065,0.063,0.053,1
Serpina6,0.866848729271608,0.454111179202469,0.025,0.015,1
Ccdc58,0.866885627258119,0.276947387162712,0.082,0.049,1
Nek6,0.866952890580088,-0.00812371816780022,0.088,0.076,1
Sesn1,0.867214116309689,-0.186498914143251,0.107,0.071,1
Hyal5,0.867524078931207,0.329967132617188,0.025,0.013,1
Qtrtd1,0.867537570685717,0.103018876565798,0.113,0.09,1
Sap18,0.867549267510707,0.780478024245811,0.019,0.012,1
Tgfbr1,0.867553005849676,0.183493821024564,0.132,0.076,1
Psmc4,0.867562339013753,0.157589180979327,0.057,0.042,1
Ebna1bp2,0.867563489966734,0.655114158687549,0.019,0.012,1
Otof,0.867587025524194,-0.162496743692702,0.138,0.096,1
Otor,0.867931788100846,1.1201500152813,0.013,0.007,1
Cdkn2a,0.867970073108934,0.776981517151199,0.025,0.019,1
Vapb,0.867999965977236,-0.00240753664155768,0.075,0.062,1
Strn,0.868124957280316,-0.077383345577589,0.069,0.063,1
Aldh8a1,0.868228180730066,0.299354170321149,0.057,0.035,1
Dnaja2,0.868306033096414,0.581152446846643,0.019,0.015,1
Fsd1,0.868395105422968,0.344732284791789,0.031,0.021,1
9330151L19Rik,0.868453947497801,0.474011301409763,0.013,0.01,1
Nipa1,0.868519175483792,0.27947925927835,0.057,0.048,1
Top3b,0.868540413674899,0.276223710960274,0.063,0.047,1
Wfdc1,0.868636674051697,0.386107748947357,0.063,0.038,1
Dnajc15,0.868718289715945,0.0803813920224519,0.088,0.069,1
Slc31a1,0.868741031519115,0.166948170088827,0.069,0.049,1
Cnot11,0.868909435196456,0.645833206326224,0.019,0.016,1
2410016O06Rik,0.868991254240452,0.787877586221219,0.013,0.008,1
Olfr1333,0.869068358283359,1.04530633092053,0.013,0.009,1
Gm17359,0.869093300993524,-0.0857786338496456,0.189,0.149,1
Gps1,0.869238141663786,1.00989627634365,0.013,0.009,1
Exosc5,0.869251795456434,0.287914158565927,0.025,0.02,1
Apobec3,0.869273727243952,0.300263251644909,0.044,0.024,1
Phactr1,0.869378802179092,-0.103326197356277,0.302,0.234,1
C1ra,0.869381378362246,0.94801207349409,0.019,0.012,1
Vmn2r115,0.869490064746243,0.631341646042104,0.019,0.014,1
Aspm,0.869528007107788,-0.062951371847801,0.119,0.087,1
Rasef,0.869585645311458,0.101547318937271,0.119,0.098,1
Mn1,0.869631148801089,0.147966305597984,0.044,0.038,1
Znhit6,0.869756269024815,-0.108591601842667,0.075,0.065,1
Klhdc2,0.869967524376222,0.496888202383241,0.025,0.02,1
Gins1,0.869974703518197,0.212131832696932,0.082,0.051,1
Rbbp7,0.869986241400144,0.527990986014451,0.025,0.026,1
Idua,0.870004669613416,0.085031923182143,0.057,0.044,1
Fam199x,0.870071174747541,0.400452316473641,0.025,0.023,1
Wdr5,0.870161002408857,0.745035183167603,0.031,0.026,1
Adam8,0.870329539469643,0.112567288493945,0.031,0.026,1
Nr3c1,0.870387496410102,0.466725631389124,0.038,0.027,1
Gm11744,0.870431502940282,0.204345572414231,0.031,0.021,1
Mcrs1,0.870462339364978,0.916360153937319,0.019,0.015,1
Ptrf,0.870599224912934,0.495964067486866,0.031,0.017,1
Bhmt,0.870612413134488,0.00656484641258359,0.038,0.031,1
Fam115c,0.870751004464471,0.0178652925146539,0.069,0.046,1
Osbpl2,0.870823832552236,0.245883251300266,0.082,0.054,1
Zscan10,0.870833444051749,0.383086703785211,0.031,0.027,1
Lacc1,0.870970516913793,0.179885886471353,0.038,0.026,1
Cckbr,0.870986485807473,0.0649716291592233,0.075,0.054,1
Ccnl1,0.870986859914591,0.720423517957429,0.019,0.015,1
Fam78b,0.871212510052323,-0.0155566245366909,0.17,0.128,1
Btnl10,0.871280491703756,1.04593910191329,0.013,0.007,1
Clec4d,0.8712856598554,0.48596123849289,0.025,0.02,1
Nov,0.87136124249851,0.470847476269655,0.013,0.016,1
Polr1d,0.871398674343898,0.0327313291358351,0.063,0.053,1
Ccdc84,0.871456854783059,0.478422058943862,0.025,0.015,1
Rsrc1,0.871466357288838,-0.0121445916681315,0.39,0.329,1
Naa10,0.871494629146837,1.19210825100922,0.019,0.007,1
Tmsb15l,0.871560773184582,0.226314401554183,0.025,0.023,1
Cidea,0.871667401777595,0.698161243239158,0.031,0.021,1
Nhp2,0.871725480204844,0.601425515273737,0.019,0.015,1
Gmppb,0.871770871044426,0.702619412604699,0.019,0.01,1
Fam181a,0.871823975981574,0.587434410269666,0.013,0.015,1
Cand1,0.871855485075654,0.0280375357916167,0.088,0.06,1
Skint3,0.871871677326576,0.470513204584124,0.044,0.04,1
Stx16,0.871920648092942,0.329076897383159,0.057,0.034,1
Ncaph,0.871942166025869,0.220339497927608,0.069,0.045,1
Dpysl5,0.871946227853175,0.272752381036816,0.113,0.078,1
Nudt21,0.871967519682371,0.593146152088306,0.025,0.02,1
Chp1,0.87201970381622,0.0215241345835695,0.057,0.043,1
Rhot2,0.872035713108666,0.406706215278784,0.031,0.017,1
Dcaf12l2,0.872086616036922,0.30674614395769,0.019,0.011,1
Trim45,0.872120405618756,0.129771991297279,0.132,0.085,1
Rbm38,0.872196204222013,0.598728801300278,0.05,0.027,1
Zfp746,0.872238844988954,0.479245240665141,0.057,0.031,1
Gata3,0.872331482907191,0.455557290237964,0.044,0.043,1
Il2rb,0.872343626562911,0.396713804612102,0.038,0.018,1
Gopc,0.872415779023699,0.0421039603168776,0.101,0.071,1
1110017D15Rik,0.872423534386531,0.883441272792519,0.019,0.014,1
Vax1,0.872505931729437,0.485088027686034,0.013,0.01,1
Cpa4,0.872532600445126,0.335282650726084,0.031,0.024,1
A2m,0.872549352001053,-0.211323374695688,0.075,0.068,1
Cdh16,0.872581112231233,0.237218301815847,0.031,0.021,1
Zfp667,0.872613913432477,0.240478973507509,0.063,0.054,1
Tas2r138,0.872657117224816,1.13325082335064,0.013,0.005,1
Dhx36,0.872871432165235,-0.113982351955634,0.069,0.048,1
Zfp622,0.873056594384667,0.276106744916192,0.057,0.034,1
Bzw1,0.873074047498127,0.37665827492241,0.019,0.016,1
Polr2c,0.873284562628762,0.795538805778449,0.013,0.011,1
Hrasls5,0.873340826252882,0.19446466074282,0.025,0.024,1
Porcn,0.873480722480192,0.486002167061908,0.013,0.01,1
Xlr,0.87351791441801,0.552309025580059,0.019,0.016,1
Kcnk1,0.873535804233281,0.159127601808375,0.038,0.027,1
Mplkip,0.873600032911888,0.330445659182131,0.069,0.047,1
Tbce,0.873641000827065,0.234695279144191,0.082,0.059,1
Flot2,0.87364134859226,0.800720493680847,0.025,0.017,1
Tinag,0.873719930482401,-0.0488821051090445,0.138,0.094,1
Csn1s2a,0.873772648168812,0.339661711360381,0.038,0.027,1
Ace3,0.873952457034069,0.485327402880652,0.013,0.01,1
Luc7l3,0.873964115640675,0.423634954092757,0.013,0.01,1
Cd300lg,0.873995526092594,0.200598341578428,0.031,0.026,1
Grpr,0.874101048587326,0.235784488407852,0.038,0.032,1
Lcmt2,0.874126286588218,0.641686189998301,0.038,0.018,1
Nova1,0.874147184982033,0.0947381575480897,0.17,0.154,1
Gm15800,0.874225653534418,0.0635023823700887,0.195,0.137,1
Gm20390,0.874248970855518,0.375829232429018,0.057,0.027,1
Wnt9a,0.874285835338632,0.616172791087553,0.05,0.026,1
Psen1,0.874497615968489,0.14995979520686,0.057,0.045,1
1190003K10Rik,0.874541471114019,0.188215471712692,0.025,0.022,1
Prop1,0.874595874707297,1.5501913159123,0.013,0.004,1
Mycn,0.874660092438364,0.738523629014963,0.025,0.015,1
Lrrc20,0.874716017744631,0.0581386527677226,0.138,0.092,1
Spp2,0.874755030372617,0.233481113623561,0.038,0.024,1
Ifi35,0.874819856513763,0.737968422967678,0.019,0.012,1
Cxcl2,0.874902172534419,0.844822656520749,0.013,0.006,1
Coprs,0.875017791519994,0.303977955876854,0.038,0.021,1
Tcof1,0.87517811294963,0.0327946023511925,0.107,0.071,1
Phkg1,0.87538363795629,0.337843502150871,0.057,0.037,1
1600014K23Rik,0.875452036841251,0.845729482927205,0.013,0.011,1
Pde1c,0.875478592096289,-0.032847117104412,0.365,0.28,1
Gm12216,0.875494074623584,0.120295151060255,0.094,0.057,1
Sirt3,0.875497486727832,0.189269240989524,0.025,0.017,1
Akr7a5,0.875614490906848,1.0301342449218,0.019,0.012,1
Cstb,0.875669229271571,0.804717986371429,0.031,0.015,1
Akr1e1,0.875717110484498,0.169617897522391,0.075,0.06,1
Tnfaip8l2,0.87572501950069,1.78689561844621,0.013,0.005,1
Setmar,0.875750493577045,0.0810001332705728,0.088,0.074,1
4930562C15Rik,0.875816797161941,0.36583668878697,0.031,0.024,1
Mki67,0.875858427121775,0.652209321905088,0.038,0.02,1
Tcirg1,0.875911156456658,1.26644826480678,0.013,0.009,1
Myo6,0.876141254141211,0.194805110156394,0.151,0.089,1
Laptm4b,0.876165704911328,-0.0650644425979055,0.088,0.076,1
Saal1,0.876280788911466,0.397325119596366,0.05,0.038,1
Tmem131,0.876432444277831,0.0229908477283458,0.195,0.131,1
Vmn2r53,0.876499794926214,0.473335704895253,0.019,0.016,1
Stk24,0.876547176127937,0.160098954839478,0.088,0.06,1
Purg,0.87665570829122,-0.00150424586172715,0.119,0.068,1
Fxyd7,0.876724342114738,0.794745374807381,0.013,0.009,1
Dph5,0.876760941406594,0.129564510324962,0.094,0.062,1
Sval2,0.876835358147114,0.391573812302583,0.019,0.02,1
Gas2l2,0.876977798281629,0.316796937661471,0.013,0.01,1
Lrrc3,0.877082343474314,0.792503228956374,0.013,0.01,1
Sart1,0.877140352764844,0.441282894190435,0.013,0.009,1
Polg,0.877184201073132,0.081494475153244,0.044,0.034,1
Traf6,0.877235871055117,0.2502296712989,0.038,0.023,1
4930415F15Rik,0.877265072952433,-0.0549149881251538,0.189,0.134,1
Phf11d,0.877309764399489,0.208289807484176,0.031,0.027,1
Lrrcc1,0.877451135646128,-0.0732687561221903,0.107,0.082,1
Cfap97,0.877452606754404,0.265680945817238,0.075,0.051,1
Fam107a,0.877490680028889,0.481931441198282,0.05,0.031,1
Tmem132e,0.877620484900946,0.120724462365944,0.044,0.042,1
Gm5627,0.877677756099051,0.812502743550049,0.019,0.011,1
Snx19,0.877733033438201,0.422142580754722,0.088,0.069,1
Rnf38,0.877806175038802,0.105635752184741,0.101,0.071,1
Cmbl,0.877845991765067,0.200654418011083,0.038,0.031,1
Rhof,0.877889404750811,0.610136772533219,0.038,0.023,1
Heca,0.877939666492061,-0.0598581319950986,0.101,0.072,1
Tubd1,0.878042126615257,0.172857087906547,0.038,0.032,1
Fut2,0.878086144160139,0.410264560646101,0.013,0.016,1
Zfp28,0.878168448794133,0.25088842460791,0.038,0.027,1
Rad51ap1,0.878243531891883,0.209001151963425,0.075,0.054,1
Crebbp,0.878333167084067,0.29269544435833,0.057,0.044,1
Hist1h4c,0.878353084216771,0.658383212601,0.013,0.007,1
Cmc2,0.878557818525675,0.173209988111385,0.107,0.065,1
Spata2l,0.87856939920801,1.02162154491183,0.013,0.006,1
Thyn1,0.878578401917262,0.410041715154897,0.038,0.029,1
Cpb1,0.878666014373093,-0.0462313997459409,0.057,0.048,1
Caly,0.878746737351423,0.351145556742863,0.038,0.021,1
Spata6,0.878798190562978,-0.0903400401380998,0.189,0.147,1
Ddx43,0.87882787321155,0.431546580487148,0.057,0.033,1
Nalcn,0.878857859113083,-0.143820724948368,0.434,0.356,1
Klk1b1,0.878865534024646,0.53823199983717,0.019,0.012,1
Ppan,0.878878170655956,0.912897742653525,0.013,0.005,1
4931429L15Rik,0.87901887211632,0.262339252539165,0.025,0.023,1
Hps1,0.879170937201405,0.233015676547503,0.063,0.046,1
Efnb2,0.879178503816826,0.121531905683169,0.082,0.064,1
Trpm4,0.879238093915948,0.398808048735115,0.05,0.026,1
Olfr613,0.879243651640809,0.937511292394115,0.013,0.007,1
2010005H15Rik,0.879328057902077,0.636080846449472,0.025,0.014,1
1700029H14Rik,0.879500343277311,0.603012233201251,0.019,0.014,1
Tlr5,0.879934021200998,0.225592460492893,0.031,0.032,1
Ltbr,0.879955636270771,0.532223806154127,0.013,0.013,1
Abhd13,0.880058767141395,-0.0346374021405307,0.069,0.06,1
Gm13154,0.880181399976927,0.295103125119895,0.057,0.033,1
Bet1,0.880413979571835,0.228949387750474,0.057,0.037,1
Steap4,0.88043140913103,0.1101403302971,0.05,0.046,1
Jph1,0.880444546850756,-0.0332360880010403,0.239,0.205,1
Gm9767,0.880472402081913,0.848645719834146,0.019,0.01,1
Gm5108,0.880552832729817,0.122889752609688,0.05,0.035,1
Ermard,0.88060302497419,0.194134434055254,0.025,0.015,1
Sema3e,0.880756894929461,-0.109766948574687,0.365,0.274,1
Mccc2,0.880837100230728,0.0982000797436862,0.164,0.106,1
Chrna2,0.880843044433964,0.0220382117980122,0.044,0.026,1
Nrep,0.880892942532118,0.272056088402517,0.063,0.046,1
Rnf219,0.88095192056903,0.117870592713938,0.126,0.09,1
Olfr685,0.881109512211766,1.00611304560142,0.013,0.008,1
Pdgfb,0.881163980408513,0.513705758300439,0.025,0.012,1
Myo1a,0.881267724430012,0.862973921690298,0.019,0.01,1
Slamf7,0.881464847464951,0.0517373662955132,0.031,0.032,1
Mios,0.881483720635672,-0.0710730930825374,0.082,0.065,1
Nudcd1,0.881500824695866,0.121164269478367,0.22,0.148,1
Gzf1,0.881536941962072,0.479757396591493,0.063,0.037,1
Mkl2,0.881560637481052,0.0131481092003769,0.239,0.15,1
Sctr,0.881563551637235,0.184605754406645,0.082,0.058,1
Srsf4,0.881646082765869,0.47977349513886,0.05,0.029,1
Thap11,0.881665222972411,1.39326686028058,0.013,0.007,1
Aga,0.881725099042012,0.0171506947160491,0.113,0.067,1
Ggt6,0.881762338577602,0.811033693332948,0.019,0.012,1
Fam83f,0.88181400956299,0.347909891852621,0.05,0.032,1
Zfp35,0.881825041884944,0.463467599002802,0.025,0.017,1
Lyve1,0.881828626858777,0.348902925369452,0.025,0.022,1
Rps6,0.881832489619193,0.640688100529065,0.025,0.014,1
Kcne1l,0.881936598811124,0.642228032306837,0.013,0.009,1
6330416G13Rik,0.881968959255414,0.0590280376557395,0.057,0.041,1
Zfp942,0.882014532290039,0.404244343135743,0.013,0.011,1
Gm12258,0.882073244750758,0.230307066280378,0.019,0.015,1
Lmntd2,0.882133238193622,0.904871496391056,0.013,0.013,1
Trpc3,0.882246746506762,-0.0158684028597738,0.145,0.102,1
AW551984,0.88243812726311,0.0893422254820031,0.05,0.041,1
Zpbp2,0.882452033845231,0.719630779198416,0.019,0.012,1
Mlf2,0.882481279221103,0.322800071166534,0.038,0.022,1
Epha3,0.882486960434991,0.0248842342250706,0.396,0.314,1
Klf2,0.882533111893948,0.380773340918454,0.031,0.023,1
Xirp1,0.882562394472343,0.257272921833231,0.025,0.022,1
Incenp,0.882624392303315,0.116034344701546,0.075,0.063,1
Nbl1,0.882689735336881,0.868383511190011,0.019,0.012,1
Wdr45,0.882748626705124,1.19939203281665,0.013,0.006,1
6820408C15Rik,0.882788302433382,0.742369397958805,0.025,0.02,1
Rwdd2b,0.882899815437077,0.693313037433372,0.025,0.016,1
Sdccag8,0.882924713601856,-0.101859427302658,0.302,0.19,1
Stam2,0.883040889441553,0.169371167791181,0.107,0.063,1
Uvssa,0.883071528097275,-0.0947884693945076,0.088,0.068,1
Rnf26,0.883218275414789,0.2840975626973,0.088,0.065,1
Gm7120,0.883337326630376,-0.086092755899112,0.05,0.037,1
Ltbp4,0.883403017460967,0.192444224856442,0.044,0.034,1
Lmntd1,0.883626084944497,-0.0615019373025554,0.233,0.174,1
Mcmdc2,0.883638578428864,0.0941599818631795,0.094,0.051,1
Krt74,0.883639804825221,0.488556343416738,0.013,0.013,1
Ano7,0.883641430539929,0.28274645108173,0.044,0.03,1
Ptpn3,0.883701638647166,0.110207859282577,0.145,0.1,1
Fkbp6,0.883751356894597,0.360463189860302,0.057,0.041,1
Adam15,0.883832050243213,0.276639597221157,0.031,0.022,1
Kel,0.883933366386686,0.053402267625807,0.044,0.031,1
Srpk1,0.884087555154502,0.232658125931617,0.05,0.031,1
Gmfg,0.88410336608684,-0.0671499253039301,0.101,0.068,1
Akap9,0.884156431398871,-0.0572707667195784,0.226,0.192,1
Cacfd1,0.884169472712477,0.638512199681931,0.025,0.018,1
Zdhhc2,0.884281461280694,0.00990081286447175,0.145,0.107,1
Chit1,0.884283951816664,-0.0346640930346505,0.057,0.043,1
Cass4,0.884383365465313,0.059597140570621,0.069,0.046,1
Abca2,0.884530938393541,0.15628078928203,0.038,0.037,1
Atxn2l,0.884533140602312,0.626196468671605,0.038,0.02,1
Cped1,0.884595800082961,-0.0961405242330771,0.346,0.241,1
Morf4l1,0.884615258770252,0.205004333390478,0.038,0.024,1
Cbfb,0.884658102722104,0.406784232671816,0.057,0.036,1
Sin3b,0.884711533757621,0.0377435828857777,0.069,0.049,1
Rxrb,0.884959120950752,0.544609966015086,0.019,0.016,1
Pak1ip1,0.885098835129256,0.587036771173303,0.038,0.021,1
Gch1,0.885273425865788,-0.0546770357682451,0.044,0.038,1
Cfap58,0.885470669366186,0.111172344657644,0.17,0.1,1
Calr3,0.88582723897448,0.334987076410232,0.044,0.023,1
Ski,0.885847165859622,0.705565743240533,0.044,0.035,1
Egr1,0.885905057528699,0.506930906216145,0.057,0.046,1
Smim3,0.88598260042345,0.154151410657675,0.069,0.037,1
Vmn1r15,0.88613806715028,0.965168271928673,0.013,0.005,1
Ccnc,0.886203082844394,0.0450721401390286,0.082,0.054,1
Rasl12,0.886206118954764,0.540827498365664,0.025,0.014,1
Dynll2,0.88622586988837,0.779634882637557,0.013,0.01,1
Mef2b,0.886309306000048,0.620933225508468,0.019,0.013,1
Mdh1,0.88631975643568,0.0531955669120112,0.069,0.044,1
Agbl2,0.886366879283417,0.0456651204912397,0.069,0.038,1
4930435E12Rik,0.88651132815584,0.0310071147329607,0.031,0.019,1
Mapkap1,0.886540956471878,-0.0864240571391197,0.157,0.111,1
3110007F17Rik,0.886667509215892,0.0848520530562125,0.031,0.017,1
G3bp2,0.886704158302731,0.185232689053281,0.063,0.04,1
Dusp18,0.886729562403578,0.591419492357169,0.013,0.008,1
Slc25a40,0.886790110854462,0.0383146349698014,0.119,0.085,1
Aqr,0.886838659483448,0.0104628098603197,0.239,0.157,1
Mcts1,0.886846688338183,0.991360861300017,0.013,0.007,1
1810043G02Rik,0.886969752611785,0.212962694971912,0.044,0.031,1
Ankrd36,0.88700276496923,0.153739938361035,0.101,0.071,1
Ptch1,0.887087742972705,0.471289645970299,0.044,0.027,1
Stx2,0.887121785344954,0.180645222137098,0.063,0.045,1
Rab3ip,0.887181725144399,0.0999256262869128,0.157,0.106,1
Gm29560,0.887257581050325,1.1724948155057,0.013,0.006,1
Dnase2b,0.887441984532752,0.403578975529282,0.038,0.022,1
Gm13084,0.887587327878584,1.43863360324486,0.013,0.004,1
Spz1,0.887602561622419,1.110789192516,0.013,0.004,1
Papss1,0.887635487160921,0.060637517742395,0.201,0.149,1
Rbx1,0.887657705592972,0.235939899255976,0.019,0.021,1
Tpra1,0.887763266840408,0.151698497156612,0.05,0.032,1
Cpn1,0.88803150765885,0.0744426306788588,0.038,0.032,1
1600012H06Rik,0.888034470537394,0.380408041271386,0.038,0.028,1
Spin4,0.888047207866176,0.731484621786607,0.019,0.013,1
Irf5,0.888054844875478,0.6022930522441,0.031,0.016,1
Fbxo43,0.888166647689341,0.0555731491871665,0.057,0.045,1
Vcan,0.888473837483715,-0.111460826105874,0.252,0.167,1
Pdgfd,0.888590007207001,-0.0957955476400456,0.302,0.255,1
Thop1,0.888628244098076,0.282744076639747,0.05,0.042,1
Aktip,0.888662143377795,0.124377685982948,0.082,0.059,1
Snrpd3,0.888699718833613,0.318159854099434,0.063,0.04,1
Rabif,0.888728181094219,0.612549618151403,0.038,0.026,1
Ppp1r12c,0.88879685680469,0.216896206793974,0.044,0.026,1
Mip,0.888891336819063,0.591590559274451,0.013,0.01,1
Flna,0.888946159887288,0.23031164116457,0.05,0.025,1
Gm9745,0.889077366965861,1.86224581695671,0.013,0.005,1
Parl,0.889105589496525,-0.00363694177700502,0.05,0.042,1
Fam115a,0.889143993375655,-0.170298309767243,0.132,0.097,1
Tmem86a,0.889332469327845,0.770051428177434,0.044,0.025,1
Rps6kb1,0.889354540573499,0.151315676062998,0.057,0.037,1
Elavl1,0.889373937235497,0.0468186413579099,0.075,0.043,1
Mtg2,0.889440930578622,0.388858454040891,0.025,0.016,1
Nlrp14,0.889513566602339,0.170106835639089,0.057,0.045,1
Msantd3,0.889536865352897,0.398591826372447,0.063,0.032,1
Klhdc8b,0.889571553571929,0.427188325384493,0.025,0.021,1
2310022B05Rik,0.88961152035041,0.489332457331515,0.013,0.015,1
Tet3,0.889617137114271,0.248483557350755,0.063,0.043,1
Kcng4,0.889638047590416,0.383823565299535,0.031,0.021,1
Cdnf,0.889658497270172,0.108247707129633,0.063,0.043,1
Cs,0.889784275508543,0.741673639067169,0.025,0.013,1
Bcam,0.889853053076831,0.450029089767002,0.025,0.016,1
Tmem139,0.889900344646413,0.472967169438841,0.031,0.018,1
Klhl31,0.889908496754369,0.701685506563863,0.038,0.022,1
Krt31,0.889932846622629,0.958922790178442,0.013,0.007,1
Copz1,0.890080145178068,0.337745742607746,0.038,0.027,1
1700018B08Rik,0.890264316858076,0.740738456986781,0.013,0.008,1
Dmrtc1a,0.890300106166886,0.841721598887875,0.013,0.006,1
Kcnk18,0.890335703253184,0.344957101098079,0.025,0.013,1
Crls1,0.89038759189002,0.295826662472182,0.057,0.056,1
Rttn,0.890418752716757,-0.0876935112312469,0.428,0.338,1
Gm16686,0.890485600065321,1.35881527329163,0.013,0.006,1
Il2ra,0.890558465388773,-0.139656458929431,0.101,0.08,1
Coasy,0.890578065148043,0.190731555402516,0.013,0.011,1
Foxp3,0.890653530785087,0.697142814701547,0.006,0.011,1
Zfand2b,0.890663462813541,0.392861295091721,0.031,0.018,1
Polb,0.890707561770476,0.188243441057285,0.05,0.034,1
Srp72,0.890934162077163,0.421251343465182,0.038,0.022,1
Mboat7,0.890979593719992,0.359885325679949,0.057,0.038,1
Dot1l,0.891058939158327,0.473038066461784,0.025,0.021,1
Smim17,0.891094784861007,0.154548193156434,0.069,0.049,1
Mfsd7a,0.891147576436527,0.401438860048797,0.031,0.02,1
Spata1,0.891275822989757,0.313705143327525,0.075,0.054,1
Olfr1264,0.89131368683327,1.21922192617701,0.013,0.006,1
Dynlt1b,0.891461145553934,0.525725554872573,0.05,0.028,1
Tbxas1,0.891483619744659,0.0245674127935187,0.226,0.158,1
Aar2,0.891485740686802,0.606766276707443,0.031,0.016,1
Ntan1,0.891591169862312,0.41691779102469,0.025,0.025,1
Slc22a13,0.891610937097827,0.425378860517314,0.013,0.012,1
Nxph3,0.891615850451033,1.55431609170303,0.013,0.004,1
2210017I01Rik,0.891678864108677,1.1134329842758,0.019,0.011,1
Myocd,0.891700559081691,0.0926701942566552,0.107,0.076,1
Abcg4,0.891963137427578,0.600128739854585,0.025,0.013,1
Zfp119b,0.892025548121798,0.470897389853178,0.019,0.016,1
Pde6b,0.892155830507746,0.0159257225924652,0.075,0.053,1
Map2k7,0.892174077988569,0.340546628569303,0.038,0.027,1
Plekhm3,0.892252105302466,-0.0820566647566725,0.239,0.179,1
Wtap,0.892270750302849,0.440739926872353,0.013,0.011,1
Tmbim6,0.892292883314092,0.439857118385825,0.038,0.023,1
Ets1,0.892312927622717,-0.0851277607254048,0.138,0.101,1
Mansc4,0.892423056523103,0.743431922176288,0.019,0.014,1
Adss,0.892521958536097,0.0346067402926145,0.119,0.081,1
Zcchc8,0.892656256825784,0.661412416451864,0.038,0.021,1
2810408A11Rik,0.892675167240012,0.672476525808957,0.019,0.012,1
Dennd6b,0.892701736010737,0.292677903388978,0.05,0.038,1
Mlxip,0.892707050093018,0.0256916607823223,0.05,0.037,1
4931423N10Rik,0.892740263262218,0.0399063516147073,0.094,0.062,1
Gm8113,0.892777208335811,0.0621131459569631,0.069,0.048,1
Lpar4,0.892805914593435,0.485152373031081,0.013,0.009,1
Slc30a10,0.892868501140548,0.201617147378949,0.019,0.016,1
Eid2b,0.892881868230664,0.952505471804046,0.019,0.009,1
Rpl27a,0.893107445104951,0.493098773862983,0.019,0.016,1
Vipas39,0.893138456333109,0.539892442596471,0.057,0.036,1
Spata4,0.893217310161603,0.409677662168287,0.031,0.02,1
Amtn,0.893228554596365,0.224719257303606,0.025,0.025,1
BC003965,0.89375532339497,0.907943954338883,0.013,0.009,1
I830077J02Rik,0.893766215418853,0.93644274204815,0.013,0.006,1
Alpk3,0.893793376131835,0.488655112027664,0.063,0.038,1
Tmbim1,0.893951037116389,0.459784011936442,0.019,0.018,1
Tll2,0.893997534069234,0.133830318675227,0.126,0.086,1
Ttc27,0.894044585254483,0.12880214737926,0.302,0.219,1
Gm17509,0.894105977434632,1.04388418728167,0.006,0.013,1
Rnf121,0.894153968731532,0.421703007937426,0.038,0.022,1
Txndc12,0.894155190042926,0.378053382951638,0.025,0.023,1
Rnf141,0.89416937358993,0.155350328515176,0.075,0.056,1
Pgr,0.89421706030945,-0.0280833586551572,0.164,0.117,1
Spink14,0.894259022414765,0.677816702564937,0.019,0.013,1
Slc6a9,0.894373201095402,0.373211059955631,0.05,0.043,1
Rbm12b1,0.89449514582964,0.995937654342093,0.013,0.008,1
Sdr42e1,0.894495847980754,0.168782945630636,0.025,0.021,1
Twf2,0.894524057606274,0.467617048914438,0.025,0.023,1
Cpne2,0.894591259017333,0.951941699995932,0.044,0.026,1
Mau2,0.894656053587523,0.279953508663739,0.031,0.021,1
Mpo,0.894696996172604,0.368527847715499,0.025,0.018,1
Nol12,0.894759508710665,0.636529297277134,0.025,0.017,1
Fam196b,0.894821365867793,-0.0151376055946364,0.201,0.158,1
Ehmt1,0.894987834890091,0.187226654750664,0.101,0.078,1
Lgi2,0.895048157411546,0.447246719680103,0.057,0.039,1
Fbxo48,0.895257935676796,0.570864482885745,0.075,0.045,1
Dchs2,0.895444868019459,0.135349201163376,0.308,0.246,1
Usp3,0.895455271241946,0.202857023261151,0.063,0.039,1
Uaca,0.895467982620736,-0.0939612663492038,0.132,0.098,1
Pla2g12a,0.895770115896754,0.183941648904059,0.075,0.047,1
Pggt1b,0.895783186447501,0.125668468100005,0.082,0.063,1
Cbln4,0.895788932919083,0.542375388116474,0.006,0.01,1
Ebp,0.895799214122562,0.873403005432178,0.013,0.009,1
Tmem47,0.895833352964889,0.440535226520133,0.031,0.018,1
Vmn2r84,0.895911372349566,0.783057364687923,0.013,0.01,1
Zpbp,0.895949017099866,-0.0885060315562298,0.226,0.167,1
Psma1,0.896026609615313,0.483246338502118,0.025,0.016,1
Esp1,0.896061921849564,1.10359736751502,0.013,0.006,1
Cpsf4l,0.896091827385794,0.453819933842701,0.025,0.016,1
BC030500,0.89609332785696,0.758662864121295,0.019,0.015,1
Myo9b,0.896107355172113,-0.0970590880224691,0.164,0.134,1
Gpr22,0.896169914336113,0.280481128804915,0.013,0.013,1
Lzts1,0.896279354753815,-0.142432939856644,0.132,0.089,1
Isca2,0.896370633036513,0.61509830432885,0.044,0.027,1
Vmn1r8,0.896386885904389,1.19322355998915,0.013,0.005,1
Stap1,0.896546475621102,0.0888056681415614,0.063,0.046,1
Mc2r,0.896561410349693,0.604589664696799,0.019,0.013,1
Apip,0.896597152565061,0.30171302515667,0.063,0.038,1
Rpl21,0.896707013533692,0.719239103540692,0.019,0.012,1
Rsl1,0.896726149525158,0.649835428786292,0.013,0.013,1
Xrra1,0.896906627138826,0.219758160294571,0.113,0.089,1
Hmgn1,0.896933761466548,0.287661270029555,0.05,0.033,1
Tas2r108,0.896990700385651,0.799027421522106,0.013,0.008,1
Prss37,0.89707364408657,0.980808834843885,0.019,0.009,1
Trp53,0.897096960761608,0.789178583867637,0.019,0.013,1
Dtd1,0.89712858630979,0.0284373889369043,0.277,0.234,1
Iqca,0.897353006457903,0.0910516975272566,0.107,0.068,1
Ppp1r12a,0.897406559402314,-0.00888617888154153,0.126,0.088,1
Topaz1,0.89743245301501,0.409047974979853,0.063,0.034,1
Stx19,0.89752972674812,0.0321972109696,0.031,0.021,1
Rdx,0.897536837254031,0.0525233002292902,0.038,0.029,1
Chrnb4,0.897612920658934,0.198528614971385,0.025,0.023,1
Foxr2,0.897631874643702,0.53179755672134,0.025,0.011,1
Cfap61,0.897635858503532,-0.0196101571283771,0.283,0.22,1
Wrap53,0.897709378263098,0.542692090258222,0.019,0.018,1
Ubac2,0.8977313578403,-0.0301522859667407,0.239,0.169,1
Akap8,0.89775546702158,0.351764070228036,0.025,0.024,1
Ar,0.897823223299959,0.0179809539064886,0.113,0.093,1
A530021J07Rik,0.897914662633596,0.967270367385898,0.019,0.012,1
Tmprss2,0.897947824857804,0.143176264618259,0.069,0.051,1
Kpna6,0.898028638841477,0.122171671058076,0.025,0.02,1
D830039M14Rik,0.89806449254114,0.473464457292437,0.025,0.016,1
Brpf3,0.898080479406722,-0.0113643476377847,0.101,0.073,1
Sap30l,0.898104679995412,0.378539415841823,0.025,0.016,1
Gm20441,0.898124259511623,0.799224558777063,0.031,0.018,1
Ankrd42,0.898157251015312,-0.0411431532194806,0.088,0.073,1
Gm1110,0.898204799896721,0.201778989107867,0.038,0.03,1
Uspl1,0.898292082428746,0.299599006578607,0.082,0.049,1
Sil1,0.898313504350088,-0.047915730013961,0.195,0.149,1
Gm28038,0.898447682536473,0.601129398056411,0.025,0.016,1
Rpl36al,0.89846228997714,0.584326370213411,0.025,0.018,1
Mgat2,0.89846228997714,0.584326370213411,0.025,0.018,1
Itsn2,0.898733436380745,0.397396967867256,0.082,0.068,1
Snapc4,0.898741671482582,0.202389346538316,0.025,0.02,1
Tmc4,0.898932012866957,0.28634228368232,0.044,0.023,1
Rcor2,0.899055507548366,0.734612934479556,0.013,0.011,1
Lrriq1,0.899163872476792,-0.0158130543964341,0.27,0.228,1
Cnot2,0.899296169593943,-0.116259943013525,0.113,0.065,1
Cdh22,0.899319002901666,0.369136784747005,0.075,0.053,1
Gng2,0.899355838593286,0.029182802786095,0.107,0.078,1
St7,0.89941286122435,-0.0710613658605297,0.39,0.284,1
2900092C05Rik,0.899428865600668,0.623578692856809,0.013,0.009,1
Pcmtd1,0.899443339997124,0.0540192892741915,0.157,0.114,1
Rtp2,0.899607736119083,0.891848697780183,0.013,0.009,1
Ndufaf7,0.899655920848932,0.267838452346854,0.025,0.021,1
Gmfb,0.899671124209573,0.58627104523675,0.025,0.023,1
Nub1,0.899673025415649,0.32490213248964,0.057,0.041,1
Gm6583,0.899728557320461,0.571536977112864,0.013,0.01,1
Dnajb6,0.899806507409118,0.319293625835992,0.075,0.051,1
Ly6g6d,0.899885048477941,0.733974483980633,0.019,0.013,1
Simc1,0.89996026156475,0.0570542846030389,0.063,0.042,1
Mid1ip1,0.899999442795539,0.849102240000129,0.025,0.01,1
Tpp2,0.900066731524001,-0.0840133155710916,0.113,0.087,1
Cox6c,0.900120633405111,0.34014846365752,0.031,0.022,1
Nedd1,0.900154231783454,0.0399155443792472,0.113,0.071,1
Serpinb11,0.900294686417312,0.317317535209848,0.044,0.038,1
Slc17a5,0.900405608917795,0.187370419113542,0.094,0.069,1
Gpr68,0.900418931976323,0.457240075399801,0.05,0.031,1
Ap5s1,0.900421082018753,0.60510404933881,0.025,0.015,1
C8a,0.900425681218209,0.256000471771894,0.069,0.049,1
Rgs11,0.900480892498024,1.10525589374644,0.013,0.007,1
Tmem212,0.900514934871886,0.484559756525555,0.05,0.026,1
Camsap2,0.900566951443633,0.263329930149149,0.05,0.033,1
Slc12a1,0.900726269666421,0.0150050834439015,0.151,0.095,1
Snx5,0.900780841964295,0.140813897370823,0.038,0.034,1
Serpina3c,0.900798851157784,0.635823300377165,0.031,0.013,1
Fam174b,0.900916628430318,-0.0429104019029589,0.057,0.046,1
Fbxw22,0.900925103670414,0.176920126485117,0.031,0.021,1
Mdfic,0.900957135330255,0.0396560190861095,0.201,0.16,1
Glra1,0.90103654222512,0.138170967800943,0.113,0.078,1
Napa,0.901058649708121,0.419404789133769,0.069,0.056,1
Lsr,0.90107788798226,0.32850896530883,0.025,0.016,1
Slc6a13,0.901136737477196,0.131811744763456,0.075,0.04,1
Gm28041,0.901251933243882,0.249031187740164,0.044,0.031,1
2010001E11Rik,0.901275904381684,0.363524850065359,0.013,0.009,1
Sec63,0.90136446687208,0.124192265155457,0.126,0.069,1
Ly6f,0.901388153718271,1.28890356597635,0.013,0.006,1
Hars2,0.901454114899186,0.280541945128309,0.025,0.015,1
Rnf151,0.90145741459976,0.603939617184855,0.019,0.014,1
Prkar1a,0.901514849061293,0.383793858728367,0.025,0.014,1
Cdc5l,0.901538974790839,0.248829773082782,0.069,0.038,1
Kctd7,0.901540673993969,0.129515260697205,0.038,0.028,1
Zfp30,0.901647547737646,0.596020630723989,0.031,0.018,1
Pigz,0.901672796129909,0.352697208496305,0.05,0.027,1
Cnga3,0.901806299986188,0.241677520723779,0.063,0.042,1
Col7a1,0.901914063546508,0.235498875683457,0.05,0.037,1
Lsm1,0.902048164784018,0.407102676464747,0.031,0.019,1
Tyk2,0.902346479824826,0.0225863651058491,0.05,0.029,1
Kcnj6,0.90243523542044,-0.0475143073461646,0.264,0.158,1
Iqcj,0.902435657885145,-0.0256586901639633,0.264,0.19,1
Apln,0.902479462469483,0.913277570819591,0.013,0.011,1
Cpeb3,0.902483287527441,0.187429482045041,0.107,0.083,1
Trim56,0.902644455133408,0.38612558775252,0.013,0.01,1
Hdc,0.902663834292467,0.115916201249874,0.057,0.043,1
Slc35b3,0.902681255373995,0.0869414993029887,0.094,0.057,1
Cbx2,0.902761558358737,1.07591544680018,0.006,0.012,1
Fes,0.902768320262748,0.670733945366644,0.019,0.014,1
Cyp1a2,0.902800174767005,0.827084058415678,0.013,0.007,1
Ddost,0.902833447766948,0.489483005943905,0.044,0.026,1
Slc22a29,0.902864932614323,-0.00457545784904667,0.025,0.02,1
Prrc2c,0.902948837350284,0.262075719312537,0.082,0.054,1
Ndufc1,0.90298645880402,0.483693382377258,0.025,0.016,1
Adra1d,0.903042572287306,0.580846457001049,0.031,0.021,1
Sh3glb2,0.903056909328814,0.512156555589038,0.038,0.025,1
Vash1,0.903063996331204,0.758260958584581,0.019,0.009,1
Itgb7,0.903307353714083,0.406676793545035,0.025,0.013,1
Oser1,0.903397909334854,0.121719561260464,0.025,0.024,1
Ttc29,0.903499480671352,0.0334321721410125,0.245,0.197,1
Nr1d2,0.90356126131544,0.0694710710968947,0.126,0.079,1
Chd4,0.903700553833758,0.404404085197419,0.025,0.016,1
Hspa14,0.903711638227101,0.0890188394582232,0.075,0.054,1
Pcsk6,0.903737877378171,-0.0723420726518418,0.252,0.174,1
Arhgap20,0.903810566347441,-0.0723251460666594,0.119,0.092,1
Spint2,0.903835951713636,0.281204188732501,0.031,0.02,1
Ccdc65,0.903895118969069,1.10107106416188,0.013,0.01,1
Ica1,0.903895351674861,-0.0524305568563221,0.308,0.228,1
Ndufs8,0.903993386049588,0.551553342014154,0.013,0.014,1
Mlkl,0.904124760731548,0.296607307336337,0.031,0.021,1
Tub,0.904131378497245,0.0434885651707386,0.088,0.07,1
Gm8300,0.904194453256003,1.5908581649753,0.013,0.003,1
Pcdhgb1,0.90421690336523,0.0403805500745476,0.057,0.041,1
Ngef,0.904217657407034,0.119451581836918,0.101,0.073,1
Lipm,0.90424232525361,0.587208104937227,0.031,0.026,1
Ces2a,0.904334559126946,0.386025604904481,0.019,0.015,1
Neurl1a,0.90442845536659,0.156048477504633,0.088,0.062,1
Slc43a3,0.904507440161766,-0.0232575950153615,0.057,0.043,1
Agap2,0.904574184186531,0.639516324591774,0.019,0.012,1
Eps8l1,0.904713675364368,0.423702315337512,0.038,0.022,1
Sp140,0.904843523157764,0.534942697661909,0.019,0.015,1
Zfp112,0.904844206165498,0.672460849977977,0.031,0.015,1
Wdr35,0.904944119556261,0.025677078088342,0.138,0.095,1
Champ1,0.905087115688667,0.465201717136186,0.019,0.015,1
PCDHA9.4,0.905089445810071,-0.113848555013767,0.145,0.109,1
Gse1,0.905112442288603,0.238305259910579,0.226,0.154,1
Klhl10,0.905249190423689,0.913359821294076,0.019,0.01,1
Tlk1,0.90532635004147,0.142286707484299,0.094,0.067,1
Repin1,0.905375916631192,0.531929232422004,0.019,0.012,1
Sh3bp1,0.905386137638804,0.378040886275453,0.044,0.04,1
Tmem183a,0.905439290878849,0.399420758890668,0.031,0.023,1
Cd93,0.905512727453233,-0.00627792091058232,0.025,0.021,1
Snip1,0.905574901869964,0.907299493211884,0.013,0.008,1
Vmn2r93,0.9056426922231,0.244382560931547,0.025,0.014,1
Ube2l6,0.905673758705793,0.349313129223449,0.031,0.024,1
Gstt1,0.905709397389926,1.1622486750314,0.013,0.01,1
Pabpn1l,0.905829747935524,1.35236919015464,0.013,0.007,1
Zfp458,0.905894311013637,0.905484790054945,0.013,0.007,1
Rnf133,0.905930376743171,0.892457008998107,0.019,0.009,1
Dcaf10,0.905961036117053,0.522258043331631,0.044,0.032,1
P4ha3,0.906222149068033,0.273673835511699,0.031,0.021,1
Dhx35,0.906323277693022,-0.0393509903888676,0.107,0.074,1
Ecm2,0.906357448840429,0.252756388370238,0.038,0.034,1
Esd,0.906383078652539,0.233926108464654,0.069,0.048,1
Smg5,0.906526177645978,0.309860737861528,0.044,0.029,1
Taf13,0.906600213225822,0.726978307238012,0.019,0.014,1
Naip6,0.906605296673393,0.0730530593666048,0.019,0.017,1
Ncoa2,0.906696633067648,0.0834578348590238,0.245,0.178,1
Dnajb4,0.906734210659158,0.0812699175205847,0.069,0.045,1
C6,0.906800696420482,-0.0966657729847933,0.151,0.107,1
Cpeb2,0.906903134848312,0.0534463536419167,0.063,0.049,1
Kri1,0.906976500817979,0.779345779547502,0.013,0.016,1
Gm14412,0.907089976294811,0.31421340448555,0.019,0.017,1
Ccdc61,0.907216983618756,0.439861957588699,0.063,0.043,1
Athl1,0.907363823518782,0.531652515666267,0.019,0.016,1
Dnaaf1,0.907542376665579,0.351679779574032,0.063,0.045,1
Chmp2b,0.907611973890486,0.104838911106847,0.101,0.07,1
Dytn,0.907763937689799,0.142703299697422,0.094,0.063,1
Lao1,0.907861883250956,0.849737014982201,0.019,0.012,1
Gal3st1,0.907865811130798,0.423563787875652,0.019,0.02,1
Defb28,0.908049922503817,0.859290343677091,0.013,0.006,1
Samd8,0.90805750591233,-0.0880286403085311,0.044,0.029,1
Ttn,0.908185135559813,-0.0424853802376093,0.371,0.291,1
H2-T22,0.908309587670469,0.321956807316964,0.025,0.016,1
Lat2,0.908386768560775,0.654606028479816,0.019,0.013,1
Prdm12,0.908826852224225,0.832699887425217,0.019,0.01,1
Gm13212,0.908838552059202,0.292171955524052,0.013,0.013,1
Rptor,0.909059778060446,0.0444178772889794,0.245,0.189,1
Rab5b,0.909372477928269,0.277660381777679,0.057,0.044,1
Tex43,0.909453834641253,0.938064600611872,0.013,0.005,1
Epo,0.909526441789057,-0.0532268205196456,0.05,0.048,1
Matn2,0.909559730277607,0.00825542090955,0.195,0.168,1
Spag4,0.909605105422053,1.1435332956116,0.013,0.007,1
Adipor1,0.909683476034529,0.559091315149345,0.031,0.024,1
Olfr140,0.909792776790122,0.431333958165873,0.031,0.019,1
Otoa,0.909921328071386,-0.0844528485970315,0.145,0.111,1
Snta1,0.909940144497176,0.508713310463725,0.038,0.023,1
Nip7,0.910054296196054,0.638029990804347,0.019,0.011,1
Pigu,0.910054589147309,0.0985691123834149,0.088,0.073,1
Scn1a,0.910074181528552,-0.116030766358804,0.264,0.222,1
Rd3,0.91013688531236,0.557323042728143,0.013,0.01,1
Rab5c,0.910152764116787,0.49289859421461,0.038,0.021,1
Impa1,0.910160099086889,0.392767140047559,0.063,0.034,1
Rdh9,0.910249635429544,0.851594564124762,0.013,0.01,1
Rtca,0.910441513708948,0.152112182607458,0.044,0.037,1
C77370,0.910465141221705,0.0931892004098529,0.113,0.066,1
Prkaa2,0.910645610268306,0.132248201601153,0.082,0.042,1
Hmha1,0.910698075449046,0.494336396901428,0.019,0.014,1
Dctd,0.910712377810983,0.0661699975304888,0.107,0.074,1
Emid1,0.910760025531193,0.241905393017092,0.075,0.051,1
Tdp2,0.910777117436905,0.440673624092835,0.038,0.022,1
Cyp2c40,0.910819944825273,0.389021926255337,0.019,0.02,1
Dhcr7,0.9109375311699,0.369868911054396,0.082,0.071,1
Dusp28,0.910983583407502,0.494456009674296,0.013,0.01,1
Sbk3,0.911026283312289,1.12993992707902,0.013,0.005,1
Chmp3,0.911107019307712,0.359589995831689,0.057,0.034,1
Hspa2,0.911151549873444,0.358207856387118,0.05,0.035,1
Zfp92,0.911184926609673,0.876293683256295,0.019,0.01,1
Pla2g7,0.911214832350745,0.0427815880919944,0.063,0.044,1
Necap1,0.911328785221332,0.153690928740279,0.05,0.044,1
Zswim1,0.911424141901988,0.396943777534434,0.031,0.021,1
Pphln1,0.911428771525832,0.0213962570464061,0.145,0.095,1
Sprtn,0.911465170234737,0.928117137191719,0.013,0.007,1
Zc3h7a,0.91158274698184,0.165288539796713,0.075,0.042,1
P4htm,0.911627447021596,0.660466716191104,0.019,0.016,1
Cyb5rl,0.91167016265223,0.215456720754145,0.057,0.034,1
Chmp4c,0.91168980865896,-0.11148509036298,0.082,0.067,1
Gm27029,0.911691321003726,0.666708344942284,0.025,0.017,1
Rbm15,0.91183366978555,0.211519132384757,0.069,0.053,1
Ankrd22,0.911850642583256,0.1602978313545,0.057,0.045,1
Lysmd1,0.911900086891096,1.35782184322485,0.019,0.009,1
Tbc1d22b,0.911945107601381,0.337485247661657,0.069,0.065,1
Slc25a1,0.911964010361358,0.89043089075585,0.025,0.014,1
Cc2d1b,0.912035438268658,0.413870970270987,0.031,0.024,1
Pdcd4,0.912102462626838,0.327808140177682,0.05,0.035,1
Slk,0.912274585290946,0.0907227844369656,0.05,0.04,1
Rragd,0.912606679364423,0.275588141374139,0.069,0.047,1
Rab39,0.912636627278373,0.150968882674318,0.063,0.04,1
Gucy2c,0.912680490293995,0.0628724955683291,0.132,0.084,1
Ccdc105,0.91273268928318,0.467547140097365,0.031,0.022,1
Gkn3,0.91273559228,0.416187338444229,0.025,0.02,1
Id1,0.912745905642077,0.658535171973001,0.013,0.009,1
Paqr7,0.912829935476605,1.14171333655868,0.013,0.01,1
Rnf187,0.912889811919863,0.489886839791989,0.013,0.012,1
Terf2,0.913124238901169,0.0680659128765386,0.05,0.023,1
U2af1,0.913218286738241,0.439875794601134,0.025,0.017,1
Adamts13,0.913225209247636,-0.0567527982757552,0.038,0.035,1
Fam163b,0.913229507404566,0.598537939507878,0.044,0.031,1
Ttpa,0.913345950840065,0.158240456224551,0.063,0.041,1
Dusp16,0.913363726692505,-0.0290769082433924,0.057,0.046,1
Hmgcs2,0.913390858213519,0.217124725952542,0.044,0.037,1
Baz2b,0.913395555798482,-0.0266827393940914,0.201,0.165,1
Plekhf2,0.913397507817648,0.320296679212684,0.05,0.03,1
Ephx4,0.913405886127065,0.0815219240224145,0.057,0.047,1
Tpte,0.913492870710685,0.0136549050918293,0.119,0.082,1
Gja1,0.913502677920183,0.725040098935156,0.019,0.012,1
Rfng,0.913800546378626,1.18841999638034,0.013,0.009,1
Adh6b,0.913827267358377,0.672255756082729,0.031,0.017,1
Gm20662,0.913949551352301,0.285797776749122,0.063,0.037,1
A830031A19Rik,0.91397243048675,0.133822332327647,0.082,0.044,1
Mark3,0.914002088208677,1.04750410880239,0.025,0.018,1
Cerk,0.914005806638237,0.332472483056192,0.063,0.038,1
Bace2,0.914121700661323,-0.0603841731127446,0.145,0.099,1
Socs7,0.914122156500614,0.402452517522384,0.025,0.027,1
Abhd16b,0.914157582914745,0.960284953402946,0.013,0.007,1
Sec22a,0.914342551261551,0.355564548513395,0.075,0.053,1
Phldb3,0.914367008077953,0.227888332674556,0.019,0.018,1
Lrr1,0.914464438081289,0.370602925794817,0.031,0.021,1
Ltc4s,0.914521131868709,0.153591987352774,0.019,0.015,1
Nmnat2,0.914521184410613,0.253755386947613,0.132,0.074,1
Gas2,0.914532010296819,-0.0680175093021573,0.314,0.252,1
Slc6a19,0.914538682707336,-0.0468205696892632,0.044,0.043,1
Lrrc31,0.914661286578783,0.234541928845521,0.05,0.03,1
Spata18,0.914677678274284,0.597685978918756,0.025,0.019,1
H2-T23,0.914716989052398,1.23412434121226,0.013,0.005,1
Bag2,0.914721225987689,0.409026766863086,0.031,0.024,1
Ndufb6,0.914727735921324,0.72962362768508,0.025,0.015,1
Ikzf5,0.914751791103906,0.851250689049201,0.013,0.009,1
Syngr2,0.914775689370906,0.826213584516357,0.013,0.013,1
Slc25a14,0.914783217034034,-0.00227367492345731,0.05,0.041,1
Nup155,0.914801949524058,0.14499516480891,0.132,0.092,1
Clec2g,0.914885461483801,-0.0371028851778545,0.082,0.067,1
Timm17a,0.91490475970598,0.537100806077776,0.031,0.017,1
Plekhj1,0.914973245729142,0.731274642462969,0.013,0.015,1
Gata6,0.9150825865047,0.114393295852548,0.063,0.039,1
Klk1b3,0.915098190963984,0.64471572524334,0.013,0.01,1
Epb4.1l3,0.915137053628365,0.0705673544812395,0.208,0.175,1
Prl8a9,0.915210452355956,0.605689352578603,0.019,0.01,1
Grasp,0.915221552969449,0.562540719117159,0.025,0.012,1
Trim25,0.915280869239873,0.593448570292516,0.038,0.02,1
Lrrc8e,0.915312217097908,0.296391423169083,0.025,0.018,1
Ckap2l,0.915383414851736,0.0340298913891806,0.063,0.046,1
Trpc5,0.915417728151456,-0.0192229043802632,0.252,0.183,1
Ptpn23,0.915482546066028,0.585205129763311,0.038,0.024,1
Chrng,0.915522899934517,0.385197952875728,0.013,0.009,1
Arhgdig,0.915584320546583,0.988198990806953,0.013,0.008,1
Bsdc1,0.915681931288107,0.207994536554308,0.063,0.04,1
Fubp1,0.915725787728987,0.342042899354662,0.044,0.03,1
Gm6034,0.915802975298031,0.0778997882011794,0.025,0.018,1
Rnf148,0.915826730610452,1.28516493888191,0.013,0.005,1
1500011K16Rik,0.915839938398671,1.08469106391661,0.013,0.008,1
Trim11,0.915931065488708,0.68820083514357,0.013,0.007,1
4933408B17Rik,0.915953921808143,0.290843594952967,0.031,0.021,1
Wfdc11,0.916035387626372,0.795345016940849,0.013,0.008,1
Prrx1,0.916042498291276,0.0771569592137835,0.094,0.061,1
2900026A02Rik,0.916059697976792,0.157437562143322,0.094,0.068,1
Gja5,0.916108688243409,0.448405730170634,0.031,0.028,1
Pnkp,0.916147888993305,1.2238859701408,0.013,0.005,1
Snx6,0.916325444525751,0.352548146623857,0.044,0.031,1
Pcdhga7,0.916350242832745,0.233513480775235,0.05,0.034,1
Chrm2,0.916455244618607,0.0646536529253146,0.195,0.128,1
Cdc37l1,0.916597951745266,0.657549140591938,0.019,0.015,1
Dennd4b,0.916607300542953,0.580852856764705,0.044,0.032,1
Dnajc4,0.91661238211669,0.733561625797418,0.013,0.009,1
Gm10762,0.91670365707414,0.956030003857345,0.019,0.01,1
Arl5b,0.91674246453626,-0.0242353354667921,0.094,0.069,1
Rph3al,0.916814150624434,-0.0409461047422095,0.145,0.093,1
Atp1a3,0.916854215332995,0.576765267827083,0.025,0.015,1
Grin3a,0.916922465688683,0.0523479475511488,0.283,0.214,1
1810046K07Rik,0.916932702419273,0.107113241599028,0.101,0.061,1
E2f5,0.917116299512767,-0.0209415029326729,0.075,0.06,1
Cdsn,0.917219798101432,0.478031444356207,0.025,0.015,1
2810408M09Rik,0.917378190598807,0.276418734522441,0.019,0.013,1
Mdga1,0.917406775901715,0.0679396667675301,0.107,0.069,1
Kbtbd3,0.917448925174216,-0.040242415788561,0.069,0.059,1
Vmn2r19,0.9175053040641,0.237042309686442,0.044,0.042,1
Rnf216,0.917515188542902,0.228973306127802,0.101,0.067,1
Yme1l1,0.917550878917963,0.17104561887887,0.082,0.076,1
Epyc,0.917586101559553,0.107686912917282,0.082,0.054,1
Gm9961,0.91765165997632,0.276608990862671,0.069,0.034,1
1700063H04Rik,0.917666714349913,0.577628866298037,0.031,0.018,1
2310045N01Rik,0.917686397127285,0.556640609767936,0.038,0.024,1
Ptx4,0.917735607220752,0.627096725545461,0.013,0.006,1
Siglech,0.917825670197242,0.377700259131572,0.044,0.018,1
Ubqln1,0.917970640369203,0.406360525826593,0.038,0.022,1
6430573F11Rik,0.918167285648568,0.158398061835406,0.094,0.053,1
Yeats2,0.918193536537636,0.0148089057872358,0.119,0.089,1
Rbbp6,0.918218783321576,0.257571977077968,0.038,0.023,1
Rsbn1,0.918265564611847,0.201016007665082,0.05,0.027,1
6530409C15Rik,0.918291669201851,0.0924147381924696,0.101,0.062,1
Atpif1,0.918332043948148,1.40076328710846,0.013,0.005,1
Cd164l2,0.918649234807087,0.477583672884911,0.025,0.018,1
D3Ertd254e,0.918732209140767,0.964833691842019,0.013,0.007,1
Pqlc2,0.918741196262599,0.785850061795203,0.025,0.018,1
Gnai2,0.918813653430366,0.225417951649241,0.031,0.02,1
Saa3,0.918973211270117,0.87618080830018,0.019,0.009,1
Pbk,0.91911899472902,0.461125915500077,0.025,0.016,1
Ik,0.919227711806705,0.813978843760156,0.013,0.009,1
Suv39h2,0.919364980728113,0.0800463382056433,0.063,0.043,1
Gltscr2,0.919416355052008,0.456319994712185,0.019,0.012,1
Kdm4d,0.919459759914036,0.0319476895618021,0.088,0.056,1
Cenpp,0.919623211809827,-0.0934248645262659,0.239,0.2,1
Amdhd1,0.919627873057722,0.409798951441727,0.025,0.023,1
9130023H24Rik,0.919657109060082,0.237669153367618,0.031,0.032,1
Armc2,0.9197071580572,-0.0469090391575979,0.107,0.083,1
Plec,0.919721435517496,0.159081938790246,0.101,0.066,1
Spag1,0.919725729529248,0.140720972591653,0.151,0.1,1
Taco1,0.919819316638111,0.566754052723567,0.025,0.014,1
Tapbp,0.919833133143858,0.49184516502371,0.025,0.021,1
Rfx8,0.919876036689654,-0.00425915921916253,0.075,0.049,1
Brix1,0.919966916272964,0.131542449416294,0.063,0.037,1
Gm648,0.920038832504838,1.56772679030178,0.013,0.004,1
S100a6,0.92022452985856,0.461160849573944,0.019,0.015,1
Adamtsl4,0.920233412054014,0.673418302622255,0.019,0.015,1
Ugt1a6a,0.920265311508219,0.0466279419986324,0.113,0.093,1
Sssca1,0.920276895074376,0.45652922491881,0.013,0.009,1
Gm28044,0.920305336435821,0.488456038719185,0.063,0.041,1
Axin2,0.920311112105145,0.415409105816806,0.025,0.023,1
Wtip,0.920379980357089,0.315442999920738,0.05,0.032,1
Zxdc,0.920421048571568,-0.00579389043773126,0.057,0.039,1
Pnisr,0.920500968887526,0.353559941478456,0.069,0.042,1
Clcnka,0.920507891173072,0.663066053768146,0.031,0.018,1
1810013L24Rik,0.920612802324418,0.213594113624704,0.038,0.029,1
Ccdc91,0.920703006179334,-0.0251653162420455,0.34,0.27,1
Dcbld1,0.92091467856384,0.0567382416526576,0.201,0.139,1
Mrpl30,0.920971800178408,1.11081625726381,0.031,0.015,1
Sema5b,0.921006881362383,0.157757535313208,0.138,0.086,1
Asf1b,0.921066407799181,0.169684064248766,0.088,0.056,1
Nova2,0.921088416400714,0.517422128396365,0.031,0.024,1
Bmf,0.921128414203747,0.543468445185178,0.031,0.024,1
Ube3c,0.921146328033149,0.15421638651141,0.157,0.111,1
Shank1,0.921307256114861,0.112728023100856,0.075,0.043,1
Rbm28,0.921440965296791,0.124775186451016,0.063,0.052,1
Car11,0.921453048438806,0.258522228281722,0.031,0.02,1
Dmwd,0.921485766762376,0.789508081837557,0.019,0.02,1
Sult1c1,0.921528175623002,0.174305681175071,0.044,0.04,1
Olfr666,0.921566350940252,0.626900676746901,0.013,0.007,1
Lect2,0.921620995622374,1.3580823705884,0.013,0.007,1
Bpifb4,0.921645698399437,0.176228097486557,0.044,0.035,1
Rpusd2,0.921669382342321,0.861674340234313,0.013,0.009,1
Cobll1,0.921705814195246,-0.0155927078499847,0.252,0.193,1
Gm17615,0.921776875722209,1.39985416696138,0.013,0.006,1
Zfp839,0.921896500861056,0.545609962964332,0.031,0.027,1
Ccdc39,0.922001210233145,0.0307247540703486,0.088,0.073,1
Tmem35,0.922081209626045,0.830110599750685,0.013,0.009,1
Phlpp2,0.922360659651722,0.097998662515566,0.132,0.089,1
Dolk,0.922408108387214,0.610202102785816,0.013,0.011,1
Olfr995,0.922483164701837,1.01401201696263,0.013,0.007,1
Slc20a1,0.922622457946354,0.650628083115356,0.05,0.03,1
Ptk7,0.922675718536612,0.322102301164395,0.094,0.051,1
Mettl21b,0.92267662953715,0.864338913741298,0.013,0.013,1
March9,0.922857076860044,0.704809436475268,0.025,0.014,1
Nek1,0.922958291746289,0.0125827466374804,0.264,0.194,1
Csnk1d,0.923078483910185,0.630306534966752,0.025,0.017,1
Nipsnap3a,0.923138697212807,0.697851838159363,0.019,0.013,1
Atp8b5,0.923265929637808,0.179219504546794,0.094,0.071,1
Fam3b,0.923416221308224,0.0553047520584293,0.031,0.028,1
Cep78,0.923477684922694,-0.111835000444411,0.094,0.058,1
1110012L19Rik,0.923953964282565,0.59748101689974,0.025,0.013,1
Bod1l,0.924014068194852,0.0658173021593793,0.164,0.126,1
Cideb,0.924065552555101,0.721697273330466,0.031,0.015,1
Mitd1,0.924080109976673,0.695479642768932,0.044,0.021,1
Rilp,0.92408071453871,0.286631695471759,0.019,0.018,1
Daam2,0.924105031574624,0.217946745291314,0.094,0.061,1
Trappc11,0.924149318001626,0.0763605169743933,0.069,0.052,1
Gm609,0.924214212505801,0.230407576617544,0.101,0.071,1
Myh4,0.924215473718637,0.289153524473568,0.038,0.021,1
Morn1,0.924323305750186,0.267960290423628,0.088,0.061,1
Dnajc16,0.924445660247641,0.213110508263505,0.025,0.027,1
Smtnl1,0.924460698473094,0.268613394397079,0.044,0.024,1
BC027231,0.92447251271445,0.135847108317399,0.057,0.035,1
Tmem5,0.924523450549889,0.0271883983364685,0.113,0.071,1
Lpin1,0.92460525422157,-0.0195706034760885,0.082,0.054,1
Btk,0.924687651331788,0.180928339168243,0.038,0.035,1
Ly6e,0.924782924819381,0.423512931478891,0.019,0.014,1
Bmper,0.924955614511881,-0.128012602849736,0.346,0.255,1
Ipo4,0.924996094861599,0.526142354151047,0.025,0.014,1
Dnajb5,0.925047087274559,0.121087812462425,0.057,0.044,1
Add2,0.925059614227149,0.0155712145781557,0.075,0.051,1
Adam3,0.925398193984158,0.15996200009973,0.069,0.067,1
Slc25a30,0.925425352998612,-0.0380749736763288,0.101,0.062,1
Zfp574,0.925583526658662,0.219839548820636,0.044,0.029,1
Micu1,0.925632176026468,-0.0160055042647511,0.189,0.139,1
Atp10b,0.925721086394638,0.0243302317331593,0.195,0.161,1
Smc3,0.92574191853994,0.132650902531382,0.063,0.051,1
Bicd2,0.925780567235213,0.36195242083526,0.069,0.054,1
Inpp5b,0.925867841726095,0.286174945081397,0.069,0.052,1
Lipf,0.925907029073278,0.717669657852873,0.025,0.017,1
Usp42,0.926118682123812,0.316051891147374,0.063,0.042,1
PCDHA9.5,0.926338418662337,-0.0227393602994583,0.094,0.074,1
Pcyt2,0.926365841198758,1.07747788337543,0.013,0.007,1
Gm525,0.926388814751305,0.973402358811776,0.019,0.011,1
Tubb1,0.926423386749112,0.376755117581213,0.019,0.013,1
Atxn1l,0.926650443226714,0.73234569442485,0.019,0.016,1
Cd53,0.926671207938576,0.435073458611516,0.019,0.015,1
Gnpda1,0.926692993669226,0.48416516398624,0.063,0.034,1
Zfp322a,0.926831724200632,0.327719056986199,0.057,0.032,1
Slc13a3,0.926840307429705,0.0982699360982533,0.082,0.055,1
Zfp52,0.926937501020216,0.765974245857224,0.013,0.007,1
St3gal4,0.926966610125015,0.00964551158558802,0.05,0.037,1
Arl13b,0.92706253551351,0.122142127803604,0.138,0.12,1
Mcm10,0.927190882045938,0.102485296813828,0.063,0.045,1
Ripply3,0.927278147664235,0.871123553200631,0.019,0.01,1
Zkscan1,0.927305668355361,0.512157013214707,0.031,0.016,1
Rnf31,0.927489532521931,0.162214615499274,0.038,0.027,1
Eif2ak2,0.927503648209591,0.221173872501374,0.05,0.036,1
Ucp2,0.927503656326524,0.456599641362621,0.019,0.01,1
Sft2d2,0.927526656211285,0.227045524565072,0.05,0.039,1
Pomc,0.927527691635417,1.15260774750928,0.013,0.01,1
1700025G04Rik,0.9276247346116,-0.0551294778274745,0.258,0.163,1
Jade3,0.927662233194747,-0.024032037598575,0.094,0.075,1
Ndufa13,0.927666431882562,0.45145939333525,0.031,0.019,1
Leprotl1,0.927673980919904,0.362365599960439,0.025,0.019,1
Actn1,0.927691189999831,0.181187990213632,0.126,0.088,1
Serpinb6a,0.927805119583136,-0.0163928437369734,0.182,0.127,1
Mettl7a2Higd1c,0.927836382741673,0.4272997086873,0.025,0.018,1
Urad,0.927894266922358,0.209187757759875,0.025,0.021,1
Dnajc27,0.927934369394153,0.244594839813244,0.082,0.051,1
Gm7173,0.92806183645249,0.271424344561404,0.057,0.032,1
Cc2d2a,0.928110648093132,0.0243973070979444,0.151,0.106,1
Tfcp2,0.928201845378315,0.156677660113934,0.088,0.061,1
Dppa1,0.928211743444862,0.498808563208065,0.025,0.026,1
Tmem128,0.928344074552901,0.56170027243238,0.019,0.012,1
Smco4,0.928475221112972,-0.139011549230796,0.113,0.087,1
Fcamr,0.928490476238461,0.663890325156566,0.025,0.014,1
Hs3st3b1,0.928614236419361,0.242880724105676,0.044,0.034,1
Wdr63,0.928637607937629,-0.0615922326737506,0.107,0.075,1
Ddah1,0.928685826274199,0.00822291170453404,0.113,0.097,1
Cryga,0.928691055987011,0.602715682456372,0.013,0.01,1
Rimbp3,0.928714221226274,0.778449264512325,0.025,0.012,1
Gm10964,0.928906190620802,0.827851230806167,0.013,0.013,1
Hnf1a,0.928930624023547,0.589093472210305,0.038,0.018,1
Appl1,0.92895702677532,-0.0186424587404481,0.088,0.068,1
Akip1,0.928981164560556,0.229749048401501,0.025,0.018,1
Nkd1,0.929016260291433,0.144338511895033,0.057,0.04,1
4933427G17Rik,0.929137031783469,0.259800844823007,0.082,0.056,1
Smtnl2,0.929212268217867,0.30211165469136,0.044,0.033,1
Rps2,0.929228357709997,0.564144978759643,0.025,0.015,1
Fam46b,0.929334421131216,0.469909309887923,0.025,0.016,1
Adhfe1,0.929392568839316,0.278926478824419,0.101,0.062,1
Vmn2r83,0.929498962503373,0.423231403329292,0.031,0.021,1
Zfp213,0.929555741439045,0.345462961647709,0.019,0.021,1
Msmb,0.929563240281745,0.578043612872573,0.019,0.013,1
Coro1b,0.929614674417537,0.308643081413726,0.025,0.023,1
Aaed1,0.929636649940888,0.114596562633563,0.094,0.053,1
Hipk4,0.92965854126287,0.40412580805283,0.025,0.013,1
Map1lc3a,0.929696802971787,0.637668269409664,0.025,0.018,1
St7l,0.929779433350031,0.155297017238517,0.069,0.051,1
Chst4,0.929849216019121,0.789831184427932,0.019,0.013,1
Ntng2,0.929937033584032,0.134098170456987,0.075,0.054,1
Tex9,0.930004028915244,0.187224879441525,0.075,0.045,1
Arl2,0.930048122594292,0.267135044959618,0.044,0.033,1
Casp2,0.930082565991856,-0.0317959402758632,0.138,0.099,1
Stk25,0.930087901796121,0.311874138421838,0.057,0.054,1
Usp18,0.930234401082984,0.00242022570694456,0.044,0.033,1
Flywch2,0.930249801017106,1.04744966505148,0.019,0.007,1
Serpinb8,0.930265341350547,0.0654921682835212,0.057,0.041,1
Nin,0.930271843784736,0.0580775286095068,0.145,0.089,1
Spink12,0.930451688973145,1.486370720407,0.013,0.006,1
Jkamp,0.930455864612949,0.218281830850558,0.063,0.048,1
Rab2b,0.930948463910834,-0.0585581513702858,0.05,0.035,1
Podn,0.930980880903965,0.129625010438621,0.094,0.056,1
Rpl12,0.930987432202914,0.56677309294358,0.013,0.009,1
Atp6v0d2,0.931070646723621,0.165740177391911,0.113,0.096,1
Clec1a,0.931122326062412,-0.0239336071860974,0.057,0.038,1
Hmces,0.93118933746831,0.490968328110947,0.025,0.015,1
Pbrm1,0.931259924298526,0.023334692837067,0.075,0.051,1
Oard1,0.931311697394908,0.0469964669374114,0.075,0.068,1
Lyn,0.931312293002854,-0.0169007545653277,0.277,0.207,1
Rbm48,0.931375895257658,0.0779474377031795,0.05,0.03,1
Glmn,0.931395357390637,0.0358492907602956,0.107,0.064,1
Gng3,0.931408567512481,0.887058208064013,0.013,0.01,1
D930015E06Rik,0.931416147196316,0.0117049623076757,0.289,0.192,1
9230019H11Rik,0.931506982075007,0.633664561517694,0.019,0.012,1
Papolg,0.93151618894553,0.226151651722365,0.101,0.076,1
4930486L24Rik,0.931628729646163,0.308210797852541,0.013,0.009,1
Ugt1a8,0.931646061754817,-0.0361681175550839,0.145,0.117,1
Dhrs1,0.931785402995442,0.477244251625035,0.031,0.022,1
Sell,0.931812236863273,0.241808891136714,0.057,0.036,1
Ndufaf6,0.931954771414359,0.882452072573105,0.031,0.032,1
Tceal7,0.932020856981645,0.327355245455889,0.013,0.007,1
Med14,0.932074692090429,0.528807800255908,0.031,0.03,1
Spire1,0.932095367310843,0.436150200114536,0.044,0.023,1
Zcchc16,0.932294680824821,-0.128940493247447,0.226,0.189,1
Ccna2,0.932335481588633,0.16569279329182,0.094,0.063,1
Mob4,0.932358971657396,0.412299987947999,0.031,0.016,1
Foxm1,0.9323968489227,0.287685415481144,0.038,0.032,1
Rpl18,0.932460645139981,0.731615391685019,0.019,0.012,1
Pdc,0.932482595262301,0.414291104933492,0.019,0.013,1
Cep290,0.93249564749995,-0.0291637992799534,0.245,0.177,1
Terf1,0.932521879924609,-0.0562110566670806,0.101,0.091,1
Itln1,0.932602875902418,0.403245174010271,0.057,0.037,1
Bckdk,0.932717285632548,0.651960788890704,0.013,0.009,1
Capg,0.932733141574391,0.518155304044753,0.05,0.023,1
Nol11,0.932797819656313,0.222578323507718,0.05,0.029,1
Lrig3,0.932850298197618,0.174805551426734,0.069,0.046,1
Egln1,0.932961502021436,0.394265628916242,0.031,0.021,1
Sltm,0.933125660090514,0.0933631696865058,0.05,0.036,1
Ajap1,0.933152499699931,-0.0835094053467853,0.113,0.076,1
Sbno2,0.933218005099681,0.605552408679971,0.05,0.037,1
Ccnb1,0.933332083989884,0.279102763554531,0.044,0.026,1
Olfr649,0.933673747314935,0.364625537115971,0.031,0.021,1
Pou2f2,0.933712233106357,0.227636541646216,0.069,0.053,1
Oscar,0.933882466786945,0.678390049492723,0.013,0.011,1
Gm20661,0.933986803858994,0.341490152855162,0.031,0.021,1
Myh14,0.934114930791252,0.192585755964523,0.082,0.057,1
Arrdc1,0.934190478455067,0.320399800470751,0.019,0.013,1
Map3k1,0.934225990352351,0.22049047362659,0.082,0.062,1
Trp53inp2,0.934331637453834,0.251831209825735,0.031,0.022,1
Kif20b,0.934348903633384,-0.115793347637639,0.151,0.112,1
Arnt,0.9344118670466,0.180298458706287,0.069,0.039,1
Cyp2d22,0.934479349615113,0.910578372843631,0.031,0.018,1
Oaz2,0.93450668884037,0.480442270555264,0.025,0.015,1
Ccnd3,0.934524297040803,0.0197015106575353,0.132,0.089,1
Mrps10,0.934651766942539,0.275135089165542,0.038,0.021,1
Gpr146,0.934668814865812,0.747403412856637,0.038,0.021,1
Cebpe,0.934669156828251,1.00659726138461,0.013,0.008,1
Btbd11,0.934752584740293,-0.136444095821402,0.384,0.271,1
Ttc24,0.934812604000187,0.68196629315216,0.013,0.01,1
Kir3dl1,0.93487004025084,0.760901880807787,0.013,0.01,1
Kdm8,0.934918924650292,0.279158028136069,0.075,0.053,1
Setdb1,0.934935056628373,0.288159295960306,0.05,0.03,1
Rbm5,0.935060832546431,1.0490593945927,0.013,0.009,1
Fpgs,0.935085389586744,1.32300223238957e-05,0.075,0.049,1
Hnrnpa2b1,0.93531077024755,0.523952697860747,0.019,0.018,1
Gpr176,0.93537332514047,-0.0350086153938505,0.138,0.083,1
Tecta,0.935392002015798,0.192189741309935,0.075,0.059,1
Gng4,0.935467368312639,-0.0508382974546779,0.094,0.078,1
Gabrq,0.935568337316006,0.410000074513567,0.031,0.02,1
Tars2,0.935623521495284,0.49783807562113,0.038,0.021,1
Pdcl2,0.935735267200198,0.458578388125695,0.031,0.018,1
Rab35,0.935766856525697,0.806413350648913,0.019,0.014,1
Calhm3,0.935780141513145,0.917636940602759,0.013,0.007,1
Tmem45b,0.935876676080787,0.215388920540048,0.057,0.032,1
Tlr9,0.935942050805681,1.07025302635846,0.013,0.005,1
Scd3,0.935946836051303,0.997955775459994,0.025,0.013,1
Mrpl44,0.935984395275779,0.465896025157118,0.025,0.017,1
Rufy3,0.936010479732105,0.143415261212767,0.069,0.049,1
Eml6,0.936171825962989,-0.0560773115838691,0.333,0.235,1
Katnb1,0.936215109358357,0.044457248398917,0.101,0.069,1
Dnajc13,0.936250139840581,0.0959525391504745,0.157,0.119,1
Anxa9,0.93635918316789,0.639097071739944,0.013,0.009,1
Adck1,0.936440164502183,0.0409522869205858,0.245,0.192,1
Cytip,0.936440661154295,-0.0664256922953364,0.151,0.106,1
Sucla2,0.936618654554577,-0.0341606227007691,0.151,0.098,1
Pogz,0.936660871938155,0.422241685295282,0.038,0.036,1
Vps29,0.936668064868732,0.553356566291249,0.019,0.014,1
Tti1,0.936762234606578,0.248037803369886,0.082,0.046,1
4930512M02Rik,0.93702300039384,0.30918120680239,0.044,0.027,1
Cdc34,0.93728873721475,0.195039080247919,0.031,0.03,1
Vps35,0.93744845113617,0.170032232886325,0.038,0.041,1
Stard10,0.937597317984675,0.628389645527159,0.038,0.021,1
Kat2a,0.937671728566127,1.07905382188279,0.019,0.01,1
Ppp1cb,0.937683266312719,0.386607282293993,0.057,0.052,1
Scrg1,0.937704868531561,0.303969498572464,0.057,0.032,1
Fcrla,0.937755820662723,0.166519246694548,0.025,0.016,1
Izumo2,0.937894617697757,0.406763483473194,0.019,0.009,1
Gbp4,0.937940443640958,0.372761955855031,0.019,0.021,1
Uri1,0.937990078589387,0.0256792064414917,0.082,0.063,1
Psmd8,0.938035988107159,0.658215378267453,0.025,0.012,1
Disc1,0.938152860531065,0.0209045441693085,0.208,0.151,1
Snrpb,0.938153490182572,0.673798958678433,0.019,0.011,1
Sag,0.93824560359038,0.430544600754938,0.044,0.027,1
Rps13,0.938360278614479,0.526283178736604,0.019,0.012,1
Rb1,0.938371187603388,0.130822245166708,0.126,0.077,1
Plac1,0.938516477861604,0.00755729860193455,0.119,0.087,1
Mfn2,0.938528329672768,0.660981131036516,0.038,0.029,1
Bdnf,0.938798743870782,-0.057786637125822,0.132,0.106,1
Hprt,0.938976186539331,-0.00269607581695297,0.05,0.04,1
Ptbp1,0.938989215943347,0.984482611847679,0.031,0.013,1
Crnn,0.939005053109418,0.652585076713018,0.013,0.011,1
Azgp1,0.939015693675908,0.65251110885244,0.013,0.009,1
Trappc1,0.939162290631924,0.603961061811917,0.019,0.016,1
Pcdhga5,0.9391775585598,0.216513868631899,0.057,0.038,1
Fam168a,0.939205614044266,0.242477427583607,0.075,0.05,1
BC049352,0.939214255769618,0.0181956889953172,0.101,0.063,1
Nkapl,0.939270714124819,0.802136736414885,0.019,0.012,1
Fbxl18,0.939282543301477,0.494294105812591,0.031,0.022,1
Lrp4,0.939285192960132,0.220007436004011,0.057,0.043,1
Dclre1c,0.939299116218646,-0.0940060029034822,0.075,0.061,1
Arf4,0.939369284069524,0.386658085856325,0.025,0.022,1
Spink10,0.939444172009098,-0.0522936245640011,0.22,0.147,1
Prss56,0.939471755785326,0.927183386011088,0.013,0.01,1
Akr1cl,0.939722815531184,0.453052115475936,0.025,0.017,1
Pycrl,0.939739634988033,1.12867833145403,0.019,0.009,1
Zfp474,0.939741392203087,0.175653038702499,0.057,0.039,1
AI846148,0.93976353330689,0.609211762683405,0.031,0.021,1
Atad2b,0.939803727232543,0.222118238869849,0.119,0.094,1
Tab2,0.939978942585088,0.37060429804577,0.025,0.023,1
Oxgr1,0.940016562534658,0.139198866632309,0.038,0.026,1
Zbtb34,0.940090025026622,0.537483527336346,0.013,0.015,1
Pnck,0.94012356016839,0.33287271489275,0.013,0.007,1
Gchfr,0.940185491056533,0.766782676357511,0.013,0.009,1
Atm,0.940227253876578,0.0223586650556977,0.239,0.161,1
Rnaseh1,0.9402693918944,0.26707289921478,0.031,0.023,1
Tnn,0.940455105621892,0.184509531045313,0.138,0.079,1
Prdm13,0.940495902075592,0.55793322837367,0.013,0.01,1
Rassf6,0.94054264339033,0.0520266641473919,0.101,0.08,1
Tirap,0.940563918300874,0.0623828299901303,0.038,0.029,1
Rnd2,0.940573489794165,0.476170489363868,0.025,0.02,1
Slfn9,0.940595207742257,0.484604114586211,0.013,0.012,1
Hapln1,0.940624556854883,0.0905970870098769,0.132,0.114,1
Pip5kl1,0.940654960711976,0.586073443587779,0.025,0.015,1
Lrat,0.940785938241261,0.495657213074931,0.031,0.025,1
Sult1e1,0.940873616715518,0.0999456952201294,0.038,0.026,1
Vgll1,0.940883214054273,0.61152633869651,0.025,0.014,1
Clrn2,0.941010325279653,0.498211394638865,0.019,0.016,1
Zfp287,0.941108479132098,0.262251832452139,0.05,0.032,1
Cgnl1,0.941156326642881,0.23387325681615,0.107,0.092,1
Lrfn2,0.941222316397225,0.11578417063702,0.201,0.175,1
Apol10b,0.941269763922616,0.760627975520292,0.019,0.009,1
Lmx1b,0.941437683670532,0.197999881627518,0.038,0.033,1
Rbpms,0.94151922095062,-0.0879416721096353,0.22,0.168,1
Arl4a,0.94155028181501,-0.0619303507233777,0.132,0.084,1
Pdzrn3,0.941565982326264,0.0995481570536754,0.314,0.202,1
Lct,0.941697394852173,0.247599954568616,0.088,0.065,1
Gm21985,0.941723314225294,0.0239602191319457,0.195,0.148,1
Apitd1,0.941782405512452,0.226981339799582,0.025,0.017,1
Msantd1,0.941783262613421,0.478504106952655,0.013,0.013,1
Slc2a12,0.941824554751723,0.0142173062607975,0.107,0.085,1
Rbpjl,0.941865222678859,0.350045056459441,0.025,0.017,1
Psenen,0.941958847529638,1.01510558063172,0.013,0.008,1
Ep400,0.942141476475438,0.0906354408981294,0.164,0.113,1
Mpv17l,0.942283593085629,0.297402238143171,0.057,0.048,1
Smoc1,0.942347076151759,0.00503747225486251,0.195,0.123,1
A730017C20Rik,0.942375015140456,0.196147063684435,0.044,0.031,1
Tbc1d8b,0.942382137767358,-0.0732363320620797,0.101,0.07,1
Aunip,0.942449074747287,0.913809777503331,0.013,0.01,1
Tollip,0.942538293840762,0.288012694003141,0.063,0.046,1
Zfp286,0.942633929239977,0.276736219107358,0.05,0.035,1
Chia1,0.942865697084492,0.294303370574091,0.031,0.024,1
Fhl2,0.942923337571466,0.198658905982886,0.138,0.1,1
Cdkl2,0.942941762051722,0.189376966548259,0.069,0.05,1
Sgsm2,0.943002863908699,0.377281872159018,0.057,0.038,1
Tomm7,0.943053284960244,0.90702786364219,0.019,0.007,1
Ebf2,0.943101010756017,0.046363788718558,0.182,0.121,1
1700030K09Rik,0.943126917352654,0.185887715766382,0.044,0.022,1
Copa,0.943176403307002,0.450343430080935,0.031,0.021,1
Nrn1,0.943197653998752,0.986949924995509,0.013,0.011,1
Gpr3,0.94330020939004,0.476999135626736,0.019,0.015,1
Nox4,0.943366210401893,-0.0815417944582051,0.252,0.178,1
Igsf10,0.94342480976428,-0.0783550016362473,0.113,0.082,1
Relt,0.943449157450386,0.213809510940258,0.05,0.032,1
Myo9a,0.943458537025059,0.00870718966008344,0.151,0.115,1
Ahsa2,0.94348262535746,0.159780750188205,0.069,0.051,1
Mgrn1,0.94360797463112,0.42907073599873,0.044,0.026,1
Ugt1a6b,0.943647803564736,-0.0262687859627295,0.132,0.109,1
Ccbl2,0.943756175871797,0.0218240412641948,0.157,0.126,1
Lrp8,0.943770808999484,0.227837245604473,0.101,0.065,1
Fibin,0.943826924774909,0.330141862163102,0.031,0.019,1
Maneal,0.943946626338612,1.03219425560792,0.013,0.008,1
Sorbs3,0.943963947525134,0.179697285960765,0.038,0.031,1
Ldb3,0.943967003602522,0.105505640093114,0.075,0.056,1
Tmem26,0.944074581431899,0.110493548957022,0.088,0.07,1
Sgip1,0.94410301913684,-0.0250434959842099,0.182,0.119,1
Pon2,0.944448014410105,-0.0853529931337604,0.126,0.092,1
Htatsf1,0.944471680390115,0.0575028952396766,0.044,0.03,1
Galt,0.94460760653416,0.464123656315374,0.025,0.014,1
Nmt2,0.944866165667428,0.00247727040692558,0.126,0.105,1
Ifnb1,0.94486885380779,0.722811242120431,0.013,0.009,1
Dnmt3b,0.944908043791994,0.105546733338995,0.075,0.053,1
Scarb2,0.944928972897629,0.191737885385057,0.094,0.063,1
Dedd2,0.945035979011288,0.196910635415461,0.057,0.032,1
Thra,0.945051342784686,0.572782641526866,0.013,0.016,1
Perp,0.945061801101604,0.130340731855867,0.031,0.021,1
Adck2,0.945067397344058,0.283302126276992,0.057,0.033,1
Zbtb26,0.945170258086699,0.865604455928114,0.013,0.009,1
Lztfl1,0.945319693924523,0.167503257413935,0.094,0.066,1
Brd3,0.945324035317928,0.07681996611307,0.107,0.07,1
Cyp2c69,0.945373935215035,0.255076549928262,0.025,0.016,1
Fam76a,0.945376865679039,0.1457030111432,0.069,0.045,1
C8b,0.945424910074945,-0.030781730053576,0.063,0.041,1
Mocos,0.945567683468595,-0.0059409805602364,0.094,0.076,1
Olfr825,0.945642930280093,1.57905377939296,0.013,0.005,1
Hmmr,0.945643211611992,-0.0695825942046291,0.107,0.092,1
Gna15,0.945714956995876,0.0861909924556619,0.031,0.021,1
Slc39a10,0.945719695259938,-0.0333435727832696,0.22,0.167,1
Trp53i13,0.945820378719119,-0.0310622597829937,0.031,0.023,1
BC024139,0.945865659584902,0.553704162879652,0.013,0.012,1
Abcc4,0.945927160585517,-0.0598744855027946,0.245,0.206,1
Zw10,0.945944480724667,0.261258803932021,0.031,0.022,1
Slc35a5,0.945975333371433,0.222390617830941,0.069,0.047,1
Gm5447,0.946000778409903,0.288395227998727,0.025,0.018,1
Snrnp35,0.946093177141696,1.04212412453932,0.013,0.008,1
Nme1,0.946109465147173,0.585371862338598,0.031,0.018,1
St13,0.946258327025873,0.449578056714767,0.038,0.019,1
AW549877,0.946383442878755,0.123088685022815,0.075,0.048,1
Etohi1,0.946409347638092,0.866346506806677,0.013,0.006,1
A730049H05Rik,0.946476885910381,0.671369225054129,0.019,0.016,1
Gm17484,0.946504266451846,0.264548907296236,0.031,0.022,1
Msln,0.94651234332002,0.949439256808384,0.006,0.013,1
5830473C10Rik,0.946517077718415,-0.0140589459638028,0.113,0.086,1
Inhba,0.946668878291935,0.238723240919946,0.057,0.054,1
6330403A02Rik,0.946695124429083,0.629670419734367,0.057,0.045,1
Mageb3,0.946872006712821,0.37825769459397,0.025,0.026,1
Ucma,0.946919865904172,0.647637345827462,0.019,0.012,1
Atp6v1g3,0.947231496177043,0.108520465760824,0.05,0.029,1
Dak,0.947252073620324,0.385469659855433,0.031,0.029,1
Rragc,0.947317664788658,0.363893050248867,0.025,0.024,1
Adap2,0.947335628199728,0.340725865879237,0.038,0.023,1
Casp14,0.947416526302841,0.426000860879251,0.019,0.012,1
Gria4,0.947665355218688,-0.0759741232244255,0.447,0.339,1
Ccdc125,0.947795993513218,0.166463883481343,0.038,0.031,1
Commd6,0.947835880794301,0.330635808805185,0.038,0.026,1
Smad5,0.947854595046047,0.466794156208838,0.038,0.022,1
Plekho2,0.947898638016639,0.299525835750352,0.069,0.043,1
Glo1,0.947940055086314,0.559607934078699,0.031,0.018,1
Zfp672,0.94807068225947,0.770131004135754,0.038,0.019,1
Bmp8b,0.948086311578544,0.422756981275762,0.031,0.023,1
Adam18,0.948102268578898,-0.157939010427882,0.132,0.085,1
Ipmk,0.948326229244963,-0.0469320209911177,0.157,0.108,1
Heatr1,0.948328789058756,0.0785197304163505,0.176,0.126,1
Evpl,0.948470295522896,0.44321052389584,0.038,0.022,1
Olfr398,0.948562993814706,0.831564755143888,0.013,0.005,1
Birc3,0.94860222740131,0.148544920015053,0.069,0.06,1
Lrguk,0.948631998370074,-0.0198993024769281,0.189,0.132,1
Gm7247,0.948652379941986,-0.109128845814066,0.182,0.136,1
Pltp,0.948731885472086,0.693012417162665,0.013,0.009,1
Ipo5,0.948864624229774,-0.0239862272592752,0.107,0.074,1
C1qtnf1,0.948886558731383,0.636041099907575,0.038,0.024,1
Slc23a2,0.948977746755577,0.0764931449750446,0.088,0.059,1
Hnf4a,0.949298442286042,-0.0385273628989378,0.101,0.07,1
Gpr124,0.949327310523062,0.217929816862202,0.069,0.049,1
Mmgt1,0.949389951220483,0.223202592492403,0.031,0.031,1
Dpcd,0.949480925867845,0.650671490779125,0.038,0.026,1
FMN1,0.949610803319628,-0.0800419629625264,0.428,0.363,1
Ucp3,0.949681226900757,0.660947235164706,0.019,0.012,1
Emc7,0.949695197645789,0.255356553940777,0.038,0.032,1
Gata5,0.949779787667908,0.704214308640999,0.013,0.009,1
D030025P21Rik,0.949911623282691,0.74134274493914,0.019,0.01,1
Cdh7,0.949990422067396,0.00692076717405588,0.189,0.161,1
Npdc1,0.950030389967106,0.647610938545837,0.006,0.012,1
Vmn2r99,0.95012966218994,0.460622897451623,0.019,0.014,1
Mbd3l2,0.950135381536543,1.53729510204941,0.013,0.005,1
Tmc1,0.950191696894332,0.144739208929817,0.195,0.128,1
Srpr,0.950293168307239,0.126493141697424,0.088,0.067,1
Col8a2,0.950468975707203,0.333952737935982,0.025,0.021,1
Tmc6,0.950493728887171,0.378746979390693,0.031,0.017,1
Dpf1,0.950516643496245,0.472734014044719,0.044,0.029,1
Prmt5,0.950593216251578,0.0458710776789575,0.057,0.038,1
Ptrh1,0.950598470792866,0.525000904268527,0.044,0.023,1
Pfn4,0.950629099458148,0.555729804845077,0.031,0.024,1
Neu4,0.950688781189097,0.17936183285068,0.031,0.021,1
Peg10,0.950940104469093,0.170256412321926,0.05,0.043,1
1700011I03Rik,0.951037184154155,0.00219866832300264,0.283,0.214,1
Arhgap18,0.951219157984407,-0.0540286474059655,0.371,0.268,1
Smim11,0.951365313358585,0.524803592348164,0.038,0.021,1
G0s2,0.951435166527397,0.656600516184207,0.025,0.013,1
Hsph1,0.951638720786773,-0.00817661402787628,0.044,0.029,1
Ogfod3,0.951883561482247,0.0358848160326364,0.075,0.049,1
Smyd5,0.951934703383639,0.437951359386319,0.025,0.02,1
Grin2a,0.952085374809511,-0.108035587022561,0.434,0.355,1
Spata31d1d,0.952088438396071,0.752229214561175,0.031,0.021,1
Sdr16c5,0.952113420916923,0.21286610709829,0.057,0.043,1
Syt12,0.952184646019833,0.216838660031188,0.063,0.043,1
Dazl,0.952238015279325,0.0802910802946046,0.044,0.031,1
Abcf1,0.952264557606057,0.274145866669449,0.031,0.02,1
Acot2,0.952284512371193,0.761877229008617,0.019,0.011,1
Anxa5,0.952387645741914,0.178056712434334,0.082,0.057,1
Acbd5,0.952414960868857,0.175611107526653,0.069,0.038,1
Kansl2,0.952467671799617,0.879427536434082,0.031,0.022,1
Rundc1,0.952515361960287,0.80553766637322,0.025,0.012,1
4930564B18Rik,0.952572583794453,0.432618732034125,0.044,0.029,1
Pgc,0.952619585721991,0.855208251274977,0.013,0.013,1
Arfgap3,0.95263912521888,0.356503283565561,0.094,0.06,1
Dhrs7,0.952663023953555,0.193839980892143,0.038,0.027,1
Eif5,0.95276207590866,0.32890761245428,0.013,0.019,1
Cyb5r2,0.952771182499606,-0.0549765325714544,0.031,0.023,1
Il13ra2,0.952994821446766,0.362272164146028,0.044,0.028,1
Fbxw16,0.953099542739904,0.736102286639399,0.013,0.01,1
Zfp444,0.953100587578065,0.13664533985045,0.05,0.038,1
Cers3,0.953129754750137,0.0878573887947813,0.119,0.079,1
Ip6k1,0.953140826591539,0.28018321650962,0.057,0.033,1
Pfas,0.953375838897454,0.658211525483299,0.025,0.015,1
Nup62cl,0.953443551109829,0.271920316421582,0.05,0.033,1
Hfe,0.953462468277716,0.707263186469562,0.013,0.01,1
Spi1,0.953516147296765,0.0696030117054285,0.069,0.046,1
Akap17b,0.953614323145687,0.293281624478171,0.05,0.031,1
Rgmb,0.953957278964374,0.211471809008527,0.044,0.038,1
Tpgs2,0.954228816032399,0.0138449888519947,0.145,0.091,1
Hpdl,0.954415706033558,1.38244549910583,0.013,0.007,1
Alyref2,0.954433924382348,1.05370710311472,0.013,0.011,1
Mettl21c,0.954502897642128,0.41794640416071,0.044,0.026,1
Chchd5,0.954504809641427,0.613982103511311,0.025,0.015,1
Orai1,0.95457131495138,0.457268595354707,0.05,0.026,1
Ism2,0.954677838931346,0.451295346823796,0.025,0.014,1
Gcn1l1,0.95479311700092,0.450361761786319,0.088,0.049,1
Dach1,0.954805963935968,0.00312430963702814,0.491,0.393,1
Tomm34,0.955073094494206,0.292262844705032,0.05,0.033,1
Ankrd34c,0.955094812038733,0.384590982868843,0.025,0.015,1
Fam210a,0.95511807064878,0.101009358101189,0.05,0.037,1
Arr3,0.955163451835196,0.47607403797242,0.019,0.012,1
Ifih1,0.955220500302137,-0.0826431047749563,0.17,0.121,1
Clec5a,0.955301760184248,0.128604138926608,0.031,0.017,1
Mrps24,0.955303942218103,0.724435188730968,0.013,0.01,1
2210010C04Rik,0.95535791711694,0.227749754967454,0.019,0.012,1
Tespa1,0.955366127680896,0.00979289286262919,0.069,0.045,1
Rasal3,0.955457712223795,1.43362723515857,0.013,0.005,1
Cep44,0.955513959954565,0.0769727531399571,0.088,0.057,1
Fam83e,0.95556465685595,0.976540252762574,0.013,0.009,1
Trmt2a,0.955655069316912,0.512666951028079,0.025,0.02,1
Ept1,0.955809206345932,0.296694377672599,0.057,0.037,1
Flnc,0.955915151832469,0.0697312008956459,0.057,0.038,1
Cplx4,0.955979903046494,0.471663986650208,0.031,0.03,1
Rnf185,0.955980516364301,0.513280015250182,0.057,0.032,1
Hnrnpab,0.956044530438331,0.418179136002014,0.025,0.016,1
Snx3,0.956056192566441,0.219743612361691,0.044,0.029,1
Sclt1,0.956098226910663,-0.0991996577586454,0.252,0.158,1
Gnpat,0.956112086409204,0.402492560627746,0.031,0.023,1
Cemip,0.956112920814813,-0.0513718738778599,0.201,0.134,1
Zfp692,0.956151361623993,0.652758543452708,0.013,0.01,1
Ccr7,0.956207316057264,0.779951262307661,0.013,0.012,1
Tubb6,0.956283397850223,0.374609566973697,0.025,0.019,1
Gpr139,0.95629552637325,0.00894769485169888,0.088,0.064,1
8030462N17Rik,0.956367724832744,0.101154102310826,0.119,0.068,1
Gabra1,0.956511457494694,0.09574202529505,0.075,0.054,1
Ccpg1,0.956555109961852,0.159235318672084,0.075,0.05,1
Cyp3a16,0.95661469602399,0.278166334694814,0.019,0.015,1
Ms4a6c,0.956627789382904,0.337678332488169,0.025,0.023,1
Map7d2,0.956675052353238,-0.0975009827841982,0.082,0.058,1
Wdr73,0.95669223218,0.605086425411013,0.025,0.016,1
Gm19684,0.956707440858369,0.878186126572562,0.013,0.007,1
Fbxo4,0.956780145797418,0.652465366800745,0.025,0.017,1
Cchcr1,0.956845183669849,0.366125149109461,0.031,0.026,1
Rrh,0.956889668569807,0.0241243931389246,0.088,0.055,1
Tmppe,0.957046773618069,0.48412669494515,0.031,0.016,1
Dnah9,0.95715897365108,0.00625528083065907,0.321,0.216,1
Neurod4,0.957221161476562,0.469615748245079,0.031,0.022,1
Btnl9,0.957314523165361,0.522429143637016,0.05,0.034,1
Psg29,0.957351643874861,1.06959612418431,0.013,0.006,1
Gm7694,0.957512890827993,0.511741892100427,0.019,0.017,1
Zik1,0.957548165557496,0.00584469318636227,0.057,0.052,1
Vmn2r79,0.957631977750038,0.229501249416991,0.088,0.046,1
F13a1,0.957799260045859,-0.0840854365986181,0.233,0.166,1
Caps2,0.957802575752211,-0.114655113795887,0.151,0.101,1
Prkx,0.957870569373077,0.370730254199727,0.05,0.031,1
Cxx1a,0.95789852940645,1.19045737461173,0.013,0.009,1
Nab2,0.957928975501456,0.593871176092916,0.019,0.014,1
Gm6976,0.958014928965355,0.0558795895467119,0.069,0.049,1
Olfr1301,0.958028133608465,1.23070799897155,0.013,0.004,1
9430015G10Rik,0.958087397491746,-0.0419937974151852,0.075,0.051,1
Pdzd11,0.958097588286792,0.570913615533581,0.025,0.015,1
Ube2u,0.958586600217667,0.520027503120036,0.075,0.045,1
Cga,0.958665608962468,0.733987534032813,0.019,0.013,1
Dlg4,0.958721140399454,0.316038444363353,0.05,0.039,1
Vldlr,0.958739776403094,0.2012796808577,0.038,0.034,1
Mgat1,0.958759322653528,0.0625368595284588,0.063,0.045,1
Irx5,0.958765847910185,0.410767757739801,0.038,0.026,1
Nr1i2,0.958866984517444,0.291310856766395,0.044,0.031,1
Tesk2,0.958906144680411,0.070115858303164,0.075,0.05,1
Scnn1g,0.958928294456608,0.19845128986951,0.063,0.042,1
Lsm2,0.959069513240914,0.468901993971224,0.013,0.013,1
Lrit1,0.959139050502083,0.445252022038501,0.019,0.012,1
4933408J17Rik,0.959165802759114,0.118159074232095,0.05,0.037,1
Mcidas,0.959215367167797,1.10759095584301,0.013,0.007,1
Mut,0.959223711385312,0.16100384893917,0.107,0.081,1
Best3,0.95936158078208,0.0273750206307808,0.082,0.053,1
4930595D18Rik,0.959541077208609,0.374299104367466,0.05,0.029,1
Hsf3,0.959596847780744,-0.0813497364954676,0.075,0.071,1
Il11,0.959600317365974,0.857124249421446,0.019,0.011,1
Gfra1,0.959609021650068,-0.0637007265143299,0.214,0.156,1
Cpa1,0.959628800184077,1.46198646587281,0.013,0.004,1
Dnajc24,0.959825328561175,0.202522258150495,0.075,0.05,1
Ceacam18,0.960111186858631,0.194141304815885,0.031,0.023,1
Spag7,0.960118353326404,0.897373174164194,0.025,0.016,1
Pcsk7,0.960175155946862,0.550414214663288,0.025,0.02,1
Ckb,0.96025000547341,1.0029479528192,0.013,0.006,1
Dsg1b,0.960317681952106,0.183903936740503,0.05,0.039,1
Odc1,0.960335192636279,0.373943400530891,0.057,0.037,1
Pdk2,0.960358829945304,0.313060177944881,0.044,0.033,1
Foxn3,0.960452931167679,0.0899833906913048,0.119,0.082,1
Limk2,0.96060853034131,0.370349226263178,0.069,0.048,1
Gm6289,0.960738017773089,0.197519710025105,0.031,0.022,1
Shpk,0.960767757684593,0.129158961395775,0.075,0.047,1
H6pd,0.960802450494555,0.234982756803658,0.075,0.055,1
Ssr4,0.960974717622926,0.612713530308039,0.019,0.009,1
Htatip2,0.960987850757555,0.280084527656929,0.038,0.032,1
Imp4,0.960990648406777,0.351009984879719,0.063,0.032,1
Sapcd2,0.961221501673194,0.536397196423629,0.025,0.015,1
Atp2a2,0.961245657485119,0.148656416743592,0.05,0.032,1
Mturn,0.961313739003729,0.195547928364848,0.057,0.04,1
3110039M20Rik,0.961335724911029,0.719442334949493,0.031,0.024,1
Ino80,0.961534220487467,0.176425339330636,0.107,0.072,1
Rgn,0.961556973762774,0.602260313912455,0.019,0.012,1
Glce,0.961627520454509,0.158343020125718,0.101,0.057,1
Psg25,0.961663052854863,0.825283750851241,0.013,0.009,1
Alb,0.961689302300558,0.305610179283844,0.031,0.026,1
Scgb2a2,0.961760328109049,0.995955888952877,0.013,0.007,1
Nop10,0.961768614545633,1.27656044376261,0.013,0.01,1
Armcx1,0.961814694827126,1.15131195681086,0.019,0.008,1
Bcas3,0.961831813043834,-0.0380148604863741,0.296,0.222,1
Noa1,0.961906351768704,0.415367283973871,0.031,0.019,1
1700019L03Rik,0.962089207582679,0.464941708507816,0.013,0.01,1
Fgf10,0.962098662624541,0.0154297531644971,0.208,0.168,1
Ngp,0.962200287911072,1.22017799949555,0.013,0.005,1
Lrrc42,0.962204697699898,0.266502369196706,0.063,0.038,1
RP24-137C19.6,0.962239399826126,0.404346250307683,0.038,0.024,1
Ticam1,0.96226474060364,0.628290701485279,0.025,0.014,1
Akna,0.962285939610752,0.090481025422986,0.094,0.077,1
Abhd12,0.962337990393231,0.0818834531827886,0.107,0.067,1
Skil,0.962432551019722,0.236351513013032,0.069,0.048,1
Cd207,0.962656984123672,0.502051856460151,0.019,0.012,1
Aebp2,0.962673718534695,0.0555356168207508,0.101,0.068,1
Mkx,0.962681074176332,-0.0988572805233652,0.132,0.117,1
Sac3d1,0.96286173245685,0.578619559147812,0.013,0.009,1
Alox5,0.962875304230546,0.0343487289441757,0.069,0.054,1
Tradd,0.962886534980714,1.17307254372369,0.013,0.007,1
Hibch,0.963018506772949,0.0158462317324641,0.189,0.134,1
Plxna4,0.963023169025474,0.00543188060242983,0.346,0.267,1
Slitrk5,0.963061935269929,0.148131903923053,0.063,0.059,1
Wwp2,0.9630691211897,-0.0626551482164377,0.17,0.125,1
Ash1l,0.963078107442852,0.200031675020609,0.075,0.049,1
Zc3hav1,0.963128264847268,-0.0426034886020172,0.075,0.065,1
Ikbkb,0.963144142596329,-0.16311635844536,0.088,0.055,1
Serbp1,0.963195477854228,0.220454624812013,0.025,0.028,1
4930570N19Rik,0.963202082064826,0.584715685514944,0.013,0.015,1
Igfbp3,0.963251739076927,0.43199548704762,0.031,0.021,1
Zmat5,0.963357864141402,0.56730061423777,0.038,0.023,1
Glul,0.963395231045715,0.503594793552882,0.013,0.009,1
Efr3b,0.963491187092231,0.11662923874922,0.063,0.054,1
Dcun1d2,0.963610579175997,0.187873273557299,0.082,0.047,1
Ppp1r1c,0.963650402749916,-0.0412376896264552,0.189,0.131,1
Nf2,0.963748495495696,0.113648553878371,0.075,0.053,1
Gipc1,0.96376529991676,0.459198659970203,0.044,0.039,1
Dennd4c,0.963768912262751,0.0287363448211937,0.145,0.093,1
Ppcdc,0.963792401780622,0.233230134041373,0.057,0.04,1
Gpr112,0.964110057431835,0.0831612323718676,0.075,0.074,1
Zfp456,0.964266921251767,0.284310949863079,0.019,0.015,1
Eva1c,0.964325690822046,0.130523071619015,0.069,0.045,1
Herc6,0.964334761205774,0.122998615301065,0.126,0.101,1
Zfyve28,0.964463833458866,0.218461582670046,0.094,0.075,1
Ocln,0.964567794754899,-0.0261139813563012,0.132,0.089,1
Klf3,0.96459086257284,0.423996757248242,0.057,0.03,1
Akr1a1,0.96466369654648,1.92993630914526,0.013,0.004,1
2410002F23Rik,0.964678704310642,0.558131235824306,0.019,0.019,1
Oas1h,0.964705416655038,0.351164642716193,0.019,0.014,1
Sox4,0.964716221985958,0.751301379025589,0.013,0.013,1
Rag1,0.964726829063537,0.169774973917623,0.044,0.022,1
Hmg20b,0.96480971790389,0.0850791367149526,0.031,0.027,1
Acat3,0.965183149793869,0.709595745909475,0.013,0.01,1
Ubxn2b,0.965198619233052,-0.0384470824884873,0.164,0.104,1
Cast,0.965203074483676,-0.131814441430329,0.233,0.193,1
Hscb,0.965366039340279,0.546545664497787,0.038,0.02,1
Gldn,0.965394499404409,0.032363815648202,0.101,0.079,1
Rnps1,0.965401225772041,0.62062031971616,0.019,0.012,1
Psma8,0.965503382361564,0.144380162398895,0.082,0.051,1
Ube2k,0.96556033495479,0.420694852238219,0.044,0.023,1
Slc34a1,0.965561029500254,0.306236996578475,0.025,0.025,1
Arhgdib,0.965576936996548,0.617525940269768,0.031,0.023,1
Heph,0.965585686278669,-0.237275075491878,0.075,0.068,1
Sufu,0.965638274793759,0.0839957693331552,0.107,0.068,1
Ralgapb,0.965776057892898,0.236847359657418,0.119,0.07,1
Magee2,0.965780307443428,0.762713108328149,0.013,0.009,1
Cdc42bpg,0.965815726277167,0.46497575970925,0.031,0.032,1
Zfp260,0.966067300042471,0.998998172110349,0.013,0.011,1
Fanci,0.966175701833669,0.0665561437823796,0.101,0.076,1
Phax,0.966260247549151,0.379461069845391,0.038,0.027,1
Adar,0.966279095693511,0.199705816394102,0.044,0.035,1
Cyp2a5,0.966348606413046,0.933995534418238,0.013,0.007,1
Vmn2r61,0.966438015415824,0.73806055728913,0.025,0.014,1
Stx5a,0.966465228359464,0.643601432295433,0.025,0.015,1
Zfp648,0.966470109904609,0.388753285719117,0.031,0.02,1
Cpn2,0.966475228399099,0.710922915365003,0.013,0.009,1
Abcg5,0.966520669103064,0.154983694699482,0.038,0.031,1
Odf3l1,0.966598819652635,1.05815462478567,0.013,0.005,1
Rbms1,0.966610953125629,-0.0558451264289057,0.277,0.211,1
Dcaf12l1,0.966615709724902,0.586291152679473,0.019,0.013,1
Bpifa6,0.966623328435161,0.145094701881417,0.05,0.035,1
BC031181,0.966702268022221,0.816973442470482,0.019,0.018,1
Fbxl16,0.966717311074904,0.495100061713573,0.013,0.015,1
Gm8298,0.966751877657746,0.151571204901389,0.044,0.035,1
Golgb1,0.966934865557051,0.131102332476419,0.132,0.089,1
Mat2b,0.967015192004457,0.502168479503753,0.031,0.023,1
Rrm1,0.967074941862185,0.105800906530118,0.082,0.06,1
Slc5a6,0.967192665649845,0.255049578251432,0.05,0.04,1
Syngap1,0.967379678935881,0.111026332159544,0.075,0.049,1
Srp68,0.967418881926642,0.610672280836081,0.044,0.031,1
Coa4,0.967419246044284,0.511776421773831,0.019,0.012,1
Pglyrp4,0.967436971373783,0.734049590583785,0.025,0.017,1
Med31,0.967454388418252,0.540311749498452,0.019,0.014,1
Prim2,0.967472496050738,0.0233385353476538,0.34,0.284,1
Bahcc1,0.967473195665403,0.314018165653411,0.05,0.031,1
Rps6ka2,0.967672624750105,0.205323501632595,0.151,0.104,1
Usp8,0.967676165474758,0.226467737786058,0.094,0.064,1
Rilpl2,0.967688796478106,0.979116022669201,0.013,0.007,1
Spire2,0.967746565738986,0.316099590208082,0.044,0.03,1
Prnp,0.967805007986598,0.721011864998333,0.019,0.012,1
Khdrbs2,0.967846933132699,-0.0743224920816454,0.516,0.421,1
Spdyb,0.967923882992943,0.75079483282609,0.019,0.009,1
Gtf2ird1,0.967987950940286,0.17632485403362,0.088,0.049,1
Tcl1b3,0.968221032191182,1.05184910249123,0.013,0.01,1
Umodl1,0.968341402931079,0.216835173674368,0.094,0.056,1
Kcnh7,0.968354752367224,-0.179424261829547,0.516,0.416,1
Olfr1389,0.968365122624073,0.840085767201238,0.013,0.008,1
Ptpn2,0.968466261363901,0.2572448240573,0.126,0.067,1
Sytl3,0.968536035438466,0.134475338266784,0.031,0.025,1
Fip1l1,0.968712408653844,0.130560073816915,0.063,0.047,1
4930533K18Rik,0.968813657526727,0.177410590456264,0.063,0.041,1
Pnn,0.968859266399715,0.498559527498163,0.038,0.022,1
Tbx22,0.968887482702892,0.581056904984389,0.025,0.016,1
Hip1r,0.968909141674559,0.517264653721012,0.038,0.031,1
Cdh19,0.968952536888674,-0.0884632403260608,0.132,0.093,1
Dagla,0.969045866316501,0.509352592931123,0.088,0.058,1
Gabarapl2,0.969104595896156,0.542688152783141,0.031,0.015,1
Serpinb1c,0.969306357492819,0.320730850813751,0.038,0.024,1
Cltc,0.969345587101463,0.486355124998129,0.025,0.019,1
Oit3,0.969392460368847,0.497601612778968,0.019,0.017,1
Rims4,0.969422037804036,0.383972939699796,0.057,0.04,1
9330182O14Rik,0.969508528830603,0.0952265542200665,0.057,0.037,1
Dennd5a,0.969682102169842,0.280819337016891,0.038,0.029,1
C030039L03Rik,0.969682798964323,0.335756305647146,0.031,0.023,1
Fdps,0.969747389379306,0.493353398010673,0.019,0.018,1
Smg8,0.969834265289877,0.6320372770092,0.025,0.015,1
Slfn5,0.969894840668738,0.379876643563345,0.013,0.013,1
9130213A22Rik,0.96989938402826,0.80711055689762,0.019,0.01,1
Acox2,0.969937842361242,-0.142679041408839,0.082,0.053,1
Gsto1,0.969974308062283,0.92255998280016,0.019,0.012,1
Sh3bp5l,0.970105063988287,0.644062998165955,0.025,0.013,1
Ddx24,0.970129816794823,0.301691086041959,0.088,0.059,1
Tmprss9,0.970134638360222,0.707016028614985,0.019,0.013,1
Zfp54,0.970142608123099,-0.0381368093100081,0.082,0.059,1
Hapln3,0.970219804128083,0.603675689655725,0.031,0.018,1
Prl7a1,0.970233786272127,0.295212524348674,0.025,0.015,1
Iapp,0.970280056812039,0.607770449118761,0.025,0.014,1
Trappc2l,0.970325395258805,0.217984310048278,0.069,0.052,1
Eef1e1,0.970384386418468,0.225403039617658,0.057,0.045,1
Vps13c,0.970512085864172,0.142145040759615,0.214,0.139,1
Slc18a2,0.970529902276381,0.194432576477841,0.057,0.037,1
Senp5,0.970537379983675,0.307899344378767,0.038,0.026,1
Il1f5,0.970546323775535,0.352293086814389,0.019,0.012,1
Slc2a5,0.970556061272285,0.795493145220825,0.031,0.02,1
Pthlh,0.970588076941015,0.0489809336965772,0.044,0.029,1
Cyp2j9,0.970655208462479,0.252940185745618,0.063,0.036,1
Vav1,0.970667366161626,0.124549512153185,0.088,0.057,1
Ccdc132,0.970803266096061,-0.0172028369496196,0.321,0.244,1
Mtif2,0.970803612666019,0.433774735789286,0.025,0.018,1
Bard1,0.970817046951827,-0.0982559068455267,0.189,0.132,1
Fstl1,0.970846010819723,0.225499717946376,0.075,0.046,1
Zfp626,0.970968803495785,1.71129746166403,0.013,0.005,1
Tmem229b,0.97098625564212,0.183579009277215,0.069,0.057,1
Mlf1,0.971081054894568,0.482471803044659,0.063,0.048,1
Ap2s1,0.971101103596974,0.649501502669822,0.025,0.018,1
Slc17a2,0.971121508097946,0.339570795395162,0.031,0.02,1
Tmem132b,0.971279746836022,-0.0656977405328232,0.189,0.157,1
Nlrp4c,0.971296361233979,0.208612289601096,0.038,0.025,1
Ms4a6d,0.971445608348158,0.306896095126029,0.038,0.026,1
Dzip3,0.971482562770391,0.0226689547419898,0.164,0.103,1
Tmem38a,0.971500816799803,0.274851393509927,0.044,0.029,1
Lsm10,0.97166216860946,0.606888696214848,0.025,0.013,1
4930578I06Rik,0.971669949896232,0.746932401171822,0.013,0.008,1
Exoc3l2,0.971758170781869,1.15421843236444,0.013,0.006,1
Mrgprx2,0.971786499998707,0.288058335635427,0.019,0.015,1
Sox10,0.971802732613584,0.7413071095884,0.019,0.015,1
Irf2,0.972052638275787,0.221564401965622,0.063,0.055,1
B3gntl1,0.972195788992423,-0.0429428131672589,0.126,0.104,1
Aplp2,0.972231776239938,0.0845514617779761,0.063,0.057,1
5031439G07Rik,0.972302812101301,0.512474156459128,0.025,0.017,1
1500009L16Rik,0.972326657837549,0.155102379797599,0.075,0.043,1
BC051628,0.972469655986152,0.854859850010691,0.019,0.014,1
Zfp658,0.972485895908362,0.518622158532413,0.031,0.02,1
Gal3st3,0.97249615252444,0.773377166633307,0.013,0.01,1
Gtf3c2,0.972518708666586,0.0992787647421327,0.025,0.014,1
Crkl,0.972527882450732,0.682429772346593,0.038,0.02,1
B230104I21Rik,0.972623916796561,0.570624331288927,0.019,0.018,1
Chst8,0.972673166747885,-0.0571201391763601,0.151,0.108,1
Cdk5r1,0.972777011870619,0.731894592322281,0.019,0.012,1
Myoz3,0.972835905739558,0.379190910232998,0.025,0.018,1
Disp2,0.97291386086871,0.193370448202018,0.025,0.018,1
Mkrn2,0.973219783693891,0.390459371808356,0.025,0.021,1
Fam26f,0.973299359489007,0.497060986717275,0.013,0.01,1
Fzd1,0.973304489497874,0.327285645202451,0.044,0.033,1
Sri,0.973475033977501,-0.0819859761228079,0.126,0.078,1
Slc25a20,0.97354122758213,0.597224915619727,0.025,0.014,1
Slc12a4,0.973598844665866,0.479610592925137,0.057,0.027,1
Cnih3,0.973611258330453,0.230574916835233,0.113,0.07,1
Tk1,0.973758423806757,1.17126213442145,0.019,0.009,1
Ciz1,0.973828306186853,0.292029661404476,0.044,0.031,1
Arhgef15,0.973916169639581,0.879852987624421,0.019,0.012,1
Myh2,0.974033783303298,0.545831219467423,0.025,0.018,1
Ccl6,0.974318852585954,0.793420712991522,0.013,0.009,1
Elf1,0.974430824171412,0.216041267248375,0.057,0.058,1
Oraov1,0.974597297677136,0.338272102746508,0.044,0.026,1
Pappa2,0.974643416233823,0.0218502009898192,0.321,0.248,1
Ptgs2,0.97467846458302,0.467344738105486,0.019,0.016,1
Nepn,0.974713861680992,0.309982513292011,0.025,0.021,1
Xylb,0.974735344049421,0.159120882733075,0.057,0.035,1
Ccdc82,0.974811172527034,0.363296310731355,0.063,0.035,1
Ocstamp,0.97484929521983,0.878546466925829,0.013,0.007,1
Pde12,0.974918181371219,0.490628928193302,0.013,0.007,1
Rab29,0.974941111331421,1.46133604321677,0.013,0.005,1
Gria3,0.974988146050213,-0.0851961241451344,0.214,0.17,1
Taf9,0.975006451915474,0.292027680700429,0.019,0.011,1
Slc8a2,0.975101488841186,0.872639182507339,0.031,0.021,1
Dgkg,0.975206657992912,0.02123922808171,0.208,0.155,1
Adam6b,0.97521426329867,1.06148006754444,0.013,0.01,1
Scpep1,0.975220595793586,0.694947562266662,0.038,0.024,1
Map3k8,0.975321340410765,0.302187405708609,0.063,0.054,1
Zswim6,0.975358913188979,0.18787750745476,0.101,0.085,1
Mtfr1l,0.975390976261143,0.142778927108131,0.025,0.022,1
Ndufaf4,0.975560407516214,0.263837281409633,0.069,0.042,1
Hic1,0.975644768424818,0.982717239687148,0.013,0.01,1
Zfp410,0.975722904797056,0.6636087766541,0.013,0.015,1
Lrrk2,0.975741394268948,-0.0120580108632029,0.22,0.172,1
Fkbp1a,0.975850516697153,0.120660354179758,0.044,0.026,1
Neurl4,0.975870762754586,0.510037445314054,0.025,0.015,1
Fam13b,0.975878060023128,0.358057117833727,0.075,0.046,1
Olfr452,0.975946614084325,1.19601590550026,0.019,0.009,1
Gnal,0.975951056295242,-0.0293798813568262,0.239,0.173,1
Fam222b,0.975962886790299,0.55234846359058,0.031,0.019,1
Bahd1,0.976139630004324,0.299323017602341,0.05,0.033,1
Cdhr3,0.976205791811193,0.0443613578771211,0.082,0.059,1
Mbd3l1,0.97621010251637,0.311372846820927,0.019,0.015,1
4921511H03Rik,0.976271701005789,0.762559774318503,0.013,0.009,1
Snn,0.9763119008017,0.183402035162689,0.031,0.024,1
Slc25a3,0.97633114067926,0.427625530591705,0.031,0.031,1
Kctd15,0.976356103374923,0.129207491767003,0.057,0.031,1
Oprk1,0.976393934917315,0.00532649610152358,0.05,0.037,1
Jag2,0.976506529155893,0.521488506851791,0.044,0.024,1
Atp5j,0.976510205306384,0.382181200637127,0.044,0.027,1
Nbeal2,0.976526864347683,0.286240486442572,0.057,0.036,1
Luc7l,0.976532969319986,0.531900345891435,0.038,0.019,1
Gbx1,0.976544742295686,0.687087192031907,0.019,0.014,1
Catsper1,0.976581571963741,0.270639552975092,0.031,0.026,1
Vmn2r56,0.976621048991661,0.160770080453183,0.031,0.02,1
Scara3,0.976621614493395,0.31646996436795,0.044,0.034,1
Cmip,0.976817593388027,0.0495580610758899,0.176,0.121,1
D230025D16Rik,0.976848936564784,0.0519564216053414,0.063,0.035,1
Fsbp,0.976927752622821,0.399935411436374,0.031,0.021,1
Ubald2,0.97702557897629,0.373627564645916,0.025,0.019,1
Sugt1,0.977125418035737,0.189397049633617,0.069,0.048,1
AI661453,0.97714111230048,0.0549308948586296,0.038,0.028,1
Clca1,0.977253661258309,0.0956616782438413,0.05,0.033,1
Gm20458,0.977353427165083,0.765926315274038,0.025,0.027,1
Fkbp1b,0.97738200548706,0.99223937981979,0.019,0.01,1
Gsdmc2,0.977546861618161,0.891337521133429,0.013,0.007,1
Muc16,0.977739315477198,0.317432662856686,0.025,0.026,1
Tmem225,0.977751823744038,0.780802341020959,0.013,0.006,1
Xpnpep1,0.977761833967793,0.0507384314413781,0.151,0.116,1
Mansc1,0.977770625599511,0.508201952399932,0.031,0.024,1
Bfsp1,0.977796839642052,0.0890042826599187,0.101,0.075,1
Mthfs,0.977822543406764,-0.0234991042300963,0.264,0.183,1
Mmd2,0.97794900444558,0.929764525907308,0.038,0.017,1
Fam71b,0.978028680791843,0.448082427093546,0.031,0.018,1
Nek7,0.978090983836247,0.120173552708979,0.182,0.131,1
Rgs2,0.978269196574283,0.153276316896314,0.063,0.046,1
Npm2,0.978321348910617,0.604966394847752,0.019,0.01,1
Hsd17b12,0.978483424097236,-0.0345293663448563,0.176,0.133,1
C1galt1,0.978533178081838,0.084587960839897,0.113,0.086,1
Dclk3,0.978633974940933,-0.129553652014843,0.094,0.06,1
Nupr1,0.978649151060653,0.345032604616194,0.013,0.012,1
Cyp46a1,0.978650376997341,0.299770241888455,0.082,0.071,1
Tet1,0.978706654506144,0.359301751205901,0.057,0.045,1
Mrpl48,0.978761112212932,0.279754843097575,0.082,0.053,1
Chaf1b,0.978771142917172,0.124238756315704,0.05,0.031,1
Ihh,0.978806837829948,1.12560440819986,0.013,0.004,1
Slc7a3,0.978826761699709,1.29556213010051,0.013,0.005,1
Itih3,0.978836074367628,0.276187840439533,0.031,0.022,1
Patz1,0.978836264584769,0.63697902741254,0.025,0.015,1
Cnot8,0.978842978590092,0.344647591114737,0.025,0.021,1
Htr2c,0.978880442409339,0.0191507110511577,0.164,0.118,1
Lin7a,0.978895580861607,-0.143794507490321,0.277,0.23,1
Syn1,0.978937524957775,0.262245911646937,0.069,0.037,1
Cmpk2,0.979097077675375,0.469702663306357,0.038,0.018,1
Arih1,0.979113980170221,0.162748357975454,0.038,0.031,1
Gm10419,0.979220085353969,0.612906744215041,0.019,0.014,1
Rwdd3,0.97925208331056,0.169264298230164,0.069,0.035,1
4930590J08Rik,0.979369608083434,0.077750262470726,0.044,0.028,1
Galnt4,0.979652244812063,0.237232792935991,0.063,0.049,1
Mrm1,0.979672929807748,0.131601828277021,0.031,0.024,1
Olfr1006,0.979675232160592,0.926697443727855,0.013,0.008,1
Fgf12,0.979894986535187,-0.0879656379649831,0.39,0.299,1
Slc6a17,0.979909171381025,0.0148995488670494,0.069,0.053,1
Medag,0.979914963374181,0.502166163122713,0.019,0.013,1
Hebp1,0.979989637042332,0.412069627988122,0.075,0.051,1
Ccr9,0.980037441718109,0.0629997330196956,0.17,0.132,1
Rpl28,0.980120854264413,0.730628164567231,0.013,0.009,1
Krt32,0.980290061972675,1.03210069628547,0.013,0.007,1
Creld1,0.980315192577097,0.258856815659228,0.031,0.018,1
Arhgap1,0.980358900196763,0.325585424238803,0.038,0.026,1
Srpx2,0.980366733050263,0.0966876580627209,0.044,0.033,1
Traf4,0.980370468801167,0.891241106596342,0.013,0.009,1
Snai1,0.980387965991096,0.799954845004983,0.019,0.012,1
Emc4,0.980427671521988,0.390564339134134,0.025,0.016,1
Larp4,0.980486027668858,0.448323944455572,0.038,0.027,1
Uchl3,0.980588084455942,0.0985817831224782,0.132,0.104,1
Ctsd,0.98058997702798,0.355072286949944,0.044,0.028,1
Insl6,0.980613128579147,0.906490397710941,0.013,0.007,1
Gypc,0.980642528341181,0.120455265338482,0.075,0.071,1
Pomgnt1,0.980670055334472,0.308815649373387,0.069,0.041,1
Cant1,0.980675861841777,0.561401226647098,0.031,0.026,1
Bfar,0.980967803571726,0.318141029764139,0.05,0.035,1
Ephx2,0.981080127766901,0.0965793459138187,0.082,0.048,1
Galnt16,0.981298903829418,0.378193912868018,0.063,0.056,1
Igdcc4,0.981388061357831,0.233681604240849,0.031,0.029,1
Lax1,0.981410468522334,0.96996879913282,0.013,0.009,1
Rmdn3,0.981446020458586,0.245367623372898,0.063,0.037,1
Il24,0.981636215988758,0.721576595860779,0.025,0.012,1
Ascc1,0.9816683329711,0.111000558102087,0.094,0.073,1
Slc4a5,0.981803780646704,0.214114468850372,0.113,0.073,1
Cnr2,0.981967703790193,0.51793482211639,0.025,0.013,1
Ptgr1,0.982001213739548,-0.0132528608640836,0.063,0.033,1
Catsperg1,0.982069050350585,0.450544550402499,0.025,0.022,1
Ildr1,0.982078577048446,0.332763797695558,0.063,0.045,1
Secisbp2,0.982079546435793,0.269909012406163,0.044,0.032,1
4632428N05Rik,0.982211403257369,0.164646187694864,0.031,0.021,1
Dnah7a,0.982243010698618,-0.0696335100822645,0.327,0.245,1
Slc25a33,0.982326764791256,0.251839492622009,0.05,0.035,1
Lhx6,0.982348914648,0.431924948196576,0.025,0.016,1
Baz1b,0.982390677348661,0.346983668626403,0.044,0.031,1
Pirt,0.982540336569625,0.370357394110717,0.025,0.022,1
Enpp5,0.982552076435434,0.23949459933662,0.038,0.029,1
Ggnbp2,0.982629796668437,0.567113690984222,0.031,0.023,1
Myo1b,0.982822500001121,-0.0460898155721785,0.258,0.193,1
Fam180a,0.982826032552055,0.47041114628898,0.025,0.025,1
Nptx2,0.982832631895158,0.28767521819504,0.025,0.015,1
Samd5,0.982992910560943,-0.00255240270868384,0.145,0.093,1
Rimkla,0.983086357368727,0.382517659904068,0.044,0.031,1
Loxl1,0.983184887815231,0.13431858148791,0.031,0.023,1
Atg2b,0.983232209531334,0.0647985246804215,0.119,0.078,1
Arl13a,0.983372238772876,1.19489296688599,0.006,0.014,1
Zfp397,0.98337841381597,1.22243629275224,0.025,0.01,1
Rasa1,0.983384671059069,-0.0919760979550834,0.151,0.103,1
Tacstd2,0.983457228450215,0.643130446560535,0.013,0.01,1
Tbl1xr1,0.983544669534926,0.0816952339547807,0.107,0.074,1
Msl3,0.983663675158537,0.262529155652163,0.05,0.034,1
Plch2,0.983664180959655,0.111004811673877,0.069,0.049,1
Zwint,0.983675279442521,-0.0663487308844317,0.101,0.068,1
Mfsd3,0.983742681223694,0.527214168012934,0.025,0.014,1
Smim19,0.983826655745026,0.404639601254615,0.038,0.018,1
Il18r1,0.983943585728141,0.0523136306041119,0.075,0.044,1
Mmp12,0.983945961865676,0.108932033502975,0.044,0.037,1
Gstk1,0.984003488532553,0.280862826665778,0.044,0.037,1
Plekha8,0.984046796369542,-0.000492337117471209,0.082,0.053,1
Galk2,0.984119457229463,0.0506801829373242,0.157,0.127,1
Nxpe3,0.984123466932932,-0.00390650613441856,0.107,0.084,1
Scube2,0.984344228852302,0.166331076543535,0.057,0.037,1
Uba1,0.984509632166757,0.590452420970625,0.025,0.021,1
Gm10097,0.984525880061889,0.908818162744319,0.013,0.006,1
1700014D04Rik,0.984621532031725,1.00761094520207,0.013,0.005,1
Ezh2,0.984699044439696,0.112609162735661,0.113,0.082,1
Fads2,0.984717682875642,0.657059239403869,0.044,0.027,1
Fndc7,0.984747913412096,0.297931244429755,0.057,0.037,1
Prob1,0.984787562238287,0.874242411940215,0.013,0.009,1
Dleu7,0.984843219461634,0.809004125862884,0.013,0.018,1
Naif1,0.984920499237689,0.537689403947536,0.038,0.04,1
Stx18,0.984923692763982,0.0898504682651709,0.189,0.126,1
CK137956,0.985048573054607,0.35475345633161,0.044,0.035,1
Tfap2a,0.985104762810252,0.329287238885125,0.025,0.02,1
Aldh6a1,0.985110247747701,0.167402319313944,0.063,0.035,1
Prpf38b,0.985156937282195,0.578466786928868,0.019,0.015,1
1110002L01Rik,0.985170467787348,0.32964347078584,0.038,0.028,1
Srrm2,0.985176420054428,0.306602006748552,0.044,0.035,1
Mtpap,0.985179650629771,0.127826212918686,0.063,0.05,1
Lyzl1,0.985278489814663,0.581641780389122,0.019,0.016,1
Myct1,0.985335786044941,0.63823638866127,0.038,0.023,1
Timm8a2,0.985345338115251,0.479312473072826,0.019,0.011,1
Hsdl1,0.985422682182684,0.445619652536088,0.031,0.026,1
Nlrp5,0.985466725299228,0.276660176968735,0.031,0.031,1
Nabp2,0.985472594535867,0.461004428781173,0.031,0.026,1
Micall2,0.985482476122887,0.359094789834347,0.057,0.042,1
Fam159a,0.985530853560141,0.644993086054037,0.025,0.012,1
Hdac6,0.985568986385474,0.213992591401197,0.031,0.02,1
Slc9b2,0.985810420275138,0.0689590263207673,0.107,0.068,1
Tnk2,0.985812296318397,0.433273209444,0.031,0.026,1
Arf2,0.985823192589612,0.215548799291515,0.05,0.032,1
Prss41,0.985824065491629,0.462670696017729,0.031,0.02,1
2610528A11Rik,0.985849376564162,0.327435403469952,0.031,0.017,1
Steap3,0.98601494046813,0.173992646823232,0.151,0.101,1
Tnfsf15,0.986074084014255,0.0188057275574813,0.05,0.03,1
Btf3,0.986206289191415,1.13391874737637,0.013,0.009,1
Ccdc181,0.98631810182481,0.282664289385168,0.038,0.027,1
Gm28051,0.986340936906615,0.476066530695207,0.057,0.038,1
Tgtp1,0.986433360398912,0.98040360463213,0.013,0.006,1
Mtf1,0.986434184310101,0.332186398582652,0.05,0.035,1
Fam229b,0.986492264166822,0.349919248063593,0.038,0.026,1
Prcp,0.986554206755942,0.139880555879005,0.151,0.112,1
Alkbh7,0.986574765477691,0.289686126294418,0.038,0.024,1
Tbc1d2b,0.986597599233782,-0.0317558583387436,0.214,0.147,1
Ada,0.986613876454547,0.42815367178832,0.038,0.024,1
Calcr,0.986636201046363,-0.14579003035623,0.189,0.128,1
Acot13,0.986732750802005,0.309029534929246,0.044,0.025,1
Eno1b,0.986806783165135,0.777075406963201,0.013,0.006,1
Ccdc155,0.986828914257437,0.563214123893961,0.019,0.019,1
Ctxn3,0.986903090256284,0.512916528402888,0.025,0.018,1
Dnajb3,0.987038740698596,0.98453810779134,0.013,0.01,1
Vmn1r4,0.987151758319251,0.107343003505801,0.075,0.067,1
Ddrgk1,0.987293733665255,0.25622672181829,0.019,0.013,1
Ccndbp1,0.987327974903459,0.411041416539629,0.019,0.017,1
Prmt8,0.987334668619655,0.0460115537430088,0.082,0.065,1
Fkbp5,0.987455174143722,0.104669411015674,0.132,0.095,1
Atg101,0.987460659824103,0.191382521321151,0.031,0.023,1
Ctsa,0.987600146559905,0.927702211819944,0.013,0.011,1
Slco1a1,0.987743776666934,0.112317829111824,0.063,0.042,1
Tob1,0.987759923064248,0.198034787750008,0.044,0.038,1
C78339,0.987827079384664,0.629927003445573,0.019,0.011,1
Rarg,0.987968551372228,0.488899280142826,0.038,0.026,1
Scaf1,0.988063756119023,0.376420637624559,0.044,0.031,1
Igsf8,0.9881108114925,0.415153308094602,0.069,0.042,1
Gm21972,0.988117196076758,0.193494126251395,0.05,0.035,1
Manf,0.988150367135824,0.193266991018445,0.101,0.072,1
Nme6,0.988159834413256,0.347733889947166,0.044,0.032,1
B430306N03Rik,0.988241630402433,0.657810946748752,0.013,0.015,1
1110038F14Rik,0.988313397398055,1.10794049717124,0.013,0.006,1
Usp14,0.988316276609296,0.103973491772142,0.119,0.092,1
Cfap54,0.988433213186805,-0.0605414500415986,0.377,0.282,1
Fbxl2,0.988792245297008,-0.138776317185773,0.119,0.078,1
Nfu1,0.988883564751789,0.333222935000537,0.038,0.027,1
Hnrnph1,0.989026786253279,0.540378270061853,0.019,0.017,1
Fnbp1,0.989226997578742,0.369051329222716,0.038,0.034,1
Fam120a,0.98942733955095,0.520458512686197,0.069,0.043,1
Calcoco2,0.989719507728208,1.2802272821536,0.013,0.009,1
Pibf1,0.989774716226423,0.00164897712430312,0.308,0.247,1
Vmn2r85,0.989787475169327,0.45294141414944,0.019,0.015,1
Polr2b,0.989810356217546,-0.0253934987447622,0.069,0.04,1
Cda,0.989875451683387,0.335359295072915,0.025,0.02,1
Ptgis,0.989921215026649,0.270913566017364,0.063,0.038,1
Tnfaip8l3,0.990045218533716,0.106753537997074,0.082,0.054,1
Lsm8,0.990131047164074,0.331350761501096,0.05,0.034,1
Isoc1,0.99019237986613,0.0155048229283645,0.082,0.059,1
Grxcr1,0.990445050896498,-0.131208138989535,0.189,0.135,1
Rfx5,0.990588533415595,0.684947967841134,0.019,0.016,1
Il11ra1,0.990629731004859,0.2529762745022,0.119,0.076,1
Nap1l5,0.990684341579524,0.997810087728922,0.025,0.013,1
Fam173b,0.99069888408659,0.280076609135728,0.069,0.043,1
Paqr6,0.990910421676807,1.43392851005443,0.013,0.009,1
Trmt1,0.990925383181015,0.820235689332823,0.013,0.01,1
Slc9a4,0.990964039750285,-0.0473372231654374,0.107,0.078,1
Dkc1,0.990991013992988,0.615359557637546,0.038,0.021,1
Uchl5,0.991011249247262,0.0940131759558307,0.094,0.076,1
Stab2,0.991178829688208,-0.00512104925896262,0.201,0.153,1
Nr2e3,0.991200633391822,0.573967311312431,0.025,0.015,1
Gulo,0.991224395806984,0.406995979257334,0.031,0.031,1
Poteg,0.991323726627654,-0.0882664476885537,0.082,0.062,1
Il4ra,0.991333807504998,0.175779981124692,0.044,0.035,1
Vps9d1,0.991552674062935,0.534681645615869,0.025,0.018,1
Selk,0.991647698427897,0.385683539573789,0.038,0.023,1
Lfng,0.991661115411881,0.318266810117618,0.013,0.012,1
Faim3,0.991666172589432,0.268829113134211,0.031,0.023,1
Map3k5,0.99173185637241,-0.0878787414794982,0.296,0.19,1
Tcf7l2,0.991792384526528,0.377627969587502,0.082,0.059,1
Klk1b26,0.991840511477968,0.627524237444804,0.013,0.008,1
Tnfsf4,0.991856370707381,0.105030466487706,0.05,0.037,1
Apoa5,0.991974227521412,1.09005459205009,0.013,0.004,1
Dohh,0.992165781560806,0.630060654248807,0.038,0.024,1
Gm19426,0.992223544995499,0.718504024797617,0.031,0.014,1
Ndufs5,0.992288209753999,0.800092527225583,0.013,0.008,1
2310007L24Rik,0.992389460473213,0.412843821307825,0.031,0.024,1
3110021A11Rik,0.992417210729331,0.527004309834197,0.013,0.01,1
Klf7,0.992417966564617,0.449981834435634,0.05,0.037,1
Bmx,0.992459075295204,0.194988403334312,0.088,0.058,1
Adat2,0.992591574191413,0.148714524470268,0.044,0.034,1
Inpp5j,0.992600438812716,0.809140941591941,0.019,0.006,1
Eif2s1,0.992705716981176,0.284165890780403,0.038,0.034,1
Abcb1a,0.992912591029595,-0.0750858225177877,0.145,0.111,1
Srd5a2,0.99292774618491,0.051234195475435,0.075,0.053,1
Cdh9,0.992940882781531,0.116933114936174,0.126,0.094,1
Kmt2b,0.99310311530129,0.245716002268338,0.044,0.027,1
Lasp1,0.993113070186246,0.788724594550138,0.031,0.02,1
Nkrf,0.993124970701724,0.360895027511226,0.019,0.015,1
Mrpl4,0.993152662476702,0.864330140258143,0.013,0.009,1
Stmnd1,0.993233410462127,0.365250784514917,0.019,0.018,1
Dnajb14,0.993234306202404,0.0541925385779152,0.101,0.053,1
Ipo9,0.993416134714161,0.235046595883578,0.044,0.037,1
Brms1l,0.993566644893377,0.0235500517452598,0.088,0.067,1
F930015N05Rik,0.993574575124031,1.15939114387808,0.013,0.009,1
Hexim1,0.993703972591152,0.748566575291026,0.019,0.011,1
Tpm2,0.993767211291184,0.749920118990149,0.013,0.01,1
Ranbp9,0.993832024298178,0.276341035449041,0.044,0.027,1
Defb11,0.993894287565854,0.714076878684739,0.019,0.007,1
Stk3,0.993932396153613,-0.102569486398831,0.403,0.3,1
BC017158,0.994200244290615,0.178075912606306,0.057,0.039,1
Cc2d1a,0.994232177994308,0.251064319023266,0.038,0.027,1
Tubgcp4,0.994311430719848,0.538411960048282,0.025,0.022,1
E230019M04Rik,0.994329296399088,0.15541699434228,0.038,0.029,1
Tmem217,0.99443784179861,0.610458073696007,0.031,0.03,1
Bche,0.994441555865509,0.00399525737920392,0.151,0.12,1
Mblac1,0.994538922712561,0.396342639785654,0.013,0.013,1
Trmt10b,0.994784737609404,0.63576601996849,0.025,0.013,1
Plekha4,0.994832163751918,0.3542128244028,0.044,0.024,1
Catsper3,0.994858419284454,0.519034640484196,0.025,0.018,1
Myo1h,0.995117861330763,0.0920474701571266,0.063,0.038,1
Nsa2,0.995124999448645,0.520992225763705,0.025,0.012,1
Tnfsf13b,0.995142592251823,-0.00946766272900756,0.063,0.046,1
Usp17la,0.995231148272791,0.65328253791795,0.013,0.011,1
4930519G04Rik,0.995301505781935,0.432962573166947,0.044,0.023,1
Ubox5,0.995340718705575,0.148205746305253,0.044,0.032,1
Cntd1,0.995442658658066,0.246177462972994,0.025,0.019,1
Zfand6,0.995554193208518,0.216803052495412,0.069,0.052,1
Rab27b,0.995613889921656,0.0909773139979375,0.208,0.183,1
Kif5a,0.995691874929781,0.274008805428119,0.063,0.038,1
Zfp809,0.995905611566675,0.533219980139984,0.019,0.015,1
Mylk2,0.996067578741846,0.885546313957501,0.006,0.01,1
Abhd17c,0.996070850042585,0.202396640413966,0.088,0.054,1
Gcm1,0.996136086966984,0.676238381091649,0.013,0.012,1
Aldh3a2,0.996278723102444,0.0731701815774821,0.113,0.073,1
Psmd12,0.996507704507008,0.413631263583607,0.038,0.023,1
Sdr39u1,0.99653042730847,0.853831028494775,0.013,0.009,1
Dcun1d3,0.996552490885924,0.150334641281769,0.119,0.084,1
Tdp1,0.996626248249451,0.0281435177572456,0.119,0.108,1
Kif2c,0.996648086227282,0.0111398029570005,0.057,0.043,1
Flywch1,0.996763211044293,0.588712998087607,0.025,0.014,1
Cyp4x1,0.996787200514119,0.272018039397864,0.031,0.026,1
Mtrr,0.99682323970646,0.189405889610523,0.088,0.059,1
Serpini2,0.996868235922909,0.213342347930936,0.038,0.035,1
Ppid,0.996919317667968,0.50264460613457,0.019,0.016,1
Olfr148,0.996955360892116,0.577123928330913,0.013,0.011,1
Smim7,0.99701283015994,0.338023063345433,0.038,0.026,1
Slc27a5,0.997140890965554,0.566433425371139,0.025,0.014,1
Krcc1,0.997213391439357,0.436763088414535,0.038,0.035,1
Csrp3,0.99723413267946,0.363252610658352,0.025,0.017,1
Eif3m,0.997388023558227,0.163802540004311,0.05,0.034,1
Ppp2r5d,0.997410921605007,0.427972112986849,0.025,0.02,1
Rhox10,0.997475487233393,1.09719087871061,0.013,0.005,1
Ceacam20,0.997626152761202,0.264510131783998,0.031,0.019,1
Tarsl2,0.997815899787117,0.194688112229604,0.101,0.074,1
Arl6,0.997851141352358,-0.0098992033219627,0.082,0.061,1
Arvcf,0.99788079496598,0.152503862317955,0.075,0.057,1
Atg4a,0.997921781716363,0.111776191598723,0.101,0.085,1
Dnajc14,0.998003862985489,0.703619970296538,0.025,0.02,1
Hint2,0.998011513481114,0.513559946890097,0.025,0.012,1
Bcl9l,0.998033576442374,0.866787872669583,0.019,0.009,1
Efhd1,0.9980500360226,0.246226652040376,0.069,0.041,1
Tctn3,0.998085822542236,0.176257819280942,0.05,0.031,1
Hephl1,0.998114899434231,0.00855998678720038,0.126,0.099,1
Ppat,0.998184220652099,0.447790645491421,0.038,0.04,1
Sap130,0.998234952125526,-0.082059740479699,0.245,0.174,1
Slc19a2,0.998276021476067,0.114485577535975,0.094,0.067,1
Rundc3b,0.998400622234062,-0.0427178964840058,0.226,0.153,1
Hdac5,0.998424950215289,0.64381124688184,0.031,0.019,1
Shc4,0.998429540607939,-0.0523858346570409,0.107,0.078,1
Lzts2,0.998555777573099,0.510885344510618,0.013,0.016,1
Morc3,0.998581919322609,0.149583315557566,0.057,0.045,1
Cnpy4,0.998605567106407,0.678725370987278,0.013,0.015,1
Pcdhga4,0.998752016377056,0.160112158841399,0.057,0.039,1
Pcdhgb2,0.998752016377056,0.160112158841399,0.057,0.039,1
Map3k13,0.998825317901725,0.0261367661115211,0.063,0.05,1
Prrxl1,0.999144368059295,0.320946717315453,0.057,0.032,1
Etf1,0.999189452542171,0.262258778375236,0.031,0.026,1
Tcl1b2,0.999241471063887,1.09950483405039,0.013,0.01,1
Rasgrp1,0.999280733457868,0.0420558678461127,0.113,0.09,1
Mpv17,0.999289137948605,0.544182657341171,0.019,0.011,1
Gm20517,0.999429942104296,0.240571122120201,0.082,0.053,1
Svip,0.999454010130083,0.0927070076670917,0.088,0.055,1
Nhej1,0.999458189904976,-0.00269870733395994,0.101,0.079,1
Tsen15,0.999506205760538,0.411405820064449,0.019,0.019,1
Rnd1,0.999542717232044,0.604774999250394,0.019,0.017,1
Tm6sf2,0.999685613266076,0.795515991226569,0.013,0.011,1
Ctns,0.999859054216805,0.0122295106982957,0.063,0.036,1
