peak,gene,distance_to_TSS,p_val,avg_log2FC,pct.1,pct.2,p_val_adj
chr4-141212918-141213521,Rsg1,434,1.23441225343951e-10,5.78507870821212,0.031,0.001,5.81729118555905e-06
chr18-74778403-74779323,Scarna17,0,3.32092599970372e-08,2.19508578802748,0.094,0.02,0.00156501958662038
chr1-4722331-4723232,Gm25493,146,5.70373401606133e-08,3.21838425777165,0.044,0.004,0.00268794169240906
chr13-12588888-12589733,Gm25483,0,5.72054606059898e-08,3.17219692681966,0.044,0.004,0.00269586453651788
chr19-34191964-34192866,Stambpl1,0,1.02516467316647e-07,2.74870931858442,0.05,0.006,0.0048311910387643
chr17-39847755-39848685,AY036118,143,1.5063185790089e-07,1.44149360284202,0.17,0.057,0.00709867693543734
chr15-43869537-43870384,Tmem74,0,2.0658277240706e-07,2.65543047316957,0.063,0.01,0.00973541973245513
chr6-41112671-41113571,Trbv12-1,0,2.34779173421754e-07,2.14814635233915,0.075,0.015,0.0110642033266736
chr9-72958299-72959185,Dyx1c1,0,2.3782532944821e-07,3.03988433899511,0.044,0.005,0.0112077564755763
chr6-65950338-65951217,4930544G11Rik,1353,2.48452983298872e-07,2.82883689143032,0.057,0.009,0.0117085952909426
chr17-25083161-25084110,Tmem204,1979,2.95758716517501e-07,2.87130921167495,0.05,0.007,0.0139379252746038
chrX-145505676-145506438,Amot,494,4.79414630042939e-07,2.42348962083198,0.063,0.011,0.0225928938554035
chr3-108256624-108257544,Psma5,0,5.14382328513509e-07,3.13620390263234,0.038,0.004,0.0242407816135276
chr3-137550416-137551317,Gm4861,1304,5.17430226429612e-07,3.10178169733805,0.038,0.004,0.0243844168507219
chr6-142754399-142755308,Cmas,1377,5.99117341977023e-07,4.32304936892617,0.025,0.001,0.0282340038580092
chr1-93161361-93162227,2310007B03Rik,412,6.14209134739405e-07,3.76944242516103,0.025,0.001,0.0289452196837292
chr1-182908097-182908963,RP23-160F6.1,386,6.14209134739405e-07,3.97288002178596,0.025,0.001,0.0289452196837292
chr11-44398440-44399537,Il12b,525,7.05392588910434e-07,2.51313316815502,0.057,0.009,0.0332423311449931
chr1-119053284-119054188,Gli2,0,7.58816374830906e-07,3.68541982078413,0.031,0.002,0.0357599804802813
chr17-37196873-37197791,Olfr94,219,7.79484688844114e-07,3.48552479786449,0.031,0.002,0.0367339954464677
chrX-74428522-74429355,G6pdx,0,7.95340694290381e-07,3.39727884472113,0.031,0.002,0.0374812255591285
chr12-69241425-69242344,Klhdc1,248,8.19874634476747e-07,2.92599146853378,0.044,0.005,0.0386374120243512
chr3-54755106-54756030,Smad9,0,8.74323940286492e-07,2.70935502020855,0.05,0.007,0.0412033900099412
chr10-24869488-24870386,Med23,0,1.24870186114959e-06,1.66752373600712,0.113,0.033,0.0588463239085356
chr15-44787351-44788264,2310069G16Rik,0,1.90054385064674e-06,1.94335258914252,0.082,0.02,0.0895650295055783
chr4-98382661-98383531,Tm2d1,0,1.94303299594026e-06,3.20219922341781,0.038,0.004,0.0915673729666807
chr10-26752297-26753216,Arhgap18,204,2.00051926979585e-06,1.96423909286134,0.082,0.02,0.094276471108399
chr3-107631275-107632111,Gm10961,0,2.09546385495799e-06,3.07632295874787,0.038,0.004,0.0987508296287504
chr14-61359965-61360842,Ebpl,0,2.10531822253614e-06,2.27924405550156,0.063,0.012,0.0992152265552379
chr9-63377436-63378208,Map2k5,0,2.24724227060247e-06,2.74174138416756,0.038,0.004,0.105903539244412
chr14-79425993-79426906,Kbtbd7,0,2.54491134728673e-06,2.78114502421391,0.044,0.006,0.119931492152234
chr17-39843143-39843840,Gm26917,129,3.13448232361611e-06,1.37585053301295,0.157,0.059,0.147715613982733
chr17-28904567-28905451,1700030A11Rik,0,3.18254603359965e-06,4.70552516420933,0.019,0.001,0.149980664379417
chr1-40790239-40791100,Mfsd9,0,3.59524788605585e-06,2.30475983852427,0.063,0.013,0.169429651878268
chr1-4807428-4808298,RP24-426M1.3,0,4.22195576209575e-06,2.16076281264673,0.063,0.013,0.198963887244524
chr16-3743458-3744368,Zfp263,0,5.09132909924222e-06,2.02117063259109,0.075,0.018,0.239933975130889
chr8-121433373-121434246,Gm26784,733,5.65174757632107e-06,8.40514053366057,0.013,0,0.266344256281707
chr8-121857532-121858411,9530085P06Rik,0,5.65174757632107e-06,8.66158113536384,0.013,0,0.266344256281707
chr4-54652160-54653171,Gm12480,256,6.46752173716438e-06,3.91081504666603,0.025,0.002,0.304788429385609
chr5-110334569-110335464,Gm15792,1365,6.46752173716438e-06,3.90120486835981,0.025,0.002,0.304788429385609
chr6-24663224-24664027,Wasl,981,6.5586085547921e-06,3.87094961781104,0.025,0.002,0.309080986753132
chr10-62488124-62488928,Vps26a,1318,6.60461094088897e-06,3.69612609481519,0.025,0.002,0.311248895200334
chr10-116019098-116019845,Ptprr,884,6.74447751160852e-06,3.51326844157788,0.025,0.002,0.317840247212063
chr17-25307860-25308635,Prss28,10,6.74447751160852e-06,3.55101896301978,0.025,0.002,0.317840247212063
chr4-125921194-125922080,2610028E06Rik,336,6.74447751160852e-06,3.57860478653162,0.025,0.002,0.317840247212063
chr2-139589627-139590474,Gm27385,1399,6.82807245837689e-06,2.54480422035594,0.044,0.007,0.321779742673469
chr16-21995030-21995731,Liph,0,6.88717489030759e-06,3.45782141018118,0.025,0.002,0.324565003880636
chr9-75683486-75684393,Scg3,0,6.97706358417498e-06,2.94210530355394,0.038,0.005,0.32880109846783
chr14-63543400-63544330,Mtmr9,0,7.00916517822937e-06,2.58232114695173,0.044,0.007,0.330313918189237
chr1-178187021-178187935,Desi2,0,7.13770971264182e-06,1.63067897686007,0.101,0.03,0.336371707917959
chr17-79825108-79825984,RP23-242A12.1,0,7.15142981292986e-06,2.82276206536525,0.038,0.005,0.337018281364133
chr10-57794484-57795282,Smpdl3a,148,7.2262470492361e-06,2.47549412659683,0.044,0.007,0.3405441184423
chr5-8242988-8243870,Gm23993,264,1.09292177162865e-05,2.36044313204481,0.05,0.009,0.515050314097719
chr6-72789039-72789985,Tcf7l1,0,1.13078681864926e-05,2.34369443019293,0.05,0.009,0.532894596156651
chr17-39845753-39846630,Yam1,327,1.24646983399403e-05,1.30439770948844,0.151,0.059,0.587411373968029
chrX-145504733-145505544,Amot,0,1.54357477508664e-05,2.61300797689003,0.044,0.007,0.72742504850733
chr17-34398387-34399350,BC051142,0,1.56906745960504e-05,2.65324655513553,0.044,0.007,0.739438731013472
chr5-103691950-103692872,Aff1,0,1.57550369747771e-05,2.58198921034844,0.044,0.007,0.742471872473344
chr7-122288582-122289492,Prkcb,0,1.58196458850462e-05,2.55491812253318,0.044,0.007,0.745516631978685
chr10-63099778-63100703,Atoh7,0,1.84488064958442e-05,3.04951744171132,0.031,0.004,0.869418454923154
chr5-86172366-86173233,Uba6,0,1.88086458172582e-05,1.3953369453434,0.119,0.042,0.88637624278411
chr6-55335880-55336799,Aqp1,0,1.90475702405652e-05,2.76064483962863,0.031,0.004,0.897635795156875
chr17-64600211-64601127,Man2a1,0,1.96497142224072e-05,1.6903843477994,0.082,0.023,0.92601243244516
chr16-37010003-37010760,Polq,1025,1.96758273341827e-05,2.85494472702177,0.038,0.005,0.927243038950695
chr10-61714743-61715645,Aifm2,0,2.10642582981396e-05,2.60582494344982,0.038,0.005,0.992674236558127
chr4-96273664-96274597,Cyp2j15-ps,0,2.11697340236778e-05,2.39337126815127,0.05,0.01,0.997644885599839
chr6-87811467-87812346,Rab43,0,2.23670007407066e-05,1.98204078897956,0.063,0.015,1
chr11-30471514-30472377,4930505A04Rik,0,2.29755496353255e-05,2.17190818995279,0.057,0.012,1
chr1-186116820-186117676,Lyplal1,0,2.99804756088249e-05,1.85478927231041,0.069,0.018,1
chr3-154596429-154596980,Cryz,0,3.36412694030681e-05,1.67850736835256,0.069,0.018,1
chr2-146511734-146512626,Ralgapa2,0,3.39028422240143e-05,1.39100553940259,0.113,0.04,1
chr11-4096323-4097205,Mtfp1,877,3.69108933130196e-05,2.3255338609368,0.044,0.008,1
chr9-40321017-40321874,1700110K17Rik,1551,4.02868025505131e-05,3.42596292719236,0.025,0.002,1
chr2-164655611-164656554,Wfdc10,0,4.10189922180825e-05,3.24953845084666,0.025,0.002,1
chr3-87355866-87356807,Cd5l,1073,4.10189922180825e-05,3.19751159576919,0.025,0.002,1
chr12-95690514-95691420,Flrt2,805,4.12658488026743e-05,3.2182828827721,0.025,0.002,1
chr7-19700872-19701725,Apoe,1705,4.12658488026743e-05,3.12430660540081,0.025,0.002,1
chr4-137048169-137049020,Zbtb40,0,4.15141145800677e-05,3.19398215427487,0.025,0.002,1
chr2-93823366-93824181,Ext2,797,4.22674428899357e-05,3.08269012492277,0.025,0.002,1
chr10-34418098-34419000,Nt5dc1,0,4.70620197153262e-05,1.39858128812829,0.119,0.045,1
chr1-143640446-143641363,B3galt2,0,5.14271889657504e-05,2.55895770776186,0.038,0.006,1
chr4-154025603-154026536,Smim1,0,5.19702928673505e-05,2.55905425914359,0.038,0.006,1
chr15-94543090-94544022,Pus7l,0,5.22837432252272e-05,1.70414008627768,0.075,0.021,1
chr15-38302092-38302854,Klf10,1384,5.42751804952993e-05,4.37910365423375,0.019,0.001,1
chr2-71872721-71873628,Pdk1,0,5.44462967172238e-05,1.70238039019055,0.069,0.018,1
chr11-4873736-4874492,Nipsnap1,0,5.59212193724482e-05,3.83937162738024,0.019,0.001,1
chr7-80260793-80261698,Ngrn,0,5.63400571848246e-05,3.68654617771726,0.019,0.001,1
chr10-59322845-59323723,P4ha1,0,5.71375173877738e-05,1.69166946325215,0.075,0.021,1
chr2-127444132-127445066,Fahd2a,0,5.87648340604706e-05,2.8948391641246,0.031,0.004,1
chr5-90223584-90224471,Cox18,0,5.90666225114574e-05,1.87139204596344,0.063,0.016,1
chr16-19883954-19884822,Gm27883,53,5.93332486258205e-05,2.81935457901197,0.031,0.004,1
chr10-34096217-34096934,Fam26e,0,6.10698943610961e-05,2.73037407552343,0.031,0.004,1
chr8-40634184-40635080,Mtmr7,0,6.2854592218606e-05,2.58108427808246,0.031,0.004,1
chr19-19110898-19111773,Rorb,0,6.887338451552e-05,2.00303922013893,0.057,0.013,1
chr8-46470456-46471346,Acsl1,0,6.97015127553365e-05,1.57804578147196,0.088,0.028,1
chr7-137437223-137438056,Glrx3,0,7.14047450903446e-05,2.21360003657641,0.05,0.011,1
chr1-25829786-25830669,RP23-184I13.1,0,7.34201695503712e-05,2.25801260262821,0.044,0.009,1
chr10-126900875-126901742,Xrcc6bp1,0,7.42183212070869e-05,2.27545964426835,0.044,0.009,1
chr7-3644543-3645444,Cnot3,0,7.52051897975104e-05,1.35738862279002,0.101,0.034,1
chr15-36167406-36168295,Gm22979,1500,8.00394750971186e-05,2.06462869648413,0.044,0.009,1
chr17-34849847-34850742,Skiv2l,0,8.47566273328888e-05,1.9621581050298,0.05,0.011,1
chr17-87672040-87672918,Msh2,0,9.18400190444265e-05,1.61507445991114,0.082,0.026,1
chr11-32267093-32268097,Nprl3,0,9.35741510302712e-05,1.85720485757839,0.063,0.016,1
chr1-20951192-20952054,Efhc1,0,0.000101121570575923,1.75063590011745,0.069,0.02,1
chr4-99929331-99929998,Pgm2,0,0.000105659846582013,2.72872136433201,0.038,0.007,1
chr17-87025020-87025935,Pigf,0,0.000111203213759628,1.97943223557029,0.057,0.014,1
chr11-53566862-53567848,Kif3a,0,0.000111615328844241,2.53887479524311,0.038,0.007,1
chr8-78508818-78509619,Rbmxl1,0,0.00011381799103409,2.51928770979105,0.038,0.007,1
chr6-128355318-128356331,Tulp3,0,0.000116061606926933,2.50255103197547,0.038,0.007,1
chr2-118861494-118862413,Ivd,0,0.000117427728870156,2.36629393083254,0.038,0.007,1
chr8-45934363-45935277,Ccdc110,0,0.000119272824171441,2.3758346203064,0.038,0.007,1
chr1-9572998-9573856,Gm6161,691,0.000119738316291369,2.36792970261125,0.038,0.007,1
chr6-103833292-103834208,Gm25656,713,0.000120806272623472,1.87707841974543,0.057,0.014,1
chr10-121033302-121034244,Wif1,0,0.000122567686468249,2.28724966506939,0.038,0.007,1
chr6-124711732-124712661,Emg1,0,0.000122567686468249,2.37347019065735,0.038,0.007,1
chr19-61226901-61227825,Csf2ra,592,0.000124005841229765,2.3323570944688,0.038,0.007,1
chr13-67080977-67081902,Zfp708,0,0.000134704892926857,2.28861499508519,0.044,0.009,1
chr3-10012038-10012938,Fabp5,0,0.00013690278383784,1.95604331338071,0.05,0.012,1
chr3-129823078-129823941,Rrh,572,0.000137017109259566,2.23522733990232,0.044,0.009,1
chr7-15922034-15922902,Sepw1,0,0.00013774734518033,1.94125856521116,0.05,0.012,1
chr11-119389739-119390588,Mir1932,0,0.000137952423032595,2.15148495186163,0.044,0.009,1
chr11-75486252-75487164,Prpf8,0,0.000141273602016368,2.18308287429902,0.044,0.009,1
chr1-58112589-58113441,Aox3,0,0.000145161410592876,2.17775103503949,0.044,0.009,1
chr10-53629640-53630441,Mcm9,0,0.000157248617634702,1.36893706648134,0.094,0.033,1
chr1-65009903-65010758,RP23-31E12.2,1588,0.000159297209957983,2.75769947043885,0.031,0.005,1
chr14-123626412-123627313,Nalcn,0,0.000159576875285863,1.85276872803251,0.044,0.009,1
chr14-31536964-31537786,Gm24057,0,0.000162839315103361,3.11803128786612,0.025,0.003,1
chr17-40116575-40117458,Gm7148,1216,0.00016455651547812,3.12483110151438,0.025,0.003,1
chr2-118926066-118926937,Chst14,0,0.00016496678141477,2.6431303712614,0.031,0.005,1
chr6-17305785-17306656,Cav1,0,0.00016496678141477,2.54423804774814,0.031,0.005,1
chrX-9272114-9272914,Xk,0,0.00016496678141477,2.58521933864767,0.031,0.005,1
chr2-91236660-91237556,A330069E16Rik,0,0.000167748085342701,1.59731754201327,0.069,0.02,1
chr1-9191831-9192678,RP23-331M15.1,0,0.000167872246972509,2.56220097876759,0.031,0.005,1
chr11-74648837-74649758,Cluh,0,0.000171597157526007,2.8086177416522,0.025,0.003,1
chr18-36801320-36802207,Vaultrc5,0,0.000211716851554825,2.04737002697349,0.05,0.012,1
chr16-37384549-37385424,Stxbp5l,0,0.000221882629293922,1.54739934925301,0.082,0.027,1
chr2-113327178-113328081,Fmn1,0,0.000235831007031376,1.31244011045223,0.101,0.037,1
chrX-157817390-157818297,Klhl34,137,0.000238014104529293,2.33312363692544,0.038,0.007,1
chr11-30884927-30885853,Gpr75,0,0.000242377109874965,2.30226216795396,0.038,0.007,1
chr11-106302406-106303307,Gh,540,0.000245030810869168,2.2107087222597,0.038,0.007,1
chr1-43898821-43899691,Gm8241,526,0.000245842923826767,1.80221205475516,0.05,0.012,1
chr10-121739456-121740378,BC048403,0,0.000247711748055088,2.3018116085701,0.038,0.007,1
chr11-30648829-30649751,Acyp2,0,0.000248611490893016,2.21929898903567,0.038,0.007,1
chr2-150608087-150608854,Apmap,0,0.000248611490893016,2.22454939894048,0.038,0.007,1
chr4-120589578-120590549,Gm8439,832,0.000250420179973831,2.21594302827896,0.038,0.007,1
chr9-44334226-44335071,H2afx,0,0.000251405290750485,2.15050499696777,0.044,0.01,1
chr6-94499913-94500800,Slc25a26,0,0.000253023836381102,2.05494142469091,0.044,0.01,1
chr1-183388457-183389362,Taf1a,0,0.00025592057330601,2.19520468049455,0.038,0.007,1
chr6-65126045-65126929,Gm17147,1641,0.000259596248934937,2.07349600878524,0.044,0.01,1
chr15-44363833-44364652,Gm25093,0,0.000262101914862163,2.00995503221351,0.044,0.01,1
chr13-95891617-95892526,Iqgap2,0,0.000287125956207923,1.7284010880103,0.057,0.015,1
chr6-57824435-57825336,Vopp1,0,0.000287880816931693,1.76088908927711,0.057,0.015,1
chr6-57859337-57860153,Gm25726,0,0.000289119523929553,1.7195596529344,0.063,0.018,1
chr17-24736091-24736987,Msrb1,0,0.000290918929200103,1.72369240739913,0.057,0.015,1
chr13-35905707-35906628,Rpp40,0,0.000297085395554075,1.7546461197772,0.057,0.015,1
chr17-56830793-56831700,Rfx2,0,0.00030689080928368,1.50556824808525,0.082,0.028,1
chr14-56667760-56668634,Mphosph8,0,0.000333198964937927,1.99624939789173,0.05,0.013,1
chr2-151038958-151039864,Nanp,0,0.000344929964054436,1.48852457746538,0.069,0.021,1
chr16-75592475-75593338,Rbm11,0,0.000348512122332351,1.97346882538338,0.05,0.013,1
chr6-114642716-114643617,Atg7,0,0.000371032661493011,2.68150831875852,0.031,0.005,1
chr13-41850533-41851413,RP23-21E23.3,0,0.000374292401232613,3.45292636389624,0.019,0.002,1
chr14-43319498-43320381,Gm17155,15,0.000374292401232613,3.45831355381607,0.019,0.002,1
chr11-44519674-44520496,Rnf145,709,0.000376581108800853,3.44050894272338,0.019,0.002,1
chr12-12680196-12681110,Gm27952,1507,0.000376581108800853,3.34510388544685,0.019,0.002,1
chr13-70883670-70884574,8030423J24Rik,721,0.00037701807493727,2.59959361202064,0.031,0.005,1
chr16-17069601-17070413,Ypel1,0,0.000378528467112343,2.54715089605855,0.031,0.005,1
chr2-180399531-180400402,Mir133a-2,1151,0.000378882892822587,3.43227312940487,0.019,0.002,1
chr6-86670677-86671484,Mxd1,1517,0.000378882892822587,3.48457278421688,0.019,0.002,1
chr11-52143453-52144342,Olfr1373,1185,0.00038119782206752,3.40901174751013,0.019,0.002,1
chr15-78868114-78869125,Gm26634,1224,0.00038119782206752,3.30872610586057,0.019,0.002,1
chr17-36869508-36870330,Trim10,0,0.00038119782206752,3.21727199531793,0.019,0.002,1
chr1-3670127-3670908,Xkr4,589,0.000383525965630417,3.2692909865637,0.019,0.002,1
chr10-81232725-81233646,Zfr2,0,0.000383525965630417,3.14315432738588,0.019,0.002,1
chr11-69340444-69341384,Chd3os,0,0.000383525965630417,3.30621704976363,0.019,0.002,1
chr11-93096883-93097615,Car10,412,0.000385867392932423,3.15607423386517,0.019,0.002,1
chr7-45403215-45404073,Kcna7,1886,0.000385867392932423,3.22203199049804,0.019,0.002,1
chr1-118627819-118628777,Tfcp2l1,0,0.000390590378078214,3.07422142466705,0.019,0.002,1
chr11-79710692-79711607,Mir193a,361,0.000390590378078214,2.8650659240615,0.019,0.002,1
chr13-46192924-46193793,Gm10113,1875,0.000390590378078214,2.73851098772624,0.019,0.002,1
chr3-89202450-89203344,Gba,0,0.000390590378078214,3.10767031751121,0.019,0.002,1
chr17-24724005-24724910,Ndufb10,0,0.000390816803272573,2.30700412112954,0.031,0.005,1
chr17-80943754-80944581,Tmem178,50,0.000392378790608885,2.39228445646777,0.031,0.005,1
chr6-137734621-137735526,Strap,0,0.000394079979866449,1.59098665939909,0.069,0.022,1
chr7-54836236-54837040,Luzp2,276,0.000397099823893289,2.39263331943663,0.031,0.005,1
chr9-108078829-108079719,Mst1,716,0.000398685259069118,2.2933148183932,0.031,0.005,1
chr13-62466542-62467373,Zfp935,0,0.000411583297001233,2.31491001368,0.031,0.005,1
chr5-87882770-87883510,Odam,1518,0.00041649209763073,4.47290453003588,0.013,0.001,1
chrX-10714519-10715302,Mid1ip1,0,0.00041649209763073,5.08276965371886,0.013,0.001,1
chrX-108832420-108833315,Brwd3,1056,0.00041649209763073,4.57478595921269,0.013,0.001,1
chr5-93092858-93093777,Sept11,0,0.000420861842463564,1.76348274452491,0.057,0.016,1
chr11-20112526-20113404,Actr2,0,0.000423878170571011,1.67805968087705,0.063,0.019,1
chr8-88118261-88119121,Gm2716,0,0.000433620674071136,2.03561818581691,0.044,0.01,1
chr5-113310226-113311176,Sgsm1,0,0.00043625978746977,2.02488112815584,0.044,0.01,1
chr2-168954908-168955842,Zfp64,0,0.000439298016896762,1.66599666756696,0.057,0.016,1
chr16-10411640-10412556,Nubp1,0,0.000447106269561067,1.69895122048409,0.057,0.016,1
chr11-53891444-53892346,Slc22a5,0,0.000448129368578943,1.25429802489584,0.094,0.035,1
chr14-73384874-73385781,Itm2b,0,0.000453399694614669,2.284041391616,0.038,0.008,1
chr8-105224628-105225527,D230025D16Rik,0,0.000459305368456031,1.88067407835345,0.044,0.01,1
chr10-75859746-75860543,Mif,0,0.000469041748707137,2.1934320257567,0.038,0.008,1
chr8-61487338-61488183,Cbr4,0,0.00047383164565708,2.17536268700781,0.038,0.008,1
chr5-25759448-25760347,Actr3b,0,0.000480289173959208,2.14287347735837,0.038,0.008,1
chr5-123251578-123252489,Wdr66,0,0.000504958100698041,2.76165317633158,0.025,0.004,1
chr1-176699632-176700485,Gm26104,131,0.000509659453612489,2.69045721395131,0.025,0.004,1
chr2-28792662-28793534,Gm13385,34,0.000509659453612489,2.76763807756308,0.025,0.004,1
chr8-115706648-115707387,Maf,406,0.000509659453612489,2.74301071963971,0.025,0.004,1
chr9-115310092-115311088,Stt3b,0,0.000515337677210361,1.45924540006249,0.082,0.029,1
chr11-78342992-78343857,Unc119,0,0.000519184817540267,2.66459334355975,0.025,0.004,1
chr1-59237800-59238514,Als2,568,0.000521591949289147,2.53598827781088,0.025,0.004,1
chr1-60180031-60180915,Nbeal1,0,0.000521862582989227,1.43318247228931,0.075,0.026,1
chr5-9169565-9170443,Gm24666,501,0.0005240094791767,2.70843130223909,0.025,0.004,1
chr14-46880648-46881519,Samd4,1334,0.000528875898190588,2.6003061365718,0.025,0.004,1
chr17-26931541-26932256,Phf1,870,0.000528875898190588,2.42682475096007,0.025,0.004,1
chr4-21766649-21767496,Usp45,0,0.000576946173878362,1.67476163637845,0.063,0.02,1
chr1-3671348-3672228,Xkr4,0,0.000700677139060108,1.71240450983305,0.063,0.02,1
chr5-144223190-144224093,Tecpr1,0,0.00074822192813395,1.85778290285087,0.044,0.011,1
chr13-38528058-38528749,Txndc5,74,0.000771223539409647,2.62635487871592,0.031,0.006,1
chr5-30666294-30667219,Cenpa,0,0.000778792440178622,1.66701773811855,0.044,0.011,1
chr5-143817285-143818167,Eif2ak1,0,0.00078773750113047,1.69401677047799,0.044,0.011,1
chr6-85451128-85451882,Cct7,0,0.000788899018719744,1.60658843386937,0.063,0.02,1
chr6-118454729-118455627,Zfp248,0,0.000791327906653296,2.45958027061468,0.031,0.006,1
chr12-110844724-110845605,Gm26912,0,0.000794239346286505,2.44480215794221,0.031,0.006,1
chr9-107887715-107888588,Mon1a,0,0.000797160724790063,2.35796034047718,0.031,0.006,1
chr14-20181308-20182162,Kcnk5,0,0.00080009207306768,2.40031573546774,0.031,0.006,1
chr7-110017913-110018692,Ipo7,0,0.00080009207306768,2.35474037289996,0.031,0.006,1
chr8-124230950-124231833,Galnt2,0,0.000808946246855899,2.31869062009366,0.031,0.006,1
chr9-83146245-83147018,Hmgn3,0,0.000816394087389539,2.26865792693425,0.031,0.006,1
chr2-27676647-27677538,Rxra,206,0.000817891269312081,2.30675309227316,0.031,0.006,1
chr13-58157206-58158071,Idnk,0,0.000823905507690624,2.21053774474091,0.031,0.006,1
chr3-69961914-69962821,Gm23484,0,0.000823905507690624,2.30583834036274,0.031,0.006,1
chr13-65034754-65035678,Spata31d1c,1695,0.000824033449739352,2.14439879128231,0.038,0.009,1
chr19-3322937-3323720,Cpt1a,0,0.000824033449739352,2.06958446337812,0.038,0.009,1
chr14-50944069-50944980,Pnp,0,0.000829283156553779,2.09521829486391,0.038,0.009,1
chr16-33184765-33185564,Osbpl11,0,0.000829960753152198,2.23297334876753,0.031,0.006,1
chr3-109027244-109028159,Fam102b,0,0.000829960753152198,2.17904500347677,0.031,0.006,1
chr9-14751331-14752211,Fut4,0,0.000839121066583314,2.19544041934433,0.031,0.006,1
chr13-76018166-76019047,Rfesd,0,0.000847776967740096,1.52372903632534,0.063,0.02,1
chr5-122614028-122614931,Ift81,0,0.000847902439687633,2.0695305482157,0.038,0.009,1
chr17-35000674-35001613,Vars,0,0.000848375083356157,2.11011032591873,0.031,0.006,1
chr14-121797516-121798141,Dock9,0,0.000850593766980279,1.95933375950139,0.038,0.009,1
chr17-67354220-67355159,Ptprm,0,0.000871857372549822,1.69485758429188,0.05,0.014,1
chr13-86046319-86047193,Cox7c,0,0.000889265526542751,1.50136348274301,0.063,0.02,1
chr4-80911555-80912377,Lurap1l,908,0.000889265604705543,1.47094771520268,0.063,0.02,1
chr18-3507349-3508224,Bambi,0,0.000910361780696828,1.19732457901104,0.101,0.042,1
chr6-42349404-42350171,Zyx,0,0.00100956390559608,1.433211027505,0.075,0.027,1
chr5-70842898-70843819,Gabrg1,280,0.00102242257541399,2.02862119512437,0.044,0.012,1
chr3-19187732-19188643,Mtfr1,404,0.00110134914570378,1.33421356919457,0.082,0.031,1
chr5-29568761-29569640,Ube3c,0,0.00110931179471813,1.53847947907695,0.063,0.021,1
chr9-72491548-72492423,Tex9,0,0.00113134527877521,1.88095428323971,0.044,0.012,1
chr14-122533843-122534743,Pcca,0,0.0011341291929464,1.52112871732254,0.063,0.021,1
chr4-107066457-107067353,Mrpl37,0,0.00115312205599529,1.75894093565407,0.044,0.012,1
chr9-102834462-102835309,Ryk,0,0.00116573922311843,1.73580437555252,0.044,0.012,1
chr11-20332531-20333496,Slc1a4,0,0.00118039848969936,1.28345643717571,0.082,0.031,1
chr18-53175858-53176740,Snx2,0,0.00118531052485655,1.44830109788545,0.063,0.021,1
chr9-35421065-35421952,Cdon,0,0.00122113315713883,1.56052616533242,0.057,0.018,1
chr14-118136646-118137501,Gpr180,0,0.00123689268586678,1.68199484185421,0.05,0.015,1
chr11-98681922-98682811,Psmd3,0,0.00123991949199241,1.67322389719101,0.05,0.015,1
chrX-102643811-102644726,Phka1,0,0.00126343341178794,2.54943845332421,0.025,0.004,1
chr11-109068686-109069580,Gm24149,1595,0.00127392953277484,2.53443378329534,0.025,0.004,1
chr10-51631028-51631926,Gprc6a,0,0.00127920772567176,2.52931989113405,0.025,0.004,1
chr11-54214524-54215380,4933405E24Rik,1238,0.00127920772567176,2.5052320299368,0.025,0.004,1
chr17-34038235-34039146,Col11a2,290,0.00128450609941329,2.46422318013617,0.025,0.004,1
chr2-106037959-106038760,Gm29053,1735,0.00128450609941329,2.49701461918439,0.025,0.004,1
chr2-181364816-181365741,Zgpat,0,0.00128716246662872,2.5133232712343,0.025,0.004,1
chr11-60454193-60455057,Drg2,0,0.00128982472369214,2.51795046005715,0.025,0.004,1
chr14-55161008-55161886,Gm23596,0,0.00129516366841042,2.39751181940423,0.025,0.004,1
chr11-74831816-74832732,Mnt,895,0.0013034959730024,1.64428247619047,0.05,0.015,1
chr3-122293628-122294397,Mir760,0,0.0013059027998237,2.25724907646508,0.025,0.004,1
chrX-71555535-71556283,Hmgb3,0,0.00131130312737443,2.40648594978788,0.025,0.004,1
chr14-122106672-122107500,A330035P11Rik,0,0.0013221656598883,2.35657965060115,0.025,0.004,1
chr19-46305459-46306191,Nfkb2,721,0.0013221656598883,2.26492766393558,0.025,0.004,1
chr17-56626574-56627491,Lonp1,0,0.00133861521972976,2.3029298001892,0.025,0.004,1
chr3-108200240-108201158,Cyb561d1,53,0.00139090225013428,1.98972193928887,0.038,0.009,1
chr7-102686791-102687694,Trim68,0,0.00145976542168534,1.27594905389823,0.082,0.032,1
chr17-26972664-26973566,Zbtb9,0,0.00146305882239613,1.86736981839453,0.038,0.009,1
chr8-12757549-12758180,Atp11a,534,0.0014634727221906,3.26811886878013,0.019,0.002,1
chr1-181021965-181022910,RP23-390I1.5,0,0.00147098735057355,3.13962911572773,0.019,0.002,1
chr12-100939278-100940116,A630072L19Rik,1625,0.00147098735057355,3.4140735306227,0.019,0.002,1
chr7-126649087-126650006,Ccdc101,0,0.00147177092813694,1.79277479155674,0.038,0.009,1
chr15-77398490-77399399,Apol7a,0,0.00148612338873004,3.09524543209999,0.019,0.002,1
chr7-105787361-105788257,Dchs1,0,0.00149374510189422,3.05063984092128,0.019,0.002,1
chr10-40141795-40142701,Slc16a10,0,0.00150140281430827,2.99182332083752,0.019,0.002,1
chr16-45413381-45414090,Gm5406,1800,0.00150140281430827,2.86743430530922,0.019,0.002,1
chr10-82984987-82985872,Chst11,0,0.00150909667906822,2.91622446238614,0.019,0.002,1
chr11-114198178-114199014,1700092K14Rik,0,0.00150909667906822,2.96438170531738,0.019,0.002,1
chr13-24337648-24338486,Gm11342,304,0.00150909667906822,2.84591110684689,0.019,0.002,1
chr9-122886485-122887420,Zkscan7,1050,0.00150909667906822,2.84213968171433,0.019,0.002,1
chr9-107982055-107982969,Gm20661,88,0.0015168268498333,2.84061598376471,0.019,0.002,1
chr7-140153180-140154111,Sprn,765,0.00152459348082761,2.82026153097927,0.019,0.002,1
chr7-140821384-140822276,Zfp941,0,0.00153229576345408,2.20487038655875,0.031,0.007,1
chr10-127030335-127031291,Tsfm,0,0.00153239672684176,2.77924886426744,0.019,0.002,1
chr12-34529891-34530744,Hdac9,1001,0.00153239672684176,2.71972489350784,0.019,0.002,1
chr2-76984194-76985002,Ttn,1646,0.00153239672684176,2.66261063748036,0.019,0.002,1
chr6-31604603-31605530,Gm13847,0,0.00153239672684176,2.68370023185991,0.019,0.002,1
chr8-116504453-116505271,Dynlrb2,0,0.00153749004471872,2.18026744344,0.031,0.007,1
chrX-102504889-102505705,Hdac8,0,0.00154023674323453,2.68562088717069,0.019,0.002,1
chr4-27996066-27996996,Tpm3-rs2,0,0.00154811368593448,2.5105736135166,0.019,0.002,1
chr4-33208799-33209683,Srsf12,0,0.00155317034593641,2.19181172677229,0.031,0.007,1
chr18-23752121-23752719,Gm15972,0,0.00155602771144165,2.46388692251701,0.019,0.002,1
chr9-20492347-20493184,Zfp426,0,0.00155602771144165,2.4001265298875,0.019,0.002,1
chr9-119101990-119102813,Dlec1,0,0.00155602771144165,2.42804163293285,0.019,0.002,1
chr1-133961377-133962307,Gm1627,0,0.00156899779319367,2.14316682096296,0.031,0.007,1
chr14-50930644-50931527,Tmem55b,0,0.00156961634634524,1.97619300049416,0.044,0.012,1
chr6-129574978-129575921,Klre1,1971,0.00157430652241407,2.11699011574229,0.031,0.007,1
chr1-90974722-90975584,Gm28199,0,0.00157963178529265,2.05930320699654,0.031,0.007,1
chrX-134750968-134751716,Armcx6,0,0.00158497362815158,2.08824830252349,0.031,0.007,1
chr2-57237908-57238738,A930012O16Rik,0,0.00159033209742511,2.07959918648385,0.031,0.007,1
chr19-10576869-10577755,Tmem138,0,0.00160650772976148,2.01100087701413,0.031,0.007,1
chr1-128416785-128417660,Dars,0,0.00160709860631204,1.77201880530964,0.05,0.015,1
chr9-108991423-108992295,RP24-212K17.5,0,0.00160709860631204,1.79852874927908,0.05,0.015,1
chr2-73312251-73313161,Scrn3,0,0.00161737547308284,2.05738157734087,0.031,0.007,1
chr8-72239611-72240492,Ap1m1,0,0.00162232936366712,1.78883346288298,0.05,0.015,1
chr13-41015782-41016702,Tmem14c,0,0.0016366192207681,1.56506248825847,0.057,0.018,1
chr10-127512633-127513482,Ndufa4l2,1456,0.0016559476450317,1.93291106812753,0.031,0.007,1
chr10-13192706-13193529,Ltv1,0,0.00165806081144761,1.56056542042236,0.057,0.018,1
chr8-87472236-87473123,Cbln1,0,0.00166210999545235,1.85119277032615,0.044,0.012,1
chr3-145937503-145938394,2410004B18Rik,0,0.0016688222939402,1.74967548565045,0.05,0.015,1
chr2-23068850-23069674,Acbd5,681,0.00167273622701216,1.86739045717165,0.031,0.007,1
chrX-7573997-7574886,Ppp1r3f,0,0.0017324996203975,1.69148597740665,0.044,0.012,1
chr3-28814090-28814972,RP24-388D8.6,104,0.00173698871068368,1.75585020243249,0.044,0.012,1
chr6-94699858-94700755,Lrig1,0,0.00174148849449461,1.72630466966416,0.044,0.012,1
chr6-118419209-118420084,Bms1,0,0.00174494882700198,1.63400562340905,0.05,0.015,1
chr3-122983985-122984926,Usp53,0,0.0017615815714025,1.47550572533452,0.057,0.018,1
chr13-38960114-38961019,5033403F01Rik,0,0.00182904682676846,1.55654764571158,0.044,0.012,1
chr1-195130692-195131587,Cr1l,0,0.00184136963354236,1.61537397415472,0.05,0.015,1
chr10-91082425-91083337,Apaf1,0,0.00197002065164897,1.0473294214245,0.101,0.043,1
chr2-154435939-154436815,Cbfa2t2,0,0.00215978350108996,1.56662028772694,0.057,0.019,1
chr12-12904285-12905208,4930519A11Rik,1564,0.0021734027218038,1.51763905560346,0.057,0.019,1
chr14-8079997-8080838,Rpp14,0,0.00221619466427104,1.92271126567322,0.038,0.01,1
chr11-16507758-16508641,Sec61g,0,0.00223531154095805,1.23587926859243,0.063,0.022,1
chr4-53631147-53632077,Fsd1l,0,0.00225379347864512,1.88674588547912,0.038,0.01,1
chr12-50648861-50649659,Prkd1,0,0.00226645615067577,1.90257907139019,0.038,0.01,1
chr13-74638650-74639375,Erap1,496,0.00226645615067577,1.81765804673688,0.038,0.01,1
chr6-47952965-47953858,Zfp956,0,0.00235036270720906,1.76018726439067,0.038,0.01,1
chr19-11120837-11121720,Gm6501,0,0.00241010783419419,1.76122240469562,0.038,0.01,1
chr18-34859513-34860302,Egr1,0,0.00243133712017153,1.60527770024133,0.05,0.016,1
chr12-31634234-31635121,Bcap29,0,0.00250893366618182,1.45924105298186,0.05,0.016,1
chr15-68362978-68363882,Gm20732,0,0.00252020197532481,1.57890344289451,0.05,0.016,1
chr13-64369970-64370875,Ctsl,0,0.00257148447304833,1.55081500000491,0.05,0.016,1
chr10-14705109-14706032,Vta1,0,0.00257724104487752,1.48154985089812,0.05,0.016,1
chr6-55202986-55203803,Fam188b,0,0.0025943252179503,1.64549862901121,0.044,0.013,1
chr6-5725474-5726306,Dync1i1,0,0.00260710899736779,1.68190456460943,0.044,0.013,1
chr6-108659149-108659971,Bhlhe40,657,0.00260710928772641,1.60485716182894,0.044,0.013,1
chr11-88968085-88968964,Gm15698,1153,0.00263184968257442,2.53455876838493,0.025,0.005,1
chrX-69359953-69360859,Aff2,0,0.00265230841289228,1.57088051046353,0.044,0.013,1
chr14-34673290-34674243,Wapal,0,0.00266367620786729,2.1639721742191,0.031,0.007,1
chr2-120403762-120404644,Ganc,0,0.00267142631051751,2.46645078164996,0.025,0.005,1
chr19-4854737-4855665,Ctsf,0,0.00268640654873746,2.46985378317691,0.025,0.005,1
chr1-134181624-134182541,Chil1,0,0.00268886146069494,2.1493338594839,0.031,0.007,1
chr13-24761189-24762036,Gmnn,0,0.00269730478094037,2.07626211855921,0.031,0.007,1
chr4-56802031-56802977,Ikbkap,0,0.00269730478094037,2.15472625145206,0.031,0.007,1
chr8-11635616-11636181,Ankrd10,0,0.00269730478094037,2.10719856039217,0.031,0.007,1
chr4-70411901-70412780,Gm26320,142,0.00270577232173719,2.14018955345376,0.031,0.007,1
chr8-23207987-23208908,Agpat6,0,0.00271000384321421,1.36993001655622,0.063,0.023,1
chr16-38522312-38523224,Timmdc1,0,0.00272478440685016,1.54503819896435,0.044,0.013,1
chr14-55853575-55854387,Nynrin,0,0.00273132088548578,2.05834312899592,0.031,0.007,1
chr11-69948616-69949349,Slc2a4,427,0.0027419964720871,2.40893056880753,0.025,0.005,1
chr2-181212708-181213563,Srms,0,0.00275221579564732,2.32410884787098,0.025,0.005,1
chr9-78378001-78378797,Ooep,0,0.00277275889198491,2.32210485441534,0.025,0.005,1
chr12-102757349-102758284,Gm28051,0,0.00277439202451728,2.00889310647574,0.031,0.007,1
chr2-131179648-131180521,Cenpb,0,0.0027830828752868,2.3147293560686,0.025,0.005,1
chr5-36695546-36696353,D5Ertd579e,0,0.0027830828752868,2.33315539635452,0.025,0.005,1
chr16-16982875-16983767,Mapk1,0,0.00279179350838532,1.86874522774643,0.031,0.007,1
chr5-113164680-113165592,2900026A02Rik,1328,0.00280053157929703,1.98089202681608,0.031,0.007,1
chr18-7004436-7005261,Mkx,0,0.00280383624047855,2.24078646733552,0.025,0.005,1
chr8-72644406-72645339,Nwd1,1371,0.0028247308446868,2.20946421602547,0.025,0.005,1
chr9-96752346-96753240,Zbtb38,0,0.00283523137777061,2.10482067747968,0.025,0.005,1
chr3-67572720-67573528,RP23-245M20.2,0,0.00284576754076751,2.01916471683857,0.025,0.005,1
chr8-70315287-70316137,Cers1,0,0.00285633944096133,2.03799458533619,0.025,0.005,1
chr12-100159142-100160062,Nrde2,0,0.0028624007986555,1.97483081487321,0.031,0.007,1
chr3-157208858-157209702,RP23-19A13.1,0,0.0028624007986555,1.85609384641603,0.031,0.007,1
chr17-83271280-83272258,Gm24240,1308,0.00286694718590761,2.13692119380971,0.025,0.005,1
chr3-126363555-126364393,Arsj,0,0.00286694718590761,2.08145743395467,0.025,0.005,1
chrX-99135742-99136490,Efnb1,0,0.00286694718590761,2.03413958394752,0.025,0.005,1
chr9-88438545-88439479,Snx14,0,0.00287134041258293,1.91319799355874,0.031,0.007,1
chr9-44798891-44799814,Tmem25,0,0.00288030550729091,1.76049127064191,0.031,0.007,1
chr1-111864482-111865313,Dsel,0,0.0031605162293641,0.988528066824608,0.101,0.045,1
chr2-30363655-30364564,Fam73b,0,0.0032069287195947,1.6265164985347,0.05,0.016,1
chr15-10981300-10982231,Amacr,0,0.00327464211066581,1.32391435910879,0.069,0.027,1
chrX-53269452-53270285,Fam122b,0,0.00331091773763148,1.9686136740165,0.038,0.01,1
chr3-63898454-63899297,Plch1,174,0.00335952366341232,1.92073402744176,0.038,0.01,1
chr4-45084183-45085079,Fbxo10,0,0.00338630877375033,1.89594765599004,0.038,0.01,1
chr1-170589319-170590219,Nos1ap,0,0.00342232471327533,1.86381178096738,0.038,0.01,1
chr11-75348075-75348921,Smyd4,0,0.00343138301589613,1.86254080979589,0.038,0.01,1
chr15-42674507-42675341,Gm17473,918,0.00353095116270093,1.69906115149757,0.044,0.013,1
chr17-74489142-74490020,Yipf4,0,0.00353095152113692,1.62539243756773,0.044,0.013,1
chr4-119320133-119321032,Ppih,0,0.00356051154000229,1.73977225775172,0.038,0.01,1
chr12-103388269-103389159,Otub2,0,0.00361007310655794,1.21068983486729,0.075,0.031,1
chr15-77956277-77957175,Foxred2,0,0.00361719340258216,1.63180032580597,0.038,0.01,1
chr1-58504530-58505405,Gm15834,0,0.00362671977240079,1.66593005953354,0.038,0.01,1
chr2-127269901-127270808,Stard7,0,0.0036318840271481,1.63953025556739,0.044,0.013,1
chr9-108094089-108094992,Apeh,0,0.00368332797929752,1.62018306757548,0.044,0.013,1
chr11-83650961-83651704,Ccl3,1605,0.00369066177222696,3.44260040375107,0.013,0.001,1
chr5-8893267-8894137,Abcb4,0,0.00371348941608556,1.64377440716281,0.038,0.01,1
chr17-90263236-90264005,Gm24510,683,0.00371384199451799,3.54793939502256,0.013,0.001,1
chr11-69802533-69803372,Fgf11,675,0.00373715449339446,3.28416131748093,0.013,0.001,1
chr4-59914325-59915148,Slc46a2,0,0.00373715449339446,3.11843396984902,0.013,0.001,1
chr8-120100877-120101720,Zdhhc7,0,0.00373715449339446,3.26318395758538,0.013,0.001,1
chrX-43430124-43431008,Tenm1,997,0.00373715449339446,3.34027919571851,0.013,0.001,1
chr9-88599152-88600059,9430037G07Rik,0,0.00375265604234165,1.69178423402756,0.038,0.01,1
chr1-189879021-189879819,RP24-288J3.2,115,0.00376059993351262,3.16410832527556,0.013,0.001,1
chr10-79768338-79769090,Rnf126,1385,0.00376059993351262,3.04967889382413,0.013,0.001,1
chr7-98855887-98856785,Gm8398,791,0.00376059993351262,2.9008802863206,0.013,0.001,1
chr14-115091787-115092685,Gpc5,0,0.00376250571245971,1.57386240412763,0.038,0.01,1
chr1-55363020-55364052,Boll,0,0.00378417898229346,2.80220245666356,0.013,0.001,1
chr12-76765150-76766045,Churc1,0,0.00378417898229346,2.98121169528186,0.013,0.001,1
chr17-25796510-25797440,Metrn,0,0.00378417898229346,2.98791731181465,0.013,0.001,1
chr2-120084636-120085535,Sptbn5,236,0.00378417898229346,3.08516263389676,0.013,0.001,1
chrX-36911215-36912095,Gm15008,380,0.00378417898229346,3.03924258208408,0.013,0.001,1
chr10-11280642-11281517,4930432B10Rik,0,0.00388201246923243,1.36437253460419,0.063,0.024,1
chr8-77610277-77611200,Tmem184c,0,0.00406238662055149,1.41347504170644,0.044,0.013,1
chr2-177956566-177957491,Gm14326,0,0.00413747438932901,2.9303750247739,0.019,0.003,1
chr13-111725136-111726010,Gm15287,0,0.00417270933935682,1.33096542067824,0.057,0.02,1
chr9-54585987-54586881,Idh3a,0,0.00419161062554234,1.19327881371535,0.075,0.031,1
chr4-142083545-142084366,Tmem51os1,0,0.00419225573218148,2.68118397122748,0.019,0.003,1
chr1-31175354-31176155,Lgsn,245,0.00419225720535526,2.7330919967823,0.019,0.003,1
chr2-160925134-160925926,Gm14228,721,0.00419225720535526,2.91969125046934,0.019,0.003,1
chr15-100304260-100305110,Mettl7a1,0,0.00421066385030006,2.75375795350861,0.019,0.003,1
chr9-87739553-87740236,RP23-353O7.3,0,0.00421066385030006,2.74351044214827,0.019,0.003,1
chr10-4105661-4106592,Gm25515,1347,0.00422914377315703,2.72740026235137,0.019,0.003,1
chr17-47139524-47140452,Trerf1,422,0.00422914377315703,2.73332767875287,0.019,0.003,1
chr3-96557396-96558301,Txnip,0,0.00422914377315703,2.68864640447903,0.019,0.003,1
chr3-104638268-104639067,Slc16a1,0,0.00422914377315703,2.57822441976405,0.019,0.003,1
chr9-59679716-59680605,Gramd2,0,0.00422914377315703,2.62154106665525,0.019,0.003,1
chr16-52454241-52454931,Alcam,166,0.00424769722989144,2.67599126428092,0.019,0.003,1
chr17-24488063-24488756,Caskin1,26,0.00424769722989144,2.61210884243319,0.019,0.003,1
chr9-108597130-108597915,P4htm,0,0.00424769722989144,2.69804868790588,0.019,0.003,1
chrX-53056871-53057762,C430049B03Rik,0,0.00424769722989144,2.61365637142734,0.019,0.003,1
chr1-179516570-179517428,Smyd3,612,0.00426632447720302,2.58722678668241,0.019,0.003,1
chr2-16977040-16977919,Gm13326,1911,0.00426632447720302,2.59844650660865,0.019,0.003,1
chr2-128686878-128687820,Anapc1,0,0.00426632447720302,2.50149662278273,0.019,0.003,1
chr3-96644998-96645805,Itga10,0,0.00426632447720302,2.58833289843042,0.019,0.003,1
chr8-94178615-94179495,Mt1,0,0.00426632447720302,2.59441404112664,0.019,0.003,1
chr2-167777204-167778096,Gm14321,0,0.00428502577252747,2.50791092310155,0.019,0.003,1
chr11-78031807-78032678,Dhrs13,0,0.00430380137403788,2.47549122569923,0.019,0.003,1
chr12-84970436-84971309,Fcf1,0,0.00430380137403788,2.49981745210993,0.019,0.003,1
chr5-109690449-109691357,5430403G16Rik,0,0.00430380137403788,2.50216627855459,0.019,0.003,1
chr9-107290680-107291534,Mapkapk3,802,0.00430380137403788,2.31307780939719,0.019,0.003,1
chr7-45370142-45371046,Lin7b,0,0.00432265154064613,2.48413913408988,0.019,0.003,1
chr1-156676062-156677002,RP24-439O10.3,1542,0.00434157653200434,2.50530487053684,0.019,0.003,1
chr11-101323324-101324228,Aoc2,834,0.00434157653200434,2.29132723794876,0.019,0.003,1
chr19-47067197-47067904,Taf5,0,0.00434157653200434,2.45424177656813,0.019,0.003,1
chr5-103659452-103660321,Gm25721,1214,0.00434157653200434,2.27787160400487,0.019,0.003,1
chr8-105468903-105469795,Tppp3,1730,0.00434157653200434,2.42556740433445,0.019,0.003,1
chr10-7604921-7605753,Gm16254,1059,0.00436057660850633,2.41711993214015,0.019,0.003,1
chr8-85026431-85027268,2310036O22Rik,0,0.00437965203128904,2.16425931032394,0.019,0.003,1
chr13-62623776-62624691,Gm24020,0,0.00439880306223396,2.35453702657085,0.019,0.003,1
chr4-121214723-121215596,Rlf,0,0.00443975773451432,2.03637399103117,0.031,0.008,1
chr5-31054410-31055286,Cad,0,0.00445271137111242,2.02841320542461,0.031,0.008,1
chr19-5770935-5771782,Scyl1,0,0.00451799472200081,1.96602026751871,0.031,0.008,1
chr9-48354545-48355474,Nxpe2,1090,0.00453115498283593,1.9667557073023,0.031,0.008,1
chr14-39473128-39473996,Nrg3,39,0.0045443499602863,1.91808158073916,0.031,0.008,1
chrX-20797919-20798895,Araf,104,0.00457084438592914,1.85617767054262,0.031,0.008,1
chr7-135716109-135716977,Mki67,0,0.00462425337494883,1.85475788199748,0.031,0.008,1
chr9-108516570-108517413,Qrich1,0,0.00462425337494883,1.86340457075021,0.031,0.008,1
chr1-179667867-179668805,Sccpdh,0,0.00463769362241417,1.89984588563926,0.031,0.008,1
chr2-122234293-122235140,Sord,0,0.00463769362241417,1.87847855201859,0.031,0.008,1
chr7-34671606-34672572,Gm12756,1426,0.00463769362241417,1.84624779221109,0.031,0.008,1
chr8-70439247-70440139,Crtc1,0,0.0046511692322355,1.92439337044124,0.031,0.008,1
chr7-19823774-19824909,Bcl3,1003,0.0046646802858159,1.87912451114629,0.031,0.008,1
chr13-57907907-57908776,Spock1,0,0.00467822686471143,1.90021519363175,0.031,0.008,1
chr14-47276507-47277345,Wdhd1,0,0.00476025622786313,1.75186769706244,0.031,0.008,1
chr2-174109962-174110818,Npepl1,0,0.00484568558607772,1.61732749877442,0.044,0.014,1
chr11-72606714-72607593,Ube2g1,0,0.00485760258160923,1.67918160014896,0.031,0.008,1
chr7-4136815-4137667,Leng8,0,0.00502267358944984,1.5854794191772,0.044,0.014,1
chr8-38075012-38075816,Gm16204,897,0.00504943116913196,2.54007133782708,0.025,0.005,1
chr15-76091216-76092167,Nrbp2,1202,0.00505650284929295,1.59214906521577,0.044,0.014,1
chr8-18845943-18846791,Agpat5,0,0.00508654010818475,1.30585814120939,0.063,0.024,1
chr12-31948955-31949651,Hbp1,883,0.00508851550549758,1.70132270313419,0.038,0.011,1
chrX-7898727-7899650,Timm17b,0,0.00510090344293372,2.33083880175904,0.025,0.005,1
chr2-22895203-22896035,Pdss1,0,0.00511396540865435,1.75102860739651,0.038,0.011,1
chr11-115898756-115899638,Smim5,327,0.00511816596803157,2.42088953440699,0.025,0.005,1
chr16-39984027-39984878,Lsamp,0,0.0051652118104659,1.7215158744657,0.038,0.011,1
chr12-52602883-52603801,Gm24859,0,0.00517027081095991,2.36423798421626,0.025,0.005,1
chr3-64842040-64842953,Gm26939,1789,0.00518231122734311,1.5091864560939,0.044,0.014,1
chr1-69768658-69769593,RP23-301L19.1,1274,0.00522285452051566,2.20521245652064,0.025,0.005,1
chr3-97657752-97658625,Prkab2,0,0.00524370122050528,1.30628835663122,0.063,0.024,1
chr12-67222296-67223074,Mdga2,0,0.00525817716793982,2.13819158781998,0.025,0.005,1
chr8-36249039-36249953,Lonrf1,0,0.00527680417770638,1.27140211500772,0.075,0.032,1
chr2-102451362-102452273,Fjx1,225,0.00529371766534539,2.16594061290949,0.025,0.005,1
chr5-124578612-124579524,Eif2b1,0,0.00529371766534539,2.11216785258914,0.025,0.005,1
chr1-171195782-171196630,Pcp4l1,0,0.0053115686062465,2.12230145081668,0.025,0.005,1
chr16-11202893-11203744,Rsl1d1,0,0.00534743367922105,2.11012939577078,0.025,0.005,1
chr1-191062484-191063353,Nsl1,0,0.00534824980906956,1.64079048731781,0.038,0.011,1
chr1-32174477-32175342,Khdrbs2,1762,0.00536544809982466,2.06366080616278,0.025,0.005,1
chrX-151096050-151096971,Tsr2,0,0.00536544809982466,2.09624814095673,0.025,0.005,1
chr4-3809989-3810922,9430025C20Rik,1237,0.00538351730270764,2.05330198496637,0.025,0.005,1
chr17-44735876-44736729,Runx2os1,30,0.00539257138323601,2.01876069306172,0.025,0.005,1
chr19-36736300-36737217,Ppp1r3c,0,0.00540164032186109,2.02573286623949,0.025,0.005,1
chr10-79854044-79854907,Ptbp1,0,0.00540164143290825,1.91051040539344,0.025,0.005,1
chr13-67483727-67484665,Zfp874b,0,0.00541982063577481,1.99957768582865,0.025,0.005,1
chr4-122835690-122836774,Ppt1,0,0.00541982063577481,1.88616880113214,0.025,0.005,1
chr6-47942711-47943644,Zfp783,0,0.00541982063577481,1.9182571890303,0.025,0.005,1
chr10-61051859-61052723,Gm20610,0,0.00543805505696609,1.89248341967889,0.025,0.005,1
chr8-13785308-13786202,Upf3a,0,0.00544614621119768,1.07688391855136,0.075,0.032,1
chr11-23633259-23634120,0610010F05Rik,0,0.0054788647999641,1.18525491745665,0.069,0.028,1
chr11-97041011-97041911,Mrpl10,0,0.0054930910917417,1.97018619369407,0.025,0.005,1
chr4-44981018-44981886,Grhpr,0,0.00551154784904354,1.85794120503106,0.025,0.005,1
chrX-38189379-38190212,Zbtb33,0,0.00556725441912565,1.90208200653821,0.025,0.005,1
chr7-66079164-66080136,Vimp,0,0.00557637835904769,1.57367758230711,0.05,0.018,1
chr1-151754759-151755655,Edem3,0,0.00563520044978327,1.31503387628827,0.069,0.029,1
chr4-49631512-49632423,Rnf20,0,0.00576660317022835,1.17452537259714,0.063,0.024,1
chr16-16358483-16359410,Dnm1l,0,0.00611095984005343,1.40399119013704,0.05,0.018,1
chr9-98563202-98564123,4930579K19Rik,0,0.00618666209160931,1.40075247318961,0.057,0.021,1
chr15-7129036-7129925,Lifr,0,0.00622079782577957,1.34820747084018,0.05,0.018,1
chr2-131233528-131234440,Mavs,0,0.00635745623843333,1.37846510760643,0.05,0.018,1
chr1-194222678-194223542,RP23-204C6.1,0,0.00686913013322562,1.95143282831587,0.031,0.009,1
chr1-170632191-170633062,RP24-212P5.2,1269,0.00690657051052212,1.98196464524138,0.031,0.009,1
chr10-70096424-70097471,Ccdc6,0,0.00692535935997537,1.95340382058877,0.031,0.009,1
chr7-89403834-89404702,Fzd4,0,0.00692596469589185,1.26899219711893,0.069,0.029,1
chr7-43561921-43562803,Zfp658,0,0.00696307486332463,1.93475986427806,0.031,0.009,1
chr5-144014514-144015405,Ccz1,0,0.0070199940827825,1.93586020522169,0.031,0.009,1
chr1-39576989-39577881,Rnf149,0,0.0070581720061723,1.90188097866821,0.031,0.009,1
chr16-62846601-62847485,Arl13b,0,0.00707208076728636,1.11328901881831,0.063,0.025,1
chr6-134983285-134984206,Apold1,1283,0.00709001392028518,1.4568742429188,0.044,0.015,1
chr18-33794438-33795324,2410004N09Rik,0,0.00710757787198691,1.12119464578881,0.063,0.025,1
chr5-31290735-31291650,Ift172,0,0.00713508763355456,1.8683025859434,0.031,0.009,1
chr13-21530669-21531576,Zkscan8,0,0.00716583789583017,1.46189356420947,0.044,0.015,1
chr2-148408917-148409802,Thbd,728,0.00717382690716594,1.79741627239873,0.031,0.009,1
chr11-95413592-95414343,Spop,0,0.0072030041927478,1.79265067555224,0.031,0.009,1
chr4-98322020-98322875,0610025J13Rik,621,0.0072030041927478,1.80175439335112,0.031,0.009,1
chr1-157458058-157458930,BC026585,0,0.00721275487146879,1.83944709718289,0.031,0.009,1
chr14-70599317-70600217,Fam160b2,0,0.00729118004001943,1.71122422827478,0.031,0.009,1
chr2-33371018-33371899,Ralgps1,0,0.00733067883473496,1.76455822152665,0.031,0.009,1
chr10-24711467-24712314,Enpp1,0,0.00733508439648628,1.66715752420657,0.038,0.012,1
chr13-3477698-3478594,2810429I04Rik,0,0.00735049916417234,1.72253601364361,0.031,0.009,1
chr3-103169537-103170408,Bcas2,1246,0.00735050013390634,1.6426508821604,0.031,0.009,1
chr11-95666391-95667302,Phb,0,0.00737036950108726,1.70211378053658,0.031,0.009,1
chr7-43579339-43580160,Zfp719,0,0.00740456725462368,1.67658491130121,0.038,0.012,1
chr12-73964151-73965047,Snapc1,0,0.00743026701456595,1.65656596570203,0.031,0.009,1
chr16-32430414-32431296,Pcyt1a,0,0.00743026701456595,1.73216142134173,0.031,0.009,1
chr1-20890381-20891055,Paqr8,0,0.0074685442347526,1.30208018529409,0.044,0.015,1
chr5-64092592-64093430,Pgm1,0,0.00747463917413164,1.6036653329667,0.038,0.012,1
chr1-177982743-177983663,Gm16432,0,0.00748115880912478,1.08361771775573,0.075,0.033,1
chr16-84774122-84774782,Jam2,0,0.00749224906341323,1.6437006764548,0.038,0.012,1
chr5-110176202-110177116,Gm15787,0,0.00753106695812021,1.67415541383352,0.031,0.009,1
chr4-43668771-43669722,Tmem8b,0,0.00754530519583255,1.59651172735573,0.038,0.012,1
chr1-163403412-163404350,Gorab,0,0.00758086234627373,1.56740275877278,0.038,0.012,1
chr17-24669242-24670145,Zfp598,0,0.00758086234627373,1.59890752288198,0.038,0.012,1
chr3-59006598-59007616,Med12l,0,0.00759869719379048,1.59690511800425,0.038,0.012,1
chr15-99457402-99458214,Nckap5l,0,0.00763447901222847,1.56384212758504,0.038,0.012,1
chr9-3403478-3404397,Cwf19l2,0,0.00765242687956505,1.51845119477369,0.038,0.012,1
chr4-56946985-56947800,Tmem245,0,0.00765242764235743,1.50044752923012,0.038,0.012,1
chr9-70656847-70657819,Fam63b,0,0.00767941959621162,1.48143892463763,0.038,0.012,1
chr8-104250534-104251379,Cklf,0,0.00770649838397322,1.49010959413986,0.038,0.012,1
chr17-45685858-45686753,Mrpl14,0,0.00774273551014083,1.47877134645949,0.038,0.012,1
chrX-108834112-108835001,2810403D21Rik,0,0.007852364779393,1.41431691958674,0.038,0.012,1
chr10-78464577-78465479,Pdxk,0,0.00795773535002166,1.31933408508695,0.05,0.018,1
chr12-105784231-105785263,Papola,0,0.00800069958321429,1.44677703889478,0.038,0.012,1
chr5-17574224-17575074,Sema3c,0,0.00810741000412212,1.29736405976525,0.057,0.022,1
chr11-64978512-64979408,Elac2,0,0.00812799049176138,0.982757268464947,0.082,0.037,1
chr15-37960662-37961557,Rrm2b,0,0.00834445603481062,1.25480940281462,0.057,0.022,1
chr18-67723926-67724856,Ptpn2,0,0.0084248392919688,1.21958980547699,0.057,0.022,1
chr10-18234721-18235639,Ccdc28a,0,0.0085200868300116,1.25939266297986,0.05,0.018,1
chr17-29007536-29008503,Stk38,0,0.00860240612873231,2.36205892052974,0.025,0.006,1
chr12-119945768-119946615,Tmem196,0,0.00876853807571276,1.13001632387615,0.057,0.022,1
chr3-69859576-69860469,Sptssb,0,0.00895419611762942,2.20413311911992,0.025,0.006,1
chrX-7762113-7762983,Tfe3,0,0.00898178024853252,2.09440863975778,0.025,0.006,1
chr11-69846030-69846920,Plscr3,0,0.00903718088522209,2.05784607642197,0.025,0.006,1
chr7-24174644-24175566,Zfp114,585,0.0090649946861795,2.03609035447062,0.025,0.006,1
chr5-44226306-44227156,Tapt1,0,0.00909288489050168,2.06308527323284,0.025,0.006,1
chr12-91789603-91790420,Ston2,1215,0.00912085167716189,2.05299196440109,0.025,0.006,1
chr5-110653032-110653788,Noc4l,0,0.00912085167716189,1.94178916429925,0.025,0.006,1
chr3-90231181-90232045,Jtb,0,0.00914889522545529,1.99572772707779,0.025,0.006,1
chr3-96600622-96601537,Lix1l,0,0.00914889522545529,1.98456131383399,0.025,0.006,1
chr11-22981671-22982603,Commd1,0,0.00917701571499933,2.02085655276608,0.025,0.006,1
chr17-50508486-50509253,Plcl2,293,0.00917701571499933,1.99290122218093,0.025,0.006,1
chr2-5063565-5064426,Optn,0,0.00917701571499933,2.02298814616612,0.025,0.006,1
chr6-24894344-24895248,Gm22267,0,0.00917886986150209,1.40463418488143,0.057,0.023,1
chr5-137333236-137334111,Slc12a9,0,0.00920521332573398,2.05208211200725,0.025,0.006,1
chr17-80291074-80291879,Dhx57,597,0.00926184063214927,1.99133621371775,0.025,0.006,1
chr18-70140826-70141665,Rab27b,0,0.00926184063214927,1.96916795244157,0.025,0.006,1
chr2-101677984-101678829,Traf6,0,0.00926184063214927,1.93021638561452,0.025,0.006,1
chr7-31207876-31208797,RP24-427N13.6,0,0.00929027068932505,1.88087567517778,0.025,0.006,1
chrX-109012230-109012953,Hmgn5,450,0.00930026819077368,2.62348604849103,0.019,0.004,1
chr8-110079350-110080229,Zfp612,0,0.00931877859068232,1.88897644296178,0.025,0.006,1
chr5-45857391-45858283,Lcorl,0,0.0093363851617796,1.06428432805426,0.082,0.038,1
chr14-54152469-54153442,Traj61,1562,0.00934736451777794,1.93605943579477,0.025,0.006,1
chr3-87919069-87919926,Mrpl24,0,0.00934736451777794,1.94121676133751,0.025,0.006,1
chr2-154372242-154373158,Cdk5rap1,0,0.0093714935523942,2.51602771382337,0.019,0.004,1
chr4-124656967-124657835,Gm27247,0,0.0093714935523942,2.55084203179827,0.019,0.004,1
chr3-14610961-14611868,1810022K09Rik,0,0.00939798087921462,0.909942120266894,0.088,0.042,1
chr1-91540055-91540966,Asb1,0,0.00940105767541298,1.34720300827751,0.044,0.015,1
chr11-49903083-49903973,Rasgef1c,1247,0.00940477117703345,1.82518169160631,0.025,0.006,1
chr7-110843857-110844684,Rnf141,0,0.00940477117703345,1.84166500334831,0.025,0.006,1
chr8-87960089-87960946,Zfp423,493,0.00944320513685115,2.43700636991707,0.019,0.004,1
chr4-48042718-48043653,Nr4a3,1499,0.00946740913961796,1.12790048315708,0.069,0.03,1
chr16-96191799-96192636,Lca5l,0,0.00948902268953017,1.76727853875777,0.038,0.012,1
chr1-133024935-133025925,Gm29257,0,0.0094914709165363,1.79214676789787,0.025,0.006,1
chr2-25500320-25501169,Fbxw5,0,0.0094914709165363,1.79319753400941,0.025,0.006,1
chr6-115544191-115545103,Tsen2,0,0.00949712576397572,1.40565452902455,0.044,0.015,1
chr6-86684057-86684978,Snrnp27,0,0.00952052882893465,1.76142438712621,0.025,0.006,1
chr14-30654025-30655021,Rft1,0,0.00955169036266535,2.42833258732928,0.019,0.004,1
chr16-42303165-42304020,Mir6540,0,0.00955169036266535,2.37162627538354,0.019,0.004,1
chr19-42201547-42202365,Sfrp5,0,0.00955169036266535,2.31838630922108,0.019,0.004,1
chr7-27127990-27128858,Gm15883,1815,0.00955169036266535,2.32647850478075,0.019,0.004,1
chr8-31919457-31920324,Nrg1,1253,0.00955169036266535,2.36204647755774,0.019,0.004,1
chr11-98775198-98775967,Nr1d1,0,0.00956987639340049,2.42444526365396,0.019,0.004,1
chr2-147012804-147013448,Xrn2,0,0.00957888275508422,1.73312390271555,0.025,0.006,1
chr3-51340325-51341097,Elf2,0,0.00958809828350875,2.34895579435089,0.019,0.004,1
chr7-109170282-109170981,Lmo1,0,0.00958809828350875,2.23753288966029,0.019,0.004,1
chr9-22467735-22468684,Rp9,0,0.00958809828350875,2.37602092996549,0.019,0.004,1
chr13-100107646-100108641,Serf1,0,0.00960817913747944,1.8212624846444,0.025,0.006,1
chr8-13338213-13339108,Tfdp1,565,0.00960817913747944,1.80530779215521,0.025,0.006,1
chr1-107950178-107951055,Gm18448,1781,0.00962462988740133,2.31611263970569,0.019,0.004,1
chr11-33148065-33148963,Fgf18,664,0.00962462988740133,2.40227392261224,0.019,0.004,1
chr2-71497011-71497969,Gm23253,1739,0.00962462988740133,2.23588515250085,0.019,0.004,1
chr5-138170662-138171333,Ap4m1,668,0.00962462988740133,2.26225043188647,0.019,0.004,1
chr9-89210080-89210955,Mthfs,0,0.00962462988740133,2.28250251230203,0.019,0.004,1
chr10-93777344-93778272,Gm3571,338,0.00966128553168026,2.26223264856456,0.019,0.004,1
chr9-111056631-111057544,Ccrl2,0,0.00966128553168026,2.17582442534688,0.019,0.004,1
chr10-80406400-80407293,Uqcr11,0,0.00967965746758867,2.27486206643696,0.019,0.004,1
chr1-61472441-61473341,Gm28449,1609,0.00969806557447009,2.16098972401124,0.019,0.004,1
chr14-117951358-117952266,Mir6239,1580,0.00969806557447009,2.25799970553664,0.019,0.004,1
chr6-127109178-127110059,9630033F20Rik,0,0.00972659549012483,1.7681098909136,0.038,0.012,1
chr1-34849795-34850524,Plekhb2,0,0.0097349703746835,2.23025131994904,0.019,0.004,1
chr1-193189023-193189854,Gm15872,1748,0.0097349703746835,2.24151545955018,0.019,0.004,1
chr12-80462888-80463676,Exd2,0,0.0097349703746835,2.09808177262718,0.019,0.004,1
chr15-76368545-76369352,Hgh1,0,0.0097349703746835,2.23391924213059,0.019,0.004,1
chr16-4595642-4596526,Glis2,928,0.0097349703746835,2.08629805888223,0.019,0.004,1
chrX-139480142-139480919,D330045A20Rik,0,0.0097349703746835,2.07208533426946,0.019,0.004,1
chr4-125084676-125085615,Gm12932,0,0.00975101112326952,1.33380995449867,0.044,0.015,1
chr1-4496333-4497235,RP23-285G23.2,0,0.00977200029202224,1.98968749471531,0.019,0.004,1
chr5-30280987-30281918,Drc1,0,0.00977200029202224,1.96875813360371,0.019,0.004,1
chr7-98655239-98655969,2210018M11Rik,599,0.00977200029202224,2.18790715885628,0.019,0.004,1
chrX-12587283-12588150,Atp6ap2,0,0.00979055974718324,2.16721107862022,0.019,0.004,1
chr10-42761015-42761888,Sec63,0,0.00979060439867281,1.38419517148719,0.044,0.015,1
chr1-172126248-172127103,Pex19,0,0.00980915568697783,2.06214911941242,0.019,0.004,1
chr4-142014460-142015338,Fhad1,0,0.00980915568697783,2.15437737180247,0.019,0.004,1
chr2-30594479-30595361,Cstad,0,0.00984643692083247,1.84901011973836,0.019,0.004,1
chr12-81484572-81485448,Cox16,0,0.00988384435565979,2.05931213340935,0.019,0.004,1
chr3-108017564-108018487,Gstm1,0,0.00989021142312326,1.22712137214503,0.044,0.015,1
chr18-88971441-88972295,Rttn,0,0.00995948848811567,1.30855228192499,0.057,0.023,1
chr6-29347582-29348475,Calu,0,0.0100590983931549,1.64164730772219,0.038,0.012,1
chr8-54529605-54530429,Spcs3,0,0.010086503078163,0.952020696603094,0.094,0.046,1
chr9-65908454-65909337,Trip4,0,0.0101041885034541,1.61077503471427,0.038,0.012,1
chr7-80114940-80115828,Idh2,0,0.0101268009789441,1.60114262202488,0.038,0.012,1
chr1-131910055-131910854,Nucks1,0,0.0101721611508448,1.59352604122719,0.038,0.012,1
chr4-128992763-128993669,Ak2,804,0.0102151266518517,1.94579409638609,0.031,0.009,1
chr10-61452462-61453368,Eif4ebp2,0,0.0102411206435845,1.95791528358226,0.031,0.009,1
chr16-77013226-77014093,Usp25,0,0.0103031439994344,1.33672597950872,0.05,0.019,1
chr6-105677212-105678141,Gm15631,0,0.0103323495879323,1.50470774346502,0.038,0.012,1
chr12-31499312-31500243,Cbll1,0,0.0104592753209669,1.19758012757003,0.057,0.023,1
chr2-93045300-93046147,Prdm11,19,0.0105043155623226,1.75873479632522,0.031,0.009,1
chr9-97018461-97019303,Spsb4,0,0.0105416029535949,1.50137673242675,0.038,0.012,1
chr6-120835860-120836617,Bcl2l13,0,0.0105844404474984,1.75877606227677,0.031,0.009,1
chr6-29693693-29694605,Tspan33,0,0.0105886124813555,1.53425965959796,0.038,0.012,1
chr8-116993113-116994026,Gcsh,0,0.0105975548462262,1.1788495315124,0.069,0.031,1
chr2-126706833-126707726,Usp8,0,0.0106121870908771,1.466141266367,0.038,0.012,1
chr8-60982915-60983795,Clcn3,0,0.0106713270122807,1.51140218825349,0.038,0.012,1
chr12-37880257-37881077,Dgkb,0,0.0107307617221342,1.4054563758892,0.038,0.012,1
chr8-34154155-34154998,Saraf,0,0.0107307617221342,1.46584141266789,0.038,0.012,1
chr1-46066380-46067206,Dnah7b,64,0.0107546175139368,1.35508318296566,0.038,0.012,1
chr2-11320089-11320936,RP23-291L24.5,214,0.0107735131879028,1.69774127250433,0.031,0.009,1
chrX-101532163-101533148,Taf1,0,0.0108007672746479,1.67912558433825,0.031,0.009,1
chr4-10874236-10875007,2610301B20Rik,0,0.0108024705920967,1.42652277278289,0.038,0.012,1
chr10-17722074-17722647,Cited2,580,0.0108828976335338,1.63345385806358,0.031,0.009,1
chr11-34881287-34882158,Gm12711,947,0.0109932680359067,1.63956530809916,0.031,0.009,1
chr6-63255612-63256489,Grid2,0,0.0111046318992376,1.55702932350321,0.031,0.009,1
chr8-57455499-57456409,Scrg1,0,0.01116068873552,1.56952380313608,0.031,0.009,1
chr3-133544092-133544822,Tet2,0,0.0112452452843039,1.43600647166604,0.031,0.009,1
chr6-113377405-113378333,Tada3,0,0.0113303702395536,1.47496148057691,0.031,0.009,1
chr8-4165797-4166723,Evi5l,0,0.0113374978072959,-1.62393818775315,0.031,0.089,1
chr9-36726221-36727088,Chek1,0,0.0115312237311437,1.36998801738285,0.031,0.009,1
chr12-72535855-72536748,Pcnxl4,0,0.0115652951825683,1.48431792681716,0.044,0.016,1
chr15-79062536-79063445,Ankrd54,0,0.0115879684253838,1.45504809404679,0.044,0.016,1
chr7-47050084-47050994,Tmem86a,0,0.0116334332662901,1.51163212180369,0.044,0.016,1
chr7-100159185-100159997,Lipt2,0,0.0116334332662901,1.47885518502467,0.044,0.016,1
chr12-100778692-100779597,9030617O03Rik,0,0.0117938090220616,1.40807062338166,0.044,0.016,1
chr7-120203409-120204416,Abca14,0,0.0118631396493462,1.42765868705596,0.044,0.016,1
chr17-83350400-83351279,Eml4,0,0.0119794932666439,1.39014595590774,0.044,0.016,1
chr1-160194621-160195564,Mrps14,0,0.0120134856046894,1.03866118782889,0.082,0.039,1
chr4-156197301-156198246,Agrn,0,0.0122867636161982,1.33563082019377,0.044,0.016,1
chr1-155416996-155417838,Xpr1,0,0.0124067908069458,1.30850473194597,0.044,0.016,1
chr6-50596519-50597420,4921507P07Rik,0,0.0124801133787891,1.22015192602655,0.057,0.023,1
chr9-87021553-87022424,Cyb5r4,0,0.0125063504295452,0.966126304964464,0.069,0.031,1
chr17-25727110-25728018,Chtf18,0,0.0125881535817234,-10.2505750922423,0,0.038,1
chr18-64488649-64489545,Fech,0,0.0126930753368039,1.29135465387198,0.05,0.02,1
chr3-65392178-65393028,Ssr3,0,0.0126930753368039,1.26973147874279,0.05,0.02,1
chr12-65073515-65074389,Fkbp3,0,0.0127061642388023,1.18371031314423,0.057,0.023,1
chr13-48260457-48261371,Id4,55,0.0127154815001374,1.28255042630205,0.05,0.02,1
chr1-37540685-37541591,Mgat4a,0,0.0127484095742687,1.32476519133427,0.044,0.016,1
chr1-128359217-128360072,Mcm6,0,0.0128226875771092,1.24510133098363,0.044,0.016,1
chr11-70431991-70432897,Arrb2,0,0.0130099633493117,1.23280125032434,0.05,0.02,1
chr9-37207756-37208669,Tmem218,0,0.0132501304619463,0.820253647114923,0.088,0.043,1
chr8-69749422-69750329,Zfp963,0,0.0132979981366794,1.09590119439659,0.057,0.023,1
chr11-20542522-20543447,Sertad2,0,0.0133579048233875,1.04013806717103,0.082,0.04,1
chr6-77979259-77980171,Ctnna2,0,0.0136496006878031,1.06240838700078,0.069,0.031,1
chr2-116975424-116976300,Gm29340,127,0.0138329913760562,0.980214024466434,0.05,0.02,1
chr5-74194714-74195594,Rasl11b,0,0.0138677542364472,1.54802742193952,0.038,0.013,1
chr11-75999572-76000413,1700016K19Rik,0,0.01396485316877,3.18462277142133,0.013,0.002,1
chr17-66518710-66519190,Rab12,526,0.01396485316877,3.01890740691698,0.013,0.002,1
chr6-50261343-50262206,Dfna5,1655,0.0139856400842572,1.52741189785555,0.038,0.013,1
chr19-40589228-40589895,Gm27042,0,0.0140332317438566,3.02218944684521,0.013,0.002,1
chr7-130772946-130773906,Btbd16,162,0.0140332317438566,2.88804192035999,0.013,0.002,1
chrX-114490223-114491093,Gm14895,0,0.0140332317438566,2.74547156799858,0.013,0.002,1
chr15-79429150-79430038,Gm16059,1929,0.0141019056644839,2.78796839645859,0.013,0.002,1
chr16-8514332-8515053,Abat,902,0.0141019056644839,2.90998010884235,0.013,0.002,1
chr2-32317746-32318628,Mir199b,0,0.0141019056644839,2.77078977097516,0.013,0.002,1
chr3-80333865-80334833,RP24-262P4.1,0,0.0141019056644839,2.88432003892644,0.013,0.002,1
chr7-144583458-144584308,Fadd,994,0.0141019056644839,2.79047240620966,0.013,0.002,1
chr9-114369277-114370059,4930520O04Rik,973,0.0141019056644839,2.81530387328196,0.013,0.002,1
chr11-115859329-115860298,Myo15b,1313,0.0141342396165029,1.47313378586215,0.038,0.013,1
chr12-69275423-69276365,Gm15561,1990,0.0141708759940002,2.59625440954563,0.013,0.002,1
chr13-32782634-32783492,Mylk4,461,0.0141708759940002,2.69219830717258,0.013,0.002,1
chr13-52582884-52583762,Syk,0,0.0141708759940002,2.71000593896371,0.013,0.002,1
chr3-49208745-49209652,RP23-396C13.2,676,0.0141708759940002,2.71667146951985,0.013,0.002,1
chr4-100478470-100479335,Ube2u,0,0.0141708759940002,2.54780877972134,0.013,0.002,1
chr5-57128310-57129084,Gm23015,0,0.0141708759940002,2.58466601921128,0.013,0.002,1
chr6-30736656-30737515,Gm27568,691,0.0141708759940002,2.75705750195808,0.013,0.002,1
chr7-105368254-105368997,Olfr692,23,0.0141708759940002,2.77169009666507,0.013,0.002,1
chr8-89025489-89026330,Mir8110,753,0.0141708759940002,2.59046626275011,0.013,0.002,1
chr8-105518635-105519583,Hsd11b2,0,0.0141708759940002,2.61893932966182,0.013,0.002,1
chrX-9273009-9273589,Xk,252,0.0141708759940002,2.58187869434806,0.013,0.002,1
chrX-47891526-47892296,Smarca1,677,0.0141708759940002,2.5165741345252,0.013,0.002,1
chr1-156302734-156303635,CH36-500J15.2,0,0.0142401437985145,2.46702843281192,0.013,0.002,1
chr11-49794692-49795395,Gfpt2,513,0.0142401437985145,2.41501883745572,0.013,0.002,1
chr12-86082221-86083132,Ift43,0,0.0142401437985145,2.36897996721017,0.013,0.002,1
chr13-96130799-96131708,Sv2c,868,0.0142401437985145,2.56516466211196,0.013,0.002,1
chr7-141950550-141951296,Brsk2,798,0.0142401437985145,2.44173808953797,0.013,0.002,1
chr9-51101496-51102362,4833427G06Rik,0,0.0142401437985145,2.67727439232917,0.013,0.002,1
chr1-163994382-163995291,Mettl18,0,0.01430305529448,1.09209385260864,0.063,0.027,1
chr11-72437124-72437917,Ggt6,1597,0.0143097101468985,2.53202256349649,0.013,0.002,1
chr11-120617495-120618378,Pcyt2,0,0.0143097101468985,2.43116871401493,0.013,0.002,1
chr16-77235629-77236396,Mir99ahg,0,0.0143097101468985,2.50838762006087,0.013,0.002,1
chr4-88744038-88744902,Gm13274,0,0.0143097101468985,2.62378898576329,0.013,0.002,1
chr6-113740230-113741090,Sec13,0,0.0143097101468985,2.33933068164559,0.013,0.002,1
chrX-153237585-153238491,Klf8,118,0.0143097101468985,2.28713272089396,0.013,0.002,1
chrX-159409016-159409863,Gm15187,646,0.0143097101468985,2.50392428524029,0.013,0.002,1
chr3-63964134-63964964,Slc33a1,0,0.0143446219132769,1.42142389816597,0.038,0.013,1
chr13-6648403-6649303,Pfkp,0,0.0144575833152984,1.5603786126167,0.044,0.016,1
chr3-131302801-131303693,Cyp2u1,0,0.0144660757656709,1.43202902181594,0.038,0.013,1
chr13-58158292-58159189,Idnk,642,0.0146034368429632,1.95677261589457,0.025,0.007,1
chr9-48835874-48836714,Zbtb16,0,0.0146445804926727,1.88893146476921,0.025,0.007,1
chr1-75521167-75522181,Stk11ip,0,0.0147271744551341,1.91174182538831,0.025,0.007,1
chr13-30748808-30749680,Irf4,0,0.0147271744551341,1.9138608902419,0.025,0.007,1
chr17-32388953-32389879,Gm22201,0,0.0147271744551341,1.8693837278553,0.025,0.007,1
chr13-100775496-100776383,Cenph,0,0.0147318262260473,1.50279727711798,0.044,0.016,1
chrX-164075961-164076859,Siah1b,0,0.0147595021020482,1.43693692582057,0.044,0.016,1
chr1-58156692-58157601,Gm24548,1603,0.0147686251900977,1.89224866312811,0.025,0.007,1
chr5-131307407-131308259,Wbscr17,0,0.0148101766316742,1.9082582798015,0.025,0.007,1
chr13-62760206-62761083,Mir713,0,0.0148554799167603,1.77437362827606,0.031,0.01,1
chr4-134186696-134187570,Cep85,0,0.0148691965537793,1.20379513736792,0.057,0.024,1
chr2-27078846-27079724,Adamtsl2,0,0.0148935949497446,1.87849855596922,0.025,0.007,1
chr11-3863418-3864338,Osbp2,0,0.0149354580952076,1.82724001230824,0.025,0.007,1
chr11-59613881-59614792,Olfr225,914,0.0149354580952076,1.75454186668336,0.025,0.007,1
chr15-62037640-62038508,Pvt1,0,0.0149354580952076,1.8678374790926,0.025,0.007,1
chr18-10609783-10610639,Esco1,0,0.0149354580952076,1.77419420559964,0.025,0.007,1
chr9-78447863-78448819,Mto1,0,0.0149354580952076,1.77621885472308,0.025,0.007,1
chrX-105391620-105392575,5330434G04Rik,0,0.0149354580952076,1.84241142228539,0.025,0.007,1
chr5-136170098-136171061,Orai2,0,0.0149774248745733,1.84113300804683,0.025,0.007,1
chr11-55386168-55387057,Gm12234,1091,0.0150194955009779,1.81203274408156,0.025,0.007,1
chr4-40702718-40703647,Aptx,0,0.0150194955009779,1.82904395834731,0.025,0.007,1
chr9-108936241-108937110,Uqcrc1,0,0.0150616701878707,1.78932443907782,0.025,0.007,1
chr19-5038371-5039282,B3gnt1,0,0.0151039491490137,1.77355039450044,0.025,0.007,1
chr4-116074913-116075760,Uqcrh,0,0.0151039491490137,1.71469616370051,0.025,0.007,1
chr14-75456427-75457316,Siah3,444,0.0151045152929034,1.72899467067923,0.031,0.01,1
chr3-126596122-126596509,Camk2d,0,0.0151045152929034,1.71186819123325,0.031,0.01,1
chr5-136101843-136102819,Gm15701,1616,0.0151045152929034,1.75213156788591,0.031,0.01,1
chr8-56551107-56551933,Fbxo8,16,0.015118702374456,1.29373176215238,0.038,0.013,1
chr13-99100299-99101306,Gm807,0,0.0151763402955024,1.69106105823281,0.031,0.01,1
chr10-81502365-81503244,Gm16106,1228,0.015188820750664,1.7255305996705,0.025,0.007,1
chr14-45350735-45351583,Styx,0,0.015188820750664,1.77876081669915,0.025,0.007,1
chr3-87175296-87175956,Kirrel,548,0.015188820750664,1.72248449653604,0.025,0.007,1
chr9-35267434-35268289,Fam118b,0,0.0152085744706489,1.38413776298312,0.044,0.016,1
chr2-170731394-170732270,Dok5,0,0.0152123654526403,1.64746900299706,0.031,0.01,1
chr19-38818817-38819707,Noc3l,0,0.0152846417305129,1.63061181796588,0.031,0.01,1
chr10-75763886-75764744,Cabin1,0,0.0153169134424162,1.73811584416112,0.025,0.007,1
chr16-5202355-5203156,Nagpa,855,0.0153169155720742,1.58361374988419,0.025,0.007,1
chr4-123139534-123140400,Ppie,0,0.0153169155720742,1.57978673144354,0.025,0.007,1
chr9-34485491-34486426,Kirrel3,0,0.0153598246852604,1.656552533118,0.025,0.007,1
chr1-192770245-192771088,Hhat,134,0.015402837439425,1.59472281917393,0.025,0.007,1
chr8-105636069-105637016,Ctcf,0,0.0154028395778028,1.58964216446681,0.025,0.007,1
chr2-129100568-129101462,Polr1b,0,0.0155032876924454,1.67453544929859,0.031,0.01,1
chr7-80293886-80294794,Prc1,0,0.0155173232399921,1.17109949488191,0.057,0.024,1
chrX-134404235-134405205,Drp2,0,0.015539995061893,1.56184482384803,0.031,0.01,1
chr6-125215071-125215938,Vamp1,0,0.0155767788897311,1.61232202426753,0.031,0.01,1
chrX-144317714-144318498,Alg13,0,0.0155767788897311,1.51400723124561,0.031,0.01,1
chr11-87852820-87853703,Mks1,0,0.0156875904443546,1.55187473876313,0.031,0.01,1
chr12-57229981-57230855,Prps1l3,0,0.0156988539167668,1.30893140628297,0.044,0.016,1
chr6-41118024-41118858,Trbv12-2,0,0.0156988548835773,1.27979829946244,0.044,0.016,1
chr10-85871367-85872231,Pwp1,0,0.0157246814273285,1.56873425120014,0.031,0.01,1
chr12-71015199-71016255,3110056K07Rik,0,0.0157246814273285,1.54158422877777,0.031,0.01,1
chr11-88864273-88865166,Akap1,0,0.0157281231047037,1.33640543364725,0.044,0.016,1
chr2-94437641-94438604,Api5,0,0.0157281231047037,1.30440087349756,0.044,0.016,1
chr1-156718634-156719482,Fam20b,0,0.0157387182929505,1.15180633842793,0.069,0.032,1
chr1-187215088-187216009,Gpatch2,0,0.0157990948860351,1.53027647596159,0.031,0.01,1
chr10-99107812-99108609,Galnt4,0,0.01584567652315,1.27596128558169,0.044,0.016,1
chr11-84513103-84514022,Aatf,0,0.0158738178879186,1.51668506992012,0.031,0.01,1
chr11-120633054-120634061,Gm17586,0,0.0158738178879186,1.52206221467166,0.031,0.01,1
chr6-48645413-48646282,Gimap8,951,0.01591129580047,1.49940840594924,0.031,0.01,1
chr3-142743822-142744675,Gm15540,5,0.0159488514986411,1.45140325355716,0.031,0.01,1
chr3-59208566-59209480,P2ry13,1401,0.015993704397087,1.31210254184458,0.044,0.016,1
chr11-52231486-52232406,Skp1a,0,0.016137799870399,1.46491369100339,0.031,0.01,1
chr5-116024028-116024930,Prkab1,0,0.0163671363582774,1.3369924086196,0.031,0.01,1
chr6-142756288-142757165,Cmas,0,0.0164755951745376,1.21199321620117,0.044,0.016,1
chr7-49777951-49778813,Prmt3,0,0.016678917749653,1.0492946964346,0.057,0.024,1
chr5-92434766-92435653,Nup54,0,0.0167522244039159,1.17289133120167,0.044,0.016,1
chr8-69624987-69625911,Zfp868,0,0.0168359293938801,1.10132421866768,0.05,0.02,1
chr14-78536542-78537471,Akap11,0,0.0168453373872479,1.17803402291606,0.044,0.016,1
chr3-121291385-121292326,Alg14,0,0.0168601442446595,0.939983607601061,0.063,0.027,1
chr18-42261748-42262642,Lars,0,0.0170330142326536,1.10899169585466,0.063,0.028,1
chr5-88764527-88765442,Dck,0,0.0170673921527054,1.07858299639562,0.069,0.032,1
chr1-57995529-57996408,Sgol2,0,0.0172341295944517,0.950483617498378,0.057,0.024,1
chr10-127677888-127678649,Gm16230,1163,0.0177338075578302,2.36890283669909,0.019,0.004,1
chr18-82474697-82475577,Mbp,0,0.017913440744913,2.47666137013282,0.019,0.004,1
chrX-143827472-143828356,Capn6,57,0.0179736716953608,2.21666164120326,0.019,0.004,1
chr4-49520678-49521559,Mrpl50,0,0.0180162189107452,1.14965114849071,0.057,0.024,1
chr10-21883229-21884101,Sgk1,1044,0.0180946659942322,2.18586520691791,0.019,0.004,1
chr11-4986460-4987307,Ap1b1,0,0.0180946659942322,2.22019951400549,0.019,0.004,1
chr17-6655109-6655847,Dynlt1f,91,0.0180946659942322,2.21310415318486,0.019,0.004,1
chr9-57130798-57131645,Man2c1os,0,0.0180946659942322,2.19317700542981,0.019,0.004,1
chr11-82032716-82033608,Ccl2,1962,0.0181554302004274,2.2226195349975,0.019,0.004,1
chr15-36164687-36165530,Fbxo43,0,0.0181554302004274,2.21146238675969,0.019,0.004,1
chr3-30855612-30856376,Gpr160,0,0.0181554302004274,2.246239396496,0.019,0.004,1
chr5-149143737-149144648,Gm23362,1075,0.0181554302004274,2.14888279472478,0.019,0.004,1
chr4-134238112-134239052,Cnksr1,0,0.0182163730174957,2.08040906123469,0.019,0.004,1
chr13-54788819-54789717,Tspan17,0,0.0182421026206777,1.46710881630508,0.038,0.013,1
chr12-103641409-103642255,Gm18501,0,0.0182774948761016,1.98580057376742,0.019,0.004,1
chr13-25269665-25270348,Nrsn1,153,0.0182774948761016,2.29231001383347,0.019,0.004,1
chr17-26885908-26886720,Gm17382,0,0.0182774948761016,2.13476654305733,0.019,0.004,1
chr4-89294383-89295178,Cdkn2a,0,0.0182774948761016,2.21938783731574,0.019,0.004,1
chr7-30198288-30199128,Gm26810,0,0.0182774948761016,2.15229113457689,0.019,0.004,1
chr2-145785916-145786724,Rin2,1181,0.0183387962076213,2.09433424609774,0.019,0.004,1
chr1-59684558-59685425,Nop58,0,0.018400277444143,2.1262386946828,0.019,0.004,1
chr16-26527798-26528663,Tmem207,1026,0.018400277444143,2.02418746079026,0.019,0.004,1
chr11-70539697-70540568,Pld2,0,0.0184619390184664,1.99219097911751,0.019,0.004,1
chr16-36784448-36784917,Slc15a2,44,0.0184619390184664,1.96670516147792,0.019,0.004,1
chr16-91618556-91619419,Dnajc28,0,0.0184619390184664,2.08143557302826,0.019,0.004,1
chr7-143094468-143095361,Trpm5,0,0.0184619390184664,1.92231668854266,0.019,0.004,1
chr10-108332920-108333833,Pawr,730,0.0185237813641034,2.01181200752126,0.019,0.004,1
chr11-55607594-55608423,Glra1,0,0.0185237813641034,2.02819357425096,0.019,0.004,1
chr5-92252696-92253597,Ppef2,0,0.0185237813641034,1.93128234924546,0.019,0.004,1
chr6-118064683-118065527,Rasgef1a,857,0.0185237813641034,1.84904795418919,0.019,0.004,1
chr4-132883818-132884803,Stx12,0,0.018585804915278,1.97204792112662,0.019,0.004,1
chr7-42505283-42506162,Zfp141,0,0.018585804915278,1.94519449085649,0.019,0.004,1
chr11-29514609-29515474,Gm12089,0,0.018648010106926,2.02416955476474,0.019,0.004,1
chr2-150688329-150689241,Vsx1,118,0.018648010106926,1.98351573505772,0.019,0.004,1
chr2-167860230-167861105,Gm14319,1644,0.018648010106926,1.9196936754219,0.019,0.004,1
chr4-99828855-99829754,Efcab7,0,0.018648010106926,1.96874178573837,0.019,0.004,1
chr1-118359128-118359918,Gm28867,1815,0.0187103936926511,1.92293133111418,0.019,0.004,1
chr17-28927211-28927946,Gm16191,1747,0.0187103936926511,1.94153486755895,0.019,0.004,1
chr11-100970235-100971099,Ptrf,0,0.0187103973746956,2.00125386427354,0.019,0.004,1
chr14-33370942-33371836,Gm15512,798,0.0187103973746956,1.88046674596963,0.019,0.004,1
chr15-6500524-6501443,Gm23218,0,0.0187103973746956,1.93633250899109,0.019,0.004,1
chr3-96708005-96708908,Nudt17,0,0.0187103973746956,1.85143680606145,0.019,0.004,1
chrX-51204888-51205799,Mbnl3,732,0.0187103973746956,1.78906171961564,0.019,0.004,1
chr4-41569174-41570053,Fam219a,0,0.0187623217793492,1.41775683581903,0.038,0.013,1
chr15-73839503-73840323,Mroh5,0,0.0187729671549472,1.82862730105592,0.019,0.004,1
chr2-69822639-69823471,Klhl23,694,0.0187729671549472,1.61899708347796,0.019,0.004,1
chr11-106276159-106277042,Tcam1,0,0.0187999720147305,1.42028889919543,0.038,0.013,1
chr16-84621013-84621868,Gm25292,884,0.0188357198847535,1.8516641037934,0.019,0.004,1
chr3-121952795-121953638,Arhgap29,0,0.0188986560018996,1.69322878116784,0.019,0.004,1
chr4-116017255-116018152,Faah,0,0.0188986560018996,1.91342809139615,0.019,0.004,1
chr8-107096116-107096976,Terf2,0,0.0188986560018996,1.65274840972608,0.019,0.004,1
chr1-87852751-87853648,Dgkd,0,0.0189892160989315,1.33626243946468,0.038,0.013,1
chr2-84826471-84827356,Timm10,0,0.01910356029979,1.43203933617382,0.038,0.013,1
chr6-128424252-128425172,Itfg2,0,0.01910356029979,1.39719535648026,0.038,0.013,1
chr10-110744877-110745885,E2f7,0,0.0191226747230864,1.2916571024582,0.038,0.013,1
chr7-24081387-24082250,Zfp180,0,0.0191902095534889,1.20564872257227,0.05,0.021,1
chr8-86623550-86624430,Lonp2,0,0.0192569539309252,1.36682406103727,0.038,0.013,1
chr18-5334360-5335142,Zfp438,0,0.019269044212626,1.36110633430908,0.044,0.017,1
chr3-121426023-121426827,Cnn3,0,0.019295471824083,1.29447992793563,0.038,0.013,1
chr17-80289744-80290575,Morn2,0,0.0193727069187403,1.30617938283709,0.038,0.013,1
chr13-73330687-73331551,Mrpl36,0,0.0194114256684801,1.29597091688936,0.038,0.013,1
chr8-105471011-105471923,Tppp3,0,0.0194502106491892,1.29548513769239,0.038,0.013,1
chr16-49855088-49855984,Cd47,0,0.0195323787809847,1.04517099090654,0.057,0.024,1
chr3-133309930-133310809,Ppa2,0,0.019740734869548,0.991540993105076,0.057,0.024,1
chr3-37312056-37312963,Fgf2,0,0.0198907456644393,1.00525792920478,0.057,0.024,1
chr2-119288130-119289017,Vps18,0,0.0198989789422114,1.20403503603975,0.044,0.017,1
chr6-137169261-137170167,Rerg,329,0.0199606283972149,1.23004261655194,0.038,0.013,1
chr17-71526593-71527477,Ndc80,0,0.0201405968240759,1.05359372891,0.063,0.029,1
chr8-71542356-71543261,Mvb12a,0,0.0202001246904801,1.23475286737754,0.038,0.013,1
chr16-97922187-97923069,C2cd2,0,0.0202031760153338,1.70518768204217,0.031,0.01,1
chr19-5567372-5568119,Ap5b1,0,0.0202206347519933,1.21936855068687,0.044,0.017,1
chr11-94548747-94549665,Rsad1,0,0.0203288568738956,1.21512956771757,0.044,0.017,1
chr10-127676502-127677376,Gm16230,0,0.0203650430291104,1.19240308334329,0.044,0.017,1
chr6-42644897-42645780,Fam115c,0,0.0204182837456786,1.1461544182939,0.05,0.021,1
chr9-64049515-64050396,1110036E04Rik,0,0.0204375828006419,1.22012597093458,0.044,0.017,1
chr19-29647929-29648742,Ermp1,0,0.0206199207196383,1.17873153021829,0.044,0.017,1
chr10-45066644-45067534,Prep,0,0.0206853899131806,1.07359012673888,0.05,0.021,1
chr1-16656553-16657498,Tceb1,0,0.0209385625753982,1.10076221442374,0.05,0.021,1
chr19-41932966-41933865,Exosc1,0,0.0209517097750339,1.15670160213226,0.044,0.017,1
chr10-30617879-30618783,Hint3,0,0.0210260676669393,1.15980757105625,0.044,0.017,1
chr5-139200082-139200978,Sun1,0,0.0210311312162738,1.62945195364113,0.031,0.01,1
chr15-99725169-99726049,Cox14,0,0.0211484302999698,1.58096647440387,0.031,0.01,1
chrX-155262039-155262945,Acot9,0,0.0211719605971185,1.58591549399655,0.031,0.01,1
chr6-118478868-118479803,Zfp9,0,0.0214085021400443,1.52523517459343,0.031,0.01,1
chrX-105079248-105080160,Pbdc1,0,0.0214085021400443,1.53968505138373,0.031,0.01,1
chr13-67331996-67332905,Zfp595,0,0.0214560856282401,1.54606615123119,0.031,0.01,1
chr2-25621579-25622450,Tmem141,0,0.0215993871808162,1.51435832875743,0.031,0.01,1
chr7-42692417-42693310,Gm5595,0,0.0216473416528318,1.52554804629018,0.031,0.01,1
chr11-100939168-100940084,Stat3,0,0.021697629285493,1.11934302425303,0.063,0.029,1
chr11-3514264-3515166,Selm,0,0.0218556096138971,1.99764815461292,0.025,0.007,1
chr2-32095281-32096138,Ppapdc3,0,0.021969184913222,1.90173161282081,0.025,0.007,1
chr10-95416513-95417381,Socs2,0,0.0220261648703188,1.88065553445631,0.025,0.007,1
chrX-104482429-104483217,Uprt,0,0.0220586919533971,1.45586006629485,0.031,0.01,1
chr11-98202490-98203373,Cdk12,0,0.0222300405023302,1.3987822516908,0.031,0.01,1
chr3-103171284-103172154,Bcas2,0,0.0222553722158371,1.86843272620404,0.025,0.007,1
chr11-16257444-16258339,Vstm2a,0,0.0223129971059122,1.87346006817985,0.025,0.007,1
chr11-31999938-32000739,Nsg2,0,0.0223129971059122,1.82552921416481,0.025,0.007,1
chr17-17373843-17374777,Riok2,0,0.0223707516882071,1.75657962307806,0.025,0.007,1
chr6-17834436-17835250,Gm26738,0,0.0223707516882071,1.74058833742487,0.025,0.007,1
chr3-36552169-36553039,Exosc9,0,0.0224272814797923,1.36767524612749,0.031,0.01,1
chr12-56591560-56592401,C87198,500,0.0224286361985804,1.75630135194622,0.025,0.007,1
chr1-6382431-6383373,RP23-76C20.2,0,0.0224866508731697,1.7483841468698,0.025,0.007,1
chrX-36795201-36795928,Slc25a5,0,0.0224866508731697,1.79314623649073,0.025,0.007,1
chr4-62525041-62525932,Pole3,0,0.0225447959483913,1.75884678950847,0.025,0.007,1
chrX-57392735-57393523,Rbmx,0,0.0225447959483913,1.6741348634419,0.025,0.007,1
chr15-13173140-13173933,Cdh6,0,0.0225528460361659,1.07180952046212,0.057,0.025,1
chr10-121626027-121626917,Xpot,0,0.0225896716162366,1.26699801290272,0.05,0.021,1
chr8-25719618-25720504,Ppapdc1b,0,0.0226614782477901,1.62786411837856,0.025,0.007,1
chr4-126677079-126677995,Psmb2,0,0.0226759708296293,1.30387860907177,0.031,0.01,1
chr3-97900732-97901657,Gm15999,0,0.0227200132963288,1.62643157941777,0.025,0.007,1
chr7-140101912-140102808,Fuom,0,0.0227200159461928,1.70736341111105,0.025,0.007,1
chr2-126932392-126933404,Sppl2a,0,0.0228927807539903,1.41346191574377,0.044,0.018,1
chr10-78351959-78352808,Agpat3,0,0.0228964180874165,1.63559591941506,0.025,0.007,1
chr2-165326174-165327074,Elmo2,0,0.0229270531072919,1.16322751156316,0.031,0.01,1
chr18-6490508-6491406,Mir1893,0,0.0229554826101206,1.56327159727748,0.025,0.007,1
chr13-34873882-34874718,Prpf4b,775,0.0229850617982951,1.60929817630338,0.025,0.007,1
chr14-54360679-54361526,Oxa1l,0,0.023014679434814,1.60922977208489,0.025,0.007,1
chr5-106964036-106964938,Cdc7,0,0.0230740088004187,1.53332969391154,0.025,0.007,1
chrX-79517067-79517913,Gm7173,0,0.0230740088004187,1.56162094771101,0.025,0.007,1
chr13-67637188-67638127,A530054K11Rik,0,0.0231334709461347,1.63049534743854,0.025,0.007,1
chr2-66439984-66440716,Scn1a,123,0.0231334709461347,1.61676639935361,0.025,0.007,1
chr16-17508499-17509366,Lztr1,0,0.02319306611144,1.47319926726532,0.025,0.007,1
chr15-38517831-38518624,Azin1,641,0.0232527945360905,1.51787409342015,0.025,0.007,1
chr11-114764899-114765738,Kif19a,0,0.0233126564601201,1.48343889643736,0.025,0.007,1
chr3-58414054-58414893,Tsc22d2,795,0.0233726521238403,1.50894197623133,0.025,0.007,1
chr13-66932687-66933558,Ptdss1,0,0.023429999273506,1.43441975984484,0.038,0.014,1
chr9-57939678-57940674,Sema7a,0,0.0235534439604248,1.36104836503947,0.025,0.007,1
chr7-132575945-132576813,Oat,0,0.0236549747864765,1.32449699046087,0.044,0.018,1
chr3-138741724-138742551,Tspan5,0,0.0237354481320894,1.29464882500691,0.025,0.007,1
chr4-15957684-15958575,Nbn,0,0.0239000810218361,0.993387239621661,0.057,0.025,1
chr7-96951118-96951997,Nars2,0,0.0240066270386465,1.1514862287464,0.05,0.021,1
chr6-86668939-86669841,Mxd1,0,0.0240403232461425,1.00903632629829,0.057,0.025,1
chr14-17658809-17659707,Thrb,1252,0.0240655496283228,1.3712199541322,0.038,0.014,1
chr13-69739435-69740297,Ube2ql1,0,0.0240689647937509,-9.92621185240248,0,0.031,1
chr5-24394004-24394934,Abcb8,340,0.0242152142984952,1.13280996590373,0.05,0.021,1
chr10-30200111-30201006,Cenpw,0,0.0242721692247765,1.25597359905383,0.044,0.018,1
chr6-146888063-146888902,Ppfibp1,0,0.0242914548986396,1.12396064123349,0.05,0.021,1
chr2-5950842-5951735,Upf2,0,0.0243888930363863,1.30987444036034,0.038,0.014,1
chr9-99139823-99140721,Pik3cb,0,0.02443909314375,1.23673113700691,0.044,0.018,1
chr2-127070191-127071045,Blvra,0,0.0245753459193274,1.28329323663003,0.038,0.014,1
chrX-72917930-72918878,Nsdhl,0,0.0246690346108533,1.33855414089029,0.038,0.014,1
chr5-72167674-72168471,Commd8,0,0.0249458460808406,1.24380420172145,0.044,0.018,1
chr14-105176959-105177809,Rbm26,0,0.0249519579158489,1.28175950127284,0.038,0.014,1
chr10-62339943-62340831,Hk1os,0,0.0249519594879879,1.32060665870454,0.038,0.014,1
chr5-122849614-122850508,Rnf34,0,0.0251596642555703,1.21039374294811,0.044,0.018,1
chr4-139192252-139193137,Capzb,0,0.0256230643462965,1.19398824714778,0.038,0.014,1
chr8-84270005-84270925,Ccdc130,0,0.0256597008762643,1.04659443419775,0.05,0.021,1
chr1-192190265-192191141,Kcnh1,0,0.026119417596521,1.09830261839536,0.044,0.018,1
chr1-74587741-74588606,Bcs1l,0,0.0266110493016514,1.00640882209012,0.044,0.018,1
chr12-17348003-17348885,Nol10,0,0.0278806910977946,1.61036055092541,0.031,0.011,1
chr19-60860974-60861851,Sfxn4,0,0.0279228653770013,1.17378462693195,0.05,0.022,1
chr9-85328146-85329015,Fam46a,797,0.0279392115098851,1.58818469642541,0.031,0.011,1
chr10-5550252-5551045,Syne1,0,0.0284111985161652,1.53636157011978,0.031,0.011,1
chr6-60828486-60829410,Snca,444,0.0286024017155384,1.4007582916683,0.044,0.018,1
chr17-28327984-28328895,Rpl10a,0,0.0286497570029521,1.47005591001014,0.031,0.011,1
chr13-43303871-43304784,Gfod1,0,0.0288298060739563,1.43418029949254,0.031,0.011,1
chr15-81360485-81361371,Slc25a17,0,0.0288298060739563,1.49636373826826,0.031,0.011,1
chr13-13328737-13329562,Gm25804,0,0.0289503749064816,1.43792895044564,0.031,0.011,1
chr2-50296131-50297050,Gm13483,0,0.0290713863221729,1.42996424371246,0.031,0.011,1
chr8-64204022-64204886,Tll1,1106,0.0290713863221729,1.44815019347064,0.031,0.011,1
chr18-21299892-21300821,Garem,0,0.029077162866163,0.649274539980173,0.151,0.095,1
chr7-81829036-81829961,Btbd1,0,0.0291320529136816,1.4560391815397,0.031,0.011,1
chr11-109362404-109363251,Gna13,0,0.0291928284253099,1.43303735072303,0.031,0.011,1
chr13-58402118-58403088,Rmi1,0,0.0292537130114533,1.34260855348384,0.031,0.011,1
chr11-100319482-100320296,Eif1,0,0.0292713657795759,1.27337515965394,0.044,0.018,1
chr5-36988643-36989532,Wfs1,0,0.0293142933249995,1.04524039613136,0.05,0.022,1
chr6-125689942-125690761,Ano2,0,0.0294370227628733,1.38089148417731,0.031,0.011,1
chr15-30172320-30173146,Ctnnd2,0,0.0296829721972917,1.35724992926858,0.031,0.011,1
chr19-59345406-59346323,Pdzd8,0,0.0297447349533227,1.35391249507515,0.031,0.011,1
chr5-111330254-111331100,Gm27680,0,0.029781979575338,1.3976982638517,0.038,0.015,1
chr4-119294227-119295128,Ybx1,0,0.0298061814868328,1.05404058239926,0.05,0.022,1
chr17-65613349-65614176,Vapa,0,0.0298066059474634,1.32515566211728,0.031,0.011,1
chr7-3665121-3666032,Leng1,0,0.0298066081792473,1.32799703707336,0.031,0.011,1
chr4-48124484-48125412,Stx17,0,0.0301017392916617,1.19989669792887,0.044,0.018,1
chr5-24842439-24843335,Rheb,0,0.0301641140246472,1.39283032968616,0.038,0.015,1
chr6-97178683-97179524,Tmf1,0,0.0301801761300265,1.261179732158,0.031,0.011,1
chr16-49698676-49699584,Ift57,0,0.030339128695884,0.754291817125546,0.088,0.047,1
chr8-45816734-45817708,Sorbs2os,1588,0.0304396401683415,1.3232077525468,0.038,0.015,1
chr15-38244483-38245400,Gm8705,0,0.0304451199835292,2.1548615953566,0.019,0.005,1
chr6-70342980-70344002,Igkv8-19,1799,0.0304451199835292,2.12053089253656,0.019,0.005,1
chr11-100737811-100738747,Rab5c,0,0.0304945492957214,1.20127194475407,0.031,0.011,1
chr19-46148062-46148865,Pitx3,0,0.030536126254504,2.21850493302376,0.019,0.005,1
chr11-75462542-75463367,Mir22,348,0.0306273660785239,2.1203052252442,0.019,0.005,1
chr11-120598046-120598955,Anapc11,0,0.0306273660785239,2.03633272708179,0.019,0.005,1
chr17-8524890-8525758,Pde10a,0,0.0306273660785239,2.02913940047467,0.019,0.005,1
chr3-89164384-89165384,Clk2,0,0.0306273660785239,2.06182650799072,0.019,0.005,1
chr7-38270908-38271816,Pop4,0,0.0306273660785239,2.09924554749295,0.019,0.005,1
chr17-27856054-27856959,Uhrf1bp1,0,0.0307188399265336,1.95292394766399,0.019,0.005,1
chr8-85024931-85025816,Asna1,0,0.0307188399265336,1.97608800900187,0.019,0.005,1
chrX-150587795-150588677,Pfkfb1,0,0.0307188399265336,1.88586812437048,0.019,0.005,1
chr2-79453889-79454780,Gm26755,0,0.0308105482700275,1.88380513821625,0.019,0.005,1
chr6-148354228-148355054,Rps4l,0,0.0308105482700275,1.97090830437145,0.019,0.005,1
chr2-164769342-164770236,Ube2c,0,0.0309016806072204,1.14719828204037,0.044,0.018,1
chr1-178275770-178276788,4930527J03Rik,0,0.0309024915810497,2.01022285608799,0.019,0.005,1
chr15-86185453-86186334,Gm15569,0,0.0309024915810497,1.94721534971614,0.019,0.005,1
chr8-71725189-71726117,Fcho1,0,0.0309024915810497,2.00940923317119,0.019,0.005,1
chrX-7883583-7884489,Slc35a2,0,0.0309024915810497,1.85855097481282,0.019,0.005,1
chr16-8512920-8513805,Abat,0,0.0309410353928896,1.31514596176982,0.038,0.015,1
chr6-41055368-41056285,RP23-61N4.3,0,0.0309410371545521,1.28691392559696,0.038,0.015,1
chr1-172147622-172148540,Dcaf8,0,0.0309946703321929,1.96026523841116,0.019,0.005,1
chr15-76575994-76576806,Adck5,0,0.0309946703321929,1.91463401787469,0.019,0.005,1
chr17-34122287-34123158,Brd2,0,0.0309946703321929,1.96539377954222,0.019,0.005,1
chr5-142877110-142878004,D430018E03Rik,368,0.0309946703321929,1.89229411445355,0.019,0.005,1
chr10-126978091-126978971,Ctdsp2,0,0.031087084996598,1.9193872038041,0.019,0.005,1
chr11-22710493-22711269,Gm12054,1235,0.031087084996598,1.8851057129917,0.019,0.005,1
chr5-146230776-146231542,Cdk8,0,0.031087084996598,1.99546215985698,0.019,0.005,1
chr15-75679008-75679711,Top1mt,207,0.0311097374530511,1.26218333349814,0.038,0.015,1
chr11-9010676-9011450,Hus1,0,0.031166146029379,1.2603293189608,0.038,0.015,1
chr17-33982125-33982890,Gm4152,1380,0.0311797312694664,1.80901558974269,0.019,0.005,1
chr7-105744047-105744928,Taf10,0,0.0312726239604951,1.9282653387311,0.019,0.005,1
chr8-54600386-54601361,Spata4,0,0.0312726239604951,1.85789403660624,0.019,0.005,1
chr7-63212063-63212931,Chrna7,0,0.0313409344454918,1.05104815992202,0.057,0.026,1
chr12-82168980-82169843,Sipa1l1,172,0.0313657492090047,1.72866346056844,0.019,0.005,1
chr1-55027123-55028016,Sf3b1,0,0.0314591074615547,1.8481997250681,0.019,0.005,1
chr17-6948101-6948994,Rsph3b,0,0.03145911226881,1.71600481381772,0.019,0.005,1
chr2-33468199-33468907,Zbtb43,0,0.03145911226881,1.81842687072964,0.019,0.005,1
chr5-88675873-88676461,Grsf1,0,0.03145911226881,1.77534222073865,0.019,0.005,1
chr8-63109529-63110396,Gm24236,721,0.03145911226881,1.80830163944317,0.019,0.005,1
chr9-90162342-90163149,Adamts7,0,0.03145911226881,1.73770898154236,0.019,0.005,1
chr11-77078124-77079030,Mir423,0,0.0316465537263442,1.48566926150782,0.019,0.005,1
chr17-17394026-17394938,Gm26873,364,0.0316465537263442,1.69134605838881,0.019,0.005,1
chr4-43578145-43579157,Rgp1,0,0.0316465537263442,1.6124939901101,0.019,0.005,1
chr11-104607677-104608472,Itgb3,0,0.0316935586356941,1.61999386592405,0.019,0.005,1
chr2-12418673-12419630,Fam188a,0,0.0317112868537833,1.00485994036395,0.057,0.026,1
chr16-23045950-23046839,Gm23715,119,0.0317406330774521,1.54234432269065,0.019,0.005,1
chr1-156939271-156940126,4930439D14Rik,0,0.0318349521466124,1.36842878225763,0.019,0.005,1
chr11-84918226-84919096,Znhit3,1859,0.0318349521466124,1.78320212607117,0.019,0.005,1
chr2-150667693-150668585,Acss1,0,0.0318349521466124,1.6606279171978,0.019,0.005,1
chr3-36505383-36506291,Gm11548,517,0.0318349521466124,1.60267195214604,0.019,0.005,1
chr6-29609342-29610143,Tnpo3,0,0.0318349521466124,1.64657791215156,0.019,0.005,1
chr6-124856786-124857763,Leprel2,0,0.0318349521466124,1.56977700860128,0.019,0.005,1
chr7-65156244-65157065,Fam189a1,0,0.0318349521466124,1.7199807663379,0.019,0.005,1
chr13-94788606-94789397,Tbca,0,0.031928192898535,1.70151882979403,0.025,0.008,1
chr1-132881202-132882021,Lrrn2,928,0.0319295114118729,1.64797939348593,0.019,0.005,1
chr11-84915947-84916870,Znhit3,0,0.0319295114118729,1.68458564304045,0.019,0.005,1
chr14-60378086-60378850,Amer2,0,0.0319295114118729,1.59932382239247,0.019,0.005,1
chr14-101607307-101608134,Tbc1d4,1056,0.0319295114118729,1.41498586246304,0.019,0.005,1
chr15-34532399-34533198,Gm22208,684,0.0319295114118729,1.7136270164358,0.019,0.005,1
chrX-152327152-152328039,Kantr,0,0.0319295114118729,1.55346598348727,0.019,0.005,1
chr18-50136491-50137368,Cd63-ps,1764,0.032004556122995,1.6459830505141,0.025,0.008,1
chrX-6399681-6400492,Shroom4,0,0.0320810758465983,1.72157839883931,0.025,0.008,1
chr5-23843724-23844605,Tomm7,0,0.0321193524455937,1.57922867064229,0.019,0.005,1
chr1-195016697-195017597,RP23-445K23.6,644,0.0321577523201817,1.72671631647935,0.025,0.008,1
chr2-25706408-25707268,Bmyc,0,0.0323115765217741,1.6255201774581,0.025,0.008,1
chr3-127837165-127838087,Ap1ar,0,0.0323128878992333,1.12952021161439,0.038,0.015,1
chr6-29916642-29917447,Strip2,0,0.0323128878992333,1.03690684999289,0.038,0.015,1
chr16-37867696-37868635,Lrrc58,0,0.0323887247525946,1.68840848631509,0.025,0.008,1
chr5-24383173-24384096,Gm15587,0,0.0323887247525946,1.72763262823947,0.025,0.008,1
chr17-28176874-28177780,Zfp523,0,0.0323910904069029,-9.77175678884481,0,0.028,1
chr2-30205324-30206215,Ccbl1,0,0.0324660307390178,1.66674721033939,0.025,0.008,1
chr2-71367179-71368027,Slc25a12,0,0.0325434947330169,1.58117010554189,0.025,0.008,1
chr19-11607854-11608828,Gm24599,415,0.0326211137889334,1.58892828817834,0.025,0.008,1
chr5-118559708-118560610,Med13l,108,0.032621116986792,1.6127428548222,0.025,0.008,1
chr9-76989629-76990520,Gm27158,0,0.0326988945498141,1.62037913102332,0.025,0.008,1
chrX-75577676-75578584,Rab39b,0,0.0326988977527699,1.63478474849322,0.025,0.008,1
chr2-142901106-142901934,Kif16b,0,0.0327685150881529,0.897796930224869,0.044,0.018,1
chr15-27681096-27681961,Fam105a,0,0.032776837283603,1.65110670828403,0.025,0.008,1
chr2-119618143-119619160,Nusap1,0,0.032776837283603,1.66030637409913,0.025,0.008,1
chr4-118359672-118360609,Hyi,0,0.032776837283603,1.53900213866749,0.025,0.008,1
chr4-91371634-91372385,Mir6402,977,0.0329331936515756,1.52505382415815,0.025,0.008,1
chr9-110116946-110117810,Gm10615,0,0.0330116109951495,1.52305701311037,0.025,0.008,1
chrX-8831780-8832664,Gm14502,1345,0.0330116109951495,1.47100740573822,0.025,0.008,1
chr16-22508885-22509793,9230117E06Rik,1686,0.0330901881164471,1.52618915397324,0.025,0.008,1
chr7-133637181-133637917,Edrf1,0,0.0330901881164471,1.5156644251067,0.025,0.008,1
chr2-148875105-148876001,Cst3,0,0.033247822707559,1.53644643807685,0.025,0.008,1
chr7-110221363-110222277,Swap70,0,0.0333268806856081,1.4972127672553,0.025,0.008,1
chr10-115184517-115185384,Tph2,0,0.0333664667100784,1.46641908859923,0.025,0.008,1
chr7-110768325-110769193,Ampd3,118,0.0334060994578499,1.34837607197293,0.025,0.008,1
chr5-77265053-77265991,Rest,0,0.0334854792789624,1.46649173906712,0.025,0.008,1
chr9-20580970-20581854,Zfp846,0,0.0335650204038475,1.50658728720559,0.025,0.008,1
chr5-134675768-134676687,Gm10369,0,0.0336447230876307,1.31541695325254,0.025,0.008,1
chr14-59440470-59441375,Setdb2,0,0.033896747882515,-2.83529731047944,0.006,0.039,1
chr2-23508435-23509344,Gm13331,0,0.0339683792108448,2.73078280826577,0.013,0.002,1
chr6-124996331-124997205,Pianp,0,0.0339683792108448,2.62079605576801,0.013,0.002,1
chr9-103302425-103303311,1300017J02Rik,1770,0.0339683792108448,2.73826463273731,0.013,0.002,1
chr9-108648915-108649784,Arih2,0,0.0339683792108448,2.75930388309903,0.013,0.002,1
chr13-117025445-117026306,Parp8,0,0.0340456688350348,1.47623475316802,0.025,0.008,1
chr18-53417652-53418411,Ppic,0,0.0341035936958892,2.70411651265921,0.013,0.002,1
chr1-131688147-131689029,5430435G22Rik,0,0.0342392679746775,2.41314545791787,0.013,0.002,1
chr2-27141998-27142918,Fam163b,0,0.0342392679746775,2.59478287940608,0.013,0.002,1
chr3-82795644-82796485,Gm22038,1746,0.0342392679746775,2.51153175190779,0.013,0.002,1
chr7-103787683-103788420,Olfr67,0,0.0342392679746775,2.58342477279262,0.013,0.002,1
chr1-194976009-194976868,A330023F24Rik,0,0.0342721141200571,1.36289726176219,0.044,0.019,1
chr15-62078978-62079891,Gm27782,353,0.0343693595981797,1.29840691041285,0.025,0.008,1
chr13-95324098-95324733,Zbed3,503,0.0343754032612834,2.36575655155003,0.013,0.002,1
chr7-100371648-100372562,C2cd3,0,0.0343816616177318,-9.80296134947413,0,0.027,1
chr4-9770706-9771399,4930412C18Rik,120,0.0343816628886273,-9.72042608810869,0,0.027,1
chr1-89069746-89070657,Sh3bp4,0,0.0343993363985126,-2.64939673632813,0.006,0.039,1
chr10-89685866-89686766,Scyl2,0,0.034482481589453,1.08347412141362,0.05,0.023,1
chr1-38307907-38308784,Gm16151,4,0.034512000771535,2.26097088364557,0.013,0.002,1
chr3-86779543-86780359,RP23-438M14.4,889,0.034512000771535,2.24068760089444,0.013,0.002,1
chr4-148444199-148445113,Ubiad1,0,0.034512000771535,2.5334620786758,0.013,0.002,1
chr6-115227288-115228143,Gm17482,0,0.034512000771535,2.26318517613483,0.013,0.002,1
chr9-109097553-109098438,Gm7628,0,0.034512000771535,2.38493325795693,0.013,0.002,1
chr7-130770482-130771413,Etos1,1238,0.0346490523488537,2.31894860461103,0.013,0.002,1
chr11-73223703-73224643,Gm16021,1622,0.0346490617230118,2.28125021779599,0.013,0.002,1
chr12-113012590-113013429,Pacs2,1078,0.0346490617230118,2.2735778432542,0.013,0.002,1
chr19-27430867-27431682,D19Bwg1357e,1046,0.0346490617230118,2.29338012372269,0.013,0.002,1
chr2-77316584-77317421,Gm13943,1832,0.0346490617230118,2.28470686431746,0.013,0.002,1
chrX-101418641-101419487,Zmym3,1361,0.0346490617230118,2.27879276162951,0.013,0.002,1
chr1-75477001-75477869,Chpf,1437,0.0347865873350408,2.23295563580314,0.013,0.002,1
chr1-84218346-84219202,Mir6353,0,0.0347865873350408,2.30709505324804,0.013,0.002,1
chr11-71658183-71659068,Gm12324,0,0.0347865873350408,2.27172263425784,0.013,0.002,1
chr14-29978106-29979011,Actr8,0,0.0347865873350408,2.22606836430915,0.013,0.002,1
chr14-73325476-73326336,Rb1,0,0.0347865873350408,2.07634951618106,0.013,0.002,1
chr5-145201446-145202290,Zkscan14,0,0.0347865873350408,2.1722058606016,0.013,0.002,1
chr8-109706814-109707626,Zfp821,1264,0.0347865873350408,2.25875495381514,0.013,0.002,1
chr9-30943042-30943624,Adamts8,479,0.0347865873350408,2.23865569056859,0.013,0.002,1
chr9-104063103-104064019,Uba5,0,0.0347865873350408,1.98838862372317,0.013,0.002,1
chrX-7728088-7729005,Praf2,0,0.0347865873350408,2.29580340821028,0.013,0.002,1
chrX-151802773-151803698,Huwe1,1965,0.0347865873350408,2.25377067607344,0.013,0.002,1
chr7-80534708-80535602,Blm,0,0.0349137957502573,1.07626217086068,0.05,0.023,1
chr1-4529840-4530655,Gm22307,822,0.0349245788286934,2.17064067745649,0.013,0.002,1
chr11-102184755-102185666,Lsm12,0,0.0349245788286934,1.96747626064754,0.013,0.002,1
chr15-80263957-80264910,Rps19bp1,0,0.0349245788286934,2.16535253577621,0.013,0.002,1
chr2-157912941-157913845,Vstm2l,807,0.0349245788286934,2.01633948636771,0.013,0.002,1
chr5-135250726-135251538,Fzd9,0,0.0349245788286934,2.12970544718923,0.013,0.002,1
chr8-70302230-70303031,Ddx49,0,0.0349245788286934,2.20638629013005,0.013,0.002,1
chr1-38766729-38767511,RP24-187B13.3,0,0.0350630374267816,2.17999360000712,0.013,0.002,1
chr1-38936523-38937419,Nms,1729,0.0350630374267816,1.83871864740255,0.013,0.002,1
chr15-78802428-78803248,Card10,0,0.0350630374267816,1.99220769313039,0.013,0.002,1
chr16-11143774-11144589,Gm23935,0,0.0350630374267816,1.98359448141092,0.013,0.002,1
chr19-23652308-23653228,1700028P14Rik,0,0.0350630374267816,1.76488148250847,0.013,0.002,1
chrX-14312698-14313610,Gm25202,1980,0.0350630374267816,2.05156097672697,0.013,0.002,1
chr7-125444344-125445231,Kdm8,0,0.0351541810726977,1.24972049732849,0.044,0.019,1
chr11-9048185-9049031,Gm11992,0,0.0356926327710814,1.05054685377948,0.057,0.027,1
chr9-20877869-20878779,Angptl6,947,0.0357932551309036,0.737441628684413,0.082,0.043,1
chr8-20297049-20297923,6820431F20Rik,0,0.0358298463713035,0.85828108558946,0.063,0.031,1
chr18-12973602-12974538,Impact,1349,0.0358684825083268,1.0169267158302,0.05,0.023,1
chr17-56672789-56673689,Ranbp3,0,0.0364980365592799,-9.7496303297003,0,0.027,1
chr1-57377174-57378014,1700066M21Rik,0,0.0364980379106025,-9.71588508121163,0,0.027,1
chr7-143548721-143549598,Nap1l4,0,0.0364980379106025,-9.7206971434602,0,0.027,1
chr13-8995686-8996609,Gtpbp4,0,0.036516735504343,1.03328428939978,0.057,0.027,1
chr16-91728607-91729423,Cryzl1,0,0.0366288571294296,1.19380239317142,0.044,0.019,1
chr19-37375843-37376729,Kif11,0,0.0366288586925342,1.10111096295835,0.044,0.019,1
chr10-77417864-77418742,Adarb1,0,0.0367157853844126,1.38605338792739,0.038,0.015,1
chr4-110397318-110398316,Agbl4,0,0.036720786053183,1.56380652922494,0.031,0.012,1
chr5-113735262-113736207,Ficd,0,0.0368660217175762,1.5326823316631,0.031,0.012,1
chr6-142386679-142387579,Recql,0,0.0372099122012001,1.17577907028544,0.044,0.019,1
chr2-31949794-31950709,Aif1l,0,0.0373046674581126,1.42869428120606,0.031,0.012,1
chr11-108424607-108425498,Cep112,0,0.0374245011673455,1.33791403587003,0.038,0.015,1
chr7-80232270-80233154,Gdpgp1,0,0.0376072406571364,0.949792212999816,0.057,0.027,1
chr6-140622902-140623808,Aebp2,452,0.0377477454754429,1.42715792134536,0.031,0.012,1
chr10-20952129-20953013,Ahi1,0,0.0377987957890327,1.06908898771141,0.044,0.019,1
chr13-112660320-112661189,Slc38a9,0,0.0378581176653953,1.08083028648381,0.044,0.019,1
chr6-24664686-24665600,Wasl,0,0.0378665833249636,0.922132313893177,0.063,0.031,1
chr7-55793692-55794577,Tubgcp5,0,0.0380456157402152,1.4127245535764,0.031,0.012,1
chr15-89429497-89430201,C730034F03Rik,0,0.0381203942367126,1.40980744470479,0.031,0.012,1
chr13-3610763-3611628,Fam208b,0,0.0382157128123844,1.04417448663479,0.044,0.019,1
chr1-9547644-9548549,Adhfe1,0,0.03842075924899,1.33013652014859,0.031,0.012,1
chr19-4927917-4928808,Dpp3,0,0.0385716920751885,1.3690733782885,0.031,0.012,1
chr1-9943676-9944593,Snhg6,0,0.0385716946152182,1.35156343802164,0.031,0.012,1
chr14-27621857-27622798,Erc2,0,0.0385716946152182,1.28120241888742,0.031,0.012,1
chr13-43559706-43560614,Mcur1,0,0.0386760747046697,1.21617142748562,0.038,0.015,1
chr17-29490152-29491053,Pim1,0,0.0387486057510742,-9.6870378904229,0,0.026,1
chr9-106437943-106438866,Acy1,0,0.0387486057510742,-9.7649952658526,0,0.026,1
chr8-63877098-63877797,Gm24580,398,0.0387990423525026,1.28608036226991,0.031,0.012,1
chr15-98092949-98093875,Gm26513,0,0.0388750774917076,1.33717649664993,0.031,0.012,1
chr19-26604440-26605316,Smarca2,0,0.0389440479462257,1.23734844773917,0.038,0.015,1
chr2-66409570-66410375,Gm13630,75,0.0389440479462257,1.22292408169812,0.038,0.015,1
chr16-5254059-5254908,Gm15983,0,0.0389512391793237,1.35047641983975,0.031,0.012,1
chr17-56716676-56717541,Vmac,157,0.039011285168678,1.24358067698209,0.038,0.015,1
chr1-133267721-133268574,Gm19461,1233,0.0390275275765206,1.22286739818115,0.031,0.012,1
chr15-38661413-38662320,Atp6v1c1,0,0.0391804851448534,1.23479430149189,0.031,0.012,1
chr1-130462144-130462996,Gm16083,0,0.0392571546388465,1.19460807027779,0.031,0.012,1
chr5-100429119-100430051,Gm27286,0,0.0392812289230646,1.21647929248503,0.038,0.015,1
chr7-62347931-62348765,Ndn,0,0.0393339514881344,1.20669903376837,0.031,0.012,1
chr13-14629777-14630675,AW209491,0,0.0393489601445311,1.2364093930208,0.038,0.015,1
chr17-34135069-34135966,H2-DMa,0,0.0395515723175716,1.01163372401814,0.044,0.019,1
chr7-24316257-24317144,Zfp94,0,0.0395651077851506,1.20714767817815,0.031,0.012,1
chr8-123518423-123519285,Gas8,0,0.0395651077851506,1.16914384019352,0.031,0.012,1
chr18-80046473-80047305,Pard6g,0,0.0396132233343962,1.00091235108202,0.044,0.019,1
chr14-31830299-31831198,Ankrd28,0,0.0396891195009645,1.18444144155101,0.038,0.015,1
chr5-147894370-147895251,Slc46a3,0,0.0400206478342478,1.08715275225908,0.05,0.023,1
chr13-91223630-91224526,Atg10,0,0.0400773705040935,1.05403106877099,0.05,0.023,1
chr10-11148890-11149794,Shprh,0,0.0401640145570321,0.870566460672526,0.063,0.031,1
chr15-57911714-57912601,Tbc1d31,0,0.0402385577245539,1.08306482206257,0.038,0.015,1
chr11-16950849-16951741,Fbxo48,0,0.0402628733296585,0.853667544282042,0.075,0.04,1
chr5-136083474-136084372,Rasa4,0,0.0403769208581382,1.15848064652892,0.038,0.015,1
chr13-112463551-112464460,Il6st,0,0.04053393274576,1.29819020494346,0.044,0.02,1
chr9-88858541-88859455,9330159M07Rik,0,0.0407944331392821,1.09990560316571,0.038,0.015,1
chr4-89127790-89128620,Gm12602,0,0.041135799610146,1.03280223248872,0.031,0.012,1
chr4-24495907-24496801,Mms22l,0,0.0413719489255844,0.705654269192691,0.075,0.04,1
chr10-75517004-75517874,Snrpd3,0,0.0416934759142497,0.962894628108227,0.05,0.023,1
chr1-20819926-20820834,Mcm3,0,0.0420548298622493,0.933398962754591,0.063,0.032,1
chr18-33213536-33214416,Stard4,0,0.042518122488267,0.96699278116709,0.057,0.027,1
chr4-6190599-6191521,Ubxn2b,0,0.0426178795913396,0.860441635730601,0.069,0.036,1
chr5-92137395-92138254,Uso1,0,0.0429183805714543,-2.68112380835353,0.006,0.037,1
chr4-138304225-138305123,Ddost,0,0.0436097152754623,1.13057340949197,0.044,0.02,1
chr13-92610583-92611474,Serinc5,0,0.0436890176617428,-9.67723395890612,0,0.025,1
chr4-107177953-107178870,Tmem59,0,0.0436890192882411,-9.63127516488148,0,0.025,1
chr11-33162815-33163710,Npm1,0,0.0436890209147393,-9.68558164672716,0,0.025,1
chr18-36559962-36560748,Ankhd1,0,0.0440370047317058,0.856655312679383,0.063,0.032,1
chr2-25355953-25356839,Dpp7,0,0.0441088289134554,1.6464039901071,0.025,0.009,1
chr6-67036014-67036763,E230016M11Rik,0,0.044157668981114,1.63409084838171,0.025,0.009,1
chr2-36048987-36049863,Morn5,0,0.0442554786845455,1.58144443674838,0.025,0.009,1
chr9-114639654-114640521,Cnot10,0,0.0442554786845455,1.61338619471084,0.025,0.009,1
chr13-32338235-32339124,Gmds,0,0.0442787797550705,0.76807995331069,0.088,0.05,1
chr4-48279329-48280407,Erp44,0,0.0443584704447434,-1.98868085137469,0.013,0.046,1
chr17-28690796-28691707,Mapk14,0,0.0444759031255542,1.10858117621283,0.044,0.02,1
chrX-143393748-143394649,Chrdl1,0,0.0445500055284489,1.56794560840644,0.025,0.009,1
chr16-33966491-33967404,Umps,0,0.0446485479115556,1.58249385690276,0.025,0.009,1
chr9-69480151-69481064,Gm16144,552,0.0446485479115556,1.57505333187545,0.025,0.009,1
chr17-87974471-87975368,Msh6,0,0.0446778413155727,1.11760526807153,0.044,0.02,1
chr4-44756148-44757014,Zcchc7,270,0.0447472741079431,1.59540781642556,0.025,0.009,1
chr4-125127523-125128429,Zc3h12a,0,0.0447472741079431,1.56147968887499,0.025,0.009,1
chr8-119604763-119605698,Taf1c,0,0.0447472741079431,1.54618132982171,0.025,0.009,1
chr17-63863488-63864366,A930002H24Rik,0,0.044824992251773,0.956232121925026,0.063,0.032,1
chr5-150522272-150523104,Brca2,0,0.0448461806565955,1.54999423771008,0.025,0.009,1
chr6-65672421-65673281,Ndnf,830,0.0448461843752836,1.5120953083661,0.025,0.009,1
chr4-155408787-155409635,C030017K20Rik,0,0.0449452789714121,1.56722695035259,0.025,0.009,1
chr13-37433834-37434713,Gm4035,435,0.0450136841269419,1.32978805203644,0.038,0.016,1
chr10-76468453-76469370,Mcm3ap,0,0.0450445581543265,1.51217728517037,0.025,0.009,1
chr2-155818780-155819698,BC029722,0,0.0450445581543265,1.51733860301821,0.025,0.009,1
chrX-164027655-164028529,Car5b,0,0.0450445581543265,1.56243930326125,0.025,0.009,1
chr5-115348647-115349556,Cox6a1,0,0.0451440221821869,1.45897063339952,0.025,0.009,1
chr1-169531053-169531901,Nuf2,0,0.0453435058061949,1.44143160382276,0.025,0.009,1
chr14-25693671-25694550,Ppif,0,0.0453435058061949,1.52268278689316,0.025,0.009,1
chr14-50924359-50925264,Osgep,0,0.0453435058061949,1.46520883705262,0.025,0.009,1
chr4-116150012-116150935,Lurap1,402,0.0453435058061949,1.48770424221939,0.025,0.009,1
chr17-13007309-13008267,Sod2,0,0.0453565572270253,1.07549065862454,0.044,0.02,1
chr4-19574705-19575589,Rmdn1,0,0.0454249043023159,1.02293543103797,0.044,0.02,1
chr15-65909777-65910690,Oc90,1706,0.0454435259194708,1.44002608655847,0.025,0.009,1
chr16-11908891-11909768,Cpped1,0,0.0454435259194708,1.40627224159134,0.025,0.009,1
chr3-137867457-137868365,Dnajb14,0,0.0455437319119485,1.49459082548065,0.025,0.009,1
chrX-135742178-135743098,Armcx5,0,0.0455437319119485,1.46219186825439,0.025,0.009,1
chr8-105893131-105894009,Nrn1l,0,0.0456441240425939,1.47152772734433,0.025,0.009,1
chr8-122576510-122577410,Aprt,0,0.0456441240425939,1.46252567916456,0.025,0.009,1
chr9-44249227-44250132,Pdzd3,1331,0.0457447025705332,1.41049100336921,0.025,0.009,1
chr6-108212567-108213472,Itpr1,0,0.0457624646727287,1.03028017502703,0.057,0.028,1
chr17-53462850-53463656,Efhb,0,0.0459464198555957,1.43003541095574,0.025,0.009,1
chr3-53041071-53041967,Lhfp,0,0.0459464198555957,1.45210271535136,0.025,0.009,1
chr8-3392610-3393473,Arhgef18,0,0.0459946852597298,1.26906395744681,0.038,0.016,1
chr11-67024641-67025521,Tmem220,0,0.0460314095793715,0.810892455698875,0.075,0.041,1
chr2-167931844-167932753,Ptpn1,0,0.0460475591317682,1.37319927885454,0.025,0.009,1
chrX-78583417-78584262,Prrg1,0,0.0460475591317682,1.31073045168759,0.025,0.009,1
chr15-98762793-98763674,Arf3,0,0.0461488858433321,1.43730712660297,0.025,0.009,1
chr11-50174326-50175226,3010026O09Rik,0,0.0461824679182302,1.08410840772132,0.044,0.02,1
chr7-126200054-126200896,Xpo6,0,0.0462504002502082,1.30983429648048,0.025,0.009,1
chrX-152368524-152369420,3010001F23Rik,0,0.0462504002502082,1.35056722260349,0.025,0.009,1
chr10-103367289-103368203,Slc6a15,0,0.0463521026124753,1.33817849806863,0.025,0.009,1
chr11-86807177-86807990,Dhx40,0,0.0463521026124753,1.3636391347463,0.025,0.009,1
chr8-11497034-11497956,Carkd,0,0.0463521026124753,1.29512566915549,0.025,0.009,1
chr10-93452878-93453811,Lta4h,0,0.0463989341527189,-9.64523827551831,0,0.024,1
chr2-84743467-84744340,Gm19426,0,0.0464539931903694,1.25664415758885,0.025,0.009,1
chr6-24955135-24955768,Tmem229a,528,0.0464539931903694,1.19618556871428,0.025,0.009,1
chr7-104501702-104502552,Gm16464,0,0.0464539931903694,1.29547933997399,0.025,0.009,1
chr13-67525688-67526601,Gm26965,0,0.0466325897414476,1.53305046685954,0.031,0.012,1
chr15-31446904-31447817,Gm6361,86,0.0467196448836361,1.48502787025283,0.031,0.012,1
chr11-119490832-119491711,Endov,0,0.0467607968225287,1.31413762913598,0.025,0.009,1
chr12-81630994-81631774,Ttc9,0,0.0467607968225287,1.23916756100363,0.025,0.009,1
chr19-37550100-37550910,Exoc6,0,0.0467607968225287,1.24747872738622,0.025,0.009,1
chr2-127831523-127832413,Bub1,0,0.0467607968225287,1.3698061538279,0.025,0.009,1
chr14-51771325-51772161,Ang4,1428,0.0468634428684275,1.10417214535623,0.025,0.009,1
chr3-75556686-75557534,Pdcd10,0,0.0468851473238178,0.578279437697272,0.119,0.073,1
chr3-5575863-5576784,Pex2,0,0.0469856399165301,0.751675421577286,0.075,0.04,1
chr17-72836036-72836940,Ypel5,0,0.0470318990578072,-1.7293626590514,0.019,0.055,1
chr3-96904757-96905578,Gpr89,0,0.047069303778865,1.16660617447898,0.025,0.009,1
chr2-62663954-62664810,Gca,0,0.0471489239590126,1.21164800336765,0.038,0.016,1
chr7-118129223-118130152,Arl6ip1,0,0.0471569746647562,1.42825196641284,0.031,0.012,1
chr17-71551600-71552504,Spdya,0,0.0473046477395086,1.22167547338453,0.038,0.016,1
chr7-79709909-79710756,9330171B17Rik,0,0.0473627572971983,1.9222879033954,0.019,0.005,1
chr6-110645042-110645970,Grm7,0,0.0474210215697758,1.49126050768048,0.031,0.012,1
chr9-113930406-113931337,Ubp1,0,0.0474608038245601,1.17816650433489,0.038,0.016,1
chr1-119912738-119913641,Tmem177,0,0.0474896456245039,1.91753780130771,0.019,0.005,1
chr3-116807754-116808652,Agl,0,0.047516042548524,0.944218207909747,0.044,0.02,1
chr1-59515939-59516900,Gm973,0,0.0477442798539527,1.88798277068813,0.019,0.005,1
chr10-18022719-18023479,Abracl,0,0.0477442798539527,1.84775129593482,0.019,0.005,1
chr2-72980189-72980912,Sp3,0,0.0477442798539527,1.86802396557481,0.019,0.005,1
chr10-86778351-86779222,Nt5dc3,0,0.0478305708843434,0.983108654765898,0.05,0.024,1
chr1-134078743-134079642,Btg2,0,0.0478530912400715,1.19829893854653,0.038,0.016,1
chr10-86730813-86731669,Fabp3-ps1,739,0.0478720267147074,1.82336168732506,0.019,0.005,1
chr15-84922711-84923654,Nup50,0,0.048000060712456,1.73423838047791,0.019,0.005,1
chr19-23686963-23687860,Ptar1,0,0.048000060712456,1.77601216357376,0.019,0.005,1
chr4-132638697-132639492,Eya3,0,0.048000060712456,1.7914401180038,0.019,0.005,1
chr5-23712290-23713186,Mir3096,1228,0.048000060712456,1.84794591376408,0.019,0.005,1
chr5-105292376-105293220,Gbp6,478,0.048000060712456,1.87502634832894,0.019,0.005,1
chr6-113623708-113624560,Vhl,0,0.048000060712456,1.85619348820309,0.019,0.005,1
chr4-147868164-147869051,Miip,0,0.0480502524284886,1.21519533964291,0.038,0.016,1
chrX-37084900-37085839,Rpl39,0,0.0480641797304426,1.78406062927688,0.019,0.005,1
chr11-102156013-102156944,Tmem101,0,0.0481283823273518,1.75343401970676,0.019,0.005,1
chr12-79965102-79966026,Gm28056,1533,0.0481283823273518,1.80506464602275,0.019,0.005,1
chr14-33213553-33214420,Arhgap22,0,0.0481283823273518,1.74502041698308,0.019,0.005,1
chr6-115251588-115252762,Timp4,0,0.0481283823273518,1.83229272310401,0.019,0.005,1
chr8-35825834-35826710,Cldn23,0,0.0481283823273518,1.64363667286337,0.019,0.005,1
chrX-41401710-41402609,Gria3,855,0.0481283823273518,1.85146465108362,0.019,0.005,1
chr12-75818088-75818975,Syne2,0,0.0481312308749592,1.40003162250971,0.031,0.012,1
chr18-37935078-37935971,Diap1,0,0.0481903590889893,0.981909695993222,0.05,0.024,1
chr3-65863109-65863932,RP23-251B16.1,896,0.0482206321907546,1.33695009553807,0.031,0.012,1
chr17-24163269-24164109,Amdhd2,0,0.0482569920398851,1.79815966476635,0.019,0.005,1
chr15-76639434-76640354,Tonsl,0,0.0483274275277629,1.12674542923045,0.038,0.016,1
chr8-76901720-76902627,Gm10649,1098,0.048346812602539,0.83771608983291,0.069,0.037,1
chr10-81266179-81267094,Mrpl54,0,0.0483858903308821,1.75135531081895,0.019,0.005,1
chr5-35892881-35893715,Afap1,0,0.0483998533674793,1.33439530138921,0.031,0.012,1
chr11-121434323-121435317,Fn3k,0,0.0485150776815039,1.7588284446009,0.019,0.005,1
chr5-136568618-136569493,Cux1,1127,0.0485150776815039,1.67926143074058,0.019,0.005,1
chr2-144593695-144594558,Gm561,0,0.0485796336828723,1.3212781330227,0.031,0.012,1
chr15-79092885-79093740,Gm25072,1316,0.0486445545732451,1.71165112752387,0.019,0.005,1
chr5-47982605-47983518,Slit2,0,0.0486445545732451,1.65331096618865,0.019,0.005,1
chr5-112255293-112256112,Crybb1,0,0.0486445545732451,1.59370942210975,0.019,0.005,1
chr7-46714210-46715249,Saa3,426,0.0486445545732451,1.62785457630567,0.019,0.005,1
chr10-34206601-34207487,Dse,63,0.0487257207222388,1.12855192008323,0.038,0.016,1
chr9-95954328-95955225,Xrn1,0,0.048765701190458,1.13752604000196,0.038,0.016,1
chr12-54695212-54696114,Eapp,0,0.0487743214879332,1.65222129035658,0.019,0.005,1
chr13-21440565-21441481,Pgbd1,0,0.0487743214879332,1.61325591476702,0.019,0.005,1
chr17-23843728-23844625,Prss32,0,0.0487743214879332,1.65160477179468,0.019,0.005,1
chr2-127584229-127585110,Zfp661,1983,0.0487743214879332,1.79511789535899,0.019,0.005,1
chr7-97399680-97400546,Ndufc2,0,0.0487743214879332,1.67220917896491,0.019,0.005,1
chrX-74254236-74255161,Emd,0,0.0487743214879332,1.57823385024403,0.019,0.005,1
chr10-94408366-94409271,Gm16155,0,0.048904378907727,1.59095046139146,0.019,0.005,1
chr10-122047109-122047837,Srgap1,0,0.048904378907727,1.44557556725328,0.019,0.005,1
chr11-105125977-105126834,Mettl2,0,0.048904378907727,1.60581171645788,0.019,0.005,1
chr2-64394474-64395341,Gm13575,613,0.048904378907727,1.57583984222192,0.019,0.005,1
chr6-108782605-108783395,Arl8b,0,0.048904378907727,1.60509269485135,0.019,0.005,1
chr8-106168431-106169224,Slc7a6,0,0.048904378907727,1.68314075985261,0.019,0.005,1
chr2-5012311-5013292,Mcm10,0,0.0489660191092426,1.10321933538087,0.038,0.016,1
chr11-70562089-70563034,Mink1,0,0.0490347273151158,1.61941833144845,0.019,0.005,1
chr11-71004076-71004953,Dhx33,0,0.0490347273151158,1.57571118741544,0.019,0.005,1
chr11-72608023-72608930,Ube2g1,739,0.0490347273151158,1.57542195345641,0.019,0.005,1
chr17-80373032-80373859,Gm10190,0,0.0490347273151158,1.56723590992417,0.019,0.005,1
chr4-53159583-53160460,Abca1,0,0.0490347273151158,1.54836616102371,0.019,0.005,1
chr11-58322897-58323794,1700047K16Rik,0,0.0491223424200549,1.19957564805879,0.031,0.012,1
chr14-79390219-79391107,Naa16,0,0.0491223424200549,1.28065799101693,0.031,0.012,1
chr7-30625693-30626602,Cox6b1,0,0.0491653671929179,1.51234275480071,0.019,0.005,1
chrX-73921447-73922350,Naa10,0,0.0491653671929179,1.50663688166417,0.019,0.005,1
chr18-37177985-37178914,Gm10544,0,0.049167794074569,1.27483997983547,0.031,0.012,1
chr4-120951258-120952159,Zfp69,0,0.0492073069397517,1.1132663675738,0.038,0.016,1
chr3-137623326-137624241,Ddit4l,1713,0.049213286715542,1.20247581466779,0.031,0.012,1
chr3-153912597-153913516,Rabggtb,0,0.049283305188414,-9.64532549571332,0,0.024,1
chr5-5693720-5694663,Steap2,0,0.0492833070310117,-9.57357429956401,0,0.024,1
chr11-4186356-4187215,Tbc1d10a,0,0.0492962990242801,1.44826987595281,0.019,0.005,1
chr12-84284817-84285670,Ptgr2,0,0.0492962990242801,1.61461171385883,0.019,0.005,1
chr13-56167491-56168352,Gm25148,0,0.0492962990242801,1.65739235051309,0.019,0.005,1
chr4-121097791-121098675,Zmpste24,0,0.0492962990242801,1.52928902661939,0.019,0.005,1
chr8-72219316-72220158,Fam32a,0,0.0492962990242801,1.52082859146408,0.019,0.005,1
chr3-79854200-79855027,Tmem144,1426,0.0493955992018982,1.26306141805013,0.031,0.012,1
chr1-167239881-167240702,RP23-79H24.3,1754,0.0494275232926757,1.46901426712669,0.019,0.005,1
chr15-85831816-85832659,Ttc38,0,0.0494275232926757,1.45870910706491,0.019,0.005,1
chr2-84936231-84937157,Slc43a3,0,0.0495590404819043,1.57067415527649,0.019,0.005,1
chr8-58699600-58700536,Gm15881,250,0.0495590404819043,1.5474872638745,0.019,0.005,1
chrX-47912088-47912935,Ocrl,0,0.0495590404819043,1.39000057823751,0.019,0.005,1
chr14-45388385-45389295,Gnpnat1,0,0.0496116762233535,1.04698376357537,0.038,0.016,1
chr3-4796531-4797471,1110015O18Rik,86,0.0496701272435933,1.24415341180932,0.031,0.012,1
chr8-70527258-70528168,Fkbp8,0,0.0496908510760897,1.49832344921428,0.019,0.005,1
chr1-82724610-82725456,Mff,0,0.0497741993577577,1.09823142444976,0.038,0.016,1
chr5-135148980-135149914,Tbl2,0,0.0498051546540912,0.88572769725625,0.057,0.028,1
chr15-85859179-85860089,Gtse1,0,0.0499371687352181,1.09931169308161,0.038,0.016,1
chr15-82127484-82128359,Ccdc134,0,0.0499371732457508,1.09249203257351,0.038,0.016,1
chr19-4231459-4232350,Pold4,0,0.0500188266920944,0.97546567998915,0.038,0.016,1
chrX-9662493-9663389,Dynlt3,0,0.0500381608908921,1.2641093431908,0.031,0.012,1
chr2-27027550-27028454,Slc2a6,0,0.0501305249536134,1.21681339726675,0.031,0.012,1
chr2-150748636-150749495,Entpd6,0,0.0502395695811908,1.19665983723117,0.044,0.02,1
chr1-72283860-72284772,Tmem169,0,0.0503156818623452,1.19627434404822,0.031,0.012,1
chr11-22512194-22513125,Tmem17,105,0.0503156818623452,1.15138984999502,0.031,0.012,1
chr11-119267490-119268382,Gaa,0,0.0504084750350655,1.17175114511697,0.031,0.012,1
chr8-84066372-84067087,Rfx1,0,0.050461112072837,0.726528740273838,0.088,0.051,1
chr8-111299884-111300780,Rfwd3,0,0.0506877153884591,1.20550951427125,0.031,0.012,1
chr2-138256109-138256993,Btbd3,0,0.0508415345363474,0.920514024791858,0.038,0.016,1
chr3-121104611-121105496,Gm28544,1639,0.0508415345363474,0.942842590714463,0.038,0.016,1
chr8-124721662-124722573,Ttc13,0,0.0510134966054027,0.896629009852216,0.05,0.024,1
chr7-29303397-29304334,Dpf1,0,0.0513443187630978,1.01443168986991,0.031,0.012,1
chr13-64432053-64432895,Cdk20,0,0.0516234066051404,0.871057048013162,0.069,0.037,1
chr9-27298716-27299631,Igsf9b,0,0.0516278890256257,0.995528843980867,0.031,0.012,1
chr2-20969265-20970126,Gm13375,210,0.0516278919608771,1.06559399988501,0.031,0.012,1
chr18-49832125-49832999,Dmxl1,0,0.0516361405622506,0.855397920080121,0.05,0.024,1
chr5-22549864-22550700,Orc5,0,0.0518034546401274,1.11515290703134,0.044,0.02,1
chr9-21852288-21853207,Dock6,0,0.0521059070203555,1.10705658646843,0.044,0.02,1
chr6-66534884-66535788,Mad2l1,0,0.0522205075163768,0.604966467910681,0.101,0.059,1
chr16-14361225-14362117,Abcc1,0,0.0523541772910361,-9.55160999878719,0,0.023,1
chr18-66291428-66292308,Gm15958,153,0.0523541772910361,-9.57513265380531,0,0.023,1
chr1-9700101-9701008,Mybl1,0,0.0523584883242288,0.778442212864147,0.057,0.028,1
chr16-20425854-20426885,Abcc5,0,0.0533305343514916,1.08022352948038,0.044,0.02,1
chr13-48546255-48547036,RP24-270A10.5,1221,0.0533453178188061,-1.86548555525972,0.013,0.045,1
chr8-23237287-23238164,Gins4,0,0.0536592372380275,-2.98239661512038,0.006,0.034,1
chr9-53705922-53706808,Rab39,0,0.0537181250296528,1.06292834596611,0.044,0.02,1
chr15-85878778-85879675,Trmu,0,0.0540298883659899,1.03173620959754,0.044,0.02,1
chr9-88522597-88523502,Snhg5,0,0.0540298883659899,1.00280012113749,0.044,0.02,1
chr14-55560181-55561010,A730061H03Rik,0,0.0541722549445731,1.03748285156497,0.05,0.024,1
chr2-76405998-76406918,Osbpl6,0,0.0548926126886362,1.00822186118455,0.05,0.024,1
chr4-40853669-40854570,B4galt1,0,0.0551139091208748,-2.48705347858097,0.006,0.034,1
chr9-58581829-58582729,Nptn,0,0.0556245214250589,-9.48505866738525,0,0.023,1
chr18-73815110-73816035,Me2,0,0.0556245235147459,-9.51202409603118,0,0.023,1
chr2-132846196-132847102,Crls1,0,0.0556245235147459,-9.52371087091309,0,0.023,1
chr2-75831746-75832686,Agps,0,0.055624525604433,-9.45422752506446,0,0.023,1
chr4-138325476-138326240,Gm27646,0,0.055624525604433,-9.41336989498683,0,0.023,1
chr9-22084974-22085880,Ecsit,0,0.055624525604433,-9.48292533189019,0,0.023,1
chrX-122396913-122397794,Nap1l3,0,0.056162711856166,1.26577116087346,0.038,0.016,1
chr15-76659539-76660480,Cyhr1,0,0.0575142270639435,-2.64097250021544,0.006,0.034,1
chr6-89643760-89644440,Txnrd3,0,0.0579300871131575,0.825888870971417,0.05,0.024,1
chr9-99436190-99437149,Mras,231,0.0579923965763641,1.68381451755037,0.025,0.009,1
chr14-45657826-45658683,Mir5131,0,0.0580049957964544,1.13618581354951,0.038,0.016,1
chr17-85090028-85090914,Prepl,0,0.0580505471032949,1.1502793708955,0.038,0.016,1
chr12-70824795-70825727,Frmd6,0,0.0580961329319018,1.10324298685146,0.038,0.016,1
chr11-83472494-83473413,Taf15,0,0.0581812121607752,0.871483080451109,0.057,0.029,1
chr15-9748377-9749340,Spef2,0,0.058309889860866,0.89973389658642,0.05,0.024,1
chr2-24974709-24975559,Mrpl41,0,0.0584618721304725,1.07563824732872,0.038,0.016,1
chr15-44427570-44428486,Eny2,0,0.0586466169890388,0.654022576290383,0.088,0.051,1
chr3-36000217-36001100,Mccc1,0,0.0586917572615277,0.870244090895902,0.05,0.024,1
chr12-98627837-98628713,Spata7,0,0.0587133326876087,1.55138362779161,0.025,0.009,1
chr2-105904088-105905015,Immp1l,0,0.058737429855948,1.09703953575474,0.038,0.016,1
chr7-65644406-65645300,Tarsl2,0,0.0589972057197972,0.87576584751109,0.057,0.029,1
chr19-29251156-29252072,Jak2,0,0.0591083515976481,-9.4767886195852,0,0.022,1
chr13-17992849-17993703,Yae1d1,0,0.0591083538240511,-9.44073108441813,0,0.022,1
chr5-124111604-124112559,Gm16001,0,0.0591083538240511,-9.43537830903178,0,0.022,1
chr16-64770485-64771390,4930453N24Rik,0,0.0591980792621721,1.49923265879216,0.025,0.009,1
chr14-55603629-55604497,Irf9,57,0.0593197835451649,1.48405772760834,0.025,0.009,1
chr5-145166644-145167473,Ptcd1,0,0.0594416953921389,1.50815652951828,0.025,0.009,1
chr11-116412744-116413682,Rnf157,0,0.0595638150573797,1.5078443418287,0.025,0.009,1
chr8-75109062-75109881,Mcm5,0,0.0596846044312893,0.798496638613265,0.069,0.038,1
chr1-46849525-46850408,Gm28151,70,0.0596861427952667,1.44109283128184,0.025,0.009,1
chr3-3507619-3508553,Hnf4g,0,0.0598086788602728,1.42261939380389,0.025,0.009,1
chr7-30599685-30600577,Zbtb32,775,0.0598086788602728,1.53587070631862,0.025,0.009,1
chr7-121733860-121734734,Scnn1g,0,0.0598086788602728,1.43138967992245,0.025,0.009,1
chr5-71095625-71096419,Gabra2,0,0.0598530803104544,1.35815560753721,0.031,0.013,1
chr8-68734892-68735610,Csgalnact1,0,0.0598530803104544,1.3742582574852,0.031,0.013,1
chr5-76905065-76905981,Aasdh,0,0.0599314235069637,1.45356072690776,0.025,0.009,1
chr3-19162663-19163584,Armc1,0,0.0599440025839322,0.97456933012905,0.038,0.016,1
chr6-91156305-91157183,Hdac11,0,0.0599440050290309,1.0187296841914,0.038,0.016,1
chr5-117388645-117389516,Rfc5,0,0.0600543769899975,1.43639865836452,0.025,0.009,1
chr4-45018259-45019051,Polr1e,0,0.0601775395641245,1.44387218252855,0.025,0.009,1
chr15-38078555-38079441,Ubr5,0,0.0602747429206754,1.31061552120574,0.031,0.013,1
chr10-82622708-82623651,1190007I07Rik,0,0.0603009072556534,1.37285338747313,0.025,0.009,1
chr7-19381438-19382426,Ercc2,0,0.060300911484186,1.38188689465077,0.025,0.009,1
chr4-141060251-141061169,Crocc,0,0.0603214956479038,0.785454237278361,0.063,0.033,1
chr11-100527579-100528451,Acly,0,0.0603967360418368,0.782359285736378,0.05,0.024,1
chr16-58751003-58751831,Gm26019,0,0.0604244930051147,1.46701002157714,0.025,0.009,1
chr7-115170217-115171107,Gm27684,1165,0.0604244930051147,1.41430221117372,0.025,0.009,1
chr19-4878153-4879046,Zdhhc24,0,0.0604501966634617,1.09639862858496,0.044,0.021,1
chr3-110249650-110250355,Prmt6,642,0.0605482843819338,1.38851140023688,0.025,0.009,1
chr8-12671752-12672644,4931415C17Rik,0,0.0605482843819338,1.35341672412105,0.025,0.009,1
chr17-32787835-32788672,Zfp871,0,0.0606722858697564,1.36612025175562,0.025,0.009,1
chr4-47473999-47474949,Alg2,0,0.0606966753627988,0.960691284748927,0.038,0.016,1
chr14-84443020-84443778,Pcdh17,0,0.0607964977237854,1.34160743181186,0.025,0.009,1
chr17-12769250-12770148,Igf2r,0,0.0607964977237854,1.33621620991014,0.025,0.009,1
chr8-95887954-95888764,Got2,0,0.0607964977237854,1.31990219971874,0.025,0.009,1
chr6-85137200-85138062,Spr,0,0.0608585441958935,1.2359636619703,0.031,0.013,1
chr18-72350617-72351493,Dcc,0,0.0609118519594395,1.23543157348892,0.031,0.013,1
chr18-23041277-23042140,Nol4,0,0.0609809416893178,0.986660920708307,0.038,0.016,1
chr3-97158317-97159190,Acp6,0,0.06101857728772,1.24642157371156,0.031,0.013,1
chr4-43030960-43031883,Gm26643,0,0.06104554929229,1.34590940772916,0.025,0.009,1
chr1-26685815-26686729,4931408C20Rik,730,0.0610455535517191,1.34206371466934,0.025,0.009,1
chr11-16948456-16949359,Eldr,1922,0.0610455535517191,1.30470592420267,0.025,0.009,1
chrX-8074209-8075123,Suv39h1,0,0.0610455535517191,1.35439944805537,0.025,0.009,1
chr10-41302861-41303642,Fig4,0,0.0611254574691824,1.23238017422588,0.031,0.013,1
chr6-125231231-125232103,Tapbpl,0,0.061170398036473,1.30847385059679,0.025,0.009,1
chr2-26933120-26934014,Surf4,0,0.0611710629412086,1.00150183336417,0.038,0.016,1
chr9-22156424-22157288,Pigyl,0,0.0612750816902801,-2.55136589600185,0.006,0.033,1
chr9-8899772-8900685,Pgr,0,0.0612954539091312,1.34230354071019,0.025,0.009,1
chr14-49782934-49783827,3632451O06Rik,0,0.06144702873859,1.22131181076212,0.031,0.013,1
chr7-89980357-89980984,Gm26529,0,0.06144702873859,1.21631332260831,0.031,0.013,1
chr15-71727659-71728592,Fam135b,0,0.0614834303522018,1.33238324744859,0.025,0.009,1
chr9-15709422-15710296,Slc36a4,0,0.0615527783350271,0.941606101893706,0.038,0.016,1
chr9-59616818-59617713,Parp6,0,0.0615545267986957,1.18864116127635,0.031,0.013,1
chr16-10446883-10447759,Tvp23a,0,0.0616718924114014,1.23532617609827,0.025,0.009,1
chr18-77185230-77185868,St8sia5,0,0.0616718924114014,1.20351155475911,0.025,0.009,1
chr11-119942453-119943332,Baiap2,0,0.0617219425509064,-1.99614464724535,0.013,0.043,1
chr4-96553045-96553897,Cyp2j6,0,0.0617348135470113,1.29950011966248,0.025,0.009,1
chrX-166440320-166441232,Trappc2,0,0.0619239130415411,1.26778639730007,0.025,0.009,1
chr13-30659618-30660484,Dusp22,0,0.0619860929135773,1.1530203007068,0.031,0.013,1
chr4-62207968-62208807,Zfp37,0,0.0619860929135773,1.19848848026674,0.031,0.013,1
chr11-114662695-114663609,Gm11689,998,0.0620502426131616,1.286678281661,0.025,0.009,1
chr7-29180194-29181108,Psmd8,0,0.0621767853639972,1.12560444980172,0.025,0.009,1
chr13-55536184-55537081,Ddx41,0,0.0622028115571813,1.21485095330013,0.031,0.013,1
chr11-68967547-68968403,Slc25a35,0,0.0623035415502885,1.29496081057224,0.025,0.009,1
chr17-79895717-79896382,Atl2,0,0.0623035415502885,1.08830456201238,0.025,0.009,1
chr2-75937990-75938920,Ttc30b,0,0.0623035415502885,1.16893665666877,0.025,0.009,1
chr11-102296599-102297472,Atxn7l3,0,0.0628207813561018,-9.41736581312047,0,0.021,1
chr4-132421937-132422848,Phactr4,0,0.0628207813561018,-9.48415353891362,0,0.021,1
chr10-78574240-78575101,Ilvbl,0,0.0628207837289472,-9.45733332547869,0,0.021,1
chr15-34237667-34238572,Laptm4b,0,0.0628207837289472,-9.45553283633731,0,0.021,1
chr15-88751084-88751972,Zbed4,0,0.0628207837289472,-9.46013163006102,0,0.021,1
chr17-35841003-35841901,Mdc1,0,0.0628207837289472,-9.41829763388003,0,0.021,1
chr3-55111656-55112509,Spg20,0,0.0628207837289472,-9.36259428540203,0,0.021,1
chr1-177796225-177797116,Adss,0,0.0629242161293269,0.665886089744785,0.088,0.051,1
chr3-118561889-118562759,Dpyd,0,0.0632958278816924,1.07245535467066,0.031,0.013,1
chr5-24100214-24101066,Klhl7,0,0.0634059939467915,1.11197533187945,0.031,0.013,1
chr1-59481626-59482513,Fzd7,0,0.0634059971423108,1.10549122003254,0.031,0.013,1
chr10-18055123-18055950,Reps1,0,0.0637374527425032,1.04383800673831,0.031,0.013,1
chr15-31453225-31454134,Ropn1l,0,0.0637374559478028,1.09264041598779,0.031,0.013,1
chr8-13253778-13254646,Adprhl1,0,0.0638482597628276,1.0634863526882,0.031,0.013,1
chr2-131352438-131353295,Rnf24,0,0.064097512913858,0.912856694025299,0.044,0.021,1
chr3-82145383-82146043,Gucy1a3,0,0.0644046677133468,0.926256227223867,0.031,0.013,1
chr16-92465808-92466713,Rcan1,0,0.0647088449227007,0.683799808388659,0.057,0.029,1
chr16-88823438-88824323,Krtap14,1821,0.0647141744980169,2.29644926740214,0.013,0.003,1
chr4-95558564-95559297,Fggy,1056,0.0647141744980169,2.46206302968106,0.013,0.003,1
chr11-99023926-99024807,Top2a,0,0.064740429409556,1.02372292605799,0.031,0.013,1
chr3-57575624-57576274,Wwtr1,0,0.0649294158280226,2.35799818576794,0.013,0.003,1
chr4-83524958-83525859,Ccdc171,0,0.0650075842194119,0.705884824049284,0.069,0.038,1
chr1-183748872-183749775,RP23-352D14.1,0,0.0651452474173371,2.24833427945041,0.013,0.003,1
chr12-8879275-8880067,9930038B18Rik,1815,0.0651452474173371,2.39118447548114,0.013,0.003,1
chr2-162900268-162901223,Gm11451,744,0.0651452474173371,2.12825035895234,0.013,0.003,1
chr3-62924095-62924939,Rps23-ps1,0,0.0651452474173371,2.20785355631639,0.013,0.003,1
chr7-28267620-28268421,Eid2,0,0.0651452474173371,2.18682234594826,0.013,0.003,1
chr8-23289697-23290550,Gm24335,0,0.0651452474173371,2.10295592758723,0.013,0.003,1
chr9-20816472-20817339,Rdh8,1164,0.0651452474173371,2.0766008462291,0.013,0.003,1
chr17-80479353-80480012,Sos1,440,0.0653616704081994,2.11691029731304,0.013,0.003,1
chr2-121473688-121474595,Mfap1b,0,0.0653616704081994,2.10803418058945,0.013,0.003,1
chr3-28264884-28265794,Tnik,1669,0.0653616704081994,2.30536847353079,0.013,0.003,1
chr5-121660174-121660875,Acad10,0,0.0653616704081994,2.15287158824721,0.013,0.003,1
chr6-52119013-52119950,Rps8-ps3,770,0.0653616704081994,2.3106571189192,0.013,0.003,1
chr9-100569749-100570553,Slc35g2,536,0.0653616704081994,2.25491402965829,0.013,0.003,1
chr1-91178923-91179659,Ramp1,162,0.0655786859433707,2.21548579921023,0.013,0.003,1
chr1-160573784-160574685,RP24-546N2.5,0,0.0655786859433707,2.13118761607663,0.013,0.003,1
chr1-195040064-195041048,RP23-82P18.2,1155,0.0655786859433707,2.00371053035901,0.013,0.003,1
chr13-67107391-67108035,Gm28557,568,0.0655786859433707,2.05302959355073,0.013,0.003,1
chr13-98492389-98493293,Gm10320,387,0.0655786859433707,2.05380039604503,0.013,0.003,1
chr16-87419374-87420234,Gm25896,329,0.0655786859433707,2.11886436209647,0.013,0.003,1
chr18-77791715-77792569,Pstpip2,1975,0.0655786859433707,2.1185758514089,0.013,0.003,1
chr2-91444278-91445148,1110051M20Rik,0,0.0655786859433707,2.11548394779751,0.013,0.003,1
chr3-104779806-104780519,Ppm1j,536,0.0655786859433707,2.0660503794996,0.013,0.003,1
chr4-135873441-135874357,Pnrc2,0,0.0655786859433707,2.09470283813649,0.013,0.003,1
chr5-142629023-142629933,Wipi2,0,0.0655786859433707,2.06010839005171,0.013,0.003,1
chr7-133782800-133783743,Dhx32,73,0.0655786859433707,2.06240618431919,0.013,0.003,1
chr1-135780946-135781837,Tnni1,1511,0.0657962951661289,2.0311637392154,0.013,0.003,1
chr1-174389607-174390477,Olfr248,568,0.0657962951661289,2.04434884842934,0.013,0.003,1
chr10-128945323-128946263,Gm25494,417,0.0657962951661289,1.96978555135016,0.013,0.003,1
chr14-34106479-34107350,Gm24998,322,0.0657962951661289,2.03220342830166,0.013,0.003,1
chr2-121295013-121295934,Gm14978,73,0.0657962951661289,1.86441741805163,0.013,0.003,1
chr6-101796339-101797001,Gm9871,113,0.0657962951661289,2.03684073549536,0.013,0.003,1
chr6-129451199-129452114,Clec1a,0,0.0657962951661289,2.09219102394187,0.013,0.003,1
chr6-129590178-129591089,Klrd1,692,0.0657962951661289,1.92494059412466,0.013,0.003,1
chr7-51745250-51746150,Gm7336,546,0.0657962951661289,2.02486481982302,0.013,0.003,1
chr7-117380485-117381410,Xylt1,0,0.0657962951661289,2.03672048422705,0.013,0.003,1
chr3-100921819-100922729,Trim45,0,0.0659996067778915,0.567099050205233,0.107,0.065,1
chr1-160588699-160589590,RP24-546N2.4,1549,0.0660144992202617,1.89429787401312,0.013,0.003,1
chr11-80382847-80383759,Zfp207,0,0.0660144992202617,2.04954753654672,0.013,0.003,1
chr11-88356609-88357498,Gm15893,317,0.0660144992202617,1.93651452411898,0.013,0.003,1
chr11-106364581-106365467,2310007L24Rik,4,0.0660144992202617,2.0145406753404,0.013,0.003,1
chr13-83726916-83727812,Gm26803,1769,0.0660144992202617,1.89188274912715,0.013,0.003,1
chr15-94628705-94629541,Tmem117,0,0.0660144992202617,1.86017846098334,0.013,0.003,1
chr18-69343925-69344827,Tcf4,0,0.0660144992202617,1.95514248414829,0.013,0.003,1
chr2-26380154-26381064,Snapc4,0,0.0660144992202617,2.08064127537175,0.013,0.003,1
chr3-13470269-13471009,RP23-333L19.1,645,0.0660144992202617,1.66074131776572,0.013,0.003,1
chr5-145191069-145191962,Atp5j2,99,0.0660144992202617,1.95262637281069,0.013,0.003,1
chr9-86683555-86684494,RP23-363K7.6,713,0.0660144992202617,1.99472850699848,0.013,0.003,1
chr9-99707774-99708572,Gm16004,0,0.0660144992202617,1.83993279740292,0.013,0.003,1
chrX-7789264-7790121,Gripap1,0,0.0660144992202617,1.89676969674175,0.013,0.003,1
chr13-100786165-100787116,Ccnb1,0,0.0660793921611891,0.932304683207751,0.044,0.021,1
chr10-93833263-93834179,Usp44,1707,0.0662332992500612,2.00167086415027,0.013,0.003,1
chr11-58866973-58867738,2810021J22Rik,0,0.0662332992500612,1.92010202016855,0.013,0.003,1
chr16-45692724-45693433,Tmprss7,224,0.0662332992500612,1.70904819448,0.013,0.003,1
chr17-55969083-55970001,Shd,465,0.0662332992500612,1.89932349837051,0.013,0.003,1
chr19-3934662-3935575,Unc93b1,0,0.0662332992500612,1.88203865087049,0.013,0.003,1
chr6-142414480-142415045,B230216G23Rik,1038,0.0662332992500612,1.82151987169903,0.013,0.003,1
chr7-110002721-110003662,Gm23100,0,0.0662332992500612,1.86704449791595,0.013,0.003,1
chr8-69821849-69822652,Lpar2,0,0.0662332992500612,1.8080986458908,0.013,0.003,1
chr8-70510039-70510918,Uba52,0,0.0662332992500612,1.78371729865799,0.013,0.003,1
chrX-164269016-164269933,Pir,0,0.0662332992500612,1.99741986951067,0.013,0.003,1
chr5-124598210-124599140,Tctn2,0,0.0663256285637114,1.19671987851191,0.038,0.017,1
chr5-69556492-69557351,Guf1,0,0.0663757876127536,1.27866926153046,0.038,0.017,1
chr1-155790096-155790981,RP24-429M15.2,971,0.066452696400317,1.84601582480624,0.013,0.003,1
chr10-89533230-89534159,Nr1h4,0,0.066452696400317,1.76088937613215,0.013,0.003,1
chr14-51007923-51008768,Rnase10,171,0.066452696400317,1.78989504100664,0.013,0.003,1
chr15-36555348-36556313,Snx31,0,0.066452696400317,1.65503528463299,0.013,0.003,1
chr15-101056040-101056874,Fignl2,1640,0.066452696400317,1.85738298171844,0.013,0.003,1
chr2-104095407-104096459,Cd59a,0,0.066452696400317,1.92754112577513,0.013,0.003,1
chr3-88531272-88532142,Mex3a,252,0.066452696400317,1.75209011800369,0.013,0.003,1
chr4-134767455-134768380,Ldlrap1,0,0.066452696400317,1.68292938065341,0.013,0.003,1
chr6-124863203-124864068,Gpr162,0,0.066452696400317,1.95552116073588,0.013,0.003,1
chr13-17803154-17804005,Cdk13,1091,0.0666726918163105,1.77872697407653,0.013,0.003,1
chr2-126033029-126033868,Fgf7,789,0.0666726918163105,1.70742017014846,0.013,0.003,1
chr3-36571706-36572616,Ccna2,0,0.0667720358013786,0.724750722825792,0.082,0.048,1
chr2-144599598-144600464,Dtd1,0,0.0667781631082775,-9.38095066616247,0,0.021,1
chr13-81632809-81633694,Gpr98,0,0.0667781656380883,-9.30657354349004,0,0.021,1
chr15-78876988-78877919,Gga1,0,0.0667781656380883,-9.31379699704879,0,0.021,1
chr19-46151937-46152840,Gbf1,0,0.0667781656380883,-9.38950638086763,0,0.021,1
chr3-139205251-139206188,Stpg2,0,0.0667781656380883,-9.32345441334474,0,0.021,1
chr4-121016823-121017676,Smap2,0,0.0667781656380883,-9.36899037541028,0,0.021,1
chr5-143548220-143549097,Fam220a,0,0.0667781656380883,-9.40973460168694,0,0.021,1
chr15-10485578-10486493,Brix1,0,0.06683793896241,0.812255343863604,0.05,0.025,1
chr11-106255665-106256554,Psmc5,0,0.0668932866438082,1.62277168075042,0.013,0.003,1
chr11-120932507-120933379,Ccdc57,0,0.0668932866438082,1.75574230579821,0.013,0.003,1
chr2-84670180-84671054,2700094K13Rik,0,0.0668932866438082,1.52533749871721,0.013,0.003,1
chr3-95133441-95134358,Scnm1,0,0.0668932866438082,1.61416890187709,0.013,0.003,1
chr8-71671449-71672255,Unc13a,0,0.0668932866438082,1.60873576574696,0.013,0.003,1
chr8-122358816-122359749,Trhr2,996,0.0668932866438082,1.63685857137478,0.013,0.003,1
chrX-78582544-78583231,Prrg1,664,0.0668932866438082,1.49932417521565,0.013,0.003,1
chr12-91848810-91849693,Sel1l,0,0.0669442604710495,0.617395772161889,0.075,0.042,1
chr10-92721944-92722822,Nedd1,0,0.0671763178385604,0.887914487093223,0.05,0.025,1
chr8-122443077-122443955,Mvd,0,0.0674871566884295,1.17293437020469,0.038,0.017,1
chr5-8996808-8997724,RP23-180F3.2,0,0.0674985827969255,0.777509147576481,0.057,0.029,1
chr10-122096887-122097790,Tmem5,0,0.0677165718221195,0.566323167769748,0.094,0.056,1
chr7-38107197-38108111,Ccne1,0,0.0680239251731824,-1.19311945917628,0.031,0.068,1
chr4-148287812-148288731,Ptchd2,0,0.0682023349397377,1.15199693326441,0.038,0.017,1
chr13-21505909-21506822,Zfp389,852,0.0683050097540203,1.12501928535727,0.038,0.017,1
chr15-36139985-36140866,Rgs22,0,0.0684849946286713,1.76484020435811,0.019,0.006,1
chr4-133599541-133600479,Sfn,1688,0.0684849946286713,1.77927742618727,0.019,0.006,1
chr2-154892453-154893388,Eif2s2,0,0.0686506946146257,1.81738753829254,0.019,0.006,1
chr5-108460875-108461713,Pcgf3,0,0.0687169805439519,1.10798559868395,0.038,0.017,1
chr10-19781164-19782015,Gm25256,838,0.0688167239444682,1.74810217420374,0.019,0.006,1
chr2-160731073-160732045,Plcg1,0,0.0688167239444682,1.7658252016194,0.019,0.006,1
chr6-122485901-122486833,Rimklb,0,0.0688167239444682,1.80400725171394,0.019,0.006,1
chr8-66859693-66860528,Naf1,0,0.0688202890998705,1.0626565734324,0.038,0.017,1
chr3-142530095-142530964,Gbp7,0,0.069149772462907,1.7254665333668,0.019,0.006,1
chr9-98985874-98986759,Faim,0,0.0692272132906747,-2.48574928967243,0.006,0.032,1
chr16-78576301-78577209,D16Ertd472e,0,0.0692272149653166,-2.4822035129849,0.006,0.032,1
chr15-89088606-89089636,Selo,0,0.0693167925653515,1.73419898264095,0.019,0.006,1
chr18-86711258-86712041,Cbln2,147,0.0693167925653515,1.73804997236976,0.019,0.006,1
chr5-20881776-20882690,Phtf2,0,0.0693946672781411,-2.48973176566688,0.006,0.032,1
chr12-24707921-24708819,Rrm2,0,0.0694428365761277,1.06229971941548,0.038,0.017,1
chr17-88440086-88440940,Foxn2,0,0.0694841438393781,1.70094029246526,0.019,0.006,1
chr4-149137076-149137961,Apitd1,0,0.0696518267422082,1.62575846564197,0.019,0.006,1
chr17-27565330-27566261,AI413582,0,0.0698198417311797,1.70167545954711,0.019,0.006,1
chr7-19920662-19921531,Gm16251,0,0.0698198417311797,1.64683772206112,0.019,0.006,1
chr2-132262614-132263525,Cds2,0,0.0698495585918659,1.04256553669002,0.05,0.026,1
chr1-134518408-134519318,Gm15454,326,0.0699881892637455,1.63305989225402,0.019,0.006,1
chr15-85582981-85583951,Wnt7b,1159,0.0699881892637455,1.65310687546427,0.019,0.006,1
chr2-127362208-127363025,Adra2b,182,0.0699881892637455,1.59281281433542,0.019,0.006,1
chr7-127588105-127588935,Rnf40,0,0.0699881892637455,1.64997257513482,0.019,0.006,1
chr10-21420866-21421776,1700021A07Rik,1507,0.0701568697974722,1.492912797241,0.019,0.006,1
chr11-107131788-107132692,Bptf,0,0.0701568697974722,1.61195163557522,0.019,0.006,1
chr5-5573574-5574512,Gm8773,0,0.0701568697974722,1.6638137897987,0.019,0.006,1
chr7-24237136-24238051,Zfp109,503,0.070241328350904,1.56835802811708,0.019,0.006,1
chr13-8202448-8203307,Adarb2,0,0.0703258837900386,1.54841037510257,0.019,0.006,1
chr15-66969421-66970303,Ndrg1,0,0.0703258837900386,1.54090889067713,0.019,0.006,1
chr2-66634365-66635269,Scn9a,0,0.0703258837900386,1.53699277535921,0.019,0.006,1
chr7-127345704-127346450,Zfp768,389,0.0703258837900386,1.58132197965836,0.019,0.006,1
chrX-20950288-20951207,Elk1,0,0.0703258837900386,1.55378548877586,0.019,0.006,1
chr1-39478286-39479224,Tbc1d8,0,0.0704906971686266,1.08218986953766,0.038,0.017,1
chr19-4216107-4217005,Gm26115,618,0.0704952316992342,1.49228726129672,0.019,0.006,1
chr2-92485487-92486187,Gm13814,1560,0.0704952316992342,1.59527052520798,0.019,0.006,1
chr6-72958049-72958994,Tmsb10,0,0.0704952316992342,1.55672385711571,0.019,0.006,1
chr6-11907263-11908149,Ndufa4,0,0.0705394945879125,1.07311348674634,0.044,0.021,1
chr18-56708617-56709429,Lmnb1,803,0.0705800242652944,1.51020069663295,0.019,0.006,1
chr4-20777786-20778724,Nkain3,141,0.0706612022309309,-2.26138680659975,0.006,0.032,1
chr11-19925186-19926005,Spred2,810,0.0706649139829579,1.60315736665469,0.019,0.006,1
chr13-100124449-100125349,Smn1,0,0.0706649139829579,1.56392745126667,0.019,0.006,1
chr17-33865175-33865990,Gm7029,888,0.0706649139829579,1.52307400524847,0.019,0.006,1
chr2-173019545-173020458,Rbm38,39,0.0706649139829579,1.49781662815205,0.019,0.006,1
chr5-123227757-123228629,Psmd9,0,0.0706649139829579,1.44218470659158,0.019,0.006,1
chr5-8622631-8623545,Rundc3b,0,0.0707299579342927,1.05087041770707,0.044,0.021,1
chr12-24831042-24831962,Mboat2,0,0.0708075685641724,1.0094486523432,0.038,0.017,1
chr13-94285064-94285924,Scamp1,0,0.0708349243349915,1.50023297492724,0.019,0.006,1
chr18-52527451-52528204,Lox,1662,0.0708349310992165,1.50776876549111,0.019,0.006,1
chr2-84424900-84425752,Calcrl,0,0.0708349310992165,1.49369442065275,0.019,0.006,1
chr4-58910692-58911455,AI314180,1293,0.0708349310992165,1.39331643962599,0.019,0.006,1
chr5-34335745-34336576,Rnf4,0,0.0708349310992165,1.4277993330377,0.019,0.006,1
chr11-62878992-62879874,Tvp23b,0,0.0709036225167595,0.824921518527674,0.063,0.034,1
chr2-142902648-142903512,Kif16bos,0,0.070966443065642,1.00335642617088,0.038,0.017,1
chr5-30921184-30922065,Khk,0,0.0709981976907809,-9.39396004796266,0,0.02,1
chr10-60831158-60832065,Unc5b,0,0.070998200388956,-9.44560800882889,0,0.02,1
chr13-48545333-48546116,RP24-270A10.5,299,0.070998200388956,-9.23149762161359,0,0.02,1
chr15-21109167-21110054,Cdh12,1397,0.070998200388956,-9.37671542121066,0,0.02,1
chr15-79074786-79075666,Eif3l,0,0.070998200388956,-9.28247957363252,0,0.02,1
chr9-20651479-20652390,Pin1,0,0.070998200388956,-9.34874092998727,0,0.02,1
chr11-72024157-72024965,Gm23226,1401,0.0710052835061235,1.47800783081098,0.019,0.006,1
chr12-41486797-41487606,Lrrn3,1045,0.0710052835061235,1.44493007754237,0.019,0.006,1
chr3-37723416-37724281,Gm5148,208,0.0710052835061235,1.43869273132254,0.019,0.006,1
chr3-137918141-137918976,Lamtor3,0,0.0711759716618973,1.33598723766555,0.019,0.006,1
chr4-88032932-88033769,Mllt3,0,0.0711759716618973,1.51386915218225,0.019,0.006,1
chr8-25101539-25102355,Plekha2,0,0.0711759716618973,1.19593591942154,0.019,0.006,1
chr6-34176577-34177452,Slc35b4,0,0.0712850689269071,1.00648864919722,0.038,0.017,1
chr10-51589599-51590514,Fam162b,0,0.0713469960248602,1.40874477177737,0.019,0.006,1
chr3-103968109-103968956,Phtf1,0,0.0713469960248602,1.40093732516696,0.019,0.006,1
chr16-5255595-5256507,Fam86,0,0.0713523196224696,-1.48256893979655,0.019,0.051,1
chr17-34644344-34645239,Fkbpl,0,0.0715183570534364,1.46056219560993,0.019,0.006,1
chr5-92042232-92043124,Cdkl2,0,0.0715183570534364,1.42392550497678,0.019,0.006,1
chr10-53596327-53597231,Asf1a,0,0.0715922690655323,1.01859960606178,0.044,0.021,1
chr2-180822172-180823083,Gm14340,1546,0.0716900483956847,1.32591930401206,0.019,0.006,1
chr13-55592642-55593546,Tmed9,0,0.0716900552061514,1.39406309074722,0.019,0.006,1
chr18-74064489-74065366,Gm9925,0,0.0716900552061514,1.42699306038446,0.019,0.006,1
chr3-97297608-97298479,Gm17608,0,0.0716900552061514,1.34319704337375,0.019,0.006,1
chr4-36950117-36950985,AL844160.1,757,0.0717652080849031,1.00597383469047,0.038,0.017,1
chr3-135280698-135281593,Bdh2,0,0.0718291901836329,0.815977852593872,0.063,0.034,1
chr13-29854867-29855780,Cdkal1,0,0.0718620909416295,1.30155572396467,0.019,0.006,1
chr14-66868575-66869502,Dpysl2,0,0.0718620909416295,1.39043660978377,0.019,0.006,1
chr9-20727439-20728290,Olfm2,0,0.0718620909416295,1.37139312439276,0.019,0.006,1
chr6-17636590-17637444,Capza2,355,0.0718840193920917,0.777432049517129,0.05,0.025,1
chr9-106247507-106248420,4930500F10Rik,0,0.0720344647185934,1.34576016233098,0.019,0.006,1
chr3-135691040-135691856,Nfkb1,0,0.0722071769958619,1.11430834697719,0.019,0.006,1
chrX-48343179-48344054,Bcorl1,1820,0.0722071769958619,1.13895763484317,0.019,0.006,1
chr13-14063056-14063987,Arid4b,0,0.0723561242856582,-2.76437963335096,0.006,0.031,1
chr13-33964295-33965220,Nqo2,0,0.0724631734784416,1.01051963463107,0.044,0.021,1
chr8-109565376-109566267,Dhx38,0,0.0730485822346052,0.956215159542875,0.044,0.021,1
chr5-30647522-30648410,Slc35f6,0,0.0731671693022349,0.962999810318886,0.038,0.017,1
chr6-49318780-49319701,Ccdc126,0,0.0733848312651006,0.955638582733065,0.038,0.017,1
chr10-52233217-52234091,Dcbld1,0,0.0734161606283392,1.28561704587955,0.031,0.013,1
chr7-80802961-80803872,Iqgap1,0,0.0735393759066941,0.970069595724692,0.044,0.021,1
chr3-73065870-73066760,RP23-275B16.1,0,0.0736378570937912,0.962194789386163,0.044,0.021,1
chr4-94614070-94614948,Ift74,0,0.0740328608313858,0.943053499775081,0.044,0.021,1
chr3-94309650-94310553,Them4,0,0.0742113988593635,0.81683413755515,0.057,0.03,1
chr10-127063048-127063935,Cdk4,0,0.0743302488448255,0.979914020071286,0.044,0.021,1
chr18-74215715-74216595,Cxxc1,0,0.0743863871829562,0.829715628875508,0.05,0.026,1
chr10-91171273-91172159,Tmpo,0,0.0745216087015057,1.23025181869538,0.031,0.013,1
chr6-128200270-128201154,Gm10010,0,0.0748920472939713,0.816949150456861,0.057,0.03,1
chr11-6199859-6200738,A730071L15Rik,0,0.0749327371680962,1.60073049850855,0.025,0.01,1
chr10-96616335-96617259,Btg1,0,0.0749723242022615,0.861359555180805,0.063,0.035,1
chr7-45154028-45154946,Pih1d1,0,0.0750279514992319,0.944282757526447,0.044,0.021,1
chr16-74412693-74413541,Robo2,867,0.0751415993397381,1.16638182311042,0.031,0.013,1
chr3-131271620-131272477,Hadh,0,0.0751415993397381,1.1647468030654,0.031,0.013,1
chr16-13902597-13903478,Pdxdc1,0,0.0752210903338582,1.52249058152144,0.025,0.01,1
chr9-122351272-122352210,Abhd5,0,0.0755000739020617,-9.25110588541556,0,0.02,1
chr11-50024641-50025543,Rnf130,0,0.0755000767809665,-9.32531584370865,0,0.02,1
chr8-14911145-14912065,Arhgef10,0,0.0755000767809665,-9.25522004515655,0,0.02,1
chr18-38338246-38338697,Gnpda1,305,0.0756406186703395,1.15510763782743,0.031,0.013,1
chr11-84879753-84880675,Myo19,0,0.0756553181525073,1.49547441986875,0.025,0.01,1
chr4-43000143-43000966,Vcp,0,0.0758284434016172,1.1262266787285,0.031,0.013,1
chr17-71183060-71183996,Lpin2,499,0.0758911406993736,1.16409856126686,0.031,0.013,1
chr5-88720398-88721273,Mob1b,0,0.0759459382431694,1.47132606762734,0.025,0.01,1
chr4-3574396-3575296,Tmem68,0,0.0760089579189007,0.787943843824472,0.057,0.03,1
chr7-35118697-35119420,Cebpa,0,0.0760915894802509,1.4692133880965,0.025,0.01,1
chr10-80742011-80742925,Ap3d1,0,0.0763942157121889,1.18817110564656,0.031,0.013,1
chr12-38778317-38779226,Etv1,153,0.0763942157121889,1.15836182944936,0.031,0.013,1
chr18-79109928-79110829,Setbp1,536,0.0763942157121889,1.1413686406322,0.031,0.013,1
chr7-144553338-144554252,Ppfia1,0,0.0765835651589983,1.13053532586224,0.031,0.013,1
chr13-109902481-109903306,Mir1904,502,0.0768232672964915,1.39319013039406,0.025,0.01,1
chr4-45012063-45012965,Zbtb5,0,0.0770175092029033,-2.60113707304574,0.006,0.031,1
chr3-9833175-9834008,Pag1,0,0.0771175397180988,1.43311163777002,0.025,0.01,1
chr4-46601631-46602577,Coro2a,0,0.0771175397180988,1.41149298861805,0.025,0.01,1
chr17-27133537-27134428,Uqcc2,0,0.0772650200353675,1.40770659077923,0.025,0.01,1
chr11-54522459-54523300,Rapgef6,0,0.0772811389475641,1.04503366494582,0.031,0.013,1
chr2-164070715-164071589,Tomm34,0,0.0773581417413499,0.793061007960073,0.044,0.021,1
chr10-42478059-42478987,Lace1,0,0.0774085244440086,1.04319143408241,0.031,0.013,1
chr4-134395887-134396754,Pafah2,0,0.0774127300809475,1.38447674449666,0.025,0.01,1
chr3-40531258-40532189,Intu,0,0.077791707627424,1.06080096908469,0.031,0.013,1
chr11-20830652-20831514,Lgalsl,0,0.0778572410179423,1.33659303036984,0.025,0.01,1
chr8-45409980-45410845,Tlr3,0,0.0778572410179423,1.37449666827037,0.025,0.01,1
chr7-19119362-19120269,Fbxo46,0,0.0780058724072579,1.35182528182341,0.025,0.01,1
chr11-22437259-22438165,Gm12050,1609,0.0781547300762201,1.33910002786232,0.025,0.01,1
chr2-155236018-155236930,Dynlrb1,0,0.0781547300762201,1.28271084603507,0.025,0.01,1
chr17-45733141-45734026,1600014C23Rik,0,0.0781547347402317,1.36757137527903,0.025,0.01,1
chr4-148087652-148088552,Agtrap,0,0.0781764306565111,1.07027456903315,0.031,0.013,1
chr19-55315936-55316669,Zdhhc6,0,0.0783038282599922,1.28252861994949,0.025,0.01,1
chr10-127311281-127312110,Mars,0,0.0784531532096863,1.32759203464473,0.025,0.01,1
chr14-121798255-121798893,Dock9,520,0.0784531532096863,1.27418163589094,0.025,0.01,1
chr6-72616333-72617205,Tgoln1,0,0.0784531532096863,1.28096510347133,0.025,0.01,1
chr1-17123166-17124011,Gm28783,735,0.0785627081474102,0.988820729043887,0.031,0.013,1
chr10-78425223-78426109,Cstb,0,0.0785627081474102,0.91691263086193,0.031,0.013,1
chr8-123859092-123860002,AC147266.1,0,0.0787524936879174,1.27091889048679,0.025,0.01,1
chr4-86857004-86857895,Rps6,0,0.0787524983715523,1.31000424461124,0.025,0.01,1
chr7-46957924-46958856,Uevld,0,0.0787524983715523,1.29896477503416,0.025,0.01,1
chr10-98913933-98914844,Atp2b1,307,0.0787688042065977,0.598504972351901,0.094,0.058,1
chr1-156673928-156674857,Tor3a,0,0.0789025190701055,1.28445062456361,0.025,0.01,1
chrX-162901361-162901977,Ctps2,122,0.0789025190701055,1.16502267853008,0.025,0.01,1
chr13-60601426-60602339,Dapk1,0,0.0792032579185287,1.25058035672689,0.025,0.01,1
chr5-65106993-65107895,Klhl5,0,0.0792032579185287,1.18032045971104,0.025,0.01,1
chr10-88200761-88201649,Ccdc53,0,0.0794414494421017,0.686550950911346,0.057,0.03,1
chrX-7375823-7376654,Gm14379,0,0.0795049283236575,1.19530201227103,0.025,0.01,1
chr13-67813498-67814372,Zfp273,0,0.0796381768230836,1.16898242617449,0.038,0.018,1
chr10-79532932-79533754,Ppap2c,32,0.0796561134681477,1.12020588325384,0.025,0.01,1
chr9-27191773-27192553,Gm29172,1464,0.0796561134681477,1.19143687797838,0.025,0.01,1
chr4-139622395-139623308,Aldh4a1,0,0.0797308574639622,0.98707802223373,0.031,0.013,1
chr1-33669608-33670232,RP24-423J19.1,0,0.0798075322316356,1.01410753976588,0.025,0.01,1
chr9-119357047-119357956,Xylb,0,0.0799591848574229,1.24158715491026,0.025,0.01,1
chr12-85473158-85474065,Fos,0,0.0801110715888239,1.18130146317443,0.025,0.01,1
chr10-9676689-9677596,Samd5,1480,0.0802631926691649,1.17967950102373,0.025,0.01,1
chr6-42325093-42325611,Fam131b,449,0.0802631926691649,1.10149630204284,0.025,0.01,1
chr8-57651680-57652582,Galnt7,449,0.0803046239220013,-9.24364831324819,0,0.019,1
chr1-51333697-51334574,9330175M20Rik,0,0.0803046269950697,-9.24363385188796,0,0.019,1
chr1-157412209-157413018,2810025M15Rik,0,0.0803046269950697,-9.20734460957724,0,0.019,1
chr12-17690179-17691100,Hpcal1,0,0.0803046269950697,-9.2386669719347,0,0.019,1
chr13-4771039-4772058,Gm5444,0,0.0803046269950697,-9.24952469395029,0,0.019,1
chr15-83464192-83465108,Pacsin2,0,0.0803046269950697,-9.29091031576023,0,0.019,1
chr7-12921672-12922531,Rps5,0,0.0803046269950697,-9.2845122260774,0,0.019,1
chr4-151995987-151996971,Phf13,0,0.0804865128286867,1.09064611369432,0.044,0.022,1
chr10-61382959-61383844,Pald1,0,0.0807209644372571,1.16144415570391,0.025,0.01,1
chr17-24151886-24152792,Pdpk1,961,0.0807209644372571,1.14275888741217,0.025,0.01,1
chr9-88482214-88483130,Syncrip,0,0.0807932574568803,1.16874215056242,0.038,0.018,1
chr17-75551579-75552488,Fam98a,0,0.0808599580732563,-1.56663595543994,0.019,0.049,1
chr3-134235647-134236462,Cxxc4,28,0.0808740253468396,1.08428064662579,0.025,0.01,1
chr3-152713755-152714850,Pigk,0,0.0808740253468396,1.08313229735318,0.025,0.01,1
chr12-85218917-85219815,Eif2b2,0,0.0811424223510506,1.0703775828151,0.038,0.018,1
chr3-10350936-10351827,Zfand1,0,0.0812663986317162,0.659500080522288,0.069,0.039,1
chr3-36612978-36613853,Bbs7,0,0.0825871695520013,0.827794632786149,0.057,0.031,1
chr15-38519075-38519881,Azin1,0,0.0829066627672115,1.06947754127735,0.038,0.018,1
chr3-117868487-117869372,Snx7,0,0.0829743829173523,0.603635774791756,0.069,0.039,1
chr17-14942777-14943616,1600012H06Rik,0,0.0830847807234161,1.01271264042477,0.038,0.018,1
chr10-22058270-22059186,RP23-193J20.4,0,0.0833823402990524,1.01620406081712,0.038,0.018,1
chr18-65430395-65431297,Malt1,0,0.0836210039206774,0.993902036268381,0.038,0.018,1
chr4-119108346-119109308,Slc2a1,0,0.0836807568793063,0.997786141863763,0.038,0.018,1
chr2-152332133-152333008,Rbck1,0,0.0839800432759584,1.02264278958086,0.038,0.018,1
chr10-85102100-85103007,Fhl4,0,0.0844606988134373,0.980486466503596,0.038,0.018,1
chr3-133091467-133092402,Ints12,0,0.0846248652972361,0.766833493747566,0.057,0.031,1
chr15-33687304-33688089,Tspyl5,0,0.0847018571689852,0.959634773251858,0.038,0.018,1
chr7-52005614-52006546,Svip,0,0.0849903366527443,0.622751201491549,0.075,0.044,1
chr15-11399258-11400149,Tars,0,0.0853287661034894,0.755873708239844,0.057,0.031,1
chr17-35896791-35897833,Gm16279,0,0.0854344997280823,-9.20551383244541,0,0.018,1
chr12-8312917-8313827,Hs1bp3,0,0.0854345030099333,-9.21673532161194,0,0.018,1
chr13-49681629-49682522,Iars,0,0.0854345030099333,-9.25823014467153,0,0.018,1
chr3-8666935-8667638,Hey1,0,0.0854345030099333,-9.08846873531603,0,0.018,1
chr3-84814018-84814861,Fbxw7,406,0.0854345030099333,-9.20967259697311,0,0.018,1
chr4-33189036-33189853,Pm20d2,0,0.0854345030099333,-9.19708087154803,0,0.018,1
chr5-144099925-144100888,Lmtk2,0,0.0854345030099333,-9.24946848014268,0,0.018,1
chr6-56704268-56705115,Lsm5,0,0.0854345030099333,-9.26035837734906,0,0.018,1
chr17-6429685-6430585,Dynlt1b,0,0.0855112886125015,0.818737756376177,0.05,0.026,1
chr9-106891735-106892608,Manf,0,0.0857139455846188,0.833532984939618,0.05,0.026,1
chr3-104220158-104221055,Magi3,0,0.0859426325901373,0.773453762635463,0.057,0.031,1
chr11-30025698-30026614,Eml6,0,0.0861394021323452,0.922117705742607,0.044,0.022,1
chr12-91400093-91400908,Tshr,85,0.0868610685717147,0.86482329201577,0.044,0.022,1
chr8-4324755-4325656,Elavl1,0,0.0870207784186281,0.829563858144439,0.038,0.018,1
chr16-64851466-64852342,Cggbp1,0,0.0873863849614137,-2.44198472237734,0.006,0.029,1
chr11-35769052-35769896,Pank3,0,0.087491478894262,-2.42428642879132,0.006,0.029,1
chr12-51970900-51971789,Heatr5a,0,0.0876874749714022,1.25234029686185,0.031,0.014,1
chr6-117906293-117907198,4933440N22Rik,561,0.0878073705794969,-2.40965844849571,0.006,0.029,1
chr13-17694511-17695422,Sugct,0,0.0878858006434112,0.669848874222522,0.069,0.04,1
chr17-94749419-94750298,Mettl4,0,0.0883693260145913,0.643443019188152,0.063,0.035,1
chr19-16780612-16781497,Vps13a,0,0.0886016788329926,0.853632833325206,0.044,0.022,1
chr2-112378784-112379662,Katnbl1,0,0.0886542550139278,-2.25258142408105,0.006,0.029,1
chr10-111298180-111299077,Bbs10,0,0.088696314648971,0.814163505675301,0.05,0.026,1
chr7-16285882-16286789,Ccdc9,5,0.0902631783409968,-1.07191660048067,0.038,0.073,1
chr3-105958943-105959863,Wdr77,0,0.0907780553167167,1.16262015214452,0.031,0.014,1
chr1-90602939-90603846,Cops8,0,0.0909143741625449,-9.13304358440905,0,0.018,1
chr10-79668604-79669492,Tpgs1,0,0.0909143741625449,-9.16947635028193,0,0.018,1
chr12-41485569-41486356,Lrrn3,0,0.0909143741625449,-9.11870753183051,0,0.018,1
chr16-20097911-20098547,Klhl24,356,0.0909143741625449,-9.10553310130263,0,0.018,1
chr5-138619307-138620209,Zfp68,0,0.090914377669115,-9.16828664999501,0,0.018,1
chr5-143909418-143910328,Aimp2,0,0.090914377669115,-9.16219777126447,0,0.018,1
chr7-126798976-126799844,Aldoa,906,0.090914377669115,-9.10817131577588,0,0.018,1
chr9-88124227-88125166,Gm2324,1461,0.090914377669115,-9.13699257641336,0,0.018,1
chr19-53944157-53944909,Shoc2,0,0.0912547648005518,0.707882725760454,0.063,0.035,1
chr2-112239139-112239931,Lpcat4,0,0.0916359808765818,1.15101498505041,0.031,0.014,1
chr1-64617123-64617938,Gm28982,0,0.0919233986047325,1.07913792083134,0.031,0.014,1
chr15-43282319-43283181,Eif3e,0,0.0921496705522771,-2.65459551637954,0.006,0.029,1
chr6-131388050-131388964,Ybx3,0,0.0925004067658766,1.09308049566151,0.031,0.014,1
chr2-109280407-109281271,Kif18a,0,0.092593454597892,-2.41784462597899,0.006,0.029,1
chr10-110919709-110920612,Csrp2,0,0.0926451123130065,1.14304773177044,0.031,0.014,1
chr7-27447368-27448298,Blvrb,0,0.0927046742703851,-2.40246426364514,0.006,0.029,1
chr1-160792458-160793349,Rabgap1l,0,0.0929880533801338,0.721144963101611,0.044,0.022,1
chr3-87525160-87526038,Etv3,0,0.0930803160544849,0.954377012761936,0.031,0.014,1
chr9-35569763-35570685,Pate2,0,0.0932257529503696,1.09804719537446,0.031,0.014,1
chr4-89129175-89130029,Gm12602,948,0.0933713684586128,1.07399750972813,0.031,0.014,1
chr6-48086176-48087034,Zfp746,0,0.0933713684586128,1.04818148370649,0.031,0.014,1
chr4-82859085-82859986,Zdhhc21,0,0.0935514731823074,1.52581342672592,0.025,0.01,1
chr2-4917286-4918066,Phyh,952,0.0937124439868271,1.73941633715338,0.019,0.007,1
chr1-6214332-6215252,4732440D04Rik,40,0.0938093101774629,1.00199198367812,0.031,0.014,1
chr6-87887363-87888261,Copg1,0,0.0938093101774629,1.04911785414174,0.031,0.014,1
chrX-163908542-163909437,Ap1s2,0,0.0938093101774629,0.949777235309198,0.031,0.014,1
chr5-136135603-136136495,Lrwd1,0,0.09410218545763,1.00775974396125,0.031,0.014,1
chr12-90738674-90739212,Dio2,235,0.0941248847999327,1.7178303097105,0.019,0.007,1
chr3-41742126-41743043,Sclt1,0,0.0941324954955834,0.733615769097165,0.057,0.031,1
chr10-61679760-61680667,Sar1a,0,0.0942513431287773,0.873093224873679,0.05,0.027,1
chr5-50058565-50059389,Gpr125,0,0.0946859603514601,0.890529742476354,0.05,0.027,1
chr8-95633024-95633903,Gins3,0,0.0948375817144066,0.988524189275541,0.031,0.014,1
chr4-107687995-107688837,Gm12899,0,0.094954132099545,1.57006223399906,0.019,0.007,1
chr4-155869060-155869932,Cptp,0,0.094954132099545,1.60204383830562,0.019,0.007,1
chr12-78748403-78749291,Mpp5,0,0.0949630322994206,0.974113457686068,0.044,0.023,1
chr2-37358439-37359320,Pdcl,11,0.0949737168162986,1.05570463186669,0.038,0.018,1
chr1-16664810-16665671,Tmem70,0,0.095162355838983,1.64305505160572,0.019,0.007,1
chr3-89246076-89246939,Trim46,0,0.095162355838983,1.61392505234397,0.019,0.007,1
chr8-109705074-109705948,Zfp821,0,0.0952810214446644,1.00864582153197,0.031,0.014,1
chr4-3938293-3939191,Plag1,0,0.095341976483752,0.477841614636364,0.101,0.063,1
chr12-65035932-65036834,Prpf39,0,0.0955799004930756,1.58713356808329,0.019,0.007,1
chr18-77064680-77065547,Pias2,0,0.0955799004930756,1.59858614641199,0.019,0.007,1
chr4-116993996-116994858,Urod,0,0.095789222229605,1.54129566217117,0.019,0.007,1
chr1-185331787-185332623,Bpnt1,0,0.0959989107868908,1.54232442504029,0.019,0.007,1
chr11-50915635-50916545,Zfp2,0,0.0959989107868908,1.4769156807531,0.019,0.007,1
chr12-72760074-72760619,Ppm1a,591,0.0959989107868908,1.51561908830776,0.019,0.007,1
chr2-177839962-177840840,Gm14325,0,0.0959989107868908,1.49101135959409,0.019,0.007,1
chr5-34288039-34288945,Zfyve28,0,0.0959989107868908,1.58177915909017,0.019,0.007,1
chr9-22116728-22117562,Elof1,0,0.0961015636032951,1.49613762649459,0.025,0.01,1
chr3-75956529-75957419,Golim4,0,0.0961873414704457,0.685206452675724,0.069,0.04,1
chr10-76622949-76623808,Col6a2,0,0.0962089665756447,1.46729893808502,0.019,0.007,1
chr16-17928128-17928624,Slc25a1,0,0.0962089665756447,1.49598534419702,0.019,0.007,1
chr17-34627156-34628088,Gm20460,0,0.0962089665756447,1.54864319973587,0.019,0.007,1
chr2-18392309-18393123,Dnajc1,0,0.0962089665756447,1.54086398975348,0.019,0.007,1
chr3-84815387-84816140,Fbxw7,118,0.0962089665756447,1.50473984092721,0.019,0.007,1
chr16-52452745-52453661,Alcam,412,0.0962521795482899,0.768846269679731,0.063,0.036,1
chr11-50325327-50326243,Canx,0,0.0964185823655381,1.03968089291513,0.038,0.018,1
chr11-32642116-32642965,Fbxw11,0,0.0964193900064853,1.46565377241357,0.019,0.007,1
chr2-24975793-24976430,Pnpla7,0,0.0964193900064853,1.50668573989925,0.019,0.007,1
chr5-104507965-104508916,BC005561,0,0.0964193900064853,1.52496493865742,0.019,0.007,1
chr1-45765834-45766690,Gm8307,1646,0.0964457396236474,1.40389000219496,0.025,0.01,1
chr7-34655169-34656010,Kctd15,0,0.0964716630813959,0.860598155182204,0.031,0.014,1
chr13-64312296-64313169,Aaed1,0,0.0965838352372503,0.712242623669896,0.057,0.031,1
chr11-101009029-101009868,Atp6v0a1,0,0.0966301814899369,1.35322585571583,0.019,0.007,1
chr17-90455259-90456209,Gm10493,369,0.0966301814899369,1.48198777361251,0.019,0.007,1
chr1-135374802-135375734,Shisa4,0,0.0967711748488867,-9.09548202307028,0,0.017,1
chr12-59130882-59131839,Ctage5,1161,0.0967711748488867,-9.12327748893486,0,0.017,1
chr2-110017485-110018364,Ccdc34,0,0.0967711748488867,-9.09494056938972,0,0.017,1
chr2-120850094-120851020,AV039307,0,0.0967711748488867,-9.151134095233,0,0.017,1
chr4-53439884-53440763,Slc44a1,0,0.0967711748488867,-9.10230729769107,0,0.017,1
chr9-66059614-66060530,Ppib,0,0.0967711748488867,-9.14057840965474,0,0.017,1
chr1-34459209-34460098,Ptpn18,0,0.0968413414364276,1.47444581820535,0.019,0.007,1
chr15-5106051-5106915,Card6,1623,0.0968413414364276,1.47899343507105,0.019,0.007,1
chr3-145649519-145650345,Cyr61,0,0.0968413414364276,1.435341862113,0.019,0.007,1
chr3-103913968-103914843,Rsbn1,0,0.0969212056318462,0.789683560619094,0.031,0.014,1
chr11-28583855-28584690,Ccdc85a,0,0.0969941117405218,0.836222461330823,0.05,0.027,1
chr12-24498126-24499075,Taf1b,0,0.0970528702562878,1.42298756449196,0.019,0.007,1
chr12-31184277-31185209,6030469F06Rik,0,0.0970528702562878,1.36500016637583,0.019,0.007,1
chr4-140986486-140987321,Atp13a2,0,0.0970528702562878,1.41275089995923,0.019,0.007,1
chr3-88913540-88914435,Msto1,0,0.0971370498245107,1.35805117627369,0.025,0.01,1
chr3-8923222-8924161,Mrps28,0,0.0972553136824108,0.638182842696168,0.063,0.035,1
chr1-75191490-75192370,Ankzf1,0,0.0972647683597491,1.37587375538131,0.019,0.007,1
chr1-133800621-133801569,Atp2b4,0,0.0972647683597491,1.37549704146653,0.019,0.007,1
chr16-10192415-10193293,Atf7ip2,0,0.0972647683597491,1.39862727150185,0.019,0.007,1
chr15-66577204-66577983,Phf20l1,0,0.0974137515525669,1.0084091278136,0.038,0.018,1
chr15-3581684-3582482,Ghr,1009,0.097477036156942,1.3336627791082,0.019,0.007,1
chr17-24649823-24650700,Slc9a3r2,0,0.097477036156942,1.33232701956202,0.019,0.007,1
chr8-70905597-70906555,Map1s,0,0.097477036156942,1.35262983660234,0.019,0.007,1
chr7-24817224-24818104,Gm5893,690,0.0974841826021106,1.33054920594043,0.025,0.01,1
chrX-36597690-36598576,Pgrmc1,0,0.0974841875994897,1.29651674613092,0.025,0.01,1
chr4-45341727-45342541,Dcaf10,0,0.097658127941553,1.25829631110024,0.025,0.01,1
chr8-119394343-119395266,Mlycd,0,0.097658127941553,1.29921143917466,0.025,0.01,1
chr6-136804210-136804745,Hist4h4,0,0.0976896740578951,1.28064501317545,0.019,0.007,1
chr7-66059928-66060956,Snrpa1,0,0.0976896740578951,1.39493182480698,0.019,0.007,1
chr19-34527033-34527864,Lipa,0,0.0978095744220243,-1.75605589775357,0.013,0.038,1
chr2-180578470-180579396,Mrgbp,1907,0.0978323162192811,1.23970869229359,0.025,0.01,1
chr15-39746021-39746791,Dcstamp,88,0.0979026824725331,1.32626555201706,0.019,0.007,1
chr3-107953110-107953948,Gm12494,0,0.0979026824725331,1.28786773084507,0.019,0.007,1
chr6-116263720-116264797,Zfand4,0,0.0979026824725331,1.31573639051378,0.019,0.007,1
chr9-122902708-122903572,A530083I20Rik,0,0.0979026824725331,1.18655577872291,0.019,0.007,1
chr15-52711998-52712811,Med30,0,0.0979106620015839,-1.74261571784321,0.013,0.038,1
chr3-123446657-123447601,Prss12,0,0.0980067526570767,1.28527291130631,0.025,0.01,1
chr8-123373393-123374037,Tcf25,0,0.0980067526570767,1.27148594556089,0.025,0.01,1
chr4-150008578-150009434,H6pd,0,0.0980147973168854,0.949972542907261,0.038,0.018,1
chr7-109169409-109170153,Lmo1,154,0.0981160618106756,1.20730830832836,0.019,0.007,1
chr9-46229611-46230510,Apoa1,1030,0.0981160618106756,1.31983436689927,0.019,0.007,1
chr10-53750917-53751817,Fam184a,7,0.0981487625827769,0.924245158630706,0.038,0.018,1
chr1-156558272-156559168,Abl2,0,0.0981814374792953,1.27331223256788,0.025,0.01,1
chr18-34751219-34752108,Cdc25c,0,0.0983233975089598,0.931310861714675,0.044,0.023,1
chr2-25371755-25372683,Sapcd2,0,0.0983298124820353,1.2610286355435,0.019,0.007,1
chr16-13667647-13668500,Parn,0,0.0983563709102438,1.25802549792322,0.025,0.01,1
chr1-43933463-43934372,Tpp2,0,0.0984453737074708,0.744000411874184,0.05,0.027,1
chr13-111685680-111686616,Mier3,0,0.0985315531741808,1.25193870384906,0.025,0.01,1
chr17-56039862-56040748,Chaf1a,0,0.0985315531741808,1.26840810375779,0.025,0.01,1
chr1-134829304-134830201,RP24-541A5.1,1754,0.0985439348962164,1.42932139887633,0.019,0.007,1
chr12-70111549-70112257,Nin,0,0.0985439348962164,1.1942808740659,0.019,0.007,1
chr14-56811529-56812392,Zmym5,0,0.0985439348962164,1.30196538505978,0.019,0.007,1
chr17-17402278-17403168,Lix1,0,0.0985439348962164,1.33576835911335,0.019,0.007,1
chr17-28800533-28801130,Brpf3,0,0.0985439348962164,1.24960702144193,0.019,0.007,1
chr18-34408972-34409866,Pkd2l2,0,0.0985439348962164,1.23957912053919,0.019,0.007,1
chr19-32388890-32389696,2700046G09Rik,0,0.0985439348962164,1.32288918124672,0.019,0.007,1
chr2-154407627-154408528,Snta1,0,0.0985439348962164,1.29180384901282,0.019,0.007,1
chr6-100670715-100671535,Shq1,0,0.0985439348962164,1.15970470721559,0.019,0.007,1
chr6-128374892-128375765,4933413G19Rik,0,0.0985439348962164,1.19277753065968,0.019,0.007,1
chr10-43901255-43902104,Qrsl1,0,0.0986860868495859,0.935761518472284,0.038,0.018,1
chr18-43207171-43208099,Stk32a,0,0.0987584294627134,1.22298633460369,0.019,0.007,1
chr8-119910619-119911463,Gm20388,0,0.0987584294627134,1.08701595780212,0.019,0.007,1
chr18-53744271-53745160,Cep120,0,0.0988295283133635,-2.34029242339311,0.006,0.028,1
chr11-90637589-90638460,Cox11,0,0.0988826600642294,1.24969300287924,0.025,0.01,1
chr5-25529239-25530151,1700096K18Rik,0,0.0988826600642294,1.32754792459762,0.025,0.01,1
chr4-116448478-116449374,Gm12950,0,0.0989732965909093,1.0930227797533,0.019,0.007,1
chr1-7088392-7089289,Pcmtd1,0,0.0990129063132825,0.582515489627493,0.082,0.049,1
chr10-117745963-117746822,Slc35e3,0,0.0990585952057621,1.2835498843539,0.025,0.01,1
chr5-3927784-3928644,Akap9,0,0.0990585952057621,1.23064323051319,0.025,0.01,1
chr13-4608696-4609575,Akr1e1,0,0.0990663999376634,-2.30737442002333,0.006,0.028,1
chr3-67514710-67515527,Rarres1,0,0.0991885366900738,1.05354857921241,0.019,0.007,1
chr4-139130570-139131459,Minos1,0,0.0991885366900738,1.28421120050376,0.019,0.007,1
chr4-152038926-152039800,Nol9,0,0.0991885366900738,1.18758482398224,0.019,0.007,1
chr8-62950970-62951899,Spock3,0,0.0992347750432411,1.20369820107343,0.025,0.01,1
chr5-69591733-69592669,Gnpda2,0,0.0993610419760986,0.885669005147483,0.038,0.018,1
chr3-80802456-80803352,Gria2,0,0.0994041501693625,1.13655469812998,0.019,0.007,1
chr8-106893197-106894111,Chtf8,0,0.0994041501693625,1.10360726840882,0.019,0.007,1
chr1-131152802-131153798,Eif2d,0,0.099411204834249,1.17662275370589,0.025,0.01,1
chr16-46010022-46010913,Plcxd2,0,0.0995230469992171,0.559147400977893,0.063,0.035,1
chr6-59208457-59209302,Tigd2,0,0.0995487293159976,0.728438923837579,0.069,0.041,1
chr14-21830729-21831641,Vdac2,0,0.0995878848027398,1.15531546639027,0.025,0.01,1
chr8-25597057-25597872,Letm2,0,0.0995878848027398,1.16018563774601,0.025,0.01,1
chr16-93883448-93884297,Chaf1b,0,0.0997648050602803,1.1485972757194,0.025,0.01,1
chr13-67305984-67306798,Zfp457,0,0.100119428011854,1.10692882878519,0.025,0.01,1
chr19-61140392-61141281,5830428H23Rik,0,0.100119428011854,1.10716488927019,0.025,0.01,1
chr4-106678521-106679439,Ttc4,0,0.100119428011854,1.1462497932651,0.025,0.01,1
chr13-41249392-41250246,Smim13,0,0.10017584450122,0.922025326290326,0.038,0.018,1
chr7-66389021-66389900,Lrrk1,670,0.100297105859043,1.10232559204781,0.025,0.01,1
chr9-54559744-54560755,Cib2,0,0.100409520359501,0.826680659750134,0.044,0.023,1
chr8-76898701-76899581,Nr3c2,0,0.100475045142099,1.12304679792515,0.025,0.01,1
chr4-3835311-3836234,Rps20,0,0.100597578130068,0.726362428290019,0.05,0.027,1
chr8-90828365-90829265,Chd9,0,0.100653225796795,1.15161110875884,0.025,0.01,1
chr18-13972255-13973173,Zfp521,0,0.100653230875525,1.0985875256862,0.025,0.01,1
chr2-106002801-106003897,Dcdc5,0,0.100653230875525,1.13255872448155,0.025,0.01,1
chr7-84086257-84087154,Cemip,0,0.100653230875525,1.07676945902487,0.025,0.01,1
chr7-98702661-98703549,Prkrir,0,0.10073721512511,-2.06877002402383,0.006,0.028,1
chr1-36243835-36244713,Uggt1,6,0.1010103527091,1.04608467720055,0.025,0.01,1
chr2-25332226-25333113,Man1b1,0,0.101010357796848,0.986709383593731,0.025,0.01,1
chr6-72354946-72355869,Tmem150a,0,0.101010357796848,1.15386685487746,0.025,0.01,1
chr11-3123605-3124350,Pisd-ps1,1553,0.101189294339464,1.01406762327921,0.025,0.01,1
chr13-30728974-30729855,Gm11370,1921,0.101189299431719,1.06745308953688,0.025,0.01,1
chr4-153974692-153975597,Dffb,0,0.101189299431719,1.03485779466582,0.025,0.01,1
chrX-155216009-155216871,Sat1,0,0.101189299431719,1.07945770171295,0.025,0.01,1
chr18-67288642-67289556,Impa2,0,0.101460117588966,-2.03464383914329,0.006,0.028,1
chr10-115587066-115587960,Lgr5,0,0.101727634608033,0.970365097524133,0.025,0.01,1
chr13-74808309-74808885,Cast,387,0.101727639713802,0.984987566392145,0.025,0.01,1
chr16-90727035-90727904,Mis18a,0,0.101821426721183,0.821621987823323,0.038,0.018,1
chr4-152477292-152478135,Kcnab2,0,0.10190320472162,0.777489609164939,0.044,0.023,1
chr14-20388463-20389383,Dnajc9,0,0.102268257750403,0.911400885673535,0.025,0.01,1
chr1-155972961-155973863,RP24-310B3.1,0,0.102782657343338,0.739232341819832,0.044,0.023,1
chr8-72443370-72444253,Calr3,0,0.102811159565275,0.951427512200484,0.025,0.01,1
chr1-55405467-55406322,Plcl1,0,0.10303433017158,-9.08194759377364,0,0.016,1
chr13-41220086-41220998,Elovl2,0,0.10303433017158,-9.07698151384472,0,0.016,1
chr3-146812619-146813394,Prkacb,0,0.10303433017158,-9.01458467847769,0,0.016,1
chr1-136414859-136415771,Ddx59,0,0.103034334181453,-9.06944148870155,0,0.016,1
chr1-160044011-160044904,4930523C07Rik,0,0.103034334181453,-9.06769799118991,0,0.016,1
chr11-43385062-43385925,Gm12148,0,0.103034334181453,-9.10245994698709,0,0.016,1
chr14-19823437-19824327,2700060E02Rik,0,0.103034334181453,-8.97473454294088,0,0.016,1
chr14-24490263-24491148,Rps24,0,0.103034334181453,-9.07282260929086,0,0.016,1
chr17-35088916-35089832,Abhd16a,0,0.103034334181453,-9.0948537499615,0,0.016,1
chr17-78736207-78737091,Strn,104,0.103034334181453,-9.05802053136758,0,0.016,1
chr19-34607409-34608293,I830012O16Rik,0,0.103034334181453,-9.03121565233321,0,0.016,1
chr19-36554126-36554960,Hectd2,0,0.103034334181453,-8.96672820147403,0,0.016,1
chr2-92374873-92375766,Gyltl1b,3,0.103034334181453,-9.03831047878936,0,0.016,1
chr2-128698182-128698965,Mertk,0,0.103034334181453,-9.0314928833384,0,0.016,1
chr3-146499189-146500112,Spata1,0,0.103034334181453,-9.01374850758967,0,0.016,1
chr6-48537095-48537992,1700026J14Rik,0,0.103034334181453,-9.0451049901918,0,0.016,1
chr7-30859639-30860508,Ffar1,1055,0.103034334181453,-8.94255231580318,0,0.016,1
chr7-84410018-84410728,Arnt2,58,0.103034334181453,-8.98258592922589,0,0.016,1
chr7-126975692-126976700,Cdipt,0,0.103034334181453,-9.04878096072114,0,0.016,1
chr8-80057629-80058487,Hhip,0,0.103034334181453,-8.98054285874243,0,0.016,1
chr8-121578441-121579345,Fbxo31,0,0.103034334181453,-9.03582696802264,0,0.016,1
chr11-75461010-75461916,Tlcd2,0,0.103174365846653,0.779605256255527,0.025,0.01,1
chr5-92277648-92278554,Naaa,0,0.103356351177149,0.830266616890272,0.025,0.01,1
chr19-6921493-6922440,Esrra,0,0.103867512452609,-2.6749690026478,0.006,0.027,1
chr6-8508880-8509684,Glcci1,0,0.103991969802353,-2.66897754521331,0.006,0.027,1
chr6-124829803-124830263,Cdca3,255,0.104241239935388,-2.53659368953693,0.006,0.027,1
chr14-43924894-43925750,Gm8113,0,0.10435505240959,0.560118757629511,0.057,0.031,1
chr7-121707083-121707992,Usp31,0,0.104866494297825,-2.32063929325692,0.006,0.027,1
chr8-83955026-83955928,Gm10644,0,0.105026374940801,0.641773228376466,0.075,0.046,1
chr8-114439149-114439986,Wwox,0,0.105287362241684,0.549983702051022,0.082,0.05,1
chr7-19175577-19176386,Eml2,34,0.105355873553314,2.0279703299185,0.013,0.004,1
chr15-98727749-98728546,Fkbp11,0,0.105654705897339,2.00790380357592,0.013,0.004,1
chr8-60505444-60506308,Aadat,0,0.105727624964611,0.734157483205626,0.063,0.037,1
chr11-95762871-95763812,Polr2k-ps,1379,0.105954210257672,1.97035445229938,0.013,0.004,1
chr2-10374375-10375243,Gm13261,333,0.105954210257672,2.10032510132209,0.013,0.004,1
chr2-173021506-173022364,Gm20490,591,0.105954210257672,1.95380320122224,0.013,0.004,1
chr8-114205111-114206015,Vat1l,0,0.105954210257672,1.99299241940322,0.013,0.004,1
chr1-54557232-54558146,Pgap1,0,0.105999444807581,-2.17501032474177,0.006,0.027,1
chr18-89534399-89535259,Gm16297,0,0.106254387567012,2.03933660350149,0.013,0.004,1
chr10-74966623-74967511,Gnaz,0,0.106474320533388,0.724847773958647,0.057,0.032,1
chr6-29022898-29023683,Mir129-1,278,0.106555238757556,1.87181253740372,0.013,0.004,1
chr1-176835373-176836065,RP23-293I7.1,0,0.106856764760996,1.93640844810372,0.013,0.004,1
chr11-102898292-102899045,Gfap,1866,0.106856764760996,1.77517527267129,0.013,0.004,1
chr17-36205580-36206329,Gm8835,9,0.106856764760996,1.86999098993217,0.013,0.004,1
chr19-8661971-8662829,Chrm1,959,0.106856764760996,1.90054325581583,0.013,0.004,1
chr2-32237060-32237919,Pomt1,469,0.106856764760996,1.80518716332769,0.013,0.004,1
chr2-140670165-140670796,Flrt3,672,0.106856764760996,1.94551597695907,0.013,0.004,1
chr3-30975127-30976018,RP23-170E22.2,477,0.106856764760996,1.80862948926486,0.013,0.004,1
chr3-118431115-118432012,Gm26871,790,0.106856764760996,1.86440352649757,0.013,0.004,1
chr3-136325592-136326638,Bank1,0,0.106856764760996,1.74168003927594,0.013,0.004,1
chr1-59534977-59535858,1700122D07Rik,1370,0.107158966508507,1.74109416228543,0.013,0.004,1
chr18-36454014-36454915,Pfdn1,0,0.107158966508507,1.78234865844168,0.013,0.004,1
chr18-46464880-46465780,Mospd4,9,0.107158966508507,1.81244169524671,0.013,0.004,1
chr2-181384757-181385679,Slc2a4rg-ps,506,0.107158966508507,1.74137432899984,0.013,0.004,1
chr6-21985550-21986173,Cped1,0,0.107158966508507,1.64481334145946,0.013,0.004,1
chr6-124859560-124860424,Leprel2,1807,0.107158966508507,1.78849590048269,0.013,0.004,1
chr7-35836643-35837464,Gm28514,795,0.107158966508507,1.75879525615482,0.013,0.004,1
chr8-45508589-45509419,Sorbs2,800,0.107158966508507,1.76451071741415,0.013,0.004,1
chrX-57338700-57339566,Arhgef6,0,0.107158966508507,1.76951230889722,0.013,0.004,1
chr8-111876274-111877153,Tmem170,0,0.107176446123222,1.14349442796849,0.031,0.015,1
chr6-5496037-5496947,Pdk4,0,0.107397323216513,-2.0188690345711,0.006,0.027,1
chr1-63730227-63731211,Fastkd2,0,0.107461844930744,1.70061703148516,0.013,0.004,1
chr13-119753607-119754503,Nim1k,1378,0.107461844930744,1.65182439318003,0.013,0.004,1
chr14-34502293-34503197,Bmpr1a,143,0.107461844930744,1.81674362006655,0.013,0.004,1
chr14-65266171-65266991,Fbxo16,0,0.107461844930744,1.73289784129977,0.013,0.004,1
chr4-43047142-43047938,Fam214b,921,0.107461844930744,1.71537914397723,0.013,0.004,1
chr5-113490249-113491123,Wscd2,0,0.107461844930744,1.75900878790156,0.013,0.004,1
chr7-138396607-138397523,Tcerg1l,206,0.107461844930744,1.64378287735944,0.013,0.004,1
chr8-105936739-105937585,Psmb10,806,0.107461844930744,1.63044833707969,0.013,0.004,1
chr9-57468845-57469597,Scamp5,820,0.107461844930744,1.66877646832484,0.013,0.004,1
chr13-81710752-81711592,Polr3g,0,0.107525123720873,-1.97849620392922,0.006,0.027,1
chr11-101225890-101226795,Ezh1,0,0.107765400957835,1.67943275667384,0.013,0.004,1
chr14-57133284-57134173,Gjb6,0,0.107765400957835,1.75248605284359,0.013,0.004,1
chr2-25271945-25272818,Anapc2,0,0.107765400957835,1.64402265392679,0.013,0.004,1
chr5-137307273-137308203,Srrt,0,0.107765400957835,1.64084418203184,0.013,0.004,1
chr6-97250838-97251664,Lmod3,1115,0.107765400957835,1.56393382964146,0.013,0.004,1
chr8-36247767-36248496,Lonrf1,1019,0.107765400957835,1.57541527557663,0.013,0.004,1
chr9-21988983-21989837,Rgl3,0,0.107765400957835,1.5009356465849,0.013,0.004,1
chr9-107565755-107566624,Hyal2,1320,0.107765400957835,1.54271766986296,0.013,0.004,1
chr7-19228287-19228963,Opa3,0,0.107952098276344,0.80571233145232,0.05,0.027,1
chr11-3894713-3895551,Dusp18,0,0.108069635519374,1.56601696121754,0.013,0.004,1
chr13-55210003-55210796,Nsd1,220,0.108069635519374,1.57912985999786,0.013,0.004,1
chr14-70203290-70204232,Gm26908,1091,0.108069635519374,1.55637831807539,0.013,0.004,1
chr16-17208625-17209440,Rimbp3,489,0.108069635519374,1.57123672239784,0.013,0.004,1
chr16-47075777-47076616,Gm6912,1578,0.108069635519374,1.40267024848868,0.013,0.004,1
chr17-88063990-88064898,Fbxo11,392,0.108069635519374,1.32456254927324,0.013,0.004,1
chr19-29334099-29335027,Rln1,0,0.108069635519374,1.67143200671668,0.013,0.004,1
chr2-62484795-62485633,Gcg,1144,0.108069635519374,1.61769507155058,0.013,0.004,1
chr4-32982979-32983784,Rragd,0,0.108069635519374,1.53479503898341,0.013,0.004,1
chr7-140080533-140081445,Caly,1102,0.108069635519374,1.49861592782693,0.013,0.004,1
chr7-141264789-141265688,Irf7,792,0.108069635519374,1.52229682737053,0.013,0.004,1
chr1-84933244-84934085,Slc16a14,1048,0.108374549544413,1.5448007308239,0.013,0.004,1
chr10-83140017-83140968,1700025N21Rik,1069,0.108374549544413,1.62738832446396,0.013,0.004,1
chr10-121310545-121311466,Tbc1d30,0,0.108374549544413,1.51219821280437,0.013,0.004,1
chr11-42000380-42001456,Gabrg2,0,0.108374549544413,1.53372656834296,0.013,0.004,1
chr11-60830295-60831205,Dhrs7b,0,0.108374549544413,1.63278693258692,0.013,0.004,1
chr13-21750211-21750999,Hist1h4k,0,0.108374549544413,1.48254597073906,0.013,0.004,1
chr13-74363548-74364399,Lrrc14b,0,0.108374549544413,1.52396902853191,0.013,0.004,1
chr15-83555141-83556121,Mcat,0,0.108374549544413,1.43267416707924,0.013,0.004,1
chr17-29021983-29022888,Gm16195,689,0.108374549544413,1.63060362834679,0.013,0.004,1
chr5-67939042-67939893,Gm5108,1775,0.108374549544413,1.24884537377882,0.013,0.004,1
chr5-101764737-101765581,Cds1,0,0.108374549544413,1.48925007238968,0.013,0.004,1
chr9-35541110-35542178,RP23-462C3.2,900,0.108374549544413,1.59629149802263,0.013,0.004,1
chr13-18716886-18717812,Vps41,0,0.10846135279175,1.10954445593895,0.031,0.015,1
chr6-50566237-50567130,Cycs,0,0.108480605454645,0.691705131414028,0.057,0.032,1
chr1-88134079-88134934,Ugt1a6a,0,0.10868014396146,1.41227265500774,0.013,0.004,1
chr11-75441116-75442028,Serpinf2,1524,0.10868014396146,1.41832374244652,0.013,0.004,1
chr11-100440672-100441554,Nt5c3b,253,0.10868014396146,1.41344055830213,0.013,0.004,1
chr16-5217433-5218409,Mir6364,1558,0.10868014396146,1.52463998264786,0.013,0.004,1
chr3-96629368-96630269,6330549D23Rik,0,0.10868014396146,1.31127049512372,0.013,0.004,1
chr7-62084789-62085742,Mir344i,0,0.10868014396146,1.39885871541382,0.013,0.004,1
chr8-41217682-41218551,Gm16348,0,0.10868014396146,1.47743870085498,0.013,0.004,1
chr9-110656097-110657012,Ccdc12,0,0.10868014396146,1.42898674482128,0.013,0.004,1
chrX-135839672-135840497,Gprasp2,637,0.10868014396146,1.47617597881643,0.013,0.004,1
chr16-45742467-45743383,Abhd10,0,0.108959071093829,1.03820846930256,0.038,0.019,1
chr15-84987630-84988555,5031439G07Rik,0,0.108986419698466,1.4917905465057,0.013,0.004,1
chr2-75703110-75703902,Nfe2l2,738,0.108986419698466,1.53725954347059,0.013,0.004,1
chr7-19420997-19421850,A930016O22Rik,0,0.108986419698466,1.22242632460597,0.013,0.004,1
chr10-67979090-67979993,Rtkn2,0,0.109197515359823,-1.83142637973436,0.006,0.027,1
chr16-22265598-22266510,Tra2b,0,0.109270595646455,1.10849881691772,0.031,0.015,1
chr5-135778038-135779035,Styxl1,0,0.109327005485548,-1.74779104866431,0.006,0.027,1
chr5-14514568-14515458,Pclo,0,0.10942364988136,0.51147780234836,0.063,0.036,1
chr1-75317246-75318140,Dnpep,0,0.109543558774743,-0.847696852950626,0.05,0.086,1
chr9-53974698-53975536,Elmod1,0,0.109736112776881,-8.99286592475126,0,0.016,1
chr1-36546899-36547772,Ankrd39,0,0.109736117068831,-9.05206263848795,0,0.016,1
chr1-37996858-37997624,Txndc9,268,0.109736117068831,-8.94645462810148,0,0.016,1
chr1-189727726-189728610,Ptpn14,0,0.109736117068831,-9.00761245003707,0,0.016,1
chr11-115813380-115814293,Caskin2,0,0.109736117068831,-9.03437565557757,0,0.016,1
chr13-95618002-95618967,F2r,0,0.109736117068831,-8.96440247520204,0,0.016,1
chr14-8665777-8666707,4930452B06Rik,0,0.109736117068831,-9.03732934560633,0,0.016,1
chr14-53806054-53806936,Trav17,0,0.109736117068831,-8.92779075514409,0,0.016,1
chr14-67008327-67009251,Bnip3l,0,0.109736117068831,-9.00591006142046,0,0.016,1
chr16-3884069-3885006,Zfp597,0,0.109736117068831,-8.89755588415059,0,0.016,1
chr17-36257297-36258157,Rpp21,0,0.109736117068831,-9.04683345678459,0,0.016,1
chr2-155073857-155074767,Ahcy,0,0.109736117068831,-8.99219511387454,0,0.016,1
chr3-88081498-88082383,Iqgap3,0,0.109736117068831,-9.04799098627451,0,0.016,1
chr6-90369107-90369997,Zxdc,0,0.109736117068831,-8.94697738182414,0,0.016,1
chr8-83996554-83997471,Samd1,200,0.109736117068831,-8.94723000129871,0,0.016,1
chr8-126422018-126422880,Coa6,0,0.109736117068831,-9.00221835066794,0,0.016,1
chr9-38717982-38718680,Vwa5a,0,0.109736117068831,-8.90273932522759,0,0.016,1
chr9-74952566-74953434,Fam214a,0,0.109736117068831,-8.9238299499225,0,0.016,1
chr9-119401596-119402600,Acvr2b,0,0.109736117068831,-8.93452516400589,0,0.016,1
chr9-54501412-54502463,Dmxl2,0,0.110227109227518,0.881252147983582,0.044,0.023,1
chr16-93711291-93712183,Dopey2,0,0.110430229633656,0.644506704795754,0.069,0.041,1
chr17-24849933-24850800,Fahd1,0,0.110575299790274,1.02316927982921,0.031,0.015,1
chr16-37539425-37540329,Gtf2e1,0,0.110623075606161,0.898117884484103,0.044,0.023,1
chr11-79961846-79962841,Utp6,0,0.110903390671487,1.08066462319215,0.031,0.015,1
chr1-165763348-165764215,Creg1,0,0.111067720211755,0.976285976402544,0.031,0.015,1
chr13-13954099-13954981,B3galnt2,0,0.111190309932397,0.661943782723424,0.063,0.037,1
chr11-20248975-20249921,Cep68,0,0.111232249671469,0.990653752907268,0.031,0.015,1
chr2-180170979-180171903,Adrm1,0,0.112084542454877,0.859092962058361,0.044,0.023,1
chr12-31654481-31655340,Dus4l,0,0.112804849077226,0.947173395739687,0.031,0.015,1
chr6-4086483-4087400,Bet1,0,0.112888103181241,0.847247848313933,0.044,0.023,1
chr12-102878125-102879019,Btbd7,0,0.11288810454144,0.935163321647075,0.031,0.015,1
chr5-48371973-48372872,Pacrgl,0,0.113022467335304,-2.07776927891025,0.006,0.027,1
chr7-44548445-44549481,Pold1,0,0.113198319325307,0.753135758325342,0.05,0.027,1
chr4-151044351-151045243,Per3,0,0.113388631202914,0.970102822203015,0.031,0.015,1
chr8-122281272-122282192,Zfpm1,0,0.113688322891446,-0.93765318678858,0.044,0.077,1
chr17-46202310-46203229,Polh,0,0.113890900542276,0.901500375325106,0.031,0.015,1
chr4-116463897-116464800,Mast2,0,0.114058717651897,0.885143420618617,0.031,0.015,1
chr7-92741116-92742019,Rab30,0,0.114058717651897,0.868925036688981,0.031,0.015,1
chr1-179803350-179804222,Gm10518,0,0.114304937545811,0.897547201815099,0.038,0.019,1
chr11-116086581-116087422,Wbp2,0,0.114978075768066,0.834835577140931,0.038,0.019,1
chr4-25799491-25800363,Fut9,0,0.115069688270877,0.823762351030915,0.031,0.015,1
chr4-111719578-111720446,Spata6,0,0.115579032366551,0.851609769328675,0.038,0.019,1
chr2-119208344-119209374,Zfyve19,0,0.11588043532513,0.861824218134947,0.038,0.019,1
chr6-124828976-124829688,Usp5,0,0.11597026473165,-1.54016531226217,0.019,0.045,1
chr7-24903815-24904714,Arhgef1,902,0.11640937043677,0.880233590403205,0.038,0.019,1
chr2-132781318-132782203,Chgb,39,0.116599344037814,0.789826177103788,0.031,0.015,1
chr5-96162125-96162987,Cnot6l,1183,0.116911953174146,-8.84615913544388,0,0.015,1
chr2-32875728-32876538,Fam129b,0,0.116911957771161,-8.9196838119704,0,0.015,1
chr5-148399441-148400289,Slc7a1,0,0.116911957771161,-8.8470947754081,0,0.015,1
chr7-67222091-67222988,Lysmd4,0,0.116911957771161,-8.90366030969907,0,0.015,1
chr10-59221254-59222200,Sept10,0,0.116911962368175,-8.86427827175461,0,0.015,1
chr15-38298739-38299710,Klf10,996,0.116911962368175,-9.01211363980779,0,0.015,1
chr15-58414929-58415830,D15Ertd621e,0,0.116911962368175,-8.95841643686599,0,0.015,1
chr2-23039727-23040582,Abi1,0,0.116911962368175,-8.91292512949487,0,0.015,1
chr2-38926176-38927012,Nr6a1,675,0.116911962368175,-8.92177204485607,0,0.015,1
chr2-167631637-167632518,Ube2v1,0,0.116911962368175,-8.90630855590338,0,0.015,1
chr5-31697493-31698415,Rbks,0,0.116911962368175,-8.87459216371667,0,0.015,1
chr5-34187456-34188373,Mxd4,0,0.116911962368175,-8.97302521955026,0,0.015,1
chr5-109556897-109557789,Crlf2,1203,0.116911962368175,-8.95427150092804,0,0.015,1
chr7-100227029-100227921,Pgm2l1,0,0.116911962368175,-8.9848587616264,0,0.015,1
chr9-123717232-123718149,Lztfl1,0,0.117068581511865,0.697560493060564,0.057,0.032,1
chr1-193129886-193130780,Diexf,0,0.117092229112124,0.805277476456893,0.038,0.019,1
chr4-47352695-47353569,Tgfbr1,0,0.117096439224129,0.593085842846582,0.063,0.037,1
chr16-91597363-91598233,Tmem50b,0,0.117527680075,0.732219312230345,0.044,0.023,1
chr8-45999515-46000426,Ankrd37,0,0.117935675270355,0.616134301807204,0.05,0.027,1
chr11-23306046-23306946,Usp34,0,0.117944136456654,0.703253831109471,0.044,0.023,1
chr14-72709697-72710545,Fndc3a,0,0.118100531780989,1.33069772351662,0.025,0.011,1
chr7-141413788-141414665,Pddc1,0,0.118112342160023,-2.30955734634683,0.006,0.026,1
chr18-76240998-76241859,Smad2,0,0.118817490219405,-2.24881597458289,0.006,0.026,1
chr10-117845711-117846633,Rap1b,0,0.11895891452824,-2.22578640722965,0.006,0.026,1
chr2-76672674-76673499,Fkbp7,0,0.119690802055811,1.26075361318632,0.025,0.011,1
chr14-29967909-29968807,Selk,0,0.119700311891972,0.810846912513631,0.038,0.019,1
chr1-95667300-95668239,St8sia4,0,0.119890759718792,1.24694857815916,0.025,0.011,1
chr11-68431637-68432539,Pik3r5,0,0.119890759718792,1.29498762281879,0.025,0.011,1
chr7-19309909-19310814,Fosb,0,0.120090973632632,1.19780174659462,0.025,0.011,1
chr2-35336615-35337467,Stom,0,0.120291459838472,1.2622894304849,0.025,0.011,1
chr3-58163526-58164436,1700007F19Rik,0,0.12089447500753,1.16462871896908,0.025,0.011,1
chr8-57511284-57512193,Hmgb2,0,0.12090257993245,0.63983150078732,0.057,0.032,1
chr12-65172266-65173151,Mis18bp1,0,0.121158457393446,0.759883086454356,0.05,0.028,1
chr16-17646080-17646939,Ccdc74a,0,0.121499852966538,1.19934645075427,0.025,0.011,1
chr14-122982890-122983721,Tmtc4,313,0.121628044403049,0.573372592073973,0.063,0.037,1
chr8-105347570-105348443,Fhod1,0,0.121702171616639,1.15538203309602,0.025,0.011,1
chr10-75772878-75773860,Ddt,0,0.121904748281486,1.14831456859483,0.025,0.011,1
chr6-88898192-88899176,Mcm2,0,0.122107599110123,1.12070301132277,0.025,0.011,1
chr2-39007692-39008594,Arpc5l,0,0.122310708352326,1.15516624077368,0.025,0.011,1
chr6-38551807-38552294,Luc7l2,472,0.122310708352326,1.14967938146088,0.025,0.011,1
chr12-112808424-112809329,BC022687,0,0.122514076195275,1.14508499773629,0.025,0.011,1
chr2-137117098-137117722,Jag1,453,0.122514076195275,1.06792703055436,0.025,0.011,1
chr2-166995995-166996856,Stau1,0,0.122514081523859,1.09683192735542,0.025,0.011,1
chr17-23726055-23726768,Pkmyt1,0,0.122717718823847,1.08829510215345,0.025,0.011,1
chr2-117249344-117250232,Fam98b,0,0.122717718823847,1.12372267634246,0.025,0.011,1
chr11-23007586-23008042,Fam161a,54,0.122921620451301,1.05414056336028,0.025,0.011,1
chr12-99883040-99883863,Efcab11,0,0.122921620451301,1.07207119673404,0.025,0.011,1
chr13-6547667-6548563,Pitrm1,0,0.123043463305044,-1.23976776963125,0.025,0.053,1
chr14-118132324-118133204,Tgds,0,0.123330217484069,1.09492431051501,0.025,0.011,1
chr3-90247600-90248501,Slc39a1,0,0.123330217484069,1.07146573851321,0.025,0.011,1
chr7-24972286-24973054,Rabac1,0,0.123739874211927,1.0836254841741,0.025,0.011,1
chr5-77407398-77408316,Igfbp7,0,0.123930835171404,1.63629069512553,0.019,0.007,1
chr13-93771721-93772439,Arsb,41,0.123945100457805,0.979406096262085,0.025,0.011,1
chr15-100494863-100495696,Csrnp2,0,0.124356349705006,1.02586038469899,0.025,0.011,1
chr7-126503195-126504048,Atxn2l,0,0.124356349705006,1.02888783387898,0.025,0.011,1
chr7-44304827-44305717,Clec11a,1241,0.124456057888733,-1.22807348250211,0.019,0.045,1
chr2-118813703-118814604,Knstrn,0,0.124459322785376,1.02692432042945,0.025,0.011,1
chr18-4919959-4920842,Svil,0,0.124562373102592,0.987214469833585,0.025,0.011,1
chr11-53430575-53431464,Gdf9,0,0.124600897335992,-8.89894565495345,0,0.015,1
chr12-30372924-30373843,Sntg2,0,0.124600897335992,-8.93526297757141,0,0.015,1
chr9-107612313-107613191,Gm29510,1307,0.124600897335992,-8.85014325879066,0,0.015,1
chr10-27616355-27617258,RP24-475O6.1,1026,0.124600902263421,-8.80227080916551,0,0.015,1
chr12-102439377-102440286,Lgmn,0,0.124600902263421,-8.86288008323477,0,0.015,1
chr12-111165914-111166776,Traf3,0,0.124600902263421,-8.79893327508738,0,0.015,1
chr13-105054036-105054959,Rgs7bp,0,0.124600902263421,-8.90842212329532,0,0.015,1
chr14-103099265-103099898,Fbxl3,0,0.124600902263421,-8.84720722726987,0,0.015,1
chr17-34836362-34837289,Stk19,0,0.124600902263421,-8.92965172412209,0,0.015,1
chr18-64516095-64517028,Nars,0,0.124600902263421,-8.8816317100369,0,0.015,1
chr19-10894743-10895634,Prpf19,0,0.124600902263421,-8.9382012492706,0,0.015,1
chr2-32586587-32587502,St6galnac4,0,0.124600902263421,-8.84971960420385,0,0.015,1
chr2-52424503-52425407,A430018G15Rik,0,0.124600902263421,-8.88403373682875,0,0.015,1
chr2-104711798-104712664,Tcp11l1,0,0.124600902263421,-8.9196805133314,0,0.015,1
chr2-121354818-121355759,Ppip5k1,0,0.124600902263421,-8.88998459390252,0,0.015,1
chr2-136713881-136714782,Snap25,427,0.124600902263421,-8.88538629630234,0,0.015,1
chr3-134240023-134240755,Gm26691,0,0.124600902263421,-8.8965246550256,0,0.015,1
chr3-141465077-141465748,Gm15688,0,0.124600902263421,-8.96195808958064,0,0.015,1
chr4-59805312-59806215,Snx30,0,0.124600902263421,-8.90736306712471,0,0.015,1
chr4-152177626-152178501,Acot7,0,0.124600902263421,-8.79708251748111,0,0.015,1
chr6-112273308-112274154,Lmcd1,0,0.124600902263421,-8.89472458592301,0,0.015,1
chr7-7299267-7300048,Clcn4-2,0,0.124600902263421,-8.77912776540625,0,0.015,1
chr7-38227647-38228477,Plekhf1,0,0.124600902263421,-8.87268129101121,0,0.015,1
chr7-39544115-39544968,RP23-402K24.1,1577,0.124600902263421,-8.85113424823027,0,0.015,1
chr7-121034057-121034939,Mettl9,0,0.124600902263421,-8.79350404475998,0,0.015,1
chr2-152398488-152399274,Sox12,424,0.124665479210882,0.977611602741068,0.025,0.011,1
chr3-40846331-40847230,Mfsd8,0,0.125045711618192,0.855526961898852,0.044,0.024,1
chr4-126468325-126469203,Ago1,0,0.125076834341141,-2.39669751489855,0.006,0.026,1
chr3-33799508-33800427,Ttc14,0,0.125076839909876,-2.29366916105834,0.006,0.026,1
chr4-152296777-152297660,Icmt,0,0.125076839909876,-2.39284261092962,0.006,0.026,1
chr14-65592701-65593644,Elp3,0,0.125182040766347,0.987943556217456,0.025,0.011,1
chr2-30237233-30238135,Lrrc8a,0,0.125182040766347,1.00588633515514,0.025,0.011,1
chr2-37702995-37703852,Strbp,6,0.125182040766347,0.994947872369263,0.025,0.011,1
chr7-105810699-105811602,Mrpl17,0,0.125225710125006,-2.32807666944311,0.006,0.026,1
chr12-12261798-12262618,Fam49a,0,0.125389129803631,0.933811214595793,0.025,0.011,1
chr8-119343969-119344859,Hsbp1,0,0.125389129803631,1.02857291898774,0.025,0.011,1
chr11-80428192-80429126,Psmd11,0,0.125426987029037,1.4024425007948,0.019,0.007,1
chr2-63183739-63184617,Kcnh7,0,0.125426994896671,1.50046548799505,0.019,0.007,1
chr3-35323559-35324361,Gm25442,1252,0.125426994896671,1.55902557526757,0.019,0.007,1
chr8-94838047-94838946,Coq9,0,0.125426994896671,1.47533159590221,0.019,0.007,1
chr13-37993656-37994667,Ssr1,0,0.125513251204981,0.743329175907794,0.057,0.033,1
chr4-20041674-20042524,Ggh,0,0.125840022319637,0.730584743431825,0.05,0.028,1
chr5-71700700-71701609,Gabrb1,767,0.125928830959378,1.40358101266444,0.019,0.007,1
chr7-31077478-31078414,Fxyd3,773,0.125928830959378,1.43503971984813,0.019,0.007,1
chr7-45714871-45715760,Rpl18,0,0.125928830959378,1.41712435538216,0.019,0.007,1
chr6-81923384-81924301,Gcfc2,0,0.125947096154834,1.13842711617919,0.031,0.015,1
chr3-145118200-145119103,Odf2l,0,0.126118658682417,0.60017550758929,0.069,0.042,1
chr8-13757265-13758087,Cdc16,0,0.126180326949697,1.45487971213705,0.019,0.007,1
chr11-80080580-80081420,Crlf3,0,0.126180334838401,1.43265821876586,0.019,0.007,1
chr18-36280653-36281578,Pura,0,0.126220156964532,0.877166558913999,0.025,0.011,1
chrX-95657974-95658875,Zc4h2,0,0.126220156964532,0.995640956203905,0.025,0.011,1
chr18-24428867-24429692,Mir187,0,0.126432229746474,1.35760338272565,0.019,0.007,1
chr6-72379972-72380816,Vamp5,0,0.126432229746474,1.39181282605897,0.019,0.007,1
chr19-12501502-12502384,Dtx4,0,0.12648338843945,1.13399099267153,0.031,0.015,1
chr1-24099989-24100857,RP23-255J24.2,0,0.126491843897237,0.815534430539566,0.044,0.024,1
chr9-92541856-92542656,Plod2,0,0.126532890297741,0.858445877250625,0.025,0.011,1
chr1-40085442-40086334,Gm16894,0,0.126684516031213,1.39067976875167,0.019,0.007,1
chr11-52396291-52397080,9530068E07Rik,0,0.126684516031213,1.40412797416376,0.019,0.007,1
chr6-82774005-82774924,Hk2,0,0.126841899290164,1.10671617641618,0.031,0.015,1
chr8-31111371-31112217,Rnf122,0,0.126872479438358,-2.04721543340402,0.006,0.026,1
chr11-69933870-69934672,Ybx2,1123,0.126937194039968,1.36752933061091,0.019,0.007,1
chr17-74717326-74718196,Ttc27,0,0.127035770717232,1.00909000003838,0.038,0.02,1
chr11-4594365-4595259,Mtmr3,0,0.127190264119821,1.36702663340528,0.019,0.007,1
chr15-97705321-97706206,Rpap3,0,0.127190264119821,1.3437672078232,0.019,0.007,1
chr16-93682666-93683512,Cbr3,0,0.127190264119821,1.31876450814999,0.019,0.007,1
chr16-3908476-3909362,1700037C18Rik,0,0.127365749220811,0.842599565752347,0.044,0.024,1
chr19-3388638-3389436,Mtl5,0,0.127365751849135,0.740562716315875,0.044,0.024,1
chr10-66921034-66921934,Gm26576,131,0.127443726617579,1.31027955852913,0.019,0.007,1
chr2-62807118-62807964,Gm13569,1222,0.127443726617579,1.43368704234796,0.019,0.007,1
chr12-70937400-70938280,Actr10,0,0.127516472618249,0.959004035649839,0.038,0.02,1
chr1-42491278-42492165,RP23-480H8.1,0,0.127697581879779,1.31197920440806,0.019,0.007,1
chr7-114635429-114636335,Calca,21,0.127697581879779,1.30332217378993,0.019,0.007,1
chr9-87143938-87144905,Mrap2,0,0.127697581879779,1.32454398749405,0.019,0.007,1
chr4-86053418-86054305,Adamtsl1,0,0.127922194634662,1.07298199373096,0.031,0.015,1
chr7-56049682-56050559,Herc2,0,0.127929164342569,-1.92044560044018,0.006,0.026,1
chr16-63863801-63864632,Epha3,0,0.127951830252683,1.28567556953178,0.019,0.007,1
chr18-37171976-37172902,RP23-72C14.15,0,0.127951830252683,1.28520727416569,0.019,0.007,1
chr6-41556170-41557076,Trbv31,1375,0.127951830252683,1.26633635274001,0.019,0.007,1
chr9-73970554-73971472,Unc13c,1587,0.127951830252683,1.23554761088575,0.019,0.007,1
chrX-77795592-77796525,Prkx,0,0.127951830252683,1.14295628006414,0.019,0.007,1
chr19-18631419-18632287,Ostf1,0,0.12819910675824,0.686265962679257,0.05,0.028,1
chr17-26069150-26070046,Rab11fip3,0,0.128206472082277,1.21336238234023,0.019,0.007,1
chr18-36678969-36679869,Slc35a4,0,0.128206472082277,1.19459562623963,0.019,0.007,1
chr4-46388834-46389735,5830415F09Rik,0,0.128206472082277,1.29698340853838,0.019,0.007,1
chr13-56135261-56136107,H2afy,253,0.128461507714271,1.21259541767408,0.019,0.007,1
chr1-54925948-54926821,Ankrd44,0,0.128482113757418,0.960714829232242,0.038,0.02,1
chr14-99045797-99046695,Mzt1,0,0.128642351633726,0.720535751270827,0.057,0.033,1
chr1-167393666-167394594,Mgst3,0,0.128646354498054,0.980215171603064,0.031,0.015,1
chr2-29253293-29254152,6530402F18Rik,286,0.128716937494093,1.23430725421757,0.019,0.007,1
chr6-99666299-99667186,Eif4e3,0,0.128716937494093,1.08011224681651,0.019,0.007,1
chr11-78300963-78301970,Spag5,0,0.128972761766895,1.21679754958,0.019,0.007,1
chr12-33109314-33110213,Gm16267,1748,0.128972761766895,1.25622131558204,0.019,0.007,1
chr6-97616974-97617861,Frmd4b,0,0.128972761766895,1.26991337301146,0.019,0.007,1
chr9-107635041-107635936,Gnai2,0,0.128972761766895,1.22465193356763,0.019,0.007,1
chr4-101646946-101647877,Leprot,0,0.129053319695965,-0.756721044436464,0.044,0.078,1
chr17-7169488-7170398,Rps6ka2,0,0.129127652410981,0.830063885070583,0.044,0.024,1
chr8-107030798-107031681,Gm16208,0,0.129127652410981,0.806399122509409,0.044,0.024,1
chr10-122678713-122679537,Ppm1h,0,0.129228980877545,1.20364936330357,0.019,0.007,1
chr10-127211253-127212178,Pip4k2c,0,0.129228980877545,1.11468198380619,0.019,0.007,1
chr3-34080819-34081805,DNAJC19,0,0.129228980877545,1.18439361014276,0.019,0.007,1
chr3-95754411-95755320,Tars2,0,0.129228980877545,1.2611765300101,0.019,0.007,1
chr8-79680338-79681191,Tpd52-ps,0,0.129228980877545,1.17157588228435,0.019,0.007,1
chr2-30473858-30474683,Ier5l,0,0.129485595170627,1.11403970173385,0.019,0.007,1
chr7-107757642-107758558,Cyb5r2,0,0.129485595170627,1.10429633392431,0.019,0.007,1
chr9-89704575-89705425,Tmed3,0,0.129669245962372,0.678953652006721,0.063,0.038,1
chr8-77548995-77549892,Prmt10,0,0.129719141330326,0.73527031497899,0.044,0.024,1
chr12-108792451-108793333,Yy1,0,0.129738562521283,0.972297923623439,0.031,0.015,1
chr14-55759946-55760816,Ltb4r2,611,0.129742597004061,1.09056119092236,0.019,0.007,1
chr18-23751303-23752004,Gm15972,300,0.129742604990442,1.13302922063903,0.019,0.007,1
chr4-40757398-40758304,Smu1,0,0.129742604990442,1.18428309893705,0.019,0.007,1
chr13-65112473-65113344,Hiatl1,0,0.129793217162128,0.784402806632588,0.044,0.024,1
chr11-121701963-121702844,Metrnl,418,0.129921295068587,0.988625932410796,0.031,0.015,1
chr11-70409641-70410581,Pelp1,0,0.130000010681005,1.2333285079264,0.019,0.007,1
chr17-56276415-56277307,Ticam1,0,0.130000010681005,1.15099178785546,0.019,0.007,1
chr5-134932061-134932852,Wbscr27,0,0.130000010681005,1.2028129261878,0.019,0.007,1
chrX-129749356-129750192,Diap2,0,0.13025781258604,0.980871515173581,0.019,0.007,1
chr13-69534282-69535203,Papd7,442,0.130430433514469,0.886640693155968,0.038,0.02,1
chr7-4684629-4685540,Hspbp1,0,0.130516011048986,1.03250978581514,0.019,0.007,1
chr13-80962659-80963502,9330111N05Rik,0,0.130562424524695,0.991234157986693,0.031,0.015,1
chr18-50127865-50128758,Hsd17b4,0,0.130593826142948,0.866890732091106,0.038,0.02,1
chr6-118138763-118139687,Csgalnact2,0,0.130908427541499,0.739464730086076,0.044,0.024,1
chr10-121586377-121587263,Tbk1,0,0.130929893359768,0.975757411899813,0.031,0.015,1
chr1-39367314-39368200,Rpl31,0,0.131206021993797,0.959413892997423,0.031,0.015,1
chr8-4275553-4276733,Timm44,0,0.131292989215283,1.02805580520327,0.019,0.007,1
chr3-41082841-41083735,Pgrmc2,0,0.131346948583099,0.630540441323236,0.063,0.038,1
chr4-116807162-116808086,Toe1,0,0.131413156127903,0.907121449087848,0.038,0.02,1
chrX-134686065-134686953,Armcx4,0,0.131552777338401,1.06228122332535,0.019,0.007,1
chr6-33248638-33249518,Exoc4,0,0.131574890221345,0.964192920933428,0.031,0.015,1
chr9-56041460-56042331,Rcn2,0,0.131944557697169,0.952862323620153,0.031,0.015,1
chr3-32736476-32737355,Ndufb5,0,0.132315037568966,0.96578376526904,0.031,0.015,1
chr1-93803602-93804421,Ing5,0,0.132406906765955,0.670741198729662,0.044,0.024,1
chrX-49287825-49288720,Enox2,0,0.132471723725422,-2.49638182044341,0.006,0.025,1
chr1-170214895-170215723,Uhmk1,0,0.132593414698978,0.962542615901068,0.031,0.015,1
chr10-58446374-58447314,Ranbp2,0,0.132846046347398,-8.77183785482719,0,0.014,1
chr10-67912126-67912993,Zfp365,0,0.132846046347398,-8.81784475825958,0,0.014,1
chr12-11149172-11150055,Kcns3,786,0.132846046347398,-8.85710390915075,0,0.014,1
chr2-18671886-18672778,Commd3,0,0.132846046347398,-8.83712467643454,0,0.014,1
chr2-121288988-121290005,Map1a,0,0.132846046347398,-8.8995163019982,0,0.014,1
chr5-24423200-24424104,Cdk5,0,0.132846046347398,-8.82145967604149,0,0.014,1
chr8-71381579-71382441,Nr2f6,0,0.132846046347398,-8.73012843482554,0,0.014,1
chr8-121850813-121851639,Gm26812,618,0.132846046347398,-8.75172902671247,0,0.014,1
chr1-181841982-181842834,Lbr,211,0.132846051633285,-8.78370084050537,0,0.014,1
chr10-112271400-112272412,Kcnc2,276,0.132846051633285,-8.77625490148072,0,0.014,1
chr11-59163022-59163957,Iba57,0,0.132846051633285,-8.76329168169904,0,0.014,1
chr11-73047293-73048225,1200014J11Rik,0,0.132846051633285,-8.71233307678627,0,0.014,1
chr15-74708880-74709767,4933427E11Rik,0,0.132846051633285,-8.71169890981243,0,0.014,1
chr15-79030448-79031326,Gcat,0,0.132846051633285,-8.81814652234881,0,0.014,1
chr17-32536157-32537007,Cyp4f16,0,0.132846051633285,-8.82205475576683,0,0.014,1
chr17-35861012-35861899,Nrm,0,0.132846051633285,-8.80083055570556,0,0.014,1
chr19-7341339-7342176,Mark2,0,0.132846051633285,-8.77882074159619,0,0.014,1
chr19-7493973-7494851,Atl3,0,0.132846051633285,-8.84851012372533,0,0.014,1
chr19-60811198-60812080,Fam45a,0,0.132846051633285,-8.83541758521803,0,0.014,1
chr2-120027124-120028011,Gm28042,0,0.132846051633285,-8.79626529192399,0,0.014,1
chr3-29082386-29083172,Egfem1,362,0.132846051633285,-8.79773143367371,0,0.014,1
chr3-88552596-88553236,Lamtor2,0,0.132846051633285,-8.76575791768739,0,0.014,1
chr3-105052653-105053533,Cttnbp2nl,0,0.132846051633285,-8.90539843662788,0,0.014,1
chr5-122707323-122708261,P2rx4,0,0.132846051633285,-8.75323554450673,0,0.014,1
chr5-135994511-135995363,Dtx2,0,0.132846051633285,-8.74433685073382,0,0.014,1
chr7-107594631-107595494,Ppfibp2,0,0.132846051633285,-8.78917883419564,0,0.014,1
chr9-50767899-50768809,Fdxacb1,0,0.132846051633285,-8.812049515649,0,0.014,1
chr9-103761449-103762368,Tmem108,0,0.132872261459929,0.882335424671307,0.031,0.015,1
chr6-43665744-43666627,Tpk1,0,0.132955525478748,0.516683397190843,0.082,0.052,1
chr1-44102042-44102940,Tex30,0,0.133063761690571,0.815408483520773,0.038,0.02,1
chr6-29767873-29768781,Ahcyl2,0,0.133244744107939,0.905822766184478,0.031,0.015,1
chr3-40744859-40745737,Hspa4l,363,0.133312350829408,0.712519587296231,0.044,0.024,1
chr4-132767767-132768663,Rpa2,0,0.133431296402617,0.879610145421698,0.031,0.015,1
chr4-43045448-43046414,Gm26881,0,0.133431300478738,0.916709923309371,0.031,0.015,1
chr9-70542264-70543174,Sltm,0,0.133431300478738,0.849601173741332,0.031,0.015,1
chr14-45219113-45220024,Gpr137c,0,0.133432481459455,-1.48220849965014,0.013,0.035,1
chr9-36767329-36768244,Stt3a,0,0.133432485672678,-1.45992133798779,0.013,0.035,1
chr2-85036858-85037696,Ssrp1,0,0.133618050748276,0.875956185175884,0.031,0.015,1
chr15-36282712-36283568,Rnf19a,0,0.134211868216473,-2.14017830694867,0.006,0.025,1
chr11-17953401-17954248,Etaa1os,0,0.134228704842509,0.853735414581013,0.038,0.02,1
chr9-63602119-63603018,Iqch,0,0.134228708083228,0.836914010817555,0.038,0.02,1
chr1-38987210-38988109,Pdcl3,1601,0.134679486995766,0.651432124661816,0.044,0.024,1
chr5-96997134-96998051,Bmp2k,0,0.134930966030406,0.870641610886037,0.031,0.015,1
chr1-13660187-13660863,Lactb2,0,0.13568567346324,0.732477732413711,0.031,0.015,1
chr19-42128671-42129571,Avpi1,0,0.135874857744528,0.778594491576026,0.031,0.015,1
chr8-40307470-40308341,Mir7666,0,0.135977975296455,-1.80980577639944,0.013,0.034,1
chr10-69352532-69353346,Cdk1,0,0.136774471486097,-1.89407264336618,0.006,0.025,1
chr3-146404241-146405108,Ssx2ip,0,0.136921039590949,0.750940257238472,0.038,0.02,1
chr6-34910483-34911339,Wdr91,0,0.138226453908073,0.600580876774081,0.063,0.038,1
chr8-60889869-60890784,2700029M09Rik,0,0.140807854813962,0.812958505877303,0.044,0.024,1
chr18-12236147-12236866,Npc1,0,0.141160348906146,-2.52406884598013,0.006,0.024,1
chr6-57535237-57536122,Ppm1k,0,0.141327685749791,-2.19519049769704,0.006,0.024,1
chr2-86464443-86465322,Olfr1069-ps1,0,0.141662816724272,-2.2752063227998,0.006,0.024,1
chr1-162313354-162314263,Gm16101,1828,0.141695182250363,-8.70786662436737,0,0.013,1
chr11-114795735-114796557,Btbd17,0,0.141695182250363,-8.79681453356334,0,0.013,1
chr1-42950881-42951924,Gpr45,947,0.141695187925831,-8.72362903922395,0,0.013,1
chr1-79761292-79762147,RP23-295C23.2,569,0.141695187925831,-8.62639929843251,0,0.013,1
chr12-77238403-77239231,Fut8,298,0.141695187925831,-8.65779842981285,0,0.013,1
chr12-112950062-112950972,Gm26583,0,0.141695187925831,-8.75389614022527,0,0.013,1
chr13-55104889-55105768,Zfp346,0,0.141695187925831,-8.82302652577454,0,0.013,1
chr16-34690081-34691084,Ccdc14,0,0.141695187925831,-8.7566919368639,0,0.013,1
chr17-79020279-79021125,Prkd3,0,0.141695187925831,-8.77402786194108,0,0.013,1
chr18-56707157-56708057,Lmnb1,0,0.141695187925831,-8.81135186018756,0,0.013,1
chr19-29047618-29048487,Ak3,0,0.141695187925831,-8.64619464237362,0,0.013,1
chr19-30029936-30030864,Uhrf2,0,0.141695187925831,-8.71119024129513,0,0.013,1
chr2-37422534-37423387,Rc3h2,0,0.141695187925831,-8.74743790153491,0,0.013,1
chr2-155691838-155692739,Trpc4ap,0,0.141695187925831,-8.67447891898661,0,0.013,1
chr3-88553351-88554012,Ubqln4,0,0.141695187925831,-8.80018899717449,0,0.013,1
chr4-116557000-116557857,Gpbp1l1,0,0.141695187925831,-8.72673178595073,0,0.013,1
chr4-119415063-119415954,Ccdc30,0,0.141695187925831,-8.74927154032026,0,0.013,1
chr5-30887858-30888639,Agbl5,54,0.141695187925831,-8.6849999157237,0,0.013,1
chr5-106574289-106575203,Gm28050,0,0.141695187925831,-8.72263916563665,0,0.013,1
chr6-13607403-13608319,Tmem168,0,0.141695187925831,-8.75899443739563,0,0.013,1
chr7-13037749-13038632,Ube2m,0,0.141695187925831,-8.57103055847144,0,0.013,1
chr7-28013694-28014617,Zfp850,0,0.141695187925831,-8.79674900465086,0,0.013,1
chr7-45128510-45129434,Snord32a,1045,0.141695187925831,-8.77971988839885,0,0.013,1
chr7-81934001-81934826,Hdgfrp3,0,0.141695187925831,-8.77540774062308,0,0.013,1
chr8-75212650-75213533,Rasd2,410,0.141695187925831,-8.72782511837798,0,0.013,1
chr9-59352947-59353816,Bbs4,0,0.141695187925831,-8.80092750643964,0,0.013,1
chr5-142463445-142464317,Ap5z1,0,0.141830611004233,-2.12235999239728,0.006,0.024,1
chr10-100487014-100487909,Tmtc3,0,0.142112452945943,0.434903794607668,0.082,0.052,1
chr7-135537301-135538245,Ptpre,0,0.1435535210972,1.28540983575857,0.025,0.012,1
chr3-69721610-69722457,Nmd3,0,0.143856068587575,-1.97984157591297,0.006,0.024,1
chr17-44776718-44777598,Supt3,0,0.146034773958578,0.727107916616852,0.044,0.024,1
chr1-189921880-189922723,Smyd2,0,0.146045832055606,1.11458115563519,0.025,0.012,1
chr3-90213307-90214197,Rps27,0,0.146045832055606,1.1907727133045,0.025,0.012,1
chr2-130273863-130274763,Nop56,0,0.146195452797696,0.710341609496938,0.044,0.024,1
chr17-22423757-22424666,Zfp946,0,0.146274037837815,1.17995266065621,0.025,0.012,1
chr8-120113517-120114423,6430548M08Rik,0,0.146359610209637,-1.36951443404187,0.019,0.042,1
chr16-42875077-42875991,4932412D23Rik,0,0.146404708873855,0.592038329370888,0.069,0.043,1
chr10-5823722-5824635,Mtrf1l,0,0.146467995783458,0.520034143832031,0.075,0.048,1
chr1-105663317-105664200,2310035C23Rik,0,0.14675990470254,-1.52085867516011,0.013,0.034,1
chr18-32376738-32377610,Bin1,0,0.146763335953431,-1.73541161176747,0.006,0.024,1
chr15-78428477-78429204,Kctd17,0,0.146960292398716,1.11028594415795,0.025,0.012,1
chr9-77754204-77755059,Gclc,0,0.146960292398716,1.01946632464162,0.025,0.012,1
chr11-3266043-3266952,Drg1,0,0.147419155976253,1.07563269556977,0.025,0.012,1
chr7-13009365-13010136,Zbtb45,0,0.14741916149612,1.0995269002877,0.025,0.012,1
chr15-102624891-102625742,Gm28047,0,0.147805300371716,0.868866058870297,0.038,0.02,1
chr13-59822701-59823570,Zcchc6,0,0.147879125033346,1.05289572217607,0.025,0.012,1
chr8-105827015-105827918,Ranbp10,0,0.148080171850144,0.611236954568872,0.05,0.029,1
chr17-30612122-30612992,Glo1,0,0.148109517643125,1.09251273402925,0.025,0.012,1
chr17-35516553-35517479,Tcf19,0,0.148109517643125,0.997239316944441,0.025,0.012,1
chr3-45377877-45378776,2610316D01Rik,0,0.148109517643125,1.04305509842449,0.025,0.012,1
chr15-34494791-34495701,Hrsp12,0,0.148340184374005,1.04507002275392,0.025,0.012,1
chr9-82829485-82830420,Irak1bp1,0,0.148340184374005,1.05033835277378,0.025,0.012,1
chr1-65282538-65283438,Pth2r,481,0.148571119858983,1.05730908984242,0.025,0.012,1
chr8-106149884-106150792,Pla2g15,0,0.148571125396018,1.05343210256329,0.025,0.012,1
chr11-26386898-26387778,Fancl,762,0.148677937124883,-1.40961334917559,0.013,0.034,1
chr3-87616944-87617852,Gm24109,0,0.148802340879027,1.05389848415319,0.025,0.012,1
chr7-122101469-122102367,Ndufab1,0,0.148802340879027,1.1059662755707,0.025,0.012,1
chr2-19657293-19658145,Otud1,0,0.148947729990018,0.696702209346349,0.044,0.024,1
chr5-34169161-34170082,Haus3,0,0.149033825448846,1.07499227636356,0.025,0.012,1
chr5-69341265-69342153,Kctd8,0,0.149110852506975,0.694613654647075,0.044,0.024,1
chr1-180255853-180256710,RP23-226J18.5,0,0.149119901894898,0.93797542686191,0.031,0.016,1
chr16-10786126-10787010,Socs1,589,0.149119901894898,1.01383677212401,0.031,0.016,1
chr14-8172639-8173560,Pdhb,0,0.149296675007039,0.761603382344929,0.05,0.029,1
chr19-10688319-10689206,Vps37c,0,0.149497635790113,1.0322238315007,0.025,0.012,1
chr6-42324420-42324989,Fam131b,0,0.149497635790113,0.966373613235305,0.025,0.012,1
chr2-14055677-14056335,Ptpla,0,0.14972096667292,1.00764287903989,0.031,0.016,1
chr11-47988696-47989538,Sgcd,0,0.149729950812339,0.900765352764951,0.025,0.012,1
chr12-69296137-69297068,Klhdc2,0,0.149729950812339,0.960988479923996,0.025,0.012,1
chr4-141147357-141148252,Fbxo42,0,0.149729950812339,0.96703033090219,0.025,0.012,1
chr16-26581197-26582117,Il1rap,0,0.149730424095977,-2.53048277011677,0.006,0.024,1
chrX-50634970-50635882,Firre,0,0.149921737316173,0.987575880720651,0.031,0.016,1
chr3-95588355-95589251,Golph3l,0,0.149962541142324,0.888955017382994,0.025,0.012,1
chr11-60045934-60046883,Pemt,0,0.150048234542042,0.72009055455875,0.05,0.029,1
chr16-56075262-56076080,Senp7,0,0.150195401387978,0.953573534216458,0.025,0.012,1
chr14-105258433-105259241,Ndfip2,0,0.150424547768308,0.961143715975005,0.031,0.016,1
chr7-141122882-141123766,Ptdss2,499,0.150428548400749,0.935779705916745,0.025,0.012,1
chr9-90114391-90115246,Morf4l1,0,0.150428548400749,0.918216411348436,0.025,0.012,1
chr1-86359074-86359958,C130036L24Rik,0,0.150500550936041,0.744046800741945,0.05,0.029,1
chr8-71610649-71611510,Colgalt1,0,0.15052526894436,1.03606167953715,0.031,0.016,1
chrX-104413285-104414148,Abcb7,0,0.150661965666349,0.943017309462713,0.025,0.012,1
chr4-46488870-46489738,Nans,0,0.150847261518024,0.804952557808681,0.038,0.02,1
chr18-63386488-63387389,Piezo2,0,0.151129628311914,0.979659155851298,0.025,0.012,1
chr10-79908216-79909113,Med16,0,0.151201437404755,-8.64909967838189,0,0.013,1
chr15-102203169-102204081,Zfp740,0,0.151201437404755,-8.68741166311406,0,0.013,1
chr1-89454286-89455201,Agap1,0,0.151201443504479,-8.61372849285453,0,0.013,1
chr1-128243887-128244672,Ubxn4,0,0.151201443504479,-8.60218688790082,0,0.013,1
chr10-34297025-34297909,Tspyl4,0,0.151201443504479,-8.75449670998796,0,0.013,1
chr11-9117270-9118216,Upp1,0,0.151201443504479,-8.66829435094153,0,0.013,1
chr11-22859307-22860210,RP23-242C19.8,0,0.151201443504479,-8.63931905593823,0,0.013,1
chr12-100187153-100188074,Gm10433,0,0.151201443504479,-8.6518826419817,0,0.013,1
chr13-58128421-58129287,Hnrnpa0,0,0.151201443504479,-8.69091493209142,0,0.013,1
chr15-81802292-81803128,Tef,0,0.151201443504479,-8.60167260820165,0,0.013,1
chr17-65950801-65951699,Twsg1,0,0.151201443504479,-8.69602741904614,0,0.013,1
chr18-7868485-7869394,Wac,0,0.151201443504479,-8.69447946659181,0,0.013,1
chr18-31788663-31789574,Gm26533,0,0.151201443504479,-8.63719485729149,0,0.013,1
chr18-37851840-37852732,Mir6979,1927,0.151201443504479,-8.72105541563023,0,0.013,1
chr19-34290108-34291046,Fas,0,0.151201443504479,-8.66299510734794,0,0.013,1
chr2-14603912-14604800,Gm10849,0,0.151201443504479,-8.60404932986337,0,0.013,1
chr3-105704155-105704889,Fam212b,0,0.151201443504479,-8.53996177627137,0,0.013,1
chr4-11929147-11930038,Gm22477,722,0.151201443504479,-8.70716140874118,0,0.013,1
chr4-114986617-114987535,Cmpk1,0,0.151201443504479,-8.67306981737333,0,0.013,1
chr5-72647425-72648329,Nipal1,0,0.151201443504479,-8.65003471370059,0,0.013,1
chr5-106696088-106696932,Gm28039,0,0.151201443504479,-8.66469613596827,0,0.013,1
chr5-124351968-124352839,Cdk2ap1,1831,0.151201443504479,-8.72145126835985,0,0.013,1
chr5-139251819-139252482,Get4,0,0.151201443504479,-8.59988613804789,0,0.013,1
chr6-115676211-115677093,Raf1,0,0.151201443504479,-8.7026508495609,0,0.013,1
chr6-119174942-119175789,Dcp1b,0,0.151201443504479,-8.66612293527608,0,0.013,1
chr7-88277680-88278557,Ctsc,0,0.151201443504479,-8.66580353105956,0,0.013,1
chr7-105580983-105581872,Apbb1,0,0.151201443504479,-8.65889374272804,0,0.013,1
chr7-141561656-141562559,Ap2a2,0,0.151201443504479,-8.77148763411844,0,0.013,1
chr8-22653094-22653957,Polb,0,0.151201443504479,-8.62541682530606,0,0.013,1
chr8-23256564-23257350,Golga7,0,0.151201443504479,-8.5228449878511,0,0.013,1
chr8-70776521-70777440,Pik3r2,0,0.151201443504479,-8.64385239830287,0,0.013,1
chrX-52790735-52791651,Ccdc160,0,0.151201443504479,-8.62451809008222,0,0.013,1
chrX-136171801-136172590,Tceal8,0,0.151201443504479,-8.66373000821089,0,0.013,1
chr1-43730303-43731178,1500015O10Rik,0,0.151598396230054,0.9528028983973,0.025,0.012,1
chr10-127739115-127739969,Zbtb39,0,0.151598396230054,0.994071148249216,0.025,0.012,1
chr13-106936586-106937493,Ipo11,0,0.151636547573767,0.92944042549485,0.031,0.016,1
chr1-161070344-161071251,Cenpl,0,0.151750979836417,0.789886756202024,0.038,0.02,1
chr2-128943517-128944428,Zc3h8,0,0.151940710651862,0.951644471802396,0.031,0.016,1
chr3-104511538-104512458,Lrig2,0,0.152046346816922,-1.97098459517568,0.006,0.024,1
chr4-126096238-126097091,Lsm10,0,0.152068270762414,0.891601606385347,0.025,0.012,1
chr17-36763966-36764858,Gm8878,1542,0.152539253247818,0.934851453572723,0.025,0.012,1
chr17-31855494-31856378,Sik1,0,0.152550421790422,0.903265386574406,0.031,0.016,1
chr14-87140808-87141699,Diap3,0,0.152563876311514,0.703374563820497,0.063,0.039,1
chr1-54438510-54439415,Gtf3c3,0,0.152734142352906,0.624563050065722,0.044,0.024,1
chr4-127243350-127244228,Smim12,0,0.152754072060996,0.919980697010041,0.031,0.016,1
chr15-100468564-100469501,5330439K02Rik,0,0.152775160390516,0.847458871220351,0.025,0.012,1
chr3-94786126-94787019,Cgn,0,0.153570767612415,0.744293732293681,0.038,0.02,1
chr4-141139353-141140215,Szrd1,0,0.15372156551622,0.752666208305969,0.025,0.012,1
chr6-122391656-122392582,1700063H04Rik,276,0.153775427421777,0.925672829504486,0.031,0.016,1
chr3-27182441-27183338,Nceh1,0,0.15393671215739,0.739482679341531,0.038,0.02,1
chr11-104550181-104551100,Myl4,0,0.154119931129882,0.735078240401195,0.038,0.02,1
chr16-84834618-84835436,Gabpa,0,0.154185420099464,0.804813139814229,0.031,0.016,1
chr2-32775200-32776125,Ptrh1,0,0.154211599398401,0.749568099469701,0.038,0.02,1
chr8-104534155-104535032,Nae1,0,0.154434283774903,0.776214417312863,0.025,0.012,1
chr17-69416915-69417778,C030034I22Rik,0,0.154801965925664,0.816798634530174,0.031,0.016,1
chr6-134566661-134567405,Lrp6,0,0.154882774069788,1.85954010983813,0.013,0.004,1
chr11-72689743-72690601,Ankfy1,0,0.155072767135345,1.8446345344436,0.013,0.004,1
chr2-153224916-153225794,Tspyl3,0,0.155072767135345,1.77792238423799,0.013,0.004,1
chr6-51432266-51433211,Nfe2l3,0,0.155072767135345,1.68324901783993,0.013,0.004,1
chr10-82629391-82630315,Tdg,0,0.155214031392861,0.743388411681223,0.031,0.016,1
chr10-43540558-43541455,1700021F05Rik,0,0.15521403559052,0.879910126899977,0.031,0.016,1
chr5-139149559-139150459,Prkar1b,0,0.155235561279949,-1.47349113558824,0.013,0.033,1
chr1-44745702-44746408,4930521E06Rik,752,0.15545328411506,1.8020744517054,0.013,0.004,1
chr10-97565058-97566018,Lum,0,0.15545328411506,1.73530576023399,0.013,0.004,1
chr7-28168272-28169067,Fbl,680,0.15545328411506,1.67518609864253,0.013,0.004,1
chr2-143853193-143854011,Rps13-ps6,1637,0.155834509447075,1.7719307669591,0.013,0.004,1
chr7-45814038-45814941,Cyth2,0,0.155925945646738,0.817486544863666,0.05,0.03,1
chr1-192854561-192855320,Gm15867,0,0.156216443795343,1.64395968616966,0.013,0.004,1
chr14-79397438-79398354,Mtrf1,0,0.156216443795343,1.71380262413513,0.013,0.004,1
chr16-93607434-93608301,Cbr1,0,0.156216443795343,1.83851992171423,0.013,0.004,1
chr9-78821353-78822241,Gm8116,0,0.156216443795343,1.73373657020403,0.013,0.004,1
chr10-80248872-80249743,Ndufs7,0,0.156599087822618,1.64006324519557,0.013,0.004,1
chr11-94521132-94522034,Mycbpap,0,0.156599087822618,1.48097996757373,0.013,0.004,1
chr14-114820594-114821509,RP23-36O24.1,0,0.156599087822618,1.80197016795839,0.013,0.004,1
chr16-33829463-33830277,Itgb5,0,0.156599087822618,1.43630045948236,0.013,0.004,1
chr16-35154146-35155003,Adcy5,0,0.156599087822618,1.51947403193262,0.013,0.004,1
chr19-17835288-17836147,Pcsk5,1484,0.156599087822618,1.64339208034843,0.013,0.004,1
chr2-26902521-26903457,Surf6,0,0.156599087822618,1.64211765355845,0.013,0.004,1
chr4-81694784-81695727,Gm11411,713,0.156599087822618,1.54706809676779,0.013,0.004,1
chr7-143296201-143297074,Kcnq1ot1,0,0.156599087822618,1.58742281695894,0.013,0.004,1
chr8-123235808-123236617,Spata2l,0,0.156599087822618,1.50089739913377,0.013,0.004,1
chr17-40934185-40935081,Mut,0,0.156892443660596,0.630778529272859,0.057,0.034,1
chr10-117628988-117629869,Cpm,0,0.15698244219045,1.55853323471637,0.013,0.004,1
chr11-6267321-6268189,Ddx56,0,0.15698244219045,1.55001896194344,0.013,0.004,1
chr13-64162796-64163445,Habp4,929,0.15698244219045,1.474772016233,0.013,0.004,1
chr13-72628282-72629165,Irx2,0,0.15698244219045,1.38615139912484,0.013,0.004,1
chr17-56183492-56184270,D17Wsu104e,0,0.15698244219045,1.64207248972596,0.013,0.004,1
chr2-6884749-6885633,Gm13389,478,0.15698244219045,1.43653457838158,0.013,0.004,1
chr6-71823376-71824196,Mrpl35,0,0.15698244219045,1.54818036302331,0.013,0.004,1
chr8-125669571-125670437,Map10,0,0.15698244219045,1.55467400435245,0.013,0.004,1
chr9-107355725-107356646,RP23-115A1.12,1738,0.15698244219045,1.52263687075962,0.013,0.004,1
chr3-7503013-7503902,Zc2hc1a,0,0.15705219955247,-1.10695898833102,0.019,0.042,1
chr15-77306469-77307396,Rbfox2,0,0.157078660787574,0.845653018933362,0.031,0.016,1
chr10-10471974-10472895,Adgb,0,0.157286885062796,0.800265661064957,0.031,0.016,1
chr11-97660060-97660657,Gm24158,0,0.157366507559182,1.4907340304335,0.013,0.004,1
chr12-11221366-11222281,RP23-141H24.1,0,0.157366507559182,1.46523574324473,0.013,0.004,1
chr16-31274849-31275686,Ppp1r2,0,0.157366507559182,1.52154724089017,0.013,0.004,1
chr17-34897978-34898888,C2,0,0.157366507559182,1.53244473315274,0.013,0.004,1
chr4-109279787-109280649,Eps15,0,0.157366507559182,1.45622941270499,0.013,0.004,1
chr6-21984794-21985430,Cped1,485,0.157366507559182,1.45956010242868,0.013,0.004,1
chr9-78442816-78443579,Mb21d1,0,0.157366507559182,1.48349061737539,0.013,0.004,1
chrX-94674669-94675509,Gm5402,1548,0.157366507559182,1.56448193911665,0.013,0.004,1
chrX-112601380-112602265,Zfp711,853,0.157366507559182,1.40689181027725,0.013,0.004,1
chr4-24850604-24851512,Klhl32,0,0.157703961094358,0.70480200325643,0.031,0.016,1
chr1-10057687-10058471,RP23-228G18.5,0,0.157751284587938,1.46899534388614,0.013,0.004,1
chr1-191991838-191992726,WI1-2736D10.3,134,0.157751284587938,1.38285007374065,0.013,0.004,1
chr11-3931530-3932385,Tcn2,0,0.157751284587938,1.4225739027186,0.013,0.004,1
chr14-79769386-79770247,RP24-317P2.2,0,0.157751284587938,1.52924013286462,0.013,0.004,1
chr3-60535050-60535967,RP23-349H13.2,0,0.157751284587938,1.41674631291662,0.013,0.004,1
chr5-34636896-34637342,Mfsd10,0,0.157751284587938,1.45757961228404,0.013,0.004,1
chr5-70841842-70842653,Gabrg1,0,0.157751284587938,1.44987965823601,0.013,0.004,1
chr5-92506385-92507072,Scarb2,776,0.157751284587938,1.35016598645275,0.013,0.004,1
chr8-70072112-70073014,Tm6sf2,0,0.157751284587938,1.5088198084038,0.013,0.004,1
chr8-124862614-124863517,2810004N23Rik,0,0.157751284587938,1.41358229675801,0.013,0.004,1
chr9-75231939-75232826,Myo5c,0,0.157751284587938,1.42720399681959,0.013,0.004,1
chrX-136269479-136270334,Ngfrap1,0,0.157751284587938,1.45759968235386,0.013,0.004,1
chr19-8953235-8954116,Tut1,0,0.157855740558264,1.47112283980627,0.019,0.008,1
chr13-100833031-100833905,Slc30a5,0,0.157879755718246,-1.39315867692722,0.013,0.033,1
chr4-4792921-4793789,Impad1,0,0.158121870238926,0.739447152383197,0.031,0.016,1
chr1-61302488-61303351,Gm11587,578,0.158136773934625,1.43277274181774,0.013,0.004,1
chr1-134038128-134039001,Fmod,873,0.158136773934625,1.36341659702591,0.013,0.004,1
chr11-4637317-4638148,Ascc2,0,0.158136773934625,1.42910716374679,0.013,0.004,1
chr13-58215360-58216164,Ubqln1,0,0.158136773934625,1.44447006823326,0.013,0.004,1
chr13-100846909-100847751,Gm29502,0,0.158136773934625,1.28708137223839,0.013,0.004,1
chr15-102325788-102326665,Pfdn5,0,0.158136773934625,1.27849138605503,0.013,0.004,1
chr2-127655817-127656703,Mal,0,0.158136773934625,1.42638590843267,0.013,0.004,1
chr2-152343161-152344042,Trib3,0,0.158136773934625,1.49724630284913,0.013,0.004,1
chr3-69333254-69334111,Gm17212,1648,0.158136773934625,1.42675211404598,0.013,0.004,1
chr8-116980090-116980767,1700030J22Rik,1146,0.158136773934625,1.25963035961613,0.013,0.004,1
chr9-31912527-31913407,Barx2,54,0.158136773934625,1.36139110502016,0.013,0.004,1
chr9-35557875-35558727,Ddx25,0,0.158136773934625,1.36331421714547,0.013,0.004,1
chr8-122847912-122848773,Cdh15,0,0.158435664454256,1.45245082199469,0.019,0.008,1
chr12-113187363-113188218,Tmem121,1459,0.158522976255923,1.40380964322826,0.013,0.004,1
chr17-79051934-79052870,Qpct,27,0.158522976255923,1.30273904381327,0.013,0.004,1
chr5-72868081-72868979,Tec,0,0.158522976255923,1.30833702511673,0.013,0.004,1
chr9-75559091-75559980,Tmod3,0,0.158522976255923,1.29231652169737,0.013,0.004,1
chrX-102188841-102189672,Rps4x,0,0.158522976255923,1.35452073671065,0.013,0.004,1
chr1-164502342-164503176,Gm26685,132,0.158909892207278,1.33022941671626,0.013,0.004,1
chr1-166308911-166309902,5330438I03Rik,0,0.158909892207278,1.28399877137553,0.013,0.004,1
chr11-51763279-51764112,Sar1b,0,0.158909892207278,1.05757930603018,0.013,0.004,1
chr16-96467277-96468098,Pcp4,0,0.158909892207278,1.17742431100841,0.013,0.004,1
chr17-12992077-12992853,Wtap,0,0.158909892207278,1.30894085470158,0.013,0.004,1
chr18-67933648-67934335,Ldlrad4,390,0.158909892207278,1.30543556158113,0.013,0.004,1
chr4-117251513-117252449,Tmem53,0,0.158909892207278,1.20554852223602,0.013,0.004,1
chr4-130662811-130663684,Pum1,0,0.158909892207278,1.41107127132894,0.013,0.004,1
chr6-31398302-31399223,Mkln1,0,0.158909892207278,1.31745923032004,0.013,0.004,1
chr6-108660211-108660978,Bhlhe40,0,0.158909892207278,1.32989175273013,0.013,0.004,1
chr6-145303302-145304214,2010013B24Rik,149,0.158909892207278,1.21718841283301,0.013,0.004,1
chr7-30589480-30589882,Mir3569,99,0.158909892207278,1.27498071912772,0.013,0.004,1
chr7-91090910-91091740,Dlg2,203,0.158909892207278,1.40814321102875,0.013,0.004,1
chr8-95434515-95435395,Cfap20,0,0.158909892207278,1.28309710984829,0.013,0.004,1
chr9-21411590-21412474,Gm16853,0,0.158909892207278,1.08915296056247,0.013,0.004,1
chrX-162159641-162160548,Nhs,0,0.158909892207278,1.319364531541,0.013,0.004,1
chr4-88094064-88094969,Focad,0,0.158987125464304,0.756527192441729,0.044,0.025,1
chr4-95556988-95557885,Fggy,0,0.159151770611348,0.591526217016805,0.057,0.034,1
chr1-75435500-75436382,Gmppa,0,0.159297522442899,1.13131865191467,0.013,0.004,1
chr11-59947684-59948549,Med9,0,0.159297522442899,1.25628882423014,0.013,0.004,1
chr13-73831239-73832001,Gm8062,1306,0.159297522442899,1.1070827855526,0.013,0.004,1
chr17-66412159-66412896,Gm4705,1087,0.159297522442899,1.20983190420274,0.013,0.004,1
chr19-36705297-36706214,1500017E21Rik,0,0.159297522442899,1.21345980248716,0.013,0.004,1
chr8-72474698-72475719,Cherp,0,0.159297522442899,1.19066840034311,0.013,0.004,1
chr1-36471129-36471997,Cnnm4,0,0.159411611016622,-2.18230968023791,0.006,0.023,1
chr4-86040831-86041766,Gm25811,1727,0.159685867615755,0.907298853226282,0.013,0.004,1
chr5-35893977-35894523,Afap1,657,0.159685867615755,1.10758241155818,0.013,0.004,1
chr6-29984988-29985913,1700023L04Rik,0,0.159685867615755,1.1271370334517,0.013,0.004,1
chr6-30675179-30676098,Gm13782,1234,0.159685867615755,1.06205817049155,0.013,0.004,1
chr6-47830043-47830998,Zfp786,0,0.159685867615755,1.21988523861075,0.013,0.004,1
chr6-72635875-72636731,RP23-335C3.9,1823,0.159685867615755,1.21133245137928,0.013,0.004,1
chr6-100704280-100705206,Gxylt2,0,0.159685867615755,1.27278640698198,0.013,0.004,1
chr7-28277522-28278333,Eid2b,0,0.159685867615755,1.19557393990053,0.013,0.004,1
chr7-28692688-28693540,Fbxo27,0,0.159685867615755,1.04684325896703,0.013,0.004,1
chr11-120726881-120727791,Dcxr,0,0.159746380915182,1.33501529512174,0.019,0.008,1
chr5-33652029-33652978,Slbp,0,0.159788055398033,-2.19872752589474,0.006,0.023,1
chr18-63691877-63692767,Txnl1,0,0.159801918076826,0.775920449630809,0.031,0.016,1
chr1-171150103-171151001,Mpz,0,0.159892529864191,1.24083399216316,0.019,0.008,1
chr15-91572837-91573697,Slc2a13,0,0.15997652950457,-2.2772235997971,0.006,0.023,1
chr4-11485438-11486360,1110037F02Rik,0,0.160177653611824,0.753173759141554,0.044,0.025,1
chr14-55721751-55722593,Rabggta,0,0.160185106544672,1.31037839134619,0.019,0.008,1
chr4-109656914-109657636,9630013D21Rik,216,0.160185114706445,1.31251512481336,0.019,0.008,1
chr4-143412270-143413138,Pramef8,0,0.160185114706445,1.38264545043733,0.019,0.008,1
chr10-89344374-89345240,Ano4,0,0.160478104113274,1.29098391422404,0.019,0.008,1
chr4-59188956-59189872,Ugcg,0,0.160732100302014,-1.99075842458387,0.006,0.023,1
chr10-88378829-88379680,Dram1,0,0.160732103698092,-2.08489187301379,0.006,0.023,1
chr10-23786904-23787747,Rps12,0,0.160771498360086,1.28971272678882,0.019,0.008,1
chr14-30943626-30944429,Itih1,336,0.160771498360086,1.29856049084608,0.019,0.008,1
chr9-82247633-82248396,Gm23748,0,0.160771498360086,1.26342204911692,0.019,0.008,1
chr8-88696494-88697382,Cyld,0,0.160809323934676,-1.71378387931964,0.013,0.032,1
chr12-98746563-98747472,Zc3h14,0,0.161359502473261,1.27052990128895,0.019,0.008,1
chr5-74535238-74536093,Fip1l1,0,0.161424126022287,-8.65238867765384,0,0.012,1
chr10-88146554-88147467,Parpbp,0,0.161424132585057,-8.60360770201029,0,0.012,1
chr17-78916194-78917078,Cebpzos,0,0.161424132585057,-8.60979146562458,0,0.012,1
chr8-64849484-64850368,Klhl2,0,0.161424132585057,-8.60496780323514,0,0.012,1
chr8-71908224-71909125,Zfp882,0,0.161424132585057,-8.4945941070971,0,0.012,1
chr1-16518771-16519653,Stau2,458,0.161424139147827,-8.57806197669859,0,0.012,1
chr11-17211306-17212156,Pno1,0,0.161424139147827,-8.51989563203913,0,0.012,1
chr11-41999269-42000106,Gabrg2,750,0.161424139147827,-8.67221401112355,0,0.012,1
chr11-78177749-78178489,Mir7653,337,0.161424139147827,-8.56460295798291,0,0.012,1
chr11-78465505-78466410,Slc46a1,0,0.161424139147827,-8.65753604703216,0,0.012,1
chr11-107027630-107028536,1810010H24Rik,0,0.161424139147827,-8.73202780584433,0,0.012,1
chr13-19698537-19699449,Nme8,742,0.161424139147827,-8.58617518384117,0,0.012,1
chr13-23739429-23740239,Hist1h1c,620,0.161424139147827,-8.5663222864281,0,0.012,1
chr13-43171002-43171914,Tbc1d7,0,0.161424139147827,-8.61063657456693,0,0.012,1
chr14-55873527-55874452,Gm26751,282,0.161424139147827,-8.60116414584357,0,0.012,1
chr14-55884466-55885305,Khnyn,0,0.161424139147827,-8.65059152049982,0,0.012,1
chr14-57664507-57665444,Xpo4,0,0.161424139147827,-8.57091676987013,0,0.012,1
chr15-80233561-80234481,Mief1,0,0.161424139147827,-8.66528598129134,0,0.012,1
chr17-34605473-34606389,Agpat1,1210,0.161424139147827,-8.61605465084152,0,0.012,1
chr17-45584555-45585267,Gm17080,852,0.161424139147827,-8.52353900237936,0,0.012,1
chr17-66076580-66077548,Ankrd12,0,0.161424139147827,-8.64146522558044,0,0.012,1
chr17-76111536-76112320,Gm26124,231,0.161424139147827,-8.60420438813594,0,0.012,1
chr18-45268920-45269694,Kcnn2,59,0.161424139147827,-8.48833317496513,0,0.012,1
chr19-5688388-5689251,Pcnxl3,0,0.161424139147827,-8.61206871604447,0,0.012,1
chr2-23571471-23572364,Spopl,0,0.161424139147827,-8.58455243849698,0,0.012,1
chr2-58566867-58567774,Upp2,0,0.161424139147827,-8.62639386043673,0,0.012,1
chr2-70508879-70509804,Erich2os,0,0.161424139147827,-8.6884020377343,0,0.012,1
chr2-112454598-112455512,Emc7,0,0.161424139147827,-8.50836367874003,0,0.012,1
chr2-121806550-121807629,Frmd5,0,0.161424139147827,-8.64596732462203,0,0.012,1
chr2-174858162-174859083,Gm14616,1872,0.161424139147827,-8.59820743829615,0,0.012,1
chr3-27938641-27939501,Pld1,0,0.161424139147827,-8.43476285572803,0,0.012,1
chr3-33395619-33396457,RP24-286C1.1,771,0.161424139147827,-8.72077230220264,0,0.012,1
chr3-88685244-88686138,2810403A07Rik,0,0.161424139147827,-8.66041906501567,0,0.012,1
chr3-123235781-123236643,Synpo2,0,0.161424139147827,-8.59380923651552,0,0.012,1
chr4-115827817-115828764,Mob3c,0,0.161424139147827,-8.64544527857442,0,0.012,1
chr5-3543438-3544250,Fam133b,0,0.161424139147827,-8.5328493285973,0,0.012,1
chr5-90890770-90891639,Cxcl1,0,0.161424139147827,-8.60356205472829,0,0.012,1
chr5-137313863-137314812,Trip6,0,0.161424139147827,-8.63868249670368,0,0.012,1
chr6-100286978-100287934,Rybp,0,0.161424139147827,-8.57991268192557,0,0.012,1
chr6-122819412-122820330,Foxj2,0,0.161424139147827,-8.55642073817456,0,0.012,1
chr6-136827863-136828777,Wbp11,0,0.161424139147827,-8.63775160565042,0,0.012,1
chr7-73558228-73559130,RP23-32A8.1,0,0.161424139147827,-8.58616739607958,0,0.012,1
chr7-79715408-79716203,Kif7,0,0.161424139147827,-8.62307787320965,0,0.012,1
chr7-97480398-97481443,Ints4,0,0.161424139147827,-8.63575658754974,0,0.012,1
chr7-112225329-112226238,Mical2,0,0.161424139147827,-8.56575405377386,0,0.012,1
chr7-116443040-116443946,Pik3c2a,0,0.161424139147827,-8.65878632073407,0,0.012,1
chr8-71468707-71469565,Dda1,0,0.161424139147827,-8.63894952458327,0,0.012,1
chr8-88137750-88138548,Heatr3,0,0.161424139147827,-8.65342540279123,0,0.012,1
chr9-56160580-56161495,Tspan3,0,0.161424139147827,-8.56117208203078,0,0.012,1
chr9-57467588-57468452,Scamp5,0,0.161424139147827,-8.66436925324716,0,0.012,1
chr9-103230297-103231275,Gm20425,0,0.161424139147827,-8.64475926333016,0,0.012,1
chrX-52911708-52912612,Phf6,0,0.161424139147827,-8.6794060867026,0,0.012,1
chr14-56575125-56575974,Parp4,0,0.161654112888412,1.21148222906794,0.019,0.008,1
chr9-121759699-121760535,E530011L22Rik,0,0.161654112888412,1.2294372233657,0.019,0.008,1
chr11-69235261-69236158,Gucy2e,877,0.16194912924112,1.20190695080626,0.019,0.008,1
chr5-73647094-73648054,Sgcb,0,0.16194912924112,1.22793790591128,0.019,0.008,1
chr15-98934156-98935018,Tuba1b,0,0.162244551804758,1.09029163906756,0.019,0.008,1
chr7-139615647-139616536,Cfap46,0,0.162244551804758,1.19532623385334,0.019,0.008,1
chr6-18514360-18515170,Cttnbp2,0,0.162251347176957,-1.89252736495677,0.006,0.023,1
chr11-82763841-82764728,Zfp830,0,0.162540380852289,1.23598173867076,0.019,0.008,1
chr6-85069023-85069944,Exoc6b,0,0.162540380852289,1.22448810309527,0.019,0.008,1
chr7-45700491-45701318,Car11,647,0.162540380852289,1.17095883290316,0.019,0.008,1
chr9-89706778-89707629,Tmed3,1709,0.162540380852289,1.17307338958946,0.019,0.008,1
chr6-121472874-121473774,Iqsec3,0,0.162578907346476,0.708996670563626,0.044,0.025,1
chr12-84772690-84773599,Npc2,0,0.162751459274593,0.714071663127885,0.044,0.025,1
chr10-86971662-86972552,Gm16271,0,0.162836616656265,1.23508717884391,0.019,0.008,1
chr11-116335139-116336025,Foxj1,0,0.162836616656265,1.13139585408167,0.019,0.008,1
chr14-77156175-77156994,Enox1,0,0.162836616656265,1.16692208381093,0.019,0.008,1
chr8-57962153-57963028,Galntl6,0,0.162836616656265,1.1340487441664,0.019,0.008,1
chr6-18848128-18849033,Lsm8,0,0.162924152091863,0.701809465720817,0.044,0.025,1
chr17-6827488-6828400,Gm2885,0,0.16313325127186,1.18655865797926,0.019,0.008,1
chr15-76246340-76247218,Grina,0,0.163133259488825,1.06913776211432,0.019,0.008,1
chr18-24205388-24206274,Galnt1,43,0.163133259488825,0.997063687332689,0.019,0.008,1
chr17-24936499-24937334,Mapk8ip3,0,0.163430309621691,1.08117112148557,0.019,0.008,1
chr1-17145096-17146082,Gdap1,0,0.163727767326172,1.12610099397823,0.019,0.008,1
chr14-46787729-46788768,Cnih1,0,0.163727767326172,1.07274917880321,0.019,0.008,1
chr15-58134684-58135566,Atad2,0,0.163727767326172,1.08460874671159,0.019,0.008,1
chr6-5382313-5383134,Asb4,251,0.163727767326172,1.16148826161707,0.019,0.008,1
chr6-21213540-21214426,Kcnd2,1076,0.163727767326172,1.05408299699027,0.019,0.008,1
chr15-40143936-40144843,9330182O14Rik,1747,0.163789675657103,0.690957762507944,0.044,0.025,1
chr16-20496333-20497235,Eif2b5,1581,0.164025632873159,1.13623647888756,0.019,0.008,1
chr19-5609542-5610418,Kat5,0,0.164025632873159,1.11536784211272,0.019,0.008,1
chr6-17171375-17172395,Gm4876,0,0.164025632873159,1.10550845418984,0.019,0.008,1
chr6-141855531-141856702,Slco1a4,0,0.164025632873159,0.966456336677736,0.019,0.008,1
chr8-72646151-72647036,Nwd1,0,0.164025632873159,1.04588720716186,0.019,0.008,1
chr5-146844675-146845520,Rasl11a,0,0.164323898294315,0.993539938429952,0.019,0.008,1
chr12-5375328-5376257,Klhl29,0,0.164323906533122,1.04624158447709,0.019,0.008,1
chr2-34799263-34800224,Rabepk,0,0.164323906533122,1.13804335847877,0.019,0.008,1
chr8-71628961-71629870,Mir6769b,1235,0.164323906533122,1.0614842102678,0.019,0.008,1
chr9-76014545-76015417,Hmgcll1,0,0.164622588576114,1.04362433584379,0.019,0.008,1
chr9-110624605-110625424,Nradd,211,0.164622588576114,1.05866397397436,0.019,0.008,1
chrX-53268493-53269254,Fam122b,550,0.164622588576114,0.974237757082798,0.019,0.008,1
chr10-95323592-95324416,Cradd,0,0.164921679271765,1.09904548036095,0.019,0.008,1
chr11-51635448-51636375,Rmnd5b,0,0.164921679271765,1.04961317436893,0.019,0.008,1
chr13-55570683-55571415,Fam193b,0,0.164921679271765,0.989820192857048,0.019,0.008,1
chr6-142345544-142346337,Pyroxd1,0,0.164921679271765,0.932619797688726,0.019,0.008,1
chrX-49797242-49798076,Igsf1,0,0.164921679271765,0.997568062543764,0.019,0.008,1
chr3-81932454-81933333,Ctso,0,0.16517849700093,0.857374699076955,0.038,0.021,1
chr18-35702652-35703561,Dnajc18,0,0.165221178889282,1.07920495470519,0.019,0.008,1
chr13-96542170-96543079,Polk,0,0.165269005748317,0.727910060666941,0.044,0.025,1
chr2-83940827-83941709,Zswim2,0,0.165521087697449,0.950093886865548,0.019,0.008,1
chr4-64046711-64047654,Tnc,0,0.165821405964624,0.983076569213023,0.019,0.008,1
chr9-118039955-118040839,Zcwpw2,0,0.1659185480136,0.540934851104611,0.069,0.044,1
chr7-97371193-97372062,Alg8,0,0.167329148548188,0.690424553663537,0.019,0.008,1
chr12-111813590-111814492,Xrcc3,0,0.169100793845797,-1.75346005207064,0.013,0.032,1
chr3-142395291-142396176,Pdlim5,0,0.169233419054763,0.64190700643164,0.044,0.025,1
chr2-152105147-152106071,Srxn1,0,0.169467063318245,1.20316085270237,0.025,0.012,1
chr1-97769737-97770645,Gin1,0,0.169772926174599,-1.65909796691572,0.013,0.032,1
chr8-22165955-22166861,Nek3,0,0.169811892727087,0.647126591937004,0.057,0.035,1
chr12-116047229-116048209,Zfp386,0,0.170124003776751,0.615856346340462,0.044,0.025,1
chr12-83921574-83922468,Numb,0,0.170139017941895,0.981474183778031,0.031,0.016,1
chr13-24800394-24801291,BC005537,365,0.170346815521982,-2.16468134554783,0.006,0.023,1
chr16-21787435-21788374,Ehhadh,0,0.170469165295357,1.1345508837153,0.025,0.012,1
chr2-119028941-119029846,Ccdc32,0,0.170720397117348,1.17869896324605,0.025,0.012,1
chr3-132683555-132684492,Aimp1,0,0.170781409665377,0.768232429095105,0.038,0.021,1
chr3-30995165-30996081,Prkci,0,0.170948251795265,-1.96616128140258,0.006,0.023,1
chr5-8797935-8798855,Abcb1b,0,0.17095397535041,-1.52189592219542,0.013,0.032,1
chr16-55934239-55935156,Cep97,0,0.171149088306507,-1.93860977239669,0.006,0.023,1
chr1-11413800-11414715,A830018L16Rik,0,0.171557925267737,0.978208970692481,0.031,0.016,1
chr15-12320896-12321807,Golph3,0,0.171777001952252,0.998400016152156,0.031,0.016,1
chr11-95309390-95310032,Kat7,213,0.171980661588406,1.13462604017381,0.025,0.012,1
chr7-79920245-79921157,5430400D12Rik,0,0.171980661588406,1.12729891519,0.025,0.012,1
chr2-139381498-139382344,Gm14071,1995,0.172154920379153,0.737095534349513,0.038,0.021,1
chr3-38484534-38485428,Ankrd50,0,0.172353251566299,0.468984941082442,0.082,0.054,1
chr1-92647435-92648285,Otos,555,0.172429789547692,-8.52121030531906,0,0.012,1
chr10-49788312-49789159,Grik2,0,0.172429789547692,-8.51455055871743,0,0.012,1
chr11-101732357-101733277,Dhx8,0,0.172429789547692,-8.58187418470383,0,0.012,1
chr2-118256341-118257249,Fsip1,0,0.172429789547692,-8.55312910984517,0,0.012,1
chr1-30873428-30874270,Phf3,0,0.1724297966171,-8.46405643830198,0,0.012,1
chr1-36683881-36684778,Fam178b,697,0.1724297966171,-8.54141948111713,0,0.012,1
chr1-93235414-93236257,Sned1,0,0.1724297966171,-8.56844875090063,0,0.012,1
chr10-79995991-79996884,Abca7,0,0.1724297966171,-8.56638545028412,0,0.012,1
chr11-106366157-106367032,2310007L24Rik,684,0.1724297966171,-8.57933465163386,0,0.012,1
chr11-117969015-117969659,Socs3,387,0.1724297966171,-8.52726057176627,0,0.012,1
chr12-91588002-91588909,Gtf2a1,1577,0.1724297966171,-8.43588018951043,0,0.012,1
chr14-27428300-27429234,Fam208a,0,0.1724297966171,-8.6181988216375,0,0.012,1
chr14-46831779-46832613,Gm10101,0,0.1724297966171,-8.44867188600566,0,0.012,1
chr15-74672482-74673282,Arc,0,0.1724297966171,-8.65976540556793,0,0.012,1
chr16-20715729-20716615,Polr2h,1049,0.1724297966171,-8.52979278576738,0,0.012,1
chr17-32027456-32028331,Gm25883,0,0.1724297966171,-8.5492380598439,0,0.012,1
chr17-79614849-79615730,Rmdn2,0,0.1724297966171,-8.54240573512288,0,0.012,1
chr18-47368549-47369443,Sema6a,0,0.1724297966171,-8.54295724576479,0,0.012,1
chr18-51118212-51119012,Prr16,313,0.1724297966171,-8.51891850111383,0,0.012,1
chr19-42045051-42045956,Hoga1,0,0.1724297966171,-8.55296427450624,0,0.012,1
chr19-45074761-45075652,Kazald1,0,0.1724297966171,-8.6382052320652,0,0.012,1
chr2-28192573-28193481,Olfm1,0,0.1724297966171,-8.52985011912072,0,0.012,1
chr2-93822052-93822888,Ext2,0,0.1724297966171,-8.56840644511957,0,0.012,1
chr3-32610309-32611222,RP23-372I17.4,0,0.1724297966171,-8.48849918193876,0,0.012,1
chr3-89772993-89773908,4632404H12Rik,0,0.1724297966171,-8.51884096690411,0,0.012,1
chr4-8535306-8536106,Rab2a,0,0.1724297966171,-8.5199187347516,0,0.012,1
chr4-138453706-138454613,Camk2n1,0,0.1724297966171,-8.39196950220787,0,0.012,1
chr5-29434291-29435154,Nom1,0,0.1724297966171,-8.60538826753355,0,0.012,1
chr5-63811815-63812743,0610040J01Rik,0,0.1724297966171,-8.62784247872152,0,0.012,1
chr5-134184114-134184985,Gtf2ird2,94,0.1724297966171,-8.6327459480368,0,0.012,1
chr6-48395303-48396139,Gm16630,0,0.1724297966171,-8.52158807683497,0,0.012,1
chr6-120038142-120039031,Wnk1,0,0.1724297966171,-8.47662114008869,0,0.012,1
chr6-124917674-124918517,Ptms,0,0.1724297966171,-8.60222902104505,0,0.012,1
chr6-147090983-147091895,Klhl42,0,0.1724297966171,-8.43161234404027,0,0.012,1
chr7-44748147-44749077,Vrk3,0,0.1724297966171,-8.58665673144161,0,0.012,1
chr7-47007970-47008822,Spty2d1,0,0.1724297966171,-8.54559330881115,0,0.012,1
chr7-104464946-104465710,Trim30a,0,0.1724297966171,-8.58490253240898,0,0.012,1
chr8-121947525-121948420,RP23-428C21.4,0,0.1724297966171,-8.6480131215409,0,0.012,1
chr9-44319935-44320836,C2cd2l,0,0.1724297966171,-8.45362157517698,0,0.012,1
chr9-110304802-110305701,Elp6,0,0.1724297966171,-8.44557168009046,0,0.012,1
chrX-7714129-7715020,Gm14720,0,0.1724297966171,-8.53599303678026,0,0.012,1
chrX-52987788-52988635,Hprt,0,0.172486711954172,1.14300024851978,0.025,0.012,1
chr18-12740764-12741656,Cabyr,0,0.172647458771173,0.710021305275875,0.038,0.021,1
chr10-77978102-77978996,1810043G02Rik,0,0.172655398416608,0.957244454115629,0.031,0.016,1
chr2-15054708-15055599,Nsun6,0,0.172746092783341,0.75782333123263,0.038,0.021,1
chr10-79681409-79682308,Cdc34,0,0.172964537970027,-1.80897074287607,0.006,0.023,1
chr10-118141277-118142163,Mdm1,0,0.173417381712515,0.601344034499809,0.063,0.04,1
chr11-109425386-109426273,Amz2,0,0.173507878590866,0.612260862389936,0.057,0.035,1
chr4-132048789-132049637,Gm13063,610,0.1737581218528,0.921244343674746,0.031,0.016,1
chr11-61266512-61267642,Aldh3a2,0,0.174019235560638,-1.40060933092645,0.013,0.032,1
chr6-85332799-85333740,Sfxn5,0,0.17426665963325,1.08344038267096,0.025,0.012,1
chr11-37236017-37236928,Tenm2,52,0.174422274244771,0.908733896969152,0.031,0.016,1
chr13-84221863-84222731,A230107N01Rik,0,0.174522042306749,1.0158513637011,0.025,0.012,1
chr13-62855969-62856868,Fbp2,1531,0.174649849659564,1.0501593063739,0.025,0.012,1
chr8-105860129-105861025,Nutf2,0,0.174777726869333,1.03064558167035,0.025,0.012,1
chr12-64917367-64918250,Gm527,0,0.174993959222374,0.522683111458048,0.044,0.025,1
chr6-30693321-30694202,Cep41,0,0.174998551162943,-1.64481752181338,0.006,0.023,1
chr11-116433581-116434511,Ubald2,0,0.175289912050496,1.03006971451981,0.025,0.012,1
chr2-132815645-132816530,Mcm8,0,0.175310756912017,0.869739553081811,0.031,0.016,1
chr10-117063252-117064201,Cct2,0,0.175803216291315,1.02337507391556,0.025,0.012,1
chr7-41598793-41599711,2610021A01Rik,0,0.176060282754039,0.961607093087655,0.025,0.012,1
chr1-166409384-166410169,Pogk,0,0.176060288406478,1.03911270954749,0.025,0.012,1
chr13-89740155-89740914,Gm4117,694,0.176060288406478,1.01477079721546,0.025,0.012,1
chr13-118386851-118387648,Mrps30,0,0.176060288406478,1.02774433561212,0.025,0.012,1
chr8-53638625-53639500,Neil3,0,0.176124771092055,0.643350233543368,0.038,0.021,1
chr19-47865275-47866140,Gsto2,0,0.176124774514454,0.670648779751217,0.038,0.021,1
chr8-31168391-31169267,Mak16,0,0.176317640702991,0.987008968906592,0.025,0.012,1
chr10-115251034-115251945,Tbc1d15,0,0.176426103323216,0.81065450522668,0.031,0.016,1
chr3-158036202-158037106,Srsf11,0,0.176575273319224,0.927606852725228,0.025,0.012,1
chr6-88901803-88902723,Tpra1,0,0.176649805923168,0.830245607403411,0.031,0.016,1
chr12-21285719-21286582,Itgb1bp1,0,0.176833180732535,0.911622588533156,0.025,0.012,1
chr12-75595952-75596836,Ppp2r5e,0,0.177097845163836,0.841342512606638,0.031,0.016,1
chr13-24831204-24832079,Acot13,0,0.177097845163836,0.813491645349144,0.031,0.016,1
chr10-56106363-56107264,Msl3l2,0,0.177125345346596,-1.32225048495758,0.013,0.032,1
chr4-15944873-15945758,Decr1,0,0.177328937940743,0.645785334929566,0.038,0.021,1
chrX-162887932-162888820,Syap1,0,0.17734983180134,0.942483571323093,0.025,0.012,1
chr10-61475337-61476179,Lrrc20,0,0.177349854466755,0.96390696081844,0.025,0.012,1
chr1-177441623-177442493,Zbtb18,0,0.177507133384958,0.739039214248283,0.044,0.026,1
chr19-42779287-42780186,Hps1,0,0.177546730392711,0.834265726890599,0.031,0.016,1
chr18-80200212-80201129,Rbfa,0,0.177996458054688,0.877605464285931,0.031,0.016,1
chr4-31963436-31964365,Map3k7,0,0.177996462328718,0.810478870982868,0.031,0.016,1
chr7-79148604-79149513,Mfge8,0,0.178126952103309,0.94202637305516,0.025,0.012,1
chr7-67759346-67760151,Synm,0,0.178126963452609,0.922443253052784,0.025,0.012,1
chr3-109340216-109341043,Vav3,0,0.178386562163312,0.91572134635224,0.025,0.012,1
chrX-100625546-100626463,Kif4,0,0.178386562163312,0.960661566434318,0.025,0.012,1
chr5-3595812-3596753,Pex1,0,0.178741529261004,0.634965829850979,0.038,0.021,1
chrX-85573392-85574306,Tab3,0,0.178906598295178,0.962236502997243,0.025,0.012,1
chr8-94385927-94386835,Herpud1,0,0.17894400992966,0.608800427655146,0.038,0.021,1
chr11-115276644-115277596,Fdxr,0,0.179124501212712,0.752922540336841,0.031,0.016,1
chr3-40893686-40894573,6430590A07Rik,0,0.179350741254577,0.81070294695504,0.031,0.016,1
chr6-56714431-56715298,Avl9,0,0.179482300636409,0.583050354797492,0.057,0.035,1
chr8-117256134-117257017,Cmip,1,0.179688779726952,0.922267372469236,0.025,0.012,1
chr9-39508858-39509726,Olfr957,1991,0.179688779726952,0.851479703480378,0.025,0.012,1
chr13-112927179-112928086,Skiv2l2,0,0.179950063299855,0.805782786056786,0.025,0.012,1
chr9-44379004-44379925,Hyou1,0,0.180148903174299,-2.35743872802101,0.006,0.022,1
chr5-148552286-148553189,Ubl3,0,0.180360488883452,-2.31846796479119,0.006,0.022,1
chr4-21931059-21931911,Faxc,0,0.180473494365329,0.768831892468362,0.025,0.012,1
chr11-65806672-65807728,Zkscan6,0,0.180485154807329,0.709494024891567,0.031,0.016,1
chr5-108268426-108269338,Dr1,0,0.180735630740217,0.914641880723265,0.025,0.012,1
chr12-112829086-112830057,Cdca4,0,0.180996353572065,-2.06133810071241,0.006,0.022,1
chr10-112163130-112164184,Caps2,0,0.180996357299441,-2.07998749058383,0.006,0.022,1
chr6-61179822-61180741,Ccser1,0,0.180997689128391,0.676258067190984,0.044,0.026,1
chr10-7210987-7211795,Cnksr3,441,0.181260745834125,0.79998409284243,0.025,0.012,1
chr14-77036239-77037149,Ccdc122,0,0.181260751541567,0.775145038501663,0.025,0.012,1
chr9-53536392-53537310,Atm,0,0.181684600905395,-1.13908711010858,0.013,0.032,1
chr10-112928523-112929381,Atxn7l3b,0,0.181726227474663,-1.49511457142824,0.013,0.031,1
chr12-14151727-14152599,Fam84a,0,0.181846763851054,-1.95013248218645,0.006,0.022,1
chr5-65435530-65436400,Ugdh,0,0.182177956047077,0.69286180701194,0.05,0.031,1
chrX-94234256-94235172,Klhl15,0,0.182314389107717,0.693073185508272,0.025,0.012,1
chr10-4386417-4387339,Zbtb2,768,0.182583595630322,-0.915368606166171,0.031,0.056,1
chr5-21701108-21701992,Napepld,0,0.182646328801076,-1.22559836256296,0.019,0.04,1
chr8-104591033-104591878,Pdp2,0,0.182668788994962,0.681109904622015,0.044,0.026,1
chr11-101441773-101442704,Rpl27,0,0.18276994247029,0.746207991882045,0.031,0.016,1
chr18-32938825-32939732,Camk4,0,0.182769946781683,0.6266191465673,0.031,0.016,1
chr1-180568441-180569317,Parp1,0,0.182842908011439,0.778274639529378,0.025,0.012,1
chr15-65786800-65787530,Efr3a,0,0.183107592959587,0.758925070657536,0.025,0.012,1
chr6-115852964-115853888,Mbd4,0,0.183342098413729,-1.82306198230588,0.006,0.022,1
chr8-123982484-123983384,Abcb10,0,0.183342098413729,-1.79692178977232,0.006,0.022,1
chr13-67359976-67360914,Gm28044,0,0.183637814511823,0.622717560995024,0.025,0.012,1
chr4-4139811-4140670,Penk,991,0.183985739293027,-1.78866100451065,0.006,0.022,1
chr4-13742890-13743847,Runx1t1,0,0.184293365829019,-8.53925953184029,0,0.011,1
chr10-122447092-122447976,Avpr1a,522,0.184293373454314,-8.44914108552226,0,0.011,1
chr14-108913478-108914374,Slitrk1,0,0.184293373454314,-8.361815719341,0,0.011,1
chr15-96698404-96699311,Slc38a2,386,0.184293373454314,-8.44422690038635,0,0.011,1
chr16-55974467-55975180,2310061J03Rik,0,0.184293373454314,-8.4641508192866,0,0.011,1
chr5-89881895-89882786,Adamts3,547,0.184293373454314,-8.4310668862308,0,0.011,1
chr7-4914977-4915902,Zfp628,0,0.184293373454314,-8.5295304654784,0,0.011,1
chr1-16092827-16093721,4930444P10Rik,0,0.18429338107961,-8.41929606626109,0,0.011,1
chr1-86064056-86064931,Psmd1,0,0.18429338107961,-8.43339223635019,0,0.011,1
chr10-80164741-80165649,Cirbp,335,0.18429338107961,-8.36087885659034,0,0.011,1
chr10-128493600-128494468,Myl6,0,0.18429338107961,-8.40152905243271,0,0.011,1
chr11-79339092-79340027,Nf1,0,0.18429338107961,-8.37611740543721,0,0.011,1
chr11-98809278-98810151,Gm12359,0,0.18429338107961,-8.48595718736719,0,0.011,1
chr11-102429973-102430815,Grn,0,0.18429338107961,-8.4432568229285,0,0.011,1
chr11-102447184-102447994,Fam171a2,0,0.18429338107961,-8.37182061438525,0,0.011,1
chr11-102946428-102947333,C1ql1,0,0.18429338107961,-8.45463492980149,0,0.011,1
chr12-29938198-29938993,Pxdn,161,0.18429338107961,-8.40381730034666,0,0.011,1
chr12-85824362-85825217,0610007P14Rik,0,0.18429338107961,-8.41163649100265,0,0.011,1
chr12-88722401-88723282,Nrxn3,0,0.18429338107961,-8.39303807387683,0,0.011,1
chr12-100198889-100199777,Calm1,0,0.18429338107961,-8.43456788192918,0,0.011,1
chr13-23488450-23489335,Btn2a2,0,0.18429338107961,-8.48174670805583,0,0.011,1
chr13-48513058-48513872,Zfp169,0,0.18429338107961,-8.36493592336159,0,0.011,1
chr15-52039828-52040764,Aard,0,0.18429338107961,-8.44222260418793,0,0.011,1
chr15-60852978-60853847,Fam84b,0,0.18429338107961,-8.45578461558288,0,0.011,1
chr15-74988424-74989302,Gm8000,0,0.18429338107961,-8.38554294856289,0,0.011,1
chr15-81925888-81926771,Polr3h,0,0.18429338107961,-8.39619833178005,0,0.011,1
chr16-87454512-87455404,Usp16,0,0.18429338107961,-8.50687280557989,0,0.011,1
chr16-94370150-94371040,Ttc3,0,0.18429338107961,-8.33289841809735,0,0.011,1
chr17-24169240-24170238,Atp6v0c,0,0.18429338107961,-8.47189063097373,0,0.011,1
chr17-42876140-42877029,Cd2ap,0,0.18429338107961,-8.48698442099592,0,0.011,1
chr17-56609429-56610334,2410015M20Rik,0,0.18429338107961,-8.38098764878528,0,0.011,1
chr17-87446727-87447756,Calm2,0,0.18429338107961,-8.41398344839272,0,0.011,1
chr18-46280329-46281244,Pggt1b,0,0.18429338107961,-8.43646740074461,0,0.011,1
chr2-31687826-31688681,Abl1,0,0.18429338107961,-8.49261147554248,0,0.011,1
chr2-58357503-58358232,Acvr1c,0,0.18429338107961,-8.3417152013733,0,0.011,1
chr2-69790132-69790977,Phospho2,508,0.18429338107961,-8.43087088258164,0,0.011,1
chr2-149830235-149831181,C530025M09Rik,31,0.18429338107961,-8.42109805190939,0,0.011,1
chr2-157078849-157079730,Soga1,0,0.18429338107961,-8.49903802309859,0,0.011,1
chr2-157169902-157170778,Gm14277,1081,0.18429338107961,-8.51740131989655,0,0.011,1
chr2-174851663-174852549,Gm14618,807,0.18429338107961,-8.41358005834208,0,0.011,1
chr3-69044432-69045323,Trim59,0,0.18429338107961,-8.34114661290272,0,0.011,1
chr3-88525940-88526844,RP23-398K14.4,510,0.18429338107961,-8.53420244520319,0,0.011,1
chr3-125937879-125938769,Ugt8a,0,0.18429338107961,-8.50776436577974,0,0.011,1
chr4-15148541-15149442,Necab1,351,0.18429338107961,-8.41377416066136,0,0.011,1
chr5-21185801-21186674,Gsap,0,0.18429338107961,-8.37074321394188,0,0.011,1
chr5-21866210-21867072,Slc26a5,605,0.18429338107961,-8.57068079825217,0,0.011,1
chr5-35056317-35057198,Dok7,0,0.18429338107961,-8.31316723904232,0,0.011,1
chr5-134582320-134583232,Rfc2,0,0.18429338107961,-8.48676354803078,0,0.011,1
chr5-135806387-135807292,Srrm3,0,0.18429338107961,-8.5023100054821,0,0.011,1
chr5-147323283-147324155,Urad,842,0.18429338107961,-8.48788637407903,0,0.011,1
chr6-57431065-57431930,Vmn1r20,0,0.18429338107961,-8.39370392338239,0,0.011,1
chr6-116193111-116193994,Tmcc1,0,0.18429338107961,-8.4230410716249,0,0.011,1
chr6-120530988-120531827,Cecr5,0,0.18429338107961,-8.34076179540631,0,0.011,1
chr6-129180277-129181234,Clec2d,0,0.18429338107961,-8.40884019262886,0,0.011,1
chr7-19344805-19345739,Ercc1,26,0.18429338107961,-8.41629319183562,0,0.011,1
chr7-34229887-34230713,Gpi1,0,0.18429338107961,-8.43845254006371,0,0.011,1
chr7-84528669-84529572,Gm2115,0,0.18429338107961,-8.44152769877339,0,0.011,1
chr7-107567075-107567950,Olfml1,0,0.18429338107961,-8.49814937670002,0,0.011,1
chr7-142060614-142061506,Mob2,0,0.18429338107961,-8.42162978394625,0,0.011,1
chr7-144470318-144471193,Cttn,0,0.18429338107961,-8.56229823263509,0,0.011,1
chr8-13287262-13287907,Tmco3,105,0.18429338107961,-8.34720844173927,0,0.011,1
chr8-24595339-24596254,Ido1,754,0.18429338107961,-8.55664724774918,0,0.011,1
chr8-111535853-111536793,Znrf1,0,0.18429338107961,-8.51201652790787,0,0.011,1
chr9-52047709-52048590,Rdx,558,0.18429338107961,-8.51422079114135,0,0.011,1
chr9-63757755-63758660,Smad3,0,0.18429338107961,-8.48113965166622,0,0.011,1
chr10-77258717-77259632,Gm10941,0,0.184891732139177,0.617637363251594,0.057,0.035,1
chr8-94214032-94214915,Nup93,0,0.18506218988557,-1.71729731742115,0.006,0.022,1
chr5-28070741-28071644,Gm26608,0,0.187653714824256,-1.44156885185195,0.019,0.039,1
chr9-15357380-15358291,Cep295,0,0.18769311896175,-1.28142547082484,0.013,0.031,1
chr4-40142760-40143665,Aco1,0,0.18788548188786,0.509940149311899,0.088,0.061,1
chr2-109890466-109891426,Lin7c,0,0.188321722855018,0.560717096305063,0.044,0.026,1
chr12-30911317-30912169,Acp1,0,0.188963974774748,0.586949468180826,0.057,0.035,1
chr8-60992614-60993503,Nek1,0,0.191438844705889,0.562779483909199,0.057,0.035,1
chr12-59011589-59012451,Sec23a,0,0.191595448341391,0.507335794737754,0.063,0.04,1
chr9-80164417-80165347,Myo6,0,0.192575042200869,-2.07151185806436,0.006,0.021,1
chr2-129198173-129199073,Slc20a1,0,0.192633536585922,0.750517602983136,0.038,0.021,1
chr15-79690199-79691073,Gtpbp1,0,0.192800324582478,-2.00822789345121,0.006,0.021,1
chr17-26243741-26244608,Itfg3,0,0.193929622279366,-1.89681283858158,0.006,0.021,1
chr13-21478511-21479443,Zkscan4,0,0.194156063356618,-1.82469340967157,0.006,0.021,1
chr2-32287800-32288660,Swi5,0,0.19438269843792,-1.82011016458336,0.006,0.021,1
chr7-110061261-110062165,Zfp143,0,0.194582036944335,-1.38357721359973,0.013,0.031,1
chr6-17280910-17281792,Cav2,0,0.194836550882698,-1.80743714488416,0.006,0.021,1
chr8-22185397-22186302,Ckap2,0,0.195063768380905,-1.75623133576981,0.006,0.021,1
chr6-122308224-122309133,M6pr,0,0.195334016033774,0.461009886521202,0.069,0.045,1
chr2-157278644-157279522,Rpn2,0,0.195395483309524,0.678273365578927,0.038,0.021,1
chr4-17852848-17853645,Mmp16,0,0.195525868743458,0.945690927661717,0.031,0.017,1
chr15-100614922-100615811,C330013E15Rik,0,0.196241796781707,0.482598646489424,0.082,0.056,1
chr4-149099312-149100179,Pex14,0,0.196272238396725,1.28002912227881,0.019,0.009,1
chr6-54681207-54682084,Mturn,0,0.196894655978669,0.638017358607413,0.038,0.021,1
chr10-7809700-7810708,Gm15560,941,0.197099834187447,-8.42614257023221,0,0.01,1
chr13-101767967-101768804,Pik3r1,0,0.197099834187447,-8.33028263952925,0,0.01,1
chr14-78724629-78725573,Dgkh,0,0.197099834187447,-8.2953139581352,0,0.01,1
chr19-11818314-11819102,Stx3,300,0.197099834187447,-8.27145127447047,0,0.01,1
chr2-132247196-132248211,Tmem230,0,0.197099834187447,-8.47518690963274,0,0.01,1
chr2-165503371-165504360,Slc2a10,0,0.197099834187447,-8.36395352820862,0,0.01,1
chr1-72254407-72255275,Gm25939,0,0.197099842424591,-8.26675753811682,0,0.01,1
chr1-80758109-80759045,Dock10,0,0.197099842424591,-8.38118260363231,0,0.01,1
chr10-75032160-75033053,Rsph14,0,0.197099842424591,-8.31453734467859,0,0.01,1
chr10-80602553-80603455,Adat3,0,0.197099842424591,-8.36473344891497,0,0.01,1
chr10-82858643-82859536,Txnrd1,0,0.197099842424591,-8.31888819261314,0,0.01,1
chr10-85183343-85184177,Cry1,876,0.197099842424591,-8.31445401394951,0,0.01,1
chr11-30985947-30986850,Chac2,0,0.197099842424591,-8.34738109468026,0,0.01,1
chr11-70982610-70983537,C1qbp,0,0.197099842424591,-8.44481899481682,0,0.01,1
chr11-101119536-101120465,Tubg1,0,0.197099842424591,-8.33851356896347,0,0.01,1
chr11-101301771-101302711,Becn1,0,0.197099842424591,-8.35643735337765,0,0.01,1
chr11-103028012-103028948,Nmt1,0,0.197099842424591,-8.41981025373228,0,0.01,1
chr12-36042124-36042916,Tspan13,0,0.197099842424591,-8.45703292853136,0,0.01,1
chr12-79089177-79090014,Pigh,0,0.197099842424591,-8.40786063084652,0,0.01,1
chr12-110840528-110841426,Mok,0,0.197099842424591,-8.41849491894428,0,0.01,1
chr13-95443416-95444343,Crhbp,487,0.197099842424591,-8.3821743250588,0,0.01,1
chr13-105222798-105223651,Gm25631,0,0.197099842424591,-8.37543999833281,0,0.01,1
chr15-73724358-73725235,Ptp4a3,1212,0.197099842424591,-8.36037835218323,0,0.01,1
chr15-76671139-76672049,Ppp1r16a,0,0.197099842424591,-8.31051007093114,0,0.01,1
chr16-13671543-13672392,Bfar,0,0.197099842424591,-8.32426128646904,0,0.01,1
chr16-62807000-62807844,Gm25986,504,0.197099842424591,-8.22169946522677,0,0.01,1
chr16-96200074-96200979,Sh3bgr,0,0.197099842424591,-8.41632151416542,0,0.01,1
chr17-32350186-32351085,Akap8l,0,0.197099842424591,-8.31274221301157,0,0.01,1
chr17-47010207-47011066,Ubr2,0,0.197099842424591,-8.28479870125205,0,0.01,1
chr17-47924229-47925190,Foxp4,0,0.197099842424591,-8.31064354408819,0,0.01,1
chr17-73709976-73710890,Galnt14,0,0.197099842424591,-8.40770518326971,0,0.01,1
chr18-53861433-53862488,Csnk1g3,0,0.197099842424591,-8.44369150686231,0,0.01,1
chr18-82525898-82526800,Rpl21-ps8,1876,0.197099842424591,-8.53587573580373,0,0.01,1
chr19-6127762-6128672,Snx15,0,0.197099842424591,-8.38468375144938,0,0.01,1
chr19-38930410-38931260,Hells,0,0.197099842424591,-8.36168136782323,0,0.01,1
chr19-46394908-46395714,Actr1a,20,0.197099842424591,-8.37685322066349,0,0.01,1
chr2-25262115-25263009,Tprn,0,0.197099842424591,-8.41041776627185,0,0.01,1
chr2-122160357-122161151,Trim69,0,0.197099842424591,-8.44164176948959,0,0.01,1
chr2-126875706-126876544,Trpm7,0,0.197099842424591,-8.22133663356664,0,0.01,1
chr2-179976415-179977316,Taf4a,0,0.197099842424591,-8.4477569273322,0,0.01,1
chr3-30969018-30969775,Phc3,0,0.197099842424591,-8.33736420700837,0,0.01,1
chr3-54915441-54916304,Sertm1,0,0.197099842424591,-8.30932030405882,0,0.01,1
chr4-43266763-43267671,Atp8b5,0,0.197099842424591,-8.32210875942761,0,0.01,1
chr4-107801692-107802436,Lrp8os3,0,0.197099842424591,-8.27086659762506,0,0.01,1
chr4-114405436-114406358,Trabd2b,365,0.197099842424591,-8.43018303669251,0,0.01,1
chr5-117115706-117116547,Suds3,0,0.197099842424591,-8.42294863583009,0,0.01,1
chr5-134639044-134639997,Eif4h,0,0.197099842424591,-8.28565538476851,0,0.01,1
chr6-13838383-13839247,Gpr85,694,0.197099842424591,-8.42523358384609,0,0.01,1
chr6-122562268-122563168,Gm16557,304,0.197099842424591,-8.29877626947063,0,0.01,1
chr7-44590332-44591250,Kcnc3,0,0.197099842424591,-8.31242195814733,0,0.01,1
chr7-89517296-89518029,Prss23,0,0.197099842424591,-8.34405707521014,0,0.01,1
chr7-90442388-90443413,Crebzf,0,0.197099842424591,-8.42438183993632,0,0.01,1
chr7-97081178-97082069,Gab2,0,0.197099842424591,-8.31051643807376,0,0.01,1
chr7-127406264-127407197,Zfp764,0,0.197099842424591,-8.45398684783029,0,0.01,1
chr8-82402578-82403349,Il15,0,0.197099842424591,-8.35179348138362,0,0.01,1
chr8-105325886-105326808,Lrrc29,0,0.197099842424591,-8.31899695603471,0,0.01,1
chr9-8133869-8134790,AK129341,0,0.197099842424591,-8.42208368951144,0,0.01,1
chr9-72968250-72969160,Gm23567,441,0.197099842424591,-8.39772022341296,0,0.01,1
chr9-103201646-103202464,Srprb,0,0.197099842424591,-8.3074145717308,0,0.01,1
chr9-104306574-104307423,RP23-353G11.4,1664,0.197099842424591,-8.38567190249752,0,0.01,1
chr9-119093128-119094010,Plcd1,0,0.197099842424591,-8.39547931110512,0,0.01,1
chrX-70476754-70477729,BC023829,0,0.197099842424591,-8.42922180142569,0,0.01,1
chr12-64965142-64966037,Klhl28,0,0.197109509190486,0.649220710618164,0.038,0.021,1
chr9-50616693-50617719,Pih1d2,0,0.19726566935518,1.22591312085469,0.019,0.009,1
chr6-31216248-31217079,Lincpint,1394,0.197597629542028,1.24028447859379,0.019,0.009,1
chr6-31563540-31564404,Podxl,0,0.197929998329799,1.16231685404586,0.019,0.009,1
chr12-69168201-69169144,Lrr1,0,0.198262775918092,1.13319653942169,0.019,0.009,1
chr4-138426483-138427373,Rpl38-ps1,694,0.198262775918092,1.31388931261731,0.019,0.009,1
chr10-58811976-58812783,Gm9987,358,0.198595962506003,1.21013422046599,0.019,0.009,1
chr15-83724662-83725479,Scube1,0,0.198595962506003,1.15372306785624,0.019,0.009,1
chr10-75892847-75893773,Derl3,0,0.198929558292129,1.13755475461459,0.019,0.009,1
chr7-19749368-19750207,Pvrl2,0,0.198942691316195,0.594654199834879,0.038,0.021,1
chr7-78846775-78847661,Det1,0,0.199186964748039,-1.33059953131117,0.006,0.021,1
chr11-51289427-51290346,Col23a1,0,0.199263563474562,1.21926734960113,0.019,0.009,1
chr19-10203683-10204531,Tmem258,0,0.199263563474562,1.11473496949621,0.019,0.009,1
chr6-65042197-65043101,Smarcad1,0,0.199263563474562,1.1553433404813,0.019,0.009,1
chr8-47990258-47991051,Wwc2,0,0.199355180557528,0.893783374426173,0.031,0.017,1
chr10-36506589-36507454,Hs3st5,0,0.199597978250892,1.07350361749914,0.019,0.009,1
chr16-4963977-4964895,Anks3,0,0.199774094677211,0.67817972027804,0.044,0.026,1
chr16-21422665-21423550,Vps8,0,0.199872641804476,0.651864021978005,0.044,0.026,1
chr11-53300266-53301174,Hspa4,0,0.199932802818203,1.21771117341899,0.019,0.009,1
chr13-80881438-80882306,Arrdc3,1077,0.199932802818203,1.15476766774773,0.019,0.009,1
chr2-23067709-23068562,Acbd5,0,0.199932802818203,1.09897756467454,0.019,0.009,1
chr2-71955391-71956291,Gm13746,0,0.199932802818203,1.0388896888593,0.019,0.009,1
chr7-4526086-4526984,Gm15873,0,0.199932802818203,1.01363614147389,0.019,0.009,1
chr1-9544842-9545750,Rrs1,0,0.200251740316912,0.643894971963805,0.05,0.031,1
chr7-45628474-45629354,Rasip1,985,0.200268037373075,1.04523380504786,0.019,0.009,1
chr15-41446907-41447812,Oxr1,0,0.20046623749949,0.50882025800155,0.05,0.031,1
chr10-78487422-78488334,Gm9978,0,0.200563004818593,0.895991088218123,0.031,0.017,1
chr11-103115705-103116581,Hexim1,0,0.200603682111578,1.03628191014919,0.019,0.009,1
chr4-40269384-40270267,Toporsos,0,0.200603682111578,1.13618861680322,0.019,0.009,1
chr5-123507827-123508726,Gm15751,0,0.200603682111578,1.08024178791285,0.019,0.009,1
chrX-100493887-100494729,Igbp1,0,0.200603682111578,1.13290008213609,0.019,0.009,1
chr11-5837570-5838438,Polm,0,0.200939737229277,1.16956992218012,0.019,0.009,1
chr5-24164580-24165428,Nupl2,0,0.200939737229277,1.08576475475995,0.019,0.009,1
chr8-11419118-11419974,Gm15419,1225,0.200939737229277,1.03337446786092,0.019,0.009,1
chr3-13472771-13473637,RP23-333L19.2,941,0.201276202921224,1.02888084702793,0.019,0.009,1
chr12-84616990-84617911,Abcd4,0,0.20129025401601,0.771542419475239,0.031,0.017,1
chr7-120981929-120982796,4933427G17Rik,0,0.201533103088684,0.836226409451894,0.031,0.017,1
chr11-88973518-88974401,Coil,0,0.201613079381962,0.963358700513193,0.019,0.009,1
chr13-33935322-33936202,1110046J04Rik,0,0.201613079381962,1.09001976871472,0.019,0.009,1
chr17-55986082-55986919,Fsd1,0,0.201613079381962,0.998319205207538,0.019,0.009,1
chr18-67244954-67245823,Mppe1,6,0.201613079381962,1.06218650274067,0.019,0.009,1
chr4-45408303-45409219,Slc25a51,0,0.201613079381962,1.02735396189402,0.019,0.009,1
chr8-82864027-82864860,Rnf150,670,0.201613079381962,1.08195500550236,0.019,0.009,1
chr9-50603455-50604348,Sdhd,0,0.201613079381962,1.02076020213322,0.019,0.009,1
chr5-121836576-121837477,Sh2b3,0,0.20170687018377,1.10509934296077,0.025,0.013,1
chr7-28338365-28339206,Supt5,0,0.201781663418477,1.04904459937985,0.019,0.009,1
chr1-156838409-156839297,Angptl1,0,0.201950366805523,0.98484593503317,0.019,0.009,1
chr7-143783658-143784493,Mrgpre,6,0.201950366805523,1.05402299575831,0.019,0.009,1
chr19-43524273-43525153,Got1,0,0.202262919193221,0.822932015402513,0.031,0.017,1
chr4-129461042-129461961,Bsdc1,0,0.202262919193221,0.783720689011887,0.031,0.017,1
chr1-156473868-156474787,Soat1,0,0.202288065385425,1.04113719243575,0.019,0.009,1
chr1-195176161-195177015,Cr2,0,0.202288065385425,1.02485270438173,0.019,0.009,1
chr14-32159503-32160332,Ncoa4,0,0.202288065385425,0.959980005340814,0.019,0.009,1
chr14-30950917-30951834,Nek4,0,0.20254417760158,1.0649014404331,0.025,0.013,1
chr10-86705283-86706146,Gm25745,0,0.202546767766741,0.612427806932683,0.044,0.026,1
chr16-95701919-95702719,Ets2,0,0.202569492473801,-1.05136447486423,0.013,0.031,1
chr11-75190091-75190987,Dph1,253,0.202626175314671,0.99311028632832,0.019,0.009,1
chr15-99772001-99772894,Cers5,0,0.202626175314671,1.01033528740932,0.019,0.009,1
chr7-45784672-45785713,Lmtk3,933,0.202626175314671,1.02636849887375,0.019,0.009,1
chr9-69989067-69989898,Bnip2,0,0.202626175314671,0.948944893684312,0.019,0.009,1
chr6-80018570-80019401,Lrrtm4,0,0.202964688479345,1.01958706531062,0.019,0.009,1
chr4-115838868-115839759,Mknk1,0,0.202964696785751,0.96944646568082,0.019,0.009,1
chr8-85698764-85699612,Mir8109,1292,0.202964696785751,1.00522776546575,0.019,0.009,1
chr13-21402249-21403086,Zkscan3,0,0.203303629990637,0.934665704516775,0.019,0.009,1
chr14-55671628-55672552,Nedd8,0,0.203303629990637,1.01001302472263,0.019,0.009,1
chr15-55089877-55090694,Dscc1,0,0.203483556402705,0.71855196266594,0.031,0.017,1
chr12-81332610-81333704,Slc8a3,0,0.203642975120784,0.887038839328981,0.019,0.009,1
chr17-35120978-35121856,Gpank1,0,0.203642975120784,0.92767042611626,0.019,0.009,1
chr2-164879444-164880287,Pcif1,139,0.203744244045904,-2.25125188926847,0.006,0.021,1
chr10-71159167-71159961,Bicc1,0,0.203982732367128,0.971878372163261,0.019,0.009,1
chr14-105897040-105898122,Spry2,220,0.203982732367128,0.997497742804879,0.019,0.009,1
chr17-71475106-71476007,Smchd1,0,0.204011872166634,0.60589713961766,0.05,0.031,1
chr1-158355917-158356734,Brinp2,0,0.204322901920084,0.895204181881813,0.019,0.009,1
chr11-69880615-69881515,Kctd11,0,0.204322901920084,0.780342132045248,0.019,0.009,1
chr10-62650905-62651823,Ddx50,0,0.204697554768698,-1.99470340619492,0.006,0.021,1
chr5-31494279-31495151,Gpn1,0,0.204789372388125,0.978867991485996,0.025,0.013,1
chr10-76344928-76345754,Dip2a,0,0.20517542681581,-1.92123367272967,0.006,0.021,1
chr4-121040869-121041796,Col9a2,1483,0.205175430903391,-1.94897087969043,0.006,0.021,1
chr7-19149076-19149983,Snrpd2,0,0.205175430903391,-1.85506522040428,0.006,0.021,1
chr5-99036774-99037622,Prkg2,0,0.205345886314968,0.637095349801776,0.019,0.009,1
chr2-119188945-119189768,Gm14138,1427,0.20563596934692,0.954676195098643,0.025,0.013,1
chr5-149052652-149053557,Hmgb1,0,0.205654113409378,-1.89390044260099,0.006,0.021,1
chr18-80715030-80715812,Nfatc1,1958,0.205687706988099,0.677571981473633,0.019,0.009,1
chr6-85961346-85962192,Dusp11,0,0.205687706988099,0.737431966152222,0.019,0.009,1
chr14-121878014-121878922,Ubac2,0,0.205893754653545,-1.92051768539164,0.006,0.021,1
chr16-55838419-55839421,Nfkbiz,0,0.206373653809592,-1.77568719860814,0.006,0.021,1
chr15-40654401-40655328,Zfpm2,0,0.20643494725912,0.741262011585433,0.031,0.017,1
chr4-130359561-130360455,Zcchc17,0,0.206613911855078,-1.86584016418516,0.006,0.021,1
chr13-34037181-34038031,Bphl,0,0.206626870888507,0.883240049876134,0.025,0.013,1
chr3-90433207-90434063,Ints3,0,0.206854368806619,-1.73964860596974,0.006,0.021,1
chr14-48445818-48446711,Tmem260,0,0.207095024724242,-1.7048249015247,0.006,0.021,1
chr5-72202878-72203789,Atp10d,0,0.207177627990084,0.682179273468166,0.031,0.017,1
chr1-53784839-53785706,Stk17b,0,0.207301592036605,0.668732797485606,0.031,0.017,1
chr14-55014795-55015680,Ngdn,0,0.207335891965544,-1.7457704134452,0.006,0.021,1
chr6-148831059-148831953,Ipo8,0,0.207818223788271,-1.72457791750603,0.006,0.021,1
chr7-27552728-27553624,2310022A10Rik,0,0.207818227890059,-1.7353802590805,0.006,0.021,1
chr1-23255767-23256598,RP23-28L24.5,0,0.207871609730426,0.553507083365965,0.044,0.026,1
chr9-86466891-86467723,Dopey1,0,0.207905982245608,0.851288366005088,0.025,0.013,1
chr9-109931160-109932087,Map4,0,0.208301377087732,-1.69803901024634,0.006,0.021,1
chr8-38660020-38660915,Sgcz,592,0.208476321413029,0.862156300900253,0.025,0.013,1
chr12-57196503-57197415,Slc25a21,56,0.208761907317045,0.841910068937206,0.025,0.013,1
chr18-62977600-62978515,Napg,0,0.208761913034417,0.817678462178769,0.025,0.013,1
chr11-121672834-121673723,B3gntl1,0,0.208789676661708,0.504583040088014,0.063,0.041,1
chrX-164419185-164420094,Piga,0,0.208846123424129,-1.25986088203118,0.019,0.038,1
chr15-73090260-73091189,Chrac1,0,0.209333946580191,0.837104756527602,0.025,0.013,1
chr3-63975751-63976679,Gmps,0,0.209333946580191,0.867661224442557,0.025,0.013,1
chr11-49243594-49244576,Mgat1,0,0.209751518781806,0.810628140737728,0.038,0.022,1
chr10-64089777-64090703,Lrrtm3,0,0.209907114549085,0.81833142815358,0.025,0.013,1
chr14-20928793-20929695,Vcl,0,0.210077929407294,0.544171581816442,0.05,0.031,1
chr7-27166223-27167106,Egln2,0,0.210194118470714,0.846934882412691,0.025,0.013,1
chr17-47610994-47611868,Bysl,0,0.210218333117698,1.58320246600437,0.013,0.005,1
chr6-50109731-50110594,Mpp6,0,0.210218333117698,1.59675691207797,0.013,0.005,1
chr6-124740969-124741615,Rnu7,0,0.210218333117698,1.63892953810471,0.013,0.005,1
chrX-20426070-20426528,Jade3,381,0.210218333117698,1.64688461082953,0.013,0.005,1
chr12-101957778-101958686,Atxn3,0,0.210419065729416,0.787512583358306,0.038,0.022,1
chr7-5015052-5015711,Zfp524,0,0.210485626238114,-1.53447441316709,0.006,0.021,1
chr13-77708194-77709075,Fam172a,0,0.210768995337173,0.787624265728945,0.025,0.013,1
chr11-95824000-95824856,Phospho1,0,0.210946041923226,-8.26561346762887,0,0.01,1
chr4-154301357-154302265,Arhgef16,0,0.210946041923226,-8.25560211437919,0,0.01,1
chr1-9967738-9968613,Tcf24,0,0.210946050836237,-8.30628166016655,0,0.01,1
chr1-36691085-36691998,Cox5b,0,0.210946050836237,-8.32661980680219,0,0.01,1
chr1-37997744-37998416,Eif5b,0,0.210946050836237,-8.25503661367313,0,0.01,1
chr1-74391150-74392011,Ctdsp1,0,0.210946050836237,-8.18704594588278,0,0.01,1
chr1-92641567-92642464,Myeov2,0,0.210946050836237,-8.33055614344751,0,0.01,1
chr1-192136185-192137091,Gm10516,0,0.210946050836237,-8.22548192520148,0,0.01,1
chr10-13473879-13474782,Phactr2,0,0.210946050836237,-8.31304559919713,0,0.01,1
chr10-21160684-21161599,Myb,0,0.210946050836237,-8.36065732698886,0,0.01,1
chr10-62194093-62195046,Mir7662,0,0.210946050836237,-8.39940974151489,0,0.01,1
chr11-48871964-48872883,Irgm1,280,0.210946050836237,-8.2625882270185,0,0.01,1
chr11-76846622-76847498,Cpd,0,0.210946050836237,-8.3209080324348,0,0.01,1
chr11-78497293-78498098,Sarm1,0,0.210946050836237,-8.20170449656702,0,0.01,1
chr11-115381577-115382489,Cdr2l,0,0.210946050836237,-8.27268351226283,0,0.01,1
chr11-115933166-115934070,Sap30bp,0,0.210946050836237,-8.20660976156415,0,0.01,1
chr11-118401539-118402439,Lgals3bp,0,0.210946050836237,-8.25619510132402,0,0.01,1
chr12-69361130-69362047,Gm26191,0,0.210946050836237,-8.20496529743799,0,0.01,1
chr12-104406326-104407261,Serpina3n,0,0.210946050836237,-8.29597495973089,0,0.01,1
chr12-113074242-113074877,Tex22,0,0.210946050836237,-8.27365553234307,0,0.01,1
chr13-54055265-54056209,Drd1a,0,0.210946050836237,-8.29194686195654,0,0.01,1
chr14-16575165-16576022,Rarb,0,0.210946050836237,-8.23846680823665,0,0.01,1
chr14-57825832-57826814,Ska3,0,0.210946050836237,-8.17224356730205,0,0.01,1
chr14-120275156-120276035,Mbnl2,0,0.210946050836237,-8.28072989860865,0,0.01,1
chr15-10715016-10715740,4930556M19Rik,179,0.210946050836237,-8.28310832594141,0,0.01,1
chr15-75641934-75642857,2810039B14Rik,0,0.210946050836237,-8.20012991568821,0,0.01,1
chr15-76710103-76710973,Recql4,0,0.210946050836237,-8.2985964065064,0,0.01,1
chr15-83366806-83367730,1700001L05Rik,0,0.210946050836237,-8.3141534584593,0,0.01,1
chr15-100038132-100039112,Dip2b,0,0.210946050836237,-8.3513233370191,0,0.01,1
chr15-103502751-103503588,Pde1b,0,0.210946050836237,-8.24645295503904,0,0.01,1
chr16-5146523-5147359,Sec14l5,0,0.210946050836237,-8.2287055640554,0,0.01,1
chr16-16599621-16600529,Fgd4,19,0.210946050836237,-8.2319038607586,0,0.01,1
chr16-91010808-91011690,4930404I05Rik,0,0.210946050836237,-8.27237928361701,0,0.01,1
chr17-23738941-23739801,Paqr4,528,0.210946050836237,-8.26013761518785,0,0.01,1
chr17-24469759-24470666,Pgp,0,0.210946050836237,-8.3289345796985,0,0.01,1
chr17-29031961-29032953,Srsf3,0,0.210946050836237,-8.3247402982598,0,0.01,1
chr17-35534269-35535088,Psors1c2,1067,0.210946050836237,-8.27132328923163,0,0.01,1
chr18-15759742-15760590,Chst9,0,0.210946050836237,-8.15710311547381,0,0.01,1
chr19-10182477-10183385,Fads1,0,0.210946050836237,-8.18554427585538,0,0.01,1
chr19-29812605-29813501,Ranbp6,0,0.210946050836237,-8.27991433541948,0,0.01,1
chr2-91053598-91054473,Psmc3,0,0.210946050836237,-8.35755011676749,0,0.01,1
chr2-152696530-152697414,Gm26841,0,0.210946050836237,-8.36643615742517,0,0.01,1
chr3-90253741-90254619,Crtc2,0,0.210946050836237,-8.27090458650247,0,0.01,1
chr4-20007883-20008824,Ttpa,0,0.210946050836237,-8.3286345060084,0,0.01,1
chr4-135855567-135856412,Srsf10,0,0.210946050836237,-8.22628763702284,0,0.01,1
chr4-135946128-135946959,Hmgcl,0,0.210946050836237,-8.33391283147946,0,0.01,1
chr4-150086949-150087843,Gpr157,0,0.210946050836237,-8.2367848009363,0,0.01,1
chr5-26006925-26007810,Gm5067,0,0.210946050836237,-8.30191019674802,0,0.01,1
chr5-36462551-36463426,2210406O10Rik,1426,0.210946050836237,-8.32057669333288,0,0.01,1
chr5-116123153-116124044,C330018A13Rik,0,0.210946050836237,-8.29016526685333,0,0.01,1
chr5-137349666-137350525,Ephb4,0,0.210946050836237,-8.31095104655276,0,0.01,1
chr6-122304020-122304925,Gm27826,872,0.210946050836237,-8.2159258723775,0,0.01,1
chr7-12965398-12966304,Zfp324,0,0.210946050836237,-8.23719585457505,0,0.01,1
chr7-62464150-62464983,Peg12,0,0.210946050836237,-8.31581974001557,0,0.01,1
chr7-64155531-64156381,Trpm1,1695,0.210946050836237,-8.20085986772294,0,0.01,1
chr7-101837901-101838753,Inppl1,0,0.210946050836237,-8.34746912128736,0,0.01,1
chr7-121391123-121391923,Hs3st2,372,0.210946050836237,-8.28191578254327,0,0.01,1
chr7-127769626-127770398,Orai3,0,0.210946050836237,-8.22334234322917,0,0.01,1
chr7-141008751-141009598,Ifitm3,1171,0.210946050836237,-8.30652424987272,0,0.01,1
chr7-141454966-141455708,Pnpla2,0,0.210946050836237,-8.34254255898561,0,0.01,1
chr8-94330485-94331444,Slc12a3,1292,0.210946050836237,-8.27602426457319,0,0.01,1
chr8-105707733-105708652,Enkd1,0,0.210946050836237,-8.24218502934804,0,0.01,1
chr8-120178759-120179666,Fam92b,1292,0.210946050836237,-8.26732994962602,0,0.01,1
chr8-124569016-124570052,Agt,0,0.210946050836237,-8.39219799707243,0,0.01,1
chr9-21238467-21239408,Keap1,0,0.210946050836237,-8.24970383011439,0,0.01,1
chr9-21798137-21799000,Kank2,0,0.210946050836237,-8.26021234662262,0,0.01,1
chr9-64960366-64961320,Vwa9,0,0.210946050836237,-8.22328552241908,0,0.01,1
chr9-67759692-67760714,M5C1000I18Rik,0,0.210946050836237,-8.10562457807602,0,0.01,1
chr9-95674955-95675859,Itpa-ps2,157,0.210946050836237,-8.24651024216478,0,0.01,1
chrX-74270074-74270940,Rpl10,0,0.210946050836237,-8.37745265382103,0,0.01,1
chrX-163958289-163959154,Zrsr2,0,0.210946050836237,-8.2587919374733,0,0.01,1
chr11-117809200-117810035,Gm20708,0,0.211124075618736,1.55063717283566,0.013,0.005,1
chr19-5893753-5894668,Tigd3,0,0.211124075618736,1.49897308991746,0.013,0.005,1
chr3-96593727-96594620,Polr3gl,0,0.211124075618736,1.62024990380832,0.013,0.005,1
chr5-145139609-145140641,Pdap1,0,0.211124075618736,1.55825834298101,0.013,0.005,1
chr18-10725050-10725957,Mib1,0,0.211217375054509,-1.44217755562823,0.006,0.021,1
chr2-122467371-122468241,Bambi-ps1,0,0.211387250249573,0.348300089400949,0.057,0.035,1
chr9-122294131-122295122,Ano10,0,0.211535054355924,0.771998874745193,0.038,0.022,1
chr1-10006910-10007725,Ppp1r42,1410,0.211578003686141,1.57517002620554,0.013,0.005,1
chr15-58077904-58078910,Zhx1,1362,0.211578003686141,1.58003178965489,0.013,0.005,1
chr1-58973142-58974036,Stradb,0,0.211850115139414,0.758026686381618,0.044,0.027,1
chr2-68470583-68471435,Stk39,832,0.21203263682383,1.4728913795821,0.013,0.005,1
chr3-58415919-58416793,Tsc22d2,229,0.21203263682383,1.57000962923306,0.013,0.005,1
chrX-105119844-105120763,Magee1,0,0.21203263682383,1.59322375078966,0.013,0.005,1
chrX-139871083-139871961,Morc4,0,0.21203263682383,1.51984310734228,0.013,0.005,1
chr16-5233144-5234068,Alg1,0,0.212211146983793,0.751145539737022,0.025,0.013,1
chr10-128498411-128499271,Myl6b,0,0.212487975424117,1.40458735873663,0.013,0.005,1
chr11-70228617-70229509,Bcl6b,288,0.212487975424117,1.44244036425666,0.013,0.005,1
chr11-120783815-120784641,Gps1,0,0.212487975424117,1.42142855428598,0.013,0.005,1
chr15-43170286-43171190,Rspo2,0,0.212487975424117,1.44930218810504,0.013,0.005,1
chr16-17110684-17111591,Ppil2,0,0.212487975424117,1.39973767473816,0.013,0.005,1
chr16-45936377-45937265,Gm15640,53,0.212487975424117,1.39280657680138,0.013,0.005,1
chr17-28926002-28926775,Gm16191,538,0.212487975424117,1.43503337014493,0.013,0.005,1
chr2-69861031-69861888,Ssb,0,0.212487975424117,1.47567451394944,0.013,0.005,1
chr5-123973266-123973980,Hip1r,0,0.212487975424117,1.51492616228587,0.013,0.005,1
chr6-115808581-115809490,Rpl32,0,0.212487975424117,1.39129003555333,0.013,0.005,1
chr9-106822340-106823042,Vprbp,465,0.212487975424117,1.44002137308466,0.013,0.005,1
chrX-105120984-105121878,Magee1,605,0.212487975424117,1.45724173617418,0.013,0.005,1
chr8-54076886-54077585,Vegfc,0,0.212500425027265,0.71899286290259,0.025,0.013,1
chr11-20445629-20446537,Gm12034,0,0.212944019877744,1.38641583681441,0.013,0.005,1
chr11-100770494-100771305,Ghdc,0,0.212944019877744,1.34724096560535,0.013,0.005,1
chr17-6601230-6602053,Dynlt1c,0,0.212944019877744,1.42222182713416,0.013,0.005,1
chr19-28834735-28835717,Slc1a1,0,0.212944019877744,1.43264127514196,0.013,0.005,1
chr2-93870531-93871460,Accsl,1373,0.212944019877744,1.37222816659131,0.013,0.005,1
chr3-38887862-38888634,C230034O21Rik,0,0.212944019877744,1.50268149064302,0.013,0.005,1
chr5-106925364-106926266,Hfm1,54,0.212944019877744,1.39040726478293,0.013,0.005,1
chr8-25805895-25806806,Star,1667,0.212944019877744,1.36155070456393,0.013,0.005,1
chr18-38296315-38297172,Rnf14,0,0.21307985260603,0.745490493990283,0.025,0.013,1
chr1-93342516-93343147,Ppp1r7,0,0.213369990852579,0.582668948164336,0.025,0.013,1
chr1-90153209-90154059,4930434B07Rik,0,0.213400770573879,1.29687289289661,0.013,0.005,1
chr16-19760463-19761238,B3gnt5,254,0.213400770573879,1.39135762066788,0.013,0.005,1
chr3-51561062-51561717,Setd7,182,0.213400770573879,1.36255009600002,0.013,0.005,1
chr3-83024951-83025923,Fga,152,0.213400770573879,1.39791363937756,0.013,0.005,1
chr3-95855333-95856266,Prpf3,0,0.213400770573879,1.33962841467669,0.013,0.005,1
chr5-30072968-30073999,Tyms,0,0.213400770573879,1.29263927114048,0.013,0.005,1
chr8-78214359-78215275,Ttc29,1061,0.213400770573879,1.33829760419301,0.013,0.005,1
chrX-74392811-74393713,Ikbkg,0,0.213400770573879,1.2016122022763,0.013,0.005,1
chr1-135451993-135452845,Mir1231,1837,0.213858227900108,1.35774073559646,0.013,0.005,1
chr1-186182299-186183213,RP24-249K4.2,41,0.213858227900108,1.2203539211626,0.013,0.005,1
chr13-104288068-104288951,Adamts6,194,0.213858227900108,1.31944869067622,0.013,0.005,1
chr14-70159139-70160049,9930012K11Rik,0,0.213858227900108,1.34579728418627,0.013,0.005,1
chr17-25183791-25184549,BC003965,11,0.213858227900108,1.34561224090187,0.013,0.005,1
chr17-35105793-35106696,Ly6g5c,1582,0.213858227900108,1.31640120089717,0.013,0.005,1
chr18-77938009-77938923,Epg5,0,0.213858227900108,1.34024851940371,0.013,0.005,1
chr4-136469328-136470273,Luzp1,0,0.213858227900108,1.18284667209992,0.013,0.005,1
chr5-130023687-130024523,Asl,608,0.213858227900108,1.38203471357431,0.013,0.005,1
chr8-4250292-4251203,Snapc2,1898,0.213858227900108,1.32395204095267,0.013,0.005,1
chr8-123949881-123950424,Nup133,615,0.213858227900108,1.29406468670293,0.013,0.005,1
chrX-7604982-7605888,Ccdc22,0,0.213858227900108,1.36002784139854,0.013,0.005,1
chr14-14012297-14013058,Atxn7,0,0.213951122500243,0.559140168406713,0.025,0.013,1
chr3-32529021-32529922,Mfn1,0,0.213951122500243,0.591807848620316,0.025,0.013,1
chr10-95501388-95502198,Mrpl42,0,0.214316392242438,1.32983358039189,0.013,0.005,1
chr11-77979990-77980813,Phf12,1940,0.214316392242438,1.18642513583826,0.013,0.005,1
chr11-80141686-80142655,Tefm,0,0.214316392242438,1.31338851213467,0.013,0.005,1
chr11-99385676-99386347,Gm11940,992,0.214316392242438,1.25428775372267,0.013,0.005,1
chr14-32321732-32322547,Ogdhl,0,0.214316392242438,1.34253936017465,0.013,0.005,1
chr2-18676142-18677230,Bmi1,0,0.214316392242438,1.24845450917863,0.013,0.005,1
chr2-130667364-130668253,Itpa,0,0.214316392242438,1.21485912916831,0.013,0.005,1
chr2-151631812-151632801,Snph,0,0.214316392242438,1.27880546967658,0.013,0.005,1
chr3-65957873-65958771,Ccnl1,0,0.214316392242438,1.22305416678243,0.013,0.005,1
chr4-43058650-43059478,Unc13b,0,0.214316392242438,1.25924382400812,0.013,0.005,1
chr5-88721554-88722268,Mob1b,698,0.214316392242438,1.33378555023003,0.013,0.005,1
chr6-82049914-82050765,Gm15864,1815,0.214316392242438,1.2710806011897,0.013,0.005,1
chr6-147092172-147092960,Klhl42,792,0.214316392242438,1.3117745265737,0.013,0.005,1
chr8-33931237-33932165,Rbpms,1373,0.214316392242438,1.33046583088326,0.013,0.005,1
chr8-91069764-91070486,Rbl2,0,0.214316392242438,1.24534591588187,0.013,0.005,1
chr9-90163210-90164185,Adamts7,140,0.214316392242438,1.3064825358827,0.013,0.005,1
chrX-10484593-10485446,Tspan7,0,0.214316392242438,1.26001325838687,0.013,0.005,1
chr4-119173803-119174699,Zfp691,0,0.214449019365254,0.501951028099374,0.05,0.031,1
chr11-96788852-96789678,Cbx1,0,0.214775263985284,1.12173863562414,0.013,0.005,1
chr11-116493554-116494431,Prpsap1,0,0.214775263985284,1.20971082865724,0.013,0.005,1
chr13-45963287-45964173,Atxn1,817,0.214775263985284,1.14742502667482,0.013,0.005,1
chr2-120352495-120353403,Vps39,0,0.214775263985284,1.11178598790316,0.013,0.005,1
chr2-164563365-164564245,Wfdc2,951,0.214775263985284,1.17102187227698,0.013,0.005,1
chr3-101376640-101377649,Igsf3,0,0.214775263985284,1.16133109455564,0.013,0.005,1
chr6-125165245-125166124,Gapdh,342,0.214775263985284,1.07619734240012,0.013,0.005,1
chr8-84662371-84663236,Ier2,0,0.214775263985284,1.28375355117809,0.013,0.005,1
chr8-106935473-106936322,Sntb2,0,0.214775263985284,1.21627145810515,0.013,0.005,1
chrX-19166852-19167795,Gm14636,0,0.214775263985284,1.34311156614509,0.013,0.005,1
chr17-51747132-51748018,RP24-146B4.3,665,0.215234829224805,1.20432614220921,0.013,0.005,1
chr1-57423394-57424261,Gm22371,1020,0.215234843511471,1.17209950727842,0.013,0.005,1
chr11-52765786-52766608,Fstl4,1151,0.215234843511471,1.18128182646911,0.013,0.005,1
chr11-54100452-54101417,P4ha2,356,0.215234843511471,1.25287309313094,0.013,0.005,1
chr11-58168006-58168872,Gemin5,0,0.215234843511471,1.15761883133196,0.013,0.005,1
chr11-83191946-83192790,Slfn3,615,0.215234843511471,1.19558182414021,0.013,0.005,1
chr12-101912668-101913534,Gm20036,0,0.215234843511471,1.10727317892766,0.013,0.005,1
chr14-53741032-53741959,Trav16,1144,0.215234843511471,1.2065773706909,0.013,0.005,1
chr16-11691486-11692364,Gm4279,0,0.215234843511471,1.26012038346086,0.013,0.005,1
chr2-5844891-5845583,Nudt5,0,0.215234843511471,1.07672588493817,0.013,0.005,1
chr2-13009208-13010017,RP23-415C3.5,0,0.215234843511471,1.07450324783525,0.013,0.005,1
chr2-154702712-154703561,Rpl5-ps2,247,0.215234843511471,1.26656144777385,0.013,0.005,1
chr3-103738215-103738641,Olfml3,213,0.215234843511471,1.09403178380535,0.013,0.005,1
chr3-117575405-117576123,Lppr5,177,0.215234843511471,1.11868873897856,0.013,0.005,1
chr9-120127163-120128075,Rpsa,0,0.215234843511471,1.27673188430715,0.013,0.005,1
chr11-77762758-77763724,Myo18a,0,0.215695116907903,1.27410839554857,0.013,0.005,1
chr1-58031125-58031815,Aox1,1193,0.215695131202228,1.08369368745116,0.013,0.005,1
chr1-137323675-137324572,RP24-554P12.1,1269,0.215695131202228,1.24037549561499,0.013,0.005,1
chr10-67284885-67285752,Nrbf2,0,0.215695131202228,1.07968136684972,0.013,0.005,1
chr11-49793818-49794564,Gfpt2,0,0.215695131202228,1.0399791854764,0.013,0.005,1
chr13-41801046-41801951,1700061E18Rik,262,0.215695131202228,1.01344594928301,0.013,0.005,1
chr16-20732798-20733807,Chrd,0,0.215695131202228,1.16477666531138,0.013,0.005,1
chr19-6992131-6992991,Dnajc4,0,0.215695131202228,0.990482468022392,0.013,0.005,1
chr2-11331271-11332090,RP23-291L24.6,734,0.215695131202228,1.10153768078629,0.013,0.005,1
chr2-119971947-119972861,Mapkbp1,0,0.215695131202228,1.05144520557115,0.013,0.005,1
chr3-6975243-6976123,Gm22074,1144,0.215695131202228,1.14195560958427,0.013,0.005,1
chr5-102481171-102482045,Arhgap24,0,0.215695131202228,1.1683938702406,0.013,0.005,1
chr6-18171548-18172266,Cftr,860,0.215695131202228,1.08683183143304,0.013,0.005,1
chr8-94152206-94153133,Mt3,0,0.215695131202228,1.18375275950582,0.013,0.005,1
chrX-37166907-37167723,Akap14,1118,0.215695131202228,1.18005001299709,0.013,0.005,1
chrX-97376014-97376812,Eda2r,403,0.215695131202228,1.00168398355081,0.013,0.005,1
chr12-88360255-88361148,Adck1,0,0.215891687223816,0.51354222578392,0.044,0.026,1
chr1-135430032-135430932,Ipo9,0,0.216156127437184,1.07006352010868,0.013,0.005,1
chr13-21782979-21783871,Hist1h3i,0,0.216156127437184,1.01840616395665,0.013,0.005,1
chr14-53132220-53133095,Trav6n-6,0,0.216156127437184,1.139773268666,0.013,0.005,1
chr14-55222938-55223864,Dhrs2,930,0.216156127437184,0.991144015330179,0.013,0.005,1
chr17-23771131-23772057,Flywch1,0,0.216156127437184,1.04788104921539,0.013,0.005,1
chr5-66675851-66676550,Uchl1,0,0.216156127437184,1.00592245088484,0.013,0.005,1
chr9-107904450-107905333,Gm23856,0,0.216156127437184,1.0021281216783,0.013,0.005,1
chr9-110857503-110858365,Prss50,0,0.216156127437184,1.11157167486623,0.013,0.005,1
chrX-74312563-74313404,Fam50a,0,0.216156127437184,1.10542732623519,0.013,0.005,1
chrX-105167115-105167959,E530001F21Rik,2000,0.216156127437184,0.998534807247887,0.013,0.005,1
chr14-18331389-18332230,Ube2e1,0,0.216386877071178,1.0208549955334,0.013,0.005,1
chr11-74618923-74619781,E130309D14Rik,0,0.216617832594361,1.08902557597522,0.013,0.005,1
chr8-35587430-35588341,Mfhas1,0,0.216617832594361,1.06760049945117,0.013,0.005,1
chr10-40883079-40883984,Cdc40,0,0.216873500097856,-2.62627379182116,0.006,0.02,1
chr1-136521112-136522007,Gm29485,1876,0.217080247050173,0.98041228221271,0.013,0.005,1
chr2-104409805-104410701,D430041D05Rik,0,0.217080247050173,1.02211580216374,0.013,0.005,1
chr3-52196069-52196939,RP24-568B16.3,1308,0.217080247050173,1.00140482826982,0.013,0.005,1
chr3-86142282-86143161,Rps3a1,0,0.217126088729954,-2.42248989441122,0.006,0.02,1
chr8-71464365-71465236,Mrpl34,0,0.217179216416962,0.658471381620743,0.038,0.022,1
chr4-26346349-26347205,Manea,0,0.217699669969157,0.642583295425233,0.05,0.032,1
chr10-76442423-76443172,Pcnt,0,0.217734104083104,-1.00881978008329,0.025,0.046,1
chr1-87326537-87327417,Gigyf2,0,0.217885141279869,-2.11995027277605,0.006,0.02,1
chr11-32204865-32205777,Snrnp25,0,0.218138580769823,-1.92045064391183,0.006,0.02,1
chr14-120910528-120911440,Ipo5,0,0.218230594856081,0.581492859835091,0.057,0.037,1
chr13-119790480-119791375,Zfp131,0,0.218392232058445,-1.86660773032989,0.006,0.02,1
chr12-102704774-102705691,Itpk1,0,0.218646090930632,-1.86619470853608,0.006,0.02,1
chr19-11965057-11965966,Osbp,0,0.21868973546477,-0.888526896680577,0.038,0.06,1
chr15-98533861-98534724,Kansl2,0,0.218900170272322,0.972316999690851,0.031,0.018,1
chr18-36734569-36735448,Tmco6,0,0.219408956401297,-1.7643482709031,0.006,0.02,1
chr15-78119489-78120390,A730060N03Rik,0,0.219663667583248,-1.79105230711387,0.006,0.02,1
chr11-40754858-40755742,Ccng1,0,0.21990116247531,0.617905291226817,0.044,0.027,1
chr9-121709816-121710715,Deb1,0,0.219918590922845,-1.7656745033556,0.006,0.02,1
chr3-27153461-27154366,Ect2,0,0.220610695950062,0.459337559945556,0.057,0.036,1
chr1-170174576-170175478,RP23-124N16.3,0,0.220834546051976,0.457307547357877,0.05,0.031,1
chr13-104178337-104179226,Trappc13,0,0.220940407041903,-1.61934074990689,0.006,0.02,1
chr19-6140805-6141736,Batf2,0,0.220949012032743,0.597310531239373,0.044,0.027,1
chr10-77606048-77606803,Sumo3,0,0.22145258958269,0.893180319651467,0.031,0.018,1
chr10-44268004-44268915,Atg5,0,0.221573068012612,-1.19379064541643,0.013,0.029,1
chr11-95258925-95259808,Tac4,1720,0.221708999678586,-1.659099191068,0.006,0.02,1
chr3-31094311-31095203,Skil,0,0.221789875749495,0.622216798384833,0.044,0.027,1
chr7-98656321-98657198,2210018M11Rik,0,0.222003370069708,0.533465799934707,0.038,0.022,1
chr15-99074391-99075291,Troap,0,0.222210881614523,-1.17451207187051,0.013,0.029,1
chr2-114654361-114655253,Gm13972,0,0.222211163329007,0.609544522897141,0.044,0.027,1
chr7-102209919-102210825,Pgap2,0,0.222423779021954,-1.15231077177151,0.013,0.029,1
chr11-69059155-69060050,2310047M10Rik,0,0.222994236444975,-1.58513161408403,0.006,0.02,1
chr8-22060109-22060996,Atp7b,0,0.223070967031644,-0.799182378823062,0.038,0.06,1
chr14-67715452-67716375,Cdca2,0,0.223436960420939,0.321954816058901,0.094,0.066,1
chr16-75766481-75767410,Hspa13,0,0.223855423234319,0.513653056668284,0.057,0.037,1
chr19-28011096-28012082,Rfx3,0,0.223969253488967,0.900307913848501,0.038,0.023,1
chr4-81442172-81443053,Mpdz,0,0.224802522345988,0.83857379192357,0.031,0.018,1
chr15-77841869-77842764,Myh9,0,0.225292866846766,-1.5309765582962,0.013,0.029,1
chr11-6415280-6416165,Ppia,0,0.225321093227221,-1.34769901826589,0.006,0.02,1
chr8-18594855-18595634,Mcph1,0,0.225495876711013,0.462254496720459,0.038,0.022,1
chr2-125624776-125625673,Cep152,0,0.226455579045671,0.580670745035346,0.044,0.027,1
chr12-106009793-106010693,Vrk1,0,0.227470865892737,-1.52212792858705,0.013,0.029,1
chr10-79766815-79767686,Rnf126,0,0.227926762272179,0.741304802718767,0.031,0.018,1
chr8-110919283-110920179,St3gal2,0,0.228142839227091,0.829744865346952,0.038,0.023,1
chr2-151493759-151494667,Nsfl1c,0,0.228384323020643,0.498935765066134,0.044,0.027,1
chr19-7039739-7040631,Stip1,0,0.228950818382686,-1.1504195477821,0.025,0.045,1
chr6-147475892-147476747,Gm6288,0,0.229029829168814,0.563594931700611,0.044,0.027,1
chr2-71055239-71056113,Dcaf17,0,0.229763459252292,0.732471647576164,0.031,0.018,1
chr6-91116532-91117381,Nup210,0,0.230290158260356,0.720919324802194,0.031,0.018,1
chr18-62921852-62922759,Apcdd1,0,0.230902238013168,-2.22794051225126,0.006,0.02,1
chr1-92473643-92474471,Ndufa10,0,0.231081815414325,0.69146746565593,0.031,0.018,1
chr2-84714896-84715838,Zdhhc5,0,0.231081815414325,0.741630471451046,0.031,0.018,1
chr12-8921400-8922332,Laptm4a,0,0.231170310686006,-2.18742391556008,0.006,0.02,1
chr16-48993526-48994486,Dzip3,0,0.23119088348502,0.493455438261381,0.044,0.027,1
chr12-113155777-113156690,4930427A07Rik,0,0.232164608573359,0.635097104645534,0.05,0.032,1
chr6-81965490-81966371,Mrpl19,0,0.232242845903287,1.0153979900439,0.025,0.013,1
chr5-130144330-130145244,Kctd7,0,0.232405528572098,0.729582952221449,0.031,0.018,1
chr17-73107487-73108378,Lclat1,0,0.232405537242529,0.667178303804287,0.031,0.018,1
chr11-74830079-74830978,Mnt,0,0.232513963772249,-1.76299235369846,0.006,0.02,1
chr5-34369236-34370150,Fam193a,0,0.232513963772249,-1.8155699488908,0.006,0.02,1
chr2-101885754-101886662,Commd9,0,0.232783363424967,-1.77849348376581,0.006,0.02,1
chr5-129941296-129942227,Vkorc1l1,0,0.23287262354911,0.41554008522993,0.082,0.057,1
chr16-36827819-36828706,Iqcb1,0,0.232936529830674,0.665988335620606,0.031,0.018,1
chr5-65199172-65200061,Wdr19,0,0.232956409347315,0.434604133252725,0.057,0.037,1
chr19-4012397-4013292,Ndufv1,0,0.233322817913933,-1.76139967604194,0.006,0.02,1
chr9-37146915-37147729,Pknox2,0,0.233322817913933,-1.80823379580532,0.006,0.02,1
chr17-25015640-25016508,Ift140,0,0.233758999263155,1.00186934379033,0.025,0.013,1
chr11-102864099-102865049,Gm26668,761,0.233759004913863,0.99249181613476,0.025,0.013,1
chr4-152027322-152028209,Zbtb48,0,0.233863153775754,-1.65932640806232,0.006,0.02,1
chr3-146851875-146852775,Ttll7,0,0.234133660736802,-1.72050977999498,0.006,0.02,1
chr7-122158913-122159795,Plk1,0,0.234133660736802,-1.67194402237147,0.006,0.02,1
chr5-5663718-5664589,Cfap69,0,0.234534669064286,0.610729453699263,0.031,0.018,1
chr4-63544276-63545174,Atp6v1g1,0,0.234675330636201,-1.67158270358601,0.006,0.02,1
chr9-86571441-86572335,Pgm3,0,0.234728371355874,0.64578317450971,0.044,0.027,1
chr2-105016614-105017499,Eif3m,0,0.234801774511238,0.628651344942261,0.031,0.018,1
chr3-123267030-123267963,Sec24d,0,0.234824476414374,0.989178673697976,0.025,0.013,1
chr15-79741926-79742834,Sun2,0,0.234976973377586,0.978520096061,0.025,0.013,1
chr12-87388030-87388946,Sptlc2,0,0.234988192865682,-1.12811720830601,0.013,0.029,1
chr7-126396401-126397302,Nfatc2ip,0,0.23506825084311,0.487782037417115,0.05,0.032,1
chr4-120287463-120288382,Foxo6,113,0.235217887445731,-1.6173297195861,0.006,0.02,1
chr1-159135043-159135953,RP23-375F6.1,770,0.235393523149112,1.25156621232889,0.019,0.009,1
chr17-24886080-24886981,Nubp2,0,0.235761327110228,-1.58409941503402,0.006,0.02,1
chr7-80860464-80861323,Zscan2,0,0.235893393635832,0.978737599608326,0.025,0.013,1
chr1-119525678-119526615,AC132393.1,0,0.236126866365599,1.27700492510415,0.019,0.009,1
chr10-123196675-123197610,Usp15,0,0.236140559081393,0.589129446523335,0.031,0.018,1
chr2-140066326-140067219,Tasp1,0,0.236191023550824,0.570398530979844,0.057,0.037,1
chr5-38219891-38220767,Zbtb49,0,0.236199428199058,0.958417759325132,0.025,0.013,1
chr18-34006950-34007840,Epb4.1l4a,0,0.236505743457864,0.928169949137122,0.025,0.013,1
chr4-15265266-15266175,Tmem64,0,0.236557462552844,-1.09114278684899,0.013,0.029,1
chr16-44172643-44173532,Gm608,0,0.236578162465886,-1.52842881023218,0.006,0.02,1
chr3-153944197-153945057,Acadm,0,0.236758241826009,0.544645201056946,0.057,0.037,1
chr11-61174786-61175699,Usp22,0,0.237118945355924,-0.734619606791755,0.031,0.053,1
chr13-49215650-49216543,1110007C09Rik,0,0.237119216357144,0.939886621895349,0.025,0.013,1
chr3-108210105-108211054,Atxn7l2,0,0.237119216357144,0.907741340107875,0.025,0.013,1
chr10-75211678-75212557,Specc1l,0,0.237134990085501,0.691518938368717,0.038,0.023,1
chr2-30178044-30178938,D2Wsu81e,0,0.237229908624395,1.22366171244745,0.019,0.009,1
chr7-27474400-27475189,Sertad3,631,0.237396992190225,-1.45889432767889,0.006,0.02,1
chr16-56717117-56718030,Tfg,0,0.237456069941724,-1.15298749710276,0.019,0.037,1
chr2-106649937-106650774,BB218582,0,0.237598397200714,1.25902580645071,0.019,0.009,1
chr3-152395728-152396550,Zzz3,254,0.237670375375809,-1.42688261213764,0.006,0.02,1
chr14-8213606-8214559,Kctd6,0,0.237694506923761,0.618901499918835,0.05,0.032,1
chr2-31670305-31671178,Exosc2,0,0.237733807250651,0.894591928982679,0.025,0.013,1
chr19-46396462-46397306,Sufu,0,0.237967289898619,1.21444906521702,0.019,0.009,1
chrX-68678095-68678992,Fmr1,0,0.238023908042317,0.50455787173913,0.031,0.018,1
chr19-11769960-11770899,Mrpl16,0,0.238041532759184,0.955375659649571,0.025,0.013,1
chr2-35979408-35980239,Ttll11,0,0.238336586843205,1.11766291477274,0.019,0.009,1
chr6-50455697-50456491,Osbpl3,0,0.238336586843205,1.13855750031455,0.019,0.009,1
chr19-21777824-21778675,Tmem2,0,0.238563950528747,0.52962276390202,0.031,0.018,1
chr13-51100379-51101193,Spin1,0,0.238657815911059,0.835400159544308,0.025,0.013,1
chr17-3557330-3558202,Tfb1m,0,0.238879347829239,0.649695073153234,0.044,0.027,1
chr17-26560948-26561943,Ergic1,0,0.239076393970014,1.10563161854056,0.019,0.009,1
chr1-30949463-30950336,Ptp4a1,0,0.239220017983452,-1.4757454840007,0.013,0.028,1
chr14-33938884-33939794,Gdf2,1244,0.239275224176411,0.866780918228575,0.025,0.013,1
chr10-80433578-80434464,Tcf3,0,0.239446904399627,1.12400403384245,0.019,0.009,1
chr15-75968585-75969612,Zfp707,0,0.239446904399627,1.11209163515754,0.019,0.009,1
chr2-34801829-34802720,Rabepk,1916,0.239446904399627,1.11047439193613,0.019,0.009,1
chr9-52168636-52169068,Zc3h12c,524,0.239446904399627,1.17966376871633,0.019,0.009,1
chr2-128817531-128818445,Tmem87b,0,0.239649612638222,0.642404033183989,0.044,0.027,1
chr5-114941823-114942645,2210016L21Rik,0,0.239817819570705,1.11437351345346,0.019,0.009,1
chr4-150236619-150237464,Eno1,0,0.239893758127268,0.832839172408426,0.025,0.013,1
chr8-128685335-128686123,Itgb1,0,0.239893758127268,0.845597704378007,0.025,0.013,1
chr19-4793480-4794498,Rbm4,0,0.240189139605535,1.08228365577517,0.019,0.009,1
chr8-84908159-84909047,Dnase2a,0,0.240189139605535,1.04686881437523,0.019,0.009,1
chr7-141539448-141540311,Chid1,0,0.240513418331301,0.821051071084647,0.025,0.013,1
chr6-65778643-65779562,Prdm5,0,0.24053205804764,0.615385119489171,0.044,0.027,1
chr7-90456890-90457752,Tmem126a,0,0.240560864625844,1.04813637089404,0.019,0.009,1
chr7-139833761-139834670,Gpr123,0,0.240560864625844,1.05784560571842,0.019,0.009,1
chr18-10324976-10325839,Greb1l,0,0.240823670954462,0.822406885422802,0.025,0.013,1
chr1-58392452-58393347,Bzw1,0,0.24093299475279,1.00618842342224,0.019,0.009,1
chr12-79295838-79296636,Zfyve26,0,0.24093299475279,1.05896207274716,0.019,0.009,1
chr6-35177147-35178037,Nup205,0,0.24093299475279,1.01679232596899,0.019,0.009,1
chr3-7366093-7367015,Pkia,0,0.240974142507234,0.598274270914015,0.044,0.027,1
chr15-73645397-73646313,Slc45a4,0,0.241134199665833,0.778117939720434,0.025,0.013,1
chr1-75168275-75169163,Zfand2b,0,0.241277128879393,0.570167799041747,0.031,0.018,1
chr7-127026748-127027707,Maz,268,0.241285254096815,-1.34410691504228,0.013,0.028,1
chr6-17463287-17464184,Met,0,0.241305530106966,1.01070894004011,0.019,0.009,1
chr7-25756001-25756738,Hnrnpul1,1270,0.241305530106966,0.997496555924643,0.019,0.009,1
chr2-154603310-154604223,Pxmp4,0,0.24135926370696,0.625717390447068,0.038,0.023,1
chr3-54358350-54359206,Postn,1902,0.2416784708084,0.943902375094206,0.019,0.009,1
chr8-111643196-111644032,Zfp1,0,0.2416784708084,0.983404523020786,0.019,0.009,1
chr3-53016652-53017415,Cog6,0,0.241756119747727,0.706311883179175,0.025,0.013,1
chr15-81584838-81585716,RP23-310L8.1,0,0.242051816976548,0.987084203596994,0.019,0.009,1
chr15-91049686-91050524,Kif21a,0,0.242051816976548,0.973304965237221,0.019,0.009,1
chr16-21947123-21947941,Tmem41a,0,0.242051816976548,1.00228288355004,0.019,0.009,1
chr18-61952487-61953395,Sh3tc2,0,0.242051816976548,1.00180501734701,0.019,0.009,1
chr7-81522959-81523869,2900076A07Rik,0,0.242051816976548,1.01503575741938,0.019,0.009,1
chr2-144527015-144527943,Polr3f,0,0.242067499884922,0.82936681109075,0.025,0.013,1
chr1-180850464-180851351,Sde2,0,0.242379162073572,0.781579629088934,0.025,0.013,1
chr13-34162648-34163588,Psmg4,0,0.242379162073572,0.82579032627815,0.025,0.013,1
chr4-133479539-133480442,Fam46b,0,0.242379162073572,0.698196935501059,0.025,0.013,1
chr3-41565463-41566270,RP24-86C19.2,1764,0.2424255687303,0.97296715172371,0.019,0.009,1
chr5-67306497-67307421,Slc30a9,0,0.2424255687303,0.957836224573839,0.019,0.009,1
chr5-143464073-143465049,Daglb,0,0.2424255687303,1.00138524548934,0.019,0.009,1
chr7-34675805-34676743,Gm12756,1805,0.2424255687303,0.945473741243598,0.019,0.009,1
chr8-121829200-121830110,Klhdc4,0,0.2424255687303,1.01655181794363,0.019,0.009,1
chr9-114978035-114978951,Osbpl10,0,0.2424255687303,0.986008863992275,0.019,0.009,1
chr1-21078905-21079826,Tram2,0,0.242791593850068,0.426615071165276,0.069,0.047,1
chr17-46327633-46328538,Abcc10,0,0.242799726187974,0.95945951488345,0.019,0.009,1
chr5-33819967-33820845,Whsc1,0,0.242799726187974,0.945341676571387,0.019,0.009,1
chrX-56346070-56346791,Zfp449,0,0.242799726187974,0.92280717682192,0.019,0.009,1
chr1-191575363-191576277,Ints7,0,0.242964880333473,0.470580702024876,0.057,0.037,1
chr11-72411272-72412127,Smtnl2,0,0.243003332879476,0.731904168089978,0.025,0.013,1
chr5-149228802-149229665,2310047D07Rik,1666,0.243003332879476,0.785625131594913,0.025,0.013,1
chr11-97702872-97703778,Psmb3,0,0.243549250493663,0.963606514190801,0.019,0.009,1
chr2-90744895-90745829,Fnbp4,0,0.243549250493663,0.937502513170685,0.019,0.009,1
chr6-48593312-48594121,Repin1,0,0.243549258685513,0.929756577855345,0.019,0.009,1
chr8-69774470-69775388,Gm20422,0,0.243549258685513,0.859261923341096,0.019,0.009,1
chr13-21453272-21454188,Zscan26,0,0.243924633959157,0.860012919381372,0.019,0.009,1
chr6-83121175-83122063,Wbp1,0,0.243924633959157,0.841885996144202,0.019,0.009,1
chr17-78834996-78835924,Heatr5b,0,0.244231564483337,-1.14579997755657,0.025,0.044,1
chr6-115837949-115838852,Efcab12,0,0.244255062109865,0.628510882337388,0.025,0.013,1
chr7-29155277-29156054,1110035H17Rik,0,0.244300415404282,0.736978003131052,0.019,0.009,1
chr18-46958473-46959365,Commd10,0,0.244568700564805,0.761143024374468,0.025,0.013,1
chr5-143757854-143758719,D130017N08Rik,0,0.244676603136343,0.81972829460185,0.019,0.009,1
chr2-39190356-39191229,Scai,0,0.244768594993992,0.542095853077267,0.063,0.043,1
chrX-134307608-134308503,Cenpi,0,0.244882621612475,0.671446757601861,0.025,0.013,1
chr1-63180761-63181602,Snora41,1756,0.245053197270221,0.798798409244078,0.019,0.009,1
chr15-64382138-64382999,Asap1,0,0.245053197270221,0.804709232262741,0.019,0.009,1
chr16-92300864-92301677,Smim11,0,0.245053197270221,0.742720900760547,0.019,0.009,1
chr8-35494930-35495673,Eri1,0,0.245053197270221,0.879976717492738,0.019,0.009,1
chr9-31030012-31030836,Zbtb44,0,0.245053197270221,0.768902442723696,0.019,0.009,1
chr7-83631464-83632374,Stard5,0,0.245165871467779,0.673346759320231,0.05,0.033,1
chr10-128368436-128369340,Coq10a,691,0.245430197920219,0.775035458903143,0.019,0.009,1
chr3-88949839-88950733,Ash1l,0,0.245430197920219,0.840234563920745,0.019,0.009,1
chr9-98601152-98602065,Mrps22,0,0.245430197920219,0.776263103284859,0.019,0.009,1
chrX-167382296-167383059,Prps2,0,0.245430197920219,0.769381860311514,0.019,0.009,1
chr10-43220966-43221881,Pdss2,0,0.245511311751364,0.688475910701888,0.025,0.013,1
chr13-21468050-21468899,Nkapl,0,0.245807605200063,0.93528729352214,0.019,0.009,1
chr7-131559824-131560729,Bub3,0,0.245807605200063,0.831256715717175,0.019,0.009,1
chr3-130060372-130061238,Sec24b,314,0.245826075268154,0.642977313374572,0.025,0.013,1
chr18-64660603-64661540,Atp8b1,0,0.245898902561995,-2.12938689519573,0.006,0.019,1
chr3-137863883-137864787,H2afz,0,0.245903039752917,0.514533384015753,0.05,0.032,1
chr13-47042924-47043823,Kdm1b,0,0.245944606913166,0.360169321911226,0.082,0.057,1
chr2-49450935-49451621,Epc2,0,0.24614113305446,0.582534339522308,0.025,0.013,1
chr9-64253246-64254132,Map2k1,0,0.246183405722168,-2.09539250034915,0.006,0.019,1
chr10-45577484-45578300,Hace1,0,0.246183410375435,-2.13528882714933,0.006,0.019,1
chr13-114455870-114456815,Fst,1914,0.246185419222901,0.823448964043474,0.019,0.009,1
chr4-94556302-94557123,Gm10306,0,0.246185419222901,0.730336758247812,0.019,0.009,1
chr7-109438545-109439459,1700095J03Rik,0,0.246185419222901,0.741534705899203,0.019,0.009,1
chr16-56029259-56030151,Pcnp,0,0.246468148843064,-1.9419106235389,0.006,0.019,1
chr14-104521996-104522871,Rnf219,0,0.246563640101303,0.831527263662117,0.019,0.009,1
chr18-53245147-53246052,Snx24,0,0.246753113357524,-1.88659623875244,0.006,0.019,1
chr1-51596667-51597545,Gm17767,0,0.246753118012717,-1.87354546741967,0.006,0.019,1
chr11-62920918-62921742,Tvp23bos,0,0.246942267947256,0.784945039154223,0.019,0.009,1
chr12-65075259-65076090,Fancm,0,0.246942267947256,0.773150676428461,0.019,0.009,1
chrX-7947492-7948393,Hdac6,0,0.247087981374161,0.662282981103419,0.025,0.013,1
chr2-30807309-30808223,Ntmt1,0,0.247110842583477,0.541336942851265,0.044,0.027,1
chr17-25115523-25116390,Telo2,0,0.247321302872169,0.778495967411482,0.019,0.009,1
chr7-45555509-45556427,Hsd17b14,615,0.247321302872169,0.736678822813723,0.019,0.009,1
chr15-102517751-102518606,Tarbp2,0,0.247323743991397,-1.84520173271609,0.006,0.019,1
chr3-32817291-32818167,Usp13,0,0.247609405551314,-1.84028197526116,0.006,0.019,1
chr10-25359241-25360216,Epb4.1l2,0,0.247609410209369,-1.7537335812301,0.006,0.019,1
chr2-131416243-131417140,Gm14283,997,0.247700744986867,0.741574657554879,0.019,0.009,1
chr7-140116042-140116853,Echs1,0,0.247700744986867,0.732816531615438,0.019,0.009,1
chr11-78697237-78698187,Nlk,0,0.247895302661733,-1.72901841008754,0.006,0.019,1
chr4-120569815-120570689,Ctps,0,0.247895302661733,-1.73406084807157,0.006,0.019,1
chr5-76139973-76140879,Srd5a3,0,0.247907863291197,-1.09680111013328,0.013,0.028,1
chr2-30133298-30134177,Tbc1d13,0,0.248080594401595,0.649486984484343,0.019,0.009,1
chr8-91133709-91134613,Aktip,0,0.248146641955194,0.504122683714102,0.063,0.043,1
chr5-135008772-135009398,Abhd11,0,0.248181421392548,-1.67363433878424,0.006,0.019,1
chr17-25844111-25845010,Rhot2,0,0.2483544230502,0.606444287364108,0.025,0.013,1
chr19-5488724-5489590,Mus81,321,0.248460843004639,0.5815353659816,0.019,0.009,1
chr9-72437983-72438977,Mns1,0,0.248460851226011,0.658131687925195,0.019,0.009,1
chr7-97737639-97738505,Aqp11,0,0.249328229930898,-1.60327664817585,0.006,0.019,1
chr7-93079384-93080309,Fam181b,0,0.249943844319778,0.490594675065886,0.025,0.013,1
chr8-3621025-3621919,Xab2,0,0.250135395426455,-1.07942781179833,0.019,0.036,1
chr10-13500751-13501631,Fuca2,1210,0.250339683462761,0.466497475568128,0.038,0.023,1
chr6-85374349-85375271,Rab11fip5,0,0.251055371755232,-1.53881039048809,0.006,0.019,1
chr12-40222926-40223679,Mir1938,114,0.251530558262637,0.538648049192734,0.057,0.038,1
chr4-16163342-16164270,Ripk2,0,0.251824860309863,0.307766463520361,0.132,0.099,1
chr7-25267554-25268354,Cic,0,0.252078131592178,-1.15720490277272,0.025,0.043,1
chr16-36071341-36072161,Fam162a,0,0.252211427870246,-1.4705264687599,0.006,0.019,1
chr2-122368733-122369645,Shf,0,0.252501020836703,-1.45858730243107,0.006,0.019,1
chr12-91589800-91590655,Gtf2a1,0,0.252667605957827,0.818532415459653,0.031,0.018,1
chr3-54807524-54808455,Rfxap,0,0.252945082585023,0.811007513286247,0.031,0.018,1
chr1-66174737-66175623,Map2,0,0.252945086866467,0.754412432887054,0.031,0.018,1
chr18-34931638-34932549,Etf1,0,0.253371185212984,-1.39144690971957,0.006,0.019,1
chr5-21424455-21425317,Ccdc146,0,0.254231895762302,-1.41638111226187,0.013,0.027,1
chr8-93809966-93810944,Gnao1,0,0.254288645793443,0.734242591527449,0.038,0.023,1
chr8-45332706-45333622,Cyp4v3,0,0.254335671236118,0.721801850262808,0.031,0.018,1
chr13-104816612-104817527,Cwc27,0,0.255032956631446,0.740843057343939,0.031,0.018,1
chr8-92355699-92356593,Crnde,0,0.255451965346143,0.760423311660865,0.031,0.018,1
chr6-30401309-30402209,Klhdc10,0,0.256571664704312,0.763676190853613,0.031,0.018,1
chr11-61493998-61494918,Mapk7,0,0.256894752949401,-1.35598326414822,0.013,0.027,1
chr2-73386210-73387106,D230022J07Rik,0,0.257742836229614,0.34625615475014,0.075,0.053,1
chr7-89940751-89941630,l7Rn6,0,0.257976065380789,0.697316290724337,0.031,0.018,1
chr15-39943564-39944472,Lrp12,0,0.258111519151608,-1.2466463961426,0.013,0.027,1
chr3-105687184-105688057,Ddx20,0,0.258539321599164,0.711849476992353,0.031,0.018,1
chr4-47056951-47057838,Anks6,0,0.258539321599164,0.708951542110115,0.031,0.018,1
chr7-140125150-140126065,Paox,0,0.259015063594622,0.596170976203967,0.044,0.028,1
chr2-166905721-166906602,Cse1l,0,0.259332275676332,-1.16529678055107,0.013,0.027,1
chr15-4026014-4026923,Oxct1,0,0.259385796721291,0.690989122310765,0.031,0.018,1
chr4-21847394-21848151,Pnisr,0,0.259668381163734,0.65116113532841,0.031,0.018,1
chr18-21001292-21002203,Rnf138,0,0.259854226252624,0.44515951393514,0.075,0.053,1
chr13-112987295-112988191,Ccno,0,0.260234180756515,0.659348564943641,0.031,0.018,1
chr5-135632222-135633102,Rhbdd2,0,0.260234189357169,0.606429585076366,0.031,0.018,1
chr7-44986200-44987117,Gm15545,0,0.260633867400586,-1.10226196237882,0.019,0.035,1
chr9-35210589-35211510,Foxred1,0,0.261293793003631,-1.19577100288135,0.013,0.027,1
chr2-180273114-180274003,Cables2,0,0.261584564614228,0.656952476805436,0.038,0.023,1
chr18-56925195-56926100,March3,0,0.261791128636749,0.608342149845426,0.044,0.028,1
chr2-113848195-113849075,Arhgap11a,0,0.261936730841623,0.589922583204531,0.031,0.018,1
chr10-81059878-81060752,Sgta,0,0.261938012692372,-2.00575550728321,0.006,0.018,1
chr17-37045640-37046458,Gabbr1,0,0.261938012692372,-2.20111256269958,0.006,0.018,1
chr19-4169157-4170026,Gm17552,0,0.262434239053912,-0.842258476613171,0.019,0.036,1
chr1-75124452-75125480,Nhej1,0,0.262542196015667,-1.93945244324937,0.006,0.018,1
chr11-6528340-6529192,Gm11974,0,0.262799450191489,1.03149206537512,0.025,0.014,1
chr10-80900516-80901378,Timm13,0,0.263147341057041,-1.96631188724521,0.006,0.018,1
chr6-128845093-128845952,Gm26656,1306,0.263147341057041,-1.75110265692333,0.006,0.018,1
chr1-165460435-165461306,Mpc2,0,0.263208293645416,0.40795569736825,0.082,0.059,1
chr3-59343912-59344833,RP23-314I1.1,0,0.263361382493679,0.61113498550608,0.031,0.018,1
chr15-79140838-79141742,1700088E04Rik,0,0.263450274318827,-1.77701521489401,0.006,0.018,1
chr9-123112737-123113662,Zdhhc3,0,0.263646953261393,0.61097008854144,0.031,0.018,1
chr17-24351483-24352395,Abca3,0,0.263753448125892,-1.66966809194366,0.006,0.018,1
chr17-45506470-45507382,Aars2,0,0.264056862516382,-1.76255651514208,0.006,0.018,1
chr5-138279658-138280553,Gpc2,0,0.264056862516382,-1.66653372561719,0.006,0.018,1
chr9-121857311-121858259,Higd1a,0,0.264056862516382,-1.67624991205177,0.006,0.018,1
chr11-79992631-79993545,Suz12,0,0.264218735490814,0.611026129160227,0.031,0.018,1
chr11-103966001-103967011,Arf2,0,0.264218735490814,0.587009260451816,0.031,0.018,1
chr6-113306170-113307095,Brpf1,85,0.264306224994319,-0.775197323511419,0.025,0.044,1
chr5-142905597-142906461,Actb,292,0.264360517528231,-1.63557007792497,0.006,0.018,1
chr7-39552167-39553080,Gm4790,0,0.264360517528231,-1.70722663944755,0.006,0.018,1
chr6-106799668-106800558,Crbn,0,0.264645481480136,0.659319005750357,0.038,0.023,1
chr13-3537584-3538473,Gdi2,0,0.264821650641438,0.5609996156976,0.044,0.028,1
chr7-35396477-35397381,Cep89,0,0.264968549566671,-1.63083016070286,0.006,0.018,1
chr1-97661561-97662491,D1Ertd622e,0,0.265272926668067,-1.61869957446882,0.006,0.018,1
chr10-59879213-59880063,Dnajb12,0,0.265272926668067,-1.58813758310653,0.006,0.018,1
chr11-120672758-120673651,Aspscr1,0,0.265577544540426,-1.58668690873964,0.006,0.018,1
chr1-165236548-165237445,Tiprl,0,0.266492838290586,-1.53771851644684,0.006,0.018,1
chr9-92457345-92458334,Plscr4,0,0.2664928431509,-1.51956531354814,0.006,0.018,1
chr4-137593425-137594324,Usp48,0,0.26680232887109,0.545773311782863,0.031,0.018,1
chr13-60177241-60178136,Gas1,0,0.267410310014486,-1.46101835648969,0.006,0.018,1
chr6-41604990-41605905,Ephb6,0,0.267556692535556,-1.32292346116665,0.019,0.035,1
chr13-108315824-108316758,Gm2822,0,0.26783795644872,-1.00354704410295,0.019,0.035,1
chr4-118179480-118180382,Kdm4a,0,0.268023159653296,-1.43658760996053,0.006,0.018,1
chr1-150392693-150393615,Tpr,0,0.268080900405629,0.548790448456507,0.05,0.033,1
chr15-98917778-98918654,Lmbr1l,0,0.268944242411359,-1.34096867904488,0.006,0.018,1
chr5-107597279-107598168,Rpap2,0,0.269057539236612,0.526741204844663,0.044,0.028,1
chr6-6955519-6956409,Gm26774,0,0.269294225360846,0.504073358664146,0.044,0.028,1
chr12-32953674-32954558,4933406C10Rik,0,0.269400280155586,-1.42415445486986,0.013,0.027,1
chr1-74284405-74285333,Pnkd,0,0.269412605854113,0.572926147447089,0.038,0.023,1
chr2-31962211-31963129,Gm13442,0,0.269867495961283,-1.26740285477471,0.006,0.018,1
chr10-18545575-18546476,Hebp2,0,0.269958736785723,1.51906917360676,0.013,0.005,1
chr1-64737382-64738257,Fzd5,0,0.270162112851638,-1.27885367987203,0.013,0.027,1
chr18-7579161-7580171,Fabp5l2,1344,0.270175729702301,-1.32465248164971,0.006,0.018,1
chr9-18291757-18292596,Chordc1,0,0.270416393903776,-1.42548715497965,0.013,0.027,1
chr12-85374666-85375188,Tmed10,0,0.270473553843964,1.53653897767792,0.013,0.005,1
chr7-116503809-116504727,Nucb2,0,0.270958589270029,-0.943218338816143,0.025,0.043,1
chr17-26715966-26716834,Crebrf,315,0.270980915819504,0.837077381196747,0.025,0.014,1
chr11-98699600-98700445,Csf3,817,0.270989043561497,1.57107394486507,0.013,0.005,1
chr8-125054080-125055017,Disc1,0,0.270989043561497,1.32776610409156,0.013,0.005,1
chr1-191820965-191821878,Nek2,0,0.271101879069459,-1.22437442093506,0.006,0.018,1
chr15-100761364-100762251,Slc4a8,0,0.271435128813831,-1.27336365015576,0.013,0.027,1
chr12-99964092-99964857,Kcnk13,0,0.271505206092511,1.44830342812831,0.013,0.005,1
chr12-105188739-105189641,Tcl1b3,1401,0.271505206092511,1.32932572846412,0.013,0.005,1
chr2-158258500-158259373,Bpi,405,0.271505206092511,1.34616709141169,0.013,0.005,1
chr7-99267752-99268655,Map6,304,0.271505206092511,1.4110653736707,0.013,0.005,1
chr13-74208308-74209179,Exoc3,0,0.271622545136226,0.552226864556157,0.038,0.023,1
chr5-33274726-33275582,Ctbp1,0,0.271907172726054,0.485477428257716,0.044,0.028,1
chr17-36951295-36952161,Ppp1r11,0,0.271974294563803,0.898898329241499,0.025,0.014,1
chr8-75093239-75094136,Hmox1,0,0.271974294563803,0.816410884838105,0.025,0.014,1
chr11-46436603-46437436,Med7,0,0.272021526016081,0.37106114223468,0.031,0.018,1
chr10-82178145-82178996,Gm15608,0,0.272022041589505,1.25886438439563,0.013,0.005,1
chr16-3839295-3840109,Olfr15,319,0.272022041589505,1.34903505095041,0.013,0.005,1
chr7-45830465-45831328,Grwd1,0,0.272022041589505,1.41162016221151,0.013,0.005,1
chr10-81292426-81293353,Pip5k1c,0,0.272200908813,-1.24368250330434,0.013,0.027,1
chr7-35753966-35754895,Dpy19l3,0,0.272305968552867,0.865040344103137,0.025,0.014,1
chr6-70843865-70844784,Eif2ak3,0,0.272505164245164,0.397765027188257,0.057,0.038,1
chr17-22739278-22740181,Gm5493,0,0.272539550203287,1.47491878846053,0.013,0.005,1
chr19-46348573-46349503,2310034G01Rik,798,0.272539550203287,1.41559195547548,0.013,0.005,1
chr5-125433687-125434555,Dhx37,0,0.272539550203287,1.49858987188527,0.013,0.005,1
chr13-108158234-108159130,Ndufaf2,0,0.272622794429132,0.501179873309183,0.044,0.028,1
chr9-89826868-89827800,4930524O08Rik,348,0.272637919268156,0.81180739524947,0.025,0.014,1
chr4-86748110-86748977,Dennd4c,0,0.272968159610427,-1.15644163385065,0.013,0.027,1
chr19-42431582-42432028,Crtac1,0,0.273057718497381,1.21164573030784,0.013,0.005,1
chr1-173349734-173350560,Aim2,318,0.273057732082969,1.24765419245946,0.013,0.005,1
chr12-111377269-111378135,Cdc42bpb,0,0.273302673374197,0.831227518695197,0.025,0.014,1
chr17-46383093-46384009,Zfp318,0,0.273370610283961,-1.19200259667601,0.019,0.035,1
chr10-41489873-41490795,Smpd2,0,0.273576587375964,1.23909867369174,0.013,0.005,1
chr11-98357963-98358881,Stard3,0,0.273576587375964,1.31216618146102,0.013,0.005,1
chr14-32597162-32598106,Prrxl1,1300,0.273576587375964,1.33615936645907,0.013,0.005,1
chr9-20606892-20607830,Fbxl12os,0,0.273576587375964,1.29097806390096,0.013,0.005,1
chr9-64116581-64117502,Lctl,0,0.273576587375964,1.22882869978879,0.013,0.005,1
chr10-31312927-31313837,Hddc2,0,0.273635454505007,0.762094747325035,0.025,0.014,1
chr8-106337642-106338559,Smpd3,0,0.273758606998493,0.536684523339218,0.057,0.038,1
chr17-15395687-15396595,Fam120b,0,0.273968523690211,0.763204640532443,0.025,0.014,1
chr1-193035592-193036556,Syt14,0,0.274096116227988,1.18969244729518,0.013,0.005,1
chr16-4725898-4726804,Hmox2,0,0.274096116227988,1.24359673763786,0.013,0.005,1
chr17-29716639-29717601,Ccdc167,0,0.274096116227988,1.18390125873801,0.013,0.005,1
chr19-48203535-48204406,Sorcs3,1618,0.274096116227988,1.29363187199448,0.013,0.005,1
chr2-28582616-28583420,Gtf3c5,330,0.274096116227988,1.22763728913988,0.013,0.005,1
chr2-150362303-150363191,3300002I08Rik,0,0.274096116227988,1.32288362199531,0.013,0.005,1
chr3-79852322-79853137,Tmem144,0,0.274096116227988,1.19630765365554,0.013,0.005,1
chr5-33335040-33335959,Maea,0,0.274096116227988,1.20421217907093,0.013,0.005,1
chrX-114473884-114474744,Klhl4,0,0.274096116227988,1.16606082530885,0.013,0.005,1
chr13-51644690-51645608,Cks2,0,0.274301864210125,0.781535504885349,0.025,0.014,1
chr2-170510839-170511710,Gm16796,216,0.274301864210125,0.76996300949177,0.025,0.014,1
chr6-86396495-86397431,Pcyox1,0,0.274301864210125,0.750854779775778,0.025,0.014,1
chr14-65262053-65262951,Fzd3,0,0.274616305188747,1.20990576536789,0.013,0.005,1
chr1-182517106-182518019,Capn2,0,0.27461631878305,1.22747712259945,0.013,0.005,1
chr11-69325854-69326716,Kcnab3,0,0.27461631878305,1.28128790829285,0.013,0.005,1
chr14-26579227-26580060,Dennd6a,0,0.27461631878305,1.13669645665818,0.013,0.005,1
chr15-94464693-94465609,Adamts20,0,0.27461631878305,1.15271938944703,0.013,0.005,1
chr2-80851053-80851928,Gm22652,764,0.27461631878305,1.2043806245909,0.013,0.005,1
chr4-99193560-99194489,Atg4c,0,0.27461631878305,1.25468419997403,0.013,0.005,1
chr14-57571077-57571992,N6amt2,0,0.274635481688333,0.810991462948073,0.025,0.014,1
chr18-31609331-31610270,B930094E09Rik,0,0.274635481688333,0.83053662403771,0.025,0.014,1
chr17-35969372-35970293,Abcf1,0,0.274969370573323,0.75884247244952,0.025,0.014,1
chr15-27465885-27466815,Ank,0,0.275137195183456,1.14104495549739,0.013,0.005,1
chr19-6067604-6068330,Tm7sf2,42,0.275137195183456,1.13992010441685,0.013,0.005,1
chr19-24030438-24031384,Fam189a2,0,0.275137195183456,1.23695508954603,0.013,0.005,1
chr3-95819174-95820084,Rprd2,220,0.275137195183456,1.25805111024302,0.013,0.005,1
chr5-104432562-104433461,Spp1,1656,0.275137195183456,1.12774717311099,0.013,0.005,1
chr5-129669641-129670471,Zfp11,0,0.275137195183456,1.12791636084157,0.013,0.005,1
chr2-18997725-18998637,4930426L09Rik,0,0.275303547668972,0.6579059960463,0.025,0.014,1
chr7-7136131-7137128,Zfp773,0,0.275552651648382,0.487161810840809,0.038,0.023,1
chr17-45663020-45663951,Gm16172,0,0.275658731969857,1.15361045517456,0.013,0.005,1
chr1-38767638-38768397,RP24-187B13.3,453,0.275658745569799,1.09601450206917,0.013,0.005,1
chr1-135105784-135106640,Lgr6,507,0.275658745569799,1.03984716210317,0.013,0.005,1
chr15-35937313-35937781,Cox6c,464,0.275658745569799,1.05726004587962,0.013,0.005,1
chr16-94526228-94527165,Dscr3,0,0.275658745569799,1.03044669718169,0.013,0.005,1
chr18-60560339-60561219,Rbm22,0,0.275658745569799,1.07417986394503,0.013,0.005,1
chr19-4961658-4962558,Mrpl11,0,0.275658745569799,1.10125593924732,0.013,0.005,1
chr3-10306684-10307458,RP23-436F15.3,1563,0.275658745569799,1.06190621497452,0.013,0.005,1
chr3-108145623-108146459,Gnai3,0,0.275658745569799,1.15698228564024,0.013,0.005,1
chr6-128143225-128143993,Tspan9,0,0.275658745569799,1.00050338546298,0.013,0.005,1
chrX-136867934-136868914,Rab9b,0,0.275658745569799,1.10116899839952,0.013,0.005,1
chr7-120634722-120635612,Uqcrc2,0,0.275805318855322,0.709203151393587,0.025,0.014,1
chr2-181187274-181187905,Ppdpf,26,0.275972721927918,0.702856721870776,0.025,0.014,1
chr2-32712739-32713732,Mir2861,0,0.27607664209846,-0.890898453739947,0.019,0.035,1
chr1-91483125-91483972,Gm28382,100,0.276180970080963,1.08994894665297,0.013,0.005,1
chr1-182764717-182765527,Susd4,856,0.276180970080963,1.06901919555833,0.013,0.005,1
chr11-95414466-95415201,Spop,385,0.276180970080963,1.13931644677887,0.013,0.005,1
chr16-93071816-93072608,Gm28003,146,0.276180970080963,1.03243885002298,0.013,0.005,1
chr2-130449611-130450531,Ptpra,0,0.276180970080963,1.12171541721151,0.013,0.005,1
chr4-108165010-108165973,Echdc2,0,0.276180970080963,1.01282316279353,0.013,0.005,1
chr4-124861960-124862837,Maneal,0,0.276180970080963,1.03414933714996,0.013,0.005,1
chr4-139343539-139344393,Gm13019,1355,0.276180970080963,1.11951047042244,0.013,0.005,1
chr5-147429741-147430585,Pan3,0,0.276180970080963,1.15118633919736,0.013,0.005,1
chr1-59762950-59763864,Bmpr2,0,0.276307724752924,0.769883861564149,0.025,0.014,1
chr3-138489110-138489994,Metap1,0,0.276607204193932,0.426939810759401,0.038,0.023,1
chr7-6729383-6730000,Peg3,420,0.276643004756328,0.682913635492451,0.025,0.014,1
chr1-38835779-38836667,Lonrf2,43,0.276703868854116,1.08747491316962,0.013,0.005,1
chr11-53519295-53520230,Sept8,37,0.276703868854116,1.07411525373302,0.013,0.005,1
chr18-24652405-24653195,Mocos,495,0.276703868854116,1.04967692434539,0.013,0.005,1
chr6-87730412-87731301,Efcc1,0,0.276703868854116,0.999686941081984,0.013,0.005,1
chr6-129033126-129033996,Gm16186,1449,0.276703868854116,1.09625957857313,0.013,0.005,1
chr15-25621966-25622857,Myo10,0,0.277188374181466,0.84787200857543,0.031,0.019,1
chr17-32809507-32810269,Gm26693,0,0.277227428416571,0.821810360013515,0.013,0.005,1
chr11-63920224-63921151,Hs3st3b1,1138,0.27722744202471,1.04279433199359,0.013,0.005,1
chr14-63859995-63860781,Pinx1,0,0.27722744202471,1.08054039814799,0.013,0.005,1
chr16-35768638-35769483,Dirc2,0,0.27722744202471,0.980149952583041,0.013,0.005,1
chr17-66519318-66520080,Rab12,0,0.27722744202471,0.859510635632576,0.013,0.005,1
chr19-4100235-4101123,Pitpnm1,236,0.27722744202471,0.998877960585085,0.013,0.005,1
chr6-83441281-83442186,B230319C09Rik,0,0.27722744202471,0.882042938447293,0.013,0.005,1
chr7-16453388-16454008,Tmem160,608,0.27722744202471,0.92084920682064,0.013,0.005,1
chr7-48876255-48877160,Gm2788,797,0.27722744202471,0.977931109213261,0.013,0.005,1
chr7-118115784-118116675,Rps15a,0,0.27722744202471,1.03211813172038,0.013,0.005,1
chr8-70316867-70317779,Cers1,1091,0.27722744202471,1.00896587156747,0.013,0.005,1
chr8-70476492-70477359,Klhl26,0,0.27722744202471,0.914543309648688,0.013,0.005,1
chr8-119446025-119446927,Necab2,0,0.27722744202471,0.966313115565246,0.013,0.005,1
chr9-31082015-31082855,Gm17508,0,0.27722744202471,1.03284874254933,0.013,0.005,1
chr9-46282561-46283457,Bud13,0,0.27722744202471,1.03790826037454,0.013,0.005,1
chr9-108578312-108579214,Wdr6,0,0.27722744202471,1.04872241153338,0.013,0.005,1
chrX-8132032-8132887,Wdr13,4,0.27722744202471,1.0145405403332,0.013,0.005,1
chrX-73227903-73228493,F8a,0,0.27722744202471,0.930856613680552,0.013,0.005,1
chr1-91297812-91298701,Scly,0,0.277314396440721,0.682685306903264,0.025,0.014,1
chr13-110394240-110394741,Plk2,302,0.277314396440721,0.670021328681601,0.025,0.014,1
chr8-25976286-25977177,Hgsnat,0,0.277399919149651,0.444986003966755,0.038,0.023,1
chr18-73572027-73572910,Mex3c,133,0.277418640599965,0.42714122031719,0.063,0.043,1
chr15-89075459-89076287,1810021B22Rik,0,0.277650508192177,0.71849859250947,0.025,0.014,1
chr1-174501398-174502242,Fmn2,0,0.277751689726476,0.962185829811202,0.013,0.005,1
chr10-39165464-39166384,Wisp3,1669,0.277751689726476,1.08104457719191,0.013,0.005,1
chr11-83941710-83942613,Ddx52,0,0.277751689726476,0.958562993044523,0.013,0.005,1
chr3-122728465-122729351,Pde5a,0,0.277751689726476,0.951137804722569,0.013,0.005,1
chr4-56864916-56865666,Ctnnal1,0,0.277751689726476,0.993033834327342,0.013,0.005,1
chr6-72543065-72543841,Capg,549,0.277751689726476,0.867405266489975,0.013,0.005,1
chr6-101197480-101198173,Gm26911,395,0.277751689726476,0.898560007616061,0.013,0.005,1
chr7-25072661-25073668,Grik5,291,0.277751689726476,0.745966711609504,0.013,0.005,1
chr7-27731002-27731892,Zfp60,0,0.277751689726476,0.876670519441334,0.013,0.005,1
chr10-87860158-87861067,Igf1,1892,0.27827661209142,0.81820395789429,0.013,0.005,1
chr11-60114866-60115747,4930412M03Rik,0,0.27827661209142,0.733059564892296,0.013,0.005,1
chr14-27038774-27039470,Il17rd,0,0.27827661209142,0.977688807705511,0.013,0.005,1
chr16-44767699-44768648,Cd200r1,1962,0.27827661209142,0.76977019191526,0.013,0.005,1
chr17-26946345-26947259,Mir3083,859,0.27827661209142,0.825823955675697,0.013,0.005,1
chr2-119787164-119788043,Rpap1,0,0.27827661209142,0.984305816117344,0.013,0.005,1
chr2-152395855-152396760,Sox12,1302,0.27827661209142,0.949607787063306,0.013,0.005,1
chr5-120792906-120793827,Oas1e,1702,0.27827661209142,0.762297214563631,0.013,0.005,1
chr9-20887721-20888625,Ppan,0,0.27827661209142,0.654495073561022,0.013,0.005,1
chr9-90054196-90055018,Ctsh,43,0.27827661209142,0.917643851985189,0.013,0.005,1
chr9-106886771-106887653,Rbm15b,0,0.27827661209142,0.96815688710464,0.013,0.005,1
chrX-56374189-56375105,6330419J24Rik,0,0.27827661209142,0.840020155558623,0.013,0.005,1
chr6-118561849-118562690,Ankrd26,0,0.278422575183652,1.1681542786636,0.019,0.01,1
chr17-24719521-24720428,Snora78,0,0.278660507500268,0.665274384817566,0.025,0.014,1
chr2-129065557-129066432,Ttl,0,0.278660507500268,0.652161073097306,0.025,0.014,1
chr12-111671956-111672877,Ckb,0,0.278802209249825,0.859686931339915,0.013,0.005,1
chrX-82176456-82177398,Gm26174,1055,0.278802209249825,0.733018747000108,0.013,0.005,1
chr9-78395399-78396284,Ddx43,0,0.279065247299508,0.628543968964589,0.013,0.005,1
chr3-87174334-87175168,Kirrel,0,0.27922476568018,1.15376153111522,0.019,0.01,1
chr11-6625643-6626579,Tbrg4,0,0.279328481330245,0.615674241869816,0.013,0.005,1
chr11-93955466-93956312,Nme2,0,0.279328481330245,0.836175934457472,0.013,0.005,1
chr15-36173213-36174182,Polr2k,0,0.279328481330245,0.513648969059203,0.013,0.005,1
chr2-37442734-37443590,Rabgap1,0,0.279328481330245,0.667629291878646,0.013,0.005,1
chr2-152553725-152554608,Gm14161,0,0.279328481330245,0.787043321527395,0.013,0.005,1
chrX-136244730-136245544,Wbp5,0,0.279328481330245,0.514976719024082,0.013,0.005,1
chr2-38286875-38287739,Dennd1a,0,0.279335221827047,0.558529848903074,0.025,0.014,1
chr5-92117598-92118485,Gm24931,0,0.279335227425169,0.638346693911294,0.025,0.014,1
chr8-83899348-83900271,Gm26721,0,0.279335227425169,0.621542568687168,0.025,0.014,1
chr1-22805735-22806590,Rims1,10,0.280011057305529,0.685145813376593,0.025,0.014,1
chr17-56935129-56936045,Mllt1,0,0.280290684465168,0.721570592491202,0.038,0.024,1
chr7-57386650-57387479,Gm9962,0,0.28034938856143,0.646417062182391,0.025,0.014,1
chr3-114029940-114030811,Col11a1,0,0.280384461547416,-1.87330528225557,0.006,0.018,1
chr12-11455575-11456449,Rad51ap2,0,0.280705984426068,-1.6734036474287,0.006,0.018,1
chr17-27820293-27821400,D17Wsu92e,0,0.280705984426068,-1.69933367229488,0.006,0.018,1
chr4-88867208-88868023,4930553M12Rik,355,0.280705984426068,-1.75105073401115,0.006,0.018,1
chr7-143822446-143823339,Dhcr7,0,0.280722099921376,0.690091723187886,0.05,0.034,1
chr8-105170148-105171072,Cbfb,0,0.280833841903889,1.03045176248798,0.019,0.01,1
chr17-24549499-24550370,Pkd1,0,0.28089729959328,-0.814791466212314,0.025,0.043,1
chr18-89769075-89769881,Dok6,0,0.281026878265562,0.634665603703837,0.025,0.014,1
chr9-37613324-37614248,Spa17,0,0.28102775758335,-1.59123758368052,0.006,0.018,1
chr10-42501544-42502446,Snx3,0,0.281349781046533,-1.64933351102394,0.006,0.018,1
chr2-156196365-156197224,Phf20,0,0.281349781046533,-1.64999208046537,0.006,0.018,1
chr17-7945459-7946344,Rsph3a,0,0.281366047980613,0.555789322470927,0.025,0.014,1
chr2-134643661-134644517,Tmx4,0,0.281585966356874,0.767870714413513,0.031,0.019,1
chr11-88203734-88204582,Mrps23,0,0.281640728499575,1.01005481841025,0.019,0.01,1
chr13-71104939-71105770,Mir466f-4,1318,0.281640736425569,1.09701392416494,0.019,0.01,1
chr10-95563829-95564736,Nudt4,0,0.281672049791838,-1.53882121383083,0.006,0.018,1
chr10-81136984-81137932,Zbtb7a,1763,0.28167205484265,-1.64517033040683,0.006,0.018,1
chr8-83332096-83332970,Elmod2,0,0.282252398355151,-0.921348778027657,0.019,0.035,1
chr3-63928817-63929751,E130311K13Rik,0,0.282271408209233,-1.4737869542409,0.013,0.026,1
chr2-61494071-61494927,Gm22338,1304,0.28231735354061,-1.5425397061551,0.006,0.018,1
chr15-3582957-3583854,Ghr,0,0.282766610293937,0.716339043058814,0.031,0.019,1
chr13-17943805-17944706,Rala,0,0.282801200261243,0.701782988924018,0.038,0.024,1
chr1-36067876-36068780,Hs6st1,0,0.282854016988609,0.991857755160441,0.019,0.01,1
chr16-62853942-62854790,Pros1,0,0.283210215516406,0.744349757182056,0.031,0.019,1
chr15-78405845-78406549,Tst,0,0.283259240411307,1.07798622000701,0.019,0.01,1
chr18-9211673-9212563,Fzd8,292,0.283287174693113,-1.45578940117463,0.006,0.018,1
chr13-38634481-38635352,Bloc1s5,0,0.283610956094502,-1.46247074528398,0.006,0.018,1
chr9-54916772-54917662,Hykk,0,0.283610956094502,-1.5384749105975,0.006,0.018,1
chr4-109201677-109202486,Osbpl9,0,0.283664848987493,0.972679912432204,0.019,0.01,1
chr10-44529123-44530015,Prdm1,621,0.284070850696098,0.971980926240839,0.019,0.01,1
chr9-87740384-87741280,RP23-353O7.3,363,0.284070850696098,0.905390466733749,0.019,0.01,1
chr4-86575115-86575977,Rraga,0,0.284212333147984,0.573113862678471,0.044,0.029,1
chr18-45267966-45268781,Kcnn2,78,0.284259260361809,-1.49222124611952,0.006,0.018,1
chr15-59081706-59082721,Mtss1,0,0.28447723765323,1.00794731651441,0.019,0.01,1
chr1-193272595-193273440,G0s2,0,0.284477245586343,0.926219572013772,0.019,0.01,1
chr13-3360689-3361592,Gm16505,0,0.284477245586343,0.949624746077565,0.019,0.01,1
chr5-121452138-121453189,Erp29,0,0.284477245586343,0.934851610011243,0.019,0.01,1
chr8-64692561-64693451,Cpe,0,0.284477245586343,0.989259427787163,0.019,0.01,1
chr1-44551325-44552134,Gulp1,0,0.284583788331144,-1.44600999759979,0.006,0.018,1
chr7-99483234-99484168,Rps3,0,0.284583788331144,-1.4409446471039,0.006,0.018,1
chr12-11265528-11266432,Gen1,0,0.284748409030915,0.427182497544374,0.057,0.038,1
chr5-122157771-122158670,Ppp1cc,0,0.284884033706852,1.01490182892531,0.019,0.01,1
chr19-9982185-9983089,Fth1,0,0.284908566890514,-1.41418333024626,0.006,0.018,1
chr14-46759999-46760914,Cdkn3,0,0.284927108070318,-1.2400364043543,0.013,0.026,1
chr9-66795207-66796109,Aph1b,0,0.285255997417107,-0.872097253480654,0.019,0.035,1
chr11-53706907-53707684,Rad50,0,0.285291215105657,0.936854714447431,0.019,0.01,1
chr11-94629243-94630147,Lrrc59,0,0.285291215105657,0.901519261865886,0.019,0.01,1
chr5-139484158-139485077,Zfand2a,0,0.285291215105657,0.964179253135314,0.019,0.01,1
chr3-59005364-59006316,Med12l,661,0.285494953299267,0.804647017925042,0.019,0.01,1
chr10-128411236-128412071,Nabp2,0,0.285698781894208,0.977289565255646,0.019,0.01,1
chr12-52097364-52098236,Nubpl,0,0.285698789830191,0.899828551965516,0.019,0.01,1
chr12-99627565-99628541,1700064M15Rik,0,0.285698789830191,0.912966028541763,0.019,0.01,1
chr17-56256469-56256872,Fem1a,0,0.285698789830191,0.859479073204962,0.019,0.01,1
chr3-89418003-89418876,Cks1b,0,0.285698789830191,0.94096476231921,0.019,0.01,1
chr5-110448160-110449117,Fbrsl1,0,0.285698789830191,0.881742171570932,0.019,0.01,1
chrX-8096439-8097320,Gm6787,0,0.285698789830191,0.897415582744466,0.019,0.01,1
chr9-7872526-7873404,Birc3,0,0.286106757927293,0.825548146271152,0.019,0.01,1
chrX-44789739-44790546,Dcaf12l1,0,0.286106757927293,0.822643650724327,0.019,0.01,1
chr11-102697371-102698272,Ccdc43,0,0.286515119443202,0.792667040252582,0.019,0.01,1
chr4-132074921-132075750,Epb4.1,0,0.286515119443202,0.870269934929237,0.019,0.01,1
chr1-71102588-71103412,Bard1,0,0.286626853430802,0.671297662813839,0.031,0.019,1
chr15-18818249-18819173,C030047K22Rik,0,0.286862501986014,-1.29592015634507,0.006,0.018,1
chr3-89349617-89350498,Adam15,0,0.286923866484814,0.903517443446234,0.019,0.01,1
chr6-38380981-38381923,Ttc26,0,0.286923874423559,0.846869238228436,0.019,0.01,1
chr18-42510926-42511820,Tcerg1,0,0.286981682467132,0.444200399559249,0.057,0.038,1
chr10-61980158-61981053,Col13a1,1049,0.287333022913409,0.822547443272704,0.019,0.01,1
chr17-57059992-57060852,Slc25a23,128,0.287333022913409,0.787671113334982,0.019,0.01,1
chr6-138422608-138423483,A830011K09Rik,0,0.287333022913409,0.829722934581721,0.019,0.01,1
chr6-148214583-148215573,Gm17216,9,0.287333022913409,0.899649067575298,0.019,0.01,1
chr7-45466340-45467194,Bax,0,0.287333022913409,0.822238902030305,0.019,0.01,1
chr8-71881537-71882459,Zfp709,0,0.287333022913409,0.785675134103019,0.019,0.01,1
chr13-38204513-38205396,Snrnp48,0,0.287522707999287,0.647818301156377,0.031,0.019,1
chr1-82291056-82291909,Irs1,0,0.287599653190781,0.610880387255449,0.038,0.024,1
chr10-128821249-128822166,Ormdl2,0,0.287742564957193,0.870829684249134,0.019,0.01,1
chr11-80476478-80477363,Cdk5r1,0,0.287742564957193,0.819234443681503,0.019,0.01,1
chr6-38534581-38535341,1110001J03Rik,1078,0.287742564957193,0.869768456092554,0.019,0.01,1
chr7-128610810-128611694,Inpp5f,0,0.287867834881897,0.638223169757264,0.038,0.024,1
chr17-44078411-44079311,Enpp5,0,0.287971334544244,0.667542297229367,0.031,0.019,1
chr8-75033345-75034275,Tom1,0,0.287990463321755,0.307725008426726,0.082,0.059,1
chr13-54693677-54694563,Rnf44,0,0.288047667292786,-0.62392955067581,0.038,0.058,1
chr12-98901022-98901868,Eml5,0,0.288152500598756,0.771890861187321,0.019,0.01,1
chr17-87265521-87266371,Mcfd2,0,0.288152500598756,0.788026540377253,0.019,0.01,1
chr2-84727021-84727905,Clp1,0,0.288152500598756,0.873446561394086,0.019,0.01,1
chr3-116613945-116614832,Trmt13,0,0.288152500598756,0.796132232680207,0.019,0.01,1
chr5-129886993-129887895,Chchd2,0,0.288152500598756,0.857243014962292,0.019,0.01,1
chr16-16870349-16871240,Top3b,0,0.288170140180595,-1.20768647574116,0.006,0.018,1
chr5-41843780-41844648,Bod1l,0,0.288170140180595,-1.11970971027159,0.006,0.018,1
chr12-36373358-36374166,Gm25438,0,0.28856282988134,0.761376760560883,0.019,0.01,1
chr15-79327819-79328718,Pla2g6,0,0.28856282988134,0.798593941755623,0.019,0.01,1
chr7-45136015-45136880,Flt3l,0,0.28856282988134,0.766236498391948,0.019,0.01,1
chr4-154160324-154161229,Tprgl,0,0.288942248045415,-1.11107546494785,0.013,0.026,1
chr11-77607461-77608341,Taok1,0,0.288973552847585,0.685533571422093,0.019,0.01,1
chr12-17011257-17012115,2410004P03Rik,0,0.288973552847585,0.610987567123642,0.019,0.01,1
chr13-111808959-111809956,Map3k1,0,0.288973552847585,0.834648919603628,0.019,0.01,1
chr2-112492884-112493785,Aven,0,0.28901999325531,0.580656839168469,0.031,0.019,1
chr1-58795119-58796062,Casp8,0,0.289384669539529,0.733809216944829,0.019,0.01,1
chr2-69789157-69789971,Phospho2,0,0.289384669539529,0.782064950757571,0.019,0.01,1
chr5-122391526-122392345,Arpc3,0,0.289384669539529,0.790830891755695,0.019,0.01,1
chr8-72421166-72422063,Eps15l1,0,0.289384669539529,0.850068429494864,0.019,0.01,1
chr8-88520749-88521647,Nkd1,0,0.289384669539529,0.697598984972913,0.019,0.01,1
chr1-175625195-175626096,Fh1,0,0.289597396116828,-0.616992682319737,0.038,0.058,1
chr1-37889988-37890855,Mrpl30,0,0.289796179998609,0.725825154413798,0.019,0.01,1
chr15-83171835-83172769,Cyb5r3,0,0.290071209165329,0.638967825055455,0.031,0.019,1
chr13-67728602-67729517,Zfp65,0,0.290208084265655,0.762210953080684,0.019,0.01,1
chr15-55306102-55307014,Col14a1,735,0.291033074383954,0.794022586010969,0.019,0.01,1
chr5-110135380-110136259,Chfr,0,0.291033074383954,0.801888520281365,0.019,0.01,1
chr7-17027156-17028077,Ppp5c,0,0.291033074383954,0.664823161953871,0.019,0.01,1
chr7-102250444-102251294,Rhog,320,0.291033074383954,0.729594016892685,0.019,0.01,1
chr3-32510106-32510995,Zfp639,0,0.29112500411881,0.582508205641514,0.031,0.019,1
chr6-34029041-34029912,Lrguk,0,0.29112500411881,0.676968014012856,0.031,0.019,1
chr8-127063298-127064320,Pard3,0,0.291239560158076,0.685029450184273,0.019,0.01,1
chr16-10544885-10545767,Clec16a,0,0.291446160313845,0.632381961737523,0.019,0.01,1
chr6-91440384-91441398,4930471M09Rik,0,0.291446160313845,0.633643611500856,0.019,0.01,1
chrX-134600641-134601542,Hnrnph2,0,0.291446160313845,0.524140386649446,0.019,0.01,1
chr1-105890791-105891674,RP24-79F8.1,0,0.29185964020898,0.67995229302653,0.019,0.01,1
chr1-171328959-171329814,Dedd,0,0.29185964020898,0.640632066563941,0.019,0.01,1
chr17-72837309-72837975,Ypel5,604,0.29185964020898,0.526140877173113,0.019,0.01,1
chr18-6135695-6136576,Arhgap12,0,0.291879281727692,0.601653459963517,0.031,0.019,1
chr4-84884000-84884799,Cntln,0,0.292445490427078,0.538918738864918,0.044,0.029,1
chr14-55490784-55491532,Lrrc16b,0,0.292687782045588,0.586781141664578,0.019,0.01,1
chr19-7217265-7218120,Cox8a,0,0.292687782045588,0.567862675746665,0.019,0.01,1
chr13-97137495-97138398,Nsa2,0,0.293102444060845,0.688805471957615,0.019,0.01,1
chr4-42949426-42950252,Dnajb5,0,0.293563522736251,0.506177221784139,0.044,0.029,1
chr13-49187046-49187922,Ninj1,0,0.294150004896547,0.563288207110006,0.031,0.019,1
chr3-146520779-146521707,Rpf1,0,0.294757520832583,0.493198455521561,0.031,0.019,1
chr5-64802717-64803644,Klf3,0,0.297196009344227,0.409138419650556,0.031,0.019,1
chr6-34475731-34476626,Bpgm,0,0.297476298573069,-1.95254294302982,0.006,0.017,1
chr17-46680543-46681420,Klhdc3,0,0.297501757003344,0.454162420476739,0.031,0.019,1
chr10-80475058-80475944,Gm25044,407,0.297816523996775,-1.92583330325371,0.006,0.017,1
chr1-83037921-83038751,Slc19a3,0,0.297816529240035,-1.91431846493465,0.006,0.017,1
chr8-114133371-114134127,Nudt7,0,0.297816529240035,-2.03082711133817,0.006,0.017,1
chrX-57053412-57054251,Htatsf1,0,0.297816529240035,-1.88222408413916,0.006,0.017,1
chr11-115627738-115628647,Slc25a19,0,0.298157014563132,-2.03407651492378,0.006,0.017,1
chr17-24454942-24455790,E4f1,0,0.298157014563132,-1.9228828603109,0.006,0.017,1
chr5-129583569-129584487,Gm22905,0,0.298157014563132,-1.8856958384063,0.006,0.017,1
chr6-57691482-57692367,Pyurf,0,0.298356827804674,0.64843853728127,0.044,0.029,1
chr11-82870864-82871715,Rffl,0,0.298497759800541,-1.84084512968225,0.006,0.017,1
chr15-32920269-32921172,Sdc2,0,0.298497759800541,-1.70171758868075,0.006,0.017,1
chr6-3497921-3498805,Hepacam2,0,0.298567201735077,0.467022533273084,0.044,0.029,1
chr3-90652655-90653551,S100a7a,750,0.2988387544789,-1.59106101385391,0.006,0.017,1
chr9-25481115-25481989,Eepd1,0,0.298838759723066,-1.7193374161281,0.006,0.017,1
chr4-123749938-123750852,Akirin1,0,0.299180030077904,-1.66434081653173,0.006,0.017,1
chr3-19562179-19563091,Gm23330,1925,0.299340712112502,0.423819572081963,0.031,0.019,1
chr5-136952744-136953627,Fis1,0,0.299388937630621,-1.26287565445138,0.013,0.026,1
chr9-107296216-107297125,Gm17040,66,0.299521549902244,-1.59541476694167,0.006,0.017,1
chr15-77928572-77929436,Txn2,0,0.299863340188642,-1.57199516703667,0.006,0.017,1
chr5-105415239-105416150,Lrrc8b,0,0.299863340188642,-1.54771183327992,0.006,0.017,1
chr13-90089192-90090059,Xrcc4,0,0.300079347961671,0.38560322932521,0.044,0.029,1
chr16-30550055-30551012,Tmem44,0,0.300205379971466,-1.52026452217577,0.006,0.017,1
chr3-28804996-28805915,RP24-388D8.4,0,0.300386655821741,0.47344017228379,0.038,0.024,1
chr1-24005216-24006071,RP24-287C19.1,0,0.300890255286633,-1.45327267995064,0.006,0.017,1
chr10-30842441-30843313,Hey2,0,0.301357891667483,0.655598782907931,0.044,0.029,1
chr12-32378181-32379087,Ccdc71l,0,0.301576165462345,-1.50504559910351,0.006,0.017,1
chr2-152847431-152848339,Tpx2,0,0.301747800288326,-1.4444597782785,0.006,0.017,1
chr1-136624327-136625214,Zfp281,0,0.301919510621761,-1.44685742830655,0.006,0.017,1
chr1-191025797-191026700,Mfsd7b,0,0.30204590297212,0.442285086222498,0.038,0.024,1
chr5-5559190-5560063,Gtpbp10,0,0.302462408758992,-1.22197334981048,0.013,0.026,1
chr18-57878018-57878878,Slc12a2,0,0.302462412246407,-1.22539266631867,0.013,0.026,1
chr7-19628231-19629293,Relb,144,0.302625313587871,-1.12604807644045,0.019,0.034,1
chr1-16618868-16619757,Ube2w,0,0.302951106532719,-1.36592071491211,0.006,0.017,1
chr7-6696081-6696995,Zim1,0,0.303625331148697,0.290648525456597,0.063,0.043,1
chr14-31640664-31641560,Btd,0,0.303640137617266,-1.32769195217146,0.006,0.017,1
chr3-20154554-20155408,Gyg,0,0.303989385852786,0.357844400884841,0.038,0.024,1
chr12-10390494-10391321,Rdh14,0,0.304480650291281,-0.871958640241445,0.031,0.049,1
chr10-127290230-127291096,Ddit3,0,0.304675635181036,-1.20116301146955,0.006,0.017,1
chr5-113908438-113909328,Coro1c,0,0.304675635181036,-1.30721277332949,0.006,0.017,1
chr11-116463569-116464418,Gm11739,1900,0.30539471529033,0.831270342280386,0.025,0.015,1
chr1-151428048-151428968,Trmt1l,0,0.305521381043067,0.777213886184045,0.031,0.02,1
chr18-38249974-38250860,0610009O20Rik,0,0.306452301065399,0.796681945920364,0.025,0.015,1
chr18-58614863-58615701,Gm23270,0,0.306753654681743,-1.16530943553503,0.006,0.017,1
chr4-93334434-93335131,Tusc1,379,0.306805368329345,0.80511577028075,0.025,0.015,1
chr5-108312264-108313185,Pigg,0,0.306805368329345,0.687729689508549,0.025,0.015,1
chr7-19075643-19076524,Dmwd,0,0.307100901940408,-1.09475774039348,0.006,0.017,1
chr14-61556425-61557335,Spryd7,0,0.307695216353795,0.407557659971458,0.057,0.039,1
chr1-52232926-52233822,Gls,0,0.307836193389617,-0.843555799942593,0.025,0.042,1
chr5-86066519-86067219,Cenpc1,935,0.30822033098112,0.803081928343121,0.025,0.015,1
chr7-28179526-28180295,Dyrk1b,56,0.309792814701026,-0.980381397321371,0.019,0.034,1
chrX-159371568-159372481,Eif1ax,0,0.309995090040037,0.769556056839915,0.025,0.015,1
chr17-46160512-46161306,Gtpbp2,0,0.310350856601811,0.738145335654894,0.025,0.015,1
chr10-9901652-9902512,Stxbp5,572,0.310706887152034,0.738343095143498,0.025,0.015,1
chr17-36230979-36231887,Gm18604,1509,0.310706887152034,0.732952407078955,0.025,0.015,1
chr14-74731791-74732682,Esd,0,0.31099346296143,0.469708024669632,0.044,0.029,1
chr12-79172022-79172937,Vti1b,0,0.311063187131632,0.704979801753774,0.025,0.015,1
chr11-73176667-73177584,Tax1bp3,0,0.311419756545948,0.684734696941097,0.025,0.015,1
chr19-5337607-5338625,Catsper1,1865,0.311419756545948,0.723812428836637,0.025,0.015,1
chr17-56161999-56162905,Tnfaip8l1,0,0.311776595400022,0.746912163482298,0.025,0.015,1
chr2-4918568-4919458,Phyh,0,0.312133703698602,0.618494518642615,0.025,0.015,1
chr5-139460092-139460990,3110082I17Rik,0,0.31249108144614,0.665332249561337,0.025,0.015,1
chr1-191223921-191224798,D730003I15Rik,0,0.313206645304401,0.6052753253482,0.025,0.015,1
chr5-9161312-9162205,Dmtf1,0,0.313206645304401,0.53110137945167,0.025,0.015,1
chr7-45015831-45016700,Scaf1,0,0.313206645304401,0.670364932625045,0.025,0.015,1
chr8-82862878-82863740,Rnf150,0,0.313206645304401,0.592837675524081,0.025,0.015,1
chr5-149184039-149184953,5730422E09Rik,0,0.313222956176998,0.606420923949976,0.038,0.024,1
chr15-43476763-43477607,Gm10373,0,0.313383317402968,0.464016763976725,0.05,0.034,1
chr4-94602734-94603674,Plaa,0,0.31388982500452,0.638687521343425,0.031,0.02,1
chr7-104353046-104353957,Trim12c,0,0.314282012053145,0.60327755675688,0.025,0.015,1
chr7-100863039-100863880,Relt,0,0.315000265124696,0.64326456288746,0.025,0.015,1
chr1-152089982-152090900,1700025G04Rik,0,0.315000270561119,0.611123306867543,0.025,0.015,1
chr12-86725942-86726795,Angel1,0,0.315192400640064,0.577811540758219,0.038,0.024,1
chr9-123529192-123530083,Sacm1l,0,0.315192403982746,0.609991149456466,0.038,0.024,1
chrX-17571868-17572736,Fundc1,0,0.315359798588393,0.604337256796858,0.025,0.015,1
chr3-116007117-116007889,Slc30a7,0,0.315359804024852,0.572927522445657,0.025,0.015,1
chr4-70534620-70535536,Megf9,0,0.315497076046466,-0.727193998872549,0.025,0.042,1
chr15-76607148-76608046,Cpsf1,0,0.315539666373504,0.593249653722561,0.025,0.015,1
chr12-103531836-103532749,Ppp4r4,0,0.315744740195725,0.337980549383107,0.069,0.049,1
chr17-56996871-56997765,Alkbh7,0,0.316038931697347,0.553339186565257,0.038,0.024,1
chr11-44470058-44470885,Ublcp1,0,0.316440021275385,0.566565232295824,0.025,0.015,1
chr1-64690368-64691260,Ccnyl1,0,0.316520316504675,-0.680213979015513,0.025,0.042,1
chr19-38054379-38055277,I830134H01Rik,0,0.316829465486249,0.439647804087779,0.075,0.056,1
chr19-5424520-5425400,Drap1,0,0.31702716677466,0.619792265760421,0.031,0.02,1
chr4-12906537-12907412,Triqk,0,0.317157750625083,-0.832235497166891,0.025,0.041,1
chr9-50554390-50555283,Bco2,0,0.317161513502827,0.529817083600416,0.025,0.015,1
chr11-69758318-69759164,Polr2a,0,0.317161513502827,-2.12034714707686,0.006,0.016,1
chr16-15886727-15887600,Cebpd,0,0.317161513502827,-1.91717470959134,0.006,0.016,1
chr6-56831637-56832550,Fkbp9,0,0.317522663836394,-1.95228601098928,0.006,0.016,1
chr4-132510104-132510924,Sesn2,0,0.317884078213384,-1.61466432316078,0.006,0.016,1
chr17-74395107-74395935,Slc30a6,0,0.317884083649925,-1.73950347205259,0.006,0.016,1
chr5-136116202-136117089,Polr2j,0,0.317884083649925,-1.8619239258769,0.006,0.016,1
chr19-57610361-57611195,Atrnl1,0,0.318245767506563,-1.8692133511822,0.006,0.016,1
chr9-46012191-46013087,Sik3,0,0.318245767506563,-1.71886116779087,0.006,0.016,1
chr16-91688379-91689289,Donson,0,0.318287840693893,0.632726307741958,0.031,0.02,1
chr19-29805977-29806769,9930021J03Rik,0,0.318607726278758,-1.54030194918809,0.006,0.016,1
chr6-113237331-113238216,Mtmr14,0,0.318607731715267,0.610368829009742,0.025,0.015,1
chrX-38634670-38635593,C1galt1c1,0,0.318607731715267,-1.65159319744047,0.006,0.016,1
chr5-9100217-9101077,Tmem243,0,0.318919407415293,0.575034932591746,0.031,0.02,1
chr3-96727133-96728042,Rnf115,0,0.31896995452904,0.540931080789034,0.025,0.015,1
chr1-43092161-43093029,8430432A02Rik,0,0.318969959965524,-1.60413094898529,0.006,0.016,1
chr1-70725309-70726228,Vwc2l,0,0.318969959965524,-1.54518816640007,0.006,0.016,1
chr17-35673351-35674263,Gtf2h4,0,0.318969959965524,-1.61203046719876,0.006,0.016,1
chr18-14782782-14783646,Taf4b,0,0.319282820438413,0.330442882911476,0.05,0.034,1
chr16-96144984-96145824,Wrb,0,0.319332457692634,-1.52063649166708,0.006,0.016,1
chr11-40733162-40734014,Nudcd2,0,0.31959309348338,0.677647463464245,0.044,0.03,1
chr6-91515376-91516271,Xpc,0,0.319695219458651,-1.60158641841065,0.006,0.016,1
chr11-5877839-5878740,Pold2,0,0.319695224895068,0.487290884751471,0.025,0.015,1
chr7-127244027-127244931,Zfp771,0,0.319695224895068,-1.57355708319038,0.006,0.016,1
chr9-83447565-83448372,RP23-72A20.2,5,0.319695224895068,-1.52431520264559,0.006,0.016,1
chr9-105131320-105132191,Nudt16,0,0.319710010438745,0.611462370660818,0.031,0.02,1
chr14-50062145-50062981,RP23-448H3.2,784,0.319724486215923,0.530648607245892,0.038,0.024,1
chr8-9975967-9976853,Lig4,832,0.319981116055814,0.598717101938296,0.044,0.03,1
chr7-64373509-64374553,Fan1,0,0.320058261570993,-1.51445078709645,0.006,0.016,1
chr7-66839180-66840073,Adamts17,0,0.320058261570993,-1.49548965846712,0.006,0.016,1
chr5-92083337-92084209,G3bp2,0,0.320185000353145,0.603890314877872,0.031,0.02,1
chr5-147076231-147077095,Lnx2,0,0.320185000353145,0.569734211490844,0.031,0.02,1
chr11-85352470-85353380,Bcas3,0,0.320421567718278,-1.53381649251729,0.006,0.016,1
chr19-32757132-32757938,Pten,0,0.320421567718278,-1.47387952870325,0.006,0.016,1
chr10-41518807-41519679,Cd164,0,0.320459791272709,-1.11214769431018,0.013,0.025,1
chr11-29692352-29693220,Rtn4,0,0.3206252332144,-0.810785341260285,0.019,0.034,1
chr1-162740127-162740995,Prrc2c,0,0.320785143334489,-1.35725972995136,0.006,0.016,1
chr10-78412651-78413548,Rrp1,0,0.320785143334489,-1.43382367220501,0.006,0.016,1
chr11-52098172-52099067,Ppp2ca,0,0.320785143334489,-1.47044925703516,0.006,0.016,1
chr12-3309698-3310598,Rab10,0,0.321049215214436,-1.25894703007998,0.013,0.025,1
chr9-83547849-83548754,Sh3bgrl2,0,0.321148988416888,-1.45137586548425,0.006,0.016,1
chr15-84557291-84558154,Ldoc1l,0,0.321427368299386,1.06505333131542,0.019,0.01,1
chr2-125247072-125247971,Dut,0,0.321513102962436,0.497398891453805,0.025,0.015,1
chr8-70282412-70283310,Homer3,0,0.321877486967794,-1.38165117462752,0.006,0.016,1
chr7-102565031-102565878,Trim21,0,0.321934678213265,-1.13023803855303,0.013,0.025,1
chr5-145203862-145204790,Zkscan5,0,0.322059769144718,-1.38362535816723,0.006,0.016,1
chr14-61439582-61440470,Kpna3,0,0.322139381645996,0.407538481058344,0.044,0.029,1
chr9-21509777-21510701,Tmed1,0,0.322242140429316,0.254617359148748,0.025,0.015,1
chr13-43173010-43173900,Tbc1d7,1508,0.322242140429316,-1.35340517152313,0.006,0.016,1
chr16-65814830-65815769,Vgll3,0,0.322242140429316,-1.36231204944609,0.006,0.016,1
chr1-167349617-167350556,Aldh9a1,0,0.32224857872809,0.556919182418953,0.031,0.02,1
chr17-21566425-21567204,Zfp948,0,0.322407678631787,0.482994406379957,0.031,0.02,1
chr8-80492808-80493669,Gypa,375,0.322407678631787,0.552419363371661,0.031,0.02,1
chr19-41980947-41981863,Mms19,0,0.322696274926344,-0.804077367363135,0.025,0.041,1
chr8-110217369-110218253,Cmtr2,1703,0.322966186431814,0.611621016721764,0.044,0.03,1
chr1-36511397-36512275,Cnnm3,0,0.322972255704765,-1.32702559857079,0.006,0.016,1
chr8-70792065-70792967,Mast3,0,0.322972255704765,-1.31456771205522,0.006,0.016,1
chr16-8829423-8830241,1810013L24Rik,0,0.323044574050869,0.565720515983849,0.031,0.02,1
chr2-174075758-174076686,Stx16,0,0.323363329160521,0.587371239641131,0.031,0.02,1
chr14-54641114-54641973,Cdh24,0,0.323703448753571,-1.24283291813775,0.006,0.016,1
chr1-106759323-106760192,Kdsr,0,0.324006947761977,-1.16371608421395,0.013,0.025,1
chr9-61947738-61948637,Kif23,938,0.324069449430651,-1.21102049917442,0.006,0.016,1
chr11-71019008-71019922,Mis12,0,0.324303698059487,-1.06633969624212,0.013,0.025,1
chr13-79285276-79286176,Gm29318,0,0.324435714100283,-1.2978101258101,0.006,0.016,1
chr7-122670538-122671429,Cacng3,45,0.324435714100283,-1.23816006033834,0.006,0.016,1
chr5-108433903-108434816,Atp5k,0,0.324446206117798,1.02786748989824,0.019,0.01,1
chr8-61223744-61224584,Sh3rf1,0,0.324600621707082,-1.07667364170402,0.013,0.025,1
chr10-103235723-103236597,Lrriq1,0,0.324802259062842,-1.15592524151464,0.006,0.016,1
chr11-119355143-119356031,Slc26a11,0,0.324802259062842,-1.15669801201263,0.006,0.016,1
chr16-59638877-59639719,Arl6,0,0.324802259062842,-1.19741596162245,0.006,0.016,1
chr11-69921079-69921994,Eif5a,0,0.324873775454083,0.445287236428628,0.038,0.024,1
chrX-95444426-95445281,Amer1,0,0.324878970764538,1.03036768935082,0.019,0.01,1
chr1-143702418-143703262,Cdc73,0,0.324897722270875,-1.19161225697046,0.013,0.025,1
chr3-159839169-159840038,Wls,0,0.325169068006111,-1.16835711354235,0.006,0.016,1
chr2-136678295-136679172,RP23-142F14.3,788,0.325194996178567,-1.11737843986351,0.013,0.025,1
chr17-69438924-69439808,A930029G22Rik,0,0.325903488680255,-1.15787869818699,0.006,0.016,1
chr11-26593225-26594101,Gm6899,0,0.32595901304167,0.415741640654864,0.057,0.04,1
chr8-109608031-109608938,Dhodh,0,0.326638997807976,-1.0875240498711,0.006,0.016,1
chr1-161876496-161877378,Suco,0,0.326788912538784,0.47333060107998,0.05,0.035,1
chr8-26118942-26119837,Hook3,0,0.326851610650876,-0.964934625523132,0.019,0.033,1
chr15-39112311-39113191,Slc25a32,0,0.327847416456372,0.417265598720662,0.031,0.02,1
chr11-116273703-116274629,Srp68,0,0.327918836592967,0.924227626108206,0.019,0.01,1
chr2-104027317-104028225,Fbxo3,0,0.328354604890983,0.839987207275421,0.019,0.01,1
chr4-107923157-107924022,Cpt2,0,0.328354604890983,0.950192500080125,0.019,0.01,1
chr7-104507509-104508356,Trim30d,0,0.328790748585048,0.84620800700803,0.019,0.01,1
chr5-110285805-110286723,Pxmp2,0,0.329003700546595,0.318689323734443,0.044,0.029,1
chr12-113215655-113216541,Gm25622,1505,0.329227267659766,0.89609443184246,0.019,0.01,1
chr2-118597719-118598638,Bub1b,0,0.329664162099144,0.910594289160152,0.019,0.01,1
chr7-16387331-16388188,Sae1,0,0.329664162099144,0.921056328251642,0.019,0.01,1
chr2-150786325-150787187,Pygb,0,0.330101431886592,0.874235808066734,0.019,0.01,1
chr9-21936507-21937398,Lppr2,0,0.330101431886592,0.936551918910678,0.019,0.01,1
chr12-36156461-36157377,Bzw2,0,0.330275777134325,-0.921865127157199,0.013,0.025,1
chr11-4134767-4135687,Rnf215,0,0.330539077004926,0.83421449419195,0.019,0.01,1
chr1-166002511-166003291,Gm26665,0,0.330838511574222,0.53096369443972,0.044,0.03,1
chr2-136679723-136680482,RP23-142F14.3,0,0.331415493162514,0.673029236215927,0.019,0.01,1
chr5-136986763-136987456,Plod3,0,0.331415493162514,0.768567718226318,0.019,0.01,1
chrX-23364651-23365503,Gm14523,0,0.331415493162514,0.818658062439211,0.019,0.01,1
chr3-116424728-116425551,Cdc14a,695,0.331854264164405,0.8280628485267,0.019,0.01,1
chr7-99827906-99828805,Neu3,0,0.332293402852364,0.812009125356259,0.019,0.01,1
chr14-70350949-70351783,Slc39a14,0,0.332293410422456,0.786181326168985,0.019,0.01,1
chr3-36689787-36690651,Trpc3,0,0.332293410422456,0.803606095692482,0.019,0.01,1
chr5-110879381-110880264,Ttc28,0,0.332293410422456,0.75497549009188,0.019,0.01,1
chr10-81378190-81379102,Fzr1,0,0.332307475448692,-0.753998317860479,0.031,0.048,1
chr5-118244676-118245564,Rnft2,0,0.33240639238053,0.33638085249527,0.038,0.024,1
chr10-106469973-106470769,Ppfia2,0,0.333172821056479,0.749037912251492,0.019,0.01,1
chr15-36179135-36180020,Spag1,0,0.33317282862572,0.775742371405247,0.019,0.01,1
chr6-142571004-142571854,Kcnj8,0,0.33317282862572,0.720706585556712,0.019,0.01,1
chr12-79297032-79297821,Rad51b,0,0.333613100528775,0.730769110617944,0.019,0.01,1
chr12-116077287-116078182,Vipr2,0,0.333613100528775,0.756365460259913,0.019,0.01,1
chr4-32799838-32800762,Lyrm2,0,0.333613100528775,0.746595426743494,0.019,0.01,1
chr6-47453945-47454820,A930035D04Rik,0,0.333613100528775,0.700889673294592,0.019,0.01,1
chr8-116942968-116943857,Atmin,0,0.333613100528775,0.729024632860288,0.019,0.01,1
chrX-70364611-70365475,Ids,0,0.333613100528775,0.740227495026972,0.019,0.01,1
chr11-61956411-61957258,Specc1,0,0.334053747603671,0.772943131401617,0.019,0.01,1
chr19-4625181-4626088,Rce1,0,0.33447614836191,1.38337360330669,0.013,0.006,1
chr3-138143211-138144099,Mttp,0,0.334554391723803,0.52814185726663,0.044,0.03,1
chr1-191906145-191907044,Slc30a1,0,0.334617564925534,-0.732920686617,0.031,0.048,1
chr2-25983054-25983939,Camsap1,0,0.334889092585609,-1.52114895566727,0.013,0.024,1
chr3-94974295-94975166,Pi4kb,0,0.334936159610668,0.709737882792457,0.019,0.01,1
chr17-45433318-45434220,Cdc5l,0,0.334936167178063,0.712817086239063,0.019,0.01,1
chr2-26910217-26911137,Rpl7a,0,0.334936167178063,0.687467820176305,0.019,0.01,1
chr10-80102240-80103145,Sbno2,0,0.33504476832932,1.31351402880136,0.013,0.006,1
chr19-21472068-21472926,Gda,518,0.33504476832932,1.32037576466271,0.013,0.006,1
chr7-140856042-140856862,Bet1l,0,0.33504476832932,1.21166525476487,0.013,0.006,1
chr10-82811547-82812439,1700028I16Rik,0,0.33537793963059,0.660682686851104,0.019,0.01,1
chr16-25058638-25059431,A230028O05Rik,207,0.33537793963059,0.73743148695525,0.019,0.01,1
chr17-27028173-27028988,Bak1,20,0.33537793963059,0.709877178334422,0.019,0.01,1
chr17-28622100-28622883,Srpk1,0,0.33537793963059,0.625939955215976,0.019,0.01,1
chr8-107292830-107293694,Nfat5,0,0.33537793963059,0.584276337472365,0.019,0.01,1
chr9-31385717-31386606,Nfrkb,0,0.33537793963059,0.670825356967765,0.019,0.01,1
chr8-85119208-85120136,Zfp791,0,0.335614010672092,1.25175432598289,0.013,0.006,1
chr18-37969476-37970322,Fchsd1,0,0.33582008716102,0.62998381858649,0.019,0.01,1
chr6-83325672-83326582,Mob1a,0,0.33582008716102,0.689355837429718,0.019,0.01,1
chr1-66817099-66817773,Kansl1l,0,0.335954573189921,0.248204354284882,0.031,0.02,1
chr12-77237701-77238280,Fut8,0,0.336183875337599,1.21245212418791,0.013,0.006,1
chr4-155734256-155735103,1500002C15Rik,0,0.336262609744363,0.594309887345607,0.019,0.01,1
chr5-110839398-110840284,Hscb,0,0.336262609744363,0.634232258480183,0.019,0.01,1
chrX-157491605-157492437,Sms,0,0.336262609744363,0.672224883259204,0.019,0.01,1
chr9-8042385-8043244,9230110C19Rik,0,0.336424235759053,-1.24642050274999,0.013,0.024,1
chr2-76647780-76648686,Dfnb59,0,0.336595718365428,0.325180827333933,0.094,0.072,1
chr11-110337238-110338101,Abca5,0,0.336705507355023,0.584609076959485,0.019,0.01,1
chr17-88529670-88530591,Ppp1r21,0,0.336705507355023,0.664450758489822,0.019,0.01,1
chr9-31211461-31212354,Aplp2,0,0.336731806805148,-1.29111073214826,0.013,0.024,1
chr10-73096320-73097404,Pcdh15,1937,0.336754362271551,1.14983841554717,0.013,0.006,1
chr17-32035863-32036788,Rrp1b,0,0.336754362271551,1.16883633271768,0.013,0.006,1
chr2-160367692-160368434,Mafb,626,0.336754362271551,1.33415860295695,0.013,0.006,1
chr4-34729771-34730650,1700003M02Rik,0,0.336754362271551,1.11923022732675,0.013,0.006,1
chr5-134748117-134748713,Eln,875,0.336754362271551,1.16069396264514,0.013,0.006,1
chr7-57591940-57592778,Gabrb3,1421,0.337148779966802,0.635478608757672,0.019,0.01,1
chr8-34146339-34147222,Leprotl1,0,0.337148779966802,0.667965633615249,0.019,0.01,1
chr15-76014819-76015754,Fam83h,482,0.337325471417998,1.04502402138675,0.013,0.006,1
chr2-10080030-10080909,Kin,0,0.337325471417998,1.17279495721113,0.013,0.006,1
chr5-143234754-143235630,Zfp12,0,0.337325471417998,1.14384161720922,0.013,0.006,1
chr9-59577570-59578641,Celf6,0,0.337325471417998,1.1386447044303,0.013,0.006,1
chr2-69896622-69897629,Ubr3,0,0.337592427552896,0.631255301731937,0.019,0.01,1
chr6-83775402-83776277,Tex261,0,0.337592427552896,0.454358289539517,0.019,0.01,1
chr7-30973634-30974509,Fam187b,0,0.337592427552896,0.642838773249458,0.019,0.01,1
chrX-38179775-38180659,Zfp36l1-ps,68,0.337592427552896,0.584677655741319,0.019,0.01,1
chr17-34952310-34953105,1110038B12Rik,0,0.337897202719323,1.12919791635585,0.013,0.006,1
chr17-59012282-59012875,Nudt12,496,0.337897202719323,1.17637564221159,0.013,0.006,1
chr2-127207857-127208740,Snrnp200,0,0.337897202719323,1.09386887397987,0.013,0.006,1
chr3-18177590-18178467,Gm23686,0,0.337897202719323,1.09098772658118,0.013,0.006,1
chr4-86588211-86589025,Scarna8,1627,0.337897202719323,1.11659521620521,0.013,0.006,1
chr7-28741459-28742533,Sars2,0,0.337963891442117,-1.14137750531022,0.013,0.024,1
chr13-93303339-93304259,Homer1,0,0.338032009156314,0.728347096190287,0.031,0.02,1
chr19-4838964-4839852,Ccs,0,0.338036450085896,0.617999363925675,0.019,0.01,1
chr9-51076611-51077562,Layn,0,0.338263073251407,-2.10869213102134,0.006,0.016,1
chr11-58306755-58307516,Zfp692,0,0.338469556116246,1.01579742029933,0.013,0.006,1
chr14-37068315-37069208,Lrit2,265,0.338469556116246,0.98615355094085,0.013,0.006,1
chr7-45872531-45873304,Kdelr1,0,0.338469556116246,1.08485990395797,0.013,0.006,1
chr7-110614198-110614629,Sbf2,292,0.338469556116246,1.06412391165935,0.013,0.006,1
chr9-45054948-45055875,Mpzl3,0,0.338469556116246,1.06122954851769,0.013,0.006,1
chr5-137600482-137601395,Mospd3,0,0.33848084753779,0.513106947659057,0.019,0.01,1
chr19-45047309-45048129,Sfxn3,0,0.338646441254175,-1.80454901593266,0.006,0.016,1
chr12-28649203-28650071,Rnaseh1,0,0.338703179286577,0.549451598349483,0.019,0.01,1
chr6-47813111-47814015,Pdia4,0,0.338889858264808,-1.11307980437514,0.013,0.024,1
chr2-26964053-26964942,Rexo4,0,0.338925619879957,0.456695143439923,0.019,0.01,1
chr2-78868675-78869334,Ube2e3,550,0.339030088033988,-1.81317269079034,0.006,0.016,1
chr11-73000839-73001728,P2rx1,1735,0.339042531547817,0.877687705961509,0.013,0.006,1
chr11-114674948-114675851,Ttyh2,0,0.339042531547817,1.05696277834832,0.013,0.006,1
chr13-55513087-55513951,Pdlim7,0,0.339042531547817,1.04205398876167,0.013,0.006,1
chr13-67499973-67500863,Zfp58,0,0.339042531547817,1.03901473606224,0.013,0.006,1
chr2-156996334-156997210,Gm14276,1441,0.339042531547817,1.05745237003813,0.013,0.006,1
chr3-153904268-153905088,Msh4,1049,0.339042531547817,1.08691085726239,0.013,0.006,1
chr4-120854541-120855384,Rims3,0,0.339042531547817,1.03554468126714,0.013,0.006,1
chr5-52741268-52741977,Pi4k2b,0,0.339042531547817,1.10031983863895,0.013,0.006,1
chr8-105854411-105855313,Thap11,0,0.339042531547817,1.00051638430309,0.013,0.006,1
chr15-9140058-9140924,Lmbrd2,0,0.33907437533234,0.603405634788851,0.038,0.025,1
chr19-46760985-46761890,Cnnm2,0,0.339074388400472,0.596828440071561,0.038,0.025,1
chr3-122244983-122245889,Gclm,0,0.339198878966926,-1.09642916585586,0.013,0.024,1
chr5-84416933-84417846,Epha5,0,0.339367007400147,0.591379986987811,0.038,0.025,1
chr4-155846877-155847765,Dvl1,0,0.339414007948644,-1.58675862248906,0.006,0.016,1
chr5-45492931-45493825,Lap3,0,0.339508080376646,-1.18379059358023,0.013,0.024,1
chr1-55161119-55161879,Gm6822,65,0.339616128951417,0.966409041790921,0.013,0.006,1
chr10-94311786-94312704,Tmcc3,0,0.339616128951417,1.00090714757692,0.013,0.006,1
chr11-101245856-101246744,Ramp2,0,0.339616128951417,0.942306607083956,0.013,0.006,1
chr12-70452589-70453462,Tmx1,0,0.339616128951417,1.04507977571764,0.013,0.006,1
chr13-21733883-21734709,Hist1h4j,354,0.339616128951417,0.936782562693478,0.013,0.006,1
chr13-51568954-51569872,Shc3,1869,0.339616128951417,0.961967495010967,0.013,0.006,1
chr16-35939536-35940433,Dtx3l,384,0.339616128951417,0.845561801421336,0.013,0.006,1
chr17-34249493-34250404,Gm20506,435,0.339616128951417,0.978238540672797,0.013,0.006,1
chr9-52168112-52168545,Zc3h12c,0,0.339616128951417,0.980473920825395,0.013,0.006,1
chr13-67779376-67780255,Zfp493,0,0.339798217848969,-1.77307235719581,0.006,0.016,1
chr16-90220215-90221124,Sod1,0,0.339798217848969,-1.49230000500248,0.006,0.016,1
chr17-35164617-35165513,Prrc2a,0,0.339798217848969,-1.53702921435391,0.006,0.016,1
chr16-14162736-14163645,Nde1,0,0.339816289117599,0.483864274695594,0.019,0.01,1
chr7-6331053-6331609,Zfp583,0,0.339816289117599,0.276457057317662,0.019,0.01,1
chr8-3500059-3500922,Mcoln1,0,0.339817455193416,-1.10240089902689,0.013,0.024,1
chr14-62836875-62837913,Wdfy2,0,0.339817458838649,-1.0706563428452,0.013,0.024,1
chr2-104122270-104123228,A930018P22Rik,0,0.34018270084541,-1.4714612627571,0.006,0.016,1
chr6-83506520-83507432,Dguok,0,0.34018270084541,-1.65467865198147,0.006,0.016,1
chr10-23349814-23350705,Eya4,0,0.340190348262757,0.982232321166783,0.013,0.006,1
chr10-24191757-24192629,Gm23051,934,0.340190348262757,0.878068178864546,0.013,0.006,1
chr11-76406482-76407383,Timm22,0,0.340190348262757,1.0530575903907,0.013,0.006,1
chr11-98412187-98413008,Erbb2,0,0.340190348262757,0.987843091839181,0.013,0.006,1
chr11-102603800-102604703,Fzd2,0,0.340190348262757,1.02941390724778,0.013,0.006,1
chr11-110398602-110399511,Map2k6,0,0.340190348262757,1.01703017162086,0.013,0.006,1
chr14-52810249-52811083,Trav10d,0,0.340190348262757,1.02423212440014,0.013,0.006,1
chr17-59012984-59013536,Nudt12,0,0.340190348262757,0.916173189477652,0.013,0.006,1
chr2-129800114-129800962,Stk35,0,0.340190348262757,0.952620112622933,0.013,0.006,1
chr3-22075991-22076875,Tbl1xr1,0,0.340190348262757,0.938007473272663,0.013,0.006,1
chr8-121589925-121590829,Map1lc3b,0,0.340190348262757,0.760059648144345,0.013,0.006,1
chr11-76763135-76764170,Gosr1,0,0.340262185952802,0.43487356280242,0.019,0.01,1
chr14-47297814-47298732,Mapk1ip1l,0,0.340262185952802,0.438799719372618,0.019,0.01,1
chr16-34744788-34745716,Mylk,0,0.340262185952802,0.612423930701441,0.019,0.01,1
chr7-100536619-100537604,Coa4,0,0.340262185952802,0.643164320758289,0.019,0.01,1
chr1-45794890-45795796,Wdr75,0,0.340411611971255,0.430551926515764,0.057,0.04,1
chr1-69687069-69687977,Ikzf2,0,0.340447757042137,0.459703867262752,0.044,0.03,1
chr4-8238575-8239441,Car8,0,0.340567462541441,-1.54631683945205,0.006,0.016,1
chr16-14316954-14317872,Gm15869,0,0.340646277286135,0.33523249755905,0.05,0.035,1
chr3-146107742-146108600,Wdr63,0,0.340708457557732,0.310225618412635,0.019,0.01,1
chr10-7831767-7832540,Zc3h12d,0,0.340765189415877,0.994654875952535,0.013,0.006,1
chr11-72795518-72796370,Zzef1,0,0.340765189415877,0.847404987015555,0.013,0.006,1
chr11-115722407-115723279,Gm11703,1528,0.340765189415877,0.973864193519884,0.013,0.006,1
chr11-121451332-121452212,Tbcd,0,0.340765189415877,1.01174593057133,0.013,0.006,1
chr14-30715365-30716195,Sfmbt1,515,0.340765189415877,0.831330588549963,0.013,0.006,1
chr15-57984212-57985258,Fam83a,160,0.340765189415877,0.979178432545808,0.013,0.006,1
chr19-28989956-28990857,Cdc37l1,0,0.340765189415877,0.939421955852833,0.013,0.006,1
chr3-89912628-89913536,Il6ra,0,0.340765189415877,0.954827292854744,0.013,0.006,1
chr6-30047752-30048644,Nrf1,0,0.340765189415877,0.833207552331636,0.013,0.006,1
chr6-117166575-117167460,Cxcl12,1074,0.340765189415877,0.931350106029618,0.013,0.006,1
chr7-112368706-112369605,Micalcl,397,0.340765189415877,0.940838897327429,0.013,0.006,1
chr8-111940185-111941076,Gabarapl2,0,0.340765189415877,0.950702760775389,0.013,0.006,1
chr9-55208669-55209536,Fbxo22,0,0.340952497295134,-1.44645491065017,0.006,0.016,1
chr13-59769390-59770300,Isca1,0,0.340952502916857,-1.59155068671068,0.006,0.016,1
chr8-111989590-111990492,Adat1,1809,0.340952502916857,-1.46825202934964,0.006,0.016,1
chr12-83950224-83951257,2410016O06Rik,0,0.34105283061892,0.933380851669972,0.013,0.006,1
chr15-73060721-73061593,Trappc9,0,0.341337821951119,-1.50920047119162,0.006,0.016,1
chr9-106280615-106281554,Poc1a,0,0.341337821951119,-1.45569399449575,0.006,0.016,1
chr1-135167193-135168076,Gpr37l1,0,0.341340652343139,0.854154035235119,0.013,0.006,1
chr10-60277186-60278076,Psap,0,0.341340652343139,0.933224723024384,0.013,0.006,1
chr11-77893706-77894625,Pipox,0,0.341340652343139,0.830990312582715,0.013,0.006,1
chr12-40133399-40134251,Scin,0,0.341340652343139,0.942812465072445,0.013,0.006,1
chr3-36551100-36551955,Exosc9,650,0.341340652343139,0.865989494218503,0.013,0.006,1
chr7-80688371-80689238,Crtc3,0,0.341340652343139,0.907721247693909,0.013,0.006,1
chr7-82334834-82335752,Adamtsl3,0,0.341340652343139,0.810451616307483,0.013,0.006,1
chr9-83113671-83114554,RP23-13G1.7,0,0.341340652343139,0.877058100888235,0.013,0.006,1
chr9-106170441-106171280,Wdr82,0,0.341340652343139,0.831100943784709,0.013,0.006,1
chr9-121641952-121642693,Lyzl4,0,0.341340652343139,0.801333738958975,0.013,0.006,1
chrX-112600186-112601070,Zfp711,0,0.341340652343139,0.95241898157467,0.013,0.006,1
chrX-152342217-152343115,Tspyl2,0,0.341340652343139,0.906530944319314,0.013,0.006,1
chr5-114566979-114567776,Fam222a,239,0.341723414002475,-1.47556776981871,0.006,0.016,1
chr11-96064989-96065895,Ube2z,0,0.341723419623349,-1.35631148300046,0.006,0.016,1
chr16-18811540-18812267,Ufd1l,0,0.341723419623349,-1.47430806469174,0.006,0.016,1
chr1-195091887-195092788,Cd46,0,0.341916736975235,0.845685872914227,0.013,0.006,1
chr14-55745176-55746081,Dhrs1,0,0.341916736975235,0.947302511059818,0.013,0.006,1
chr15-76701062-76701688,Mfsd3,0,0.341916736975235,0.610064204085872,0.013,0.006,1
chr16-18426013-18426934,Txnrd2,0,0.341916736975235,0.720609851958333,0.013,0.006,1
chr4-30701913-30702892,Gm22831,0,0.341916736975235,0.899976074548775,0.013,0.006,1
chr6-99485327-99486048,Gm22328,624,0.341916736975235,0.742472119904333,0.013,0.006,1
chr8-105604835-105605679,Fam65a,0,0.341916736975235,0.814932054896302,0.013,0.006,1
chrX-133688598-133689502,Pcdh19,0,0.342109295912334,-1.37001560744537,0.006,0.016,1
chr10-68723466-68724431,Tmem26,0,0.342493430701664,0.91509093926521,0.013,0.006,1
chr1-72243449-72244419,Gm24497,0,0.342493443241176,0.943738082451162,0.013,0.006,1
chr11-3451911-3452768,8430429K09Rik,0,0.342493443241176,0.841454331841391,0.013,0.006,1
chr13-35026716-35027586,Eci2,0,0.342493443241176,0.775388169400765,0.013,0.006,1
chr15-76948103-76949037,1110038F14Rik,0,0.342493443241176,0.885693191896624,0.013,0.006,1
chr15-93398004-93398854,Zcrb1,0,0.342493443241176,0.67391694097733,0.013,0.006,1
chr19-6401033-6402025,Rasgrp2,1692,0.342493443241176,0.712717871067112,0.013,0.006,1
chr19-12722084-12722985,Gm15962,836,0.342493443241176,0.892029845608729,0.013,0.006,1
chr2-69885207-69886097,Mettl5os,0,0.342493443241176,0.90089286811296,0.013,0.006,1
chr2-165288211-165288906,Slc35c2,341,0.342493443241176,0.780654653253706,0.013,0.006,1
chr3-127789566-127790448,Tifa,0,0.342493443241176,0.716372409373664,0.013,0.006,1
chr4-107889573-107890495,0610037L13Rik,0,0.342493443241176,0.754811024624912,0.013,0.006,1
chr5-38260076-38260928,Tmem128,0,0.342493443241176,0.945757656951868,0.013,0.006,1
chr6-124808288-124809096,Spsb2,0,0.342493443241176,0.859451531794689,0.013,0.006,1
chr7-61877360-61878255,Mir344,0,0.342493443241176,0.866526596512355,0.013,0.006,1
chr8-71568300-71569164,Slc27a1,0,0.342493443241176,0.81182375293549,0.013,0.006,1
chrX-53716183-53717044,AW822252,0,0.342493443241176,0.894529120527627,0.013,0.006,1
chr6-146724485-146725342,Stk38l,0,0.342495450796523,-1.41699337241772,0.006,0.016,1
chr18-67448907-67449803,Afg3l2,0,0.342596580396092,0.53191663127819,0.038,0.025,1
chr4-155601111-155601976,Slc35e2,0,0.342921179525993,-1.06395459499678,0.013,0.024,1
chr18-86710327-86711128,Cbln2,0,0.34295323654607,0.754585659163715,0.025,0.015,1
chr10-42017962-42018899,Armc2,0,0.343070771068295,0.818157193019054,0.013,0.006,1
chr12-59129212-59130039,Ctage5,0,0.343070771068295,0.742546305549629,0.013,0.006,1
chr16-17921429-17922265,RP23-372H6.7,0,0.343070771068295,0.839704933472729,0.013,0.006,1
chr3-98338728-98339487,Phgdh,502,0.343070771068295,0.685968784367165,0.013,0.006,1
chr5-115134489-115135330,Unc119b,0,0.343070771068295,0.772549639632888,0.013,0.006,1
chr6-30390527-30391437,Zc3hc1,0,0.343070771068295,0.93159379981348,0.013,0.006,1
chr7-45567844-45568748,Bcat2,1404,0.343070771068295,0.750409632055018,0.013,0.006,1
chr10-83359724-83360626,D10Wsu102e,0,0.343268585024435,-1.30670030648763,0.006,0.016,1
chr3-90052182-90053058,Ubap2l,0,0.343268596262625,-1.31415465926633,0.006,0.016,1
chr7-5125536-5126418,Rasl2-9,0,0.343326623988582,0.774726388154234,0.025,0.015,1
chr12-116404927-116405801,Ncapg2,0,0.343418131566715,0.343599993201692,0.069,0.051,1
chr12-28751362-28752256,Tssc1,0,0.343648720382248,0.672204374577704,0.013,0.006,1
chr13-58148306-58149346,1700066J03Rik,0,0.343648720382248,0.798747252801068,0.013,0.006,1
chr3-108653585-108654453,Clcc1,0,0.343648720382248,0.730890837566224,0.013,0.006,1
chr4-96150140-96151005,Cyp2j7-ps3,852,0.343648720382248,0.7153555931324,0.013,0.006,1
chr4-127313583-127314510,Gja4,0,0.343648720382248,0.668099000925146,0.013,0.006,1
chr5-67260259-67261232,Tmem33,0,0.343648720382248,0.725545388458971,0.013,0.006,1
chr5-137115755-137116690,Trim56,0,0.343648720382248,0.686035124560559,0.013,0.006,1
chr5-138084630-138085489,Zkscan1,0,0.343648720382248,0.704597209414696,0.013,0.006,1
chr9-108490129-108491000,Usp19,0,0.343648720382248,0.695090902897473,0.013,0.006,1
chrX-20617162-20617984,Rbm10,0,0.343648720382248,0.679949600416644,0.013,0.006,1
chrX-72992295-72993149,Mir2137,215,0.343648720382248,0.820274680213024,0.013,0.006,1
chr11-23665628-23666553,Pus10,0,0.343655581181116,-1.24307108007987,0.006,0.016,1
chr2-180256765-180257675,Mir3091,0,0.343690185812383,-0.910961504708412,0.019,0.032,1
chr1-182124253-182125133,Srp9,0,0.344042855842499,-1.27345769028719,0.006,0.016,1
chr11-97361778-97362684,Socs7,0,0.344042855842499,-1.25241006438841,0.006,0.016,1
chr3-135212031-135212848,Cenpe,0,0.344147092720844,0.407594572160751,0.069,0.051,1
chr11-99307221-99308102,Gm12358,1080,0.344227291107007,0.707002119971306,0.013,0.006,1
chr17-25433481-25434480,Cacna1h,0,0.344227291107007,0.64152387117768,0.013,0.006,1
chr2-178022903-178023832,Etohi1,0,0.344227291107007,0.642673850086323,0.013,0.006,1
chr3-100488905-100489787,Fam46c,0,0.344445641728381,0.463666449280393,0.05,0.035,1
chr8-74993457-74994354,Hmgxb4,100,0.344448364823238,0.774233391367651,0.025,0.015,1
chr1-139421715-139422622,Zbtb41,0,0.344661951945542,0.559410222586462,0.038,0.025,1
chr12-69196629-69197448,9330151L19Rik,0,0.34480648316486,0.705955823622866,0.013,0.006,1
chr19-8722795-8723702,Slc3a2,0,0.34480648316486,0.568734983931146,0.013,0.006,1
chr8-11636281-11636752,Ankrd10,526,0.34480648316486,0.659127578235809,0.013,0.006,1
chr8-8690086-8690891,Mir7654,0,0.344822795805084,0.699507644823221,0.025,0.015,1
chr10-57485830-57486714,4930467K11Rik,0,0.345182867891624,0.420471702681092,0.044,0.03,1
chr19-40611831-40612734,Tctn3,0,0.345205757027681,0.601333574800308,0.031,0.02,1
chr12-40222360-40222799,Gm7008,0,0.34520633377043,-1.2172997586724,0.006,0.016,1
chr5-21645341-21646257,Fbxl13,0,0.345862724180235,0.392218107343697,0.044,0.03,1
chrX-10216278-10217187,Rpgr,0,0.345947645797454,0.721656463015647,0.025,0.015,1
chr6-91473103-91473974,Chchd4,0,0.346438581981036,0.522601772571507,0.038,0.025,1
chr14-31336165-31337034,Capn7,0,0.346735252982263,0.508331535054469,0.038,0.025,1
chr2-90846588-90847504,Mtch2,0,0.346849598751025,0.631110715743706,0.031,0.02,1
chr9-88327059-88328050,Nt5e,0,0.347451072830087,0.654590856733393,0.025,0.015,1
chr7-141221483-141222413,Mir210,0,0.347451078062541,0.660191873439683,0.025,0.015,1
chr7-30231387-30232284,Polr2i,0,0.347540806034297,-1.01703810251649,0.006,0.016,1
chr16-18248457-18249351,Trmt2a,0,0.347827584596042,0.666182543074906,0.025,0.015,1
chr6-147042364-147043228,Mrps35,0,0.347930853186188,-1.08059923753496,0.006,0.016,1
chr9-83440682-83441601,Lca5,0,0.348498406540348,0.571251693070174,0.031,0.02,1
chr2-148680698-148681660,Gzf1,0,0.348518677189221,0.445897669013761,0.038,0.025,1
chr4-95053066-95053853,Jun,843,0.348958649675883,0.67916097464774,0.025,0.015,1
chr16-57166896-57167642,Nit2,0,0.348958660136864,0.664134002355635,0.025,0.015,1
chr2-29889258-29890099,Odf2,36,0.349336198652326,0.641496283043297,0.025,0.015,1
chr1-55052305-55053195,Coq10b,0,0.349490084367809,0.4930560667028,0.031,0.02,1
chr18-31634559-31635332,Sap130,187,0.349588444617212,0.194739219576248,0.101,0.076,1
chr13-119408672-119409587,Nnt,0,0.349713985950912,0.643190012768498,0.025,0.015,1
chr5-141240980-141241874,Sdk1,0,0.349821035984728,0.610459547918335,0.031,0.02,1
chr3-79286862-79287701,RP24-253I2.1,0,0.350152194439956,0.550517000439077,0.031,0.02,1
chr9-6168097-6168958,Pdgfd,0,0.350470390463167,0.622498586575284,0.025,0.015,1
chr15-36608812-36609678,Pabpc1,0,0.350483547683317,0.599066228005999,0.031,0.02,1
chr9-123366442-123367349,Lars2,0,0.350848965791508,0.59413215750569,0.025,0.015,1
chr6-126939086-126939956,Rad51ap1,0,0.35084897101941,0.564517380339795,0.025,0.015,1
chr3-142881757-142882666,Pkn2,0,0.351003209508913,0.49001881559875,0.05,0.035,1
chr11-100397429-100398335,Jup,0,0.351227810713449,0.645145469214486,0.025,0.015,1
chr16-16896102-16896952,Ppm1f,0,0.351227810713449,0.554041501443782,0.025,0.015,1
chr10-34019276-34020158,Rwdd1,0,0.351523673933474,0.323391896486541,0.057,0.04,1
chr10-128922861-128923719,Rdh5,0,0.351606909518731,0.62075893829993,0.025,0.015,1
chr14-13353804-13354728,Gm15913,0,0.351986267408403,0.607465522285477,0.025,0.015,1
chr17-78417521-78418398,Fez2,0,0.352143295269428,0.576060591149052,0.031,0.02,1
chr17-24960306-24961212,Hn1l,0,0.352295028406157,-0.753117142350905,0.019,0.032,1
chr11-95041008-95041831,Pdk2,0,0.353506284039538,0.536712622849918,0.025,0.015,1
chr13-104228398-104229293,Ppwd1,0,0.35360328937134,0.402900633586813,0.038,0.025,1
chr7-3692895-3693705,Tsen34,0,0.353808010139967,0.465070566462533,0.031,0.02,1
chr7-113369052-113369890,Btbd10,0,0.354204543488505,0.393215067059992,0.038,0.025,1
chr2-3332270-3333163,Rpp38,0,0.354267853977493,0.565307392908448,0.025,0.015,1
chr2-59882129-59882991,Wdsub1,0,0.354267853977493,0.51251332695054,0.025,0.015,1
chr15-58823169-58824086,Tmem65,0,0.354501915394057,0.380433579426619,0.044,0.03,1
chr3-84155349-84156248,Mnd1,0,0.354634047539359,0.537532603938978,0.044,0.031,1
chr10-115361912-115362825,Tmem19,0,0.354745765526506,0.262647908229733,0.05,0.035,1
chr17-26939160-26940080,Cuta,0,0.35541214263531,0.436629474765898,0.025,0.015,1
chr5-52190198-52191108,Dhx15,0,0.355461092256096,-1.41580304008526,0.013,0.024,1
chr3-10439672-10440569,Snx16,0,0.3554776859332,0.47942362111543,0.031,0.02,1
chr15-31223862-31224771,Dap,0,0.355794089826599,0.60086799987132,0.025,0.015,1
chr5-140648709-140649604,Ttyh3,0,0.355794089826599,0.508474526516693,0.025,0.015,1
chr19-3707812-3708726,1810055G02Rik,0,0.355812217469292,0.495570914922154,0.031,0.02,1
chr5-34573207-34574127,Add1,0,0.3561059051759,-1.25425745328931,0.013,0.024,1
chr4-49597134-49598070,Tmem246,0,0.356146951487632,0.473916227331803,0.031,0.02,1
chr8-47533115-47534014,Trappc11,0,0.356314386914261,0.531459234873672,0.031,0.02,1
chr7-84689570-84690554,2610206C17Rik,0,0.356616026297249,0.396665880506405,0.038,0.025,1
chr1-93478183-93479113,Sept2,0,0.356856279645675,-0.701885539952837,0.019,0.032,1
chr1-165634111-165634984,Mpzl1,0,0.357657364030239,0.503171258364831,0.044,0.031,1
chr8-119777999-119778840,Tldc1,0,0.358128440709702,0.384706758418725,0.038,0.025,1
chr14-7749175-7750063,Gm16741,0,0.358159494463493,0.46373907599498,0.031,0.02,1
chr7-12977571-12978506,Zfp446,0,0.358242343441848,-0.906453812967304,0.019,0.032,1
chr14-101608652-101609492,Tbc1d4,0,0.358495617246341,0.388792801442289,0.031,0.02,1
chr10-86498433-86499279,Syn3,0,0.358831934338084,0.424561588672919,0.031,0.02,1
chr10-30802676-30803585,Ncoa7,0,0.35885898046076,0.367908961380902,0.025,0.015,1
chr11-120086472-120087375,Cep131,0,0.359016722352185,-1.04976611022098,0.013,0.024,1
chr16-76372848-76373725,Nrip1,101,0.359168449718063,0.400870493931587,0.031,0.02,1
chr10-94035466-94036373,Vezt,0,0.360252597223095,0.380778552948417,0.038,0.025,1
chr1-93635406-93636302,Gm28536,212,0.360315202418879,-1.04936286963042,0.013,0.024,1
chr17-42315860-42316705,Ptchd4,0,0.36089804493389,-1.88503854326457,0.006,0.015,1
chr3-49756807-49757658,Pcdh18,0,0.36089804493389,-1.77015804476482,0.006,0.015,1
chr15-34082205-34083098,Mtdh,0,0.361191700808088,0.442424868962382,0.031,0.02,1
chr1-38129470-38130396,Rev1,0,0.361191704805212,0.392192704013381,0.031,0.02,1
chr9-105394898-105395768,Aste1,0,0.361304990789568,-1.60428194979739,0.006,0.015,1
chr7-35647108-35648014,Pdcd5,0,0.361712235875624,-1.5527132757458,0.006,0.015,1
chr12-51691632-51692552,Strn3,0,0.362119756942442,-1.51246478121907,0.006,0.015,1
chr2-139678053-139678932,Ism1,0,0.362119756942442,-1.69968937509371,0.006,0.015,1
chr2-118111084-118111816,Gm13986,0,0.3621197627434,-1.61813203980095,0.006,0.015,1
chr6-92214426-92215312,Zfyve20,0,0.3621197627434,-1.50702382137704,0.006,0.015,1
chr2-167661244-167662148,Gm14320,0,0.362527577154308,-1.3538896256216,0.006,0.015,1
chr1-34439162-34440043,Imp4,0,0.362883199496334,0.356159268738071,0.031,0.02,1
chr10-80929547-80930410,Gadd45b,0,0.362935673267504,-1.37717302933121,0.006,0.015,1
chr3-119782914-119783724,Ptbp2,0,0.362935679066777,-1.54808073904903,0.006,0.015,1
chr9-107587197-107588103,Gm16343,0,0.362935679066777,-1.4381029843849,0.006,0.015,1
chr14-54893525-54894420,Pabpn1,1024,0.363344068438862,-1.35480834769663,0.006,0.015,1
chr5-69339903-69340726,Gm24368,56,0.363344068438862,-1.41975531923171,0.006,0.015,1
chr2-3474625-3475418,Suv39h2,0,0.363752745228244,-1.49963198196263,0.006,0.015,1
chr4-59002786-59003621,Gm20503,0,0.363752745228244,-1.39441405141738,0.006,0.015,1
chr5-24685280-24686172,Nub1,0,0.364108728860499,0.602031232653084,0.038,0.026,1
chr19-3282504-3283429,Mrpl21,0,0.364161709392228,-1.38520614919352,0.006,0.015,1
chr6-90604337-90605278,Slc41a3,0,0.364161709392228,-1.46844047581018,0.006,0.015,1
chr13-98262741-98263651,Utp15,0,0.364570955091935,-1.35116277667823,0.006,0.015,1
chr6-72362053-72362961,Rnf181,0,0.364570960887747,-1.32124099879364,0.006,0.015,1
chr6-134829745-134830646,Crebl2,0,0.364570960887747,-1.26865624817107,0.006,0.015,1
chr1-71652581-71653495,Apol7d,0,0.364980493876431,-1.28625476950993,0.006,0.015,1
chr10-80589977-80590984,Abhd17a,0,0.364980493876431,-1.33374014443875,0.006,0.015,1
chr2-105398781-105399582,Rcn1,0,0.364980499671359,-1.35521849339368,0.006,0.015,1
chr13-34001972-34002821,Ripk1,0,0.365390325699245,-1.33215549516182,0.006,0.015,1
chr16-50732299-50733179,5330426P16Rik,0,0.365390325699245,-1.40541620034498,0.006,0.015,1
chr10-28074326-28075236,Ptprk,0,0.36553854884491,-0.975736694217609,0.013,0.024,1
chr9-21723917-21724666,Ldlr,340,0.366310865044003,1.13133725007149,0.019,0.011,1
chr18-34860467-34861348,Egr1,643,0.3664401614085,-0.803368978508372,0.019,0.032,1
chr8-72492402-72493323,Slc35e1,0,0.366621521013435,-1.24945078783868,0.006,0.015,1
chr16-13109418-13110306,Ercc4,0,0.366621526804751,-1.19017782733339,0.006,0.015,1
chr5-114443750-114444654,Mmab,0,0.367443762942926,-1.14450171635109,0.006,0.015,1
chr12-41023646-41024539,Immp2l,0,0.367450478454466,0.617526706034945,0.038,0.026,1
chr2-167062442-167063380,Gm27494,0,0.367509422276217,-0.788530922963552,0.013,0.024,1
chr9-66919149-66920196,Rab8b,0,0.367855311495282,-1.17087422080927,0.006,0.015,1
chr2-23155670-23156501,Yme1l1,0,0.36847187884136,0.444141711846384,0.05,0.036,1
chr4-28812599-28813494,Epha7,0,0.368506608715624,0.321903319810875,0.044,0.031,1
chr7-25237642-25238572,Gsk3a,0,0.368679269334301,-1.08036649955073,0.006,0.015,1
chr5-96209610-96210483,Mrpl1,116,0.368974625201735,0.73702885292827,0.031,0.021,1
chr14-47417909-47418932,Dlgap5,0,0.369091678526942,-1.11427934834864,0.006,0.015,1
chr9-66157701-66158622,Dapk2,0,0.369091678526942,-1.06749636517273,0.006,0.015,1
chr17-34646687-34647568,Atf6b,0,0.36950437450503,-1.08177870973527,0.006,0.015,1
chr7-128207892-128208742,Cox6a2,1525,0.36950437450503,-1.03727395031961,0.006,0.015,1
chr18-16808125-16809975,Cdh2,0,0.369513302879753,0.933713758181278,0.019,0.011,1
chrX-134058731-134059621,Cstf2,0,0.370330626625358,-1.00203846196803,0.006,0.015,1
chr2-110210373-110211444,Gm13937,207,0.370431472239949,0.928481577749373,0.019,0.011,1
chr1-88277144-88278009,Trpm8,0,0.37080336869151,-0.345045891406405,0.138,0.157,1
chr6-35252155-35253030,1810058I24Rik,0,0.370891087778114,1.02060059819271,0.019,0.011,1
chr14-21848483-21849384,Comtd1,0,0.371158025307145,-0.991681498738781,0.006,0.015,1
chr16-11322542-11323421,Snx29,0,0.371811380233127,0.928958972647539,0.019,0.011,1
chr13-91460508-91461325,Ssbp2,224,0.371935573907842,0.255331746851475,0.05,0.035,1
chr2-151702157-151703007,Tmem74b,148,0.373194471332716,0.869960259292247,0.019,0.011,1
chr10-24110749-24111670,Taar9,1214,0.373656208731861,0.846445872068027,0.019,0.011,1
chr2-104494003-104494926,Hipk3,0,0.374118299529547,0.956154739763132,0.019,0.011,1
chr5-8056115-8057026,Gm15730,975,0.374836777433937,0.279984334612266,0.05,0.035,1
chr19-46598501-46599395,Wbp1l,0,0.375540907104082,0.81314490074173,0.025,0.016,1
chr6-42245492-42246373,Gstk1,0,0.375733632247414,0.431332518840409,0.038,0.026,1
chr7-7170947-7171816,Zfp418,0,0.375773286349175,0.628209231271886,0.031,0.021,1
chr17-57031414-57032293,Khsrp,0,0.375920216048405,-0.472897648267614,0.05,0.068,1
chr1-170885023-170885842,Gm26620,0,0.375970195266534,0.833808259599609,0.019,0.011,1
chr5-108132245-108133140,Tmed5,0,0.376847646270785,0.336905895797403,0.044,0.031,1
chr9-109073687-109074584,Atrip,0,0.376898254519976,0.793230916117901,0.019,0.011,1
chr2-53191138-53191836,Arl6ip6,0,0.377280107801599,0.460596658325494,0.038,0.026,1
chr13-114817767-114818643,Mocs2,0,0.377597357243409,-1.20442784425073,0.013,0.023,1
chr19-53599710-53600552,Smc3,0,0.377776253893129,-0.831831817593651,0.019,0.031,1
chr10-7211954-7212810,Cnksr3,0,0.377827732437997,0.761221710386995,0.019,0.011,1
chr9-123020778-123021703,Tmem42,0,0.377827739554129,0.801608497530752,0.019,0.011,1
chr14-24245181-24246116,Dlg5,0,0.378293007650684,0.758721603145211,0.019,0.011,1
chr2-164389176-164390030,Slpi,80,0.378293007650684,0.736607080426828,0.019,0.011,1
chr3-14578263-14579149,E2f5,0,0.378361943616143,-0.913079335641671,0.019,0.031,1
chr5-35757331-35758218,Ablim2,0,0.378614175851212,-1.16885999784518,0.013,0.023,1
chr13-106946608-106947497,Dimt1,0,0.378614179625726,-1.16112292175888,0.013,0.023,1
chr13-74316850-74317796,Pdcd6,0,0.37875862129148,0.725868731605228,0.019,0.011,1
chr19-8785917-8786780,Taf6l,0,0.378758628404504,0.805103088197225,0.019,0.011,1
chr8-41374345-41375242,Asah1,0,0.379241525899291,-0.836887706892982,0.019,0.031,1
chr6-88841774-88842714,Abtb1,0,0.379602197628476,0.338594142545273,0.094,0.074,1
chr17-80206989-80207850,Srsf7,0,0.379690920464241,0.769820316866675,0.019,0.011,1
chr1-35879232-35880115,RP24-72B22.1,0,0.37969092757411,0.713003868359422,0.019,0.011,1
chr1-184845410-184846305,Marc2,145,0.37969092757411,0.604956560519272,0.019,0.011,1
chr7-100607081-100607996,Rab6a,0,0.37969092757411,0.7127626265117,0.019,0.011,1
chrX-20364134-20364985,Rp2h,0,0.379831029529353,0.74084351024897,0.025,0.016,1
chr5-4757643-4758546,Fzd1,0,0.380073634748192,0.457540248259086,0.038,0.026,1
chr5-121385114-121386011,Trafd1,0,0.380157605833529,0.654970200809805,0.019,0.011,1
chr12-108835565-108836459,Slc25a29,0,0.380222529121012,0.734335944528999,0.025,0.016,1
chr9-41207276-41208146,1700063D05Rik,1138,0.380312628883041,-1.04438771571308,0.013,0.023,1
chr7-46033318-46034174,Nomo1,0,0.380614276590321,0.75202155423082,0.025,0.016,1
chr17-46496435-46497321,Dnph1,0,0.380624629330811,0.690886790717602,0.019,0.011,1
chr3-10330759-10331634,Impa1,0,0.380624629330811,0.614993977378,0.019,0.011,1
chr2-67565154-67566004,B3galt1,0,0.380624636437479,0.64499605247839,0.019,0.011,1
chr8-55940247-55941134,Glra3,0,0.380624636437479,0.671347682325734,0.019,0.011,1
chr11-51606593-51607545,Hnrnpab,0,0.381092019306325,0.679900739793947,0.019,0.011,1
chr2-28467630-28468521,Mrps2,0,0.381092019306325,0.717835160193672,0.019,0.011,1
chr10-85127674-85128734,Mterf2,0,0.381559747256429,0.685611075348373,0.019,0.011,1
chr15-82353979-82354832,Ndufa6,0,0.381559754359849,0.622389227924915,0.019,0.011,1
chr5-34525443-34526298,Sh3bp2,0,0.381559754359849,0.698847852773903,0.019,0.011,1
chrX-111696419-111697135,Hdx,0,0.381559754359849,0.682313364939213,0.019,0.011,1
chr14-55681511-55682409,Tinf2,0,0.382015747964905,-1.01113070510673,0.013,0.023,1
chr18-73703532-73704418,Smad4,0,0.382027841517255,0.534243068899175,0.019,0.011,1
chr5-32853896-32854789,Prr14l,0,0.382027841517255,0.722876690518191,0.019,0.011,1
chrX-93631784-93632655,Pola1,0,0.382027841517255,0.550304811948594,0.019,0.011,1
chr4-138913581-138914476,Otud3,0,0.382130444200172,0.509140204924659,0.031,0.021,1
chr5-33018285-33019172,Ywhah,0,0.3823060348955,-0.547023227638634,0.019,0.032,1
chr17-74527833-74528734,Birc6,0,0.382424626064611,0.317269824785062,0.044,0.031,1
chr15-76350789-76351660,Sharpin,0,0.38249628069716,0.619868319549815,0.019,0.011,1
chr3-142168782-142169628,Bmpr1b,0,0.38249628069716,0.600895092291064,0.019,0.011,1
chr4-136205880-136206776,Asap3,0,0.38249628069716,0.606031609113166,0.019,0.011,1
chr8-71272090-71272992,Myo9b,0,0.382668551726672,0.638841869603611,0.044,0.032,1
chr15-55556992-55557898,Mtbp,0,0.382969964183975,0.675310977741241,0.025,0.016,1
chr5-122264029-122264925,Tctn1,0,0.382969964183975,0.729514097724896,0.025,0.016,1
chr7-48788557-48789412,Zdhhc13,0,0.383340523236195,0.550477392158428,0.031,0.021,1
chr7-43443508-43444276,Etfb,0,0.383340530956618,0.497500501822219,0.031,0.021,1
chr10-76531026-76531915,Lss,0,0.383362851906545,-0.777181465699163,0.019,0.031,1
chr1-66700404-66701307,Rpe,0,0.383363445464358,0.639480926589804,0.025,0.016,1
chr5-91402485-91403365,Btc,0,0.383363445464358,0.661216237476445,0.025,0.016,1
chr11-51688354-51689239,0610009B22Rik,0,0.383381605608402,-0.945879913384836,0.013,0.023,1
chr8-116921221-116922100,Cmc2,0,0.383421850285841,0.45135467796337,0.044,0.031,1
chr3-151836649-151837514,Ptgfr,115,0.383723532986756,-0.938086098312127,0.013,0.023,1
chr7-122020650-122021458,Gga2,0,0.383903709549342,0.588957258607024,0.019,0.011,1
chr7-44869415-44870334,Ptov1,0,0.384033059378305,0.468432929441469,0.031,0.021,1
chr18-61666105-61666965,Mir143hg,567,0.384373555993801,0.56479271024234,0.019,0.011,1
chr7-44262548-44263411,Gm15517,1100,0.384373555993801,0.546660972565447,0.019,0.011,1
chr11-17257144-17258079,C1d,0,0.384843754045122,0.557487679955034,0.019,0.011,1
chr18-12120954-12121958,Tmem241,0,0.384843754045122,0.606491217680075,0.019,0.011,1
chr9-77544513-77545399,Lrrc1,0,0.384843754045122,0.556264453150814,0.019,0.011,1
chr9-101034320-101035220,Pccb,0,0.384843754045122,0.610486267154513,0.019,0.011,1
chr12-44209808-44210717,Dnajb9,0,0.385058485058602,0.337035646805318,0.05,0.036,1
chr3-30602085-30602924,Mynn,19,0.385137168254872,0.67515864005758,0.025,0.016,1
chr15-34837012-34837929,Kcns2,0,0.385195270714111,-1.67759866726273,0.006,0.015,1
chr15-102470007-102470843,Pcbp2,0,0.385195270714111,-1.90549591743578,0.006,0.015,1
chr5-138255242-138256150,Lamtor4,0,0.385195270714111,-1.81405482769005,0.006,0.015,1
chr7-119512782-119513693,Gm26967,608,0.385195270714111,-2.08320780422616,0.006,0.015,1
chr4-132732085-132732964,Xkr8,0,0.385314296528473,0.561197963142389,0.019,0.011,1
chr18-80933593-80934403,Atp9b,0,0.38531430361843,0.566176927053371,0.019,0.011,1
chr3-18242804-18243570,Cyp7b1,0,0.38531430361843,0.537261827164461,0.019,0.011,1
chr10-5921996-5922838,Rgs17,0,0.385549703110054,0.440393877436287,0.019,0.011,1
chr11-23008135-23008588,Fam161a,603,0.385627246446187,-1.67072362508604,0.006,0.015,1
chr11-120467074-120467979,Hgs,0,0.385627246446187,-1.61028084250588,0.006,0.015,1
chr5-100798205-100799101,Helq,0,0.385779037911584,-0.900888395599194,0.013,0.023,1
chr5-120588352-120589258,Tpcn1,0,0.386059512030937,-1.55334671782055,0.006,0.015,1
chr6-95718366-95719285,Suclg2,0,0.386059512030937,-1.44958694938317,0.006,0.015,1
chr9-119322361-119323238,Oxsr1,0,0.386124741462635,0.613568653593502,0.025,0.016,1
chr18-68299806-68300713,Fam210a,0,0.386256449902105,0.529476182570306,0.019,0.011,1
chr13-65278278-65279180,Zfp369,0,0.386256456988579,0.409187019702643,0.019,0.011,1
chr14-69805257-69806171,Rhobtb2,0,0.386256456988579,0.543890321785359,0.019,0.011,1
chr14-67072099-67072922,Ppp2r2a,0,0.386492079336119,-1.68736932540939,0.006,0.015,1
chr16-11253959-11254843,Gspt1,0,0.386492079336119,-1.4431073655452,0.006,0.015,1
chr1-75546061-75546990,Slc4a3,0,0.386492085301339,-1.50123213584406,0.006,0.015,1
chr11-43425922-43426786,Pttg1,0,0.386492085301339,-1.43496006481857,0.006,0.015,1
chr14-63177663-63178506,Fdft1,0,0.386492085301339,-1.42955538679104,0.006,0.015,1
chr4-63402752-63403657,Akna,0,0.386492085301339,-1.47620269884181,0.006,0.015,1
chr6-15720599-15721539,Mdfic,0,0.386492085301339,-1.49524015399954,0.006,0.015,1
chr6-113638013-113638979,Irak2,0,0.386492085301339,-1.33244210534671,0.006,0.015,1
chr11-58846771-58847624,Gm12258,0,0.386728060612748,0.590275077269559,0.019,0.011,1
chr19-40830796-40831668,Ccnj,0,0.386728060612748,0.453073829451849,0.019,0.011,1
chr10-29312917-29313817,Echdc1,0,0.386809311403068,-0.882444224589364,0.013,0.023,1
chr10-121364583-121365478,Gns,0,0.386915903232079,0.592268077551736,0.025,0.016,1
chr17-35046380-35047284,Msh5,0,0.386915908215902,0.61966457263291,0.025,0.016,1
chr12-103643080-103643976,Gm18501,1010,0.386924948290507,-1.44068070471269,0.006,0.015,1
chr15-76511563-76512457,Dgat1,0,0.386924948290507,-1.47266809588909,0.006,0.015,1
chr10-4431926-4432825,Rmnd1,0,0.387158901524002,0.489024920466939,0.031,0.021,1
chr14-121378990-121379846,Stk24,0,0.387358100934957,-1.42649848978481,0.006,0.015,1
chr14-70442971-70443888,Polr3d,0,0.387358106897442,-1.4692656361976,0.006,0.015,1
chr2-132686507-132687424,1110034G24Rik,0,0.387358106897442,-1.44639634174331,0.006,0.015,1
chr6-149132055-149133079,Gm10203,1884,0.387358106897442,-1.41737667506886,0.006,0.015,1
chr12-87147092-87147953,Gstz1,0,0.387509926799088,0.57757053887042,0.025,0.016,1
chr9-75070822-75071754,Myo5a,0,0.387672321303216,0.27324200723433,0.019,0.011,1
chr3-53656802-53657714,Frem2,0,0.387791555093049,-1.35408078885656,0.006,0.015,1
chr15-99651197-99652099,Racgap1,0,0.387791561054154,-1.32484276907534,0.006,0.015,1
chr2-172370177-172371086,Cstf1,0,0.387791561054154,-1.31949384815156,0.006,0.015,1
chr10-117710352-117711206,Mdm2,0,0.38818561284482,-0.805149561022654,0.013,0.023,1
chr7-46710195-46711093,Saal1,0,0.388225310692239,-1.28938495144779,0.006,0.015,1
chr11-85169771-85170688,1700125H20Rik,0,0.388501205775813,0.602781306634583,0.025,0.016,1
chr2-165034388-165035293,Ncoa5,0,0.388659355742878,-1.30619440150744,0.006,0.015,1
chr9-90270414-90271275,Tbc1d2b,0,0.388659355742878,-1.26132981388987,0.006,0.015,1
chr17-28313038-28313932,Fance,0,0.388874880865836,-0.838321421498312,0.013,0.023,1
chr17-66101242-66102158,Ndufv2,0,0.38909134461851,0.429097816803011,0.019,0.011,1
chr7-118994751-118995597,Gprc5b,0,0.38909134461851,0.369903241313345,0.019,0.011,1
chr5-115558948-115559840,Rplp0,0,0.389093696136839,-1.29046053370379,0.006,0.015,1
chr5-93266755-93267657,Ccng2,0,0.38925139129852,0.411903980532737,0.031,0.021,1
chr13-53376973-53377827,Sptlc1,0,0.38952831989347,-1.33796256094548,0.006,0.015,1
chr11-55204025-55204875,Slc36a1,0,0.389565053973876,0.393283338979085,0.019,0.011,1
chr4-43656069-43656985,Hint2,0,0.389565053973876,0.378412628831838,0.019,0.011,1
chr13-30973636-30974549,Exoc2,0,0.389692770841056,0.51829577959899,0.025,0.016,1
chr8-4677341-4678301,Gm7461,63,0.389894384682251,-0.674306736002014,0.019,0.031,1
chr5-124425433-124426309,Gm27486,0,0.389963232905316,-1.21696549423136,0.006,0.015,1
chr1-15286374-15287256,Kcnb2,0,0.389963262675716,-1.27535750671501,0.006,0.015,1
chr11-32454710-32455563,Ubtd2,0,0.389963262675716,-1.17775375948114,0.006,0.015,1
chr5-124095423-124096461,Abcb9,0,0.389963262675716,-1.24630312685963,0.006,0.015,1
chr7-141228129-141229021,Phrf1,0,0.389963262675716,-1.2076458099615,0.006,0.015,1
chr8-75108285-75108827,Mcm5,700,0.389963262675716,-1.17271261838659,0.006,0.015,1
chrX-160994351-160995294,Cdkl5,0,0.389963262675716,-1.17625218386075,0.006,0.015,1
chr6-128362320-128363229,Rhno1,0,0.390398488680089,-1.21848329995569,0.006,0.015,1
chr10-120112520-120113407,Helb,0,0.390424889532684,0.28535409196209,0.038,0.026,1
chr6-4748841-4749750,Peg10,1534,0.390488376014564,0.576623739832285,0.025,0.016,1
chr1-105989939-105990860,Zcchc2,0,0.390811584396248,0.276585279590763,0.044,0.031,1
chr4-9668753-9669678,Gm25677,0,0.390819367149958,-0.524207087765939,0.031,0.046,1
chr2-64097887-64098671,Fign,0,0.390834003795487,-1.15482128433217,0.006,0.015,1
chr16-18876276-18877092,Mrpl40,0,0.390834009746697,-1.20416640168845,0.006,0.015,1
chr11-60352626-60353526,Lrrc48,0,0.391000378745819,0.441904440272322,0.031,0.021,1
chr2-29868816-29869662,Cercam,0,0.391269819854468,-1.15157141111743,0.006,0.015,1
chr6-83794557-83795454,Nagk,0,0.391269825804232,-1.15870538696238,0.006,0.015,1
chr2-144458786-144459681,Zfp133-ps,0,0.391284977382288,0.507062939786925,0.025,0.016,1
chr17-86753073-86753980,Epas1,0,0.391683640313881,0.537685790897795,0.025,0.016,1
chr4-134245162-134246060,Zfp593,0,0.391705936780967,-1.09611879080552,0.006,0.015,1
chr8-109868056-109868944,Gm17344,0,0.391705936780967,-1.16954492070601,0.006,0.015,1
chr12-111537614-111538489,Eif5,0,0.39214234260476,-1.04923414693417,0.006,0.015,1
chr9-21264801-21265680,Atg4d,0,0.39214234260476,-1.13350944730662,0.006,0.015,1
chr15-89475762-89476669,C230037L18Rik,0,0.392402987600878,0.43707462230768,0.031,0.021,1
chr11-23067383-23068285,Gm12059,0,0.392402995283889,0.344012439514245,0.031,0.021,1
chr4-118427636-118428566,Elovl1,0,0.392481720225512,0.531137855004958,0.025,0.016,1
chr12-21417214-21418096,Ywhaq,0,0.392509086782286,-0.828683796566976,0.019,0.031,1
chr6-3399295-3400169,Samd9l,0,0.392579037257681,-0.977464991957929,0.006,0.015,1
chr15-12824286-12825180,6030458C11Rik,0,0.392696234836937,0.316275841580516,0.057,0.042,1
chr1-119837055-119837943,Ptpn4,0,0.392881127152728,0.489883977340877,0.025,0.016,1
chr2-26021250-26022246,Ubac1,0,0.393016032558983,-1.11706501902109,0.006,0.015,1
chr5-90785484-90786267,Cxcl3,0,0.393016038502875,-1.064911754698,0.006,0.015,1
chr16-44138869-44139509,Atp6v1a,195,0.393280780309955,0.436545749435195,0.025,0.016,1
chr16-5049607-5050479,Glyr1,0,0.393453328430832,-1.01769598635271,0.006,0.015,1
chr17-25985405-25986295,Capn15,0,0.393453328430832,-1.0241312108169,0.006,0.015,1
chr14-20393230-20394140,Mrps16,0,0.393456960075976,0.349265590219948,0.031,0.021,1
chr9-96364042-96364884,Atp1b3,0,0.393485382645096,-0.627461482416416,0.019,0.031,1
chr3-85573599-85574476,Gm15535,0,0.393595139137192,0.303934103120708,0.038,0.026,1
chr3-97227173-97228092,Bcl9,753,0.393945506921236,-0.582576939323898,0.031,0.046,1
chr12-70347006-70347880,Trim9,0,0.394080820125,0.404315045399432,0.025,0.016,1
chr4-83485717-83486301,Psip1,157,0.394328791875513,-0.998658683325964,0.006,0.015,1
chr5-122502083-122503017,Atp2a2,0,0.394481211634629,0.505091539487248,0.025,0.016,1
chr12-59066368-59067263,Pnn,0,0.39448121659755,0.439233432849013,0.025,0.016,1
chr17-25273436-25274309,Ube2i,312,0.39448121659755,0.453599513583157,0.025,0.016,1
chr10-59616302-59617171,Mcu,0,0.39488185410921,0.425627426942402,0.025,0.016,1
chr8-48097120-48098016,Dctd,1075,0.39488185410921,0.49685515067178,0.025,0.016,1
chr15-5243880-5244773,Ptger4,0,0.395205432941642,-0.992172235811392,0.006,0.015,1
chr2-158767456-158768360,Fam83d,0,0.395205432941642,-0.839812480566629,0.006,0.015,1
chr14-75754026-75754835,Cog3,0,0.395644194894846,-0.680903069809198,0.006,0.015,1
chr4-93335254-93335906,Tusc1,0,0.395683866912048,0.45196885675125,0.025,0.016,1
chr1-164898614-164899519,RP23-152I6.2,71,0.395922866184045,0.370145721262293,0.031,0.021,1
chr4-11007257-11008134,Plekhf2,0,0.396085242087481,0.33728608341334,0.025,0.016,1
chr16-70313742-70314686,Gbe1,0,0.396618160830599,0.419409075753387,0.05,0.037,1
chr4-41464590-41465503,Kif24,0,0.396888724738954,0.367688403093725,0.025,0.016,1
chr10-80399229-80400068,Mbd3,0,0.397060352857207,-0.848011213737347,0.019,0.031,1
chr15-75703725-75704626,Rhpn1,0,0.397693199918705,0.365812921212144,0.025,0.016,1
chr17-43016135-43016985,Tnfrsf21,0,0.397866903585802,-1.26845911117281,0.013,0.023,1
chr5-134906831-134907733,Wbscr28,97,0.398095803363692,0.401053251639432,0.025,0.016,1
chr12-40445452-40446369,Zfp277,0,0.398174291907319,0.547266832079885,0.038,0.026,1
chr5-149636004-149636903,Hsph1,0,0.398498642382315,0.40707859452862,0.025,0.016,1
chr11-101170975-101171878,Plekhh3,0,0.398901746620932,0.239044614308681,0.025,0.016,1
chr13-80885529-80886401,1700023H06Rik,4,0.398929706011402,-1.06197002408987,0.013,0.023,1
chr16-22857283-22858169,Tbccd1,0,0.399125488291042,0.525738942305552,0.038,0.026,1
chr15-87623667-87624590,Fam19a5,639,0.399221196382781,1.1422049073882,0.013,0.007,1
chr8-84846537-84847521,Calr,0,0.399284352911997,-1.04916200245245,0.013,0.023,1
chr15-81729625-81730521,Rangap1,0,0.399639193281811,-1.07663170799252,0.013,0.023,1
chr15-75616098-75617012,Zfp41,0,0.399806324090092,-0.817863531305238,0.019,0.031,1
chr10-105575099-105575914,Tmtc2,647,0.400442162445245,1.05371209264252,0.013,0.007,1
chr11-75454221-75455091,Wdr81,0,0.400442162445245,1.04451425345347,0.013,0.007,1
chr2-101870881-101871799,Gm13905,375,0.40105348606216,1.1689875716366,0.013,0.007,1
chr17-35700222-35700922,Gm23864,912,0.401665369785104,1.23116381813344,0.013,0.007,1
chr2-32718457-32719341,Sh2d3c,1713,0.401665369785104,1.06981002225667,0.013,0.007,1
chr3-32508495-32509352,Zfp639,906,0.401665369785104,1.09404725795591,0.013,0.007,1
chr19-60226178-60227078,4933412A08Rik,0,0.40173027350995,0.366441998795843,0.025,0.016,1
chr1-175692389-175693309,Opn3,0,0.402083546308471,0.301355831815363,0.088,0.069,1
chr2-168080459-168081356,Pard6b,0,0.402277813398848,1.09002971349256,0.013,0.007,1
chr8-40925902-40926684,Pdgfrl,0,0.402277813398848,1.09758354672481,0.013,0.007,1
chr6-92091781-92092655,Nr2c2,390,0.402484707816793,-0.987388831151721,0.013,0.023,1
chr14-7791265-7792276,Gm26661,0,0.402890816686631,1.0495986557779,0.013,0.007,1
chr3-59262386-59263225,P2ry12,0,0.402890816686631,1.01580485167752,0.013,0.007,1
chr4-11966124-11966899,Pdp1,0,0.402916010569908,0.257089480933232,0.05,0.036,1
chr11-21571612-21572514,Wdpcp,0,0.403124396346317,0.329139259300597,0.044,0.031,1
chr2-128125410-128126337,Bcl2l11,0,0.403504334301567,0.883072071035397,0.013,0.007,1
chr10-79611958-79612885,C2cd4c,1139,0.403504379430164,0.985325307384763,0.013,0.007,1
chr10-81432599-81433470,Nfic,1593,0.403504379430164,1.00723258823992,0.013,0.007,1
chr11-77930503-77931413,Sez6,0,0.403504379430164,1.00269857733873,0.013,0.007,1
chr11-111065730-111066568,Kcnj2,0,0.403504379430164,0.997305654974512,0.013,0.007,1
chr2-156065177-156066090,Spag4,1,0.403504379430164,0.956655373873532,0.013,0.007,1
chr6-72627052-72627915,Gm15401,1372,0.403504379430164,0.973872050898156,0.013,0.007,1
chr18-31759309-31760148,Ammecr1l,0,0.403554899811528,-0.986878307308233,0.013,0.023,1
chr5-81019215-81020123,Lphn3,14,0.403811359249283,0.973758654052676,0.013,0.007,1
chr1-63114193-63114997,Ino80d,0,0.404118501409626,1.01918170202927,0.013,0.007,1
chr12-90740141-90741020,Dio2,1702,0.404118501409626,1.16255131588717,0.013,0.007,1
chr19-4201245-4202147,Rad9a,0,0.404118501409626,1.00668241121988,0.013,0.007,1
chr2-103546945-103547853,Gm13996,0,0.404118501409626,0.913955779223301,0.013,0.007,1
chr4-139310302-139311223,Pqlc2,0,0.404118501409626,1.0210552818243,0.013,0.007,1
chr8-25993743-25994636,Pomk,0,0.404118501409626,0.980070467221241,0.013,0.007,1
chr8-105483123-105484084,Zdhhc1,265,0.404118501409626,0.991659440871309,0.013,0.007,1
chr7-35214834-35215686,Lrp3,0,0.40442576076828,1.01575960298442,0.013,0.007,1
chr15-66890926-66891772,Wisp1,0,0.404733182403666,0.946206741734124,0.013,0.007,1
chr18-40256457-40257255,2900055J20Rik,0,0.404733182403666,0.944253954398754,0.013,0.007,1
chr5-30814230-30815126,Mapre3,0,0.404733182403666,0.910968035817312,0.013,0.007,1
chr5-92674891-92675913,Ccdc158,0,0.404733182403666,1.02706472303613,0.013,0.007,1
chr7-24269884-24270709,Zfp93,0,0.404733182403666,0.903912337735717,0.013,0.007,1
chr14-54517077-54517982,Prmt5,0,0.40503897527968,0.361006571367005,0.044,0.031,1
chr12-108333728-108334637,Cyp46a1,0,0.405173747278411,0.386840632888204,0.063,0.048,1
chr1-14309416-14310292,Eya1,0,0.4053484221894,0.962027576937055,0.013,0.007,1
chr1-131097476-131098338,Mapkapk2,0,0.4053484221894,0.890811498872973,0.013,0.007,1
chr1-182341169-182342040,Fbxo28,0,0.4053484221894,0.91290869871769,0.013,0.007,1
chr10-62946571-62947479,Dna2,0,0.4053484221894,0.90693893783648,0.013,0.007,1
chr11-102229789-102230726,Mir8101,0,0.4053484221894,0.865254731952299,0.013,0.007,1
chr15-85131730-85132659,Smc1b,0,0.4053484221894,0.791862173355889,0.013,0.007,1
chr17-33920249-33921089,Gm19412,0,0.4053484221894,0.898701309388269,0.013,0.007,1
chr6-120665789-120666747,Cecr2,0,0.4053484221894,0.865911662972088,0.013,0.007,1
chr7-29905802-29906644,Mir7668,0,0.4053484221894,0.941791596069304,0.013,0.007,1
chr17-53478642-53479571,Rab5a,0,0.405640757292296,-0.618321085712183,0.019,0.031,1
chr1-63445541-63446279,Adam23,0,0.405964220542413,0.85795335160369,0.013,0.007,1
chr1-119328673-119329559,Gm29455,0,0.405964220542413,0.850327622955939,0.013,0.007,1
chr11-43586120-43587089,4933415A04Rik,0,0.405964220542413,0.806269198895468,0.013,0.007,1
chr14-46883407-46884333,Samd4,552,0.405964220542413,0.92764932907809,0.013,0.007,1
chr18-12236982-12237243,Npc1,581,0.405964220542413,0.814452503094165,0.013,0.007,1
chr19-8888356-8889265,Gm25822,0,0.405964220542413,0.805681062652425,0.013,0.007,1
chr2-180104073-180104954,Hrh3,0,0.405964220542413,0.91815081548939,0.013,0.007,1
chr4-148558002-148558871,Exosc10,0,0.405964220542413,0.898245941617661,0.013,0.007,1
chr9-89622619-89623451,AF529169,0,0.405964220542413,0.814287038081216,0.013,0.007,1
chr16-87495503-87496383,Cct8,0,0.406058628364414,-0.867891371379752,0.013,0.023,1
chr8-79294494-79295380,Mmaa,0,0.406142619310385,0.437612430249099,0.038,0.026,1
chr2-71211262-71212163,Dync1i2,0,0.406272317849291,0.911941606671633,0.013,0.007,1
chr15-89591453-89592330,Rabl2,0,0.406417048656491,-0.912157673332159,0.013,0.023,1
chr12-85110351-85111254,Dlst,0,0.406580577236756,0.772326941647251,0.013,0.007,1
chr17-94751257-94752189,2700099C18Rik,1156,0.406580577236756,0.8250868090165,0.013,0.007,1
chr6-97060020-97060934,Fam19a4,0,0.406580577236756,0.834747391264668,0.013,0.007,1
chr7-19604057-19604927,Clasrp,0,0.406580577236756,0.849727967197396,0.013,0.007,1
chr7-54835189-54836056,Luzp2,0,0.406580577236756,0.688721760291032,0.013,0.007,1
chr9-97068491-97069399,Gm26767,307,0.406580577236756,0.755368115387551,0.013,0.007,1
chr11-121236544-121237530,Narf,0,0.406860454119866,0.477816152687761,0.044,0.032,1
chr4-151861629-151862448,Camta1,0,0.406866702990176,0.374014519442853,0.063,0.048,1
chr12-36157672-36158381,Ankmy2,547,0.407197480790056,0.779626744498453,0.013,0.007,1
chr11-82034919-82035930,Ccl2,0,0.407197492044947,0.795486264296294,0.013,0.007,1
chr12-40039758-40040656,Arl4aos,1658,0.407197492044947,0.651191968226661,0.013,0.007,1
chr12-55302319-55303097,Ppp2r3c,0,0.407197492044947,0.822860997888309,0.013,0.007,1
chr13-104918392-104919312,Gm4938,0,0.407197492044947,0.825248342700023,0.013,0.007,1
chr16-91405932-91406792,Il10rb,0,0.407197492044947,0.828470080114489,0.013,0.007,1
chr19-4697945-4698914,Gm960,0,0.407197492044947,0.898804695063675,0.013,0.007,1
chr4-116821007-116821851,Hpdl,0,0.407197492044947,0.854739554954588,0.013,0.007,1
chr6-48554517-48555340,Lrrc61,0,0.407197492044947,0.748200999488182,0.013,0.007,1
chr6-129237616-129238555,2310001H17Rik,0,0.407197492044947,0.850747209863025,0.013,0.007,1
chr7-31058990-31059790,Lgi4,0,0.407197492044947,0.747062496622395,0.013,0.007,1
chr8-4252746-4253590,Snapc2,0,0.407506147417658,0.674930251718651,0.013,0.007,1
chr1-171269903-171270776,B4galt3,0,0.407814964737968,0.753517842619151,0.013,0.007,1
chr10-118868938-118869839,Dyrk2,34,0.407814964737968,0.760804540005585,0.013,0.007,1
chr11-100761393-100762336,Hcrt,594,0.407814964737968,0.69353865315661,0.013,0.007,1
chr12-55492254-55492918,Nfkbia,0,0.407814964737968,0.804569171105646,0.013,0.007,1
chr13-22035342-22036224,Hist1h2ah,0,0.407814964737968,0.741276378569697,0.013,0.007,1
chr14-20640487-20641344,2810402E24Rik,0,0.407814964737968,0.700768788017348,0.013,0.007,1
chr14-70153231-70154135,Ccar2,0,0.407814964737968,0.752711424232825,0.013,0.007,1
chr15-98831035-98831901,Prkag1,0,0.407814964737968,0.803164588065401,0.013,0.007,1
chr19-11819650-11820498,Stx3,246,0.407814964737968,0.685766640145602,0.013,0.007,1
chr5-65536735-65537577,Smim14,0,0.407814964737968,0.757580140941075,0.013,0.007,1
chr7-125551695-125552577,Il4ra,0,0.407814964737968,0.756752528807105,0.013,0.007,1
chrX-100767121-100768112,Dlg3,0,0.407814964737968,0.778951572095128,0.013,0.007,1
chr1-180720067-180720904,RP23-201I6.3,709,0.408432995085269,0.795711308384435,0.013,0.007,1
chr16-17275888-17276749,Tmem191c,0,0.408432995085269,0.778169751921415,0.013,0.007,1
chr17-36835637-36836339,Trim26,794,0.408432995085269,0.711609424884939,0.013,0.007,1
chr17-37083120-37084000,RP23-98F21.12,1074,0.408432995085269,0.810923044395416,0.013,0.007,1
chr2-91649662-91650563,Arhgap1,0,0.408432995085269,0.733509728873374,0.013,0.007,1
chr2-128966796-128967666,Zc3h6,0,0.408432995085269,0.760383519216853,0.013,0.007,1
chr4-56222145-56223073,2310081O03Rik,1447,0.408432995085269,0.77666359478479,0.013,0.007,1
chr5-24424924-24425766,Slc4a2,1086,0.408432995085269,0.73735249791534,0.013,0.007,1
chr7-12834336-12835225,Zfp110,0,0.408432995085269,0.652195007165019,0.013,0.007,1
chr7-99535008-99535927,Arrb1,0,0.408432995085269,0.648910356332633,0.013,0.007,1
chr9-117251995-117252699,Gm17396,0,0.408432995085269,0.760734777774473,0.013,0.007,1
chr9-121950536-121951424,Fam198a,0,0.408432995085269,0.765690781575565,0.013,0.007,1
chr13-100015221-100016134,Mccc2,0,0.408712454310218,0.422158608631005,0.038,0.026,1
chr17-51178957-51179797,Tbc1d5,0,0.4088308406985,0.511125568511096,0.031,0.021,1
chr11-79704120-79705020,Gm11205,0,0.408931369301916,-0.797206238647867,0.013,0.023,1
chr1-64956324-64957228,Plekhm3,0,0.409051582854764,0.734766901371799,0.013,0.007,1
chr11-5541800-5542673,Ccdc117,0,0.409051582854764,0.659772394525983,0.013,0.007,1
chr11-19923806-19924663,Spred2,0,0.409051582854764,0.66354224235755,0.013,0.007,1
chr11-52003791-52004709,Cdkl3,0,0.409051582854764,0.680303688899902,0.013,0.007,1
chr11-71847651-71848524,Gm22927,0,0.409051582854764,0.779146781446496,0.013,0.007,1
chr14-88469195-88470002,Pcdh20,1393,0.409051582854764,0.725733151429459,0.013,0.007,1
chr15-75921071-75921994,Pycrl,0,0.409051582854764,0.678578688063152,0.013,0.007,1
chr2-180042162-180043003,Ss18l1,0,0.409051582854764,0.499464361833415,0.013,0.007,1
chr6-113604297-113605100,Brk1,0,0.409051582854764,0.655600956747566,0.013,0.007,1
chr6-124813726-124814560,Tpi1,0,0.409051582854764,0.689201861463071,0.013,0.007,1
chr7-126486789-126487691,Tufm,0,0.409051582854764,0.896603141622551,0.013,0.007,1
chr8-70042440-70043313,Mau2,0,0.409051582854764,0.621679573060146,0.013,0.007,1
chrX-53610341-53611236,Gm14597,1361,0.409051582854764,0.731478850418579,0.013,0.007,1
chr9-53247745-53248604,Ddx10,0,0.409356426207508,0.410952149579024,0.038,0.026,1
chr5-8367751-8368622,Adam22,0,0.409626380719043,0.288491779745407,0.044,0.031,1
chr10-60696670-60697545,Cdh23,179,0.409670716576728,0.583362529937789,0.013,0.007,1
chr1-13373867-13374726,Ncoa2,0,0.409670727812828,0.542738071456665,0.013,0.007,1
chr11-97186676-97187424,Kpnb1,456,0.409670727812828,0.633145286659096,0.013,0.007,1
chr12-86715161-86716117,Gm17138,174,0.409670727812828,0.691820704081349,0.013,0.007,1
chr13-58112872-58113889,Klhl3,0,0.409670727812828,0.635916787533272,0.013,0.007,1
chr13-64129257-64130031,Slc35d2,0,0.409670727812828,0.541583931146403,0.013,0.007,1
chr14-62457109-62458019,Gucy1b2,819,0.409670727812828,0.727630066781967,0.013,0.007,1
chr17-28527662-28528532,Gm25195,1329,0.409670727812828,0.7286413319438,0.013,0.007,1
chr2-58165319-58166233,Gm13546,1317,0.409670727812828,0.709528765600072,0.013,0.007,1
chr5-74531322-74532161,Scfd2,0,0.409670727812828,0.701754146607021,0.013,0.007,1
chr6-142343311-142344143,Pyroxd1,1510,0.409670727812828,0.581041998086647,0.013,0.007,1
chr7-80024761-80025600,Zfp710,0,0.409670727812828,0.629723502426988,0.013,0.007,1
chr8-94433881-94434761,9330175E14Rik,343,0.409670727812828,0.713628581606631,0.013,0.007,1
chrX-133981114-133982016,Sytl4,0,0.409670727812828,0.60084674875066,0.013,0.007,1
chrX-151046458-151047382,Fgd1,307,0.410290418492979,0.604864806369555,0.013,0.007,1
chr11-115419622-115420541,Kctd2,0,0.410290429724305,0.663239501078512,0.013,0.007,1
chr12-75735238-75736113,Sgpp1,0,0.410290429724305,0.683206698464768,0.013,0.007,1
chr12-86946820-86947715,Cipc,0,0.410290429724305,0.682354498165503,0.013,0.007,1
chr16-36040756-36041600,Wdr5b,0,0.410290429724305,0.704327153748879,0.013,0.007,1
chr2-73910941-73911802,Atp5g3,0,0.410290429724305,0.612212973057841,0.013,0.007,1
chr3-148987336-148988224,Lphn2,1091,0.410290429724305,0.501303434905389,0.013,0.007,1
chr4-3049989-3050926,Gm27878,892,0.410290429724305,0.493463768474866,0.013,0.007,1
chr7-49467630-49468527,RP23-329B6.2,1184,0.410290429724305,0.481904117964037,0.013,0.007,1
chr18-60525875-60526817,Dctn4,0,0.4105931975555,-0.618024679984409,0.019,0.031,1
chr6-117840725-117841631,Zfp637,0,0.410609975788275,0.577391051866068,0.031,0.021,1
chr1-77514730-77515540,Gm28386,0,0.410910688352497,0.522748763466319,0.013,0.007,1
chr1-91459028-91459906,Per2,0,0.410910688352497,0.511991912295851,0.013,0.007,1
chr10-41477292-41478261,Mical1,977,0.410910688352497,0.588576108283428,0.013,0.007,1
chr4-62263235-62264111,Gm23148,202,0.410910688352497,0.601484794162247,0.013,0.007,1
chr5-144545389-144546385,Nptx2,0,0.410910688352497,0.676199048216915,0.013,0.007,1
chr7-19457988-19458447,Mark4,46,0.410910688352497,0.683783598297519,0.013,0.007,1
chr8-3587190-3588063,Camsap3,0,0.410910688352497,0.52599578854136,0.013,0.007,1
chr14-101729466-101730315,Gm9922,0,0.411296858080451,-1.54931739893833,0.006,0.014,1
chr7-120917273-120918156,Polr3e,0,0.411296858080451,-1.6873254895248,0.006,0.014,1
chr3-14533603-14534440,Lrrcc1,0,0.411346093190643,0.295310595039092,0.05,0.037,1
chr15-98567419-98568276,9330020H09Rik,94,0.411531503459172,0.661646578533119,0.013,0.007,1
chr3-88409801-88410678,Pmf1,0,0.411531503459172,0.5217908543699,0.013,0.007,1
chr4-126058153-126059009,Oscp1,0,0.411531503459172,0.493223305081818,0.013,0.007,1
chr6-124542049-124542854,C1s1,0,0.411531503459172,0.319885189942696,0.013,0.007,1
chr7-120597467-120598373,E130201H02Rik,0,0.411531503459172,0.444743019790699,0.013,0.007,1
chr8-104339065-104339882,Cmtm3,711,0.411531503459172,0.558043538966611,0.013,0.007,1
chr9-101251370-101252270,Ppp2r3a,0,0.411571902939303,-0.616957971317019,0.025,0.038,1
chr17-55445441-55446320,St6gal2,58,0.411755372778556,-1.67469555153368,0.006,0.014,1
chr3-157924685-157925564,Cth,0,0.411816164327636,-0.762817497563232,0.013,0.023,1
chr13-20090114-20090879,Elmo1,0,0.412152874804558,0.230438785934427,0.013,0.007,1
chr4-132273959-132274813,Taf12,0,0.412152874804558,0.552421009705659,0.013,0.007,1
chr4-103313407-103314265,Oma1,0,0.412206412491502,-0.877448062902221,0.019,0.03,1
chr12-104751713-104752624,Dicer1,0,0.412214184468767,-1.53657209877707,0.006,0.014,1
chr13-3633695-3634578,Asb13,0,0.412214184468767,-1.41468799874664,0.006,0.014,1
chr16-20097210-20097797,Klhl24,0,0.412214190581712,-1.49361661557239,0.006,0.014,1
chr5-20951410-20952241,Rsbn1l,0,0.412214190581712,-1.6757062548429,0.006,0.014,1
chr8-113634912-113635796,Mon1b,0,0.412624110981626,0.19015629439612,0.107,0.084,1
chr13-14039045-14039959,Tbce,0,0.412673311392689,-1.52614047383903,0.006,0.014,1
chr4-137861808-137862756,Ece1,0,0.412673311392689,-1.36018639031356,0.006,0.014,1
chr10-81069516-81070422,Thop1,0,0.412929706882691,0.514976471147375,0.031,0.021,1
chr2-80580784-80581691,Nckap1,0,0.413132735113797,-1.40012477977246,0.006,0.014,1
chr4-127020720-127021597,Sfpq,0,0.413132735113797,-1.33564134210079,0.006,0.014,1
chr6-113468869-113469820,Il17rc,1606,0.413132735113797,-1.42809944288839,0.006,0.014,1
chr6-149141156-149142009,Mettl20,1306,0.413132735113797,-1.46295234088447,0.006,0.014,1
chr4-34686857-34687782,Slc35a1,0,0.413287281298879,0.523835836041363,0.031,0.021,1
chr5-134688399-134689298,Limk1,0,0.413555295167887,0.327849481963298,0.05,0.037,1
chr12-24571721-24572623,Grhl1,0,0.413556915069802,0.333722672795016,0.038,0.026,1
chr10-61648144-61649030,Ppa1,0,0.413592461646889,-1.30014287192295,0.006,0.014,1
chr10-63382383-63383290,Dnajc12,0,0.413592461646889,-1.29458936499249,0.006,0.014,1
chr13-47105788-47106710,Dek,0,0.413592461646889,-1.28300530462414,0.006,0.014,1
chr3-61363167-61363931,RP23-390C13.3,1269,0.413592461646889,-1.35326282253235,0.006,0.014,1
chr4-141077967-141078856,Necap2,0,0.413592461646889,-1.25771593350717,0.006,0.014,1
chr8-85112663-85113577,Gm23388,594,0.413592461646889,-1.3543313010469,0.006,0.014,1
chr19-38836106-38837016,Tbc1d12,0,0.414052490893362,-1.25624842435784,0.006,0.014,1
chr6-146577252-146578066,Asun,0,0.414052490893362,-1.29463311458368,0.006,0.014,1
chr7-100706084-100706965,Fam168a,0,0.414052490893362,-1.37488189839063,0.006,0.014,1
chr7-127375613-127376458,Zfp747,0,0.414052490893362,-1.39938786339092,0.006,0.014,1
chr6-97806565-97807424,Mitf,0,0.414350238860834,-0.677688502627221,0.013,0.023,1
chr16-18052433-18053327,Dgcr6,0,0.414512816651154,-1.33185584034795,0.006,0.014,1
chr1-45502628-45503423,Col5a2,0,0.414512822754153,-1.31419425422999,0.006,0.014,1
chr16-72662936-72663775,Robo1,0,0.414512822754153,-1.30140659647812,0.006,0.014,1
chr6-47835372-47836146,Zfp398,0,0.414512822754153,-1.20586261097775,0.006,0.014,1
chr16-90810047-90810966,Urb1,0,0.414529873129355,0.367195250151579,0.038,0.026,1
chr1-91494126-91495020,Traf3ip1,0,0.414743096031844,-1.22122426287865,0.006,0.014,1
chr8-79398984-79399897,Smad1,0,0.414973451028762,-1.2561561752528,0.006,0.014,1
chr10-81605830-81606709,BC025920,0,0.414973457129744,-1.25111511194964,0.006,0.014,1
chr11-106500449-106501284,Gm22711,0,0.414973457129744,-1.24716384132338,0.006,0.014,1
chr3-122923766-122924673,4933405D12Rik,0,0.414973457129744,-1.20947213441092,0.006,0.014,1
chr4-134128319-134129217,Sh3bgrl3,0,0.414973457129744,-1.26506760153309,0.006,0.014,1
chr7-51621383-51622277,Slc17a6,0,0.414973457129744,-1.29907070615654,0.006,0.014,1
chr7-75366183-75367110,Gm10161,127,0.414973457129744,-1.22141081380379,0.006,0.014,1
chr13-41605172-41606085,Tmem170b,130,0.415179258134435,0.372241495454134,0.038,0.026,1
chr1-132416980-132417873,Dstyk,0,0.415434387821202,-1.26996555740438,0.006,0.014,1
chr11-115186991-115187900,Tmem104,0,0.415434393920158,-1.23037244470985,0.006,0.014,1
chr19-4756170-4756795,Rbm4b,0,0.415434393920158,-1.24759482327452,0.006,0.014,1
chr9-25151375-25152303,Herpud2,0,0.415434393920158,-1.22298064558793,0.006,0.014,1
chr9-72985092-72985945,Ccpg1os,0,0.415615960547385,0.482555568660223,0.031,0.021,1
chr11-97187868-97188725,Kpnb1,0,0.41589562692804,-1.15179295619137,0.006,0.014,1
chr13-66904848-66905756,Gm10767,0,0.415895633024961,-1.17488252738226,0.006,0.014,1
chr1-138619145-138619888,Nek7,252,0.41635717434326,-1.14128790328144,0.006,0.014,1
chr7-4876543-4877453,Isoc2a,0,0.416693334984907,0.494647193477337,0.031,0.021,1
chr7-97579203-97580065,Rsf1,0,0.41669334236275,0.514079468085578,0.031,0.021,1
chr13-69809492-69810276,Med10,0,0.417199508554952,0.685495424772154,0.025,0.016,1
chr1-87213551-87214411,Eif4e2,0,0.417281163214485,-1.08556889354991,0.006,0.014,1
chr14-47648802-47649669,Ktn1,353,0.417281163214485,-1.10852033500217,0.006,0.014,1
chr6-87671835-87672718,Aplf,0,0.417772362484657,0.49480619358884,0.031,0.021,1
chr9-102625775-102626677,Anapc13,0,0.418206359717533,-1.08889908640278,0.006,0.014,1
chr3-83763939-83764794,Sfrp2,1526,0.418318039690794,1.03261986616907,0.019,0.012,1
chr10-39133562-39134470,Fam229b,0,0.41866941057389,-1.05415109506351,0.006,0.014,1
chr15-74720626-74721520,Them6,0,0.418943745852497,0.558572048363535,0.038,0.027,1
chr15-12739551-12740460,Pdzd2,0,0.419213627190232,0.411541130365735,0.031,0.021,1
chr13-19619233-19619985,Epdr1,0,0.419240023768628,0.656188527129382,0.025,0.016,1
chr6-34780133-34781121,Agbl3,0,0.419527296214622,0.866570254883324,0.019,0.012,1
chr5-76588367-76589256,Cep135,0,0.419574402531555,0.449245332769614,0.031,0.021,1
chr8-68062040-68062914,Psd3,0,0.419596416978061,-0.987290577372101,0.006,0.014,1
chr5-45449927-45450806,Qdpr,0,0.420008188151893,0.36441747737351,0.075,0.06,1
chr17-31519562-31520425,Wdr4,0,0.420011571042953,0.894728611692769,0.019,0.012,1
chr10-127674505-127675409,Gm16230,1314,0.420057865811512,0.64041756449351,0.025,0.016,1
chr14-16248987-16249833,Ngly1,0,0.420467145207575,0.652820718852409,0.025,0.016,1
chr5-138441048-138441882,Zfp157,0,0.420981105537474,0.862331806688414,0.019,0.012,1
chr2-121866491-121867347,Casc4,0,0.420989186744564,-0.833277199582457,0.006,0.014,1
chr7-102267042-102267956,Stim1,0,0.421286396766867,0.626864905809829,0.025,0.016,1
chr16-17530610-17531508,Thap7,0,0.421466364963244,0.80193490941142,0.019,0.012,1
chr11-3192845-3193782,Sfi1,0,0.421575420563172,-0.528459929150312,0.025,0.038,1
chr19-32755960-32756794,Pten,702,0.421696373508917,0.553249588056415,0.025,0.016,1
chr19-17393601-17394455,Rfk,0,0.42210490668046,0.433002649676523,0.031,0.021,1
chr3-87885244-87886170,Prcc,0,0.422106584128548,0.644520590866047,0.025,0.016,1
chr5-74092553-74093451,Dancr,0,0.422106584128548,0.639742365832617,0.025,0.016,1
chr1-171222175-171223088,Tomm40l,0,0.422198491969647,-1.10434501147614,0.013,0.022,1
chr13-41358529-41359408,Gm26877,562,0.422437867566662,0.843910825306212,0.019,0.012,1
chr10-81544886-81545787,Gna11,0,0.422602100238626,0.290895148157021,0.05,0.037,1
chr6-97205128-97206161,Uba3,0,0.422941640627756,-1.056398028901,0.013,0.022,1
chr1-160905944-160906790,Rc3h1,0,0.423313513607889,-1.12579575968261,0.013,0.022,1
chr4-100095491-100096269,Ror1,0,0.423410674419622,0.749771331243662,0.019,0.012,1
chr18-9957677-9958564,Thoc1,0,0.423897579019708,0.774383757077287,0.019,0.012,1
chr7-78895462-78896348,Aen,0,0.424250593540823,-0.731713243037101,0.019,0.03,1
chr7-43312785-43313676,Zfp715,0,0.424430257002007,-1.1030703003716,0.013,0.022,1
chr8-91312952-91313861,Rpgrip1l,0,0.424462500676869,0.505460169367905,0.038,0.027,1
chr19-24961293-24962207,Cbwd1,0,0.424462503627231,0.500363530194225,0.038,0.027,1
chr7-44848458-44849363,Akt1s1,0,0.424570299503245,-0.710173456927052,0.019,0.03,1
chr4-106560516-106561412,Dhcr24,0,0.424572755147763,0.575621548291822,0.025,0.016,1
chr10-10557758-10558623,Rab32,0,0.424728597561847,0.319961648877711,0.057,0.042,1
chr1-78657314-78658232,Utp14b,0,0.424872356916236,0.75578533353373,0.019,0.012,1
chr19-5457103-5457990,Ccdc85b,0,0.424872356916236,0.743841392759082,0.019,0.012,1
chr7-15948156-15949058,Gm24576,1907,0.424872356916236,0.774333708772687,0.019,0.012,1
chr12-32060823-32061684,Prkar2b,0,0.425007841429011,0.39613353493772,0.031,0.021,1
chr8-84990050-84990867,Hook2,0,0.425371530149513,0.408601361967664,0.031,0.021,1
chr6-113418883-113419732,Rpusd3,0,0.425396675111858,0.506930173001795,0.025,0.016,1
chr14-119098969-119099822,Uggt2,0,0.425602802058045,0.542385266024876,0.025,0.016,1
chr5-29377946-29378813,Lmbr1,0,0.425735396856988,0.382625153538743,0.031,0.021,1
chr6-5297934-5298652,Pon2,0,0.425848443193612,0.725007660001862,0.019,0.012,1
chr15-99370005-99370982,Fmnl3,0,0.426221537314499,0.598457487879264,0.025,0.016,1
chr19-44930721-44931546,Fam178a,0,0.426221537314499,0.558996782588825,0.025,0.016,1
chr17-21488556-21489448,Gm26753,0,0.426310534385398,0.220852540090607,0.038,0.026,1
chr11-105180956-105181896,1700052K11Rik,0,0.426336976661294,0.736544718873518,0.019,0.012,1
chr9-118149705-118150556,Cmc1,0,0.426336976661294,0.765844503502253,0.019,0.012,1
chr8-95080464-95081373,Katnb1,0,0.426512797466774,0.268992591129953,0.063,0.048,1
chr11-55460813-55461703,Atox1,0,0.426634315684477,0.61858290669739,0.025,0.016,1
chr14-103069790-103070685,Cln5,0,0.426668903063712,-1.02152773783532,0.013,0.022,1
chr7-90265202-90266107,Ccdc83,0,0.426668903063712,-0.900534495180417,0.013,0.022,1
chr15-38300607-38301499,Klf10,0,0.426825836846507,0.684967971928042,0.019,0.012,1
chr4-133212141-133213108,Gpr3,0,0.426825836846507,0.687665460456834,0.019,0.012,1
chr8-119840159-119841067,Cotl1,0,0.426825836846507,0.695057692603364,0.019,0.012,1
chr13-69611158-69612094,Srd5a1,0,0.427100097588843,-0.606414852531195,0.031,0.045,1
chr2-28640627-28641472,Tsc1,0,0.427315023622219,0.6902875016789,0.019,0.012,1
chr5-34948767-34949734,Rgs12,0,0.427315023622219,0.695775486365695,0.019,0.012,1
chr15-82338461-82339362,Naga,0,0.427416641597058,-0.897545517014794,0.013,0.022,1
chr10-80577150-80578084,Klf16,0,0.427416645444062,-0.908904179787057,0.013,0.022,1
chr13-55362334-55363235,Lman2,0,0.427460571284433,0.565988768515013,0.025,0.016,1
chr15-99392417-99393324,Tmbim6,0,0.427460571284433,0.531862028327328,0.025,0.016,1
chr18-67799656-67800487,Cep192,0,0.427460571284433,0.522697687253973,0.025,0.016,1
chr8-119574749-119575595,Hsdl1,0,0.427460571284433,0.584187365590336,0.025,0.016,1
chr1-162570098-162571012,Vamp4,0,0.427557449696466,0.365353494314811,0.031,0.021,1
chr10-21144643-21145564,Gm26577,0,0.427804536860852,0.633098481244411,0.019,0.012,1
chr5-35042750-35043647,Hgfac,1196,0.427804536860852,0.644286050383666,0.019,0.012,1
chr5-130256533-130257416,Tyw1,913,0.427804536860852,0.641699505915473,0.019,0.012,1
chr2-146855464-146856310,Kiz,0,0.427874043665233,0.570309941302158,0.025,0.016,1
chr14-101640110-101641039,Commd6,0,0.428287758185026,0.546365987435174,0.025,0.016,1
chr5-31451925-31452806,Zfp512,0,0.428287758185026,0.561358584614001,0.025,0.016,1
chr11-20741195-20742044,Aftph,0,0.428294376434283,0.665497041621888,0.019,0.012,1
chr11-77981457-77982181,Phf12,572,0.428294376434283,0.618619910352848,0.019,0.012,1
chr12-24974597-24975354,Kidins220,0,0.428294376434283,0.640034422596072,0.019,0.012,1
chr13-95374886-95375801,Aggf1,0,0.428294376434283,0.667106471574497,0.019,0.012,1
chr4-5643866-5644609,Fam110b,0,0.428294376434283,0.502649969190233,0.019,0.012,1
chr15-82146714-82147633,Srebf2,0,0.428539689039718,-0.853729248729004,0.013,0.022,1
chr11-51584244-51585175,Phykpl,0,0.428784535635493,0.593992887011415,0.019,0.012,1
chr2-127133451-127134438,Ncaph,0,0.428784535635493,0.647877415009979,0.019,0.012,1
chr3-116512619-116513548,Dbt,0,0.428784542213839,0.657482630700277,0.019,0.012,1
chr3-107333617-107334066,Rbm15,327,0.429060952842324,-0.643132661697416,0.019,0.03,1
chr10-107123279-107124076,Acss3,0,0.429275034070304,0.579190649894311,0.019,0.012,1
chr13-50417479-50418347,Fbxw17,0,0.429289333609243,-0.8615670607606,0.013,0.022,1
chr14-27508001-27508923,Ccdc66,0,0.429497315963226,0.692894175647381,0.031,0.022,1
chr1-16104656-16105501,Rpl7,0,0.429749904689674,0.268197909022692,0.031,0.021,1
chr1-151344907-151345757,Gm10138,0,0.429765851873913,0.646665188476371,0.019,0.012,1
chr7-30169471-30170417,Gm5113,0,0.429765851873913,0.651930185790436,0.019,0.012,1
chr17-69968797-69969709,Dlgap1,0,0.430039747465617,-0.938791080928734,0.013,0.022,1
chr14-75786602-75787470,Slc25a30,0,0.430211246427539,-1.09475607583523,0.019,0.029,1
chr11-26209899-26210831,5730522E02Rik,0,0.430415237929369,-0.79501745837814,0.013,0.022,1
chr15-94589446-94590313,Twf1,0,0.430748458232961,0.590637366007932,0.019,0.012,1
chr11-50377068-50377967,Hnrnph1,77,0.43074846480077,0.489178305932938,0.019,0.012,1
chr12-21111118-21111979,Asap2,0,0.43074846480077,0.594794410280316,0.019,0.012,1
chr12-35534651-35535407,Ahr,0,0.43074846480077,0.600617895280698,0.019,0.012,1
chr14-31435707-31436596,Sh3bp5,0,0.43074846480077,0.590873879413689,0.019,0.012,1
chr8-111933375-111934274,Tmem231,0,0.43074846480077,0.635982224561193,0.019,0.012,1
chrX-56454369-56455135,Ddx26b,0,0.43074846480077,0.582464793292726,0.019,0.012,1
chr17-57247411-57248283,Gpr108,0,0.430804395388182,-0.564016383165612,0.031,0.045,1
chr18-12168252-12169109,3110002H16Rik,0,0.431166789476535,-0.801843750031048,0.013,0.022,1
chr3-19310920-19311800,Pde7a,0,0.431215156299857,0.328040430717867,0.031,0.021,1
chr10-83648234-83649163,Appl2,0,0.431240253096608,0.576150983141923,0.019,0.012,1
chr3-100685274-100686180,Man1a2,0,0.431240259661755,0.554021327505557,0.019,0.012,1
chr7-6171917-6172737,Zfp444,0,0.431240259661755,0.525793483210847,0.019,0.012,1
chr6-23838739-23839549,Cadps2,0,0.431732379945356,0.498654046153008,0.019,0.012,1
chr4-11155852-11156753,Trp53inp1,0,0.432021602698717,0.448585266874896,0.025,0.016,1
chr6-116628424-116629354,Zfp422,0,0.432437640372342,0.499530436576031,0.025,0.016,1
chr17-34603441-34604436,Rnf5,0,0.432655044669025,0.467761691778857,0.038,0.027,1
chr11-21370610-21371495,Ugp2,0,0.432672173398879,-0.761739157104849,0.013,0.022,1
chr11-59661960-59662872,Mprip,654,0.432717596249865,0.496922974092033,0.019,0.012,1
chr9-47529732-47530526,Cadm1,0,0.432717596249865,0.563502718932761,0.019,0.012,1
chr5-38561283-38562136,Wdr1,0,0.432853905246198,0.430964363127023,0.025,0.016,1
chr13-19395402-19396332,Stard3nl,0,0.432854106810556,-0.677239845781855,0.038,0.051,1
chr5-63968518-63969421,Rell1,0,0.432872513753466,0.292477896171551,0.05,0.037,1
chr13-67552519-67553467,Zfp748,0,0.433210692004131,0.555533059606269,0.019,0.012,1
chr3-96696884-96697581,Pias3,499,0.433210692004131,0.520671814834953,0.019,0.012,1
chr3-138442551-138443427,Adh5,0,0.433644266687337,0.432403762465367,0.038,0.027,1
chr1-10039469-10040303,Cops5,1300,0.433687130310804,0.441296610401782,0.025,0.016,1
chrX-169319999-169320886,Gm15246,0,0.433687130310804,0.448501336611332,0.025,0.016,1
chr17-25861103-25862030,Wdr90,0,0.433704112647732,0.53266299448781,0.019,0.012,1
chr6-38253751-38254703,D630045J12Rik,0,0.434104090339536,0.447808983170486,0.025,0.016,1
chr4-116220826-116221760,Pik3r3,0,0.434180595253765,-0.739009986017006,0.013,0.022,1
chr8-70539046-70539679,Ell,0,0.434180595253765,-0.759755960601482,0.013,0.022,1
chr2-24949234-24950146,Zmynd19,0,0.434197858045979,0.549725904300847,0.019,0.012,1
chr2-110362515-110363285,Fibin,0,0.434197858045979,0.524330548707657,0.019,0.012,1
chr6-121184645-121185432,Pex26,977,0.434197858045979,0.499370149687481,0.019,0.012,1
chr2-35109149-35110079,Cntrl,0,0.434521277254269,0.375498034144332,0.025,0.016,1
chr15-72033778-72034698,Col22a1,0,0.434691928063636,0.530538326104347,0.019,0.012,1
chr7-25680459-25681384,B9d2,0,0.434691928063636,0.556801008961456,0.019,0.012,1
chrX-75874770-75875685,Pls3,0,0.434691928063636,0.460844347448277,0.019,0.012,1
chr11-75587581-75588456,Pitpna,0,0.435186322564917,0.514865988610024,0.019,0.012,1
chr11-75678759-75679601,Crk,0,0.435186322564917,0.510289975660189,0.019,0.012,1
chr5-35574530-35575521,Trmt44,0,0.435186322564917,0.416587996769043,0.019,0.012,1
chr5-137684373-137685257,Agfg2,0,0.435186322564917,0.512474682030883,0.019,0.012,1
chr10-7780525-7781413,B430219N15Rik,339,0.435313902975379,-0.725634537664741,0.013,0.022,1
chr2-77280369-77281236,Sestd1,0,0.435356354766998,0.335021886236661,0.025,0.016,1
chr10-19933659-19934563,Map3k5,0,0.435681041413492,0.551378252436636,0.019,0.012,1
chr3-65990692-65991573,RP24-372I24.1,938,0.435681041413492,0.443366141732104,0.019,0.012,1
chr17-36042411-36043307,H2-T22,0,0.436176084472479,0.523208561439935,0.019,0.012,1
chr3-94582182-94583032,Snx27,0,0.436176084472479,0.50845776336125,0.019,0.012,1
chr8-117157371-117158217,Gan,0,0.436192362182061,0.311181145778161,0.025,0.016,1
chr4-6365268-6366167,Sdcbp,0,0.4366107103145,0.346860641818803,0.025,0.016,1
chr4-149426233-149427119,Ube4b,0,0.4366107103145,0.406713955118166,0.025,0.016,1
chr5-23850149-23851000,2700038G22Rik,0,0.436671451604453,0.425136403690146,0.019,0.012,1
chr3-19628088-19628539,1700064H15Rik,137,0.436744340876414,0.0774960384935919,0.05,0.037,1
chr1-164248449-164249360,Slc19a2,0,0.437112455952771,0.295917916670198,0.063,0.048,1
chr10-58322858-58323792,Lims1,0,0.43732073101502,0.300339949126768,0.057,0.043,1
chr7-79934803-79935619,2610034B18Rik,0,0.437663157534908,0.320446412540451,0.019,0.012,1
chrX-56609369-56610247,Slc9a6,0,0.437867140746415,0.302780923468595,0.025,0.016,1
chr2-24048157-24049060,Hnmt,333,0.438159496055794,0.33031031785606,0.019,0.012,1
chr7-24399325-24400231,Smg9,0,0.438388188108885,-0.839323932206916,0.019,0.029,1
chr9-21615559-21616461,Smarca4,0,0.439153143510784,0.344092764296069,0.019,0.012,1
chr11-115612324-115613223,Mif4gd,0,0.439359893151162,-1.60401777272023,0.006,0.013,1
chr16-85802711-85803568,Adamts1,0,0.439359893151162,-1.93997406756923,0.006,0.013,1
chr4-117549884-117550749,Eri3,0,0.439359893151162,-1.46381592185951,0.006,0.013,1
chr5-30232100-30233003,Ept1,0,0.439359893151162,-1.63756666054107,0.006,0.013,1
chr9-57645192-57646075,Csk,0,0.439359893151162,-1.70711197247912,0.006,0.013,1
chrX-20920568-20921427,Syn1,0,0.439650452164005,0.0171913473157375,0.019,0.012,1
chr15-26309381-26310223,March11,332,0.439846534541447,-1.33675790477207,0.006,0.013,1
chr17-56255821-56256370,Fem1a,422,0.439846534541447,-1.53808362700474,0.006,0.013,1
chr7-44670567-44671477,Myh14,0,0.440272390853855,0.379535006673267,0.038,0.027,1
chr11-118354975-118355853,Timp2,0,0.440333485099063,-1.44178083680072,0.006,0.013,1
chr14-45318109-45319016,Ero1l,0,0.440333485099063,-1.31897615250236,0.006,0.013,1
chr2-39004656-39005631,Rpl35,0,0.440820738459203,-1.34754246054712,0.006,0.013,1
chr7-27507855-27508654,Gm15541,0,0.440820738459203,-1.35032982072404,0.006,0.013,1
chr15-58033620-58034506,9130401M01Rik,0,0.440820744691037,-1.24504346923907,0.006,0.013,1
chr8-45974940-45975843,1700029J07Rik,0,0.440820744691037,-1.25659942577173,0.006,0.013,1
chr11-17051530-17052394,Cnrip1,0,0.441308313183893,-1.37241979991855,0.006,0.013,1
chr16-27388565-27389490,Ccdc50,0,0.441308313183893,-1.3124766028158,0.006,0.013,1
chr17-46645517-46646420,Mrpl2,0,0.441308313183893,-1.2915384320371,0.006,0.013,1
chr2-3335628-3336493,Acbd7,0,0.441308313183893,-1.3472793910081,0.006,0.013,1
chr8-80880109-80881016,Gab1,0,0.441308313183893,-1.26150075355837,0.006,0.013,1
chrX-136741115-136742018,BC065397,0,0.441308313183893,-1.25786999588897,0.006,0.013,1
chr1-66467739-66468657,Unc80,0,0.441552206998528,-1.29195786184442,0.006,0.013,1
chr9-13827013-13827896,Cep57,0,0.441574898945674,-0.506861166951398,0.025,0.037,1
chr10-71347407-71348251,Ipmk,0,0.441796184217235,-1.22689478014803,0.006,0.013,1
chr10-123075970-123076850,Mon2,0,0.441796190443653,-1.29263837489343,0.006,0.013,1
chr2-76369741-76370493,Rbm45,0,0.441796190443653,-1.2763358738622,0.006,0.013,1
chr4-116720447-116721311,Tesk2,0,0.441796190443653,-1.21284025294531,0.006,0.013,1
chr5-73292316-73293195,Ociad1,0,0.441796190443653,-1.2572750928582,0.006,0.013,1
chr7-120677163-120678050,BC030336,0,0.441796190443653,-1.30632157296633,0.006,0.013,1
chr10-20311835-20312763,4933406P04Rik,0,0.441849098075075,-0.734914347131637,0.025,0.037,1
chr10-40301915-40302771,Amd1,0,0.442284376335836,-1.16454745232013,0.006,0.013,1
chr11-120150936-120151840,Slc38a10,0,0.442284376335836,-1.2059496383401,0.006,0.013,1
chr19-57452470-57453392,Trub1,0,0.442284376335836,-1.29853527229667,0.006,0.013,1
chr5-49524317-49525201,Kcnip4,0,0.442284376335836,-1.30896241876696,0.006,0.013,1
chr9-78108579-78109372,Fbxo9,0,0.442284376335836,-1.19314596010856,0.006,0.013,1
chr12-45073899-45074786,Stxbp6,0,0.442772864504499,-1.21792283206132,0.006,0.013,1
chr17-23598722-23599661,Zfp13,0,0.442772864504499,-1.13529604772341,0.006,0.013,1
chr1-44552269-44552910,Gulp1,757,0.44277287072546,-1.1768068042674,0.006,0.013,1
chr10-42277536-42278335,Foxo3,780,0.44277287072546,-1.22559105043851,0.006,0.013,1
chr16-26105511-26106215,Leprel1,0,0.44277287072546,-1.26709151368021,0.006,0.013,1
chr4-149773909-149774792,Slc25a33,0,0.44277287072546,-1.11987062211203,0.006,0.013,1
chr6-89362391-89363432,Plxna1,0,0.44277287072546,-1.22893412792869,0.006,0.013,1
chr13-8870886-8871707,Wdr37,201,0.442912772464066,-0.462789027207063,0.013,0.022,1
chr2-39225947-39226837,Ppp6c,0,0.443261673477039,-1.19730553454957,0.006,0.013,1
chr3-85970697-85971556,Sh3d19,0,0.443261673477039,-1.16573666520048,0.006,0.013,1
chr6-41136595-41137578,Trbv14,1449,0.4433029724493,-1.34129304749964,0.013,0.021,1
chr15-5115981-5116887,Rpl37,0,0.443328008723518,0.279131568894557,0.057,0.043,1
chr1-184033822-184034636,1700056E22Rik,0,0.443667993934125,-0.719801047213284,0.019,0.029,1
chr10-52385053-52385927,Rps19-ps10,0,0.44375077823912,-1.08708662994622,0.006,0.013,1
chr13-97197826-97198661,Hexb,0,0.443750784454584,-1.12490197936089,0.006,0.013,1
chr6-128842888-128843780,Gm26656,5,0.443750784454584,-1.17751592008774,0.006,0.013,1
chr9-95749810-95750686,Trpc1,0,0.443750784454584,-1.16537266911296,0.006,0.013,1
chr17-14205788-14206670,Dact2,1956,0.444240203521606,-1.05964029887218,0.006,0.013,1
chr3-87905751-87906618,Hdgf,0,0.444240203521606,-1.157221558524,0.006,0.013,1
chr12-76403739-76404585,Hspa2,0,0.444357330949414,0.397360179508997,0.044,0.032,1
chr11-83291189-83292097,AA465934,0,0.4452199653756,-1.01133331918651,0.006,0.013,1
chr16-97534609-97535510,Mx2,0,0.4452199653756,-1.02910687087297,0.006,0.013,1
chr8-66486139-66486970,Tma16,0,0.445281387802278,0.327580782532268,0.038,0.027,1
chrX-53670097-53670945,Cxx1b,0,0.44571030168273,-1.02769634650648,0.006,0.013,1
chr5-16553291-16554178,Hgf,0,0.445710307887078,-0.985392307974831,0.006,0.013,1
chr5-35105349-35106329,Lrpap1,0,0.445710307887078,-1.07367172251219,0.006,0.013,1
chr7-108933800-108934712,Eif3f,0,0.446003772410725,-0.68809019630749,0.025,0.037,1
chr14-122104575-122105432,A330035P11Rik,1541,0.446200933130866,-0.993408269024417,0.006,0.013,1
chr4-12171277-12172165,Fam92a,0,0.446200951735498,-0.93996422701141,0.006,0.013,1
chr15-45114209-45115062,Kcnv1,0,0.446200957937042,-0.988256357275868,0.006,0.013,1
chrX-16619387-16620198,Maoa,0,0.446200957937042,-1.09288416088549,0.006,0.013,1
chrX-23692532-23693442,Wdr44,0,0.44659979286351,-1.11172190076738,0.013,0.021,1
chr1-86524869-86525635,Ptma,1090,0.446691915386488,-0.965127125841367,0.006,0.013,1
chr7-136894019-136894923,Mgmt,0,0.446691915386488,-0.950088994699999,0.006,0.013,1
chr12-72760740-72761520,Ppm1a,0,0.447183030478804,-1.10965027575696,0.013,0.021,1
chr19-36918476-36919389,Fgfbp3,225,0.447183034360605,-1.06076344261342,0.013,0.021,1
chr1-58445031-58445943,Nif3l1,0,0.447183180095909,-0.998585873092047,0.006,0.013,1
chr1-125560346-125561213,Slc35f5,0,0.447212794424922,0.154476038694698,0.063,0.048,1
chr3-82074269-82075133,Gucy1b3,0,0.447572096087584,-1.06256958798849,0.013,0.021,1
chr1-98095157-98095996,Pam,0,0.447651560706003,-0.653167460844163,0.019,0.029,1
chr9-108263483-108264374,Dag1,0,0.447674745732224,-0.942250593646762,0.006,0.013,1
chr18-4375335-4376243,Mtpap,0,0.448166624543906,-0.83775398931915,0.006,0.013,1
chr4-155222880-155223831,Ski,287,0.448350800390618,-0.956368810140775,0.013,0.021,1
chr16-97356421-97357124,Bace2,0,0.448658816381404,-0.791099815845902,0.006,0.013,1
chr7-16399578-16400404,Zc3h4,791,0.448740446700117,-0.998143905424647,0.013,0.021,1
chr7-16923782-16924667,Calm3,0,0.448740446700117,-0.899299897259613,0.013,0.021,1
chr2-25224530-25225459,Tubb4b,0,0.448983927837523,-0.616285255549611,0.019,0.029,1
chr13-45001599-45002469,Dtnbp1,0,0.449151302541089,-0.907940093544097,0.006,0.013,1
chr10-57631675-57632553,Pkib,0,0.449151308725594,-0.78856502987164,0.006,0.013,1
chr10-28954860-28955729,Gm22811,557,0.450137212936136,-0.741755959415611,0.006,0.013,1
chr3-84039775-84040690,D930015E06Rik,0,0.450154151822033,0.29448957631584,0.038,0.027,1
chr6-70791741-70792621,Rpia,0,0.450180593137494,-0.614092088984052,0.025,0.037,1
chr1-182408609-182409539,Trp53bp2,0,0.452255869992852,-0.827878904011619,0.013,0.021,1
chr8-119558470-119559364,Mbtps1,0,0.452647418985895,-0.835820008080501,0.013,0.021,1
chr6-8208807-8209695,Mios,0,0.452826975487267,0.498996842858059,0.038,0.027,1
chr15-102721772-102722685,Calcoco1,0,0.453362971958619,-0.928924933553565,0.019,0.029,1
chr16-45158266-45159162,Slc35a5,0,0.453734632549032,0.404304113004799,0.031,0.022,1
chr4-115737284-115738182,Efcab14,0,0.453823260541294,-0.945442310123249,0.013,0.021,1
chr7-126428618-126429559,Rabep2,0,0.454215578655845,-0.766434498792765,0.013,0.021,1
chr4-117836044-117836969,Slc6a9,1537,0.454416486769126,0.697882930817323,0.025,0.017,1
chr7-118532798-118533668,Coq7,0,0.455393710333453,-0.82300655248336,0.013,0.021,1
chr9-96118870-96119775,Gk5,0,0.455778146590001,0.229732182063312,0.05,0.037,1
chr3-32708104-32708960,Actl6a,1805,0.455884445254435,-0.562106639514758,0.025,0.037,1
chr15-75909031-75909921,Eef1d,0,0.456349747091117,0.339128095073516,0.031,0.022,1
chr10-79097135-79097998,2610008E11Rik,0,0.456724025425113,0.405540812613111,0.031,0.022,1
chr6-143166562-143167484,Etnk1,0,0.457183913197551,-0.609714998690728,0.031,0.043,1
chr18-42274880-42275741,Rbm27,0,0.457285759285772,0.372331105781466,0.031,0.022,1
chr19-18670272-18671181,2410127L17Rik,0,0.457910373308617,0.429546094514252,0.05,0.038,1
chr11-96777202-96778113,Snx11,0,0.458642305479814,0.63711007375515,0.025,0.017,1
chr8-79638779-79639673,Otud4,0,0.458796358115853,-0.803127774128532,0.019,0.029,1
chr11-69837684-69838620,Tmem256,0,0.459333188091699,-0.695989859550411,0.013,0.021,1
chr7-127966771-127967705,Fus,0,0.459728183003747,-0.651405685007633,0.013,0.021,1
chr15-41788303-41789185,Gm26854,0,0.45989241528975,0.415655388486466,0.038,0.027,1
chr2-50065936-50066874,Lypd6,0,0.459914333863362,0.648756593428179,0.025,0.017,1
chr9-30426645-30427520,Snx19,0,0.460123368002874,-0.69096000214938,0.013,0.021,1
chr10-100588743-100589658,4930430F08Rik,0,0.460338781714382,0.614120814892383,0.025,0.017,1
chr19-21271603-21272523,Zfand5,0,0.460758828311023,0.440814788241795,0.044,0.033,1
chr1-82316136-82317048,Rhbdd1,0,0.460763444186544,0.624340961497397,0.025,0.017,1
chr9-109832209-109833053,3000002C10Rik,0,0.460763448603562,0.597405265608973,0.025,0.017,1
chr16-84734881-84735796,Mrpl39,0,0.460852454272671,0.35133155587109,0.031,0.022,1
chr17-24250926-24251934,Ccnf,0,0.460913928884338,0.443238329684504,0.044,0.033,1
chr19-21652643-21653560,1110059E24Rik,0,0.460914307958268,-0.651394952870882,0.013,0.021,1
chr8-46551501-46552410,Cenpu,0,0.461224215214325,0.434485213588993,0.044,0.033,1
chr13-67108233-67109073,Gm28557,0,0.461228790752714,0.28195778843827,0.031,0.022,1
chr5-31047865-31048768,Atraid,0,0.461228797679141,0.313263190000749,0.031,0.022,1
chr11-29130227-29131152,Pnpt1,0,0.462261209917703,0.407073564356962,0.038,0.027,1
chr1-55960080-55960910,RP24-421N21.2,0,0.46246430464896,0.569997420462449,0.025,0.017,1
chr17-28801262-28802033,Brpf3,171,0.46289006530695,0.559067108244029,0.025,0.017,1
chr1-195241182-195242091,Gm27940,174,0.462939252426986,0.426403177164807,0.038,0.027,1
chr8-120588836-120589748,Gins2,0,0.463571661324079,-0.364793856683385,0.05,0.065,1
chr6-148895798-148896709,Caprin2,0,0.463617854681806,0.420757826221099,0.038,0.027,1
chr4-155066543-155067403,Pex10,0,0.463742241929485,0.536137683212037,0.025,0.017,1
chr17-84957280-84958132,1110020A21Rik,0,0.46513250328953,-0.679761332874455,0.038,0.049,1
chr13-43615420-43616340,Rnf182,0,0.465356323365059,1.06187571885406,0.013,0.007,1
chr10-17947725-17948653,Heca,0,0.465758286016603,0.342938503453462,0.031,0.022,1
chr8-83607682-83608583,Dnajb1,0,0.465982741718789,-0.689404116095036,0.019,0.029,1
chr4-72200616-72201509,Tle1,0,0.466670407661409,-0.60609638063493,0.019,0.029,1
chr19-29521824-29522673,Ric1,0,0.466870518120347,-0.419099899377884,0.013,0.021,1
chr13-92354405-92355250,Dhfr,0,0.466911977433919,-0.520156106206373,0.063,0.076,1
chr9-50738999-50739879,Dixdc1,0,0.466945669597886,0.489060256269161,0.025,0.017,1
chr18-52465190-52466215,Srfbp1,0,0.467587830146191,0.578531136275524,0.025,0.017,1
chr1-136524601-136525429,Gm29485,716,0.467930354303198,0.912573313804599,0.013,0.007,1
chr2-166793366-166794250,Trp53rk,834,0.46793036422396,0.919494878894001,0.013,0.007,1
chr1-37864582-37865508,Gm26805,0,0.468028023374319,0.362143764719472,0.05,0.038,1
chr9-75409425-75410337,Mapk6,0,0.468230471065662,0.494560192040824,0.025,0.017,1
chr11-46236901-46237686,Fndc9,1369,0.468575102176961,0.833824079345154,0.013,0.007,1
chr9-75441200-75442075,Leo1,0,0.468575102176961,0.972541228754388,0.013,0.007,1
chrX-163549362-163550293,Grpr,0,0.468575102176961,0.990331852978814,0.013,0.007,1
chr4-89136973-89137823,Mtap,0,0.468659172850266,0.45659706932766,0.025,0.017,1
chr5-9724514-9725370,Grm3,0,0.469220331546803,0.880510319709612,0.013,0.007,1
chr7-49758744-49759632,Htatip2,0,0.469220331546803,0.847480952096219,0.013,0.007,1
chr7-45704567-45705297,Dbp,0,0.469558415193553,-1.67182680999386,0.006,0.013,1
chr11-101069630-101070514,Naglu,0,0.469558421524006,-1.66506537615975,0.006,0.013,1
chr13-119428591-119429453,Paip1,0,0.469558421524006,-1.90860892713566,0.006,0.013,1
chr2-38997639-38998549,Gm13496,0,0.469558421524006,-1.64298089773755,0.006,0.013,1
chr2-128127133-128127951,Bcl2l11,1094,0.469558421524006,-1.8645677844073,0.006,0.013,1
chr3-88296527-88297436,Tsacc,0,0.469558421524006,-1.51970790364755,0.006,0.013,1
chr3-115714599-115715443,S1pr1,0,0.469558421524006,-1.374287933931,0.006,0.013,1
chr6-142507568-142508475,Ldhb,0,0.469558421524006,-1.51040820106998,0.006,0.013,1
chr7-4739436-4740380,Suv420h2,0,0.469717548303547,-0.597901703573369,0.025,0.036,1
chr16-78930536-78931443,Chodl,0,0.469731881496766,0.48151534188942,0.025,0.017,1
chr9-122805179-122806036,Tcaim,0,0.469731881496766,0.432719395656378,0.025,0.017,1
chr10-17724095-17724933,Cited2,866,0.469866051994512,0.853800715755432,0.013,0.007,1
chr4-98395642-98396526,Inadl,0,0.469866051994512,0.874239576911391,0.013,0.007,1
chr14-79301199-79302078,Rgcc,0,0.470074846122871,-1.5250007192991,0.006,0.013,1
chr17-13759872-13760898,Gm16052,0,0.470074846122871,-1.55145203388563,0.006,0.013,1
chr2-153031984-153032983,Xkr7,131,0.470074846122871,-1.62534093845132,0.006,0.013,1
chr7-125707356-125708258,D430042O09Rik,0,0.470074846122871,-1.543799406315,0.006,0.013,1
chr7-110121417-110122332,Wee1,17,0.4700921131245,0.364418306444728,0.038,0.027,1
chr6-56923591-56924494,Nt5c3,0,0.470168741334237,-0.40126546390911,0.031,0.044,1
chr13-93718585-93719510,AW495222,0,0.470512263179771,0.822279446493904,0.013,0.007,1
chr16-37916008-37916823,Gpr156,0,0.470512263179771,0.840926394337881,0.013,0.007,1
chr18-36515399-36516251,Hbegf,0,0.470512263179771,0.776382995548223,0.013,0.007,1
chr7-105022308-105023231,Olfr675,1734,0.470512263179771,0.898222229714905,0.013,0.007,1
chr8-111521740-111522627,Wdr59,0,0.470591021032304,0.460727214044824,0.025,0.017,1
chr9-22411031-22411953,9530077C05Rik,0,0.470591578013416,-1.29936909723767,0.006,0.013,1
chr17-84626132-84626974,Dync2li1,0,0.470591584336829,-1.38312197243078,0.006,0.013,1
chr5-144964933-144966180,Smurf1,0,0.470591584336829,-1.31383821958768,0.006,0.013,1
chr9-37347932-37348835,Ccdc15,0,0.470591584336829,-1.24454350689502,0.006,0.013,1
chr16-31200748-31201709,Acap2,0,0.471108629671243,-1.31033290490456,0.006,0.013,1
chr11-58103679-58104530,Cnot8,0,0.47110863599112,-1.21173751718638,0.006,0.013,1
chr11-116198578-116199488,Ten1,0,0.47110863599112,-1.25132142222515,0.006,0.013,1
chr7-127745554-127746345,Fbxl19,352,0.47110863599112,-1.35346023898795,0.006,0.013,1
chr7-142097550-142098414,Dusp8,1706,0.47110863599112,-1.26399911380376,0.006,0.013,1
chr8-3492808-3493625,Zfp358,0,0.47110863599112,-1.30393265020088,0.006,0.013,1
chr8-13889812-13890738,Coprs,0,0.47110863599112,-1.33130540655384,0.006,0.013,1
chrX-135008904-135009743,Zmat1,0,0.471122363826423,0.731928641556871,0.019,0.012,1
chr15-98677078-98677983,Rnd1,0,0.47115896476092,0.908063805440452,0.013,0.007,1
chr7-30729124-30729989,C630016N16Rik,0,0.47115896476092,0.876314120829226,0.013,0.007,1
chr11-78535834-78536745,Ift20,0,0.471626000910434,-1.22920373766334,0.006,0.013,1
chr13-70839837-70840741,Adamts16,1069,0.471626000910434,-1.23958095288419,0.006,0.013,1
chr14-49171709-49172576,Naa30,0,0.471626000910434,-1.16916049607165,0.006,0.013,1
chr17-32947013-32947897,Cyp4f13,0,0.471626000910434,-1.28017142026117,0.006,0.013,1
chr2-70825349-70826198,Tlk1,0,0.471626000910434,-1.07943811736854,0.006,0.013,1
chr5-114774329-114775330,Ankrd13a,0,0.471626000910434,-1.15772179126544,0.006,0.013,1
chr8-22805219-22806139,Ap3m2,0,0.471626000910434,-1.16009316969273,0.006,0.013,1
chr10-72654367-72655244,Zwint,0,0.471804129279639,0.326388075016833,0.038,0.027,1
chr1-182483530-182484404,RP23-67I3.4,0,0.471806156394955,0.848296048423988,0.013,0.007,1
chr10-79959643-79960547,Wdr18,0,0.471806156394955,0.802385596750742,0.013,0.007,1
chr13-51651365-51652354,Secisbp2,0,0.471806156394955,0.823836831977841,0.013,0.007,1
chr14-66282441-66283349,Ptk2b,1388,0.471806156394955,0.85113800784494,0.013,0.007,1
chr14-118591155-118592181,Mir6391,290,0.471806156394955,0.79326337538945,0.013,0.007,1
chr15-44364958-44365882,Gm25093,872,0.471806156394955,0.884098919568401,0.013,0.007,1
chr17-46704638-46705506,Ppp2r5d,0,0.471806156394955,0.798034577639927,0.013,0.007,1
chr18-34776709-34777514,Kdm3b,0,0.471806156394955,0.843577351600475,0.013,0.007,1
chr19-6941050-6941800,Bad,60,0.471806156394955,0.835186412032699,0.013,0.007,1
chr2-90678971-90679925,Nup160,1755,0.471806156394955,0.781696604675007,0.013,0.007,1
chr3-135825222-135825876,Slc39a8,0,0.471806156394955,0.877728647072906,0.013,0.007,1
chr9-55148965-55149721,Ube2q2,110,0.471806156394955,0.832977821820951,0.013,0.007,1
chr10-117223894-117224828,Yeats4,0,0.472134941620482,0.746504514773025,0.019,0.012,1
chr12-78861267-78862152,Atp6v1d,0,0.472134941620482,0.698155696180759,0.019,0.012,1
chr1-180768115-180768958,RP23-201I6.6,0,0.472143678918913,-1.1679425601943,0.006,0.013,1
chr12-113013901-113014753,Pacs2,0,0.472143678918913,-1.20981079759095,0.006,0.013,1
chr19-27429356-27430351,D19Bwg1357e,0,0.472143678918913,-1.18629267087276,0.006,0.013,1
chr2-118900965-118901881,Bahd1,587,0.472143678918913,-1.17461896755949,0.006,0.013,1
chr3-131919234-131920117,Gm26103,974,0.472143678918913,-1.15724688565791,0.006,0.013,1
chr7-30559262-30560148,Lin37,0,0.472143678918913,-1.16587099621553,0.006,0.013,1
chr7-64287235-64288066,Mtmr10,0,0.472143678918913,-1.13201326928532,0.006,0.013,1
chr8-80739245-80740081,Smarca5,0,0.472143678918913,-1.26228645740569,0.006,0.013,1
chr3-135437742-135438665,Ube2d3,0,0.47214694167835,0.381578541203323,0.038,0.027,1
chr7-4103193-4104062,Gm23741,1302,0.472453827865015,0.686323452565823,0.013,0.007,1
chr11-79254126-79255122,Wsb1,0,0.472453837737528,0.717964183334653,0.013,0.007,1
chr12-59060820-59061724,Trappc6b,0,0.472453837737528,0.782079063186111,0.013,0.007,1
chr9-39611735-39612585,Olfr148,958,0.472453837737528,0.83016511192663,0.013,0.007,1
chr9-111117743-111118624,Lrrfip2,0,0.472453837737528,0.816197872981595,0.013,0.007,1
chr14-20082634-20083548,Saysd1,0,0.472661663530949,-1.17639848344217,0.006,0.013,1
chr10-115315148-115315990,Rab21,0,0.472661669840149,-1.12784291627712,0.006,0.013,1
chr11-5955252-5956153,Ykt6,0,0.472661669840149,-1.18928245615854,0.006,0.013,1
chr15-102135854-102136751,Spryd3,0,0.472742660334523,0.407503673032246,0.025,0.017,1
chr11-53858917-53859851,Gm12216,0,0.473102008442949,0.712199913501751,0.013,0.007,1
chr12-83987360-83988227,Acot2,0,0.473102008442949,0.726739019966664,0.013,0.007,1
chr18-61911230-61912155,Ablim3,0,0.473102008442949,0.722783148507577,0.013,0.007,1
chr4-34614521-34615429,Orc3,0,0.473102008442949,0.753949078214255,0.013,0.007,1
chr5-37338029-37338860,Evc2,0,0.473102008442949,0.750581133190061,0.013,0.007,1
chr6-87850733-87851556,Cnbp,0,0.473102008442949,0.772208389675148,0.013,0.007,1
chr7-4658758-4659663,Ppp6r1,0,0.473102008442949,0.668478465426972,0.013,0.007,1
chr8-13677274-13678105,Rasa3,0,0.473102008442949,0.765809677003463,0.013,0.007,1
chr9-57262052-57262818,1700017B05Rik,0,0.473102008442949,0.746649483146861,0.013,0.007,1
chr19-6276277-6277172,Gm14963,0,0.473173637179022,0.407409504898185,0.025,0.017,1
chr16-31663380-31664304,Dlg1,0,0.473179973497187,-1.06806030336562,0.006,0.013,1
chr2-36136318-36137193,Mrrf,0,0.473179973497187,-1.17646922870744,0.006,0.013,1
chr3-108721964-108722838,Gpsm2,0,0.473397020825615,-0.93167658206747,0.013,0.021,1
chr5-115844690-115845593,Cit,0,0.473656053981237,0.654618229648778,0.019,0.012,1
chr3-36688702-36689558,Trpc3,608,0.473698589712523,-1.15340348510906,0.006,0.013,1
chrX-74328459-74329416,Plxna3,0,0.473750658305699,0.518812261878066,0.013,0.007,1
chr11-53469578-53470397,Gm9837,81,0.473750668164183,0.702081417032413,0.013,0.007,1
chr14-56778026-56778931,Pspc1,0,0.473750668164183,0.69215220416849,0.013,0.007,1
chr17-26715016-26715762,Crebrf,0,0.473750668164183,0.669464964833446,0.013,0.007,1
chr2-180070128-180071042,Mtg2,0,0.473750668164183,0.639600268368721,0.013,0.007,1
chr3-82073332-82073955,Gucy1b3,755,0.473750668164183,0.726407771545619,0.013,0.007,1
chr3-83789451-83790356,Gm26771,0,0.473750668164183,0.646645147832172,0.013,0.007,1
chr4-134092196-134093156,Cd52,1925,0.473750668164183,0.68259425203057,0.013,0.007,1
chr7-34132907-34133825,Wtip,0,0.473750668164183,0.69066514516881,0.013,0.007,1
chr8-70138902-70139783,Rfxank,0,0.473750668164183,0.702694455557593,0.013,0.007,1
chrX-7679443-7680333,Magix,917,0.473750668164183,0.736521981703516,0.013,0.007,1
chr8-70897082-70897971,Rpl18a,0,0.474007728978344,-0.906947060420182,0.013,0.021,1
chr14-36968389-36969297,Ccser2,0,0.474034876036284,0.302653619450595,0.038,0.027,1
chr8-105565695-105566564,Atp6v0d1,0,0.47403623468184,0.396999082718822,0.025,0.017,1
chr3-88141825-88142745,Mef2d,0,0.474163689615892,0.679104077132251,0.019,0.012,1
chr8-25601428-25602351,Whsc1l1,0,0.474217512009678,-1.09347547476445,0.006,0.013,1
chr1-66862687-66863597,Acadl,0,0.474217518308101,-1.10577442915425,0.006,0.013,1
chr2-114853618-114854525,Gm13974,0,0.474271750863683,-0.630588614271534,0.019,0.029,1
chr9-53384017-53384831,Kdelc2,0,0.474387070574698,0.55872109284375,0.031,0.023,1
chr15-3978973-3979859,Fbxo4,0,0.474399816552856,0.721745993476205,0.013,0.007,1
chr3-41562915-41563804,RP24-86C19.2,0,0.474399816552856,0.670692321785854,0.013,0.007,1
chr5-124862142-124863048,Ccdc92,0,0.474399816552856,0.688901438086359,0.013,0.007,1
chr6-134034769-134035548,Etv6,151,0.474399816552856,0.714066686794372,0.013,0.007,1
chr9-62243932-62244827,Gm25603,1064,0.474399816552856,0.667960950731121,0.013,0.007,1
chr9-99568190-99569109,Armc8,0,0.474399816552856,0.691702670601632,0.013,0.007,1
chr9-108048730-108049632,Gmppb,0,0.474399816552856,0.661177351275381,0.013,0.007,1
chrX-53643438-53644280,Cxx1a,0,0.474399816552856,0.72776036240499,0.013,0.007,1
chr4-46450525-46451384,Anp32b,0,0.474415101716144,-0.995121375460207,0.013,0.021,1
chr13-96670565-96671474,Hmgcr,0,0.474415105594601,-0.984584999751495,0.013,0.021,1
chr12-78225988-78226877,Gphn,0,0.474467863845896,0.36291574340097,0.025,0.017,1
chr2-110949717-110950653,Ano3,269,0.474671624062879,0.700892610102605,0.019,0.012,1
chr10-128804997-128805809,Dnajc14,0,0.474736759105321,-0.974248801095482,0.006,0.013,1
chr11-103697257-103698229,C130046K22Rik,0,0.474736759105321,-1.03845167267589,0.006,0.013,1
chr4-19708705-19709592,Wwp1,0,0.474759654314925,-0.752510947548282,0.038,0.049,1
chr19-4148092-4148976,Coro1b,0,0.474899704437361,0.415969040073542,0.025,0.017,1
chr10-73491326-73492110,Gm15397,1351,0.475049453259245,0.696221978987283,0.013,0.007,1
chr11-59191394-59192381,Guk1,0,0.475049453259245,0.674628210866485,0.013,0.007,1
chr11-69364649-69365485,Gm17305,629,0.475049453259245,0.727091765584311,0.013,0.007,1
chr14-54463762-54464518,Lrp10,0,0.475049453259245,0.624388111919132,0.013,0.007,1
chr17-46890119-46890972,A330017A19Rik,0,0.475049453259245,0.613614624759172,0.013,0.007,1
chr17-80727785-80728635,Map4k3,0,0.475049453259245,0.625324405645452,0.013,0.007,1
chr19-10634410-10635290,Vwce,176,0.475049453259245,0.625384675415618,0.013,0.007,1
chr4-41722777-41723655,Dctn3,0,0.475049453259245,0.750605667122688,0.013,0.007,1
chr4-57433945-57434846,Palm2,0,0.475049453259245,0.649077895943764,0.013,0.007,1
chr6-3496005-3496903,Hepacam2,1393,0.475049453259245,0.667864094289032,0.013,0.007,1
chrX-75416130-75417039,Brcc3,0,0.475049453259245,0.721061414694567,0.013,0.007,1
chr2-161108740-161109634,Chd6,0,0.475143139336243,0.528993668221934,0.031,0.023,1
chr5-31240480-31241300,Nrbp1,0,0.475179857154519,0.63356493790833,0.019,0.012,1
chr9-51278286-51279085,2010007H06Rik,0,0.475230423860203,-0.885352987698653,0.013,0.021,1
chr17-28232253-28233125,Ppard,0,0.475230435485071,-0.896295025064579,0.013,0.021,1
chr18-24708957-24709823,Gm9955,0,0.475230435485071,-0.944329294217685,0.013,0.021,1
chr18-34651299-34652116,Cdc23,0,0.475256305633848,-0.979174231729576,0.006,0.013,1
chr1-155812422-155813270,Qsox1,0,0.475256311925032,-0.959290005359453,0.006,0.013,1
chr15-58214979-58215662,Fbxo32,86,0.475256311925032,-1.00735266155999,0.006,0.013,1
chr7-142094919-142095872,Dusp8,0,0.475256311925032,-0.96171093820563,0.006,0.013,1
chr3-84582258-84583190,Arfip1,0,0.47533176070845,0.340620264131411,0.025,0.017,1
chr4-109000129-109001162,Nrd1,0,0.475638388585737,-0.823023715780522,0.013,0.021,1
chr12-76324472-76325308,Akap5,0,0.47569957793229,0.61106467585407,0.013,0.007,1
chr14-21750339-21750960,Samd8,0,0.47569957793229,0.626290425052273,0.013,0.007,1
chr15-76330865-76331767,Gpaa1,0,0.47569957793229,0.598171209971571,0.013,0.007,1
chr15-78915458-78916343,1700027A07Rik,1797,0.47569957793229,0.566950307116193,0.013,0.007,1
chr15-103239211-103239848,Cbx5,0,0.47569957793229,0.490982774914446,0.013,0.007,1
chr17-3114447-3115321,Scaf8,0,0.47569957793229,0.650675547198762,0.013,0.007,1
chr3-142559480-142560230,Gbp3,0,0.47569957793229,0.536311685839363,0.013,0.007,1
chr4-126967848-126968575,Zmym4,0,0.47569957793229,0.512123002859378,0.013,0.007,1
chr5-125475455-125476272,Aacs,0,0.47569957793229,0.576797139827622,0.013,0.007,1
chr6-88874593-88875495,Podxl2,0,0.47569957793229,0.601512562067996,0.013,0.007,1
chr6-136803498-136804103,Hist4h4,327,0.47569957793229,0.580997643320587,0.013,0.007,1
chr9-64172581-64173346,Zwilch,0,0.47569957793229,0.631239676995278,0.013,0.007,1
chr4-6990911-6991835,Tox,0,0.475764032555789,0.330363065417675,0.025,0.017,1
chr3-115887696-115888622,Dph5,0,0.475776176587534,-1.02553564275596,0.006,0.013,1
chr4-129189285-129190177,S100pbp,0,0.475776176587534,-0.942302292871914,0.006,0.013,1
chr6-17694135-17694929,Gm27960,0,0.4760362195178,-1.01399947771957,0.006,0.013,1
chr9-108853983-108854769,Slc26a6,699,0.476296352912579,-0.870262148280525,0.006,0.013,1
chr1-58697290-58698181,Als2cr12,1300,0.476350190219586,0.583730866642254,0.013,0.007,1
chr11-107478902-107480021,Psmd12,0,0.476350190219586,0.536940598166141,0.013,0.007,1
chr12-26469061-26469904,Cmpk2,0,0.476350190219586,0.534756966831636,0.013,0.007,1
chr12-103994932-103995866,Serpina11,712,0.476350190219586,0.657679728055347,0.013,0.007,1
chr14-46060788-46061675,RP24-68H1.2,0,0.476350190219586,0.698161753450022,0.013,0.007,1
chr17-84511515-84512372,Plekhh2,0,0.476350190219586,0.694964455113781,0.013,0.007,1
chr4-33030978-33031908,4933421O10Rik,0,0.476350190219586,0.675963482978664,0.013,0.007,1
chr4-48044527-48045382,Nr4a3,0,0.476350190219586,0.534623554519319,0.013,0.007,1
chr4-107434100-107434980,Gm24804,0,0.476350190219586,0.590949710899213,0.013,0.007,1
chr4-150964665-150965559,Gm23405,0,0.476350190219586,0.65077432229763,0.013,0.007,1
chr7-44524843-44525664,Mybpc2,173,0.476350190219586,0.547531653991052,0.013,0.007,1
chr8-11699999-11700922,1700016D06Rik,140,0.476350190219586,0.562245970209631,0.013,0.007,1
chr8-24823522-24824370,Adam5,0,0.476350190219586,0.625296472821553,0.013,0.007,1
chr8-26976425-26977301,Zfp703,34,0.47662922256442,0.234089576713169,0.025,0.017,1
chr17-57249151-57249922,Trip10,0,0.476706340601772,0.483166854944637,0.019,0.012,1
chr16-4594136-4595020,Glis2,0,0.476816840719372,-0.933833370311442,0.006,0.013,1
chr9-66124461-66125342,Snx1,1244,0.476816840719372,-0.913343990264885,0.006,0.013,1
chr3-40799669-40800495,Plk4,0,0.476863395595908,-0.861519576613061,0.013,0.021,1
chr11-50430555-50431347,Rufy1,0,0.477001279944449,0.689236234294763,0.013,0.007,1
chr1-92906758-92907441,Dusp28,0,0.477001289767386,0.648601831949172,0.013,0.007,1
chr13-54621348-54622256,Faf2,0,0.477001289767386,0.573338571594046,0.013,0.007,1
chr13-73328025-73328909,Ndufs6,0,0.477001289767386,0.605407268153803,0.013,0.007,1
chr7-19910490-19911365,Gm16184,459,0.477001289767386,0.579484797417026,0.013,0.007,1
chrY-872461-873338,Gm28587,0,0.477001289767386,0.438972095613399,0.013,0.007,1
chr3-62506547-62507460,Dhx36,0,0.477062140517657,0.246176574582612,0.025,0.017,1
chr9-37656631-37657636,Tbrg1,0,0.477215772596504,0.587722191805764,0.019,0.012,1
chr11-5099014-5099752,Ewsr1,0,0.477337639826566,-0.826210558236024,0.006,0.013,1
chr5-28316469-28317387,Rbm33,0,0.477337639826566,-0.903456864617622,0.006,0.013,1
chr1-156420614-156421492,Axdnd1,0,0.477652876220599,0.531164362232589,0.013,0.007,1
chr15-48789706-48790447,Csmd3,1615,0.477652876220599,0.271051736556917,0.013,0.007,1
chr17-23677088-23677933,Tnfrsf12a,0,0.477652876220599,0.464096308981161,0.013,0.007,1
chr19-10041023-10041934,Fads3,0,0.477652876220599,0.614529993151305,0.013,0.007,1
chr2-4717424-4718322,Bend7,0,0.477652876220599,0.56802816242044,0.013,0.007,1
chr2-120563268-120564193,Zfp106,0,0.477652876220599,0.545233123651699,0.013,0.007,1
chr4-17853785-17854438,Mmp16,891,0.477652876220599,0.481864589157561,0.013,0.007,1
chrX-155337912-155338881,Prdx4,1872,0.477652876220599,0.451705703248419,0.013,0.007,1
chr1-84695825-84696638,Mir5126,0,0.47785875005227,-0.799714078321165,0.006,0.013,1
chr12-13248757-13249621,Ddx1,0,0.47785875005227,-0.862881540699025,0.006,0.013,1
chr14-31128556-31129448,Smim4,0,0.47785875005227,-0.817449722334275,0.006,0.013,1
chr17-55878585-55879456,Zfp119a,0,0.47785875005227,-0.951240539278921,0.006,0.013,1
chr19-11911812-11912707,Patl1,0,0.477928621799873,0.253006783049682,0.025,0.017,1
chr15-53345777-53346643,Ext1,0,0.4782355177889,0.613063787394696,0.019,0.012,1
chr5-33782380-33783304,Letm1,0,0.4782355177889,0.581239871480798,0.019,0.012,1
chr1-165735845-165736715,RP23-132G24.3,183,0.478304949222796,0.513359036968723,0.013,0.007,1
chr10-3972977-3973421,Mthfd1l,0,0.478304949222796,0.500893256119212,0.013,0.007,1
chr10-116581492-116582228,Cnot2,0,0.478304949222796,0.17529556060771,0.013,0.007,1
chr18-23989128-23990045,Zfp35,0,0.478304949222796,0.441010579072175,0.013,0.007,1
chr2-28840006-28840923,Ddx31,0,0.478304949222796,0.334241468243452,0.013,0.007,1
chr2-116899949-116900705,D330050G23Rik,0,0.478304949222796,0.392633788321685,0.013,0.007,1
chr2-130663954-130664885,Ddrgk1,0,0.478304949222796,0.470409655813188,0.013,0.007,1
chr3-14579635-14580335,E2f5,993,0.478304949222796,0.485994248459254,0.013,0.007,1
chr5-104459122-104460122,Pkd2,0,0.478304949222796,0.413506106425545,0.013,0.007,1
chr6-116673422-116674370,Rassf4,0,0.478304949222796,0.263069419710812,0.013,0.007,1
chr16-37011365-37012215,Polq,0,0.478310399905921,0.318448254220024,0.044,0.033,1
chr11-70699828-70700723,Kif1c,0,0.478380164944841,-0.895535679541606,0.006,0.013,1
chr2-180920599-180921503,Ythdf1,0,0.478380171214042,-0.854998324338124,0.006,0.013,1
chr7-126759017-126759908,Mapk3,0,0.478499431039546,-0.823877039324633,0.013,0.021,1
chr3-130730020-130730859,Rpl34,0,0.478745836655971,0.545986673701234,0.019,0.012,1
chr1-43827472-43828333,Uxs1,0,0.478842365414635,0.226027360260527,0.063,0.049,1
chr12-59013092-59013917,Gemin2,0,0.478901903128891,-0.830105491176369,0.006,0.013,1
chr4-133967181-133967682,Hmgn2,967,0.478901903128891,-0.783915675275161,0.006,0.013,1
chr12-69371292-69372261,Arf6,0,0.47895749861492,0.509619494302946,0.013,0.007,1
chr11-86993352-86994234,Ypel2,0,0.478957508416203,0.606463018041667,0.013,0.007,1
chr13-23698062-23698960,Hist1h4c,0,0.478957508416203,0.443790717267734,0.013,0.007,1
chr15-42676491-42677194,Angpt1,0,0.478957508416203,0.57960975186201,0.013,0.007,1
chr3-32616226-32617030,Gnb4,0,0.478957508416203,0.269368594841426,0.013,0.007,1
chr6-87838254-87839165,Isy1,0,0.478957508416203,0.514874123427434,0.013,0.007,1
chr7-35802583-35803439,E130304I02Rik,0,0.478957508416203,0.523450634123451,0.013,0.007,1
chr9-58252737-58253621,Stoml1,0,0.478957508416203,0.489836723992293,0.013,0.007,1
chr9-59959098-59959975,Nr2e3,683,0.478957508416203,0.438667235576741,0.013,0.007,1
chr9-82973922-82974818,Phip,697,0.478957508416203,0.606576823025471,0.013,0.007,1
chrX-140456257-140457038,Prps1,0,0.478957508416203,0.448411802376667,0.013,0.007,1
chr18-40219038-40219935,Yipf5,0,0.47903198927768,0.26734716967165,0.038,0.027,1
chr11-17158677-17159566,Ppp3r1,0,0.479256452808198,0.568135548689462,0.019,0.012,1
chr11-87358601-87359487,Ppm1e,0,0.479256452808198,0.567164922591343,0.019,0.012,1
chr17-21008454-21009446,Zfp160,0,0.479256452808198,0.553652317095909,0.019,0.012,1
chr2-19344308-19345203,4930447M23Rik,0,0.479256452808198,0.600603151647046,0.019,0.012,1
chr3-90475646-90476539,Ilf2,0,0.479256452808198,0.599353289541569,0.019,0.012,1
chr8-94601398-94602314,Fam192a,0,0.479256452808198,0.618566031332019,0.019,0.012,1
chr4-153956702-153957627,A430005L14Rik,0,0.479387921603046,-0.912123879877853,0.019,0.028,1
chr12-4907141-4908023,Ubxn2a,0,0.479423945613282,-0.84621331100357,0.006,0.013,1
chr12-103353205-103354122,Asb2,1878,0.479423945613282,-0.559520281034495,0.006,0.013,1
chr1-132007815-132008180,Elk4,207,0.479610553441705,0.181427353401846,0.013,0.007,1
chr10-69212687-69213598,A930033H14Rik,0,0.479610553441705,0.434247466275691,0.013,0.007,1
chr10-128626366-128627222,Rps26,0,0.479610553441705,0.533925050416485,0.013,0.007,1
chr15-100227520-100228382,Atf1,0,0.479610553441705,0.41557030203398,0.013,0.007,1
chr19-6118031-6118945,Sac3d1,0,0.479610553441705,0.274453103152247,0.013,0.007,1
chr7-127895196-127896076,Vkorc1,0,0.479610553441705,0.473841499505848,0.013,0.007,1
chr1-127204511-127205427,Mgat5,0,0.479767366073384,0.530328357413638,0.019,0.012,1
chr3-51224287-51225171,Ccrn4l,0,0.479767366073384,0.536774693053852,0.019,0.012,1
chr4-149737654-149738548,Tmem201,0,0.479767366073384,0.479311413087615,0.019,0.012,1
chr9-57485553-57486524,Gm6166,1639,0.479946298483126,-0.827103618877119,0.006,0.013,1
chr4-43492787-43493559,Ccdc107,0,0.480138524565589,-0.758319479759846,0.013,0.021,1
chr4-118134506-118135464,St3gal3,0,0.480138524565589,-0.834657904843057,0.013,0.021,1
chr17-31564114-31565021,Pknox1,0,0.48014439707581,-0.381925975263524,0.044,0.057,1
chr10-76961642-76962555,Pcbp3,0,0.480226781960008,0.281729156806246,0.063,0.049,1
chrX-103822445-103822873,Slc16a2,479,0.480264083938846,0.181867977967526,0.013,0.007,1
chr9-121704608-121705488,Sec22c,1,0.480468955299468,-0.773481342332197,0.006,0.013,1
chr18-6241005-6241875,Kif5b,298,0.480468961553791,-0.645463779083171,0.006,0.013,1
chr4-35156968-35157792,Mob3b,0,0.480468961553791,-0.642661732553464,0.006,0.013,1
chr4-131873207-131874009,Srsf4,0,0.480533221082278,0.218482408830281,0.025,0.017,1
chr8-23149388-23150278,Gm15816,0,0.480548771858257,-0.784253903121509,0.013,0.021,1
chr6-28135591-28136455,Grm8,412,0.480761776091785,0.291956358994844,0.038,0.027,1
chr9-7184040-7184939,Dync2h1,0,0.480790083251332,0.59611311230812,0.019,0.012,1
chr1-164307067-164307969,Blzf1,0,0.480834680185172,0.481181532233498,0.031,0.023,1
chrX-164980029-164980941,Fancb,0,0.480959213930854,-0.776588219880659,0.013,0.021,1
chr6-35133291-35134200,Cnot4,0,0.481108138561286,0.270446157061515,0.038,0.027,1
chr1-130715382-130716269,Gm29427,0,0.48130188681719,0.546084677659305,0.019,0.012,1
chr6-95098196-95099093,Gm26501,1213,0.48130188681719,0.456005033477229,0.019,0.012,1
chr4-119194887-119195782,Ccdc23,0,0.481596344751658,0.493102010889684,0.031,0.023,1
chr4-52438593-52439500,Smc2os,0,0.481757006977175,-0.663260972478053,0.025,0.035,1
chr10-63243374-63244278,Herc4,0,0.481780674342023,-0.718690730870141,0.013,0.021,1
chr12-69724545-69725449,L2hgdh,0,0.481780674342023,-0.707709123531028,0.013,0.021,1
chr6-17307274-17308167,Cav1,938,0.481813986802199,0.496421433321476,0.019,0.012,1
chr9-77916919-77917780,Elovl5,0,0.481813986802199,0.485328447632605,0.019,0.012,1
chr7-45366769-45367672,Ppfia3,0,0.482273908320932,0.353279929816058,0.025,0.017,1
chr19-41911440-41912315,Pgam1,0,0.482326383031652,0.477691270587423,0.019,0.012,1
chr16-32246531-32247520,Fbxo45,0,0.482709610803004,0.286144744839692,0.025,0.017,1
chr2-181863939-181864848,Polr3k,0,0.48283907533034,0.438122652946947,0.019,0.012,1
chr13-13589914-13590787,Lyst,0,0.482839697628064,0.162057323908114,0.057,0.043,1
chr4-3678045-3678951,Lyn,0,0.483014281198082,-0.674595823250869,0.013,0.021,1
chr2-181287613-181288427,Gmeb2,0,0.483352063522554,0.434159034854804,0.019,0.012,1
chr15-35370853-35371767,Vps13b,0,0.483425874615712,-0.690555699538585,0.013,0.021,1
chr8-84104390-84105366,Dcaf15,0,0.483628641013272,-0.753549069257349,0.019,0.028,1
chr2-30981685-30982605,Usp20,0,0.483628643853747,-0.766985528024601,0.019,0.028,1
chr12-118300981-118301710,Sp4,0,0.483651463121497,0.454072136488474,0.044,0.034,1
chr9-21091625-21092529,1700084C06Rik,0,0.48383765064507,-0.74662514287577,0.013,0.021,1
chr1-4785249-4786176,Mrpl15,0,0.483865341469781,0.487736905085161,0.019,0.012,1
chr12-75176582-75177420,Kcnh5,0,0.483865347432081,0.417995011371294,0.019,0.012,1
chr18-33463511-33464383,Nrep,0,0.483865347432081,0.426879209449238,0.019,0.012,1
chr7-92669703-92670622,Pcf11,0,0.483982952981961,-0.713278886506278,0.019,0.028,1
chr3-54734920-54735780,Exosc8,0,0.484267347989892,0.435842141473134,0.031,0.023,1
chr1-135313351-135314238,Timm17a,0,0.48437892688221,0.420773957580813,0.019,0.012,1
chr12-84450762-84451681,Aldh6a1,0,0.484753163217611,0.246472254023979,0.038,0.027,1
chr11-3535108-3536000,Gm11947,869,0.484892801695724,0.329626917044939,0.019,0.012,1
chr5-100674786-100675616,Coq2,0,0.484892801695724,0.474869212545253,0.019,0.012,1
chr19-43674709-43675553,Slc25a28,0,0.485233261272601,-0.594811043047714,0.025,0.035,1
chr15-11995603-11996468,Sub1,514,0.48540697169491,0.393059217278024,0.019,0.012,1
chr15-102405535-102406432,Sp1,0,0.485819754125408,-0.475629853762871,0.044,0.056,1
chr13-21179608-21180532,Trim27,162,0.485921436701548,0.392731061542708,0.019,0.012,1
chr11-94677019-94677885,Gm11542,0,0.486180111457085,0.433625025461016,0.031,0.023,1
chr5-117119607-117120478,Taok3,0,0.486312297859358,-0.59280333636451,0.013,0.021,1
chr3-138144703-138145543,Trmt10a,1254,0.486436196536922,0.388971366938748,0.019,0.012,1
chr3-144719980-144720883,Sh3glb1,0,0.486436196536922,0.24315482095412,0.019,0.012,1
chr6-37441839-37442749,Creb3l2,0,0.486467051474083,-0.702630924139144,0.019,0.028,1
chr17-56078905-56079819,Hdgfrp2,0,0.486933762780768,0.263174412733639,0.063,0.049,1
chr5-143732080-143732967,Usp42,0,0.486946359272839,0.352771983225051,0.031,0.023,1
chr18-80206288-80207203,Gm16286,0,0.48695125102181,0.385240390154025,0.019,0.012,1
chr8-13105174-13106030,Pcid2,0,0.487135110673639,0.445733721779404,0.044,0.034,1
chr4-109676140-109677080,Faf1,0,0.487466599976494,0.273902475096863,0.019,0.012,1
chr4-136021336-136022246,Tceb3,0,0.487466599976494,0.479050614246099,0.019,0.012,1
chr12-113000410-113001311,Brf1,0,0.487533775266822,-0.752928395195486,0.019,0.028,1
chr1-59119631-59120568,G730003C15Rik,0,0.487541243357357,0.246837841605081,0.044,0.033,1
chr11-57801109-57801996,Sap30l,0,0.487982243220752,0.221569482008421,0.019,0.012,1
chr11-106065685-106066526,Taco1,0,0.487982243220752,0.255527002197002,0.019,0.012,1
chr12-91384022-91384908,Cep128,0,0.488122737124638,-0.410146672404099,0.025,0.036,1
chr6-89595156-89596043,Chchd6,0,0.488498180573859,0.257729841346945,0.019,0.012,1
chr9-42263856-42264759,Sc5d,0,0.488498180573859,0.278951896932093,0.019,0.012,1
chr16-52031027-52031903,Cblb,0,0.488723055386901,0.424816781447243,0.044,0.034,1
chr7-113513279-113514156,Far1,0,0.489633356676004,0.374109408070073,0.031,0.023,1
chr2-167348937-167349857,B4galt5,0,0.4899954147082,-0.581108439645625,0.025,0.035,1
chr8-45068569-45069463,Mtnr1a,0,0.490384523971363,-0.660052197544778,0.019,0.028,1
chr10-81320253-81321155,Cactin,0,0.490716542325406,0.2565842215637,0.05,0.038,1
chr3-73707763-73708663,Bche,0,0.491282054329126,-0.478747448461456,0.013,0.021,1
chr5-115158005-115158839,Mlec,0,0.492170787808582,-0.639673470566873,0.019,0.028,1
chr13-85189010-85189863,Ccnh,0,0.492328314597736,0.337974886710201,0.031,0.023,1
chr17-48409421-48410300,Nfya,0,0.492749363258719,0.297575487844175,0.063,0.05,1
chr7-4865865-4866758,Isoc2b,0,0.493485723772804,0.331796331271911,0.031,0.023,1
chr15-89196098-89196906,Dennd6b,0,0.493720026927617,0.405163957066295,0.038,0.028,1
chr5-33378120-33379012,Uvssa,0,0.495031207068222,0.287949102432674,0.031,0.023,1
chr19-14597911-14598786,Tle4,0,0.495054247639881,0.233493238552097,0.05,0.038,1
chr15-58076130-58077091,9130401M01Rik,0,0.495141617349501,-0.431076168279576,0.031,0.043,1
chr17-17909842-17910724,Gm7535,1222,0.495417980751142,0.323902124888498,0.031,0.023,1
chr3-69316324-69317225,Ppm1l,0,0.495422780453851,0.368686301479602,0.044,0.034,1
chr10-99106592-99107432,Poc1b,0,0.496831350883989,-0.546817203786012,0.019,0.028,1
chr12-69158805-69159690,Rps29,0,0.4993989272668,-1.04877658481876,0.013,0.02,1
chr5-105876023-105877034,Zfp326,0,0.499398931137421,-1.00930125671871,0.013,0.02,1
chr7-84151668-84152571,Gm26708,0,0.499398931137421,-1.04164026975159,0.013,0.02,1
chr9-108002072-108002971,4930535L15Rik,0,0.499398931137421,-0.910425935313487,0.013,0.02,1
chrX-18161933-18162791,Kdm6a,0,0.499953340618253,0.56851482566806,0.025,0.018,1
chr2-172345004-172345912,Fam210b,0,0.500467349556413,0.212361331882333,0.05,0.038,1
chr18-20745960-20746802,B4galt6,0,0.500674055385535,-0.922924165973999,0.013,0.02,1
chr2-131261902-131262793,Pank2,0,0.500674055385535,-0.840248480082474,0.013,0.02,1
chr18-24529735-24530637,Rprd1a,0,0.500849714921404,0.193319848478307,0.031,0.023,1
chr4-45530555-45531435,Shb,1034,0.501266595490128,0.538688714415122,0.025,0.018,1
chr14-37134858-37135750,Ghitm,0,0.501407924793913,0.340637690517761,0.038,0.028,1
chr8-106059083-106059944,Nfatc3,0,0.50195090357264,-1.04378664183793,0.013,0.02,1
chr18-20058445-20059347,Dsc2,206,0.502085735661372,-1.52947377306378,0.006,0.012,1
chr15-89355218-89356119,Lmf2,0,0.502085742040171,-1.56057546521154,0.006,0.012,1
chr19-5117327-5118046,Klc2,513,0.502085742040171,-1.35397161735995,0.006,0.012,1
chr2-180582260-180583174,Mrgbp,955,0.502085742040171,-1.45392365226818,0.006,0.012,1
chr5-150665300-150666176,N4bp2l2,0,0.502085742040171,-1.5705972190421,0.006,0.012,1
chr9-110531943-110532855,Setd2,0,0.502085742040171,-1.35019008742791,0.006,0.012,1
chr9-67839983-67840864,Vps13c,0,0.50214311962971,0.522760016946652,0.025,0.018,1
chr14-12284151-12284948,3830406C13Rik,0,0.502581683534713,0.525703122584516,0.025,0.018,1
chr6-88464927-88465837,Ruvbl1,0,0.502581683534713,0.532866886857428,0.025,0.018,1
chr6-32587701-32588630,Plxna4,0,0.502633667699109,-1.53921384933249,0.006,0.012,1
chr13-29985849-29986720,E2f3,180,0.502912507205036,0.230916457807593,0.063,0.049,1
chr13-68581674-68582592,Mtrr,0,0.503020449874498,0.530612105460884,0.025,0.018,1
chr6-12748709-12749544,Thsd7a,0,0.503020449874498,0.518335257193507,0.025,0.018,1
chr12-28635535-28636424,Rps7,0,0.503181909320886,-1.07942848884826,0.006,0.012,1
chr14-52019479-52020375,Zfp219,357,0.503181909320886,-1.30111232073729,0.006,0.012,1
chr2-181600870-181601774,Samd10,1657,0.503181909320886,-1.16938262827045,0.006,0.012,1
chr5-140321200-140322072,Mad1l1,0,0.503181909320886,-1.27492425472557,0.006,0.012,1
chr7-139247882-139248775,Pwwp2b,0,0.503181909320886,-1.32209452165146,0.006,0.012,1
chr9-101073286-101074192,Msl2,0,0.503181909320886,-1.44845623390278,0.006,0.012,1
chr4-57956012-57956922,Txn1,0,0.50357735453382,-0.441504002594894,0.038,0.049,1
chr2-144368479-144369424,Pet117,0,0.503656040786505,-0.802467574547985,0.013,0.02,1
chr1-33757349-33758257,Bag2,0,0.503730466682012,-1.38823178603259,0.006,0.012,1
chr10-58675272-58676162,Edar,0,0.503730466682012,-1.29455536956292,0.006,0.012,1
chr10-62791968-62792875,Ccar1,0,0.503730466682012,-1.15584646963047,0.006,0.012,1
chr10-80656175-80657065,Btbd2,5,0.503730466682012,-1.22113596088999,0.006,0.012,1
chr10-103368782-103369630,Slc6a15,973,0.503730466682012,-1.46628483821764,0.006,0.012,1
chr15-36793418-36794297,Ywhaz,249,0.503730466682012,-1.19798204475935,0.006,0.012,1
chr16-55973202-55974027,Zbtb11,0,0.503730466682012,-1.19359066959226,0.006,0.012,1
chr4-116507161-116508096,Ipp,0,0.503730466682012,-1.26105795308113,0.006,0.012,1
chr7-140941358-140942231,Athl1,0,0.503730466682012,-1.19096998065177,0.006,0.012,1
chr9-15238945-15239934,Vstm5,0,0.503730466682012,-1.2052186352483,0.006,0.012,1
chrX-96713041-96713898,Gpr165,0,0.503730466682012,-1.14259658546434,0.006,0.012,1
chrX-104670450-104671357,Zdhhc15,0,0.503730466682012,-1.2020397612501,0.006,0.012,1
chr1-52119027-52119894,Stat1,0,0.503867309479266,0.341752970166841,0.038,0.028,1
chr6-14900056-14900940,Foxp2,408,0.504004857331819,-1.23044822832759,0.006,0.012,1
chr6-146795551-146796478,Arntl2,0,0.504082803357426,-0.891804611662161,0.013,0.02,1
chr10-81496068-81496999,Ncln,0,0.504082807204857,-0.825852244341435,0.013,0.02,1
chr3-157946609-157947500,Ankrd13c,0,0.504279333197661,-1.11768619572486,0.006,0.012,1
chr10-80260831-80261489,Gamt,0,0.504279339558401,-1.25242510380169,0.006,0.012,1
chr2-28699573-28700359,Ak8,0,0.504279339558401,-1.33667918096513,0.006,0.012,1
chr2-160366770-160367564,Mafb,0,0.504279339558401,-1.12279903055474,0.006,0.012,1
chrX-136819992-136820879,Plp1,1791,0.504279339558401,-1.11561518824972,0.006,0.012,1
chr5-93206241-93207157,Ccni,0,0.504337962355907,0.466258633301763,0.025,0.018,1
chr11-116843061-116843979,Mettl23,0,0.504828527725372,-1.08657239689907,0.006,0.012,1
chr2-181837364-181838242,Pcmtd2,0,0.504828527725372,-1.14612111264295,0.006,0.012,1
chr7-16119588-16120502,Kptn,0,0.504828527725372,-1.0959473800083,0.006,0.012,1
chr8-61927695-61928618,Ddx60,0,0.504828527725372,-1.085557578713,0.006,0.012,1
chr17-73804280-73805197,Ehd3,0,0.504923274851344,0.323864625307292,0.038,0.028,1
chr13-94975931-94976859,Wdr41,0,0.504936904367611,-0.767592360350686,0.013,0.02,1
chr3-95159920-95160800,Sema6c,0,0.504936904367611,-0.833401022374921,0.013,0.02,1
chr8-3675966-3676882,Trappc5,0,0.505364231067716,-0.790910627984788,0.013,0.02,1
chr11-6388711-6389640,Zmiz2,0,0.505364238749746,-0.772639180318391,0.013,0.02,1
chr16-85800701-85801486,Adamts1,1626,0.505364238749746,-0.771454814785449,0.013,0.02,1
chr11-100850118-100851045,Stat5b,0,0.505378024606008,-1.09575672419348,0.006,0.012,1
chr15-4376053-4376504,Plcxd3,561,0.505378030957647,-1.15203046552942,0.006,0.012,1
chr19-8819135-8819975,Ttc9c,0,0.505378030957647,-1.06897573656876,0.006,0.012,1
chrX-102118853-102119765,Pin4,0,0.505378030957647,-1.08219804423411,0.006,0.012,1
chr1-165193828-165194715,Sft2d2,0,0.505652894303356,-0.970830368888858,0.006,0.012,1
chr14-66124162-66125012,Ephx2,0,0.505927849029354,-1.04740011420183,0.006,0.012,1
chr9-103304701-103305578,1300017J02Rik,0,0.505927849029354,-0.978003007420782,0.006,0.012,1
chrX-142390140-142391029,Acsl4,0,0.505927849029354,-0.987023788503597,0.006,0.012,1
chr13-96387807-96388723,Poc5,0,0.506097472774594,0.487010321710824,0.025,0.018,1
chr16-76372081-76372688,Nrip1,1138,0.506202869714466,-0.980894557229827,0.006,0.012,1
chr10-29361662-29362537,Rnf146,0,0.506336218064555,-0.730661435352148,0.019,0.027,1
chr11-35119167-35120076,Slit3,1147,0.506477981714026,-1.05418066742831,0.006,0.012,1
chr11-119086029-119086812,Cbx4,0,0.506477981714026,-0.945637161230776,0.006,0.012,1
chr15-31601548-31602424,Cct5,0,0.506477981714026,-1.06901597085766,0.006,0.012,1
chr16-90284113-90284983,Scaf4,0,0.506477981714026,-0.970515297295824,0.006,0.012,1
chr17-40879841-40880783,9130008F23Rik,0,0.506477981714026,-0.970290234530548,0.006,0.012,1
chr2-117341870-117342668,Rasgrp1,332,0.506477981714026,-1.02258152845657,0.006,0.012,1
chr8-17537326-17538221,Csmd1,1739,0.506477981714026,-1.0667286886839,0.006,0.012,1
chrX-56455551-56456474,Ddx26b,693,0.506647379989085,-0.80694646249064,0.013,0.02,1
chr5-97111291-97112173,Paqr3,0,0.507021169432393,0.306479148139871,0.044,0.034,1
chr13-18947903-18948729,Amph,0,0.507028428784598,-0.990432794987433,0.006,0.012,1
chr17-34120937-34121804,Brd2,829,0.507028428784598,-0.953563164212464,0.006,0.012,1
chr6-87042280-87043217,Gfpt1,0,0.507028428784598,-0.946714680199565,0.006,0.012,1
chr5-92505200-92506031,Scarb2,0,0.507075479135187,-0.743421530628521,0.013,0.02,1
chr8-69832100-69833024,Pbx4,0,0.507075479135187,-0.782719189180851,0.013,0.02,1
chr9-55511822-55512591,Etfa,0,0.507075479135187,-0.746541662879041,0.013,0.02,1
chr3-14862675-14863469,Car3,42,0.507303763807881,-0.934184371472581,0.006,0.012,1
chr10-41809681-41810613,Cep57l1,0,0.507436916242171,-0.798573450113089,0.019,0.027,1
chr1-75142442-75143235,Fam134a,0,0.507579190013413,-0.959087242145182,0.006,0.012,1
chr13-67754645-67755578,Zfp85,0,0.507579190013413,-0.94778242738998,0.006,0.012,1
chr3-152209977-152210836,Dnajb4,0,0.507579190013413,-0.924895340783641,0.006,0.012,1
chrX-133897818-133898708,Tspan6,0,0.507579190013413,-0.835902541411518,0.006,0.012,1
chr10-11343191-11344054,Epm2a,0,0.507717970595272,-0.737209084819958,0.013,0.02,1
chr4-88696185-88697102,Gm13273,0,0.507860207374077,0.456434715670864,0.025,0.018,1
chr15-37791306-37792318,Ncald,251,0.50813026517222,-0.94056725484429,0.006,0.012,1
chr5-91139245-91140124,Areg,0,0.50813026517222,-0.91542915124744,0.006,0.012,1
chr6-13069388-13070248,Tmem106b,0,0.508271535799843,0.103459660745775,0.031,0.023,1
chr11-106083893-106084809,Map3k3,0,0.508281796055567,-0.577054193732042,0.038,0.048,1
chr19-34550281-34551135,Ifit2,0,0.508360904430998,-0.737354830989175,0.013,0.02,1
chr5-41707789-41708640,Rab28,0,0.508451562086609,0.265825222184545,0.038,0.028,1
chr17-86144717-86145594,Srbd1,0,0.508538869595929,-0.677691972642844,0.019,0.027,1
chr1-187447903-187448799,RP23-349L18.1,25,0.50868165403217,-0.894644848427583,0.006,0.012,1
chr12-35046702-35047527,Snx13,0,0.50868165403217,-0.923576731685388,0.006,0.012,1
chr2-151748001-151748887,4930556L07Rik,1090,0.50868165403217,-0.863086104761574,0.006,0.012,1
chr5-145083401-145084291,Arpc1a,0,0.50868165403217,-0.905457375228708,0.006,0.012,1
chr4-148448039-148448940,Mtor,0,0.508742781406802,0.456447092200571,0.025,0.018,1
chr4-70410091-70410960,Cdk5rap2,0,0.508789758958176,-0.683467080157159,0.013,0.02,1
chr3-65527806-65528674,Tiparp,0,0.509218803019854,-0.652807099966786,0.013,0.02,1
chr19-41745688-41746602,Gm22601,883,0.509233356363822,-0.886960065203574,0.006,0.012,1
chr5-147956801-147957688,Gm15721,0,0.509233356363822,-0.866096187589347,0.006,0.012,1
chr11-96829666-96830534,Nfe2l1,0,0.509274209066363,-0.738729452864777,0.019,0.027,1
chr5-32458500-32459649,Ppp1cb,0,0.509859320023385,-0.35860180626702,0.019,0.028,1
chr13-115101402-115102267,Itga1,0,0.510068148227605,0.390635454046218,0.025,0.018,1
chr3-67463233-67464142,Lxn,0,0.510077459313702,-0.662767447459271,0.013,0.02,1
chr2-13573622-13574339,Vim,0,0.510337700521497,-0.745949728435046,0.006,0.012,1
chr4-141793150-141794061,Casp9,0,0.510378253100234,-0.67518180852749,0.019,0.027,1
chr12-9029798-9030742,Ttc32,0,0.510890341885665,-0.775397907285762,0.006,0.012,1
chr7-55841754-55842632,Cyfip1,8,0.510890341885665,-0.803046350163413,0.006,0.012,1
chr18-74267625-74268607,Mbd1,0,0.510952728576897,0.372619837055111,0.025,0.018,1
chr9-108305764-108306625,Rhoa,0,0.511114974363077,-0.692415122577457,0.019,0.027,1
chr11-115514008-115514870,Hn1,0,0.511395315099283,0.417522579492477,0.025,0.018,1
chr10-79703948-79704840,Bsg,0,0.511395319136095,0.441682527306968,0.025,0.018,1
chr17-80061918-80062798,Hnrnpll,0,0.511395319136095,0.420964284875663,0.025,0.018,1
chr7-46639307-46640217,Sergef,0,0.511395319136095,0.426795467340444,0.025,0.018,1
chr17-29549236-29550174,Tmem217,0,0.51144329579783,-0.760594930544832,0.006,0.012,1
chr9-86464309-86465221,Ube2cbp,0,0.51148354460199,-0.664052982739608,0.019,0.027,1
chr7-97331779-97332690,Kctd21,0,0.5116380440062,0.275546744819287,0.038,0.028,1
chr3-90264972-90265741,Dennd4b,0,0.511996562025578,-0.66395856466537,0.006,0.012,1
chr3-93554846-93555789,S100a10,0,0.511996562025578,-0.779694545592063,0.006,0.012,1
chr7-30089981-30090899,Zfp566,0,0.511996562025578,-0.650147312686943,0.006,0.012,1
chr17-83214707-83215589,Pkdcc,0,0.512227409301616,-0.586551862427468,0.013,0.02,1
chrX-37109967-37110879,Upf3b,0,0.512281100427693,0.430022582601914,0.025,0.018,1
chr8-4779089-4780003,Shcbp1,0,0.512347560842598,0.183517299554958,0.038,0.028,1
chr4-128883187-128883995,Trim62,0,0.512550140335908,-0.574542691807101,0.006,0.012,1
chr5-135077829-135078682,Vps37d,0,0.512945957048763,0.361130861037531,0.025,0.018,1
chr8-84236789-84237698,Zswim4,0,0.513057595573002,0.263309374325731,0.038,0.028,1
chr1-58029325-58030209,Aox1,0,0.51310403049522,-0.5036948086077,0.006,0.012,1
chr8-123253776-123254707,Zfp276,0,0.51310403049522,-0.71727638980905,0.006,0.012,1
chr17-29347486-29348375,Mtch1,0,0.513167681152862,0.388011035317868,0.025,0.018,1
chr1-72582770-72583643,Smarcal1,0,0.513611262953678,0.375875244630616,0.025,0.018,1
chr11-61929884-61930778,Akap10,0,0.513611271003109,0.336424316403078,0.025,0.018,1
chr6-25689487-25690486,Gpr37,242,0.514055056329068,0.392787983539247,0.025,0.018,1
chr16-4420098-4420986,Adcy9,0,0.514437094352214,-0.613689581225766,0.019,0.027,1
chr6-149188374-149189284,Amn1,0,0.515178896222199,-0.594033084530481,0.031,0.042,1
chr19-8966586-8967495,Eef1g,0,0.515387620161472,0.290592313384459,0.025,0.018,1
chr12-118301836-118302583,Sp4,395,0.516175896373883,0.209333733112367,0.057,0.045,1
chr16-91484706-91485615,Ifnar1,0,0.516651797612829,0.718608385073625,0.019,0.013,1
chr4-133545545-133546520,Nudc,0,0.517167161568502,0.206805961097732,0.025,0.018,1
chr11-117848726-117849644,Birc5,0,0.51781250375552,0.454720788154458,0.031,0.023,1
chr14-33446816-33447680,Mapk8,0,0.517812506843714,0.405660980464039,0.031,0.023,1
chr15-35155408-35156288,Stk3,0,0.517894051025552,0.223763863579386,0.057,0.045,1
chr5-45669324-45670238,Ncapg,0,0.518508269487116,-0.527550096528461,0.031,0.042,1
chr3-7501419-7502242,Gm23592,0,0.519257977987437,0.698785031017335,0.019,0.013,1
chr11-43747585-43748459,Ttc1,0,0.519842420973144,0.303612217733938,0.025,0.018,1
chr8-107424660-107425574,Nob1,0,0.519842420973144,0.322933740651994,0.025,0.018,1
chr8-11557735-11558654,Ing1,1668,0.52055626705235,0.41122860175507,0.031,0.023,1
chr11-5912454-5913361,Gm11967,1953,0.520824932089789,0.643461197319312,0.019,0.013,1
chr11-109611229-109612155,Wipi1,0,0.52097658707567,0.201875984900908,0.075,0.062,1
chr7-25221019-25221899,Zfp526,0,0.521629880642737,0.152756272171012,0.025,0.018,1
chr9-50528107-50529022,Pts,0,0.522232138251411,-0.526951629262806,0.019,0.027,1
chr8-106414912-106415819,Zfp90,0,0.522394329049918,0.627589281528305,0.019,0.013,1
chr19-45363231-45364097,Btrc,0,0.52261022122079,0.376864604286461,0.038,0.029,1
chr14-99099401-99100327,Pibf1,0,0.522914012765578,0.445148788820442,0.031,0.023,1
chr19-34921774-34922613,Kif20b,0,0.522914012765578,0.392702700984337,0.031,0.023,1
chr13-111489715-111490589,Gpbp1,0,0.522960924238762,0.228565905708572,0.063,0.05,1
chr14-40966641-40967551,Tspan14,0,0.523307499238533,0.348740910460722,0.031,0.023,1
chr12-69790407-69791239,Cdkl1,0,0.523441938478974,0.666913065779062,0.019,0.013,1
chr18-37954540-37955481,Hdac3,0,0.523441938478974,0.621428887827616,0.019,0.013,1
chr16-33061988-33062891,Lmln,0,0.523966141691133,0.638977425677346,0.019,0.013,1
chr1-36307315-36308187,Arid5a,0,0.523966147118289,0.599716420748878,0.019,0.013,1
chr10-93539604-93540460,Amdhd1,0,0.523966147118289,0.640127425908999,0.019,0.013,1
chr2-19371499-19372339,Msrb2,58,0.523966147118289,0.588458134689716,0.019,0.013,1
chr12-108275155-108276039,Ccdc85c,0,0.524824322943861,-1.29769707691333,0.013,0.02,1
chr11-3913603-3914322,Slc35e4,341,0.525015371238317,0.593960417445074,0.019,0.013,1
chr8-4238283-4239183,Map2k7,0,0.525015371238317,0.566227629526039,0.019,0.013,1
chr1-172632653-172633525,Dusp23,0,0.525251223096064,0.339890946350929,0.044,0.034,1
chr7-99380938-99381831,Gdpd5,0,0.525441719266415,-0.676655575214423,0.025,0.034,1
chr10-54075417-54076304,Man1a,0,0.525565629081272,0.0997386576938846,0.038,0.028,1
chr2-65022511-65023332,Grb14,1654,0.526065669797366,0.569000308402818,0.019,0.013,1
chr10-33950738-33951649,Zufsp,0,0.526112336410359,0.211129256750104,0.025,0.018,1
chr16-94568910-94569769,Dyrk1a,240,0.526591221483761,0.541537078639659,0.019,0.013,1
chr8-96318053-96318876,Gm22780,0,0.526591221483761,0.557477762390807,0.019,0.013,1
chr7-43671439-43672358,Ctu1,0,0.527060528237006,0.354977423829072,0.038,0.029,1
chr1-13784236-13785090,Gm5523,1788,0.527117041169694,0.539652838510523,0.019,0.013,1
chr7-28049692-28050606,Psmc4,0,0.527218711353874,0.307144362522044,0.044,0.034,1
chr8-72160682-72161582,Gm16091,0,0.527809087133306,0.264148713373772,0.063,0.051,1
chr14-11161686-11162590,Fhit,0,0.527923979777055,-0.988463239842043,0.013,0.02,1
chr6-113045791-113046716,Thumpd3,0,0.528169483722337,0.526615569484453,0.019,0.013,1
chr4-83323902-83324731,Ttc39b,0,0.528318590168303,0.072312740753818,0.044,0.034,1
chr13-5860852-5861711,Klf6,0,0.528801902448446,-0.63235121880631,0.025,0.034,1
chr16-95990477-95991389,Psmg1,0,0.528811305575085,-0.893273868158664,0.013,0.02,1
chr2-127247458-127248324,Tmem127,0,0.529222995815106,0.487045707654279,0.019,0.013,1
chr4-12087408-12088264,Rbm12b2,1174,0.529222995815106,0.491472859027165,0.019,0.013,1
chr8-70796855-70797803,Mir7240,331,0.529255252970754,-0.905612760158626,0.013,0.02,1
chr18-32836907-32837820,Wdr36,0,0.529699389866498,-0.863276318036458,0.013,0.02,1
chr7-123369637-123370511,Arhgap17,0,0.529699389866498,-0.978549349093177,0.013,0.02,1
chr15-34442876-34443867,Rpl30,0,0.529750152424506,0.523840888372546,0.019,0.013,1
chr7-16221613-16222531,Dhx34,0,0.530277570422966,0.505838609709865,0.019,0.013,1
chr11-93995537-93996263,Spag9,0,0.530277575800598,0.426321379672094,0.019,0.013,1
chr11-106612626-106613534,Tex2,0,0.530277575800598,0.421552250752028,0.019,0.013,1
chr2-151979842-151980758,Fam110a,0,0.530277575800598,0.481692989638064,0.019,0.013,1
chr6-86438233-86439055,C87436,0,0.530277575800598,0.462527864219011,0.019,0.013,1
chr7-142532663-142533592,Mrpl23,0,0.530805265736329,0.49022808611226,0.019,0.013,1
chr11-94210817-94211692,Tob1,0,0.530813672669059,0.33975648688402,0.038,0.029,1
chr12-102128658-102129503,Slc24a4,0,0.531069205227884,0.412155118996527,0.019,0.013,1
chr2-94157673-94158596,Hsd17b12,0,0.531160522041483,-0.586856915849139,0.025,0.034,1
chr1-65186184-65187074,Pikfyve,0,0.531209076917838,0.273372406138918,0.031,0.023,1
chr16-91044141-91044985,Paxbp1,0,0.531333222024199,0.443465892631777,0.019,0.013,1
chr2-62047229-62048156,Slc4a10,766,0.531333222024199,0.413384210568973,0.019,0.013,1
chr6-39573624-39574472,Adck2,0,0.531333222024199,0.488024777196181,0.019,0.013,1
chrX-38084057-38084958,Rhox11,182,0.531333222024199,0.37182490337853,0.019,0.013,1
chr5-19227866-19228747,Magi2,819,0.531476132012465,0.947859707096652,0.013,0.008,1
chr3-98895039-98895930,Hao2,1799,0.531861444456253,0.464528455636557,0.019,0.013,1
chr11-62602349-62603238,Snord49b,0,0.531922912513981,-0.837425201107127,0.013,0.02,1
chr11-102267137-102268014,Asb16,728,0.532142744026329,1.00933520171147,0.013,0.008,1
chr11-117114641-117115546,Sec14l1,0,0.532389932824089,0.391137831285443,0.019,0.013,1
chr6-83054149-83055012,Aup1,0,0.532389932824089,0.459790543273112,0.019,0.013,1
chr13-112800411-112801281,Ppap2a,0,0.532682716077569,-0.723289605058373,0.019,0.027,1
chr4-155943223-155943967,Ube2j2,0,0.532809779227125,0.941807650895375,0.013,0.008,1
chr11-97029546-97030438,Scrn2,0,0.532813643731606,-0.757178288609893,0.013,0.02,1
chr14-111674349-111675180,Slitrk5,0,0.532918686918856,0.474481968838449,0.019,0.013,1
chr9-13246553-13247392,Ccdc82,0,0.532918686918856,0.38424240377478,0.019,0.013,1
chr11-20200689-20201594,Rab1,0,0.53296465584904,0.146487189753994,0.044,0.034,1
chr2-51148767-51149667,Rnd3,0,0.533036440589248,-0.756758927869472,0.013,0.02,1
chr11-50931223-50932119,Zfp354b,0,0.533259292160915,-0.807410387699574,0.013,0.02,1
chr16-44346992-44347895,Spice1,0,0.533443579267997,-0.80069535846181,0.019,0.027,1
chr5-52669319-52670244,Sepsecs,0,0.533447701178873,0.420263283634969,0.019,0.013,1
chr10-110794217-110795075,Gm23698,1097,0.533447706531252,0.363977563265172,0.019,0.013,1
chr4-96591274-96592120,Cyp2j9,0,0.533447706531252,0.450587263199902,0.019,0.013,1
chr6-112490529-112491411,Oxtr,720,0.533447706531252,0.343497550743414,0.019,0.013,1
chr15-82274821-82275767,Sept3,0,0.533477237194741,1.03482891130877,0.013,0.008,1
chr10-31445490-31446358,Tpd52l1,0,0.533705121374373,-0.78832085532594,0.013,0.02,1
chr4-150914123-150914978,Park7,0,0.533705125172256,-0.753883103433353,0.013,0.02,1
chr11-93968074-93969135,Nme1,0,0.533976991451525,0.449532894152442,0.019,0.013,1
chr4-59548998-59549910,1700018M17Rik,0,0.533988854094403,0.249047947601222,0.031,0.023,1
chr5-30949556-30950459,Abhd1,0,0.534145117507927,0.964558253602987,0.013,0.008,1
chr5-103424676-103425597,Ptpn13,0,0.53415115023834,-0.74829914915518,0.013,0.02,1
chr1-178405970-178406754,Efcab2,0,0.534506541469476,0.335744897461031,0.019,0.013,1
chr2-76674764-76675653,Plekha3,0,0.534506541469476,0.426123208260912,0.019,0.013,1
chr2-75658692-75659556,Hnrnpa3,0,0.534597367225728,-0.850854922952785,0.013,0.02,1
chr5-5514355-5515140,Cldn12,0,0.534784423350667,0.214207971693585,0.031,0.023,1
chr1-180640872-180641786,Lin9,0,0.535036351034825,0.354100927177204,0.019,0.013,1
chr16-16302367-16303243,Yars2,0,0.535126114212565,0.286948635621783,0.044,0.034,1
chr7-59228240-59229068,Ube3a,0,0.535299322703249,0.325202008334085,0.038,0.029,1
chr1-54194723-54195537,Hecw2,0,0.535482143480317,0.867219326874121,0.013,0.008,1
chr2-9879241-9880131,4930412O13Rik,1120,0.535482143480317,0.895657696243398,0.013,0.008,1
chr2-21141986-21142647,Gm13377,31,0.535482143480317,0.814089511168841,0.013,0.008,1
chr7-28372346-28373249,Plekhg2,0,0.535482143480317,0.81175893150121,0.013,0.008,1
chr7-105640015-105640891,Dnhd1,0,0.535490357490893,-0.795635732892921,0.013,0.02,1
chr3-53463199-53464013,Nhlrc3,0,0.53556643062,0.42637937195908,0.019,0.013,1
chr7-3674629-3675544,Tmc4,1979,0.53556643062,0.305007730685658,0.019,0.013,1
chr11-106216160-106217030,Ddx42,0,0.535566435955362,0.36445305164706,0.019,0.013,1
chr12-112693109-112694026,RP24-562D16.4,0,0.535566435955362,0.328012699857325,0.019,0.013,1
chrX-95956588-95957471,Las1l,0,0.535566435955362,0.257786586473186,0.019,0.013,1
chr18-62548382-62549275,Fbxo38,0,0.535729459946886,-0.670549047944974,0.019,0.027,1
chr3-57735503-57736409,Rnf13,0,0.535937134311241,-0.702306277909151,0.013,0.02,1
chr2-83723874-83724813,Itgav,0,0.536096780000653,0.34607575268564,0.019,0.013,1
chr16-38549763-38550674,Poglut1,0,0.536151288291331,0.825701872846552,0.013,0.008,1
chr15-37007065-37007958,Zfp706,0,0.536384091189371,-0.665858989411203,0.013,0.02,1
chr1-171503174-171503971,Alyref2,0,0.536820853751535,0.806076002549865,0.013,0.008,1
chr5-143403355-143404241,Gm20635,0,0.536820853751535,0.776488001784585,0.013,0.008,1
chr9-37254970-37255713,Slc37a2,24,0.536820853751535,0.768945548578151,0.013,0.008,1
chr9-106642871-106643764,Gm28111,1942,0.536820853751535,0.771437948747018,0.013,0.008,1
chr14-103346405-103347276,Mycbp2,0,0.536831250693839,-0.704158393050709,0.013,0.02,1
chr18-84951342-84952097,Timm21,0,0.536910721640701,-0.546957381656467,0.025,0.034,1
chr13-46727588-46728407,Nup153,0,0.537157064806475,-1.35838137665912,0.006,0.012,1
chr14-110754694-110755527,Slitrk6,0,0.537157064806475,-1.45035636366641,0.006,0.012,1
chr17-78936546-78937552,Cebpz,0,0.537157064806475,-1.7385750112633,0.006,0.012,1
chr5-71657568-71658458,Gabra4,0,0.537157064806475,-1.6197877527945,0.006,0.012,1
chr5-129895202-129896148,Zbed5,0,0.537158260635951,0.254514738762105,0.019,0.013,1
chr1-10008656-10009552,Ppp1r42,0,0.537490839433993,0.71383445207807,0.013,0.008,1
chr16-10834696-10835599,Rmi2,0,0.537490839433993,0.75319143476619,0.013,0.008,1
chr16-91646611-91647358,Gart,0,0.537490839433993,0.863790779692788,0.013,0.008,1
chr19-5663188-5663997,Sipa1,0,0.537490839433993,0.788039125578585,0.013,0.008,1
chr7-29815527-29816362,Zfp790,0,0.537490839433993,0.808110297748284,0.013,0.008,1
chr16-15862992-15863690,Mzt2,0,0.537689396800624,0.22277134131912,0.019,0.013,1
chr6-54816223-54817092,Znrf2,0,0.537726116551498,-0.636364162360206,0.013,0.02,1
chr7-63938767-63939666,Klf13,0,0.537726116551498,-0.660877134191495,0.013,0.02,1
chr10-52417038-52417935,Nus1,0,0.537736559531521,0.216216513564439,0.057,0.045,1
chr1-169747300-169748312,Rgs4,0,0.537738252062057,-1.29948791202076,0.006,0.012,1
chr11-29373096-29374029,Ccdc88a,0,0.537738258429175,-1.20845046952518,0.006,0.012,1
chr14-50870213-50871099,Gm26782,0,0.537738258429175,-1.46284488102264,0.006,0.012,1
chr17-43666795-43667647,Slc25a27,0,0.537738258429175,-1.31830473977101,0.006,0.012,1
chr5-31220225-31221186,Ppm1g,0,0.537738258429175,-1.40445559873022,0.006,0.012,1
chr12-76961947-76962857,Max,0,0.537775136890424,0.279597350630546,0.044,0.034,1
chr11-115162775-115163686,Slc9a3r1,0,0.538161244910633,0.751758440282716,0.013,0.008,1
chr11-121259434-121260264,Foxk2,0,0.538161244910633,0.734257237186126,0.013,0.008,1
chr13-54503425-54504177,Simc1,0,0.538161244910633,0.680230077490865,0.013,0.008,1
chr15-12576857-12577778,Gm2606,1967,0.538161244910633,0.783154029277136,0.013,0.008,1
chr15-102670606-102671459,Mir688,406,0.538161244910633,0.68937202545697,0.013,0.008,1
chr18-61725896-61726815,Grpel2,0,0.538161244910633,0.711766083910104,0.013,0.008,1
chrX-8192498-8193368,Ebp,143,0.538161244910633,0.71335258419007,0.013,0.008,1
chr12-84361450-84362361,Coq6,0,0.538220796579009,0.191416652140204,0.019,0.013,1
chr12-111907636-111908595,Ppp1r13b,0,0.538220796579009,0.307099832820639,0.019,0.013,1
chr1-10037566-10038425,Cspp1,0,0.538319761297109,-1.06054429124086,0.006,0.012,1
chr10-62230866-62231775,Tspan15,0,0.538319767658575,-1.26129862208617,0.006,0.012,1
chr11-86544486-86545367,Tubd1,0,0.538319767658575,-1.1072817301946,0.006,0.012,1
chr12-103241991-103242774,Prima1,0,0.538319767658575,-1.22830769403028,0.006,0.012,1
chr13-93191995-93192851,Papd4,0,0.538319767658575,-1.27129889596709,0.006,0.012,1
chr16-20651156-20652062,Psmd2,0,0.538319767658575,-1.39735320916398,0.006,0.012,1
chr17-57010959-57011833,Gtf2f1,0,0.538319767658575,-1.32555517436628,0.006,0.012,1
chr2-126034182-126035037,Fgf7,0,0.538319767658575,-1.10302018641235,0.006,0.012,1
chr3-108911307-108912224,Prpf38b,0,0.538319767658575,-1.20338733613196,0.006,0.012,1
chr7-31055297-31056156,Fxyd1,0,0.538319767658575,-1.09837767155988,0.006,0.012,1
chrX-75130506-75131378,Mpp1,0,0.538319767658575,-1.12396906045527,0.006,0.012,1
chr9-123851579-123852489,Fyco1,0,0.53837186509527,0.160732584115093,0.031,0.023,1
chr10-121475942-121476828,Rassf3,0,0.53837186809219,0.1783093941958,0.031,0.023,1
chr19-35924108-35924994,A830019P07Rik,0,0.538752454447753,0.237395337984458,0.019,0.013,1
chrX-106186470-106187385,Pgk1,0,0.538752459757318,0.210856046532187,0.019,0.013,1
chr10-58255077-58255950,Gcc2,0,0.53883206130057,0.648882435602721,0.013,0.008,1
chr7-29859614-29860509,Zfp420,0,0.53883206130057,0.698031487267636,0.013,0.008,1
chr12-90737884-90738560,Gm26512,0,0.538832069752249,0.699505391412992,0.013,0.008,1
chr17-17293796-17294707,Gm6712,0,0.538832069752249,0.681494833494817,0.013,0.008,1
chr7-139199823-139200722,Gm27975,526,0.538832069752249,0.661662167031242,0.013,0.008,1
chr1-121086928-121087826,Celrr,0,0.538901592214501,-1.07464964585859,0.006,0.012,1
chr13-89538995-89539859,Hapln1,776,0.538901592214501,-1.09496832885525,0.006,0.012,1
chr15-103537533-103538303,Ppp1r1a,0,0.538901592214501,-1.18249597101931,0.006,0.012,1
chr16-97535907-97536660,Mx2,598,0.538901592214501,-1.28249309177979,0.006,0.012,1
chr19-58860639-58861464,Hspa12a,0,0.538901592214501,-1.03024538185989,0.006,0.012,1
chr6-7692588-7693406,Asns,0,0.538901592214501,-1.061806470425,0.006,0.012,1
chr9-63132430-63133234,Gm25064,48,0.538901592214501,-1.15503689444715,0.006,0.012,1
chr9-106367600-106368276,Dusp7,355,0.538901592214501,-1.31329879011795,0.006,0.012,1
chr16-55894977-55895869,Nxpe3,0,0.539069818371205,-0.644713974725368,0.013,0.02,1
chr15-85036530-85037453,Fam118a,0,0.539284380816082,0.172817616193092,0.019,0.013,1
chr10-57784220-57785124,Fabp7,0,0.53948373181614,-1.1010862354407,0.006,0.012,1
chr11-32182192-32183062,Gm12109,1942,0.53948373181614,-1.02317137413934,0.006,0.012,1
chr11-106999129-106999994,Kpna2,0,0.53948373181614,-1.06717614518544,0.006,0.012,1
chr2-11086770-11087674,Gm26478,238,0.53948373181614,-0.980464177183124,0.006,0.012,1
chr6-142964714-142965587,St8sia1,261,0.53948373181614,-1.01448418086646,0.006,0.012,1
chr8-18615730-18616738,Gm25763,1620,0.53948373181614,-1.06112137221471,0.006,0.012,1
chr4-53825606-53826506,Tmem38b,0,0.539503305085524,0.641985624897713,0.013,0.008,1
chr6-115994635-115995519,Plxnd1,0,0.539503313528499,0.566752505122945,0.013,0.008,1
chr8-70353099-70353963,Upf1,0,0.539503313528499,0.696185612284433,0.013,0.008,1
chr9-73043975-73044719,Rab27a,134,0.539503313528499,0.685642779527166,0.013,0.008,1
chr9-114730755-114731644,Cmtm6,0,0.539503313528499,0.63934785908679,0.013,0.008,1
chr7-13054143-13055104,Mzf1,0,0.539623445834837,0.232425783941343,0.038,0.029,1
chr6-40470988-40471898,Ssbp1,0,0.539816570155428,0.180712778521539,0.019,0.013,1
chr10-111164226-111165131,Osbpl8,0,0.539917295850158,0.27791785916353,0.057,0.045,1
chr19-5087829-5088756,Yif1a,0,0.540066179837607,-1.03820032509457,0.006,0.012,1
chr14-70889589-70890479,Gfra2,0,0.540066186182039,-1.07157051298442,0.006,0.012,1
chr17-15065379-15066282,Gm28873,0,0.540066186182039,-1.00718816855976,0.006,0.012,1
chr17-72917767-72918530,Lbh,0,0.540066186182039,-0.934654334382651,0.006,0.012,1
chr3-82877149-82877926,Rbm46os,443,0.540066186182039,-1.01909122258216,0.006,0.012,1
chr3-101109684-101110618,Ptgfrn,0,0.540066186182039,-0.974541842614197,0.006,0.012,1
chr5-18360068-18360806,Gnai1,0,0.540066186182039,-1.23696449242114,0.006,0.012,1
chr7-12880763-12881610,Zfp128,0,0.540066186182039,-0.96272348537593,0.006,0.012,1
chr8-104442559-104443504,Dync1li2,0,0.540066186182039,-1.03709214924462,0.006,0.012,1
chr9-58204298-58205110,Islr2,0,0.540066186182039,-0.962957489637026,0.006,0.012,1
chr1-161250796-161251694,Prdx6,0,0.540174975807907,0.658333005107047,0.013,0.008,1
chr1-172481745-172482624,Igsf9,0,0.540174975807907,0.53024557925535,0.013,0.008,1
chr6-112210258-112211188,1700054K19Rik,0,0.540174975807907,0.600561110637284,0.013,0.008,1
chrX-53607482-53608250,Cxx1c,0,0.540174975807907,0.610668710682628,0.013,0.008,1
chr7-36697399-36698333,Tshz3,0,0.540349027547206,0.153364203882357,0.019,0.013,1
chr1-33813965-33814846,Zfp451,0,0.540357518630293,-1.08626282358749,0.006,0.012,1
chr3-7612549-7613425,Gm16685,0,0.540415196996168,-0.578232268933061,0.013,0.02,1
chr10-100015399-100016222,Kitl,0,0.540648948691374,-0.97983630268288,0.006,0.012,1
chr10-127069990-127070776,Tspan31,0,0.540648955030101,-1.01314557864908,0.006,0.012,1
chr12-112976240-112977098,Btbd6,0,0.540648955030101,-0.93050279510199,0.006,0.012,1
chr18-9707202-9708020,Colec12,0,0.540648955030101,-1.05440504753161,0.006,0.012,1
chr2-91256590-91257530,Gm17281,594,0.540648955030101,-0.944417549024238,0.006,0.012,1
chr2-91070021-91070939,Slc39a13,0,0.540707202944674,0.252649829694801,0.038,0.029,1
chr1-16519778-16520366,Stau2,0,0.540847056157867,0.617312775625048,0.013,0.008,1
chr11-79624637-79625518,Rab11fip4os1,1473,0.540847056157867,0.617220011743457,0.013,0.008,1
chr14-54876286-54877180,RP24-90K1.8,0,0.540847056157867,0.52432880663537,0.013,0.008,1
chr14-55822324-55823096,Nfatc4,1698,0.540847056157867,0.618614116710549,0.013,0.008,1
chr19-11767863-11768784,Mrpl16,1630,0.540847056157867,0.556288973391776,0.013,0.008,1
chr2-26315073-26315984,Gpsm1,0,0.540847056157867,0.572568730185094,0.013,0.008,1
chr2-90917321-90918215,Gm17661,0,0.540847056157867,0.658081446064633,0.013,0.008,1
chr2-131562354-131563260,Adra1d,70,0.540847056157867,0.602639169107495,0.013,0.008,1
chr5-75044125-75044966,Chic2,0,0.540847056157867,0.54941220060497,0.013,0.008,1
chr6-71707660-71708647,Reep1,98,0.540847056157867,0.588337507741789,0.013,0.008,1
chr7-4524005-4524883,Tnni3,0,0.540847056157867,0.651351242060887,0.013,0.008,1
chr2-181186469-181187145,Ppdpf,101,0.540864034408723,-0.584898148628996,0.013,0.02,1
chr5-73256276-73257178,Fryl,0,0.540864034408723,-0.555391203037673,0.013,0.02,1
chr10-13964402-13965264,Hivep2,810,0.540881736886204,0.236146321603314,0.019,0.013,1
chr13-119462290-119463187,4833420G17Rik,0,0.540881742178391,0.220289584956553,0.019,0.013,1
chr4-148038485-148039408,Clcn6,0,0.540881742178391,0.193043514664212,0.019,0.013,1
chr16-90934481-90935300,1110004E09Rik,0,0.541232038077591,-0.934912218924952,0.006,0.012,1
chr17-88596888-88597728,Ston1,0,0.541232038077591,-0.867681102210282,0.006,0.012,1
chr6-71493530-71494357,Rnf103,0,0.541232038077591,-0.958996256185682,0.006,0.012,1
chr2-156007562-156008467,Ergic3,0,0.54131305052191,-0.589376036864308,0.013,0.02,1
chr2-150136266-150137188,Zfp120,0,0.54146566157513,-0.563107005013356,0.019,0.027,1
chr11-4258526-4259410,Lif,968,0.541519554144638,0.524177424887706,0.013,0.008,1
chr14-19976765-19977611,Gng2,15,0.541519554144638,0.497054626644013,0.013,0.008,1
chr4-106910962-106911857,Ssbp3,260,0.541519554144638,0.566544350021339,0.013,0.008,1
chr4-150280977-150281895,Rere,0,0.541519554144638,0.637613107364249,0.013,0.008,1
chr5-31295389-31296289,Fndc4,0,0.541519554144638,0.611134836953596,0.013,0.008,1
chr7-129591470-129592393,Wdr11,0,0.541519554144638,0.515297922363338,0.013,0.008,1
chrX-71962545-71963445,Prrg3,0,0.541519554144638,0.589553164368224,0.013,0.008,1
chr8-31186863-31187827,Fut10,0,0.541762260227963,-0.592403193354464,0.013,0.02,1
chr8-79711241-79712152,Abce1,0,0.541815435041132,-0.933776173816261,0.006,0.012,1
chr16-43889440-43890332,2610015P09Rik,0,0.541849162731032,-0.603904947830777,0.019,0.027,1
chr2-49451747-49452394,Epc2,260,0.541947958197127,0.0210367393244209,0.019,0.013,1
chr10-119559106-119560023,Gm26260,802,0.542192469333348,0.534670591242278,0.013,0.008,1
chr11-84819116-84819940,Mrm1,0,0.542192469333348,0.51442775020084,0.013,0.008,1
chr14-54713778-54714662,Cebpe,1603,0.542192469333348,0.516772954361378,0.013,0.008,1
chr19-44407742-44408557,Scd1,32,0.542192469333348,0.571947218967211,0.013,0.008,1
chr2-92388997-92389911,Mir7000,1550,0.542192469333348,0.589869739981793,0.013,0.008,1
chr5-77309724-77310655,Noa1,0,0.542192469333348,0.631751022949718,0.013,0.008,1
chr7-119515229-119516080,Gm26967,926,0.542192469333348,0.576054069380835,0.013,0.008,1
chr8-25784821-25785699,Bag4,0,0.542192469333348,0.561698060293924,0.013,0.008,1
chr9-96631170-96631906,Rasa2,0,0.542192469333348,0.559159158591712,0.013,0.008,1
chr7-45682450-45683357,Ntn5,664,0.54221165213489,0.578246644626799,0.025,0.018,1
chr11-5261282-5262204,Kremen1,0,0.54221165213489,-0.557639451154683,0.013,0.02,1
chr12-81594734-81595613,Med6,0,0.542399145636708,-0.896662502148616,0.006,0.012,1
chr2-30392095-30392855,Dolpp1,0,0.542399145636708,-0.895983540228902,0.006,0.012,1
chrX-71816259-71817142,Vma21,334,0.542481459151292,0.0799049349407435,0.019,0.013,1
chr8-24948027-24948916,Adam32,0,0.542865792888886,0.581216788047646,0.013,0.008,1
chr1-178917197-178918113,Gm16564,0,0.542865801287994,0.590442884952577,0.013,0.008,1
chr10-79916441-79917350,Kiss1r,0,0.542865801287994,0.580288966287337,0.013,0.008,1
chr11-120643395-120644295,Pycr1,0,0.542865801287994,0.53661349491487,0.013,0.008,1
chr12-61522736-61523551,Lrfn5,0,0.542865801287994,0.460324343313235,0.013,0.008,1
chr13-13393055-13393974,Gpr137b,0,0.542865801287994,0.550125536326716,0.013,0.008,1
chr2-14055162-14055569,Ptpla,565,0.542865801287994,0.485264612297205,0.013,0.008,1
chr5-32863254-32864134,Depdc5,0,0.542865801287994,0.505269748780088,0.013,0.008,1
chr10-59951554-59952391,Ddit4,0,0.542983169579662,-0.888068068140896,0.006,0.012,1
chr11-82780891-82781779,Lig3,0,0.542983169579662,-0.950211910431795,0.006,0.012,1
chr12-54862429-54863353,Cfl2,0,0.542983169579662,-0.830193295130481,0.006,0.012,1
chr3-66032991-66034125,RP23-1B19.5,1471,0.542983169579662,-0.872206235195198,0.006,0.012,1
chr3-130709172-130710014,Ostc,0,0.542983169579662,-0.829038638023241,0.006,0.012,1
chr7-12478045-12478913,Zfp606,0,0.542983169579662,-0.809869265294242,0.006,0.012,1
chr7-87246299-87247206,Nox4,202,0.542983169579662,-0.907509313689666,0.006,0.012,1
chr3-93522330-93523230,S100a11,1841,0.543110993293952,0.517586597490972,0.025,0.018,1
chr2-34372525-34373391,Pbx3,0,0.543173827746515,0.0923784009758903,0.031,0.023,1
chr1-36309201-36310114,Arid5a,1467,0.543539549571443,0.467870063714788,0.013,0.008,1
chr10-89872442-89873174,Anks1b,334,0.543539549571443,0.536878793668769,0.013,0.008,1
chr10-123263526-123264337,Fam19a2,0,0.543539549571443,0.456038072360878,0.013,0.008,1
chr13-67375214-67376087,Gm28041,0,0.543539549571443,0.386672473485656,0.013,0.008,1
chr15-8967294-8968217,Ranbp3l,208,0.543539549571443,0.37661761604387,0.013,0.008,1
chr15-78529271-78530108,C1qtnf6,0,0.543539549571443,0.561885217286869,0.013,0.008,1
chr15-79441632-79442479,Csnk1e,1439,0.543539549571443,0.453416087115874,0.013,0.008,1
chr2-66146372-66147159,Gm13616,496,0.543539549571443,0.525709880598773,0.013,0.008,1
chr2-127792014-127792930,1500011K16Rik,0,0.543539549571443,0.559230394876473,0.013,0.008,1
chr3-30226615-30227523,RP23-95I4.3,170,0.543539549571443,0.394735635986832,0.013,0.008,1
chr4-6688360-6689265,Gm11802,190,0.543539549571443,0.514551628263708,0.013,0.008,1
chr4-45107652-45108496,Tomm5,0,0.543539549571443,0.525812074921288,0.013,0.008,1
chr8-105254033-105254801,B3gnt9,351,0.543539549571443,0.490208776754499,0.013,0.008,1
chrX-150812654-150813521,Maged2,823,0.543539549571443,0.403203701205821,0.013,0.008,1
chr13-73937372-73938233,Trip13,0,0.543567500274687,-0.907544853123087,0.006,0.012,1
chr15-83510450-83511371,Ttll1,0,0.543567506584701,-0.785379343998157,0.006,0.012,1
chr2-32352933-32353768,Dnm1,0,0.543567506584701,-0.821443467361531,0.006,0.012,1
chr5-107986744-107987527,Fam69a,0,0.543567506584701,-0.823897632836667,0.006,0.012,1
chr5-129715033-129715892,Mrps17,0,0.543567506584701,-0.819050698894378,0.006,0.012,1
chr6-37870221-37871119,Trim24,0,0.543698471198632,-0.65073879948591,0.025,0.034,1
chr9-44066580-44067428,Usp2,0,0.544152150061656,-0.769176534497301,0.006,0.012,1
chr17-35667117-35667941,Vars2,0,0.544152156365889,-0.783170330343999,0.006,0.012,1
chr1-82292636-82293451,Irs1,1219,0.544213713745431,0.474854705759827,0.013,0.008,1
chr10-52232115-52232862,Dcbld1,756,0.544213713745431,0.316563973423526,0.013,0.008,1
chr11-58640226-58641246,Trim58,0,0.544213713745431,0.457800925483791,0.013,0.008,1
chr11-69900519-69901351,Neurl4,0,0.544213713745431,0.327728707214756,0.013,0.008,1
chr11-89303127-89303885,Gm2018,403,0.544213713745431,0.469458390455505,0.013,0.008,1
chr12-113074992-113075554,Tex22,489,0.544213713745431,0.357433452673464,0.013,0.008,1
chr13-12519868-12520764,Edaradd,0,0.544213713745431,0.416016184137566,0.013,0.008,1
chr14-30548876-30549731,Tkt,516,0.544213713745431,0.484065128071439,0.013,0.008,1
chr2-101649024-101649873,Rag1,0,0.544213713745431,0.375940357581484,0.013,0.008,1
chr4-59034712-59035590,Gng10,0,0.544213713745431,0.530576756538412,0.013,0.008,1
chr4-117886953-117887871,Atp6v0b,0,0.544213713745431,0.221440044313696,0.013,0.008,1
chr6-54592767-54593655,Plekha8,1455,0.544213713745431,0.389981818540184,0.013,0.008,1
chr7-4792437-4793354,Rpl28,0,0.544213713745431,0.418263708820353,0.013,0.008,1
chr7-34233785-34234659,Gm12758,0,0.544213713745431,0.546245003099507,0.013,0.008,1
chrX-103821677-103822333,Slc16a2,0,0.544213713745431,0.459744560457671,0.013,0.008,1
chr8-122567437-122568305,Cdt1,0,0.544737112338215,-0.722969151114353,0.006,0.012,1
chr17-57087059-57087902,Tubb4a,0,0.544737118636653,-0.902339527530953,0.006,0.012,1
chr8-58912021-58912829,BC030500,265,0.544737118636653,-0.820846073812253,0.006,0.012,1
chr14-19750784-19751712,Nid2,0,0.544888293370566,0.369389967426471,0.013,0.008,1
chr14-79586987-79587914,Sugt1,0,0.544888293370566,0.361083729934556,0.013,0.008,1
chr16-84835578-84836177,Atp5j,0,0.544888293370566,0.407103751091666,0.013,0.008,1
chr17-5940569-5941473,Synj2,0,0.544888293370566,0.424187584690375,0.013,0.008,1
chr2-103797233-103798032,Caprin1,0,0.544888293370566,0.46829855776247,0.013,0.008,1
chr6-8948316-8949147,Nxph1,0,0.544888293370566,0.426584439037566,0.013,0.008,1
chr8-121907296-121908211,Slc7a5,0,0.544888293370566,0.340435098652303,0.013,0.008,1
chr4-116053254-116054274,Nsun4,0,0.545322386817152,-0.728035128265369,0.006,0.012,1
chr1-57774633-57775482,Spats2l,470,0.545362591284656,0.497931532949532,0.025,0.018,1
chr3-19509048-19509967,Dnajc5b,452,0.545563279642721,0.388998123412974,0.013,0.008,1
chr10-128231741-128232437,Timeless,0,0.545563288006327,0.299631765659252,0.013,0.008,1
chr11-115708206-115709084,Grb2,0,0.545563288006327,0.350607043224139,0.013,0.008,1
chr11-121354032-121354895,Wdr45b,0,0.545563288006327,0.221720313530826,0.013,0.008,1
chr14-53045097-53046005,Trav16d-dv11,1281,0.545563288006327,0.366173495933843,0.013,0.008,1
chr14-115040025-115041004,Mir17hg,1874,0.545563288006327,0.429982254505656,0.013,0.008,1
chr17-33394073-33395010,Zfp101,0,0.545563288006327,0.379183336099736,0.013,0.008,1
chr4-117019046-117019935,Eif2b3,0,0.545563288006327,0.516999688617048,0.013,0.008,1
chr9-54736119-54737032,Wdr61,1599,0.545563288006327,0.398827774974953,0.013,0.008,1
chrX-142966262-142967158,Ammecr1,0,0.545563288006327,0.211752042076999,0.013,0.008,1
chr11-32532807-32533633,Stk10,0,0.54590797949743,-0.644501423486786,0.006,0.012,1
chr16-46496854-46497737,Pvrl3,787,0.546003086915297,0.0533627014705629,0.05,0.039,1
chr9-22002370-22003256,Ccdc151,0,0.546142257875568,0.128434738692595,0.038,0.029,1
chr11-120189593-120190482,2810410L24Rik,0,0.546238697211066,0.356759532066421,0.013,0.008,1
chr14-41072420-41073321,Dydc1,0,0.546238697211066,0.330595818163465,0.013,0.008,1
chr7-19405235-19406099,Klc3,1130,0.546238697211066,0.262204991166665,0.013,0.008,1
chr9-55918332-55919257,Scaper,347,0.546238697211066,0.394900137519785,0.013,0.008,1
chr9-72661899-72662873,Nedd4,0,0.546238697211066,0.532730567103191,0.013,0.008,1
chrX-151169262-151170117,Gm15138,0,0.546238697211066,0.35295428111065,0.013,0.008,1
chr17-74338330-74339210,Spast,0,0.546493871230126,-0.651571404972686,0.006,0.012,1
chr19-5295097-5295948,Sf3b2,0,0.546493877511105,-0.739966224432063,0.006,0.012,1
chr7-99858556-99859460,Xrra1,0,0.546846980197808,-0.417700295170838,0.019,0.027,1
chr13-98925943-98926848,Tnpo1,0,0.546914520542006,0.513841312570381,0.013,0.008,1
chr16-8637036-8637983,Pmm2,0,0.546914520542006,0.316282274762558,0.013,0.008,1
chr17-21535301-21536140,9330136K24Rik,0,0.546914520542006,0.287008303525943,0.013,0.008,1
chr19-6241135-6242076,Atg2a,0,0.546914520542006,0.272564221124282,0.013,0.008,1
chr17-24478552-24479435,Mlst8,0,0.547080086861685,-0.637759138494472,0.006,0.012,1
chr10-39959808-39960628,G630090E17Rik,0,0.547590749218506,0.0376510050595726,0.013,0.008,1
chr5-140418722-140419503,Eif3b,0,0.547590757555246,0.262333491282124,0.013,0.008,1
chr8-123805367-123806336,Rab4a,0,0.547590757555246,0.141539713844311,0.013,0.008,1
chr1-69688631-69689653,Ikzf2,1385,0.547618808288281,0.453082191793987,0.025,0.018,1
chr1-55382910-55383799,Gm8531,822,0.547666607259408,-0.669202930511198,0.006,0.012,1
chr10-5805321-5806214,Fbxo5,0,0.548229749530074,-0.422348104776459,0.05,0.061,1
chr1-106713898-106714705,Bcl2,0,0.548253432150474,-0.447276362659681,0.006,0.012,1
chr6-54972053-54972971,Nod1,0,0.548253438413877,-0.438009183599732,0.006,0.012,1
chr5-8422326-8423190,Dbf4,0,0.550447225344599,0.2051244929658,0.044,0.034,1
chr10-116017702-116018640,Ptprr,0,0.553506501338807,0.319794971642047,0.025,0.018,1
chr2-27246908-27247822,Sardh,514,0.553506501338807,0.376901755099321,0.025,0.018,1
chr13-92530441-92531372,Zfyve16,0,0.554869589788902,0.294373948982766,0.025,0.018,1
chr3-35932259-35933174,Dcun1d1,0,0.555720224074761,-1.13127930784007,0.013,0.019,1
chr15-79833941-79834839,Npcd,0,0.555779222468219,0.309746505000191,0.025,0.018,1
chr6-88105682-88106529,Mir6376,1423,0.555779222468219,0.281153243252374,0.025,0.018,1
chr1-156036012-156036827,Tor1aip1,0,0.555779226136387,0.242212785702559,0.025,0.018,1
chr19-4942523-4943541,Peli3,0,0.555779226136387,0.35553557425296,0.025,0.018,1
chr13-70637593-70638501,Ice1,0,0.556475095621814,0.367688014552214,0.031,0.024,1
chr18-58555318-58556189,Slc27a6,67,0.556689589781914,0.272353571778684,0.025,0.018,1
chr6-22355768-22356684,Fam3c,0,0.557145040339415,0.321167336196039,0.025,0.018,1
chr11-23894823-23895681,Papolg,0,0.557561672227786,0.354417381742368,0.038,0.029,1
chr15-88819009-88819895,Alg12,0,0.558578533680567,0.248859494441191,0.05,0.04,1
chr15-66286317-66287196,Gm27242,0,0.558956629035318,-0.905513904175778,0.013,0.019,1
chr13-3917630-3918566,Net1,0,0.559381302294747,0.302254586358868,0.038,0.029,1
chr14-64949559-64950461,Hmbox1,0,0.559419718722982,-0.865256096623019,0.013,0.019,1
chr6-38433334-38434196,Ubn2,0,0.559419718722982,-0.825591414413074,0.013,0.019,1
chr6-59425951-59426805,Gprin3,0,0.559419718722982,-0.939664792951837,0.013,0.019,1
chr1-15805205-15806040,Terf1,0,0.559465196132402,-0.491014121678,0.031,0.04,1
chr18-84850836-84851740,Cyb5a,0,0.559784416900855,-0.524615134847112,0.031,0.04,1
chr13-21362412-21363289,Zscan12,0,0.559882994508468,-0.816904255652045,0.013,0.019,1
chr14-50807289-50808182,Rpph1,0,0.560227819742041,-0.710084565167416,0.019,0.026,1
chr18-60848563-60849467,Tcof1,0,0.560338295384542,0.244317514296884,0.025,0.018,1
chr16-8470448-8471338,Mettl22,0,0.560346456246974,-0.942714892249925,0.013,0.019,1
chr2-143914971-143915863,Dstn,0,0.560346456246974,-0.901014244859368,0.013,0.019,1
chr6-21949328-21950027,Ing3,0,0.560795197048185,0.148792212108685,0.025,0.018,1
chr14-118937294-118938206,Dnajc3,0,0.561301247520458,0.333100165333185,0.031,0.024,1
chr4-24966096-24966966,Gpr63,0,0.561568652490271,0.306250072455041,0.038,0.029,1
chr13-98814919-98815805,Fcho2,0,0.561581183119199,0.57908193967994,0.031,0.024,1
chr7-35585785-35586653,Ankrd27,0,0.561709541158778,0.230767620609682,0.025,0.018,1
chr2-121413270-121414142,Pdia3,0,0.561737955729082,-0.72325785552246,0.013,0.019,1
chr2-131159628-131160527,1700037H04Rik,0,0.562107570492744,0.307800197931282,0.031,0.024,1
chr2-48948938-48949833,Mbd5,0,0.562166983327025,0.128273182478394,0.025,0.018,1
chr9-14784290-14785170,Mre11a,0,0.562298687239533,0.287722004926044,0.038,0.029,1
chr3-155093017-155093902,Fpgt,0,0.562419236783089,-0.395692140742382,0.038,0.048,1
chr16-67620579-67621468,Cadm2,0,0.562510941727726,0.329327479975007,0.031,0.024,1
chr5-34659688-34660725,Nop14,0,0.562663878732407,0.312959777026748,0.038,0.029,1
chr14-54686327-54687195,Acin1,0,0.563029180052442,0.291030232027988,0.038,0.029,1
chr12-25095813-25096702,Id2,0,0.563540388606725,0.208633001534886,0.025,0.018,1
chr3-79567618-79568529,Fnip2,0,0.563835802051333,-0.526119488620322,0.025,0.034,1
chr15-11064272-11065138,Adamts12,0,0.56406082701026,-0.657269066117467,0.013,0.019,1
chr19-4096770-4097625,Cdk2ap2,0,0.56406082701026,-0.712575453858264,0.013,0.019,1
chr8-20121865-20122748,Gm21769,0,0.564186128826919,-0.460685778168883,0.025,0.034,1
chr17-47736775-47737415,Tfeb,0,0.564525955771238,-0.702847210877849,0.013,0.019,1
chr7-6155638-6156498,Zfp787,0,0.564570130963775,-0.714301654469768,0.019,0.026,1
chr9-48984759-48985665,Usp28,0,0.564691612309589,0.201856498482286,0.05,0.04,1
chr13-33004227-33005133,Serpinb9,976,0.564887088160628,-0.538440398897891,0.025,0.034,1
chr14-20347706-20348610,Ecd,0,0.564915409103969,0.216608880808869,0.025,0.018,1
chr15-84167404-84168269,Pnpla3,0,0.564991265305338,-0.729054678169833,0.013,0.019,1
chr6-71831142-71831877,Immt,0,0.564991265305338,-0.660827076389909,0.013,0.019,1
chr10-112059686-112060593,Glipr1l1,0,0.565832981295749,0.172154941513107,0.025,0.018,1
chr13-12565347-12566236,Ero1lb,0,0.565860004301741,-0.431729873800637,0.05,0.06,1
chr2-106973944-106974836,Arl14ep,0,0.566292033810487,0.143401788446096,0.025,0.018,1
chr18-43437743-43438600,Dpysl3,0,0.566292041017608,0.181923337582361,0.025,0.018,1
chr12-17544244-17545154,Odc1,0,0.566322050953371,0.262327125898036,0.038,0.029,1
chr19-43752747-43753669,Cutc,0,0.566388310551507,-0.648943054163669,0.013,0.019,1
chr2-98664679-98665402,Gm10800,1898,0.566596119056514,-0.338526043320091,0.063,0.074,1
chr2-145167718-145168564,Slc24a3,0,0.566854364007142,-0.609229803015924,0.013,0.019,1
chr5-100415932-100416832,Sec31a,0,0.567320597505649,-0.643828034754733,0.013,0.019,1
chr4-86611652-86612548,Haus6,0,0.56776268424329,0.428910637508636,0.038,0.03,1
chr7-145283549-145284440,Tpcn2,0,0.567787010907479,-0.620193348033798,0.013,0.019,1
chr11-54860214-54861136,Lyrm7,0,0.567787014608552,-0.673650057509125,0.013,0.019,1
chr11-3196358-3196947,Fau-ps2,0,0.568720399032235,-0.606392100280144,0.013,0.019,1
chr7-28436072-28436957,Gmfg,489,0.568924141895149,0.0866980698953843,0.069,0.056,1
chr5-86065203-86066026,Cenpc1,0,0.568942522909663,0.234453304905578,0.05,0.04,1
chr2-11777268-11778132,Ankrd16,0,0.569073149209571,0.193737470565377,0.038,0.029,1
chr4-134853268-134854098,Tmem57,0,0.569722737521588,-0.53979505917985,0.019,0.026,1
chr11-117654134-117655043,Tnrc6c,0,0.570121848973925,-0.586113797837168,0.013,0.019,1
chr8-69996024-69996936,Gatad2a,0,0.570678748527731,0.192605676902181,0.05,0.04,1
chr7-43782223-43783102,Klk10,1168,0.571057062726007,-0.574607254545803,0.013,0.019,1
chr8-85299211-85300131,Vps35,0,0.571057062726007,-0.534775697684474,0.013,0.019,1
chr9-83924756-83925588,Bckdhb,0,0.571420283146113,0.21655912055681,0.031,0.024,1
chr2-147307497-147308406,Nkx2-2os,315,0.571758948250731,-0.564338546272295,0.013,0.019,1
chr19-4509886-4510794,Pcx,0,0.572095958028872,-0.41959532166389,0.025,0.034,1
chr13-107889855-107890756,Zswim6,0,0.572929677916348,-0.501943136021436,0.013,0.019,1
chr3-61002398-61003179,P2ry1,0,0.572929677916348,-0.499024728342964,0.013,0.019,1
chr1-155082989-155083886,Gm9530,0,0.573437367382916,0.537102065440453,0.019,0.013,1
chr10-81105730-81106620,Map2k2,0,0.573437367382916,0.593269959406392,0.019,0.013,1
chr5-76950872-76951765,Paics,0,0.573867076939039,-0.516284139683326,0.013,0.019,1
chr18-44828455-44829196,Ythdc2,0,0.574269083251884,0.141661887841921,0.031,0.024,1
chr2-54085144-54086027,Rprm,0,0.574497651564717,0.376879724681704,0.044,0.035,1
chr18-59174738-59175649,Chsy3,0,0.57459921626978,-0.579046572541489,0.025,0.033,1
chr1-151500496-151501384,Rnf2,0,0.574676606122525,0.121319525998122,0.031,0.024,1
chr8-27042137-27043026,Prosc,0,0.574781378849252,0.527540245340126,0.019,0.013,1
chr8-83165378-83166267,Gm10645,0,0.57489767817057,-0.460917874777264,0.019,0.026,1
chr1-36444874-36445818,Lman2l,0,0.575012583217798,-1.14143209840805,0.006,0.011,1
chr5-137740904-137741783,Nyap1,0,0.575012583217798,-1.14418817790042,0.006,0.011,1
chr17-79354271-79355347,Gm17315,0,0.575012589514962,-1.35935972486796,0.006,0.011,1
chr5-110107554-110108486,Gtpbp6,0,0.575012589514962,-1.16102808644872,0.006,0.011,1
chr5-132543020-132543875,Auts2,0,0.575012589514962,-1.20333576687969,0.006,0.011,1
chr6-126921266-126922175,Dyrk4,0,0.575012589514962,-1.16018284424349,0.006,0.011,1
chr7-138845755-138846633,Ppp2r2d,0,0.575012589514962,-1.6910048754574,0.006,0.011,1
chr9-60794019-60794867,Uaca,0,0.575012589514962,-1.23428730742149,0.006,0.011,1
chrX-20425112-20425951,Jade3,0,0.575012589514962,-1.34518698107295,0.006,0.011,1
chr14-57423694-57424551,Ift88,0,0.575050365612659,0.494729227987743,0.019,0.013,1
chr2-121007952-121008840,Ccndbp1,0,0.575588508007668,0.532953018777315,0.019,0.013,1
chr19-46499566-46500483,Trim8,1164,0.575628841652373,-1.33391467037563,0.006,0.011,1
chr16-38901898-38902814,Igsf11,426,0.575628847942571,-1.24120237819066,0.006,0.011,1
chr17-74294678-74295590,Memo1,0,0.575628847942571,-1.19792969312554,0.006,0.011,1
chr2-112481477-112482278,Chrm5,707,0.575628847942571,-1.04741360523632,0.006,0.011,1
chr3-83840979-83841914,Tlr2,0,0.575628847942571,-1.01141157477296,0.006,0.011,1
chr9-90268986-90269903,Tbc1d2b,900,0.575628847942571,-1.51529138395219,0.006,0.011,1
chr15-82244095-82245016,Cenpm,0,0.576213748090411,-0.454714158418872,0.013,0.019,1
chr1-5588067-5588878,Oprk1,0,0.576245418164091,-1.3204575710281,0.006,0.011,1
chr11-60810837-60811730,Shmt1,0,0.576245418164091,-0.999487589230106,0.006,0.011,1
chr12-28674955-28675862,Adi1,0,0.576245418164091,-1.0233033030741,0.006,0.011,1
chr19-8929194-8930138,Rom1,0,0.576245418164091,-1.13804399057001,0.006,0.011,1
chr2-94010185-94011196,Alkbh3,0,0.576245418164091,-1.04237688844881,0.006,0.011,1
chr4-126261857-126262753,Trappc3,0,0.576245418164091,-1.0107872039405,0.006,0.011,1
chr8-88198848-88199727,Papd5,0,0.576245418164091,-1.17228467871581,0.006,0.011,1
chr18-49755211-49756135,Dtwd2,0,0.576457300032394,0.292695055473431,0.05,0.041,1
chr14-32085189-32086063,Oxnad1,0,0.576683625146153,-0.480880412482948,0.013,0.019,1
chr4-136310313-136311213,Hnrnpr,0,0.576862293557363,-0.985107860679608,0.006,0.011,1
chr11-115475191-115476090,Armc7,0,0.57686229983359,-1.03420442001185,0.006,0.011,1
chr13-48967821-48968695,Fam120a,0,0.57686229983359,-1.00082422480316,0.006,0.011,1
chr14-55539915-55540770,Pck2,0,0.57686229983359,-1.02728815452415,0.006,0.011,1
chr15-76817761-76818684,Arhgap39,0,0.57686229983359,-1.00343786067081,0.006,0.011,1
chr17-28350446-28351364,Tead3,0,0.57686229983359,-0.99025901664931,0.006,0.011,1
chr19-47536698-47537588,Obfc1,0,0.57686229983359,-1.1576148042546,0.006,0.011,1
chr3-19694288-19694785,Crh,610,0.57686229983359,-1.08147921138012,0.006,0.011,1
chr4-53713758-53714620,Fktn,0,0.57686229983359,-0.963852544087463,0.006,0.011,1
chr5-15934360-15935176,Cacna2d1,0,0.57686229983359,-1.03187769036384,0.006,0.011,1
chr1-175492043-175492905,Rgs7,0,0.577204360929432,0.455608942098912,0.019,0.013,1
chrX-94366452-94367319,Apoo,0,0.577204360929432,0.494284030744121,0.019,0.013,1
chr11-103267152-103268074,1700028N14Rik,0,0.577234691066244,0.482980913499977,0.031,0.024,1
chr11-72266389-72267310,1700051A21Rik,0,0.577479492604455,-0.910141074724162,0.006,0.011,1
chr11-103412321-103413218,Plekhm1,0,0.577479492604455,-0.979806658896246,0.006,0.011,1
chr13-19622536-19623568,Sfrp4,0,0.577479492604455,-1.02098052602128,0.006,0.011,1
chr13-91753438-91754360,Gm27656,1331,0.577479492604455,-0.964086758332199,0.006,0.011,1
chr14-105898521-105899403,Spry2,1701,0.577479492604455,-0.95042072278853,0.006,0.011,1
chr17-23740046-23740955,Paqr4,0,0.577479492604455,-0.901062123314328,0.006,0.011,1
chr2-11171757-11172736,Prkcq,0,0.577479492604455,-0.963815355818285,0.006,0.011,1
chr3-89228074-89228856,Muc1,200,0.577479492604455,-0.960130590047118,0.006,0.011,1
chr4-114908674-114909549,Foxd2,0,0.577479492604455,-1.03697991241032,0.006,0.011,1
chr4-134468786-134469419,Gm23634,421,0.577479492604455,-1.02758588289769,0.006,0.011,1
chr5-122820867-122821699,Anapc5,0,0.577479492604455,-0.990607050057149,0.006,0.011,1
chr7-27674299-27675180,Map3k10,0,0.577479492604455,-1.09310834409499,0.006,0.011,1
chr8-31149713-31150540,Snord13,0,0.577479492604455,-1.03480742961247,0.006,0.011,1
chrX-52164926-52165781,Gpc4,0,0.577479492604455,-0.903110926279149,0.006,0.011,1
chr5-135934542-135935407,Ywhag,0,0.578093262846297,-0.463709539204444,0.019,0.026,1
chr14-13917388-13918266,Gm11100,177,0.578096996129391,-0.943963549380788,0.006,0.011,1
chr17-72604391-72605324,Alk,681,0.578096996129391,-0.921001852195405,0.006,0.011,1
chr2-163994633-163995500,Ywhab,0,0.578096996129391,-0.92308720346662,0.006,0.011,1
chr3-103809067-103810028,Dclre1b,0,0.578096996129391,-0.899211601238268,0.006,0.011,1
chr8-22124062-22124846,Nek5,206,0.578096996129391,-0.878838860302898,0.006,0.011,1
chr9-124312136-124313062,2010315B03Rik,0,0.578096996129391,-0.890267882735399,0.006,0.011,1
chr19-29100812-29101763,Rcl1,0,0.578104276256454,0.11741270110539,0.038,0.029,1
chr2-154613048-154613958,Zfp341,0,0.578395543392237,0.514475001992555,0.025,0.019,1
chr12-74316650-74317484,Gm11042,255,0.578714810060417,-0.886304752770164,0.006,0.011,1
chr14-63121968-63122970,Ctsb,0,0.578714810060417,-0.942689672553986,0.006,0.011,1
chr14-65968016-65968909,Clu,0,0.578714810060417,-0.840169025300301,0.006,0.011,1
chr3-58691924-58692777,Siah2,0,0.578714810060417,-0.9004170586183,0.006,0.011,1
chr4-55529944-55530808,Klf4,1657,0.578714810060417,-0.928094072835612,0.006,0.011,1
chr5-137787452-137788188,Zcwpw1,0,0.578714810060417,-0.920408900394164,0.006,0.011,1
chr7-6730189-6730948,Gm27675,0,0.578714810060417,-0.992350811660638,0.006,0.011,1
chr13-16011773-16012602,Inhba,0,0.578822347607625,0.45254252438565,0.019,0.013,1
chr14-78848765-78849623,Vwa8,0,0.579332934048873,-0.852310547137036,0.006,0.011,1
chr5-122778882-122779737,Camkk2,0,0.579332934048873,-0.987407750577207,0.006,0.011,1
chr8-84976217-84977080,Junb,1667,0.579332934048873,-0.832534577718669,0.006,0.011,1
chr10-13868526-13869428,Aig1,0,0.579362149587261,0.462902641113453,0.019,0.013,1
chr14-20294137-20295006,Nudt13,0,0.579362149587261,0.431937979378685,0.019,0.013,1
chrX-134585195-134586074,Rpl36a,0,0.579362149587261,0.341905407505665,0.019,0.013,1
chr6-67037069-67037949,Gadd45a,0,0.579694183475846,-0.405304902599205,0.019,0.026,1
chr10-34281774-34282519,Tspyl1,0,0.579951367745418,-0.829251223271797,0.006,0.011,1
chr6-47920219-47921127,Zfp212,0,0.579951367745418,-0.813363164504015,0.006,0.011,1
chr1-152902613-152903526,Smg7,0,0.580442461781438,0.484226098121424,0.019,0.013,1
chr17-3083883-3084501,Pisd-ps2,0,0.580570110800027,-0.763908739785067,0.006,0.011,1
chr17-45563540-45564335,Slc35b2,0,0.580570110800027,-0.860776864527073,0.006,0.011,1
chr18-6515859-6516719,Epc1,0,0.580570110800027,-0.784171336306621,0.006,0.011,1
chr3-138526665-138527415,Mir1956,249,0.580570110800027,-0.793505297923494,0.006,0.011,1
chr4-91374509-91375367,Mir6402,1145,0.580570110800027,-0.800093775981691,0.006,0.011,1
chr8-67494385-67495246,Nat2,0,0.580570110800027,-0.736993070725371,0.006,0.011,1
chr9-65031973-65032842,Dpp8,0,0.580570110800027,-0.794139129895385,0.006,0.011,1
chr7-66689325-66690223,Lins,0,0.580753309822769,0.2898988968949,0.044,0.035,1
chr18-46597161-46598056,Tmed7,0,0.580982971529441,0.393546050439833,0.019,0.013,1
chr17-34187056-34187875,Tap1,0,0.581189162861998,-0.784458526557764,0.006,0.011,1
chr6-49073469-49074295,Malsu1,0,0.581189162861998,-0.822095507485814,0.006,0.011,1
chr8-121949894-121950782,Gm27011,0,0.58129718067149,-0.309820485891299,0.019,0.026,1
chr1-164275231-164276136,Ccdc181,0,0.581523716733038,0.42882993872961,0.019,0.013,1
chr3-90612433-90613331,S100a6,0,0.581523716733038,0.394214225213199,0.019,0.013,1
chr4-123916916-123917850,Gm12905,0,0.581523716733038,0.312543249809087,0.019,0.013,1
chr9-99242913-99243804,Cep70,0,0.581523716733038,0.390439808117453,0.019,0.013,1
chr3-79628508-79629375,4930579G24Rik,0,0.581656178355658,-0.503386966710396,0.038,0.046,1
chr8-122611075-122611982,Galns,0,0.581801538340756,0.219897940903665,0.057,0.046,1
chr10-20347346-20348229,Mtfr2,0,0.581808523579946,-0.703064417407059,0.006,0.011,1
chr10-50894109-50895037,Sim1,613,0.581808523579946,-0.73507531221942,0.006,0.011,1
chr13-73847190-73848031,Nkd2,0,0.581808523579946,-0.677346379866476,0.006,0.011,1
chr3-89411564-89412460,Flad1,0,0.581808523579946,-0.723458863148501,0.006,0.011,1
chr8-27128173-27129036,Brf2,0,0.581808523579946,-0.748508072712289,0.006,0.011,1
chr8-70171938-70172840,Tmem161a,0,0.581808523579946,-0.69263438376363,0.006,0.011,1
chr13-63814793-63815716,Ercc6l2,0,0.582064697157971,0.366317650950936,0.019,0.013,1
chr16-74411256-74412182,Robo2,0,0.582064697157971,0.348691840233206,0.019,0.013,1
chr8-84147511-84148407,Cc2d1a,0,0.582064697157971,0.42212734137749,0.019,0.013,1
chr10-58497557-58498473,Ccdc138,0,0.58242819260181,-0.737216641204104,0.006,0.011,1
chr7-45638392-45639291,Mamstr,685,0.58242819260181,-0.656030239811514,0.006,0.011,1
chrX-98937818-98938234,Yipf6,1501,0.582605907833658,0.304938690891765,0.019,0.013,1
chr18-77767328-77768251,Haus1,0,0.582605912569588,0.31868576238308,0.019,0.013,1
chr2-76979945-76980883,Ttn,1663,0.583048169574848,-0.709631347442735,0.006,0.011,1
chr5-135186633-135187589,Baz1b,0,0.583048169574848,-0.669435655468228,0.006,0.011,1
chr7-127393246-127394118,E430018J23Rik,0,0.583048169574848,-0.632340535060369,0.006,0.011,1
chr8-109778189-109779010,Ap1g1,0,0.583048169574848,-0.662483241355916,0.006,0.011,1
chr12-101975525-101976409,Cpsf2,0,0.583147362732844,0.258994805878265,0.019,0.013,1
chr15-83148875-83149708,Poldip3,0,0.583147362732844,0.368351482027207,0.019,0.013,1
chr6-135011157-135012060,Ddx47,0,0.583147362732844,0.37058689958287,0.019,0.013,1
chr12-59219339-59220235,Fbxo33,0,0.583212806805551,0.140449340409196,0.044,0.035,1
chr1-151078681-151079575,RP24-245K18.2,874,0.583668447947238,-0.653804071962441,0.006,0.011,1
chr11-69094507-69095464,Per1,0,0.583668454145639,-0.740885946768506,0.006,0.011,1
chr15-33082858-33083805,Cpq,0,0.583689047412297,0.362751997117109,0.019,0.013,1
chrX-13070833-13071585,Usp9x,0,0.583689047412297,0.296271344835267,0.019,0.013,1
chr11-73137891-73138858,Gsg2,0,0.584230966372114,0.330442702693444,0.019,0.013,1
chr2-129129213-129130132,Chchd5,0,0.584773119376064,0.321809752663675,0.019,0.013,1
chr3-121171242-121172130,Rwdd3,0,0.584773119376064,0.220087231286885,0.019,0.013,1
chr14-70520059-70520908,Bmp1,0,0.584909944663414,-0.529812320138384,0.006,0.011,1
chr4-137468263-137469150,Hspg2,0,0.584909944663414,-0.441685844378921,0.006,0.011,1
chr7-12897307-12898221,Zscan22,0,0.584909944663414,-0.648458403435273,0.006,0.011,1
chr15-55111928-55112831,Deptor,0,0.58493449792079,-0.755502096455411,0.019,0.026,1
chr19-23758092-23758870,Apba1,5,0.585315506187528,0.28834006294195,0.019,0.013,1
chr3-51408515-51409414,Ndufc1,0,0.585315506187528,0.342537938025414,0.019,0.013,1
chr8-116732639-116733452,Cdyl2,0,0.585315506187528,0.310183909793408,0.019,0.013,1
chr10-73097780-73098712,Pcdh15,629,0.585531143723284,-0.49730995056516,0.006,0.011,1
chr5-76528846-76529761,Exoc1,0,0.585732972155015,0.421382442458279,0.025,0.019,1
chr4-41134943-41135831,Ube2r2,0,0.585858126569488,0.396821321300346,0.019,0.013,1
chr7-29783650-29784502,Zfp30,0,0.585858126569488,0.303816888863708,0.019,0.013,1
chr3-73934187-73934963,RP23-20B1.1,1140,0.586152655144541,-0.445065494852113,0.006,0.011,1
chr19-41895720-41896535,Rrp12,0,0.58615266131423,-0.497822465188679,0.006,0.011,1
chr3-69004149-69005051,Ift80,0,0.586400980284537,0.331530933106215,0.019,0.013,1
chr8-3279107-3280029,Insr,0,0.586400980284537,0.265994488491922,0.019,0.013,1
chr11-23770544-23771480,Rel,0,0.586561570622385,-0.625682489839746,0.019,0.026,1
chr2-160645405-160646287,Top1,0,0.586944067094875,0.244763922126649,0.019,0.013,1
chr3-157533869-157534698,Zranb2,0,0.586944067094875,0.295590059578849,0.019,0.013,1
chr2-115581245-115582144,BC052040,0,0.587496172107027,-0.484733690452749,0.025,0.033,1
chr5-90930819-90931678,Mthfd2l,0,0.587556919544312,0.291577185601781,0.038,0.03,1
chr19-46572785-46573709,Arl3,0,0.587574052899655,0.413748157762371,0.025,0.019,1
chr1-45925324-45926258,Slc40a1,264,0.587574056269982,0.437521311414905,0.025,0.019,1
chr17-81064624-81065492,Thumpd2,0,0.587741680164592,0.284167351272339,0.038,0.03,1
chr15-93595632-93596433,Prickle1,0,0.587759129152404,0.34839848313121,0.019,0.013,1
chr17-87106925-87107853,Socs5,0,0.587783257379697,0.391250248300714,0.031,0.024,1
chr1-131137854-131138751,Dyrk3,0,0.588030934360173,0.165048759874198,0.019,0.013,1
chr14-30479164-30480100,Dcp1a,0,0.588030939048248,0.290146371389055,0.019,0.013,1
chr17-49427937-49428810,Mocs1,0,0.588030939048248,0.244150626613084,0.019,0.013,1
chr5-74068080-74068952,Usp46,0,0.588030939048248,0.190130132366544,0.019,0.013,1
chr17-33759995-33760829,Rab11b,0,0.588495601274614,0.392894001168064,0.025,0.019,1
chr10-76032139-76033036,Zfp280b,0,0.58857472371372,0.299144382529072,0.019,0.013,1
chr4-129057635-129058506,1700086P04Rik,0,0.58857472371372,0.343507382690769,0.019,0.013,1
chr14-7817450-7818380,Flnb,0,0.589118740519355,0.202904515098481,0.019,0.013,1
chr7-28350144-28351037,Rps16,0,0.589118740519355,0.235058334112959,0.019,0.013,1
chr7-90475711-90476594,Tmem126b,0,0.589253731906987,0.024340258035886,0.038,0.029,1
chr5-140830203-140831115,Gna12,0,0.589315614671664,-0.784151092346326,0.013,0.018,1
chr5-140388915-140389789,Snx8,0,0.589417813358657,0.362567434368029,0.025,0.019,1
chr12-72664488-72665356,Dhrs7,0,0.589662989225393,0.163040540991728,0.019,0.013,1
chr9-15044925-15045814,Panx1,0,0.590207469591681,0.282762204016466,0.019,0.013,1
chr6-124662477-124663397,Lpcat3,0,0.590571511413191,0.397438836116787,0.025,0.019,1
chr1-4857256-4858126,Tcea1,0,0.590752181377678,0.207105404982907,0.019,0.013,1
chr3-69126754-69127632,Kpna4,0,0.591244934992512,-0.90006735224757,0.013,0.018,1
chr5-33629315-33630195,Fam53a,0,0.591455344124042,-0.610925161388716,0.019,0.026,1
chr7-39517416-39518295,Zfp619,0,0.591463466617845,-0.422172867150904,0.025,0.033,1
chr7-68748914-68749814,Arrdc4,0,0.591548656515465,0.0997636220931417,0.069,0.057,1
chr7-30279958-30280796,Thap8,0,0.59221068634586,-0.856744446004905,0.013,0.018,1
chr11-87591576-87592474,Mtmr4,0,0.592681711370845,-0.591653725798806,0.019,0.026,1
chr2-140671084-140671924,Flrt3,0,0.593090759386469,0.331771565218048,0.031,0.024,1
chr15-59647869-59648759,Trib1,0,0.593177153643531,-0.783060046324816,0.013,0.018,1
chr14-69707064-69707945,R3hcc1,0,0.593575991450404,0.33353106819954,0.025,0.019,1
chr2-33130475-33131446,Garnl3,207,0.594318676200611,-0.545159759589889,0.019,0.026,1
chr9-83834134-83835004,Ttk,0,0.5943439258911,-0.632784414789998,0.025,0.032,1
chr3-107931340-107932297,Gstm7,0,0.595112259859159,-0.673001096116381,0.013,0.018,1
chr7-57590579-57591418,Gabrb3,60,0.595137936863824,0.242247776881659,0.031,0.024,1
chr12-4768575-4769551,Fam228b,0,0.595196676041503,0.32595182862327,0.025,0.019,1
chr10-128565696-128566602,Pa2g4,0,0.595752715916773,-0.515784497476201,0.019,0.026,1
chr10-80329531-80330434,Reep6,0,0.595805403075083,-0.382130822863795,0.025,0.033,1
chr1-192137666-192138579,Rcor3,0,0.595891877647692,0.297728022150205,0.025,0.019,1
chr19-45783249-45784150,Mgea5,0,0.596080896043107,-0.675639630228381,0.013,0.018,1
chr19-53142101-53142996,Add3,1655,0.596210321283176,0.233489559256436,0.069,0.059,1
chr5-108660345-108661238,Idua,13,0.596323162777134,-0.701570211290427,0.013,0.018,1
chr16-57121088-57121988,Tomm70a,0,0.596355548716007,0.280882277316627,0.025,0.019,1
chr19-57360490-57361359,B230217O12Rik,0,0.596367789575623,0.320030953315543,0.031,0.024,1
chr1-32172223-32173138,Khdrbs2,0,0.596553364744985,-0.39669646105401,0.031,0.04,1
chr2-98665929-98666799,Gm10800,501,0.597362306073831,-0.0767735110930415,0.283,0.286,1
chr3-139075001-139075913,Rap1gds1,0,0.597535190376716,-0.708451987886142,0.013,0.018,1
chr12-111966615-111967533,2010107E04Rik,0,0.597747543591501,0.185380073001395,0.025,0.019,1
chr15-57892101-57892968,Derl1,0,0.598020313272518,-0.696296156520517,0.013,0.018,1
chr6-146501841-146502704,Itpr2,0,0.598676365000288,0.273109335876334,0.025,0.019,1
chr7-34389443-34390321,Lsm14a,0,0.598979153829381,0.701197625735612,0.013,0.009,1
chr15-51991401-51992242,Rad21,0,0.598991095215636,-0.625293096107063,0.013,0.018,1
chr7-118243298-118244192,4930583K01Rik,0,0.598991095215636,-0.598155174451485,0.013,0.018,1
chr10-91123639-91124531,Slc25a3,0,0.599241932530103,-0.502069199800951,0.019,0.026,1
chr1-152765982-152766981,Arpc5,0,0.599476750324072,-0.598782688347406,0.013,0.018,1
chr7-122132575-122133468,Dctn5,0,0.599476753920326,-0.620900556768601,0.013,0.018,1
chr8-70672878-70673758,Lsm4,0,0.599476753920326,-0.642806483152597,0.013,0.018,1
chr9-3335049-3335978,Alkbh8,0,0.599653042098709,0.307963799104505,0.031,0.024,1
chr11-118418690-118419585,Cant1,0,0.60007081813156,0.246679449680082,0.025,0.019,1
chr9-95406989-95407868,RP24-324I23.4,0,0.60007081813156,0.252414721078222,0.025,0.019,1
chr12-79028806-79029745,Plekhh1,0,0.600347132813803,0.686652623573599,0.013,0.009,1
chr6-71143714-71144639,Thnsl2,0,0.600448598758998,-0.595465541683864,0.013,0.018,1
chr2-12923596-12924465,Pter,0,0.600448605937626,-0.533635028922995,0.013,0.018,1
chr18-64887024-64887940,Nedd4l,0,0.600741641313751,0.213673940248357,0.044,0.035,1
chr8-33599223-33600053,Ppp2cb,0,0.601233980348877,0.28058680578803,0.025,0.019,1
chr9-26806030-26806894,Glb1l2,0,0.601421166035904,-0.520387839679484,0.013,0.018,1
chr7-38019104-38019950,Uri1,0,0.601466735539133,0.208837844816534,0.025,0.019,1
chr6-85587294-85588161,Alms1,0,0.601716508465769,0.734886161322415,0.013,0.009,1
chr12-4916806-4917715,Atad2b,0,0.601907717901226,-0.527558403137981,0.013,0.018,1
chr13-115089979-115090739,Pelo,0,0.60193237113467,0.187923050718885,0.025,0.019,1
chr18-90509702-90510642,Tmx3,0,0.602122345473471,0.194676430757379,0.031,0.024,1
chr9-37488711-37489586,Msantd2,0,0.60239815935809,0.153930493388264,0.025,0.019,1
chr9-48494907-48495796,Rbm7,0,0.60240172419047,0.659877803207705,0.013,0.009,1
chr9-122310405-122311250,Gm26797,0,0.60240172419047,0.639828762199452,0.013,0.009,1
chr16-58407868-58408771,4930461C15Rik,0,0.602528717818692,-0.363005433836901,0.031,0.04,1
chr12-51347724-51348630,G2e3,0,0.602881342916322,-0.508646188275666,0.013,0.018,1
chr16-85173289-85174205,App,0,0.602881342916322,-0.497861978279695,0.013,0.018,1
chr7-28810261-28811174,Hnrnpl,1719,0.602881342916322,-0.473230700079848,0.013,0.018,1
chr10-80825999-80826886,Oaz1,0,0.602946463855757,-0.399880595634079,0.019,0.026,1
chr4-65604470-65605373,Trim32,0,0.603169753393886,0.197952776988782,0.038,0.03,1
chr10-13090335-13091227,Gm27741,589,0.603773209022696,0.688133554441735,0.013,0.009,1
chr11-116628562-116629449,Rhbdf2,1542,0.603773209022696,0.578464793681307,0.013,0.009,1
chr12-16810766-16811522,E2f6,0,0.603773209022696,0.576586643555257,0.013,0.009,1
chr4-41050516-41051421,Gm25637,295,0.603773209022696,0.63661688479973,0.013,0.009,1
chr18-75819028-75819728,Zbtb7c,449,0.604459477161595,0.647099615018764,0.013,0.009,1
chr6-49367246-49368153,Fam221a,0,0.604802742449397,0.608487031172587,0.013,0.009,1
chr8-69183813-69184696,Lzts1,0,0.605040792950172,0.191008994025907,0.038,0.03,1
chr1-90972927-90973858,Gm28199,1401,0.605146095135055,0.568424424971864,0.013,0.009,1
chr1-152386221-152387103,Tsen15,0,0.605146095135055,0.494082425990002,0.013,0.009,1
chr10-81604774-81605519,BC025920,750,0.605146095135055,0.631442496922865,0.013,0.009,1
chr11-59964812-59965587,Rasd1,0,0.605146095135055,0.55284971667747,0.013,0.009,1
chr11-65787927-65788808,Map2k4,0,0.605146095135055,0.611497023492896,0.013,0.009,1
chr11-101551728-101552309,Nbr1,0,0.605146095135055,0.622752240666267,0.013,0.009,1
chr14-75196806-75197699,Gm15629,1571,0.605146095135055,0.491748973783692,0.013,0.009,1
chr17-12318452-12319343,Map3k4,0,0.605146095135055,0.651228251154292,0.013,0.009,1
chr17-94834267-94835177,Gm1976,0,0.605146095135055,0.596323301684718,0.013,0.009,1
chr9-63398906-63399829,2300009A05Rik,0,0.605146095135055,0.556245905034491,0.013,0.009,1
chr2-157736944-157737844,Ctnnbl1,0,0.605833055418463,0.60412785477952,0.013,0.009,1
chr1-72211816-72212677,Mreg,0,0.605833062456448,0.616536619786375,0.013,0.009,1
chr1-118321384-118322267,Nifk,0,0.605833062456448,0.535173963781324,0.013,0.009,1
chr13-67127886-67128775,Zfp759,0,0.605833062456448,0.639767677699815,0.013,0.009,1
chr18-46741240-46742177,Atg12,0,0.605833062456448,0.570875710928598,0.013,0.009,1
chr6-41079582-41080421,Trbv7,0,0.605833062456448,0.542275164325096,0.013,0.009,1
chr8-70760618-70761482,Mpv17l2,0,0.605833062456448,0.583931703704597,0.013,0.009,1
chr11-34843380-34844264,Gm22022,1025,0.606520378638223,0.567825672102821,0.013,0.009,1
chr13-6664182-6665050,Gm10029,1287,0.606520378638223,0.489438178433201,0.013,0.009,1
chr2-121140025-121140865,Adal,0,0.606520378638223,0.491119208147957,0.013,0.009,1
chr3-90514036-90514897,S100a1,0,0.606520378638223,0.517547309624846,0.013,0.009,1
chr7-45053880-45054768,Prr12,998,0.606520378638223,0.510222836830643,0.013,0.009,1
chr13-100744021-100744886,Mrps36,0,0.606597601085011,0.114372382288836,0.025,0.019,1
chr3-110250521-110251335,Prmt6,0,0.606597601085011,0.170554716987493,0.025,0.019,1
chr9-54863300-54864232,Ireb2,0,0.606661261364519,0.17967623895134,0.031,0.024,1
chr1-194619477-194620278,Plxna2,1258,0.607208043191905,0.513270608809204,0.013,0.009,1
chr11-98550770-98551681,Zpbp2,0,0.607208043191905,0.523816344520835,0.013,0.009,1
chr12-113487467-113488431,Adam6b,1079,0.607208043191905,0.521159761662722,0.013,0.009,1
chr16-8738750-8739605,Gm24814,428,0.607208043191905,0.562625464767097,0.013,0.009,1
chr19-45560056-45560971,Poll,0,0.607208043191905,0.548184763463909,0.013,0.009,1
chr5-113993454-113994384,Ssh1,0,0.607208043191905,0.446435552773623,0.013,0.009,1
chr6-124492710-124493541,C1rl,0,0.607208043191905,0.508835244478156,0.013,0.009,1
chr2-104589879-104590783,Cstf3,0,0.60753258380321,0.177774036747146,0.025,0.019,1
chr8-36993098-36994002,AI429214,0,0.60753258380321,0.132880491923704,0.025,0.019,1
chr10-80148701-80149638,Midn,428,0.607896055628095,0.469305524587374,0.013,0.009,1
chr15-99251567-99252525,1700120C14Rik,0,0.607896055628095,0.479278752944688,0.013,0.009,1
chr4-41314533-41315430,Dcaf12,0,0.607896055628095,0.472437239841236,0.013,0.009,1
chr7-83549787-83550738,Gm10610,0,0.607896055628095,0.518935582781077,0.013,0.009,1
chr10-40024664-40025588,AI317395,0,0.608584415456476,0.425957393624435,0.013,0.009,1
chr10-94198662-94199509,Ndufa12,0,0.608584415456476,0.519968814935907,0.013,0.009,1
chr11-84817719-84818630,Mrm1,884,0.608584415456476,0.476352219847445,0.013,0.009,1
chr3-89393365-89394259,Zbtb7b,516,0.608584415456476,0.361914984742889,0.013,0.009,1
chr4-116627347-116628271,Nasp,0,0.608584415456476,0.467535474916061,0.013,0.009,1
chr5-25705362-25706275,Xrcc2,0,0.608584415456476,0.440217116735357,0.013,0.009,1
chr8-107056342-107057269,Cog8,0,0.608584415456476,0.484906328652766,0.013,0.009,1
chr9-92610689-92611589,Gm2495,1387,0.608584415456476,0.511803525854286,0.013,0.009,1
chr15-101223840-101224629,A330009N23Rik,0,0.608928718495768,0.440525734918245,0.013,0.009,1
chr11-53735302-53736176,Gm12213,1722,0.609273122185808,0.425829990971613,0.013,0.009,1
chr11-95587156-95588117,Ngfr,0,0.609273122185808,0.396856482046752,0.013,0.009,1
chr15-99972374-99973227,2310068J16Rik,59,0.609273122185808,0.382197577725375,0.013,0.009,1
chr16-3872005-3872864,Naa60,0,0.609273122185808,0.437582575841306,0.013,0.009,1
chr18-75697247-75698145,Ctif,0,0.609273122185808,0.431691890901669,0.013,0.009,1
chr19-34746735-34747601,Slc16a12,0,0.609273122185808,0.290582220702845,0.013,0.009,1
chr19-44107003-44107884,Chuk,0,0.609273122185808,0.4103772234194,0.013,0.009,1
chr2-30285893-30286787,Nup188,0,0.609273122185808,0.433696889040002,0.013,0.009,1
chr4-12088937-12089775,Rbm12b2,0,0.609273122185808,0.407715470742533,0.013,0.009,1
chr5-108448725-108449443,Mfsd7a,0,0.609273122185808,0.462208845796311,0.013,0.009,1
chr6-120822356-120823182,Atp6v1e1,0,0.609273122185808,0.360105819302249,0.013,0.009,1
chr7-127386616-127387458,9130019O22Rik,0,0.609273122185808,0.314935038864728,0.013,0.009,1
chr5-12383078-12383933,Sema3d,0,0.609377437743569,0.153410594891948,0.044,0.035,1
chr12-80790090-80790977,4933426M11Rik,0,0.609962175323934,0.37729607715248,0.013,0.009,1
chr4-43381533-43382449,Rusc2,0,0.609962175323934,0.360473986618977,0.013,0.009,1
chr4-88523009-88523879,Ifnb1,234,0.609962175323934,0.451181632830155,0.013,0.009,1
chr6-31664195-31665092,Gm13848,1038,0.609962175323934,0.386123387286673,0.013,0.009,1
chr8-70233924-70234835,Sugp2,0,0.609962175323934,0.447414200280866,0.013,0.009,1
chr9-21073059-21073984,Fdx1l,0,0.609962175323934,0.389089887245602,0.013,0.009,1
chrX-70385202-70386126,1110012L19Rik,0,0.609962175323934,0.396170213350327,0.013,0.009,1
chr15-74955011-74955817,Ly6e,0,0.610651567409163,0.315937057040615,0.013,0.009,1
chr10-88730723-88731616,Arl1,0,0.610651574377777,0.424397568628307,0.013,0.009,1
chr17-57276491-57277414,Vav1,1685,0.610651574377777,0.322264558525805,0.013,0.009,1
chr18-61400004-61400968,Ppargc1b,0,0.610651574377777,0.374809303967048,0.013,0.009,1
chr6-21851403-21852147,Tspan12,367,0.610651574377777,0.298530627033275,0.013,0.009,1
chr7-27355544-27356464,Shkbp1,0,0.610651574377777,0.445602470798031,0.013,0.009,1
chr7-34911992-34912852,Pepd,0,0.610651574377777,0.50989000094097,0.013,0.009,1
chr9-42944380-42945286,Grik4,0,0.610651574377777,0.399091961499463,0.013,0.009,1
chr16-11134297-11135209,Txndc11,0,0.610669447875856,0.167739384298789,0.038,0.03,1
chr9-44233669-44234551,Cbl,0,0.610800764506317,0.0869346163256446,0.031,0.024,1
chr10-128337304-128338175,Cs,0,0.611341318853342,0.411528954581758,0.013,0.009,1
chr11-78511972-78512799,Poldip2,0,0.611341318853342,0.296422006888631,0.013,0.009,1
chr18-56974944-56975825,C330018D20Rik,0,0.611341318853342,0.344293162210144,0.013,0.009,1
chr19-5106574-5107455,Rab1b,0,0.611341318853342,0.453180165725055,0.013,0.009,1
chr2-5942332-5943213,Dhtkd1,0,0.611341318853342,0.277224156199824,0.013,0.009,1
chr6-88084004-88084932,Rpn1,0,0.611341318853342,0.398252899143852,0.013,0.009,1
chr7-29983387-29984308,Zfp568,0,0.611341318853342,0.444529927096911,0.013,0.009,1
chr6-95117376-95118265,Kbtbd8os,0,0.611458215244171,0.177292390335354,0.044,0.035,1
chr6-42264425-42265328,Casp2,0,0.611514462045145,0.0592584660240112,0.075,0.062,1
chr16-32331778-32332660,Ubxn7,0,0.612031401307095,0.227401096631436,0.013,0.009,1
chr1-127868403-127869241,Rab3gap1,0,0.612031408255721,0.366296814686247,0.013,0.009,1
chr17-86962725-86963508,Rhoq,0,0.612031408255721,0.314091142219888,0.013,0.009,1
chr18-38418524-38419383,Ndfip1,0,0.612031408255721,0.286842606158914,0.013,0.009,1
chr2-93334116-93335003,Tspan18,0,0.612031408255721,0.29807976333328,0.013,0.009,1
chr3-103790902-103791807,Hipk1,0,0.612031408255721,0.218677945154798,0.013,0.009,1
chr4-41755659-41756493,Sigmar1,0,0.612031408255721,0.263860823095098,0.013,0.009,1
chr4-135494159-135495004,Stpg1,0,0.612031408255721,0.289428986304703,0.013,0.009,1
chr5-93268045-93268879,Ccng2,787,0.612031408255721,0.226589190805496,0.013,0.009,1
chr6-5383615-5384689,Asb4,228,0.612031408255721,0.372227611916648,0.013,0.009,1
chr8-111033463-111034324,Aars,318,0.612031408255721,0.211769676698354,0.013,0.009,1
chr11-75732357-75733248,Ywhae,0,0.612721835150482,0.0826157683094291,0.013,0.009,1
chrX-48623246-48624229,Slc25a14,0,0.612721835150482,0.294200548657555,0.013,0.009,1
chr11-86757477-86758428,Cltc,0,0.612721842089086,0.222364236942875,0.013,0.009,1
chr11-88955028-88955921,Scpep1,0,0.612721842089086,0.139092627393461,0.013,0.009,1
chr14-21051955-21052829,Ap3m1,0,0.612721842089086,0.266419494877508,0.013,0.009,1
chr16-29578900-29579797,Opa1,0,0.612721842089086,0.105269065416142,0.013,0.009,1
chr3-103279191-103280096,Trim33,0,0.612721842089086,0.376485686459636,0.013,0.009,1
chr3-132083722-132084633,Dkk2,658,0.612740210569315,-0.648645475228042,0.019,0.025,1
chr2-122738102-122739008,Bloc1s6,0,0.613412619856699,0.216958194210971,0.013,0.009,1
chr8-20549828-20550676,Gm21092,0,0.613412619856699,0.267251734443884,0.013,0.009,1
chr8-84041823-84042678,Il27ra,0,0.613412619856699,0.266973980778046,0.013,0.009,1
chr8-84893421-84894330,Gcdh,0,0.614098061397628,0.682459309784182,0.019,0.014,1
chrX-20059136-20059976,Chst7,0,0.614103734142398,0.177847419879577,0.013,0.009,1
chr13-30336249-30337049,Agtr1a,0,0.614103741060905,0.0766140107544242,0.013,0.009,1
chr13-56521985-56522904,Fbxl21,0,0.614103741060905,0.0184281385761693,0.013,0.009,1
chr6-125095585-125096446,Chd4,0,0.614103741060905,0.325481950804053,0.013,0.009,1
chr9-57439612-57440484,Ppcdc,0,0.614103741060905,0.298334307625212,0.013,0.009,1
chr9-107289343-107290184,Mapkapk3,0,0.614103741060905,0.223291858147967,0.013,0.009,1
chr1-55130773-55131612,Mob4,0,0.614795205203138,-0.105405554420051,0.013,0.009,1
chr6-71124917-71125783,Rpl34-ps1,306,0.614795205203138,0.123763716160111,0.013,0.009,1
chr5-4104198-4105126,Cyp51,0,0.614952748834271,0.062434626125599,0.031,0.024,1
chr7-24883826-24884717,Rps19,0,0.61533619356472,0.195757339544684,0.05,0.042,1
chr4-155624381-155625288,Gm16023,0,0.615487011783921,0.154227405644378,0.013,0.009,1
chr5-116422518-116423429,Hspb8,0,0.615487011783921,-0.1601787503856,0.013,0.009,1
chr5-137778375-137779261,Ppp1r35,0,0.615487011783921,0.14830645819256,0.013,0.009,1
chrX-102156669-102157597,Ercc6l,0,0.615487011783921,0.24003942022623,0.013,0.009,1
chr6-139589033-139589896,Pik3c2g,1811,0.615602455372582,-0.136236487395847,0.013,0.018,1
chr3-33142756-33143642,Pex5l,0,0.615688939577071,-0.403145240926151,0.025,0.032,1
chr3-66220576-66221401,Ptx3,665,0.61573044327565,0.600320423622147,0.019,0.014,1
chr1-44118403-44119281,Bivm,0,0.615921061184367,-1.29621093502174,0.006,0.01,1
chr11-50841107-50842025,Zfp879,0,0.615921061184367,-1.41880818335361,0.006,0.01,1
chr15-76476942-76477816,Bop1,0,0.615921061184367,-1.3458116520767,0.006,0.01,1
chr16-13255956-13256879,Mkl2,0,0.615921061184367,-1.68415547632204,0.006,0.01,1
chr17-50237092-50237963,AY702103,1244,0.615921061184367,-1.13431142439634,0.006,0.01,1
chr4-58943091-58944011,Zkscan16,0,0.615921061184367,-1.28242418787911,0.006,0.01,1
chr4-62408315-62409238,Cdc26,0,0.615921061184367,-1.3170505910408,0.006,0.01,1
chr4-102986755-102987669,Tctex1d1,375,0.615921061184367,-1.10618479141633,0.006,0.01,1
chr7-4963992-4964912,Sbk2,0,0.615921061184367,-1.17663935538613,0.006,0.01,1
chr7-118995964-118996780,Gprc5b,752,0.615921061184367,-1.29142836763449,0.006,0.01,1
chr10-119239764-119240638,Cand1,0,0.616102121520133,-0.639227711168356,0.019,0.025,1
chr10-89443439-89444303,Gas2l3,0,0.61657418238956,-1.2132799710123,0.006,0.01,1
chr11-6274526-6275384,Tmed4,0,0.61657418238956,-1.14845896144355,0.006,0.01,1
chr11-106788470-106789368,Cep95,0,0.61657418238956,-1.22910015633941,0.006,0.01,1
chr11-117986280-117987243,Pgs1,0,0.61657418238956,-1.20509087343653,0.006,0.01,1
chr14-76110460-76111392,Gpalpp1,0,0.61657418238956,-1.14586311592124,0.006,0.01,1
chr3-9003827-9004720,Tpd52,2,0.61657418238956,-1.27697599033306,0.006,0.01,1
chr3-96696083-96696761,Pias3,0,0.61657418238956,-1.28845074466651,0.006,0.01,1
chr8-105990655-105991523,Dus2,0,0.61657418238956,-1.15686936634106,0.006,0.01,1
chr9-106428915-106429831,Rpl29,0,0.61657418238956,-1.12403134866732,0.006,0.01,1
chr9-106821396-106822216,Vprbp,0,0.61657418238956,-1.03889542448975,0.006,0.01,1
chr16-17405470-17406348,Snap29,0,0.617075825454526,0.42450293031384,0.031,0.025,1
chr4-57369704-57370593,Gm12537,1360,0.617227601062326,-0.954894246231214,0.006,0.01,1
chr11-4849171-4850047,Nf2,0,0.617227607178375,-0.945973721828707,0.006,0.01,1
chr11-68901049-68901932,Rpl26,0,0.617227607178375,-1.22965300978378,0.006,0.01,1
chr15-89373307-89374016,Sco2,0,0.617227607178375,-1.17582697811293,0.006,0.01,1
chr15-101221498-101222399,A330009N23Rik,1721,0.617227607178375,-0.980669147980095,0.006,0.01,1
chr18-32816376-32817287,Tslp,992,0.617227607178375,-1.20328257469861,0.006,0.01,1
chr3-51583394-51584278,RP24-511H12.6,1087,0.617227607178375,-1.03285385622871,0.006,0.01,1
chr4-129542338-129543244,Hdac1,0,0.617227607178375,-1.10332486657099,0.006,0.01,1
chr6-38298759-38299671,Zc3hav1l,0,0.617227607178375,-0.938371504237296,0.006,0.01,1
chr6-41505119-41505943,RP23-203H5.6,994,0.617227607178375,-1.10369708509467,0.006,0.01,1
chr9-79759362-79760276,Cox7a2,0,0.617227607178375,-0.977643144442692,0.006,0.01,1
chrX-139997863-139998793,Rbm41,0,0.617227607178375,-0.954192399441972,0.006,0.01,1
chr3-123508082-123508915,Snora24,15,0.617545188949073,-0.39360222824959,0.05,0.059,1
chr11-79146025-79146945,Ksr1,0,0.617881329021298,-0.957636508470483,0.006,0.01,1
chr8-66442547-66443443,Gm15356,0,0.617881329021298,-0.951996591929874,0.006,0.01,1
chr11-83753447-83754286,Heatr6,0,0.617881335128819,-0.989377531843786,0.006,0.01,1
chr13-64248625-64249326,1810034E14Rik,0,0.617881335128819,-0.889946220771036,0.006,0.01,1
chr15-89841415-89842302,Syt10,0,0.617881335128819,-0.952800885948822,0.006,0.01,1
chr15-93336623-93337427,Yaf2,0,0.617881335128819,-1.04693653136206,0.006,0.01,1
chr18-12128256-12129157,Riok3,0,0.617881335128819,-0.86567842856001,0.006,0.01,1
chr5-121397493-121398374,Naa25,0,0.617881335128819,-0.857282484723996,0.006,0.01,1
chr6-30509289-30510194,Tmem209,0,0.617881335128819,-0.86367149138086,0.006,0.01,1
chr1-9797589-9798574,Sgk3,0,0.618535365818182,-0.968858636385903,0.006,0.01,1
chr14-51984253-51985073,Arhgef40,0,0.618535365818182,-0.884337309178186,0.006,0.01,1
chr15-5185104-5185974,Ttc33,0,0.618535365818182,-0.876705139301164,0.006,0.01,1
chr15-102100102-102101028,Tenc1,1959,0.618535365818182,-0.947090700865535,0.006,0.01,1
chr17-26090048-26090968,Decr2,0,0.618535365818182,-0.894439556575206,0.006,0.01,1
chr18-75018350-75019263,Dym,0,0.618535365818182,-0.847502053961288,0.006,0.01,1
chr19-10555385-10556256,Tmem216,0,0.618535365818182,-0.926710581927174,0.006,0.01,1
chr4-99120461-99121340,Dock7,0,0.618535365818182,-0.90165387776285,0.006,0.01,1
chr4-108578910-108579799,Prpf38a,0,0.618535365818182,-0.799710051178599,0.006,0.01,1
chr7-132930705-132931615,Zranb1,0,0.618535365818182,-0.851008430910958,0.006,0.01,1
chr8-124573202-124574128,Capn9,1982,0.618535365818182,-0.904731219417086,0.006,0.01,1
chr9-21759983-21760885,Spc24,0,0.618535365818182,-0.891656232240734,0.006,0.01,1
chr9-107340087-107340972,6430571L13Rik,0,0.618728865551061,0.570536284735458,0.025,0.02,1
chr5-139775284-139776164,Ints1,0,0.619189692732612,-1.02305608309111,0.006,0.01,1
chr10-81357121-81358023,Mfsd12,0,0.619189698823034,-0.882748359696866,0.006,0.01,1
chr13-67194158-67195030,Zfp455,0,0.619189698823034,-0.835634118266992,0.006,0.01,1
chr13-114460316-114461132,Fst,1585,0.619189698823034,-0.901001177137259,0.006,0.01,1
chr2-155728962-155729850,Edem2,0,0.619189698823034,-0.84435593608398,0.006,0.01,1
chr4-108780267-108781071,Zfyve9,0,0.619189698823034,-0.876266259016793,0.006,0.01,1
chr5-143112616-143113495,Rnf216,0,0.619189698823034,-0.892759071228233,0.006,0.01,1
chr6-82401757-82402666,Tacr1,0,0.619189698823034,-0.917225250764379,0.006,0.01,1
chr7-16738020-16738873,Ap2s1,0,0.619189698823034,-0.795068516794909,0.006,0.01,1
chr1-60097636-60098477,Carf,0,0.619844333719229,-0.743802338716635,0.006,0.01,1
chr11-95384063-95384984,Slc35b1,0,0.619844333719229,-0.873225804374918,0.006,0.01,1
chr17-66111137-66112052,Wash,0,0.619844333719229,-0.781895220749965,0.006,0.01,1
chr2-181693503-181694331,Rgs19,0,0.619844333719229,-0.745394449977779,0.006,0.01,1
chr4-43025206-43026138,Pigo,0,0.619844333719229,-0.767297304972491,0.006,0.01,1
chr7-81344906-81345793,Rps17,0,0.619844333719229,-0.689078075977962,0.006,0.01,1
chr7-141949088-141950050,Brsk2,0,0.619844333719229,-0.776711574975381,0.006,0.01,1
chr5-53809217-53810109,Tbc1d19,0,0.62012447432634,0.535497128253029,0.025,0.02,1
chr6-29467342-29468160,Atp6v1f,0,0.620171758166279,-0.815962511999766,0.006,0.01,1
chr1-9299293-9300186,Sntg1,0,0.620499270081905,-0.790974003495991,0.006,0.01,1
chr11-53769762-53770585,Irf1,0,0.620499270081905,-0.707899226229533,0.006,0.01,1
chr17-67696847-67697616,Lama1,0,0.620499270081905,-0.818739980394421,0.006,0.01,1
chr2-14073445-14074289,Stam,0,0.620499270081905,-0.697564581931929,0.006,0.01,1
chr6-128992656-128993494,BC064078,0,0.620499270081905,-0.804737091298739,0.006,0.01,1
chr7-31148366-31149258,G630030J09Rik,269,0.620499270081905,-0.712573928402815,0.006,0.01,1
chr7-79388389-79389260,Rlbp1,1361,0.620499270081905,-0.749844703169991,0.006,0.01,1
chr9-119580467-119581396,Scn5a,1450,0.620499270081905,-0.8431912816212,0.006,0.01,1
chr1-155158197-155159081,Stx6,0,0.620518997086906,-0.348064889276497,0.025,0.032,1
chr1-91412865-91413761,Hes6,276,0.621154507485487,-0.668450470040933,0.006,0.01,1
chr11-78826143-78827057,Lyrm9,0,0.621154507485487,-0.720750108920601,0.006,0.01,1
chr4-154855818-154856678,Ttc34,0,0.621154507485487,-0.810466019423571,0.006,0.01,1
chr8-29219206-29220079,Unc5d,0,0.621154507485487,-0.726386230706631,0.006,0.01,1
chr3-67373739-67374576,Mlf1,0,0.621732078167098,0.630052411081587,0.019,0.014,1
chr7-100663033-100663946,Plekhb1,618,0.621810039447632,-0.657929558823586,0.006,0.01,1
chr1-192092247-192093075,Gm26879,0,0.622427415593767,-0.563120908040621,0.019,0.025,1
chr11-117870287-117871289,Gm11725,0,0.622465883709488,-0.630340293493261,0.006,0.01,1
chr16-38346590-38347491,Cox17,0,0.622465883709488,-0.704142229316742,0.006,0.01,1
chr19-10869334-10870198,Tmem132a,0,0.622465883709488,-0.656067251242559,0.006,0.01,1
chr5-129908230-129909060,Nupr1l,0,0.622465883709488,-0.687418518452413,0.006,0.01,1
chr6-124919452-124920464,Ptms,1505,0.622465883709488,-0.713940954258082,0.006,0.01,1
chr6-135167627-135168511,Hebp1,0,0.622465883709488,-0.676596890878741,0.006,0.01,1
chr7-38183581-38184438,1600014C10Rik,363,0.622465883709488,-0.601785988469559,0.006,0.01,1
chr7-143068830-143069719,Tssc4,0,0.622465883709488,-0.622682051710428,0.006,0.01,1
chr8-69902801-69903725,Yjefn3,88,0.622465883709488,-0.713683173450069,0.006,0.01,1
chr9-37552274-37553167,Nrgn,0,0.622465883709488,-0.698903119889382,0.006,0.01,1
chr9-53404853-53405755,4930550C14Rik,0,0.622465883709488,-0.580652436383672,0.006,0.01,1
chr4-16013473-16014438,Osgin2,0,0.622875507327988,-0.0197492378305792,0.031,0.024,1
chr4-141213645-141214463,Rsg1,0,0.623122015636407,-0.586004674817418,0.006,0.01,1
chr15-56692585-56693308,Has2,1230,0.623122021675185,-0.656506646739863,0.006,0.01,1
chr17-56584303-56585262,Safb2,0,0.623122021675185,-0.595873785245937,0.006,0.01,1
chr2-32534697-32535549,Fam102a,0,0.623122021675185,-0.59653060516689,0.006,0.01,1
chr2-113216808-113217695,Ryr3,0,0.623122021675185,-0.589611840656495,0.006,0.01,1
chr6-39066813-39067719,1700025N23Rik,0,0.623122021675185,-0.655266358522396,0.006,0.01,1
chr4-35225486-35226409,Gm12367,0,0.623272914808971,-0.567003149142694,0.019,0.025,1
chr9-22070609-22071392,Gm16845,0,0.623272914808971,-0.560498946838818,0.019,0.025,1
chr1-160212611-160213511,RP23-71J17.5,0,0.623332769203413,-0.609884029869444,0.025,0.032,1
chr5-32785296-32786185,Pisd,0,0.623373286061113,0.484617333796009,0.019,0.014,1
chr2-30967323-30968190,Tor1a,0,0.623778458972345,-0.588368996774388,0.006,0.01,1
chr2-174463642-174464516,Atp5e,0,0.623805221866603,-0.761677976240813,0.013,0.018,1
chr7-5014231-5014916,Fiz1,0,0.623852778772021,0.418710957811103,0.025,0.02,1
chr3-36065631-36066523,Acad9,0,0.623920771777918,0.437241383962632,0.019,0.014,1
chr1-21271150-21272028,Gm28836,0,0.624307459471867,-0.833190782759488,0.013,0.018,1
chr1-139454333-139455189,Aspm,0,0.624307459471867,-0.713549829449325,0.013,0.018,1
chr10-128409430-128410294,Nabp2,1197,0.624435195171826,-0.530421922312911,0.006,0.01,1
chr7-120843257-120843893,Eef2k,425,0.624435195171826,-0.480256952746478,0.006,0.01,1
chr11-62731356-62732235,Zfp287,0,0.624468465289432,0.444462555841072,0.019,0.014,1
chr3-36862576-36863550,4932438A13Rik,0,0.624542088638654,-0.479039462371221,0.019,0.025,1
chr7-105736191-105737020,Ilk,0,0.625016362164295,0.439398652320472,0.019,0.014,1
chr12-87471865-87472764,Snw1,0,0.625016366346324,0.440706722305282,0.019,0.014,1
chr13-103334009-103334877,Mast4,0,0.625092229843778,-0.574450371802804,0.006,0.01,1
chr17-25875000-25875833,0610011F06Rik,0,0.625092229843778,-0.421868265165394,0.006,0.01,1
chr19-42035169-42036078,Ankrd2,0,0.625092229843778,-0.412239619874855,0.006,0.01,1
chrX-71051826-71052680,Mamld1,1569,0.625092229843778,-0.428497679473594,0.006,0.01,1
chr16-17131932-17132824,Sdf2l1,0,0.625312458348603,-0.699027935567856,0.013,0.018,1
chr17-63500059-63500954,Fbxl17,41,0.625312458348603,-0.690350193148219,0.013,0.018,1
chr6-94283487-94284494,Magi1,164,0.625312458348603,-0.849412394029683,0.013,0.018,1
chr18-31910523-31911209,Sft2d3,693,0.625749562557641,-0.522920123221178,0.006,0.01,1
chr4-136835703-136836585,Ephb2,0,0.625749562557641,-0.501982434295906,0.006,0.01,1
chr8-81014586-81015509,Usp38,0,0.625967989581558,-0.640145821937555,0.025,0.032,1
chr4-155085997-155086863,Rer1,0,0.626112790097207,0.403802410019309,0.019,0.014,1
chr8-68793536-68794371,Ints10,0,0.626236054808054,-0.413983946885098,0.019,0.025,1
chr10-75036726-75037734,Rab36,0,0.626318154162462,-0.698741824331564,0.013,0.018,1
chr15-102073318-102074222,Eif4b,0,0.626318154162462,-0.696005854085268,0.013,0.018,1
chr19-6418035-6418961,Gm14965,0,0.626407192882143,-0.48097168857431,0.006,0.01,1
chr10-39898734-39899585,AA474331,0,0.627065120385308,-0.38258659768282,0.006,0.01,1
chr11-95336503-95337356,Fam117a,0,0.627065120385308,-0.360479251414748,0.006,0.01,1
chr14-8002591-8003450,Abhd6,0,0.627065120385308,-0.358719673831224,0.006,0.01,1
chr8-70754202-70755253,Rab3a,0,0.627210041029071,0.443863142040319,0.019,0.014,1
chr7-28597784-28598673,Pak4,0,0.627324541869223,-0.728679952453063,0.013,0.018,1
chr1-92180113-92180987,Hdac4,0,0.627371338492588,-0.373724623738782,0.031,0.039,1
chr15-90223776-90224683,Alg10b,0,0.627375862500917,0.243510499577567,0.05,0.042,1
chr3-136669540-136670453,Ppp3ca,0,0.627413532283563,0.335757653642212,0.031,0.025,1
chr11-45944546-45945413,Lsm11,0,0.627507832396671,-0.457459266290502,0.019,0.025,1
chr10-8518348-8519285,Ust,0,0.627590746305067,0.411786545517355,0.025,0.02,1
chr3-46447430-46448310,Pabpc4l,0,0.627827997764562,-0.725479499473239,0.013,0.018,1
chr15-83349767-83350650,Arfgap3,0,0.627828001260089,-0.781275001223102,0.013,0.018,1
chr15-48792701-48793526,Csmd3,637,0.627931995422873,-0.358933295270532,0.019,0.025,1
chr6-39810517-39811420,Mrps33,0,0.628058670541416,0.377384535140356,0.025,0.02,1
chr12-72085212-72086100,L3hypdh,0,0.628293236922128,0.191475975437688,0.044,0.036,1
chr5-99728668-99729566,A930011G23Rik,0,0.628331630418554,-0.671627735073418,0.013,0.018,1
chr6-124414777-124415588,Pex5,0,0.628331630418554,-0.731911682739252,0.013,0.018,1
chr16-37653963-37654823,Ndufb4,0,0.628526738287614,0.366179774917249,0.025,0.02,1
chr18-61211243-61212149,Slc26a2,0,0.628835429162185,-0.681439890983506,0.013,0.018,1
chr4-88757240-88758125,Gm13286,0,0.628835432649872,-0.65086723589052,0.013,0.018,1
chr16-20140659-20141589,Yeats2,0,0.628857463999453,0.33623915322639,0.019,0.014,1
chr6-51469735-51470544,Hnrnpa2b1,0,0.628857463999453,0.436511938442368,0.019,0.014,1
chr8-40511587-40512505,Vps37a,0,0.628857463999453,0.414978938852287,0.019,0.014,1
chr4-68022547-68023424,Gm11751,0,0.629339407759617,-0.673449352525767,0.013,0.018,1
chr13-67060587-67061473,Zfp712,0,0.629407016402376,0.420307624782991,0.019,0.014,1
chr5-66618339-66619209,Apbb2,0,0.629407016402376,0.408406505524673,0.019,0.014,1
chr1-185362458-185363364,Eprs,0,0.629843555553122,-0.580807569415686,0.013,0.018,1
chr15-68927800-68928637,Khdrbs3,0,0.629843555553122,-0.664589382960036,0.013,0.018,1
chr8-109692873-109693747,Ist1,0,0.629956774091303,0.401559417804293,0.019,0.014,1
chr10-80167315-80168178,Cirbp,1329,0.630347875835478,-0.623168641513059,0.013,0.018,1
chr11-101984263-101985041,1700006E09Rik,0,0.630506736813486,0.310267520664816,0.019,0.014,1
chr9-109875033-109875850,Cdc25a,0,0.630852368411537,-0.651405547747678,0.013,0.018,1
chr9-21955423-21956337,Swsap1,0,0.630869329795849,0.396800310471376,0.025,0.02,1
chr1-159231653-159232561,Rfwd2,0,0.631056904315837,0.293645671057004,0.019,0.014,1
chr7-111082750-111083635,Eif4g2,0,0.631056904315837,0.389278377783078,0.019,0.014,1
chr9-118925018-118925945,Gm16295,144,0.631056904315837,0.333811837092992,0.019,0.014,1
chr13-45389203-45390082,Mylip,0,0.631104675778679,-0.569752057749103,0.013,0.018,1
chr11-98586818-98587686,Ormdl3,0,0.631357033085909,-0.614031255610152,0.013,0.018,1
chr15-76379970-76380835,Mroh1,0,0.631357033085909,-0.604875644456461,0.013,0.018,1
chr11-11556871-11557807,Gm11998,0,0.631807410726259,0.369270582965913,0.025,0.02,1
chr7-75847849-75848736,Klhl25,0,0.632157852647,0.34875114607674,0.019,0.014,1
chr2-130642396-130643329,Lzts3,0,0.632366874486743,-0.567448749376476,0.013,0.018,1
chr11-121420931-121421845,Fn3krp,0,0.63240190026942,0.286507479921792,0.031,0.025,1
chr8-26158006-26158753,Thap1,0,0.632482613197988,0.153533410144578,0.044,0.036,1
chr3-146450018-146450929,Ctbs,0,0.632511355522408,0.353292257488267,0.025,0.02,1
chr2-144270230-144271159,Mgme1,0,0.632708632967939,0.297660129747669,0.019,0.014,1
chr9-23222829-23223574,Bmper,0,0.632708632967939,0.275368627106629,0.019,0.014,1
chr13-4281363-4282213,Akr1c12,1929,0.63287204046075,-0.512221553534815,0.013,0.018,1
chr8-25201193-25202106,Tacc1,0,0.632872057741416,-0.589991188556335,0.013,0.018,1
chr8-40423341-40424168,Zdhhc2,0,0.633259612947658,0.274374708064416,0.019,0.014,1
chr10-93081225-93082112,Cfap54,0,0.633810804648317,0.249141474567424,0.019,0.014,1
chr14-76414165-76415100,Tsc22d1,0,0.633810804648317,0.306610951810677,0.019,0.014,1
chr10-81383862-81384757,Dohh,0,0.633882931077061,-0.505257925545624,0.013,0.018,1
chr18-61707227-61708128,Pcyox1l,0,0.634155197900978,0.296432285482344,0.025,0.02,1
chr13-32851776-32852601,Serpinb1a,590,0.634362195497853,0.280467829590759,0.019,0.014,1
chr4-106650557-106651469,Pars2,0,0.634362195497853,0.180253789748392,0.019,0.014,1
chr8-105701051-105701891,Acd,0,0.634362195497853,0.203877621910879,0.019,0.014,1
chr3-36475389-36476264,Mir7009,0,0.634485348819156,0.256175278668555,0.031,0.025,1
chr10-19712137-19713077,Il20ra,0,0.634894484656007,-0.45282963863465,0.013,0.018,1
chr2-119046534-119047464,Casc5,0,0.634894488096247,-0.56481732278133,0.013,0.018,1
chr16-22439344-22440234,Etv5,0,0.634913789346455,0.267278289210558,0.019,0.014,1
chr17-31658442-31659337,U2af1,0,0.634913789346455,0.298297755356351,0.019,0.014,1
chr9-3532765-3533510,Gucy1a2,410,0.634913789346455,0.255208915208381,0.019,0.014,1
chr15-51876991-51877893,Utp23,0,0.63546558593833,0.274201631046948,0.019,0.014,1
chr18-73622769-73623646,Gm22065,1281,0.63546558593833,0.245786528923281,0.019,0.014,1
chr8-123318187-123319096,Fanca,0,0.63546558593833,0.192661219883399,0.019,0.014,1
chr13-30136048-30136905,Mboat1,0,0.636017585017345,0.228149304673174,0.019,0.014,1
chr5-38038793-38039727,Stx18,50,0.636017585017345,0.305235242571957,0.019,0.014,1
chr9-122950537-122951430,1110059G10Rik,0,0.636017585017345,0.267431775682715,0.019,0.014,1
chrX-101222057-101223039,Snx12,0,0.636017585017345,0.355860151609271,0.019,0.014,1
chr8-94098036-94098954,Bbs2,0,0.636413102079895,-0.470556624882555,0.013,0.018,1
chr14-93890462-93891332,Pcdh9,0,0.636441074138348,-0.341565793398149,0.019,0.025,1
chr1-119504358-119505258,Ralb,0,0.636569786327032,0.233865053607318,0.019,0.014,1
chr11-97883853-97884774,Gm11630,0,0.637122189610585,0.276207459890572,0.019,0.014,1
chr18-34506431-34507329,Fam13b,0,0.637122189610585,0.257292656133383,0.019,0.014,1
chr1-74505541-74506390,Rqcd1,0,0.637426361398139,-0.412080724959319,0.013,0.018,1
chr9-24502848-24503688,Dpy19l1,0,0.637534360718812,-0.279506833896916,0.038,0.046,1
chr8-111991890-111992770,Adat1,0,0.637674794610865,0.19447712048918,0.019,0.014,1
chr10-88826304-88827179,Utp20,0,0.637933245461237,-0.426920915589674,0.013,0.018,1
chr11-30953839-30954707,Asb3,0,0.638227601070395,0.132640024113708,0.019,0.014,1
chr11-68691385-68692296,Myh10,0,0.638455188899697,0.195671337067328,0.038,0.031,1
chr11-77512860-77513782,Abhd15,1338,0.638780608731363,0.190055658237922,0.019,0.014,1
chr19-16132152-16133024,Gnaq,0,0.638780608731363,0.298657298923938,0.019,0.014,1
chr5-123906651-123907593,Denr,0,0.639215340002027,0.217652112296435,0.038,0.031,1
chr16-96127519-96128437,Hmgn1,0,0.639215341914176,0.0978252527588821,0.038,0.031,1
chr11-59839179-59839999,Nt5m,0,0.639333813286963,0.143796759121313,0.019,0.014,1
chr19-40588002-40588881,Aldh18a1,0,0.639887222581255,0.0859106779567673,0.019,0.014,1
chr13-73603635-73604449,Clptm1l,0,0.639962466299982,-0.428091771677082,0.013,0.018,1
chr1-121567527-121568370,Ddx18,0,0.640276649907097,0.246533331352922,0.025,0.02,1
chr3-40949234-40950131,Larp1b,499,0.640374946865778,0.207155343582802,0.05,0.042,1
chr13-73466836-73467670,Lpcat1,0,0.640470201860158,-0.355825501917497,0.013,0.018,1
chr7-80323943-80324853,Rccd1,0,0.640978095568441,-0.364374145060448,0.013,0.018,1
chr3-108590886-108591733,Wdr47,0,0.640978098960542,-0.392354264766324,0.013,0.018,1
chr5-110770400-110771308,Ep400,0,0.641498071131198,-0.40439810372615,0.025,0.032,1
chr18-10706306-10707182,Abhd3,0,0.641692796522992,0.196108229248321,0.025,0.02,1
chr10-81350225-81351104,Hmg20b,0,0.642009684195355,0.259897126609455,0.031,0.025,1
chr3-129900993-129901876,Casp6,0,0.642140641881349,-0.709495287255586,0.019,0.024,1
chr18-7626475-7627351,Mpp7,0,0.643021780443183,0.15921027314464,0.038,0.031,1
chr2-154569533-154570378,E2f1,0,0.643211882223127,0.165213776709465,0.019,0.014,1
chr16-38452314-38453218,Adprh,0,0.643520102557252,-0.336706985009598,0.013,0.018,1
chr19-7482919-7483835,Rtn3,0,0.644055940640252,0.156370340717628,0.025,0.02,1
chr4-41274994-41275881,Ubap2,0,0.645002204348175,0.166304320685499,0.025,0.02,1
chr6-30896328-30897161,Copg2,0,0.645002204348175,0.133054581812506,0.025,0.02,1
chr17-69382327-69383235,Zbtb14,0,0.645301935769082,-0.629448413499121,0.025,0.031,1
chr17-34930831-34931722,Neu1,0,0.646185846447388,0.129512716270921,0.025,0.02,1
chr12-116262498-116263447,Wdr60,0,0.646422682508211,0.156426725478193,0.025,0.02,1
chr7-41632758-41633501,Zfp788,0,0.646531971116628,0.101619680610983,0.044,0.036,1
chr7-39449026-39449906,Zfp939,0,0.647844450651725,0.157500824685831,0.025,0.02,1
chr19-16955372-16956264,Prune2,0,0.648106214941911,-0.240850352815285,0.013,0.018,1
chr5-53997921-53998815,Stim2,0,0.648215830813943,-0.599905360433909,0.019,0.024,1
chr4-25281273-25282148,Ufl1,0,0.648318662147517,0.132215971557902,0.025,0.02,1
chr2-154790514-154791402,a,0,0.648335653000603,-0.436162664468037,0.038,0.045,1
chr12-103425513-103426429,Ddx24,0,0.648392058596605,0.182253019975325,0.05,0.042,1
chr2-148732001-148732868,Napb,0,0.648729010071891,0.0478365005239181,0.031,0.025,1
chr5-98030167-98030933,Antxr2,0,0.649303170345013,-0.565960460165043,0.019,0.024,1
chr7-119895548-119896485,Lyrm1,0,0.649492775677463,-0.382125555053126,0.031,0.038,1
chr14-55590859-55591615,Psme2,0,0.650216921761458,0.0654720158689535,0.025,0.02,1
chr3-54692274-54693195,Supt20,0,0.650834707706495,0.0979937720315616,0.031,0.025,1
chr7-128461359-128462277,Tial1,0,0.651428891849983,-0.289260989548748,0.025,0.032,1
chr7-4812285-4813153,Ube2s,0,0.651697946541882,-0.528507086880244,0.019,0.024,1
chr10-89744654-89745467,Uhrf1bp1l,0,0.652133747571393,-0.431620130250799,0.019,0.024,1
chr18-44379993-44380850,Dcp2,0,0.652569667414866,-0.48235137600748,0.019,0.024,1
chr4-117133637-117134510,Plk3,0,0.652569669809282,-0.512365833082513,0.019,0.024,1
chr13-85289034-85289927,Rasa1,4,0.653257341703259,0.274297226813824,0.038,0.031,1
chr12-55835963-55836779,Brms1l,0,0.653441865424669,-0.478910663239385,0.019,0.024,1
chr15-28025643-28026545,Trio,0,0.653787371803502,0.05532139212607,0.031,0.025,1
chr5-135544969-135545887,Hip1,0,0.65412859899479,0.12727201208725,0.082,0.071,1
chr10-50592267-50593192,Ascc3,0,0.655955103543052,-0.304447846373845,0.038,0.045,1
chr5-5748918-5749761,Steap1,0,0.656498274002811,-0.491929482703382,0.019,0.024,1
chr12-75669211-75670131,Wdr89,0,0.657109444359655,-0.377641607418699,0.038,0.045,1
chr14-14702487-14703346,Slc4a7,0,0.657444617366867,0.222758855234652,0.05,0.043,1
chr1-21960933-21961829,Kcnq5,112,0.657583883807868,-0.86325107553256,0.013,0.017,1
chr2-68861059-68861885,Cers6,0,0.657591244173524,-0.443921678327517,0.019,0.024,1
chr2-148672031-148672905,Nxt1,0,0.657703802175936,-0.437341425062374,0.031,0.038,1
chr6-128438325-128439287,Fkbp4,0,0.659149676342178,-0.908044446636063,0.013,0.017,1
chr5-100517928-100518801,Cops4,0,0.659544920594654,0.239704142457673,0.038,0.031,1
chr10-36973992-36974816,Hdac2,0,0.659926766076261,0.205865274580446,0.038,0.031,1
chr9-35559052-35559925,Pus3,456,0.660183847507994,-1.16225586669714,0.006,0.01,1
chr1-33907409-33908205,Bend6,0,0.660183853364677,-1.11237496229145,0.006,0.01,1
chr1-162548138-162548999,Mettl13,0,0.660183853364677,-1.63340669400571,0.006,0.01,1
chr10-128211349-128212180,Spryd4,0,0.660183853364677,-1.24457963588461,0.006,0.01,1
chr15-92050707-92051602,Cntn1,0,0.660183853364677,-1.52211255534684,0.006,0.01,1
chr4-116708050-116708950,Mmachc,0,0.660183853364677,-1.40761780511279,0.006,0.01,1
chr4-129576822-129577708,Fam167b,840,0.660183853364677,-1.22729718241444,0.006,0.01,1
chr4-155803166-155804047,Mrpl20,287,0.660183853364677,-0.929063836135683,0.006,0.01,1
chr8-41824662-41825578,2810404M03Rik,1688,0.660194365751532,-0.83843471428683,0.013,0.017,1
chr15-59314490-59315414,Sqle,0,0.660515057879686,0.302725700314975,0.031,0.026,1
chr10-84916846-84917843,Ric8b,0,0.660716964132512,-0.644697406273641,0.013,0.017,1
chr11-104230852-104231767,Mapt,0,0.660716964132512,-0.724262337446964,0.013,0.017,1
chr13-30544860-30545678,Uqcrfs1,0,0.660716964132512,-0.725598652596706,0.013,0.017,1
chrX-48208168-48209028,Zdhhc9,0,0.660875587990151,-1.01826373621684,0.006,0.01,1
chr10-71284814-71285652,Ube2d1,0,0.660875593836566,-1.06017295374223,0.006,0.01,1
chr12-101028944-101029783,Ccdc88c,0,0.660875593836566,-1.0418949962892,0.006,0.01,1
chr16-93603376-93604286,Setd4,0,0.660875593836566,-1.04068568302701,0.006,0.01,1
chr2-21367067-21367984,Gpr158,0,0.660875593836566,-0.909286949287935,0.006,0.01,1
chr2-49618904-49619766,Kif5c,0,0.660875593836566,-1.07403181715604,0.006,0.01,1
chr2-54435899-54436731,Galnt13,0,0.660875593836566,-1.11777132072792,0.006,0.01,1
chr2-164460578-164461463,Gm20458,0,0.660875593836566,-0.849215368121963,0.006,0.01,1
chr3-65665911-65666809,Lekr1,0,0.660875593836566,-1.00256580588534,0.006,0.01,1
chr4-43982155-43983038,Ccin,444,0.660875593836566,-0.983593698307694,0.006,0.01,1
chr5-139790963-139791880,Mafk,0,0.660875593836566,-0.854885219552743,0.006,0.01,1
chr9-87015257-87016111,Ripply2,0,0.660875593836566,-1.11892602379872,0.006,0.01,1
chr15-44618731-44619584,Ebag9,56,0.661437231571776,0.128660171356171,0.063,0.054,1
chr8-118283758-118284674,Cdh13,24,0.66156761826871,-0.915655059128478,0.006,0.01,1
chr1-33719581-33720578,Rab23,0,0.661567624104843,-0.86956062714561,0.006,0.01,1
chr10-80141137-80141916,Dos,301,0.661567624104843,-0.939138539030012,0.006,0.01,1
chr11-100414263-100415086,Leprel4,0,0.661567624104843,-0.797990747435365,0.006,0.01,1
chr12-4038427-4039265,Efr3b,0,0.661567624104843,-0.995932702175494,0.006,0.01,1
chr15-78875831-78876658,Gga1,531,0.661567624104843,-0.982828595898688,0.006,0.01,1
chr17-56989698-56990632,Clpp,0,0.661567624104843,-0.913206554714614,0.006,0.01,1
chr2-164804536-164805443,Zswim3,0,0.661567624104843,-0.880571173381345,0.006,0.01,1
chr4-46195935-46196800,Xpa,0,0.661567624104843,-0.890104982476355,0.006,0.01,1
chr6-66895969-66896888,Gng12,0,0.661567624104843,-0.857023761639359,0.006,0.01,1
chr7-140955562-140956590,Ifitm2,0,0.661567624104843,-0.858404593347641,0.006,0.01,1
chr8-11634930-11635441,Ankrd10,312,0.661567624104843,-0.98800757490956,0.006,0.01,1
chr9-112118177-112119079,Mir128-2,0,0.661567624104843,-0.884625426412411,0.006,0.01,1
chrX-71492355-71493154,Cd99l2,0,0.661567624104843,-1.00897117525766,0.006,0.01,1
chr10-93589198-93590050,4933408J17Rik,0,0.661762650435393,-0.761498530778629,0.013,0.017,1
chr10-111506060-111506941,Phlda1,0,0.661762650435393,-0.659213626063757,0.013,0.017,1
chr1-180974122-180975009,RP23-390I1.4,1279,0.662259937834005,-0.883031909103367,0.006,0.01,1
chr2-34406360-34407282,Mapkap1,0,0.662259937834005,-0.855443998964308,0.006,0.01,1
chr13-96924424-96925334,Gcnt4,0,0.662259943659841,-0.771318661519684,0.006,0.01,1
chr16-35021978-35022893,Ptplb,0,0.662259943659841,-0.963828194630618,0.006,0.01,1
chr2-11705003-11705811,Il15ra,0,0.662259943659841,-0.818140153078566,0.006,0.01,1
chr2-92459212-92460074,Slc35c1,463,0.662259943659841,-0.962996708566654,0.006,0.01,1
chr3-116968406-116969290,Palmd,0,0.662259943659841,-0.876044102996001,0.006,0.01,1
chr6-129532759-129533591,Gabarapl1,0,0.662259943659841,-0.814530049413343,0.006,0.01,1
chr7-140844549-140845479,Scgb1c1,67,0.662259943659841,-0.899514661868875,0.006,0.01,1
chrX-123103025-123103967,3110007F17Rik,0,0.662259943659841,-0.981318105305488,0.006,0.01,1
chr3-58525408-58526317,Eif2a,0,0.662808996908166,-0.698657119647552,0.013,0.017,1
chr4-103113993-103114871,Mier1,0,0.662808996908166,-0.646746561345373,0.013,0.017,1
chr11-60536845-60537705,Alkbh5,463,0.662952546175628,-0.861343358244771,0.006,0.01,1
chr13-46929893-46930724,Kif13a,174,0.662952546175628,-0.822498473417422,0.006,0.01,1
chr13-80882832-80883701,Arrdc3,0,0.662952546175628,-0.735524908945657,0.006,0.01,1
chr2-119112222-119113127,Rad51,0,0.662952546175628,-0.73221762793643,0.006,0.01,1
chr11-3202082-3202946,Eif4enif1,0,0.662952551991153,-0.797379305934306,0.006,0.01,1
chr11-75531330-75532199,Slc43a2,0,0.662952551991153,-0.778583830845596,0.006,0.01,1
chr12-8499669-8500583,Rhob,0,0.662952551991153,-0.884230608030055,0.006,0.01,1
chr12-69582474-69583442,Vcpkmt,0,0.662952551991153,-0.795648449382175,0.006,0.01,1
chr17-30004240-30005121,Zfand3,0,0.662952551991153,-0.694678944487061,0.006,0.01,1
chr2-14740169-14741099,RP23-446D4.9,446,0.662952551991153,-0.788495667965736,0.006,0.01,1
chr2-30171131-30171984,Endog,0,0.662952551991153,-0.832076836450495,0.006,0.01,1
chr2-91526363-91527216,Ckap5,0,0.662952551991153,-0.768414576249329,0.006,0.01,1
chr3-68759142-68759828,RP24-399B3.6,1604,0.662952551991153,-0.86048984514998,0.006,0.01,1
chr3-98223931-98224795,Reg4,1774,0.662952551991153,-0.68701726898302,0.006,0.01,1
chr4-66827312-66828199,Tlr4,0,0.662952551991153,-0.796491967427394,0.006,0.01,1
chr4-126532994-126533895,Ago4,0,0.662952551991153,-0.826765673782432,0.006,0.01,1
chr7-44996943-44997838,Irf3,0,0.662952551991153,-0.786734734830452,0.006,0.01,1
chr9-71591935-71592813,Gcom1,0,0.662952551991153,-0.756547603514304,0.006,0.01,1
chr8-83972340-83973211,Prkaca,0,0.663034145788053,0.324333196859079,0.031,0.026,1
chr7-16272913-16273693,Inafm1,0,0.663298964288221,0.740455862523146,0.013,0.009,1
chr7-126884425-126885313,Taok2,0,0.663298964288221,0.626242626118291,0.013,0.009,1
chr3-67429689-67430536,Gfm1,0,0.663332417157706,-0.619960657009115,0.013,0.017,1
chr4-41123919-41124875,Nol6,0,0.663332417157706,-0.689481258025802,0.013,0.017,1
chr11-84129103-84130032,Acaca,0,0.663645436977235,-0.677066683860841,0.006,0.01,1
chr1-37429583-37430446,Unc50,0,0.663645442782433,-0.741837483443683,0.006,0.01,1
chr11-43528524-43529369,Ccnjl,0,0.663645448587631,-0.686233065005382,0.006,0.01,1
chr12-3234940-3235822,Rab10os,0,0.663645448587631,-0.724359166813074,0.006,0.01,1
chr12-51829143-51830043,Hectd1,0,0.663645448587631,-0.774297011007652,0.006,0.01,1
chr13-23760869-23761745,Hist1h4a,0,0.663645448587631,-0.702492640083229,0.006,0.01,1
chr13-55099814-55100649,Uimc1,0,0.663645448587631,-0.660304613499533,0.006,0.01,1
chr14-20545858-20546740,1810062O18Rik,0,0.663645448587631,-0.731293388911443,0.006,0.01,1
chr15-36792140-36793043,Ywhaz,1503,0.663645448587631,-0.757138810763548,0.006,0.01,1
chr17-31276868-31277768,Rsph1,0,0.663645448587631,-0.798018230126213,0.006,0.01,1
chr19-60790468-60791379,Eif3a,0,0.663645448587631,-0.701548726853951,0.006,0.01,1
chr2-26139994-26141104,C330006A16Rik,0,0.663645448587631,-0.783006090928991,0.006,0.01,1
chr5-138171555-138172392,Ap4m1,0,0.663645448587631,-0.905473613451776,0.006,0.01,1
chr6-39528368-39529295,8030453O22Rik,854,0.663645448587631,-0.773385270314433,0.006,0.01,1
chr7-5037881-5038744,Zfp784,0,0.663645448587631,-0.671996588128709,0.006,0.01,1
chr9-96478230-96479107,Rnf7,0,0.663645448587631,-0.768157010877242,0.006,0.01,1
chr8-77723770-77724659,Ednra,0,0.663944870690387,-0.339498434373831,0.019,0.024,1
chr3-19894329-19895217,4632415L05Rik,0,0.664121483480365,0.0236227780378591,0.069,0.059,1
chr10-94147525-94148335,Nr2c1,0,0.664338632937389,-0.706960212017775,0.006,0.01,1
chr17-63498483-63499367,Fbxl17,649,0.664338632937389,-0.684744147959742,0.006,0.01,1
chr2-92059441-92060389,2900072N19Rik,71,0.664338632937389,-0.671618994125336,0.006,0.01,1
chr4-135352819-135353736,Srrm1,0,0.664338632937389,-0.685831513274967,0.006,0.01,1
chr7-45161773-45162695,Slc17a7,1225,0.664338632937389,-0.696939843565803,0.006,0.01,1
chr13-44730191-44731063,Jarid2,716,0.664379750579875,-0.66362671414484,0.013,0.017,1
chr18-65799874-65800803,Sec11c,0,0.664769555392886,-0.319260497273531,0.044,0.051,1
chr7-99625529-99626424,Gm10605,0,0.665032098743307,-0.656699919688182,0.006,0.01,1
chr10-81167433-81168309,Pias4,0,0.665032104527806,-0.66935562595625,0.006,0.01,1
chr11-80809752-80810660,Tmem98,0,0.665032104527806,-0.626964655482257,0.006,0.01,1
chr12-36313751-36314683,Sostdc1,0,0.665032104527806,-0.639128177867661,0.006,0.01,1
chr3-32396560-32397433,Pik3ca,237,0.665032104527806,-0.684054772283394,0.006,0.01,1
chr7-109985857-109986872,Tmem41b,56,0.665032104527806,-0.688048226291521,0.006,0.01,1
chrX-12761536-12762435,Gm14634,0,0.665032104527806,-0.689028963059057,0.006,0.01,1
chr8-25016662-25017552,Adam9,0,0.665369235016397,-0.319497040128701,0.057,0.064,1
chr6-24530092-24530914,Asb15,1947,0.665378947877866,0.846773340155863,0.013,0.009,1
chr6-7844193-7845092,C1galt1,0,0.665662540315863,0.202295141604055,0.05,0.043,1
chr1-62717783-62718615,Gm29083,0,0.665725857071394,-0.647026288388832,0.006,0.01,1
chr4-62501839-62502697,Hdhd3,769,0.665725857071394,-0.567005906267415,0.006,0.01,1
chr16-32608487-32609384,Tfrc,0,0.665725862845522,-0.650550955815665,0.006,0.01,1
chr8-70856641-70857526,Kcnn1,0,0.665725862845522,-0.65666933406499,0.006,0.01,1
chrX-96095842-96096653,Msn,0,0.665725862845522,-0.66779082462299,0.006,0.01,1
chr13-55444746-55445602,Grk6,0,0.665921632099451,-0.311964748901004,0.019,0.024,1
chr1-86154310-86155181,Armc9,0,0.665951979703997,-0.552767059568232,0.013,0.017,1
chr7-104244026-104244918,Trim34a,0,0.665951979703997,-0.546923312091361,0.013,0.017,1
chr4-82642819-82643679,Gm11268,418,0.666072849366492,0.623911033342475,0.013,0.009,1
chr8-66696723-66697615,Npy1r,0,0.666072849366492,0.678373258798245,0.013,0.009,1
chr1-24678128-24679036,Lmbrd1,0,0.666398864048235,0.249786773781109,0.031,0.026,1
chr16-18127022-18127865,Rtn4r,0,0.666419901612702,-0.603180720083975,0.006,0.01,1
chr19-44562370-44563260,Hif1an,0,0.666419901612702,-0.558492247373767,0.006,0.01,1
chr11-59306371-59307258,Wnt9a,0,0.666419907376444,-0.643353068709785,0.006,0.01,1
chr11-116586601-116587511,Aanat,168,0.666419907376444,-0.579587753031923,0.006,0.01,1
chr15-73186625-73187528,Ago2,1784,0.666419907376444,-0.615300174724259,0.006,0.01,1
chr19-34475272-34476147,Ch25h,136,0.666419907376444,-0.490652112595157,0.006,0.01,1
chr5-25498617-25499358,Kmt2c,0,0.666419907376444,-0.476730997565517,0.006,0.01,1
chr16-38741818-38742702,B4galt4,0,0.666767031052459,-0.565574040258164,0.006,0.01,1
chr5-45519849-45520748,Med28,0,0.666767031052459,0.619087923717466,0.013,0.009,1
chr15-99126139-99127018,Spats2,0,0.666767036811002,0.618044175895805,0.013,0.009,1
chr7-123500092-123501007,Zkscan2,0,0.666767036811002,0.687641536413545,0.013,0.009,1
chr6-108828037-108828953,Edem1,0,0.666819923453243,0.26914380100083,0.031,0.026,1
chr1-127773566-127774482,Ccnt2,0,0.667000949195284,-0.520054507863325,0.013,0.017,1
chr17-33908884-33909798,BC051226,0,0.667000949195284,-0.558818895539684,0.013,0.017,1
chr7-28766112-28767029,Sirt2,0,0.667000949195284,-0.527154074961395,0.013,0.017,1
chr11-97415202-97416054,Arhgap23,0,0.667114237605743,-0.593446203949756,0.006,0.01,1
chr2-92433704-92434617,Cry2,0,0.667114237605743,-0.564837968202859,0.006,0.01,1
chr5-117976271-117977225,Gm25343,0,0.667114237605743,-0.528775457754426,0.006,0.01,1
chr19-4476605-4477478,Syt12,0,0.6674615096962,0.53405347823343,0.013,0.009,1
chr10-52381680-52382531,Gopc,0,0.667525678297244,-0.572324831386029,0.013,0.017,1
chr10-95514551-95515476,Ube2n,0,0.667525678297244,-0.556427647794708,0.013,0.017,1
chr13-64152979-64153868,Zfp367,0,0.667545062722015,0.359744885278744,0.025,0.02,1
chr12-15816533-15817426,Trib2,0,0.667808847274934,-0.367355735027696,0.006,0.01,1
chr10-34280258-34281158,Tspyl1,1031,0.667808853017859,-0.527524078469437,0.006,0.01,1
chr10-60002701-60003574,Ascc1,0,0.667808853017859,-0.474655094011825,0.006,0.01,1
chr13-113035697-113036579,Mir449c,0,0.667808853017859,-0.455697555320203,0.006,0.01,1
chr19-4615422-4616287,Lrfn4,0,0.667808853017859,-0.488744624908969,0.006,0.01,1
chr4-62470377-62471226,Wdr31,0,0.667808853017859,-0.528227181836599,0.006,0.01,1
chr7-35056150-35057068,Cebpg,0,0.667808853017859,-0.467171205706459,0.006,0.01,1
chr3-65658745-65659569,Mir8120,0,0.668156261768448,-0.475611889546653,0.006,0.01,1
chr4-134102168-134103119,Ubxn11,0,0.66815626750616,0.669601548499138,0.013,0.009,1
chr6-83572058-83572943,Stambp,0,0.66815626750616,0.59431146968817,0.013,0.009,1
chr12-7978178-7979061,Apob,529,0.668180628221663,-0.383595971015359,0.025,0.031,1
chr16-17891365-17892279,Gm20518,0,0.668255456161253,0.393439127904092,0.025,0.02,1
chr2-28446551-28447494,Ppp1r26,0,0.668503747364004,0.578096277431724,0.013,0.009,1
chr1-82634275-82635140,n-R5s213,0,0.668503753096498,-0.575990021827854,0.006,0.01,1
chr13-52929146-52929973,Auh,0,0.668503753096498,-0.487445056459742,0.006,0.01,1
chr9-21287611-21288473,Kri1,0,0.668503753096498,-0.564490552201305,0.006,0.01,1
chr2-119741805-119742619,Itpka,0,0.668851309724223,0.588787618889448,0.013,0.009,1
chr11-72041863-72042770,Fam64a,0,0.669198937324638,-0.469599888567887,0.006,0.01,1
chr11-77982301-77982958,Phf12,0,0.669198937324638,-0.496365556865715,0.006,0.01,1
chr2-112261339-112262388,Nop10,0,0.669198937324638,-0.438577048966772,0.006,0.01,1
chr4-141790379-141791215,Dnajc16,0,0.669198937324638,-0.449409863570034,0.006,0.01,1
chr19-4125420-4126327,Aip,0,0.669309450490471,0.154933867379746,0.038,0.031,1
chr10-13552726-13553634,Adat2,0,0.669440112608468,0.345399436607715,0.025,0.02,1
chr12-30584185-30585077,Tmem18,0,0.66945639387391,-0.425652737938019,0.038,0.044,1
chr15-89128039-89128966,Hdac10,0,0.669546635833002,0.554098686380821,0.013,0.009,1
chr18-80150722-80151287,Adnp2,194,0.669546635833002,0.478132626658055,0.013,0.009,1
chr9-69397483-69398334,Ice2,0,0.669546635833002,0.421131473324075,0.013,0.009,1
chrX-7318808-7319693,Clcn5,0,0.669546635833002,0.46342789442993,0.013,0.009,1
chrX-107815881-107816793,2610002M06Rik,0,0.669677139566352,0.339678327329323,0.025,0.02,1
chr10-85184851-85185758,Cry1,0,0.669770306122546,0.180161748448101,0.031,0.026,1
chr15-86058228-86059138,Gramd4,532,0.669894405184527,-0.340378874890789,0.006,0.01,1
chr4-145194579-145195418,Vps13d,0,0.669894405184527,-0.491834262270191,0.006,0.01,1
chr9-36796923-36797811,Ei24,0,0.669894405184527,-0.474303457097459,0.006,0.01,1
chr10-110455597-110456357,Nav3,0,0.670151297488608,0.338235893679818,0.025,0.02,1
chr6-52639943-52640798,Hibadh,0,0.670242239608026,0.439139285181187,0.013,0.009,1
chr1-138617683-138618452,Nek7,1688,0.670242245314379,0.461580188348678,0.013,0.009,1
chr10-71344457-71345368,Cisd1,0,0.670242245314379,0.522460371000632,0.013,0.009,1
chr12-76709790-76710490,Sptb,56,0.670242245314379,0.441287941609718,0.013,0.009,1
chr14-29721641-29722432,Cacna2d3,0,0.670242245314379,0.496499579502621,0.013,0.009,1
chr17-14693769-14694659,Thbs2,0,0.670242245314379,0.482326225629236,0.013,0.009,1
chr2-31572231-31573154,Fubp3,0,0.670242245314379,0.645219089265855,0.013,0.009,1
chr9-49055186-49056075,Zw10,0,0.670242245314379,0.408967598156081,0.013,0.009,1
chr9-66974976-66975835,Lactb,0,0.670244634955316,0.505732528962202,0.019,0.015,1
chr2-25426626-25427458,Abca2,1244,0.670590156157681,-0.443911074163949,0.006,0.01,1
chr3-153973361-153974177,Slc44a5,0,0.670590156157681,-0.337838929783219,0.006,0.01,1
chr4-155811885-155812787,Ccnl2,0,0.670590156157681,-0.389224078300225,0.006,0.01,1
chr15-55071674-55072593,Taf2,0,0.670614210660842,0.202930052938821,0.031,0.026,1
chr10-128525569-128526449,Esyt1,0,0.670677459861239,-0.465652046519891,0.013,0.017,1
chr2-26236975-26237837,Qsox2,0,0.670798342632069,0.502731591323303,0.019,0.015,1
chr13-117603870-117604812,Hcn1,1389,0.670938137649509,0.529905825154222,0.013,0.009,1
chr7-81455126-81455966,Cpeb1,0,0.670938137649509,0.469577605859211,0.013,0.009,1
chr8-71405527-71406608,Ankle1,0,0.670938137649509,0.454827032821704,0.013,0.009,1
chr5-76183520-76184345,Tmem165,0,0.671203319280044,-0.469827352120945,0.013,0.017,1
chr18-4352671-4353553,Map3k8,0,0.67120332252896,-0.512867857029113,0.013,0.017,1
chr5-143547159-143547865,Fam220a,840,0.671286189724894,-0.28991718409983,0.006,0.01,1
chr7-141215331-141216174,Rassf7,0,0.671286189724894,-0.222765709410053,0.006,0.01,1
chr8-94666212-94667142,Arl2bp,0,0.671286189724894,-0.131397048103596,0.006,0.01,1
chr10-39731431-39732141,E130307A14Rik,0,0.671352229136968,0.490691315594457,0.019,0.015,1
chr2-164785464-164786352,Snx21,0,0.671352229136968,0.488199176108637,0.019,0.015,1
chr19-6979704-6980561,Fkbp2,0,0.671508818060257,-0.371772247324712,0.038,0.045,1
chr11-69578842-69579807,Wrap53,447,0.671634312318821,0.480003063452947,0.013,0.009,1
chr11-69672031-69672924,Eif4a1,0,0.671634312318821,0.361318845726637,0.013,0.009,1
chr18-12941383-12942234,Osbpl1a,0,0.671634312318821,0.373516450813876,0.013,0.009,1
chr19-8740979-8741890,Stx5a,0,0.671634312318821,0.435930115495992,0.013,0.009,1
chr6-48840886-48841716,Tmem176b,0,0.671634312318821,0.418624393342264,0.013,0.009,1
chr9-51963030-51963830,Fdx1,0,0.671634312318821,0.418920052295068,0.013,0.009,1
chrX-151520226-151521190,Phf8,0,0.671634312318821,0.440521134588188,0.013,0.009,1
chr7-126587509-126588365,Cln3,1691,0.671729346239658,-0.441748964135228,0.013,0.017,1
chr5-140505036-140505942,Chst12,0,0.671906294207993,0.464088910677471,0.019,0.015,1
chr1-7397615-7398479,Gm26901,0,0.671963246348603,-0.346160462388586,0.057,0.063,1
chr10-95940174-95941065,Eea1,0,0.672229983216,-0.361467473212184,0.031,0.038,1
chr8-111853886-111854761,Cfdp1,0,0.672255530768878,-0.419491135618434,0.013,0.017,1
chr2-133549825-133550725,Bmp2,1433,0.672330763127153,0.37211161554277,0.013,0.009,1
chr11-101665093-101665942,Arl4d,0,0.672330768802017,0.410279396094523,0.013,0.009,1
chr14-54253607-54254474,Dad1,0,0.672330768802017,0.345892527787566,0.013,0.009,1
chr14-59597419-59598306,Cdadc1,0,0.672330768802017,0.417642403375016,0.013,0.009,1
chr17-56303847-56304686,Uhrf1,525,0.672330768802017,0.468083462806689,0.013,0.009,1
chr7-120669968-120670881,Pdzd9,0,0.672330768802017,0.397499342084795,0.013,0.009,1
chr9-44396486-44397381,Gm26306,570,0.672330768802017,0.407548485298442,0.013,0.009,1
chrX-7840959-7841813,Otud5,0,0.672330768802017,0.37339433722552,0.013,0.009,1
chr4-110351375-110352274,Elavl4,0,0.672781875891927,-0.387629982034617,0.013,0.017,1
chr16-57754856-57755867,Col8a1,118,0.673027506578075,0.3520513450339,0.013,0.009,1
chr17-24414115-24414995,D330041H03Rik,0,0.673027506578075,0.395373067081511,0.013,0.009,1
chr18-15150492-15151413,Kctd1,32,0.673027506578075,0.359462913533942,0.013,0.009,1
chr2-51934311-51935228,Rbm43,0,0.673027506578075,0.45611980557128,0.013,0.009,1
chr4-138434189-138435125,Mul1,0,0.673027506578075,0.369079028077209,0.013,0.009,1
chr5-14025084-14026024,Sema3e,0,0.673027506578075,0.398588312873766,0.013,0.009,1
chr5-123720576-123721434,Zcchc8,0,0.673027506578075,0.276916085265913,0.013,0.009,1
chr6-115134472-115135362,Gm17733,0,0.673027506578075,0.388680919958025,0.013,0.009,1
chr7-27860315-27861267,Zfp607,1289,0.673027506578075,0.422371998168018,0.013,0.009,1
chr1-168431956-168432856,Pbx1,0,0.673148413022243,0.237639085800962,0.031,0.026,1
chr19-31082426-31083319,Cstf2t,0,0.67371166060148,0.358426480478524,0.025,0.02,1
chr11-116130220-116131066,Trim65,61,0.67372452512525,0.343825468676897,0.013,0.009,1
chr15-73184700-73185599,Ago2,0,0.67372452512525,0.320498705980017,0.013,0.009,1
chr6-39592215-39593079,Ndufb2,0,0.67372452512525,0.311028932174978,0.013,0.009,1
chr7-98177946-98178797,Capn5,0,0.67372452512525,0.381141912176232,0.013,0.009,1
chr9-44965202-44966141,Ube4a,0,0.67372452512525,0.184419671747656,0.013,0.009,1
chr9-97110687-97111606,Slc25a36,0,0.67372452512525,0.350656440890137,0.013,0.009,1
chr16-58727582-58728455,Cldn25,0,0.673975513837253,-0.321515517467204,0.038,0.045,1
chr11-101082075-101082932,Coasy,0,0.674421823921074,0.402145044698686,0.013,0.009,1
chr19-42085897-42086715,Morn4,0,0.674421823921074,0.27245985057602,0.013,0.009,1
chr4-11558349-11559259,Rad54b,0,0.674421823921074,0.435933084035501,0.013,0.009,1
chr6-72413850-72414733,Ggcx,0,0.674421823921074,0.372783346964927,0.013,0.009,1
chr6-112696186-112697046,Rad18,0,0.674421823921074,0.388563748469219,0.013,0.009,1
chr7-30072283-30073050,Zfp82,0,0.674421823921074,0.417366337450969,0.013,0.009,1
chrX-136976449-136977358,Tmsb15b1,0,0.674421823921074,0.313751665364248,0.013,0.009,1
chr5-91962555-91963431,Rchy1,0,0.674662333313148,0.304974647897029,0.025,0.02,1
chr6-145210577-145211489,Casc1,0,0.674798528597449,-0.355896225889628,0.038,0.045,1
chr5-135009512-135010054,Abhd11,359,0.674888854603186,-0.304914257036002,0.013,0.017,1
chr2-52072374-52073250,Rif1,0,0.674888857820305,-0.371754435804218,0.013,0.017,1
chr4-21727287-21728182,Ccnc,0,0.67499225010259,-0.709076702629158,0.019,0.024,1
chr2-155956029-155956958,Cep250,0,0.67511940244236,0.352902129459958,0.013,0.009,1
chr5-115010603-115011491,Sppl3,0,0.67511940244236,0.310783970080895,0.013,0.009,1
chr8-41416730-41417667,Frg1,0,0.67511940244236,0.361531587746947,0.013,0.009,1
chr10-111972260-111973152,Krr1,0,0.675263090289361,0.218753739461849,0.031,0.026,1
chr10-77621871-77622742,Ube2g2,0,0.675789727485983,0.370823056195531,0.019,0.015,1
chr4-86669494-86670264,Plin2,0,0.675789727485983,0.394480901512321,0.019,0.015,1
chr11-103102524-103103401,Acbd4,841,0.675817260165197,0.306872855930181,0.013,0.009,1
chr15-50889828-50890864,Trps1,0,0.675817260165197,0.244924790003914,0.013,0.009,1
chr17-46282566-46283465,Tjap1,0,0.675817260165197,0.269158131332355,0.013,0.009,1
chr18-61554580-61555545,Csnk1a1,0,0.675817260165197,0.242496662524813,0.013,0.009,1
chr19-47854499-47855430,Gsto1,0,0.675817260165197,0.349214751806789,0.013,0.009,1
chr2-130397077-130397993,Cpxm1,0,0.675817260165197,0.310131866325509,0.013,0.009,1
chr4-41502738-41503618,AI464131,0,0.675817260165197,0.31797896114765,0.013,0.009,1
chr5-9725604-9726438,Grm3,251,0.675817260165197,0.329100809347781,0.013,0.009,1
chr6-83077893-83078775,Pcgf1,23,0.675817260165197,0.192967852098169,0.013,0.009,1
chr7-109960016-109960867,Dennd5a,0,0.675817260165197,0.262002398786399,0.013,0.009,1
chr7-120101969-120102840,Tmem159,0,0.675817260165197,0.27565821971598,0.013,0.009,1
chr19-38223698-38224575,Fra10ac1,0,0.676089312156864,0.233740357213605,0.025,0.02,1
chr2-26445069-26445929,0610009E02Rik,0,0.676235996703801,0.121420058011767,0.038,0.031,1
chr5-143527680-143528604,Rac1,0,0.67651539095347,0.226077040486013,0.013,0.009,1
chrX-103355973-103356912,Chic1,0,0.67651539095347,0.249636874547289,0.013,0.009,1
chr10-128194044-128195014,Gls2,0,0.67651539656496,0.30663980253999,0.013,0.009,1
chr2-127143008-127144007,Itpripl1,0,0.67651539656496,0.222576406885472,0.013,0.009,1
chr4-3974898-3975745,Gm11808,1302,0.67651539656496,0.21053048010842,0.013,0.009,1
chr4-40278930-40279790,Ndufb6,0,0.67651539656496,0.250677603949919,0.013,0.009,1
chr9-21723238-21723795,Gm26511,0,0.67651539656496,0.106189362874548,0.013,0.009,1
chr19-5023720-5024597,Slc29a2,0,0.676900871945841,0.39128694359824,0.019,0.015,1
chr1-60409150-60410098,Abi2,0,0.676998388014493,-0.349703087849789,0.013,0.017,1
chr15-53902089-53902912,Samd12,0,0.677041275988845,0.266901271182209,0.025,0.02,1
chr10-81036914-81037869,Slc39a3,0,0.677213811116304,0.321132710267349,0.013,0.009,1
chr13-100650551-100651455,Ak6,0,0.677213811116304,0.213014617303232,0.013,0.009,1
chr19-5272755-5273649,Pacs1,0,0.677213811116304,0.340145105179301,0.013,0.009,1
chr2-30093294-30094200,Zdhhc12,0,0.677213811116304,0.24839598712287,0.013,0.009,1
chr2-153290897-153291788,Kif3b,0,0.677213811116304,0.283219994956032,0.013,0.009,1
chr7-28311672-28312591,Timm50,0,0.677213811116304,0.302165280983181,0.013,0.009,1
chr9-21313021-21313879,Ap1m2,687,0.677213811116304,0.310048141930302,0.013,0.009,1
chr9-27030308-27031056,Ncapd3,132,0.677213811116304,0.233279318699395,0.013,0.009,1
chr16-11176000-11176909,Zc3h7a,0,0.677456708203213,0.314240605168021,0.019,0.015,1
chr6-30304137-30305050,Ube2h,0,0.677456708203213,0.359613261829792,0.019,0.015,1
chr7-109518598-109519474,Rpl27a,0,0.677456708203213,0.360415005133556,0.019,0.015,1
chr8-85554923-85555850,Dnaja2,0,0.677912503293166,0.257640755296654,0.013,0.009,1
chr9-106474207-106475123,Rrp9,839,0.677912503293166,0.0993112168935388,0.013,0.009,1
chr12-3426408-3427262,Asxl2,0,0.678012716586836,0.292653726100763,0.019,0.015,1
chr9-78587597-78588540,Slc17a5,0,0.678347791607106,-0.567554091785949,0.019,0.024,1
chr10-22730998-22731904,Tbpl1,33,0.678470195725036,0.181617822987936,0.025,0.02,1
chr16-26371285-26372177,Cldn1,0,0.678470195725036,0.24845247274054,0.025,0.02,1
chr18-46525638-46526528,Fem1c,0,0.678536397724297,0.0561715076440583,0.069,0.059,1
chr11-69323470-69324382,Trappc1,0,0.678568907446856,0.346101243324698,0.019,0.015,1
chr6-38551195-38551714,Luc7l2,0,0.678582206940583,-0.270867494076325,0.013,0.017,1
chr14-32856498-32857479,Vstm4,0,0.67861147256877,0.193936719964216,0.013,0.009,1
chr14-49065984-49066917,Ap5m1,0,0.67861147256877,0.252851647979487,0.013,0.009,1
chr2-33215559-33216431,Angptl2,0,0.67861147256877,0.265531304501861,0.013,0.009,1
chr3-107093847-107094728,Gm27008,0,0.67861147256877,0.0436332704857048,0.013,0.009,1
chr4-116876677-116877582,Zswim5,0,0.67861147256877,0.123163850646805,0.013,0.009,1
chr4-14863726-14864604,Tmem55a,0,0.678651908099988,0.0928178633808909,0.031,0.026,1
chr19-33391464-33392306,Rnls,0,0.67900377272164,0.0596808988254711,0.044,0.037,1
chr13-92483410-92484280,Fam151b,0,0.679019674106325,-0.589884633475864,0.019,0.024,1
chr11-62648242-62649175,Mmgt2,0,0.679125269901872,0.331230547117705,0.019,0.015,1
chr10-128322220-128323112,Cnpy2,0,0.679310718415625,0.14300887395406,0.013,0.009,1
chr2-158228785-158229749,D630003M21Rik,0,0.679310718415625,0.0430935634195491,0.013,0.009,1
chr9-73025888-73026818,RP24-176F12.12,1594,0.679310718415625,-0.0885394997036109,0.013,0.009,1
chr5-34513592-34514489,Tnip2,0,0.679467734490445,-0.512180136023726,0.019,0.024,1
chr6-72097065-72097959,St3gal5,0,0.679638873866904,-0.189173739690628,0.013,0.017,1
chrX-162829074-162829980,Txlng,0,0.679915908131485,-0.511161358636586,0.019,0.024,1
chr11-34314274-34315191,Fam196b,0,0.680010240305527,0.0727787424980688,0.013,0.009,1
chr7-143756570-143757514,Osbpl5,0,0.680010240305527,0.201894917855685,0.013,0.009,1
chr7-30649799-30650716,Gm26610,0,0.681092873630685,0.190326571165209,0.025,0.02,1
chr14-62760893-62761773,Ints6,0,0.681261109478166,-0.527248310313978,0.019,0.024,1
chr3-100969139-100970194,Ttf2,0,0.681331496378105,0.205209806581999,0.025,0.02,1
chr1-60566323-60567365,Raph1,0,0.681352465731916,0.315568369911817,0.019,0.015,1
chr12-101083176-101084094,Smek1,0,0.681352465731916,0.263808012477239,0.019,0.015,1
chr8-102784707-102785614,Cdh11,0,0.681352465731916,0.257493903434911,0.019,0.015,1
chr9-54950337-54951237,Psma4,0,0.681352465731916,0.232898648832451,0.019,0.015,1
chr5-102069493-102070300,Wdfy3,0,0.681410110098099,-0.00133008449919281,0.013,0.009,1
chr9-21592401-21593310,1810026J23Rik,0,0.681410110098099,0.00261858915539914,0.013,0.009,1
chr7-90426049-90426919,Ccdc89,0,0.681808827212546,0.219092211651084,0.025,0.02,1
chr2-144011003-144011907,Rrbp1,0,0.68186259878342,0.246700493023488,0.038,0.032,1
chr11-5761866-5762758,2210015D19Rik,0,0.681909699858076,0.332142130192712,0.019,0.015,1
chr11-23255226-23256134,Xpo1,0,0.681953685734856,0.190267896581582,0.063,0.055,1
chr4-32950421-32951316,Ankrd6,0,0.682158470317827,-0.543799227577758,0.019,0.024,1
chr6-71271167-71272071,Mir8112,0,0.682467104021672,0.23080973331745,0.019,0.015,1
chr11-70969736-70970596,Rpain,0,0.682467107517161,0.302895167740212,0.019,0.015,1
chr11-120824020-120824935,Fasn,0,0.682684575235992,0.101760186304392,0.031,0.026,1
chr16-65562357-65563240,Chmp2b,0,0.682763870848765,0.183995411244533,0.025,0.02,1
chr7-92560890-92561801,Ccdc90b,0,0.682923181755925,-0.394277494487922,0.031,0.037,1
chr8-3467175-3468041,Pex11g,0,0.683024684951326,0.273849354743899,0.019,0.015,1
chr19-8682722-8683542,Gm22820,558,0.683024688441407,0.246277056496223,0.019,0.015,1
chr12-111038771-111039650,Rcor1,0,0.683582442362767,0.225617646497409,0.019,0.015,1
chr2-29124659-29125508,Setx,477,0.683582442362767,0.28608303513174,0.019,0.015,1
chr16-94313048-94313912,Hlcs,0,0.684140369012911,0.277293527964763,0.019,0.015,1
chr17-46555851-46556784,Srf,0,0.684140369012911,0.316280993848355,0.019,0.015,1
chr6-148946044-148946932,Fam60a,0,0.684140369012911,0.253281898587408,0.019,0.015,1
chr6-8258846-8259734,Rpa3,0,0.684180499084474,-0.442715436496108,0.025,0.031,1
chr4-53011678-53012602,Nipsnap3b,0,0.68435170156033,0.110395523581746,0.038,0.031,1
chr4-149954766-149955659,Spsb1,0,0.684403843011483,-0.464332593923854,0.019,0.024,1
chr5-151368270-151369185,1700028E10Rik,0,0.684675481273458,0.169979390652217,0.025,0.02,1
chr19-4282752-4283694,Ankrd13d,0,0.684698468123226,0.214861877428773,0.019,0.015,1
chr17-56218444-56219401,Dpp9,0,0.685256739424817,0.239979988438499,0.019,0.015,1
chr7-130865412-130866253,Plekha1,0,0.685815182648509,0.235651881760865,0.019,0.015,1
chr9-61946327-61947161,Kif23,0,0.685815182648509,0.0484040321973813,0.019,0.015,1
chr1-93343261-93343872,Pask,0,0.686373797524843,0.104796316146447,0.019,0.015,1
chr2-181496591-181497361,Tpd52l2,0,0.686373797524843,0.113719837835148,0.019,0.015,1
chr6-116767472-116768360,Gm22882,1819,0.686373797524843,0.0903528067777675,0.019,0.015,1
chr13-76098151-76099030,Arsk,0,0.686589113560541,0.150739923091971,0.025,0.02,1
chr2-166713516-166714411,Prex1,0,0.686589113560541,0.197724564864045,0.025,0.02,1
chr12-17266042-17266944,Pdia6,0,0.686652010945453,-0.444010035171452,0.019,0.024,1
chr2-172999594-173000499,Rae1,0,0.686932580332012,0.194344590940742,0.019,0.015,1
chr12-4233667-4234608,Ptrhd1,0,0.686932583784081,0.0501735346056353,0.019,0.015,1
chr9-15305728-15306624,Taf1d,0,0.686932583784081,0.234158893115787,0.019,0.015,1
chr19-36083374-36083956,Rpp30,0,0.687067831214032,0.0855478286830103,0.025,0.02,1
chr16-5013181-5014073,Rogdi,0,0.687363948471063,-0.469478845279907,0.025,0.031,1
chr8-39005581-39006415,Tusc3,0,0.687453078268814,0.00972083641154686,0.038,0.031,1
chr1-153332615-153333625,Lamc1,0,0.687552055322048,-0.410447517857168,0.019,0.024,1
chr5-107289056-107289982,Tgfbr3,0,0.688050669370908,0.232091300350683,0.019,0.015,1
chr4-107253210-107254142,Lrrc42,0,0.688452540409879,-0.460474939532932,0.019,0.024,1
chr11-69632269-69633185,Fxr2,0,0.688609968157618,0.13457479987524,0.019,0.015,1
chr12-8673676-8674557,Pum2,0,0.689169437245474,0.0411188307789354,0.019,0.015,1
chr8-72570533-72571460,Smim7,0,0.689169437245474,0.187089418021611,0.019,0.015,1
chr12-54656181-54657093,Sptssa,0,0.690288878401263,0.0278001544528559,0.019,0.015,1
chr15-79546251-79547126,Ddx17,0,0.690288885239793,0.06573563948829,0.019,0.015,1
chr6-146642123-146642986,Med21,0,0.690350234010484,0.0742122142705561,0.031,0.026,1
chr7-140036102-140037001,Zfp511,0,0.690568846419553,0.0865927590994042,0.019,0.015,1
chr13-74639780-74640662,Erap1,0,0.690705691366326,-0.317382136624075,0.019,0.024,1
chr2-155276025-155276826,Map1lc3a,0,0.690848863603144,0.154705832081872,0.019,0.015,1
chr3-65870972-65871848,RP23-251B16.2,432,0.690848863603144,0.11014195486737,0.019,0.015,1
chr3-106547263-106548199,Dram2,0,0.690902122416451,0.0565320054428771,0.025,0.02,1
chr13-59584775-59585686,Agtpbp1,0,0.69138196867585,0.0809577587900887,0.025,0.02,1
chr17-35916299-35917111,Mrps18b,0,0.691409011181418,0.145225470236164,0.019,0.015,1
chr15-100551570-100552467,Tfcp2,0,0.692284526764489,-0.380663323061707,0.019,0.024,1
chr10-22644765-22645618,Slc2a12,0,0.692342032975943,0.0483413086693063,0.025,0.02,1
chr6-29278548-29279475,Fam71f2,117,0.692529812893454,0.0793963168686727,0.019,0.015,1
chr15-51865103-51865992,Eif3h,0,0.6942636438998,-0.00427674123737987,0.025,0.02,1
chr13-90922535-90923380,Rps23,0,0.695143866212881,0.193834522475999,0.038,0.032,1
chr2-132252744-132253539,AV099323,0,0.695220199618928,-0.332866641722239,0.019,0.024,1
chr12-4816997-4817892,Sf3b6,0,0.695309167199091,-0.908044182920508,0.013,0.016,1
chr15-75747993-75748899,Mafa,70,0.695674101920277,0.289942989111909,0.031,0.026,1
chr11-116138456-116139340,Mrpl38,0,0.695674103836255,0.295194609322877,0.031,0.026,1
chr9-40191959-40192797,Zfp202,0,0.696124408279393,-0.304854079774227,0.019,0.024,1
chr11-45954874-45955798,Thg1l,0,0.696935860743939,-0.722060621058719,0.013,0.016,1
chr11-118289854-118290760,Usp36,0,0.697029046880412,-0.257728941756809,0.019,0.024,1
chr5-120612522-120613529,Rita1,0,0.69725747903523,-0.253899956471905,0.044,0.051,1
chr9-7763529-7764433,Tmem123,0,0.697958828375919,-0.0881446827806349,0.038,0.031,1
chr3-38885399-38886166,Fat4,773,0.69802110038355,-0.694399719598829,0.013,0.016,1
chr14-99298242-99299024,Klf5,0,0.698021103499629,-0.766914130949613,0.013,0.016,1
chr15-26895094-26895964,Fbxl7,44,0.698549397141463,-0.318578785286557,0.025,0.031,1
chr1-131527180-131528106,Fam72a,0,0.698761164162825,-0.280487431090398,0.038,0.044,1
chr10-86021397-86022338,Fbxo7,0,0.69910696096295,-0.822321346717878,0.013,0.016,1
chr10-89731868-89732758,Actr6,0,0.69910696096295,-0.812339351850547,0.013,0.016,1
chrX-139684489-139685377,Tbc1d8b,0,0.69910696096295,-0.635559554646825,0.013,0.016,1
chr18-70472037-70472895,Stard6,0,0.699350901568885,-0.341777638288488,0.025,0.031,1
chr10-111472693-111473579,Nap1l1,0,0.699914996959836,0.231060771028075,0.031,0.026,1
chrX-101273611-101274531,Med12,0,0.700736898159479,-0.656847662807604,0.013,0.016,1
chr4-33309849-33310720,Gm11934,0,0.70073690125048,-0.534888693928452,0.013,0.016,1
chr17-36836695-36837611,Trim26,0,0.70097189915147,0.0826941175932952,0.044,0.037,1
chr4-99715151-99716048,Alg6,0,0.701401532715492,0.288040579442598,0.031,0.026,1
chr1-151343922-151344771,Ivns1abp,0,0.701824294600573,-0.538398438058277,0.013,0.016,1
chr8-64733250-64734158,Msmo1,0,0.702077322919337,0.35039997339036,0.025,0.021,1
chr7-99140879-99141802,Uvrag,0,0.702243418560929,-0.52202843297137,0.031,0.037,1
chr6-71632694-71633526,Kdm3a,0,0.702368220475167,-0.534326919539589,0.013,0.016,1
chr8-95331567-95332508,Zfp319,0,0.702465886571872,-0.210843179343258,0.019,0.024,1
chr17-69383509-69384264,Zbtb14,458,0.702912295745628,-0.551807356937,0.013,0.016,1
chr11-116670986-116671896,1810032O08Rik,0,0.703456529374484,-0.763904460411498,0.013,0.016,1
chr1-17097507-17098395,Jph1,0,0.703739830215913,0.245134506348207,0.031,0.026,1
chr13-19177368-19178250,Tcrg-V7,0,0.703856550282525,0.132769329043971,0.038,0.032,1
chr16-10542642-10543510,Dexi,0,0.704545446139286,-0.465513298452703,0.013,0.016,1
chr16-15594009-15594897,Ube2v2,0,0.704545446139286,-0.493195667233211,0.013,0.016,1
chr17-24220184-24221261,1600002H07Rik,0,0.704545446139286,-0.507987231097904,0.013,0.016,1
chr3-83054981-83055857,Plrg1,0,0.704686205708758,-0.27959690180673,0.031,0.037,1
chr1-16688206-16688987,Ly96,154,0.70509013184486,-0.492040595871795,0.013,0.016,1
chr1-55087527-55088451,Hspe1,0,0.706001121052074,-0.571976470451909,0.019,0.023,1
chr10-108161563-108162444,Ppp1r12a,0,0.706179953607064,-0.506912368194588,0.013,0.016,1
chr9-85748946-85749775,RP23-58N8.6,0,0.70636929743093,0.331646231032331,0.025,0.021,1
chr4-148159686-148160636,Fbxo44,0,0.706725095242053,-0.348359649627775,0.013,0.016,1
chr7-16614898-16615780,Arhgap35,0,0.706769510548172,0.173761461249504,0.038,0.032,1
chr13-49420658-49421585,Ippk,0,0.707270381266193,-0.366251337206352,0.013,0.016,1
chr12-47164198-47165057,RP24-87E7.1,0,0.707270384296524,-0.390344905998696,0.013,0.016,1
chr3-90490612-90491512,Snapin,0,0.707270384296524,-0.420373562945549,0.013,0.016,1
chr8-22192539-22193441,Vps36,0,0.707270384296524,-0.534249432540721,0.013,0.016,1
chr6-4003651-4004570,Gng11,0,0.707815823559077,-0.436551262551368,0.013,0.016,1
chr10-84576121-84577083,Tcp11l2,0,0.707935898166008,0.0917928439938729,0.038,0.032,1
chr2-13271033-13271933,Gm13270,0,0.708358064046885,0.0620641733950431,0.057,0.049,1
chr17-20944792-20945687,Ppp2r1a,0,0.708703795326379,-0.0174396815022688,0.044,0.037,1
chr9-31280181-31281070,Prdm10,0,0.708851269941969,0.180102357785546,0.031,0.026,1
chr11-120491302-120492192,Slc25a10,0,0.708907148684665,-0.49429278590844,0.013,0.016,1
chr5-105519018-105519887,Lrrc8c,0,0.708907151699722,-0.365627569482897,0.013,0.016,1
chr9-14500082-14501006,Kdm4d,0,0.709223126471619,-0.473547431477055,0.019,0.023,1
chr15-32244314-32245222,Snhg18,0,0.709235824118287,0.318361104057304,0.025,0.021,1
chr2-57181456-57182367,4930555B11Rik,0,0.709235824118287,0.335721067932435,0.025,0.021,1
chr7-10494943-10495868,Zik1,0,0.709265919719344,0.261263459176077,0.038,0.032,1
chr14-65833574-65834459,Esco2,0,0.709683838826797,-0.541929376799315,0.019,0.023,1
chr3-82357581-82358494,Map9,0,0.710334774870775,-0.438875729650493,0.031,0.037,1
chr10-41449905-41450799,Zbtb24,0,0.710545261161095,-0.3718950599098,0.013,0.016,1
chr19-46304038-46304962,Nfkb2,0,0.710545264160837,-0.35136366761346,0.013,0.016,1
chr9-57073104-57073917,Sin3a,1063,0.710545264160837,-0.341779298536938,0.013,0.016,1
chr6-13871092-13871979,2610001J05Rik,0,0.71067063452757,0.291255432211091,0.025,0.021,1
chr4-134703956-134704871,Man1c1,0,0.710771457783057,0.09302642647337,0.031,0.026,1
chr8-60632394-60633238,Mfap3l,0,0.711066612279713,-0.448847608663605,0.019,0.023,1
chr8-71396353-71397233,Babam1,0,0.71109159637469,-0.33927685121744,0.013,0.016,1
chr16-59600547-59601426,Gm9581,0,0.711091599369319,-0.34950524521819,0.013,0.016,1
chr2-46443655-46444554,Gm13470,944,0.711091599369319,-0.364697245978491,0.013,0.016,1
chr5-43232508-43233421,Cpeb2,41,0.711149130602553,0.32142479017711,0.025,0.021,1
chr13-32801529-32802426,Wrnip1,0,0.711527746256236,-0.484489713563559,0.019,0.023,1
chr4-41639737-41640669,Enho,0,0.711638083016216,-0.266275073377253,0.013,0.016,1
chr1-92831047-92831928,Gpc1,0,0.712184714847803,-0.320601190070626,0.013,0.016,1
chr11-69995227-69996145,Phf23,0,0.712184714847803,-0.318969344861959,0.013,0.016,1
chr13-17804873-17805849,Cdk13,0,0.712266209463133,0.157714618997989,0.031,0.026,1
chr11-118248251-118249155,Cyth1,0,0.712585310334359,0.264008012121197,0.025,0.021,1
chr9-21290899-21291821,Cdkn2d,0,0.713310356235951,0.0429629319270779,0.063,0.054,1
chr3-97609627-97610493,Chd1l,0,0.713825493941017,-0.27357947038899,0.013,0.016,1
chr1-121327503-121328427,RP24-98O21.4,0,0.714022507667295,0.241093974477611,0.025,0.021,1
chr17-65884576-65885524,Ralbp1,230,0.714022507667295,0.308485324567451,0.025,0.021,1
chr5-86803751-86804633,Ythdc1,0,0.715259024648236,0.122102430065941,0.031,0.026,1
chr1-169968844-169969760,3110045C21Rik,0,0.71562253824354,-0.407164014072432,0.025,0.03,1
chr15-54278394-54279241,Tnfrsf11b,0,0.715682705068627,-0.543311431367772,0.019,0.023,1
chr13-100492126-100493051,Gtf2h2,0,0.71594034930459,0.235932131218943,0.025,0.021,1
chr6-39724990-39725909,Braf,0,0.716020614405947,0.464082224968722,0.019,0.015,1
chr18-24603378-24604258,Slc39a6,0,0.716114920366207,0.0547823780886509,0.031,0.026,1
chr9-57075722-57076597,2700012I20Rik,0,0.716438346104216,-0.402236858552119,0.025,0.03,1
chr2-180118801-180119675,Osbpl2,0,0.716899943549205,0.216514127679436,0.025,0.021,1
chr2-122117931-122118822,Spg11,0,0.717135468304983,0.434301812929173,0.019,0.015,1
chr2-164822497-164823390,Zswim1,0,0.717379908426886,0.194681104956532,0.025,0.021,1
chr2-129296886-129297766,Gm14023,0,0.718684751942408,0.0854343965527447,0.031,0.026,1
chr6-47594733-47595631,Ezh2,0,0.71938308547282,-0.454911922273314,0.019,0.023,1
chr3-25143448-25144401,RP24-117N14.2,0,0.719383087549709,-0.402192102135382,0.019,0.023,1
chr4-95051899-95052792,Jun,0,0.719569248429642,-0.39820051413363,0.031,0.037,1
chr4-148626587-148627464,Tardbp,0,0.719846100243891,-0.42504281139415,0.019,0.023,1
chr7-141193685-141194561,Lrrc56,0,0.720399743028201,0.108855746950825,0.031,0.026,1
chr3-30792788-30793659,Sec62,0,0.720483639117487,0.375463860166262,0.019,0.015,1
chr6-124930647-124931601,Mlf2,0,0.720742777931313,0.188890873743226,0.025,0.021,1
chr3-99140846-99141790,Wars2,0,0.720772431789711,-0.375716008233197,0.019,0.023,1
chr9-106476665-106477576,Parp3,0,0.720828712853041,0.129379854720685,0.031,0.026,1
chr12-40037095-40037865,Arl4a,159,0.721659130972303,-0.670353324592191,0.031,0.036,1
chr6-24527169-24528046,Ndufa5,0,0.721699177405875,-0.357204527929452,0.019,0.023,1
chr13-49652446-49653343,Cenpp,0,0.722042929188559,0.175431914356722,0.038,0.032,1
chr17-23193068-23193798,Zfp40,0,0.722159741260826,0.398008675576486,0.019,0.015,1
chr19-47579058-47579936,Slk,0,0.724396619084302,0.334571225161707,0.019,0.015,1
chr12-32819771-32820659,Nampt,0,0.725433396337103,-0.326873708935403,0.025,0.03,1
chr1-37299573-37300445,Inpp4a,0,0.725515936447906,0.317476045326442,0.019,0.015,1
chr17-23563777-23564696,Zfp213,0,0.725515942365695,0.304714945353183,0.019,0.015,1
chr13-49340985-49341894,Bicd2,0,0.725556237636945,0.121883440934464,0.025,0.021,1
chr14-26970120-26970968,Appl1,263,0.725556244213501,0.111239080802338,0.025,0.021,1
chr18-75005368-75006269,BC031181,0,0.726635852315425,0.402769642668011,0.019,0.015,1
chr7-30321986-30322831,E130208F15Rik,245,0.727072982098061,-0.322667769733221,0.025,0.03,1
chr17-16950946-16951872,BC002059,0,0.727196026607227,0.295999648361644,0.019,0.015,1
chr2-158794268-158795157,Dhx35,0,0.72748468609158,0.138010522124779,0.025,0.021,1
chr5-100820448-100821272,Fam175a,0,0.72748468609158,0.0655172957400936,0.025,0.021,1
chr3-101604203-101604861,Atp1a1,0,0.727756343808414,0.284666202614105,0.019,0.015,1
chr4-94978654-94979558,Mysm1,0,0.728134514429723,-0.0992759563942291,0.031,0.026,1
chr16-91464552-91465453,A930006K02Rik,0,0.728159743678577,0.502090352929318,0.013,0.01,1
chr7-51748487-51749383,Gm7336,1789,0.728159743678577,0.515203022899653,0.013,0.01,1
chr16-50431927-50432774,Bbx,0,0.728449554419404,0.111601634049312,0.025,0.021,1
chr19-34877712-34878574,Pank1,880,0.728565041739475,0.0965849363639659,0.031,0.026,1
chr17-22866834-22867691,Zfp945,0,0.728856968799652,0.587595332685273,0.013,0.01,1
chr4-33924283-33925186,Cnr1,0,0.728856968799652,0.519348361382084,0.013,0.01,1
chr5-33936008-33936935,Nelfa,0,0.728856968799652,0.627490667143155,0.013,0.01,1
chr15-58140924-58141805,Wdyhv1,0,0.728877423463043,0.281076074863732,0.019,0.015,1
chr18-6764637-6765545,Rab18,0,0.729045299428523,0.176188527070951,0.038,0.032,1
chr2-35200681-35201576,Rab14,0,0.729414848876844,0.151927348381092,0.025,0.021,1
chr19-60580657-60581573,Cacul1,0,0.729414853204776,0.146876559517482,0.025,0.021,1
chr19-59943098-59944024,Rab11fip2,0,0.72942636352273,-0.0952079781805533,0.031,0.026,1
chr9-44106896-44107777,C1qtnf5,0,0.729554418270526,0.494223880309662,0.013,0.01,1
chr1-52500079-52500940,Nab1,0,0.729718605972373,0.282019474063485,0.019,0.015,1
chr1-23762497-23763355,B3gat2,743,0.72999908027315,0.262247873017688,0.019,0.015,1
chr10-40683101-40683951,Mettl24,0,0.730252091562433,0.394799183680466,0.013,0.01,1
chr3-14886028-14886950,Car2,0,0.730560119707453,0.155106649813647,0.019,0.015,1
chr7-79659613-79660543,Ticrr,0,0.730561239592613,-0.323372198826377,0.025,0.03,1
chr3-16182678-16183585,Ythdf3,0,0.730850937079298,-0.233432294939481,0.038,0.043,1
chr19-3851256-3852145,Chka,0,0.730949988146048,0.382326899164323,0.013,0.01,1
chr7-58657994-58658848,Atp10a,0,0.730949988146048,0.447439857460307,0.013,0.01,1
chr10-71237714-71238600,Tfam,0,0.731346736538776,0.146513740979987,0.025,0.021,1
chr10-61694923-61695926,Tysnd1,0,0.731648107491494,0.490942244179286,0.013,0.01,1
chr15-74923174-74924077,Gm6610,369,0.731648107491494,0.409648788861025,0.013,0.01,1
chr2-118479196-118480005,Srp14,0,0.731648107491494,0.410186583697507,0.013,0.01,1
chr11-75510331-75511200,Rilp,236,0.732244122476188,0.216633070427119,0.019,0.015,1
chr11-22617285-22618108,Gm12052,0,0.732244125368581,0.20099911014552,0.019,0.015,1
chr6-24956239-24957003,Tmem229a,0,0.732244125368581,0.128109174126893,0.019,0.015,1
chr16-20692904-20693777,Fam131a,0,0.732346449068339,0.341425773120222,0.013,0.01,1
chr16-34573288-34574083,Kalrn,0,0.732346449068339,0.416335514241338,0.013,0.01,1
chr19-7382630-7383535,AI846148,0,0.732346449068339,0.36091269618633,0.013,0.01,1
chr6-113343551-113344332,Camk1,0,0.732346449068339,0.419457855394399,0.013,0.01,1
chr7-111779670-111780578,Galnt18,0,0.732346449068339,0.431707810639749,0.013,0.01,1
chr2-30415162-30416032,Crat,0,0.732805745758941,0.162977383660819,0.019,0.015,1
chr8-78820486-78821339,Lsm6,0,0.733045012345602,0.345320760032349,0.013,0.01,1
chr13-42051173-42052094,Hivep1,0,0.733367506362594,0.173421231152849,0.019,0.015,1
chr18-36759742-36760655,Wdr55,0,0.733394372499264,0.391115760741238,0.013,0.01,1
chr14-21987531-21988424,Zfp503,1176,0.733743796791749,0.345442717467087,0.013,0.01,1
chr4-58912183-58912970,AI314180,0,0.733743796791749,0.35853568206123,0.013,0.01,1
chrX-73715972-73716831,Abcd1,0,0.733929415546832,0.204115444533454,0.019,0.015,1
chr14-45329265-45330198,Psmc6,0,0.734247750602381,0.0814701538868676,0.025,0.021,1
chr1-93801484-93802385,Dtymk,0,0.734442801874698,0.336804836521591,0.013,0.01,1
chr10-53379359-53380263,Cep85l,0,0.734442801874698,0.362792893003942,0.013,0.01,1
chr11-87126650-87127527,Trim37,0,0.734442801874698,0.383584286858541,0.013,0.01,1
chr2-181219580-181220479,BC051628,0,0.734442801874698,0.336853023319136,0.013,0.01,1
chr3-27710864-27711685,Fndc3b,0,0.734442801874698,0.339618844379085,0.013,0.01,1
chr8-38661232-38662050,Sgcz,0,0.734442801874698,0.351754330930949,0.013,0.01,1
chr2-25428185-25429080,Abca2,0,0.735053655500232,0.17200654796341,0.019,0.015,1
chr17-51832620-51833487,RP24-490B17.3,0,0.735142022632145,0.379354485484153,0.013,0.01,1
chr6-4903297-4903921,Ppp1r9a,379,0.735142027061818,0.273903509820321,0.013,0.01,1
chr8-123442690-123443565,Def8,0,0.735142027061818,0.359003580783041,0.013,0.01,1
chr9-43743362-43744283,Pvrl1,292,0.735142027061818,0.263108261239688,0.013,0.01,1
chrX-153497583-153498499,Ubqln2,0,0.735142027061818,0.357087000349227,0.013,0.01,1
chr2-61711306-61712181,Psmd14,0,0.735215606880214,0.075244359276188,0.025,0.021,1
chr10-62979869-62980814,Rufy2,0,0.735615985737732,0.165733855946185,0.019,0.015,1
chr11-59505865-59506766,4933439C10Rik,202,0.735615988596621,0.0912856105373834,0.019,0.015,1
chr15-9070763-9071653,Nadk2,0,0.735615988596621,0.140902969011558,0.019,0.015,1
chr13-93499398-93500296,Jmy,0,0.735841467401026,0.308926259000105,0.013,0.01,1
chr11-94653454-94654378,Mrpl27,0,0.735841471819932,0.314552132226205,0.013,0.01,1
chr14-65097786-65098606,Extl3,0,0.735841471819932,0.381917634209847,0.013,0.01,1
chr5-109923085-109924016,Gm15446,0,0.735841471819932,0.308457176970721,0.013,0.01,1
chr5-146832530-146833432,Rpl21,0,0.735841471819932,0.354935183557105,0.013,0.01,1
chr11-119040605-119041507,Cbx8,0,0.736183879503195,0.0352663272938796,0.025,0.021,1
chr11-82907937-82908829,Nle1,0,0.736541135615316,0.320329678383144,0.013,0.01,1
chr14-116926346-116927289,Gpc6,1048,0.736541135615316,0.355047969318646,0.013,0.01,1
chr15-99701841-99702637,Smarcd1,0,0.736541135615316,0.349182090917799,0.013,0.01,1
chr6-5297104-5297806,Pon2,648,0.736541135615316,0.322952209497388,0.013,0.01,1
chr7-46396195-46397129,Kcnc1,0,0.736541135615316,0.320187031771213,0.013,0.01,1
chr10-80701756-80702719,Mob3a,0,0.736667180423494,-0.24543730958238,0.031,0.037,1
chr11-50236325-50237242,Gm26542,0,0.736741079642025,0.148894519516677,0.019,0.015,1
chr11-96075485-96076366,Atp5g1,0,0.736741079642025,0.146064382913428,0.019,0.015,1
chr5-76657297-76658168,RP23-136I1.2,186,0.736741079642025,0.131262430581954,0.019,0.015,1
chrX-85776324-85777207,Gyk,0,0.736870682859193,-0.518778663776268,0.025,0.029,1
chr12-113139917-113140895,Crip2,0,0.737241013516366,0.176152279539835,0.013,0.01,1
chr11-121387942-121388806,Rab40b,0,0.737241017913703,0.37057238465864,0.013,0.01,1
chr3-58636570-58637448,Erich6,0,0.737241017913703,0.293776803535051,0.013,0.01,1
chr16-31932549-31933425,Pigz,425,0.737303837035655,0.0947178720633515,0.019,0.015,1
chr2-145699442-145700332,Gm11763,1392,0.737303837035655,0.0630908470347391,0.019,0.015,1
chr3-151762159-151763170,Ifi44l,0,0.737303837035655,-0.608843542618215,0.013,0.016,1
chr11-102039871-102040750,Cd300lg,758,0.737866735305938,0.118372775798798,0.019,0.015,1
chr3-132949861-132950699,Npnt,0,0.737866735305938,-0.687055841757976,0.013,0.016,1
chr13-53285513-53286450,Ror2,0,0.737941118180282,0.197397217829232,0.013,0.01,1
chr13-94057248-94058015,Lhfpl2,0,0.737941118180282,0.281828614069926,0.013,0.01,1
chr2-93849287-93850156,Accs,0,0.737941118180282,0.317584012523146,0.013,0.01,1
chr9-59036150-59036982,Neo1,0,0.737941118180282,0.189112906639479,0.013,0.01,1
chr1-51458728-51459611,1700072G22Rik,0,0.738641435879699,0.199967365471568,0.013,0.01,1
chr12-98920104-98921016,Ttc8,0,0.738641435879699,0.248795676512498,0.013,0.01,1
chr15-25414317-25415188,Gm5468,124,0.738641435879699,0.231007039135833,0.013,0.01,1
chr5-43662190-43663087,Cc2d2a,0,0.738641435879699,0.181818922449639,0.013,0.01,1
chr2-25557295-25558267,Edf1,0,0.738711340590263,0.0854225613524688,0.019,0.015,1
chr8-20557365-20558287,Gm21182,31,0.738992953363195,-0.0495794888560415,0.019,0.015,1
chr3-145575857-145576770,Znhit6,0,0.738992953363195,-0.640852727398863,0.013,0.016,1
chr8-72722740-72723688,Sin3b,0,0.739341961746251,0.102749358150262,0.013,0.01,1
chr16-92313949-92314861,1700048M11Rik,1480,0.739341966111156,0.244169278132167,0.013,0.01,1
chr17-46143702-46144562,Rsph9,0,0.73934197047606,0.235481723310865,0.013,0.01,1
chr19-5348576-5349501,Cst6,72,0.73934197047606,0.199248006575685,0.013,0.01,1
chr2-80315221-80316037,Dnajc10,0,0.73934197047606,0.207174629163879,0.013,0.01,1
chr2-83812246-83813111,Fam171b,0,0.73934197047606,0.185137844416265,0.013,0.01,1
chr2-178414350-178415238,Fam217b,0,0.73934197047606,0.143124903538473,0.013,0.01,1
chr5-117287168-117288028,Pebp1,0,0.73934197047606,0.208711761572756,0.013,0.01,1
chr6-119847827-119848758,Erc1,0,0.73934197047606,0.165858581942898,0.013,0.01,1
chr7-65692946-65693831,Tm2d3,1776,0.73934197047606,0.21866119306543,0.013,0.01,1
chr8-112010956-112011815,Kars,0,0.73934197047606,0.25068253598926,0.013,0.01,1
chr11-5520436-5521338,Xbp1,0,0.739556272592974,-0.609681669116333,0.013,0.016,1
chr14-17660527-17661390,Thrb,0,0.739556272592974,-0.680037930791703,0.013,0.016,1
chr18-80151409-80152128,Adnp2,0,0.739556272592974,-0.546434733964695,0.013,0.016,1
chr10-21295546-21296465,Hbs1l,0,0.739837981819375,-0.593375252447101,0.013,0.016,1
chr2-102185871-102186767,Ldlrad3,0,0.740042717078859,0.255915870307931,0.013,0.01,1
chr12-32379303-32380073,Ccdc71l,598,0.740042721432931,0.0219351021061636,0.013,0.01,1
chr16-18088741-18089634,Prodh,568,0.740042721432931,0.137164388418714,0.013,0.01,1
chr16-31080964-31081809,Xxylt1,0,0.740042721432931,0.139129803214266,0.013,0.01,1
chr2-167537576-167538472,Snai1,0,0.740042721432931,0.0305526065595769,0.013,0.01,1
chr3-69860812-69861684,Sptssb,871,0.740042721432931,0.108052257748978,0.013,0.01,1
chr3-76074027-76074919,Fstl5,0,0.740042721432931,0.206947462259283,0.013,0.01,1
chr7-116333756-116334684,Rps13,0,0.740042721432931,0.18325902645113,0.013,0.01,1
chr9-106202566-106203463,Twf2,0,0.740042721432931,0.0860377122747407,0.013,0.01,1
chr13-74061806-74062720,Cep72,0,0.740119731585014,0.0398596915325831,0.019,0.015,1
chr2-78049103-78049962,4930440I19Rik,1214,0.740354875474182,-0.62646592616389,0.019,0.023,1
chr8-20424361-20425238,2610005L07Rik,0,0.740546271162373,-0.186535121850661,0.025,0.021,1
chr12-4082345-4083222,Dnajc27,0,0.740683330060153,-0.447985163603342,0.013,0.016,1
chr19-4396935-4397805,Kdm2a,479,0.740683330060153,-0.537722599777693,0.013,0.016,1
chr2-77945840-77946722,Cwc22,0,0.740683330060153,-0.497839003785375,0.013,0.016,1
chr6-40435689-40436558,E330009J07Rik,0,0.740683330060153,-0.687743007459998,0.013,0.016,1
chr11-95712696-95713478,Zfp652os,0,0.74074368821334,0.0738634106482285,0.013,0.01,1
chr15-77756665-77757516,Apol8,1435,0.74074368821334,0.152620942191783,0.013,0.01,1
chr2-179442162-179443029,Cdh4,0,0.74074368821334,0.243858262352924,0.013,0.01,1
chr4-132756751-132757656,Smpdl3b,0,0.74074368821334,0.158206384394936,0.013,0.01,1
chr8-36457557-36458471,6430573F11Rik,8,0.74074368821334,0.209852940240753,0.013,0.01,1
chr13-91807058-91807998,Zcchc9,0,0.740785697092802,-0.119177750120692,0.019,0.023,1
chr17-29660106-29661029,Cmtr1,0,0.741247064936322,-0.487039657797011,0.013,0.016,1
chr1-82838966-82839871,Agfg1,0,0.741247067739007,-0.520278769526724,0.013,0.016,1
chr10-78752200-78753047,Ccdc105,19,0.741444870279777,-0.025736794385895,0.013,0.01,1
chr2-120567231-120568105,Snap23,0,0.741444870279777,0.074852658198715,0.013,0.01,1
chr4-133277294-133278192,Tmem222,0,0.741444870279777,0.201261050915438,0.013,0.01,1
chr7-128740058-128740876,Mcmbp,0,0.741444870279777,-0.0493643497803422,0.013,0.01,1
chr13-9276275-9277019,Dip2c,0,0.741810944341965,-0.583682682787728,0.013,0.016,1
chr13-24280767-24281672,Lrrc16a,0,0.741810944341965,-0.504827863026511,0.013,0.016,1
chr2-156720457-156721443,4930405A21Rik,0,0.741810944341965,-0.468813800311208,0.013,0.016,1
chr9-7836583-7837483,Birc2,0,0.741810944341965,-0.469133587147113,0.013,0.016,1
chr11-53350287-53351188,Aff4,0,0.742146267094196,0.0640645948888663,0.013,0.01,1
chr18-46311478-46312393,Ccdc112,0,0.742146267094196,0.0575765263623671,0.013,0.01,1
chr2-113828665-113829511,Scg5,0,0.742146267094196,0.0963250007302427,0.013,0.01,1
chr5-107900234-107901063,Rpl5,0,0.742146267094196,0.117939393829486,0.013,0.01,1
chr13-81657201-81658114,Lysmd3,0,0.742271379164618,-0.196315418745733,0.031,0.037,1
chr9-35199495-35200403,Srpr,0,0.742374959589195,-0.148498375678614,0.019,0.015,1
chr1-44147523-44148417,Ercc5,0,0.742374959589195,-0.442502421083791,0.013,0.016,1
chr11-48816763-48817683,Trim41,0,0.742374959589195,-0.488706412268649,0.013,0.016,1
chr3-104788295-104789335,Rhoc,0,0.742374959589195,-0.547609282171266,0.013,0.016,1
chr4-155563130-155564135,Nadk,751,0.742374959589195,-0.495468452193459,0.013,0.016,1
chr3-88177555-88178435,1700113A16Rik,0,0.742847878118018,0.17608930287005,0.013,0.01,1
chr19-41482203-41483219,Lcor,0,0.742939110414905,-0.533346481371021,0.013,0.016,1
chr3-123385510-123386455,Mettl14,0,0.743221239022458,-0.445318712079326,0.013,0.016,1
chr1-79775596-79776505,Mrpl44,0,0.743503404896021,-0.510068419829796,0.013,0.016,1
chr3-108840097-108840951,Stxbp3a,0,0.743503404896021,-0.490458891100245,0.013,0.016,1
chr4-14621312-14622214,Slc26a7,0,0.743549702812127,-0.086026166906616,0.013,0.01,1
chr5-146948184-146949071,Gtf3a,0,0.743549702812127,-0.0130186188607944,0.013,0.01,1
chr8-94036719-94037580,Nudt21,0,0.743549702812127,0.153239256134999,0.013,0.01,1
chr8-107435974-107436862,Wwp2,0,0.743549702812127,0.117636342861664,0.013,0.01,1
chr9-20898148-20899058,Eif3g,0,0.743549702812127,0.0559719517311317,0.013,0.01,1
chr16-87698416-87699332,Bach1,0,0.743948793708523,-0.389888724535846,0.025,0.029,1
chr3-116423654-116424535,Cdc14a,0,0.744067834394836,-0.425248635389097,0.013,0.016,1
chr5-9265756-9266636,Gm15734,0,0.744067834394836,-0.502441293582264,0.013,0.016,1
chr5-24577112-24578026,Abcf2,0,0.744067834394836,-0.447511705300344,0.013,0.016,1
chr11-107188816-107189651,Nol11,0,0.744251740636879,-0.155494591109019,0.013,0.01,1
chr4-95050384-95050963,Junos,570,0.744251740636879,-0.087772029974416,0.013,0.01,1
chr8-112571277-112572150,Cntnap4,1233,0.744251740636879,0.020785406500484,0.013,0.01,1
chr9-72458009-72459012,RP23-349N4.5,1262,0.744251740636879,-0.0489450833843979,0.013,0.01,1
chr11-5444591-5445484,Znrf3,0,0.744437964792932,0.171741464411677,0.031,0.027,1
chr2-122764986-122765842,Sqrdl,0,0.744632401416362,-0.0729947868081409,0.019,0.015,1
chr7-16097918-16098818,Napa,0,0.744671715519394,0.0364947361898991,0.05,0.044,1
chr14-120477338-120478111,Rap2a,349,0.744840623687163,0.0946758948819735,0.044,0.038,1
chr1-185203663-185204540,Rab3gap2,0,0.744953986774157,0.0576345172162984,0.013,0.01,1
chr6-63257150-63258061,Grid2,1273,0.744953991052095,0.00984928421860065,0.013,0.01,1
chr9-95511535-95512436,U2surp,0,0.745197105679654,-0.421244100726264,0.013,0.016,1
chr2-91182789-91183660,Madd,176,0.745656453517068,-0.347339800083493,0.013,0.01,1
chrX-147553325-147554198,Lrch2,0,0.745656453517068,-0.310923114085795,0.013,0.01,1
chr13-110279809-110280679,Rab3c,0,0.745761946903546,-0.121835504225035,0.019,0.015,1
chr11-26200859-26201655,Mir6372,584,0.745761946903546,-0.448900187392531,0.013,0.016,1
chr5-134551939-134552835,Clip2,0,0.745761946903546,-0.417187099531928,0.013,0.016,1
chr7-119793593-119794465,2610020H08Rik,0,0.745761946903546,-0.45156487290065,0.013,0.016,1
chr4-62360168-62361088,Fkbp15,0,0.746155831104686,0.169341709209986,0.031,0.027,1
chr1-59236867-59237674,Als2,0,0.746326922054934,-0.445045222320535,0.013,0.016,1
chr4-135433403-135434308,Rcan3,0,0.746585494875435,0.131811932120932,0.031,0.027,1
chr1-95313243-95314071,Fam174a,0,0.747196509435949,-0.333734061733344,0.031,0.036,1
chr19-4191644-4192519,Ppp1ca,0,0.747287210356288,-0.388541619221656,0.025,0.029,1
chr14-13284216-13285014,Gm5087,0,0.747457289523844,-0.422775234700829,0.013,0.016,1
chr9-66945649-66946505,Rps27l,0,0.748022675774062,-0.342513806296112,0.013,0.016,1
chr2-21205238-21206161,Thnsl1,0,0.748174562321276,-0.486783985405435,0.019,0.023,1
chr7-19715287-19716193,Tomm40,0,0.74822912579826,-0.0292475730411348,0.044,0.038,1
chr15-85735024-85735898,Ppara,40,0.748588197575744,-0.307120763787903,0.013,0.016,1
chr2-120154196-120155093,Ehd4,0,0.748588197575744,-0.389656335185888,0.013,0.016,1
chr6-67266404-67267253,Serbp1,0,0.748588197575744,-0.330033257321841,0.013,0.016,1
chr7-126695408-126696313,Slx1b,0,0.748649327575359,-0.449342420235843,0.019,0.023,1
chr4-44233689-44234592,Rnf38,0,0.749124184289233,-0.494019479491704,0.019,0.023,1
chr17-26508306-26509104,Dusp1,0,0.749124186208566,-0.438384969351198,0.019,0.023,1
chr3-142560380-142561151,Gbp3,327,0.749153854646407,-0.32696471642145,0.013,0.016,1
chr9-51764822-51765715,Arhgap20,0,0.749229807509357,0.273276065739811,0.025,0.021,1
chr11-76217159-76218042,Dbil5,0,0.749719646703348,-0.349752023844442,0.013,0.016,1
chr2-29965043-29965933,Sptan1,0,0.749719646703348,-0.310267120607865,0.013,0.016,1
chr11-11461502-11462368,4930415F15Rik,0,0.749889471097765,-0.367591785030265,0.038,0.042,1
chr1-42850790-42851687,Mrps9,0,0.749905347291551,0.062550649184606,0.044,0.038,1
chr9-103365446-103366366,Cdv3,0,0.750212225545026,-0.34059694546596,0.025,0.029,1
chr11-115535915-115536798,Sumo2,0,0.750285573463645,-0.291135855752721,0.013,0.016,1
chr1-51478059-51478975,Nabp1,0,0.750452720876607,0.0202605059617063,0.063,0.056,1
chr8-83652064-83652966,Gipc1,0,0.75067277401626,0.315381718760357,0.025,0.021,1
chr8-83698829-83699718,Pkn1,0,0.750851631938057,-0.268295421059889,0.013,0.016,1
chr8-64946895-64947731,Tmem192,0,0.751024570446833,-0.451599000248554,0.019,0.023,1
chr4-86873877-86874779,Acer2,0,0.751316969171369,0.146800484190984,0.031,0.027,1
chr16-13818603-13819379,Gm27734,0,0.751417829961544,-0.248519735067451,0.013,0.016,1
chr2-158409232-158410116,Ralgapb,0,0.751417829961544,-0.21738798655157,0.013,0.016,1
chr12-36381450-36382336,Ispd,0,0.751499901192733,-0.482360076279977,0.019,0.023,1
chr11-50130725-50131564,Tbc1d9b,0,0.751635236792636,0.270979336638175,0.025,0.021,1
chr18-10181812-10182683,Rock1,19,0.75164194034217,-0.348914000166,0.038,0.042,1
chr5-36483993-36484901,Tada2b,0,0.751885277966207,-0.300191262154422,0.025,0.029,1
chr12-110978671-110979550,Ankrd9,0,0.751975330043583,-0.397864308514862,0.019,0.023,1
chr2-136891935-136892526,Mkks,545,0.751975330043583,-0.513661555390739,0.019,0.023,1
chr9-94538028-94538931,1190002N15Rik,0,0.752222529573033,-0.0107763393889653,0.063,0.055,1
chr4-14826014-14826927,Otud6b,0,0.752450851124198,-0.326332758489317,0.019,0.023,1
chr17-5492308-5493081,Zdhhc14,0,0.752550621872399,-0.242490256165401,0.013,0.016,1
chr5-129008155-129009035,Stx2,0,0.752550621872399,-0.26969847655599,0.013,0.016,1
chr7-139684443-139685219,Cfap46,625,0.752550621872399,-0.293519005442891,0.013,0.016,1
chr1-163779172-163780039,Kifap3,0,0.752609004092863,0.0928815222614889,0.031,0.027,1
chr4-155668894-155669821,Mib2,0,0.752926464276741,-0.337312249005073,0.019,0.023,1
chr10-117792343-117793238,Nup107,0,0.753166962215069,0.12644230781051,0.044,0.038,1
chr7-25316343-25317238,Megf8,0,0.754250808668863,-0.235045842629289,0.013,0.016,1
chr17-21383296-21384123,Zfp677,0,0.754353873406938,-0.369361600525862,0.019,0.023,1
chr15-91672695-91673604,Lrrk2,0,0.755006890719969,0.222273310747361,0.025,0.021,1
chr5-142550705-142551584,Radil,0,0.755305944968329,-0.390801444762744,0.019,0.023,1
chr19-24476971-24477873,Fam122a,0,0.755782120264248,-0.273794721973129,0.019,0.023,1
chr7-128237857-128238782,9130023H24Rik,0,0.756212186820914,0.250151417832101,0.025,0.021,1
chr9-65579801-65580690,Plekho2,0,0.756489254402221,0.0824160485270453,0.031,0.027,1
chr2-32451652-32452399,Slc25a25,206,0.757750101607476,-0.264378799294966,0.025,0.029,1
chr14-75844770-75845656,Gm4285,0,0.758641112763735,-0.315119449377049,0.019,0.023,1
chrX-160765652-160766559,Rs1,1453,0.759358489584137,-0.116505759769149,0.013,0.016,1
chr10-105840774-105841669,Ccdc59,0,0.759511485815375,-0.0998704213367425,0.031,0.027,1
chr14-57889936-57890858,Zdhhc20,0,0.759594848701375,-0.280846052301364,0.019,0.023,1
chr5-140704390-140705280,Brat1,0,0.760012778567631,0.0489008417706414,0.057,0.05,1
chr13-12257741-12258619,Mtr,0,0.760687773369365,-0.228450967995769,0.025,0.029,1
chr3-33843831-33844762,Ccdc39,0,0.760787523107662,-0.337703174345302,0.019,0.023,1
chr15-12204513-12205410,Mtmr12,0,0.760797710265098,0.178359202669927,0.025,0.021,1
chr2-122702362-122703238,Slc30a4,0,0.760797710265098,0.150808689560841,0.025,0.021,1
chr1-54250252-54251161,Ccdc150,0,0.761349981878092,0.103449507775298,0.05,0.045,1
chr9-59291031-59291939,Adpgk,0,0.761672473660369,0.00331538660501796,0.031,0.027,1
chr9-9238597-9239414,Arhgap42,0,0.762247525930623,0.191271934946087,0.025,0.021,1
chr17-21422556-21423466,Zfp54,0,0.763293395254797,0.108667866314212,0.038,0.033,1
chr2-153740812-153741686,Mapre1,0,0.764862704219651,0.0529145577303662,0.038,0.033,1
chr5-52833488-52834397,Anapc4,0,0.765720396874764,-0.328059798430874,0.044,0.048,1
chr2-74578485-74579362,4930445N08Rik,0,0.765802974055235,-0.199317494052165,0.019,0.023,1
chr7-6382791-6383719,Zfp28,0,0.766117769284469,0.120029615562627,0.025,0.021,1
chr8-72318584-72319445,Klf2,0,0.766601962587649,0.176285874617405,0.025,0.021,1
chr15-3995448-3996371,AW549877,0,0.767350893446217,0.0208489191113541,0.044,0.038,1
chr5-129724741-129725650,Gbas,0,0.767831799153675,0.398008448196965,0.019,0.016,1
chr7-6728210-6729007,Peg3,1413,0.768529654415696,-0.27229925266573,0.038,0.042,1
chr19-9899126-9900030,Incenp,0,0.768952546946602,0.331738593061628,0.019,0.016,1
chr7-41498996-41499907,AW146154,0,0.768952546946602,0.295643710363302,0.019,0.016,1
chr12-100724794-100725681,Rps6ka5,0,0.769905156242635,-0.0013029361862027,0.044,0.038,1
chr8-117801632-117802513,Mphosph6,0,0.771332469961963,-0.359644925116313,0.031,0.035,1
chr10-80226053-80226955,Mum1,0,0.772292989495662,-0.351087963134487,0.025,0.029,1
chr6-34317066-34317929,Akr1b3,0,0.772317679657473,0.311907783568847,0.019,0.016,1
chr7-75455136-75455960,Akap13,0,0.772419341868441,0.0639470201860748,0.025,0.021,1
chr19-43689226-43690114,Entpd7,0,0.772485539656319,-0.347603796447772,0.031,0.035,1
chr15-96460672-96461526,Scaf11,0,0.773570734579668,-0.479447898798252,0.025,0.029,1
chr11-102284404-102285287,Tmub2,0,0.774563487148893,0.25092472359187,0.019,0.016,1
chr12-75308129-75308931,Rhoj,0,0.774563487148893,0.235004717628684,0.019,0.016,1
chr4-150854585-150855489,1700045H11Rik,0,0.774563487148893,0.262624147328555,0.019,0.016,1
chr2-112500933-112501818,Gm22676,63,0.774635986392092,-0.465287151669391,0.025,0.029,1
chr15-27630337-27631251,Otulin,0,0.775098177884745,0.169658953230325,0.031,0.027,1
chr10-9674828-9675721,Samd5,0,0.775332856168701,-0.0126723737986914,0.025,0.021,1
chr17-21707153-21708056,Zfp760,0,0.775687099956363,0.243571443792106,0.019,0.016,1
chr2-5894969-5895875,Gm13267,0,0.775743823442037,0.136622716013521,0.031,0.027,1
chr11-118476441-118477318,Engase,0,0.775818752813771,0.0731373275391514,0.025,0.021,1
chr18-31633851-31634432,Sap130,0,0.776149985497841,-0.409200127504732,0.038,0.042,1
chr11-58903723-58904562,Gm12257,0,0.77624908265458,0.229743230874173,0.019,0.016,1
chr4-140960778-140961676,Sdhb,0,0.776312221115449,-0.593310735964113,0.013,0.015,1
chr8-70212119-70213051,Slc25a42,0,0.776332717710403,-0.291536574510302,0.031,0.035,1
chr2-121448757-121449649,Serf2,0,0.776547759626525,-0.51054604698194,0.019,0.022,1
chr16-62786385-62787276,Nsun3,0,0.776689180243,0.110083226131847,0.044,0.039,1
chr8-83593999-83594982,Tecr,0,0.77681118251207,0.212882889664962,0.019,0.016,1
chr4-55349372-55350285,Rad23b,0,0.776833288178788,-0.144238760262589,0.031,0.036,1
chr6-40325052-40325894,Agk,0,0.776894457620939,-0.686584192236754,0.013,0.015,1
chr1-170644063-170644972,Olfml2b,0,0.777520074845492,-0.559946051158156,0.019,0.022,1
chr3-94412645-94413532,1700040D17Rik,0,0.77776320641126,-0.071881503827107,0.025,0.021,1
chr7-67644865-67645768,Lrrc28,0,0.778634695140309,0.0371365842748959,0.038,0.033,1
chr7-126377367-126378008,Spns1,0,0.778641918027782,-0.725786550498135,0.013,0.015,1
chr1-99771915-99772814,Cntnap5b,0,0.779224651591561,-0.514575709136634,0.013,0.015,1
chr14-60264684-60265596,Mtmr6,0,0.779224654095515,-0.581650124566039,0.013,0.015,1
chr8-57487367-57488317,Sap30,0,0.779224654095515,-0.778219700496646,0.013,0.015,1
chr1-189687758-189688678,Cenpf,0,0.779423815486838,0.0288510491450298,0.038,0.033,1
chr11-5788149-5789064,Dbnl,0,0.779623429451632,0.174890966953143,0.019,0.016,1
chr15-8108780-8109679,Nup155,0,0.779623429451632,0.137713963358987,0.019,0.016,1
chr18-43687204-43688115,Jakmip2,0,0.779623429451632,0.0501798080450415,0.019,0.016,1
chr2-3423672-3424575,Dclre1c,0,0.779807514279779,-0.712016170893755,0.013,0.015,1
chr6-86365142-86366035,Fam136a,0,0.779904811190134,0.178106248359985,0.019,0.016,1
chr2-143062588-143063449,Snrpb2,0,0.779968579221694,-0.271782140489098,0.025,0.029,1
chr18-38992568-38993475,Gm15334,716,0.779968580560986,-0.350960425322531,0.025,0.029,1
chr11-120713386-120714259,Lrrc45,0,0.780749138597706,0.219390025072845,0.019,0.016,1
chr13-68999047-68999962,Adcy2,0,0.780973603272389,-0.579298347540772,0.013,0.015,1
chr2-144555658-144556577,Sec23b,0,0.780973603272389,-0.63573486536161,0.013,0.015,1
chr1-134494290-134495138,Rabif,0,0.780973605757566,-0.659173397342722,0.013,0.015,1
chr11-87736926-87737819,Supt4a,0,0.780973605757566,-0.553518051393454,0.013,0.015,1
chr13-108213973-108214858,Elovl7,0,0.780973605757566,-0.49587817412378,0.013,0.015,1
chr11-44585829-44586681,4930597A21Rik,0,0.781312165705429,0.158020056019461,0.019,0.016,1
chr4-74013230-74014051,Frmd3,0,0.781312165705429,0.117258738642264,0.019,0.016,1
chr8-95807379-95808213,Cnot1,0,0.781556833951492,-0.558892162667276,0.013,0.015,1
chr18-32067466-32068247,Iws1,0,0.781556836430402,-0.574814908506344,0.013,0.015,1
chr8-83714795-83715672,Ddx39,0,0.781875307463705,0.0945348607287864,0.019,0.016,1
chr4-126753240-126754094,Ncdn,0,0.782140189978394,-0.498028450047985,0.013,0.015,1
chr4-108327756-108328641,Coa7,0,0.782438561291183,0.131429043779878,0.019,0.016,1
chr2-32381495-32382425,1110008P14Rik,0,0.78243856359288,0.127245180894355,0.019,0.016,1
chr1-164457872-164458798,Atp1b1,0,0.782723666090679,-0.529946234601522,0.013,0.015,1
chr12-112644252-112645144,Siva1,0,0.78289619163841,0.170296083774395,0.038,0.034,1
chr11-106487426-106488311,Ern1,0,0.783001933813122,0.167104594353966,0.019,0.016,1
chr14-75130524-75131436,Lrrc63,0,0.783001933813122,0.102892399204901,0.019,0.016,1
chr7-63444255-63445133,Otud7a,0,0.783001933813122,0.100733981348777,0.019,0.016,1
chr9-21546122-21546982,Carm1,0,0.783199812096589,0.111280723314731,0.05,0.045,1
chr6-141249410-141250249,Gm28523,0,0.783307261996104,-0.368272078850259,0.013,0.015,1
chr2-32981670-32982546,Slc2a8,0,0.783307264456187,-0.483792586537465,0.013,0.015,1
chr9-114933544-114934419,Gpd1l,0,0.783307264456187,-0.488673095775126,0.013,0.015,1
chr1-86526077-86526983,Ptma,0,0.783361235223608,-0.362438519286165,0.019,0.022,1
chr17-47694539-47695439,Prickle4,0,0.78338689945434,-0.289495518665869,0.025,0.029,1
chr1-106796213-106797089,Vps4b,0,0.783565415554021,0.0728756051864998,0.019,0.016,1
chr16-97851006-97851937,Prdm15,0,0.783890984763642,-0.400248425168041,0.013,0.015,1
chr8-27260981-27261893,Eif4ebp1,653,0.784129015406573,0.000533515502064041,0.019,0.016,1
chr16-4541521-4542412,Srl,0,0.78433595827315,-0.369575434265527,0.019,0.022,1
chr1-52817248-52817997,Inpp1,0,0.784474826701562,-0.463745551094156,0.013,0.015,1
chr9-65460460-65461355,Spg21,0,0.784474826701562,-0.414310717073997,0.013,0.015,1
chr7-44815470-44816366,Nup62,0,0.78466985165021,-0.299160384624687,0.025,0.029,1
chr8-81342116-81342859,Inpp4b,0,0.78469272394014,0.051808820639164,0.019,0.016,1
chr2-59160288-59161146,Pkp4,0,0.78482344765741,-0.420097696334329,0.019,0.022,1
chr6-149101140-149102068,Dennd5b,0,0.78482344765741,-0.429838734552521,0.019,0.022,1
chr5-124327490-124328308,Mphosph9,0,0.784823449360645,-0.373800070833459,0.019,0.022,1
chr3-142700548-142701442,Ccbl2,0,0.785072210540227,-0.297248383202093,0.038,0.042,1
chr2-155381473-155382322,Trp53inp2,413,0.78525655000181,0.0716136726267624,0.019,0.016,1
chr5-29195509-29196401,Rnf32,0,0.78525655000181,0.0938072558911216,0.019,0.016,1
chr10-63429396-63430213,Ctnna3,0,0.785525479833233,-0.306184283160828,0.025,0.029,1
chr3-89101632-89102526,Fdps,0,0.78564287422184,-0.375479832840967,0.013,0.015,1
chr2-84677838-84678736,Med19,0,0.785820486473615,0.120912209156672,0.019,0.016,1
chr7-25658557-25659479,Exosc5,0,0.785820486473615,0.0695013409426206,0.019,0.016,1
chr10-56228419-56229333,Tbc1d32,0,0.786016656869736,-0.136661118872861,0.044,0.038,1
chr12-24650937-24651671,Klf11,0,0.786227079180209,-0.512776509382095,0.013,0.015,1
chr17-83514102-83515010,Cox7a2l,0,0.786286423334355,-0.410772003671708,0.019,0.022,1
chr11-85310630-85311609,Ppm1d,0,0.786384533091653,0.128784860478635,0.019,0.016,1
chr3-152346026-152346905,Usp33,0,0.786811404521067,-0.37700657394736,0.013,0.015,1
chr5-36830220-36831128,Man2b2,0,0.786948696361081,0.0160941115413467,0.019,0.016,1
chr7-48880739-48881554,E2f8,41,0.787262159026766,-0.350358558758393,0.019,0.022,1
chr8-33731539-33732412,1700104B16Rik,0,0.787395849931909,-0.31577844012556,0.013,0.015,1
chr2-11778285-11779095,Ankrd16,408,0.787512969214403,-0.116396876575092,0.019,0.016,1
chr11-97744542-97745473,Mir8102,0,0.787607753361278,0.0785828600813501,0.031,0.027,1
chr12-79191458-79192425,Rdh11,0,0.787719478236603,0.553248305892425,0.013,0.01,1
chr11-119299726-119300647,Eif4a3,0,0.787980415100029,-0.306205570606253,0.013,0.015,1
chr6-92183604-92184433,Mrps25,0,0.787980415100029,-0.333310938802433,0.013,0.015,1
chr13-75839531-75840467,Glrx,0,0.78807735138722,-0.0456172748689232,0.019,0.016,1
chr7-92874148-92874813,Ddias,0,0.788522205936865,-0.244060735329758,0.025,0.029,1
chr14-18893411-18894252,Ube2e2,14,0.78864184933306,-0.0197327721938292,0.019,0.016,1
chr11-85139675-85140573,Usp32,0,0.788726386818654,-0.308462604366627,0.019,0.022,1
chr3-67582464-67583334,Mfsd1,0,0.789094070998452,0.262804646946373,0.025,0.022,1
chr15-80254568-80255482,Atf4,0,0.789110415018184,0.640813479061037,0.013,0.01,1
chr7-139978308-139979202,6430531B16Rik,0,0.789110415018184,0.506620879286849,0.013,0.01,1
chr18-77046820-77047712,Katnal2,0,0.789149903456264,-0.284616504334673,0.013,0.015,1
chr2-62645644-62646522,Ifih1,0,0.789149903456264,-0.294192426869947,0.013,0.015,1
chr11-23497674-23498558,1700030C12Rik,0,0.789669482850953,0.100968892904535,0.05,0.045,1
chr5-36464518-36465550,2210406O10Rik,0,0.78970295662959,-0.414329117844216,0.019,0.022,1
chr17-56036242-56037144,Sh3gl1,0,0.789734826017956,-0.302204936442921,0.013,0.015,1
chr15-93274914-93275795,Gxylt1,0,0.789770224317448,-0.0274640782449609,0.031,0.027,1
chr8-116978458-116979366,1700030J22Rik,0,0.789770224317448,0.0735391785638706,0.031,0.027,1
chr10-85916633-85917514,Prdm4,0,0.789771171228149,0.0401371871158878,0.019,0.016,1
chr12-69183632-69184510,Rpl36al,0,0.78977117345613,0.0127935226045439,0.019,0.016,1
chr16-20535011-20535870,Ap2m1,0,0.789806135857466,0.433726930648441,0.013,0.01,1
chr13-12394721-12395621,Heatr1,0,0.789807089026025,0.0460845205468639,0.044,0.039,1
chr16-10992737-10993669,Gm24961,716,0.790319867084082,-0.291067870589515,0.013,0.015,1
chr2-121271001-121271914,Trp53bp1,0,0.790502024292473,0.403843982252582,0.013,0.01,1
chr3-108044401-108045325,Gstm4,0,0.790502024292473,0.402190876970106,0.013,0.01,1
chr5-138187308-138188085,Taf6,0,0.790502024292473,0.489610227657629,0.013,0.01,1
chr6-106768669-106769591,Trnt1,0,0.79067985519258,-0.328545131145976,0.019,0.022,1
chr1-134414966-134415829,Adipor1,0,0.790905026340928,-0.302747965193781,0.013,0.015,1
chr12-86241414-86242277,Gpatch2l,0,0.790905026340928,-0.266664418434052,0.013,0.015,1
chr1-13372250-13373081,Ncoa2,1001,0.791023743102529,0.223601308471517,0.025,0.022,1
chr1-24612285-24613199,Gm28438,0,0.791155575208024,-0.261536770457954,0.038,0.042,1
chr5-34761206-34762067,Htt,0,0.791198079795252,0.434298609833139,0.013,0.01,1
chr16-97962079-97962986,Zbtb21,0,0.791265042464463,0.239018291691146,0.025,0.022,1
chr10-94688104-94688935,Cep83os,0,0.791546166677491,0.490267427988857,0.013,0.01,1
chr11-70451697-70452581,Med11,0,0.791894301837449,0.382538631490802,0.013,0.01,1
chr3-95433926-95434802,Arnt,0,0.79207569344014,-0.228116561051261,0.013,0.015,1
chr11-70668566-70669469,Spag7,0,0.792075698170929,-0.23002391750199,0.013,0.015,1
chr19-50678291-50679211,Sorcs1,0,0.792075698170929,-0.259405184707759,0.013,0.015,1
chr18-3382621-3383597,Cul2,0,0.792368437144677,-0.231565990916478,0.013,0.015,1
chr14-119137242-119138134,Hs6st3,280,0.792590689890315,0.415691559829686,0.013,0.01,1
chr3-126596607-126597162,Camk2d,304,0.792596411468835,-0.0818083057285026,0.019,0.016,1
chr14-60251154-60252044,Nupl1,0,0.792661210115661,-0.21615095920782,0.013,0.015,1
chrX-75764027-75764950,4933407K13Rik,0,0.793246836641566,-0.230950090803585,0.013,0.015,1
chr7-131370793-131371703,Pstk,0,0.793246838994267,-0.204641871788181,0.013,0.015,1
chr11-116853090-116853999,Srsf2,0,0.793666722940365,-0.266816813215121,0.025,0.029,1
chr11-62281009-62281854,Ttc19,0,0.793983961911059,0.344627738259795,0.013,0.01,1
chr18-12305260-12306110,Ankrd29,0,0.793983961911059,0.39943787520266,0.013,0.01,1
chr2-119477469-119478321,Ino80,0,0.793983961911059,0.288767489718597,0.013,0.01,1
chr2-155517543-155518419,Acss2,0,0.794100016465277,0.0553568826829958,0.031,0.027,1
chr11-57644681-57645490,Galnt10,0,0.794418446294075,-0.198175905134876,0.013,0.015,1
chr14-22019278-22020117,1700112E06Rik,0,0.794680844819455,0.316136004058724,0.013,0.01,1
chr2-118762161-118763080,A430105I19Rik,0,0.794680844819455,0.308259410868132,0.013,0.01,1
chr3-94953674-94954523,Rfx5,0,0.794680844819455,0.324479021861364,0.013,0.01,1
chr4-109666514-109667400,Cdkn2c,0,0.794680844819455,0.298140634865377,0.013,0.01,1
chr6-90428181-90429130,Ccdc37,0,0.795004421751643,-0.194722791799154,0.013,0.015,1
chr7-123377492-123378385,Lcmt1,0,0.795079948548836,-0.291957638685667,0.019,0.022,1
chr10-17722764-17723445,Cited2,0,0.795377891619554,0.28812670307974,0.013,0.01,1
chr11-95042117-95042859,Pdk2,762,0.795377891619554,0.313992585687478,0.013,0.01,1
chr3-142764707-142765592,Gtf2b,0,0.795377891619554,0.1878040022252,0.013,0.01,1
chr8-22398027-22398933,Slc25a15,0,0.795383570175181,-0.231718610514808,0.025,0.029,1
chr5-72559311-72560183,Nfxl1,0,0.795400196882469,-0.0235052424730258,0.031,0.027,1
chr4-6453557-6454462,Nsmaf,0,0.795590517550334,-0.178206985104997,0.013,0.015,1
chr16-30587304-30588177,Lsg1,0,0.796075098495666,0.233661055848571,0.013,0.01,1
chr4-117182181-117183085,Kif2c,0,0.796075101780631,0.22939985865691,0.013,0.01,1
chr7-30551933-30552800,Hspb6,0,0.796075101780631,0.314615251706317,0.013,0.01,1
chr7-118740014-118740571,9030624J02Rik,0,0.796075101780631,0.237152760035548,0.013,0.01,1
chr9-107337905-107338866,Hemk1,0,0.796075101780631,0.21158444222218,0.013,0.01,1
chr3-107333116-107333524,Rbm15,0,0.796095202844882,0.291867845931135,0.025,0.022,1
chr10-77032702-77033564,Slc19a1,460,0.796176726373765,-0.193459843194383,0.013,0.015,1
chr11-72214814-72215434,4930563E22Rik,0,0.796772474771569,0.234226713571619,0.013,0.01,1
chr4-96076894-96077640,Cyp2j13,0,0.796772474771569,0.264162087568675,0.013,0.01,1
chr5-105399902-105400698,Gm26519,546,0.796772474771569,0.229037388096533,0.013,0.01,1
chr5-120115990-120116881,Rbm19,0,0.796772474771569,0.239866045852392,0.013,0.01,1
chr8-111145256-111146182,9430091E24Rik,0,0.796772474771569,0.232205104044836,0.013,0.01,1
chr16-28446286-28447233,Fgf12,1058,0.797470006797351,0.106859671792668,0.013,0.01,1
chr7-12818364-12819259,Zfp329,0,0.797470006797351,0.227332350681539,0.013,0.01,1
chr1-43098157-43099084,AI597479,0,0.797470010060863,0.258216348870122,0.013,0.01,1
chr1-184824393-184825183,Mir1981,1904,0.797470010060863,0.179883945983614,0.013,0.01,1
chr9-66512258-66512758,Fbxl22,1834,0.797470010060863,0.21384558546314,0.013,0.01,1
chr4-59581111-59581981,Hsdl2,0,0.797545784412593,0.161643125720341,0.025,0.022,1
chr10-78169356-78170252,D10Jhu81e,0,0.798016977457421,-0.194055223448871,0.019,0.022,1
chr3-108444768-108445668,Sars,0,0.798167707116616,0.204618322087065,0.013,0.01,1
chr4-119492241-119493123,Rimkla,0,0.798167707116616,0.241700035115233,0.013,0.01,1
chr4-133240991-133241853,Map3k6,172,0.798167707116616,0.267552414617694,0.013,0.01,1
chr7-105751822-105752641,Tpp1,0,0.798167707116616,0.220043342470373,0.013,0.01,1
chr7-64392124-64392984,Mcee,0,0.798230528213065,-0.13315524647368,0.038,0.033,1
chr4-135272486-135273379,Clic4,0,0.798436159995015,-0.0197733241331686,0.031,0.027,1
chr12-74283776-74284634,1700086L19Rik,0,0.798522708934504,-0.0961277301614079,0.013,0.015,1
chr8-22593436-22594318,Vdac3,0,0.798522708934504,-0.0718218803162669,0.013,0.015,1
chr17-33628769-33629692,Zfp414,0,0.79886556216452,0.0951709034984303,0.013,0.01,1
chr1-161130961-161131780,Klhl20,0,0.798865565406547,0.18474730445005,0.013,0.01,1
chr15-10177523-10178403,Prlr,284,0.798865565406547,0.162176338972409,0.013,0.01,1
chr17-84187800-84188391,Zfp36l2,0,0.798865565406547,0.123175845656719,0.013,0.01,1
chr18-67087804-67088621,Gnal,0,0.798865565406547,0.177142904654172,0.013,0.01,1
chr3-107035798-107036743,Kcna3,0,0.798865565406547,-0.0352746646174253,0.013,0.01,1
chr7-27688986-27689879,C030039L03Rik,0,0.798865565406547,0.122127202604933,0.013,0.01,1
chr13-119689840-119690724,Hmgcs1,0,0.79887011890384,-0.0214269500810018,0.031,0.027,1
chr5-107437380-107438317,Btbd8,0,0.799250087717712,-0.161068245359155,0.025,0.029,1
chr12-98258968-98259828,Galc,0,0.799304137445489,-0.0436753669381589,0.031,0.027,1
chr14-56571387-56572316,Cenpj,0,0.799480980413734,0.188027652667729,0.025,0.022,1
chr7-130519247-130520153,Ate1,0,0.799480980413734,0.135488698295611,0.025,0.022,1
chr8-95488488-95489375,Csnk2a2,0,0.799563584397987,0.204812494489138,0.013,0.01,1
chr12-104418299-104419138,Gm24334,261,0.799696384147965,-0.0959826286006935,0.013,0.015,1
chr2-119546966-119547897,Chp1,0,0.80017236543431,-0.550177364847381,0.025,0.028,1
chr11-120378403-120379245,2310003H01Rik,0,0.800261763557881,0.16994379679474,0.013,0.01,1
chr4-22487899-22488976,Pou3f2,0,0.800261763557881,0.168326483780722,0.013,0.01,1
chr9-61914178-61915091,Rplp1,0,0.800261763557881,0.0603180168636568,0.013,0.01,1
chrX-36873904-36874777,Ube2a,0,0.800261763557881,0.167649545520862,0.013,0.01,1
chr8-106682862-106683715,Tango6,0,0.800283391629838,-0.0798919371038247,0.013,0.015,1
chr2-98662272-98663167,Gm10801,34,0.800759184985801,-0.133608206248949,0.138,0.139,1
chr2-165492958-165493777,2810408M09Rik,0,0.800960099143049,0.160524815452777,0.013,0.01,1
chr8-86745679-86746582,Gm10638,0,0.800960099143049,0.073945716123756,0.013,0.01,1
chr11-97025726-97026685,Gm11532,0,0.800960102352791,0.193133706882887,0.013,0.01,1
chr15-90679266-90679866,Cpne8,0,0.800960102352791,0.0230523857039158,0.013,0.01,1
chr3-116008011-116008408,Extl2,548,0.800960102352791,0.060128690743376,0.013,0.01,1
chr17-32025111-32025994,Gm25883,1943,0.801658597049933,0.0466797012900786,0.013,0.01,1
chr17-33810016-33810918,Kank3,0,0.801658600248898,0.149156026313237,0.013,0.01,1
chr8-3671763-3672690,Fcor,0,0.80190956138609,0.0133762855992874,0.031,0.027,1
chr18-51117304-51118083,Prr16,0,0.802045089770956,-0.0259678762903839,0.013,0.015,1
chr11-30754700-30755631,Gm12101,0,0.802357256711998,0.0613704234828134,0.013,0.01,1
chr11-101552423-101553050,Nbr1,273,0.802357256711998,-0.0499874803386211,0.013,0.01,1
chr4-141545678-141546475,B330016D10Rik,0,0.802357256711998,0.133395802396922,0.013,0.01,1
chr9-64281155-64282044,Tipin,0,0.802357256711998,0.134631558933426,0.013,0.01,1
chrX-160138063-160138899,Pdha1,0,0.802357256711998,-0.0257241263206636,0.013,0.01,1
chr1-58585953-58586891,Ndufb3,0,0.803056071207509,0.135434595065156,0.013,0.01,1
chr16-23127518-23128423,Rfc4,0,0.803056071207509,0.0191196031149392,0.013,0.01,1
chr6-85153719-85154588,Spr-ps1,1097,0.803056071207509,0.0403890039325798,0.013,0.01,1
chr7-16452500-16453262,Tmem160,0,0.803056071207509,0.0267940166947014,0.013,0.01,1
chr13-8885323-8886249,Idi1,0,0.803094613335052,-0.285209770362986,0.031,0.035,1
chr10-80115173-80116060,Stk11,0,0.803755043200471,-0.066146678105997,0.013,0.01,1
chr10-127164576-127165591,B4galnt1,0,0.803755043200471,0.153320449452728,0.013,0.01,1
chr11-117873027-117873907,Tha1,0,0.803755043200471,-0.0243710410515892,0.013,0.01,1
chr14-55478586-55479476,Dhrs4,0,0.803755043200471,0.031989081321627,0.013,0.01,1
chr17-32505730-32506733,Cyp4f17,0,0.803755043200471,0.00621713365055943,0.013,0.01,1
chr6-73248221-73249011,Suclg1,0,0.803755043200471,-0.111212245276093,0.013,0.01,1
chr7-105481706-105482577,Prkcdbp,0,0.803755043200471,-0.037061560004755,0.013,0.01,1
chr9-53609888-53610793,Acat1,0,0.803755043200471,0.112544360582874,0.013,0.01,1
chr13-92426378-92427252,C030017D09Rik,0,0.804454172155543,-0.0358212343403048,0.013,0.01,1
chr14-60784239-60785088,Mipep,0,0.804454172155543,-0.162934828933103,0.013,0.01,1
chr6-83317154-83317970,Mthfd2,0,0.804454172155543,-0.0273421240859815,0.013,0.01,1
chr7-4445090-4446002,Rdh13,0,0.804454172155543,0.0645041973862393,0.013,0.01,1
chr9-98032764-98033586,Clstn2,0,0.804454172155543,-0.195958549634625,0.013,0.01,1
chrX-48284942-48285740,9530027J09Rik,0,0.804454172155543,0.0763209967018961,0.013,0.01,1
chr12-72441792-72442627,Lrrc9,0,0.80515345753701,-0.169804164225224,0.013,0.01,1
chr15-98880923-98881832,Rhebl1,0,0.80515345753701,-0.117053395741969,0.013,0.01,1
chr16-18629594-18630590,Sept5,0,0.80515345753701,-0.062300200900399,0.013,0.01,1
chr17-48931564-48932468,Lrfn2,0,0.80529391577674,0.112976500876453,0.025,0.022,1
chr1-83064529-83065443,Gm29518,1658,0.805852898808781,-0.157304526053815,0.013,0.01,1
chr2-151542068-151542999,Fkbp1a,0,0.805852898808781,0.0583596426264306,0.013,0.01,1
chr1-128102641-128103507,R3hdm1,0,0.806264868436954,-0.418229234521994,0.038,0.041,1
chr11-51619183-51620092,Nhp2,0,0.806552492311079,-0.0279693031594057,0.013,0.01,1
chr8-33641519-33642350,Ubxn8,0,0.806552492311079,-0.201192293218823,0.013,0.01,1
chr7-80947289-80948213,Sec11a,0,0.806552495434391,-0.123150078604065,0.013,0.01,1
chr7-144914521-144915449,Oraov1,0,0.806552495434391,-0.0953355344189823,0.013,0.01,1
chr8-71366944-71367812,Use1,95,0.807252243764528,-0.143295085404541,0.013,0.01,1
chr4-43875147-43876033,Reck,0,0.807252246877003,-0.216548828586804,0.013,0.01,1
chr16-97996768-97997688,B230307C23Rik,0,0.807952152599405,-0.113136516597101,0.013,0.01,1
chr13-36117211-36118117,Lyrm4,0,0.808204445769181,0.0465543921001386,0.025,0.022,1
chr3-145923752-145924645,Bcl10,0,0.808938167818461,-0.156044773048245,0.05,0.054,1
chr10-19591413-19592305,Ifngr1,0,0.809383529025006,0.0686234388774332,0.044,0.04,1
chr8-71950568-71951473,Zfp961,0,0.809660707971203,0.0916953421649036,0.025,0.022,1
chr2-13544019-13544945,Trdmt1,0,0.809738951372471,-0.394816250307097,0.025,0.028,1
chr15-34306390-34307248,Matn2,0,0.811117632463972,0.0704228818365307,0.025,0.022,1
chr7-13278187-13279112,6330408A02Rik,0,0.811481432848098,-0.331633810627577,0.025,0.028,1
chr18-84685255-84686147,Cndp2,0,0.812119740212522,0.0505835062407019,0.05,0.046,1
chr2-65238302-65239225,Gm13594,0,0.812387353588635,-0.441907355458289,0.019,0.021,1
chr10-19907021-19907932,Pex7,0,0.812821114153456,0.152756731066255,0.031,0.028,1
chrX-98936985-98937699,Yipf6,668,0.813036992800887,-0.0686324259348883,0.025,0.029,1
chr10-62486439-62487373,Vps26a,0,0.813881727038178,-0.217916275111154,0.031,0.035,1
chr19-42089872-42090830,Pi4k2a,0,0.81451965632574,-0.0579091970169419,0.025,0.022,1
chr2-79634805-79635696,Ssfa2,0,0.81451965632574,-0.0155656215648454,0.025,0.022,1
chr3-95015161-95016023,Zfp687,0,0.815412592114425,0.121102784225605,0.031,0.028,1
chr12-16894333-16895172,Rock2,0,0.815491829667795,0.352271156734349,0.019,0.016,1
chr3-37419281-37420195,Spata5,0,0.815595135138791,-0.238109624160617,0.063,0.066,1
chr7-82865768-82866624,Mex3b,708,0.815877192553654,-0.330866439116863,0.019,0.021,1
chr4-40947869-40948763,Bag1,0,0.816204974650006,-0.36710023054614,0.031,0.034,1
chr8-70698342-70699189,Jund,602,0.816465244626537,-0.0260000534726581,0.025,0.022,1
chr6-121183366-121184198,Pex26,0,0.816612165273989,0.272088800960374,0.019,0.016,1
chr11-55468956-55469878,G3bp1,0,0.816720686402925,-0.0108342846309553,0.05,0.045,1
chr2-118388100-118388986,Eif2ak4,0,0.817141369557676,0.114724125393282,0.031,0.028,1
chr2-140394920-140395783,Macrod2,0,0.817756473797592,-0.297075464459855,0.044,0.047,1
chrX-160501844-160502775,Phka2,0,0.818372179369478,-0.399611985346628,0.019,0.021,1
chr1-125435232-125436167,Actr3,0,0.818781833512377,-0.058851542644581,0.038,0.034,1
chr10-81014553-81015457,Gng7,0,0.818897308376799,-0.265800743837109,0.025,0.028,1
chr3-95928722-95929610,Anp32e,0,0.819303590593388,0.0949698981166831,0.031,0.028,1
chr9-119444478-119445369,4930516B21Rik,0,0.819385747779701,-0.121211904209266,0.025,0.022,1
chr16-87353946-87354832,N6amt1,0,0.819830664433612,0.299373819104682,0.025,0.023,1
chr2-136891017-136891816,Slx4ip,0,0.821520183354798,-0.289029994065528,0.038,0.041,1
chr12-108179059-108179966,Setd3,0,0.821683618833493,0.0470517338735275,0.031,0.028,1
chr6-41090883-41091798,Trbv10,141,0.822108215844232,-0.569846570738141,0.013,0.015,1
chr8-14089946-14090858,Erich1,0,0.822108215844232,-0.493665366372232,0.013,0.015,1
chr16-11065789-11066690,Litaf,0,0.822219410908953,0.219013711036714,0.019,0.016,1
chr1-64121450-64122251,Klf7,30,0.82221941274387,0.200433870787393,0.019,0.016,1
chr5-91517196-91518076,Parm1,0,0.822612509362969,-0.228224139929866,0.038,0.041,1
chr7-28961967-28962853,Actn4,0,0.822710379058785,-0.572018409787772,0.013,0.015,1
chr7-30308290-30309146,Alkbh6,0,0.823312653033406,-0.542684096310999,0.013,0.015,1
chr6-149309023-149309945,2810474O19Rik,0,0.823367648063948,-0.375935884286988,0.019,0.021,1
chr4-119232338-119233241,AU022252,0,0.823771193223432,-0.0972640506546307,0.025,0.022,1
chr2-109917184-109918021,Lgr4,0,0.823915031084098,-0.485746080050705,0.013,0.015,1
chr7-101301627-101302598,Atg16l2,0,0.823915031084098,-0.503770216898296,0.013,0.015,1
chr7-118712202-118713029,Ccp110,0,0.823915031084098,-0.495125877924419,0.013,0.015,1
chr17-53689035-53689913,Sgol1,0,0.824090989638955,0.0269533658618109,0.05,0.046,1
chr11-104468996-104469884,Kansl1,134,0.824517510781855,-0.425290643050444,0.013,0.015,1
chr11-105589217-105590106,Tanc2,0,0.824517510781855,-0.432123624818217,0.013,0.015,1
chr5-137786283-137787136,Mepce,0,0.825026464534135,0.163802177412545,0.019,0.016,1
chrX-42148574-42149435,Stag2,0,0.825120091804357,-0.41453222299873,0.013,0.015,1
chr10-3973518-3973996,Mthfd1l,399,0.825120093883525,-0.539671611309628,0.013,0.015,1
chr18-74207339-74208205,Ska1,0,0.825120093883525,-0.429775199625707,0.013,0.015,1
chr7-127208462-127209442,Tbc1d10b,0,0.825120093883525,-0.430030645576212,0.013,0.015,1
chr7-139388434-139389350,Inpp5a,0,0.825500917915105,-0.0540041541712757,0.05,0.045,1
chr7-64872544-64873392,Ndnl2,0,0.825722775901365,-0.542801801385534,0.013,0.015,1
chr3-100162101-100163024,Gdap2,0,0.825868082560398,-0.283882313311271,0.019,0.021,1
chr4-124801858-124802778,Mtf1,0,0.826325568925359,-0.454479227849606,0.013,0.015,1
chr5-138754514-138755366,Fam20c,0,0.826325568925359,-0.535484288685963,0.013,0.015,1
chr12-33429198-33430059,Twistnb,0,0.826711772616991,0.13962080989453,0.019,0.016,1
chr14-73524516-73525428,Sucla2,0,0.826868752610874,-0.273066440508687,0.019,0.021,1
chr12-31350979-31351828,Dld,0,0.826928460178443,-0.36532095105578,0.013,0.015,1
chr19-32712040-32712951,Atad1,0,0.826928460178443,-0.43963269005897,0.013,0.015,1
chrX-75095425-75096328,Dkc1,0,0.827273718026893,0.165437599123719,0.019,0.016,1
chr19-53390252-53391144,Smndc1,0,0.827531453461283,-0.423429566571532,0.013,0.015,1
chr8-85432446-85433354,RP23-211B19.1,0,0.827531453461283,-0.318232037662817,0.013,0.015,1
chr5-99252504-99253393,Rasgef1b,0,0.827642604994699,-0.182099671211723,0.025,0.028,1
chr18-36793409-36794324,Zmat2,0,0.827835753679674,0.109455370236449,0.019,0.016,1
chr3-92080611-92081386,Lor,1755,0.827835755458521,0.12246250824145,0.019,0.016,1
chr4-119733234-119734151,Hivep3,0,0.827835755458521,0.0503961316461421,0.019,0.016,1
chr7-18910102-18911016,Ccdc61,0,0.828080440935683,-0.178537818362906,0.025,0.028,1
chr1-162477479-162478478,Gm10176,0,0.8281345463854,-0.442292968649179,0.013,0.015,1
chr10-88376467-88377354,Dram1,1725,0.828134548429888,-0.347723079285374,0.013,0.015,1
chr11-116029862-116030723,Unk,0,0.828134548429888,-0.341396201424068,0.013,0.015,1
chr15-101283640-101284438,Atg101,0,0.828134548429888,-0.305197144942256,0.013,0.015,1
chr3-144570026-144570906,Hs2st1,0,0.828134548429888,-0.46726676451873,0.013,0.015,1
chr4-126202361-126203234,Thrap3,0,0.828134548429888,-0.399520241958671,0.013,0.015,1
chr17-56325380-56326304,Kdm4b,0,0.828378917625275,0.230534705434393,0.038,0.035,1
chr13-25932500-25933348,Gm11351,1558,0.828397879279926,0.106143855098767,0.019,0.016,1
chr6-48443880-48444750,Zfp467,1074,0.828678972398473,0.0425227077763832,0.019,0.016,1
chr9-59486327-59487274,Arih1,0,0.828737744740085,-0.375488040762122,0.013,0.015,1
chr9-56417584-56418392,Peak1,0,0.828870934783911,-0.288570657307164,0.019,0.021,1
chr1-78488709-78489596,Farsb,0,0.829341042047523,-0.3389376240997,0.013,0.015,1
chr3-34019468-34020382,Fxr1,0,0.829341042047523,-0.363370281945329,0.013,0.015,1
chr6-133104973-133105877,2700089E24Rik,0,0.829371651814235,-0.258426192409679,0.019,0.021,1
chr7-139683486-139684263,Cfap46,0,0.829371654611179,-0.296132419118376,0.019,0.021,1
chr6-108064931-108065876,Setmar,0,0.8294507615824,0.0494827594330163,0.063,0.058,1
chr5-135168368-135169101,Bcl7b,84,0.829944437984038,-0.31567096262483,0.013,0.015,1
chr2-75704370-75705189,E030042O20Rik,0,0.829944440007673,-0.308879787923465,0.013,0.015,1
chr6-35539419-35540265,Mtpn,0,0.829944440007673,-0.344170820246469,0.013,0.015,1
chr6-113076280-113077106,Gt(ROSA)26Sor,226,0.829944440007673,-0.287116038298461,0.013,0.015,1
chr7-122066785-122067666,Ubfd1,0,0.830084775245704,0.0828358960246387,0.019,0.016,1
chr13-52980637-52981522,Nfil3,0,0.830084777002045,0.0870888129183722,0.019,0.016,1
chr7-107370384-107371267,Syt9,0,0.830084777002045,0.118277865250309,0.019,0.016,1
chr18-70567798-70568708,Mbd2,0,0.830270418352474,-0.173527292533035,0.025,0.028,1
chr5-99978710-99979608,Hnrnpd,0,0.830547938275828,-0.311485413906534,0.013,0.015,1
chr7-127260319-127261248,Dctpp1,0,0.830547938275828,-0.298946844590384,0.013,0.015,1
chr7-30588569-30589349,Kmt2b,0,0.830874229223298,-0.233300075113384,0.019,0.021,1
chr2-153241072-153241945,Pofut1,0,0.831151534497385,-0.29708975809674,0.013,0.015,1
chr11-4915866-4916756,AA413626,1753,0.831151536507101,-0.268924484742893,0.013,0.015,1
chr3-122292572-122293485,Gm17494,61,0.831151536507101,-0.264344233299705,0.013,0.015,1
chr6-129333535-129334441,4922502D21Rik,1738,0.831209809496734,0.115524485048704,0.019,0.016,1
chr4-62519533-62520408,Alad,0,0.83175523435643,-0.335650013875519,0.013,0.015,1
chr8-94917229-94918122,Ccdc102a,0,0.83175523435643,-0.298485380974253,0.013,0.015,1
chr12-83519994-83520916,Dcaf4,0,0.831772456512082,0.0804404671117904,0.019,0.016,1
chr3-127552750-127553683,Larp7,0,0.831871080573235,-0.0394417395992415,0.031,0.028,1
chr16-36874638-36875525,Eaf2,0,0.831876289601629,-0.216570622738305,0.019,0.021,1
chr16-16146314-16147239,Spidr,0,0.832335191481833,0.131739187996404,0.019,0.016,1
chr2-25574392-25575300,Phpt1,0,0.832335191481833,0.0624238307915412,0.019,0.016,1
chr18-14682545-14683430,Ss18,0,0.832898007196838,-0.0409153447502817,0.019,0.016,1
chr4-11965391-11965999,Pdp1,452,0.832898010653134,0.00657268919245357,0.019,0.016,1
chr1-61638435-61639298,Pard3b,0,0.833566922159496,-0.259198327377808,0.013,0.015,1
chr13-32964795-32965658,Serpinb6b,0,0.834171015026914,-0.197435733370586,0.013,0.015,1
chr6-57702734-57703595,Lancl2,132,0.83447673959864,-0.0625120635315959,0.031,0.028,1
chr11-64079205-64080093,2810001G20Rik,0,0.834586981014724,0.0673460061744766,0.019,0.016,1
chr18-35552905-35553783,Snhg4,0,0.834775205784444,-0.239193622190045,0.013,0.015,1
chr2-10048209-10049045,Taf3,0,0.834775205784444,-0.216023325560939,0.013,0.015,1
chr7-41392946-41393871,Gm17102,0,0.834775205784444,-0.215441501676763,0.013,0.015,1
chr1-106171048-106171970,Phlpp1,0,0.834884104420986,-0.149338100033971,0.019,0.021,1
chr7-139212873-139213716,Lrrc27,0,0.834884104420986,-0.160216247393991,0.019,0.021,1
chr6-71440332-71441231,Rmnd5a,0,0.83493165179137,0.197234472165909,0.031,0.029,1
chr16-15862180-15862863,Mzt2,505,0.835379494085977,-0.169286159127858,0.013,0.015,1
chr2-15048869-15049749,Arl5b,0,0.835713385828334,-0.0514687993208227,0.019,0.016,1
chr5-137294188-137295044,Ufsp1,0,0.835713385828334,-0.104320578051472,0.019,0.016,1
chr9-83805812-83806619,Elovl4,0,0.835713385828334,-0.189902066634684,0.019,0.016,1
chr9-96195733-96196643,Tfdp2,0,0.835780251833795,-0.0963786903056669,0.031,0.028,1
chr15-100422624-100423535,Gm5475,476,0.835983877631329,-0.196686530683989,0.013,0.015,1
chr3-127895921-127896805,5730508B09Rik,0,0.835983879585228,-0.197605749224742,0.013,0.015,1
chr10-78184752-78185628,Pwp2,0,0.836588361935741,-0.148414186490274,0.013,0.015,1
chr16-87439871-87440845,Rwdd2b,0,0.836588361935741,-0.16124648654676,0.013,0.015,1
chr4-149517632-149518544,Ctnnbip1,0,0.836840127683729,-0.0295824527775563,0.019,0.016,1
chr17-33718324-33719236,March2,0,0.83695409294012,0.135910440460611,0.025,0.023,1
chr1-180813335-180814131,H3f3aos,0,0.837192940790888,-0.122205212272665,0.013,0.015,1
chr4-41348605-41349479,Ubap1,0,0.837192940790888,-0.184572780556558,0.013,0.015,1
chr16-20301990-20302875,Parl,0,0.837392463800581,-0.1650343677348,0.019,0.021,1
chr13-119487918-119488816,Gm7120,0,0.837967204336072,-0.00454355418462615,0.019,0.016,1
chr7-141327450-141328354,Tmem80,0,0.838388629427265,-0.111533242778042,0.031,0.028,1
chr8-22858853-22859748,Kat6a,0,0.838402384701817,-0.144501073557226,0.013,0.015,1
chr16-21204139-21205041,Ephb3,0,0.838585369109035,-0.360932939190473,0.025,0.027,1
chr7-79272614-79273511,Abhd2,0,0.838585369109035,-0.388464387997422,0.025,0.027,1
chr3-56183306-56184159,Nbea,0,0.839007252915303,-0.0953165888339607,0.013,0.015,1
chr9-22475256-22476143,Bbs9,0,0.83909461353846,-0.107686441569705,0.019,0.016,1
chr2-73892347-73893243,Gm10822,0,0.839130377739223,0.162950665376802,0.025,0.023,1
chr14-75015688-75016387,5031414D18Rik,0,0.839612214319303,-0.118235026373767,0.013,0.015,1
chr17-26916469-26917379,Kifc5b,0,0.839651403266394,-0.128835815599216,0.019,0.021,1
chr4-128609709-128610619,Zscan20,0,0.840098010363486,0.104903717972158,0.025,0.023,1
chr18-32162515-32163416,Map3k2,0,0.840109392344946,0.0258423693025871,0.038,0.034,1
chr2-140170202-140170995,Ndufaf5,0,0.840222353041948,-0.121112215557799,0.019,0.016,1
chr8-47713706-47714523,Cdkn2aip,0,0.840222353041948,-0.149860923438697,0.019,0.016,1
chr18-63708108-63709028,Wdr7,0,0.840822419188635,-0.11628606147043,0.013,0.015,1
chr5-21055678-21056692,Ptpn12,0,0.841177653777841,0.183755186583958,0.031,0.029,1
chr5-110809756-110810647,Ulk1,0,0.841246915116398,-0.300077688792008,0.025,0.027,1
chr8-41239146-41240097,Pcm1,0,0.841427665754227,-0.00407136871991387,0.013,0.015,1
chr7-78782680-78783595,Mrps11,0,0.841549912048463,0.0961491186792087,0.025,0.023,1
chr17-64331702-64332614,Pja2,0,0.841651261884369,-0.119183063729418,0.069,0.073,1
chr7-25076708-25077601,Zfp574,0,0.841690682589877,-0.272368834107787,0.025,0.027,1
chr17-44105420-44106286,Enpp4,0,0.841911665612927,-0.0741050781550023,0.019,0.021,1
chr4-114999554-115000468,Stil,0,0.842088978159896,0.0274045991394791,0.038,0.034,1
chrX-140956331-140957268,Atg4a,0,0.842638434041291,-0.0681830584328518,0.013,0.015,1
chr2-27539872-27540691,Gm13421,0,0.842638435918079,-0.0209067086668009,0.013,0.015,1
chr4-132922225-132923121,Fam76a,0,0.844069564965731,0.0213958402273251,0.038,0.034,1
chr17-15704331-15705230,Chd1,0,0.844455325319932,0.103799603809557,0.025,0.023,1
chr15-89314947-89315834,Sbf1,0,0.845061089805487,-0.0268140871257279,0.013,0.015,1
chr6-34877630-34878552,3110062M04Rik,0,0.845242629631185,-0.333262089072329,0.025,0.027,1
chr12-85745594-85746436,Mfsd7c,102,0.84528780730703,0.39402707445018,0.013,0.011,1
chr19-7057507-7058392,Macrod1,738,0.84528780730703,0.465209817450226,0.013,0.011,1
chr3-146220540-146221379,Lpar3,0,0.84528780730703,0.444849953675257,0.013,0.011,1
chr5-35582600-35583491,Acox3,0,0.845301207882067,-0.293611392139386,0.019,0.016,1
chr5-44799192-44800105,Ldb2,0,0.845666983234977,0.0724824826607238,0.013,0.015,1
chr8-53511403-53512308,Aga,0,0.846051134976569,-0.014924672727457,0.038,0.034,1
chr7-27361168-27362049,Gm26043,1264,0.846131113081736,-0.281008146315027,0.025,0.027,1
chr4-122885719-122886590,Cap1,0,0.846786039681576,0.0931556860393221,0.031,0.029,1
chr6-148211678-148212586,Ergic2,0,0.847362860950127,0.0493870783626522,0.025,0.023,1
chr1-161034514-161035388,Zbtb37,0,0.847649565000011,0.0349618609821079,0.031,0.029,1
chr19-60874087-60874965,Prdx3,0,0.847847651835959,0.0664501341446306,0.025,0.023,1
chr11-86484070-86484984,Rnft1,0,0.847847652997433,0.0252668643073521,0.025,0.023,1
chr9-51008737-51009635,Sik2,0,0.848716708306621,-0.0329346614690116,0.025,0.028,1
chr7-27178452-27179269,Rab4b,0,0.848797727186229,-0.291802849876443,0.025,0.027,1
chr10-59702048-59702960,Micu1,0,0.848817409629729,0.0451027028494164,0.025,0.023,1
chr7-19458558-19459200,Mark4,63,0.849427849588714,0.369091458919783,0.013,0.011,1
chr8-46210597-46211513,Slc25a4,0,0.849427849588714,0.431961171911078,0.013,0.011,1
chr2-122028035-122028915,Eif3j1,0,0.849787395119195,0.0032933917455189,0.025,0.023,1
chr1-186748943-186749808,A430105J06Rik,0,0.850118263764358,0.333682856326233,0.013,0.011,1
chr14-34310124-34311053,Fam35a,0,0.850272472094306,-0.0921343067763662,0.025,0.023,1
chr4-85205500-85206241,Sh3gl2,373,0.850808792885749,0.382910729703627,0.013,0.011,1
chr11-95858498-95859358,4833417C18Rik,0,0.851242799326491,0.00209655144774645,0.025,0.023,1
chr3-58576329-58577161,Selt,0,0.851499436436014,0.354098037983801,0.013,0.011,1
chr4-147904531-147905423,Mfn2,0,0.851499436436014,0.365734776971414,0.013,0.011,1
chr6-73221320-73222228,Dnah6,0,0.851581143700923,-0.411068231048583,0.019,0.021,1
chr1-131827535-131828402,Slc41a1,41,0.852190193898015,0.312766371542397,0.013,0.011,1
chr11-76027295-76028203,Fam101b,0,0.852190193898015,0.197155016773938,0.013,0.011,1
chr17-80223942-80224800,Gemin6,0,0.852190193898015,0.258719293884318,0.013,0.011,1
chr13-113794049-113794906,Arl15,0,0.852213349560052,-0.0978375228638431,0.025,0.023,1
chr11-69015647-69016572,Ctc1,0,0.852881064754352,0.293312702264879,0.013,0.011,1
chr12-32952075-32952944,4933406C10Rik,844,0.852881064754352,0.294733868756143,0.013,0.011,1
chr17-71598245-71599135,Trmt61b,0,0.852881064754352,0.237314059698128,0.013,0.011,1
chr9-59750608-59751528,Senp8,0,0.85294140781292,0.0328427759643284,0.025,0.023,1
chr11-67079765-67080676,Myh3,1464,0.853572048487364,0.322296049423357,0.013,0.011,1
chr19-34640435-34641386,2010002M12Rik,0,0.853572048487364,0.242402998340416,0.013,0.011,1
chr15-99294611-99295537,Prpf40b,0,0.853696854959603,-0.00665230818512796,0.044,0.04,1
chr1-64532398-64533255,Creb1,0,0.85413176499483,0.0664858478869932,0.031,0.029,1
chr1-191325587-191326420,Tmem206,0,0.854263144579133,0.250565859703452,0.013,0.011,1
chr10-93160158-93161060,Cdk17,0,0.854263144579133,0.210168409844109,0.013,0.011,1
chr2-29890301-29891071,Odf2,1079,0.854263144579133,0.272760698818531,0.013,0.011,1
chr3-121814814-121815715,Abcd3,0,0.854263144579133,0.216960532410132,0.013,0.011,1
chr6-55037601-55038471,Gars,0,0.854263144579133,0.229390004370251,0.013,0.011,1
chr8-73353249-73354093,Large,0,0.854581290965957,-0.27416222688755,0.025,0.027,1
chrX-96456001-96456920,Hsf3,0,0.854608730095495,0.178942799826647,0.013,0.011,1
chr4-59437808-59438692,Susd1,0,0.854954350265641,0.207174241952115,0.013,0.011,1
chr10-128704614-128705511,Cdk2,0,0.854954352511478,0.273419196862676,0.013,0.011,1
chr11-61761623-61762517,Prpsap2,0,0.854954352511478,0.216287107912951,0.013,0.011,1
chr2-181678526-181679380,Tcea2,929,0.854954352511478,0.213321721909158,0.013,0.011,1
chr5-38684303-38685150,Zfp518b,0,0.854954352511478,0.237604933055856,0.013,0.011,1
chr13-23368749-23369658,Zfp322a,0,0.855126339847704,-0.00117717880896251,0.025,0.023,1
chr16-35363415-35364375,Sec22a,0,0.855645671765963,0.23645356179846,0.013,0.011,1
chr17-68836775-68837602,Tmem200c,0,0.855645671765963,0.209374583374155,0.013,0.011,1
chr19-60755474-60756489,Nanos1,0,0.855645671765963,0.120421864936509,0.013,0.011,1
chr9-64810873-64811759,Dennd4a,0,0.856175826823129,-0.290394178316623,0.019,0.021,1
chr11-58938427-58939332,Rnf187,0,0.856337099598992,0.183486187821933,0.013,0.011,1
chr6-42709584-42710462,Fam115a,0,0.856583581078358,-0.160221106096345,0.025,0.023,1
chr16-87432138-87433003,Ltn1,0,0.856686649990952,-0.534963766553402,0.019,0.021,1
chr9-81863241-81864134,Mei4,0,0.856686649990952,-0.361452288672849,0.019,0.021,1
chr1-172026949-172027847,Vangl2,596,0.857028642166327,0.134800961737017,0.013,0.011,1
chr11-50209937-50210624,Sqstm1,202,0.857028642166327,0.179276206035987,0.013,0.011,1
chr12-8973483-8974398,Wdr35,0,0.857028642166327,0.184032943959895,0.013,0.011,1
chr16-4213814-4214710,Crebbp,406,0.857028642166327,0.170326336440559,0.013,0.011,1
chr2-71452843-71453753,Metap1d,0,0.857028642166327,0.193440853679665,0.013,0.011,1
chr3-10239583-10240460,RP23-436F15.1,1847,0.857028642166327,-0.0587122905365707,0.013,0.011,1
chr3-108085067-108086018,Gm12500,0,0.857028642166327,0.172031025809867,0.013,0.011,1
chr8-11555427-11556142,Ing1,0,0.857160194938148,-0.00720219124249866,0.031,0.029,1
chr2-157134725-157135617,Samhd1,0,0.857720292274057,0.0695508901315005,0.013,0.011,1
chr3-9609600-9610520,Zfp704,0,0.857720292274057,0.113615353996478,0.013,0.011,1
chr5-5749883-5750457,Steap1,556,0.857720292274057,0.153405496586523,0.013,0.011,1
chr18-25168352-25169209,AW554918,0,0.857728001651768,-0.195434912769882,0.038,0.04,1
chr18-77713948-77714792,8030462N17Rik,0,0.858219483740108,-0.355807920029318,0.019,0.021,1
chr2-130423810-130424715,Vps16,0,0.858412049434165,0.0670037558579235,0.013,0.011,1
chr15-80710530-80711459,Tnrc6b,0,0.85841205162763,0.0844715716871907,0.013,0.011,1
chr4-24896456-24897210,Ndufaf4,872,0.85841205162763,0.128125732499115,0.013,0.011,1
chr5-29735603-29736428,Dnajb6,0,0.85841205162763,0.0899264740536587,0.013,0.011,1
chr6-119478802-119479754,Fbxl14,0,0.85841205162763,0.108053985433892,0.013,0.011,1
chr7-12422092-12422966,Zfp551,0,0.85841205162763,0.0815864558737589,0.013,0.011,1
chr8-95853133-95854051,Slc38a7,0,0.85841205162763,0.142481728243039,0.013,0.011,1
chrX-95026247-95027078,Spin4,0,0.85841205162763,0.205555388746844,0.013,0.011,1
chr12-76254777-76255666,Mthfd1,0,0.858527326379889,0.0100284402014235,0.025,0.023,1
chr3-113629617-113630501,Rnpc3,0,0.858949167407206,-0.290872806175765,0.031,0.034,1
chr17-29268481-29269366,BC004004,0,0.85910391970734,0.139633932627281,0.013,0.011,1
chr17-75004729-75005557,Ltbp1,10,0.85910391970734,0.12413967144558,0.013,0.011,1
chr19-42752357-42753247,Pyroxd2,0,0.85910391970734,0.0684003748746367,0.013,0.011,1
chr2-119156568-119157382,Rmdn3,0,0.85910391970734,0.161176005612529,0.013,0.011,1
chr2-139676752-139677637,Gm14066,76,0.85910391970734,0.136495218383054,0.013,0.011,1
chr4-155769842-155770597,Gm26840,0,0.85910391970734,0.0598712442022471,0.013,0.011,1
chr6-87009447-87010339,Nfu1,210,0.85910391970734,0.118416562806579,0.013,0.011,1
chr7-40900926-40901732,A230077H06Rik,0,0.85910391970734,0.0231416238932889,0.013,0.011,1
chr9-14275672-14276580,Sesn3,0,0.859752850980506,-0.315705540064644,0.019,0.021,1
chr3-88335954-88336859,Tmem79,0,0.85979589382075,0.10620323382975,0.013,0.011,1
chr15-97246851-97247744,Pced1b,0,0.85979589599323,0.128650618788623,0.013,0.011,1
chr2-114200951-114201857,Zfp770,0,0.85979589599323,0.101922345520073,0.013,0.011,1
chr6-33059907-33060758,Chchd3,0,0.85979589599323,0.0549156597743004,0.013,0.011,1
chr7-45896438-45897347,Tmem143,0,0.859926915817225,-0.186328553050544,0.025,0.027,1
chr6-13677628-13678469,B630005N14Rik,0,0.860126550185406,-0.0764450382930284,0.044,0.04,1
chr14-52278920-52279806,Tox4,0,0.860471925353347,-0.106745702726111,0.025,0.023,1
chr1-134955521-134956392,Ppp1r12b,0,0.860487979965095,0.0366439918957591,0.013,0.011,1
chr2-130295232-130295969,Ebf4,62,0.860487979965095,0.0413260849246306,0.013,0.011,1
chrX-162759786-162760701,Rbbp7,0,0.860550927950032,0.336433161599105,0.019,0.017,1
chr12-56345481-56346323,Mbip,0,0.860775390069434,-0.251894032710769,0.019,0.021,1
chr16-32078848-32079784,Pak2,0,0.861031060208736,-0.305225266112681,0.019,0.021,1
chr6-56797386-56798290,Kbtbd2,0,0.861108621076092,0.336579296943406,0.019,0.017,1
chr16-35540904-35541729,Sema5b,0,0.861180171102479,-0.025231647868285,0.013,0.011,1
chr17-23773819-23774723,Gm16275,1977,0.861180171102479,0.0805283009390427,0.013,0.011,1
chrX-109013287-109014138,Hmgn5,0,0.861180171102479,-0.0275212860076302,0.013,0.011,1
chr10-107272180-107273011,Lin7a,336,0.86152630454931,0.0572587091626451,0.013,0.011,1
chr5-67847092-67847999,Atp8a1,0,0.86171023205357,-0.156174531830116,0.025,0.027,1
chr16-78376422-78377336,Btg3,0,0.861923387127468,-0.0235920421539557,0.031,0.029,1
chr11-11808608-11809486,Fignl1,0,0.862001568026803,0.0458968532189772,0.038,0.035,1
chr14-111675638-111676455,Slitrk5,522,0.862224216229663,0.254353467649324,0.019,0.017,1
chr1-138963598-138964428,Dennd1b,0,0.862564872790757,-0.108841272174492,0.013,0.011,1
chr1-190911254-190912258,Rps6kc1,0,0.862564872790757,-0.0255783130376077,0.013,0.011,1
chr17-46650131-46650978,Cul7,0,0.862564872790757,-0.080758786430323,0.013,0.011,1
chr17-47629176-47630111,Usp49,578,0.862564872790757,0.0808569110591106,0.013,0.011,1
chr3-135485233-135486130,Manba,0,0.862564872790757,0.012898146894651,0.013,0.011,1
chr4-154142028-154142923,Wrap73,0,0.862564872790757,0.023265902141925,0.013,0.011,1
chr8-106210543-106211449,Slc7a6os,0,0.862564872790757,-0.0469387576715041,0.013,0.011,1
chr9-55326424-55327366,Nrg4,0,0.862564872790757,-0.0612489328537587,0.013,0.011,1
chrX-56597689-56598536,Mmgt1,0,0.86278211632038,0.263432897906764,0.019,0.017,1
chr7-90129660-90130567,Picalm,0,0.862821166921733,-0.227345280877592,0.019,0.021,1
chr11-82890145-82891006,Rad51d,0,0.863257382299513,0.00739194347889249,0.013,0.011,1
chr4-151933015-151933940,Dnajc11,0,0.863257382299513,0.0368041937632286,0.013,0.011,1
chr2-39064994-39065897,Golga1,0,0.863844401324395,-0.22309929127223,0.019,0.021,1
chr3-65109002-65109912,Kcnab1,0,0.863844401324395,-0.256523956071089,0.019,0.021,1
chr14-32513113-32513984,Ercc6,0,0.863949996889515,-0.120632357411668,0.013,0.011,1
chr7-143685359-143686275,Tnfrsf23,0,0.863949996889515,-0.0743891989597003,0.013,0.011,1
chr9-20384715-20385630,Zfp560,0,0.863949996889515,0.00504633119380582,0.013,0.011,1
chr6-59024128-59025029,Fam13a,0,0.864090147515163,-0.0179280185315629,0.031,0.029,1
chr12-108893783-108894691,Wars,0,0.864100244529767,-0.179734832413762,0.019,0.021,1
chr7-30534658-30535604,Arhgap33,477,0.864456226170898,0.259505183217048,0.019,0.017,1
chr7-45459468-45460348,Ftl1,0,0.864642716039085,-0.100233040094097,0.013,0.011,1
chr9-110332936-110333852,Scap,0,0.864642716039085,-0.122552558564552,0.013,0.011,1
chr11-106272557-106273437,Smarcd2,0,0.864867864135657,-0.240437707092443,0.019,0.021,1
chr8-33385165-33386066,Wrn,0,0.86496381960326,0.0171961368189026,0.038,0.035,1
chr1-15683420-15684325,Gm25227,1720,0.865014395686778,0.220193491521063,0.019,0.017,1
chr14-70288962-70289860,Ppp3cc,0,0.865335537137962,-0.0390646179277532,0.013,0.011,1
chr1-179517598-179518410,Smyd3,0,0.865335539226306,-0.259736605342921,0.013,0.011,1
chr7-113206875-113207718,Arntl,0,0.865335539226306,-0.0438732163601321,0.013,0.011,1
chr7-114562455-114563344,Cyp2r1,0,0.865379680668544,-0.245664240105324,0.019,0.021,1
chr14-34819447-34820296,Grid1,0,0.86602846592902,-0.173167514926885,0.013,0.011,1
chr14-98167695-98168622,Dach1,1142,0.86602846592902,-0.10874346163284,0.013,0.011,1
chr4-47603608-47604392,Gm27668,0,0.86602846592902,-0.227055699950182,0.013,0.011,1
chr6-113696587-113697503,Tatdn2,0,0.86602846592902,-0.242033692652545,0.013,0.011,1
chr10-60752413-60753308,Slc29a3,0,0.86640348180551,-0.223544525426169,0.019,0.021,1
chr2-32395647-32396319,Ptges2,0,0.866403482936267,-0.244480798615507,0.019,0.021,1
chr1-13659616-13660070,Lactb2,475,0.866721495624828,-0.297602995013959,0.013,0.011,1
chr2-152226362-152227227,Csnk2a1,0,0.866721495624828,-0.2669827857143,0.013,0.011,1
chr8-104641471-104642319,1700082M22Rik,0,0.866721495624828,-0.251974788125467,0.013,0.011,1
chr19-6235686-6236562,Ppp2r5b,0,0.867939606182903,-0.210505711897334,0.019,0.021,1
chr9-44417625-44418544,Ccdc84,0,0.868390524986668,-0.471435262377961,0.013,0.014,1
chr5-33657860-33658681,Tmem129,0,0.86845175726694,-0.19812442089795,0.019,0.021,1
chr17-84790306-84791250,Lrpprc,0,0.868705476316814,0.0103339711894224,0.044,0.041,1
chr19-6942062-6942938,Gpr137,0,0.869011563919569,-0.550578586458006,0.013,0.014,1
chr15-85811179-85812111,Cdpf1,0,0.869632682033775,-0.378995499362614,0.013,0.014,1
chr7-101663316-101664242,Clpb,0,0.869632682033775,-0.56256672402743,0.013,0.014,1
chr5-123014551-123015417,Orai1,0,0.869988544266676,-0.176223405163274,0.019,0.021,1
chr6-71908582-71909401,Ptcd3,0,0.870253878975806,-0.500626526243255,0.013,0.014,1
chr11-50292026-50292922,Maml1,0,0.870253880591089,-0.565664831528141,0.013,0.014,1
chr19-18712624-18713526,D030056L22Rik,0,0.870500916027549,-0.162303450890215,0.019,0.021,1
chr4-128654174-128655078,Phc2,0,0.870599780069727,0.115160000146498,0.019,0.017,1
chr10-29535413-29536311,Rspo3,0,0.870875159215107,-0.321670106550785,0.013,0.014,1
chr4-43441755-43442645,Tesk1,0,0.870875159215107,-0.501509878406473,0.013,0.014,1
chr7-79465850-79466865,Polg,0,0.870875159215107,-0.492868933796714,0.013,0.014,1
chr10-127380291-127381176,R3hdm2,0,0.870990138697783,0.186330611529298,0.025,0.023,1
chr7-51861765-51862544,Gas2,0,0.871084469311708,-0.216710822347825,0.031,0.034,1
chr11-86200743-86201661,Brip1os,0,0.871158678150209,0.11511465593459,0.019,0.017,1
chr9-100545702-100546617,Nck1,0,0.871158678150209,0.14315161352657,0.019,0.017,1
chr1-53352248-53353133,Asnsd1,0,0.87137559017173,-0.329344942330343,0.025,0.027,1
chr10-83543527-83544438,A230046K03Rik,0,0.87149651752928,-0.415037886511064,0.013,0.014,1
chr4-59625782-59626686,E130308A19Rik,0,0.87149651752928,-0.434791714054205,0.013,0.014,1
chr6-49263575-49264404,Tra2a,0,0.87149651752928,-0.39807426685288,0.013,0.014,1
chr7-6409769-6410672,Gm20715,0,0.87149651752928,-0.366611241661453,0.013,0.014,1
chr1-93511547-93512410,Farp2,0,0.871717640573931,0.137208254159725,0.019,0.017,1
chr13-48625200-48626120,Ptpdc1,0,0.872038356636093,-0.164741863060444,0.019,0.021,1
chr14-31250850-31251701,Phf7,0,0.87211795515691,-0.35351881864582,0.013,0.014,1
chrX-53370105-53370980,Mospd1,0,0.87211795515691,-0.440843396095955,0.013,0.014,1
chr7-7120801-7121757,Zfp954,0,0.872424621116248,-0.0725329131142849,0.025,0.027,1
chr3-53863524-53864379,Ufm1,0,0.872435320322027,0.144988390880674,0.025,0.023,1
chr3-62338543-62339471,Arhgef26,198,0.872739471721151,-0.418448692440927,0.013,0.014,1
chr9-13748709-13749628,Mtmr2,298,0.872739471721151,-0.362001783648209,0.013,0.014,1
chr4-134534911-134535803,Mtfr1l,0,0.873394909885811,0.0577353415601518,0.019,0.017,1
chr2-145934345-145935249,Cfap61,0,0.87398273701204,-0.317020563889384,0.013,0.014,1
chr6-6216636-6217480,Slc25a13,0,0.873982738581699,-0.361487595959635,0.013,0.014,1
chr18-84087400-84088254,Zadh2,0,0.873982740151359,-0.319773577124522,0.013,0.014,1
chr2-122147275-122148149,B2m,0,0.873982740151359,-0.33017658901977,0.013,0.014,1
chr1-75478972-75479841,Tmem198,0,0.874084396017933,-0.408006927026073,0.025,0.027,1
chr7-29518275-29519183,Sipa1l3,0,0.874513408239701,0.0880057512499786,0.019,0.017,1
chr2-134785751-134786625,Plcb1,0,0.874601830447687,-0.128853288157368,0.019,0.021,1
chr14-41013551-41014573,Fam213a,0,0.874604489700862,-0.298150850467556,0.013,0.014,1
chr4-22357223-22358103,Fbxl4,0,0.875072750960668,0.0397749889371672,0.019,0.017,1
chr11-101467640-101468505,Vat1,1409,0.875226319802233,-0.327525880065402,0.013,0.014,1
chr19-53528601-53529473,Dusp5,0,0.875226319802233,-0.339183432219745,0.013,0.014,1
chr2-153345186-153346089,Asxl1,0,0.875226319802233,-0.37816575696708,0.013,0.014,1
chr2-32756809-32757641,Tor2a,0,0.875632156103257,0.0267989584472916,0.019,0.017,1
chr18-3337157-3338029,Crem,0,0.875726006605762,0.134204170980524,0.044,0.042,1
chr16-17233121-17234012,Hic2,0,0.875848225391767,-0.321067454373863,0.013,0.014,1
chr7-126271850-126272780,Sbk1,0,0.875848225391767,-0.286997623640263,0.013,0.014,1
chr9-119340814-119341739,Myd88,0,0.875848225391767,-0.2443521579146,0.013,0.014,1
chr16-31429388-31430408,Gm15743,0,0.876191623392575,0.0532685578102186,0.019,0.017,1
chr11-51262644-51263506,BC049762,0,0.876470206114613,-0.250894729518719,0.013,0.014,1
chr10-84440290-84441190,Nuak1,0,0.876470207653798,-0.31650693424495,0.013,0.014,1
chr15-74752463-74753368,Lynx1,0,0.876470207653798,-0.251861099449642,0.013,0.014,1
chr4-11703966-11704756,Gem,0,0.876470207653798,-0.353646120018787,0.013,0.014,1
chr7-119525857-119526711,Acsm5,0,0.876470207653798,-0.231469732046399,0.013,0.014,1
chr11-93885425-93886328,Mbtd1,0,0.87675115131097,0.112816853963857,0.019,0.017,1
chr8-84902727-84903613,Klf1,798,0.877092266210472,-0.201319960097305,0.013,0.014,1
chr5-24030236-24031077,Fam126a,0,0.877310742074241,-0.0137387260255482,0.019,0.017,1
chr5-129019557-129020432,Ran,0,0.877310743311354,0.0579238908728534,0.019,0.017,1
chr1-91249700-91250593,Ube2f,0,0.877714400683794,-0.225402906135401,0.013,0.014,1
chr1-138856405-138857300,2310009B15Rik,0,0.877714400683794,-0.224177829361947,0.013,0.014,1
chr11-96916113-96916987,D030028A08Rik,0,0.877737931598221,0.028142316261996,0.025,0.023,1
chr12-21373176-21374100,Adam17,0,0.878336610695628,-0.233670879065801,0.013,0.014,1
chr17-12915779-12916671,Mrpl18,0,0.878336610695628,-0.210330024550653,0.013,0.014,1
chr2-145166720-145167549,Slc24a3,204,0.878336610695628,-0.179153571058736,0.013,0.014,1
chr9-107872381-107873266,Rbm6,0,0.878336610695628,-0.221251220120207,0.013,0.014,1
chr3-134629529-134630379,Gm26820,385,0.878958895867699,-0.21970401985626,0.013,0.014,1
chr11-102555842-102556751,Gpatch8,0,0.87898988119185,0.0197392997303494,0.019,0.017,1
chr8-83566257-83567135,Ndufb7,0,0.879549715589132,-0.0260293738454527,0.019,0.017,1
chr18-58659121-58659941,Isoc1,0,0.879549716804021,0.010442119300019,0.019,0.017,1
chr11-98399827-98400746,Pgap3,0,0.879581255821593,-0.158014381685824,0.013,0.014,1
chr9-70678445-70679333,Adam10,0,0.879732699627978,-0.0627321296350702,0.019,0.021,1
chr11-70237421-70238339,0610010K14Rik,0,0.880109611415628,0.0147038322941082,0.019,0.017,1
chr2-6192708-6193728,A230108P19Rik,0,0.880109611415628,-0.00292263930642633,0.019,0.017,1
chr2-25546506-25547447,Traf2,0,0.880109611415628,-0.00409562334546809,0.019,0.017,1
chrX-73458695-73459587,Haus7,0,0.880109611415628,0.0406919883581312,0.019,0.017,1
chr11-29246915-29247828,Cfap36,0,0.880150037593183,0.0605892199962805,0.025,0.023,1
chr16-20516484-20517397,Dvl3,0,0.880203690178754,-0.16745959362674,0.013,0.014,1
chr4-89310543-89311391,Cdkn2b,0,0.880203690178754,-0.203481851477655,0.013,0.014,1
chr5-96373794-96374632,Fras1,0,0.880203690178754,-0.182973286080572,0.013,0.014,1
chr6-136920289-136921158,Erp27,1021,0.880203690178754,-0.203812242518376,0.013,0.014,1
chr15-81190433-81191332,Mkl1,0,0.880387445181304,0.0819825832860257,0.031,0.029,1
chr15-54951998-54952949,Gm26684,0,0.88038958001121,0.0262503241079886,0.019,0.017,1
chr7-80339894-80340727,Unc45a,277,0.88066956597149,0.0318837292226961,0.019,0.017,1
chr2-11602864-11603750,Rbm17,402,0.881115194005741,0.0802971791162834,0.025,0.023,1
chr16-30388445-30389297,Atp13a3,0,0.881272955737202,0.0069962425783201,0.019,0.021,1
chr2-48813530-48814470,Acvr2a,0,0.881448780587979,-0.143001284445539,0.013,0.014,1
chr2-34771478-34772374,Hspa5,0,0.882071435882248,-0.124823799645196,0.013,0.014,1
chr11-6444050-6444962,H2afv,0,0.882080526121743,0.0678090996295744,0.025,0.023,1
chr11-49712446-49713325,Cnot6,0,0.882321885697369,0.0561065666156209,0.025,0.023,1
chr14-21741525-21742426,Gm15935,0,0.882694164064199,-0.0434103141771267,0.013,0.014,1
chr11-46311885-46312817,Cyfip2,41,0.882909976940294,-0.0463656198437548,0.019,0.017,1
chr6-113326428-113327341,Gm15492,0,0.883287436585415,0.0688019341035506,0.025,0.023,1
chr8-124020826-124021685,Taf5l,0,0.883316963299448,-0.0851753396934152,0.013,0.014,1
chr2-71388781-71389633,Hat1,0,0.883939837574068,-0.077118131556345,0.013,0.014,1
chr4-124936477-124937361,9930104L06Rik,0,0.883939837574068,-0.103881174388273,0.013,0.014,1
chr13-14612772-14613632,Mrpl32,0,0.884029079268457,-0.211247031054136,0.025,0.027,1
chr3-82876116-82876972,Rbm46,0,0.884030536689576,-0.0835436882488283,0.019,0.017,1
chr17-26138194-26139080,Axin1,0,0.884253160027589,0.0326294392743929,0.025,0.023,1
chr2-103073159-103074059,Apip,0,0.884505473805769,-0.224317799631263,0.031,0.029,1
chr4-134000467-134001372,Dhdds,0,0.88456278214311,-0.0515004711903915,0.013,0.014,1
chr7-82648178-82648969,Eftud1,0,0.884590901965359,-0.0393653643100986,0.019,0.017,1
chr4-128962063-128962962,Azin2,0,0.884590903130138,-0.1209379194016,0.019,0.017,1
chr2-69713028-69713939,Fastkd1,0,0.884868623614412,0.022928262764089,0.019,0.021,1
chr10-7589436-7590272,Lrp11,0,0.885151327306728,-0.0787438827196709,0.019,0.017,1
chr4-108619538-108620458,Gm12743,0,0.885185796649914,-0.0467153605505208,0.013,0.014,1
chr4-74251415-74252321,A230083N12Rik,0,0.885230657323375,0.0570744527955736,0.038,0.035,1
chr17-32320915-32321744,Akap8,0,0.885808885011224,-0.0677053797705751,0.013,0.014,1
chr10-43479450-43480305,Bend3,309,0.886272347762217,-0.125274950621848,0.019,0.017,1
chr4-75277828-75278723,Tmem261,0,0.886426667337378,-0.0294074211167916,0.025,0.023,1
chr7-27486591-27487429,Sertad1,0,0.886432042550624,-0.0192690698121245,0.013,0.014,1
chr16-18288897-18289771,Dgcr8,0,0.88674450727491,-0.180036496185254,0.025,0.027,1
chr8-32009226-32010167,Gm26578,721,0.886832942345549,-0.210025941639378,0.019,0.017,1
chr1-143776703-143777599,Uchl5,0,0.887197208175759,-0.151158376323381,0.025,0.027,1
chr2-173737027-173737924,Vapb,0,0.887392946339473,0.00577992297724883,0.025,0.023,1
chr7-92874926-92875300,Prcp,0,0.887393594706748,-0.230610981871018,0.019,0.017,1
chr17-8283251-8284170,Mpc1,346,0.88767856793995,-0.0699932685580906,0.013,0.014,1
chr7-44246106-44246985,Gm28496,0,0.88830193502942,-0.034329276992529,0.013,0.014,1
chr5-20701464-20702380,Magi2,0,0.888613643116458,-0.0188946328460693,0.013,0.014,1
chr1-72123311-72124176,Gm4319,1309,0.888925371208242,-0.0147947267562625,0.013,0.014,1
chr14-102982474-102983377,AC102815.1,0,0.889012324788247,0.0286391588510648,0.031,0.029,1
chr9-53667085-53667852,Gm16124,0,0.889084333405229,-0.0262355272870751,0.025,0.023,1
chr1-121430676-121431550,Ccdc93,0,0.889443919928624,0.0304318385411757,0.031,0.029,1
chr5-72913785-72914694,Slain2,0,0.890307215672885,0.0238163315219309,0.031,0.029,1
chr17-15563938-15564843,Prdm9,0,0.891259717997249,-0.00950660628169997,0.025,0.023,1
chr11-6291304-6292208,Ogdh,0,0.891273163215893,-0.234516975668352,0.025,0.027,1
chr7-116092796-116093711,1110004F10Rik,0,0.891660683008089,-0.356623743932126,0.019,0.02,1
chr5-149678011-149678857,B3glct,0,0.892226819805339,-0.0242356905011287,0.025,0.023,1
chr7-45434174-45435067,Gys1,0,0.892468619350577,-0.0256035372824934,0.025,0.023,1
chr7-105399817-105400731,Fam160a2,0,0.892473191741215,0.0248356566407215,0.094,0.09,1
chr10-19014925-19015777,Tnfaip3,0,0.892545474538327,-0.235093069257322,0.031,0.033,1
chr19-17837191-17838032,Pcsk5,0,0.892710430506441,-0.0668045466357397,0.025,0.023,1
chr5-19226270-19227204,4921504A21Rik,0,0.89319408110731,-0.115357495662755,0.025,0.023,1
chr2-66256277-66257205,Ttc21b,0,0.893498315311475,0.0238341955383139,0.063,0.06,1
chr5-137628433-137629333,Fbxo24,0,0.893538830937562,-0.119534468574456,0.025,0.027,1
chr16-3846739-3847662,Zfp174,0,0.894161500503391,-0.101296688847204,0.025,0.023,1
chr13-81783198-81783944,Cetn3,0,0.894400351596416,-0.0782676655199777,0.05,0.047,1
chr4-148590972-148591874,Srm,0,0.895311683241164,-0.306855622467684,0.019,0.02,1
chr19-58943012-58943889,Eno4,0,0.896137799442469,-0.0132891052284312,0.031,0.029,1
chr6-143099708-143100554,C2cd5,0,0.896355237045736,-0.37033244644077,0.019,0.02,1
chr5-114690641-114691555,Gltp,0,0.896877080413055,-0.476678980905643,0.019,0.02,1
chr11-6546261-6547198,Ccm2,0,0.896877081313076,-0.348106214897975,0.019,0.02,1
chr4-19569597-19570487,Cpne3,0,0.897398970192882,-0.349973224426648,0.019,0.02,1
chr17-84465732-84466616,Thada,0,0.898032741725992,-0.114632233965721,0.025,0.023,1
chr6-134640599-134641463,Loh12cr1,971,0.899486967370889,-0.299777968769613,0.019,0.02,1
chr18-49978960-49979844,Tnfaip8,0,0.900605332943311,-0.0287853464665799,0.038,0.035,1
chr4-24897651-24898497,Ndufaf4,0,0.901422073643413,-0.0518864978321818,0.025,0.023,1
chr15-79108642-79109641,Micall1,0,0.901575660477999,-0.217580841753709,0.019,0.02,1
chr4-34777901-34778784,Smim8,0,0.901906412014332,-0.229581222062481,0.025,0.023,1
chr2-152831016-152831913,Bcl2l1,0,0.902620263533135,-0.246440010792035,0.019,0.02,1
chr8-129233794-129234725,2610044O15Rik8,0,0.902881439864698,-0.177121434297167,0.019,0.02,1
chr3-57651250-57652112,Commd2,0,0.903665035202567,-0.217846668710987,0.019,0.02,1
chr4-134467992-134468670,Stmn1,0,0.904168906227631,0.376284740304567,0.013,0.012,1
chr1-52844475-52845380,Hibch,0,0.904325553306423,-0.134020526666038,0.044,0.046,1
chr9-110131494-110132397,Smarcc1,0,0.90485014821399,0.407019075823929,0.013,0.012,1
chr8-69088265-69089138,Atp6v1b2,0,0.905297793072386,-0.194139891929126,0.025,0.023,1
chr19-42518354-42519241,R3hcc1l,0,0.906212841793271,0.267638286337291,0.013,0.012,1
chr2-121955577-121956433,Ctdspl2,0,0.906800343980663,-0.214668993425554,0.019,0.02,1
chr12-46819080-46819987,Nova1,304,0.90691195647948,-0.12145759805898,0.031,0.033,1
chr14-101653420-101654193,Uchl3,0,0.907323038015416,-0.166395216260636,0.019,0.02,1
chr19-3575486-3576397,Ppp6r3,0,0.908144855177348,-0.140400768853866,0.031,0.033,1
chr5-138194089-138194887,Mblac1,0,0.908257398725469,0.184062994200067,0.013,0.012,1
chr6-125008517-125009380,Zfp384,0,0.908257398725469,0.284852850067732,0.013,0.012,1
chr1-52630265-52631144,Tmem194b,0,0.90872254388926,-0.283471544584649,0.025,0.026,1
chr9-104002080-104002987,Nphp3,0,0.908826330807801,-0.18841981924531,0.069,0.07,1
chr17-55712173-55713066,Pot1b,0,0.908891360043238,-0.118175473268163,0.019,0.02,1
chr13-54589803-54590668,Nop16,0,0.908939053464508,0.249361280365923,0.013,0.012,1
chr3-14641263-14642155,Car13,0,0.908939053464508,0.217109157788245,0.013,0.012,1
chr6-125191334-125192211,Ncapd2,0,0.908939053464508,0.151144232404371,0.013,0.012,1
chr7-79391728-79392630,Fanci,0,0.908939053464508,0.250435390384023,0.013,0.012,1
chr8-13907262-13908183,Fbxo25,0,0.90903575609394,0.190637935234718,0.019,0.018,1
chr3-159494880-159495775,Depdc1a,0,0.909094836215373,-0.314253345620829,0.05,0.051,1
chr12-87266048-87266921,Vipas39,0,0.909589718569162,0.201458311488233,0.019,0.018,1
chr3-89429862-89430770,Pygo2,0,0.910302562267758,0.212614428641819,0.013,0.012,1
chr3-78919252-78920167,Gm10291,1993,0.910460037243464,-0.0699208983037751,0.019,0.02,1
chr3-107696188-107697103,Ahcyl1,0,0.910983007522941,-0.101929306260984,0.019,0.02,1
chr2-156180009-156180928,Rbm39,0,0.910984418001841,0.149516121045783,0.013,0.012,1
chr4-133967784-133968322,Hmgn2,327,0.910984418001841,0.174526124220236,0.013,0.012,1
chr9-22388823-22389745,Anln,0,0.911476969380394,-0.220109872325502,0.025,0.026,1
chr1-92934172-92935027,Capn10,0,0.911666337961776,0.241425324340801,0.013,0.012,1
chr14-70577314-70578191,Nudt18,0,0.911666337961776,0.173412850945028,0.013,0.012,1
chr18-34954298-34955156,Hspa9,0,0.911666337961776,0.148515169346828,0.013,0.012,1
chr19-10525033-10525793,Sdhaf2,0,0.911666337961776,0.140277919582933,0.013,0.012,1
chr7-28981432-28982359,Eif3k,0,0.911806000971223,0.143615492140229,0.019,0.018,1
chr1-72710782-72711683,Rpl37a,0,0.912348322982136,0.123986138084447,0.013,0.012,1
chr19-6840231-6841033,Rps6ka4,0,0.912348322982136,0.0983110087066725,0.013,0.012,1
chr2-32689156-32690123,Mir8093,1389,0.912348322982136,0.150024774305149,0.013,0.012,1
chr3-158561828-158562730,Lrrc7,0,0.912348322982136,0.117383362035291,0.013,0.012,1
chr4-34550115-34550989,Akirin2,0,0.912348322982136,0.126363966588146,0.013,0.012,1
chr8-34107990-34108876,Dctn6,0,0.91236017969151,0.1560229440417,0.019,0.018,1
chr15-81465907-81466756,Rbx1,0,0.912360180551429,0.159336282871663,0.019,0.018,1
chr10-24148848-24149766,Stx7,0,0.91255214885441,-0.12728762779898,0.019,0.02,1
chr13-24937240-24938117,9330162012Rik,0,0.912689338436824,0.14015740307299,0.013,0.012,1
chr9-21927036-21927918,Ccdc159,0,0.912914401036466,0.158586874539261,0.019,0.018,1
chr5-150673214-150674113,Pds5b,0,0.912914401890991,0.14974909018809,0.019,0.018,1
chr10-85928155-85928956,Ascl4,473,0.91303037256471,0.116305183964809,0.013,0.012,1
chr14-59625110-59626011,Shisa2,0,0.91303037256471,0.144578264730863,0.013,0.012,1
chr16-57606288-57607020,Cmss1,0,0.91303037256471,0.135856683067905,0.013,0.012,1
chr2-168601484-168602467,Nfatc2,0,0.91303037256471,0.0768949407162127,0.013,0.012,1
chr9-22225383-22226347,Zfp809,0,0.91303037256471,0.132966028709279,0.013,0.012,1
chr17-71002082-71002945,Myl12a,0,0.913228756172838,-0.164174669208006,0.031,0.029,1
chr14-96518080-96518979,Klhl1,122,0.913712486211148,0.0578013662435133,0.013,0.012,1
chr15-8098751-8099650,Wdr70,0,0.913712486211148,0.105577113646259,0.013,0.012,1
chr19-3325085-3325991,Cpt1a,1783,0.913712486211148,0.112106467479097,0.013,0.012,1
chr2-85047578-85048386,Tnks1bp1,0,0.913805030848797,0.111896435371145,0.025,0.024,1
chr15-10470033-10470971,Dnajc21,0,0.91400873600574,0.108204515115155,0.031,0.03,1
chr16-17759184-17760078,Klhl22,0,0.914394663422956,0.100879152214039,0.013,0.012,1
chr2-52741755-52742671,Stam2,0,0.914394663422956,0.0657218094769432,0.013,0.012,1
chr5-100039530-100040403,Hnrnpdl,0,0.915045291370435,-0.551222209017832,0.013,0.013,1
chr17-24073044-24073914,Kctd5,0,0.915076903701501,0.0702540566288654,0.013,0.012,1
chr17-88065720-88066660,Fbxo11,428,0.915076903701501,0.00841356927810555,0.013,0.012,1
chr3-61364177-61364928,B430305J03Rik,1022,0.915076903701501,0.0935945642845661,0.013,0.012,1
chr4-21879318-21880242,Coq3,0,0.915076903701501,0.0160185262466968,0.013,0.012,1
chr8-11008651-11009487,Irs2,192,0.915076903701501,0.0249628885944091,0.013,0.012,1
chr9-57836503-57837414,Arid3b,0,0.915076903701501,0.0497758765653185,0.013,0.012,1
chr9-108052638-108053515,Amigo3,0,0.915076903701501,0.0753367001085206,0.013,0.012,1
chr6-113482835-113483743,Creld1,0,0.915684057877271,-0.645272796693218,0.013,0.013,1
chr11-29547726-29548582,Clhc1,0,0.915759206548008,-0.0151923963345153,0.013,0.012,1
chr11-116167752-116168663,Fbf1,0,0.915759206548008,0.0524604076282262,0.013,0.012,1
chr17-24527538-24528456,Traf7,0,0.915759206548008,0.134091334210542,0.013,0.012,1
chr17-34587014-34587898,Gpsm3,1907,0.915759206548008,0.0353761297057869,0.013,0.012,1
chr5-52470835-52471789,Ccdc149,0,0.915759206548008,0.0640434996260995,0.013,0.012,1
chr9-105052830-105053708,Mrpl3,0,0.915759206548008,0.0273092848510856,0.013,0.012,1
chr14-87415629-87416405,Tdrd3,233,0.916240610068493,0.0363412757348405,0.019,0.018,1
chr17-23673214-23674109,Hcfc1r1,0,0.916322878833819,-0.388377382419789,0.013,0.013,1
chrX-153139587-153140429,Rragb,0,0.916322878833819,-0.340840669726331,0.013,0.013,1
chr16-17451467-17452378,Crkl,0,0.916441571463567,0.00419318250801037,0.013,0.012,1
chr6-57580660-57581553,Herc6,0,0.916441571463567,-0.0201724155493705,0.013,0.012,1
chr8-4258873-4259761,Ctxn1,0,0.916441571463567,-0.00834698014973512,0.013,0.012,1
chr5-27790924-27791843,Paxip1,0,0.916516992701684,-0.139393203503616,0.038,0.039,1
chr12-102468578-102469497,Golga5,0,0.916795122290501,0.0946006981633269,0.019,0.018,1
chr3-98280593-98281499,Hmgcs2,157,0.916795122290501,0.0696114572246707,0.019,0.018,1
chr13-9093290-9094180,Larp4b,0,0.917100688390578,-0.0395957880627216,0.05,0.048,1
chr11-86357963-86358867,Med13,360,0.917123997949128,0.0454205375173631,0.013,0.012,1
chr11-121204031-121204991,Hexdc,0,0.917123997949128,0.0345830665735356,0.013,0.012,1
chrX-112310867-112311640,Apool,0,0.917123997949128,-0.014367289275941,0.013,0.012,1
chr15-5143330-5144295,Prkaa1,0,0.917261593946958,-0.0321513135746931,0.019,0.02,1
chr2-181459092-181459957,Zbtb46,0,0.917261594670519,-0.0385650214777282,0.019,0.02,1
chr17-21449835-21450696,Zfp51,0,0.917337712999841,-0.254118167127131,0.031,0.032,1
chr5-137502282-137503186,Pop7,0,0.917349674185058,0.114354130250869,0.019,0.018,1
chr11-33512885-33513690,Ranbp17,55,0.917349674996385,0.0855820182062761,0.019,0.018,1
chr14-53803946-53804862,Trav17,1662,0.917600682458029,-0.342511016462442,0.013,0.013,1
chr16-14705115-14706051,Snai2,0,0.917600682458029,-0.460255109798494,0.013,0.013,1
chr9-78175315-78176090,Rn7sk,0,0.917600682458029,-0.533879149116968,0.013,0.013,1
chr11-59809589-59810489,Gm16062,0,0.917806485505507,0.0271610413896335,0.013,0.012,1
chr17-6079309-6080284,Serac1,0,0.917806485505507,-0.0441474001455662,0.013,0.012,1
chr7-44384025-44384880,Syt3,0,0.917806485505507,-0.0489969707411273,0.013,0.012,1
chr7-139994381-139995221,Adam8,1818,0.917806485505507,-0.0188335740951873,0.013,0.012,1
chr9-85326990-85327848,Fam46a,0,0.917806485505507,-0.0703556305337241,0.013,0.012,1
chr1-36709485-36710420,RP23-247A1.6,0,0.918239664306423,-0.416780079258619,0.013,0.013,1
chr13-74807641-74808195,Cast,0,0.918239664306423,-0.624161368126385,0.013,0.013,1
chr4-85513919-85514832,Gm12680,0,0.918489033633385,-0.0335954078339658,0.013,0.012,1
chr9-64340225-64341043,Dis3l,244,0.918489033633385,0.0261766255484472,0.013,0.012,1
chr10-88503582-88504455,Chpt1,0,0.918827227985633,-0.257052114789235,0.025,0.026,1
chr2-31973752-31974768,Nup214,0,0.918878697908838,-0.378272649014145,0.013,0.013,1
chr19-7205742-7206667,Otub1,0,0.918878698965992,-0.351584129412285,0.013,0.013,1
chr2-51972305-51973111,Nmi,382,0.919171641833307,-0.142237644323651,0.013,0.012,1
chr2-155356919-155357916,Pigu,0,0.919171641833307,-0.0450122021092962,0.013,0.012,1
chr2-163419165-163420048,2900093K20Rik,0,0.919171641833307,0.0109225925507497,0.013,0.012,1
chr3-26331101-26332024,A830092H15Rik,0,0.919171641833307,-0.153372223474307,0.013,0.012,1
chr9-15279438-15280374,Med17,0,0.919198234918861,-0.365902288300495,0.013,0.013,1
chr10-115384317-115385180,Thap2,0,0.91928685543293,-0.206981031926473,0.025,0.026,1
chr13-12106533-12107401,Ryr2,0,0.919512967107382,-0.0595402170633514,0.013,0.012,1
chr11-87086401-87087285,Smg8,0,0.919854309605688,-0.0757075216351231,0.013,0.012,1
chr11-97987472-97988320,Plxdc1,1027,0.919854309605688,-0.0923134997953206,0.013,0.012,1
chr16-21694185-21695031,2510009E07Rik,0,0.919854309605688,-0.0998098113877175,0.013,0.012,1
chr4-123904465-123905377,Mycbp,0,0.919879219258243,-0.0138236672852017,0.019,0.02,1
chr12-71830498-71831386,Daam1,0,0.920123036406462,0.0356329240049433,0.019,0.018,1
chr4-131837888-131838748,Ptpru,0,0.920156925078987,-0.349962670232231,0.013,0.013,1
chr8-27023236-27024066,Erlin2,0,0.920537035269145,-0.187248622405142,0.013,0.012,1
chr16-17910938-17911824,Dgcr14,0,0.920537036450807,-0.128022631701851,0.013,0.012,1
chr19-10602515-10603417,Dak,840,0.920537036450807,-0.0373804278846794,0.013,0.012,1
chr8-90907842-90908767,Gm6658,0,0.920537036450807,-0.0885737722590152,0.013,0.012,1
chr13-64161326-64162226,Habp4,0,0.920879590258886,-0.0762003558665771,0.05,0.048,1
chr11-87404059-87404967,Rad51c,0,0.921219819525667,-0.104198442499677,0.013,0.012,1
chr11-77685566-77686453,Nufip2,0,0.921219821868818,-0.0709927958281629,0.013,0.012,1
chr2-55435793-55436662,Kcnj3,0,0.921219821868818,-0.154953243448675,0.013,0.012,1
chr7-118855422-118856343,Iqck,0,0.921219821868818,-0.139825250040889,0.013,0.012,1
chr17-15826183-15827079,Rgmb,0,0.921232654204251,0.00931649253886846,0.019,0.018,1
chr1-155099228-155100104,Ier5,0,0.921435357516664,-0.401058605998641,0.013,0.013,1
chr10-62578071-62579027,2510003E04Rik,0,0.921435357516664,-0.270603091343145,0.013,0.013,1
chr2-60382901-60383801,Ly75,0,0.921435357516664,-0.230709674171787,0.013,0.013,1
chr2-69646666-69647658,Bbs5,0,0.921435357516664,-0.259654825974819,0.013,0.013,1
chr10-82763660-82764568,Nfyb,0,0.921483467301447,0.0328465440364503,0.025,0.024,1
chr12-33147183-33148071,F730043M19Rik,0,0.92178752190643,-0.078271243418488,0.019,0.018,1
chr19-15984566-15985451,Cep78,0,0.92178752190643,0.0322198955510684,0.019,0.018,1
chr11-59524970-59525872,Zkscan17,878,0.921902665359741,-0.0985346824505289,0.013,0.012,1
chr16-45408384-45409258,Cd200,0,0.921902665359741,-0.152507275372896,0.013,0.012,1
chr9-105642629-105643518,Pik3r4,0,0.921902665359741,-0.200262032466704,0.013,0.012,1
chr1-93824841-93825754,D2hgdh,0,0.922074650081712,-0.339007387681466,0.013,0.013,1
chr10-63023519-63024363,Hnrnph3,0,0.922342426906116,0.0802460586206379,0.019,0.018,1
chr17-55958863-55959806,Ccdc94,0,0.92258556642347,-0.28834311723358,0.013,0.012,1
chr4-129335014-129335922,Rbbp4,0,0.92258556642347,-0.331821031834597,0.013,0.012,1
chr9-21424387-21425277,Dnm2,0,0.92258556642347,-0.213342977805167,0.013,0.012,1
chr11-52000354-52001293,Gm12204,0,0.922713992997077,-0.249303307451394,0.013,0.013,1
chr12-83631726-83632623,Rbm25,489,0.922713992997077,-0.26596663361794,0.013,0.013,1
chr3-86223594-86224564,Lrba,115,0.922713992997077,-0.31694265554784,0.013,0.013,1
chr6-115037399-115038316,Tamm41,0,0.922713992997077,-0.253434869306339,0.013,0.013,1
chr19-3999916-4000834,Nudt8,0,0.922897369708391,-0.0356111705158284,0.019,0.018,1
chr8-104248130-104249041,Tk2,0,0.922897369708391,-0.0273280908804354,0.019,0.018,1
chr11-60878455-60879360,Gm26534,0,0.923268524559771,-0.367233325313952,0.013,0.012,1
chr2-168154142-168155048,E130018N17Rik,0,0.923268524559771,-0.17750291845475,0.013,0.012,1
chr13-114931462-114932363,Itga2,0,0.92335338585227,-0.246398685509531,0.013,0.013,1
chr14-88470646-88471535,Pcdh20,0,0.92335338585227,-0.271072721817204,0.013,0.013,1
chr17-56074555-56075380,Ubxn6,0,0.92335338585227,-0.27058210244798,0.013,0.013,1
chr3-51483591-51484509,Rab33b,0,0.92335338585227,-0.195910516876789,0.013,0.013,1
chr4-98922849-98923750,Usp1,59,0.92335338585227,-0.177918065316733,0.013,0.013,1
chr1-21218239-21219136,Tmem14a,0,0.923404248333467,-0.0159723037914628,0.025,0.024,1
chr6-131353351-131354250,Styk1,0,0.923404248333467,0.0027036280703161,0.025,0.024,1
chr7-142387608-142388473,Ctsd,0,0.923452349293011,-0.0225286132657283,0.019,0.018,1
chr6-54594831-54595685,Plekha8,0,0.923951538137079,-0.256021860468738,0.013,0.012,1
chr1-86582144-86583023,Cops7b,0,0.923951539268282,-0.413652568502121,0.013,0.012,1
chr17-50292432-50293285,Dazl,313,0.923992828236705,-0.181202417428767,0.013,0.013,1
chr2-163472149-163472969,Fitm2,0,0.923992828236705,-0.192757598177853,0.013,0.013,1
chr5-103910784-103911696,Klhl8,0,0.923992828236705,-0.204598113651597,0.013,0.013,1
chr5-130171257-130172163,Rabgef1,0,0.923992828236705,-0.225029795642205,0.013,0.013,1
chr8-72134877-72135646,Tpm4,0,0.923992828236705,-0.260571428183153,0.013,0.013,1
chr8-125012495-125013405,Tsnax,0,0.923992828236705,-0.200392467776594,0.013,0.013,1
chr10-12922494-12923422,B230208H11Rik,0,0.924007367646899,-0.05605512203622,0.019,0.018,1
chr10-116950098-116951003,Rab3ip,0,0.924191611679531,-0.0657414844749917,0.031,0.033,1
chr5-53266659-53267554,Smim20,0,0.92456242224609,-0.0464075838023339,0.019,0.018,1
chr5-123523834-123524719,Diablo,0,0.9246323197397,-0.14900307951365,0.013,0.013,1
chr3-37182323-37183240,Gm12532,0,0.924634610048519,-0.291884736266622,0.013,0.012,1
chr4-32614876-32615777,Casp8ap2,0,0.924845128877376,0.0420938275943956,0.025,0.024,1
chr4-152325362-152326251,Rpl22,0,0.925317736399873,-0.340939123281847,0.013,0.012,1
chr5-114127700-114128517,Alkbh2,0,0.925317736399873,-0.222094817874515,0.013,0.012,1
chr2-174415396-174416262,Nelfcd,0,0.925805852272383,-0.0242602196742716,0.025,0.024,1
chr1-167308186-167309068,Tmco1,0,0.925911448458166,-0.157515454600385,0.013,0.013,1
chr14-79660842-79661720,Lect1,449,0.925911448458166,-0.174357596435692,0.013,0.013,1
chr6-145249977-145250864,Kras,0,0.925911448458166,-0.150002557267171,0.013,0.013,1
chr7-45017327-45018252,Rras,0,0.925911448458166,-0.172778056558128,0.013,0.013,1
chr19-60889622-60890452,Grk5,0,0.926227804615325,-0.0351409130057325,0.019,0.018,1
chrX-113297744-113298593,Dach2,233,0.926227805340031,-0.0899895202669097,0.019,0.018,1
chrX-120289799-120290707,Pcdh11x,0,0.926227805340031,-0.0485558456560202,0.019,0.018,1
chr2-80616777-80617656,Nup35,0,0.926551083894031,-0.214139899308918,0.013,0.013,1
chr10-82240885-82241781,Zfp938,0,0.9265510848518,-0.144745957631894,0.013,0.013,1
chr12-8770797-8771685,Gm4755,0,0.9265510848518,-0.102275268472794,0.013,0.013,1
chr7-27591298-27592014,Akt2,0,0.9265510848518,-0.136703590715398,0.013,0.013,1
chr7-25754568-25755468,Hnrnpul1,0,0.926887097329986,-0.238979263494388,0.031,0.032,1
chr6-71543614-71544565,Chmp3,0,0.927190767770847,-0.136856584943064,0.013,0.013,1
chr8-8660916-8661762,4921522P10Rik,38,0.927190768720321,-0.0842750454839765,0.013,0.013,1
chr1-191989731-191990643,Gm26670,0,0.927338240081886,-0.0602955237598808,0.019,0.018,1
chr16-10784735-10785661,Socs1,0,0.927338240795745,-0.13320129565099,0.019,0.018,1
chr1-10232729-10233602,Arfgef1,58,0.92783049965258,-0.071612228818501,0.013,0.013,1
chr5-88553743-88554810,Utp3,0,0.92783049965258,-0.0580341413030867,0.013,0.013,1
chr5-139735959-139736872,Micall2,0,0.92783049965258,-0.0754570952215223,0.013,0.013,1
chr6-38533206-38534027,1110001J03Rik,0,0.92783049965258,-0.165217104986985,0.013,0.013,1
chr2-173659200-173660114,Rab22a,0,0.928270707491693,-0.0775555189851018,0.05,0.048,1
chr1-9748033-9748939,Vcpip1,0,0.928367135437066,0.114034768669903,0.038,0.037,1
chr11-67052133-67053039,Sco1,0,0.929110101063254,-0.104957502452049,0.013,0.013,1
chr6-6578108-6578989,Shfm1,0,0.929110101063254,-0.114138573433853,0.013,0.013,1
chr13-75707024-75707896,Ell2,0,0.929405224717361,-0.165595313941282,0.025,0.026,1
chr1-175880175-175881090,Exo1,0,0.929559534171876,-0.0865247655180408,0.019,0.018,1
chr14-18270677-18271584,Nkiras1,0,0.929559534171876,-0.18455012412891,0.019,0.018,1
chr4-11253808-11254675,Ints8,0,0.929559534171876,-0.0954015002102082,0.019,0.018,1
chr9-48480155-48481021,Rexo2,0,0.929559534171876,-0.0965140893481511,0.019,0.018,1
chr1-173367310-173368167,Cadm3,0,0.929749970718916,-0.0387864317391315,0.013,0.013,1
chr9-111271232-111272127,Mlh1,0,0.930130428950475,-0.0876170030218977,0.025,0.024,1
chr1-71556707-71557590,Atic,0,0.930199735582779,-0.0282285377468372,0.038,0.036,1
chr12-83596817-83597716,Zfyve1,0,0.930389884884836,-0.0769707197907232,0.013,0.013,1
chr1-60342941-60343794,Cyp20a1,0,0.930389885792809,-0.079611973954254,0.013,0.013,1
chr17-46751783-46752676,Cnpy3,0,0.930389885792809,-0.10139128276315,0.013,0.013,1
chr5-21736796-21737659,Pmpcb,0,0.930389885792809,-0.0302817272420146,0.013,0.013,1
chr6-108185084-108185913,Sumf1,0,0.930389885792809,-0.0574333574204626,0.013,0.013,1
chr15-8168568-8169457,2410089E03Rik,0,0.930611067208667,-0.0622000561369882,0.025,0.024,1
chr3-20034710-20035626,Hps3,0,0.930611067208667,-0.0790711542116966,0.025,0.024,1
chr6-54992477-54993480,Ggct,0,0.930611067208667,-0.0405261506530894,0.025,0.024,1
chr4-134287048-134288025,Pdik1l,0,0.93070985932915,-0.063618465243354,0.013,0.013,1
chr8-121652613-121653468,Zcchc14,0,0.93070985932915,-0.07985629718487,0.013,0.013,1
chr4-151057667-151058583,Vamp3,0,0.930771674288692,-0.0279781369245002,0.031,0.03,1
chr8-121107888-121108791,Mthfsd,0,0.931029844973667,-0.0216167789343258,0.013,0.013,1
chr14-47568081-47568914,Atg14,0,0.931029845873336,-0.0281933399911622,0.013,0.013,1
chr17-25832638-25833501,Stub1,0,0.931029845873336,-0.0443432252993006,0.013,0.013,1
chr7-86775251-86776167,Folh1,0,0.931029845873336,0.00190573612367739,0.013,0.013,1
chr9-66834424-66835331,Gm17098,0,0.931201930325051,-0.0572001619746487,0.031,0.03,1
chr13-104863253-104864112,Fam159b,0,0.931669850548809,-0.0406405433572203,0.013,0.013,1
chr7-127768678-127769487,Orai3,327,0.932309898524406,-0.0577877307902108,0.013,0.013,1
chr5-65697739-65698627,Pds5a,0,0.932336920818204,-0.113797928047345,0.019,0.018,1
chr8-82773696-82774616,Zfp330,0,0.932571348721612,0.253733109946026,0.025,0.024,1
chr9-122116872-122117745,Snrk,0,0.932629939397874,-0.00891688048717132,0.013,0.013,1
chr7-102441321-102442189,Rrm1,0,0.932892498112468,-0.257877408252533,0.019,0.018,1
chr14-18238829-18239680,Nr1d2,0,0.933524519914771,-0.0914695928464022,0.05,0.051,1
chr4-88722089-88722991,Klhl9,0,0.933590128026763,0.0815750157923576,0.013,0.013,1
chr9-4309210-4310118,Aasdhppt,0,0.934037702853696,-0.176518288109746,0.038,0.035,1
chr12-31950058-31950958,Hbp1,0,0.934899467754492,-0.0121292786658112,0.044,0.046,1
chr18-80469590-80470459,Ctdp1,0,0.934937928993583,-0.0979209515851678,0.025,0.024,1
chr8-46616840-46617754,Primpol,0,0.934937929951355,-0.0194312983155696,0.025,0.024,1
chr13-117601948-117602851,Hcn1,0,0.935178368260884,-0.132645443794555,0.025,0.024,1
chr12-105032117-105033008,Glrx5,0,0.936502060639803,0.13387714540328,0.031,0.031,1
chr9-54734108-54734989,Wdr61,0,0.936861604108203,-0.220442099700518,0.025,0.024,1
chr11-73198836-73199738,Shpk,0,0.938201485048531,-0.390023626408176,0.025,0.026,1
chr6-72439307-72440230,Mat2a,0,0.938432278782542,-0.30439611637833,0.019,0.02,1
chr16-58669954-58670861,Cpox,0,0.938519243496706,-0.0614291916010896,0.031,0.03,1
chr9-120576785-120577768,5830454E08Rik,0,0.939353235091038,0.0929096000280429,0.013,0.013,1
chr14-47472237-47473034,Fbxo34,0,0.940028385792608,-0.382620171138935,0.019,0.02,1
chr14-57398121-57399014,Cryl1,0,0.94006353235447,-0.332561964840003,0.025,0.026,1
chr7-27195818-27196650,Snrpa,0,0.940117879911373,-0.41869730640253,0.019,0.018,1
chr7-27473076-27473957,Sertad3,0,0.940281395647966,0.0608388387850929,0.038,0.037,1
chr11-73018543-73019395,Camkk1,0,0.941358656181083,-0.164179999650424,0.019,0.02,1
chr2-150904225-150905256,Abhd12,0,0.941624731602596,-0.263736728993124,0.019,0.02,1
chr1-150266262-150267052,Gm15453,262,0.941624733179829,-0.283748203418263,0.019,0.02,1
chr15-58888461-58889344,Rnf139,0,0.941925908209136,-0.358949516381511,0.025,0.026,1
chr9-104262620-104263496,Dnajc13,0,0.942156899327691,-0.308191665239418,0.019,0.02,1
chr6-149408573-149409456,Bicd1,0,0.942299458363955,0.0324734545324912,0.025,0.026,1
chr3-35753791-35754607,Atp11b,0,0.942689094950578,-0.171814016142203,0.019,0.02,1
chr18-35498453-35499268,Sil1,0,0.942689095466769,-0.29683193522615,0.019,0.02,1
chr2-69205776-69206682,Spc25,0,0.942768898698226,-0.163493856125372,0.057,0.056,1
chr2-126151706-126152578,Dtwd1,0,0.943753560100481,-0.226697196507015,0.019,0.02,1
chr9-65214758-65215612,Parp16,67,0.943753560100481,-0.168437506947576,0.019,0.02,1
chr11-120098372-120099290,1810043H04Rik,0,0.944285829703491,-0.16225870374929,0.019,0.02,1
chr10-30600316-30601217,Trmt11,0,0.944285830205349,-0.224272267574381,0.019,0.02,1
chr1-80340487-80341383,Cul3,6,0.944301541422522,-0.254148265283452,0.031,0.032,1
chr7-7298164-7299064,Mir5620,0,0.944351334487062,-0.0550496366786439,0.031,0.032,1
chr1-67038353-67039214,Lancl1,0,0.944818125186408,-0.185756953480225,0.019,0.02,1
chr10-85386351-85387206,Btbd11,0,0.944818125186408,-0.194422336280127,0.019,0.02,1
chr17-33890378-33891276,Kifc1,0,0.945749150993411,-0.0611891922502283,0.038,0.036,1
chr14-122181216-122182113,Clybl,0,0.945882788829453,-0.1514066862129,0.019,0.02,1
chr9-40800531-40801491,Hspa8,0,0.945980392479997,-0.217369820185578,0.031,0.032,1
chr1-166378730-166379608,Tada1,0,0.946272635439492,-0.136110545449644,0.031,0.03,1
chr12-37241441-37242277,Agmo,0,0.946415156534796,-0.150351676808571,0.019,0.02,1
chr16-44723925-44724844,BC027231,0,0.946947549133992,-0.113385846720414,0.019,0.02,1
chr7-88429915-88430847,Rab38,0,0.946947549133992,-0.102439757744842,0.019,0.02,1
chr7-125491040-125491921,Nsmce1,0,0.947049046175444,-0.324567742915438,0.025,0.026,1
chr11-106036355-106037250,Dcaf7,0,0.94854486621955,-0.118919043395657,0.019,0.02,1
chr14-14120439-14121294,Psmd6,0,0.948544866683155,-0.148601240320316,0.019,0.02,1
chr11-55097431-55098324,Gm2a,0,0.948858267028498,-0.290271915105883,0.031,0.03,1
chr5-100500314-100501308,Lin54,0,0.949077351683661,-0.0831894403887121,0.019,0.02,1
chr12-110888858-110889762,Cinp,0,0.949077352142481,-0.0802771904475446,0.019,0.02,1
chr2-29802274-29803130,Slc27a4,0,0.949609860344703,-0.097189643995323,0.019,0.02,1
chr2-174472666-174473564,Slmo2,0,0.950142390603384,-0.0842054608705825,0.019,0.02,1
chr16-22008916-22009793,Senp2,0,0.950178554615345,-0.251009274954482,0.031,0.032,1
chr5-98329023-98329914,1700007G11Rik,0,0.950328830641795,0.191037438112037,0.019,0.018,1
chr10-61147308-61148163,Sgpl1,0,0.950674943584587,-0.148183025571681,0.019,0.02,1
chr9-62838271-62839151,Cln6,0,0.950674943584587,-0.0655349929816751,0.019,0.02,1
chr16-14158995-14159873,Marf1,0,0.950707357056102,0.0182490224550693,0.044,0.043,1
chr10-77581226-77582120,Pttg1ip,0,0.951242345609354,-0.243335192318172,0.025,0.026,1
chr2-148751939-148752816,Cstl1,1580,0.952080674964387,0.0846636001560821,0.025,0.024,1
chr10-52690097-52690967,Slc35f1,0,0.952272733336388,-0.0351027286815602,0.019,0.02,1
chr16-4003371-4004298,Slx4,0,0.952556919347452,0.0179418307195549,0.025,0.024,1
chr19-53038224-53039137,Xpnpep1,1076,0.95279504705042,0.0369526001883984,0.025,0.024,1
chr15-25983798-25984714,Zfp622,0,0.952805373874171,-0.101842200443679,0.019,0.02,1
chr1-53296591-53297489,Gm28778,0,0.953118096854932,-0.158536698103279,0.031,0.032,1
chr7-137410352-137411241,9430038I01Rik,0,0.953155697668073,0.0396460091989037,0.031,0.031,1
chr12-116280610-116281490,Esyt2,0,0.95346832015883,-0.280431817011305,0.038,0.038,1
chr17-25919672-25920518,Rab40c,0,0.953482496598547,0.0517377655735243,0.05,0.049,1
chr2-12301525-12302441,Itga8,0,0.954504739493141,-0.224971948760255,0.025,0.026,1
chr9-44881043-44881943,Kmt2a,0,0.95543699445674,-0.138155485524402,0.025,0.026,1
chr6-122874082-122874952,Necap1,0,0.955468883743023,-0.0453092798776131,0.019,0.02,1
chr9-87255122-87256031,Cep162,0,0.955535155287154,0.000756188728542995,0.038,0.037,1
chr4-138216732-138217351,Hp1bp3,435,0.956534428615827,-0.00393770185456432,0.019,0.02,1
chr2-24919191-24920076,Ehmt1,0,0.956769198182478,0.315086124850858,0.013,0.012,1
chr7-35333549-35334466,Rhpn2,0,0.957767896104063,-0.148326010033616,0.025,0.026,1
chr16-15637108-15638012,Mcm4,0,0.958081672928827,0.00454324805369444,0.063,0.062,1
chr18-73753935-73754827,Elac1,0,0.958132890978141,-0.0170740827273796,0.019,0.02,1
chr2-163644720-163645594,0610039K10Rik,0,0.959447792126731,0.213322844473383,0.013,0.012,1
chr9-44305327-44306222,Hinfp,0,0.959650448439209,0.0478253474864214,0.019,0.018,1
chr9-107533502-107534399,Tmem115,0,0.961498081164878,-0.106523984638559,0.025,0.026,1
chr1-176814336-176815142,Sdccag8,0,0.96196441524474,-0.0896605003156168,0.025,0.026,1
chr18-70529811-70530716,Poli,0,0.962360629968715,-0.135672501262083,0.031,0.032,1
chr12-56058109-56059008,Gm23799,1353,0.962796674940721,0.179489575344212,0.013,0.012,1
chr4-107367449-107368368,Ndc1,0,0.962796674940721,0.181906972188194,0.013,0.012,1
chr10-128695946-128696827,Rab5b,0,0.962797283465894,-0.0181577509456021,0.038,0.038,1
chr7-101107945-101108856,Fchsd2,0,0.96279998339551,-0.0210721654061885,0.025,0.024,1
chr19-41801636-41802514,Arhgap19,0,0.962929262559219,0.0610412742752997,0.019,0.02,1
chr4-11321755-11322660,Gm26663,0,0.962987140552245,-0.0554259530647925,0.031,0.031,1
chr19-3912445-3913350,Ndufs8,0,0.963466532168818,0.149376389050237,0.013,0.012,1
chr2-79255120-79256070,Itga4,0,0.96349043849464,0.00213458096205166,0.019,0.018,1
chr6-25808840-25809749,Pot1a,0,0.963500380124727,-0.151617422769669,0.038,0.038,1
chr11-34833255-34834181,Spdl1,0,0.963737515278206,-0.0192325988572661,0.063,0.061,1
chr19-6334449-6335342,Men1,0,0.964136415183832,0.207946507672247,0.013,0.012,1
chr15-103272186-103273144,Copz1,0,0.964471365707935,0.135916757818453,0.013,0.012,1
chr2-30358782-30359651,Sh3glb2,0,0.964587737975357,-0.0336704761152538,0.019,0.018,1
chr9-119937140-119938040,Gorasp1,0,0.964587737975357,0.0054340377093629,0.019,0.018,1
chr9-120110253-120111126,Slc25a38,0,0.964762687418928,-0.0881614846644667,0.025,0.026,1
chr10-83337084-83338215,Slc41a2,0,0.964806323513574,0.109690131730919,0.013,0.012,1
chr14-31206489-31207361,Tnnc1,950,0.964806323513574,0.16014313529437,0.013,0.012,1
chr3-131564292-131565193,Papss1,0,0.964806471502171,-0.185935990155083,0.057,0.056,1
chr3-116507736-116508640,Rtca,0,0.965136412996279,-0.071854595312824,0.019,0.018,1
chr3-103020245-103020958,Csde1,0,0.965410756382958,-0.0241486696777864,0.019,0.018,1
chr15-97963656-97964563,Tmem106c,0,0.965421356600469,-0.0686907069012968,0.025,0.024,1
chr4-83417152-83418067,Snapc3,0,0.965462324388515,-0.0851560745622022,0.025,0.026,1
chr7-120842521-120843143,Eef2k,0,0.965476256685803,0.0869723234006123,0.013,0.012,1
chr10-80622003-80622866,Csnk1g2,0,0.96569554296505,-0.0449326064886471,0.025,0.026,1
chr7-29237848-29238785,Yif1b,0,0.966146213746101,0.0705437905871316,0.013,0.012,1
chr4-111414534-111415464,Bend5,0,0.966146214228221,0.0923248683359539,0.013,0.012,1
chr1-53313197-53314115,Osgepl1,0,0.966233811979404,-0.0394680261564986,0.019,0.018,1
chr9-114400741-114401638,Glb1,0,0.96655294222761,-0.708112684820828,0.013,0.013,1
chr2-18056390-18057301,1810059C17Rik,0,0.966782536067748,-0.0404794308365242,0.019,0.018,1
chr10-79554572-79555467,Mier2,0,0.966816195668484,0.0776686555487958,0.013,0.012,1
chr8-13974470-13975312,Tdrp,0,0.966816195668484,0.0994542356273396,0.013,0.012,1
chr8-126970683-126971726,Rbm34,0,0.966816195668484,-0.0183884979555922,0.013,0.012,1
chr11-120572661-120573581,P4hb,0,0.966851355726501,-0.141371740807204,0.025,0.024,1
chr7-131362252-131363198,2310057M21Rik,0,0.967208393381408,-0.482013612834348,0.013,0.013,1
chr5-139344822-139345720,Cox19,0,0.967486200534194,0.0430495760413496,0.013,0.012,1
chr8-22410889-22411793,Mrps31,0,0.967486200534194,0.0359161503843417,0.013,0.012,1
chr9-110407800-110408737,Ptpn23,0,0.967821211145661,0.0455796599519793,0.013,0.012,1
chr15-102279015-102279929,Mfsd5,0,0.967863867583916,-0.419091712202464,0.013,0.013,1
chr7-105633171-105634037,Trim3,0,0.967880030527561,-0.100397957637537,0.019,0.018,1
chr12-55079842-55080674,2700097O09Rik,0,0.968156228352903,0.0228927458530341,0.013,0.012,1
chr12-73584249-73585120,Prkch,0,0.968156228352903,0.0420343606454221,0.013,0.012,1
chr1-183369169-183370056,Mia3,0,0.968281461460509,-0.164959208016261,0.025,0.024,1
chr5-146794555-146795429,Usp12,0,0.968428800400858,-0.031807486670294,0.019,0.018,1
chr9-107950408-107951332,Traip,271,0.968428800702474,-0.052906580869541,0.019,0.018,1
chr16-44391929-44392810,Cfap44,1985,0.968519362622792,-0.412144973001257,0.013,0.013,1
chr1-154202386-154203296,Zfp648,1198,0.968519363051898,-0.211577008766917,0.013,0.013,1
chr10-7725530-7726372,Katna1,0,0.968519363051898,-0.440756556144851,0.013,0.013,1
chr13-92844428-92845300,Mtx3,0,0.968519363051898,-0.418786377915465,0.013,0.013,1
chr3-129831042-129831870,Gar1,0,0.968519363051898,-0.283150424951277,0.013,0.013,1
chr3-129878254-129879065,Pla2g12a,0,0.968758186268451,-0.119252074040803,0.025,0.024,1
chr6-52012194-52013115,Skap2,0,0.968793299397925,0.139777848034855,0.019,0.02,1
chr5-147860159-147861069,Pomp,0,0.968826278652117,-0.0713491888359181,0.013,0.012,1
chr7-99182383-99183289,Dgat2,0,0.968826278652117,0.0184603352127946,0.013,0.012,1
chr8-84978337-84979221,Junb,0,0.968826278652117,-0.0456946857355662,0.013,0.012,1
chr8-120735723-120736596,Irf8,0,0.968826278652117,0.0549283108089931,0.013,0.012,1
chr18-56561922-56562828,Phax,0,0.969174879789897,-0.391475607609444,0.013,0.013,1
chr4-124751063-124751978,Gm12915,0,0.969174879789897,-0.349152250112576,0.013,0.013,1
chr13-99344265-99345161,Ptcd2,0,0.969295917818869,-0.133710792900431,0.031,0.032,1
chr11-30267838-30268763,Sptbn1,0,0.969496350959291,0.0220070224710991,0.013,0.012,1
chr2-27009473-27010380,Cacfd1,0,0.969496350959291,-0.02084899667818,0.013,0.012,1
chr4-126321309-126322174,Adprhl2,0,0.969496350959291,-0.0206378631302693,0.013,0.012,1
chr6-88518572-88519429,Sec61a1,0,0.969496350959291,-0.00947757024787066,0.013,0.012,1
chr7-27258253-27259147,Numbl,0,0.969496350959291,-0.0120910348395231,0.013,0.012,1
chr8-123212424-123213418,Chmp1a,0,0.969496350959291,0.0557270562447325,0.013,0.012,1
chr3-95624604-95625483,Ensa,0,0.969829815511855,-0.0890918774429181,0.031,0.031,1
chr19-8801991-8802910,Zbtb3,0,0.969830417355456,-0.383221733370029,0.013,0.013,1
chr19-10101269-10102210,Fads2,0,0.969830417355456,-0.273787035812918,0.013,0.013,1
chr18-20896141-20897043,Trappc8,62,0.970075199606173,-0.120627772895173,0.019,0.018,1
chr13-104109246-104110126,Nln,0,0.97013672726793,-0.0891772245148395,0.031,0.032,1
chr11-54787261-54788091,Cdc42se2,0,0.970166444376913,0.00518826253019089,0.013,0.012,1
chr11-78550377-78551282,Tmem97,0,0.970166444801837,-0.0290726067617637,0.013,0.012,1
chr16-93831813-93832683,Morc3,0,0.970166444801837,-0.0351613257354755,0.013,0.012,1
chr10-128270035-128270932,Stat2,0,0.970485975306076,-0.364026187444564,0.013,0.013,1
chr2-153014993-153015892,Pdrg1,0,0.971141552805821,-0.160851389619252,0.013,0.013,1
chr10-78009219-78010042,Pfkl,40,0.971141553199217,-0.341773955858739,0.013,0.013,1
chrX-99974991-99975917,Eda,0,0.971172870642807,-0.157747015750319,0.019,0.018,1
chr13-77135019-77135892,Ankrd32,0,0.971187785273871,-0.104343124468814,0.031,0.032,1
chr2-3283565-3284475,Nmt2,0,0.971504362474406,0.042249131811035,0.063,0.062,1
chr19-10388502-10389353,Syt7,0,0.971506695202456,-0.0161069396992692,0.013,0.012,1
chr2-42652630-42653494,Lrp1b,103,0.971506695202456,0.0256712249606981,0.013,0.012,1
chr5-134099233-134100058,Gatsl2,0,0.971506695202456,-0.0900733263220861,0.013,0.012,1
chr2-11535187-11536103,RP23-307N14.2,492,0.971721726626449,-0.187177081500915,0.019,0.018,1
chr1-180903824-180904704,Pycr2,0,0.971797150592298,-0.215135631157524,0.013,0.013,1
chr2-167421304-167422218,Slc9a8,0,0.971797150592298,-0.218405180505028,0.013,0.013,1
chr3-146685069-146685956,Samd13,0,0.971797150592298,-0.344692832660217,0.013,0.013,1
chr1-161968765-161969643,RP24-499I2.1,0,0.972095563002954,-0.143616603449539,0.025,0.024,1
chr13-93144211-93145093,Cmya5,0,0.972176850815126,-0.079930507976214,0.013,0.012,1
chr16-35490411-35491276,Pdia5,0,0.972176850815126,-0.0931925139727028,0.013,0.012,1
chr5-145231278-145232311,Zfp655,0,0.972176850815126,-0.120297339387808,0.013,0.012,1
chr3-94442973-94443821,Mrpl9,0,0.9724527670427,-0.147725386343037,0.013,0.013,1
chr4-135920245-135921131,Fuca1,0,0.9724527670427,-0.198499231086084,0.013,0.013,1
chr13-74349861-74350781,Sdha,0,0.972847025685586,-0.162309110702753,0.013,0.012,1
chr10-39369235-39370128,Fyn,379,0.972847026072362,-0.115962356198297,0.013,0.012,1
chr10-79984522-79985260,Tmem259,191,0.972847026072362,-0.0185123473081665,0.013,0.012,1
chr12-69892700-69893541,Atl1,0,0.972847026072362,-0.104460838426798,0.013,0.012,1
chr15-4375366-4375947,Plcxd3,0,0.972847026072362,-0.130335837724422,0.013,0.012,1
chr6-83348991-83349889,Bola3,0,0.972847026072362,-0.103576548373169,0.013,0.012,1
chr10-81600625-81601541,Tle6,0,0.973108402107763,-0.159133899466119,0.013,0.013,1
chr13-117024224-117025119,Parp8,396,0.973108402107763,-0.245059380823039,0.013,0.013,1
chr4-95966854-95967772,Hook1,0,0.973108402107763,-0.195579813424001,0.013,0.013,1
chr6-122339358-122340307,Phc1,253,0.973108402107763,-0.295541624662086,0.013,0.013,1
chr7-46919396-46920305,Tsg101,0,0.973108402107763,-0.16479429926105,0.013,0.013,1
chr19-6363196-6364134,Sf1,0,0.973252017490216,-0.0922767897965397,0.031,0.031,1
chr2-125858613-125859516,Galk2,0,0.973517220124119,-0.112036950014118,0.013,0.012,1
chr11-3538898-3539800,Smtn,811,0.973517220501355,-0.0984198733869466,0.013,0.012,1
chr19-24279946-24280880,Fxn,0,0.973517220501355,-0.160570131600913,0.013,0.012,1
chr4-55532353-55533198,Klf4,0,0.973517220501355,-0.0834366600033984,0.013,0.012,1
chr6-28423199-28424013,Arf5,0,0.973517220501355,-0.109031301819874,0.013,0.012,1
chrX-95711491-95712375,Zc3h12b,0,0.973517220501355,-0.134084174222727,0.013,0.012,1
chr17-42612871-42613751,Opn5,1557,0.973626582045213,0.0195488533043302,0.025,0.026,1
chr9-14380546-14381422,Endod1,0,0.973764055344792,-0.217405437730959,0.013,0.013,1
chr9-107562742-107563648,Tusc2,0,0.973764055344792,-0.218900483585671,0.013,0.013,1
chr10-128303008-128303786,Pan2,0,0.974187433629259,-0.0799115745558705,0.013,0.012,1
chr14-14345170-14346100,Il3ra,394,0.974187433629259,-0.153286592332982,0.013,0.012,1
chr19-36925645-36926515,Btaf1,0,0.974187433629259,-0.0722181873197627,0.013,0.012,1
chr7-114275680-114276581,Psma1,0,0.974187433629259,-0.135182655082907,0.013,0.012,1
chr9-110476204-110477088,Klhl18,0,0.974187433629259,-0.110775182172423,0.013,0.012,1
chr13-91741050-91741974,Acot12,0,0.974419726311053,-0.222621303136511,0.013,0.013,1
chr6-28215051-28215986,6530409C15Rik,0,0.974419726311053,-0.142141714718336,0.013,0.013,1
chr10-117148184-117149079,Frs2,0,0.974857664983184,-0.201216517911788,0.013,0.012,1
chr10-119453403-119454530,Grip1,0,0.974857664983184,-0.114338319801368,0.013,0.012,1
chr11-106920421-106921381,Gm27322,0,0.974857664983184,-0.0968011689363939,0.013,0.012,1
chr19-6340670-6341563,Map4k2,0,0.974857664983184,-0.102572242024507,0.013,0.012,1
chr2-52675773-52676578,Cacnb4,252,0.974857664983184,-0.103698019559526,0.013,0.012,1
chr7-143599747-143600625,Gm15579,0,0.974857664983184,-0.107608399955587,0.013,0.012,1
chr5-114130482-114131384,Ung,95,0.975015134442302,-0.235747981301516,0.019,0.018,1
chr2-83643914-83644837,Zc3h15,0,0.975075414223969,-0.136072996772345,0.013,0.013,1
chr2-104816602-104817482,Qser1,0,0.975075414223969,-0.135730656262763,0.013,0.013,1
chr11-115764898-115765867,2310067B10Rik,0,0.975075414563776,-0.197060285722032,0.013,0.013,1
chr17-27203968-27204928,Lemd2,0,0.975075414563776,-0.0860926645405007,0.013,0.013,1
chr18-30272422-30273312,Pik3c3,0,0.975075414563776,-0.1437898722896,0.013,0.013,1
chr8-25753877-25754790,Ddhd2,0,0.975075414563776,-0.12198402166906,0.013,0.013,1
chr9-26999150-27000036,Acad8,0,0.97543342823753,-0.155748356254284,0.025,0.024,1
chr9-92250025-92250957,Plscr1,274,0.975527913741591,-0.170025176458912,0.013,0.012,1
chr14-73509553-73510431,Med4,0,0.975527914090205,-0.136369754582423,0.013,0.012,1
chr3-135826007-135826841,Slc39a8,727,0.975527914090205,-0.237121252683897,0.013,0.012,1
chr9-65021291-65022194,Ptplad1,0,0.975527914090205,-0.146133316710523,0.013,0.012,1
chr2-70660980-70661882,Gorasp2,0,0.975564078957668,-0.146628961260937,0.019,0.018,1
chr10-78591470-78592389,Syde1,0,0.975731119660158,-0.080129145077299,0.013,0.013,1
chr11-87108489-87109380,Ska2,0,0.975910302643121,-0.0918515759887488,0.025,0.024,1
chr1-134962113-134963001,Ube2t,0,0.976113034808358,-0.221691074310672,0.019,0.018,1
chr2-6435815-6436739,Gm13388,0,0.976198180477356,-0.129671490759114,0.013,0.012,1
chr3-153724672-153725501,St6galnac3,0,0.97638684115736,-0.207636950665683,0.013,0.013,1
chr4-107313890-107314747,Yipf1,0,0.97638684115736,-0.108291160576369,0.013,0.013,1
chr7-127708307-127709159,Mir762,0,0.97646024410868,-0.347693320884773,0.019,0.019,1
chr7-16874682-16875564,Dact3,0,0.976681477816933,-0.100206511174709,0.038,0.037,1
chr14-70766338-70767193,Xpo7,0,0.976868463342109,-0.163394661102623,0.013,0.012,1
chr10-127120765-127121609,Os9,0,0.976868463671637,-0.195758698673066,0.013,0.012,1
chr16-21793925-21794880,1300002E11Rik,0,0.976868463671637,-0.233886905948115,0.013,0.012,1
chr18-37089513-37090397,PCDHA9,0,0.976868463671637,-0.264831861257632,0.013,0.012,1
chr8-110167785-110168688,Calb2,0,0.976868463671637,-0.144860360694898,0.013,0.012,1
chr1-59912444-59913337,Fam117b,0,0.97704257861251,-0.0800950338947182,0.013,0.013,1
chr1-74661207-74662124,Ttll4,0,0.97704257861251,-0.0950267610465145,0.013,0.013,1
chr11-54437620-54438473,Fnip1,0,0.97704257861251,-0.0407686387990056,0.013,0.013,1
chr5-35523485-35524400,Cpz,1297,0.97704257861251,-0.119078416997792,0.013,0.013,1
chr18-9449832-9450732,Ccny,0,0.977210980192498,-0.250561649856956,0.019,0.018,1
chr4-108300713-108301576,Zyg11b,0,0.977210980192498,-0.134887800171298,0.019,0.018,1
chr7-6286056-6286937,Zfp667,0,0.977530455517765,-0.14090726934751,0.031,0.031,1
chr8-122376131-122376989,Zc3h18,0,0.977538763200011,-0.204078219193724,0.013,0.012,1
chr5-43868687-43869509,Cd38,0,0.977698331278637,-0.0841483067963438,0.013,0.013,1
chr1-130717077-130718023,Yod1,0,0.977698331582705,-0.164262361631668,0.013,0.013,1
chr11-30771391-30772178,Psme4,0,0.977698331582705,-0.0626970610415167,0.013,0.013,1
chr4-149166293-149167209,Pgd,0,0.977698331582705,-0.0827680447219468,0.013,0.013,1
chr17-55891501-55892399,Zfp959,0,0.978209078589408,-0.41493373391239,0.013,0.012,1
chr5-35755142-35756053,Ablim2,1826,0.978209078589408,-0.215024332939533,0.013,0.012,1
chr7-3331449-3332328,Cacng7,626,0.978209078589408,-0.298111751547274,0.013,0.012,1
chr9-94669967-94670695,Slc9a9,57,0.978209078589408,-0.447327307711234,0.013,0.012,1
chrX-48513058-48513963,Aifm1,0,0.978209078589408,-0.327358337238487,0.013,0.012,1
chr15-78173827-78174705,Ift27,0,0.978336214465708,-0.110800511489836,0.031,0.032,1
chr16-18498276-18499174,Gnb1l,0,0.978354099329877,-0.0764448900722767,0.013,0.013,1
chr11-98438534-98439431,Mien1,0,0.978354099625009,-0.0131406990054561,0.013,0.013,1
chr3-98382027-98382899,Zfp697,0,0.978879409065828,-0.38879519581207,0.013,0.012,1
chr14-75283873-75284788,Zc3h13,0,0.978879409366722,-0.221554914484972,0.013,0.012,1
chr2-111058293-111059203,Gm13942,718,0.978879409366722,-0.143814509724292,0.013,0.012,1
chr2-119674628-119675486,Rtf1,0,0.979009882010261,-0.0639085213365433,0.013,0.013,1
chr18-86395303-86396139,Neto1,350,0.979009882296455,-0.0301678921877757,0.013,0.013,1
chr3-95042201-95043104,Psmd4,0,0.979009882296455,-0.061270709994111,0.013,0.013,1
chr10-105573998-105574803,Tmtc2,0,0.979665678876792,0.0745763012150462,0.013,0.013,1
chr17-56764531-56765376,Dus3l,0,0.979665679154049,0.030208173981725,0.013,0.013,1
chr9-83691178-83692060,Gm2109,0,0.979665679154049,-0.0790657904626739,0.013,0.013,1
chrX-73342163-73343046,Zfp275,0,0.979665679154049,0.00496282364611655,0.013,0.013,1
chr7-24546597-24547491,Xrcc1,0,0.97970635074189,-0.23832672122997,0.019,0.019,1
chrX-16618013-16618927,Maoa,770,0.979706350930227,-0.213998542613278,0.019,0.019,1
chr8-34965382-34966270,Tnks,0,0.97999358249142,-0.0778575264219166,0.013,0.013,1
chr7-105553915-105554824,Smpd1,0,0.980505067094297,-0.239502139421765,0.019,0.018,1
chr12-51377009-51377937,Scfd1,0,0.980788463802092,-0.309857953715026,0.019,0.019,1
chr19-4037509-4038433,Gstp1,0,0.980890489022386,-0.284410791227427,0.013,0.012,1
chrX-168673516-168674265,Msl3,0,0.980890489294641,-0.346774809080867,0.013,0.012,1
chr6-47877226-47878035,Zfp282,21,0.981560876891943,-0.54549680378192,0.013,0.012,1
chr5-151650712-151651585,Rfc3,0,0.981597620840388,-0.23535259063985,0.025,0.025,1
chr11-60931522-60932448,Map2k3,0,0.981603172712989,-0.199016018936529,0.019,0.018,1
chr9-86743196-86744053,Prss35,0,0.98163314991245,0.0763410822569721,0.013,0.013,1
chr2-120628560-120629472,Stard9,0,0.981870611857313,-0.274190671211812,0.019,0.019,1
chr2-107290118-107290991,Kcna4,0,0.982411698608879,-0.1735496851081,0.019,0.019,1
chr11-90687317-90688216,Tom1l1,149,0.982944860494853,0.060183836131289,0.013,0.013,1
chr12-118198403-118199313,Dnah11,0,0.982944860727414,0.0438739615352244,0.013,0.013,1
chr2-3512505-3513402,Cdnf,0,0.983521327027232,-0.331301606428566,0.031,0.031,1
chr1-12992189-12992994,Slco5a1,0,0.983600733397433,0.0856846451633402,0.013,0.013,1
chr3-20057330-20058232,Hltf,0,0.983966551112866,-0.0640619127903106,0.038,0.038,1
chr11-31870219-31871102,Cpeb4,1108,0.984035006564861,-0.109923003528195,0.019,0.019,1
chr4-126046586-126047488,Mrps15,0,0.984256617151875,0.0781929419649252,0.013,0.013,1
chr9-44113129-44114020,Rnf26,0,0.984256617151875,0.125405089956051,0.013,0.013,1
chr1-144003767-144004688,Rgs2,0,0.984435497720073,-0.0263616902673478,0.038,0.037,1
chr3-124320755-124321536,Tram1l1,0,0.984576123897629,-0.237649490125996,0.019,0.019,1
chr6-140423768-140424557,Plekha5,0,0.984576124040784,-0.243154708288404,0.019,0.019,1
chr3-28780842-28781701,1700112D23Rik,0,0.985117248898969,-0.147188581655489,0.019,0.019,1
chr17-5440208-5441006,Tmem242,0,0.985568416141201,0.153978469898669,0.013,0.013,1
chr14-59200757-59201626,Rcbtb1,0,0.985658380327945,-0.21338115105697,0.019,0.019,1
chr5-112276077-112276988,Tpst2,0,0.985685261150849,-0.162030513629403,0.069,0.067,1
chr12-116485476-116486284,Ptprn2,0,0.986880254149534,0.224427320520165,0.013,0.013,1
chr7-44929283-44930191,Ap2a1,0,0.987360470082471,-0.0581817204812651,0.057,0.056,1
chr8-110618208-110619094,Vac14,0,0.987536186677659,0.131714483800275,0.013,0.013,1
chr8-70839275-70840168,Arrdc2,0,0.988331393035887,-0.0127768348188275,0.031,0.031,1
chr9-62122332-62123234,Mir5133,0,0.989446472204469,-0.087459989118198,0.019,0.019,1
chr10-34036368-34037254,Trappc3l,342,0.989504033038228,0.160928102561011,0.013,0.013,1
chr15-84191832-84192691,Samm50,0,0.989504033038228,0.179623397709829,0.013,0.013,1
chr13-107022061-107022836,Kif2a,0,0.989987649488904,-0.123614040155026,0.019,0.019,1
chr10-42307991-42308894,Gm23533,880,0.990159996606041,0.260176825860675,0.013,0.013,1
chr11-21090770-21091647,Peli1,0,0.990528831477939,-0.0360436439632768,0.019,0.019,1
chr8-71371066-71371981,Ocel1,0,0.990562265672848,-0.2535966109137,0.025,0.025,1
chr13-38658545-38659370,Eef1e1,0,0.990562265739446,-0.137902421121702,0.025,0.025,1
chr2-44926681-44927616,Gtdc1,40,0.990877144596787,-0.151400026803878,0.031,0.031,1
chr14-16364592-16365461,Top2b,0,0.99292162703965,-0.139928739168211,0.025,0.025,1
chr4-49845407-49846284,Grin3a,0,0.9929216270896,-0.137993110599252,0.025,0.025,1
chr1-179545948-179546830,Cnst,0,0.993234801871338,-0.0451039364751109,0.019,0.019,1
chr6-83831425-83832343,Paip2b,0,0.993422988907644,-0.0618542431416991,0.031,0.031,1
chr7-140137235-140138101,Mtg1,0,0.993776006266602,-0.043032149252948,0.019,0.019,1
chr4-156109418-156110345,9430015G10Rik,0,0.994162993431129,-0.168833225152311,0.038,0.037,1
chr9-79793082-79793987,Tmem30a,0,0.994317213525592,-0.0220378020051184,0.019,0.019,1
chr8-119861738-119862646,Klhl36,0,0.994695937703921,-0.0810659544777499,0.031,0.031,1
chr14-52103826-52104732,Hnrnpc,0,0.995399635596022,-0.0222108344873684,0.019,0.019,1
chr6-58831258-58832092,Herc3,0,0.995940849957164,0.0449995958135752,0.019,0.019,1
chr11-43681316-43682262,Pwwp2a,0,0.996393223419095,-0.0374426662466325,0.031,0.031,1
chr8-47674791-47675690,AA386476,0,0.996817547657283,-0.0527898218832013,0.031,0.031,1
chr16-57231100-57231978,Tbc1d23,0,0.997648458158433,-0.0943690341406347,0.044,0.043,1
chr11-49846239-49847147,Mapk9,0,0.998372008240069,-0.0736016627635916,0.044,0.043,1
chr17-37269923-37270763,H2-M3,0,0.998820256128175,-0.0892721172556659,0.025,0.025,1
chr19-47731087-47731985,Sfr1,0,0.999034064793964,-0.00244209014931407,0.038,0.038,1
chr6-145746043-145746961,Gm15704,0,0.999292153506842,-0.0846060307101606,0.025,0.025,1
chr16-38088618-38089557,Gsk3b,0,0.999787835951641,-0.090925220501592,0.031,0.031,1
chr2-32846887-32847780,Stxbp1,0,1,-0.131175158019279,0.038,0.037,1
chr7-18990616-18991478,Mypop,0,1,0.0437454399049813,0.019,0.019,1
