original_index,cl0_signal,cl1_signal,score,order_index,order_rank,source_loci,cl0_order_rows,cl1_order_rows,cl0_heatmap_rows,cl1_heatmap_rows,order_length,order_matches_cl0,order_matches_cl1
1,14.7442288724785,31.214620728778,460.235512192715,4805,7653,9273,9273,9273,9273,9273,9273,TRUE,TRUE
2,26.2023275181153,23.5140814650747,616.123663835532,4807,7034,9273,9273,9273,9273,9273,9273,TRUE,TRUE
3,91.3932824429501,136.276303580638,12454.7387034264,4806,281,9273,9273,9273,9273,9273,9273,TRUE,TRUE
4,21.1270007197062,43.6828192265828,922.886953238812,7130,5904,9273,9273,9273,9273,9273,9273,TRUE,TRUE
5,95.4180018548612,146.714745627509,13999.2278704212,9228,233,9273,9273,9273,9273,9273,9273,TRUE,TRUE
6,73.162039036221,127.363804786117,9318.19565756352,8042,469,9273,9273,9273,9273,9273,9273,TRUE,TRUE
7,93.9513631941955,97.5132802649041,9161.50561042538,8044,480,9273,9273,9273,9273,9273,9273,TRUE,TRUE
8,24.4321845313099,17.1293966569633,418.50858003293,40,7828,9273,9273,9273,9273,9273,9273,TRUE,TRUE
9,72.301955346708,115.754913753933,8369.30660539892,8040,562,9273,9273,9273,9273,9273,9273,TRUE,TRUE
10,57.5317043947451,343.750935577624,19776.5772110689,4661,118,9273,9273,9273,9273,9273,9273,TRUE,TRUE
11,44.0991224152701,45.3604607127962,2000.35650978665,9272,3360,9273,9273,9273,9273,9273,9273,TRUE,TRUE
12,36.0847745462721,52.5026030721687,1894.54459495162,7991,3541,9273,9273,9273,9273,9273,9273,TRUE,TRUE
13,16.1226543140411,27.8999604654312,449.821417959562,3693,7694,9273,9273,9273,9273,9273,9273,TRUE,TRUE
14,24.1314920624462,76.426955796163,1844.29647715203,3692,3621,9273,9273,9273,9273,9273,9273,TRUE,TRUE
15,26.2953471410406,75.5992325007261,1987.90806220283,3790,3382,9273,9273,9273,9273,9273,9273,TRUE,TRUE
16,15.9722378638056,14.0998923910989,225.206835124693,477,8653,9273,9273,9273,9273,9273,9273,TRUE,TRUE
17,27.3387047131856,54.7671081225077,1497.26179695635,6705,4306,9273,9273,9273,9273,9273,9273,TRUE,TRUE
18,52.5298992721489,47.6247040359429,2501.72090587398,7134,2736,9273,9273,9273,9273,9273,9273,TRUE,TRUE
19,31.7903665304184,92.2786119818688,2933.57089782187,555,2330,9273,9273,9273,9273,9273,9273,TRUE,TRUE
20,50.9449063182958,73.269197881762,3732.69242210304,2655,1766,9273,9273,9273,9273,9273,9273,TRUE,TRUE
21,21.4047636267959,56.4962782500893,1209.28948173685,7762,5055,9273,9273,9273,9273,9273,9273,TRUE,TRUE
22,31.179632988584,49.6953124354085,1549.48160298905,4454,4172,9273,9273,9273,9273,9273,9273,TRUE,TRUE
23,43.5828983571651,69.2874274343815,3019.7469073021,8045,2249,9273,9273,9273,9273,9273,9273,TRUE,TRUE
24,30.208405690623,62.7278428847435,1894.90812595999,6994,3539,9273,9273,9273,9273,9273,9273,TRUE,TRUE
25,15.5649577506601,18.0076276700791,280.287963874398,466,8442,9273,9273,9273,9273,9273,9273,TRUE,TRUE
26,42.5743998765945,145.879724359512,6210.74171876927,5720,887,9273,9273,9273,9273,9273,9273,TRUE,TRUE
27,107.085457643102,102.763714540245,11004.4994006473,3165,345,9273,9273,9273,9273,9273,9273,TRUE,TRUE
28,18.3155698385887,34.2728606999971,627.726973719021,4738,6974,9273,9273,9273,9273,9273,9273,TRUE,TRUE
29,36.7799008378528,56.9345311955043,2094.04641162029,3479,3241,9273,9273,9273,9273,9273,9273,TRUE,TRUE
30,94.7037724332348,235.408051706756,22294.0305577878,6475,95,9273,9273,9273,9273,9273,9273,TRUE,TRUE
31,57.7569976735171,66.0906456851289,3817.19726907723,6600,1728,9273,9273,9273,9273,9273,9273,TRUE,TRUE
32,37.2512472603056,39.5782937852163,1474.34080793411,3816,4358,9273,9273,9273,9273,9273,9273,TRUE,TRUE
33,49.4112881072844,90.2922375756081,4461.45576469974,1139,1409,9273,9273,9273,9273,9273,9273,TRUE,TRUE
34,25.1206783011197,30.2674779859195,760.339577470508,3936,6476,9273,9273,9273,9273,9273,9273,TRUE,TRUE
35,83.3425697817581,161.566100792543,13465.3340296691,866,251,9273,9273,9273,9273,9273,9273,TRUE,TRUE
36,17.0634178495543,37.6201716525988,641.92870848025,3149,6911,9273,9273,9273,9273,9273,9273,TRUE,TRUE
37,21.3978228101004,68.1966971492107,1459.26084183289,4493,4399,9273,9273,9273,9273,9273,9273,TRUE,TRUE
38,24.4351401464795,28.7355901083488,702.158171489293,2074,6694,9273,9273,9273,9273,9273,9273,TRUE,TRUE
39,43.4333533054123,32.6355227457214,1417.47018972174,3576,4493,9273,9273,9273,9273,9273,9273,TRUE,TRUE
40,358.312387877406,354.923649951239,127173.540528193,4998,8,9273,9273,9273,9273,9273,9273,TRUE,TRUE
41,77.050619250146,76.8562815657286,5921.82408790297,201,951,9273,9273,9273,9273,9273,9273,TRUE,TRUE
42,26.2341069814675,33.2504854529994,872.296792559716,7933,6080,9273,9273,9273,9273,9273,9273,TRUE,TRUE
43,68.098864702078,93.9431351025899,6397.42084704031,1031,833,9273,9273,9273,9273,9273,9273,TRUE,TRUE
44,37.5825272893906,33.4494054794312,1257.11319424461,1824,4906,9273,9273,9273,9273,9273,9273,TRUE,TRUE
45,18.5725831689506,30.1787305371515,560.496982834594,3128,7246,9273,9273,9273,9273,9273,9273,TRUE,TRUE
46,9.76458121299744,14.6118494224548,142.67859035765,8240,8961,9273,9273,9273,9273,9273,9273,TRUE,TRUE
47,21.4142185298876,31.6592737395188,677.958606355587,234,6777,9273,9273,9273,9273,9273,9273,TRUE,TRUE
48,38.5304882044662,68.6401432940405,2644.73823154389,5186,2590,9273,9273,9273,9273,9273,9273,TRUE,TRUE
49,52.8540999431803,16.9707863740247,896.975639127062,3383,5983,9273,9273,9273,9273,9273,9273,TRUE,TRUE
50,24.128331243256,80.1607291806382,1934.14462637137,3431,3454,9273,9273,9273,9273,9273,9273,TRUE,TRUE
51,27.4850639796257,31.4383820581436,864.085942283994,1009,6104,9273,9273,9273,9273,9273,9273,TRUE,TRUE
52,42.6202152363925,29.1521149679208,1242.46941452884,5146,4947,9273,9273,9273,9273,9273,9273,TRUE,TRUE
53,10.85134722906,13.7575681630303,149.288149164503,185,8943,9273,9273,9273,9273,9273,9273,TRUE,TRUE
54,16.6441717536826,20.4721273121081,340.741603145983,7339,8192,9273,9273,9273,9273,9273,9273,TRUE,TRUE
55,25.5934249577315,48.6434159555297,1244.95161594557,1056,4938,9273,9273,9273,9273,9273,9273,TRUE,TRUE
56,52.1850201797485,44.1155567646027,2302.17122000163,2183,2980,9273,9273,9273,9273,9273,9273,TRUE,TRUE
57,35.8030178419937,20.6059406918182,737.754862240229,7462,6553,9273,9273,9273,9273,9273,9273,TRUE,TRUE
58,9.6302049356863,5.81521899547052,56.001750672277,2286,9190,9273,9273,9273,9273,9273,9273,TRUE,TRUE
59,62.3186701332651,33.9829622284184,2117.77301326401,2124,3214,9273,9273,9273,9273,9273,9273,TRUE,TRUE
60,33.051566540056,102.270498427616,3380.20018386503,2442,2013,9273,9273,9273,9273,9273,9273,TRUE,TRUE
61,24.8675398958241,16.1014241674926,400.40280786471,3960,7919,9273,9273,9273,9273,9273,9273,TRUE,TRUE
62,43.8748336987697,73.5824603925699,3228.41821287031,5947,2097,9273,9273,9273,9273,9273,9273,TRUE,TRUE
63,28.5977052847544,110.81151599595,3168.95507660904,5594,2137,9273,9273,9273,9273,9273,9273,TRUE,TRUE
64,24.3531482545794,41.901222260102,1020.42667774835,3433,5582,9273,9273,9273,9273,9273,9273,TRUE,TRUE
65,13.1614002437261,20.2325052443267,266.288099453871,6837,8491,9273,9273,9273,9273,9273,9273,TRUE,TRUE
66,23.6030120497658,10.7279636519296,253.212255345944,8043,8540,9273,9273,9273,9273,9273,9273,TRUE,TRUE
67,57.9446200823869,13.4618790446651,780.043466838166,6683,6381,9273,9273,9273,9273,9273,9273,TRUE,TRUE
68,39.9460043430328,20.7467808246613,828.750996925869,5349,6216,9273,9273,9273,9273,9273,9273,TRUE,TRUE
69,107.158848802162,73.6613668550287,7893.46727337858,7621,611,9273,9273,9273,9273,9273,9273,TRUE,TRUE
70,22.7210202105343,35.3204473927617,802.516599056053,2083,6303,9273,9273,9273,9273,9273,9273,TRUE,TRUE
71,26.7918474619012,64.6693909133108,1732.61245680348,1793,3815,9273,9273,9273,9273,9273,9273,TRUE,TRUE
72,35.6296134305,117.225670814514,4176.70533525219,2016,1547,9273,9273,9273,9273,9273,9273,TRUE,TRUE
73,39.9816190503739,27.812588056197,1111.99230046785,1605,5333,9273,9273,9273,9273,9273,9273,TRUE,TRUE
74,63.1597522667476,159.242508207049,10057.7173686927,5635,410,9273,9273,9273,9273,9273,9273,TRUE,TRUE
75,70.5119643139768,36.2349077745959,2554.99452392254,5259,2685,9273,9273,9273,9273,9273,9273,TRUE,TRUE
76,38.5380138556163,24.6646847230714,950.52796160213,2787,5795,9273,9273,9273,9273,9273,9273,TRUE,TRUE
77,15.6882659114284,45.0111231040129,706.146468227795,7376,6682,9273,9273,9273,9273,9273,9273,TRUE,TRUE
78,9.03379950138054,29.1846026555456,263.647848917657,3758,8499,9273,9273,9273,9273,9273,9273,TRUE,TRUE
79,38.0735271975398,61.0947772026062,2326.09366145106,4168,2957,9273,9273,9273,9273,9273,9273,TRUE,TRUE
80,47.9123215440143,43.423881148009,2080.53895625247,5781,3264,9273,9273,9273,9273,9273,9273,TRUE,TRUE
81,65.9260066388601,22.0211321321357,1451.7653031384,9143,4415,9273,9273,9273,9273,9273,9273,TRUE,TRUE
82,57.8510767414112,61.364816680099,3550.02071898304,3627,1889,9273,9273,9273,9273,9273,9273,TRUE,TRUE
83,7.37529328595037,34.7255326483561,256.110987792471,441,8530,9273,9273,9273,9273,9273,9273,TRUE,TRUE
84,48.5544437618666,31.2317278564617,1516.43917379249,3781,4264,9273,9273,9273,9273,9273,9273,TRUE,TRUE
85,36.168047570993,25.4965761729649,922.161379921243,4431,5909,9273,9273,9273,9273,9273,9273,TRUE,TRUE
86,94.8605015799908,123.120467235488,11679.2692767212,7283,304,9273,9273,9273,9273,9273,9273,TRUE,TRUE
87,17.8377456097989,28.1256258784114,501.69775953548,7275,7496,9273,9273,9273,9273,9273,9273,TRUE,TRUE
88,30.0723460290841,86.3639958627704,2597.16796803962,5676,2641,9273,9273,9273,9273,9273,9273,TRUE,TRUE
89,40.6491158740355,21.7385632920973,883.65337819552,262,6041,9273,9273,9273,9273,9273,9273,TRUE,TRUE
90,41.5838774565786,45.8852321759279,1908.08587187044,3324,3509,9273,9273,9273,9273,9273,9273,TRUE,TRUE
91,48.139760258359,168.690180578266,8120.704850977,7575,580,9273,9273,9273,9273,9273,9273,TRUE,TRUE
92,45.031158018264,59.5950148135993,2683.63252917198,1796,2543,9273,9273,9273,9273,9273,9273,TRUE,TRUE
93,61.5934067269365,74.9197418350495,4614.56213072329,395,1344,9273,9273,9273,9273,9273,9273,TRUE,TRUE
94,36.7286838155296,61.0436417709044,2242.052617552,8416,3056,9273,9273,9273,9273,9273,9273,TRUE,TRUE
95,126.269214396574,122.39740740523,15455.0244772359,30,187,9273,9273,9273,9273,9273,9273,TRUE,TRUE
96,43.145814269088,29.1562020834102,1257.96807988282,4040,4903,9273,9273,9273,9273,9273,9273,TRUE,TRUE
97,22.1104164200444,40.3192892733807,891.476275594678,8513,6009,9273,9273,9273,9273,9273,9273,TRUE,TRUE
98,84.8852471639944,107.093476406364,9090.65621440557,6420,486,9273,9273,9273,9273,9273,9273,TRUE,TRUE
99,34.8514820886037,51.9325849177345,1809.92755307531,8443,3688,9273,9273,9273,9273,9273,9273,TRUE,TRUE
100,11.5273339861377,16.962743994184,195.535215342311,1315,8765,9273,9273,9273,9273,9273,9273,TRUE,TRUE
101,19.1324701023102,16.6101528167725,317.793252161702,205,8304,9273,9273,9273,9273,9273,9273,TRUE,TRUE
102,62.0849944208608,66.3596470163326,4119.9383147793,276,1570,9273,9273,9273,9273,9273,9273,TRUE,TRUE
103,96.0588952597752,109.543595488353,10522.6367653949,8150,385,9273,9273,9273,9273,9273,9273,TRUE,TRUE
104,19.451471953392,44.9301594305038,873.957736023878,1141,6074,9273,9273,9273,9273,9273,9273,TRUE,TRUE
105,60.772089197408,167.562971436199,10183.1518463034,5272,400,9273,9273,9273,9273,9273,9273,TRUE,TRUE
106,35.1108792489767,67.5415743529797,2371.44406139325,7674,2906,9273,9273,9273,9273,9273,9273,TRUE,TRUE
107,23.7303237660818,16.1246941611815,382.644213073885,2542,8006,9273,9273,9273,9273,9273,9273,TRUE,TRUE
108,53.2063008811123,118.909937799439,6326.75792831129,3580,855,9273,9273,9273,9273,9273,9273,TRUE,TRUE
109,27.0190195322037,27.7472249746323,749.702813554039,8467,6516,9273,9273,9273,9273,9273,9273,TRUE,TRUE
110,40.7457640636139,119.790318363746,4880.94804915438,6230,1242,9273,9273,9273,9273,9273,9273,TRUE,TRUE
111,20.5467647115842,41.4025022771744,850.687472759932,3887,6145,9273,9273,9273,9273,9273,9273,TRUE,TRUE
112,46.929241678196,78.0249342109391,3661.65099451051,7856,1810,9273,9273,9273,9273,9273,9273,TRUE,TRUE
113,70.7199138326383,69.1364524677988,4889.32396121702,1875,1237,9273,9273,9273,9273,9273,9273,TRUE,TRUE
114,20.3946450686455,95.498827829361,1947.6646980515,565,3439,9273,9273,9273,9273,9273,9273,TRUE,TRUE
115,117.203567957586,90.5802826018421,10616.3323075423,1263,379,9273,9273,9273,9273,9273,9273,TRUE,TRUE
116,10.5447073889656,52.9113165147466,557.934350212947,5723,7260,9273,9273,9273,9273,9273,9273,TRUE,TRUE
117,46.0488735372706,53.0040833007458,2440.778328875,7370,2813,9273,9273,9273,9273,9273,9273,TRUE,TRUE
118,20.9641490610469,7.3741432559872,154.592638416029,10,8924,9273,9273,9273,9273,9273,9273,TRUE,TRUE
119,24.7630446948142,70.1354294254947,1736.76677355351,2961,3811,9273,9273,9273,9273,9273,9273,TRUE,TRUE
120,82.7261455881806,59.2544991447583,4901.896323004,2862,1233,9273,9273,9273,9273,9273,9273,TRUE,TRUE
121,56.9789561218563,65.4477800294031,3729.14618656826,5368,1768,9273,9273,9273,9273,9273,9273,TRUE,TRUE
122,23.6483856244893,52.7067166522444,1246.42876039297,6712,4935,9273,9273,9273,9273,9273,9273,TRUE,TRUE
123,44.5139349474515,70.5952905659967,3142.47417185121,5205,2165,9273,9273,9273,9273,9273,9273,TRUE,TRUE
124,57.4452301447537,151.067362939158,8678.09943140095,8625,525,9273,9273,9273,9273,9273,9273,TRUE,TRUE
125,28.5547852059628,26.2685887864296,750.093910460259,3030,6513,9273,9273,9273,9273,9273,9273,TRUE,TRUE
126,37.5539399723398,269.224704451279,10110.4483900342,3776,406,9273,9273,9273,9273,9273,9273,TRUE,TRUE
127,60.6401114684475,67.9377815661056,4119.75464708768,6166,1571,9273,9273,9273,9273,9273,9273,TRUE,TRUE
128,100.760830663081,119.067074443396,11997.2973255395,5139,294,9273,9273,9273,9273,9273,9273,TRUE,TRUE
129,54.5764364955401,39.7099512369946,2167.22763192683,1165,3151,9273,9273,9273,9273,9273,9273,TRUE,TRUE
130,18.9548565958689,36.411723397559,690.178995409177,1955,6739,9273,9273,9273,9273,9273,9273,TRUE,TRUE
131,27.9127242549046,32.9554323570148,919.875896082515,7401,5915,9273,9273,9273,9273,9273,9273,TRUE,TRUE
132,16.3562645010046,24.7544100245914,404.889677928537,2057,7900,9273,9273,9273,9273,9273,9273,TRUE,TRUE
133,28.3851801819272,53.294851873675,1512.78397320338,7084,4272,9273,9273,9273,9273,9273,9273,TRUE,TRUE
134,20.3759931824101,9.44791672123012,192.510686699763,2749,8780,9273,9273,9273,9273,9273,9273,TRUE,TRUE
135,24.9677791148835,27.8755570797881,695.990751872475,1299,6722,9273,9273,9273,9273,9273,9273,TRUE,TRUE
136,36.8202381134033,36.5537335670072,1345.91717387111,5242,4680,9273,9273,9273,9273,9273,9273,TRUE,TRUE
137,47.8567974236021,46.6123247883035,2230.71658483698,8622,3074,9273,9273,9273,9273,9273,9273,TRUE,TRUE
138,33.6330365006035,96.6505748929357,3250.65231317842,1870,2083,9273,9273,9273,9273,9273,9273,TRUE,TRUE
139,57.7035338363132,64.1220172708099,3700.06699323884,8901,1790,9273,9273,9273,9273,9273,9273,TRUE,TRUE
140,23.5765910534632,29.844340408416,703.62780906957,7816,6687,9273,9273,9273,9273,9273,9273,TRUE,TRUE
141,16.6774516582489,48.5279416863124,809.322401547796,488,6278,9273,9273,9273,9273,9273,9273,TRUE,TRUE
142,23.2118624738745,56.4851891801164,1311.12644305964,8460,4765,9273,9273,9273,9273,9273,9273,TRUE,TRUE
143,15.9223303487224,24.3339128160989,387.452598534937,1926,7984,9273,9273,9273,9273,9273,9273,TRUE,TRUE
144,51.2045168694803,117.031727803323,5992.55308056968,8900,934,9273,9273,9273,9273,9273,9273,TRUE,TRUE
145,23.7709639387972,37.9409274669255,901.892418620806,2319,5971,9273,9273,9273,9273,9273,9273,TRUE,TRUE
146,45.6415446619444,30.3057394570942,1383.20076094422,6135,4583,9273,9273,9273,9273,9273,9273,TRUE,TRUE
147,29.430303984422,13.8246608660771,406.863971770192,2039,7894,9273,9273,9273,9273,9273,9273,TRUE,TRUE
148,13.7821369615094,26.7640925275868,368.866388865713,7320,8066,9273,9273,9273,9273,9273,9273,TRUE,TRUE
149,115.636523807986,30.2613927782252,3499.32226646206,6594,1921,9273,9273,9273,9273,9273,9273,TRUE,TRUE
150,42.8573612930751,63.4136171954693,2717.74030304699,4033,2517,9273,9273,9273,9273,9273,9273,TRUE,TRUE
151,48.8395395851135,65.1677750396729,3182.76412872388,5848,2125,9273,9273,9273,9273,9273,9273,TRUE,TRUE
152,10.9300541650681,30.5647285292749,334.074138365577,5268,8229,9273,9273,9273,9273,9273,9273,TRUE,TRUE
153,16.9696575864156,24.777333761851,420.462869842946,4093,7823,9273,9273,9273,9273,9273,9273,TRUE,TRUE
154,35.358095215778,78.0101481223593,2758.29024510732,5201,2483,9273,9273,9273,9273,9273,9273,TRUE,TRUE
155,9.32470711998875,42.5563402090372,396.825408547873,2570,7939,9273,9273,9273,9273,9273,9273,TRUE,TRUE
156,23.6804001752068,27.4028209798476,648.909766732345,2063,6892,9273,9273,9273,9273,9273,9273,TRUE,TRUE
157,45.3328387757652,126.395975599262,5729.88838374688,1123,997,9273,9273,9273,9273,9273,9273,TRUE,TRUE
158,110.240010942732,122.75293195281,13532.2845617302,427,246,9273,9273,9273,9273,9273,9273,TRUE,TRUE
159,14.8343114065893,39.7659802946072,589.900935078495,4494,7131,9273,9273,9273,9273,9273,9273,TRUE,TRUE
160,26.4679756899525,89.8717749925485,2378.72395571566,6836,2897,9273,9273,9273,9273,9273,9273,TRUE,TRUE
161,10.9435072709353,19.8130896397126,216.824690531887,7987,8685,9273,9273,9273,9273,9273,9273,TRUE,TRUE
162,29.8707252168655,34.4421969413757,1028.813400701,8559,5558,9273,9273,9273,9273,9273,9273,TRUE,TRUE
163,42.7971403081538,105.500716451871,4515.12896460149,995,1387,9273,9273,9273,9273,9273,9273,TRUE,TRUE
164,73.6466744858059,28.4886652446184,2098.0954558055,6856,3236,9273,9273,9273,9273,9273,9273,TRUE,TRUE
165,66.810946502283,103.973958521216,6946.59858039158,8741,743,9273,9273,9273,9273,9273,9273,TRUE,TRUE
166,37.9502181290767,164.153148242638,6229.64778238277,7661,883,9273,9273,9273,9273,9273,9273,TRUE,TRUE
167,27.6458463813759,69.3893519534891,1918.32736460938,4104,3486,9273,9273,9273,9273,9273,9273,TRUE,TRUE
168,37.8246821385472,103.450544413398,3912.98395949645,7004,1677,9273,9273,9273,9273,9273,9273,TRUE,TRUE
169,12.727887467777,115.27146803912,1467.16227344737,4626,4378,9273,9273,9273,9273,9273,9273,TRUE,TRUE
170,22.4094487769263,69.3242861631686,1553.51903977051,7517,4159,9273,9273,9273,9273,9273,9273,TRUE,TRUE
171,24.6777564218309,66.6386332321167,1644.4919591859,405,3975,9273,9273,9273,9273,9273,9273,TRUE,TRUE
172,49.4196653766792,19.199092895043,948.812746408805,476,5804,9273,9273,9273,9273,9273,9273,TRUE,TRUE
173,51.2307727843523,120.764073543549,6186.83681222235,7441,892,9273,9273,9273,9273,9273,9273,TRUE,TRUE
174,8.78515729777018,36.8469562657674,323.706306738825,6760,8278,9273,9273,9273,9273,9273,9273,TRUE,TRUE
175,38.8431611242818,171.053115833096,6644.2437391154,7628,793,9273,9273,9273,9273,9273,9273,TRUE,TRUE
176,55.3940973859845,147.023163029642,8144.21541085945,9026,577,9273,9273,9273,9273,9273,9273,TRUE,TRUE
177,20.2396569011747,13.0175129141302,263.469995088607,5341,8502,9273,9273,9273,9273,9273,9273,TRUE,TRUE
178,14.6302186191082,63.602296037674,930.515495708409,6839,5873,9273,9273,9273,9273,9273,9273,TRUE,TRUE
179,18.308587532619,37.4161672592163,685.037173400473,2348,6751,9273,9273,9273,9273,9273,9273,TRUE,TRUE
180,25.058193724496,126.037134245464,3158.26292640314,7048,2147,9273,9273,9273,9273,9273,9273,TRUE,TRUE
181,26.3267090045186,32.967006507093,867.912787062308,5049,6093,9273,9273,9273,9273,9273,9273,TRUE,TRUE
182,31.6884372718238,129.239838225141,4095.40850661804,6859,1584,9273,9273,9273,9273,9273,9273,TRUE,TRUE
183,30.4687057357945,56.2999909871245,1715.38785831458,1319,3859,9273,9273,9273,9273,9273,9273,TRUE,TRUE
184,18.3975139519641,38.6117698946072,710.360575346061,8229,6668,9273,9273,9273,9273,9273,9273,TRUE,TRUE
185,109.63388595685,252.92211928841,27728.8347820303,8554,53,9273,9273,9273,9273,9273,9273,TRUE,TRUE
186,1.75318377494812,9.97883460521698,17.4947309227572,8258,9237,9273,9273,9273,9273,9273,9273,TRUE,TRUE
187,48.301217797532,73.5094106090603,3550.59405199643,95,1888,9273,9273,9273,9273,9273,9273,TRUE,TRUE
188,42.4687086374332,100.921743735289,4286.01612987568,2872,1483,9273,9273,9273,9273,9273,9273,TRUE,TRUE
189,23.4299865561472,75.2284196638725,1762.60086136473,8263,3765,9273,9273,9273,9273,9273,9273,TRUE,TRUE
190,47.7732776210115,106.686632929622,5096.77013339775,8521,1169,9273,9273,9273,9273,9273,9273,TRUE,TRUE
191,55.1185996825682,89.6479214525478,4941.2678949173,3344,1223,9273,9273,9273,9273,9273,9273,TRUE,TRUE
192,10.8385278156825,39.0024866036006,422.729535933911,1582,7815,9273,9273,9273,9273,9273,9273,TRUE,TRUE
193,56.6633284131249,73.0955038961473,4141.83454279025,5323,1560,9273,9273,9273,9273,9273,9273,TRUE,TRUE
194,27.2703929725958,33.6644940351953,918.043981563385,259,5919,9273,9273,9273,9273,9273,9273,TRUE,TRUE
195,18.6219896099024,32.1462261367263,598.626689115688,5276,7094,9273,9273,9273,9273,9273,9273,TRUE,TRUE
196,24.7581087734909,47.2909631888737,1170.83481063329,7607,5169,9273,9273,9273,9273,9273,9273,TRUE,TRUE
197,35.1010455133105,38.4027122270943,1347.9753497178,475,4676,9273,9273,9273,9273,9273,9273,TRUE,TRUE
198,18.8683092910632,34.8727027758033,657.988941789173,6522,6862,9273,9273,9273,9273,9273,9273,TRUE,TRUE
199,13.0563401560712,42.9266154720135,560.464493351477,7752,7247,9273,9273,9273,9273,9273,9273,TRUE,TRUE
200,59.1650670033235,27.8712578797952,1649.00483992499,2635,3967,9273,9273,9273,9273,9273,9273,TRUE,TRUE
201,134.271434856735,238.491255595666,32022.5630896144,8011,41,9273,9273,9273,9273,9273,9273,TRUE,TRUE
202,19.8274706699809,20.7822582109378,412.05961513334,9015,7858,9273,9273,9273,9273,9273,9273,TRUE,TRUE
203,36.589428691864,25.7489269638062,942.1385270342,3480,5820,9273,9273,9273,9273,9273,9273,TRUE,TRUE
204,33.3200432845524,58.6704334985642,1954.90138369562,6294,3425,9273,9273,9273,9273,9273,9273,TRUE,TRUE
205,41.7205800769131,521.69531161174,21765.4310238477,3201,101,9273,9273,9273,9273,9273,9273,TRUE,TRUE
206,170.404606410435,42.0390458969843,7163.64706994583,5475,713,9273,9273,9273,9273,9273,9273,TRUE,TRUE
207,95.2154339228565,126.765531759996,12070.0351129896,7115,290,9273,9273,9273,9273,9273,9273,TRUE,TRUE
208,52.9538549400238,18.3713817366635,972.835483531078,3980,5731,9273,9273,9273,9273,9273,9273,TRUE,TRUE
209,27.2997378723201,61.3916945161654,1675.97716782887,566,3931,9273,9273,9273,9273,9273,9273,TRUE,TRUE
210,40.1773636295068,43.8701142049664,1762.58553088093,8293,3766,9273,9273,9273,9273,9273,9273,TRUE,TRUE
211,57.5714955412584,21.6745244753843,1247.83478919348,4297,4928,9273,9273,9273,9273,9273,9273,TRUE,TRUE
212,21.5719256326722,41.5746228211707,896.844671704691,2032,5984,9273,9273,9273,9273,9273,9273,TRUE,TRUE
213,32.2104181017195,22.4499224617368,723.121388843724,8413,6604,9273,9273,9273,9273,9273,9273,TRUE,TRUE
214,22.9018545386403,28.5049942445385,652.817231813201,7999,6873,9273,9273,9273,9273,9273,9273,TRUE,TRUE
215,8.4680767396563,102.193134552554,865.379305657049,5208,6102,9273,9273,9273,9273,9273,9273,TRUE,TRUE
216,45.0305307917454,49.9348967990795,2248.59490789358,7194,3049,9273,9273,9273,9273,9273,9273,TRUE,TRUE
217,22.8888647401989,40.0378514385532,916.420966065221,6744,5924,9273,9273,9273,9273,9273,9273,TRUE,TRUE
218,24.5358034146243,27.1678671425787,666.585447404941,4057,6828,9273,9273,9273,9273,9273,9273,TRUE,TRUE
219,52.3145676725147,97.4718940461455,5099.19999724526,1981,1168,9273,9273,9273,9273,9273,9273,TRUE,TRUE
220,85.0784911960363,47.4462348414319,4036.65407324184,8703,1613,9273,9273,9273,9273,9273,9273,TRUE,TRUE
221,47.9222814359077,88.1463512443516,4224.17425188019,8856,1524,9273,9273,9273,9273,9273,9273,TRUE,TRUE
222,39.8612609819932,90.2907485094937,3599.10309059645,1697,1855,9273,9273,9273,9273,9273,9273,TRUE,TRUE
223,34.8786841796087,85.268537838453,2974.05440172442,2186,2296,9273,9273,9273,9273,9273,9273,TRUE,TRUE
224,17.6359103695377,52.5907831052284,927.486337107605,9104,5885,9273,9273,9273,9273,9273,9273,TRUE,TRUE
225,12.5940885722637,29.3382334947586,369.488311186744,417,8064,9273,9273,9273,9273,9273,9273,TRUE,TRUE
226,42.1307755227415,85.6813511048785,3609.82176988483,2474,1849,9273,9273,9273,9273,9273,9273,TRUE,TRUE
227,36.9649569708655,65.6269747768638,2425.89829875485,8988,2835,9273,9273,9273,9273,9273,9273,TRUE,TRUE
228,21.4247035461923,17.7086524718364,379.402629411641,8132,8018,9273,9273,9273,9273,9273,9273,TRUE,TRUE
229,16.0094042074212,75.6903930106017,1211.75809632529,8674,5045,9273,9273,9273,9273,9273,9273,TRUE,TRUE
230,50.2264453991039,55.2742631242082,2776.22975878375,8572,2461,9273,9273,9273,9273,9273,9273,TRUE,TRUE
231,18.8966786718369,56.665485458374,1070.78947049054,1322,5444,9273,9273,9273,9273,9273,9273,TRUE,TRUE
232,13.0699312365972,8.17534939600871,106.85125444099,7852,9045,9273,9273,9273,9273,9273,9273,TRUE,TRUE
233,13.897115499609,35.6739926205741,495.765595780319,5,7516,9273,9273,9273,9273,9273,9273,TRUE,TRUE
234,166.372485612796,183.864554080833,30590.0028785166,2163,47,9273,9273,9273,9273,9273,9273,TRUE,TRUE
235,14.1033801555634,28.8330120164521,406.64292949795,4586,7895,9273,9273,9273,9273,9273,9273,TRUE,TRUE
236,67.3358757822137,23.1785244188811,1560.74624108478,1250,4143,9273,9273,9273,9273,9273,9273,TRUE,TRUE
237,68.0359974547583,97.6050875224028,6640.65948624566,8262,795,9273,9273,9273,9273,9273,9273,TRUE,TRUE
238,14.3221853894216,33.0812297330962,473.79550514745,1122,7613,9273,9273,9273,9273,9273,9273,TRUE,TRUE
239,24.9428941481992,17.2834008367438,431.098037591798,5278,7777,9273,9273,9273,9273,9273,9273,TRUE,TRUE
240,23.6501394515615,44.9992165394428,1064.23774636883,5277,5461,9273,9273,9273,9273,9273,9273,TRUE,TRUE
241,23.0850224385316,22.3985047340393,517.069984374855,7774,7438,9273,9273,9273,9273,9273,9273,TRUE,TRUE
242,20.7545157815397,40.4266812091491,839.036193150557,630,6187,9273,9273,9273,9273,9273,9273,TRUE,TRUE
243,28.1874375352219,18.0852903181048,509.777991147931,1476,7465,9273,9273,9273,9273,9273,9273,TRUE,TRUE
244,16.4441513953802,59.5871403084292,979.859956449575,4026,5709,9273,9273,9273,9273,9273,9273,TRUE,TRUE
245,21.5239718327669,52.3242105756487,1126.22483460203,7516,5290,9273,9273,9273,9273,9273,9273,TRUE,TRUE
246,0.567133980327182,6.27918767929077,3.56114070177758,158,9251,9273,9273,9273,9273,9273,9273,TRUE,TRUE
247,38.9096428899482,66.1776289955618,2574.94791152079,6434,2660,9273,9273,9273,9273,9273,9273,TRUE,TRUE
248,27.7364809831528,30.0504872521309,833.494768203204,4741,6200,9273,9273,9273,9273,9273,9273,TRUE,TRUE
249,21.1996857507513,37.6938215964431,799.097172589478,7550,6313,9273,9273,9273,9273,9273,9273,TRUE,TRUE
250,51.9090106670673,83.7850646468309,4349.19981449327,4379,1456,9273,9273,9273,9273,9273,9273,TRUE,TRUE
251,64.3914762391635,181.878864309783,11711.4485696094,35,302,9273,9273,9273,9273,9273,9273,TRUE,TRUE
252,18.5043930271093,88.1232273736421,1630.66683413919,3055,4009,9273,9273,9273,9273,9273,9273,TRUE,TRUE
253,34.0408319330764,61.987238017992,2110.09715136607,2548,3220,9273,9273,9273,9273,9273,9273,TRUE,TRUE
254,20.5348343245591,156.732549184485,3218.47693076921,3824,2104,9273,9273,9273,9273,9273,9273,TRUE,TRUE
255,25.3698593265408,45.3623310864627,1150.83595838753,8487,5223,9273,9273,9273,9273,9273,9273,TRUE,TRUE
256,32.4169450533592,34.0566120578744,1104.01132178369,7227,5357,9273,9273,9273,9273,9273,9273,TRUE,TRUE
257,17.9093772265304,21.9806056656081,393.658958532987,5822,7951,9273,9273,9273,9273,9273,9273,TRUE,TRUE
258,14.7187935900782,76.5194602634596,1126.27414124206,1828,5288,9273,9273,9273,9273,9273,9273,TRUE,TRUE
259,57.02627238824,267.302494979023,15243.2648887299,4749,194,9273,9273,9273,9273,9273,9273,TRUE,TRUE
260,43.7162888517883,61.6149515389428,2693.57701906536,1995,2536,9273,9273,9273,9273,9273,9273,TRUE,TRUE
261,26.4534428649479,34.9138612680965,923.591834250306,6998,5897,9273,9273,9273,9273,9273,9273,TRUE,TRUE
262,100.418435288422,225.852402173556,22679.7448323999,4171,89,9273,9273,9273,9273,9273,9273,TRUE,TRUE
263,25.9162635019381,96.2278301029989,2493.86580116905,7289,2757,9273,9273,9273,9273,9273,9273,TRUE,TRUE
264,13.6431706060063,14.8253313248808,202.264524555917,851,8751,9273,9273,9273,9273,9273,9273,TRUE,TRUE
265,45.5417025308668,134.230526561386,6113.08671122025,3339,912,9273,9273,9273,9273,9273,9273,TRUE,TRUE
266,24.8819787894623,46.0949828805803,1146.93438633523,1997,5235,9273,9273,9273,9273,9273,9273,TRUE,TRUE
267,39.8229465807291,70.2293726465756,2796.7405553027,8704,2439,9273,9273,9273,9273,9273,9273,TRUE,TRUE
268,35.1679969973903,39.0884273169471,1374.6616945151,618,4609,9273,9273,9273,9273,9273,9273,TRUE,TRUE
269,96.2702305968781,122.008562005861,11745.7923990977,3495,300,9273,9273,9273,9273,9273,9273,TRUE,TRUE
270,30.6315827040168,71.0599855252398,2176.67982356262,5016,3140,9273,9273,9273,9273,9273,9273,TRUE,TRUE
271,58.0582865602092,87.4255365516707,5075.77685379694,5045,1178,9273,9273,9273,9273,9273,9273,TRUE,TRUE
272,39.9293640708923,33.3348577308655,1331.03967058713,3308,4720,9273,9273,9273,9273,9273,9273,TRUE,TRUE
273,68.6725883881251,163.555817286174,11231.8013189768,5601,326,9273,9273,9273,9273,9273,9273,TRUE,TRUE
274,59.9995607802125,127.483540348482,7648.95642761541,916,644,9273,9273,9273,9273,9273,9273,TRUE,TRUE
275,49.8657912217854,35.5830043834415,1774.37466762857,9126,3746,9273,9273,9273,9273,9273,9273,TRUE,TRUE
276,64.8577902672508,331.679990196228,21512.0312399907,6572,102,9273,9273,9273,9273,9273,9273,TRUE,TRUE
277,22.7014677006265,61.4513773618689,1395.03645833948,4859,4546,9273,9273,9273,9273,9273,9273,TRUE,TRUE
278,84.1897198932927,101.191427258747,8519.27791651645,6576,544,9273,9273,9273,9273,9273,9273,TRUE,TRUE
279,21.6177477774609,41.3437155527426,893.758015002276,4448,6000,9273,9273,9273,9273,9273,9273,TRUE,TRUE
280,74.685604735903,113.112004836633,8447.83848411436,3721,550,9273,9273,9273,9273,9273,9273,TRUE,TRUE
281,24.5446019601822,18.9648545074463,465.484805118036,3,7639,9273,9273,9273,9273,9273,9273,TRUE,TRUE
282,4.82152319805963,43.4775226702766,209.627884148902,4014,8719,9273,9273,9273,9273,9273,9273,TRUE,TRUE
283,50.4472081934113,61.0219344827066,3078.38623321381,6450,2204,9273,9273,9273,9273,9273,9273,TRUE,TRUE
284,26.9586556302676,38.50445807355,1038.02842543491,3519,5534,9273,9273,9273,9273,9273,9273,TRUE,TRUE
285,13.3153410028424,35.8193965409634,476.947479458961,7701,7595,9273,9273,9273,9273,9273,9273,TRUE,TRUE
286,12.6978128433228,48.1011156869971,610.778964548506,8545,7053,9273,9273,9273,9273,9273,9273,TRUE,TRUE
287,20.5036735890075,37.0300256539576,759.251559001319,2512,6481,9273,9273,9273,9273,9273,9273,TRUE,TRUE
288,60.9678827708978,93.4914322247259,5699.97467996042,1188,1005,9273,9273,9273,9273,9273,9273,TRUE,TRUE
289,13.3846913184971,47.8297704830766,640.186713750542,5279,6920,9273,9273,9273,9273,9273,9273,TRUE,TRUE
290,8.25778405144491,39.4734450737294,325.963185185429,207,8265,9273,9273,9273,9273,9273,9273,TRUE,TRUE
291,38.2949042358398,94.5747827148437,3621.7322471903,2382,1841,9273,9273,9273,9273,9273,9273,TRUE,TRUE
292,26.3440801528905,46.8157862638006,1233.31882575416,3640,4974,9273,9273,9273,9273,9273,9273,TRUE,TRUE
293,19.1833422110856,21.3644424040625,409.841409786159,7523,7875,9273,9273,9273,9273,9273,9273,TRUE,TRUE
294,29.2732963687495,55.4229705877471,1622.41304365161,128,4028,9273,9273,9273,9273,9273,9273,TRUE,TRUE
295,27.6293175578117,12.0916789531708,334.084837604264,8539,8228,9273,9273,9273,9273,9273,9273,TRUE,TRUE
296,18.0357315403516,152.382275667347,2748.32581544412,5488,2493,9273,9273,9273,9273,9273,9273,TRUE,TRUE
297,24.101143771309,8.95281835127685,215.773162242537,8276,8688,9273,9273,9273,9273,9273,9273,TRUE,TRUE
298,67.7243126129436,42.9820811117178,2910.93189796487,5808,2342,9273,9273,9273,9273,9273,9273,TRUE,TRUE
299,71.0983378607035,49.7922653007507,3540.14730120256,7508,1896,9273,9273,9273,9273,9273,9273,TRUE,TRUE
300,5.82985713494518,12.1758498237247,70.9834649688622,269,9150,9273,9273,9273,9273,9273,9273,TRUE,TRUE
301,3.3288300037384,7.63684988021851,25.4217750153174,7646,9225,9273,9273,9273,9273,9273,9273,TRUE,TRUE
302,68.2481070441169,66.8190107362764,4560.27099731139,251,1368,9273,9273,9273,9273,9273,9273,TRUE,TRUE
303,66.3314834495811,97.0290148164132,6436.07849042407,2932,824,9273,9273,9273,9273,9273,9273,TRUE,TRUE
304,47.9341498330343,166.533451926508,7982.63943685765,86,601,9273,9273,9273,9273,9273,9273,TRUE,TRUE
305,18.0089935350418,16.8519837379456,303.487266189291,6851,8356,9273,9273,9273,9273,9273,9273,TRUE,TRUE
306,47.8287891541605,97.3000709981485,4653.74458045529,7443,1331,9273,9273,9273,9273,9273,9273,TRUE,TRUE
307,36.5079788268559,43.2674176473466,1579.60596736206,4196,4107,9273,9273,9273,9273,9273,9273,TRUE,TRUE
308,44.0892308800957,74.3911703792187,3279.84948628991,2135,2072,9273,9273,9273,9273,9273,9273,TRUE,TRUE
309,40.1476114627354,47.2687420471732,1897.72709004217,3362,3532,9273,9273,9273,9273,9273,9273,TRUE,TRUE
310,15.5057290103528,14.893516007956,230.934823230717,2772,8629,9273,9273,9273,9273,9273,9273,TRUE,TRUE
311,44.0740207944598,42.8512373878842,1888.62632770194,8509,3557,9273,9273,9273,9273,9273,9273,TRUE,TRUE
312,61.2609992347687,39.5425984341165,2422.41909241318,2450,2840,9273,9273,9273,9273,9273,9273,TRUE,TRUE
313,44.4097820155697,54.6668392708313,2427.7424154978,8192,2830,9273,9273,9273,9273,9273,9273,TRUE,TRUE
314,105.490918195862,84.5564383182329,8919.93631756217,5312,503,9273,9273,9273,9273,9273,9273,TRUE,TRUE
315,20.1088710025865,4.72757543836321,95.0662046450423,1179,9083,9273,9273,9273,9273,9273,9273,TRUE,TRUE
316,31.6511197101836,60.0715885735026,1901.33304112083,4412,3519,9273,9273,9273,9273,9273,9273,TRUE,TRUE
317,33.6383542854514,81.8014659817587,2751.6666937637,3934,2488,9273,9273,9273,9273,9273,9273,TRUE,TRUE
318,67.6757479627927,134.954082598005,9133.1184804525,976,482,9273,9273,9273,9273,9273,9273,TRUE,TRUE
319,69.7125449698904,67.4034657685653,4698.86713851758,7487,1318,9273,9273,9273,9273,9273,9273,TRUE,TRUE
320,44.2287777060893,64.5674912950886,2855.74121953033,6970,2397,9273,9273,9273,9273,9273,9273,TRUE,TRUE
321,19.4931698999963,30.5932689250053,596.359788951406,3832,7106,9273,9273,9273,9273,9273,9273,TRUE,TRUE
322,8.81571976218637,13.8305040795033,121.925848134677,7724,9020,9273,9273,9273,9273,9273,9273,TRUE,TRUE
323,3.45212544335259,108.990516945168,376.248936630566,8290,8032,9273,9273,9273,9273,9273,9273,TRUE,TRUE
324,15.6828877662325,53.3794531344142,837.143972529886,442,6190,9273,9273,9273,9273,9273,9273,TRUE,TRUE
325,15.5822422849415,24.8945342872751,387.912664835103,6975,7983,9273,9273,9273,9273,9273,9273,TRUE,TRUE
326,15.6173627394349,18.1992698071608,284.224598171275,273,8428,9273,9273,9273,9273,9273,9273,TRUE,TRUE
327,22.7941675123826,30.0149856517518,684.166610827788,3371,6754,9273,9273,9273,9273,9273,9273,TRUE,TRUE
328,44.986434954278,22.4366354282866,1009.34424028747,3040,5616,9273,9273,9273,9273,9273,9273,TRUE,TRUE
329,31.655027353875,43.2635997522657,1369.51043358507,3747,4624,9273,9273,9273,9273,9273,9273,TRUE,TRUE
330,18.3751566338539,56.8181730270386,1044.04282902125,6543,5517,9273,9273,9273,9273,9273,9273,TRUE,TRUE
331,14.7023561532433,41.4264943986326,609.067074829035,5221,7059,9273,9273,9273,9273,9273,9273,TRUE,TRUE
332,24.7554169416428,62.6730089664459,1551.49646795168,2889,4168,9273,9273,9273,9273,9273,9273,TRUE,TRUE
333,25.9437662783123,26.2198521000998,680.241714736907,7454,6769,9273,9273,9273,9273,9273,9273,TRUE,TRUE
334,33.0109312385321,104.871420025826,3461.90323535974,721,1941,9273,9273,9273,9273,9273,9273,TRUE,TRUE
335,15.7769123839107,36.9414063480222,582.821331291188,7204,7156,9273,9273,9273,9273,9273,9273,TRUE,TRUE
336,35.7604211585051,86.6115947126531,3097.26710413423,424,2191,9273,9273,9273,9273,9273,9273,TRUE,TRUE
337,24.2241518531635,26.0236699110383,630.401331701596,2743,6961,9273,9273,9273,9273,9273,9273,TRUE,TRUE
338,15.2276402635777,9.451278042286,143.920662058982,8920,8956,9273,9273,9273,9273,9273,9273,TRUE,TRUE
339,20.8791820665201,13.5872297088305,283.690242870303,697,8431,9273,9273,9273,9273,9273,9273,TRUE,TRUE
340,32.3614310567159,36.4053988016274,1178.13080341111,4366,5143,9273,9273,9273,9273,9273,9273,TRUE,TRUE
341,12.5164081835747,27.4417595767975,343.472264138717,2062,8174,9273,9273,9273,9273,9273,9273,TRUE,TRUE
342,56.3698232322218,37.8980489050943,2136.30631762626,5888,3195,9273,9273,9273,9273,9273,9273,TRUE,TRUE
343,38.8177463467382,49.7999727585737,1933.12271061678,8200,3457,9273,9273,9273,9273,9273,9273,TRUE,TRUE
344,24.1895195114613,41.4935546875,1003.70915071317,7007,5622,9273,9273,9273,9273,9273,9273,TRUE,TRUE
345,16.6608197522163,60.1783728694916,1002.62102336027,27,5626,9273,9273,9273,9273,9273,9273,TRUE,TRUE
346,45.3200830723766,87.9524355333441,3986.011684789,5358,1638,9273,9273,9273,9273,9273,9273,TRUE,TRUE
347,31.1756008859758,16.6213833628793,518.181613893925,4800,7433,9273,9273,9273,9273,9273,9273,TRUE,TRUE
348,30.8743858065114,120.636719136517,3724.58460905258,8046,1771,9273,9273,9273,9273,9273,9273,TRUE,TRUE
349,28.5724953079224,32.5075394821167,928.82151932488,8815,5882,9273,9273,9273,9273,9273,9273,TRUE,TRUE
350,28.4274060094904,36.1343985563817,1027.20721867101,3311,5565,9273,9273,9273,9273,9273,9273,TRUE,TRUE
351,18.5892719619359,49.3527802733093,917.432254578212,3901,5922,9273,9273,9273,9273,9273,9273,TRUE,TRUE
352,28.8825251758099,50.9871957757894,1472.63896563818,7971,4362,9273,9273,9273,9273,9273,9273,TRUE,TRUE
353,31.0936735880447,67.2872418263549,2092.20753398851,3862,3245,9273,9273,9273,9273,9273,9273,TRUE,TRUE
354,20.556345209446,43.6456602830481,897.195259672544,2786,5982,9273,9273,9273,9273,9273,9273,TRUE,TRUE
355,36.7504990052303,83.4506318661443,3066.85236338258,5883,2216,9273,9273,9273,9273,9273,9273,TRUE,TRUE
356,51.3195323944092,66.0587497711182,3390.10414881307,4348,2003,9273,9273,9273,9273,9273,9273,TRUE,TRUE
357,62.6775697892406,51.906229072358,3253.35629517903,654,2081,9273,9273,9273,9273,9273,9273,TRUE,TRUE
358,76.5044699989299,28.6348261580896,2190.69219873614,4497,3122,9273,9273,9273,9273,9273,9273,TRUE,TRUE
359,18.2277732057479,39.1728490070232,714.033807523025,1078,6651,9273,9273,9273,9273,9273,9273,TRUE,TRUE
360,35.8626400756836,40.7426015973091,1461.13725683127,5197,4395,9273,9273,9273,9273,9273,9273,TRUE,TRUE
361,5.46183389948832,62.3934521191829,340.782671890655,3793,8191,9273,9273,9273,9273,9273,9273,TRUE,TRUE
362,93.2219486715492,62.2620199445033,5804.18682745346,2991,974,9273,9273,9273,9273,9273,9273,TRUE,TRUE
363,14.9168407105908,9.02775749226206,134.665620485916,7671,8987,9273,9273,9273,9273,9273,9273,TRUE,TRUE
364,47.1592311744032,63.2296269719354,2981.86059544078,7811,2291,9273,9273,9273,9273,9273,9273,TRUE,TRUE
365,34.065064239502,68.986199092865,2350.01930373752,7324,2932,9273,9273,9273,9273,9273,9273,TRUE,TRUE
366,42.2074300381621,49.9153778235722,2106.79981731685,2178,3225,9273,9273,9273,9273,9273,9273,TRUE,TRUE
367,49.3492583112839,60.4312151843666,2982.23564819809,4204,2289,9273,9273,9273,9273,9273,9273,TRUE,TRUE
368,44.2888990133003,60.8512255107387,2695.03378148067,3378,2533,9273,9273,9273,9273,9273,9273,TRUE,TRUE
369,69.2207762887233,118.713775707804,8217.45971065958,8049,573,9273,9273,9273,9273,9273,9273,TRUE,TRUE
370,24.2727496290207,9.86427299976349,239.433028795568,1911,8600,9273,9273,9273,9273,9273,9273,TRUE,TRUE
371,42.4439991903423,30.3530303316163,1288.30399481956,6110,4819,9273,9273,9273,9273,9273,9273,TRUE,TRUE
372,11.0585043632378,11.9658444560854,132.324343127445,2044,8993,9273,9273,9273,9273,9273,9273,TRUE,TRUE
373,11.9137200970399,29.8775076364216,355.952263177498,3686,8127,9273,9273,9273,9273,9273,9273,TRUE,TRUE
374,32.7144078345134,24.7100430192619,808.374424940504,7001,6288,9273,9273,9273,9273,9273,9273,TRUE,TRUE
375,26.2087082443103,37.8257181543699,991.363211239393,6826,5665,9273,9273,9273,9273,9273,9273,TRUE,TRUE
376,20.3613626194,7.89142308235168,160.680126962866,863,8899,9273,9273,9273,9273,9273,9273,TRUE,TRUE
377,28.6470149719154,15.4429305227179,442.393861894549,1759,7726,9273,9273,9273,9273,9273,9273,TRUE,TRUE
378,39.3878348393874,33.9878425251354,1338.70752792714,5090,4699,9273,9273,9273,9273,9273,9273,TRUE,TRUE
379,29.0384827423096,32.3547873401642,939.533933808454,115,5840,9273,9273,9273,9273,9273,9273,TRUE,TRUE
380,21.2840529140972,24.7288574079673,526.330309576339,8917,7401,9273,9273,9273,9273,9273,9273,TRUE,TRUE
381,58.1726333695379,72.376531787894,4210.33344825586,1928,1532,9273,9273,9273,9273,9273,9273,TRUE,TRUE
382,93.3513511106328,81.3846199941495,7597.36423607927,8204,656,9273,9273,9273,9273,9273,9273,TRUE,TRUE
383,32.5310610572309,124.035494942236,4035.00625922972,7384,1616,9273,9273,9273,9273,9273,9273,TRUE,TRUE
384,33.0423476529409,25.7751415022885,851.67118632236,561,6142,9273,9273,9273,9273,9273,9273,TRUE,TRUE
385,60.0775417695966,86.4616234977741,5194.40179715466,103,1146,9273,9273,9273,9273,9273,9273,TRUE,TRUE
386,26.9342532157898,45.9652038430268,1238.03843942348,2250,4958,9273,9273,9273,9273,9273,9273,TRUE,TRUE
387,45.3821160667821,58.5045592994021,2655.0607005614,8511,2575,9273,9273,9273,9273,9273,9273,TRUE,TRUE
388,22.506206042819,30.4075386314602,684.35832969462,1117,6753,9273,9273,9273,9273,9273,9273,TRUE,TRUE
389,32.3315209185491,50.6702638688635,1638.24669622456,5213,3987,9273,9273,9273,9273,9273,9273,TRUE,TRUE
390,67.486834258176,71.8063872423065,4845.98575449994,8078,1259,9273,9273,9273,9273,9273,9273,TRUE,TRUE
391,6.41355280637741,25.3543434524536,162.611420603341,3573,8894,9273,9273,9273,9273,9273,9273,TRUE,TRUE
392,41.9842276877545,58.9824937691925,2476.33444799734,2801,2776,9273,9273,9273,9273,9273,9273,TRUE,TRUE
393,21.8899141435653,31.90296898833,698.353252079369,8637,6713,9273,9273,9273,9273,9273,9273,TRUE,TRUE
394,30.9363830625726,27.2344478830766,842.535312208528,2316,6175,9273,9273,9273,9273,9273,9273,TRUE,TRUE
395,107.545292342366,207.521671444683,22317.9788228948,8133,93,9273,9273,9273,9273,9273,9273,TRUE,TRUE
396,59.2458487613996,73.687106666565,4365.65517723243,7310,1448,9273,9273,9273,9273,9273,9273,TRUE,TRUE
397,30.4085635790314,51.3510015552411,1561.51019563949,8062,4140,9273,9273,9273,9273,9273,9273,TRUE,TRUE
398,31.4132657605697,96.8422935684735,3042.13270472956,7281,2234,9273,9273,9273,9273,9273,9273,TRUE,TRUE
399,62.3608398481314,58.4088603876999,3642.42558834922,2633,1821,9273,9273,9273,9273,9273,9273,TRUE,TRUE
400,66.8695083635825,101.695077931439,6800.29986427156,105,762,9273,9273,9273,9273,9273,9273,TRUE,TRUE
401,25.1521600029231,47.6203678740257,1197.75511216555,1006,5080,9273,9273,9273,9273,9273,9273,TRUE,TRUE
402,43.0418332064152,29.3891441869736,1264.962642175,3924,4885,9273,9273,9273,9273,9273,9273,TRUE,TRUE
403,46.441291809082,40.481507859579,1880.01351937835,1652,3571,9273,9273,9273,9273,9273,9273,TRUE,TRUE
404,75.2545554712749,87.7495919471364,6603.55653476752,1800,799,9273,9273,9273,9273,9273,9273,TRUE,TRUE
405,97.8934938637983,165.010525550161,16153.4568704068,8773,171,9273,9273,9273,9273,9273,9273,TRUE,TRUE
406,18.6636493611336,74.7393926811218,1394.90981846453,126,4548,9273,9273,9273,9273,9273,9273,TRUE,TRUE
407,55.7101406557807,34.7608333784958,1936.53091682816,6732,3452,9273,9273,9273,9273,9273,9273,TRUE,TRUE
408,26.1701486944373,45.2970786188163,1185.43128287804,4275,5115,9273,9273,9273,9273,9273,9273,TRUE,TRUE
409,57.9355548956455,35.3495820398296,2047.99765080667,978,3304,9273,9273,9273,9273,9273,9273,TRUE,TRUE
410,37.8765914409975,49.1401036701122,1861.2596300811,74,3599,9273,9273,9273,9273,9273,9273,TRUE,TRUE
411,39.0381399820866,30.279442339993,1182.05310864817,9141,5127,9273,9273,9273,9273,9273,9273,TRUE,TRUE
412,42.8127607718406,116.096013439276,4970.3908499401,984,1214,9273,9273,9273,9273,9273,9273,TRUE,TRUE
413,55.3439667446835,48.718379676521,2696.26838467224,6421,2532,9273,9273,9273,9273,9273,9273,TRUE,TRUE
414,53.5828300520208,94.5463536279782,5066.06119848622,4249,1181,9273,9273,9273,9273,9273,9273,TRUE,TRUE
415,18.8049896709349,24.0030097478797,451.376350380229,2650,7688,9273,9273,9273,9273,9273,9273,TRUE,TRUE
416,50.2031444913419,80.3332584394395,4032.98218089549,3133,1617,9273,9273,9273,9273,9273,9273,TRUE,TRUE
417,78.8963960215904,179.46391541158,14159.0561418972,7700,225,9273,9273,9273,9273,9273,9273,TRUE,TRUE
418,24.9644208139319,70.4539445933729,1758.8419208304,6834,3772,9273,9273,9273,9273,9273,9273,TRUE,TRUE
419,31.2172780445248,35.0364105296585,1093.74136918647,3348,5387,9273,9273,9273,9273,9273,9273,TRUE,TRUE
420,1.1096099615097,0,0,2859,9261,9273,9273,9273,9273,9273,9273,TRUE,TRUE
421,49.5095154629695,22.4881725781702,1113.37852799284,8297,5328,9273,9273,9273,9273,9273,9273,TRUE,TRUE
422,8.43303993940353,24.1833654403687,203.93928662782,4404,8741,9273,9273,9273,9273,9273,9273,TRUE,TRUE
423,75.194789030114,73.6150675932103,5535.46947710903,2863,1057,9273,9273,9273,9273,9273,9273,TRUE,TRUE
424,84.8607925944151,130.736034503946,11094.3635086556,3876,336,9273,9273,9273,9273,9273,9273,TRUE,TRUE
425,60.2453733893002,101.585086461609,6120.03146466401,8355,911,9273,9273,9273,9273,9273,9273,TRUE,TRUE
426,10.6205667035599,10.0864136508212,107.123428978243,4584,9043,9273,9273,9273,9273,9273,9273,TRUE,TRUE
427,82.9299713084351,206.570662532084,17130.8991169501,5184,158,9273,9273,9273,9273,9273,9273,TRUE,TRUE
428,41.7498783784754,19.38480869844,809.313405549881,7602,6279,9273,9273,9273,9273,9273,9273,TRUE,TRUE
429,91.5484570503235,11.7607424497604,1076.67782504181,4425,5426,9273,9273,9273,9273,9273,9273,TRUE,TRUE
430,85.4501836822902,76.9115490415634,6572.10599289106,6863,805,9273,9273,9273,9273,9273,9273,TRUE,TRUE
431,17.8298088675805,21.4321910817705,382.131870601432,4197,8007,9273,9273,9273,9273,9273,9273,TRUE,TRUE
432,39.3634828567505,25.392524154981,999.538189264216,8107,5634,9273,9273,9273,9273,9273,9273,TRUE,TRUE
433,24.5299744064158,40.4579693078995,992.432951658329,6329,5659,9273,9273,9273,9273,9273,9273,TRUE,TRUE
434,32.7358242327742,47.6379282148053,1559.46684485338,6250,4147,9273,9273,9273,9273,9273,9273,TRUE,TRUE
435,21.8796017132108,30.1483927880015,659.63482649491,610,6855,9273,9273,9273,9273,9273,9273,TRUE,TRUE
436,38.9429180545807,59.1397440605164,2303.07420671756,3108,2978,9273,9273,9273,9273,9273,9273,TRUE,TRUE
437,56.061063669346,145.02939968639,8130.50240974571,8322,578,9273,9273,9273,9273,9273,9273,TRUE,TRUE
438,16.2855415743113,62.6434348472624,1020.18226256276,938,5583,9273,9273,9273,9273,9273,9273,TRUE,TRUE
439,48.6675519180298,104.522966003418,5086.87687459781,4975,1174,9273,9273,9273,9273,9273,9273,TRUE,TRUE
440,27.894856761344,22.7585779351382,634.847271592564,6899,6945,9273,9273,9273,9273,9273,9273,TRUE,TRUE
441,132.938316974914,174.995959528325,23263.6683371057,4012,83,9273,9273,9273,9273,9273,9273,TRUE,TRUE
442,80.489332429168,139.774959441087,11250.3931757271,1452,324,9273,9273,9273,9273,9273,9273,TRUE,TRUE
443,28.2999879353869,56.9384443654423,1611.35728860172,6510,4051,9273,9273,9273,9273,9273,9273,TRUE,TRUE
444,62.9910117440832,49.2807322595523,3104.24318451848,8573,2188,9273,9273,9273,9273,9273,9273,TRUE,TRUE
445,44.5734110471984,48.1332855974222,2145.46472398609,2424,3182,9273,9273,9273,9273,9273,9273,TRUE,TRUE
446,18.7485964575718,28.5869877365814,535.965897010719,3694,7359,9273,9273,9273,9273,9273,9273,TRUE,TRUE
447,61.6255881528408,73.7187180045055,4542.95935490107,8463,1374,9273,9273,9273,9273,9273,9273,TRUE,TRUE
448,15.0409616287069,54.7987346377661,824.22566498833,4095,6228,9273,9273,9273,9273,9273,9273,TRUE,TRUE
449,15.7035170857308,39.0118350236995,612.623017840375,5581,7046,9273,9273,9273,9273,9273,9273,TRUE,TRUE
450,25.7092114381168,36.9446373338285,949.817492719941,993,5797,9273,9273,9273,9273,9273,9273,TRUE,TRUE
451,52.5094989683027,11.824025082811,620.87363288705,3563,7007,9273,9273,9273,9273,9273,9273,TRUE,TRUE
452,35.7734028746684,4.50786816577117,161.261784000025,7544,8898,9273,9273,9273,9273,9273,9273,TRUE,TRUE
453,32.1929963470655,33.2649131235202,1070.89722667094,6707,5443,9273,9273,9273,9273,9273,9273,TRUE,TRUE
454,14.5687886608971,12.1623992390103,177.191424122597,7402,8838,9273,9273,9273,9273,9273,9273,TRUE,TRUE
455,36.5941520983747,48.1765901241065,1762.98146658261,7617,3764,9273,9273,9273,9273,9273,9273,TRUE,TRUE
456,12.7572616377298,80.9206599670298,1032.32603109716,7059,5552,9273,9273,9273,9273,9273,9273,TRUE,TRUE
457,32.673923705235,50.4074362486847,1647.00872616602,7598,3969,9273,9273,9273,9273,9273,9273,TRUE,TRUE
458,46.4727991153032,55.4291661531497,2575.94850376409,8289,2658,9273,9273,9273,9273,9273,9273,TRUE,TRUE
459,12.2390185201168,30.5474001121521,373.870195714048,1791,8041,9273,9273,9273,9273,9273,9273,TRUE,TRUE
460,46.9719780448481,44.2973292357533,2080.73317630721,3903,3263,9273,9273,9273,9273,9273,9273,TRUE,TRUE
461,17.8989638881149,42.5023093401829,760.74730004142,4173,6475,9273,9273,9273,9273,9273,9273,TRUE,TRUE
462,20.5278042197227,35.2567996025085,723.744679654294,5410,6603,9273,9273,9273,9273,9273,9273,TRUE,TRUE
463,25.25010911254,51.0899040421774,1290.02565161418,6473,4814,9273,9273,9273,9273,9273,9273,TRUE,TRUE
464,27.5203123302712,52.2580483726468,1438.15781298566,8956,4441,9273,9273,9273,9273,9273,9273,TRUE,TRUE
465,75.0792656619057,107.848320103179,8097.17267621683,3940,587,9273,9273,9273,9273,9273,9273,TRUE,TRUE
466,144.085255343992,281.433067913951,40550.3554526245,603,25,9273,9273,9273,9273,9273,9273,TRUE,TRUE
467,17.1920677369066,83.4138215567561,1434.05607039799,5124,4453,9273,9273,9273,9273,9273,9273,TRUE,TRUE
468,29.419428124892,26.2671711930132,772.765154957083,2338,6420,9273,9273,9273,9273,9273,9273,TRUE,TRUE
469,45.9756068883452,30.451348493684,1400.01922756562,6,4534,9273,9273,9273,9273,9273,9273,TRUE,TRUE
470,59.0080082963877,47.0790729448489,2778.04232691589,8256,2460,9273,9273,9273,9273,9273,9273,TRUE,TRUE
471,17.2449799072452,53.5448868076976,923.380497134462,4314,5899,9273,9273,9273,9273,9273,9273,TRUE,TRUE
472,11.208182685303,10.4910334770126,117.585419767986,7697,9029,9273,9273,9273,9273,9273,9273,TRUE,TRUE
473,54.4739493257386,131.416138443766,7158.75606616994,1766,715,9273,9273,9273,9273,9273,9273,TRUE,TRUE
474,10.5687703779428,54.3653144836426,574.574525302268,2522,7186,9273,9273,9273,9273,9273,9273,TRUE,TRUE
475,87.7376923664757,172.571658963742,15141.0391253332,9074,197,9273,9273,9273,9273,9273,9273,TRUE,TRUE
476,79.057338393895,203.90844005821,16120.4585470532,8915,172,9273,9273,9273,9273,9273,9273,TRUE,TRUE
477,145.63705663233,338.105717900082,49240.7215855288,3374,16,9273,9273,9273,9273,9273,9273,TRUE,TRUE
478,15.0966628063684,28.5967474056843,431.715452942507,4251,7773,9273,9273,9273,9273,9273,9273,TRUE,TRUE
479,13.7831915528027,33.4539751543928,461.102547755698,6952,7649,9273,9273,9273,9273,9273,9273,TRUE,TRUE
480,37.9057569811421,52.5136267139066,1990.56877241575,7,3372,9273,9273,9273,9273,9273,9273,TRUE,TRUE
481,32.8004707631889,71.6312763783586,2349.53958657826,6296,2934,9273,9273,9273,9273,9273,9273,TRUE,TRUE
482,58.0502482318042,65.3598684762654,3794.15658944528,318,1735,9273,9273,9273,9273,9273,9273,TRUE,TRUE
483,39.2493448269518,37.5140211008772,1472.40075003388,1966,4363,9273,9273,9273,9273,9273,9273,TRUE,TRUE
484,37.4373144066852,9.71209237886512,363.594655934345,6425,8098,9273,9273,9273,9273,9273,9273,TRUE,TRUE
485,41.0410125657132,42.0294854389994,1724.93264003243,8721,3834,9273,9273,9273,9273,9273,9273,TRUE,TRUE
486,52.0382483189756,113.036945447055,5882.24463639234,98,961,9273,9273,9273,9273,9273,9273,TRUE,TRUE
487,25.703357735702,50.2941512175969,1292.72856075938,2708,4808,9273,9273,9273,9273,9273,9273,TRUE,TRUE
488,57.258037205556,320.765714690584,18366.4152260202,944,141,9273,9273,9273,9273,9273,9273,TRUE,TRUE
489,12.5142435201784,44.7532101840508,560.052570552942,8146,7250,9273,9273,9273,9273,9273,9273,TRUE,TRUE
490,45.0084027664277,36.0409858089088,1622.14720538647,8335,4030,9273,9273,9273,9273,9273,9273,TRUE,TRUE
491,24.8552932143211,43.2246537780762,1074.3614437416,3206,5432,9273,9273,9273,9273,9273,9273,TRUE,TRUE
492,28.7140244432047,48.1762302424632,1383.33345276355,4360,4582,9273,9273,9273,9273,9273,9273,TRUE,TRUE
493,121.995367767919,33.9267903105307,4138.91126111826,8617,1561,9273,9273,9273,9273,9273,9273,TRUE,TRUE
494,12.5320836019732,31.353712714096,392.9273489653,1857,7954,9273,9273,9273,9273,9273,9273,TRUE,TRUE
495,18.7273757196242,15.2408583179597,285.421280009991,4020,8419,9273,9273,9273,9273,9273,9273,TRUE,TRUE
496,40.281058550816,37.9346850750493,1528.04927061483,6404,4234,9273,9273,9273,9273,9273,9273,TRUE,TRUE
497,20.794294397662,17.2881574518099,359.495035646068,7003,8117,9273,9273,9273,9273,9273,9273,TRUE,TRUE
498,9.90326740264893,39.3934431648254,390.123801572319,5326,7964,9273,9273,9273,9273,9273,9273,TRUE,TRUE
499,35.4654171497007,18.7967496783422,666.634568400907,2071,6827,9273,9273,9273,9273,9273,9273,TRUE,TRUE
500,37.1212049512302,91.4674837449018,3395.38321046782,4027,1996,9273,9273,9273,9273,9273,9273,TRUE,TRUE
501,74.563596089681,49.9046913484732,3721.07324868776,7347,1774,9273,9273,9273,9273,9273,9273,TRUE,TRUE
502,20.7722687255377,23.749352561103,493.327933456768,3765,7527,9273,9273,9273,9273,9273,9273,TRUE,TRUE
503,26.9226662716885,77.7804523885009,2094.05716211656,314,3240,9273,9273,9273,9273,9273,9273,TRUE,TRUE
504,17.5725231398624,65.6181409463465,1153.07630017443,1258,5219,9273,9273,9273,9273,9273,9273,TRUE,TRUE
505,40.89710262063,90.0965955484481,3684.68971391428,3531,1797,9273,9273,9273,9273,9273,9273,TRUE,TRUE
506,24.9855173399879,106.86289894912,2670.02481469461,2546,2556,9273,9273,9273,9273,9273,9273,TRUE,TRUE
507,30.9106056582659,48.3284660210287,1493.86215524492,5896,4312,9273,9273,9273,9273,9273,9273,TRUE,TRUE
508,46.5364316027574,35.2529404476436,1640.54605193784,3012,3982,9273,9273,9273,9273,9273,9273,TRUE,TRUE
509,56.7305825525401,47.275739159876,2681.9802231417,2496,2546,9273,9273,9273,9273,9273,9273,TRUE,TRUE
510,33.4003108772663,38.5345764641368,1287.06683342596,6928,4824,9273,9273,9273,9273,9273,9273,TRUE,TRUE
511,18.6593681739585,55.6154831001042,1037.74977533741,1356,5536,9273,9273,9273,9273,9273,9273,TRUE,TRUE
512,52.7932257652283,82.3348599225283,4346.72284823848,7399,1458,9273,9273,9273,9273,9273,9273,TRUE,TRUE
513,31.8936848891984,42.5514975381554,1357.12405404543,5912,4653,9273,9273,9273,9273,9273,9273,TRUE,TRUE
514,48.3488884481412,48.7868663685993,2358.79075978978,3795,2921,9273,9273,9273,9273,9273,9273,TRUE,TRUE
515,44.3149948392027,113.717182743035,5039.37636638628,2735,1189,9273,9273,9273,9273,9273,9273,TRUE,TRUE
516,16.3112846374512,42.7663388729096,697.57392625772,4981,6717,9273,9273,9273,9273,9273,9273,TRUE,TRUE
517,6.59108276307583,30.929251511097,203.857256509628,5342,8742,9273,9273,9273,9273,9273,9273,TRUE,TRUE
518,19.996871657269,15.4926874560695,309.805282685202,4982,8334,9273,9273,9273,9273,9273,9273,TRUE,TRUE
519,35.7597496563738,25.1668925989758,899.961778968221,8607,5976,9273,9273,9273,9273,9273,9273,TRUE,TRUE
520,17.4891837349305,83.2808104991913,1456.51339641428,2055,4406,9273,9273,9273,9273,9273,9273,TRUE,TRUE
521,68.1516525399301,35.7618029194494,2437.22596676777,4827,2817,9273,9273,9273,9273,9273,9273,TRUE,TRUE
522,13.2253567506601,34.1938317745656,452.225623890687,530,7686,9273,9273,9273,9273,9273,9273,TRUE,TRUE
523,50.5008424682484,116.388875894846,5877.73628662211,8544,962,9273,9273,9273,9273,9273,9273,TRUE,TRUE
524,7.76728454480569,51.8139349222183,402.453575926914,2080,7912,9273,9273,9273,9273,9273,9273,TRUE,TRUE
525,31.5666215473819,68.4751615404182,2161.52950974222,124,3156,9273,9273,9273,9273,9273,9273,TRUE,TRUE
526,30.8552943383074,58.7268598061592,1812.03454488355,4720,3684,9273,9273,9273,9273,9273,9273,TRUE,TRUE
527,35.9721535861008,53.509689172109,1924.85875724362,7146,3475,9273,9273,9273,9273,9273,9273,TRUE,TRUE
528,14.0312150678327,50.5839124264256,709.753754227592,5692,6671,9273,9273,9273,9273,9273,9273,TRUE,TRUE
529,40.2692040147133,36.3677153911405,1464.49895063487,6322,4388,9273,9273,9273,9273,9273,9273,TRUE,TRUE
530,58.5759289879044,148.662767214133,8708.05969548039,1585,522,9273,9273,9273,9273,9273,9273,TRUE,TRUE
531,32.5116175448895,61.8203521203995,2009.87964462882,4304,3349,9273,9273,9273,9273,9273,9273,TRUE,TRUE
532,40.3099442901611,49.2424267845154,1984.95948039615,7868,3384,9273,9273,9273,9273,9273,9273,TRUE,TRUE
533,19.5129159020215,68.9075278072822,1344.5867951197,1985,4682,9273,9273,9273,9273,9273,9273,TRUE,TRUE
534,43.6091993071238,73.6260406824748,3210.77268231645,3174,2109,9273,9273,9273,9273,9273,9273,TRUE,TRUE
535,13.107689472667,42.3525260540477,555.143759899494,917,7276,9273,9273,9273,9273,9273,9273,TRUE,TRUE
536,46.8447844420428,36.3783436895041,1704.13566849337,5927,3881,9273,9273,9273,9273,9273,9273,TRUE,TRUE
537,32.3912125141063,9.04506965393716,292.980773365572,6697,8394,9273,9273,9273,9273,9273,9273,TRUE,TRUE
538,43.561038952396,136.14650497519,5930.68320645681,836,949,9273,9273,9273,9273,9273,9273,TRUE,TRUE
539,68.1815683871433,115.638248426956,7884.39714329196,7764,613,9273,9273,9273,9273,9273,9273,TRUE,TRUE
540,53.3718792347319,58.5796336006833,3126.50513015051,3827,2176,9273,9273,9273,9273,9273,9273,TRUE,TRUE
541,34.0974271065659,21.3549081418249,728.147423733287,2134,6584,9273,9273,9273,9273,9273,9273,TRUE,TRUE
542,36.392852256014,57.7128983060376,2100.33698131799,3184,3233,9273,9273,9273,9273,9273,9273,TRUE,TRUE
543,31.7911841093604,40.9198365624271,1300.89005788106,4755,4786,9273,9273,9273,9273,9273,9273,TRUE,TRUE
544,26.7561991694826,44.0241993476902,1177.9202460238,278,5146,9273,9273,9273,9273,9273,9273,TRUE,TRUE
545,38.0870348756964,104.370313636152,3975.1557754475,1754,1641,9273,9273,9273,9273,9273,9273,TRUE,TRUE
546,18.0591386935508,57.9670417234879,1046.83484613931,7770,5512,9273,9273,9273,9273,9273,9273,TRUE,TRUE
547,29.8727133447232,45.9348845082288,1372.19963743728,4491,4619,9273,9273,9273,9273,9273,9273,TRUE,TRUE
548,13.0117576887023,90.8256869271117,1181.80183020551,8508,5128,9273,9273,9273,9273,9273,9273,TRUE,TRUE
549,74.5118594222403,91.491948933619,6817.23523720861,8823,760,9273,9273,9273,9273,9273,9273,TRUE,TRUE
550,24.726341440871,97.7654878255483,2417.38283310782,280,2848,9273,9273,9273,9273,9273,9273,TRUE,TRUE
551,28.4069632953517,41.5607667663241,1180.61517605764,8733,5131,9273,9273,9273,9273,9273,9273,TRUE,TRUE
552,39.6731520246287,77.8498997610123,3088.55090832075,3372,2198,9273,9273,9273,9273,9273,9273,TRUE,TRUE
553,13.9256167292595,18.5830168247223,258.779969974463,4797,8522,9273,9273,9273,9273,9273,9273,TRUE,TRUE
554,51.9896693082338,35.6243376303255,1852.09753272549,3305,3609,9273,9273,9273,9273,9273,9273,TRUE,TRUE
555,126.411520644079,361.775439751299,45732.5834706422,1883,19,9273,9273,9273,9273,9273,9273,TRUE,TRUE
556,46.2577518779739,90.3436202616827,4179.09276982281,1213,1545,9273,9273,9273,9273,9273,9273,TRUE,TRUE
557,45.1267173786619,61.0165901883877,2753.47842084101,5165,2487,9273,9273,9273,9273,9273,9273,TRUE,TRUE
558,18.0602466072355,34.256732513791,618.685037157169,7065,7024,9273,9273,9273,9273,9273,9273,TRUE,TRUE
559,55.6525693243742,62.2021490859985,3461.70941413359,6399,1942,9273,9273,9273,9273,9273,9273,TRUE,TRUE
560,58.8093919083476,57.0177821815014,3353.18109805671,5736,2027,9273,9273,9273,9273,9273,9273,TRUE,TRUE
561,81.7315087264028,128.800438636156,10527.0541743555,4120,384,9273,9273,9273,9273,9273,9273,TRUE,TRUE
562,31.5869341260643,36.2846277606103,1146.12014686316,9,5239,9273,9273,9273,9273,9273,9273,TRUE,TRUE
563,19.365083487744,20.0670443874724,388.599989915669,7612,7977,9273,9273,9273,9273,9273,9273,TRUE,TRUE
564,11.2015190601349,16.4065000152588,183.777722631025,5788,8813,9273,9273,9273,9273,9273,9273,TRUE,TRUE
565,103.234966797367,193.989026879313,20026.4507489394,6288,114,9273,9273,9273,9273,9273,9273,TRUE,TRUE
566,88.4175694743792,166.737948600451,14742.5641543959,4979,209,9273,9273,9273,9273,9273,9273,TRUE,TRUE
567,44.5508943498135,46.5847997665405,2075.39449270636,7659,3268,9273,9273,9273,9273,9273,9273,TRUE,TRUE
568,36.4438976496866,50.6542788662323,1846.03935451965,6924,3618,9273,9273,9273,9273,9273,9273,TRUE,TRUE
569,20.4804554285575,66.1303382827625,1354.37944567555,2036,4661,9273,9273,9273,9273,9273,9273,TRUE,TRUE
570,16.6591656782606,33.9415679966007,565.438204635318,2923,7223,9273,9273,9273,9273,9273,9273,TRUE,TRUE
571,27.9344617128372,55.1126322031021,1539.54171417124,7719,4197,9273,9273,9273,9273,9273,9273,TRUE,TRUE
572,42.7783044477853,20.1961567915606,863.957343904584,5641,6105,9273,9273,9273,9273,9273,9273,TRUE,TRUE
573,26.5702248649375,42.3146921818358,1124.31088636199,369,5296,9273,9273,9273,9273,9273,9273,TRUE,TRUE
574,16.8595901129447,33.9602238581731,572.555454392642,872,7193,9273,9273,9273,9273,9273,9273,TRUE,TRUE
575,27.328652710043,115.031744659588,3143.66260043222,5866,2164,9273,9273,9273,9273,9273,9273,TRUE,TRUE
576,76.4563451912425,22.3383915839939,1707.91177796298,4329,3873,9273,9273,9273,9273,9273,9273,TRUE,TRUE
577,27.2809431918832,70.9931104992711,1936.7590145457,176,3451,9273,9273,9273,9273,9273,9273,TRUE,TRUE
578,49.088538365185,88.4631605215476,4342.52724916751,437,1463,9273,9273,9273,9273,9273,9273,TRUE,TRUE
579,16.1005745530129,55.3221630977862,890.718611389843,7172,6013,9273,9273,9273,9273,9273,9273,TRUE,TRUE
580,34.2422888913601,109.434008812733,3747.27094430524,91,1759,9273,9273,9273,9273,9273,9273,TRUE,TRUE
581,54.2579361688997,110.07304108423,5972.33603706482,7896,939,9273,9273,9273,9273,9273,9273,TRUE,TRUE
582,50.9371315495614,99.1918082789535,5052.54618694393,4523,1182,9273,9273,9273,9273,9273,9273,TRUE,TRUE
583,25.2913590874642,74.6822500821132,1888.81560428652,745,3556,9273,9273,9273,9273,9273,9273,TRUE,TRUE
584,17.3845803214601,45.9513824557038,798.845499183317,717,6315,9273,9273,9273,9273,9273,9273,TRUE,TRUE
585,26.9052185176574,41.8320866909224,1125.50143346885,6711,5292,9273,9273,9273,9273,9273,9273,TRUE,TRUE
586,18.6414756298065,33.4112222671509,622.834485655142,6631,6998,9273,9273,9273,9273,9273,9273,TRUE,TRUE
587,65.2459307961798,95.4840933352819,6229.94854588978,465,882,9273,9273,9273,9273,9273,9273,TRUE,TRUE
588,46.2842517151977,44.4711291248148,2058.31293447199,5705,3290,9273,9273,9273,9273,9273,9273,TRUE,TRUE
589,31.3475846563067,53.1434631531763,1665.91921012351,4315,3948,9273,9273,9273,9273,9273,9273,TRUE,TRUE
590,26.6508142345792,62.1538848516259,1656.45163913811,3177,3958,9273,9273,9273,9273,9273,9273,TRUE,TRUE
591,36.4631735438554,29.4512562429353,1073.88626747071,2253,5436,9273,9273,9273,9273,9273,9273,TRUE,TRUE
592,27.804306603395,54.7307879741375,1521.75160947833,2899,4249,9273,9273,9273,9273,9273,9273,TRUE,TRUE
593,28.312825938338,202.946024624724,5745.97547007748,7657,995,9273,9273,9273,9273,9273,9273,TRUE,TRUE
594,50.9283183150821,15.6762164107755,798.363339344087,3865,6318,9273,9273,9273,9273,9273,9273,TRUE,TRUE
595,45.2186773681873,59.5463826882578,2692.60866722294,1747,2538,9273,9273,9273,9273,9273,9273,TRUE,TRUE
596,55.1476865172386,40.6025922775269,2239.1390307083,1376,3063,9273,9273,9273,9273,9273,9273,TRUE,TRUE
597,8.77601203678898,34.5546280527799,303.251831717963,8050,8357,9273,9273,9273,9273,9273,9273,TRUE,TRUE
598,74.7469094652879,72.9386422960382,5451.93809222298,884,1079,9273,9273,9273,9273,9273,9273,TRUE,TRUE
599,24.6504725555714,97.662759555981,2407.43317413608,5988,2864,9273,9273,9273,9273,9273,9273,TRUE,TRUE
600,31.6169796541333,77.2037870287895,2440.95056371128,5207,2812,9273,9273,9273,9273,9273,9273,TRUE,TRUE
601,39.9850201457739,62.2980124205351,2490.98728167677,304,2758,9273,9273,9273,9273,9273,9273,TRUE,TRUE
602,6.66876349508762,18.4175417661667,122.822230199464,5794,9018,9273,9273,9273,9273,9273,9273,TRUE,TRUE
603,63.5331525094169,147.733082269941,9385.94844654239,6463,466,9273,9273,9273,9273,9273,9273,TRUE,TRUE
604,30.5963185227436,135.463683910646,4144.69002119439,8537,1558,9273,9273,9273,9273,9273,9273,TRUE,TRUE
605,63.4461715819988,32.3239262215635,2050.82936925719,9252,3301,9273,9273,9273,9273,9273,9273,TRUE,TRUE
606,49.3777102590339,81.0302681410971,4001.08910248291,1487,1626,9273,9273,9273,9273,9273,9273,TRUE,TRUE
607,9.29177818402,36.4133945465088,338.345185053363,5625,8209,9273,9273,9273,9273,9273,9273,TRUE,TRUE
608,46.2283260804636,54.5453399728846,2521.53976243625,8591,2721,9273,9273,9273,9273,9273,9273,TRUE,TRUE
609,82.5678406935185,49.0163863350948,4047.17717828806,2430,1608,9273,9273,9273,9273,9273,9273,TRUE,TRUE
610,102.730702276657,94.3803872073732,9695.76345895629,3451,435,9273,9273,9273,9273,9273,9273,TRUE,TRUE
611,41.1256597762884,38.0658589645082,1565.48356486654,69,4135,9273,9273,9273,9273,9273,9273,TRUE,TRUE
612,13.3755171307063,31.8245275788388,425.669513807393,2750,7799,9273,9273,9273,9273,9273,9273,TRUE,TRUE
613,62.0779393656185,108.91253557449,6761.06577954893,539,772,9273,9273,9273,9273,9273,9273,TRUE,TRUE
614,26.2869058155546,24.9470488080791,655.78072239402,5551,6866,9273,9273,9273,9273,9273,9273,TRUE,TRUE
615,33.9185954589844,12.2189632110596,414.450070084142,6702,7849,9273,9273,9273,9273,9273,9273,TRUE,TRUE
616,18.2475541806221,14.8664190220833,271.275786577296,5900,8472,9273,9273,9273,9273,9273,9273,TRUE,TRUE
617,56.5821469901265,60.8181614046512,3441.22214826721,3393,1954,9273,9273,9273,9273,9273,9273,TRUE,TRUE
618,31.0551270797473,415.630469298162,12907.4570422694,5773,268,9273,9273,9273,9273,9273,9273,TRUE,TRUE
619,32.8790945789207,22.8234519342053,750.414434762185,8220,6511,9273,9273,9273,9273,9273,9273,TRUE,TRUE
620,22.6360682444139,48.5518440073187,1099.0228543418,2864,5375,9273,9273,9273,9273,9273,9273,TRUE,TRUE
621,21.6267610501785,23.6203904564564,510.832540313698,2317,7461,9273,9273,9273,9273,9273,9273,TRUE,TRUE
622,54.6567477774947,25.7630350426452,1408.12370830861,7390,4515,9273,9273,9273,9273,9273,9273,TRUE,TRUE
623,55.4250877571106,27.059910774231,1499.79792936133,3434,4298,9273,9273,9273,9273,9273,9273,TRUE,TRUE
624,28.2347214740793,108.722932860024,3069.76172714779,1162,2214,9273,9273,9273,9273,9273,9273,TRUE,TRUE
625,104.40609568107,15.1667457788932,1583.50071096159,8851,4101,9273,9273,9273,9273,9273,9273,TRUE,TRUE
626,34.5501209912981,35.8422781154088,1238.35504549113,5043,4957,9273,9273,9273,9273,9273,9273,TRUE,TRUE
627,14.3028890967369,16.2155893564224,231.929776203137,6499,8624,9273,9273,9273,9273,9273,9273,TRUE,TRUE
628,62.1382475704505,47.8226954452595,2971.61848906379,2355,2299,9273,9273,9273,9273,9273,9273,TRUE,TRUE
629,21.7395268656725,30.4693106200797,662.388396803743,3039,6839,9273,9273,9273,9273,9273,9273,TRUE,TRUE
630,122.153608710239,111.463921348155,13615.7202336715,6267,242,9273,9273,9273,9273,9273,9273,TRUE,TRUE
631,30.1367171519511,24.1239520689193,727.016720088249,6469,6590,9273,9273,9273,9273,9273,9273,TRUE,TRUE
632,19.9729965032587,12.3468613094754,246.603817760371,9180,8562,9273,9273,9273,9273,9273,9273,TRUE,TRUE
633,7.53980438530445,8.50236276865006,64.106152088517,4628,9173,9273,9273,9273,9273,9273,9273,TRUE,TRUE
634,59.7803073644638,70.5135865330696,4215.32387631762,1063,1528,9273,9273,9273,9273,9273,9273,TRUE,TRUE
635,43.8527435262998,6.04584261775017,265.126785716571,7419,8494,9273,9273,9273,9273,9273,9273,TRUE,TRUE
636,26.2409492399634,50.3659796179795,1321.65111457643,4337,4743,9273,9273,9273,9273,9273,9273,TRUE,TRUE
637,40.9748957940298,60.8936868536745,2495.11247334359,7135,2754,9273,9273,9273,9273,9273,9273,TRUE,TRUE
638,27.9758154375241,67.2287574375842,1880.77931016793,2219,3569,9273,9273,9273,9273,9273,9273,TRUE,TRUE
639,28.0488062323594,43.3624082425746,1216.26378656444,3117,5026,9273,9273,9273,9273,9273,9273,TRUE,TRUE
640,57.1786021897287,26.5361356301741,1517.29914285041,2249,4260,9273,9273,9273,9273,9273,9273,TRUE,TRUE
641,53.0971071551876,110.263311243303,5854.66285237149,1680,964,9273,9273,9273,9273,9273,9273,TRUE,TRUE
642,29.2637106703453,84.3750667068431,2469.12753990014,5677,2786,9273,9273,9273,9273,9273,9273,TRUE,TRUE
643,29.7055190271801,44.2541318384806,1314.59195535932,8116,4756,9273,9273,9273,9273,9273,9273,TRUE,TRUE
644,17.6947964584313,53.5087100691178,946.82573342625,274,5807,9273,9273,9273,9273,9273,9273,TRUE,TRUE
645,50.0638599781975,84.5922188803414,4235.01300127045,707,1519,9273,9273,9273,9273,9273,9273,TRUE,TRUE
646,37.3606069946289,55.4689560174942,2072.35386617196,2345,3270,9273,9273,9273,9273,9273,9273,TRUE,TRUE
647,47.10423481315,104.836028904544,4938.22092239784,6595,1224,9273,9273,9273,9273,9273,9273,TRUE,TRUE
648,90.7162054252625,48.315838470459,4383.02952797996,7956,1438,9273,9273,9273,9273,9273,9273,TRUE,TRUE
649,11.5935246122294,6.10069827375741,70.7285955885922,1195,9151,9273,9273,9273,9273,9273,9273,TRUE,TRUE
650,81.5709172845923,42.5937222107597,3474.40899129678,1187,1933,9273,9273,9273,9273,9273,9273,TRUE,TRUE
651,25.1090413863626,45.3359780845567,1138.34295001636,6759,5260,9273,9273,9273,9273,9273,9273,TRUE,TRUE
652,19.1949459395086,70.181967777085,1347.13907740948,6710,4678,9273,9273,9273,9273,9273,9273,TRUE,TRUE
653,19.9115653359766,18.0923806094793,360.247618589004,7323,8110,9273,9273,9273,9273,9273,9273,TRUE,TRUE
654,72.7721793234228,149.674051181172,10892.1068926194,5454,357,9273,9273,9273,9273,9273,9273,TRUE,TRUE
655,40.2904327801028,39.3295292058019,1584.60375273945,1856,4098,9273,9273,9273,9273,9273,9273,TRUE,TRUE
656,56.9640492563662,61.2331811241482,3488.08994567997,382,1927,9273,9273,9273,9273,9273,9273,TRUE,TRUE
657,22.5423393480986,32.5740240476664,734.29470401562,4070,6559,9273,9273,9273,9273,9273,9273,TRUE,TRUE
658,60.519195268739,61.222947438558,3705.16351096183,6874,1787,9273,9273,9273,9273,9273,9273,TRUE,TRUE
659,68.5299128963523,43.7724178915154,2999.71998536829,1018,2267,9273,9273,9273,9273,9273,9273,TRUE,TRUE
660,28.5155478153687,59.4051286955588,1693.96978779634,7733,3897,9273,9273,9273,9273,9273,9273,TRUE,TRUE
661,38.4286843055903,67.7725673231968,2604.41059424249,5697,2632,9273,9273,9273,9273,9273,9273,TRUE,TRUE
662,17.3857666643421,19.6357871539629,341.383213729484,5359,8189,9273,9273,9273,9273,9273,9273,TRUE,TRUE
663,18.8223337369593,85.8030886727915,1615.01437066119,1108,4044,9273,9273,9273,9273,9273,9273,TRUE,TRUE
664,22.8798754383141,69.9148440293863,1599.64292268152,3881,4072,9273,9273,9273,9273,9273,9273,TRUE,TRUE
665,55.5387526853585,89.1751898512428,4952.67881481807,3140,1219,9273,9273,9273,9273,9273,9273,TRUE,TRUE
666,31.7003663635254,53.209070731269,1686.74703604396,2815,3911,9273,9273,9273,9273,9273,9273,TRUE,TRUE
667,21.8329520346141,50.0022564609779,1091.696866935,6987,5390,9273,9273,9273,9273,9273,9273,TRUE,TRUE
668,5.71876010986475,33.6804765233627,192.610565623043,1201,8777,9273,9273,9273,9273,9273,9273,TRUE,TRUE
669,35.0929123125578,64.6318923649035,2268.12133135623,7075,3021,9273,9273,9273,9273,9273,9273,TRUE,TRUE
670,68.5082089616438,21.0458667621691,1441.8146379216,5490,4429,9273,9273,9273,9273,9273,9273,TRUE,TRUE
671,26.9197904056227,32.9854839956257,887.962315590264,2485,6020,9273,9273,9273,9273,9273,9273,TRUE,TRUE
672,19.151057325343,15.8798132472568,304.115213813956,1326,8351,9273,9273,9273,9273,9273,9273,TRUE,TRUE
673,30.2236929280417,47.8818472510293,1447.16624814251,6501,4420,9273,9273,9273,9273,9273,9273,TRUE,TRUE
674,23.1266419984068,101.154777773961,2339.37033200681,2952,2945,9273,9273,9273,9273,9273,9273,TRUE,TRUE
675,31.5812495923959,23.9141249106481,755.237947586909,4473,6498,9273,9273,9273,9273,9273,9273,TRUE,TRUE
676,15.3333868346019,61.4520598405983,942.268205318999,9260,5818,9273,9273,9273,9273,9273,9273,TRUE,TRUE
677,28.0068601235613,29.3051767377882,820.745985791477,5317,6240,9273,9273,9273,9273,9273,9273,TRUE,TRUE
678,21.6892798088765,37.4414933545056,812.079025828063,3745,6267,9273,9273,9273,9273,9273,9273,TRUE,TRUE
679,26.5396327483348,18.9550564692571,503.060237418031,7236,7492,9273,9273,9273,9273,9273,9273,TRUE,TRUE
680,18.2945066878033,31.7620735289482,581.071466593843,2887,7161,9273,9273,9273,9273,9273,9273,TRUE,TRUE
681,27.6198907854422,46.9338116105997,1296.30675082928,6172,4799,9273,9273,9273,9273,9273,9273,TRUE,TRUE
682,27.4912418956471,72.3818670781771,1989.86741670474,3739,3375,9273,9273,9273,9273,9273,9273,TRUE,TRUE
683,28.0643222954421,73.5976663310971,2065.46862810832,8285,3283,9273,9273,9273,9273,9273,9273,TRUE,TRUE
684,24.4739101012022,26.3243795546475,644.260498690366,7379,6904,9273,9273,9273,9273,9273,9273,TRUE,TRUE
685,48.0580846232883,73.743792240229,3543.98540792312,9117,1893,9273,9273,9273,9273,9273,9273,TRUE,TRUE
686,15.1073706467562,22.4051310513845,338.482619182411,5155,8207,9273,9273,9273,9273,9273,9273,TRUE,TRUE
687,20.1019330041509,41.4828032590974,833.884531938749,7682,6199,9273,9273,9273,9273,9273,9273,TRUE,TRUE
688,26.9248562243899,75.943055797379,2044.75585858525,4489,3310,9273,9273,9273,9273,9273,9273,TRUE,TRUE
689,47.8103501442223,37.7686466322696,1805.73221996221,4411,3697,9273,9273,9273,9273,9273,9273,TRUE,TRUE
690,43.1848736011844,42.2238288312345,1823.43071103491,6240,3664,9273,9273,9273,9273,9273,9273,TRUE,TRUE
691,39.7403398217826,99.1364144456798,3939.71479878439,7552,1665,9273,9273,9273,9273,9273,9273,TRUE,TRUE
692,37.9903230398893,83.3795491456985,3167.61600696542,3248,2138,9273,9273,9273,9273,9273,9273,TRUE,TRUE
693,107.173177863812,42.0465734613353,4506.26489613551,3367,1393,9273,9273,9273,9273,9273,9273,TRUE,TRUE
694,58.0660925929986,64.1347330519297,3724.0533478206,5501,1772,9273,9273,9273,9273,9273,9273,TRUE,TRUE
695,17.0310049100753,14.2110929467263,242.029193753232,7225,8592,9273,9273,9273,9273,9273,9273,TRUE,TRUE
696,97.9231973648071,24.0560863733292,2355.64889376036,7448,2926,9273,9273,9273,9273,9273,9273,TRUE,TRUE
697,89.3042511358882,123.800242776664,11055.8879716111,6902,339,9273,9273,9273,9273,9273,9273,TRUE,TRUE
698,25.2968921950369,16.2250951901831,410.444483880273,5779,7870,9273,9273,9273,9273,9273,9273,TRUE,TRUE
699,40.9723911046982,39.6479802131653,1624.47255180514,5153,4025,9273,9273,9273,9273,9273,9273,TRUE,TRUE
700,26.9226688463602,45.6095525723085,1227.93088013492,5884,4989,9273,9273,9273,9273,9273,9273,TRUE,TRUE
701,22.1110230131847,35.8869948503448,793.498169010015,7533,6332,9273,9273,9273,9273,9273,9273,TRUE,TRUE
702,37.5977810739085,101.972737312317,3833.94865297567,3756,1717,9273,9273,9273,9273,9273,9273,TRUE,TRUE
703,66.6335622934195,46.4215789990547,3093.23517599241,5764,2194,9273,9273,9273,9273,9273,9273,TRUE,TRUE
704,69.1212548215511,73.007424805528,5046.36481384813,7522,1185,9273,9273,9273,9273,9273,9273,TRUE,TRUE
705,23.5512415575325,46.3232270752618,1090.96951057392,4088,5392,9273,9273,9273,9273,9273,9273,TRUE,TRUE
706,37.1292911007394,42.0199610636785,1560.17136637505,2329,4146,9273,9273,9273,9273,9273,9273,TRUE,TRUE
707,61.1654432734398,124.874684216225,7638.01541371622,6931,645,9273,9273,9273,9273,9273,9273,TRUE,TRUE
708,54.1407593678921,57.9127688002079,3135.44127994042,3346,2170,9273,9273,9273,9273,9273,9273,TRUE,TRUE
709,13.5872017875356,27.1459949797715,368.838111513584,3127,8067,9273,9273,9273,9273,9273,9273,TRUE,TRUE
710,45.4905464444842,87.4075445175171,3976.21696347243,1763,1640,9273,9273,9273,9273,9273,9273,TRUE,TRUE
711,27.8987934631961,22.3910460009867,624.68316780645,7989,6982,9273,9273,9273,9273,9273,9273,TRUE,TRUE
712,43.6992405665548,122.520056694432,5354.03343171793,8181,1103,9273,9273,9273,9273,9273,9273,TRUE,TRUE
713,37.3294612100704,67.0078024191848,2501.36516117902,206,2741,9273,9273,9273,9273,9273,9273,TRUE,TRUE
714,36.0602582634175,36.296829491967,1308.87304562356,2021,4768,9273,9273,9273,9273,9273,9273,TRUE,TRUE
715,17.2666149430159,7.8231243273107,135.078875411014,473,8985,9273,9273,9273,9273,9273,9273,TRUE,TRUE
716,42.3707173444607,21.6141801321948,915.808317013483,6740,5926,9273,9273,9273,9273,9273,9273,TRUE,TRUE
717,81.8118485257772,99.0849706965807,8106.32461380974,5898,584,9273,9273,9273,9273,9273,9273,TRUE,TRUE
718,22.0035865569115,72.4992371892929,1595.24324080466,3307,4080,9273,9273,9273,9273,9273,9273,TRUE,TRUE
719,8.5110847556984,19.6935723727439,167.613663606904,7828,8873,9273,9273,9273,9273,9273,9273,TRUE,TRUE
720,26.1646274518967,62.3420367765427,1631.15616685068,4689,4008,9273,9273,9273,9273,9273,9273,TRUE,TRUE
721,89.1625948447908,124.753459598856,11123.3421736987,3061,334,9273,9273,9273,9273,9273,9273,TRUE,TRUE
722,23.4114821211623,22.1156854214876,517.760973842405,9122,7434,9273,9273,9273,9273,9273,9273,TRUE,TRUE
723,24.6222759151459,33.1184549331665,815.45173524775,7748,6257,9273,9273,9273,9273,9273,9273,TRUE,TRUE
724,8.03807589979399,19.9406628296489,160.284561316918,2733,8900,9273,9273,9273,9273,9273,9273,TRUE,TRUE
725,73.7873285171669,72.5624478287682,5354.1891759511,6999,1102,9273,9273,9273,9273,9273,9273,TRUE,TRUE
726,41.0419103677381,26.4304199532717,1084.75492670385,8695,5411,9273,9273,9273,9273,9273,9273,TRUE,TRUE
727,27.6061836585538,136.478865465009,3767.66062553808,5544,1748,9273,9273,9273,9273,9273,9273,TRUE,TRUE
728,21.7042792495765,32.9188939290249,714.480866422744,8519,6649,9273,9273,9273,9273,9273,9273,TRUE,TRUE
729,34.3150839627563,38.3247635581277,1315.11747934993,4244,4754,9273,9273,9273,9273,9273,9273,TRUE,TRUE
730,43.2777949929872,98.290548497058,4253.79820760394,3397,1508,9273,9273,9273,9273,9273,9273,TRUE,TRUE
731,26.7315432168236,39.6358880366176,1059.52845398802,8077,5477,9273,9273,9273,9273,9273,9273,TRUE,TRUE
732,34.3422088633934,19.0049473662355,652.671871889056,3646,6875,9273,9273,9273,9273,9273,9273,TRUE,TRUE
733,58.1913222987023,12.2305732907224,711.713232258326,1868,6660,9273,9273,9273,9273,9273,9273,TRUE,TRUE
734,43.3041519740842,26.2823056239002,1138.1329569667,8421,5261,9273,9273,9273,9273,9273,9273,TRUE,TRUE
735,55.5098689942373,28.9958472327381,1609.55568126621,1601,4057,9273,9273,9273,9273,9273,9273,TRUE,TRUE
736,20.0866943421911,37.0575092855047,744.362862100842,854,6528,9273,9273,9273,9273,9273,9273,TRUE,TRUE
737,43.332432941582,110.007644184733,4766.89886469635,8066,1289,9273,9273,9273,9273,9273,9273,TRUE,TRUE
738,38.0091555041652,19.9452349823436,758.101538011011,8810,6486,9273,9273,9273,9273,9273,9273,TRUE,TRUE
739,33.8647034201942,45.5422736090401,1542.27558885148,1792,4193,9273,9273,9273,9273,9273,9273,TRUE,TRUE
740,58.2606756641315,105.363379745693,6138.54169424054,8301,904,9273,9273,9273,9273,9273,9273,TRUE,TRUE
741,20.534412480536,58.8143810516312,1207.71876030161,1620,5059,9273,9273,9273,9273,9273,9273,TRUE,TRUE
742,52.8292452188639,35.8344662097784,1893.10780268348,5239,3545,9273,9273,9273,9273,9273,9273,TRUE,TRUE
743,37.753205089342,14.8191253514517,559.469478638024,165,7253,9273,9273,9273,9273,9273,9273,TRUE,TRUE
744,40.2297368531118,51.4181730164767,2068.53956992063,5660,3279,9273,9273,9273,9273,9273,9273,TRUE,TRUE
745,91.4777911112438,88.6954558954539,8113.66438692088,6424,583,9273,9273,9273,9273,9273,9273,TRUE,TRUE
746,34.1374209528384,63.6072103749151,2171.38611620423,3789,3147,9273,9273,9273,9273,9273,9273,TRUE,TRUE
747,0,0,0,1156,9262,9273,9273,9273,9273,9273,9273,TRUE,TRUE
748,52.8438577961394,93.85492284533,4959.65619630626,4987,1216,9273,9273,9273,9273,9273,9273,TRUE,TRUE
749,32.78487406204,83.2986777775323,2730.93666047084,7601,2512,9273,9273,9273,9273,9273,9273,TRUE,TRUE
750,15.6192654252962,23.3186210748804,364.219731920463,8334,8095,9273,9273,9273,9273,9273,9273,TRUE,TRUE
751,13.5243917997333,32.5888181354689,440.743944754334,8767,7734,9273,9273,9273,9273,9273,9273,TRUE,TRUE
752,29.3737274469331,38.0540104311566,1117.78813066754,8605,5314,9273,9273,9273,9273,9273,9273,TRUE,TRUE
753,48.6234658572985,104.252271359209,5069.1067569803,1921,1180,9273,9273,9273,9273,9273,9273,TRUE,TRUE
754,84.7454106869905,58.3278667367023,4943.01902109789,2521,1222,9273,9273,9273,9273,9273,9273,TRUE,TRUE
755,19.2517536211014,58.5746718168259,1127.6651502544,7360,5284,9273,9273,9273,9273,9273,9273,TRUE,TRUE
756,33.8630182960523,43.5988720698155,1476.3894025874,6209,4351,9273,9273,9273,9273,9273,9273,TRUE,TRUE
757,31.7294714555508,37.1287679672241,1178.07618339581,5810,5144,9273,9273,9273,9273,9273,9273,TRUE,TRUE
758,56.8407227828206,80.0520312841038,4550.21531842142,1443,1371,9273,9273,9273,9273,9273,9273,TRUE,TRUE
759,7.26795170068741,37.4714750289917,272.340870664226,9011,8467,9273,9273,9273,9273,9273,9273,TRUE,TRUE
760,17.8421083036347,21.4541079155841,382.786516987718,549,8004,9273,9273,9273,9273,9273,9273,TRUE,TRUE
761,30.996986579895,14.5354777646065,450.556009201869,1947,7692,9273,9273,9273,9273,9273,9273,TRUE,TRUE
762,74.3830471917543,74.588635690167,5548.13000851026,400,1051,9273,9273,9273,9273,9273,9273,TRUE,TRUE
763,27.7402847508589,54.5893303553263,1514.32356841546,2828,4269,9273,9273,9273,9273,9273,9273,TRUE,TRUE
764,19.2982096340212,20.6756533228611,399.00309214492,2043,7928,9273,9273,9273,9273,9273,9273,TRUE,TRUE
765,8.7183785325005,6.90954085758754,60.2399926822263,1834,9180,9273,9273,9273,9273,9273,9273,TRUE,TRUE
766,41.7326602720271,39.8381917490124,1662.55372211341,1232,3952,9273,9273,9273,9273,9273,9273,TRUE,TRUE
767,37.8462963324327,35.7169667317317,1351.75490702476,857,4666,9273,9273,9273,9273,9273,9273,TRUE,TRUE
768,27.3490735414701,35.7039142877628,976.468977574367,4666,5722,9273,9273,9273,9273,9273,9273,TRUE,TRUE
769,21.5662969259115,12.3364611161061,266.051783444906,6199,8492,9273,9273,9273,9273,9273,9273,TRUE,TRUE
770,36.4651606670798,48.8636325581433,1781.82021200985,3327,3735,9273,9273,9273,9273,9273,9273,TRUE,TRUE
771,29.6296049195367,19.814534335523,587.096824026142,4438,7142,9273,9273,9273,9273,9273,9273,TRUE,TRUE
772,47.7132854988942,101.151570310959,4826.27375290828,613,1267,9273,9273,9273,9273,9273,9273,TRUE,TRUE
773,64.8985552800845,86.8648243969434,5637.40160801986,7597,1023,9273,9273,9273,9273,9273,9273,TRUE,TRUE
774,81.167435394681,61.9456728981889,5027.97140294379,1290,1192,9273,9273,9273,9273,9273,9273,TRUE,TRUE
775,18.6969459891319,28.8927673339844,540.206510320061,6464,7336,9273,9273,9273,9273,9273,9273,TRUE,TRUE
776,44.9410945579706,42.3061188854129,1901.28328921009,8753,3520,9273,9273,9273,9273,9273,9273,TRUE,TRUE
777,53.3085368136142,64.4287370564526,3434.60170122858,7467,1961,9273,9273,9273,9273,9273,9273,TRUE,TRUE
778,23.2463366270065,73.0591698646545,1698.35805636341,5608,3890,9273,9273,9273,9273,9273,9273,TRUE,TRUE
779,34.6037849450261,62.1835135453902,2151.7849298508,2826,3165,9273,9273,9273,9273,9273,9273,TRUE,TRUE
780,39.7950245455096,29.6371091513694,1179.40948613669,3159,5137,9273,9273,9273,9273,9273,9273,TRUE,TRUE
781,32.9012561398883,38.5394610915073,1267.99668086494,7380,4877,9273,9273,9273,9273,9273,9273,TRUE,TRUE
782,53.3924848729914,42.4423792391112,2266.10409149801,5275,3022,9273,9273,9273,9273,9273,9273,TRUE,TRUE
783,8.3576184716718,25.2304488567296,210.866465413574,2540,8713,9273,9273,9273,9273,9273,9273,TRUE,TRUE
784,27.4453180590762,62.3730126151556,1711.84716952572,2078,3866,9273,9273,9273,9273,9273,9273,TRUE,TRUE
785,31.0416294007848,45.9472156973446,1426.27644167489,1501,4468,9273,9273,9273,9273,9273,9273,TRUE,TRUE
786,38.5688318056418,77.6322806067501,2994.18637341013,4895,2276,9273,9273,9273,9273,9273,9273,TRUE,TRUE
787,8.64015988747279,24.9640171209971,215.693099359023,3562,8689,9273,9273,9273,9273,9273,9273,TRUE,TRUE
788,53.6041450399273,113.700245461374,6094.80444878682,8658,915,9273,9273,9273,9273,9273,9273,TRUE,TRUE
789,14.7427735502396,16.8599151318996,248.561910865854,2211,8557,9273,9273,9273,9273,9273,9273,TRUE,TRUE
790,109.073956128254,54.6733341919272,5963.43685503564,4354,943,9273,9273,9273,9273,9273,9273,TRUE,TRUE
791,17.377998237031,30.888989095109,536.788798038472,6376,7356,9273,9273,9273,9273,9273,9273,TRUE,TRUE
792,17.7343156930299,12.5792286967674,223.084012883293,5244,8663,9273,9273,9273,9273,9273,9273,TRUE,TRUE
793,67.9307929863364,93.62690440679,6360.14986120916,175,844,9273,9273,9273,9273,9273,9273,TRUE,TRUE
794,60.1242963480004,29.6726971974982,1784.05003974686,7412,3732,9273,9273,9273,9273,9273,9273,TRUE,TRUE
795,30.1776675284919,37.8045742746127,1140.85387351544,237,5254,9273,9273,9273,9273,9273,9273,TRUE,TRUE
796,23.0849116475959,9.49343827971838,219.155183919203,3089,8676,9273,9273,9273,9273,9273,9273,TRUE,TRUE
797,104.708405969267,45.386797701578,4752.37923938183,8010,1296,9273,9273,9273,9273,9273,9273,TRUE,TRUE
798,47.372594785272,101.311078791033,4799.36868282636,4022,1281,9273,9273,9273,9273,9273,9273,TRUE,TRUE
799,25.1541369581223,51.1702431131999,1287.14330344984,404,4823,9273,9273,9273,9273,9273,9273,TRUE,TRUE
800,38.0191094611927,48.0999030472537,1828.71547902629,1227,3650,9273,9273,9273,9273,9273,9273,TRUE,TRUE
801,25.8804963995034,19.1817701366586,496.433732957893,5613,7513,9273,9273,9273,9273,9273,9273,TRUE,TRUE
802,27.8650569618945,41.2512493822948,1149.46841378696,7641,5228,9273,9273,9273,9273,9273,9273,TRUE,TRUE
803,6.10285704851151,31.947479724884,194.970901821187,895,8769,9273,9273,9273,9273,9273,9273,TRUE,TRUE
804,31.0452727223747,54.7109017148614,1698.51486462491,1172,3889,9273,9273,9273,9273,9273,9273,TRUE,TRUE
805,49.4520958940645,40.2227080462079,1989.09721542003,430,3378,9273,9273,9273,9273,9273,9273,TRUE,TRUE
806,56.2493949537202,43.0349778528289,2420.69146606837,7387,2842,9273,9273,9273,9273,9273,9273,TRUE,TRUE
807,29.1347354490638,24.9294984824813,726.31434316493,8093,6591,9273,9273,9273,9273,9273,9273,TRUE,TRUE
808,34.548155342127,55.3699520592086,1912.92970502766,3783,3500,9273,9273,9273,9273,9273,9273,TRUE,TRUE
809,49.2445454156399,57.2763815879822,2820.54937435291,1106,2425,9273,9273,9273,9273,9273,9273,TRUE,TRUE
810,37.4184008255828,67.759306074399,2535.44487435521,5857,2706,9273,9273,9273,9273,9273,9273,TRUE,TRUE
811,63.2523285198596,51.9952449606311,3288.82031572041,1772,2066,9273,9273,9273,9273,9273,9273,TRUE,TRUE
812,44.6129837189951,19.4553401866563,867.960774994807,8776,6092,9273,9273,9273,9273,9273,9273,TRUE,TRUE
813,71.473530155952,29.878116750941,2135.49447860144,2793,3198,9273,9273,9273,9273,9273,9273,TRUE,TRUE
814,72.7352178182947,25.0063483686332,1818.84219543269,5772,3672,9273,9273,9273,9273,9273,9273,TRUE,TRUE
815,36.8429048260478,19.2093258067423,707.727362470352,1308,6679,9273,9273,9273,9273,9273,9273,TRUE,TRUE
816,50.9951513381231,64.6909889392752,3298.92677117119,8237,2060,9273,9273,9273,9273,9273,9273,TRUE,TRUE
817,66.9228150930909,92.0676387850621,6161.4255664702,6500,897,9273,9273,9273,9273,9273,9273,TRUE,TRUE
818,47.5708569989276,92.3641700075633,4393.84272325443,5427,1432,9273,9273,9273,9273,9273,9273,TRUE,TRUE
819,39.5138323365596,84.5770505336293,3341.96339430656,8702,2037,9273,9273,9273,9273,9273,9273,TRUE,TRUE
820,12.4298820760515,32.784468670084,407.507079495149,3153,7890,9273,9273,9273,9273,9273,9273,TRUE,TRUE
821,24.7648610521535,48.8734744628084,1210.34480420743,6822,5052,9273,9273,9273,9273,9273,9273,TRUE,TRUE
822,30.3478658437729,26.3980384612083,801.124129759508,1465,6305,9273,9273,9273,9273,9273,9273,TRUE,TRUE
823,29.8832177817822,44.3096436351538,1324.11473058246,8380,4735,9273,9273,9273,9273,9273,9273,TRUE,TRUE
824,52.4190247159044,26.5685486058895,1392.69740603783,303,4551,9273,9273,9273,9273,9273,9273,TRUE,TRUE
825,38.499403565607,75.2245812404303,2896.10151122911,3911,2355,9273,9273,9273,9273,9273,9273,TRUE,TRUE
826,11.6490583684709,45.8039621777005,533.573028915268,7488,7366,9273,9273,9273,9273,9273,9273,TRUE,TRUE
827,34.6420544862747,64.9896109580994,2251.37364385227,6395,3042,9273,9273,9273,9273,9273,9273,TRUE,TRUE
828,35.7189204806373,42.0228912141588,1501.01230964501,2987,4295,9273,9273,9273,9273,9273,9273,TRUE,TRUE
829,21.4987218111754,31.5656694412231,678.621546100375,2597,6775,9273,9273,9273,9273,9273,9273,TRUE,TRUE
830,80.9666525340695,54.2456841564452,4392.09146056778,2916,1434,9273,9273,9273,9273,9273,9273,TRUE,TRUE
831,59.2135032827472,76.4313351519314,4525.76711492364,6884,1384,9273,9273,9273,9273,9273,9273,TRUE,TRUE
832,33.2752864024218,139.12047478171,4629.27364280229,8599,1338,9273,9273,9273,9273,9273,9273,TRUE,TRUE
833,48.5223776788423,75.1583959153204,3646.86407233913,43,1817,9273,9273,9273,9273,9273,9273,TRUE,TRUE
834,12.8221664117053,13.9925767362507,179.415147440763,8745,8832,9273,9273,9273,9273,9273,9273,TRUE,TRUE
835,26.8461170057649,12.9752291984928,348.334521239356,4716,8156,9273,9273,9273,9273,9273,9273,TRUE,TRUE
836,57.8116258575682,148.435769397321,8581.31316427818,6686,538,9273,9273,9273,9273,9273,9273,TRUE,TRUE
837,29.6194589450475,54.8539494699048,1624.74430429755,7437,4024,9273,9273,9273,9273,9273,9273,TRUE,TRUE
838,36.083656306157,39.0306488754194,1408.36851942693,6377,4513,9273,9273,9273,9273,9273,9273,TRUE,TRUE
839,38.7676000742873,81.6596461899025,3165.74850569794,8112,2140,9273,9273,9273,9273,9273,9273,TRUE,TRUE
840,40.5504891107332,28.6286828233235,1160.90709108181,8846,5200,9273,9273,9273,9273,9273,9273,TRUE,TRUE
841,10.7812221163028,59.5467891693115,641.987160347002,7356,6910,9273,9273,9273,9273,9273,9273,TRUE,TRUE
842,37.7971063220335,60.6620139279727,2292.84859014426,2384,2993,9273,9273,9273,9273,9273,9273,TRUE,TRUE
843,36.3451849747118,66.4897546023454,2416.58242994544,4399,2850,9273,9273,9273,9273,9273,9273,TRUE,TRUE
844,36.3854216810414,67.0204928966644,2438.56889531637,793,2815,9273,9273,9273,9273,9273,9273,TRUE,TRUE
845,40.9842598369267,73.1762689946165,2999.07522237221,2931,2268,9273,9273,9273,9273,9273,9273,TRUE,TRUE
846,25.8271551080819,14.3081324470454,369.538356016821,5713,8063,9273,9273,9273,9273,9273,9273,TRUE,TRUE
847,46.074745642486,52.1051087098963,2400.72963048256,1604,2871,9273,9273,9273,9273,9273,9273,TRUE,TRUE
848,46.924772897334,130.83320329427,6139.31835201432,2324,903,9273,9273,9273,9273,9273,9273,TRUE,TRUE
849,24.6649511762326,23.5016741556175,579.667645608033,6747,7168,9273,9273,9273,9273,9273,9273,TRUE,TRUE
850,32.2626892631118,31.2353952768687,1007.73785182808,3773,5618,9273,9273,9273,9273,9273,9273,TRUE,TRUE
851,117.40117297453,110.72606579151,12999.3700027783,1838,264,9273,9273,9273,9273,9273,9273,TRUE,TRUE
852,27.3973007548939,27.1223941282793,743.080389125235,6630,6531,9273,9273,9273,9273,9273,9273,TRUE,TRUE
853,37.2415895122086,34.4674619377339,1283.62306901276,5307,4839,9273,9273,9273,9273,9273,9273,TRUE,TRUE
854,98.3089217447099,71.0832737037114,6988.11999189596,5459,736,9273,9273,9273,9273,9273,9273,TRUE,TRUE
855,17.497004305364,33.0299081145568,577.924444486178,108,7175,9273,9273,9273,9273,9273,9273,TRUE,TRUE
856,13.3456663444536,34.5484912878832,461.072637432352,2407,7650,9273,9273,9273,9273,9273,9273,TRUE,TRUE
857,68.6537994909756,98.827610069895,6784.8909259109,1128,767,9273,9273,9273,9273,9273,9273,TRUE,TRUE
858,34.1115964228107,59.2061176761504,2019.61519193028,5085,3337,9273,9273,9273,9273,9273,9273,TRUE,TRUE
859,17.919046527105,132.390158930569,2372.30541760769,8875,2905,9273,9273,9273,9273,9273,9273,TRUE,TRUE
860,21.0709380200035,38.9613407938104,820.951997042612,7714,6239,9273,9273,9273,9273,9273,9273,TRUE,TRUE
861,24.7191621095193,31.4458554331996,777.315198125767,2970,6394,9273,9273,9273,9273,9273,9273,TRUE,TRUE
862,47.7191455062272,92.9855346478384,4437.19025783454,8188,1417,9273,9273,9273,9273,9273,9273,TRUE,TRUE
863,81.7864908187042,130.049560922972,10636.2972204032,2656,376,9273,9273,9273,9273,9273,9273,TRUE,TRUE
864,35.4383956539599,62.6677365083359,2220.84404112051,1658,3090,9273,9273,9273,9273,9273,9273,TRUE,TRUE
865,8.51340408571835,120.433929172055,1025.30270467249,4562,5569,9273,9273,9273,9273,9273,9273,TRUE,TRUE
866,116.082215675011,302.517801944012,35116.9367307951,2539,35,9273,9273,9273,9273,9273,9273,TRUE,TRUE
867,49.6209765586191,55.2647689434256,2742.29180425922,4682,2503,9273,9273,9273,9273,9273,9273,TRUE,TRUE
868,18.8870006343152,52.6725836510354,994.827120828124,3265,5645,9273,9273,9273,9273,9273,9273,TRUE,TRUE
869,16.5459730772846,43.0727414325275,712.680420107439,9155,6656,9273,9273,9273,9273,9273,9273,TRUE,TRUE
870,34.1589454650879,67.1650702843299,2294.28797300122,2707,2990,9273,9273,9273,9273,9273,9273,TRUE,TRUE
871,63.9552610391166,32.2444859137427,2062.20451368553,3871,3286,9273,9273,9273,9273,9273,9273,TRUE,TRUE
872,72.1348106488079,113.150078433982,8162.05948273304,8946,574,9273,9273,9273,9273,9273,9273,TRUE,TRUE
873,26.4327739545494,20.2190216149494,534.444827930107,953,7363,9273,9273,9273,9273,9273,9273,TRUE,TRUE
874,47.4145484938581,73.8772776024973,3502.85776147783,7643,1918,9273,9273,9273,9273,9273,9273,TRUE,TRUE
875,30.9106057030814,78.0049069949559,2411.17892302662,2381,2858,9273,9273,9273,9273,9273,9273,TRUE,TRUE
876,11.3957073891163,118.956666183472,1355.59535981163,898,4657,9273,9273,9273,9273,9273,9273,TRUE,TRUE
877,19.6274658682054,32.3784878588559,635.507665313796,2647,6939,9273,9273,9273,9273,9273,9273,TRUE,TRUE
878,29.6044253659248,24.1197135210037,714.050258780043,6688,6650,9273,9273,9273,9273,9273,9273,TRUE,TRUE
879,10.0354395123089,1.57229262239793,15.778647507724,3325,9240,9273,9273,9273,9273,9273,9273,TRUE,TRUE
880,11.9440650736921,23.3885500941214,279.354364303494,3161,8444,9273,9273,9273,9273,9273,9273,TRUE,TRUE
881,54.6753667983334,29.5224045272422,1614.14829629575,1991,4046,9273,9273,9273,9273,9273,9273,TRUE,TRUE
882,17.6384934594621,24.7508913407594,436.568435029842,587,7751,9273,9273,9273,9273,9273,9273,TRUE,TRUE
883,39.4629493737446,63.3754081034134,2500.98052152541,166,2742,9273,9273,9273,9273,9273,9273,TRUE,TRUE
884,63.698691537095,126.183329086002,8037.71295657301,2574,598,9273,9273,9273,9273,9273,9273,TRUE,TRUE
885,28.5944397346579,33.2944830819,952.037089981975,2341,5791,9273,9273,9273,9273,9273,9273,TRUE,TRUE
886,26.9857549285889,21.6886671829224,585.285057326071,3966,7150,9273,9273,9273,9273,9273,9273,TRUE,TRUE
887,55.3072358239442,21.3990917801857,1183.52461550496,26,5120,9273,9273,9273,9273,9273,9273,TRUE,TRUE
888,53.1999423024399,91.4261831832548,4863.86767028146,8126,1250,9273,9273,9273,9273,9273,9273,TRUE,TRUE
889,10.6198849186877,26.5487034024087,281.944174873953,1619,8434,9273,9273,9273,9273,9273,9273,TRUE,TRUE
890,25.9189049947162,76.7749121476288,1989.92165393207,4361,3374,9273,9273,9273,9273,9273,9273,TRUE,TRUE
891,36.0723289486891,53.3207497910825,1923.40362625467,2555,3479,9273,9273,9273,9273,9273,9273,TRUE,TRUE
892,51.6635095214844,69.1644814682007,3573.27984688092,173,1877,9273,9273,9273,9273,9273,9273,TRUE,TRUE
893,41.6084006071961,90.1464525748344,3750.84971205131,945,1755,9273,9273,9273,9273,9273,9273,TRUE,TRUE
894,45.3328445670951,80.4807135793898,3648.41967934338,8626,1815,9273,9273,9273,9273,9273,9273,TRUE,TRUE
895,47.9774655307374,137.206653707168,6582.82749882347,6663,803,9273,9273,9273,9273,9273,9273,TRUE,TRUE
896,37.669204352037,58.9574676527167,2220.8808970888,7145,3089,9273,9273,9273,9273,9273,9273,TRUE,TRUE
897,58.1450694383096,83.7679374657588,4870.69254065052,817,1246,9273,9273,9273,9273,9273,9273,TRUE,TRUE
898,52.5658551936815,118.951433350218,6252.78382056842,1173,876,9273,9273,9273,9273,9273,9273,TRUE,TRUE
899,30.4773100799984,38.4105418311225,1170.64999372787,6996,5171,9273,9273,9273,9273,9273,9273,TRUE,TRUE
900,30.3158035945455,53.3995797568505,1618.85117193995,2963,4037,9273,9273,9273,9273,9273,9273,TRUE,TRUE
901,19.9310006049905,19.2166085724575,383.006237083516,3750,8001,9273,9273,9273,9273,9273,9273,TRUE,TRUE
902,46.310686518637,83.8623074092222,3883.72102915806,6626,1696,9273,9273,9273,9273,9273,9273,TRUE,TRUE
903,50.0258003225369,31.1331226551427,1557.45937736322,848,4149,9273,9273,9273,9273,9273,9273,TRUE,TRUE
904,51.4435473367216,58.28859531676,2998.57211236875,740,2269,9273,9273,9273,9273,9273,9273,TRUE,TRUE
905,10.2349205847403,135.449582702485,1386.31572219615,2081,4573,9273,9273,9273,9273,9273,9273,TRUE,TRUE
906,51.7598231660559,51.6814532787242,2675.02288267154,2886,2551,9273,9273,9273,9273,9273,9273,TRUE,TRUE
907,24.9690359543316,73.3943774652242,1832.58684977497,2014,3642,9273,9273,9273,9273,9273,9273,TRUE,TRUE
908,22.4767400252513,49.2936013930883,1107.95946342081,4909,5345,9273,9273,9273,9273,9273,9273,TRUE,TRUE
909,14.982305254255,17.4321953206568,261.174471545876,3725,8516,9273,9273,9273,9273,9273,9273,TRUE,TRUE
910,25.3368930877721,49.4830430413856,1253.74657119721,6301,4911,9273,9273,9273,9273,9273,9273,TRUE,TRUE
911,78.0334322929382,73.9883029937744,5773.56123213409,425,986,9273,9273,9273,9273,9273,9273,TRUE,TRUE
912,47.3517957787338,50.8834898154391,2409.42461824996,265,2862,9273,9273,9273,9273,9273,9273,TRUE,TRUE
913,35.9058820477918,81.1333805801522,2913.16559324954,2396,2341,9273,9273,9273,9273,9273,9273,TRUE,TRUE
914,25.4226652060824,24.1645600760512,614.327520665712,4944,7038,9273,9273,9273,9273,9273,9273,TRUE,TRUE
915,20.866493631934,63.6478044487709,1328.10650621686,788,4726,9273,9273,9273,9273,9273,9273,TRUE,TRUE
916,75.4504591807513,167.458582301879,12634.8269284344,6302,274,9273,9273,9273,9273,9273,9273,TRUE,TRUE
917,75.0693638775506,114.442585365104,8591.13208386066,1835,535,9273,9273,9273,9273,9273,9273,TRUE,TRUE
918,38.8363943099976,45.0574235439301,1749.86786734464,7565,3786,9273,9273,9273,9273,9273,9273,TRUE,TRUE
919,28.4790056385406,28.4132734847395,809.181775781294,8420,6280,9273,9273,9273,9273,9273,9273,TRUE,TRUE
920,16.4888999388893,57.0461478900584,940.628224458256,2742,5831,9273,9273,9273,9273,9273,9273,TRUE,TRUE
921,16.4068483755079,17.3190262138499,284.150637102081,1603,8429,9273,9273,9273,9273,9273,9273,TRUE,TRUE
922,38.5589913845062,10.5643114328384,407.349193522058,1881,7891,9273,9273,9273,9273,9273,9273,TRUE,TRUE
923,31.5570691105719,70.4845072070198,2224.28446515652,1616,3083,9273,9273,9273,9273,9273,9273,TRUE,TRUE
924,29.4903981472419,19.1852755895475,565.781415700316,7495,7221,9273,9273,9273,9273,9273,9273,TRUE,TRUE
925,13.2915309283866,45.6681445043998,606.99955512226,6254,7063,9273,9273,9273,9273,9273,9273,TRUE,TRUE
926,18.2112121513912,24.219726221902,441.07057247567,1709,7732,9273,9273,9273,9273,9273,9273,TRUE,TRUE
927,14.8410540771484,20.0849183797836,298.081359809481,3221,8379,9273,9273,9273,9273,9273,9273,TRUE,TRUE
928,15.1184563526982,99.9322251081467,1510.82098352552,8873,4277,9273,9273,9273,9273,9273,9273,TRUE,TRUE
929,47.8242401051521,17.7302270770073,847.934636849666,8440,6153,9273,9273,9273,9273,9273,9273,TRUE,TRUE
930,28.8727515948187,46.2409708082061,1335.1040636486,8524,4710,9273,9273,9273,9273,9273,9273,TRUE,TRUE
931,2.91628482708564,48.2689972107227,140.76614418427,8340,8966,9273,9273,9273,9273,9273,9273,TRUE,TRUE
932,42.2322123088236,136.461126763051,5763.05527735846,7686,990,9273,9273,9273,9273,9273,9273,TRUE,TRUE
933,21.303009784385,92.7406621959111,1975.65523416983,4566,3396,9273,9273,9273,9273,9273,9273,TRUE,TRUE
934,10.4667759226329,4.36934620586794,45.7329676652261,144,9202,9273,9273,9273,9273,9273,9273,TRUE,TRUE
935,13.4512050901141,17.0504479155249,229.349071790032,5716,8640,9273,9273,9273,9273,9273,9273,TRUE,TRUE
936,19.496329123985,75.1016421877722,1464.20633384457,1768,4389,9273,9273,9273,9273,9273,9273,TRUE,TRUE
937,35.7073916654451,81.0374812808647,2893.63708367701,5622,2359,9273,9273,9273,9273,9273,9273,TRUE,TRUE
938,83.3137886160113,115.982335142314,9662.92775323814,6334,438,9273,9273,9273,9273,9273,9273,TRUE,TRUE
939,32.0064816449093,57.0144945809127,1824.83337429776,581,3661,9273,9273,9273,9273,9273,9273,TRUE,TRUE
940,59.345879085362,83.425068118993,4950.93400527784,2251,1220,9273,9273,9273,9273,9273,9273,TRUE,TRUE
941,8.27850551505363,40.9697827493957,339.168572441422,1695,8205,9273,9273,9273,9273,9273,9273,TRUE,TRUE
942,47.9576879913061,39.9112362483525,1914.05061534579,5632,3497,9273,9273,9273,9273,9273,9273,TRUE,TRUE
943,25.5785517247847,45.9134329365943,1174.39911923111,790,5159,9273,9273,9273,9273,9273,9273,TRUE,TRUE
944,106.872226915403,84.9120514577927,9074.7400312496,3929,488,9273,9273,9273,9273,9273,9273,TRUE,TRUE
945,103.486962292292,59.6750409729094,6175.58871495447,4139,893,9273,9273,9273,9273,9273,9273,TRUE,TRUE
946,58.8524562726761,27.793319891239,1635.70514357164,3759,3995,9273,9273,9273,9273,9273,9273,TRUE,TRUE
947,22.688377081035,15.9801977510494,362.564752405317,2412,8102,9273,9273,9273,9273,9273,9273,TRUE,TRUE
948,40.1235456490517,42.919096622467,1722.06633254762,3658,3842,9273,9273,9273,9273,9273,9273,TRUE,TRUE
949,12.0964752307305,12.96307567303,156.807523792892,538,8914,9273,9273,9273,9273,9273,9273,TRUE,TRUE
950,23.4538388366569,65.0091573375545,1524.71429910187,7268,4239,9273,9273,9273,9273,9273,9273,TRUE,TRUE
951,10.7025467773964,40.1655655564933,429.87384420895,41,7779,9273,9273,9273,9273,9273,9273,TRUE,TRUE
952,21.8697272779906,29.6194474685368,647.769238261671,5602,6896,9273,9273,9273,9273,9273,9273,TRUE,TRUE
953,101.135486152893,61.9642088840869,6266.78038957151,3907,873,9273,9273,9273,9273,9273,9273,TRUE,TRUE
954,66.0377739901748,42.3315665710486,2795.48242586894,1656,2444,9273,9273,9273,9273,9273,9273,TRUE,TRUE
955,8.00337020387041,19.3629268889732,154.968672122929,6806,8922,9273,9273,9273,9273,9273,9273,TRUE,TRUE
956,53.2939727259617,26.0052262988745,1385.92182110468,4369,4576,9273,9273,9273,9273,9273,9273,TRUE,TRUE
957,68.4630221128464,32.5838896751404,2230.79155935168,1651,3073,9273,9273,9273,9273,9273,9273,TRUE,TRUE
958,34.9087466990694,51.4539724290948,1796.19369018817,5162,3717,9273,9273,9273,9273,9273,9273,TRUE,TRUE
959,30.6660313820352,33.6645009760954,1032.3566433935,7897,5551,9273,9273,9273,9273,9273,9273,TRUE,TRUE
960,28.173290447491,99.9619790984363,2816.25787084627,6443,2427,9273,9273,9273,9273,9273,9273,TRUE,TRUE
961,10.3637583887577,19.5121588325501,202.219299783613,486,8752,9273,9273,9273,9273,9273,9273,TRUE,TRUE
962,28.0896679290851,35.7619678767907,1004.54180214966,523,5621,9273,9273,9273,9273,9273,9273,TRUE,TRUE
963,37.8718241597313,41.0543232478347,1554.80211103877,6790,4154,9273,9273,9273,9273,9273,9273,TRUE,TRUE
964,25.775911430588,35.8635260106818,924.415070039925,641,5896,9273,9273,9273,9273,9273,9273,TRUE,TRUE
965,42.5557790575081,65.1194251928916,2771.20787086062,7786,2470,9273,9273,9273,9273,9273,9273,TRUE,TRUE
966,68.7393196634695,30.4521647521428,2093.26108734218,8184,3244,9273,9273,9273,9273,9273,9273,TRUE,TRUE
967,17.7696867894955,49.6440915617037,882.159958000514,2513,6045,9273,9273,9273,9273,9273,9273,TRUE,TRUE
968,24.310071608461,13.8531931724077,336.772118027075,6106,8220,9273,9273,9273,9273,9273,9273,TRUE,TRUE
969,8.00029445409775,17.7684225797653,142.152612622962,8527,8962,9273,9273,9273,9273,9273,9273,TRUE,TRUE
970,80.3008835645099,52.6206302956531,4225.48310646236,3885,1522,9273,9273,9273,9273,9273,9273,TRUE,TRUE
971,63.6365162118456,50.2268109420374,3196.25926878227,8307,2116,9273,9273,9273,9273,9273,9273,TRUE,TRUE
972,62.0895086485764,68.8354270510539,4273.95784321486,5904,1494,9273,9273,9273,9273,9273,9273,TRUE,TRUE
973,61.3432290502441,48.0746938800399,2949.05695820366,7442,2314,9273,9273,9273,9273,9273,9273,TRUE,TRUE
974,42.4866307488803,100.086611655663,4252.34291232073,362,1510,9273,9273,9273,9273,9273,9273,TRUE,TRUE
975,32.1448150243301,21.7878059320575,700.36499147199,3555,6701,9273,9273,9273,9273,9273,9273,TRUE,TRUE
976,70.5107852575547,161.299536081691,11373.3569507993,6053,318,9273,9273,9273,9273,9273,9273,TRUE,TRUE
977,40.5537662278468,31.9033666543625,1293.8016731823,1046,4805,9273,9273,9273,9273,9273,9273,TRUE,TRUE
978,139.709199007942,72.0109850038087,10060.5970346551,5610,409,9273,9273,9273,9273,9273,9273,TRUE,TRUE
979,64.9325607998271,79.0862579990441,5135.27325595374,5087,1155,9273,9273,9273,9273,9273,9273,TRUE,TRUE
980,25.2497109200757,31.903587578686,805.556363675139,6283,6298,9273,9273,9273,9273,9273,9273,TRUE,TRUE
981,47.4496587140501,62.3571183169184,2958.82398252942,2788,2306,9273,9273,9273,9273,9273,9273,TRUE,TRUE
982,25.8265380082343,35.5458984992765,918.027498628402,7171,5920,9273,9273,9273,9273,9273,9273,TRUE,TRUE
983,22.5742765486022,42.1565418191009,951.653433357097,7833,5792,9273,9273,9273,9273,9273,9273,TRUE,TRUE
984,81.2757228146926,123.349524953097,10025.3217994119,8388,412,9273,9273,9273,9273,9273,9273,TRUE,TRUE
985,47.4925252130518,96.9200114904274,4602.9760893584,9261,1349,9273,9273,9273,9273,9273,9273,TRUE,TRUE
986,29.2659938216209,47.4121284723282,1387.56305894106,911,4567,9273,9273,9273,9273,9273,9273,TRUE,TRUE
987,70.9698336854273,42.4096264320166,3009.80413454132,1431,2262,9273,9273,9273,9273,9273,9273,TRUE,TRUE
988,15.9123807545204,61.3320139727712,975.9383587763,5711,5724,9273,9273,9273,9273,9273,9273,TRUE,TRUE
989,16.4598831237416,59.7455330872283,983.404491781412,7092,5694,9273,9273,9273,9273,9273,9273,TRUE,TRUE
990,28.5935318046603,37.2099042415619,1063.96258037946,932,5464,9273,9273,9273,9273,9273,9273,TRUE,TRUE
991,30.9959635682158,52.7306334631784,1634.43679375362,8829,3998,9273,9273,9273,9273,9273,9273,TRUE,TRUE
992,48.63411851153,45.940556861788,2234.27848690188,7571,3065,9273,9273,9273,9273,9273,9273,TRUE,TRUE
993,102.320529281808,93.4266013323405,9559.45929732554,7109,450,9273,9273,9273,9273,9273,9273,TRUE,TRUE
994,35.443473633446,57.2074532078492,2027.630859409,2248,3326,9273,9273,9273,9273,9273,9273,TRUE,TRUE
995,120.541548741409,138.262005101622,16666.3162270421,593,163,9273,9273,9273,9273,9273,9273,TRUE,TRUE
996,11.5707451428981,21.1595280349599,244.831506236529,2297,8576,9273,9273,9273,9273,9273,9273,TRUE,TRUE
997,24.6794048514899,64.4985645083979,1591.78618584269,157,4086,9273,9273,9273,9273,9273,9273,TRUE,TRUE
998,34.2951584723135,81.1710021491312,2783.77238206096,5228,2455,9273,9273,9273,9273,9273,9273,TRUE,TRUE
999,23.5106361303278,55.3740087375846,1301.87817050694,8232,4784,9273,9273,9273,9273,9273,9273,TRUE,TRUE
1000,34.2546329410314,34.3892916753283,1177.99256344044,6945,5145,9273,9273,9273,9273,9273,9273,TRUE,TRUE
1001,5.74980071337536,23.9133766636704,137.497150199986,3034,8978,9273,9273,9273,9273,9273,9273,TRUE,TRUE
1002,25.5210614695269,37.210932114545,949.662485833695,3525,5800,9273,9273,9273,9273,9273,9273,TRUE,TRUE
1003,45.1121823416128,45.6558186976941,2059.63361804599,5867,3287,9273,9273,9273,9273,9273,9273,TRUE,TRUE
1004,62.8376181143389,89.8103642191544,5643.46936951291,4363,1021,9273,9273,9273,9273,9273,9273,TRUE,TRUE
1005,66.8208735707844,47.1487264176875,3150.5190869798,288,2155,9273,9273,9273,9273,9273,9273,TRUE,TRUE
1006,84.0370968203435,120.990019236488,10167.649960872,5925,401,9273,9273,9273,9273,9273,9273,TRUE,TRUE
1007,28.7354573150387,44.9992000960448,1293.07259357078,3269,4807,9273,9273,9273,9273,9273,9273,TRUE,TRUE
1008,48.8945028595111,36.9525039910172,1806.77431205488,6274,3696,9273,9273,9273,9273,9273,9273,TRUE,TRUE
1009,121.20400306808,233.638892263055,28317.9690146743,2639,51,9273,9273,9273,9273,9273,9273,TRUE,TRUE
1010,15.0747043313207,63.2505544477755,953.483407092316,7549,5788,9273,9273,9273,9273,9273,9273,TRUE,TRUE
1011,11.5621409392357,15.2737075090408,176.596758884193,3603,8840,9273,9273,9273,9273,9273,9273,TRUE,TRUE
1012,38.0885117610646,50.6656061080059,1929.77753412625,5957,3464,9273,9273,9273,9273,9273,9273,TRUE,TRUE
1013,33.88835178128,32.8478800120177,1113.16051311653,7801,5329,9273,9273,9273,9273,9273,9273,TRUE,TRUE
1014,46.6793540315195,89.4552616032687,4175.71382636117,6814,1548,9273,9273,9273,9273,9273,9273,TRUE,TRUE
1015,28.542026767841,54.3702634028617,1551.83751341904,4530,4166,9273,9273,9273,9273,9273,9273,TRUE,TRUE
1016,11.5399572458023,30.5212996654021,352.21449322506,7336,8138,9273,9273,9273,9273,9273,9273,TRUE,TRUE
1017,29.105105843544,44.815589017868,1304.36246180582,5319,4778,9273,9273,9273,9273,9273,9273,TRUE,TRUE
1018,62.0816208193091,121.938460830118,7570.13728854554,8186,659,9273,9273,9273,9273,9273,9273,TRUE,TRUE
1019,29.205795647963,82.9726853280697,2423.28329205435,8394,2838,9273,9273,9273,9273,9273,9273,TRUE,TRUE
1020,49.0212533620483,27.4329499505752,1344.79758999553,3306,4681,9273,9273,9273,9273,9273,9273,TRUE,TRUE
1021,30.499042395058,58.8528378950347,1794.95519803014,1004,3720,9273,9273,9273,9273,9273,9273,TRUE,TRUE
1022,36.8473871476423,99.8177373735736,3678.02281320575,1998,1798,9273,9273,9273,9273,9273,9273,TRUE,TRUE
1023,44.9833703160785,89.7356343967645,4036.61127261789,773,1614,9273,9273,9273,9273,9273,9273,TRUE,TRUE
1024,33.1756439087912,46.5370661392808,1543.89713479665,4974,4186,9273,9273,9273,9273,9273,9273,TRUE,TRUE
1025,34.4713867026217,39.7565375321052,1370.46297922649,8370,4622,9273,9273,9273,9273,9273,9273,TRUE,TRUE
1026,24.5224102008343,11.2389050245285,275.605039219705,6308,8454,9273,9273,9273,9273,9273,9273,TRUE,TRUE
1027,20.8052029395881,25.5391806882361,531.347837129561,2691,7378,9273,9273,9273,9273,9273,9273,TRUE,TRUE
1028,40.4391548832258,81.8132787810432,3308.45985213113,5741,2057,9273,9273,9273,9273,9273,9273,TRUE,TRUE
1029,42.8373036733488,76.9997262722108,3298.46065708743,7249,2061,9273,9273,9273,9273,9273,9273,TRUE,TRUE
1030,18.8633898283754,49.4576921463013,932.939726967462,2893,5866,9273,9273,9273,9273,9273,9273,TRUE,TRUE
1031,173.503612582966,181.170330512322,31433.7068367378,5830,43,9273,9273,9273,9273,9273,9273,TRUE,TRUE
1032,59.8626047231383,48.485381603241,2902.46123376534,8389,2349,9273,9273,9273,9273,9273,9273,TRUE,TRUE
1033,41.3329777002335,32.9657528400421,1362.57272700887,7445,4641,9273,9273,9273,9273,9273,9273,TRUE,TRUE
1034,26.8239878810657,44.4729338556217,1192.94143877863,4888,5098,9273,9273,9273,9273,9273,9273,TRUE,TRUE
1035,21.5167937974752,23.716931381581,510.312322046347,7423,7463,9273,9273,9273,9273,9273,9273,TRUE,TRUE
1036,21.4412607713179,19.6963840157095,422.315305932845,6867,7818,9273,9273,9273,9273,9273,9273,TRUE,TRUE
1037,17.6640305238612,9.35888809316299,165.315684947032,5163,8882,9273,9273,9273,9273,9273,9273,TRUE,TRUE
1038,46.1899414614769,58.7218200419582,2712.35743024943,8648,2520,9273,9273,9273,9273,9273,9273,TRUE,TRUE
1039,31.2506421797115,34.2799351503025,1071.26998732582,7014,5442,9273,9273,9273,9273,9273,9273,TRUE,TRUE
1040,23.747184892901,27.9498300260427,663.729781353591,1581,6835,9273,9273,9273,9273,9273,9273,TRUE,TRUE
1041,20.8257316575699,32.3821897449812,674.382794113491,2767,6792,9273,9273,9273,9273,9273,9273,TRUE,TRUE
1042,48.1226267065944,39.387212211039,1895.41611024525,4633,3537,9273,9273,9273,9273,9273,9273,TRUE,TRUE
1043,35.587229293432,36.7743849827693,1308.69847050675,5120,4769,9273,9273,9273,9273,9273,9273,TRUE,TRUE
1044,39.0505365237855,67.0257010208933,2617.38958574872,5606,2620,9273,9273,9273,9273,9273,9273,TRUE,TRUE
1045,56.006896471336,76.0137465600571,4257.29403398749,8699,1505,9273,9273,9273,9273,9273,9273,TRUE,TRUE
1046,67.0410641321527,86.4556548963034,5796.07910449034,3922,977,9273,9273,9273,9273,9273,9273,TRUE,TRUE
1047,22.155308150452,47.8163066733156,1059.38500896382,1126,5479,9273,9273,9273,9273,9273,9273,TRUE,TRUE
1048,18.807907730341,11.5825698852539,217.843905682081,2244,8681,9273,9273,9273,9273,9273,9273,TRUE,TRUE
1049,55.5193974581356,82.9046047207661,4602.81370060184,6974,1350,9273,9273,9273,9273,9273,9273,TRUE,TRUE
1050,28.3318631817353,21.3846554220238,605.867131605333,4191,7068,9273,9273,9273,9273,9273,9273,TRUE,TRUE
1051,27.3643468403425,38.4207302625062,1051.35818876246,762,5503,9273,9273,9273,9273,9273,9273,TRUE,TRUE
1052,49.0759355212051,64.4566908245132,3163.27240281406,8270,2142,9273,9273,9273,9273,9273,9273,TRUE,TRUE
1053,27.7607434121445,48.8363929780207,1355.73457463749,5152,4655,9273,9273,9273,9273,9273,9273,TRUE,TRUE
1054,46.827181299315,72.4525063416112,3392.7466500484,6512,1998,9273,9273,9273,9273,9273,9273,TRUE,TRUE
1055,19.6801474250258,42.924177155945,844.754134526921,2588,6162,9273,9273,9273,9273,9273,9273,TRUE,TRUE
1056,85.9986655514816,320.098227796883,27528.0204359261,6892,55,9273,9273,9273,9273,9273,9273,TRUE,TRUE
1057,37.7892989575023,93.5245847836347,3534.22849426504,423,1900,9273,9273,9273,9273,9273,9273,TRUE,TRUE
1058,11.4795778709299,49.9202763753779,573.063699989495,4703,7191,9273,9273,9273,9273,9273,9273,TRUE,TRUE
1059,38.5368455399125,31.4378959198868,1211.51733916453,1794,5047,9273,9273,9273,9273,9273,9273,TRUE,TRUE
1060,44.9343449204369,37.407056029919,1680.86155810649,6698,3919,9273,9273,9273,9273,9273,9273,TRUE,TRUE
1061,28.7826400690781,40.4433128266108,1164.06531628947,5473,5194,9273,9273,9273,9273,9273,9273,TRUE,TRUE
1062,33.6984118586001,60.6796813296235,2044.80889289426,8577,3309,9273,9273,9273,9273,9273,9273,TRUE,TRUE
1063,76.4564813047975,101.062377699129,7726.87379117183,9112,634,9273,9273,9273,9273,9273,9273,TRUE,TRUE
1064,20.284102717664,31.4831963506443,638.608388656854,7440,6925,9273,9273,9273,9273,9273,9273,TRUE,TRUE
1065,24.4605424150956,26.9204708749214,658.489319670362,5159,6860,9273,9273,9273,9273,9273,9273,TRUE,TRUE
1066,26.2972666153885,42.3432877052558,1113.51272615722,8038,5326,9273,9273,9273,9273,9273,9273,TRUE,TRUE
1067,10.1354907544679,39.9292984177283,404.703034945273,8729,7903,9273,9273,9273,9273,9273,9273,TRUE,TRUE
1068,53.4693981749671,23.3196691742965,1246.88867638897,4950,4933,9273,9273,9273,9273,9273,9273,TRUE,TRUE
1069,35.2511795057717,30.3635940379614,1070.35250387256,3518,5446,9273,9273,9273,9273,9273,9273,TRUE,TRUE
1070,14.447705307985,12.0100959631113,173.518327195652,4453,8854,9273,9273,9273,9273,9273,9273,TRUE,TRUE
1071,61.0499086824182,38.3865042960807,2343.49258191298,4833,2942,9273,9273,9273,9273,9273,9273,TRUE,TRUE
1072,18.7454537147485,84.0545383973974,1575.64045904296,8235,4118,9273,9273,9273,9273,9273,9273,TRUE,TRUE
1073,59.4062218039159,12.9410716356984,768.780171970665,5619,6438,9273,9273,9273,9273,9273,9273,TRUE,TRUE
1074,4.6976943372566,30.5473885714451,143.502294310055,3468,8957,9273,9273,9273,9273,9273,9273,TRUE,TRUE
1075,20.4341583037766,28.9026901016651,590.602144942421,2590,7128,9273,9273,9273,9273,9273,9273,TRUE,TRUE
1076,19.7204044068732,52.2575750583556,1030.5405134733,4867,5555,9273,9273,9273,9273,9273,9273,TRUE,TRUE
1077,15.6544588057549,31.6523835030231,495.500933652032,4617,7517,9273,9273,9273,9273,9273,9273,TRUE,TRUE
1078,68.4614816234536,158.839506697981,10874.3879688823,1113,359,9273,9273,9273,9273,9273,9273,TRUE,TRUE
1079,28.7253026594195,19.6503769556681,564.46302542325,598,7231,9273,9273,9273,9273,9273,9273,TRUE,TRUE
1080,46.5023090074436,17.0681484577527,793.708313767341,7799,6330,9273,9273,9273,9273,9273,9273,TRUE,TRUE
1081,11.783672817408,45.7569658125678,539.185114252622,3335,7342,9273,9273,9273,9273,9273,9273,TRUE,TRUE
1082,9.48433816693995,16.2399276329653,154.024965477676,6795,8925,9273,9273,9273,9273,9273,9273,TRUE,TRUE
1083,21.4148354166282,22.7886066836511,488.014261504663,2999,7544,9273,9273,9273,9273,9273,9273,TRUE,TRUE
1084,47.8718054805483,26.6380711964199,1275.21256269201,7237,4856,9273,9273,9273,9273,9273,9273,TRUE,TRUE
1085,51.504225591769,42.335954837371,2180.4805685869,5974,3137,9273,9273,9273,9273,9273,9273,TRUE,TRUE
1086,44.9459029547602,25.8346561299239,1161.16194728516,5568,5199,9273,9273,9273,9273,9273,9273,TRUE,TRUE
1087,51.1107370810075,39.5264630751176,2020.22666197449,8971,3336,9273,9273,9273,9273,9273,9273,TRUE,TRUE
1088,17.731588511467,22.2232457208633,394.053448511568,7759,7949,9273,9273,9273,9273,9273,9273,TRUE,TRUE
1089,8.08906455874443,21.6632082033157,175.235089706143,4102,8845,9273,9273,9273,9273,9273,9273,TRUE,TRUE
1090,30.1314919757843,18.7102900028229,563.768953084655,6183,7235,9273,9273,9273,9273,9273,9273,TRUE,TRUE
1091,84.2242695726577,44.1576329001499,3719.14437707269,6841,1778,9273,9273,9273,9273,9273,9273,TRUE,TRUE
1092,37.5280155331156,71.622603866743,2687.85419043331,7873,2542,9273,9273,9273,9273,9273,9273,TRUE,TRUE
1093,10.9790742048062,124.645753286779,1368.49497464952,6359,4625,9273,9273,9273,9273,9273,9273,TRUE,TRUE
1094,33.2120728001152,34.5101749610246,1146.15444315026,6768,5238,9273,9273,9273,9273,9273,9273,TRUE,TRUE
1095,32.3235779319046,56.1298311348061,1814.31697099055,1940,3678,9273,9273,9273,9273,9273,9273,TRUE,TRUE
1096,46.3293660102266,77.2480380427971,3578.85262805665,4529,1871,9273,9273,9273,9273,9273,9273,TRUE,TRUE
1097,26.5945515406908,53.3299220765131,1418.28536132485,5006,4490,9273,9273,9273,9273,9273,9273,TRUE,TRUE
1098,29.4213683495302,45.2701517575251,1331.90981009728,4195,4718,9273,9273,9273,9273,9273,9273,TRUE,TRUE
1099,32.0788651883602,37.0387191772461,1188.16007923641,2883,5108,9273,9273,9273,9273,9273,9273,TRUE,TRUE
1100,32.0744028723138,30.438619947841,976.300559084301,6609,5723,9273,9273,9273,9273,9273,9273,TRUE,TRUE
1101,33.9596571469307,27.5817735266686,936.667572469953,8005,5850,9273,9273,9273,9273,9273,9273,TRUE,TRUE
1102,27.3584337852262,127.074700714606,3476.56478527797,725,1932,9273,9273,9273,9273,9273,9273,TRUE,TRUE
1103,8.62594904756676,39.6894362810847,342.359055087284,712,8179,9273,9273,9273,9273,9273,9273,TRUE,TRUE
1104,31.1231182001333,56.8821477594629,1770.34980819521,7670,3755,9273,9273,9273,9273,9273,9273,TRUE,TRUE
1105,71.7866669814183,69.963825640573,5022.46985200582,1182,1195,9273,9273,9273,9273,9273,9273,TRUE,TRUE
1106,90.910443810141,71.8771894266651,6534.3871906037,6229,809,9273,9273,9273,9273,9273,9273,TRUE,TRUE
1107,32.1576916589556,44.7112032632692,1437.8090882411,2235,4443,9273,9273,9273,9273,9273,9273,TRUE,TRUE
1108,108.53878880899,69.2040758304989,7511.32657128784,8562,663,9273,9273,9273,9273,9273,9273,TRUE,TRUE
1109,25.6644743413341,30.9110444581428,793.315707359843,5746,6333,9273,9273,9273,9273,9273,9273,TRUE,TRUE
1110,36.3119720987066,49.5491329134054,1799.22673186668,8248,3716,9273,9273,9273,9273,9273,9273,TRUE,TRUE
1111,29.8185461895474,58.3833571676323,1740.90683240388,8739,3804,9273,9273,9273,9273,9273,9273,TRUE,TRUE
1112,10.145028250558,14.5463854925973,147.573491765907,2680,8947,9273,9273,9273,9273,9273,9273,TRUE,TRUE
1113,36.9863130541131,147.469325780396,5454.34664919273,8597,1078,9273,9273,9273,9273,9273,9273,TRUE,TRUE
1114,1.49052267643943,1.93770743128079,2.88819686662921,2624,9252,9273,9273,9273,9273,9273,9273,TRUE,TRUE
1115,51.0515993558444,23.7808518776527,1214.0505223986,8825,5034,9273,9273,9273,9273,9273,9273,TRUE,TRUE
1116,20.5145893040158,11.8492418811435,243.082330755601,6072,8585,9273,9273,9273,9273,9273,9273,TRUE,TRUE
1117,84.0932556152344,124.046167038227,10431.4460328357,9129,388,9273,9273,9273,9273,9273,9273,TRUE,TRUE
1118,49.2031835779067,73.0222298060694,3592.92617841612,8143,1857,9273,9273,9273,9273,9273,9273,TRUE,TRUE
1119,63.4146893007042,59.3147393010829,3761.42576373044,3559,1751,9273,9273,9273,9273,9273,9273,TRUE,TRUE
1120,13.0499860791193,9.647526671921,125.900088766501,8777,9010,9273,9273,9273,9273,9273,9273,TRUE,TRUE
1121,28.9082921981812,20.3113414613824,587.166193902675,6951,7140,9273,9273,9273,9273,9273,9273,TRUE,TRUE
1122,107.252160428483,129.755761939802,13916.5857960877,2518,238,9273,9273,9273,9273,9273,9273,TRUE,TRUE
1123,86.1966284983086,199.200896963929,17170.4457121296,3350,157,9273,9273,9273,9273,9273,9273,TRUE,TRUE
1124,32.7278154117545,17.425675259423,570.304283315573,4795,7207,9273,9273,9273,9273,9273,9273,TRUE,TRUE
1125,24.5678691737977,39.1150404976328,960.973197673643,6426,5769,9273,9273,9273,9273,9273,9273,TRUE,TRUE
1126,65.5499527207054,84.8926083171022,5564.70646152341,4637,1047,9273,9273,9273,9273,9273,9273,TRUE,TRUE
1127,25.9184727876576,25.8999527917611,671.287221634876,7821,6811,9273,9273,9273,9273,9273,9273,TRUE,TRUE
1128,56.396919759695,112.097722857186,6321.96628122124,5215,857,9273,9273,9273,9273,9273,9273,TRUE,TRUE
1129,47.3702276593821,69.2604898139475,3280.88517028701,5390,2071,9273,9273,9273,9273,9273,9273,TRUE,TRUE
1130,28.7255438535378,66.3396660788306,1905.6429871765,4544,3514,9273,9273,9273,9273,9273,9273,TRUE,TRUE
1131,18.3951603501708,43.7230457976624,804.29243844586,8860,6299,9273,9273,9273,9273,9273,9273,TRUE,TRUE
1132,12.1285286778989,10.0053763596908,121.350494111682,2837,9022,9273,9273,9273,9273,9273,9273,TRUE,TRUE
1133,43.4492094539461,30.0867732365926,1307.24651215009,3831,4772,9273,9273,9273,9273,9273,9273,TRUE,TRUE
1134,19.7758181203118,45.6969296824226,903.694170056266,2959,5961,9273,9273,9273,9273,9273,9273,TRUE,TRUE
1135,33.2930647494945,15.1545510271762,504.541448597297,8034,7483,9273,9273,9273,9273,9273,9273,TRUE,TRUE
1136,73.8839127676828,41.0491989265336,3032.87543267126,2679,2237,9273,9273,9273,9273,9273,9273,TRUE,TRUE
1137,43.0667878280986,37.8805457353592,1631.3934259973,7369,4007,9273,9273,9273,9273,9273,9273,TRUE,TRUE
1138,34.52356080739,75.3598315760775,2601.68972785138,6397,2637,9273,9273,9273,9273,9273,9273,TRUE,TRUE
1139,154.62636340665,231.251152913911,35757.5248086731,4898,33,9273,9273,9273,9273,9273,9273,TRUE,TRUE
1140,37.9222259548577,123.563690659675,4685.81019701233,2510,1323,9273,9273,9273,9273,9273,9273,TRUE,TRUE
1141,122.780401589186,173.438916082052,21294.8997677474,8865,104,9273,9273,9273,9273,9273,9273,TRUE,TRUE
1142,51.3726606453564,48.5833707836503,2495.85702027599,4943,2753,9273,9273,9273,9273,9273,9273,TRUE,TRUE
1143,62.0055285441703,51.5118441374406,3194.01912202692,8427,2119,9273,9273,9273,9273,9273,9273,TRUE,TRUE
1144,40.8280135988014,44.8018516525479,1829.17060852171,5363,3649,9273,9273,9273,9273,9273,9273,TRUE,TRUE
1145,23.3706173837678,24.3621960553256,569.35956263735,2060,7213,9273,9273,9273,9273,9273,9273,TRUE,TRUE
1146,25.5670169161622,23.5883822384671,603.084567715787,385,7079,9273,9273,9273,9273,9273,9273,TRUE,TRUE
1147,12.4863709833918,27.1075483719694,338.474905422648,3896,8208,9273,9273,9273,9273,9273,9273,TRUE,TRUE
1148,36.6654182453219,24.9027805009415,913.070862538466,2807,5935,9273,9273,9273,9273,9273,9273,TRUE,TRUE
1149,32.0122868061066,38.1333313941956,1220.7351414633,6384,5009,9273,9273,9273,9273,9273,9273,TRUE,TRUE
1150,18.5385211583779,52.2964763822664,969.499333921258,2262,5746,9273,9273,9273,9273,9273,9273,TRUE,TRUE
1151,36.6502897632656,46.7773191750939,1714.40230211595,2352,3861,9273,9273,9273,9273,9273,9273,TRUE,TRUE
1152,38.4422308708305,91.3002612555205,3509.78572175186,6454,1914,9273,9273,9273,9273,9273,9273,TRUE,TRUE
1153,59.6311695306821,53.1899693316983,3171.78007855028,7303,2135,9273,9273,9273,9273,9273,9273,TRUE,TRUE
1154,11.7481484228803,45.2437477419057,531.530263679262,5243,7377,9273,9273,9273,9273,9273,9273,TRUE,TRUE
1155,18.6865533457334,35.3141066220652,659.89893725014,979,6852,9273,9273,9273,9273,9273,9273,TRUE,TRUE
1156,59.3814181534536,116.495605262034,6917.67424910449,6680,747,9273,9273,9273,9273,9273,9273,TRUE,TRUE
1157,15.3865948404585,18.0375213895525,277.536033547148,4920,8450,9273,9273,9273,9273,9273,9273,TRUE,TRUE
1158,22.7908808440559,78.2601641666277,1783.61807635786,2198,3733,9273,9273,9273,9273,9273,9273,TRUE,TRUE
1159,23.0571581155826,136.888918402256,3156.2694358719,6124,2151,9273,9273,9273,9273,9273,9273,TRUE,TRUE
1160,7.12796479266211,23.5174652440658,167.631664272356,2765,8872,9273,9273,9273,9273,9273,9273,TRUE,TRUE
1161,27.3657083480981,85.0429876777017,2327.26159783888,6628,2956,9273,9273,9273,9273,9273,9273,TRUE,TRUE
1162,68.089257486641,115.112679854683,7837.93689860279,6541,624,9273,9273,9273,9273,9273,9273,TRUE,TRUE
1163,20.8274059617519,50.7087056922913,1056.13079924835,6226,5490,9273,9273,9273,9273,9273,9273,TRUE,TRUE
1164,58.0436542605566,65.9441083482474,3827.63702548636,7610,1719,9273,9273,9273,9273,9273,9273,TRUE,TRUE
1165,177.253321030201,109.500719292959,19409.3661498727,7532,129,9273,9273,9273,9273,9273,9273,TRUE,TRUE
1166,22.7868624998061,41.179889684224,938.360483991596,1778,5843,9273,9273,9273,9273,9273,9273,TRUE,TRUE
1167,29.1059505127289,39.2192691743592,1141.51410773429,4440,5251,9273,9273,9273,9273,9273,9273,TRUE,TRUE
1168,20.2802091413293,37.5636401373493,761.798478095075,219,6470,9273,9273,9273,9273,9273,9273,TRUE,TRUE
1169,11.4863561081179,21.6431413424217,248.600828757385,190,8555,9273,9273,9273,9273,9273,9273,TRUE,TRUE
1170,17.3592513042026,43.9995700242784,763.799593328309,3829,6464,9273,9273,9273,9273,9273,9273,TRUE,TRUE
1171,29.2155614766208,40.1224062659524,1172.19862685289,3933,5165,9273,9273,9273,9273,9273,9273,TRUE,TRUE
1172,61.4884552354211,107.045860479544,6582.08460023357,4038,804,9273,9273,9273,9273,9273,9273,TRUE,TRUE
1173,66.9608122813396,92.0012142108037,6160.47603442494,6333,898,9273,9273,9273,9273,9273,9273,TRUE,TRUE
1174,26.4746682214265,51.8902692379338,1373.77766199479,439,4615,9273,9273,9273,9273,9273,9273,TRUE,TRUE
1175,62.8480297138817,44.9966240701405,2827.94916658455,5573,2419,9273,9273,9273,9273,9273,9273,TRUE,TRUE
1176,28.7166264314278,43.9867664084715,1263.15153887855,1321,4893,9273,9273,9273,9273,9273,9273,TRUE,TRUE
1177,57.4446619625749,28.3529114449161,1628.72341360803,3959,4016,9273,9273,9273,9273,9273,9273,TRUE,TRUE
1178,15.7890557171008,6.65597623422605,105.091579613894,271,9047,9273,9273,9273,9273,9273,9273,TRUE,TRUE
1179,90.3884298085544,126.822282039154,11463.2669382568,5058,315,9273,9273,9273,9273,9273,9273,TRUE,TRUE
1180,16.9086326848658,16.8564655373134,285.01978413553,753,8421,9273,9273,9273,9273,9273,9273,TRUE,TRUE
1181,58.1887683329609,11.99458927758,697.950376722118,414,6714,9273,9273,9273,9273,9273,9273,TRUE,TRUE
1182,70.4412915090163,75.9362957581553,5349.05074561509,582,1105,9273,9273,9273,9273,9273,9273,TRUE,TRUE
1183,37.497850642865,121.41905220589,4552.95348481469,5425,1370,9273,9273,9273,9273,9273,9273,TRUE,TRUE
1184,5.90599615727702,11.222615152277,66.2807219639466,2860,9168,9273,9273,9273,9273,9273,9273,TRUE,TRUE
1185,18.9416601331402,28.86793052705,546.806528790484,704,7304,9273,9273,9273,9273,9273,9273,TRUE,TRUE
1186,22.4366360803008,58.9641135379607,1322.95635724876,5840,4739,9273,9273,9273,9273,9273,9273,TRUE,TRUE
1187,60.8733607660304,125.302377315383,7627.57681916056,4558,650,9273,9273,9273,9273,9273,9273,TRUE,TRUE
1188,97.3273575231099,124.301499251293,12097.9364582892,2770,288,9273,9273,9273,9273,9273,9273,TRUE,TRUE
1189,31.4241873824596,58.1928533864021,1828.6631291343,515,3651,9273,9273,9273,9273,9273,9273,TRUE,TRUE
1190,21.7615238034284,69.105018091555,1503.83049613572,5668,4291,9273,9273,9273,9273,9273,9273,TRUE,TRUE
1191,28.6086876249832,57.8851253675378,1656.01746977288,5000,3960,9273,9273,9273,9273,9273,9273,TRUE,TRUE
1192,28.3555188981613,56.9781323549378,1615.64450877238,774,4041,9273,9273,9273,9273,9273,9273,TRUE,TRUE
1193,24.2283645188808,16.1137683153153,390.41025251625,2091,7962,9273,9273,9273,9273,9273,9273,TRUE,TRUE
1194,34.0076628043734,45.4173307287282,1544.53726889729,2176,4184,9273,9273,9273,9273,9273,9273,TRUE,TRUE
1195,88.8095978401718,85.9112420369193,7629.74285524847,1105,649,9273,9273,9273,9273,9273,9273,TRUE,TRUE
1196,9.16952886162223,34.2213137071211,313.793323720076,4341,8322,9273,9273,9273,9273,9273,9273,TRUE,TRUE
1197,21.8158587168532,22.0024611824437,480.002584579239,5922,7578,9273,9273,9273,9273,9273,9273,TRUE,TRUE
1198,26.1597043701307,58.4509807721595,1529.06037714388,8147,4229,9273,9273,9273,9273,9273,9273,TRUE,TRUE
1199,27.7125369071961,38.884296131134,1077.58249164439,9259,5423,9273,9273,9273,9273,9273,9273,TRUE,TRUE
1200,62.6257591993018,43.1725746087951,2703.71526146429,5698,2524,9273,9273,9273,9273,9273,9273,TRUE,TRUE
1201,86.06323694203,87.1263823117295,7498.37848479627,5520,668,9273,9273,9273,9273,9273,9273,TRUE,TRUE
1202,75.4080170894795,52.9195738210815,3990.56012706809,4962,1633,9273,9273,9273,9273,9273,9273,TRUE,TRUE
1203,116.8954113648,17.1434942599946,2003.99581375216,3884,3355,9273,9273,9273,9273,9273,9273,TRUE,TRUE
1204,34.1482852271625,74.9320410949843,2558.80071196499,1540,2680,9273,9273,9273,9273,9273,9273,TRUE,TRUE
1205,45.8672549756653,62.9212433725195,2886.02471315324,2028,2366,9273,9273,9273,9273,9273,9273,TRUE,TRUE
1206,38.6666056784124,43.2059359211739,1670.62688723079,1737,3937,9273,9273,9273,9273,9273,9273,TRUE,TRUE
1207,14.810140984046,33.8712192940588,501.637533046552,4837,7497,9273,9273,9273,9273,9273,9273,TRUE,TRUE
1208,20.8967922452534,17.5757143371984,367.276051066356,3417,8080,9273,9273,9273,9273,9273,9273,TRUE,TRUE
1209,33.7728831060068,26.1676113012056,883.755677639038,8629,6039,9273,9273,9273,9273,9273,9273,TRUE,TRUE
1210,25.0609727593941,15.9359690425842,399.37088607075,7553,7925,9273,9273,9273,9273,9273,9273,TRUE,TRUE
1211,59.5105765463863,71.434852991508,4251.12928703099,4609,1512,9273,9273,9273,9273,9273,9273,TRUE,TRUE
1212,17.9424044370651,9.80063335895538,175.84692746577,2812,8843,9273,9273,9273,9273,9273,9273,TRUE,TRUE
1213,91.5139757332594,91.786129779401,8399.71365328191,8584,556,9273,9273,9273,9273,9273,9273,TRUE,TRUE
1214,23.1008784151453,37.6029841186493,868.661964171557,412,6090,9273,9273,9273,9273,9273,9273,TRUE,TRUE
1215,11.2070734563627,33.0662198719225,370.575555028875,6890,8059,9273,9273,9273,9273,9273,9273,TRUE,TRUE
1216,23.0328328348262,24.1091936618298,555.303027395378,748,7275,9273,9273,9273,9273,9273,9273,TRUE,TRUE
1217,44.8983719675165,79.8698272939314,3586.02521482423,3196,1864,9273,9273,9273,9273,9273,9273,TRUE,TRUE
1218,34.1992666157516,50.0093277886107,1710.28233431721,5014,3869,9273,9273,9273,9273,9273,9273,TRUE,TRUE
1219,27.5151341386463,49.4808884897094,1361.47328409376,665,4644,9273,9273,9273,9273,9273,9273,TRUE,TRUE
1220,32.3685278714749,45.9774496262534,1488.22235968671,940,4327,9273,9273,9273,9273,9273,9273,TRUE,TRUE
1221,56.9853963721288,22.3351824838821,1272.77922688785,2953,4863,9273,9273,9273,9273,9273,9273,TRUE,TRUE
1222,26.8118345396859,36.0412463728262,966.331934352273,754,5751,9273,9273,9273,9273,9273,9273,TRUE,TRUE
1223,11.4508246852726,16.5047835658808,188.99338308127,191,8792,9273,9273,9273,9273,9273,9273,TRUE,TRUE
1224,10.5817046007573,8.53034695252678,90.2656115936088,647,9096,9273,9273,9273,9273,9273,9273,TRUE,TRUE
1225,52.504386942516,57.4638759258182,3017.10557682589,8817,2253,9273,9273,9273,9273,9273,9273,TRUE,TRUE
1226,29.6568821885369,24.890484195767,738.174157409502,2752,6546,9273,9273,9273,9273,9273,9273,TRUE,TRUE
1227,79.7017563956125,82.750663287299,6595.37320689966,8806,800,9273,9273,9273,9273,9273,9273,TRUE,TRUE
1228,22.5771114817405,56.1069180868649,1266.73214454403,8286,4880,9273,9273,9273,9273,9273,9273,TRUE,TRUE
1229,40.2193929515599,85.1489833518503,3424.6404208539,3303,1973,9273,9273,9273,9273,9273,9273,TRUE,TRUE
1230,44.7728023529053,62.1130506038666,2780.97533822292,5538,2457,9273,9273,9273,9273,9273,9273,TRUE,TRUE
1231,17.9062370926369,30.2947946577582,542.465775814568,4547,7323,9273,9273,9273,9273,9273,9273,TRUE,TRUE
1232,39.6062823460543,171.36098191468,6786.9714328099,6623,766,9273,9273,9273,9273,9273,9273,TRUE,TRUE
1233,23.115060454548,42.7966140189974,989.24632029908,120,5674,9273,9273,9273,9273,9273,9273,TRUE,TRUE
1234,35.3787573724985,47.957591857229,1696.68000648621,5348,3893,9273,9273,9273,9273,9273,9273,TRUE,TRUE
1235,19.69359446258,72.357876564959,1424.98667724372,4117,4472,9273,9273,9273,9273,9273,9273,TRUE,TRUE
1236,16.7366237640381,24.1227546419416,403.73346859438,6733,7906,9273,9273,9273,9273,9273,9273,TRUE,TRUE
1237,43.1445843419964,98.9687563097504,4269.96585382852,113,1497,9273,9273,9273,9273,9273,9273,TRUE,TRUE
1238,8.37192346949777,24.4501333864863,204.694645530676,6923,8738,9273,9273,9273,9273,9273,9273,TRUE,TRUE
1239,14.3370558684415,34.7061332664867,497.583771619197,6130,7510,9273,9273,9273,9273,9273,9273,TRUE,TRUE
1240,36.3899008164923,21.9904468318066,800.230179119789,4842,6309,9273,9273,9273,9273,9273,9273,TRUE,TRUE
1241,42.816906787731,40.1372402559513,1718.55247475583,1498,3851,9273,9273,9273,9273,9273,9273,TRUE,TRUE
1242,13.1464749545867,16.7801649904481,220.600018780759,110,8670,9273,9273,9273,9273,9273,9273,TRUE,TRUE
1243,60.2685117753067,71.2717150801604,4295.44019955495,8448,1482,9273,9273,9273,9273,9273,9273,TRUE,TRUE
1244,11.1814456994717,11.1615497148954,124.802262059057,1869,9014,9273,9273,9273,9273,9273,9273,TRUE,TRUE
1245,38.0789081302516,68.9007989770812,2623.66719434921,8923,2612,9273,9273,9273,9273,9273,9273,TRUE,TRUE
1246,22.1807926549125,21.4671702065419,476.15885123902,897,7603,9273,9273,9273,9273,9273,9273,TRUE,TRUE
1247,12.9118508618287,39.6241981573779,511.621737127613,4984,7456,9273,9273,9273,9273,9273,9273,TRUE,TRUE
1248,21.3433766019344,11.735305018425,250.471034546816,1738,8547,9273,9273,9273,9273,9273,9273,TRUE,TRUE
1249,17.504676813982,17.5076148266695,306.465139324529,5324,8348,9273,9273,9273,9273,9273,9273,TRUE,TRUE
1250,109.984681063228,126.607706540426,13924.9082239955,888,236,9273,9273,9273,9273,9273,9273,TRUE,TRUE
1251,40.6266615474567,25.2853697648825,1027.26015954018,4343,5563,9273,9273,9273,9273,9273,9273,TRUE,TRUE
1252,14.1087047696114,9.86426961660385,139.172067788511,8722,8970,9273,9273,9273,9273,9273,9273,TRUE,TRUE
1253,46.0835222419765,44.9018749925825,2069.23655492713,7117,3277,9273,9273,9273,9273,9273,9273,TRUE,TRUE
1254,50.8700043328918,25.7166118354294,1308.20415549559,2451,4770,9273,9273,9273,9273,9273,9273,TRUE,TRUE
1255,18.69609294818,17.8428157366239,333.590941469169,1710,8231,9273,9273,9273,9273,9273,9273,TRUE,TRUE
1256,63.0308031301335,23.2902175849691,1468.00111945616,7192,4375,9273,9273,9273,9273,9273,9273,TRUE,TRUE
1257,16.011698153019,44.3955655670166,710.848395191632,8323,6663,9273,9273,9273,9273,9273,9273,TRUE,TRUE
1258,66.5099031966867,133.973616203753,8910.57224462164,6314,504,9273,9273,9273,9273,9273,9273,TRUE,TRUE
1259,26.5264986456657,19.0142035270224,504.380244107971,390,7485,9273,9273,9273,9273,9273,9273,TRUE,TRUE
1260,10.3819535209778,12.890570323518,133.829301957659,3545,8989,9273,9273,9273,9273,9273,9273,TRUE,TRUE
1261,46.0655153083801,34.8113253116608,1603.60163904931,8986,4063,9273,9273,9273,9273,9273,9273,TRUE,TRUE
1262,40.2734425966857,69.4201931992515,2795.79016586089,5481,2442,9273,9273,9273,9273,9273,9273,TRUE,TRUE
1263,108.875048183441,183.829115436554,20014.4038006742,4133,115,9273,9273,9273,9273,9273,9273,TRUE,TRUE
1264,7.80413815507857,7.49308321087859,58.4770565851963,2465,9184,9273,9273,9273,9273,9273,9273,TRUE,TRUE
1265,15.4207515113956,27.8246223725679,429.076587505789,8780,7783,9273,9273,9273,9273,9273,9273,TRUE,TRUE
1266,26.8327144138849,44.9092423040475,1205.03687328846,1587,5061,9273,9273,9273,9273,9273,9273,TRUE,TRUE
1267,14.7642492262785,16.5149648327473,243.831056753906,772,8581,9273,9273,9273,9273,9273,9273,TRUE,TRUE
1268,51.5011159952386,27.9302300219555,1438.43801613443,5671,4440,9273,9273,9273,9273,9273,9273,TRUE,TRUE
1269,39.6501099450248,43.5906598075988,1728.37445394746,4043,3826,9273,9273,9273,9273,9273,9273,TRUE,TRUE
1270,29.4265969097614,18.4557273293796,543.089248798122,5123,7319,9273,9273,9273,9273,9273,9273,TRUE,TRUE
1271,44.1297703375582,53.3118478489704,2352.63960184591,5200,2930,9273,9273,9273,9273,9273,9273,TRUE,TRUE
1272,51.2728635230951,38.4207964449857,1969.94425257237,1666,3405,9273,9273,9273,9273,9273,9273,TRUE,TRUE
1273,49.2476004251727,58.5177441732383,2881.85848282612,4890,2371,9273,9273,9273,9273,9273,9273,TRUE,TRUE
1274,1.451028411205,0,0,3356,9263,9273,9273,9273,9273,9273,9273,TRUE,TRUE
1275,20.9336129119455,32.9760937640187,690.308782203988,8298,6738,9273,9273,9273,9273,9273,9273,TRUE,TRUE
1276,12.7093757467067,0.722161692084996,9.17822429458571,7465,9249,9273,9273,9273,9273,9273,9273,TRUE,TRUE
1277,29.4806038428596,57.454691080783,1693.79898666644,3699,3898,9273,9273,9273,9273,9273,9273,TRUE,TRUE
1278,24.4832122978286,12.4114679697141,303.872605230211,6067,8352,9273,9273,9273,9273,9273,9273,TRUE,TRUE
1279,45.2000100898743,33.7294196844101,1524.57011006094,7071,4240,9273,9273,9273,9273,9273,9273,TRUE,TRUE
1280,37.1537656147089,53.9594881200079,2004.79817430044,6201,3353,9273,9273,9273,9273,9273,9273,TRUE,TRUE
1281,24.210768182227,32.429532903306,785.143903379844,798,6362,9273,9273,9273,9273,9273,9273,TRUE,TRUE
1282,1.7445919665298,10.9329155387217,19.0734766196027,7355,9234,9273,9273,9273,9273,9273,9273,TRUE,TRUE
1283,36.198309749957,35.2171859741211,1274.80260641308,1500,4858,9273,9273,9273,9273,9273,9273,TRUE,TRUE
1284,17.3695180369722,34.2717202665277,595.283263327519,5102,7109,9273,9273,9273,9273,9273,9273,TRUE,TRUE
1285,21.4017163039812,25.3064134385851,541.600681083855,2428,7329,9273,9273,9273,9273,9273,9273,TRUE,TRUE
1286,6.34697172641754,17.5138410305977,111.159853842175,6017,9038,9273,9273,9273,9273,9273,9273,TRUE,TRUE
1287,18.7811041681954,12.2704475381401,230.452553404186,4406,8631,9273,9273,9273,9273,9273,9273,TRUE,TRUE
1288,56.2343462489325,73.7477205735219,4147.15485380096,4769,1557,9273,9273,9273,9273,9273,9273,TRUE,TRUE
1289,27.139407701871,55.6911076879674,1511.42367691255,737,4276,9273,9273,9273,9273,9273,9273,TRUE,TRUE
1290,52.2913192472478,129.28917350647,6760.70144703966,4039,774,9273,9273,9273,9273,9273,9273,TRUE,TRUE
1291,32.2082476436167,60.1691519933899,1937.94294790951,4313,3448,9273,9273,9273,9273,9273,9273,TRUE,TRUE
1292,13.6425918368151,44.4368606822282,606.233952797054,3853,7067,9273,9273,9273,9273,9273,9273,TRUE,TRUE
1293,18.8793526136046,37.0243551633913,698.995856420996,5377,6710,9273,9273,9273,9273,9273,9273,TRUE,TRUE
1294,14.6234947229687,63.0777400284483,922.416998442802,7866,5906,9273,9273,9273,9273,9273,9273,TRUE,TRUE
1295,24.1041715035072,42.531391290518,1025.18394994942,5212,5570,9273,9273,9273,9273,9273,9273,TRUE,TRUE
1296,16.1626318085868,38.6645680328585,624.921177153149,797,6981,9273,9273,9273,9273,9273,9273,TRUE,TRUE
1297,51.1165035128913,55.3415695080489,2828.8675321671,7415,2418,9273,9273,9273,9273,9273,9273,TRUE,TRUE
1298,34.0483086016029,36.2617892026901,1234.65258921947,7509,4967,9273,9273,9273,9273,9273,9273,TRUE,TRUE
1299,107.330725381183,174.751668029546,18756.2232911829,6241,135,9273,9273,9273,9273,9273,9273,TRUE,TRUE
1300,9.58909718047741,10.7034352768299,102.636281034472,2720,9054,9273,9273,9273,9273,9273,9273,TRUE,TRUE
1301,53.8771241929505,59.2625401177249,3192.89523391238,4317,2120,9273,9273,9273,9273,9273,9273,TRUE,TRUE
1302,12.461789001257,20.5607307874239,256.223488784526,8744,8528,9273,9273,9273,9273,9273,9273,TRUE,TRUE
1303,8.49845447981289,57.5045004056368,488.699379081686,9106,7539,9273,9273,9273,9273,9273,9273,TRUE,TRUE
1304,33.1658079551042,64.7908690770467,2148.84152105363,5154,3171,9273,9273,9273,9273,9273,9273,TRUE,TRUE
1305,31.791028218097,24.0453441114311,764.426213160358,2795,6460,9273,9273,9273,9273,9273,9273,TRUE,TRUE
1306,59.7581111383438,28.9691155266762,1731.13962522264,3517,3822,9273,9273,9273,9273,9273,9273,TRUE,TRUE
1307,44.2291111695767,16.3937703895569,725.081893048225,7316,6597,9273,9273,9273,9273,9273,9273,TRUE,TRUE
1308,97.7162315438822,66.5776950619293,6505.72146632946,6440,815,9273,9273,9273,9273,9273,9273,TRUE,TRUE
1309,16.7458117863604,50.7763300051216,850.290865467891,3965,6147,9273,9273,9273,9273,9273,9273,TRUE,TRUE
1310,74.060439299493,31.2163208870992,2311.89443821251,7322,2972,9273,9273,9273,9273,9273,9273,TRUE,TRUE
1311,51.0582596102628,42.2295059446855,2156.16507773689,2734,3160,9273,9273,9273,9273,9273,9273,TRUE,TRUE
1312,17.9036177779636,54.4520195174391,974.888144678445,5923,5727,9273,9273,9273,9273,9273,9273,TRUE,TRUE
1313,13.9533599987626,16.5146928012371,230.435453924635,8279,8632,9273,9273,9273,9273,9273,9273,TRUE,TRUE
1314,53.1172877930758,44.4634478502106,2361.77775573206,5597,2917,9273,9273,9273,9273,9273,9273,TRUE,TRUE
1315,120.981154219982,180.315723367328,21814.8043369903,2295,100,9273,9273,9273,9273,9273,9273,TRUE,TRUE
1316,20.1024609009425,22.5287053982417,452.882419417005,7609,7683,9273,9273,9273,9273,9273,9273,TRUE,TRUE
1317,46.583020124879,37.343618020346,1739.57850977757,6906,3806,9273,9273,9273,9273,9273,9273,TRUE,TRUE
1318,60.757935439331,40.4101313600218,2455.23615226709,319,2797,9273,9273,9273,9273,9273,9273,TRUE,TRUE
1319,79.7184435109187,197.249767154289,15724.444420431,2576,183,9273,9273,9273,9273,9273,9273,TRUE,TRUE
1320,40.6108168281358,33.0930350977799,1343.93518664301,1484,4684,9273,9273,9273,9273,9273,9273,TRUE,TRUE
1321,41.7979176480195,121.469826872595,5077.18582033993,4293,1176,9273,9273,9273,9273,9273,9273,TRUE,TRUE
1322,88.2173166495527,159.579234371296,14077.6518492258,2621,231,9273,9273,9273,9273,9273,9273,TRUE,TRUE
1323,29.8728895920079,39.3639335167117,1175.91443985187,1140,5152,9273,9273,9273,9273,9273,9273,TRUE,TRUE
1324,53.2130947665892,11.3077094520348,601.718214664183,6370,7088,9273,9273,9273,9273,9273,9273,TRUE,TRUE
1325,24.5579313401735,25.4225627982577,624.325551690863,1811,6987,9273,9273,9273,9273,9273,9273,TRUE,TRUE
1326,74.668135342973,99.822534046816,7453.56248248619,9190,672,9273,9273,9273,9273,9273,9273,TRUE,TRUE
1327,48.957642527989,25.2197957141059,1234.7017432001,3006,4966,9273,9273,9273,9273,9273,9273,TRUE,TRUE
1328,36.2560277912977,49.0271511707666,1777.52975537547,2326,3741,9273,9273,9273,9273,9273,9273,TRUE,TRUE
1329,36.9197859660888,51.1989187925925,1890.25312351768,6662,3551,9273,9273,9273,9273,9273,9273,TRUE,TRUE
1330,29.8435709939074,28.3057214893512,844.743808801223,5775,6163,9273,9273,9273,9273,9273,9273,TRUE,TRUE
1331,35.6201368933139,67.6433457637179,2409.46523602539,306,2861,9273,9273,9273,9273,9273,9273,TRUE,TRUE
1332,6.78648885573435,25.5099021287581,173.122666507691,3452,8856,9273,9273,9273,9273,9273,9273,TRUE,TRUE
1333,43.9617440049212,83.335486495704,3663.57332384971,1821,1809,9273,9273,9273,9273,9273,9273,TRUE,TRUE
1334,13.2113027367741,79.6300019770861,1052.0160630492,1882,5501,9273,9273,9273,9273,9273,9273,TRUE,TRUE
1335,30.3020221121442,16.6160866240597,503.501024299558,7090,7491,9273,9273,9273,9273,9273,9273,TRUE,TRUE
1336,12.1473198438946,1.8757199739155,22.7849704607332,5995,9230,9273,9273,9273,9273,9273,9273,TRUE,TRUE
1337,22.1232646723925,42.0194705237552,929.607867790832,3051,5879,9273,9273,9273,9273,9273,9273,TRUE,TRUE
1338,24.8111208061471,21.4145508987644,531.31900935863,832,7379,9273,9273,9273,9273,9273,9273,TRUE,TRUE
1339,25.4387304367558,35.8110843612302,910.988521713254,7754,5939,9273,9273,9273,9273,9273,9273,TRUE,TRUE
1340,29.5156494140625,16.6101638197899,490.259772015064,6929,7537,9273,9273,9273,9273,9273,9273,TRUE,TRUE
1341,13.6397372939658,25.2701009515908,344.677538371694,2674,8169,9273,9273,9273,9273,9273,9273,TRUE,TRUE
1342,49.2199051111457,91.5283110001006,4505.01478240838,7319,1395,9273,9273,9273,9273,9273,9273,TRUE,TRUE
1343,13.8646990738663,26.4918914028243,367.302102197704,2847,8079,9273,9273,9273,9273,9273,9273,TRUE,TRUE
1344,30.2356233289165,43.0995258054426,1303.14102790828,93,4781,9273,9273,9273,9273,9273,9273,TRUE,TRUE
1345,66.6848791401561,27.753441415182,1850.73488649481,8159,3611,9273,9273,9273,9273,9273,9273,TRUE,TRUE
1346,46.1005542301664,52.472138077605,2418.99464701941,4067,2846,9273,9273,9273,9273,9273,9273,TRUE,TRUE
1347,47.8884803495909,70.7413461961244,3387.69556721671,5531,2006,9273,9273,9273,9273,9273,9273,TRUE,TRUE
1348,17.5207576966286,16.3428570270538,286.339238041654,4601,8415,9273,9273,9273,9273,9273,9273,TRUE,TRUE
1349,48.9524577063866,67.3372184627881,3296.32233886535,985,2063,9273,9273,9273,9273,9273,9273,TRUE,TRUE
1350,46.535064716929,36.0060531183616,1675.54401206414,1049,3932,9273,9273,9273,9273,9273,9273,TRUE,TRUE
1351,15.8237801380922,86.4042411244902,1367.24171455264,2550,4630,9273,9273,9273,9273,9273,9273,TRUE,TRUE
1352,21.676169146948,26.6728335706627,578.164852106077,9147,7174,9273,9273,9273,9273,9273,9273,TRUE,TRUE
1353,32.5510484356421,13.6330083565062,443.768715336148,1983,7715,9273,9273,9273,9273,9273,9273,TRUE,TRUE
1354,35.6304566950738,43.9280120270162,1565.17513022928,8943,4136,9273,9273,9273,9273,9273,9273,TRUE,TRUE
1355,68.3944958224016,38.2291735761306,2614.66505244653,7375,2621,9273,9273,9273,9273,9273,9273,TRUE,TRUE
1356,78.7038294773186,112.254902936716,8834.89073872425,4835,511,9273,9273,9273,9273,9273,9273,TRUE,TRUE
1357,8.07797587394714,23.9287892150879,193.296181972247,1723,8775,9273,9273,9273,9273,9273,9273,TRUE,TRUE
1358,31.8088527105857,18.7785315859145,597.323545337435,8156,7102,9273,9273,9273,9273,9273,9273,TRUE,TRUE
1359,28.6932511610143,66.1261479882633,1897.37417253764,2830,3535,9273,9273,9273,9273,9273,9273,TRUE,TRUE
1360,5.92419023230924,35.9190971972579,212.791564769361,3863,8700,9273,9273,9273,9273,9273,9273,TRUE,TRUE
1361,37.7441182633241,48.5788639138142,1833.56638466093,8167,3640,9273,9273,9273,9273,9273,9273,TRUE,TRUE
1362,28.0489406799448,33.508506908636,939.878122553851,6997,5837,9273,9273,9273,9273,9273,9273,TRUE,TRUE
1363,33.340609045553,60.6949906024633,2023.60795270024,5664,3330,9273,9273,9273,9273,9273,9273,TRUE,TRUE
1364,41.4596058280723,18.0293950108649,747.491610469069,7133,6521,9273,9273,9273,9273,9273,9273,TRUE,TRUE
1365,57.3311291909532,30.5892747483755,1753.71766245668,4664,3781,9273,9273,9273,9273,9273,9273,TRUE,TRUE
1366,56.0491377448443,80.7561611166652,4526.31319817281,7850,1383,9273,9273,9273,9273,9273,9273,TRUE,TRUE
1367,15.3291872501373,101.057209691005,1549.12489032981,3860,4173,9273,9273,9273,9273,9273,9273,TRUE,TRUE
1368,13.1529438484006,15.9939284254865,210.367242495762,302,8715,9273,9273,9273,9273,9273,9273,TRUE,TRUE
1369,27.4132434460155,71.7060195789003,1965.69457126115,6409,3410,9273,9273,9273,9273,9273,9273,TRUE,TRUE
1370,37.9799822288872,40.5077806159154,1538.48478792413,1183,4203,9273,9273,9273,9273,9273,9273,TRUE,TRUE
1371,38.0374774593115,49.7540996360779,1892.52044341565,758,3546,9273,9273,9273,9273,9273,9273,TRUE,TRUE
1372,12.1210923366627,23.6871781066313,287.114473025454,3604,8413,9273,9273,9273,9273,9273,9273,TRUE,TRUE
1373,11.0771196506426,12.6782914187331,140.438951011021,3588,8967,9273,9273,9273,9273,9273,9273,TRUE,TRUE
1374,60.6135033586559,40.0655406507003,2428.51278279759,447,2829,9273,9273,9273,9273,9273,9273,TRUE,TRUE
1375,34.4932496240534,31.4219838124843,1083.84633132698,2692,5412,9273,9273,9273,9273,9273,9273,TRUE,TRUE
1376,99.4096806671308,80.8786484754604,8040.12061773465,6797,596,9273,9273,9273,9273,9273,9273,TRUE,TRUE
1377,47.6138473881616,32.4087118743568,1543.10346123253,3462,4191,9273,9273,9273,9273,9273,9273,TRUE,TRUE
1378,39.0728134207709,26.365958453044,1030.19217529559,3389,5556,9273,9273,9273,9273,9273,9273,TRUE,TRUE
1379,22.96481902005,45.8502778214507,1052.94333218863,6850,5499,9273,9273,9273,9273,9273,9273,TRUE,TRUE
1380,26.1336522400379,25.7920567194621,674.040640861755,6709,6794,9273,9273,9273,9273,9273,9273,TRUE,TRUE
1381,31.7409291530953,32.7033833581574,1038.03577423779,2332,5533,9273,9273,9273,9273,9273,9273,TRUE,TRUE
1382,17.758789681741,10.8390307361724,192.488067197611,5740,8781,9273,9273,9273,9273,9273,9273,TRUE,TRUE
1383,15.0685176932812,46.1774708366394,695.826036332876,1366,6723,9273,9273,9273,9273,9273,9273,TRUE,TRUE
1384,53.6454226481609,67.2630928540841,3608.35704477983,831,1850,9273,9273,9273,9273,9273,9273,TRUE,TRUE
1385,30.5203515104814,24.6971312609586,753.765127384955,6085,6502,9273,9273,9273,9273,9273,9273,TRUE,TRUE
1386,37.9641597579368,26.7733102105743,1016.42622608304,8145,5594,9273,9273,9273,9273,9273,9273,TRUE,TRUE
1387,28.8612825625982,48.1578525836651,1389.89739102511,163,4563,9273,9273,9273,9273,9273,9273,TRUE,TRUE
1388,25.4142941097214,69.0640551609682,1755.21421027086,5682,3779,9273,9273,9273,9273,9273,9273,TRUE,TRUE
1389,15.9251993595438,18.2292849115665,290.304996398619,9188,8400,9273,9273,9273,9273,9273,9273,TRUE,TRUE
1390,39.6223631223043,36.9750999848048,1465.04083808144,2676,4386,9273,9273,9273,9273,9273,9273,TRUE,TRUE
1391,26.1151277057941,49.612108362638,1295.62654564399,6684,4801,9273,9273,9273,9273,9273,9273,TRUE,TRUE
1392,21.1529943195742,34.3848308342606,727.342131316633,8679,6588,9273,9273,9273,9273,9273,9273,TRUE,TRUE
1393,27.4185721669209,59.2309175486647,1624.027187321,693,4026,9273,9273,9273,9273,9273,9273,TRUE,TRUE
1394,36.2279295996222,41.9560395385582,1519.98044668185,6812,4255,9273,9273,9273,9273,9273,9273,TRUE,TRUE
1395,24.1040220301905,22.6460727427429,545.861436288371,1342,7308,9273,9273,9273,9273,9273,9273,TRUE,TRUE
1396,13.1155977869034,151.336991882324,1984.87511580843,3191,3385,9273,9273,9273,9273,9273,9273,TRUE,TRUE
1397,27.6898359342055,78.405025843418,2171.02230202139,6953,3148,9273,9273,9273,9273,9273,9273,TRUE,TRUE
1398,33.9018433606665,54.2485809716755,1839.12689464018,4128,3635,9273,9273,9273,9273,9273,9273,TRUE,TRUE
1399,3.38881266868866,29.7676756231635,100.877076269191,8206,9063,9273,9273,9273,9273,9273,9273,TRUE,TRUE
1400,12.0866761477058,22.530170528368,272.314874728969,4327,8468,9273,9273,9273,9273,9273,9273,TRUE,TRUE
1401,33.0442342090607,10.1061027956009,333.948427718679,2797,8230,9273,9273,9273,9273,9273,9273,TRUE,TRUE
1402,37.5085824837745,42.0719184436559,1578.0580231945,5476,4110,9273,9273,9273,9273,9273,9273,TRUE,TRUE
1403,30.0524235335477,17.643741123782,530.23718096817,3111,7384,9273,9273,9273,9273,9273,9273,TRUE,TRUE
1404,14.424953082099,40.6275471538755,586.05046153542,7314,7146,9273,9273,9273,9273,9273,9273,TRUE,TRUE
1405,21.2527837639038,57.0445735675458,1212.35598693515,5117,5043,9273,9273,9273,9273,9273,9273,TRUE,TRUE
1406,41.4349013692682,85.3290767843073,3535.60188048849,8137,1899,9273,9273,9273,9273,9273,9273,TRUE,TRUE
1407,17.5817997014523,21.612291507721,379.982980378147,1665,8016,9273,9273,9273,9273,9273,9273,TRUE,TRUE
1408,23.9596469379015,57.2224723120078,1371.03023350955,2945,4620,9273,9273,9273,9273,9273,9273,TRUE,TRUE
1409,28.1544834281484,10.3655505964201,291.836722490543,33,8396,9273,9273,9273,9273,9273,9273,TRUE,TRUE
1410,22.9695406215076,21.3722938394802,490.911771520736,6380,7535,9273,9273,9273,9273,9273,9273,TRUE,TRUE
1411,44.3054558937604,28.0429796262081,1242.45699695858,4652,4948,9273,9273,9273,9273,9273,9273,TRUE,TRUE
1412,20.5278154969215,7.31865754127503,150.236051692447,2829,8941,9273,9273,9273,9273,9273,9273,TRUE,TRUE
1413,11.3710583543355,13.2912822740268,151.135946341904,5181,8934,9273,9273,9273,9273,9273,9273,TRUE,TRUE
1414,42.6797717392257,67.8563350412748,2896.09289062203,4192,2356,9273,9273,9273,9273,9273,9273,TRUE,TRUE
1415,25.1435587299648,30.5998830041525,769.389955444961,2589,6435,9273,9273,9273,9273,9273,9273,TRUE,TRUE
1416,33.0498201390293,40.8250413275211,1349.26027304301,7615,4674,9273,9273,9273,9273,9273,9273,TRUE,TRUE
1417,26.1154827180029,35.5584308279663,928.625585767054,862,5883,9273,9273,9273,9273,9273,9273,TRUE,TRUE
1418,11.3673443441038,26.13501601749,297.085726509476,6435,8381,9273,9273,9273,9273,9273,9273,TRUE,TRUE
1419,17.6308426731877,40.9005869206465,721.111813238957,6140,6616,9273,9273,9273,9273,9273,9273,TRUE,TRUE
1420,25.476657204628,17.4374825239182,444.248764773554,4521,7713,9273,9273,9273,9273,9273,9273,TRUE,TRUE
1421,21.4299738842508,44.2937392690907,949.213675772429,8834,5801,9273,9273,9273,9273,9273,9273,TRUE,TRUE
1422,20.0751343312124,31.9533687356127,641.468169702187,2431,6914,9273,9273,9273,9273,9273,9273,TRUE,TRUE
1423,32.9938494443893,44.9399583706489,1482.74222051831,1506,4341,9273,9273,9273,9273,9273,9273,TRUE,TRUE
1424,21.7705696582794,70.5262644529343,1535.39695301084,5441,4211,9273,9273,9273,9273,9273,9273,TRUE,TRUE
1425,29.5469583555674,77.9350350208772,2302.74323420154,7022,2979,9273,9273,9273,9273,9273,9273,TRUE,TRUE
1426,15.7701538360282,94.9550411374602,1497.45560624413,7952,4305,9273,9273,9273,9273,9273,9273,TRUE,TRUE
1427,16.0009132399075,35.4295835909636,566.90569316506,6548,7218,9273,9273,9273,9273,9273,9273,TRUE,TRUE
1428,65.9304319740681,36.7493679880649,2422.90170622711,1887,2839,9273,9273,9273,9273,9273,9273,TRUE,TRUE
1429,12.7654815353453,21.3650035219533,272.734557962083,4914,8465,9273,9273,9273,9273,9273,9273,TRUE,TRUE
1430,14.1366373373431,21.7433604038438,307.378000524287,2703,8345,9273,9273,9273,9273,9273,9273,TRUE,TRUE
1431,42.5808194893313,135.579922264353,5773.10419631596,2709,987,9273,9273,9273,9273,9273,9273,TRUE,TRUE
1432,13.3782084369659,28.2818114376068,378.359968387271,818,8021,9273,9273,9273,9273,9273,9273,TRUE,TRUE
1433,24.7299001698002,69.4166044012848,1716.66569697029,2473,3855,9273,9273,9273,9273,9273,9273,TRUE,TRUE
1434,22.621532076881,30.3655800365266,686.915942829386,830,6746,9273,9273,9273,9273,9273,9273,TRUE,TRUE
1435,38.2675698087534,107.283483453606,4105.47819238711,3252,1576,9273,9273,9273,9273,9273,9273,TRUE,TRUE
1436,31.5339493364901,7.87765907596898,248.413702191747,6883,8559,9273,9273,9273,9273,9273,9273,TRUE,TRUE
1437,12.3846881312709,11.557929827321,143.141356354483,6467,8959,9273,9273,9273,9273,9273,9273,TRUE,TRUE
1438,37.5283487134606,41.779712979811,1567.92363785464,648,4132,9273,9273,9273,9273,9273,9273,TRUE,TRUE
1439,37.3393718185781,69.3278331455143,2588.6577391967,4097,2646,9273,9273,9273,9273,9273,9273,TRUE,TRUE
1440,33.4284958287289,22.4014323887072,748.846189163452,4535,6518,9273,9273,9273,9273,9273,9273,TRUE,TRUE
1441,40.0995324932554,68.459465956538,2745.19257959511,7901,2500,9273,9273,9273,9273,9273,9273,TRUE,TRUE
1442,30.4385420939996,22.8096378427245,694.292121624656,5041,6726,9273,9273,9273,9273,9273,9273,TRUE,TRUE
1443,64.2052752549308,106.828625515529,6858.96130633047,5899,758,9273,9273,9273,9273,9273,9273,TRUE,TRUE
1444,30.5245819102835,54.3379313563123,1658.64263652112,3337,3955,9273,9273,9273,9273,9273,9273,TRUE,TRUE
1445,13.6204723715782,24.1069863891602,328.348542075568,7902,8254,9273,9273,9273,9273,9273,9273,TRUE,TRUE
1446,32.3196300552005,52.4073818751744,1693.78719436726,6220,3899,9273,9273,9273,9273,9273,9273,TRUE,TRUE
1447,49.4997672843933,49.2576825141907,2438.24382142097,4834,2816,9273,9273,9273,9273,9273,9273,TRUE,TRUE
1448,19.2166773652817,71.1974622700781,1368.1786616709,396,4628,9273,9273,9273,9273,9273,9273,TRUE,TRUE
1449,38.2902772722628,76.590633225921,2932.6765826787,8686,2331,9273,9273,9273,9273,9273,9273,TRUE,TRUE
1450,8.93317022099011,110.614401029504,988.137273289422,2197,5678,9273,9273,9273,9273,9273,9273,TRUE,TRUE
1451,15.7228358471867,34.2417622989696,538.377607745085,2069,7346,9273,9273,9273,9273,9273,9273,TRUE,TRUE
1452,75.9572617389916,126.62123662144,9617.80241176951,8252,442,9273,9273,9273,9273,9273,9273,TRUE,TRUE
1453,12.1058644574881,49.1685940027237,595.228334562233,6927,7110,9273,9273,9273,9273,9273,9273,TRUE,TRUE
1454,14.5173990256859,31.4345228310787,456.347511120802,5465,7671,9273,9273,9273,9273,9273,9273,TRUE,TRUE
1455,34.5962470747219,23.752646656544,821.752432408364,2009,6237,9273,9273,9273,9273,9273,9273,TRUE,TRUE
1456,15.5452518018496,36.8091302730646,572.207198701873,250,7195,9273,9273,9273,9273,9273,9273,TRUE,TRUE
1457,11.428999376297,19.855815243721,226.932100036356,8000,8647,9273,9273,9273,9273,9273,9273,TRUE,TRUE
1458,8.45907555318173,51.6587443778544,436.985221674773,512,7748,9273,9273,9273,9273,9273,9273,TRUE,TRUE
1459,4.61217082510091,18.3850227943575,84.7948657509506,8931,9110,9273,9273,9273,9273,9273,9273,TRUE,TRUE
1460,5.43125682128103,48.634683107075,264.147454376142,8837,8498,9273,9273,9273,9273,9273,9273,TRUE,TRUE
1461,22.9278023591202,28.9313735345776,663.332814378677,2630,6836,9273,9273,9273,9273,9273,9273,TRUE,TRUE
1462,38.4935047493472,48.32306467924,1860.12411973334,2462,3602,9273,9273,9273,9273,9273,9273,TRUE,TRUE
1463,8.18891992807388,23.6487817668915,193.657980285568,578,8773,9273,9273,9273,9273,9273,9273,TRUE,TRUE
1464,13.5982845705748,10.8061530184746,146.945143858393,8960,8949,9273,9273,9273,9273,9273,9273,TRUE,TRUE
1465,47.3149629128285,136.223143724295,6445.39299318391,4747,822,9273,9273,9273,9273,9273,9273,TRUE,TRUE
1466,41.2405525697602,35.4406522115072,1461.59208063525,2054,4394,9273,9273,9273,9273,9273,9273,TRUE,TRUE
1467,64.295533468557,42.9794893264771,2763.38919445199,7366,2477,9273,9273,9273,9273,9273,9273,TRUE,TRUE
1468,30.7602399359044,31.1772499861177,959.019690114652,2000,5777,9273,9273,9273,9273,9273,9273,TRUE,TRUE
1469,36.6387215974262,62.6024407090493,2293.67339645823,4396,2992,9273,9273,9273,9273,9273,9273,TRUE,TRUE
1470,24.2727345705032,42.8936548709869,1041.14629944224,7290,5525,9273,9273,9273,9273,9273,9273,TRUE,TRUE
1471,27.1303591380846,57.5264614538904,1560.71355918723,3864,4144,9273,9273,9273,9273,9273,9273,TRUE,TRUE
1472,13.0179132935927,41.3072529232379,537.734236951215,6961,7351,9273,9273,9273,9273,9273,9273,TRUE,TRUE
1473,21.1839461370146,35.7781238643002,757.921848824771,5351,6490,9273,9273,9273,9273,9273,9273,TRUE,TRUE
1474,24.6111755561829,41.9008490848541,1031.22915278047,2628,5553,9273,9273,9273,9273,9273,9273,TRUE,TRUE
1475,20.7580912686744,24.29144001232,504.243928823268,7367,7486,9273,9273,9273,9273,9273,9273,TRUE,TRUE
1476,51.7442776942088,263.133342370701,13615.6447382349,9244,243,9273,9273,9273,9273,9273,9273,TRUE,TRUE
1477,27.8763630064029,38.9287342395423,1085.19152704126,4812,5409,9273,9273,9273,9273,9273,9273,TRUE,TRUE
1478,19.566734359959,17.3983921028498,340.429716566869,6396,8195,9273,9273,9273,9273,9273,9273,TRUE,TRUE
1479,30.4191929442542,73.2956221716745,2229.59367280932,3664,3076,9273,9273,9273,9273,9273,9273,TRUE,TRUE
1480,63.5829460926545,59.5718101001533,3787.7511902399,5633,1738,9273,9273,9273,9273,9273,9273,TRUE,TRUE
1481,16.2395159715941,38.8949849327066,631.635729029598,2966,6959,9273,9273,9273,9273,9273,9273,TRUE,TRUE
1482,18.4262757975646,34.1987027543964,630.154728871439,1243,6962,9273,9273,9273,9273,9273,9273,TRUE,TRUE
1483,49.9666006752249,45.7950425196833,2288.22260248596,188,3003,9273,9273,9273,9273,9273,9273,TRUE,TRUE
1484,48.6813880975696,96.4604462416276,4695.82841955342,8019,1320,9273,9273,9273,9273,9273,9273,TRUE,TRUE
1485,20.1409893035889,38.6203475055467,777.8520060101,9053,6390,9273,9273,9273,9273,9273,9273,TRUE,TRUE
1486,44.6063746179853,48.2212630680629,2150.97572496643,7710,3168,9273,9273,9273,9273,9273,9273,TRUE,TRUE
1487,66.1722651504609,119.950672758631,7937.40772276029,2511,606,9273,9273,9273,9273,9273,9273,TRUE,TRUE
1488,55.2018257799932,34.9007780517357,1926.58666959812,6215,3472,9273,9273,9273,9273,9273,9273,TRUE,TRUE
1489,18.1005318714306,64.197287067771,1162.00504062957,9160,5197,9273,9273,9273,9273,9273,9273,TRUE,TRUE
1490,27.2846572641013,84.9768018722534,2318.56291448388,8580,2965,9273,9273,9273,9273,9273,9273,TRUE,TRUE
1491,23.2711349165016,32.7006122151854,760.980358711777,6003,6474,9273,9273,9273,9273,9273,9273,TRUE,TRUE
1492,32.5716007691251,61.7646857083699,2011.77468452351,7751,3346,9273,9273,9273,9273,9273,9273,TRUE,TRUE
1493,35.7564090581557,44.840474196663,1603.33433773756,8125,4064,9273,9273,9273,9273,9273,9273,TRUE,TRUE
1494,34.9594362830541,72.0287163516125,2518.08331984438,972,2723,9273,9273,9273,9273,9273,9273,TRUE,TRUE
1495,46.2034132886745,72.4200058174516,3346.05145915193,5685,2033,9273,9273,9273,9273,9273,9273,TRUE,TRUE
1496,45.4886803117771,91.4445349950235,4159.69121864773,5978,1554,9273,9273,9273,9273,9273,9273,TRUE,TRUE
1497,3.83977139273355,39.190665799518,150.48319739917,1237,8937,9273,9273,9273,9273,9273,9273,TRUE,TRUE
1498,38.2056019398593,127.820174121117,4883.44669235492,6497,1241,9273,9273,9273,9273,9273,9273,TRUE,TRUE
1499,49.1328604539879,66.8456456265469,3284.31777852585,7190,2068,9273,9273,9273,9273,9273,9273,TRUE,TRUE
1500,79.1256180538654,60.5445657254104,4790.62618282597,6350,1283,9273,9273,9273,9273,9273,9273,TRUE,TRUE
1501,55.3366374474652,120.77878891522,6683.49205354547,8346,785,9273,9273,9273,9273,9273,9273,TRUE,TRUE
1502,12.9632383069167,50.3126179782244,652.214456696583,8650,6881,9273,9273,9273,9273,9273,9273,TRUE,TRUE
1503,32.4733686016104,13.3465157255615,433.406324703347,2758,7766,9273,9273,9273,9273,9273,9273,TRUE,TRUE
1504,41.6913187354803,19.8876369744539,829.141811997482,7608,6214,9273,9273,9273,9273,9273,9273,TRUE,TRUE
1505,14.2594770496352,78.0879101000334,1113.4927619254,1045,5327,9273,9273,9273,9273,9273,9273,TRUE,TRUE
1506,48.3026455273678,91.3691311311557,4413.3707531718,1749,1423,9273,9273,9273,9273,9273,9273,TRUE,TRUE
1507,28.2660434922568,125.26815429141,3540.83509739574,7787,1895,9273,9273,9273,9273,9273,9273,TRUE,TRUE
1508,32.4568389244474,64.6073808325046,2096.95135301103,730,3237,9273,9273,9273,9273,9273,9273,TRUE,TRUE
1509,4.19433017373085,41.4426502466202,173.824158408773,6415,8852,9273,9273,9273,9273,9273,9273,TRUE,TRUE
1510,16.3465685588647,44.0752664178724,720.479364249977,974,6621,9273,9273,9273,9273,9273,9273,TRUE,TRUE
1511,21.2438320495464,54.6981417827117,1161.99813745421,5780,5198,9273,9273,9273,9273,9273,9273,TRUE,TRUE
1512,38.351287273506,74.1469548878758,2843.63116736062,1211,2407,9273,9273,9273,9273,9273,9273,TRUE,TRUE
1513,16.7462812216004,31.7655555748501,531.954926816816,3204,7374,9273,9273,9273,9273,9273,9273,TRUE,TRUE
1514,36.0178133031748,37.1158522376179,1336.83183648274,7256,4704,9273,9273,9273,9273,9273,9273,TRUE,TRUE
1515,23.4186363722149,22.106677456906,517.708240761121,3009,7436,9273,9273,9273,9273,9273,9273,TRUE,TRUE
1516,32.622572760582,24.0306368732452,783.941199880567,8079,6371,9273,9273,9273,9273,9273,9273,TRUE,TRUE
1517,8.23886624574661,19.8685393381119,163.694238105059,3792,8889,9273,9273,9273,9273,9273,9273,TRUE,TRUE
1518,17.3259744299464,59.5919542484973,1032.48867554,7085,5550,9273,9273,9273,9273,9273,9273,TRUE,TRUE
1519,43.0159035633008,61.8691014170647,2661.35530010453,645,2570,9273,9273,9273,9273,9273,9273,TRUE,TRUE
1520,32.8529883737199,27.2588180240832,895.533631626551,5679,5991,9273,9273,9273,9273,9273,9273,TRUE,TRUE
1521,13.7116194452558,14.0691001415253,192.910147077789,1573,8776,9273,9273,9273,9273,9273,9273,TRUE,TRUE
1522,29.4061579037468,27.4778863056354,808.019063564715,970,6289,9273,9273,9273,9273,9273,9273,TRUE,TRUE
1523,28.5945059647636,23.5065414016209,672.157938319611,6157,6804,9273,9273,9273,9273,9273,9273,TRUE,TRUE
1524,32.4576928171061,37.3716706259776,1212.99820524005,221,5042,9273,9273,9273,9273,9273,9273,TRUE,TRUE
1525,18.6841114348199,13.1838441020016,246.328412341091,5185,8566,9273,9273,9273,9273,9273,9273,TRUE,TRUE
1526,13.100205401985,83.8235335690635,1098.10550727492,6391,5377,9273,9273,9273,9273,9273,9273,TRUE,TRUE
1527,8.99117472448063,25.5326476322223,229.568496039907,5752,8637,9273,9273,9273,9273,9273,9273,TRUE,TRUE
1528,20.9078704053023,111.546190351952,2332.19329208379,634,2950,9273,9273,9273,9273,9273,9273,TRUE,TRUE
1529,32.783027459758,23.9264188730661,784.380446929397,8811,6368,9273,9273,9273,9273,9273,9273,TRUE,TRUE
1530,55.2586303532124,16.419237613678,907.304581975792,6847,5947,9273,9273,9273,9273,9273,9273,TRUE,TRUE
1531,29.9689522317115,13.64884013318,409.041437969539,2196,7881,9273,9273,9273,9273,9273,9273,TRUE,TRUE
1532,41.1595448354059,82.532702369795,3397.00846357679,381,1994,9273,9273,9273,9273,9273,9273,TRUE,TRUE
1533,41.9274451596396,81.9324964966093,3435.22025365395,4129,1958,9273,9273,9273,9273,9273,9273,TRUE,TRUE
1534,12.6911708563566,43.4346751570702,551.236883508726,8994,7287,9273,9273,9273,9273,9273,9273,TRUE,TRUE
1535,10.1378019126979,24.935482155193,252.790978686959,4048,8541,9273,9273,9273,9273,9273,9273,TRUE,TRUE
1536,44.0406663784152,90.0904838984799,3967.64494524294,2583,1646,9273,9273,9273,9273,9273,9273,TRUE,TRUE
1537,4.03343723893166,6.49132990837097,26.1823717826143,8809,9223,9273,9273,9273,9273,9273,9273,TRUE,TRUE
1538,36.9378932369904,48.5443209176048,1793.12494331668,5084,3724,9273,9273,9273,9273,9273,9273,TRUE,TRUE
1539,8.54134064359763,32.2882155651079,275.784647915498,3258,8453,9273,9273,9273,9273,9273,9273,TRUE,TRUE
1540,63.0106604117474,79.2444994831813,4993.24824643363,8845,1204,9273,9273,9273,9273,9273,9273,TRUE,TRUE
1541,37.5465284633292,15.3839833228597,577.615167711133,6474,7178,9273,9273,9273,9273,9273,9273,TRUE,TRUE
1542,16.64416432702,20.2414356216266,336.901780701149,6963,8218,9273,9273,9273,9273,9273,9273,TRUE,TRUE
1543,10.9763444908082,43.6068346114386,478.643638848846,3969,7587,9273,9273,9273,9273,9273,9273,TRUE,TRUE
1544,31.0573230075075,60.9729471358847,1893.65651391885,8026,3543,9273,9273,9273,9273,9273,9273,TRUE,TRUE
1545,5.83554483543743,45.312008450248,264.420256895142,556,8496,9273,9273,9273,9273,9273,9273,TRUE,TRUE
1546,26.138465969479,46.1380306496231,1205.97734403395,6089,5060,9273,9273,9273,9273,9273,9273,TRUE,TRUE
1547,23.1797057697608,22.8224999874643,529.018834639792,72,7390,9273,9273,9273,9273,9273,9273,TRUE,TRUE
1548,34.7657707541029,82.458300440351,2866.72636988218,1014,2389,9273,9273,9273,9273,9273,9273,TRUE,TRUE
1549,34.1853756275674,57.5866134800428,1968.6200129348,3355,3407,9273,9273,9273,9273,9273,9273,TRUE,TRUE
1550,14.4527701001182,24.0596773557155,347.728985505176,7165,8159,9273,9273,9273,9273,9273,9273,TRUE,TRUE
1551,29.1698468389687,28.782645371794,839.58535711558,9044,6182,9273,9273,9273,9273,9273,9273,TRUE,TRUE
1552,12.136632788506,69.4844475608856,843.307224558669,1719,6173,9273,9273,9273,9273,9273,9273,TRUE,TRUE
1553,6.7523840782119,12.914374456173,87.2028164579293,7463,9101,9273,9273,9273,9273,9273,9273,TRUE,TRUE
1554,28.7153888037711,34.2115629803051,982.39833256416,1496,5698,9273,9273,9273,9273,9273,9273,TRUE,TRUE
1555,27.4573535662723,28.1032072918349,771.639698958152,2599,6427,9273,9273,9273,9273,9273,9273,TRUE,TRUE
1556,48.4471098797771,63.648520302087,3083.58685676043,1701,2201,9273,9273,9273,9273,9273,9273,TRUE,TRUE
1557,21.9202964127456,57.7997431723695,1266.98750291891,1288,4879,9273,9273,9273,9273,9273,9273,TRUE,TRUE
1558,40.9158971168377,31.4148003613507,1285.36473953102,604,4830,9273,9273,9273,9273,9273,9273,TRUE,TRUE
1559,35.7047300637807,15.5664101045722,555.794470845857,4481,7273,9273,9273,9273,9273,9273,9273,TRUE,TRUE
1560,16.0893695697188,11.1848005592823,179.956389761891,193,8828,9273,9273,9273,9273,9273,9273,TRUE,TRUE
1561,16.6954842743846,10.4326228516639,174.177690760541,493,8849,9273,9273,9273,9273,9273,9273,TRUE,TRUE
1562,15.7161180322821,28.6034669182517,449.535462219719,3217,7696,9273,9273,9273,9273,9273,9273,TRUE,TRUE
1563,16.9574684858322,19.6461618086871,333.149169738372,4300,8233,9273,9273,9273,9273,9273,9273,TRUE,TRUE
1564,37.2924284040928,19.4605699526636,725.731911662548,8407,6595,9273,9273,9273,9273,9273,9273,TRUE,TRUE
1565,26.6920970368963,64.4243801473334,1719.62180643452,2920,3847,9273,9273,9273,9273,9273,9273,TRUE,TRUE
1566,26.7255004111179,60.5653934207058,1618.64044676459,2571,4038,9273,9273,9273,9273,9273,9273,TRUE,TRUE
1567,27.4457850716125,45.3385561947574,1244.35226877854,2688,4941,9273,9273,9273,9273,9273,9273,TRUE,TRUE
1568,21.5688411421544,28.3450134773826,611.36909286589,5343,7051,9273,9273,9273,9273,9273,9273,TRUE,TRUE
1569,10.9054982267274,10.3386483982297,112.748111773652,3751,9033,9273,9273,9273,9273,9273,9273,TRUE,TRUE
1570,44.4607207624452,81.5105624399798,3624.0183558338,102,1837,9273,9273,9273,9273,9273,9273,TRUE,TRUE
1571,47.990671043396,27.492662601471,1319.39132701427,127,4744,9273,9273,9273,9273,9273,9273,TRUE,TRUE
1572,20.9306058426426,20.0510931668216,419.681527788848,5984,7825,9273,9273,9273,9273,9273,9273,TRUE,TRUE
1573,56.9722143149074,74.1773578426506,4226.04832832507,8109,1521,9273,9273,9273,9273,9273,9273,TRUE,TRUE
1574,40.9440227280782,69.1867497247025,2832.78385321008,6114,2415,9273,9273,9273,9273,9273,9273,TRUE,TRUE
1575,7.12750514777931,12.9115508698128,92.0271452904054,7558,9092,9273,9273,9273,9273,9273,9273,TRUE,TRUE
1576,15.6583312251178,21.3689931436364,334.602772590331,1435,8223,9273,9273,9273,9273,9273,9273,TRUE,TRUE
1577,32.2839175641354,43.6569467830366,1409.4172710454,5256,4510,9273,9273,9273,9273,9273,9273,TRUE,TRUE
1578,68.6216464124035,22.9366281821866,1573.94918901078,7672,4124,9273,9273,9273,9273,9273,9273,TRUE,TRUE
1579,32.4536757975553,30.2545542970168,981.871496554916,6307,5700,9273,9273,9273,9273,9273,9273,TRUE,TRUE
1580,55.6149992184206,72.4343820051714,4028.43809860438,4734,1619,9273,9273,9273,9273,9273,9273,TRUE,TRUE
1581,70.6591983246354,79.0102219581604,5582.79894301511,3735,1040,9273,9273,9273,9273,9273,9273,TRUE,TRUE
1582,89.9019433616753,170.592175649925,15336.5681132245,8134,192,9273,9273,9273,9273,9273,9273,TRUE,TRUE
1583,68.0440198888904,53.5584303579832,3644.33090049636,6955,1819,9273,9273,9273,9273,9273,9273,TRUE,TRUE
1584,20.9166067078358,43.3957557565584,907.691955949232,182,5945,9273,9273,9273,9273,9273,9273,TRUE,TRUE
1585,69.117945956883,124.743246938904,8621.99700040928,5751,530,9273,9273,9273,9273,9273,9273,TRUE,TRUE
1586,38.6324491964804,28.2081950574308,1089.7516624806,4415,5398,9273,9273,9273,9273,9273,9273,TRUE,TRUE
1587,67.1236232124037,71.9262770093534,4827.95231704681,6815,1266,9273,9273,9273,9273,9273,9273,TRUE,TRUE
1588,27.6440048060141,36.953522491061,1021.54335334204,3957,5577,9273,9273,9273,9273,9273,9273,TRUE,TRUE
1589,34.1884496064313,29.8190198197829,1019.46605642182,4942,5585,9273,9273,9273,9273,9273,9273,TRUE,TRUE
1590,16.0450739256093,117.014728635689,1877.50997134475,7919,3575,9273,9273,9273,9273,9273,9273,TRUE,TRUE
1591,13.6834518468775,32.3088210905898,442.096197622467,7326,7727,9273,9273,9273,9273,9273,9273,TRUE,TRUE
1592,9.59813581705093,34.1112720251083,327.40462178936,3046,8261,9273,9273,9273,9273,9273,9273,TRUE,TRUE
1593,16.3258741690343,33.0321668419705,539.278999392558,5914,7341,9273,9273,9273,9273,9273,9273,TRUE,TRUE
1594,19.6991097210329,38.5387133676795,759.178343137354,5433,6482,9273,9273,9273,9273,9273,9273,TRUE,TRUE
1595,16.1369153794788,18.2920760404496,295.177683179727,5169,8384,9273,9273,9273,9273,9273,9273,TRUE,TRUE
1596,26.6913868111758,82.5489386373491,2203.3456520215,7054,3111,9273,9273,9273,9273,9273,9273,TRUE,TRUE
1597,20.6276723837853,27.3653748989105,564.483988074187,7334,7230,9273,9273,9273,9273,9273,9273,TRUE,TRUE
1598,19.3583939667947,54.6392929568262,1057.72895912535,3262,5486,9273,9273,9273,9273,9273,9273,TRUE,TRUE
1599,17.1149223851951,108.80035758741,1862.10967558999,7937,3597,9273,9273,9273,9273,9273,9273,TRUE,TRUE
1600,21.2457863849752,24.8272663298775,527.474796967465,4435,7395,9273,9273,9273,9273,9273,9273,TRUE,TRUE
1601,53.0305550852393,132.110998297689,7005.91957259153,4775,735,9273,9273,9273,9273,9273,9273,TRUE,TRUE
1602,30.5586943054199,19.9576356840134,609.879287926705,7588,7056,9273,9273,9273,9273,9273,9273,TRUE,TRUE
1603,40.4573408096067,150.426015177081,6085.83656265023,9012,921,9273,9273,9273,9273,9273,9273,TRUE,TRUE
1604,64.6258577589855,98.1574066112675,6343.50659765067,4519,847,9273,9273,9273,9273,9273,9273,TRUE,TRUE
1605,118.69752961306,200.402730183077,23787.3090004439,6852,73,9273,9273,9273,9273,9273,9273,TRUE,TRUE
1606,24.8268349109552,32.4533585181603,805.714174236407,5191,6297,9273,9273,9273,9273,9273,9273,TRUE,TRUE
1607,13.7128981574971,28.6688334674121,393.132793632868,2927,7952,9273,9273,9273,9273,9273,9273,TRUE,TRUE
1608,35.4695903701927,30.5183783484049,1082.47437878048,609,5416,9273,9273,9273,9273,9273,9273,TRUE,TRUE
1609,14.0153549141532,49.2722199587214,690.567650129702,3090,6737,9273,9273,9273,9273,9273,9273,TRUE,TRUE
1610,23.87437393023,69.0222843618698,1647.86382637395,8550,3968,9273,9273,9273,9273,9273,9273,TRUE,TRUE
1611,14.2236225192557,30.021091090979,427.008667294275,3114,7793,9273,9273,9273,9273,9273,9273,TRUE,TRUE
1612,9.60792104216183,35.3391628265381,339.535886133478,7966,8204,9273,9273,9273,9273,9273,9273,TRUE,TRUE
1613,40.8017782074174,27.5858292174495,1125.55088539807,220,5291,9273,9273,9273,9273,9273,9273,TRUE,TRUE
1614,14.6897405792366,18.947483734651,278.33362069133,1023,8446,9273,9273,9273,9273,9273,9273,TRUE,TRUE
1615,19.5800978293215,29.665845358882,580.860154316432,6318,7163,9273,9273,9273,9273,9273,9273,TRUE,TRUE
1616,70.9518345274331,85.3023671478852,6052.35943867509,383,923,9273,9273,9273,9273,9273,9273,TRUE,TRUE
1617,15.770637727291,9.25088715654738,145.892390001958,416,8951,9273,9273,9273,9273,9273,9273,TRUE,TRUE
1618,22.6767655126913,36.0832897960879,818.252301632373,5729,6245,9273,9273,9273,9273,9273,9273,TRUE,TRUE
1619,63.7044990036892,97.3491638472795,6201.57971131899,1580,889,9273,9273,9273,9273,9273,9273,TRUE,TRUE
1620,69.3941252567925,100.244561491341,6956.38365644239,7569,741,9273,9273,9273,9273,9273,9273,TRUE,TRUE
1621,7.1508360405763,32.6334078643057,233.356149082903,8161,8619,9273,9273,9273,9273,9273,9273,TRUE,TRUE
1622,12.5320694399815,14.1755922167909,177.649506013685,8940,8837,9273,9273,9273,9273,9273,9273,TRUE,TRUE
1623,34.8894933998002,62.736569677968,2188.84713370557,7734,3127,9273,9273,9273,9273,9273,9273,TRUE,TRUE
1624,43.9176169830619,37.3192425298845,1638.97219952546,8876,3985,9273,9273,9273,9273,9273,9273,TRUE,TRUE
1625,33.111272200625,49.0843034297862,1625.24373164172,8907,4022,9273,9273,9273,9273,9273,9273,TRUE,TRUE
1626,26.6666731690235,61.8682514742061,1649.82044160161,606,3966,9273,9273,9273,9273,9273,9273,TRUE,TRUE
1627,20.4429556164087,67.6934375463748,1383.85393928267,6217,4580,9273,9273,9273,9273,9273,9273,TRUE,TRUE
1628,31.7784244953832,73.0334563225131,2320.88817738184,4838,2962,9273,9273,9273,9273,9273,9273,TRUE,TRUE
1629,42.6583832249497,73.0686754168886,3116.9915576731,6492,2180,9273,9273,9273,9273,9273,9273,TRUE,TRUE
1630,30.6459741394128,29.8916464645045,916.058624535676,8904,5925,9273,9273,9273,9273,9273,9273,TRUE,TRUE
1631,10.8350287246354,28.6381959915161,310.295676189814,4505,8333,9273,9273,9273,9273,9273,9273,TRUE,TRUE
1632,55.6486759041295,57.4049703159718,3194.51058839969,3400,2118,9273,9273,9273,9273,9273,9273,TRUE,TRUE
1633,30.435801642121,30.2952129998297,922.059093568623,1202,5910,9273,9273,9273,9273,9273,9273,TRUE,TRUE
1634,16.3872895582195,21.6407835739609,354.633786693257,2875,8130,9273,9273,9273,9273,9273,9273,TRUE,TRUE
1635,16.577779183021,26.8921582474668,445.81226118136,5260,7707,9273,9273,9273,9273,9273,9273,TRUE,TRUE
1636,16.5317661890696,11.5266018633185,190.555086958875,7577,8787,9273,9273,9273,9273,9273,9273,TRUE,TRUE
1637,38.193711577296,89.716439138913,3426.60380021367,8268,1969,9273,9273,9273,9273,9273,9273,TRUE,TRUE
1638,22.3831222172706,59.2335265938954,1325.83126511111,346,4731,9273,9273,9273,9273,9273,9273,TRUE,TRUE
1639,12.7874584985011,28.7926613937304,368.184962633722,6605,8074,9273,9273,9273,9273,9273,9273,TRUE,TRUE
1640,31.0871608606199,110.496273626157,3435.01543271541,710,1960,9273,9273,9273,9273,9273,9273,TRUE,TRUE
1641,21.7947493038367,47.6068481260271,1037.57932005259,545,5538,9273,9273,9273,9273,9273,9273,TRUE,TRUE
1642,30.1258197596548,43.2209714280972,1302.06719508005,8341,4783,9273,9273,9273,9273,9273,9273,TRUE,TRUE
1643,30.1348965668026,58.8199268793263,1772.53241257539,7279,3747,9273,9273,9273,9273,9273,9273,TRUE,TRUE
1644,23.0759041204895,47.6581513746498,1099.75493168119,4410,5374,9273,9273,9273,9273,9273,9273,TRUE,TRUE
1645,27.7729140309727,17.3251763904796,481.170634464227,1993,7574,9273,9273,9273,9273,9273,9273,TRUE,TRUE
1646,58.49888152062,64.2293045129349,3757.342474854,1536,1754,9273,9273,9273,9273,9273,9273,TRUE,TRUE
1647,29.45897620722,33.1483599064143,976.516745791425,2591,5721,9273,9273,9273,9273,9273,9273,TRUE,TRUE
1648,13.4152098238468,58.5237464523316,785.108338335639,7535,6363,9273,9273,9273,9273,9273,9273,TRUE,TRUE
1649,8.25634711952571,10.2488290676008,84.6178903507976,6758,9111,9273,9273,9273,9273,9273,9273,TRUE,TRUE
1650,39.361718473803,89.5516116100809,3524.90532507135,7838,1905,9273,9273,9273,9273,9273,9273,TRUE,TRUE
1651,55.7461812050265,105.709794850718,5892.91737889431,5738,957,9273,9273,9273,9273,9273,9273,TRUE,TRUE
1652,75.6500348177823,134.272166042237,10157.6940361542,2840,403,9273,9273,9273,9273,9273,9273,TRUE,TRUE
1653,18.3738522379338,21.5414772113832,395.799919268774,6886,7942,9273,9273,9273,9273,9273,9273,TRUE,TRUE
1654,7.66453101016857,19.9406701547128,152.835884764339,3220,8930,9273,9273,9273,9273,9273,9273,TRUE,TRUE
1655,20.9793960216434,4.14402667866197,86.9391768159048,9062,9103,9273,9273,9273,9273,9273,9273,TRUE,TRUE
1656,55.3156094899852,106.885386146802,5912.43028028275,5044,954,9273,9273,9273,9273,9273,9273,TRUE,TRUE
1657,48.3806654377617,73.0995939930427,3536.60700061361,2974,1898,9273,9273,9273,9273,9273,9273,TRUE,TRUE
1658,47.8094456985262,131.789376353158,6300.77703239893,7296,864,9273,9273,9273,9273,9273,9273,TRUE,TRUE
1659,25.0371421738343,70.6380955868356,1768.5760420965,5889,3757,9273,9273,9273,9273,9273,9273,TRUE,TRUE
1660,22.4190766281552,35.6047036827935,798.224580187307,8996,6321,9273,9273,9273,9273,9273,9273,TRUE,TRUE
1661,28.1680002765283,75.8138557865633,2135.52471076059,5790,3197,9273,9273,9273,9273,9273,9273,TRUE,TRUE
1662,24.2472720389464,25.6899591976283,622.911429334324,6488,6997,9273,9273,9273,9273,9273,9273,TRUE,TRUE
1663,24.9524799249468,38.117359161377,951.122639266246,5161,5793,9273,9273,9273,9273,9273,9273,TRUE,TRUE
1664,10.6131152040818,36.0878232394948,383.004225505299,2370,8002,9273,9273,9273,9273,9273,9273,TRUE,TRUE
1665,70.6086369032084,63.2112399783245,4463.25949183109,691,1407,9273,9273,9273,9273,9273,9273,TRUE,TRUE
1666,77.6948833528943,62.0589319146749,4821.66147611588,3406,1272,9273,9273,9273,9273,9273,9273,TRUE,TRUE
1667,32.9135668688263,38.2853961527742,1260.10894637384,8212,4898,9273,9273,9273,9273,9273,9273,TRUE,TRUE
1668,10.5994251364753,33.6506423496065,356.67746437896,5837,8125,9273,9273,9273,9273,9273,9273,TRUE,TRUE
1669,31.373075783771,50.3700518691022,1580.26345452182,6894,4105,9273,9273,9273,9273,9273,9273,TRUE,TRUE
1670,35.9669715011329,37.5858127476876,1351.847855943,2913,4665,9273,9273,9273,9273,9273,9273,TRUE,TRUE
1671,33.1266657848232,46.6977455442315,1546.94060954847,5100,4181,9273,9273,9273,9273,9273,9273,TRUE,TRUE
1672,27.9157263437907,49.824495600839,1390.88698441042,5036,4559,9273,9273,9273,9273,9273,9273,TRUE,TRUE
1673,30.2705588560224,88.2870370074795,2672.49794995874,3424,2555,9273,9273,9273,9273,9273,9273,TRUE,TRUE
1674,0.277402494102716,7.71640694141388,2.14055053105972,8692,9256,9273,9273,9273,9273,9273,9273,TRUE,TRUE
1675,15.4140699487744,61.2105298150669,943.503388170983,3210,5815,9273,9273,9273,9273,9273,9273,TRUE,TRUE
1676,13.3208782422543,15.7700982570648,210.071558750747,8397,8717,9273,9273,9273,9273,9273,9273,TRUE,TRUE
1677,57.3708537187357,63.1887121240381,3625.19035994349,168,1835,9273,9273,9273,9273,9273,9273,TRUE,TRUE
1678,17.1442708297515,27.7627682484372,475.972417834831,6775,7606,9273,9273,9273,9273,9273,9273,TRUE,TRUE
1679,9.98650934499338,97.2472007383994,971.160078948473,6699,5738,9273,9273,9273,9273,9273,9273,TRUE,TRUE
1680,54.6691606996559,140.501917737275,7681.12191938891,7529,641,9273,9273,9273,9273,9273,9273,TRUE,TRUE
1681,30.0890732250716,38.2219583533312,1150.06330369902,8253,5227,9273,9273,9273,9273,9273,9273,TRUE,TRUE
1682,43.7795358724817,49.9418107578188,2186.42929560862,5147,3132,9273,9273,9273,9273,9273,9273,TRUE,TRUE
1683,17.7537749450399,89.6816622811075,1592.18804883586,2948,4085,9273,9273,9273,9273,9273,9273,TRUE,TRUE
1684,62.6043119478226,11.6843926239014,731.493360747558,5007,6567,9273,9273,9273,9273,9273,9273,TRUE,TRUE
1685,8.84606063365936,11.0734334389369,97.9562636236267,6353,9073,9273,9273,9273,9273,9273,9273,TRUE,TRUE
1686,18.1944773095719,36.2885754192975,660.251662063098,9105,6851,9273,9273,9273,9273,9273,9273,TRUE,TRUE
1687,51.988028624374,35.7979775413138,1861.06628111252,2683,3600,9273,9273,9273,9273,9273,9273,TRUE,TRUE
1688,29.0439246717047,26.3742501201525,766.011733762408,3053,6451,9273,9273,9273,9273,9273,9273,TRUE,TRUE
1689,17.1989771382014,20.5007075468699,352.591200415569,3166,8136,9273,9273,9273,9273,9273,9273,TRUE,TRUE
1690,46.9221248541178,34.4171819130936,1614.92730685306,7843,4045,9273,9273,9273,9273,9273,9273,TRUE,TRUE
1691,48.5370968285233,58.5877452065246,2843.67906205394,4641,2406,9273,9273,9273,9273,9273,9273,TRUE,TRUE
1692,61.2613770683548,47.1334094029234,2887.45756594963,7359,2364,9273,9273,9273,9273,9273,9273,TRUE,TRUE
1693,26.5095365182802,33.2931128755928,882.58499158275,3411,6043,9273,9273,9273,9273,9273,9273,TRUE,TRUE
1694,28.7731282388639,67.5788877850059,1944.45600447777,1837,3442,9273,9273,9273,9273,9273,9273,TRUE,TRUE
1695,76.604297104336,77.9039373347368,5967.77636118775,8600,941,9273,9273,9273,9273,9273,9273,TRUE,TRUE
1696,21.1018539729146,27.0747708612784,571.327861064819,902,7200,9273,9273,9273,9273,9273,9273,TRUE,TRUE
1697,96.4213617171364,148.055416238719,14275.7048433347,9165,222,9273,9273,9273,9273,9273,9273,TRUE,TRUE
1698,26.7853552246861,78.5455898561043,2103.87152562825,2415,3227,9273,9273,9273,9273,9273,9273,TRUE,TRUE
1699,18.4306331968308,24.043352766037,443.134215652834,4613,7719,9273,9273,9273,9273,9273,9273,TRUE,TRUE
1700,38.428412135926,60.385370433191,2320.51390198722,7796,2963,9273,9273,9273,9273,9273,9273,TRUE,TRUE
1701,41.4690842283996,100.237255343013,4156.747184643,5188,1556,9273,9273,9273,9273,9273,9273,TRUE,TRUE
1702,42.6786944987727,42.446918517468,1811.57906782132,7300,3685,9273,9273,9273,9273,9273,9273,TRUE,TRUE
1703,27.4556809213732,38.0008538930492,1043.33931922728,6978,5518,9273,9273,9273,9273,9273,9273,TRUE,TRUE
1704,30.2535632944107,28.6254724502563,866.02254260624,7922,6097,9273,9273,9273,9273,9273,9273,TRUE,TRUE
1705,22.7897061022546,35.0260811867799,798.234096160422,5701,6320,9273,9273,9273,9273,9273,9273,TRUE,TRUE
1706,34.6105451411176,64.877556733996,2245.44760598739,6745,3053,9273,9273,9273,9273,9273,9273,TRUE,TRUE
1707,23.8920525733461,16.5952563306119,396.494736719133,7490,7940,9273,9273,9273,9273,9273,9273,TRUE,TRUE
1708,33.8022961729875,64.3197859810905,2174.15645551599,8140,3143,9273,9273,9273,9273,9273,9273,TRUE,TRUE
1709,58.9085043313957,102.612611481122,6044.75546789148,9220,926,9273,9273,9273,9273,9273,9273,TRUE,TRUE
1710,88.5731189250946,54.8270462701301,4856.2024895959,7518,1255,9273,9273,9273,9273,9273,9273,TRUE,TRUE
1711,44.1625229370594,28.2054397583008,1245.62338027581,1744,4936,9273,9273,9273,9273,9273,9273,TRUE,TRUE
1712,23.0418884654145,36.1726890410577,833.487066378173,4543,6201,9273,9273,9273,9273,9273,9273,TRUE,TRUE
1713,34.148282968998,29.2745871782303,999.676886762807,2500,5633,9273,9273,9273,9273,9273,9273,TRUE,TRUE
1714,20.0534090719361,38.2211488848147,766.464333786565,4025,6449,9273,9273,9273,9273,9273,9273,TRUE,TRUE
1715,31.2530679524264,41.3288355383644,1291.65290547515,9108,4810,9273,9273,9273,9273,9273,9273,TRUE,TRUE
1716,64.4763355255127,55.6853908470699,3590.38994412499,3226,1860,9273,9273,9273,9273,9273,9273,TRUE,TRUE
1717,42.6789960974619,68.0804546690895,2905.6054591355,702,2344,9273,9273,9273,9273,9273,9273,TRUE,TRUE
1718,32.4061091141623,35.5968931581153,1153.55680380706,2343,5217,9273,9273,9273,9273,9273,9273,TRUE,TRUE
1719,41.6267658709653,100.033459448525,4164.06939572646,1164,1552,9273,9273,9273,9273,9273,9273,TRUE,TRUE
1720,19.3013020092373,16.7844625651306,323.961981032323,8075,8274,9273,9273,9273,9273,9273,9273,TRUE,TRUE
1721,28.8616912381869,51.688693580898,1491.82311463713,6746,4318,9273,9273,9273,9273,9273,9273,TRUE,TRUE
1722,29.9705834579468,107.883282842636,3233.3249321525,2307,2094,9273,9273,9273,9273,9273,9273,TRUE,TRUE
1723,49.8815479259529,91.8911777237456,4583.67418559927,5226,1357,9273,9273,9273,9273,9273,9273,TRUE,TRUE
1724,59.1288776379643,41.308408130299,2442.51980975554,2131,2810,9273,9273,9273,9273,9273,9273,TRUE,TRUE
1725,28.4636421512954,13.1953272125389,375.587071846957,8009,8035,9273,9273,9273,9273,9273,9273,TRUE,TRUE
1726,49.0779007427666,59.8845315198702,2939.00709395927,2127,2325,9273,9273,9273,9273,9273,9273,TRUE,TRUE
1727,20.5034473256367,46.988370246422,963.423574265028,5687,5758,9273,9273,9273,9273,9273,9273,TRUE,TRUE
1728,57.8016905881921,49.4836797033037,2860.24034337556,31,2395,9273,9273,9273,9273,9273,9273,TRUE,TRUE
1729,39.6365985503564,27.1695721149445,1076.90942270501,6235,5425,9273,9273,9273,9273,9273,9273,TRUE,TRUE
1730,9.04332293510437,13.109917974472,118.55722189588,2609,9028,9273,9273,9273,9273,9273,9273,TRUE,TRUE
1731,11.8554941398204,24.2396787457762,287.373369321679,7426,8410,9273,9273,9273,9273,9273,9273,TRUE,TRUE
1732,3.1507475287826,35.3243552313911,111.298124951144,4893,9037,9273,9273,9273,9273,9273,9273,TRUE,TRUE
1733,22.7778501185002,26.0395437203072,593.12482401529,2344,7118,9273,9273,9273,9273,9273,9273,TRUE,TRUE
1734,15.5941781798405,14.3010530300994,223.013169110719,6184,8664,9273,9273,9273,9273,9273,9273,TRUE,TRUE
1735,12.2612018799782,15.9610232019424,195.701327690032,482,8764,9273,9273,9273,9273,9273,9273,TRUE,TRUE
1736,28.9925908688167,40.3178327902986,1168.91843080649,3131,5176,9273,9273,9273,9273,9273,9273,TRUE,TRUE
1737,37.9820749893994,131.336300266367,4988.42520554745,3810,1206,9273,9273,9273,9273,9273,9273,TRUE,TRUE
1738,17.2534478915821,281.980558719635,4865.13687630844,1480,1248,9273,9273,9273,9273,9273,9273,TRUE,TRUE
1739,54.8935871985651,35.9835226612706,1975.264638918,2425,3398,9273,9273,9273,9273,9273,9273,TRUE,TRUE
1740,28.1663714842796,86.1436656684876,2426.35448823621,8317,2831,9273,9273,9273,9273,9273,9273,TRUE,TRUE
1741,11.6276129474159,8.59235379408722,99.9085642249067,2299,9067,9273,9273,9273,9273,9273,9273,TRUE,TRUE
1742,33.9739128581115,27.6244934047972,938.512131684055,4098,5842,9273,9273,9273,9273,9273,9273,TRUE,TRUE
1743,28.1013473196635,22.8701490409791,642.682001453022,5320,6908,9273,9273,9273,9273,9273,9273,TRUE,TRUE
1744,45.3432370011475,84.7797622047968,3844.18885055302,2293,1711,9273,9273,9273,9273,9273,9273,TRUE,TRUE
1745,15.4045994367685,18.6525716294755,287.335394417704,7705,8411,9273,9273,9273,9273,9273,9273,TRUE,TRUE
1746,3.23317655201616,12.9036327559372,41.719722862324,6337,9207,9273,9273,9273,9273,9273,9273,TRUE,TRUE
1747,54.1342743295051,148.781106172176,8054.1572165718,4816,595,9273,9273,9273,9273,9273,9273,TRUE,TRUE
1748,74.1386981773377,47.2339233183861,3501.86158463334,727,1919,9273,9273,9273,9273,9273,9273,TRUE,TRUE
1749,51.4636638584084,82.6970256640258,4255.8919308636,2489,1506,9273,9273,9273,9273,9273,9273,TRUE,TRUE
1750,41.4153725840151,73.6140569336712,3048.7535953289,7992,2229,9273,9273,9273,9273,9273,9273,TRUE,TRUE
1751,17.3212153487286,64.2876243672129,1113.53978592267,1119,5325,9273,9273,9273,9273,9273,9273,TRUE,TRUE
1752,10.5372002875363,50.271262133563,529.718357808595,4392,7385,9273,9273,9273,9273,9273,9273,TRUE,TRUE
1753,56.6441554920094,20.7846246345623,1177.3275096432,7722,5149,9273,9273,9273,9273,9273,9273,TRUE,TRUE
1754,66.5804419501353,127.75546111414,8506.01506252276,1646,545,9273,9273,9273,9273,9273,9273,TRUE,TRUE
1755,22.9935963153839,31.6787929270003,728.409376322083,893,6581,9273,9273,9273,9273,9273,9273,TRUE,TRUE
1756,53.6829872131348,25.7616444587708,1382.96203006951,4772,4584,9273,9273,9273,9273,9273,9273,TRUE,TRUE
1757,54.2310640391182,41.3288488468202,2241.30744847494,7943,3058,9273,9273,9273,9273,9273,9273,TRUE,TRUE
1758,10.17306835567,33.6449478790823,342.272354596859,5968,8181,9273,9273,9273,9273,9273,9273,TRUE,TRUE
1759,73.2148161412336,145.268343589379,10635.795067038,580,377,9273,9273,9273,9273,9273,9273,TRUE,TRUE
1760,32.055939897162,45.810679490449,1468.50438839399,3415,4373,9273,9273,9273,9273,9273,9273,TRUE,TRUE
1761,52.8974094671362,64.5025746044628,3412.01910053677,4702,1984,9273,9273,9273,9273,9273,9273,TRUE,TRUE
1762,50.7107084223429,64.1359860521952,3252.38128807233,7416,2082,9273,9273,9273,9273,9273,9273,TRUE,TRUE
1763,136.183834237872,52.7254768947385,7180.35760554585,3877,710,9273,9273,9273,9273,9273,9273,TRUE,TRUE
1764,19.7878059180555,80.4350702357995,1591.63355883116,6284,4087,9273,9273,9273,9273,9273,9273,TRUE,TRUE
1765,36.495665584714,73.2443286072124,2673.10052282572,4793,2554,9273,9273,9273,9273,9273,9273,TRUE,TRUE
1766,85.6499932263349,107.775936168593,9231.00820280192,20,473,9273,9273,9273,9273,9273,9273,TRUE,TRUE
1767,30.877060429408,32.3464627632728,998.76368541917,8788,5636,9273,9273,9273,9273,9273,9273,TRUE,TRUE
1768,58.0467673708074,103.049462111955,5981.68815489947,121,936,9273,9273,9273,9273,9273,9273,TRUE,TRUE
1769,34.5163614080829,27.0761127415382,934.568892912929,2125,5862,9273,9273,9273,9273,9273,9273,TRUE,TRUE
1770,31.3849221999829,31.4481534957886,986.997850798444,4686,5683,9273,9273,9273,9273,9273,9273,TRUE,TRUE
1771,20.3316600989011,43.2926299034144,880.211035983744,348,6051,9273,9273,9273,9273,9273,9273,TRUE,TRUE
1772,62.8684850024362,103.717601018074,6520.56844409346,694,811,9273,9273,9273,9273,9273,9273,TRUE,TRUE
1773,41.3944191978178,37.5138433944178,1552.86375918982,6964,4161,9273,9273,9273,9273,9273,9273,TRUE,TRUE
1774,55.1371153195699,29.5372300677829,1628.59766046802,501,4017,9273,9273,9273,9273,9273,9273,TRUE,TRUE
1775,37.7022275137949,90.7868555230154,3422.86668219076,4295,1975,9273,9273,9273,9273,9273,9273,TRUE,TRUE
1776,14.0004005172978,35.3508764971858,494.926429598131,8922,7522,9273,9273,9273,9273,9273,9273,TRUE,TRUE
1777,9.28756249163074,9.42150698013577,87.5028348433463,3203,9099,9273,9273,9273,9273,9273,9273,TRUE,TRUE
1778,51.4280651947328,99.2364728538488,5103.53979562306,1091,1166,9273,9273,9273,9273,9273,9273,TRUE,TRUE
1779,34.8294778830475,46.2277153465483,1610.08718924642,5105,4054,9273,9273,9273,9273,9273,9273,TRUE,TRUE
1780,44.5390223318072,25.9121063977332,1154.0998855128,7180,5215,9273,9273,9273,9273,9273,9273,TRUE,TRUE
1781,32.7185361578658,86.3445443076057,2825.06709496284,1784,2421,9273,9273,9273,9273,9273,9273,TRUE,TRUE
1782,33.0932873673737,27.0969121344388,896.725900033457,7155,5988,9273,9273,9273,9273,9273,9273,TRUE,TRUE
1783,80.9714347570121,28.9888641964011,2347.26992595877,5443,2938,9273,9273,9273,9273,9273,9273,TRUE,TRUE
1784,48.1500271161397,77.1930662755014,3716.84823434337,7406,1781,9273,9273,9273,9273,9273,9273,TRUE,TRUE
1785,18.4176390272939,7.31049565372304,134.642070060872,2411,8988,9273,9273,9273,9273,9273,9273,TRUE,TRUE
1786,46.9557460374557,73.4067657177265,3446.86944847257,3343,1952,9273,9273,9273,9273,9273,9273,TRUE,TRUE
1787,22.0298303743688,68.7316552604117,1514.14670673646,658,4270,9273,9273,9273,9273,9273,9273,TRUE,TRUE
1788,10.5236398368884,68.2289925471992,718.017344000468,2372,6633,9273,9273,9273,9273,9273,9273,TRUE,TRUE
1789,46.1420156799094,64.680974013614,2984.51051712799,4846,2286,9273,9273,9273,9273,9273,9273,TRUE,TRUE
1790,11.8308882969338,52.6094613469954,622.416660558158,139,7000,9273,9273,9273,9273,9273,9273,TRUE,TRUE
1791,60.5074312373845,156.491160886456,9468.87815659573,3529,459,9273,9273,9273,9273,9273,9273,TRUE,TRUE
1792,60.6587310074847,114.913610410873,6970.51378301203,2313,739,9273,9273,9273,9273,9273,9273,TRUE,TRUE
1793,109.290218554045,222.987129228157,24370.3120880844,1877,71,9273,9273,9273,9273,9273,9273,TRUE,TRUE
1794,85.3897971366216,64.8020354150568,5533.43265813187,5800,1059,9273,9273,9273,9273,9273,9273,TRUE,TRUE
1795,28.2544992708578,101.452118643319,2866.47881223463,3004,2390,9273,9273,9273,9273,9273,9273,TRUE,TRUE
1796,97.4686448483648,232.006768281826,22613.3853000782,7997,92,9273,9273,9273,9273,9273,9273,TRUE,TRUE
1797,53.4262586457504,42.1575208837922,2252.3186146011,505,3040,9273,9273,9273,9273,9273,9273,TRUE,TRUE
1798,74.9764455509186,28.6381910085678,2147.18976883069,1022,3177,9273,9273,9273,9273,9273,9273,TRUE,TRUE
1799,12.3506532620411,21.1338231456523,261.016521773249,3176,8517,9273,9273,9273,9273,9273,9273,TRUE,TRUE
1800,59.0413734630003,171.793191931342,10142.9060032193,3950,404,9273,9273,9273,9273,9273,9273,TRUE,TRUE
1801,19.6123800575733,31.8202146053314,624.070142353305,3676,6990,9273,9273,9273,9273,9273,9273,TRUE,TRUE
1802,76.8895306540471,40.3804783852272,3104.83603062601,3621,2187,9273,9273,9273,9273,9273,9273,TRUE,TRUE
1803,29.000009432961,58.7887851715088,1704.87532452607,6439,3879,9273,9273,9273,9273,9273,9273,TRUE,TRUE
1804,24.2535934607853,42.6896781901435,1035.37809979549,2715,5543,9273,9273,9273,9273,9273,9273,TRUE,TRUE
1805,47.3318523809314,51.2623647511006,2426.34268109655,2763,2832,9273,9273,9273,9273,9273,9273,TRUE,TRUE
1806,18.6706498060988,53.0754762882358,990.953631069549,7006,5666,9273,9273,9273,9273,9273,9273,TRUE,TRUE
1807,30.8096258720985,20.6155840682983,635.158432279066,3498,6943,9273,9273,9273,9273,9273,9273,TRUE,TRUE
1808,14.6301827155097,57.2249761344381,837.211856737509,3000,6189,9273,9273,9273,9273,9273,9273,TRUE,TRUE
1809,19.5465526936101,50.6128276002173,989.306301660252,1333,5673,9273,9273,9273,9273,9273,9273,TRUE,TRUE
1810,6.45318323486866,11.7208809943057,75.6369927303442,112,9137,9273,9273,9273,9273,9273,9273,TRUE,TRUE
1811,52.4720841646195,89.2254257173765,4681.84404786618,5400,1325,9273,9273,9273,9273,9273,9273,TRUE,TRUE
1812,20.523309843327,41.6612087808004,855.025896255901,9219,6128,9273,9273,9273,9273,9273,9273,TRUE,TRUE
1813,20.5113630269094,23.6927737058655,485.971082595421,5872,7556,9273,9273,9273,9273,9273,9273,TRUE,TRUE
1814,10.4723176286027,50.5820745287715,529.71155077895,2638,7386,9273,9273,9273,9273,9273,9273,TRUE,TRUE
1815,28.2071693399565,41.9400782454861,1183.01088920145,894,5122,9273,9273,9273,9273,9273,9273,TRUE,TRUE
1816,49.1927785289784,25.7478600690762,1266.60877797319,6252,4881,9273,9273,9273,9273,9273,9273,TRUE,TRUE
1817,38.5601710587612,29.4220909888141,1134.52086143511,833,5267,9273,9273,9273,9273,9273,9273,TRUE,TRUE
1818,15.5346002578735,10.1824998855591,158.181065348003,7798,8910,9273,9273,9273,9273,9273,9273,TRUE,TRUE
1819,24.7864471894723,56.1685685140115,1392.21925718081,1583,4553,9273,9273,9273,9273,9273,9273,TRUE,TRUE
1820,35.2634424495697,62.6730793142319,2210.06852553473,5019,3106,9273,9273,9273,9273,9273,9273,TRUE,TRUE
1821,40.9282826148933,113.473626317688,4644.28064726711,399,1333,9273,9273,9273,9273,9273,9273,TRUE,TRUE
1822,20.5097414460293,30.5710823325224,627.004994365309,7140,6977,9273,9273,9273,9273,9273,9273,TRUE,TRUE
1823,8.98358923262292,20.5817331141168,184.897835992698,2579,8810,9273,9273,9273,9273,9273,9273,TRUE,TRUE
1824,111.312641819812,278.073005911726,30953.0409068104,3689,44,9273,9273,9273,9273,9273,9273,TRUE,TRUE
1825,16.8227130106126,38.3598192094386,645.31622969937,7377,6900,9273,9273,9273,9273,9273,9273,TRUE,TRUE
1826,16.572059037453,23.4251785708679,388.203442239301,2394,7982,9273,9273,9273,9273,9273,9273,TRUE,TRUE
1827,36.1874785781721,70.8365811171999,2563.39726172962,6256,2677,9273,9273,9273,9273,9273,9273,TRUE,TRUE
1828,102.774836922303,127.969183799548,13152.0119960788,5841,258,9273,9273,9273,9273,9273,9273,TRUE,TRUE
1829,38.4625045527583,52.3788396845693,2014.62135983594,8840,3343,9273,9273,9273,9273,9273,9273,TRUE,TRUE
1830,21.5668945918649,23.9892026226399,517.372604305364,7809,7437,9273,9273,9273,9273,9273,9273,TRUE,TRUE
1831,54.7528835474059,46.4723496681036,2544.495149552,6925,2697,9273,9273,9273,9273,9273,9273,TRUE,TRUE
1832,24.240737933379,102.558920786931,2486.10392152617,2283,2764,9273,9273,9273,9273,9273,9273,TRUE,TRUE
1833,48.0034372006204,58.9719700071921,2830.85725883712,4466,2417,9273,9273,9273,9273,9273,9273,TRUE,TRUE
1834,78.8022757294358,86.1677447356631,6790.21437964336,9045,765,9273,9273,9273,9273,9273,9273,TRUE,TRUE
1835,57.3157942590964,106.277961130074,6091.40575440756,1677,917,9273,9273,9273,9273,9273,9273,TRUE,TRUE
1836,16.5107684917137,24.9901681871362,412.606881506795,8772,7857,9273,9273,9273,9273,9273,9273,TRUE,TRUE
1837,44.9100805371729,86.5833322383098,3888.4644239993,1570,1694,9273,9273,9273,9273,9273,9273,TRUE,TRUE
1838,56.1453347055762,112.821301262658,6334.38972131057,4084,851,9273,9273,9273,9273,9273,9273,TRUE,TRUE
1839,29.4401046918156,48.5369577610746,1428.93311790827,6819,4462,9273,9273,9273,9273,9273,9273,TRUE,TRUE
1840,27.9662177724536,21.9084330964412,612.696011028305,7708,7045,9273,9273,9273,9273,9273,9273,TRUE,TRUE
1841,48.4017723044717,21.9597870068378,1062.89261055966,291,5467,9273,9273,9273,9273,9273,9273,TRUE,TRUE
1842,32.8795369286286,58.4152166968898,1920.66527457923,2667,3483,9273,9273,9273,9273,9273,9273,TRUE,TRUE
1843,32.8955587560097,28.6100485472553,941.143532998524,3791,5826,9273,9273,9273,9273,9273,9273,TRUE,TRUE
1844,4.23871408939362,5.60036351680756,23.7383397444182,5913,9229,9273,9273,9273,9273,9273,9273,TRUE,TRUE
1845,27.9122374386822,46.0306741839171,1284.81910728411,3199,4832,9273,9273,9273,9273,9273,9273,TRUE,TRUE
1846,24.2727490115166,18.4811908626556,448.589307243174,6664,7702,9273,9273,9273,9273,9273,9273,TRUE,TRUE
1847,35.4652139867535,36.0758617433883,1279.4381564858,1994,4843,9273,9273,9273,9273,9273,9273,TRUE,TRUE
1848,12.1092223168715,24.4047378586686,295.522396315589,3182,8383,9273,9273,9273,9273,9273,9273,TRUE,TRUE
1849,32.1132814660469,34.9425292654268,1122.11927743623,226,5304,9273,9273,9273,9273,9273,9273,TRUE,TRUE
1850,16.2336156797409,28.2054512310028,457.876455357775,1384,7665,9273,9273,9273,9273,9273,9273,TRUE,TRUE
1851,27.7441609099612,38.415677685004,1065.81074315796,4397,5456,9273,9273,9273,9273,9273,9273,TRUE,TRUE
1852,69.5905032957754,50.3375240910438,3503.01363615896,4618,1917,9273,9273,9273,9273,9273,9273,TRUE,TRUE
1853,24.4304846161937,28.4497397958977,695.04093041839,2648,6725,9273,9273,9273,9273,9273,9273,TRUE,TRUE
1854,22.0826699274361,136.725656667333,3019.26754679666,1913,2250,9273,9273,9273,9273,9273,9273,TRUE,TRUE
1855,10.6329210023268,39.9825181873567,425.130957360256,222,7801,9273,9273,9273,9273,9273,9273,TRUE,TRUE
1856,45.8607164449277,165.881257019043,7607.43329167851,9251,655,9273,9273,9273,9273,9273,9273,TRUE,TRUE
1857,54.5192810647628,165.907515005632,9045.15844134839,1118,494,9273,9273,9273,9273,9273,9273,TRUE,TRUE
1858,53.3742082444373,15.2358074046246,813.199157186575,5893,6264,9273,9273,9273,9273,9273,9273,TRUE,TRUE
1859,22.0611663277694,53.4980632076113,1180.22967063663,5951,5136,9273,9273,9273,9273,9273,9273,TRUE,TRUE
1860,15.7363011933766,17.1663851397378,270.135406960419,1716,8477,9273,9273,9273,9273,9273,9273,TRUE,TRUE
1861,39.8059262571937,72.3429282796739,2879.67726833015,4897,2374,9273,9273,9273,9273,9273,9273,TRUE,TRUE
1862,24.3621243728532,68.4582657142922,1667.78878368142,4868,3941,9273,9273,9273,9273,9273,9273,TRUE,TRUE
1863,69.5734099088794,49.0542320891889,3412.87019690644,8095,1982,9273,9273,9273,9273,9273,9273,TRUE,TRUE
1864,18.8694944041116,49.6395433184865,936.673084870835,1217,5849,9273,9273,9273,9273,9273,9273,TRUE,TRUE
1865,28.0948035410331,27.7694099869471,780.176118033681,3961,6380,9273,9273,9273,9273,9273,9273,TRUE,TRUE
1866,43.8277542578931,62.454189472458,2737.22686857478,3142,2506,9273,9273,9273,9273,9273,9273,TRUE,TRUE
1867,40.1158451952902,60.1250623278066,2411.96769269946,7388,2856,9273,9273,9273,9273,9273,9273,TRUE,TRUE
1868,148.089191453401,47.3603641598724,7013.55803537415,4276,733,9273,9273,9273,9273,9273,9273,TRUE,TRUE
1869,49.3627913849278,98.8184870974067,4877.95636356347,1941,1244,9273,9273,9273,9273,9273,9273,TRUE,TRUE
1870,79.5903317582842,233.194862346956,18560.0564585217,6706,138,9273,9273,9273,9273,9273,9273,TRUE,TRUE
1871,21.95921687603,97.5861320114136,2142.91503693152,1096,3185,9273,9273,9273,9273,9273,9273,TRUE,TRUE
1872,5.47870625555515,73.1863689422607,400.966617345331,4602,7916,9273,9273,9273,9273,9273,9273,TRUE,TRUE
1873,16.441823238485,17.9241377325619,294.705504301042,3998,8386,9273,9273,9273,9273,9273,9273,TRUE,TRUE
1874,11.835852469086,22.7085120892399,268.774598880699,3031,8483,9273,9273,9273,9273,9273,9273,TRUE,TRUE
1875,86.4776757375614,232.366697167062,20094.5318898213,5649,113,9273,9273,9273,9273,9273,9273,TRUE,TRUE
1876,17.4666149056138,17.2308927504861,300.965368152672,8115,8366,9273,9273,9273,9273,9273,9273,TRUE,TRUE
1877,41.6303726893449,88.6661701964316,3691.20571021433,892,1793,9273,9273,9273,9273,9273,9273,TRUE,TRUE
1878,23.7234924840927,43.8737063527107,1040.83754290782,9173,5529,9273,9273,9273,9273,9273,9273,TRUE,TRUE
1879,18.2954395246732,25.8904897499988,473.677889485275,7086,7614,9273,9273,9273,9273,9273,9273,TRUE,TRUE
1880,23.2296233115124,62.1329554663304,1443.32515071383,7870,4426,9273,9273,9273,9273,9273,9273,TRUE,TRUE
1881,57.285061887434,105.807569947442,6061.1931925982,3970,922,9273,9273,9273,9273,9273,9273,TRUE,TRUE
1882,46.0100284874439,100.831897220612,4639.27846356336,7250,1334,9273,9273,9273,9273,9273,9273,TRUE,TRUE
1883,31.0939462238283,270.385937601773,8407.36580346892,6956,555,9273,9273,9273,9273,9273,9273,TRUE,TRUE
1884,18.6858580899239,21.8286727046967,407.887480451356,8246,7887,9273,9273,9273,9273,9273,9273,TRUE,TRUE
1885,36.5894894113346,11.7006050529393,428.119164690733,6095,7788,9273,9273,9273,9273,9273,9273,TRUE,TRUE
1886,38.1812763390066,45.3608220353778,1731.93408109726,7240,3819,9273,9273,9273,9273,9273,9273,TRUE,TRUE
1887,49.519439099155,88.9643481035769,4405.4646179111,3195,1428,9273,9273,9273,9273,9273,9273,TRUE,TRUE
1888,36.4131137064134,76.8805172470794,2799.45901632578,187,2437,9273,9273,9273,9273,9273,9273,TRUE,TRUE
1889,53.5054593276978,28.9945844459534,1551.36855879646,82,4169,9273,9273,9273,9273,9273,9273,TRUE,TRUE
1890,27.4946596640985,71.3958856749303,1963.00557804909,4579,3416,9273,9273,9273,9273,9273,9273,TRUE,TRUE
1891,56.3990311342127,41.6176278090277,2347.19388653343,5557,2939,9273,9273,9273,9273,9273,9273,TRUE,TRUE
1892,25.85076688494,28.7145644596645,742.29351204937,3398,6535,9273,9273,9273,9273,9273,9273,TRUE,TRUE
1893,41.315254860736,29.2474462630901,1208.36569638525,685,5057,9273,9273,9273,9273,9273,9273,TRUE,TRUE
1894,50.9371600441031,24.5961577613075,1252.85842435773,7760,4914,9273,9273,9273,9273,9273,9273,TRUE,TRUE
1895,22.2666524270686,21.3894023749886,476.270388306587,1507,7602,9273,9273,9273,9273,9273,9273,TRUE,TRUE
1896,15.9007372784615,8.97330586910248,142.682179143875,299,8960,9273,9273,9273,9273,9273,9273,TRUE,TRUE
1897,21.5983516666251,23.1256701106757,499.476355576734,3380,7504,9273,9273,9273,9273,9273,9273,TRUE,TRUE
1898,29.5378533148766,28.1290671110153,830.872258209489,1657,6208,9273,9273,9273,9273,9273,9273,TRUE,TRUE
1899,30.2502574461667,19.4528771288255,588.454541215618,1406,7137,9273,9273,9273,9273,9273,9273,TRUE,TRUE
1900,15.9561258951823,33.6496027464508,536.91729774524,1057,7355,9273,9273,9273,9273,9273,9273,TRUE,TRUE
1901,29.8157646198965,38.1974530837696,1138.88627022521,6472,5258,9273,9273,9273,9273,9273,9273,TRUE,TRUE
1902,14.9266104643372,30.9667887998267,462.229193746414,8588,7646,9273,9273,9273,9273,9273,9273,TRUE,TRUE
1903,18.0288819715011,76.2212889174785,1374.18462160891,9024,4612,9273,9273,9273,9273,9273,9273,TRUE,TRUE
1904,26.8497553114679,71.8123536656617,1928.14412426361,4967,3467,9273,9273,9273,9273,9273,9273,TRUE,TRUE
1905,11.9931511559249,53.2239027425247,638.322310699344,1650,6927,9273,9273,9273,9273,9273,9273,TRUE,TRUE
1906,37.6730983468794,37.9994748676977,1431.55795382055,7964,4458,9273,9273,9273,9273,9273,9273,TRUE,TRUE
1907,13.01573138237,34.6585819363594,451.106792577515,2629,7691,9273,9273,9273,9273,9273,9273,TRUE,TRUE
1908,8.48716848419934,34.2726868327071,290.878067555385,1930,8399,9273,9273,9273,9273,9273,9273,TRUE,TRUE
1909,35.2800525512627,53.0733515718858,1872.43063252777,6860,3582,9273,9273,9273,9273,9273,9273,TRUE,TRUE
1910,55.1535030532302,62.1666369070087,3428.70779845975,2334,1966,9273,9273,9273,9273,9273,9273,TRUE,TRUE
1911,103.895718859811,103.173670059595,10719.3026182466,3921,370,9273,9273,9273,9273,9273,9273,TRUE,TRUE
1912,11.0760218331177,25.9744961768793,287.694086759349,3548,8407,9273,9273,9273,9273,9273,9273,TRUE,TRUE
1913,65.4547040928676,55.0080726719435,3600.53711946102,9131,1854,9273,9273,9273,9273,9273,9273,TRUE,TRUE
1914,16.2058662652969,17.3738493442535,281.55827898639,1152,8437,9273,9273,9273,9273,9273,9273,TRUE,TRUE
1915,16.8026844773974,9.63697377273015,161.927029620138,3915,8897,9273,9273,9273,9273,9273,9273,TRUE,TRUE
1916,27.8959944331855,38.0056388838249,1060.20509073284,7983,5476,9273,9273,9273,9273,9273,9273,TRUE,TRUE
1917,26.5542960553034,49.6240760247234,1317.73240623139,1852,4747,9273,9273,9273,9273,9273,9273,TRUE,TRUE
1918,16.5538413496905,14.1488964058632,234.218586375865,874,8617,9273,9273,9273,9273,9273,9273,TRUE,TRUE
1919,87.0814357002026,39.4817596393279,3438.12831336298,1748,1957,9273,9273,9273,9273,9273,9273,TRUE,TRUE
1920,24.969253663759,32.3362231254578,807.411357747464,4999,6290,9273,9273,9273,9273,9273,9273,TRUE,TRUE
1921,78.1380001767361,88.1726060822309,6889.63110963664,149,753,9273,9273,9273,9273,9273,9273,TRUE,TRUE
1922,29.2493445622921,33.6912306404114,985.446413729045,2495,5688,9273,9273,9273,9273,9273,9273,TRUE,TRUE
1923,27.3423915571637,15.0294332985926,410.940650132393,6324,7868,9273,9273,9273,9273,9273,9273,TRUE,TRUE
1924,22.9397474176005,76.408751593138,1752.79746204077,5138,3783,9273,9273,9273,9273,9273,9273,TRUE,TRUE
1925,39.889001217607,72.262386122795,2882.47440803935,5511,2369,9273,9273,9273,9273,9273,9273,TRUE,TRUE
1926,112.494574982721,162.755553078754,18309.1167696721,4367,143,9273,9273,9273,9273,9273,9273,TRUE,TRUE
1927,28.0936498186391,45.2941646044421,1272.47839922499,656,4865,9273,9273,9273,9273,9273,9273,TRUE,TRUE
1928,78.0385522161211,135.113525128627,10544.0638858545,8169,381,9273,9273,9273,9273,9273,9273,TRUE,TRUE
1929,4.96563663202174,16.8632775216081,83.7369085972459,7469,9113,9273,9273,9273,9273,9273,9273,TRUE,TRUE
1930,50.782115916328,69.2535857056973,3516.84361692807,4312,1908,9273,9273,9273,9273,9273,9273,TRUE,TRUE
1931,14.3873363026118,18.7685358726372,270.029237507265,3626,8478,9273,9273,9273,9273,9273,9273,TRUE,TRUE
1932,41.7017747197285,35.0968102987512,1463.59927645957,1102,4392,9273,9273,9273,9273,9273,9273,TRUE,TRUE
1933,8.53466657333285,33.4023133416042,285.077607148579,650,8420,9273,9273,9273,9273,9273,9273,TRUE,TRUE
1934,12.8163294385009,25.1277265277262,322.045221219897,9065,8284,9273,9273,9273,9273,9273,9273,TRUE,TRUE
1935,7.69263897455327,26.4607082076137,203.552675252171,7461,8745,9273,9273,9273,9273,9273,9273,TRUE,TRUE
1936,47.2550309637319,49.1691648908283,2323.49040937693,5455,2959,9273,9273,9273,9273,9273,9273,TRUE,TRUE
1937,41.966861812762,50.8625742843031,2134.54262643069,3524,3200,9273,9273,9273,9273,9273,9273,TRUE,TRUE
1938,16.9164294203122,29.8756523927053,505.389365086982,6139,7478,9273,9273,9273,9273,9273,9273,TRUE,TRUE
1939,29.5314466783616,19.6689485021298,580.852503910088,8288,7164,9273,9273,9273,9273,9273,9273,TRUE,TRUE
1940,47.2324852761768,113.837564550127,5376.83109148972,3939,1095,9273,9273,9273,9273,9273,9273,TRUE,TRUE
1941,68.1262079187342,52.5864460833438,3582.51515958118,334,1869,9273,9273,9273,9273,9273,9273,TRUE,TRUE
1942,8.84549318057186,49.9036992270992,441.422831198615,559,7730,9273,9273,9273,9273,9273,9273,TRUE,TRUE
1943,9.3691170072197,42.9883903489077,402.76325913095,8152,7909,9273,9273,9273,9273,9273,9273,TRUE,TRUE
1944,26.8292131281752,60.3458063493429,1619.03049993811,5939,4035,9273,9273,9273,9273,9273,9273,TRUE,TRUE
1945,23.8939705663933,60.2088870338387,1438.62937462184,8061,4439,9273,9273,9273,9273,9273,9273,TRUE,TRUE
1946,23.1960711864354,44.8958113690378,1041.40643648898,7936,5524,9273,9273,9273,9273,9273,9273,TRUE,TRUE
1947,91.8133917882059,74.2154508274969,6813.9722635633,3202,761,9273,9273,9273,9273,9273,9273,TRUE,TRUE
1948,21.4336102981957,33.7164375295444,722.664982651715,8828,6606,9273,9273,9273,9273,9273,9273,TRUE,TRUE
1949,12.8863619762598,19.0527666352459,245.520847510983,3828,8573,9273,9273,9273,9273,9273,9273,TRUE,TRUE
1950,36.3046688196611,39.0778176599619,1418.70722834002,7950,4488,9273,9273,9273,9273,9273,9273,TRUE,TRUE
1951,42.0978778387081,52.5603986668449,2212.68124223063,2053,3101,9273,9273,9273,9273,9273,9273,TRUE,TRUE
1952,37.0980173587799,69.1559419790904,2565.54833600307,1786,2676,9273,9273,9273,9273,9273,9273,TRUE,TRUE
1953,41.0749067037002,43.4415400131889,1784.35720310679,2416,3730,9273,9273,9273,9273,9273,9273,TRUE,TRUE
1954,34.4988172234911,24.0098040934765,828.309842992674,617,6218,9273,9273,9273,9273,9273,9273,TRUE,TRUE
1955,111.327206381817,172.524663396717,19206.6888079199,3659,130,9273,9273,9273,9273,9273,9273,TRUE,TRUE
1956,19.0742671155282,46.4200596356284,885.428617008726,2025,6037,9273,9273,9273,9273,9273,9273,TRUE,TRUE
1957,33.313228664872,45.0786464489423,1501.71525705653,1919,4294,9273,9273,9273,9273,9273,9273,TRUE,TRUE
1958,23.5339108284782,60.7953215580361,1430.75167633548,1533,4459,9273,9273,9273,9273,9273,9273,TRUE,TRUE
1959,6.63625655450238,28.1736985816833,186.96789187727,3578,8803,9273,9273,9273,9273,9273,9273,TRUE,TRUE
1960,21.1600185327752,46.2354765381924,978.343540419843,1640,5716,9273,9273,9273,9273,9273,9273,TRUE,TRUE
1961,27.9376688393263,25.1869163788282,703.663728875505,777,6685,9273,9273,9273,9273,9273,9273,TRUE,TRUE
1962,14.0920707285404,9.16423602104187,129.14306218156,6280,9002,9273,9273,9273,9273,9273,9273,TRUE,TRUE
1963,49.1318297386169,27.5262368100903,1352.41438029821,3587,4663,9273,9273,9273,9273,9273,9273,TRUE,TRUE
1964,34.238719301908,56.3117952004676,1928.04374925534,3654,3468,9273,9273,9273,9273,9273,9273,TRUE,TRUE
1965,27.6750001108555,69.792869450796,1931.5176697877,4485,3461,9273,9273,9273,9273,9273,9273,TRUE,TRUE
1966,78.4521032276592,116.312973352827,9124.99739219197,1910,483,9273,9273,9273,9273,9273,9273,TRUE,TRUE
1967,31.6357305729643,29.1716843625333,922.867546852657,6098,5905,9273,9273,9273,9273,9273,9273,TRUE,TRUE
1968,9.35413767445472,7.22627979709256,67.5956160961345,5920,9166,9273,9273,9273,9273,9273,9273,TRUE,TRUE
1969,58.2708655463325,7.44332913069697,433.729230991943,1637,7765,9273,9273,9273,9273,9273,9273,TRUE,TRUE
1970,24.1628112139112,31.3732453955456,758.065805660276,7622,6487,9273,9273,9273,9273,9273,9273,TRUE,TRUE
1971,16.1614679473639,37.0005361175537,597.982978499123,2423,7097,9273,9273,9273,9273,9273,9273,TRUE,TRUE
1972,30.9436352998349,41.627324374975,1288.10074396715,5507,4821,9273,9273,9273,9273,9273,9273,TRUE,TRUE
1973,40.0974794963928,34.2659187121603,1373.97697298591,1229,4613,9273,9273,9273,9273,9273,9273,TRUE,TRUE
1974,22.4670650624083,34.9516465351013,785.260916742419,3818,6361,9273,9273,9273,9273,9273,9273,TRUE,TRUE
1975,17.8431079518997,14.8746005256297,265.409102920195,1775,8493,9273,9273,9273,9273,9273,9273,TRUE,TRUE
1976,27.6338104972936,28.066074650697,775.572588300257,5222,6403,9273,9273,9273,9273,9273,9273,TRUE,TRUE
1977,14.5934290622165,61.3156981375109,894.806291170046,8849,5998,9273,9273,9273,9273,9273,9273,TRUE,TRUE
1978,24.2337739013833,86.0356482681551,2084.96844758941,2194,3257,9273,9273,9273,9273,9273,9273,TRUE,TRUE
1979,19.5291567206383,76.7503180265427,1498.86898909918,8203,4301,9273,9273,9273,9273,9273,9273,TRUE,TRUE
1980,46.0717445255555,62.8006476200733,2893.33539319145,7921,2360,9273,9273,9273,9273,9273,9273,TRUE,TRUE
1981,93.7419272794699,154.361214776834,14470.1177703806,3984,219,9273,9273,9273,9273,9273,9273,TRUE,TRUE
1982,34.0136665100659,19.8580179338331,675.443999552308,1863,6790,9273,9273,9273,9273,9273,9273,TRUE,TRUE
1983,80.6616876628358,56.9232613999031,4591.52633178894,3508,1353,9273,9273,9273,9273,9273,9273,TRUE,TRUE
1984,23.5541884632317,26.6968271827009,628.822098831665,1761,6968,9273,9273,9273,9273,9273,9273,TRUE,TRUE
1985,79.3768779605692,108.434418183863,8607.18557890578,3366,533,9273,9273,9273,9273,9273,9273,TRUE,TRUE
1986,11.2677601437542,204.071293720224,2299.42638986511,7739,2985,9273,9273,9273,9273,9273,9273,TRUE,TRUE
1987,4.9488669526577,5.61308616399765,27.7784166194282,9033,9220,9273,9273,9273,9273,9273,9273,TRUE,TRUE
1988,18.0659554449426,26.9664143159849,487.174039542444,7161,7545,9273,9273,9273,9273,9273,9273,TRUE,TRUE
1989,13.020532298352,19.209552215914,250.118595064188,7618,8549,9273,9273,9273,9273,9273,9273,TRUE,TRUE
1990,38.1262320327759,40.3734813117981,1539.28871646456,7358,4200,9273,9273,9273,9273,9273,9273,TRUE,TRUE
1991,102.316449208104,60.9288165128749,6234.02016004946,5176,881,9273,9273,9273,9273,9273,9273,TRUE,TRUE
1992,30.6192642418114,11.0080788586591,337.05927536798,2076,8217,9273,9273,9273,9273,9273,9273,TRUE,TRUE
1993,65.0280352267693,61.0246099975166,3968.31048861837,4830,1645,9273,9273,9273,9273,9273,9273,TRUE,TRUE
1994,36.1661560414295,99.8904902566112,3612.65505767549,1532,1847,9273,9273,9273,9273,9273,9273,TRUE,TRUE
1995,121.630655846556,107.497353333285,13074.9735876964,5238,260,9273,9273,9273,9273,9273,9273,TRUE,TRUE
1996,71.3284428119659,45.4075217486811,3238.8478182839,500,2090,9273,9273,9273,9273,9273,9273,TRUE,TRUE
1997,55.9147476320681,231.890957915265,12966.1243899906,8560,266,9273,9273,9273,9273,9273,9273,TRUE,TRUE
1998,43.8250215370921,128.695555689331,5640.08549981296,1054,1022,9273,9273,9273,9273,9273,9273,TRUE,TRUE
1999,40.9398083301506,61.7633721900709,2528.58061928525,2405,2715,9273,9273,9273,9273,9273,9273,TRUE,TRUE
2000,69.6082370458294,62.2494482121354,4333.0743471224,4513,1468,9273,9273,9273,9273,9273,9273,TRUE,TRUE
2001,30.9966257313388,26.262068717324,814.035514961592,2534,6263,9273,9273,9273,9273,9273,9273,TRUE,TRUE
2002,23.4594334422678,47.8428450653519,1122.36603949935,9270,5303,9273,9273,9273,9273,9273,9273,TRUE,TRUE
2003,24.8196424770849,17.4500121131462,433.103061869091,356,7767,9273,9273,9273,9273,9273,9273,TRUE,TRUE
2004,31.873740388636,75.9368106301068,2420.39018796504,6021,2843,9273,9273,9273,9273,9273,9273,TRUE,TRUE
2005,18.863390147686,60.4584149837494,1140.45066954917,6026,5255,9273,9273,9273,9273,9273,9273,TRUE,TRUE
2006,37.1685338509009,44.6827207292829,1660.7912179767,1347,3953,9273,9273,9273,9273,9273,9273,TRUE,TRUE
2007,36.9731502484136,46.2902647350429,1711.49691308758,8438,3867,9273,9273,9273,9273,9273,9273,TRUE,TRUE
2008,17.3428196509679,31.179083915993,540.733229237461,5204,7333,9273,9273,9273,9273,9273,9273,TRUE,TRUE
2009,34.0198855968063,127.873189426855,4350.23127520036,8080,1455,9273,9273,9273,9273,9273,9273,TRUE,TRUE
2010,23.334465032866,35.0289772859141,817.38244561522,8100,6250,9273,9273,9273,9273,9273,9273,TRUE,TRUE
2011,15.6407274964415,56.7578406731288,887.733919254851,3590,6022,9273,9273,9273,9273,9273,9273,TRUE,TRUE
2012,52.4358343237264,20.7953553314946,1090.42180686527,2444,5395,9273,9273,9273,9273,9273,9273,TRUE,TRUE
2013,17.1464032060222,44.186549668563,757.640396900107,60,6491,9273,9273,9273,9273,9273,9273,TRUE,TRUE
2014,52.8789625610854,115.877109862663,6127.46135411452,4287,907,9273,9273,9273,9273,9273,9273,TRUE,TRUE
2015,14.4858022872909,46.2937280799769,670.601792108151,2048,6815,9273,9273,9273,9273,9273,9273,TRUE,TRUE
2016,168.895227640943,142.632276411275,24089.9107934282,4309,72,9273,9273,9273,9273,9273,9273,TRUE,TRUE
2017,26.3569393914177,38.7561991855437,1021.49479297508,2289,5579,9273,9273,9273,9273,9273,9273,TRUE,TRUE
2018,5.10055864495014,43.1916772583385,220.301682829915,2869,8671,9273,9273,9273,9273,9273,9273,TRUE,TRUE
2019,14.9105556022013,29.1389483627008,434.477909751722,8013,7761,9273,9273,9273,9273,9273,9273,TRUE,TRUE
2020,30.3348605668156,18.7635425573287,569.189447216075,8936,7214,9273,9273,9273,9273,9273,9273,TRUE,TRUE
2021,58.8518376359088,121.693460770209,7161.88379460019,5862,714,9273,9273,9273,9273,9273,9273,TRUE,TRUE
2022,21.4655822209552,31.2232381179269,670.224985024824,6569,6817,9273,9273,9273,9273,9273,9273,TRUE,TRUE
2023,22.4198319585914,32.0921817192665,719.501321330534,7894,6627,9273,9273,9273,9273,9273,9273,TRUE,TRUE
2024,51.1499082074847,34.8822160938808,1784.22215127565,3811,3731,9273,9273,9273,9273,9273,9273,TRUE,TRUE
2025,35.9236642523059,95.7349502937547,3439.15021156403,5578,1956,9273,9273,9273,9273,9273,9273,TRUE,TRUE
2026,13.2861370789377,29.4755574402056,391.616296628675,6891,7958,9273,9273,9273,9273,9273,9273,TRUE,TRUE
2027,20.829541217514,12.2815003590277,255.81801794128,560,8531,9273,9273,9273,9273,9273,9273,TRUE,TRUE
2028,71.4438164559278,69.8454013683579,4990.02203565157,2845,1205,9273,9273,9273,9273,9273,9273,TRUE,TRUE
2029,24.5853289027712,24.078878644687,591.987151089545,8932,7121,9273,9273,9273,9273,9273,9273,TRUE,TRUE
2030,30.8471829771996,37.0387196540833,1142.5401624107,4903,5247,9273,9273,9273,9273,9273,9273,TRUE,TRUE
2031,51.7078818130493,31.9984109115601,1654.57004962034,8119,3961,9273,9273,9273,9273,9273,9273,TRUE,TRUE
2032,92.1897801061905,158.645299726178,14625.475296637,8536,212,9273,9273,9273,9273,9273,9273,TRUE,TRUE
2033,30.9069203379938,38.8946697640657,1202.11445997056,1495,5070,9273,9273,9273,9273,9273,9273,TRUE,TRUE
2034,13.4011021409058,34.1998053426328,458.315084595717,7413,7663,9273,9273,9273,9273,9273,9273,TRUE,TRUE
2035,38.7305342960195,63.9613358856669,2477.25671313905,7394,2773,9273,9273,9273,9273,9273,9273,TRUE,TRUE
2036,61.206173248291,135.121332778931,8270.25970360721,6378,569,9273,9273,9273,9273,9273,9273,TRUE,TRUE
2037,27.283238599761,30.844658487162,841.542177033385,819,6177,9273,9273,9273,9273,9273,9273,TRUE,TRUE
2038,64.6336075567372,51.6764083217891,3340.03269541223,2038,2038,9273,9273,9273,9273,9273,9273,TRUE,TRUE
2039,97.4035032908122,181.751272394465,17703.2106587836,8261,147,9273,9273,9273,9273,9273,9273,TRUE,TRUE
2040,27.4481062014427,38.4855149681046,1056.35450206175,5194,5489,9273,9273,9273,9273,9273,9273,TRUE,TRUE
2041,22.8304960242415,34.3545629070923,784.331711864926,2704,6369,9273,9273,9273,9273,9273,9273,TRUE,TRUE
2042,48.3251342450347,28.5965575414283,1381.93248213538,6198,4591,9273,9273,9273,9273,9273,9273,TRUE,TRUE
2043,70.2150964647251,96.7414739767212,6792.71192741518,8707,764,9273,9273,9273,9273,9273,9273,TRUE,TRUE
2044,58.9534169668847,181.080062898676,10675.2884524554,6304,372,9273,9273,9273,9273,9273,9273,TRUE,TRUE
2045,24.3873295913572,69.266608417898,1689.22760916275,8251,3905,9273,9273,9273,9273,9273,9273,TRUE,TRUE
2046,33.0592425930885,18.6076344151651,615.154300214444,8173,7036,9273,9273,9273,9273,9273,9273,TRUE,TRUE
2047,20.6357507360467,67.6604068548971,1396.22329055716,2494,4541,9273,9273,9273,9273,9273,9273,TRUE,TRUE
2048,50.5791967586805,66.7444389702172,3375.88011122235,6824,2015,9273,9273,9273,9273,9273,9273,TRUE,TRUE
2049,20.1768087443311,78.1348760641621,1576.51245060861,6589,4114,9273,9273,9273,9273,9273,9273,TRUE,TRUE
2050,16.5061116295476,81.2251739238264,1340.7117879161,3084,4693,9273,9273,9273,9273,9273,9273,TRUE,TRUE
2051,24.6753432737039,18.3955549906865,453.916634105485,6000,7679,9273,9273,9273,9273,9273,9273,TRUE,TRUE
2052,25.2553772265922,43.3711490160982,1095.35472915231,9032,5381,9273,9273,9273,9273,9273,9273,TRUE,TRUE
2053,69.2515046454423,49.7828929376918,3447.54024153812,7112,1951,9273,9273,9273,9273,9273,9273,TRUE,TRUE
2054,46.4209265540628,93.4391063465792,4337.52989299181,5423,1466,9273,9273,9273,9273,9273,9273,TRUE,TRUE
2055,83.4305712709016,104.522607146268,8720.38082493714,2399,520,9273,9273,9273,9273,9273,9273,TRUE,TRUE
2056,2.66949896190477,9.26013874662095,24.7199307711988,2675,9227,9273,9273,9273,9273,9273,9273,TRUE,TRUE
2057,103.447321587231,185.414688348214,19180.652892554,1028,132,9273,9273,9273,9273,9273,9273,TRUE,TRUE
2058,48.6573268928338,25.7094757355268,1250.95436510691,4421,4920,9273,9273,9273,9273,9273,9273,TRUE,TRUE
2059,35.5075587583392,20.393554494622,724.125334509185,2188,6600,9273,9273,9273,9273,9273,9273,TRUE,TRUE
2060,68.3078100451899,76.049201377069,5194.75440175322,816,1145,9273,9273,9273,9273,9273,9273,TRUE,TRUE
2061,30.3043887349399,43.3012790293307,1312.21879242494,1029,4762,9273,9273,9273,9273,9273,9273,TRUE,TRUE
2062,38.0663262561186,290.181557100211,11046.1458260851,6245,341,9273,9273,9273,9273,9273,9273,TRUE,TRUE
2063,85.2988823119025,201.361812015177,17175.937505194,1349,156,9273,9273,9273,9273,9273,9273,TRUE,TRUE
2064,33.2883429102979,35.2071854704517,1171.98886284685,3570,5166,9273,9273,9273,9273,9273,9273,TRUE,TRUE
2065,45.6944206357002,55.3671660688188,2529.97057575528,7120,2714,9273,9273,9273,9273,9273,9273,TRUE,TRUE
2066,38.31893784954,30.2414565132215,1158.8204926097,811,5204,9273,9273,9273,9273,9273,9273,TRUE,TRUE
2067,38.8680986295428,65.1969368144444,2534.08097044789,8526,2708,9273,9273,9273,9273,9273,9273,TRUE,TRUE
2068,21.5757737948437,20.602784217006,444.521011810098,1499,7710,9273,9273,9273,9273,9273,9273,TRUE,TRUE
2069,42.877527816834,101.619420128484,4357.18951328961,7539,1451,9273,9273,9273,9273,9273,9273,TRUE,TRUE
2070,28.1569277015128,21.1497486438676,595.511943470548,3707,7107,9273,9273,9273,9273,9273,9273,TRUE,TRUE
2071,69.0430393086232,129.920935265703,8970.136240563,1129,499,9273,9273,9273,9273,9273,9273,TRUE,TRUE
2072,27.5196165117351,38.9074601910331,1070.71838390283,308,5445,9273,9273,9273,9273,9273,9273,TRUE,TRUE
2073,22.0427743545686,56.5778171590683,1247.13205711138,7711,4932,9273,9273,9273,9273,9273,9273,TRUE,TRUE
2074,141.68797998773,237.687069876797,33677.4008000459,6410,38,9273,9273,9273,9273,9273,9273,TRUE,TRUE
2075,10.0101063118336,29.8568344623485,298.870087102925,6315,8375,9273,9273,9273,9273,9273,9273,TRUE,TRUE
2076,41.0201599573175,82.850502641818,3398.54087091153,2851,1992,9273,9273,9273,9273,9273,9273,TRUE,TRUE
2077,51.1633761784243,54.0928229130362,2767.57144725256,8435,2472,9273,9273,9273,9273,9273,9273,TRUE,TRUE
2078,54.6001638712351,122.650313333794,6696.72720688348,4495,784,9273,9273,9273,9273,9273,9273,TRUE,TRUE
2079,25.6277537116638,22.5678718823653,578.36386239764,8933,7172,9273,9273,9273,9273,9273,9273,TRUE,TRUE
2080,74.1669364812915,117.071015910868,8682.79860086164,5166,524,9273,9273,9273,9273,9273,9273,TRUE,TRUE
2081,59.3544221242669,103.414879361688,6138.13040356379,357,905,9273,9273,9273,9273,9273,9273,TRUE,TRUE
2082,37.361662747008,74.5819755299232,2786.5066167546,1762,2452,9273,9273,9273,9273,9273,9273,TRUE,TRUE
2083,114.252303011165,214.477118672963,24504.504751585,138,70,9273,9273,9273,9273,9273,9273,TRUE,TRUE
2084,29.88008176866,60.0119830991593,1793.16296210232,7547,3723,9273,9273,9273,9273,9273,9273,TRUE,TRUE
2085,25.7540874117613,50.772306060791,1307.59440838631,3691,4771,9273,9273,9273,9273,9273,9273,TRUE,TRUE
2086,38.2815921089866,63.6404376896945,2436.25727727426,9171,2820,9273,9273,9273,9273,9273,9273,TRUE,TRUE
2087,27.8956201136112,23.1142070198059,644.785138251871,9172,6901,9273,9273,9273,9273,9273,9273,TRUE,TRUE
2088,30.005259705573,23.5535264113515,706.729676954674,6719,6680,9273,9273,9273,9273,9273,9273,TRUE,TRUE
2089,29.7330467263047,29.8200809079774,886.641859019076,3069,6030,9273,9273,9273,9273,9273,9273,TRUE,TRUE
2090,55.2272675931454,33.3005463221799,1839.09818273296,1996,3636,9273,9273,9273,9273,9273,9273,TRUE,TRUE
2091,89.1869844353717,56.3651379364124,5027.0366798324,3554,1193,9273,9273,9273,9273,9273,9273,TRUE,TRUE
2092,12.1990293314658,35.6386366694807,434.756774064447,8628,7758,9273,9273,9273,9273,9273,9273,TRUE,TRUE
2093,40.5848685057476,30.1359926763207,1223.06530005865,4210,5003,9273,9273,9273,9273,9273,9273,TRUE,TRUE
2094,12.708181207285,38.904720612292,494.408239359802,1722,7523,9273,9273,9273,9273,9273,9273,TRUE,TRUE
2095,9.03113958012363,35.5016462471453,320.620322582142,3530,8289,9273,9273,9273,9273,9273,9273,TRUE,TRUE
2096,18.7246888780594,25.462545068264,476.778234446809,2336,7596,9273,9273,9273,9273,9273,9273,TRUE,TRUE
2097,16.379375649221,8.94823649977193,146.566527027835,62,8950,9273,9273,9273,9273,9273,9273,TRUE,TRUE
2098,82.3089224607095,29.9183002833662,2462.54305817981,7208,2791,9273,9273,9273,9273,9273,9273,TRUE,TRUE
2099,36.9727418080219,46.1727333226915,1707.13254771052,7886,3877,9273,9273,9273,9273,9273,9273,TRUE,TRUE
2100,61.1853828533836,42.6667713704317,2610.58274141765,7931,2625,9273,9273,9273,9273,9273,9273,TRUE,TRUE
2101,17.1287724631173,50.2785328845589,861.20954955897,8230,6112,9273,9273,9273,9273,9273,9273,TRUE,TRUE
2102,13.4977298109499,31.1925260400119,421.028288609099,2625,7821,9273,9273,9273,9273,9273,9273,TRUE,TRUE
2103,13.8085036996811,15.475758567689,213.697069437305,3757,8696,9273,9273,9273,9273,9273,9273,TRUE,TRUE
2104,12.3162361046233,25.8415557397789,318.2707018019,254,8301,9273,9273,9273,9273,9273,9273,TRUE,TRUE
2105,16.4777287173271,23.57241543293,388.419866715956,2922,7979,9273,9273,9273,9273,9273,9273,TRUE,TRUE
2106,18.6740844794146,47.2108318148636,881.619061654195,5722,6047,9273,9273,9273,9273,9273,9273,TRUE,TRUE
2107,32.8815582910484,41.8121779042573,1374.84956503452,6029,4607,9273,9273,9273,9273,9273,9273,TRUE,TRUE
2108,28.4676243448942,57.5504124016283,1638.32352114329,4809,3986,9273,9273,9273,9273,9273,9273,TRUE,TRUE
2109,14.1142577195168,12.8044573545456,180.725411060618,534,8826,9273,9273,9273,9273,9273,9273,TRUE,TRUE
2110,11.0432679709934,55.1549701463609,609.091115258404,6820,7058,9273,9273,9273,9273,9273,9273,TRUE,TRUE
2111,33.4143198171557,54.0248535606018,1805.20373494895,8451,3698,9273,9273,9273,9273,9273,9273,TRUE,TRUE
2112,19.7264129615124,46.701149393011,921.246158703821,7867,5913,9273,9273,9273,9273,9273,9273,TRUE,TRUE
2113,32.3860219599127,49.8213319044847,1613.51474913074,9063,4047,9273,9273,9273,9273,9273,9273,TRUE,TRUE
2114,1.55345394611359,1.78193397521973,2.76815236551895,4743,9253,9273,9273,9273,9273,9273,9273,TRUE,TRUE
2115,35.0567679575511,19.5126192229135,684.049364341729,3250,6755,9273,9273,9273,9273,9273,9273,TRUE,TRUE
2116,53.0948974609375,51.7523623466492,2747.78637215662,971,2496,9273,9273,9273,9273,9273,9273,TRUE,TRUE
2117,19.6607653357262,50.8531307508779,999.811470280012,3124,5632,9273,9273,9273,9273,9273,9273,TRUE,TRUE
2118,32.4237478734567,53.1447984217093,1723.15354481118,1632,3838,9273,9273,9273,9273,9273,9273,TRUE,TRUE
2119,49.8594117064676,55.6682140070521,2775.58440114136,1143,2462,9273,9273,9273,9273,9273,9273,TRUE,TRUE
2120,10.8537135425123,101.614447769609,1102.89410787192,1301,5363,9273,9273,9273,9273,9273,9273,TRUE,TRUE
2121,21.0211933222204,48.8175924237804,1026.20404786565,4376,5567,9273,9273,9273,9273,9273,9273,TRUE,TRUE
2122,18.7821954227075,19.2473498204859,361.507485697582,4607,8107,9273,9273,9273,9273,9273,9273,TRUE,TRUE
2123,39.3809779582579,34.7484720265207,1368.42881095955,2757,4626,9273,9273,9273,9273,9273,9273,TRUE,TRUE
2124,127.914048649391,210.220237264292,26890.1216565112,4059,59,9273,9273,9273,9273,9273,9273,TRUE,TRUE
2125,77.8045990065773,47.913043796426,3727.8551597655,151,1769,9273,9273,9273,9273,9273,9273,TRUE,TRUE
2126,20.1394414203508,32.8111995032855,660.799230327861,6413,6847,9273,9273,9273,9273,9273,9273,TRUE,TRUE
2127,23.3692165077457,163.465693956445,3820.06519365705,6749,1726,9273,9273,9273,9273,9273,9273,TRUE,TRUE
2128,24.599452603299,61.9743554061433,1524.53521843343,8300,4241,9273,9273,9273,9273,9273,9273,TRUE,TRUE
2129,23.7993775729197,77.3032072167308,1839.76821614863,6033,3633,9273,9273,9273,9273,9273,9273,TRUE,TRUE
2130,48.5101462850635,38.7822627285183,1881.33323822619,6394,3568,9273,9273,9273,9273,9273,9273,TRUE,TRUE
2131,53.6774668872356,71.2009090328217,3821.88443695036,4233,1724,9273,9273,9273,9273,9273,9273,TRUE,TRUE
2132,36.0394385841267,73.6545688534571,2654.4693106345,4463,2576,9273,9273,9273,9273,9273,9273,TRUE,TRUE
2133,32.3857827072509,44.8832574278544,1453.5794222521,8950,4411,9273,9273,9273,9273,9273,9273,TRUE,TRUE
2134,91.6045303837365,93.6270854793794,8576.66519653651,4763,541,9273,9273,9273,9273,9273,9273,TRUE,TRUE
2135,76.6248118175401,151.945055283441,11642.7612676994,1153,308,9273,9273,9273,9273,9273,9273,TRUE,TRUE
2136,35.7715316895516,42.3106321134875,1513.51611745258,6525,4271,9273,9273,9273,9273,9273,9273,TRUE,TRUE
2137,12.6926393911305,33.5334061691027,425.627432060732,63,7800,9273,9273,9273,9273,9273,9273,TRUE,TRUE
2138,18.2932299469771,75.5837417647773,1382.670768356,692,4587,9273,9273,9273,9273,9273,9273,TRUE,TRUE
2139,14.1131066382629,38.3154008807287,540.749338517518,5861,7332,9273,9273,9273,9273,9273,9273,TRUE,TRUE
2140,34.8424318881131,29.2709319667102,1019.87045335169,839,5584,9273,9273,9273,9273,9273,9273,TRUE,TRUE
2141,13.4036621833915,35.9172720173698,481.422980669806,4296,7573,9273,9273,9273,9273,9273,9273,TRUE,TRUE
2142,26.5418989437277,46.8208560648832,1242.71443013295,1052,4946,9273,9273,9273,9273,9273,9273,TRUE,TRUE
2143,33.3940139270964,26.3047144185929,878.419999642785,5295,6056,9273,9273,9273,9273,9273,9273,TRUE,TRUE
2144,50.2124980483842,42.220751601959,2120.00940741468,2261,3210,9273,9273,9273,9273,9273,9273,TRUE,TRUE
2145,38.217072812901,41.8132531310237,1597.98013945259,4384,4074,9273,9273,9273,9273,9273,9273,TRUE,TRUE
2146,37.4270559837078,68.0367150525937,2546.413943221,4460,2695,9273,9273,9273,9273,9273,9273,TRUE,TRUE
2147,23.2463550567627,97.3697986602783,2263.49291146233,180,3025,9273,9273,9273,9273,9273,9273,TRUE,TRUE
2148,57.1925030049824,45.2634898866926,2588.73228136065,5906,2645,9273,9273,9273,9273,9273,9273,TRUE,TRUE
2149,20.3230654864244,63.848404003197,1297.59529576066,6529,4793,9273,9273,9273,9273,9273,9273,TRUE,TRUE
2150,11.6196917641215,57.4802836628703,667.903178676819,9174,6820,9273,9273,9273,9273,9273,9273,TRUE,TRUE
2151,18.669698081073,26.3222820095762,491.429057923646,1159,7534,9273,9273,9273,9273,9273,9273,TRUE,TRUE
2152,33.5719402704757,30.1326250649108,1011.61068887182,4777,5610,9273,9273,9273,9273,9273,9273,TRUE,TRUE
2153,11.3264078704066,44.6043413150236,505.206962524786,9142,7480,9273,9273,9273,9273,9273,9273,TRUE,TRUE
2154,45.4520950284611,14.6088708635048,664.003786746538,8484,6833,9273,9273,9273,9273,9273,9273,TRUE,TRUE
2155,19.552112421966,24.2899417548344,474.919671913527,1005,7610,9273,9273,9273,9273,9273,9273,TRUE,TRUE
2156,16.3867807578795,40.2673427100034,659.852116691222,5252,6853,9273,9273,9273,9273,9273,9273,TRUE,TRUE
2157,33.0097661894468,23.7959867613847,785.499959240481,2981,6359,9273,9273,9273,9273,9273,9273,TRUE,TRUE
2158,29.5342129896742,63.1703437246928,1865.68638619601,5461,3593,9273,9273,9273,9273,9273,9273,TRUE,TRUE
2159,53.4166915130615,17.4120149707794,930.092232314933,6056,5876,9273,9273,9273,9273,9273,9273,TRUE,TRUE
2160,12.0650692792006,26.9261770920015,324.866192039022,3286,8268,9273,9273,9273,9273,9273,9273,TRUE,TRUE
2161,41.4361410635693,41.9770044469696,1739.36507769071,8091,3807,9273,9273,9273,9273,9273,9273,TRUE,TRUE
2162,17.8728835138224,55.4715353647868,991.436289907714,3007,5664,9273,9273,9273,9273,9273,9273,TRUE,TRUE
2163,84.4437871870174,165.465093171725,13972.4991146731,3334,234,9273,9273,9273,9273,9273,9273,TRUE,TRUE
2164,23.5977342891693,55.0645170529683,1299.39784217738,575,4788,9273,9273,9273,9273,9273,9273,TRUE,TRUE
2165,56.9944176434273,45.0535664498507,2567.80178256869,123,2668,9273,9273,9273,9273,9273,9273,TRUE,TRUE
2166,36.1745677690827,40.2579349346375,1456.31339553637,6189,4407,9273,9273,9273,9273,9273,9273,TRUE,TRUE
2167,12.0004417920113,5.74037101745606,68.8869882595299,5082,9159,9273,9273,9273,9273,9273,9273,TRUE,TRUE
2168,22.1156971865687,46.1722619286899,1021.13176323384,5234,5580,9273,9273,9273,9273,9273,9273,TRUE,TRUE
2169,56.172830289444,40.5722083032659,2279.05577148733,3384,3012,9273,9273,9273,9273,9273,9273,TRUE,TRUE
2170,18.2888443196715,26.2409957048921,479.917485239941,708,7581,9273,9273,9273,9273,9273,9273,TRUE,TRUE
2171,20.1394377231598,16.6737974882126,335.800906122436,3336,8221,9273,9273,9273,9273,9273,9273,TRUE,TRUE
2172,19.73508571965,43.5680344828611,859.818895155932,5296,6115,9273,9273,9273,9273,9273,9273,TRUE,TRUE
2173,13.8192346008546,14.9467421890399,206.552536828833,8371,8731,9273,9273,9273,9273,9273,9273,TRUE,TRUE
2174,2.08797792593638,39.6897350588153,82.8712906890695,4642,9115,9273,9273,9273,9273,9273,9273,TRUE,TRUE
2175,23.1908866405487,9.16421835422516,212.526349002072,7604,8701,9273,9273,9273,9273,9273,9273,TRUE,TRUE
2176,51.4693806415759,97.6584154774684,5026.41815906299,540,1194,9273,9273,9273,9273,9273,9273,TRUE,TRUE
2177,37.3679513278885,71.6888624542388,2678.86592294169,5236,2547,9273,9273,9273,9273,9273,9273,TRUE,TRUE
2178,65.8831912805052,163.967624481987,10802.7103675568,2390,366,9273,9273,9273,9273,9273,9273,TRUE,TRUE
2179,21.6545804333441,45.5324385092431,985.985852024698,4648,5686,9273,9273,9273,9273,9273,9273,TRUE,TRUE
2180,18.0120568409048,26.7948166029207,482.629759693427,1629,7569,9273,9273,9273,9273,9273,9273,TRUE,TRUE
2181,34.2425944900513,42.7918273544312,1465.30319158607,4714,4385,9273,9273,9273,9273,9273,9273,TRUE,TRUE
2182,18.1347954014698,17.1139132172228,310.357314712845,7642,8332,9273,9273,9273,9273,9273,9273,TRUE,TRUE
2183,100.69448364383,272.715220746769,27460.9183349092,6520,56,9273,9273,9273,9273,9273,9273,TRUE,TRUE
2184,32.6345280220212,20.9134889146696,682.501840024013,7013,6759,9273,9273,9273,9273,9273,9273,TRUE,TRUE
2185,20.2770062113461,72.4629403140447,1469.33149084029,7196,4369,9273,9273,9273,9273,9273,9273,TRUE,TRUE
2186,112.87600655692,126.335266418457,14260.2203606199,7954,223,9273,9273,9273,9273,9273,9273,TRUE,TRUE
2187,23.878096182702,46.7634207794021,1116.62145920273,1802,5319,9273,9273,9273,9273,9273,9273,TRUE,TRUE
2188,55.9642390664826,58.9538860777504,3299.30937435341,444,2059,9273,9273,9273,9273,9273,9273,TRUE,TRUE
2189,23.13763628733,30.5930765861888,707.851478961666,4638,6678,9273,9273,9273,9273,9273,9273,TRUE,TRUE
2190,36.9847634833283,59.5018677594472,2200.66250589943,5878,3114,9273,9273,9273,9273,9273,9273,TRUE,TRUE
2191,5.31290449922448,18.4767944812775,98.1654445308251,336,9071,9273,9273,9273,9273,9273,9273,TRUE,TRUE
2192,16.6852582737252,85.0424739343149,1418.95564183058,2663,4486,9273,9273,9273,9273,9273,9273,TRUE,TRUE
2193,36.9186439136289,69.9324196581571,2581.81009937796,4116,2652,9273,9273,9273,9273,9273,9273,TRUE,TRUE
2194,66.5352066209383,51.3286675225909,3415.16349919303,703,1978,9273,9273,9273,9273,9273,9273,TRUE,TRUE
2195,33.4769812178612,27.085358786583,906.736047377468,6079,5950,9273,9273,9273,9273,9273,9273,TRUE,TRUE
2196,41.4481865937959,101.613332889571,4211.68838202443,4302,1531,9273,9273,9273,9273,9273,9273,TRUE,TRUE
2197,65.6848068778397,66.3906389150777,4360.85629563327,5373,1450,9273,9273,9273,9273,9273,9273,TRUE,TRUE
2198,51.1027989685536,100.273501705378,5124.25659952286,552,1158,9273,9273,9273,9273,9273,9273,TRUE,TRUE
2199,23.5126614522934,56.4490895628929,1327.26833218249,7391,4727,9273,9273,9273,9273,9273,9273,TRUE,TRUE
2200,38.4246828777218,20.1691177376795,774.991952993768,3687,6408,9273,9273,9273,9273,9273,9273,TRUE,TRUE
2201,48.8819908051801,17.9247585104767,876.197880694198,1556,6065,9273,9273,9273,9273,9273,9273,TRUE,TRUE
2202,27.417583924167,52.1461637895935,1429.72182202454,3572,4461,9273,9273,9273,9273,9273,9273,TRUE,TRUE
2203,24.1098557276604,66.0032707409981,1591.32933511917,7348,4088,9273,9273,9273,9273,9273,9273,TRUE,TRUE
2204,30.5032009840012,22.1595978045464,675.938665556708,283,6787,9273,9273,9273,9273,9273,9273,TRUE,TRUE
2205,23.1120338565425,79.0482455303795,1826.96572699841,7456,3657,9273,9273,9273,9273,9273,9273,TRUE,TRUE
2206,17.4030392937277,23.5835325690522,410.425143984121,5407,7871,9273,9273,9273,9273,9273,9273,TRUE,TRUE
2207,26.4420275115967,19.0666752576828,504.161551718328,7841,7487,9273,9273,9273,9273,9273,9273,TRUE,TRUE
2208,8.31662630878511,64.7671915429537,538.644529132254,6116,7344,9273,9273,9273,9273,9273,9273,TRUE,TRUE
2209,19.6068273639679,28.2563595294952,554.017563229022,6368,7282,9273,9273,9273,9273,9273,9273,TRUE,TRUE
2210,30.300049186356,52.024165333624,1576.33476848792,8575,4115,9273,9273,9273,9273,9273,9273,TRUE,TRUE
2211,87.9814507354545,75.7663641334862,6666.03463341482,2585,789,9273,9273,9273,9273,9273,9273,TRUE,TRUE
2212,43.1043909724603,37.7453622548931,1626.99085203206,4850,4019,9273,9273,9273,9273,9273,9273,TRUE,TRUE
2213,45.0573034726136,51.3998406085562,2315.93821674369,8522,2967,9273,9273,9273,9273,9273,9273,TRUE,TRUE
2214,21.6179036824547,41.6381171001262,900.1288049893,624,5975,9273,9273,9273,9273,9273,9273,TRUE,TRUE
2215,20.1930717376677,16.8467825190757,340.188287956582,6873,8197,9273,9273,9273,9273,9273,9273,TRUE,TRUE
2216,18.3630850006427,44.5028647354671,817.209887909487,355,6251,9273,9273,9273,9273,9273,9273,TRUE,TRUE
2217,52.5847455982755,48.9798407700004,2575.59246633451,8552,2659,9273,9273,9273,9273,9273,9273,TRUE,TRUE
2218,30.1370446268717,13.7463371912638,414.273977389145,9140,7850,9273,9273,9273,9273,9273,9273,TRUE,TRUE
2219,54.3465356337121,141.658323394057,7698.63912014704,4968,638,9273,9273,9273,9273,9273,9273,TRUE,TRUE
2220,35.3290006744451,39.0181694414424,1378.47293451233,4321,4602,9273,9273,9273,9273,9273,9273,TRUE,TRUE
2221,22.8973572574861,20.4195212434839,467.553072938878,6299,7635,9273,9273,9273,9273,9273,9273,TRUE,TRUE
2222,30.0009319811936,15.3159627083426,459.493155439484,8813,7656,9273,9273,9273,9273,9273,9273,TRUE,TRUE
2223,1.66646304209734,11.9108658382374,19.8490177188023,7707,9233,9273,9273,9273,9273,9273,9273,TRUE,TRUE
2224,19.8431162106172,13.6349246702121,270.559394754031,2831,8475,9273,9273,9273,9273,9273,9273,TRUE,TRUE
2225,5.87168636918068,42.8512160579364,251.608901230201,7699,8544,9273,9273,9273,9273,9273,9273,TRUE,TRUE
2226,59.2368814437116,15.2528416758678,903.530774033084,6414,5962,9273,9273,9273,9273,9273,9273,TRUE,TRUE
2227,20.4595682735749,80.1800482030858,1640.44917038956,5892,3983,9273,9273,9273,9273,9273,9273,TRUE,TRUE
2228,18.8421342199333,27.1435028090788,511.441523127798,4550,7457,9273,9273,9273,9273,9273,9273,TRUE,TRUE
2229,16.1718743495452,47.779285528721,772.680602081519,1750,6421,9273,9273,9273,9273,9273,9273,TRUE,TRUE
2230,5.54805969204423,73.9585615079079,410.326513983597,6388,7872,9273,9273,9273,9273,9273,9273,TRUE,TRUE
2231,15.4378657375629,62.3095192790526,961.925992802098,9212,5763,9273,9273,9273,9273,9273,9273,TRUE,TRUE
2232,22.6224885595088,25.5081241568741,577.057246913414,2717,7180,9273,9273,9273,9273,9273,9273,TRUE,TRUE
2233,37.7175206100592,20.0028038902762,754.456167990462,8624,6500,9273,9273,9273,9273,9273,9273,TRUE,TRUE
2234,16.3750357485832,37.8701174472241,620.124527001339,398,7013,9273,9273,9273,9273,9273,9273,TRUE,TRUE
2235,48.9960107062479,108.98627075088,5339.89248854414,8563,1107,9273,9273,9273,9273,9273,9273,TRUE,TRUE
2236,40.4083410092429,60.196308647885,2432.43296734137,4831,2825,9273,9273,9273,9273,9273,9273,TRUE,TRUE
2237,50.323161058172,44.3449502160563,2231.57807183922,1136,3070,9273,9273,9273,9273,9273,9273,TRUE,TRUE
2238,43.1041353072002,31.2653969338525,1347.6678998701,2637,4677,9273,9273,9273,9273,9273,9273,TRUE,TRUE
2239,30.9449368349482,36.4841170431475,1128.99869737905,7308,5280,9273,9273,9273,9273,9273,9273,TRUE,TRUE
2240,54.8599461054398,29.7707659834522,1633.22261736985,8832,4002,9273,9273,9273,9273,9273,9273,TRUE,TRUE
2241,19.9038119475401,18.2558691050268,363.361385605361,8518,8099,9273,9273,9273,9273,9273,9273,TRUE,TRUE
2242,26.8294015771418,30.4049368296097,815.746260129225,6007,6255,9273,9273,9273,9273,9273,9273,TRUE,TRUE
2243,22.3287011008849,43.9152991860946,980.57158928224,8909,5707,9273,9273,9273,9273,9273,9273,TRUE,TRUE
2244,44.6021439629265,124.735251257691,5563.45963384735,5512,1048,9273,9273,9273,9273,9273,9273,TRUE,TRUE
2245,37.0456775077959,32.6273549572239,1208.7024696777,3669,5056,9273,9273,9273,9273,9273,9273,TRUE,TRUE
2246,26.4318078251628,73.3005257309257,1937.46540960323,3035,3449,9273,9273,9273,9273,9273,9273,TRUE,TRUE
2247,25.4968650846095,50.4523928989874,1286.37785494119,8054,4826,9273,9273,9273,9273,9273,9273,TRUE,TRUE
2248,43.3839339058051,132.586593536848,5752.12801079848,5438,994,9273,9273,9273,9273,9273,9273,TRUE,TRUE
2249,58.2210176269794,131.93629501956,7681.46535797215,23,640,9273,9273,9273,9273,9273,9273,TRUE,TRUE
2250,102.358760410861,102.105978012085,10451.4413398556,1854,386,9273,9273,9273,9273,9273,9273,TRUE,TRUE
2251,52.8139026293191,113.06101282694,5971.19332261421,5702,940,9273,9273,9273,9273,9273,9273,TRUE,TRUE
2252,35.5496561568359,59.5762345281141,2117.91465259347,8037,3213,9273,9273,9273,9273,9273,9273,TRUE,TRUE
2253,83.5578971573069,96.6904930102674,8079.25427104123,1225,591,9273,9273,9273,9273,9273,9273,TRUE,TRUE
2254,34.9605720419279,54.2754036728765,1897.49916021032,6535,3533,9273,9273,9273,9273,9273,9273,TRUE,TRUE
2255,60.3850468826294,22.070507941246,1332.72865675559,2426,4715,9273,9273,9273,9273,9273,9273,TRUE,TRUE
2256,26.5714907312393,113.415682080587,3013.6237451815,5314,2257,9273,9273,9273,9273,9273,9273,TRUE,TRUE
2257,18.2537834217519,28.1275009834227,513.433311146511,2256,7451,9273,9273,9273,9273,9273,9273,TRUE,TRUE
2258,12.4233799799165,31.7252293222749,394.134578820609,5838,7948,9273,9273,9273,9273,9273,9273,TRUE,TRUE
2259,18.551248318487,52.9174080241181,981.68397662611,6937,5702,9273,9273,9273,9273,9273,9273,TRUE,TRUE
2260,19.8252342953809,60.7557681547816,1204.49733846439,2404,5064,9273,9273,9273,9273,9273,9273,TRUE,TRUE
2261,33.1275140592524,95.4157934939145,3160.88804044438,5757,2144,9273,9273,9273,9273,9273,9273,TRUE,TRUE
2262,39.2887959459821,131.366939231562,5161.24886951705,987,1150,9273,9273,9273,9273,9273,9273,TRUE,TRUE
2263,15.3570149612427,11.6080123615265,178.264419506252,9022,8835,9273,9273,9273,9273,9273,9273,TRUE,TRUE
2264,12.400696624963,62.7783626717881,778.495430104749,4247,6386,9273,9273,9273,9273,9273,9273,TRUE,TRUE
2265,13.1920365271745,29.7931410648205,393.032205186374,6345,7953,9273,9273,9273,9273,9273,9273,TRUE,TRUE
2266,14.5767901646464,39.3364727321424,573.399508833773,3266,7190,9273,9273,9273,9273,9273,9273,TRUE,TRUE
2267,8.66830857714316,31.6383936315551,274.25135888344,659,8461,9273,9273,9273,9273,9273,9273,TRUE,TRUE
2268,11.8467326239378,13.8083793455813,163.584178077006,845,8891,9273,9273,9273,9273,9273,9273,TRUE,TRUE
2269,18.9394964052882,44.5253291801425,843.287311951583,904,6174,9273,9273,9273,9273,9273,9273,TRUE,TRUE
2270,11.170638925104,99.5640072822571,1112.19357528652,8643,5331,9273,9273,9273,9273,9273,9273,TRUE,TRUE
2271,30.6162064351192,28.6944710154112,878.515848154373,5718,6055,9273,9273,9273,9273,9273,9273,TRUE,TRUE
2272,25.7491986149939,65.531802618615,1687.3914012253,5496,3906,9273,9273,9273,9273,9273,9273,TRUE,TRUE
2273,8.51197409389803,51.0490195991209,434.52793234661,5941,7760,9273,9273,9273,9273,9273,9273,TRUE,TRUE
2274,32.6172466413423,48.739067079719,1589.73417200812,8520,4092,9273,9273,9273,9273,9273,9273,TRUE,TRUE
2275,1.60702132356578,10.7969163697341,17.3508748349192,7718,9238,9273,9273,9273,9273,9273,9273,TRUE,TRUE
2276,11.5627651860781,68.3034765297007,789.777060505725,786,6344,9273,9273,9273,9273,9273,9273,TRUE,TRUE
2277,12.3499673032761,18.5830049037933,229.499502958466,6465,8638,9273,9273,9273,9273,9273,9273,TRUE,TRUE
2278,34.0787225436169,57.5273888183027,1960.45992219771,6062,3419,9273,9273,9273,9273,9273,9273,TRUE,TRUE
2279,13.6570176487877,29.1655124543205,398.313918324594,2328,7935,9273,9273,9273,9273,9273,9273,TRUE,TRUE
2280,23.3671064343832,41.5138273255635,970.058021615049,5669,5742,9273,9273,9273,9273,9273,9273,TRUE,TRUE
2281,33.5769376604546,25.8962027868662,869.515186617096,7200,6089,9273,9273,9273,9273,9273,9273,TRUE,TRUE
2282,27.1940797816875,35.7767803391745,972.916618875421,3107,5730,9273,9273,9273,9273,9273,9273,TRUE,TRUE
2283,36.7334180786496,98.8912034806751,3632.61192175645,4003,1832,9273,9273,9273,9273,9273,9273,TRUE,TRUE
2284,35.961026087634,74.3587923610912,2674.01847194216,5836,2552,9273,9273,9273,9273,9273,9273,TRUE,TRUE
2285,37.1765980879466,62.410043528676,2320.19310491684,4174,2964,9273,9273,9273,9273,9273,9273,TRUE,TRUE
2286,152.760340494734,177.026011914139,27042.5538564286,1789,58,9273,9273,9273,9273,9273,9273,TRUE,TRUE
2287,34.425557402236,39.6660361076469,1365.52540294296,6942,4634,9273,9273,9273,9273,9273,9273,TRUE,TRUE
2288,53.8854644298554,27.059426848705,1458.10978294817,6429,4402,9273,9273,9273,9273,9273,9273,TRUE,TRUE
2289,27.2826514337093,123.612414000141,3372.47440404521,367,2017,9273,9273,9273,9273,9273,9273,TRUE,TRUE
2290,20.5120824821565,35.6283311033056,730.811266292585,5703,6571,9273,9273,9273,9273,9273,9273,TRUE,TRUE
2291,45.1361305236816,24.4379203857914,1103.03316426042,364,5362,9273,9273,9273,9273,9273,9273,TRUE,TRUE
2292,58.1448117426286,28.0680793821812,1632.01319165408,5332,4006,9273,9273,9273,9273,9273,9273,TRUE,TRUE
2293,55.2301233240803,68.3246703013357,3773.5799668199,8604,1744,9273,9273,9273,9273,9273,9273,TRUE,TRUE
2294,41.4661791276932,70.3355234146118,2916.54541295035,8705,2339,9273,9273,9273,9273,9273,9273,TRUE,TRUE
2295,85.5711316574277,54.9412559749573,4701.38544845751,8858,1315,9273,9273,9273,9273,9273,9273,TRUE,TRUE
2296,17.4652766656876,42.2572357177734,738.034312938087,223,6548,9273,9273,9273,9273,9273,9273,TRUE,TRUE
2297,78.7207719661571,72.9743791686164,5744.59946190454,7302,996,9273,9273,9273,9273,9273,9273,TRUE,TRUE
2298,21.670711107254,28.3327253007889,613.990304874583,6854,7041,9273,9273,9273,9273,9273,9273,TRUE,TRUE
2299,26.0385536847559,145.089126078012,3777.91099845664,628,1741,9273,9273,9273,9273,9273,9273,TRUE,TRUE
2300,49.8329294644869,37.9068467800434,1889.00922181102,3857,3554,9273,9273,9273,9273,9273,9273,TRUE,TRUE
2301,23.9997493066552,67.8681528441898,1628.81865416631,7493,4015,9273,9273,9273,9273,9273,9273,TRUE,TRUE
2302,28.6227602282567,67.0002153026524,1917.73109784939,8480,3488,9273,9273,9273,9273,9273,9273,TRUE,TRUE
2303,47.4988702783262,51.5887843007627,2450.40897331848,8531,2802,9273,9273,9273,9273,9273,9273,TRUE,TRUE
2304,39.2840819400051,39.5267772674561,1552.77315699907,4180,4162,9273,9273,9273,9273,9273,9273,TRUE,TRUE
2305,23.0449401726677,52.1728325963404,1202.31980582127,4185,5069,9273,9273,9273,9273,9273,9273,TRUE,TRUE
2306,30.5484492833798,38.1450985505031,1165.27360847957,981,5189,9273,9273,9273,9273,9273,9273,TRUE,TRUE
2307,74.7707277316314,51.1473039993873,3824.32114154517,4940,1722,9273,9273,9273,9273,9273,9273,TRUE,TRUE
2308,33.1358246125316,66.9098922584859,2217.11445472058,9084,3097,9273,9273,9273,9273,9273,9273,TRUE,TRUE
2309,39.0365976033225,30.5707633138068,1193.37858590749,6616,5096,9273,9273,9273,9273,9273,9273,TRUE,TRUE
2310,26.4452781519081,52.4822411642614,1387.90746562442,7297,4566,9273,9273,9273,9273,9273,9273,TRUE,TRUE
2311,25.9919048169246,18.680456509576,485.5406475336,7041,7560,9273,9273,9273,9273,9273,9273,TRUE,TRUE
2312,30.3709021679104,35.5721814626191,1080.35924310036,7235,5421,9273,9273,9273,9273,9273,9273,TRUE,TRUE
2313,30.6810167048459,120.498478871556,3697.01584316673,4303,1792,9273,9273,9273,9273,9273,9273,TRUE,TRUE
2314,12.197313830708,9.83534594376882,119.964801109729,973,9025,9273,9273,9273,9273,9273,9273,TRUE,TRUE
2315,25.0950385289533,54.2193722554616,1360.63723576647,3547,4647,9273,9273,9273,9273,9273,9273,TRUE,TRUE
2316,54.7429505610534,189.15608782618,10354.9623641908,8758,394,9273,9273,9273,9273,9273,9273,TRUE,TRUE
2317,75.7757124721363,103.64493349547,7853.76867974645,4961,621,9273,9273,9273,9273,9273,9273,TRUE,TRUE
2318,43.0446959813436,63.923282234757,2751.55824992474,5267,2489,9273,9273,9273,9273,9273,9273,TRUE,TRUE
2319,61.8626020820278,290.905713664498,17996.1844078152,8313,145,9273,9273,9273,9273,9273,9273,TRUE,TRUE
2320,26.5281915125574,66.8021488356742,1772.14019776313,7361,3749,9273,9273,9273,9273,9273,9273,TRUE,TRUE
2321,16.294493367692,67.0202884273369,1092.06164528005,2759,5389,9273,9273,9273,9273,9273,9273,TRUE,TRUE
2322,37.7034592528243,36.884705646618,1390.68099639968,4420,4561,9273,9273,9273,9273,9273,9273,TRUE,TRUE
2323,21.8207228267771,45.3501193344856,989.572384159072,8447,5672,9273,9273,9273,9273,9273,9273,TRUE,TRUE
2324,62.6881556553123,101.171402180089,6342.24860773165,9023,848,9273,9273,9273,9273,9273,9273,TRUE,TRUE
2325,29.901937016901,60.7225970592139,1815.72327276727,1726,3677,9273,9273,9273,9273,9273,9273,TRUE,TRUE
2326,63.1055035264295,73.8989237121622,4663.4287909172,3505,1328,9273,9273,9273,9273,9273,9273,TRUE,TRUE
2327,25.1567605705146,28.1781503263726,708.870981080525,6809,6675,9273,9273,9273,9273,9273,9273,TRUE,TRUE
2328,37.2089605007853,80.4294595264253,2992.69658261827,8652,2279,9273,9273,9273,9273,9273,9273,TRUE,TRUE
2329,75.4069752766162,95.5097078401215,7202.09817777688,4953,706,9273,9273,9273,9273,9273,9273,TRUE,TRUE
2330,23.4801660424897,79.720984258822,1871.86194746785,19,3583,9273,9273,9273,9273,9273,9273,TRUE,TRUE
2331,19.0655321012172,68.4158738712932,1304.38503952596,1449,4777,9273,9273,9273,9273,9273,9273,TRUE,TRUE
2332,57.7407028782563,78.4133253722894,4527.6405220174,6046,1381,9273,9273,9273,9273,9273,9273,TRUE,TRUE
2333,50.60344285928,25.4167093725476,1286.17300040464,3908,4827,9273,9273,9273,9273,9273,9273,TRUE,TRUE
2334,40.0566471621522,87.7403437242209,3514.58399044707,3235,1910,9273,9273,9273,9273,9273,9273,TRUE,TRUE
2335,38.08811757647,56.9279334785615,2168.27782371691,5560,3150,9273,9273,9273,9273,9273,9273,TRUE,TRUE
2336,44.7345185812109,72.1884461786474,3229.31538692745,4176,2096,9273,9273,9273,9273,9273,9273,TRUE,TRUE
2337,39.2913346850872,28.090877828598,1103.72808236134,4927,5358,9273,9273,9273,9273,9273,9273,TRUE,TRUE
2338,72.9172929426781,128.142128659968,9343.77713379722,4782,468,9273,9273,9273,9273,9273,9273,TRUE,TRUE
2339,12.6076278372074,69.4532541008446,875.640779786446,2294,6069,9273,9273,9273,9273,9273,9273,TRUE,TRUE
2340,50.3566460811954,38.7936144132872,1953.51631122026,3151,3427,9273,9273,9273,9273,9273,9273,TRUE,TRUE
2341,65.6585838588993,94.6834496101447,6216.78121627755,913,885,9273,9273,9273,9273,9273,9273,TRUE,TRUE
2342,67.9637255549431,35.1295166492462,2387.53282842717,298,2889,9273,9273,9273,9273,9273,9273,TRUE,TRUE
2343,45.0842070708404,84.8997592926025,3827.6383282122,8844,1718,9273,9273,9273,9273,9273,9273,TRUE,TRUE
2344,37.9168947890063,100.33703316369,3804.46872990869,1717,1733,9273,9273,9273,9273,9273,9273,TRUE,TRUE
2345,56.990817200258,133.962601043366,7634.63810773355,4724,646,9273,9273,9273,9273,9273,9273,TRUE,TRUE
2346,29.6953039339611,69.5801891145252,2066.20486353831,8110,3282,9273,9273,9273,9273,9273,9273,TRUE,TRUE
2347,17.8720546603808,21.7217325341278,388.211991168104,8969,7981,9273,9273,9273,9273,9273,9273,TRUE,TRUE
2348,118.264300572797,133.452761182245,15782.6974607268,2470,179,9273,9273,9273,9273,9273,9273,TRUE,TRUE
2349,13.3106851433112,27.4798853726567,365.776101969714,1032,8089,9273,9273,9273,9273,9273,9273,TRUE,TRUE
2350,29.5743693125617,31.2647314038883,924.634712996637,8087,5895,9273,9273,9273,9273,9273,9273,TRUE,TRUE
2351,30.3048506373974,11.2682044018242,341.481251348948,4457,8188,9273,9273,9273,9273,9273,9273,TRUE,TRUE
2352,47.5221526155061,108.572365217802,5159.59250970686,5281,1151,9273,9273,9273,9273,9273,9273,TRUE,TRUE
2353,40.4943498511647,19.1957360284273,777.318850385742,6088,6393,9273,9273,9273,9273,9273,9273,TRUE,TRUE
2354,13.2328013529791,22.6931654980032,300.294151105354,7095,8368,9273,9273,9273,9273,9273,9273,TRUE,TRUE
2355,36.7196425677864,212.461652312309,7801.51593226931,825,628,9273,9273,9273,9273,9273,9273,TRUE,TRUE
2356,39.7544029666079,69.1374318613273,2748.5173262916,1414,2492,9273,9273,9273,9273,9273,9273,TRUE,TRUE
2357,17.3546352935352,30.6756008614739,532.363865360934,6364,7371,9273,9273,9273,9273,9273,9273,TRUE,TRUE
2358,20.5953116391702,17.3883362497602,358.118203950491,6607,8121,9273,9273,9273,9273,9273,9273,TRUE,TRUE
2359,18.6876094907817,19.3189691411387,361.025351074062,937,8108,9273,9273,9273,9273,9273,9273,TRUE,TRUE
2360,9.39905280692905,33.2926940169989,312.919789150703,1980,8327,9273,9273,9273,9273,9273,9273,TRUE,TRUE
2361,16.7328395179229,11.2326140702414,187.953528604113,6024,8799,9273,9273,9273,9273,9273,9273,TRUE,TRUE
2362,22.3220334703876,46.5089314574983,1038.17392466624,3920,5532,9273,9273,9273,9273,9273,9273,TRUE,TRUE
2363,42.4945322836599,31.9598204705023,1358.11762276373,6959,4651,9273,9273,9273,9273,9273,9273,TRUE,TRUE
2364,24.367066090107,40.8571655750275,995.569253821137,1692,5642,9273,9273,9273,9273,9273,9273,TRUE,TRUE
2365,33.0026009891166,32.8198816315811,1083.14145799711,7594,5415,9273,9273,9273,9273,9273,9273,TRUE,TRUE
2366,24.9130576636693,46.7451967507193,1164.56578215024,1205,5192,9273,9273,9273,9273,9273,9273,TRUE,TRUE
2367,16.2047294956623,22.2048325255366,359.823304572803,7923,8114,9273,9273,9273,9273,9273,9273,TRUE,TRUE
2368,26.7315436999003,39.3799363049594,1052.68648823531,7753,5500,9273,9273,9273,9273,9273,9273,TRUE,TRUE
2369,45.0233103764522,40.8070178362198,1837.26702957754,1925,3638,9273,9273,9273,9273,9273,9273,TRUE,TRUE
2370,44.2389886212058,89.0578206574045,3939.82791469231,6271,1664,9273,9273,9273,9273,9273,9273,TRUE,TRUE
2371,37.0181255814742,72.2684363090024,2675.24205086342,1273,2550,9273,9273,9273,9273,9273,9273,TRUE,TRUE
2372,36.5614477369983,101.30224167728,3703.75661472465,7215,1788,9273,9273,9273,9273,9273,9273,TRUE,TRUE
2373,35.4351065789711,22.0707691739925,782.080057960293,3135,6377,9273,9273,9273,9273,9273,9273,TRUE,TRUE
2374,15.5345551210963,67.5578940614255,1049.4818291624,1861,5507,9273,9273,9273,9273,9273,9273,TRUE,TRUE
2375,19.6683971115187,32.4940550074858,639.105977650764,5953,6922,9273,9273,9273,9273,9273,9273,TRUE,TRUE
2376,24.5129748969816,67.9163675017347,1664.8322116642,9113,3949,9273,9273,9273,9273,9273,9273,TRUE,TRUE
2377,10.7521274399757,20.2376572370529,217.59786969934,2724,8682,9273,9273,9273,9273,9273,9273,TRUE,TRUE
2378,26.5122500427156,33.4653038469699,887.240503346317,3033,6026,9273,9273,9273,9273,9273,9273,TRUE,TRUE
2379,26.7061197223663,17.5545796585083,468.81470603594,7342,7627,9273,9273,9273,9273,9273,9273,TRUE,TRUE
2380,41.4686169175289,12.6710092647193,525.449229157105,4650,7404,9273,9273,9273,9273,9273,9273,TRUE,TRUE
2381,63.2280551791191,98.8959773839736,6253.0003150268,3532,875,9273,9273,9273,9273,9273,9273,TRUE,TRUE
2382,75.6008506977858,159.593253892947,12065.3857599345,4728,291,9273,9273,9273,9273,9273,9273,TRUE,TRUE
2383,55.2065116066531,21.5764127294701,1191.15847977943,3278,5101,9273,9273,9273,9273,9273,9273,TRUE,TRUE
2384,83.0841425100507,76.696793281588,6372.28730307135,7614,842,9273,9273,9273,9273,9273,9273,TRUE,TRUE
2385,35.2390989680444,27.8991435535492,983.1406808072,4915,5695,9273,9273,9273,9273,9273,9273,TRUE,TRUE
2386,58.9347825993252,33.3662965688328,1966.43543442877,8797,3409,9273,9273,9273,9273,9273,9273,TRUE,TRUE
2387,45.6004721149462,36.54533112539,1666.48435291482,8814,3945,9273,9273,9273,9273,9273,9273,TRUE,TRUE
2388,23.5977329595416,51.51130733303,1215.55007484172,5300,5029,9273,9273,9273,9273,9273,9273,TRUE,TRUE
2389,31.0047908817512,44.0059675465459,1364.39582132979,1548,4636,9273,9273,9273,9273,9273,9273,TRUE,TRUE
2390,58.2345825907696,53.6113231325724,3122.03302476422,1795,2178,9273,9273,9273,9273,9273,9273,TRUE,TRUE
2391,21.2082215577551,29.3786645085557,623.069225968406,3760,6996,9273,9273,9273,9273,9273,9273,TRUE,TRUE
2392,30.7520840726793,61.3731981260436,1887.3537485813,4487,3559,9273,9273,9273,9273,9273,9273,TRUE,TRUE
2393,12.7808433552687,16.5265229359971,211.222900852235,2891,8710,9273,9273,9273,9273,9273,9273,TRUE,TRUE
2394,122.076816977908,29.7960534578903,3637.40736464285,3628,1826,9273,9273,9273,9273,9273,9273,TRUE,TRUE
2395,25.6941488928396,51.6020633622343,1325.87109920699,1728,4730,9273,9273,9273,9273,9273,9273,TRUE,TRUE
2396,56.6401637583166,107.626834267969,6096.00151772693,8818,913,9273,9273,9273,9273,9273,9273,TRUE,TRUE
2397,20.9574431311793,28.9486343322731,606.689357743919,320,7064,9273,9273,9273,9273,9273,9273,TRUE,TRUE
2398,40.4416530141888,59.8399434367896,2420.02622885933,4896,2844,9273,9273,9273,9273,9273,9273,TRUE,TRUE
2399,50.5266758334252,65.5127107435657,3310.1394987091,2710,2055,9273,9273,9273,9273,9273,9273,TRUE,TRUE
2400,23.5125727847565,59.9798709921135,1410.28108232237,6009,4507,9273,9273,9273,9273,9273,9273,TRUE,TRUE
2401,17.0963873318906,47.7134604112157,815.727800134973,5924,6256,9273,9273,9273,9273,9273,9273,TRUE,TRUE
2402,27.6713618506556,22.1990449384133,614.277805229798,2791,7039,9273,9273,9273,9273,9273,9273,TRUE,TRUE
2403,9.18757662892342,77.7940265655518,714.738580343511,6373,6648,9273,9273,9273,9273,9273,9273,TRUE,TRUE
2404,49.7782031005582,60.4710201648687,3010.13872346478,3805,2260,9273,9273,9273,9273,9273,9273,TRUE,TRUE
2405,37.7584725078646,89.8518821171352,3392.66982069974,4929,1999,9273,9273,9273,9273,9273,9273,TRUE,TRUE
2406,21.126809187695,59.0109643197693,1246.71338316564,1691,4934,9273,9273,9273,9273,9273,9273,TRUE,TRUE
2407,70.725481309722,89.3893726315119,6322.10640333776,1512,856,9273,9273,9273,9273,9273,9273,TRUE,TRUE
2408,37.4753130108333,22.8830797843796,857.550577571496,8634,6121,9273,9273,9273,9273,9273,9273,TRUE,TRUE
2409,9.98649978637695,43.2755012512207,432.170784000671,9264,7772,9273,9273,9273,9273,9273,9273,TRUE,TRUE
2410,17.4723288745415,46.1439672097927,806.242570665557,6356,6292,9273,9273,9273,9273,9273,9273,TRUE,TRUE
2411,47.1567447163234,78.6999814354371,3711.2349337303,7960,1785,9273,9273,9273,9273,9273,9273,TRUE,TRUE
2412,54.5224235432792,108.80438041687,5932.27851245266,8001,947,9273,9273,9273,9273,9273,9273,TRUE,TRUE
2413,22.2145994540937,16.4988274368154,366.514842971067,8724,8085,9273,9273,9273,9273,9273,9273,TRUE,TRUE
2414,23.2884387096889,60.3982499753925,1406.5809427244,7994,4517,9273,9273,9273,9273,9273,9273,TRUE,TRUE
2415,47.4810388254565,81.6373026204664,3876.2239353279,1574,1698,9273,9273,9273,9273,9273,9273,TRUE,TRUE
2416,49.4526764100736,69.6260429588524,3443.19417215801,8224,1953,9273,9273,9273,9273,9273,9273,TRUE,TRUE
2417,7.64074112797341,19.4345264560298,148.494185595274,1833,8945,9273,9273,9273,9273,9273,9273,TRUE,TRUE
2418,36.0278367526304,52.8664018959425,1904.66209720597,1297,3517,9273,9273,9273,9273,9273,9273,TRUE,TRUE
2419,14.4905539312828,39.0022651946943,565.164427245914,1175,7224,9273,9273,9273,9273,9273,9273,TRUE,TRUE
2420,30.7975019512864,49.260332755391,1517.09519415517,8144,4262,9273,9273,9273,9273,9273,9273,TRUE,TRUE
2421,21.9159810295738,46.3175523330562,1015.09459826755,1781,5598,9273,9273,9273,9273,9273,9273,TRUE,TRUE
2422,27.1178247172658,53.0854514517435,1439.5619675053,7830,4436,9273,9273,9273,9273,9273,9273,TRUE,TRUE
2423,49.1957061214447,69.6277274932861,3425.38521966374,8015,1971,9273,9273,9273,9273,9273,9273,TRUE,TRUE
2424,98.5515883569004,97.3568408083754,9594.67129907529,3010,445,9273,9273,9273,9273,9273,9273,TRUE,TRUE
2425,63.4053285168063,59.7317060716691,3787.30844634349,809,1739,9273,9273,9273,9273,9273,9273,TRUE,TRUE
2426,40.1848369710493,75.0619558498559,3016.35245855456,4818,2255,9273,9273,9273,9273,9273,9273,TRUE,TRUE
2427,59.5155046636408,17.273824230417,1028.0603665443,960,5559,9273,9273,9273,9273,9273,9273,TRUE,TRUE
2428,47.1448911364732,101.512921360925,4785.81562650617,4699,1285,9273,9273,9273,9273,9273,9273,TRUE,TRUE
2429,33.5255572351916,12.780767292812,428.482345384832,3143,7785,9273,9273,9273,9273,9273,9273,TRUE,TRUE
2430,72.264810644511,109.520693601564,7914.49218477252,4241,609,9273,9273,9273,9273,9273,9273,TRUE,TRUE
2431,53.1732289359232,83.0957370123852,4418.46864775883,4605,1422,9273,9273,9273,9273,9273,9273,TRUE,TRUE
2432,30.8813289385576,65.4712993805225,2021.84073220469,6248,3334,9273,9273,9273,9273,9273,9273,TRUE,TRUE
2433,27.8611193930749,40.3265830313805,1123.54374455204,3869,5298,9273,9273,9273,9273,9273,9273,TRUE,TRUE
2434,39.416307740082,15.7229345956,619.740028597351,5832,7014,9273,9273,9273,9273,9273,9273,TRUE,TRUE
2435,27.5870578743163,13.1402334031605,362.500379375011,4028,8103,9273,9273,9273,9273,9273,9273,TRUE,TRUE
2436,19.7549210669677,67.4515259141867,1332.49957028129,8456,4716,9273,9273,9273,9273,9273,9273,TRUE,TRUE
2437,35.4043411321418,56.7929103984389,2010.7155736335,1888,3347,9273,9273,9273,9273,9273,9273,TRUE,TRUE
2438,15.0439918668647,29.8239170124656,448.670764973579,6673,7701,9273,9273,9273,9273,9273,9273,TRUE,TRUE
2439,31.3954666852951,35.7134834177354,1121.24147885735,267,5308,9273,9273,9273,9273,9273,9273,TRUE,TRUE
2440,42.7200303077698,2.38651871681213,101.952151912274,3162,9057,9273,9273,9273,9273,9273,9273,TRUE,TRUE
2441,14.8946280602827,70.4067538167985,1048.6824110331,6687,5509,9273,9273,9273,9273,9273,9273,TRUE,TRUE
2442,98.6336360639173,271.653851420243,26794.2071163457,1262,60,9273,9273,9273,9273,9273,9273,TRUE,TRUE
2443,14.3382276228859,28.7297672319158,411.933942123738,5360,7859,9273,9273,9273,9273,9273,9273,TRUE,TRUE
2444,78.8739035001365,42.8649087003482,3380.92267237343,954,2012,9273,9273,9273,9273,9273,9273,TRUE,TRUE
2445,8.9121211823963,22.0418079769801,196.439263769956,2529,8763,9273,9273,9273,9273,9273,9273,TRUE,TRUE
2446,68.155408003751,38.8861729642924,2650.30298408578,8171,2583,9273,9273,9273,9273,9273,9273,TRUE,TRUE
2447,29.9977580103381,3.02840339726415,90.8453122688158,7655,9095,9273,9273,9273,9273,9273,9273,TRUE,TRUE
2448,38.6001450046416,31.4342692221365,1213.36735008941,5678,5039,9273,9273,9273,9273,9273,9273,TRUE,TRUE
2449,37.8694891395411,30.4840349300274,1154.41482971206,3695,5213,9273,9273,9273,9273,9273,9273,TRUE,TRUE
2450,77.9876028418883,148.769023665726,11602.1395328181,8215,312,9273,9273,9273,9273,9273,9273,TRUE,TRUE
2451,68.443261765758,70.9629511505004,4856.9358412644,5288,1254,9273,9273,9273,9273,9273,9273,TRUE,TRUE
2452,33.939640459807,29.3299369604691,995.447515147127,2082,5644,9273,9273,9273,9273,9273,9273,TRUE,TRUE
2453,22.0255764574358,47.8352202775278,1053.59830158097,5021,5496,9273,9273,9273,9273,9273,9273,TRUE,TRUE
2454,32.6304454579483,33.5553703756074,1094.92668286251,4908,5383,9273,9273,9273,9273,9273,9273,TRUE,TRUE
2455,17.688487034218,23.110211503272,408.784676533661,998,7883,9273,9273,9273,9273,9273,9273,TRUE,TRUE
2456,0,0,0,7055,9264,9273,9273,9273,9273,9273,9273,TRUE,TRUE
2457,10.1897491948439,20.8186019104306,212.136332054587,1230,8702,9273,9273,9273,9273,9273,9273,TRUE,TRUE
2458,56.1525466181243,39.887804827314,2239.80182006039,2493,3061,9273,9273,9273,9273,9273,9273,TRUE,TRUE
2459,19.3738130748272,55.5962952709198,1077.1122322317,8538,5424,9273,9273,9273,9273,9273,9273,TRUE,TRUE
2460,25.9704733783626,40.9762268647498,1064.17200893673,470,5462,9273,9273,9273,9273,9273,9273,TRUE,TRUE
2461,15.0427911579609,64.9710853479125,977.346468194701,230,5719,9273,9273,9273,9273,9273,9273,TRUE,TRUE
2462,36.7772697133211,118.086184829029,4342.88746887428,2119,1462,9273,9273,9273,9273,9273,9273,TRUE,TRUE
2463,23.1343421621143,87.0792546902063,2014.52127322513,7246,3344,9273,9273,9273,9273,9273,9273,TRUE,TRUE
2464,39.6268024531674,23.8288389928809,944.260695459223,6458,5814,9273,9273,9273,9273,9273,9273,TRUE,TRUE
2465,48.6823933426416,99.2790367683391,4833.14111863486,3402,1264,9273,9273,9273,9273,9273,9273,TRUE,TRUE
2466,41.1916609568614,37.2381965958752,1533.90316882224,7305,4217,9273,9273,9273,9273,9273,9273,TRUE,TRUE
2467,38.0615035700402,63.2473869323731,2407.29064352223,4824,2865,9273,9273,9273,9273,9273,9273,TRUE,TRUE
2468,23.9498645633948,43.3224359965715,1037.56647467423,2706,5539,9273,9273,9273,9273,9273,9273,TRUE,TRUE
2469,32.2547278959457,63.326571203258,2042.58132274432,4545,3313,9273,9273,9273,9273,9273,9273,TRUE,TRUE
2470,47.267544254788,61.4102988365369,2902.71401795576,965,2348,9273,9273,9273,9273,9273,9273,TRUE,TRUE
2471,24.5922570840812,48.8192474718447,1200.57548447899,3716,5072,9273,9273,9273,9273,9273,9273,TRUE,TRUE
2472,21.2864258620204,93.5228412939578,1990.76702760933,2077,3371,9273,9273,9273,9273,9273,9273,TRUE,TRUE
2473,41.4118791280383,106.07302215506,4392.68317223107,2751,1433,9273,9273,9273,9273,9273,9273,TRUE,TRUE
2474,88.5372127229041,159.618601474133,14132.1860732478,6249,226,9273,9273,9273,9273,9273,9273,TRUE,TRUE
2475,26.5522114977692,65.5560795634684,1740.6588895338,8255,3805,9273,9273,9273,9273,9273,9273,TRUE,TRUE
2476,7.56552411570694,11.1081452803178,84.0389409990207,5834,9112,9273,9273,9273,9273,9273,9273,TRUE,TRUE
2477,8.54113782991782,42.439455159036,362.481235939943,1467,8104,9273,9273,9273,9273,9273,9273,TRUE,TRUE
2478,23.4534649004847,35.8441401386853,840.669282630713,6228,6180,9273,9273,9273,9273,9273,9273,TRUE,TRUE
2479,21.0374213645901,33.000875080333,694.253314465166,4911,6727,9273,9273,9273,9273,9273,9273,TRUE,TRUE
2480,13.1544503355026,15.6300974130631,205.605340159206,3302,8735,9273,9273,9273,9273,9273,9273,TRUE,TRUE
2481,19.458269626922,37.3227834610885,726.236783813086,7357,6592,9273,9273,9273,9273,9273,9273,TRUE,TRUE
2482,34.2758956897259,16.3428656339645,560.166357740974,4065,7248,9273,9273,9273,9273,9273,9273,TRUE,TRUE
2483,41.6598576295494,48.996867132659,2041.20250904052,154,3314,9273,9273,9273,9273,9273,9273,TRUE,TRUE
2484,48.8675408856622,47.8107915746755,2336.39581205133,6849,2946,9273,9273,9273,9273,9273,9273,TRUE,TRUE
2485,66.0993985215279,113.004462192483,7469.52698117187,4630,671,9273,9273,9273,9273,9273,9273,TRUE,TRUE
2486,12.4235873097154,55.6548358338064,691.432712189172,2903,6735,9273,9273,9273,9273,9273,9273,TRUE,TRUE
2487,19.1138566072705,28.2365890382563,539.710113955656,557,7340,9273,9273,9273,9273,9273,9273,TRUE,TRUE
2488,46.507181895109,56.8286656504092,2642.94109025992,317,2593,9273,9273,9273,9273,9273,9273,TRUE,TRUE
2489,43.6447290962125,86.2115762522191,3762.68089048557,2318,1749,9273,9273,9273,9273,9273,9273,TRUE,TRUE
2490,14.3781201587951,69.1075105425678,993.636090456236,5151,5651,9273,9273,9273,9273,9273,9273,TRUE,TRUE
2491,12.406512326286,33.5778956640334,416.584576446574,8532,7838,9273,9273,9273,9273,9273,9273,TRUE,TRUE
2492,9.65556656686883,37.1570747509337,358.772608687762,2356,8119,9273,9273,9273,9273,9273,9273,TRUE,TRUE
2493,75.3739224893076,36.8819832084356,2779.93974360456,296,2458,9273,9273,9273,9273,9273,9273,TRUE,TRUE
2494,35.1275662796138,94.5103615179454,3319.91898833189,6445,2047,9273,9273,9273,9273,9273,9273,TRUE,TRUE
2495,35.7922660311412,97.735574216122,3498.17767304978,4730,1922,9273,9273,9273,9273,9273,9273,TRUE,TRUE
2496,61.8147317019199,143.107219143867,8846.13435598597,2116,509,9273,9273,9273,9273,9273,9273,TRUE,TRUE
2497,32.7778770291805,47.2211430311203,1547.80881945141,6972,4176,9273,9273,9273,9273,9273,9273,TRUE,TRUE
2498,41.2907048281977,20.8179678957341,859.588567505653,3986,6116,9273,9273,9273,9273,9273,9273,TRUE,TRUE
2499,27.2153332163935,37.288145241716,1014.80929777458,8016,5600,9273,9273,9273,9273,9273,9273,TRUE,TRUE
2500,56.9759900493007,67.4177985686983,3841.19582039591,1441,1713,9273,9273,9273,9273,9273,9273,TRUE,TRUE
2501,24.4165566440002,17.0216189925022,415.609324303021,4496,7843,9273,9273,9273,9273,9273,9273,TRUE,TRUE
2502,4.06857544846005,11.8795331319173,48.3327768396865,7081,9198,9273,9273,9273,9273,9273,9273,TRUE,TRUE
2503,11.5017787871822,31.9707591559297,367.720599469784,867,8077,9273,9273,9273,9273,9273,9273,TRUE,TRUE
2504,24.5408508701158,71.7151964176501,1759.95194040661,6554,3768,9273,9273,9273,9273,9273,9273,TRUE,TRUE
2505,8.93970000518943,68.2031991346827,609.716139658259,6035,7057,9273,9273,9273,9273,9273,9273,TRUE,TRUE
2506,20.9771902656555,19.6139808535576,411.446208232002,1866,7863,9273,9273,9273,9273,9273,9273,TRUE,TRUE
2507,32.4650751313856,26.4415689706802,858.427523224847,3019,6120,9273,9273,9273,9273,9273,9273,TRUE,TRUE
2508,30.6610533448233,60.7489499147388,1862.6267939778,5070,3596,9273,9273,9273,9273,9273,9273,TRUE,TRUE
2509,30.0451888043908,35.8253821074733,1076.38036940848,6773,5429,9273,9273,9273,9273,9273,9273,TRUE,TRUE
2510,53.9367386065655,96.4805398964734,5203.8456610164,8449,1140,9273,9273,9273,9273,9273,9273,TRUE,TRUE
2511,83.3504326886046,51.3925073817819,4283.58772722382,7029,1487,9273,9273,9273,9273,9273,9273,TRUE,TRUE
2512,69.7070684646203,174.716234842936,12178.9565440772,749,287,9273,9273,9273,9273,9273,9273,TRUE,TRUE
2513,48.9585503449086,119.199408926818,5835.83026302697,7892,967,9273,9273,9273,9273,9273,9273,TRUE,TRUE
2514,40.9287981619154,42.4608799334935,1737.87278457528,4582,3808,9273,9273,9273,9273,9273,9273,TRUE,TRUE
2515,14.5452686112569,52.7218879542676,766.85402198741,6835,6447,9273,9273,9273,9273,9273,9273,TRUE,TRUE
2516,29.8814544976669,61.1259186858431,1826.53135783911,3951,3658,9273,9273,9273,9273,9273,9273,TRUE,TRUE
2517,22.0215114300068,26.3960810221159,581.281599935909,150,7160,9273,9273,9273,9273,9273,9273,TRUE,TRUE
2518,80.5459794556068,65.3178068091538,5261.0867253354,5700,1122,9273,9273,9273,9273,9273,9273,TRUE,TRUE
2519,34.8404316112308,44.9465575188947,1565.9574633973,7946,4134,9273,9273,9273,9273,9273,9273,TRUE,TRUE
2520,23.1314986311553,18.3105815293496,423.551191581808,1038,7809,9273,9273,9273,9273,9273,9273,TRUE,TRUE
2521,65.7376476385822,104.544591219131,6872.51550008287,4503,754,9273,9273,9273,9273,9273,9273,TRUE,TRUE
2522,72.9139492604095,126.563755958853,9228.26328019063,5210,474,9273,9273,9273,9273,9273,9273,TRUE,TRUE
2523,19.683536701617,25.1905455216118,495.8390273084,7409,7514,9273,9273,9273,9273,9273,9273,TRUE,TRUE
2524,48.633931109999,24.3667844539126,1185.05251650378,1200,5117,9273,9273,9273,9273,9273,9273,TRUE,TRUE
2525,23.6659852970521,71.19864869578,1684.98617320431,8358,3913,9273,9273,9273,9273,9273,9273,TRUE,TRUE
2526,28.9339593251546,30.2774436690591,876.046323590215,7231,6067,9273,9273,9273,9273,9273,9273,TRUE,TRUE
2527,26.9151783837722,66.9040273626645,1800.73383105889,6071,3711,9273,9273,9273,9273,9273,9273,TRUE,TRUE
2528,81.425323181265,24.2535143386661,1974.85024330733,3583,3399,9273,9273,9273,9273,9273,9273,TRUE,TRUE
2529,32.6328495225391,85.6565960217627,2795.2188085911,4705,2445,9273,9273,9273,9273,9273,9273,TRUE,TRUE
2530,34.2970721351909,18.3230069359356,628.425490615387,8007,6969,9273,9273,9273,9273,9273,9273,TRUE,TRUE
2531,1.89743316173553,18.6593725585938,35.4049122698538,4118,9212,9273,9273,9273,9273,9273,9273,TRUE,TRUE
2532,31.4396578708307,75.7376513690647,2381.16584698364,413,2895,9273,9273,9273,9273,9273,9273,TRUE,TRUE
2533,37.1528501469513,30.1962801300246,1121.87787066617,368,5306,9273,9273,9273,9273,9273,9273,TRUE,TRUE
2534,34.220412197113,99.086192916067,3390.77036463048,8547,2001,9273,9273,9273,9273,9273,9273,TRUE,TRUE
2535,17.9114132100161,39.5669751100886,708.700440667219,3026,6676,9273,9273,9273,9273,9273,9273,TRUE,TRUE
2536,32.2037563574942,34.7581997383806,1119.34459579993,260,5310,9273,9273,9273,9273,9273,9273,TRUE,TRUE
2537,34.1158489453591,52.7819991839134,1800.70271119245,8590,3712,9273,9273,9273,9273,9273,9273,TRUE,TRUE
2538,9.24674816080864,13.5044230028247,124.871998564151,595,9013,9273,9273,9273,9273,9273,9273,TRUE,TRUE
2539,62.5731100032927,100.570219606075,6292.99141446625,7589,866,9273,9273,9273,9273,9273,9273,TRUE,TRUE
2540,52.7081522015558,127.147998024761,6701.73603201221,3289,783,9273,9273,9273,9273,9273,9273,TRUE,TRUE
2541,18.6582510852012,43.3289974276759,808.443313275615,4267,6286,9273,9273,9273,9273,9273,9273,TRUE,TRUE
2542,87.166168358015,239.12203838975,20843.3518563926,1092,107,9273,9273,9273,9273,9273,9273,TRUE,TRUE
2543,19.8509456366301,13.9627064347267,277.172926375985,92,8451,9273,9273,9273,9273,9273,9273,TRUE,TRUE
2544,36.1613540016269,42.37766644371,1532.43379803386,5960,4220,9273,9273,9273,9273,9273,9273,TRUE,TRUE
2545,15.5068135341009,14.0008941173553,217.109254388519,5047,8683,9273,9273,9273,9273,9273,9273,TRUE,TRUE
2546,104.769505882263,84.8708345174789,8891.8753962116,509,506,9273,9273,9273,9273,9273,9273,TRUE,TRUE
2547,50.7015473394111,21.5747295511831,1093.8721716743,2177,5386,9273,9273,9273,9273,9273,9273,TRUE,TRUE
2548,80.7909614949287,164.788402002069,13313.41344096,4845,253,9273,9273,9273,9273,9273,9273,TRUE,TRUE
2549,44.8454051188934,26.3177554350633,1180.23040430537,4651,5135,9273,9273,9273,9273,9273,9273,TRUE,TRUE
2550,46.1540004331238,99.6278715884373,4598.22482844394,2371,1351,9273,9273,9273,9273,9273,9273,TRUE,TRUE
2551,28.9037298500699,29.7377575439906,859.53211039838,906,6118,9273,9273,9273,9273,9273,9273,TRUE,TRUE
2552,14.2585042841733,14.9634559899569,213.356501338838,2284,8697,9273,9273,9273,9273,9273,9273,TRUE,TRUE
2553,15.4405107619399,4.61663298687692,71.2831713177998,4924,9148,9273,9273,9273,9273,9273,9273,TRUE,TRUE
2554,41.3673476239909,43.9055216750971,1816.25497774641,1765,3674,9273,9273,9273,9273,9273,9273,TRUE,TRUE
2555,47.9782209905346,129.089985882298,6193.5078703259,1673,891,9273,9273,9273,9273,9273,9273,TRUE,TRUE
2556,27.7969744315693,26.7630426912702,743.931613400235,506,6530,9273,9273,9273,9273,9273,9273,TRUE,TRUE
2557,33.3385209563989,54.6476258177254,1821.87101854168,7898,3669,9273,9273,9273,9273,9273,9273,TRUE,TRUE
2558,18.8522898757458,91.3876725196838,1722.86689341081,8682,3840,9273,9273,9273,9273,9273,9273,TRUE,TRUE
2559,6.53248039514591,36.617769632584,239.204862238824,8249,8602,9273,9273,9273,9273,9273,9273,TRUE,TRUE
2560,12.3075193615135,149.724282955905,1842.73451136852,4016,3624,9273,9273,9273,9273,9273,9273,TRUE,TRUE
2561,2.17959286911147,32.6384388378688,71.1385085499498,6949,9149,9273,9273,9273,9273,9273,9273,TRUE,TRUE
2562,32.5111963740325,19.5929868470891,636.991442939549,7218,6934,9273,9273,9273,9273,9273,9273,TRUE,TRUE
2563,22.3897392974474,52.1118655129877,1166.77108313944,8468,5183,9273,9273,9273,9273,9273,9273,TRUE,TRUE
2564,19.7023562280143,36.507863393644,719.290929705258,7794,6628,9273,9273,9273,9273,9273,9273,TRUE,TRUE
2565,22.5528547585011,10.7552400112152,242.561365865756,2900,8587,9273,9273,9273,9273,9273,9273,TRUE,TRUE
2566,32.6235090710443,39.4194750544391,1286.0016020143,6652,4828,9273,9273,9273,9273,9273,9273,TRUE,TRUE
2567,17.3480526403183,33.9116497375892,588.301084767735,3731,7138,9273,9273,9273,9273,9273,9273,TRUE,TRUE
2568,15.1691654727188,75.7460077045616,1149.00372476833,6167,5230,9273,9273,9273,9273,9273,9273,TRUE,TRUE
2569,13.3391459407725,14.650952097684,195.431188202273,6645,8766,9273,9273,9273,9273,9273,9273,TRUE,TRUE
2570,103.716872962698,165.629772805022,17178.6021048589,1519,155,9273,9273,9273,9273,9273,9273,TRUE,TRUE
2571,102.61519186852,40.2338895961685,4128.60830052767,3983,1566,9273,9273,9273,9273,9273,9273,TRUE,TRUE
2572,29.9731997580195,40.9603073959979,1227.71147573013,6169,4990,9273,9273,9273,9273,9273,9273,TRUE,TRUE
2573,28.0717028085288,60.301381371238,1692.76245679715,9137,3901,9273,9273,9273,9273,9273,9273,TRUE,TRUE
2574,81.6817299422397,76.113002710445,6217.04173248753,3354,884,9273,9273,9273,9273,9273,9273,TRUE,TRUE
2575,32.0930020543127,35.3217909898881,1133.58231080048,387,5270,9273,9273,9273,9273,9273,9273,TRUE,TRUE
2576,61.7524246906491,76.0877125600545,4698.60073974852,2132,1319,9273,9273,9273,9273,9273,9273,TRUE,TRUE
2577,22.802945370822,27.3505910422451,623.674033396008,7704,6993,9273,9273,9273,9273,9273,9273,TRUE,TRUE
2578,39.8028290704373,48.7464955852878,1940.24843156404,2792,3446,9273,9273,9273,9273,9273,9273,TRUE,TRUE
2579,50.3576790462031,72.2685705687027,3639.2774818266,5990,1823,9273,9273,9273,9273,9273,9273,TRUE,TRUE
2580,32.1242650944762,21.9422837561625,704.879740161184,2968,6684,9273,9273,9273,9273,9273,9273,TRUE,TRUE
2581,26.0042728313836,61.5190656082605,1599.75856640899,6868,4071,9273,9273,9273,9273,9273,9273,TRUE,TRUE
2582,15.1749594410261,36.8643176114118,559.414524574276,5309,7254,9273,9273,9273,9273,9273,9273,TRUE,TRUE
2583,58.1585591206184,72.2563840632255,4202.32718438321,2446,1536,9273,9273,9273,9273,9273,9273,TRUE,TRUE
2584,13.1048938323712,45.6455562854635,598.180169040521,3446,7096,9273,9273,9273,9273,9273,9273,TRUE,TRUE
2585,78.4298040443492,39.1834720896783,3073.1520377707,6889,2211,9273,9273,9273,9273,9273,9273,TRUE,TRUE
2586,13.2043624162674,54.2980252981186,716.970804524013,8190,6636,9273,9273,9273,9273,9273,9273,TRUE,TRUE
2587,18.0311797898391,37.9209223122432,683.75896800858,6919,6756,9273,9273,9273,9273,9273,9273,TRUE,TRUE
2588,66.8462071184656,82.9002789144984,5541.56921449713,9025,1055,9273,9273,9273,9273,9273,9273,TRUE,TRUE
2589,41.5500667530194,106.817612504123,4438.27892994445,6742,1415,9273,9273,9273,9273,9273,9273,TRUE,TRUE
2590,43.0563183977171,126.792529923227,5459.21953882653,48,1075,9273,9273,9273,9273,9273,9273,TRUE,TRUE
2591,64.0824141237471,61.9106971830384,3967.38693557337,8356,1647,9273,9273,9273,9273,9273,9273,TRUE,TRUE
2592,35.4606762956566,63.102525899108,2237.65824434655,5499,3064,9273,9273,9273,9273,9273,9273,TRUE,TRUE
2593,12.8823179791613,18.4712499874394,237.952515810774,2488,8606,9273,9273,9273,9273,9273,9273,TRUE,TRUE
2594,12.6823333477814,22.6371943390609,287.092444666481,3267,8414,9273,9273,9273,9273,9273,9273,TRUE,TRUE
2595,31.4939891361393,16.7310419259905,526.927252653434,6853,7399,9273,9273,9273,9273,9273,9273,TRUE,TRUE
2596,21.1448301912468,36.7092333864943,776.21050640827,8202,6399,9273,9273,9273,9273,9273,9273,TRUE,TRUE
2597,68.2262633517538,94.0937597090704,6419.66562966767,6754,829,9273,9273,9273,9273,9273,9273,TRUE,TRUE
2598,17.0385240885439,17.2782665113123,294.396160161276,5735,8389,9273,9273,9273,9273,9273,9273,TRUE,TRUE
2599,55.201557761601,75.3357153211321,4158.64884081101,8961,1555,9273,9273,9273,9273,9273,9273,TRUE,TRUE
2600,3.98012716873832,16.9338817492775,67.3990028225015,7505,9167,9273,9273,9273,9273,9273,9273,TRUE,TRUE
2601,32.0694499042901,35.1276269681526,1126.52367331176,3207,5287,9273,9273,9273,9273,9273,9273,TRUE,TRUE
2602,23.3624406842624,27.0445185689365,631.825960901214,6213,6955,9273,9273,9273,9273,9273,9273,TRUE,TRUE
2603,31.9212922964096,41.1575043334961,1313.80072602027,6654,4757,9273,9273,9273,9273,9273,9273,TRUE,TRUE
2604,27.8096304740757,27.6637002117932,769.317280435578,7411,6436,9273,9273,9273,9273,9273,9273,TRUE,TRUE
2605,44.8909741536431,29.2930419410484,1314.99318865719,8533,4755,9273,9273,9273,9273,9273,9273,TRUE,TRUE
2606,19.640562296879,35.8241503248331,703.60645618764,9265,6688,9273,9273,9273,9273,9273,9273,TRUE,TRUE
2607,16.289317496537,25.1331313612497,409.401556425567,4462,7877,9273,9273,9273,9273,9273,9273,TRUE,TRUE
2608,21.629382626446,21.8529483408168,472.665781179484,7581,7615,9273,9273,9273,9273,9273,9273,TRUE,TRUE
2609,75.6325128847553,50.3375479944291,3807.15524727564,4127,1730,9273,9273,9273,9273,9273,9273,TRUE,TRUE
2610,57.9358556190885,45.1789021999278,2617.47835488394,8315,2619,9273,9273,9273,9273,9273,9273,TRUE,TRUE
2611,25.6551319539547,34.5355452537537,886.013970586824,5002,6034,9273,9273,9273,9273,9273,9273,TRUE,TRUE
2612,26.3643514966965,51.2178122091293,1350.32440397328,1245,4671,9273,9273,9273,9273,9273,9273,TRUE,TRUE
2613,57.1576378356376,30.256809156235,1729.40773981408,5546,3824,9273,9273,9273,9273,9273,9273,TRUE,TRUE
2614,33.4915077473636,42.3552369198329,1418.540745442,3549,4489,9273,9273,9273,9273,9273,9273,TRUE,TRUE
2615,27.5695717816169,60.6909205134098,1673.22268958686,4186,3933,9273,9273,9273,9273,9273,9273,TRUE,TRUE
2616,21.0476628954955,93.7668307897613,1973.57264524186,7555,3402,9273,9273,9273,9273,9273,9273,TRUE,TRUE
2617,7.23159752220943,48.3140495694917,349.38776115464,3955,8153,9273,9273,9273,9273,9273,9273,TRUE,TRUE
2618,5.23736405670643,29.9619171643257,156.921468026455,8284,8913,9273,9273,9273,9273,9273,9273,TRUE,TRUE
2619,72.9877441326777,26.0041824744807,1897.98661682686,2610,3530,9273,9273,9273,9273,9273,9273,TRUE,TRUE
2620,25.8301241354311,27.0137659186098,697.768927043168,1044,6716,9273,9273,9273,9273,9273,9273,TRUE,TRUE
2621,63.2101537386576,74.1686236564024,4688.21010390584,1355,1322,9273,9273,9273,9273,9273,9273,TRUE,TRUE
2622,24.2594399386889,15.221404656972,369.262752058292,5180,8065,9273,9273,9273,9273,9273,9273,TRUE,TRUE
2623,30.2998218259861,71.736552474425,2173.60475838558,8446,3145,9273,9273,9273,9273,9273,9273,TRUE,TRUE
2624,76.9443126224069,68.8933610803941,5300.9523125782,5944,1114,9273,9273,9273,9273,9273,9273,TRUE,TRUE
2625,55.2772066298709,58.2752846151709,3221.29494908734,2100,2102,9273,9273,9273,9273,9273,9273,TRUE,TRUE
2626,24.2450030565262,21.383185227712,518.435391204143,7662,7431,9273,9273,9273,9273,9273,9273,TRUE,TRUE
2627,27.2488779885428,46.8150913147699,1275.65871125866,4146,4852,9273,9273,9273,9273,9273,9273,TRUE,TRUE
2628,48.0724918167026,89.9058916251783,4322.00023942474,2855,1474,9273,9273,9273,9273,9273,9273,TRUE,TRUE
2629,53.7939645934105,65.4442207200187,3520.50409225603,5903,1907,9273,9273,9273,9273,9273,9273,TRUE,TRUE
2630,74.8074490124666,58.0787530259241,4344.72335569446,2766,1461,9273,9273,9273,9273,9273,9273,TRUE,TRUE
2631,16.644164146261,37.5072340255088,624.276559792795,4310,6988,9273,9273,9273,9273,9273,9273,TRUE,TRUE
2632,40.9033126994675,29.536648514224,1208.14677027157,661,5058,9273,9273,9273,9273,9273,9273,TRUE,TRUE
2633,40.4988354872978,251.544854237092,10187.2736694243,6084,399,9273,9273,9273,9273,9273,9273,TRUE,TRUE
2634,5.54805994033814,2.54561996459961,14.1232521489201,8717,9242,9273,9273,9273,9273,9273,9273,TRUE,TRUE
2635,102.021552705046,147.789565440176,15077.7209398108,2978,200,9273,9273,9273,9273,9273,9273,TRUE,TRUE
2636,10.3724520056144,24.8363722096319,257.614078737982,5630,8525,9273,9273,9273,9273,9273,9273,TRUE,TRUE
2637,35.8097720552631,84.6827871516936,3032.47130490651,1138,2238,9273,9273,9273,9273,9273,9273,TRUE,TRUE
2638,61.1799277634054,59.6617680763031,3650.10266114527,7580,1814,9273,9273,9273,9273,9273,9273,TRUE,TRUE
2639,57.1235961411484,99.5473333324442,5686.50166621082,7848,1009,9273,9273,9273,9273,9273,9273,TRUE,TRUE
2640,46.5280557762493,14.9844195409255,697.1959081749,3812,6719,9273,9273,9273,9273,9273,9273,TRUE,TRUE
2641,13.6209692955017,9.923340931624,135.165522138446,88,8984,9273,9273,9273,9273,9273,9273,TRUE,TRUE
2642,16.9452976505313,30.1193844927447,510.381935280357,6151,7462,9273,9273,9273,9273,9273,9273,TRUE,TRUE
2643,35.9395715819031,58.6639336679803,2108.35664333639,7639,3224,9273,9273,9273,9273,9273,9273,TRUE,TRUE
2644,25.7327859448039,27.2012251729258,699.963304811309,4524,6704,9273,9273,9273,9273,9273,9273,TRUE,TRUE
2645,39.1062281955372,33.6310830343853,1315.18480760573,2148,4753,9273,9273,9273,9273,9273,9273,TRUE,TRUE
2646,27.3463700258732,17.7938758850098,486.597914145939,1439,7552,9273,9273,9273,9273,9273,9273,TRUE,TRUE
2647,53.0499801457334,117.739119237783,6246.05793794052,3403,877,9273,9273,9273,9273,9273,9273,TRUE,TRUE
2648,39.3564310437652,91.6074808520907,3605.34350324835,4015,1853,9273,9273,9273,9273,9273,9273,TRUE,TRUE
2649,16.8431912751476,59.0286909838963,994.231532963345,6571,5648,9273,9273,9273,9273,9273,9273,TRUE,TRUE
2650,89.1033978045876,111.976722391328,9977.50644008836,6591,415,9273,9273,9273,9273,9273,9273,TRUE,TRUE
2651,19.4375127536147,35.170042616811,683.618151909437,6888,6757,9273,9273,9273,9273,9273,9273,TRUE,TRUE
2652,9.49653428715545,25.5222828357251,242.373234035942,2193,8589,9273,9273,9273,9273,9273,9273,TRUE,TRUE
2653,26.7348463482011,66.1253411901335,1767.85083644059,2780,3758,9273,9273,9273,9273,9273,9273,TRUE,TRUE
2654,29.3329907209695,72.7491769855525,2133.95093347538,8799,3201,9273,9273,9273,9273,9273,9273,TRUE,TRUE
2655,149.308124807146,302.51062381777,45167.2939764711,4151,20,9273,9273,9273,9273,9273,9273,TRUE,TRUE
2656,85.4638463294557,73.7464436134044,6302.65472431986,6875,863,9273,9273,9273,9273,9273,9273,TRUE,TRUE
2657,19.4387435265529,51.9242866775136,1009.3428915234,7489,5617,9273,9273,9273,9273,9273,9273,TRUE,TRUE
2658,27.4757638848603,12.2946311519611,337.804382582731,458,8213,9273,9273,9273,9273,9273,9273,TRUE,TRUE
2659,19.7838588560169,64.2190163027157,1270.49995440518,2217,4873,9273,9273,9273,9273,9273,9273,TRUE,TRUE
2660,23.4797937015318,77.0650092250896,1809.47051821175,247,3689,9273,9273,9273,9273,9273,9273,TRUE,TRUE
2661,12.8109621289489,13.2570421231257,169.835464581244,8294,8865,9273,9273,9273,9273,9273,9273,TRUE,TRUE
2662,22.8902983901265,31.7712585624758,727.253588724932,3317,6589,9273,9273,9273,9273,9273,9273,TRUE,TRUE
2663,31.3343986361683,98.7882337472126,3095.46989679813,4283,2192,9273,9273,9273,9273,9273,9273,TRUE,TRUE
2664,6.73903252283732,51.9305378246308,349.96158332862,6086,8147,9273,9273,9273,9273,9273,9273,TRUE,TRUE
2665,12.6273772883415,24.9725055170059,315.337248998424,3846,8313,9273,9273,9273,9273,9273,9273,TRUE,TRUE
2666,16.277986702919,12.9826386928558,211.331220011109,5704,8709,9273,9273,9273,9273,9273,9273,TRUE,TRUE
2667,43.2831088236485,83.657932269662,3620.97538638919,8976,1842,9273,9273,9273,9273,9273,9273,TRUE,TRUE
2668,88.4863904569422,22.0745407259332,1953.2964298326,2165,3428,9273,9273,9273,9273,9273,9273,TRUE,TRUE
2669,22.4707287378995,90.1412006127407,2025.53846707748,4658,3328,9273,9273,9273,9273,9273,9273,TRUE,TRUE
2670,17.7002925269575,12.4827235635505,220.947858607989,5313,8669,9273,9273,9273,9273,9273,9273,TRUE,TRUE
2671,34.3531302743488,30.8816796938578,1060.88236561381,3328,5474,9273,9273,9273,9273,9273,9273,TRUE,TRUE
2672,34.0731815361395,36.3216047519591,1237.59263239741,8369,4959,9273,9273,9273,9273,9273,9273,TRUE,TRUE
2673,45.6756243133545,23.7899512204257,1086.62087437719,8170,5405,9273,9273,9273,9273,9273,9273,TRUE,TRUE
2674,65.0906991749479,70.9870429596706,4620.59625860702,3332,1341,9273,9273,9273,9273,9273,9273,TRUE,TRUE
2675,57.0186661525471,58.0525378289262,3310.07827377565,6715,2056,9273,9273,9273,9273,9273,9273,TRUE,TRUE
2676,60.9729690056712,73.9990723104636,4511.94314243432,1952,1390,9273,9273,9273,9273,9273,9273,TRUE,TRUE
2677,33.3860376226077,7.33266133782249,244.808507298383,1827,8577,9273,9273,9273,9273,9273,9273,TRUE,TRUE
2678,37.1518314821099,21.440323665984,796.547291760529,8835,6325,9273,9273,9273,9273,9273,9273,TRUE,TRUE
2679,80.2180116013886,64.9774219020538,5212.35958396728,5482,1136,9273,9273,9273,9273,9273,9273,TRUE,TRUE
2680,67.0935595504239,79.104505508374,5307.40285103292,1204,1112,9273,9273,9273,9273,9273,9273,TRUE,TRUE
2681,22.2298322208857,31.4426809488717,698.965522068257,8861,6711,9273,9273,9273,9273,9273,9273,TRUE,TRUE
2682,32.4556962194722,30.7591982211097,998.311193418865,8221,5638,9273,9273,9273,9273,9273,9273,TRUE,TRUE
2683,62.4532232784288,62.4399235571316,3899.57448740156,5262,1687,9273,9273,9273,9273,9273,9273,TRUE,TRUE
2684,12.6431240699103,32.269143250968,407.982781751697,6947,7886,9273,9273,9273,9273,9273,9273,TRUE,TRUE
2685,24.2279055674273,84.3115906607836,2042.69325676905,75,3312,9273,9273,9273,9273,9273,9273,TRUE,TRUE
2686,25.8804072642868,37.4610669504512,969.507669232393,4960,5745,9273,9273,9273,9273,9273,9273,TRUE,TRUE
2687,39.7584614854463,5.84416893166556,232.355165384067,4548,8622,9273,9273,9273,9273,9273,9273,TRUE,TRUE
2688,48.983697273881,84.2635941436325,4127.54238674086,7540,1567,9273,9273,9273,9273,9273,9273,TRUE,TRUE
2689,14.0260919975246,56.9303455792265,798.510264545096,8967,6317,9273,9273,9273,9273,9273,9273,TRUE,TRUE
2690,24.9891990257876,33.7805261287086,844.148290626117,8402,6170,9273,9273,9273,9273,9273,9273,TRUE,TRUE
2691,46.5659453398516,120.873542821326,5628.59078805209,7097,1027,9273,9273,9273,9273,9273,9273,TRUE,TRUE
2692,54.4866691579156,83.3723429422328,4542.68126681371,2814,1375,9273,9273,9273,9273,9273,9273,TRUE,TRUE
2693,36.027491381509,42.4027100481306,1527.66327081165,3609,4235,9273,9273,9273,9273,9273,9273,TRUE,TRUE
2694,10.962542227021,21.3313239150577,233.845539177083,7000,8618,9273,9273,9273,9273,9273,9273,TRUE,TRUE
2695,11.7319460075893,30.4901965066288,357.709339176557,2146,8122,9273,9273,9273,9273,9273,9273,TRUE,TRUE
2696,21.3422962756867,58.982461320593,1258.82116457333,3066,4901,9273,9273,9273,9273,9273,9273,TRUE,TRUE
2697,23.3142323316365,19.7960832052391,461.53048310335,1831,7648,9273,9273,9273,9273,9273,9273,TRUE,TRUE
2698,29.9439314055861,9.49470173852485,284.308697574887,2910,8427,9273,9273,9273,9273,9273,9273,TRUE,TRUE
2699,68.4352421760559,32.9657372713089,2256.01821367426,6031,3035,9273,9273,9273,9273,9273,9273,TRUE,TRUE
2700,31.993796477999,44.1361388251895,1412.08264289782,4215,4504,9273,9273,9273,9273,9273,9273,TRUE,TRUE
2701,15.9696913957596,56.1533545699774,896.751743319205,4726,5986,9273,9273,9273,9273,9273,9273,TRUE,TRUE
2702,21.8280148180716,36.0837341993133,787.636284793967,3893,6352,9273,9273,9273,9273,9273,9273,TRUE,TRUE
2703,42.0832388913886,104.562597149503,4400.33275494656,7455,1430,9273,9273,9273,9273,9273,9273,TRUE,TRUE
2704,76.5077251839638,43.6064300918579,3336.22876972159,8128,2041,9273,9273,9273,9273,9273,9273,TRUE,TRUE
2705,35.8420255919963,31.5096253390518,1129.36879779651,8587,5278,9273,9273,9273,9273,9273,9273,TRUE,TRUE
2706,31.3803943194965,88.3236859828332,2771.6320938927,810,2468,9273,9273,9273,9273,9273,9273,TRUE,TRUE
2707,60.3112949554366,104.100357763695,6278.42738205269,2747,870,9273,9273,9273,9273,9273,9273,TRUE,TRUE
2708,86.8457673649115,104.503063336472,9075.64872743985,2067,487,9273,9273,9273,9273,9273,9273,TRUE,TRUE
2709,62.8553590712069,69.9877471965473,4399.10498062383,7779,1431,9273,9273,9273,9273,9273,9273,TRUE,TRUE
2710,35.2456208705902,80.8254297788026,2848.74245468619,4278,2399,9273,9273,9273,9273,9273,9273,TRUE,TRUE
2711,23.869075099449,46.5060489380841,1110.05637468178,4032,5341,9273,9273,9273,9273,9273,9273,TRUE,TRUE
2712,19.7788116335869,23.2128461867571,459.122512207294,7756,7659,9273,9273,9273,9273,9273,9273,TRUE,TRUE
2713,24.6848926306256,38.9878419091405,962.410691426941,4803,5762,9273,9273,9273,9273,9273,9273,TRUE,TRUE
2714,40.103188268478,33.1845131989009,1330.80478041332,2065,4721,9273,9273,9273,9273,9273,9273,TRUE,TRUE
2715,54.6877219524351,67.0668802541845,3667.7348995581,1999,1804,9273,9273,9273,9273,9273,9273,TRUE,TRUE
2716,17.0636454791558,46.8610840774164,799.620925465944,9197,6312,9273,9273,9273,9273,9273,9273,TRUE,TRUE
2717,48.045142236157,63.4025284776064,3046.18349883859,3062,2232,9273,9273,9273,9273,9273,9273,TRUE,TRUE
2718,25.231595998225,21.9587182915729,554.053508571801,4013,7281,9273,9273,9273,9273,9273,9273,TRUE,TRUE
2719,16.019096634794,25.5895634821929,409.921690263444,8874,7874,9273,9273,9273,9273,9273,9273,TRUE,TRUE
2720,91.4694540154221,51.8424673457431,4742.00218292747,4710,1300,9273,9273,9273,9273,9273,9273,TRUE,TRUE
2721,21.302216283977,51.0184358557065,1086.80575506847,608,5404,9273,9273,9273,9273,9273,9273,TRUE,TRUE
2722,26.2562660117822,49.0695169191419,1288.38228929864,6765,4818,9273,9273,9273,9273,9273,9273,TRUE,TRUE
2723,11.8627723000266,18.9301440499046,224.563988470722,1494,8658,9273,9273,9273,9273,9273,9273,TRUE,TRUE
2724,29.0015588732932,99.2607521770669,2878.71654807057,7024,2377,9273,9273,9273,9273,9273,9273,TRUE,TRUE
2725,27.9811803243662,68.4134410556994,1914.28883078992,8657,3496,9273,9273,9273,9273,9273,9273,TRUE,TRUE
2726,35.9362662109462,39.0135171016057,1402.00013638861,5134,4529,9273,9273,9273,9273,9273,9273,TRUE,TRUE
2727,15.8391477407194,42.7863424712536,677.699199687202,5199,6778,9273,9273,9273,9273,9273,9273,TRUE,TRUE
2728,43.7177254803348,42.4604456173746,1856.27410527307,6813,3604,9273,9273,9273,9273,9273,9273,TRUE,TRUE
2729,37.6750902933032,32.6276771996611,1229.25068455798,3663,4985,9273,9273,9273,9273,9273,9273,TRUE,TRUE
2730,34.0177351044608,27.414336821416,932.573648055397,8064,5867,9273,9273,9273,9273,9273,9273,TRUE,TRUE
2731,25.4544869148731,34.2640135669708,872.172884991494,5823,6082,9273,9273,9273,9273,9273,9273,TRUE,TRUE
2732,25.0754737938483,47.5048732607383,1191.20720452973,5125,5100,9273,9273,9273,9273,9273,9273,TRUE,TRUE
2733,86.8556636876838,81.400536524497,7070.09762436874,3212,724,9273,9273,9273,9273,9273,9273,TRUE,TRUE
2734,62.4715285395445,75.5031748458802,4716.79874221062,9204,1311,9273,9273,9273,9273,9273,9273,TRUE,TRUE
2735,84.9478179243274,103.451608930315,8787.98843939115,8391,515,9273,9273,9273,9273,9273,9273,TRUE,TRUE
2736,50.5250070812633,20.7850895668696,1050.16679755078,18,5506,9273,9273,9273,9273,9273,9273,TRUE,TRUE
2737,22.1922103762627,34.3403770446777,762.08887177567,9249,6469,9273,9273,9273,9273,9273,9273,TRUE,TRUE
2738,14.227340214873,48.6457236259495,692.09926002507,4203,6733,9273,9273,9273,9273,9273,9273,TRUE,TRUE
2739,9.64509251484504,32.4076841060932,312.575111395142,3192,8328,9273,9273,9273,9273,9273,9273,TRUE,TRUE
2740,30.7886570547963,52.6467228983785,1620.92189637707,8938,4032,9273,9273,9273,9273,9273,9273,TRUE,TRUE
2741,15.6085280199846,40.6662427902222,634.740190058678,713,6947,9273,9273,9273,9273,9273,9273,TRUE,TRUE
2742,55.9653779215026,108.744837840552,6085.94594675903,883,920,9273,9273,9273,9273,9273,9273,TRUE,TRUE
2743,56.8183846412404,195.043994665759,11082.0847108831,5113,337,9273,9273,9273,9273,9273,9273,TRUE,TRUE
2744,28.7657739595386,46.6941663969295,1343.19383580315,3013,4688,9273,9273,9273,9273,9273,9273,TRUE,TRUE
2745,22.40873037315,31.1062051493947,697.050564124675,3858,6720,9273,9273,9273,9273,9273,9273,TRUE,TRUE
2746,28.0673001527186,54.7532003772649,1536.77450931064,5434,4208,9273,9273,9273,9273,9273,9273,TRUE,TRUE
2747,37.2170692643499,68.0900772257549,2534.11312032585,5612,2707,9273,9273,9273,9273,9273,9273,TRUE,TRUE
2748,10.8495245450809,69.2240133717227,751.047632185512,8944,6506,9273,9273,9273,9273,9273,9273,TRUE,TRUE
2749,86.8729728734751,218.414851442515,18974.3474645297,7317,134,9273,9273,9273,9273,9273,9273,TRUE,TRUE
2750,70.2102923577436,112.367686251202,7889.36810326012,5902,612,9273,9273,9273,9273,9273,9273,TRUE,TRUE
2751,40.2192659738349,68.7886561742469,2766.62925865471,4646,2473,9273,9273,9273,9273,9273,9273,TRUE,TRUE
2752,44.6097512928968,110.424203334121,4925.9962474514,9239,1226,9273,9273,9273,9273,9273,9273,TRUE,TRUE
2753,24.8552936244011,27.4162989234924,681.440159837756,1142,6765,9273,9273,9273,9273,9273,9273,TRUE,TRUE
2754,8.93082149906291,55.1196843286355,492.264061823739,637,7531,9273,9273,9273,9273,9273,9273,TRUE,TRUE
2755,12.6621968172311,28.4752628964981,360.559383217858,8669,8109,9273,9273,9273,9273,9273,9273,TRUE,TRUE
2756,14.9889417498151,96.0301769846711,1439.39072904767,6794,4437,9273,9273,9273,9273,9273,9273,TRUE,TRUE
2757,35.3422974525614,90.1798660907339,3187.16365161087,263,2123,9273,9273,9273,9273,9273,9273,TRUE,TRUE
2758,48.3615338701951,88.0515565370259,4258.30833378877,601,1503,9273,9273,9273,9273,9273,9273,TRUE,TRUE
2759,52.4516213622179,56.1010335587167,2942.59017025089,3422,2321,9273,9273,9273,9273,9273,9273,TRUE,TRUE
2760,49.0113158630875,30.7875578628396,1508.93872306871,5894,4284,9273,9273,9273,9273,9273,9273,TRUE,TRUE
2761,17.8516814848956,17.4898745228263,312.223669192285,7703,8329,9273,9273,9273,9273,9273,9273,TRUE,TRUE
2762,16.3778645539284,40.7171227741241,666.859521820278,7162,6825,9273,9273,9273,9273,9273,9273,TRUE,TRUE
2763,78.9721907314501,46.4407595552896,3667.52852131375,4364,1805,9273,9273,9273,9273,9273,9273,TRUE,TRUE
2764,15.6640155673027,34.3658278783163,538.306862869191,1832,7349,9273,9273,9273,9273,9273,9273,TRUE,TRUE
2765,61.1038552354285,83.7896590987168,5119.87119979389,8843,1160,9273,9273,9273,9273,9273,9273,TRUE,TRUE
2766,37.0972851583591,70.2125627077543,2604.69546046873,7038,2630,9273,9273,9273,9273,9273,9273,TRUE,TRUE
2767,55.0441618618287,101.306439812476,5576.32807068351,7579,1041,9273,9273,9273,9273,9273,9273,TRUE,TRUE
2768,33.5339788796034,37.1025280928187,1244.19539344448,3582,4943,9273,9273,9273,9273,9273,9273,TRUE,TRUE
2769,35.9942246695885,33.3345215353958,1199.85025739827,3666,5074,9273,9273,9273,9273,9273,9273,TRUE,TRUE
2770,57.1419063450882,88.2703090557077,5043.93373311324,5640,1188,9273,9273,9273,9273,9273,9273,TRUE,TRUE
2771,47.4033918409376,37.0528697852974,1756.43170526369,7537,3775,9273,9273,9273,9273,9273,9273,TRUE,TRUE
2772,98.0964179101469,118.354494461326,11610.1519502224,7541,310,9273,9273,9273,9273,9273,9273,TRUE,TRUE
2773,27.5302424200944,38.1842532379287,1051.22174827045,2035,5504,9273,9273,9273,9273,9273,9273,TRUE,TRUE
2774,26.0733543531927,93.047503061424,2426.06051900029,6282,2834,9273,9273,9273,9273,9273,9273,TRUE,TRUE
2775,13.4367430058448,40.3282864888509,541.880821416772,5657,7327,9273,9273,9273,9273,9273,9273,TRUE,TRUE
2776,33.9041704940796,36.8478139877319,1249.29456777419,392,4925,9273,9273,9273,9273,9273,9273,TRUE,TRUE
2777,4.67622001682009,39.8207142353058,186.21042099121,4810,8804,9273,9273,9273,9273,9273,9273,TRUE,TRUE
2778,11.5856417312342,73.766744557549,854.63507412323,4770,6130,9273,9273,9273,9273,9273,9273,TRUE,TRUE
2779,33.4214782524109,14.4591120243073,483.244898069558,7450,7566,9273,9273,9273,9273,9273,9273,TRUE,TRUE
2780,77.0212064122045,33.5074307807656,2580.782742508,7243,2653,9273,9273,9273,9273,9273,9273,TRUE,TRUE
2781,29.3764935509633,51.0561463132417,1499.85055290798,7019,4297,9273,9273,9273,9273,9273,9273,TRUE,TRUE
2782,48.7811701064719,33.7055104657223,1644.19423955387,8738,3976,9273,9273,9273,9273,9273,9273,TRUE,TRUE
2783,25.025417086584,60.7465475953561,1520.20769014381,8833,4253,9273,9273,9273,9273,9273,9273,TRUE,TRUE
2784,19.6186130983043,57.6428934666499,1130.87362478898,7438,5273,9273,9273,9273,9273,9273,9273,TRUE,TRUE
2785,26.2438170056824,23.6812567404651,621.486568361349,5063,7005,9273,9273,9273,9273,9273,9273,TRUE,TRUE
2786,78.7850153519126,138.56544009938,10916.8803254741,642,354,9273,9273,9273,9273,9273,9273,TRUE,TRUE
2787,86.0473367871337,275.382515589396,23695.9320642089,3854,76,9273,9273,9273,9273,9273,9273,TRUE,TRUE
2788,57.3336172962189,100.857277960777,5782.51257614158,6319,981,9273,9273,9273,9273,9273,9273,TRUE,TRUE
2789,34.7481026678789,63.2023035600537,2196.16013295119,3507,3118,9273,9273,9273,9273,9273,9273,TRUE,TRUE
2790,32.8665244579315,60.3451039097081,1983.33383356484,4501,3386,9273,9273,9273,9273,9273,9273,TRUE,TRUE
2791,39.4710429814469,72.1132826576374,2846.38647931283,2098,2402,9273,9273,9273,9273,9273,9273,TRUE,TRUE
2792,43.233907113029,61.3716065295692,2653.33433607676,8461,2578,9273,9273,9273,9273,9273,9273,TRUE,TRUE
2793,77.594857240999,83.9969004452428,6517.72749873502,7996,813,9273,9273,9273,9273,9273,9273,TRUE,TRUE
2794,26.413204879617,54.2382817771567,1432.60684889843,4382,4454,9273,9273,9273,9273,9273,9273,TRUE,TRUE
2795,77.3628616934424,61.1636450720263,4731.79461437397,6592,1305,9273,9273,9273,9273,9273,9273,TRUE,TRUE
2796,41.6291814334151,44.7143361649076,1861.42121288365,4403,3598,9273,9273,9273,9273,9273,9273,TRUE,TRUE
2797,58.2128210824023,77.087003713013,4487.45195492411,1318,1401,9273,9273,9273,9273,9273,9273,TRUE,TRUE
2798,106.24826369747,8.81385685295187,936.456987104187,4792,5853,9273,9273,9273,9273,9273,9273,TRUE,TRUE
2799,15.71177015579,49.2274607582916,773.450548787451,7548,6415,9273,9273,9273,9273,9273,9273,TRUE,TRUE
2800,15.3638487022657,31.8202170041891,488.880999725623,5725,7538,9273,9273,9273,9273,9273,9273,TRUE,TRUE
2801,99.9037335528884,103.778332954229,10367.8429240223,5095,392,9273,9273,9273,9273,9273,9273,TRUE,TRUE
2802,6.18608056664467,42.4481678724289,262.587786365303,2303,8508,9273,9273,9273,9273,9273,9273,TRUE,TRUE
2803,7.3496116265822,17.912276313546,131.648274252591,4209,8996,9273,9273,9273,9273,9273,9273,TRUE,TRUE
2804,25.1548977696896,37.446028175354,941.951010631945,5273,5821,9273,9273,9273,9273,9273,9273,TRUE,TRUE
2805,51.9280394407419,46.0101521008843,2389.21699296925,7560,2887,9273,9273,9273,9273,9273,9273,TRUE,TRUE
2806,17.6821947755003,48.6802837450134,860.774258905946,5347,6113,9273,9273,9273,9273,9273,9273,TRUE,TRUE
2807,59.3732485473156,87.049076580483,5168.38645962733,3779,1148,9273,9273,9273,9273,9273,9273,TRUE,TRUE
2808,69.9606837910183,33.5852752785656,2349.64882379804,7472,2933,9273,9273,9273,9273,9273,9273,TRUE,TRUE
2809,16.0315669563909,16.8382042149703,269.94279829768,4640,8479,9273,9273,9273,9273,9273,9273,TRUE,TRUE
2810,14.1369566626221,22.8716954456941,323.336167316469,1724,8279,9273,9273,9273,9273,9273,9273,TRUE,TRUE
2811,12.9261359296628,29.9205021715876,386.756478153712,8638,7986,9273,9273,9273,9273,9273,9273,TRUE,TRUE
2812,58.8522221697105,84.5292023017859,4974.73139369311,600,1212,9273,9273,9273,9273,9273,9273,TRUE,TRUE
2813,9.29359278512313,59.4829295878848,552.810125255953,117,7285,9273,9273,9273,9273,9273,9273,TRUE,TRUE
2814,39.2644541951155,64.8702687467082,2547.09569582995,2854,2692,9273,9273,9273,9273,9273,9273,TRUE,TRUE
2815,62.5910976249345,119.845249253876,7501.24569593398,844,666,9273,9273,9273,9273,9273,9273,TRUE,TRUE
2816,22.1355015561223,31.00286230264,686.263906744332,1447,6747,9273,9273,9273,9273,9273,9273,TRUE,TRUE
2817,29.9657068425717,52.5406590467059,1574.4179863091,521,4122,9273,9273,9273,9273,9273,9273,TRUE,TRUE
2818,7.61481212932645,18.110790172606,137.910264678047,8534,8976,9273,9273,9273,9273,9273,9273,TRUE,TRUE
2819,28.4663259060785,18.7412031177631,533.493195822258,6986,7367,9273,9273,9273,9273,9273,9273,TRUE,TRUE
2820,13.9128195184928,16.6444307107192,231.570960466294,2086,8625,9273,9273,9273,9273,9273,9273,TRUE,TRUE
2821,35.213511838913,24.4888431835175,862.338169364075,8842,6107,9273,9273,9273,9273,9273,9273,TRUE,TRUE
2822,41.465586465092,41.7653770123498,1731.82585175276,4941,3820,9273,9273,9273,9273,9273,9273,TRUE,TRUE
2823,40.3347226525568,37.4222011201701,1509.41410323026,3461,4282,9273,9273,9273,9273,9273,9273,TRUE,TRUE
2824,30.3535763214682,64.4255173050355,1955.54485656846,6266,3423,9273,9273,9273,9273,9273,9273,TRUE,TRUE
2825,14.811669897653,36.5258378461173,541.00865291189,2236,7330,9273,9273,9273,9273,9273,9273,TRUE,TRUE
2826,79.1974653872577,84.8979916510644,6723.70575523286,6162,779,9273,9273,9273,9273,9273,9273,TRUE,TRUE
2827,3.38295217258174,5.27749576801207,17.8535157741874,5339,9236,9273,9273,9273,9273,9273,9273,TRUE,TRUE
2828,58.6105056258867,115.921574178732,6794.2220755642,3613,763,9273,9273,9273,9273,9273,9273,TRUE,TRUE
2829,59.4323036796168,74.8947758841933,4451.16906436622,1374,1412,9273,9273,9273,9273,9273,9273,TRUE,TRUE
2830,54.1055789408476,84.5587689358255,4575.1011477982,313,1359,9273,9273,9273,9273,9273,9273,TRUE,TRUE
2831,46.3742744905872,65.8423539656627,3053.39139591004,1740,2224,9273,9273,9273,9273,9273,9273,TRUE,TRUE
2832,42.1929633998871,29.5928048157692,1248.60813049175,1805,4926,9273,9273,9273,9273,9273,9273,TRUE,TRUE
2833,7.01520662837558,34.2951121648153,240.587298179496,4483,8597,9273,9273,9273,9273,9273,9273,TRUE,TRUE
2834,34.6770163781629,64.6160225953885,2240.69087383203,2774,3060,9273,9273,9273,9273,9273,9273,TRUE,TRUE
2835,5.92834147601061,22.0620136283373,130.791150437183,227,8998,9273,9273,9273,9273,9273,9273,TRUE,TRUE
2836,16.4753041595653,54.2142653949019,893.196512168401,6303,6005,9273,9273,9273,9273,9273,9273,TRUE,TRUE
2837,39.0684882016442,133.728772502232,5224.58097072382,8602,1132,9273,9273,9273,9273,9273,9273,TRUE,TRUE
2838,14.2758873113945,15.3623530402112,219.311220839915,1019,8675,9273,9273,9273,9273,9273,9273,TRUE,TRUE
2839,17.8026586356142,70.4436799608138,1254.08478737883,1428,4910,9273,9273,9273,9273,9273,9273,TRUE,TRUE
2840,48.7760032868721,81.2266869544983,3961.91314987434,312,1652,9273,9273,9273,9273,9273,9273,TRUE,TRUE
2841,32.3664946641678,26.8660442156669,869.559676753679,5583,6088,9273,9273,9273,9273,9273,9273,TRUE,TRUE
2842,26.0425804138184,40.0552923607826,1043.14317230469,806,5519,9273,9273,9273,9273,9273,9273,TRUE,TRUE
2843,27.9086402202475,73.3489514449547,2047.06949640964,2004,3305,9273,9273,9273,9273,9273,9273,TRUE,TRUE
2844,10.5638495887198,52.7336009731138,557.069828951543,2398,7266,9273,9273,9273,9273,9273,9273,TRUE,TRUE
2845,39.5474820573565,84.7762174606323,3352.68593891491,7436,2028,9273,9273,9273,9273,9273,9273,TRUE,TRUE
2846,21.9776969194412,60.2632445017497,1324.44732304164,1346,4732,9273,9273,9273,9273,9273,9273,TRUE,TRUE
2847,48.8144107562406,94.5626228926971,4616.0187160716,6145,1343,9273,9273,9273,9273,9273,9273,TRUE,TRUE
2848,16.3152107063648,27.67513953268,451.52573280372,550,7687,9273,9273,9273,9273,9273,9273,TRUE,TRUE
2849,25.3546139955521,23.5469621300697,597.024135575801,6566,7103,9273,9273,9273,9273,9273,9273,TRUE,TRUE
2850,47.414693404978,15.9864792355624,757.994011579238,843,6488,9273,9273,9273,9273,9273,9273,TRUE,TRUE
2851,65.1374878930573,50.1663026998539,3267.70693475118,7270,2076,9273,9273,9273,9273,9273,9273,TRUE,TRUE
2852,21.0150711142499,12.4624576071034,261.899432871603,7605,8512,9273,9273,9273,9273,9273,9273,TRUE,TRUE
2853,35.951394701004,38.0569894790649,1368.20184989382,6761,4627,9273,9273,9273,9273,9273,9273,TRUE,TRUE
2854,25.9416401203602,94.0235691493557,2439.12559370438,5526,2814,9273,9273,9273,9273,9273,9273,TRUE,TRUE
2855,43.3301205397501,60.2070263441771,2608.7777088331,6992,2628,9273,9273,9273,9273,9273,9273,TRUE,TRUE
2856,31.181150282633,74.8925112280085,2335.23464764431,1867,2947,9273,9273,9273,9273,9273,9273,TRUE,TRUE
2857,30.5784517529045,54.5268189138138,1667.34570139541,4759,3943,9273,9273,9273,9273,9273,9273,TRUE,TRUE
2858,47.074378804211,37.9418239634791,1786.0877937795,875,3728,9273,9273,9273,9273,9273,9273,TRUE,TRUE
2859,95.1335257368268,104.101325247423,9903.52610466346,3558,420,9273,9273,9273,9273,9273,9273,TRUE,TRUE
2860,43.8756552684598,115.037042431715,5047.32561683711,5761,1184,9273,9273,9273,9273,9273,9273,TRUE,TRUE
2861,33.4996962765634,65.6452218569242,2199.09499421458,1331,3115,9273,9273,9273,9273,9273,9273,TRUE,TRUE
2862,97.8535190657897,201.569094523459,19724.2452340253,912,120,9273,9273,9273,9273,9273,9273,TRUE,TRUE
2863,71.9255565105615,136.859962352362,9843.72895620814,7863,423,9273,9273,9273,9273,9273,9273,TRUE,TRUE
2864,86.1434299856386,91.1712973669923,7853.80827143334,599,620,9273,9273,9273,9273,9273,9273,TRUE,TRUE
2865,22.268907584353,51.5692801497499,1148.39153384639,2467,5231,9273,9273,9273,9273,9273,9273,TRUE,TRUE
2866,3.77961371218165,8.2202202330033,31.0692571098123,3809,9217,9273,9273,9273,9273,9273,9273,TRUE,TRUE
2867,24.8663850283623,66.0714818000793,1642.9589058352,3236,3979,9273,9273,9273,9273,9273,9273,TRUE,TRUE
2868,22.7359742173161,28.8131370278469,655.094740585121,5402,6867,9273,9273,9273,9273,9273,9273,TRUE,TRUE
2869,38.3737126463958,87.8741308436563,3372.05664604625,8187,2018,9273,9273,9273,9273,9273,9273,TRUE,TRUE
2870,27.8431947103445,69.3514814984971,1930.96680281351,9116,3463,9273,9273,9273,9273,9273,9273,TRUE,TRUE
2871,36.9511145844844,38.1541220384751,1409.8373353141,847,4508,9273,9273,9273,9273,9273,9273,TRUE,TRUE
2872,114.834663248062,134.531975645008,15448.9341192909,7431,188,9273,9273,9273,9273,9273,9273,TRUE,TRUE
2873,11.2788041838722,45.8272835648377,516.87695760659,5949,7440,9273,9273,9273,9273,9273,9273,TRUE,TRUE
2874,7.35465390059217,35.8433057890466,263.615108731529,4019,8500,9273,9273,9273,9273,9273,9273,TRUE,TRUE
2875,53.1028318405151,75.132100881849,3989.72731895345,4691,1634,9273,9273,9273,9273,9273,9273,TRUE,TRUE
2876,24.0164959107415,61.914553642273,1486.97062436503,4587,4332,9273,9273,9273,9273,9273,9273,TRUE,TRUE
2877,10.9469628539137,40.7162060481246,445.718795161115,8347,7708,9273,9273,9273,9273,9273,9273,TRUE,TRUE
2878,37.7378790962696,18.9903134918213,716.654154554609,9102,6638,9273,9273,9273,9273,9273,9273,TRUE,TRUE
2879,60.0878610610962,23.9620058432869,1439.8256778566,3774,4435,9273,9273,9273,9273,9273,9273,TRUE,TRUE
2880,33.6868853262493,20.822116314635,701.432244540933,3674,6699,9273,9273,9273,9273,9273,9273,TRUE,TRUE
2881,34.8050604621283,51.4617721571339,1791.13009141732,6509,3726,9273,9273,9273,9273,9273,9273,TRUE,TRUE
2882,22.5674066120027,15.2007576660987,343.041679061367,3347,8176,9273,9273,9273,9273,9273,9273,TRUE,TRUE
2883,58.6869940757752,91.417610189494,5365.02474761235,5160,1099,9273,9273,9273,9273,9273,9273,TRUE,TRUE
2884,10.4459436759353,68.1947004199028,712.357999583584,3585,6657,9273,9273,9273,9273,9273,9273,TRUE,TRUE
2885,20.4888195939966,15.2737101477546,312.940291748339,5753,8326,9273,9273,9273,9273,9273,9273,TRUE,TRUE
2886,52.7511770170311,116.249852809413,6132.31656375314,8653,906,9273,9273,9273,9273,9273,9273,TRUE,TRUE
2887,69.8718318185545,105.631504218267,7380.66669747967,2805,680,9273,9273,9273,9273,9273,9273,TRUE,TRUE
2888,11.3285811598032,32.7837770052359,371.393678528706,3690,8053,9273,9273,9273,9273,9273,9273,TRUE,TRUE
2889,65.3934630330096,170.496554455046,11149.3601310116,2342,332,9273,9273,9273,9273,9273,9273,TRUE,TRUE
2890,26.2851521826076,37.4983069825315,985.648705625978,3642,5687,9273,9273,9273,9273,9273,9273,TRUE,TRUE
2891,78.0944581699371,36.6568742656708,2862.69873398107,7053,2393,9273,9273,9273,9273,9273,9273,TRUE,TRUE
2892,14.3250777947903,53.9161228942871,772.352654854135,7893,6424,9273,9273,9273,9273,9273,9273,TRUE,TRUE
2893,49.4293065528537,113.487141720084,5609.5907178892,3085,1030,9273,9273,9273,9273,9273,9273,TRUE,TRUE
2894,23.3261728154459,49.3094203272174,1150.20005998213,7596,5226,9273,9273,9273,9273,9273,9273,TRUE,TRUE
2895,35.7531614529757,38.7879692650595,1386.79252756673,2532,4571,9273,9273,9273,9273,9273,9273,TRUE,TRUE
2896,38.0685054953548,49.0031199299771,1865.47554034386,3551,3594,9273,9273,9273,9273,9273,9273,TRUE,TRUE
2897,19.7510696411133,21.574104180336,426.11163411045,160,7798,9273,9273,9273,9273,9273,9273,TRUE,TRUE
2898,16.5886882066727,12.6008069753647,209.030858066791,2947,8720,9273,9273,9273,9273,9273,9273,TRUE,TRUE
2899,49.8932345567551,161.849446659595,8075.19240506818,6736,592,9273,9273,9273,9273,9273,9273,TRUE,TRUE
2900,68.2380337161913,39.0281224645962,2663.20233661876,5338,2565,9273,9273,9273,9273,9273,9273,TRUE,TRUE
2901,0.502465661966576,1.20076564572892,0.603343505047905,3527,9258,9273,9273,9273,9273,9273,9273,TRUE,TRUE
2902,10.8775516242692,34.9315140704916,379.969347615658,4486,8017,9273,9273,9273,9273,9273,9273,TRUE,TRUE
2903,28.3946626950533,96.9945519968995,2754.12758720977,8551,2486,9273,9273,9273,9273,9273,9273,TRUE,TRUE
2904,40.6273280495091,34.129121713471,1386.57502389481,5849,4572,9273,9273,9273,9273,9273,9273,TRUE,TRUE
2905,24.7463300722139,45.5115140794634,1126.24294949661,859,5289,9273,9273,9273,9273,9273,9273,TRUE,TRUE
2906,79.1210091237171,28.9578825005903,2291.17688553273,106,2998,9273,9273,9273,9273,9273,9273,TRUE,TRUE
2907,16.3759708494937,15.5149959139349,254.073120816612,3341,8536,9273,9273,9273,9273,9273,9273,TRUE,TRUE
2908,32.4020465604914,39.8653332692272,1291.71838473901,8514,4809,9273,9273,9273,9273,9273,9273,TRUE,TRUE
2909,30.0184887271387,49.6691060256324,1490.9914993175,6779,4321,9273,9273,9273,9273,9273,9273,TRUE,TRUE
2910,56.0316285703006,45.4110702732266,2544.45622252925,4928,2698,9273,9273,9273,9273,9273,9273,TRUE,TRUE
2911,16.5221028590202,20.0339992141724,331.003795694086,3821,8242,9273,9273,9273,9273,9273,9273,TRUE,TRUE
2912,18.9147664628647,47.7067593291954,902.362211411822,3491,5970,9273,9273,9273,9273,9273,9273,TRUE,TRUE
2913,42.5552975781542,92.2764900389792,3926.85349307634,5445,1670,9273,9273,9273,9273,9273,9273,TRUE,TRUE
2914,45.8885940302743,46.7940793779161,2147.31451159362,5611,3175,9273,9273,9273,9273,9273,9273,TRUE,TRUE
2915,13.2027582336163,19.6639636357625,259.618557797596,4808,8520,9273,9273,9273,9273,9273,9273,TRUE,TRUE
2916,55.1894805692906,116.22826086205,6414.57734444857,8459,830,9273,9273,9273,9273,9273,9273,TRUE,TRUE
2917,30.8360866546631,24.8961363124847,767.699416698084,1314,6443,9273,9273,9273,9273,9273,9273,TRUE,TRUE
2918,35.6881940087607,34.000764373661,1213.42587541337,7056,5038,9273,9273,9273,9273,9273,9273,TRUE,TRUE
2919,32.9865868819807,11.3860430697517,375.586698962339,3683,8036,9273,9273,9273,9273,9273,9273,TRUE,TRUE
2920,48.8907345767625,84.461153646744,4129.36784499012,3060,1565,9273,9273,9273,9273,9273,9273,TRUE,TRUE
2921,8.41803149531659,51.5439533291007,433.898622517497,514,7764,9273,9273,9273,9273,9273,9273,TRUE,TRUE
2922,49.3980489645727,65.1342228257569,3217.50352841613,8193,2105,9273,9273,9273,9273,9273,9273,TRUE,TRUE
2923,57.1460694890273,144.529522452438,8259.29413328296,7587,570,9273,9273,9273,9273,9273,9273,TRUE,TRUE
2924,18.4165419551927,58.7128830133558,1081.28827332579,5731,5418,9273,9273,9273,9273,9273,9273,TRUE,TRUE
2925,32.0374109514479,44.0439861000709,1411.05528262783,6048,4505,9273,9273,9273,9273,9273,9273,TRUE,TRUE
2926,11.483965459928,43.0975234617216,494.930470842846,696,7521,9273,9273,9273,9273,9273,9273,TRUE,TRUE
2927,74.2776861902493,54.5218040694052,4049.75345319354,6212,1607,9273,9273,9273,9273,9273,9273,TRUE,TRUE
2928,37.6990538060665,53.0761164665222,2000.91937048847,9010,3358,9273,9273,9273,9273,9273,9273,TRUE,TRUE
2929,32.1876353643027,36.3747186162864,1170.81617930014,7750,5170,9273,9273,9273,9273,9273,9273,TRUE,TRUE
2930,37.7045879745483,33.1439349651337,1249.67841171559,1271,4924,9273,9273,9273,9273,9273,9273,TRUE,TRUE
2931,60.1918779963353,105.497044797804,6350.06524944331,9170,845,9273,9273,9273,9273,9273,9273,TRUE,TRUE
2932,57.7088542371095,202.470202412202,11684.3233983639,365,303,9273,9273,9273,9273,9273,9273,TRUE,TRUE
2933,20.7053310775757,46.0756608486176,954.011812488718,2808,5786,9273,9273,9273,9273,9273,9273,TRUE,TRUE
2934,25.4190495413557,31.9420509698709,811.936576055657,481,6269,9273,9273,9273,9273,9273,9273,TRUE,TRUE
2935,39.0021508402844,38.3321504375252,1495.03631339683,4350,4310,9273,9273,9273,9273,9273,9273,TRUE,TRUE
2936,63.5252484185355,32.2020555189678,2045.6435764299,8025,3307,9273,9273,9273,9273,9273,9273,TRUE,TRUE
2937,4.50155009477624,19.4480289757534,87.546276679014,5905,9098,9273,9273,9273,9273,9273,9273,TRUE,TRUE
2938,24.8521764980298,47.3080229781499,1175.70733682583,1783,5154,9273,9273,9273,9273,9273,9273,TRUE,TRUE
2939,64.3858055679166,10.9227709478262,703.271406509622,1891,6690,9273,9273,9273,9273,9273,9273,TRUE,TRUE
2940,16.740331428051,34.6967653528849,580.83535148861,9018,7165,9273,9273,9273,9273,9273,9273,TRUE,TRUE
2941,27.5183534383774,17.3102110385895,476.348505452807,3323,7601,9273,9273,9273,9273,9273,9273,TRUE,TRUE
2942,30.4744402692209,54.7224567887051,1667.63624079241,1071,3942,9273,9273,9273,9273,9273,9273,TRUE,TRUE
2943,30.858388388546,44.1894995550727,1363.61673996592,3617,4638,9273,9273,9273,9273,9273,9273,TRUE,TRUE
2944,18.2147720032844,29.1823568804828,531.549977096473,5683,7376,9273,9273,9273,9273,9273,9273,TRUE,TRUE
2945,49.680997707367,89.8093792648316,4461.81956535614,674,1408,9273,9273,9273,9273,9273,9273,TRUE,TRUE
2946,31.9497459451988,51.1278677037153,1633.52238385344,2484,4001,9273,9273,9273,9273,9273,9273,TRUE,TRUE
2947,36.0270244738402,65.9956425801539,2377.62663040201,2856,2898,9273,9273,9273,9273,9273,9273,TRUE,TRUE
2948,33.7366646106797,115.709911115242,3903.66646342647,9056,1683,9273,9273,9273,9273,9273,9273,TRUE,TRUE
2949,19.2794828265905,4.29573118686676,82.8194756448471,8557,9116,9273,9273,9273,9273,9273,9273,TRUE,TRUE
2950,24.1076664054348,57.5812735611948,1388.15013421337,1528,4565,9273,9273,9273,9273,9273,9273,TRUE,TRUE
2951,33.3730440339969,37.7082028061379,1258.43751269213,3454,4902,9273,9273,9273,9273,9273,9273,TRUE,TRUE
2952,72.9073575185758,102.016220979182,7437.73309562328,5409,674,9273,9273,9273,9273,9273,9273,TRUE,TRUE
2953,46.6358220750007,106.122695176498,4949.11913037069,6832,1221,9273,9273,9273,9273,9273,9273,TRUE,TRUE
2954,14.730086773634,84.3872096538544,1243.03092078612,4551,4945,9273,9273,9273,9273,9273,9273,TRUE,TRUE
2955,20.1602750538774,20.0749294627065,404.716099655349,3822,7902,9273,9273,9273,9273,9273,9273,TRUE,TRUE
2956,4.37792471972379,14.64888233705,64.1317040996964,1161,9172,9273,9273,9273,9273,9273,9273,TRUE,TRUE
2957,19.3027609114679,15.6666553324501,302.409702164658,79,8361,9273,9273,9273,9273,9273,9273,TRUE,TRUE
2958,21.6055226750758,18.5069361884019,399.852029464696,6347,7922,9273,9273,9273,9273,9273,9273,TRUE,TRUE
2959,65.969260144686,79.1831549228368,5223.6541461816,1936,1134,9273,9273,9273,9273,9273,9273,TRUE,TRUE
2960,36.6808404502322,58.3144664217214,2139.02363875558,6917,3192,9273,9273,9273,9273,9273,9273,TRUE,TRUE
2961,115.401697347637,171.29479768622,19767.71039981,8821,119,9273,9273,9273,9273,9273,9273,TRUE,TRUE
2962,8.55986057009016,1.1818949835641,10.1168562677977,1628,9247,9273,9273,9273,9273,9273,9273,TRUE,TRUE
2963,59.5451795988754,103.246796025396,6147.84901234067,1700,900,9273,9273,9273,9273,9273,9273,TRUE,TRUE
2964,20.2130577925306,17.660227809961,356.967205351998,2285,8124,9273,9273,9273,9273,9273,9273,TRUE,TRUE
2965,10.988390619315,58.3514702898785,641.188748756538,1490,6916,9273,9273,9273,9273,9273,9273,TRUE,TRUE
2966,62.2283755220133,69.0288312059974,4295.55203013247,3098,1481,9273,9273,9273,9273,9273,9273,TRUE,TRUE
2967,37.5637550952875,55.1349482197332,2071.07569211742,2213,3273,9273,9273,9273,9273,9273,9273,TRUE,TRUE
2968,28.7331036015561,92.2719463950709,2651.2593952868,6905,2580,9273,9273,9273,9273,9273,9273,TRUE,TRUE
2969,18.7105209276411,60.5856489096748,1133.58905183919,6557,5269,9273,9273,9273,9273,9273,9273,TRUE,TRUE
2970,66.0037540600712,95.5021161817966,6303.49818867965,5008,861,9273,9273,9273,9273,9273,9273,TRUE,TRUE
2971,19.2827665599312,63.5401880834985,1225.23061398823,3453,5000,9273,9273,9273,9273,9273,9273,TRUE,TRUE
2972,13.7382724915919,166.401165183884,2286.0645502146,1310,3006,9273,9273,9273,9273,9273,9273,TRUE,TRUE
2973,16.8175505027175,10.8719218820333,182.839095312695,8979,8817,9273,9273,9273,9273,9273,9273,TRUE,TRUE
2974,41.8750820261008,94.3677482166897,3951.65719719231,3178,1657,9273,9273,9273,9273,9273,9273,TRUE,TRUE
2975,51.3380057438826,44.2807063567333,2273.28315728515,6801,3016,9273,9273,9273,9273,9273,9273,TRUE,TRUE
2976,30.1379388804412,31.2509681471628,941.839767973807,6290,5823,9273,9273,9273,9273,9273,9273,TRUE,TRUE
2977,50.9848038859913,43.416383511026,2213.57579874865,3469,3100,9273,9273,9273,9273,9273,9273,TRUE,TRUE
2978,21.9635198243702,118.555812005778,2603.90292728322,436,2635,9273,9273,9273,9273,9273,9273,TRUE,TRUE
2979,27.9519267913756,38.5171790902556,1076.62937014113,1425,5428,9273,9273,9273,9273,9273,9273,TRUE,TRUE
2980,19.8065675020218,29.0200324773788,574.787232174069,56,7183,9273,9273,9273,9273,9273,9273,TRUE,TRUE
2981,33.0595415646268,95.2245308566339,3148.07933582698,4660,2157,9273,9273,9273,9273,9273,9273,TRUE,TRUE
2982,20.0728642809391,28.460005812645,571.27383411196,5083,7201,9273,9273,9273,9273,9273,9273,TRUE,TRUE
2983,30.1012550266441,40.5723390274657,1221.27832409321,4778,5006,9273,9273,9273,9273,9273,9273,TRUE,TRUE
2984,29.3271634180252,26.1675569220765,767.420218104214,7132,6444,9273,9273,9273,9273,9273,9273,TRUE,TRUE
2985,13.9931902440142,22.6827390277432,317.403882470536,1986,8307,9273,9273,9273,9273,9273,9273,TRUE,TRUE
2986,46.6381388080787,43.2754945310747,2018.28852092851,8189,3340,9273,9273,9273,9273,9273,9273,TRUE,TRUE
2987,48.0298535459667,133.685220954741,6420.88158371641,5211,828,9273,9273,9273,9273,9273,9273,TRUE,TRUE
2988,18.800399430454,46.4436298478639,873.158792139998,8789,6077,9273,9273,9273,9273,9273,9273,TRUE,TRUE
2989,18.0423224806558,77.8433150953362,1404.47419391336,3733,4521,9273,9273,9273,9273,9273,9273,TRUE,TRUE
2990,6.53738014937093,14.8873771393525,97.3244437870018,870,9076,9273,9273,9273,9273,9273,9273,TRUE,TRUE
2991,74.9470575277283,144.529220913205,10832.0398342197,8970,362,9273,9273,9273,9273,9273,9273,TRUE,TRUE
2992,18.5365265543147,44.1239904802899,817.905521220221,1469,6247,9273,9273,9273,9273,9273,9273,TRUE,TRUE
2993,80.5961404942549,21.2950677504906,1716.30027225322,842,3856,9273,9273,9273,9273,9273,9273,TRUE,TRUE
2994,23.004585008653,64.6908694932147,1488.18660654033,7935,4328,9273,9273,9273,9273,9273,9273,TRUE,TRUE
2995,14.8450376683302,25.9904466734992,385.829159884823,5128,7991,9273,9273,9273,9273,9273,9273,TRUE,TRUE
2996,8.24900902538765,23.4941815353021,193.803715528803,4771,8772,9273,9273,9273,9273,9273,9273,TRUE,TRUE
2997,54.0325828376391,14.208516939312,767.722868523375,6901,6442,9273,9273,9273,9273,9273,9273,TRUE,TRUE
2998,19.0853146266937,22.910554599762,437.255142808502,2906,7746,9273,9273,9273,9273,9273,9273,TRUE,TRUE
2999,56.5901392674914,96.0845698228403,5437.43918773153,8585,1083,9273,9273,9273,9273,9273,9273,TRUE,TRUE
3000,40.0580795911025,91.4965178621337,3665.17479483008,7777,1808,9273,9273,9273,9273,9273,9273,TRUE,TRUE
3001,30.2141320379309,57.636176187579,1741.42703749296,6544,3801,9273,9273,9273,9273,9273,9273,TRUE,TRUE
3002,19.7815402348836,39.3522382511812,778.447884298468,6750,6387,9273,9273,9273,9273,9273,9273,TRUE,TRUE
3003,15.3478581670731,27.8401672605484,427.286938462489,1483,7791,9273,9273,9273,9273,9273,9273,TRUE,TRUE
3004,58.9726861679434,62.5421496617754,3688.27856427243,6723,1795,9273,9273,9273,9273,9273,9273,TRUE,TRUE
3005,26.3664821549541,54.4277374886331,1435.06796922857,8711,4450,9273,9273,9273,9273,9273,9273,TRUE,TRUE
3006,58.054412377786,80.3883572620682,4666.8988428649,2972,1327,9273,9273,9273,9273,9273,9273,TRUE,TRUE
3007,45.0620192386189,69.7727684400329,3144.10183377646,6381,2162,9273,9273,9273,9273,9273,9273,TRUE,TRUE
3008,28.3316995891823,12.6634799647452,358.77791011479,8196,8118,9273,9273,9273,9273,9273,9273,TRUE,TRUE
3009,65.8610580520354,64.4151583961819,4242.45048656199,8775,1515,9273,9273,9273,9273,9273,9273,TRUE,TRUE
3010,41.869667104889,67.4042763936062,2822.19461404622,8437,2424,9273,9273,9273,9273,9273,9273,TRUE,TRUE
3011,28.1823258981472,19.1024881533491,538.352546603181,6375,7347,9273,9273,9273,9273,9273,9273,TRUE,TRUE
3012,56.7814742632753,156.228749377517,8870.89871196319,2169,508,9273,9273,9273,9273,9273,9273,TRUE,TRUE
3013,39.2688311415525,63.6657871322252,2500.08104438938,4401,2744,9273,9273,9273,9273,9273,9273,TRUE,TRUE
3014,41.1605912543632,34.8474318433452,1434.34089836821,4534,4452,9273,9273,9273,9273,9273,9273,TRUE,TRUE
3015,9.35303742401445,27.0947338703492,253.418059883088,4644,8539,9273,9273,9273,9273,9273,9273,TRUE,TRUE
3016,14.20302079916,38.5661144256592,547.755325330422,2975,7300,9273,9273,9273,9273,9273,9273,TRUE,TRUE
3017,13.629214742935,25.5888192056131,348.75551197144,8793,8155,9273,9273,9273,9273,9273,9273,TRUE,TRUE
3018,36.4130386342116,56.4858108739384,2056.82001363749,8165,3293,9273,9273,9273,9273,9273,9273,TRUE,TRUE
3019,64.8069307250816,42.2336331540522,2737.03213808317,5910,2507,9273,9273,9273,9273,9273,9273,TRUE,TRUE
3020,46.98810084786,44.9992949906297,2114.43141110231,7486,3216,9273,9273,9273,9273,9273,9273,TRUE,TRUE
3021,22.6161257193776,9.80110831385695,221.663097815426,669,8668,9273,9273,9273,9273,9273,9273,TRUE,TRUE
3022,26.5765467294833,26.4371668001501,702.608598859331,782,6692,9273,9273,9273,9273,9273,9273,TRUE,TRUE
3023,23.4679808081153,52.4778449726615,1231.54905866967,5250,4980,9273,9273,9273,9273,9273,9273,TRUE,TRUE
3024,15.040782122612,35.9186569976807,540.244694038948,3088,7335,9273,9273,9273,9273,9273,9273,TRUE,TRUE
3025,30.4569211433674,56.7409208100418,1728.15375071349,2147,3828,9273,9273,9273,9273,9273,9273,TRUE,TRUE
3026,66.7363521580831,40.363423646569,2693.70765478332,8162,2535,9273,9273,9273,9273,9273,9273,TRUE,TRUE
3027,22.6926798240367,24.2475664721752,550.24226246512,7656,7292,9273,9273,9273,9273,9273,9273,TRUE,TRUE
3028,15.3161489024995,41.2471079357087,631.746846940782,6132,6958,9273,9273,9273,9273,9273,9273,TRUE,TRUE
3029,29.3671605658711,39.4857521917587,1159.58442467957,5299,5203,9273,9273,9273,9273,9273,9273,TRUE,TRUE
3030,68.3993396307801,285.790306997971,19547.8682715391,5489,125,9273,9273,9273,9273,9273,9273,TRUE,TRUE
3031,55.9048866245644,63.9319528782538,3574.10857734578,5027,1874,9273,9273,9273,9273,9273,9273,TRUE,TRUE
3032,28.1467713609387,37.1592918496714,1045.91409162709,8273,5515,9273,9273,9273,9273,9273,9273,TRUE,TRUE
3033,39.1366297343198,73.5533172607422,2878.62894336462,5661,2378,9273,9273,9273,9273,9273,9273,TRUE,TRUE
3034,51.3694802981726,111.264057618491,5715.5768157278,7083,1001,9273,9273,9273,9273,9273,9273,TRUE,TRUE
3035,41.6671175103988,72.5128970180985,3021.40340107256,2699,2246,9273,9273,9273,9273,9273,9273,TRUE,TRUE
3036,19.6407325739241,38.9608768096751,765.22016226443,4008,6456,9273,9273,9273,9273,9273,9273,TRUE,TRUE
3037,14.2141203689575,21.8413877487183,310.456114485356,7823,8331,9273,9273,9273,9273,9273,9273,TRUE,TRUE
3038,22.0722620250942,54.0083243395831,1192.08588635955,5926,5099,9273,9273,9273,9273,9273,9273,TRUE,TRUE
3039,75.2942886088297,103.549552802175,7796.6899140022,7504,629,9273,9273,9273,9273,9273,9273,TRUE,TRUE
3040,79.7453583511971,140.388893513791,11195.3626217853,1797,328,9273,9273,9273,9273,9273,9273,TRUE,TRUE
3041,25.9721511478594,29.701398003349,771.409198245708,4925,6429,9273,9273,9273,9273,9273,9273,TRUE,TRUE
3042,13.783822716607,21.948885567983,302.539547496171,827,8359,9273,9273,9273,9273,9273,9273,TRUE,TRUE
3043,15.0561531032631,58.3968090811176,879.23129826733,8172,6053,9273,9273,9273,9273,9273,9273,TRUE,TRUE
3044,31.0942218141858,16.563795400421,515.038328265481,5522,7445,9273,9273,9273,9273,9273,9273,TRUE,TRUE
3045,19.190431273611,20.7936828412508,399.039741490287,3749,7926,9273,9273,9273,9273,9273,9273,TRUE,TRUE
3046,61.8275296401978,65.9314880561829,4076.38103201599,7226,1592,9273,9273,9273,9273,9273,9273,TRUE,TRUE
3047,15.9894466010315,13.7535760639968,219.912070048502,8021,8674,9273,9273,9273,9273,9273,9273,TRUE,TRUE
3048,22.9695769144317,82.9554527088747,1905.451651468,5380,3515,9273,9273,9273,9273,9273,9273,TRUE,TRUE
3049,34.8349164434239,35.4922065734863,1236.36805038014,216,4962,9273,9273,9273,9273,9273,9273,TRUE,TRUE
3050,22.0232974187726,63.5523126480076,1399.63148309789,8136,4536,9273,9273,9273,9273,9273,9273,TRUE,TRUE
3051,25.9914959279074,178.263628577307,4633.33837626107,7781,1337,9273,9273,9273,9273,9273,9273,TRUE,TRUE
3052,15.8310461990264,39.7405116432592,629.133875797381,4266,6967,9273,9273,9273,9273,9273,9273,TRUE,TRUE
3053,56.4674374901145,69.0017578564164,3896.35244846521,1706,1688,9273,9273,9273,9273,9273,9273,TRUE,TRUE
3054,17.0622053102005,107.211846462516,1829.27053602914,7064,3648,9273,9273,9273,9273,9273,9273,TRUE,TRUE
3055,118.007709080411,113.161866065153,13353.972569613,6102,252,9273,9273,9273,9273,9273,9273,TRUE,TRUE
3056,18.9854490828514,53.8398349380493,1022.17344484546,94,5576,9273,9273,9273,9273,9273,9273,TRUE,TRUE
3057,9.69801126599312,49.2067843723297,477.207949206148,6838,7594,9273,9273,9273,9273,9273,9273,TRUE,TRUE
3058,13.8923423957825,23.2669452571869,323.232370016767,1757,8281,9273,9273,9273,9273,9273,9273,TRUE,TRUE
3059,31.5815904992651,55.1346303487877,1741.23931800377,8281,3802,9273,9273,9273,9273,9273,9273,TRUE,TRUE
3060,37.4527084694441,62.9811911677934,2358.81619186569,2834,2920,9273,9273,9273,9273,9273,9273,TRUE,TRUE
3061,53.5490250322554,132.466262216921,7093.43919138322,2458,721,9273,9273,9273,9273,9273,9273,TRUE,TRUE
3062,36.9846177679593,68.314377784729,2526.58115042418,7789,2717,9273,9273,9273,9273,9273,9273,TRUE,TRUE
3063,14.296468227788,24.5540405808834,351.036061028417,596,8139,9273,9273,9273,9273,9273,9273,TRUE,TRUE
3064,16.1015767021851,41.3578775275646,665.927037249661,2592,6831,9273,9273,9273,9273,9273,9273,TRUE,TRUE
3065,22.9213801247733,63.5919292813256,1457.61478392497,992,4404,9273,9273,9273,9273,9273,9273,TRUE,TRUE
3066,56.7173274581631,44.8797556509574,2545.4597974977,6077,2696,9273,9273,9273,9273,9273,9273,TRUE,TRUE
3067,25.772001893276,23.2973424958677,600.419154911803,3429,7091,9273,9273,9273,9273,9273,9273,TRUE,TRUE
3068,5.70657497644424,19.4558029174805,111.025998075525,3477,9039,9273,9273,9273,9273,9273,9273,TRUE,TRUE
3069,40.9184897136326,79.1658324433824,3239.3463005057,4063,2089,9273,9273,9273,9273,9273,9273,TRUE,TRUE
3070,46.6480577754974,30.4455769300461,1420.22703164114,2237,4485,9273,9273,9273,9273,9273,9273,TRUE,TRUE
3071,6.20718173287873,24.999254544576,155.174916144678,6383,8921,9273,9273,9273,9273,9273,9273,TRUE,TRUE
3072,10.4274985301189,11.8142844469119,123.193433704581,6109,9017,9273,9273,9273,9273,9273,9273,TRUE,TRUE
3073,8.05577595710754,0.840053486824036,6.76728268184143,957,9250,9273,9273,9273,9273,9273,9273,TRUE,TRUE
3074,38.8658868316004,36.2306440866667,1408.13611290838,137,4514,9273,9273,9273,9273,9273,9273,TRUE,TRUE
3075,12.434170014718,24.1084941029549,299.769114474967,8041,8371,9273,9273,9273,9273,9273,9273,TRUE,TRUE
3076,19.1532932487694,30.2951200889038,580.251319069458,1479,7166,9273,9273,9273,9273,9273,9273,TRUE,TRUE
3077,49.3721481990814,14.7391192054749,727.701977736632,9082,6586,9273,9273,9273,9273,9273,9273,TRUE,TRUE
3078,28.7918137919476,43.8785957331171,1263.34435780005,7418,4891,9273,9273,9273,9273,9273,9273,TRUE,TRUE
3079,19.3908273168743,39.9992937400202,775.619397709665,8771,6401,9273,9273,9273,9273,9273,9273,TRUE,TRUE
3080,4.71584756970406,26.627151222229,125.569586379491,4149,9012,9273,9273,9273,9273,9273,9273,TRUE,TRUE
3081,22.4564193297946,34.4062385861836,772.640921252299,6757,6422,9273,9273,9273,9273,9273,9273,TRUE,TRUE
3082,29.8886712358353,27.5684847730271,823.98537785114,3589,6230,9273,9273,9273,9273,9273,9273,TRUE,TRUE
3083,36.3711396989779,16.9669456438781,617.107150278455,923,7028,9273,9273,9273,9273,9273,9273,TRUE,TRUE
3084,54.2727533694917,61.1172983414304,3317.0040594941,3641,2050,9273,9273,9273,9273,9273,9273,TRUE,TRUE
3085,45.3091373226859,52.5836937355273,2382.52180039707,6805,2893,9273,9273,9273,9273,9273,9273,TRUE,TRUE
3086,21.6776227536409,40.2133708276611,871.730282454304,4740,6083,9273,9273,9273,9273,9273,9273,TRUE,TRUE
3087,20.7780015982834,24.5077957078522,509.223018388156,3601,7466,9273,9273,9273,9273,9273,9273,TRUE,TRUE
3088,53.7673694484836,42.1145636327974,2264.38930200629,6205,3024,9273,9273,9273,9273,9273,9273,TRUE,TRUE
3089,50.6699635197566,130.87600702139,6631.48250138527,896,796,9273,9273,9273,9273,9273,9273,TRUE,TRUE
3090,86.9035777530155,46.5503835420351,4045.39487557794,864,1609,9273,9273,9273,9273,9273,9273,TRUE,TRUE
3091,51.6522407326911,40.9660762839301,2115.98963409135,7740,3215,9273,9273,9273,9273,9273,9273,TRUE,TRUE
3092,58.5533331689381,37.6154566230355,2202.51036395033,8647,3112,9273,9273,9273,9273,9273,9273,TRUE,TRUE
3093,35.6295582861176,22.7506106311738,810.594207528175,5088,6274,9273,9273,9273,9273,9273,9273,TRUE,TRUE
3094,30.9997701540589,36.8159903883934,1141.28724003424,5911,5252,9273,9273,9273,9273,9273,9273,TRUE,TRUE
3095,14.8965276896954,21.5104675531387,320.431275523625,6129,8292,9273,9273,9273,9273,9273,9273,TRUE,TRUE
3096,18.3910941784199,22.5189169125679,414.147521735048,3281,7851,9273,9273,9273,9273,9273,9273,TRUE,TRUE
3097,51.4225453694662,37.190261613755,1912.41791513563,2308,3501,9273,9273,9273,9273,9273,9273,TRUE,TRUE
3098,25.6296043862467,90.3832437370134,2316.48678012537,4342,2966,9273,9273,9273,9273,9273,9273,TRUE,TRUE
3099,26.8316191500566,54.1795426766704,1453.72485482466,4430,4410,9273,9273,9273,9273,9273,9273,TRUE,TRUE
3100,42.6208287232759,21.8569110497734,931.559662272267,2977,5869,9273,9273,9273,9273,9273,9273,TRUE,TRUE
3101,13.9892097466613,52.911713865794,740.193063323917,1951,6539,9273,9273,9273,9273,9273,9273,TRUE,TRUE
3102,12.1449241834144,58.8979082238184,715.310629939975,7807,6645,9273,9273,9273,9273,9273,9273,TRUE,TRUE
3103,36.7002397268832,46.9491220805459,1723.04403532274,5890,3839,9273,9273,9273,9273,9273,9273,TRUE,TRUE
3104,11.4846758209841,32.4405328117123,372.569002802514,4260,8044,9273,9273,9273,9273,9273,9273,TRUE,TRUE
3105,12.9970041741439,29.684958581716,385.815530595851,3171,7992,9273,9273,9273,9273,9273,9273,TRUE,TRUE
3106,29.8282165973241,19.6751082544108,586.873390588366,1820,7144,9273,9273,9273,9273,9273,9273,TRUE,TRUE
3107,51.6049823726433,57.909713341994,2988.42973621843,7284,2282,9273,9273,9273,9273,9273,9273,TRUE,TRUE
3108,77.6864956774339,124.714280185386,9688.61538853623,8766,436,9273,9273,9273,9273,9273,9273,TRUE,TRUE
3109,19.6874351326157,38.614767053548,760.225721527793,6877,6478,9273,9273,9273,9273,9273,9273,TRUE,TRUE
3110,8.88548851198004,42.9893597336703,381.981462050905,8784,8008,9273,9273,9273,9273,9273,9273,TRUE,TRUE
3111,54.6739989689418,82.037334594406,4485.30914702929,1596,1403,9273,9273,9273,9273,9273,9273,TRUE,TRUE
3112,15.0475281158723,53.5616056002103,805.969766200431,3092,6296,9273,9273,9273,9273,9273,9273,TRUE,TRUE
3113,25.9173373239381,25.6582077911922,664.992426452025,5385,6832,9273,9273,9273,9273,9273,9273,TRUE,TRUE
3114,43.685400352478,92.5332264947891,4042.35104533139,2190,1611,9273,9273,9273,9273,9273,9273,TRUE,TRUE
3115,37.0326847116998,58.4192356840093,2163.4211361844,2861,3155,9273,9273,9273,9273,9273,9273,TRUE,TRUE
3116,54.5529827770751,33.8398429497559,1846.06436961696,7649,3617,9273,9273,9273,9273,9273,9273,TRUE,TRUE
3117,66.5160841859008,115.582292589893,7688.08150430873,8582,639,9273,9273,9273,9273,9273,9273,TRUE,TRUE
3118,9.85334882736206,16.8647205400467,166.173974357058,2789,8878,9273,9273,9273,9273,9273,9273,TRUE,TRUE
3119,14.8476470491243,18.48602385748,274.473957577554,5297,8460,9273,9273,9273,9273,9273,9273,TRUE,TRUE
3120,46.5867064254364,46.7007948790851,2175.63622086646,3139,3142,9273,9273,9273,9273,9273,9273,TRUE,TRUE
3121,31.7359133124911,43.669869024429,1385.90317772712,8027,4577,9273,9273,9273,9273,9273,9273,TRUE,TRUE
3122,26.9374703086466,69.4472762077086,1870.73394086153,358,3585,9273,9273,9273,9273,9273,9273,TRUE,TRUE
3123,25.3258507075133,17.9489560999252,454.572582542417,6188,7677,9273,9273,9273,9273,9273,9273,TRUE,TRUE
3124,60.8548052224768,52.517396291097,3195.93592208634,3418,2117,9273,9273,9273,9273,9273,9273,TRUE,TRUE
3125,10.8066355110942,25.1979291611824,272.30483607927,7775,8469,9273,9273,9273,9273,9273,9273,TRUE,TRUE
3126,20.8561425500987,29.9239875637755,624.098950297481,8217,6989,9273,9273,9273,9273,9273,9273,TRUE,TRUE
3127,60.560434666867,118.58604926902,7181.62268915838,1623,709,9273,9273,9273,9273,9273,9273,TRUE,TRUE
3128,59.1475392288405,522.321196543812,30894.01346263,8975,45,9273,9273,9273,9273,9273,9273,TRUE,TRUE
3129,14.3952771941608,12.8097625773221,184.400083091939,9043,8812,9273,9273,9273,9273,9273,9273,TRUE,TRUE
3130,26.5925726389169,77.4282808876856,2059.01718381224,7542,3288,9273,9273,9273,9273,9273,9273,TRUE,TRUE
3131,47.9861734029159,79.0212306698549,3791.92647743547,4090,1736,9273,9273,9273,9273,9273,9273,TRUE,TRUE
3132,27.2233863572897,63.0395920676474,1716.1511706635,1682,3858,9273,9273,9273,9273,9273,9273,TRUE,TRUE
3133,56.2463850706396,177.296731330979,9972.30022220798,8731,416,9273,9273,9273,9273,9273,9273,TRUE,TRUE
3134,21.0952876962934,63.4804369790214,1339.13808115888,8065,4696,9273,9273,9273,9273,9273,9273,TRUE,TRUE
3135,39.9086707311895,72.1961637462736,2881.25292700508,3560,2373,9273,9273,9273,9273,9273,9273,TRUE,TRUE
3136,19.0473381147028,45.5556590353104,867.714040683671,8469,6095,9273,9273,9273,9273,9273,9273,TRUE,TRUE
3137,56.6251585164408,27.5808698173583,1561.77112542923,1085,4139,9273,9273,9273,9273,9273,9273,TRUE,TRUE
3138,23.7930308527248,16.0519750634576,381.925137932016,6142,8009,9273,9273,9273,9273,9273,9273,TRUE,TRUE
3139,39.2320950350117,55.9468278034658,2194.911265293,3923,3120,9273,9273,9273,9273,9273,9273,TRUE,TRUE
3140,56.9818272060818,131.689859994876,7503.92884702112,270,665,9273,9273,9273,9273,9273,9273,TRUE,TRUE
3141,27.3057924433645,12.1070131738502,330.591588834233,5467,8244,9273,9273,9273,9273,9273,9273,TRUE,TRUE
3142,45.4576160143701,78.8698838806521,3585.23689654464,3120,1866,9273,9273,9273,9273,9273,9273,TRUE,TRUE
3143,35.7857142586149,78.6851981939997,2815.80601895296,1708,2429,9273,9273,9273,9273,9273,9273,TRUE,TRUE
3144,17.862914411748,20.7613975493634,370.859067492555,3891,8055,9273,9273,9273,9273,9273,9273,TRUE,TRUE
3145,20.6909881791258,16.1222437316296,333.585154472134,2623,8232,9273,9273,9273,9273,9273,9273,TRUE,TRUE
3146,54.7482145690918,33.6530615901947,1842.44503684684,4886,3625,9273,9273,9273,9273,9273,9273,TRUE,TRUE
3147,63.8115071107785,30.9865810467412,1977.30043680284,746,3391,9273,9273,9273,9273,9273,9273,TRUE,TRUE
3148,10.5585093553676,22.8710898613745,241.484616268776,1397,8594,9273,9273,9273,9273,9273,9273,TRUE,TRUE
3149,87.3275628630648,389.881599006784,34047.4098464171,3208,36,9273,9273,9273,9273,9273,9273,TRUE,TRUE
3150,39.6676260120777,43.9850789545305,1744.78366208003,2335,3796,9273,9273,9273,9273,9273,9273,TRUE,TRUE
3151,48.6423486337823,59.9384457701344,2915.54677571793,129,2340,9273,9273,9273,9273,9273,9273,TRUE,TRUE
3152,11.1599757997252,19.1012914643871,213.169950486058,4484,8698,9273,9273,9273,9273,9273,9273,TRUE,TRUE
3153,39.1318815804046,165.24373927842,6466.29843734639,8830,820,9273,9273,9273,9273,9273,9273,TRUE,TRUE
3154,19.3940724549086,53.7623527646065,1042.67096486313,7420,5521,9273,9273,9273,9273,9273,9273,TRUE,TRUE
3155,15.1562735519626,15.9245744185014,241.357206085393,3115,8595,9273,9273,9273,9273,9273,9273,TRUE,TRUE
3156,19.2120235510103,26.948170424228,517.728884846907,525,7435,9273,9273,9273,9273,9273,9273,TRUE,TRUE
3157,9.87455081515213,52.2267153114523,515.715354251419,5446,7443,9273,9273,9273,9273,9273,9273,TRUE,TRUE
3158,24.8951175151727,39.2286278651311,976.601300661417,3593,5720,9273,9273,9273,9273,9273,9273,TRUE,TRUE
3159,64.2101614122983,104.631952298019,6718.43454593972,6461,780,9273,9273,9273,9273,9273,9273,TRUE,TRUE
3160,25.8231448147309,12.1283341452713,313.191728994788,1311,8325,9273,9273,9273,9273,9273,9273,TRUE,TRUE
3161,103.47768759173,60.251229045003,6234.65785613659,3419,880,9273,9273,9273,9273,9273,9273,TRUE,TRUE
3162,43.6982492067312,64.0005293378705,2796.71108036897,7913,2440,9273,9273,9273,9273,9273,9273,TRUE,TRUE
3163,10.5710272443082,8.8528436252049,93.5836511516409,8071,9087,9273,9273,9273,9273,9273,9273,TRUE,TRUE
3164,30.9677845974491,45.3329027929263,1403.85956886844,8593,4524,9273,9273,9273,9273,9273,9273,TRUE,TRUE
3165,137.545050967214,281.818291719959,38762.7112981151,779,27,9273,9273,9273,9273,9273,9273,TRUE,TRUE
3166,62.6700727191903,62.1642269664968,3895.8366245226,8525,1689,9273,9273,9273,9273,9273,9273,TRUE,TRUE
3167,28.2950794219971,43.5300464630127,1231.68612191417,8589,4979,9273,9273,9273,9273,9273,9273,TRUE,TRUE
3168,30.7549759187655,50.2846498881301,1546.50319639299,1486,4182,9273,9273,9273,9273,9273,9273,TRUE,TRUE
3169,36.8347456969467,34.5127910269112,1271.26988076814,7679,4870,9273,9273,9273,9273,9273,9273,TRUE,TRUE
3170,56.5901649374711,6.49802226769297,367.724151896105,4707,8076,9273,9273,9273,9273,9273,9273,TRUE,TRUE
3171,48.3445889346901,45.71870334121,2210.25191965784,1304,3105,9273,9273,9273,9273,9273,9273,TRUE,TRUE
3172,16.4000580596924,15.3246203184128,251.324662964711,6482,8546,9273,9273,9273,9273,9273,9273,TRUE,TRUE
3173,28.6723603057861,25.8634692525864,741.566709167777,3423,6537,9273,9273,9273,9273,9273,9273,TRUE,TRUE
3174,44.9218314859365,191.269400579512,8592.17178124893,8329,534,9273,9273,9273,9273,9273,9273,TRUE,TRUE
3175,20.6695156907258,32.9823478097501,681.729155570605,2914,6763,9273,9273,9273,9273,9273,9273,TRUE,TRUE
3176,48.4620500589774,75.8614640739875,3676.4020695009,8055,1799,9273,9273,9273,9273,9273,9273,TRUE,TRUE
3177,76.8989723257785,105.184583512782,8088.58637664793,1798,590,9273,9273,9273,9273,9273,9273,TRUE,TRUE
3178,46.841808615836,49.28445772654,2308.57313656184,8318,2974,9273,9273,9273,9273,9273,9273,TRUE,TRUE
3179,40.468168071672,23.7091776623445,959.466986480891,3410,5776,9273,9273,9273,9273,9273,9273,TRUE,TRUE
3180,28.9421899589901,45.0042603869997,1302.5218530844,7080,4782,9273,9273,9273,9273,9273,9273,TRUE,TRUE
3181,14.3030020195049,14.5184250716325,207.65706311959,7957,8728,9273,9273,9273,9273,9273,9273,TRUE,TRUE
3182,46.6457036155643,77.4098906661525,3610.83881692659,445,1848,9273,9273,9273,9273,9273,9273,TRUE,TRUE
3183,41.5993589728002,49.1679056460164,2045.35335690941,7854,3308,9273,9273,9273,9273,9273,9273,TRUE,TRUE
3184,78.1998684215546,109.563320236206,8567.83722629996,8697,542,9273,9273,9273,9273,9273,9273,TRUE,TRUE
3185,40.1124517631531,12.1171498775482,486.048589970049,1871,7555,9273,9273,9273,9273,9273,9273,TRUE,TRUE
3186,27.1955558430065,53.0414274735884,1442.49110285075,3299,4427,9273,9273,9273,9273,9273,9273,TRUE,TRUE
3187,16.9358657567771,41.923970967224,710.018744291928,7568,6669,9273,9273,9273,9273,9273,9273,TRUE,TRUE
3188,10.5246616137028,30.0637242078781,316.410524135602,5148,8310,9273,9273,9273,9273,9273,9273,TRUE,TRUE
3189,15.1666980359865,39.3878736599632,597.383986080249,8247,7101,9273,9273,9273,9273,9273,9273,TRUE,TRUE
3190,24.7490579583824,61.8434814313846,1530.56790629348,4319,4224,9273,9273,9273,9273,9273,9273,TRUE,TRUE
3191,84.4223531264943,53.3367811621593,4502.81657390236,3561,1396,9273,9273,9273,9273,9273,9273,TRUE,TRUE
3192,41.7204807800583,59.9562327067057,2501.40285428482,2960,2739,9273,9273,9273,9273,9273,9273,TRUE,TRUE
3193,23.8629848989797,17.6678619068329,421.607921880012,6068,7820,9273,9273,9273,9273,9273,9273,TRUE,TRUE
3194,19.450262125863,35.9554339726766,699.342615617718,7514,6707,9273,9273,9273,9273,9273,9273,TRUE,TRUE
3195,31.4052667918218,113.085456802123,3551.4789411457,342,1887,9273,9273,9273,9273,9273,9273,TRUE,TRUE
3196,59.1333149501256,83.863068521393,4959.10124355949,5158,1217,9273,9273,9273,9273,9273,9273,TRUE,TRUE
3197,14.2023907421653,47.6738113441577,677.082096878,1661,6782,9273,9273,9273,9273,9273,9273,TRUE,TRUE
3198,17.5618073487584,23.6194620816517,414.800442759269,813,7845,9273,9273,9273,9273,9273,9273,TRUE,TRUE
3199,42.4638026376645,85.201484363561,3617.97901645031,6372,1845,9273,9273,9273,9273,9273,9273,TRUE,TRUE
3200,17.9746852179998,37.942374307106,682.002234593752,1937,6761,9273,9273,9273,9273,9273,9273,TRUE,TRUE
3201,107.14310437041,139.260726502147,14920.8265543187,2654,205,9273,9273,9273,9273,9273,9273,TRUE,TRUE
3202,40.5457986024049,85.1979197768478,3454.41769661592,3768,1947,9273,9273,9273,9273,9273,9273,TRUE,TRUE
3203,77.9724754703699,47.7008074708126,3719.35004043477,5636,1777,9273,9273,9273,9273,9273,9273,TRUE,TRUE
3204,45.892234209038,92.594630937187,4249.37448946882,8603,1513,9273,9273,9273,9273,9273,9273,TRUE,TRUE
3205,27.1467760939931,52.9547773128332,1437.55148281875,5231,4444,9273,9273,9273,9273,9273,9273,TRUE,TRUE
3206,71.7465901613995,126.283730222921,9060.42703635663,7333,491,9273,9273,9273,9273,9273,9273,TRUE,TRUE
3207,48.3615404935721,54.5345659734528,2637.37562062451,6764,2601,9273,9273,9273,9273,9273,9273,TRUE,TRUE
3208,28.096514145167,77.2052929185319,2169.1996045673,5901,3149,9273,9273,9273,9273,9273,9273,TRUE,TRUE
3209,31.2902811725397,59.2544266162692,1854.08766954069,7063,3608,9273,9273,9273,9273,9273,9273,TRUE,TRUE
3210,44.8294687755605,87.4448693627342,3920.10704067966,2144,1675,9273,9273,9273,9273,9273,9273,TRUE,TRUE
3211,18.9142940459995,18.356464068824,347.199559042562,5617,8161,9273,9273,9273,9273,9273,9273,TRUE,TRUE
3212,45.0530596513015,55.6282708048821,2506.2238028711,4751,2733,9273,9273,9273,9273,9273,9273,TRUE,TRUE
3213,41.3255289696358,43.6194836384541,1802.59823474149,2252,3704,9273,9273,9273,9273,9273,9273,TRUE,TRUE
3214,45.9268042826653,30.5728643751144,1404.11395851635,59,4523,9273,9273,9273,9273,9273,9273,TRUE,TRUE
3215,13.8053756489739,64.7244937487581,893.545949891267,3091,6001,9273,9273,9273,9273,9273,9273,TRUE,TRUE
3216,18.093456214788,16.6244497299194,300.793753283242,3020,8367,9273,9273,9273,9273,9273,9273,TRUE,TRUE
3217,55.4929608279188,74.5486116706661,4136.92318721601,4079,1562,9273,9273,9273,9273,9273,9273,TRUE,TRUE
3218,13.6247806815037,35.1619725588308,479.074164443123,3364,7585,9273,9273,9273,9273,9273,9273,TRUE,TRUE
3219,12.2504017817094,61.5390785460504,753.878437465291,4804,6501,9273,9273,9273,9273,9273,9273,TRUE,TRUE
3220,49.7469413799125,79.4844012446218,3954.10584933364,253,1654,9273,9273,9273,9273,9273,9273,TRUE,TRUE
3221,73.9818187620905,81.609990970956,6037.6555611891,8241,927,9273,9273,9273,9273,9273,9273,TRUE,TRUE
3222,26.0899371713551,50.2016351549759,1309.75750709261,7972,4766,9273,9273,9273,9273,9273,9273,TRUE,TRUE
3223,18.0866520550516,22.0620097054376,399.02789317742,4572,7927,9273,9273,9273,9273,9273,9273,TRUE,TRUE
3224,35.5383890392604,50.5351715750165,1795.93858759871,2643,3718,9273,9273,9273,9273,9273,9273,TRUE,TRUE
3225,25.8987159093221,29.5827423396863,766.155039674211,366,6450,9273,9273,9273,9273,9273,9273,TRUE,TRUE
3226,43.8575580659902,87.4555216120474,3835.58561729183,5871,1716,9273,9273,9273,9273,9273,9273,TRUE,TRUE
3227,22.2329172094663,49.6395300499598,1103.63156191757,1698,5360,9273,9273,9273,9273,9273,9273,TRUE,TRUE
3228,48.2936447335088,43.4033024440749,2096.10366849519,4840,3239,9273,9273,9273,9273,9273,9273,TRUE,TRUE
3229,37.0067991418693,41.9249839018319,1551.5094582812,6091,4167,9273,9273,9273,9273,9273,9273,TRUE,TRUE
3230,32.1086194171355,42.450287433771,1363.02012335896,6150,4640,9273,9273,9273,9273,9273,9273,TRUE,TRUE
3231,38.0280672351256,36.3129836202457,1380.91258261872,8158,4593,9273,9273,9273,9273,9273,9273,TRUE,TRUE
3232,15.2167581933216,37.9618256855937,577.655922034704,5078,7177,9273,9273,9273,9273,9273,9273,TRUE,TRUE
3233,17.3153024104334,24.450245934148,423.363402359241,542,7812,9273,9273,9273,9273,9273,9273,TRUE,TRUE
3234,26.4480482056231,55.1156015097562,1457.70008561194,7474,4403,9273,9273,9273,9273,9273,9273,TRUE,TRUE
3235,53.7011566023393,54.5410081863403,2928.91522186413,7629,2334,9273,9273,9273,9273,9273,9273,TRUE,TRUE
3236,34.1140839687614,70.4958614926006,2404.90173840875,164,2867,9273,9273,9273,9273,9273,9273,TRUE,TRUE
3237,11.8532244019745,17.6294543334792,208.965878299092,1508,8721,9273,9273,9273,9273,9273,9273,TRUE,TRUE
3238,26.6279896569539,16.4759719986513,438.72201196835,4159,7743,9273,9273,9273,9273,9273,9273,TRUE,TRUE
3239,33.76597930264,23.2477268477939,784.982263576036,3228,6365,9273,9273,9273,9273,9273,9273,TRUE,TRUE
3240,3.30176674156654,24.8042296491018,81.8977805055831,503,9118,9273,9273,9273,9273,9273,9273,TRUE,TRUE
3241,26.1737699964467,11.2306661465589,293.948872626913,29,8391,9273,9273,9273,9273,9273,9273,TRUE,TRUE
3242,29.5520416791322,47.498716435667,1403.68404781211,4427,4526,9273,9273,9273,9273,9273,9273,TRUE,TRUE
3243,32.5034955129391,37.377117529148,1214.88697189526,5013,5032,9273,9273,9273,9273,9273,9273,TRUE,TRUE
3244,34.6178203519039,55.4404759824551,1919.22843778467,966,3485,9273,9273,9273,9273,9273,9273,TRUE,TRUE
3245,38.6764477910222,43.4130978627248,1679.06441293421,353,3923,9273,9273,9273,9273,9273,9273,TRUE,TRUE
3246,25.0175590404885,48.506509414298,1213.51446312021,7978,5037,9273,9273,9273,9273,9273,9273,TRUE,TRUE
3247,10.2552348021418,23.7160031124949,243.213180486961,3742,8584,9273,9273,9273,9273,9273,9273,TRUE,TRUE
3248,47.3454053439892,153.763381229471,7279.98961137166,7849,692,9273,9273,9273,9273,9273,9273,TRUE,TRUE
3249,26.7000190094113,30.9451644960791,826.236480294672,9181,6222,9273,9273,9273,9273,9273,9273,TRUE,TRUE
3250,67.4976033496857,47.4248729991913,3201.06526660863,8060,2115,9273,9273,9273,9273,9273,9273,TRUE,TRUE
3251,35.0778169370111,33.2107430551783,1164.96036523166,5030,5190,9273,9273,9273,9273,9273,9273,TRUE,TRUE
3252,46.6333858865311,94.0453940505239,4385.65515160896,7511,1435,9273,9273,9273,9273,9273,9273,TRUE,TRUE
3253,28.5938231211442,43.7160838017097,1250.0099677752,4331,4923,9273,9273,9273,9273,9273,9273,TRUE,TRUE
3254,13.5221954563917,20.1492205393516,272.461698427055,4199,8466,9273,9273,9273,9273,9273,9273,TRUE,TRUE
3255,17.7711242002745,15.5786563331882,276.850236570481,4134,8452,9273,9273,9273,9273,9273,9273,TRUE,TRUE
3256,25.4185931467795,68.1927053090688,1733.36263182945,7829,3814,9273,9273,9273,9273,9273,9273,TRUE,TRUE
3257,27.268550997195,39.0451097073762,1064.70356524666,1978,5459,9273,9273,9273,9273,9273,9273,TRUE,TRUE
3258,77.3588915010778,54.1160937239484,4186.36102285308,3316,1539,9273,9273,9273,9273,9273,9273,TRUE,TRUE
3259,7.67889962576132,102.613254243294,787.956879606979,5183,6351,9273,9273,9273,9273,9273,9273,TRUE,TRUE
3260,15.907313298434,40.3221800178289,641.417550419461,3556,6915,9273,9273,9273,9273,9273,9273,TRUE,TRUE
3261,6.56890338791741,22.9784439680311,150.94317843067,3515,8935,9273,9273,9273,9273,9273,9273,TRUE,TRUE
3262,65.9466446927669,61.7292144456496,4070.83457221087,5785,1598,9273,9273,9273,9273,9273,9273,TRUE,TRUE
3263,22.0898628762727,54.9139578615168,1213.04179915432,460,5041,9273,9273,9273,9273,9273,9273,TRUE,TRUE
3264,18.6264307894949,49.5748345876144,923.402225346859,80,5898,9273,9273,9273,9273,9273,9273,TRUE,TRUE
3265,100.454683920476,62.5475813431266,6283.19751381403,8889,868,9273,9273,9273,9273,9273,9273,TRUE,TRUE
3266,40.0735002233627,74.8736873789037,3000.45072790249,8574,2266,9273,9273,9273,9273,9273,9273,TRUE,TRUE
3267,48.9591804721899,53.9790196920696,2642.76856681593,9123,2594,9273,9273,9273,9273,9273,9273,TRUE,TRUE
3268,25.7312376160476,26.0943477877667,671.439863362811,567,6809,9273,9273,9273,9273,9273,9273,TRUE,TRUE
3269,55.5440311187353,102.437203830516,5689.7752372784,7545,1007,9273,9273,9273,9273,9273,9273,TRUE,TRUE
3270,15.062382982857,25.6496136456637,386.344304093301,646,7989,9273,9273,9273,9273,9273,9273,TRUE,TRUE
3271,21.6801055534419,61.6356044461876,1336.26641024354,8018,4708,9273,9273,9273,9273,9273,9273,TRUE,TRUE
3272,25.5312884710901,35.0638133325884,895.22433309077,5855,5994,9273,9273,9273,9273,9273,9273,TRUE,TRUE
3273,16.4893381565368,38.3134180647626,631.762906402638,2967,6957,9273,9273,9273,9273,9273,9273,TRUE,TRUE
3274,25.3768036818504,18.5830038833618,471.577241367137,5662,7619,9273,9273,9273,9273,9273,9273,TRUE,TRUE
3275,16.6746542086968,31.1488274741959,519.395927138571,4636,7427,9273,9273,9273,9273,9273,9273,TRUE,TRUE
3276,30.1173378429536,49.1458025780217,1480.14073980538,9230,4345,9273,9273,9273,9273,9273,9273,TRUE,TRUE
3277,41.1891678704156,28.732484932299,1183.46714521065,1253,5121,9273,9273,9273,9273,9273,9273,TRUE,TRUE
3278,63.8692172145844,44.9555733728409,2871.27728075616,7385,2383,9273,9273,9273,9273,9273,9273,TRUE,TRUE
3279,15.4567608218832,25.1832362499434,389.251259436354,744,7972,9273,9273,9273,9273,9273,9273,TRUE,TRUE
3280,13.6038342761993,12.4480669975281,169.341440493398,6179,8867,9273,9273,9273,9273,9273,9273,TRUE,TRUE
3281,34.4856579143539,64.3045310823343,2217.58406124832,5956,3096,9273,9273,9273,9273,9273,9273,TRUE,TRUE
3282,19.3731975372847,32.0380780245807,620.680014285142,2346,7009,9273,9273,9273,9273,9273,9273,TRUE,TRUE
3283,51.6614251691242,13.8824969945952,717.189579646871,683,6635,9273,9273,9273,9273,9273,9273,TRUE,TRUE
3284,25.7353672367309,12.4549652271516,320.533104041461,7045,8291,9273,9273,9273,9273,9273,9273,TRUE,TRUE
3285,13.386714396421,14.2911828191657,191.311982787209,3557,8783,9273,9273,9273,9273,9273,9273,TRUE,TRUE
3286,42.4026736222177,74.2314199165062,3147.6106712334,871,2160,9273,9273,9273,9273,9273,9273,TRUE,TRUE
3287,3.1565652699231,32.035263566666,101.121400387371,1003,9062,9273,9273,9273,9273,9273,9273,TRUE,TRUE
3288,40.2410508346006,35.6828262213338,1435.91442389491,3130,4448,9273,9273,9273,9273,9273,9273,TRUE,TRUE
3289,57.4302337870086,46.8134708458421,2688.50857505802,3445,2540,9273,9273,9273,9273,9273,9273,TRUE,TRUE
3290,17.508895704664,31.1618722093516,545.609970475607,588,7309,9273,9273,9273,9273,9273,9273,TRUE,TRUE
3291,34.5407015956633,36.1075579130162,1247.18038322162,5805,4931,9273,9273,9273,9273,9273,9273,TRUE,TRUE
3292,28.1358569222995,59.6104924297045,1677.19228606998,4578,3929,9273,9273,9273,9273,9273,9273,TRUE,TRUE
3293,45.2443623423576,40.7935154914856,1845.67659611535,3018,3619,9273,9273,9273,9273,9273,9273,TRUE,TRUE
3294,21.3877555549145,19.8558174610138,424.671370199166,3438,7805,9273,9273,9273,9273,9273,9273,TRUE,TRUE
3295,9.97904387496462,12.7622560110668,127.355112677967,7631,9009,9273,9273,9273,9273,9273,9273,TRUE,TRUE
3296,13.5046245013009,20.1511255199202,272.133383425105,7526,8471,9273,9273,9273,9273,9273,9273,TRUE,TRUE
3297,25.7059795669481,46.1705119469587,1186.85823670405,3591,5112,9273,9273,9273,9273,9273,9273,TRUE,TRUE
3298,15.3570248550839,55.0984575695462,846.148382372306,8510,6158,9273,9273,9273,9273,9273,9273,TRUE,TRUE
3299,41.3672705084633,51.7942660874895,2142.5874160285,6926,3186,9273,9273,9273,9273,9273,9273,TRUE,TRUE
3300,16.556986289365,81.4233300072806,1348.12495856498,6362,4675,9273,9273,9273,9273,9273,9273,TRUE,TRUE
3301,14.3260696854922,34.4666529173898,493.771671520199,605,7526,9273,9273,9273,9273,9273,9273,TRUE,TRUE
3302,35.5191605066173,77.7522221010321,2761.69365655272,3708,2480,9273,9273,9273,9273,9273,9273,TRUE,TRUE
3303,87.5838791413601,56.118937125098,4915.11420670616,9139,1229,9273,9273,9273,9273,9273,9273,TRUE,TRUE
3304,26.0250917938021,36.9031338317722,960.407445450832,409,5772,9273,9273,9273,9273,9273,9273,TRUE,TRUE
3305,75.7747885929911,111.136289201285,8421.32881923687,2843,554,9273,9273,9273,9273,9273,9273,TRUE,TRUE
3306,77.0743188295472,73.3175818196843,5650.90267698176,5577,1020,9273,9273,9273,9273,9273,9273,TRUE,TRUE
3307,67.1046335079052,106.103696132997,7120.04964283889,2936,718,9273,9273,9273,9273,9273,9273,TRUE,TRUE
3308,66.0514630889893,192.448608398438,12711.5121541567,3183,272,9273,9273,9273,9273,9273,9273,TRUE,TRUE
3309,22.1010962615267,75.9504090645463,1678.58730183786,1062,3924,9273,9273,9273,9273,9273,9273,TRUE,TRUE
3310,13.3819128398895,44.5788337402344,596.550067615743,688,7105,9273,9273,9273,9273,9273,9273,TRUE,TRUE
3311,63.1079039361427,173.672324910716,10960.096396832,8183,350,9273,9273,9273,9273,9273,9273,TRUE,TRUE
3312,8.1063167154789,10.0763964321878,81.6824608300361,2685,9119,9273,9273,9273,9273,9273,9273,TRUE,TRUE
3313,17.8110460835118,65.69334570977,1170.06720781679,2469,5174,9273,9273,9273,9273,9273,9273,TRUE,TRUE
3314,20.3579601690072,16.8841817427655,343.727499405498,2483,8173,9273,9273,9273,9273,9273,9273,TRUE,TRUE
3315,36.1388879932206,56.3986427866179,2038.18423463525,7512,3316,9273,9273,9273,9273,9273,9273,TRUE,TRUE
3316,47.8023955125878,43.6099711613063,2084.66108974532,3315,3258,9273,9273,9273,9273,9273,9273,TRUE,TRUE
3317,33.3305517214796,77.2123971400054,2573.53179641437,6629,2662,9273,9273,9273,9273,9273,9273,TRUE,TRUE
3318,23.4468479766087,17.4721941785379,409.667880721966,7483,7876,9273,9273,9273,9273,9273,9273,TRUE,TRUE
3319,16.9992385063171,58.6713776779175,997.368742641131,8086,5641,9273,9273,9273,9273,9273,9273,TRUE,TRUE
3320,20.1505400657654,11.2261935997009,226.213863916812,6295,8652,9273,9273,9273,9273,9273,9273,TRUE,TRUE
3321,27.7078093947434,26.3502434149021,730.1075220452,9268,6572,9273,9273,9273,9273,9273,9273,TRUE,TRUE
3322,21.6178280336015,43.4926463982638,940.216550563907,4308,5836,9273,9273,9273,9273,9273,9273,TRUE,TRUE
3323,31.4276822945957,74.5899317337436,2344.18867690368,8047,2941,9273,9273,9273,9273,9273,9273,TRUE,TRUE
3324,98.2822052341768,230.416379057128,22645.8298558085,3579,90,9273,9273,9273,9273,9273,9273,TRUE,TRUE
3325,52.6286164255743,118.528015907309,6237.96548487016,9133,879,9273,9273,9273,9273,9273,9273,TRUE,TRUE
3326,13.7483516335487,77.4861091753332,1065.30627565803,994,5457,9273,9273,9273,9273,9273,9273,TRUE,TRUE
3327,53.8443070105652,125.935859831056,6780.92910038287,6453,770,9273,9273,9273,9273,9273,9273,TRUE,TRUE
3328,44.9981899936642,57.0510924790813,2567.19589871981,2669,2671,9273,9273,9273,9273,9273,9273,TRUE,TRUE
3329,26.7968401947267,62.9681562494349,1687.34762037269,8662,3907,9273,9273,9273,9273,9273,9273,TRUE,TRUE
3330,12.7167803538785,17.5552481734406,223.246235079472,1363,8662,9273,9273,9273,9273,9273,9273,TRUE,TRUE
3331,17.2366778248722,44.066352594246,759.55752258424,6584,6479,9273,9273,9273,9273,9273,9273,TRUE,TRUE
3332,48.5087821973513,52.9116276475393,2566.67862126183,6275,2674,9273,9273,9273,9273,9273,9273,TRUE,TRUE
3333,31.9980790337851,21.5045391792475,688.103944242689,7363,6742,9273,9273,9273,9273,9273,9273,TRUE,TRUE
3334,40.1815306536806,78.2456998525176,3144.03198714263,2432,2163,9273,9273,9273,9273,9273,9273,TRUE,TRUE
3335,41.5625930325738,130.879881719063,5439.70726004082,5405,1081,9273,9273,9273,9273,9273,9273,TRUE,TRUE
3336,38.1025875331405,82.2453636635759,3133.76116818637,1087,2171,9273,9273,9273,9273,9273,9273,TRUE,TRUE
3337,25.4013935491151,172.053705963434,4370.40389676091,858,1444,9273,9273,9273,9273,9273,9273,TRUE,TRUE
3338,14.7839248390759,8.98453663377201,132.826714307609,4933,8992,9273,9273,9273,9273,9273,9273,TRUE,TRUE
3339,101.353577199796,128.075589500986,12980.9191478976,3405,265,9273,9273,9273,9273,9273,9273,TRUE,TRUE
3340,34.3381981134415,23.5567634765918,808.896811170693,2986,6282,9273,9273,9273,9273,9273,9273,TRUE,TRUE
3341,39.7094781091797,59.6927015743883,2370.36602644597,8004,2907,9273,9273,9273,9273,9273,9273,TRUE,TRUE
3342,32.1898277032375,28.8927617311478,930.053021996341,4124,5877,9273,9273,9273,9273,9273,9273,TRUE,TRUE
3343,35.6625816681806,103.921106983634,3706.09496485156,1829,1786,9273,9273,9273,9273,9273,9273,TRUE,TRUE
3344,92.1369493412045,166.481531251024,15339.1004111218,2463,191,9273,9273,9273,9273,9273,9273,TRUE,TRUE
3345,33.6924458498091,47.3094090486136,1593.96970255688,7010,4081,9273,9273,9273,9273,9273,9273,TRUE,TRUE
3346,63.6372870336336,112.858041866908,7181.97960433827,1492,708,9273,9273,9273,9273,9273,9273,TRUE,TRUE
3347,39.4763492598079,60.603667443224,2392.41154241396,2437,2882,9273,9273,9273,9273,9273,9273,TRUE,TRUE
3348,65.2889816180027,152.313350087998,9944.38351407168,7131,419,9273,9273,9273,9273,9273,9273,TRUE,TRUE
3349,58.6042023316869,29.9710489848875,1756.42941880324,531,3776,9273,9273,9273,9273,9273,9273,TRUE,TRUE
3350,73.4951339827644,71.5492631410941,5258.52268092277,5168,1123,9273,9273,9273,9273,9273,9273,TRUE,TRUE
3351,39.3465556824344,38.8865089416504,1530.05018936813,7368,4227,9273,9273,9273,9273,9273,9273,TRUE,TRUE
3352,14.706404413828,48.8758539804598,718.788074707849,6537,6630,9273,9273,9273,9273,9273,9273,TRUE,TRUE
3353,8.82140192985535,28.2563591241837,249.260700908759,1280,8551,9273,9273,9273,9273,9273,9273,TRUE,TRUE
3354,43.7186891351427,60.7311261267889,2655.08522396423,5353,2574,9273,9273,9273,9273,9273,9273,TRUE,TRUE
3355,33.9657576851041,122.791187915552,4170.69573460571,1203,1549,9273,9273,9273,9273,9273,9273,TRUE,TRUE
3356,86.9692514491244,55.3193427305287,4811.08182793164,3639,1274,9273,9273,9273,9273,9273,9273,TRUE,TRUE
3357,24.421215821993,53.1551776457463,1298.11406534315,5652,4791,9273,9273,9273,9273,9273,9273,TRUE,TRUE
3358,11.9868261911431,110.691123508272,1326.83525839601,2928,4728,9273,9273,9273,9273,9273,9273,TRUE,TRUE
3359,29.5926914234792,54.9411321533613,1625.85597027101,7557,4020,9273,9273,9273,9273,9273,9273,TRUE,TRUE
3360,20.0250131944194,37.3291204310954,747.516129168757,11,6520,9273,9273,9273,9273,9273,9273,TRUE,TRUE
3361,32.1590265122626,23.6636936800955,761.001352436252,6459,6473,9273,9273,9273,9273,9273,9273,TRUE,TRUE
3362,69.0549964064544,168.537774581741,11638.3754180939,6977,309,9273,9273,9273,9273,9273,9273,TRUE,TRUE
3363,27.4314978990351,27.9239816315677,765.996643459044,4140,6452,9273,9273,9273,9273,9273,9273,TRUE,TRUE
3364,34.6582800617585,60.9968978991875,2114.04757028853,4253,3218,9273,9273,9273,9273,9273,9273,TRUE,TRUE
3365,15.9244243035445,36.326646263535,578.480928625301,9089,7170,9273,9273,9273,9273,9273,9273,TRUE,TRUE
3366,47.5122614252395,71.8122071114139,3411.96035780094,3416,1985,9273,9273,9273,9273,9273,9273,TRUE,TRUE
3367,76.7330830831834,94.8278583515795,7276.4339334921,5593,693,9273,9273,9273,9273,9273,9273,TRUE,TRUE
3368,12.0614735722542,42.5881788825989,513.6761940829,5478,7449,9273,9273,9273,9273,9273,9273,TRUE,TRUE
3369,45.2155367526931,29.4446453913021,1331.35544586043,4202,4719,9273,9273,9273,9273,9273,9273,TRUE,TRUE
3370,35.7017363882065,14.3827393770218,513.488769778709,5178,7450,9273,9273,9273,9273,9273,9273,TRUE,TRUE
3371,91.5984524726868,122.240524902344,11197.0429105036,2472,327,9273,9273,9273,9273,9273,9273,TRUE,TRUE
3372,82.6216084126876,102.203928380927,8444.25294892733,480,552,9273,9273,9273,9273,9273,9273,TRUE,TRUE
3373,31.2636282262279,60.5670773147083,1893.54658791624,5674,3544,9273,9273,9273,9273,9273,9273,TRUE,TRUE
3374,63.8806917293962,144.139178680129,9207.71043939367,890,477,9273,9273,9273,9273,9273,9273,TRUE,TRUE
3375,44.4006981553101,27.1325530075445,1204.70429627094,682,5063,9273,9273,9273,9273,9273,9273,TRUE,TRUE
3376,52.4722841827958,16.2919531504313,854.875995602227,6028,6129,9273,9273,9273,9273,9273,9273,TRUE,TRUE
3377,29.9066663980484,37.1538898831322,1111.14899012466,8857,5337,9273,9273,9273,9273,9273,9273,TRUE,TRUE
3378,98.8962709457715,108.832429220715,10763.1214078983,805,368,9273,9273,9273,9273,9273,9273,TRUE,TRUE
3379,38.0922816601975,33.4187544126646,1272.99660582019,3956,4862,9273,9273,9273,9273,9273,9273,TRUE,TRUE
3380,65.9859575196136,53.6227994582636,3538.35176713574,4956,1897,9273,9273,9273,9273,9273,9273,TRUE,TRUE
3381,20.1013152680429,29.2486140582026,587.935612337244,8701,7139,9273,9273,9273,9273,9273,9273,TRUE,TRUE
3382,12.1502370464802,39.0879658436775,474.928050665403,15,7609,9273,9273,9273,9273,9273,9273,TRUE,TRUE
3383,121.428116664444,241.282469660965,29298.4758750769,8350,49,9273,9273,9273,9273,9273,9273,TRUE,TRUE
3384,45.8526316084716,68.3870871847894,3135.72791546058,532,2169,9273,9273,9273,9273,9273,9273,TRUE,TRUE
3385,20.4485460873489,32.9624746308659,674.034681642328,1396,6795,9273,9273,9273,9273,9273,9273,TRUE,TRUE
3386,33.2848021153994,57.5010095150558,1913.90972314433,2790,3498,9273,9273,9273,9273,9273,9273,TRUE,TRUE
3387,24.2006229901314,29.6055398511887,716.472508357927,8154,6640,9273,9273,9273,9273,9273,9273,TRUE,TRUE
3388,33.341015128018,37.5720259735856,1252.6894863756,5628,4915,9273,9273,9273,9273,9273,9273,TRUE,TRUE
3389,51.5497867923936,88.0450734094857,4538.70476237963,7648,1378,9273,9273,9273,9273,9273,9273,TRUE,TRUE
3390,25.2323124630301,24.8505208217522,627.036106243485,6036,6976,9273,9273,9273,9273,9273,9273,TRUE,TRUE
3391,36.3620928512222,11.7527617439913,427.355013793305,3147,7790,9273,9273,9273,9273,9273,9273,TRUE,TRUE
3392,41.6621484857495,17.8624653593969,744.188684124748,5882,6529,9273,9273,9273,9273,9273,9273,TRUE,TRUE
3393,55.0089716042791,142.827259101186,7856.78064021418,7263,617,9273,9273,9273,9273,9273,9273,TRUE,TRUE
3394,38.6398637236302,30.0965398689707,1162.92619908983,7430,5195,9273,9273,9273,9273,9273,9273,TRUE,TRUE
3395,18.8891932154811,44.2463716950527,835.778264031844,7715,6193,9273,9273,9273,9273,9273,9273,TRUE,TRUE
3396,14.4249000549316,4.07298793792725,58.7524439295427,933,9183,9273,9273,9273,9273,9273,9273,TRUE,TRUE
3397,72.0464512617222,97.5221248814081,7026.12301720795,5629,730,9273,9273,9273,9273,9273,9273,TRUE,TRUE
3398,33.4504131770759,106.000654884938,3545.76570294182,1739,1892,9273,9273,9273,9273,9273,9273,TRUE,TRUE
3399,28.2766234963374,55.7445733803826,1576.26831344103,2528,4116,9273,9273,9273,9273,9273,9273,TRUE,TRUE
3400,64.1417251322005,62.2544853157467,3993.11008536924,3996,1632,9273,9273,9273,9273,9273,9273,TRUE,TRUE
3401,100.780513143539,15.4646332621574,1558.53367573687,4126,4148,9273,9273,9273,9273,9273,9273,TRUE,TRUE
3402,40.0865358815659,69.1951096466789,2773.79224568048,2616,2465,9273,9273,9273,9273,9273,9273,TRUE,TRUE
3403,34.8162343864042,74.3292611406736,2587.86497764193,7036,2647,9273,9273,9273,9273,9273,9273,TRUE,TRUE
3404,18.1749208685589,32.9418020909376,598.714646270517,3892,7093,9273,9273,9273,9273,9273,9273,TRUE,TRUE
3405,38.8363882586328,51.9771694160495,2018.60553202643,1272,3339,9273,9273,9273,9273,9273,9273,TRUE,TRUE
3406,38.3183381760534,102.812438748236,3939.6017966597,5430,1666,9273,9273,9273,9273,9273,9273,TRUE,TRUE
3407,42.440328826589,36.2487592618328,1538.40926262805,1549,4204,9273,9273,9273,9273,9273,9273,TRUE,TRUE
3408,9.73779508677022,28.7479196745774,279.941350961965,6022,8443,9273,9273,9273,9273,9273,9273,TRUE,TRUE
3409,22.0936510437985,45.4963825395276,1005.18119958349,2386,5620,9273,9273,9273,9273,9273,9273,TRUE,TRUE
3410,76.8310974917761,27.9334895296795,2146.16065734031,1369,3179,9273,9273,9273,9273,9273,9273,TRUE,TRUE
3411,64.1006422506438,60.6704895275611,3889.01734437762,5614,1693,9273,9273,9273,9273,9273,9273,TRUE,TRUE
3412,18.501304862792,55.5212752476073,1027.21603972697,4781,5564,9273,9273,9273,9273,9273,9273,TRUE,TRUE
3413,43.5966230773926,32.6093586826325,1421.65791928223,6700,4479,9273,9273,9273,9273,9273,9273,TRUE,TRUE
3414,30.7924361247716,54.1194384867751,1666.46935271253,3510,3946,9273,9273,9273,9273,9273,9273,TRUE,TRUE
3415,54.1716218414953,69.0595808918193,3741.06950060379,9262,1760,9273,9273,9273,9273,9273,9273,TRUE,TRUE
3416,54.0010854776605,36.9574413395311,1995.74194881164,1890,3366,9273,9273,9273,9273,9273,9273,TRUE,TRUE
3417,42.2112207906851,118.153545387051,4987.40539153503,5595,1208,9273,9273,9273,9273,9273,9273,TRUE,TRUE
3418,38.0680072783305,57.5453070743543,2190.63516854028,6939,3124,9273,9273,9273,9273,9273,9273,TRUE,TRUE
3419,32.7750696632546,65.760971506818,2155.32042225926,2278,3161,9273,9273,9273,9273,9273,9273,TRUE,TRUE
3420,17.933164046488,49.477863666367,887.294645798727,6214,6024,9273,9273,9273,9273,9273,9273,TRUE,TRUE
3421,5.0959832712456,19.8935034010145,101.376960538038,4018,9060,9273,9273,9273,9273,9273,9273,TRUE,TRUE
3422,63.9252919668562,38.9660538519813,2490.91636928415,6729,2759,9273,9273,9273,9273,9273,9273,TRUE,TRUE
3423,41.4831176691757,51.7829314475452,2148.11743849338,2824,3173,9273,9273,9273,9273,9273,9273,TRUE,TRUE
3424,39.3119456048996,99.763956614903,3921.91523577463,5574,1673,9273,9273,9273,9273,9273,9273,TRUE,TRUE
3425,32.2878691016651,28.7320985715897,927.698237695627,204,5884,9273,9273,9273,9273,9273,9273,TRUE,TRUE
3426,21.7536456321068,35.2361765492104,766.515298081874,3724,6448,9273,9273,9273,9273,9273,9273,TRUE,TRUE
3427,26.0451355539626,62.0235161983229,1615.41088691872,2340,4043,9273,9273,9273,9273,9273,9273,TRUE,TRUE
3428,7.56940591752112,27.6012576610058,208.925123070243,2668,8722,9273,9273,9273,9273,9273,9273,TRUE,TRUE
3429,28.9864169740274,77.0471726085079,2233.32147190007,8155,3067,9273,9273,9273,9273,9273,9273,TRUE,TRUE
3430,12.4015291999368,0,0,3565,9265,9273,9273,9273,9273,9273,9273,TRUE,TRUE
3431,130.682500099649,216.798905318556,28331.8229658961,3953,50,9273,9273,9273,9273,9273,9273,TRUE,TRUE
3432,33.9791439757737,33.826012741267,1149.37895706187,4787,5229,9273,9273,9273,9273,9273,9273,TRUE,TRUE
3433,111.603009927401,230.008863420384,25669.6814676953,5730,64,9273,9273,9273,9273,9273,9273,TRUE,TRUE
3434,72.4021577239037,108.315997695923,7842.31194920219,4711,623,9273,9273,9273,9273,9273,9273,TRUE,TRUE
3435,19.7980276043598,35.648421052786,705.7684240549,4155,6683,9273,9273,9273,9273,9273,9273,TRUE,TRUE
3436,18.8301038825512,60.967562828064,1148.02554151841,4320,5232,9273,9273,9273,9273,9273,9273,TRUE,TRUE
3437,28.5370706852446,24.6572807291721,703.646563074304,7147,6686,9273,9273,9273,9273,9273,9273,TRUE,TRUE
3438,24.9967892055118,82.1953577951554,2054.62003247712,6010,3294,9273,9273,9273,9273,9273,9273,TRUE,TRUE
3439,24.0265759175962,58.8301425259393,1413.48688564249,114,4503,9273,9273,9273,9273,9273,9273,TRUE,TRUE
3440,21.8102203079912,55.9618847487403,1220.54103522044,4073,5010,9273,9273,9273,9273,9273,9273,TRUE,TRUE
3441,32.5010383991968,43.8694686117626,1425.80328390326,6466,4469,9273,9273,9273,9273,9273,9273,TRUE,TRUE
3442,9.47706164054151,66.5862879483205,631.04235530108,1694,6960,9273,9273,9273,9273,9273,9273,TRUE,TRUE
3443,23.9149766371422,32.3162102512478,772.841413159566,7023,6418,9273,9273,9273,9273,9273,9273,TRUE,TRUE
3444,13.8701412916183,25.7743802309036,357.494295506528,5795,8123,9273,9273,9273,9273,9273,9273,TRUE,TRUE
3445,37.4221909455225,55.00531762254,2058.4194990898,8395,3289,9273,9273,9273,9273,9273,9273,TRUE,TRUE
3446,38.8634517059924,68.1906071440268,2650.12236754419,2578,2584,9273,9273,9273,9273,9273,9273,TRUE,TRUE
3447,17.906821012497,20.833095895833,373.054519342866,5241,8043,9273,9273,9273,9273,9273,9273,TRUE,TRUE
3448,35.0353749508553,53.9454114995104,1889.99771876353,1291,3552,9273,9273,9273,9273,9273,9273,TRUE,TRUE
3449,19.0086920478987,65.8425591843469,1251.5809311808,2246,4918,9273,9273,9273,9273,9273,9273,TRUE,TRUE
3450,22.0793781459476,86.0517035107924,1899.96810191775,7769,3523,9273,9273,9273,9273,9273,9273,TRUE,TRUE
3451,56.382506311046,140.258528510517,7908.12736892226,577,610,9273,9273,9273,9273,9273,9273,TRUE,TRUE
3452,38.7504593129913,120.081105720315,4653.19800147405,407,1332,9273,9273,9273,9273,9273,9273,TRUE,TRUE
3453,40.7220483258635,56.8146988538081,2313.61091234416,7139,2971,9273,9273,9273,9273,9273,9273,TRUE,TRUE
3454,30.3937005582063,76.7005549721096,2331.21370047054,50,2951,9273,9273,9273,9273,9273,9273,TRUE,TRUE
3455,17.5722051793879,24.3144977714076,427.259343672944,4883,7792,9273,9273,9273,9273,9273,9273,TRUE,TRUE
3456,37.6360368338659,46.1050498884407,1735.21135582858,6374,3813,9273,9273,9273,9273,9273,9273,TRUE,TRUE
3457,26.0571345784447,26.1438224346607,681.233099574916,343,6766,9273,9273,9273,9273,9273,9273,TRUE,TRUE
3458,8.85240786566454,23.2755474728697,206.04463952648,5449,8734,9273,9273,9273,9273,9273,9273,TRUE,TRUE
3459,22.747018301487,24.9470496177673,567.470994223457,6082,7217,9273,9273,9273,9273,9273,9273,TRUE,TRUE
3460,57.3093448568273,6.05762917024118,347.158759132129,8118,8162,9273,9273,9273,9273,9273,9273,TRUE,TRUE
3461,43.423584076099,56.0445543089757,2433.6554160433,1965,2823,9273,9273,9273,9273,9273,9273,TRUE,TRUE
3462,40.4369808903134,112.277492966272,4540.16283748945,4991,1377,9273,9273,9273,9273,9273,9273,TRUE,TRUE
3463,11.7663832255426,33.8101843165867,397.823585595191,2870,7937,9273,9273,9273,9273,9273,9273,TRUE,TRUE
3464,16.1152858890106,37.8987749970962,610.749593921491,1012,7054,9273,9273,9273,9273,9273,9273,TRUE,TRUE
3465,21.4658111652454,47.227688958337,1013.78065295061,7636,5605,9273,9273,9273,9273,9273,9273,TRUE,TRUE
3466,30.0808609649539,18.9728096574545,570.718449420423,8870,7205,9273,9273,9273,9273,9273,9273,TRUE,TRUE
3467,33.1697015072565,27.8897408419435,925.094378842006,1904,5893,9273,9273,9273,9273,9273,9273,TRUE,TRUE
3468,49.5614151859915,110.194865150957,5461.41346311092,1964,1074,9273,9273,9273,9273,9273,9273,TRUE,TRUE
3469,34.0280717490376,67.735457378885,2304.90700364258,5106,2977,9273,9273,9273,9273,9273,9273,TRUE,TRUE
3470,38.5312448501587,21.1286260604858,814.112264084024,8429,6261,9273,9273,9273,9273,9273,9273,TRUE,TRUE
3471,11.1023769688472,29.70606033142,329.807880058742,9008,8249,9273,9273,9273,9273,9273,9273,TRUE,TRUE
3472,21.8724119043767,39.9739667796672,874.327066856751,1488,6073,9273,9273,9273,9273,9273,9273,TRUE,TRUE
3473,26.9976366486136,34.4760812549141,930.772714788249,9255,5871,9273,9273,9273,9273,9273,9273,TRUE,TRUE
3474,18.1076515352404,54.8065427831701,992.417778568888,7098,5660,9273,9273,9273,9273,9273,9273,TRUE,TRUE
3475,24.0588152469215,16.6004421145229,399.386969850521,527,7924,9273,9273,9273,9273,9273,9273,TRUE,TRUE
3476,6.11758929227306,37.6436012360902,230.288091844502,4475,8634,9273,9273,9273,9273,9273,9273,TRUE,TRUE
3477,33.1361412727727,67.3913182410519,2233.08824179388,6293,3068,9273,9273,9273,9273,9273,9273,TRUE,TRUE
3478,25.8723920048777,32.6175334621942,843.893611966103,5940,6171,9273,9273,9273,9273,9273,9273,TRUE,TRUE
3479,166.304513497299,226.967492323243,37745.7183905189,891,29,9273,9273,9273,9273,9273,9273,TRUE,TRUE
3480,107.185626281804,139.568137755126,14959.6982542683,7154,203,9273,9273,9273,9273,9273,9273,TRUE,TRUE
3481,26.4087469089031,22.8850931406021,604.366632736836,6527,7077,9273,9273,9273,9273,9273,9273,TRUE,TRUE
3482,39.604579778818,35.4729434583314,1404.89101918499,8635,4519,9273,9273,9273,9273,9273,9273,TRUE,TRUE
3483,19.1804298876267,89.8935897154649,1724.19769488455,1842,3835,9273,9273,9273,9273,9273,9273,TRUE,TRUE
3484,13.2667348541483,20.9595399703423,278.064659451453,6052,8448,9273,9273,9273,9273,9273,9273,TRUE,TRUE
3485,28.1730338215828,24.4124782562256,687.773575581298,3244,6743,9273,9273,9273,9273,9273,9273,TRUE,TRUE
3486,23.0970481384946,67.8208243806483,1566.46084551222,167,4133,9273,9273,9273,9273,9273,9273,TRUE,TRUE
3487,37.1622590586456,46.2528673054879,1718.8610370117,5550,3849,9273,9273,9273,9273,9273,9273,TRUE,TRUE
3488,40.3297074576405,24.3855860522974,983.463551672273,2302,5693,9273,9273,9273,9273,9273,9273,TRUE,TRUE
3489,8.96604720503092,10.7052333610398,95.983627655955,7900,9081,9273,9273,9273,9273,9273,9273,TRUE,TRUE
3490,10.5228085981475,38.9762208726671,410.139312122197,4780,7873,9273,9273,9273,9273,9273,9273,TRUE,TRUE
3491,23.0377826147442,102.720484679258,2366.45219612191,7860,2912,9273,9273,9273,9273,9273,9273,TRUE,TRUE
3492,43.0861978197098,12.6771718502045,546.211134132366,7374,7306,9273,9273,9273,9273,9273,9273,TRUE,TRUE
3493,37.7715281142343,32.2205309714041,1217.01869144194,5604,5021,9273,9273,9273,9273,9273,9273,TRUE,TRUE
3494,22.9716527147991,46.3179074775882,1063.99888505135,4224,5463,9273,9273,9273,9273,9273,9273,TRUE,TRUE
3495,66.7419371579556,192.9523063822,12878.0107070434,8344,269,9273,9273,9273,9273,9273,9273,TRUE,TRUE
3496,15.8739225991403,62.1795469477414,987.033315498059,2725,5682,9273,9273,9273,9273,9273,9273,TRUE,TRUE
3497,10.5358914468347,23.202376388922,244.457718942281,942,8579,9273,9273,9273,9273,9273,9273,TRUE,TRUE
3498,54.3806321839578,67.4088279191063,3665.73467702063,3386,1807,9273,9273,9273,9273,9273,9273,TRUE,TRUE
3499,39.0534110114402,43.7171553753152,1707.30403712317,6491,3874,9273,9273,9273,9273,9273,9273,TRUE,TRUE
3500,21.9512419796953,23.6562496965582,519.284061421243,808,7428,9273,9273,9273,9273,9273,9273,TRUE,TRUE
3501,28.477874759075,63.2038896777497,1799.91245452935,3097,3714,9273,9273,9273,9273,9273,9273,TRUE,TRUE
3502,19.0549113254257,9.85941674624603,187.870311820135,5584,8800,9273,9273,9273,9273,9273,9273,TRUE,TRUE
3503,19.0880540422172,10.4664917819756,199.784960766772,6943,8758,9273,9273,9273,9273,9273,9273,TRUE,TRUE
3504,17.5325364982424,27.5488803211165,483.001749715686,6946,7567,9273,9273,9273,9273,9273,9273,TRUE,TRUE
3505,41.209874748984,71.3156497434555,2938.90899357021,7262,2326,9273,9273,9273,9273,9273,9273,TRUE,TRUE
3506,30.6341594762802,48.264857131958,1478.55333048028,9177,4348,9273,9273,9273,9273,9273,9273,TRUE,TRUE
3507,31.7229078081904,77.7454023547332,2466.31023140987,3632,2789,9273,9273,9273,9273,9273,9273,TRUE,TRUE
3508,81.7443823666612,41.7502273567452,3412.84654894482,8063,1983,9273,9273,9273,9273,9273,9273,TRUE,TRUE
3509,30.4231455874555,48.1217262644163,1464.01428406202,90,4390,9273,9273,9273,9273,9273,9273,TRUE,TRUE
3510,30.8617792090351,63.6142653948962,1963.24941316225,8305,3414,9273,9273,9273,9273,9273,9273,TRUE,TRUE
3511,18.6437821500003,8.5119080071648,158.694158566424,3571,8906,9273,9273,9273,9273,9273,9273,TRUE,TRUE
3512,17.5710270157982,50.8404707426183,893.319284914447,5464,6004,9273,9273,9273,9273,9273,9273,TRUE,TRUE
3513,17.7925183993028,58.1555859073439,1034.73433227865,4900,5545,9273,9273,9273,9273,9273,9273,TRUE,TRUE
3514,16.0926423157461,53.4730307590327,860.522357544,1130,6114,9273,9273,9273,9273,9273,9273,TRUE,TRUE
3515,29.7391698304316,70.0526656060038,2083.30811953138,3048,3261,9273,9273,9273,9273,9273,9273,TRUE,TRUE
3516,17.7229503707753,33.7824581066767,598.724828427429,4480,7092,9273,9273,9273,9273,9273,9273,TRUE,TRUE
3517,82.461118807288,57.3341292614041,4727.83644473705,2418,1306,9273,9273,9273,9273,9273,9273,TRUE,TRUE
3518,49.1765955260603,111.634098151043,5489.78489169034,3567,1069,9273,9273,9273,9273,9273,9273,TRUE,TRUE
3519,81.6200195477333,150.927721911637,12318.7236127227,316,284,9273,9273,9273,9273,9273,9273,TRUE,TRUE
3520,17.5027974872362,21.7690662259147,381.019557638419,776,8013,9273,9273,9273,9273,9273,9273,TRUE,TRUE
3521,15.8452453136444,80.1360124969482,1269.77477647142,8282,4874,9273,9273,9273,9273,9273,9273,TRUE,TRUE
3522,28.2873091263192,43.816728909439,1239.45735556543,5253,4954,9273,9273,9273,9273,9273,9273,TRUE,TRUE
3523,29.7465218069915,45.6940874925273,1359.24017004704,3450,4648,9273,9273,9273,9273,9273,9273,TRUE,TRUE
3524,34.4531043022,100.693252874397,3469.19514380939,7993,1937,9273,9273,9273,9273,9273,9273,TRUE,TRUE
3525,40.9644389234177,139.398722942561,5710.39047198298,7771,1002,9273,9273,9273,9273,9273,9273,TRUE,TRUE
3526,1.1096099615097,30.547399520874,33.8956988065786,4595,9215,9273,9273,9273,9273,9273,9273,TRUE,TRUE
3527,34.2991115709065,69.2057814038234,2373.69681772151,4436,2901,9273,9273,9273,9273,9273,9273,TRUE,TRUE
3528,13.1250618593051,37.188869309731,488.106210167832,8057,7543,9273,9273,9273,9273,9273,9273,TRUE,TRUE
3529,51.8551184328476,71.3528668431952,3700.01136067709,5858,1791,9273,9273,9273,9273,9273,9273,TRUE,TRUE
3530,50.6741852095939,63.7706359580711,3231.52501747288,2619,2095,9273,9273,9273,9273,9273,9273,TRUE,TRUE
3531,54.5632494709552,162.965422337666,8891.92299414966,4355,505,9273,9273,9273,9273,9273,9273,TRUE,TRUE
3532,53.3907297761196,53.8087862506772,2872.89036629089,309,2381,9273,9273,9273,9273,9273,9273,TRUE,TRUE
3533,22.5859518666421,34.8174769493841,786.385858496712,2254,6357,9273,9273,9273,9273,9273,9273,TRUE,TRUE
3534,33.2782871582929,36.3643202458032,1210.14229145596,4400,5053,9273,9273,9273,9273,9273,9273,TRUE,TRUE
3535,15.6567150376259,19.6409510647485,307.512773888722,1359,8344,9273,9273,9273,9273,9273,9273,TRUE,TRUE
3536,15.4869061013672,55.1602767523081,854.262026588425,6460,6132,9273,9273,9273,9273,9273,9273,TRUE,TRUE
3537,17.024607902103,28.1472637176514,479.196128310105,1042,7584,9273,9273,9273,9273,9273,9273,TRUE,TRUE
3538,9.62053848382351,23.3404271583758,224.547477706034,6242,8659,9273,9273,9273,9273,9273,9273,TRUE,TRUE
3539,15.5838829888238,4.92152481079102,76.6964667779603,24,9135,9273,9273,9273,9273,9273,9273,TRUE,TRUE
3540,27.7931227880123,58.0422568630863,1613.17557188911,9242,4048,9273,9273,9273,9273,9273,9273,TRUE,TRUE
3541,19.3395983527104,48.4727823813756,937.444142294142,12,5847,9273,9273,9273,9273,9273,9273,TRUE,TRUE
3542,14.0965517629344,11.0389404549406,155.61099553102,5712,8919,9273,9273,9273,9273,9273,9273,TRUE,TRUE
3543,24.578161870431,43.2663784828937,1063.40805389989,1544,5465,9273,9273,9273,9273,9273,9273,TRUE,TRUE
3544,27.4264016588371,27.8902320177907,764.928705678084,3373,6457,9273,9273,9273,9273,9273,9273,TRUE,TRUE
3545,35.3080369726717,137.230488172465,4845.33915017117,742,1260,9273,9273,9273,9273,9273,9273,TRUE,TRUE
3546,36.7756861132018,48.158928326198,1771.07763167244,1371,3752,9273,9273,9273,9273,9273,9273,TRUE,TRUE
3547,35.3120624746933,83.4558489683544,2946.9981526491,4356,2315,9273,9273,9273,9273,9273,9273,TRUE,TRUE
3548,39.5476855498094,88.7702323106619,3510.65723360559,9256,1912,9273,9273,9273,9273,9273,9273,TRUE,TRUE
3549,75.9291355193608,34.5072547367641,2620.10602130886,7728,2614,9273,9273,9273,9273,9273,9273,TRUE,TRUE
3550,19.8172684583748,43.6774315541251,865.567386680385,8755,6100,9273,9273,9273,9273,9273,9273,TRUE,TRUE
3551,47.4143305479554,50.1869275137551,2379.57957032346,1329,2896,9273,9273,9273,9273,9273,9273,TRUE,TRUE
3552,30.4431876158103,14.1640876501034,431.199977738881,3448,7775,9273,9273,9273,9273,9273,9273,TRUE,TRUE
3553,17.6539103293419,30.3564791631699,535.910561061136,8902,7360,9273,9273,9273,9273,9273,9273,TRUE,TRUE
3554,43.2141306407546,74.9448012580988,3238.67443241287,2300,2091,9273,9273,9273,9273,9273,9273,TRUE,TRUE
3555,68.196572523055,85.0600833489424,5800.80614292326,4178,975,9273,9273,9273,9273,9273,9273,TRUE,TRUE
3556,28.5461771888785,73.0088522686222,2084.12363321674,583,3260,9273,9273,9273,9273,9273,9273,TRUE,TRUE
3557,21.9702918325152,93.9696572984968,2064.54079424941,311,3285,9273,9273,9273,9273,9273,9273,TRUE,TRUE
3558,37.2576844067108,64.706280328394,2410.80617160746,5150,2859,9273,9273,9273,9273,9273,9273,TRUE,TRUE
3559,64.965297389376,81.1572370501532,5272.40404026329,2392,1119,9273,9273,9273,9273,9273,9273,TRUE,TRUE
3560,24.8002836836709,88.0359357605633,2183.3161812194,5726,3135,9273,9273,9273,9273,9273,9273,TRUE,TRUE
3561,47.9508808805079,44.6265785156459,2139.88375050837,3696,3191,9273,9273,9273,9273,9273,9273,TRUE,TRUE
3562,61.2326157976326,108.908433762766,6668.74828171734,6108,787,9273,9273,9273,9273,9273,9273,TRUE,TRUE
3563,62.4548989227366,152.937819691103,9551.71607027152,8197,451,9273,9273,9273,9273,9273,9273,TRUE,TRUE
3564,16.2478797052588,32.5475324562618,528.828392052347,7186,7392,9273,9273,9273,9273,9273,9273,TRUE,TRUE
3565,40.7972787536738,47.8712227945109,1953.01562062688,8616,3430,9273,9273,9273,9273,9273,9273,TRUE,TRUE
3566,28.1042387466431,52.2564223480225,1468.62696971424,7035,4371,9273,9273,9273,9273,9273,9273,TRUE,TRUE
3567,24.8481454589579,76.5575516577995,1902.31317957469,4434,3518,9273,9273,9273,9273,9273,9273,TRUE,TRUE
3568,11.4912315566365,21.4080155512182,246.004463867124,2130,8572,9273,9273,9273,9273,9273,9273,TRUE,TRUE
3569,34.650763597885,43.5286672292092,1508.30155789033,638,4286,9273,9273,9273,9273,9273,9273,TRUE,TRUE
3570,46.4842102322282,70.9058035549365,3296.00027913274,9218,2064,9273,9273,9273,9273,9273,9273,TRUE,TRUE
3571,39.6191784858704,48.1352655029297,1907.07967542533,403,3511,9273,9273,9273,9273,9273,9273,TRUE,TRUE
3572,83.3532063720423,36.9815170786796,3082.52802501039,8621,2202,9273,9273,9273,9273,9273,9273,TRUE,TRUE
3573,26.64531428271,389.31145263269,10373.3260092564,7408,391,9273,9273,9273,9273,9273,9273,TRUE,TRUE
3574,30.3471320289712,48.0999107215082,1459.69434124734,8481,4397,9273,9273,9273,9273,9273,9273,TRUE,TRUE
3575,25.4546716980785,30.3153334927355,771.666861475345,1590,6426,9273,9273,9273,9273,9273,9273,TRUE,TRUE
3576,125.405997937864,263.17326518222,33003.5059507424,7737,39,9273,9273,9273,9273,9273,9273,TRUE,TRUE
3577,29.0781533908844,21.3831853049142,621.783542282001,8913,7003,9273,9273,9273,9273,9273,9273,TRUE,TRUE
3578,56.9576948233356,60.308990493848,3435.06107565204,6785,1959,9273,9273,9273,9273,9273,9273,TRUE,TRUE
3579,44.4110920972824,45.6989394760132,2029.53980981736,3619,3324,9273,9273,9273,9273,9273,9273,TRUE,TRUE
3580,86.8722293896698,239.545369751646,20809.8403102982,6660,108,9273,9273,9273,9273,9273,9273,TRUE,TRUE
3581,48.7153976235295,21.6486192768456,1054.62109607194,6828,5494,9273,9273,9273,9273,9273,9273,TRUE,TRUE
3582,36.6848866883578,67.691900716701,2483.26970751174,1909,2768,9273,9273,9273,9273,9273,9273,TRUE,TRUE
3583,34.1538646214726,79.0549885444796,2700.03337640022,2330,2528,9273,9273,9273,9273,9273,9273,TRUE,TRUE
3584,16.0893624982526,30.4858072342411,490.497203643558,9066,7536,9273,9273,9273,9273,9273,9273,TRUE,TRUE
3585,44.0375010446718,54.2813345814008,2390.41432833462,3122,2884,9273,9273,9273,9273,9273,9273,TRUE,TRUE
3586,24.3902115627909,38.3669612966656,935.778303047086,5689,5857,9273,9273,9273,9273,9273,9273,TRUE,TRUE
3587,60.9775781312248,56.2804993824979,3431.84854836061,8278,1963,9273,9273,9273,9273,9273,9273,TRUE,TRUE
3588,47.9189707809578,94.832449278072,4544.27336604259,8962,1373,9273,9273,9273,9273,9273,9273,TRUE,TRUE
3589,27.8708086319786,79.8125571592606,2224.4405070146,6579,3082,9273,9273,9273,9273,9273,9273,TRUE,TRUE
3590,41.5276645809631,81.4223422094779,3381.27971667159,8106,2011,9273,9273,9273,9273,9273,9273,TRUE,TRUE
3591,26.5621714032727,77.3113505781433,2053.55734547514,8070,3297,9273,9273,9273,9273,9273,9273,TRUE,TRUE
3592,47.4071909424653,31.4411648239088,1490.53730426057,4081,4323,9273,9273,9273,9273,9273,9273,TRUE,TRUE
3593,35.8774424782095,60.2068365451902,2160.06731494502,2158,3158,9273,9273,9273,9273,9273,9273,TRUE,TRUE
3594,21.3551430775408,51.0463328947101,1090.10174255031,2896,5396,9273,9273,9273,9273,9273,9273,TRUE,TRUE
3595,24.2988127559648,29.2841409023543,711.569856505596,8872,6661,9273,9273,9273,9273,9273,9273,TRUE,TRUE
3596,4.84605774830799,40.1843887153937,194.735868295254,2508,8770,9273,9273,9273,9273,9273,9273,TRUE,TRUE
3597,23.7575698569417,13.955437873091,331.54729015417,1599,8238,9273,9273,9273,9273,9273,9273,TRUE,TRUE
3598,26.5881295645961,43.7309802424032,1162.72496867181,2796,5196,9273,9273,9273,9273,9273,9273,TRUE,TRUE
3599,24.0049562938143,28.8083030917857,691.54205661727,410,6734,9273,9273,9273,9273,9273,9273,TRUE,TRUE
3600,17.3437882221351,67.2733386573145,1166.77453866844,1687,5182,9273,9273,9273,9273,9273,9273,TRUE,TRUE
3601,32.4771430013758,68.4038145361525,2221.56046653021,7378,3087,9273,9273,9273,9273,9273,9273,TRUE,TRUE
3602,21.8959444592761,30.2008806448332,661.276805220494,1462,6843,9273,9273,9273,9273,9273,9273,TRUE,TRUE
3603,56.7278499812105,100.170980718014,5682.48436664223,7221,1011,9273,9273,9273,9273,9273,9273,TRUE,TRUE
3604,75.7967009682187,60.0132896528079,4548.80936993297,2728,1372,9273,9273,9273,9273,9273,9273,TRUE,TRUE
3605,16.5476826034162,21.4509717329689,354.963871772022,8470,8129,9273,9273,9273,9273,9273,9273,TRUE,TRUE
3606,7.91200947243234,30.4367348214854,240.815734217504,8321,8596,9273,9273,9273,9273,9273,9273,TRUE,TRUE
3607,12.0722265826132,10.6035468632117,128.008420312049,6233,9007,9273,9273,9273,9273,9273,9273,TRUE,TRUE
3608,43.3673061132431,36.3308623380828,1575.57162837373,3209,4119,9273,9273,9273,9273,9273,9273,TRUE,TRUE
3609,39.5456269647657,64.4015469796879,2546.79955281257,554,2693,9273,9273,9273,9273,9273,9273,TRUE,TRUE
3610,7.7978874058559,36.0775509538322,281.328680217012,9151,8439,9273,9273,9273,9273,9273,9273,TRUE,TRUE
3611,47.2371959975022,27.5349572373097,1300.67417180164,1345,4787,9273,9273,9273,9273,9273,9273,TRUE,TRUE
3612,15.9244195255073,66.9773104641889,1066.5747905219,5144,5453,9273,9273,9273,9273,9273,9273,TRUE,TRUE
3613,49.1155984429863,49.4591020786856,2429.21339704739,7259,2828,9273,9273,9273,9273,9273,9273,TRUE,TRUE
3614,23.9478393188895,37.0160773845568,886.455073420945,4214,6031,9273,9273,9273,9273,9273,9273,TRUE,TRUE
3615,24.84830980789,54.319844043161,1349.75631350073,8331,4672,9273,9273,9273,9273,9273,9273,TRUE,TRUE
3616,49.0492402459013,17.2121817284617,844.24443675543,5675,6169,9273,9273,9273,9273,9273,9273,TRUE,TRUE
3617,32.3051334483714,72.4614589425582,2340.87710100303,3116,2943,9273,9273,9273,9273,9273,9273,TRUE,TRUE
3618,13.6419073084126,8.70959117181325,118.815435460045,568,9027,9273,9273,9273,9273,9273,9273,TRUE,TRUE
3619,41.8762649705013,44.7498375366132,1873.9560540701,3293,3579,9273,9273,9273,9273,9273,9273,TRUE,TRUE
3620,31.2163623520548,30.2819903088972,945.293582223947,8601,5811,9273,9273,9273,9273,9273,9273,TRUE,TRUE
3621,54.5756680028779,67.2694719377018,3671.27636720093,14,1802,9273,9273,9273,9273,9273,9273,TRUE,TRUE
3622,22.9940916923806,49.3213258124888,1134.09908812215,7389,5268,9273,9273,9273,9273,9273,9273,TRUE,TRUE
3623,11.4001183313866,40.102193932555,457.169756179342,6206,7667,9273,9273,9273,9273,9273,9273,TRUE,TRUE
3624,32.8905459929812,40.5110475012341,1332.43047106319,2560,4717,9273,9273,9273,9273,9273,9273,TRUE,TRUE
3625,22.5916728365421,43.7718896961212,988.88021145198,3146,5677,9273,9273,9273,9273,9273,9273,TRUE,TRUE
3626,43.5563364014865,79.82272391474,3476.7854153134,8157,1931,9273,9273,9273,9273,9273,9273,TRUE,TRUE
3627,88.1981522381877,265.272791888386,23396.570083621,4051,82,9273,9273,9273,9273,9273,9273,TRUE,TRUE
3628,50.818683107694,56.3041079209911,2861.30061809825,8067,2394,9273,9273,9273,9273,9273,9273,TRUE,TRUE
3629,37.8872106850865,36.5817557099354,1385.98068581269,4919,4575,9273,9273,9273,9273,9273,9273,TRUE,TRUE
3630,42.011184259168,32.2658940895875,1355.52842188446,6717,4658,9273,9273,9273,9273,9273,9273,TRUE,TRUE
3631,43.4932793039114,22.8709883516934,994.734284336707,8608,5646,9273,9273,9273,9273,9273,9273,TRUE,TRUE
3632,41.5183314890997,45.9860010340146,1909.2620347883,6331,3507,9273,9273,9273,9273,9273,9273,TRUE,TRUE
3633,10.5463101477236,36.8770406052873,388.916707553558,2129,7974,9273,9273,9273,9273,9273,9273,TRUE,TRUE
3634,24.4539371591933,41.4123483130272,1012.69496326139,5198,5608,9273,9273,9273,9273,9273,9273,TRUE,TRUE
3635,15.1118425566053,10.3036973817008,155.707852583168,1398,8918,9273,9273,9273,9273,9273,9273,TRUE,TRUE
3636,20.4867612936725,19.4513059903498,398.494262674478,2090,7933,9273,9273,9273,9273,9273,9273,TRUE,TRUE
3637,14.5913728058338,10.3097480773926,150.433377731464,5471,8938,9273,9273,9273,9273,9273,9273,TRUE,TRUE
3638,17.629280921308,35.1419382095337,619.527100815117,2369,7016,9273,9273,9273,9273,9273,9273,TRUE,TRUE
3639,42.5882677197456,47.0462021738291,2003.61625337631,6487,3356,9273,9273,9273,9273,9273,9273,TRUE,TRUE
3640,86.2651279186591,139.552044892922,12038.4750039984,1361,292,9273,9273,9273,9273,9273,9273,TRUE,TRUE
3641,27.068271043435,82.140953943763,2223.41360511608,8073,3084,9273,9273,9273,9273,9273,9273,TRUE,TRUE
3642,24.5705958695051,97.1492413144663,2387.01474736678,907,2890,9273,9273,9273,9273,9273,9273,TRUE,TRUE
3643,20.1994556764356,27.5342204295048,556.17626515099,4744,7271,9273,9273,9273,9273,9273,9273,TRUE,TRUE
3644,23.4177018787009,23.8306637365655,558.059378954459,4531,7259,9273,9273,9273,9273,9273,9273,TRUE,TRUE
3645,10.0748723312817,38.2293173697143,385.15549181192,4023,7996,9273,9273,9273,9273,9273,9273,TRUE,TRUE
3646,83.4648193399957,84.0369205863763,7014.12639463146,8515,732,9273,9273,9273,9273,9273,9273,TRUE,TRUE
3647,31.4648183807731,22.325633494293,702.472003133633,6291,6693,9273,9273,9273,9273,9273,9273,TRUE,TRUE
3648,25.5790259446671,46.9799219992623,1201.70064369757,3054,5071,9273,9273,9273,9273,9273,9273,TRUE,TRUE
3649,8.01608594258626,9.9510673754143,79.7686113017874,1144,9123,9273,9273,9273,9273,9273,9273,TRUE,TRUE
3650,26.0092755126953,9.46970270633697,246.300106712435,800,8567,9273,9273,9273,9273,9273,9273,TRUE,TRUE
3651,22.059059855938,11.9134858131409,262.800296644942,1189,8507,9273,9273,9273,9273,9273,9273,TRUE,TRUE
3652,9.51611787858217,21.9421173696933,208.803775395686,5536,8724,9273,9273,9273,9273,9273,9273,TRUE,TRUE
3653,47.1541763423949,16.3393189629843,770.4671276952,9125,6432,9273,9273,9273,9273,9273,9273,TRUE,TRUE
3654,44.9595213221553,76.2670039433578,3428.9279899683,6207,1964,9273,9273,9273,9273,9273,9273,TRUE,TRUE
3655,8.58920809074684,9.99390153531675,85.8396999252699,8742,9104,9273,9273,9273,9273,9273,9273,TRUE,TRUE
3656,16.0616181731224,41.1117324829102,660.320949576057,8142,6850,9273,9273,9273,9273,9273,9273,TRUE,TRUE
3657,27.1641294314311,26.3373552194008,715.431326061382,2205,6644,9273,9273,9273,9273,9273,9273,TRUE,TRUE
3658,64.5617208956928,91.880526475713,5931.96490607429,2516,948,9273,9273,9273,9273,9273,9273,TRUE,TRUE
3659,45.7318555802107,75.2411440968514,3440.91713552703,5955,1955,9273,9273,9273,9273,9273,9273,TRUE,TRUE
3660,18.9531308368725,50.7251613630968,961.400620036243,6771,5768,9273,9273,9273,9273,9273,9273,TRUE,TRUE
3661,19.2073733997345,24.5142837810516,470.855002209714,939,7622,9273,9273,9273,9273,9273,9273,TRUE,TRUE
3662,33.1986338449809,27.1481683696815,901.282101266951,6103,5973,9273,9273,9273,9273,9273,9273,TRUE,TRUE
3663,33.237040968707,75.4889878994647,2509.03058350074,5908,2729,9273,9273,9273,9273,9273,9273,TRUE,TRUE
3664,46.6280152491268,92.2566790834863,4301.74583913859,690,1479,9273,9273,9273,9273,9273,9273,TRUE,TRUE
3665,24.3878384735567,46.7418297131856,1139.93219300367,8631,5257,9273,9273,9273,9273,9273,9273,TRUE,TRUE
3666,62.3611726302767,39.8183484681309,2483.11890267362,7230,2769,9273,9273,9273,9273,9273,9273,TRUE,TRUE
3667,28.1747943036324,15.7129962412657,442.71043699141,6431,7723,9273,9273,9273,9273,9273,9273,TRUE,TRUE
3668,11.1363204890403,31.2483706681625,347.991870520984,6182,8158,9273,9273,9273,9273,9273,9273,TRUE,TRUE
3669,44.7562976848664,67.530489292605,3022.41468158451,2557,2245,9273,9273,9273,9273,9273,9273,TRUE,TRUE
3670,30.0006077319016,31.1445286303391,934.35478643378,5804,5863,9273,9273,9273,9273,9273,9273,TRUE,TRUE
3671,10.2496002199724,113.240568116768,1160.67055187942,4938,5201,9273,9273,9273,9273,9273,9273,TRUE,TRUE
3672,24.7165959537029,36.7205192565918,907.606237675347,814,5946,9273,9273,9273,9273,9273,9273,TRUE,TRUE
3673,26.9635494232178,28.8927512407303,779.051126052168,8997,6383,9273,9273,9273,9273,9273,9273,TRUE,TRUE
3674,38.407006330417,62.3627280969729,2395.16569280252,2554,2880,9273,9273,9273,9273,9273,9273,TRUE,TRUE
3675,31.2242304073867,38.3758956334924,1198.25780734999,8710,5078,9273,9273,9273,9273,9273,9273,TRUE,TRUE
3676,50.3005785445613,72.9970004379605,3671.79135404701,4866,1801,9273,9273,9273,9273,9273,9273,TRUE,TRUE
3677,12.1835300254822,7.17863236904144,87.4610830101147,2325,9100,9273,9273,9273,9273,9273,9273,TRUE,TRUE
3678,32.0148038972508,18.4557290293954,590.856545656891,1095,7125,9273,9273,9273,9273,9273,9273,TRUE,TRUE
3679,15.7767966230151,23.2511620555126,366.828854998586,7963,8083,9273,9273,9273,9273,9273,9273,TRUE,TRUE
3680,37.1493240716506,20.8584757045824,774.878273590181,8993,6410,9273,9273,9273,9273,9273,9273,TRUE,TRUE
3681,43.9370073637655,34.5916459483485,1519.85340275736,4851,4256,9273,9273,9273,9273,9273,9273,TRUE,TRUE
3682,6.11871023178101,9.03088771729242,55.2573850778626,7364,9191,9273,9273,9273,9273,9273,9273,TRUE,TRUE
3683,23.3292331548385,101.156854382268,2359.91184109397,3704,2919,9273,9273,9273,9273,9273,9273,TRUE,TRUE
3684,33.4328836700469,18.4289093839711,616.131583600141,526,7033,9273,9273,9273,9273,9273,9273,TRUE,TRUE
3685,44.9640912297946,37.8802913267221,1703.25287502593,1702,3882,9273,9273,9273,9273,9273,9273,TRUE,TRUE
3686,87.3902421206855,121.983900453422,10660.2025954502,7948,373,9273,9273,9273,9273,9273,9273,TRUE,TRUE
3687,50.8050454886802,60.7019899181513,3083.96735904508,7521,2200,9273,9273,9273,9273,9273,9273,TRUE,TRUE
3688,18.4330456320324,31.2297755157993,575.659877160856,99,7182,9273,9273,9273,9273,9273,9273,TRUE,TRUE
3689,77.1477859524416,47.1714565489027,3639.17343289965,2660,1824,9273,9273,9273,9273,9273,9273,TRUE,TRUE
3690,29.5863523810311,80.7163190672883,2388.10145882453,7635,2888,9273,9273,9273,9273,9273,9273,TRUE,TRUE
3691,31.713555750368,102.269349926944,3243.32473046204,4823,2085,9273,9273,9273,9273,9273,9273,TRUE,TRUE
3692,102.940485159275,550.015396469251,56618.8517576156,5509,14,9273,9273,9273,9273,9273,9273,TRUE,TRUE
3693,132.229464247854,532.047296785054,70352.3290084067,5542,13,9273,9273,9273,9273,9273,9273,TRUE,TRUE
3694,88.1544018789438,108.787893987802,9590.13172616467,4198,446,9273,9273,9273,9273,9273,9273,TRUE,TRUE
3695,40.6617037725449,68.566165137291,2788.01709563192,8406,2449,9273,9273,9273,9273,9273,9273,TRUE,TRUE
3696,37.1875361802051,50.6903054632502,1885.04756840026,1008,3561,9273,9273,9273,9273,9273,9273,TRUE,TRUE
3697,27.6237713813782,30.3819290542603,839.263462320137,689,6185,9273,9273,9273,9273,9273,9273,TRUE,TRUE
3698,28.1872784582925,17.6866108094346,498.53742386898,2111,7506,9273,9273,9273,9273,9273,9273,TRUE,TRUE
3699,62.4057454551969,77.0389903358051,4807.67562102163,7546,1277,9273,9273,9273,9273,9273,9273,TRUE,TRUE
3700,11.5536272373245,13.8018315098297,159.461216456931,7982,8903,9273,9273,9273,9273,9273,9273,TRUE,TRUE
3701,16.3799718675159,1.45463997977121,23.8269619460163,5665,9228,9273,9273,9273,9273,9273,9273,TRUE,TRUE
3702,23.368578471038,34.7518285079708,812.100831500569,8149,6266,9273,9273,9273,9273,9273,9273,TRUE,TRUE
3703,13.4298136934402,28.9917687991309,389.354053615619,6909,7970,9273,9273,9273,9273,9273,9273,TRUE,TRUE
3704,45.3422177139082,39.9661988860682,1812.15609108946,3213,3683,9273,9273,9273,9273,9273,9273,TRUE,TRUE
3705,13.0379185676575,10.8188564181328,141.055368974794,6842,8965,9273,9273,9273,9273,9273,9273,TRUE,TRUE
3706,12.4971301447261,43.5840461759856,544.675497295046,3914,7313,9273,9273,9273,9273,9273,9273,TRUE,TRUE
3707,39.9137100618247,82.2112678539728,3281.35670893848,4564,2070,9273,9273,9273,9273,9273,9273,TRUE,TRUE
3708,56.7705231553595,36.1084918870742,2049.89797478026,9189,3302,9273,9273,9273,9273,9273,9273,TRUE,TRUE
3709,23.3819499521861,57.2624602870816,1338.90798057158,6870,4698,9273,9273,9273,9273,9273,9273,TRUE,TRUE
3710,12.8445910928827,12.4002438223723,159.276061350418,5372,8904,9273,9273,9273,9273,9273,9273,TRUE,TRUE
3711,22.9490637476045,44.2025064788113,1014.40613898614,2527,5602,9273,9273,9273,9273,9273,9273,TRUE,TRUE
3712,31.1600700427926,37.5861059251379,1171.18569326312,2537,5168,9273,9273,9273,9273,9273,9273,TRUE,TRUE
3713,4.18877878904343,81.625235490799,341.910055074533,4522,8183,9273,9273,9273,9273,9273,9273,TRUE,TRUE
3714,27.7536445104454,53.3250356965276,1479.96408422823,3501,4346,9273,9273,9273,9273,9273,9273,TRUE,TRUE
3715,28.8826905858928,33.2309629764463,959.799621519957,4024,5774,9273,9273,9273,9273,9273,9273,TRUE,TRUE
3716,30.9629174632208,89.4746990644499,2770.39772217908,1110,2471,9273,9273,9273,9273,9273,9273,TRUE,TRUE
3717,23.6217783667559,45.3525735000891,1071.30843958111,958,5441,9273,9273,9273,9273,9273,9273,TRUE,TRUE
3718,7.15970645789111,71.3653111389116,510.954679030674,3224,7459,9273,9273,9273,9273,9273,9273,TRUE,TRUE
3719,26.0254265977578,19.3814072554762,504.409391888645,3787,7484,9273,9273,9273,9273,9273,9273,TRUE,TRUE
3720,25.3231684331428,43.0052763479277,1089.02985647243,1021,5400,9273,9273,9273,9273,9273,9273,TRUE,TRUE
3721,103.378811595416,120.492516604337,12456.3731726973,4044,280,9273,9273,9273,9273,9273,9273,TRUE,TRUE
3722,19.5440766464094,83.3422090546424,1628.84652164501,8330,4014,9273,9273,9273,9273,9273,9273,TRUE,TRUE
3723,10.156446638408,28.3228590423996,287.659606511284,2084,8408,9273,9273,9273,9273,9273,9273,TRUE,TRUE
3724,24.1066050686679,81.040095109206,1953.60156752491,1538,3426,9273,9273,9273,9273,9273,9273,TRUE,TRUE
3725,53.6510874206507,114.19034289861,6126.43606944742,4970,909,9273,9273,9273,9273,9273,9273,TRUE,TRUE
3726,24.2110177384621,25.7960348840783,624.548258160408,2881,6983,9273,9273,9273,9273,9273,9273,TRUE,TRUE
3727,26.4888435351221,25.6954256753276,680.642110282113,4034,6768,9273,9273,9273,9273,9273,9273,TRUE,TRUE
3728,8.34097179539802,25.37736966514,211.671924618322,2858,8707,9273,9273,9273,9273,9273,9273,TRUE,TRUE
3729,38.1569574664189,37.0955060665424,1415.45164717634,7306,4500,9273,9273,9273,9273,9273,9273,TRUE,TRUE
3730,18.3690085092393,21.5243373200445,395.380735387635,1953,7943,9273,9273,9273,9273,9273,9273,TRUE,TRUE
3731,46.2485912958781,57.5648790868123,2662.29456588262,2024,2567,9273,9273,9273,9273,9273,9273,TRUE,TRUE
3732,31.984808542196,16.3364400446994,522.517907090774,794,7414,9273,9273,9273,9273,9273,9273,TRUE,TRUE
3733,35.221173286438,65.145925911524,2294.51594543524,1158,2989,9273,9273,9273,9273,9273,9273,TRUE,TRUE
3734,8.94941005675621,34.0247433325824,304.501380159161,7027,8350,9273,9273,9273,9273,9273,9273,TRUE,TRUE
3735,46.7651646282751,87.7460880234768,4103.46025190501,770,1581,9273,9273,9273,9273,9273,9273,TRUE,TRUE
3736,15.7272723078728,16.7474836826324,263.392236348416,6580,8503,9273,9273,9273,9273,9273,9273,TRUE,TRUE
3737,10.4952991927542,9.82235881526296,103.088594544772,4690,9053,9273,9273,9273,9273,9273,9273,TRUE,TRUE
3738,10.1572133210989,1.37072113844065,13.9227070068812,6197,9243,9273,9273,9273,9273,9273,9273,TRUE,TRUE
3739,88.3968845400796,83.3968070728091,7372.0179258264,5528,682,9273,9273,9273,9273,9273,9273,TRUE,TRUE
3740,22.3026609053544,27.5312763141795,614.02071992676,5690,7040,9273,9273,9273,9273,9273,9273,TRUE,TRUE
3741,26.1535335099697,25.8380001878738,675.755003744162,1328,6788,9273,9273,9273,9273,9273,9273,TRUE,TRUE
3742,44.8504869771004,46.5847868204117,2089.35037461987,6335,3247,9273,9273,9273,9273,9273,9273,TRUE,TRUE
3743,55.2833979138099,25.4029517838349,1404.36149165107,6075,4522,9273,9273,9273,9273,9273,9273,TRUE,TRUE
3744,46.3116618069736,37.1489573437631,1720.42994898605,6305,3845,9273,9273,9273,9273,9273,9273,TRUE,TRUE
3745,61.9496320589384,119.601563647588,7409.27286164178,8868,678,9273,9273,9273,9273,9273,9273,TRUE,TRUE
3746,41.6896954143749,41.9064229195859,1747.06600742351,275,3791,9273,9273,9273,9273,9273,9273,TRUE,TRUE
3747,105.443119662264,106.024302774678,11179.5332445784,1643,329,9273,9273,9273,9273,9273,9273,TRUE,TRUE
3748,17.9404824467806,14.1967167074864,254.695946892576,3949,8535,9273,9273,9273,9273,9273,9273,TRUE,TRUE
3749,56.3269648263621,39.9484270761179,2250.17364678499,2320,3045,9273,9273,9273,9273,9273,9273,TRUE,TRUE
3750,85.0078465855999,72.2469849070429,6141.56060925006,5031,901,9273,9273,9273,9273,9273,9273,TRUE,TRUE
3751,78.6571985229733,52.4423817612055,4124.97083320869,5303,1569,9273,9273,9273,9273,9273,9273,TRUE,TRUE
3752,7.21246628119395,6.4130123257637,46.2536351604519,3546,9201,9273,9273,9273,9273,9273,9273,TRUE,TRUE
3753,32.6842874380258,46.6194475614108,1523.72342429912,9095,4242,9273,9273,9273,9273,9273,9273,TRUE,TRUE
3754,20.6659571083167,15.7415789766274,325.314795948161,7468,8266,9273,9273,9273,9273,9273,9273,TRUE,TRUE
3755,25.0959842596481,42.6169256238795,1069.51369465147,1104,5447,9273,9273,9273,9273,9273,9273,TRUE,TRUE
3756,68.5453621512246,105.401377394208,7224.77558472387,6880,702,9273,9273,9273,9273,9273,9273,TRUE,TRUE
3757,60.8857422120581,52.8788995374426,3219.57104569405,1659,2103,9273,9273,9273,9273,9273,9273,TRUE,TRUE
3758,106.066497558571,222.078314195196,23555.0689703963,2653,78,9273,9273,9273,9273,9273,9273,TRUE,TRUE
3759,88.8408590031233,66.8544067070548,5939.40291999891,7074,946,9273,9273,9273,9273,9273,9273,TRUE,TRUE
3760,26.2592851210614,109.118600574805,2865.37644450501,8277,2391,9273,9273,9273,9273,9273,9273,TRUE,TRUE
3761,41.6787134427291,36.0890134224525,1504.1436488652,5737,4290,9273,9273,9273,9273,9273,9273,TRUE,TRUE
3762,19.7945312786769,30.0845549289997,595.509663547158,5643,7108,9273,9273,9273,9273,9273,9273,TRUE,TRUE
3763,4.5771523296833,26.6653386712074,122.051317020711,7294,9019,9273,9273,9273,9273,9273,9273,TRUE,TRUE
3764,18.5748967456818,69.8618523597717,1297.67669404482,455,4792,9273,9273,9273,9273,9273,9273,TRUE,TRUE
3765,56.3276829531543,158.62654840818,8935.06592668916,189,502,9273,9273,9273,9273,9273,9273,TRUE,TRUE
3766,19.2894861068726,9.73444895553589,187.77251788587,210,8801,9273,9273,9273,9273,9273,9273,TRUE,TRUE
3767,35.9225917091203,24.9628277989321,896.729470926117,4683,5987,9273,9273,9273,9273,9273,9273,TRUE,TRUE
3768,26.031492857933,81.8034086465836,2129.46484793812,2504,3202,9273,9273,9273,9273,9273,9273,TRUE,TRUE
3769,28.9121816300509,59.442376658791,1718.60879048087,7466,3850,9273,9273,9273,9273,9273,9273,TRUE,TRUE
3770,13.3604689387952,76.938059001858,1027.92854750551,8148,5560,9273,9273,9273,9273,9273,9273,TRUE,TRUE
3771,25.7692610825363,25.3305686618152,652.750037215429,8685,6874,9273,9273,9273,9273,9273,9273,TRUE,TRUE
3772,20.222661614418,58.4855856060982,1182.7342070332,418,5123,9273,9273,9273,9273,9273,9273,TRUE,TRUE
3773,63.0126797481071,100.542377081892,6335.44460817471,3797,850,9273,9273,9273,9273,9273,9273,TRUE,TRUE
3774,32.6329284690277,73.4209665220383,2395.94114864055,5362,2879,9273,9273,9273,9273,9273,9273,TRUE,TRUE
3775,26.827933424049,58.9027808719211,1580.23988372324,2771,4106,9273,9273,9273,9273,9273,9273,TRUE,TRUE
3776,86.4077443549799,225.819721183112,19512.5727383032,3349,126,9273,9273,9273,9273,9273,9273,TRUE,TRUE
3777,39.6206056134792,39.6324983971559,1570.26358847056,5715,4129,9273,9273,9273,9273,9273,9273,TRUE,TRUE
3778,25.2568694636935,26.1531897385915,660.547699286815,4623,6848,9273,9273,9273,9273,9273,9273,TRUE,TRUE
3779,30.6330594330931,79.9022479864736,2447.65031140739,1388,2807,9273,9273,9273,9273,9273,9273,TRUE,TRUE
3780,45.811882909139,23.3442567436783,1069.44435654227,4467,5448,9273,9273,9273,9273,9273,9273,TRUE,TRUE
3781,131.522274569268,176.289648454107,23186.0155477009,1365,84,9273,9273,9273,9273,9273,9273,TRUE,TRUE
3782,44.4488917505098,30.8431605976152,1370.94430664699,6752,4621,9273,9273,9273,9273,9273,9273,TRUE,TRUE
3783,98.6242388634586,66.2667882105803,6535.51154919449,1924,808,9273,9273,9273,9273,9273,9273,TRUE,TRUE
3784,10.853185775012,30.0955226040451,326.632297817773,6966,8263,9273,9273,9273,9273,9273,9273,TRUE,TRUE
3785,12.2935725908475,29.6217277644317,364.156860538364,5691,8096,9273,9273,9273,9273,9273,9273,TRUE,TRUE
3786,30.3478682398796,31.438364481926,954.0873429748,918,5785,9273,9273,9273,9273,9273,9273,TRUE,TRUE
3787,30.0597914537257,59.7292256452599,1795.44806658904,4500,3719,9273,9273,9273,9273,9273,9273,TRUE,TRUE
3788,43.8103762782282,29.6988655626774,1301.11847533741,4101,4785,9273,9273,9273,9273,9273,9273,TRUE,TRUE
3789,66.3799632722681,104.300883124091,6923.48879104232,8314,746,9273,9273,9273,9273,9273,9273,TRUE,TRUE
3790,170.829463362492,297.927705445265,50894.8300420333,6117,15,9273,9273,9273,9273,9273,9273,TRUE,TRUE
3791,88.4630640042134,40.9257139792809,3620.41405516726,3746,1843,9273,9273,9273,9273,9273,9273,TRUE,TRUE
3792,61.2318610708356,69.2725231813424,4241.68551546619,5850,1517,9273,9273,9273,9273,9273,9273,TRUE,TRUE
3793,55.7932829770175,194.716549474543,10863.8755451416,8796,361,9273,9273,9273,9273,9273,9273,TRUE,TRUE
3794,6.43875984675219,14.9793091436633,96.448174246307,4993,9078,9273,9273,9273,9273,9273,9273,TRUE,TRUE
3795,95.0632750079745,92.6877047646613,8811.19676790095,6306,514,9273,9273,9273,9273,9273,9273,TRUE,TRUE
3796,13.4817836880684,20.1103699207306,271.123657158327,3150,8473,9273,9273,9273,9273,9273,9273,TRUE,TRUE
3797,30.9576831014916,56.7817107704529,1757.83020799224,7949,3773,9273,9273,9273,9273,9273,9273,TRUE,TRUE
3798,27.1588736058098,36.0745320009859,979.743655003516,6560,5710,9273,9273,9273,9273,9273,9273,TRUE,TRUE
3799,21.9703210067749,58.2692233324051,1280.1935414284,8623,4841,9273,9273,9273,9273,9273,9273,TRUE,TRUE
3800,17.5952701496554,22.6587964676239,398.687645113899,8130,7930,9273,9273,9273,9273,9273,9273,TRUE,TRUE
3801,12.9515324498786,18.3201082573562,237.273476580439,3001,8609,9273,9273,9273,9273,9273,9273,TRUE,TRUE
3802,16.0923858913568,27.5427428490477,443.228446433283,3059,7718,9273,9273,9273,9273,9273,9273,TRUE,TRUE
3803,5.50084163787517,7.79933604788273,42.9029124799741,7202,9203,9273,9273,9273,9273,9273,9273,TRUE,TRUE
3804,24.775197025173,29.0046146224681,718.595041910861,1111,6631,9273,9273,9273,9273,9273,9273,TRUE,TRUE
3805,28.9085199259032,98.4271757308751,2845.38397086638,2475,2404,9273,9273,9273,9273,9273,9273,TRUE,TRUE
3806,27.312208405606,37.4347826768904,1022.4265860898,1317,5575,9273,9273,9273,9273,9273,9273,TRUE,TRUE
3807,7.40111211657524,16.8010836601257,124.346703848551,2161,9016,9273,9273,9273,9273,9273,9273,TRUE,TRUE
3808,5.32364112339663,30.5188036715047,162.47115826249,2514,8895,9273,9273,9273,9273,9273,9273,TRUE,TRUE
3809,48.5229531251771,49.5782886626906,2405.68497680624,5336,2866,9273,9273,9273,9273,9273,9273,TRUE,TRUE
3810,64.4281888326009,58.8517346865889,3791.71067551368,8675,1737,9273,9273,9273,9273,9273,9273,TRUE,TRUE
3811,46.1032581169064,72.9529904277385,3363.37054809023,119,2024,9273,9273,9273,9273,9273,9273,TRUE,TRUE
3812,56.1405268151776,46.2786495919321,2598.10776838607,5029,2640,9273,9273,9273,9273,9273,9273,TRUE,TRUE
3813,24.272748529911,32.2179597914219,782.018436163969,3456,6378,9273,9273,9273,9273,9273,9273,TRUE,TRUE
3814,12.3079208875957,26.3136415067472,323.8662179296,3256,8276,9273,9273,9273,9273,9273,9273,TRUE,TRUE
3815,9.27565611898899,60.922393600146,565.09517298065,71,7226,9273,9273,9273,9273,9273,9273,TRUE,TRUE
3816,127.934609879264,279.798101119858,35795.8609117279,6200,32,9273,9273,9273,9273,9273,9273,TRUE,TRUE
3817,39.4051770322463,38.9757514841416,1535.84638719744,4559,4210,9273,9273,9273,9273,9273,9273,TRUE,TRUE
3818,39.846056719004,85.9184786932809,3423.51257522301,6496,1974,9273,9273,9273,9273,9273,9273,TRUE,TRUE
3819,10.0597371748178,23.0113721853829,231.488356216866,1886,8627,9273,9273,9273,9273,9273,9273,TRUE,TRUE
3820,7.14694479976113,26.0374521871251,186.088233507803,2822,8805,9273,9273,9273,9273,9273,9273,TRUE,TRUE
3821,20.4234357116246,115.888635951694,2366.84410606728,6221,2911,9273,9273,9273,9273,9273,9273,TRUE,TRUE
3822,49.7213111852951,46.8362774517601,2328.76112593979,1306,2955,9273,9273,9273,9273,9273,9273,TRUE,TRUE
3823,26.5879950385827,33.3867630316661,887.687089840275,6164,6023,9273,9273,9273,9273,9273,9273,TRUE,TRUE
3824,90.496422587189,146.298038245182,13239.4490927128,2613,254,9273,9273,9273,9273,9273,9273,TRUE,TRUE
3825,32.9619736580288,41.695719888631,1374.3732206216,8266,4610,9273,9273,9273,9273,9273,9273,TRUE,TRUE
3826,9.65465088871038,11.4195886950627,110.252142143494,1269,9041,9273,9273,9273,9273,9273,9273,TRUE,TRUE
3827,81.2749962972558,105.543481755602,8578.04608888606,4345,540,9273,9273,9273,9273,9273,9273,TRUE,TRUE
3828,44.7502433808295,77.0958888504531,3450.05978971916,3025,1949,9273,9273,9273,9273,9273,9273,TRUE,TRUE
3829,57.7874042569545,88.1922514375887,5096.40128615492,6032,1170,9273,9273,9273,9273,9273,9273,TRUE,TRUE
3830,30.960256025761,47.7101625279535,1477.11884689611,6672,4350,9273,9273,9273,9273,9273,9273,TRUE,TRUE
3831,43.3973600235453,120.385731275828,5224.42292187487,5962,1133,9273,9273,9273,9273,9273,9273,TRUE,TRUE
3832,69.8554004556389,162.372051259523,11342.5646635375,3972,321,9273,9273,9273,9273,9273,9273,TRUE,TRUE
3833,8.98784963190556,12.7280865550041,114.398128058256,8714,9032,9273,9273,9273,9273,9273,9273,TRUE,TRUE
3834,12.9253378951899,78.1685116101508,1010.35442532527,485,5614,9273,9273,9273,9273,9273,9273,TRUE,TRUE
3835,39.4857963746594,28.9519918766989,1143.19245588412,3483,5245,9273,9273,9273,9273,9273,9273,TRUE,TRUE
3836,15.0872718604036,40.650962866554,613.312128154872,6878,7044,9273,9273,9273,9273,9273,9273,TRUE,TRUE
3837,29.9428499227762,22.9105687618256,686.007722080788,6323,6748,9273,9273,9273,9273,9273,9273,TRUE,TRUE
3838,28.7500253677368,25.1252324914932,722.351071500716,2118,6607,9273,9273,9273,9273,9273,9273,TRUE,TRUE
3839,34.1244232310805,26.2494593975156,895.747662067886,3103,5989,9273,9273,9273,9273,9273,9273,TRUE,TRUE
3840,39.2553560712696,23.8191667531444,935.02987221563,2558,5859,9273,9273,9273,9273,9273,9273,TRUE,TRUE
3841,32.6419630606198,39.4941529255469,1289.16668090617,3874,4816,9273,9273,9273,9273,9273,9273,TRUE,TRUE
3842,14.9351160085064,35.0241834234917,523.090242533057,948,7413,9273,9273,9273,9273,9273,9273,TRUE,TRUE
3843,36.7172530529546,40.4303848958483,1484.49267324921,6531,4339,9273,9273,9273,9273,9273,9273,TRUE,TRUE
3844,17.3951139931727,65.4660520890747,1138.78943877244,4347,5259,9273,9273,9273,9273,9273,9273,TRUE,TRUE
3845,29.4791391711214,42.8897878597309,1264.35402533688,3744,4886,9273,9273,9273,9273,9273,9273,TRUE,TRUE
3846,42.7506058572784,60.1326908502053,2570.7089656747,8831,2665,9273,9273,9273,9273,9273,9273,TRUE,TRUE
3847,28.2349226963089,30.9461229680532,873.761389753453,1565,6075,9273,9273,9273,9273,9273,9273,TRUE,TRUE
3848,20.8344166090614,48.869143159766,1018.16008791843,7947,5587,9273,9273,9273,9273,9273,9273,TRUE,TRUE
3849,33.4894539117813,25.8539228826761,865.83375881813,3487,6099,9273,9273,9273,9273,9273,9273,TRUE,TRUE
3850,52.6979300938893,11.6089649584271,611.768423841603,3769,7049,9273,9273,9273,9273,9273,9273,TRUE,TRUE
3851,23.933317370531,45.9659566181462,1100.11782798215,1241,5373,9273,9273,9273,9273,9273,9273,TRUE,TRUE
3852,46.6991530490178,35.9671153099306,1679.63382259012,8194,3922,9273,9273,9273,9273,9273,9273,TRUE,TRUE
3853,23.9881546373721,198.44500134786,4760.32937934596,8583,1292,9273,9273,9273,9273,9273,9273,TRUE,TRUE
3854,37.4460317758193,65.9253228917179,2468.64173583441,5378,2787,9273,9273,9273,9273,9273,9273,TRUE,TRUE
3855,23.1782946982364,47.9132550158481,1110.54754470908,1433,5339,9273,9273,9273,9273,9273,9273,TRUE,TRUE
3856,27.2756463466597,24.1237578247533,657.991086980435,2993,6861,9273,9273,9273,9273,9273,9273,TRUE,TRUE
3857,36.5284028685093,81.2051675796509,2966.2950763543,6041,2300,9273,9273,9273,9273,9273,9273,TRUE,TRUE
3858,49.2884602221576,50.685387331289,2498.20469732289,3132,2745,9273,9273,9273,9273,9273,9273,TRUE,TRUE
3859,42.7755395889282,24.6288480758667,1053.51226589893,183,5497,9273,9273,9273,9273,9273,9273,TRUE,TRUE
3860,54.1386199841,84.2626937442738,4561.86595545784,3988,1367,9273,9273,9273,9273,9273,9273,TRUE,TRUE
3861,85.1694237546223,7.0159748705422,597.54653680099,1151,7099,9273,9273,9273,9273,9273,9273,TRUE,TRUE
3862,93.9919870870673,116.254764465635,10927.016320464,5206,353,9273,9273,9273,9273,9273,9273,TRUE,TRUE
3863,91.255390906856,50.1226459001973,4573.96164490843,6455,1360,9273,9273,9273,9273,9273,9273,TRUE,TRUE
3864,57.4426374967518,75.3196107901217,4326.5570990134,5035,1471,9273,9273,9273,9273,9273,9273,TRUE,TRUE
3865,79.9407011444806,100.752848400707,8054.25334345609,4832,594,9273,9273,9273,9273,9273,9273,TRUE,TRUE
3866,17.386353728787,54.8066823277252,952.88836565109,784,5790,9273,9273,9273,9273,9273,9273,TRUE,TRUE
3867,12.1401513966647,57.9474960760637,703.491375421047,2007,6689,9273,9273,9273,9273,9273,9273,TRUE,TRUE
3868,18.4195401835442,70.309890036583,1295.07584482941,8927,4803,9273,9273,9273,9273,9273,9273,TRUE,TRUE
3869,55.8729646772873,50.151749852227,2802.12694799763,1218,2433,9273,9273,9273,9273,9273,9273,TRUE,TRUE
3870,33.9873942184448,29.809175863266,1013.13621139177,7676,5607,9273,9273,9273,9273,9273,9273,TRUE,TRUE
3871,70.201785196546,89.3615248904509,6273.33857519523,8024,871,9273,9273,9273,9273,9273,9273,TRUE,TRUE
3872,29.6430249296103,33.1542609237723,982.792583086188,5442,5697,9273,9273,9273,9273,9273,9273,TRUE,TRUE
3873,30.1778990609305,30.9433871859596,933.80641510118,576,5864,9273,9273,9273,9273,9273,9273,TRUE,TRUE
3874,38.7587545317411,44.4336859750748,1722.19432764839,3499,3841,9273,9273,9273,9273,9273,9273,TRUE,TRUE
3875,30.5456978510011,50.1918947471763,1533.14645151649,7891,4219,9273,9273,9273,9273,9273,9273,TRUE,TRUE
3876,92.0760385867727,106.436673521121,9800.26725817848,8303,424,9273,9273,9273,9273,9273,9273,TRUE,TRUE
3877,34.0567786344841,109.65152232042,3734.37762260074,2099,1763,9273,9273,9273,9273,9273,9273,TRUE,TRUE
3878,13.6968610705979,26.4249706518619,361.939151813179,5334,8106,9273,9273,9273,9273,9273,9273,TRUE,TRUE
3879,41.3267835275153,34.9428939850001,1444.07741554302,1803,4425,9273,9273,9273,9273,9273,9273,TRUE,TRUE
3880,20.2490710219698,62.9827001357193,1275.34116820361,6918,4854,9273,9273,9273,9273,9273,9273,TRUE,TRUE
3881,69.5216183309506,108.006885456341,7508.81346781046,536,664,9273,9273,9273,9273,9273,9273,TRUE,TRUE
3882,27.9705732179888,39.7532533032339,1111.92128217136,3685,5334,9273,9273,9273,9273,9273,9273,TRUE,TRUE
3883,25.8843405098055,44.1372524720258,1142.46367215317,5864,5248,9273,9273,9273,9273,9273,9273,TRUE,TRUE
3884,40.8992696135012,122.129839675067,4995.02124072424,6648,1203,9273,9273,9273,9273,9273,9273,TRUE,TRUE
3885,57.2030717353959,101.604111964091,5812.06730529312,7400,970,9273,9273,9273,9273,9273,9273,TRUE,TRUE
3886,26.6047251545198,36.0777988629034,959.839922927592,4575,5773,9273,9273,9273,9273,9273,9273,TRUE,TRUE
3887,141.161830690414,143.562266162113,20265.5123095084,8030,111,9273,9273,9273,9273,9273,9273,TRUE,TRUE
3888,14.4865853322877,37.4771444532606,542.915851132632,4546,7320,9273,9273,9273,9273,9273,9273,TRUE,TRUE
3889,59.0615668697791,17.4027708226984,1027.83491266424,804,5561,9273,9273,9273,9273,9273,9273,TRUE,TRUE
3890,21.975125660067,36.1920453845591,795.324745220534,778,6328,9273,9273,9273,9273,9273,9273,TRUE,TRUE
3891,32.4048467473396,67.0908618402707,2174.06909608091,5650,3144,9273,9273,9273,9273,9273,9273,TRUE,TRUE
3892,28.3991019353271,69.4475621879101,1972.24839773442,5562,3404,9273,9273,9273,9273,9273,9273,TRUE,TRUE
3893,48.8681156846981,51.9980139989173,2541.04496347364,1234,2702,9273,9273,9273,9273,9273,9273,TRUE,TRUE
3894,23.153881044741,60.4537334689388,1399.73855345029,5793,4535,9273,9273,9273,9273,9273,9273,TRUE,TRUE
3895,29.8962347361079,42.1366646310739,1259.72761680724,6336,4899,9273,9273,9273,9273,9273,9273,TRUE,TRUE
3896,74.7256395887405,69.4448659794749,5189.31202647063,5270,1147,9273,9273,9273,9273,9273,9273,TRUE,TRUE
3897,17.3936347971883,36.3531586998387,632.313566149223,660,6952,9273,9273,9273,9273,9273,9273,TRUE,TRUE
3898,26.4648081396044,45.7423820102338,1210.56336374933,1277,5051,9273,9273,9273,9273,9273,9273,TRUE,TRUE
3899,26.4423703309262,57.1143908645168,1510.23987446482,1446,4279,9273,9273,9273,9273,9273,9273,TRUE,TRUE
3900,52.3386052495555,21.0750279175608,1103.03756680058,8111,5361,9273,9273,9273,9273,9273,9273,TRUE,TRUE
3901,56.614600711457,193.287459007969,10942.8923142683,2573,351,9273,9273,9273,9273,9273,9273,TRUE,TRUE
3902,18.4432540703746,8.15586395634031,150.420671110195,7592,8939,9273,9273,9273,9273,9273,9273,TRUE,TRUE
3903,56.5648012498312,166.867599503166,9438.83260093303,6588,460,9273,9273,9273,9273,9273,9273,TRUE,TRUE
3904,22.1878947942637,29.7847073068879,660.859952203166,5786,6845,9273,9273,9273,9273,9273,9273,TRUE,TRUE
3905,33.9541042396,34.529488001551,1172.41783494468,2045,5162,9273,9273,9273,9273,9273,9273,TRUE,TRUE
3906,12.5018066967515,36.2925091978915,453.721934532114,2272,7681,9273,9273,9273,9273,9273,9273,TRUE,TRUE
3907,67.7150232262082,87.4089144176907,5918.89666997157,3329,953,9273,9273,9273,9273,9273,9273,TRUE,TRUE
3908,53.0085145008715,55.2624633342405,2929.38108900697,7105,2333,9273,9273,9273,9273,9273,9273,TRUE,TRUE
3909,31.0155798019024,39.2560947255084,1217.55053867005,7110,5019,9273,9273,9273,9273,9273,9273,TRUE,TRUE
3910,26.8641247538777,38.025561833072,1021.52343691994,4157,5578,9273,9273,9273,9273,9273,9273,TRUE,TRUE
3911,58.0957017638874,110.776223220736,6435.62242676167,666,825,9273,9273,9273,9273,9273,9273,TRUE,TRUE
3912,42.0443926671944,37.4281412304038,1573.64346669431,8596,4125,9273,9273,9273,9273,9273,9273,TRUE,TRUE
3913,15.1646860801812,33.9608449141184,515.005552140326,2525,7446,9273,9273,9273,9273,9273,9273,TRUE,TRUE
3914,36.7908467251322,48.9791706997415,1801.98516193827,9034,3706,9273,9273,9273,9273,9273,9273,TRUE,TRUE
3915,48.4015522224316,72.5095382358717,3509.57420154794,4766,1915,9273,9273,9273,9273,9273,9273,TRUE,TRUE
3916,32.3151037679704,24.304238724309,785.39399637757,6624,6360,9273,9273,9273,9273,9273,9273,TRUE,TRUE
3917,17.6394251339308,48.0946725889017,848.362376472846,4288,6151,9273,9273,9273,9273,9273,9273,TRUE,TRUE
3918,49.5573504663649,30.5837674322582,1515.65048122222,6160,4266,9273,9273,9273,9273,9273,9273,TRUE,TRUE
3919,36.2520430159365,41.0072725878822,1486.59740982214,1060,4333,9273,9273,9273,9273,9273,9273,TRUE,TRUE
3920,30.0034436282545,96.3637745891861,2891.24507869247,5563,2362,9273,9273,9273,9273,9273,9273,TRUE,TRUE
3921,39.8860273689837,88.0370795520576,3511.44936449877,7173,1911,9273,9273,9273,9273,9273,9273,TRUE,TRUE
3922,66.3140210800983,83.9376296071296,5566.24173918067,3852,1046,9273,9273,9273,9273,9273,9273,TRUE,TRUE
3923,47.8168941434804,45.5485527173262,2177.99032367312,3245,3139,9273,9273,9273,9273,9273,9273,TRUE,TRUE
3924,76.3544277363953,133.161503894819,10167.4704264067,3309,402,9273,9273,9273,9273,9273,9273,TRUE,TRUE
3925,20.0710395234656,20.3853841881197,409.15585174078,5429,7880,9273,9273,9273,9273,9273,9273,TRUE,TRUE
3926,31.5201782201364,14.073328715999,443.59382927885,6462,7716,9273,9273,9273,9273,9273,9273,TRUE,TRUE
3927,15.4123487763993,33.1659071445465,511.164528397424,4560,7458,9273,9273,9273,9273,9273,9273,TRUE,TRUE
3928,23.247350067255,42.438311287335,986.578278759818,7915,5685,9273,9273,9273,9273,9273,9273,TRUE,TRUE
3929,76.7081482010809,77.6991713859818,5960.15955377708,3292,944,9273,9273,9273,9273,9273,9273,TRUE,TRUE
3930,23.2537057014833,41.625450063039,967.945965457699,7909,5747,9273,9273,9273,9273,9273,9273,TRUE,TRUE
3931,9.55230144832445,34.7833904070345,332.261430562751,209,8236,9273,9273,9273,9273,9273,9273,TRUE,TRUE
3932,47.3205591870338,29.4189393118894,1392.12065892802,1350,4554,9273,9273,9273,9273,9273,9273,TRUE,TRUE
3933,63.7466209237661,79.834498675716,5089.17952371978,2615,1171,9273,9273,9273,9273,9273,9273,TRUE,TRUE
3934,95.839795292172,118.909009969384,11396.2151738606,7349,317,9273,9273,9273,9273,9273,9273,TRUE,TRUE
3935,32.6131595227487,27.3098424664162,890.660248898367,7203,6016,9273,9273,9273,9273,9273,9273,TRUE,TRUE
3936,252.920482041356,140.025203327021,35415.2419234089,4290,34,9273,9273,9273,9273,9273,9273,TRUE,TRUE
3937,29.9899452232066,17.3305121443218,519.741109898328,1206,7424,9273,9273,9273,9273,9273,9273,TRUE,TRUE
3938,45.9498273159067,27.1608248892285,1248.03521341763,7906,4927,9273,9273,9273,9273,9273,9273,TRUE,TRUE
3939,52.7396226834514,65.6690570271305,3463.36128958891,5076,1940,9273,9273,9273,9273,9273,9273,TRUE,TRUE
3940,45.0708626813667,208.669619203168,9404.91975287907,4478,465,9273,9273,9273,9273,9273,9273,TRUE,TRUE
3941,31.4040068742391,34.6295574119499,1087.50685901673,1862,5402,9273,9273,9273,9273,9273,9273,TRUE,TRUE
3942,30.3977430968725,37.0932737238267,1127.55180527886,2942,5286,9273,9273,9273,9273,9273,9273,TRUE,TRUE
3943,27.3295259022161,28.4925919388131,778.689029413067,2857,6384,9273,9273,9273,9273,9273,9273,TRUE,TRUE
3944,9.32634597488596,33.7052646226521,314.346959045938,8333,8317,9273,9273,9273,9273,9273,9273,TRUE,TRUE
3945,14.4192803587232,64.2378383850565,926.263401312482,2387,5889,9273,9273,9273,9273,9273,9273,TRUE,TRUE
3946,35.0527164613878,39.434106099713,1382.27254002152,3414,4589,9273,9273,9273,9273,9273,9273,TRUE,TRUE
3947,23.8538504852921,40.4058238737148,963.834481418639,7766,5756,9273,9273,9273,9273,9273,9273,TRUE,TRUE
3948,19.7510780954361,18.5829989814758,367.034264130539,589,8082,9273,9273,9273,9273,9273,9273,TRUE,TRUE
3949,37.8599293570085,46.8115867129239,1772.28336604078,2376,3748,9273,9273,9273,9273,9273,9273,TRUE,TRUE
3950,46.2882480911797,79.4180479727421,3676.1223074795,5395,1800,9273,9273,9273,9273,9273,9273,TRUE,TRUE
3951,50.4577168776652,53.9718244114498,2723.29503552399,7034,2516,9273,9273,9273,9273,9273,9273,TRUE,TRUE
3952,9.67579432487488,18.8783186035156,182.662728007076,766,8820,9273,9273,9273,9273,9273,9273,TRUE,TRUE
3953,53.4832749298641,36.511418574197,1952.75023768312,2006,3431,9273,9273,9273,9273,9273,9273,TRUE,TRUE
3954,22.2209157532659,9.45829231163551,210.171916626615,4507,8716,9273,9273,9273,9273,9273,9273,TRUE,TRUE
3955,38.4401019130434,68.1054149960715,2617.9790932791,1444,2617,9273,9273,9273,9273,9273,9273,TRUE,TRUE
3956,64.7680287492275,30.7001428461075,1988.38773446208,7885,3379,9273,9273,9273,9273,9273,9273,TRUE,TRUE
3957,43.9994768950404,92.9929216345962,4091.63990686372,8981,1588,9273,9273,9273,9273,9273,9273,TRUE,TRUE
3958,6.68541249632835,9.1005851149559,60.841165451426,590,9178,9273,9273,9273,9273,9273,9273,TRUE,TRUE
3959,59.7832363803561,84.906938991199,5076.01160404332,6112,1177,9273,9273,9273,9273,9273,9273,TRUE,TRUE
3960,116.678713734503,226.595273706648,26438.8450744094,1191,61,9273,9273,9273,9273,9273,9273,TRUE,TRUE
3961,36.566403463775,98.058923127085,3585.66214628829,2031,1865,9273,9273,9273,9273,9273,9273,TRUE,TRUE
3962,16.1911363509985,20.0034308348887,323.878276135451,8035,8275,9273,9273,9273,9273,9273,9273,TRUE,TRUE
3963,19.8280324073293,27.5028990021902,545.328372710933,7663,7311,9273,9273,9273,9273,9273,9273,TRUE,TRUE
3964,33.2189812604338,38.1444512121379,1267.11981000554,5282,4878,9273,9273,9273,9273,9273,9273,TRUE,TRUE
3965,72.8906429721049,64.7975370747473,4723.13414038714,8304,1309,9273,9273,9273,9273,9273,9273,TRUE,TRUE
3966,70.1089450291225,88.6056424095517,6212.04811296135,1626,886,9273,9273,9273,9273,9273,9273,TRUE,TRUE
3967,39.4626912375901,19.6152995671231,774.072510350214,200,6414,9273,9273,9273,9273,9273,9273,TRUE,TRUE
3968,26.4466869089888,28.6217099026695,756.949400595803,1610,6493,9273,9273,9273,9273,9273,9273,TRUE,TRUE
3969,29.0916486332536,143.678018676502,4179.83043565885,457,1543,9273,9273,9273,9273,9273,9273,TRUE,TRUE
3970,49.2083696490769,72.4122019927378,3563.28640276227,4879,1881,9273,9273,9273,9273,9273,9273,TRUE,TRUE
3971,16.0371122958949,51.4374380133077,824.907969632548,4179,6225,9273,9273,9273,9273,9273,9273,TRUE,TRUE
3972,26.0915358349428,66.1213358378006,1725.20720346627,5315,3832,9273,9273,9273,9273,9273,9273,TRUE,TRUE
3973,25.0772216002146,35.1295192294651,880.950738426297,7258,6050,9273,9273,9273,9273,9273,9273,TRUE,TRUE
3974,32.2735189397131,42.3288721726767,1366.10165776158,3989,4632,9273,9273,9273,9273,9273,9273,TRUE,TRUE
3975,32.5953978324423,49.2914721119161,1606.67514323464,171,4060,9273,9273,9273,9273,9273,9273,TRUE,TRUE
3976,35.787711714754,32.8409818139407,1175.30358958679,2782,5156,9273,9273,9273,9273,9273,9273,TRUE,TRUE
3977,13.7480798256397,25.4307264995575,349.623657939928,8218,8151,9273,9273,9273,9273,9273,9273,TRUE,TRUE
3978,7.29746887544404,22.7545574422002,166.05067470896,8698,8879,9273,9273,9273,9273,9273,9273,TRUE,TRUE
3979,11.6364728801756,42.5373435463604,494.984644571934,2867,7520,9273,9273,9273,9273,9273,9273,TRUE,TRUE
3980,139.279040885298,105.904628707938,14750.2951117552,6355,208,9273,9273,9273,9273,9273,9273,TRUE,TRUE
3981,13.2598582738638,25.087067360878,332.650957712116,8862,8234,9273,9273,9273,9273,9273,9273,TRUE,TRUE
3982,13.6936140114611,25.6297513652932,350.963922406042,508,8140,9273,9273,9273,9273,9273,9273,TRUE,TRUE
3983,62.8317374587059,42.3507200721651,2660.96932476143,2227,2571,9273,9273,9273,9273,9273,9273,TRUE,TRUE
3984,92.1972291373351,37.0198940696203,3413.13165617666,9258,1981,9273,9273,9273,9273,9273,9273,TRUE,TRUE
3985,42.1307172875934,16.1788120269775,681.624955557707,1624,6764,9273,9273,9273,9273,9273,9273,TRUE,TRUE
3986,34.1205562880165,80.4749654882833,2745.85058971915,2108,2498,9273,9273,9273,9273,9273,9273,TRUE,TRUE
3987,13.0308197790231,81.4271115278586,1061.06201544594,389,5473,9273,9273,9273,9273,9273,9273,TRUE,TRUE
3988,24.2298303559393,70.7691287499464,1714.72398404883,8103,3860,9273,9273,9273,9273,9273,9273,TRUE,TRUE
3989,52.0089124382132,31.6311826800356,1645.1034103231,6920,3974,9273,9273,9273,9273,9273,9273,TRUE,TRUE
3990,20.2466117894813,30.3032882877681,613.538913907175,7727,7043,9273,9273,9273,9273,9273,9273,TRUE,TRUE
3991,21.1724575096779,42.244870305544,894.427721545983,7452,5999,9273,9273,9273,9273,9273,9273,TRUE,TRUE
3992,8.22474088585168,8.5523843472464,70.3411452123154,4853,9152,9273,9273,9273,9273,9273,9273,TRUE,TRUE
3993,32.484812815436,36.3408740361532,1180.52649061377,5059,5132,9273,9273,9273,9273,9273,9273,TRUE,TRUE
3994,30.5533755623119,36.0509687880395,1101.47878876616,4122,5368,9273,9273,9273,9273,9273,9273,TRUE,TRUE
3995,18.3061811975586,31.9028541763108,584.019429270835,946,7152,9273,9273,9273,9273,9273,9273,TRUE,TRUE
3996,25.7500206841363,76.6594963679238,1973.98361710951,6659,3400,9273,9273,9273,9273,9273,9273,TRUE,TRUE
3997,24.1515370726084,33.2536810838825,803.127511498084,6285,6302,9273,9273,9273,9273,9273,9273,TRUE,TRUE
3998,48.9254003408049,73.0586011195018,3574.4213081108,991,1873,9273,9273,9273,9273,9273,9273,TRUE,TRUE
3999,34.0617063021419,18.6035785386057,633.669628350816,5235,6949,9273,9273,9273,9273,9273,9273,TRUE,TRUE
4000,6.9471288971279,45.3414976285852,314.9932284146,6861,8315,9273,9273,9273,9273,9273,9273,TRUE,TRUE
4001,8.10578901484861,38.0332400637158,308.289419507568,2946,8339,9273,9273,9273,9273,9273,9273,TRUE,TRUE
4002,25.1327043533325,33.8885255455971,851.710293507848,2240,6141,9273,9273,9273,9273,9273,9273,TRUE,TRUE
4003,48.9215935322474,61.0776556662793,2988.01624440828,4948,2283,9273,9273,9273,9273,9273,9273,TRUE,TRUE
4004,13.2321169447899,24.1069879102707,318.986483215338,4450,8299,9273,9273,9273,9273,9273,9273,TRUE,TRUE
4005,11.7751883029938,23.3687500247955,275.171431947558,8918,8457,9273,9273,9273,9273,9273,9273,TRUE,TRUE
4006,31.2443078809422,39.0190539263521,1219.12333409803,2292,5016,9273,9273,9273,9273,9273,9273,TRUE,TRUE
4007,12.697951962177,31.0163409889193,393.844007919799,1137,7950,9273,9273,9273,9273,9273,9273,TRUE,TRUE
4008,48.377018305809,46.6115627332365,2254.92842360815,720,3036,9273,9273,9273,9273,9273,9273,TRUE,TRUE
4009,17.0899028356938,72.988838089837,1247.3721510455,252,4930,9273,9273,9273,9273,9273,9273,TRUE,TRUE
4010,19.2293924842205,14.7939024046454,284.477755712179,8968,8426,9273,9273,9273,9273,9273,9273,TRUE,TRUE
4011,22.0925168479698,62.5926492718683,1382.82915859782,4670,4585,9273,9273,9273,9273,9273,9273,TRUE,TRUE
4012,52.3251154435178,184.080034136772,9632.00903705329,8089,441,9273,9273,9273,9273,9273,9273,TRUE,TRUE
4013,41.9735609054565,60.1691143295982,2525.51198494077,8455,2718,9273,9273,9273,9273,9273,9273,TRUE,TRUE
4014,91.1425894038244,136.392998511141,12431.2110608574,3722,282,9273,9273,9273,9273,9273,9273,TRUE,TRUE
4015,37.0320536841517,69.79413518491,2584.62016100653,2301,2648,9273,9273,9273,9273,9273,9273,TRUE,TRUE
4016,86.175664947274,30.9478402405642,2666.95071141263,1177,2560,9273,9273,9273,9273,9273,9273,TRUE,TRUE
4017,14.5692044997215,37.573317360878,547.413344363569,1774,7302,9273,9273,9273,9273,9273,9273,TRUE,TRUE
4018,31.2972182106058,62.5583212084887,1957.90142975124,7738,3421,9273,9273,9273,9273,9273,9273,TRUE,TRUE
4019,32.2518114329812,74.3716533969262,2398.6205413167,2212,2874,9273,9273,9273,9273,9273,9273,TRUE,TRUE
4020,82.4481677730947,109.474620159862,9025.98184983614,3359,495,9273,9273,9273,9273,9273,9273,TRUE,TRUE
4021,19.5758775478915,42.3778284976357,829.583181415264,5580,6213,9273,9273,9273,9273,9273,9273,TRUE,TRUE
4022,55.7129404275558,118.757534945993,6616.33146976947,1625,798,9273,9273,9273,9273,9273,9273,TRUE,TRUE
4023,18.8545101337433,97.1611194915772,1831.92531205978,8364,3645,9273,9273,9273,9273,9273,9273,TRUE,TRUE
4024,43.7699188953791,41.1215105056763,1799.88517968893,837,3715,9273,9273,9273,9273,9273,9273,TRUE,TRUE
4025,47.3789701940711,81.0261731335169,3838.93664183255,699,1714,9273,9273,9273,9273,9273,9273,TRUE,TRUE
4026,117.118920198509,116.119251741158,13599.7613781832,1393,244,9273,9273,9273,9273,9273,9273,TRUE,TRUE
4027,76.6318964072034,116.906844907102,8958.79322821405,8223,500,9273,9273,9273,9273,9273,9273,TRUE,TRUE
4028,32.7847395805212,85.4543841765477,2801.59973124193,294,2435,9273,9273,9273,9273,9273,9273,TRUE,TRUE
4029,27.5699791509052,50.7307925749195,1398.64689359942,6862,4538,9273,9273,9273,9273,9273,9273,TRUE,TRUE
4030,23.6363963745347,49.3303547161109,1165.99181736639,490,5186,9273,9273,9273,9273,9273,9273,TRUE,TRUE
4031,16.9275739110393,43.3305940029425,733.481832594047,8576,6563,9273,9273,9273,9273,9273,9273,TRUE,TRUE
4032,39.5463724063274,64.040325354799,2532.56255550325,2740,2711,9273,9273,9273,9273,9273,9273,TRUE,TRUE
4033,105.879568892985,166.51561872668,17630.6019247295,5767,150,9273,9273,9273,9273,9273,9273,TRUE,TRUE
4034,24.1072014531782,74.167781337615,1787.97764604115,8324,3727,9273,9273,9273,9273,9273,9273,TRUE,TRUE
4035,28.4248870919704,41.4624740213588,1178.56614261088,1944,5140,9273,9273,9273,9273,9273,9273,TRUE,TRUE
4036,24.2818981409073,64.3511780143389,1562.56874979157,7362,4138,9273,9273,9273,9273,9273,9273,TRUE,TRUE
4037,10.119333712148,53.7268616112185,543.680041950314,900,7317,9273,9273,9273,9273,9273,9273,TRUE,TRUE
4038,77.4942342291956,65.6629682567022,5088.50144226911,1566,1172,9273,9273,9273,9273,9273,9273,TRUE,TRUE
4039,56.5484444611055,84.292453214937,4766.6071091152,9156,1290,9273,9273,9273,9273,9273,9273,TRUE,TRUE
4040,83.3513853858499,267.169939860176,22268.9846207998,7632,96,9273,9273,9273,9273,9273,9273,TRUE,TRUE
4041,30.992444765277,20.8719977712244,646.874238065656,1192,6899,9273,9273,9273,9273,9273,9273,TRUE,TRUE
4042,13.0995754440626,20.9164859400855,273.997085596824,8671,8462,9273,9273,9273,9273,9273,9273,TRUE,TRUE
4043,41.349534205028,116.674136966467,4824.42121733704,3427,1269,9273,9273,9273,9273,9273,9273,TRUE,TRUE
4044,28.3727638244629,63.2331232690811,1794.09847239679,663,3721,9273,9273,9273,9273,9273,9273,TRUE,TRUE
4045,16.8259127047555,19.8601980867057,334.165959306063,1690,8226,9273,9273,9273,9273,9273,9273,TRUE,TRUE
4046,24.9587311647772,49.242872114104,1229.03960687742,881,4988,9273,9273,9273,9273,9273,9273,TRUE,TRUE
4047,22.2370894591442,18.9171615045347,420.662612689417,2113,7822,9273,9273,9273,9273,9273,9273,TRUE,TRUE
4048,64.8168877754361,64.9132257513702,4207.47326866811,3540,1535,9273,9273,9273,9273,9273,9273,TRUE,TRUE
4049,25.1413265942621,55.7470767144468,1401.55546235329,4540,4531,9273,9273,9273,9273,9273,9273,TRUE,TRUE
4050,24.7185770592519,32.2634173546519,797.505768075768,9100,6323,9273,9273,9273,9273,9273,9273,TRUE,TRUE
4051,17.1026908858749,107.694328737653,1841.86281456187,443,3627,9273,9273,9273,9273,9273,9273,TRUE,TRUE
4052,32.2966323515067,15.4950623120663,500.438330756492,7735,7501,9273,9273,9273,9273,9273,9273,TRUE,TRUE
4053,23.3649337048779,59.9728328560201,1401.26126377463,7136,4532,9273,9273,9273,9273,9273,9273,TRUE,TRUE
4054,26.063848832985,40.2009101636482,1047.79044545374,1779,5511,9273,9273,9273,9273,9273,9273,TRUE,TRUE
4055,6.2969089540942,50.9123465956138,320.590411151868,7102,8290,9273,9273,9273,9273,9273,9273,TRUE,TRUE
4056,16.5592745878006,52.2964357000883,865.991038721019,8367,6098,9273,9273,9273,9273,9273,9273,TRUE,TRUE
4057,87.799344971342,164.84721037948,14473.4770916714,735,218,9273,9273,9273,9273,9273,9273,TRUE,TRUE
4058,31.7656250572824,41.6886109975509,1324.2647861071,7525,4733,9273,9273,9273,9273,9273,9273,TRUE,TRUE
4059,52.9003232586327,60.1934776625565,3184.25442641052,5599,2124,9273,9273,9273,9273,9273,9273,TRUE,TRUE
4060,29.8461158641063,45.5888923676345,1360.65136372069,3975,4646,9273,9273,9273,9273,9273,9273,TRUE,TRUE
4061,27.6736849498749,21.357727689743,591.047027331168,5776,7123,9273,9273,9273,9273,9273,9273,TRUE,TRUE
4062,27.0524283016429,35.638614542344,964.111064676651,6983,5755,9273,9273,9273,9273,9273,9273,TRUE,TRUE
4063,39.9778646259217,55.8452495319421,2232.5738257888,1261,3069,9273,9273,9273,9273,9273,9273,TRUE,TRUE
4064,21.7010106361902,45.5796355748836,989.124156404222,1493,5676,9273,9273,9273,9273,9273,9273,TRUE,TRUE
4065,38.7728292594353,71.1712369720141,2759.51021929872,5719,2482,9273,9273,9273,9273,9273,9273,TRUE,TRUE
4066,23.5903344285488,41.875402007103,987.854737677483,4713,5679,9273,9273,9273,9273,9273,9273,TRUE,TRUE
4067,43.5912755121657,105.69803481433,4607.51215668594,6231,1346,9273,9273,9273,9273,9273,9273,TRUE,TRUE
4068,16.8475975592931,17.1404899120331,288.776076007057,5539,8403,9273,9273,9273,9273,9273,9273,TRUE,TRUE
4069,24.0094556595492,37.7736745815419,906.925364963772,6625,5949,9273,9273,9273,9273,9273,9273,TRUE,TRUE
4070,52.2652713788225,145.058099337537,7581.50092757255,7328,657,9273,9273,9273,9273,9273,9273,TRUE,TRUE
4071,18.0876450485888,30.7952212823176,557.013031747307,2581,7267,9273,9273,9273,9273,9273,9273,TRUE,TRUE
4072,15.5728165548423,17.8632175182474,278.180609490913,664,8447,9273,9273,9273,9273,9273,9273,TRUE,TRUE
4073,42.7700789956486,45.5215983596503,1946.96235785043,6984,3440,9273,9273,9273,9273,9273,9273,TRUE,TRUE
4074,36.7614194321632,15.6046367931366,573.648598239061,2145,7188,9273,9273,9273,9273,9273,9273,TRUE,TRUE
4075,17.8815833186604,22.9905250808956,411.106989773785,4937,7866,9273,9273,9273,9273,9273,9273,TRUE,TRUE
4076,17.6312421765064,57.3076180958309,1010.40449320634,8973,5613,9273,9273,9273,9273,9273,9273,TRUE,TRUE
4077,48.3895129965943,32.5641603813277,1575.76386199544,4692,4117,9273,9273,9273,9273,9273,9273,TRUE,TRUE
4078,6.46808932174989,11.2825798173646,72.9767340384866,7298,9144,9273,9273,9273,9273,9273,9273,TRUE,TRUE
4079,36.3044089893577,58.2346799143493,2114.17563697487,7160,3217,9273,9273,9273,9273,9273,9273,TRUE,TRUE
4080,29.9540386199951,41.9587679050239,1256.8345542745,718,4907,9273,9273,9273,9273,9273,9273,TRUE,TRUE
4081,32.5216038974058,57.3801790081892,1866.09545326657,3345,3592,9273,9273,9273,9273,9273,9273,TRUE,TRUE
4082,27.4486742776409,42.6239066921403,1169.96973123312,7694,5175,9273,9273,9273,9273,9273,9273,TRUE,TRUE
4083,35.1529156641115,45.0558331088175,1583.84390145054,7834,4100,9273,9273,9273,9273,9273,9273,TRUE,TRUE
4084,49.3442625757248,73.4430563033573,3623.9934545966,4172,1838,9273,9273,9273,9273,9273,9273,TRUE,TRUE
4085,31.2248426654883,45.3745057791994,1416.81180397979,1683,4495,9273,9273,9273,9273,9273,9273,TRUE,TRUE
4086,43.1680633942788,29.2585410417443,1263.03455451412,997,4894,9273,9273,9273,9273,9273,9273,TRUE,TRUE
4087,19.2148145719657,22.040856399441,423.510968722582,1764,7811,9273,9273,9273,9273,9273,9273,TRUE,TRUE
4088,41.0029422256011,175.752301288556,7206.36145575112,2203,705,9273,9273,9273,9273,9273,9273,TRUE,TRUE
4089,16.4000520646572,12.4226095485687,203.731443375435,7276,8744,9273,9273,9273,9273,9273,9273,TRUE,TRUE
4090,40.7234153290709,53.7170859525304,2187.54320151229,5959,3131,9273,9273,9273,9273,9273,9273,TRUE,TRUE
4091,23.6955717271374,22.7299059160294,538.59811598436,6539,7345,9273,9273,9273,9273,9273,9273,TRUE,TRUE
4092,58.3876137845,23.8930854462741,1395.06024515711,2274,4545,9273,9273,9273,9273,9273,9273,TRUE,TRUE
4093,87.6232865179489,198.447846700138,17388.6525302762,5246,153,9273,9273,9273,9273,9273,9273,TRUE,TRUE
4094,20.3915264606476,28.738686302252,586.025682176622,4378,7147,9273,9273,9273,9273,9273,9273,TRUE,TRUE
4095,75.1995953703501,127.489424608989,9587.15314459472,7599,448,9273,9273,9273,9273,9273,9273,TRUE,TRUE
4096,20.5359181939102,14.0567848577732,288.668983908626,7103,8404,9273,9273,9273,9273,9273,9273,TRUE,TRUE
4097,91.5174269927751,47.8529262105259,4379.37668086246,6507,1439,9273,9273,9273,9273,9273,9273,TRUE,TRUE
4098,56.013173429966,67.433332118988,3777.15492694137,655,1742,9273,9273,9273,9273,9273,9273,TRUE,TRUE
4099,14.9347710590105,44.1286231401804,659.050883747947,9097,6858,9273,9273,9273,9273,9273,9273,TRUE,TRUE
4100,20.6802152421448,31.5544694963392,652.553221035989,4083,6876,9273,9273,9273,9273,9273,9273,TRUE,TRUE
4101,64.8012891888619,26.9835473299027,1748.56865386636,625,3788,9273,9273,9273,9273,9273,9273,TRUE,TRUE
4102,64.2849443714603,84.1634659860648,5410.44372902347,6526,1089,9273,9273,9273,9273,9273,9273,TRUE,TRUE
4103,41.7324856948853,24.8579549908638,1037.38425106033,8493,5540,9273,9273,9273,9273,9273,9273,TRUE,TRUE
4104,113.202338333177,145.446722865105,16464.9091312274,7198,167,9273,9273,9273,9273,9273,9273,TRUE,TRUE
4105,10.8380663672159,40.6706576763197,440.791287094272,1669,7733,9273,9273,9273,9273,9273,9273,TRUE,TRUE
4106,20.3621374575628,75.0692295531432,1528.56997099444,3775,4231,9273,9273,9273,9273,9273,9273,TRUE,TRUE
4107,21.5126926362977,30.3304055383963,652.48869188178,307,6877,9273,9273,9273,9273,9273,9273,TRUE,TRUE
4108,15.837173686461,17.828578602184,282.35429590551,6816,8433,9273,9273,9273,9273,9273,9273,TRUE,TRUE
4109,36.6615631103516,23.2669502639771,853.002765488206,7528,6135,9273,9273,9273,9273,9273,9273,TRUE,TRUE
4110,22.9535622031149,15.691784138227,360.182343294646,1402,8111,9273,9273,9273,9273,9273,9273,TRUE,TRUE
4111,8.38865817666054,8.60418706893921,72.1775842093738,4966,9147,9273,9273,9273,9273,9273,9273,TRUE,TRUE
4112,14.2557263326645,39.1070509696007,557.499416300189,4750,7264,9273,9273,9273,9273,9273,9273,TRUE,TRUE
4113,33.9726230561733,35.7765250643094,1215.42240026952,8816,5030,9273,9273,9273,9273,9273,9273,TRUE,TRUE
4114,24.3806972083277,37.799526017619,921.578798453873,2049,5912,9273,9273,9273,9273,9273,9273,TRUE,TRUE
4115,13.3924694851758,80.2209599030847,1074.35675757357,2210,5433,9273,9273,9273,9273,9273,9273,TRUE,TRUE
4116,40.5197833012312,76.3576148167635,3093.99400577414,3399,2193,9273,9273,9273,9273,9273,9273,TRUE,TRUE
4117,47.5458652864423,102.950125165571,4894.85278234462,4077,1235,9273,9273,9273,9273,9273,9273,TRUE,TRUE
4118,60.7160858852763,44.4156401029775,2696.7438191419,1072,2531,9273,9273,9273,9273,9273,9273,TRUE,TRUE
4119,33.4325862503052,15.2482579231262,509.788698181817,3608,7464,9273,9273,9273,9273,9273,9273,TRUE,TRUE
4120,63.3690192082833,132.167215741914,8375.30683305466,8400,561,9273,9273,9273,9273,9273,9273,TRUE,TRUE
4121,21.7591994058795,29.9762008225046,652.258131127566,6586,6880,9273,9273,9273,9273,9273,9273,TRUE,TRUE
4122,22.1576170316605,73.8334904827348,1635.97420622719,2817,3994,9273,9273,9273,9273,9273,9273,TRUE,TRUE
4123,21.142046042851,41.275340795517,872.645155533188,5885,6078,9273,9273,9273,9273,9273,9273,TRUE,TRUE
4124,47.6655383827866,42.3037545270817,2016.4312351466,1578,3342,9273,9273,9273,9273,9273,9273,TRUE,TRUE
4125,16.4629999812768,33.2280935482103,547.034103462052,3912,7303,9273,9273,9273,9273,9273,9273,TRUE,TRUE
4126,47.7302237194003,41.3517050743103,1973.72613437549,4291,3401,9273,9273,9273,9273,9273,9273,TRUE,TRUE
4127,43.0925257827195,60.9274790342985,2625.51896116161,7315,2609,9273,9273,9273,9273,9273,9273,TRUE,TRUE
4128,53.16441822052,84.611063770501,4498.29798037801,8606,1398,9273,9273,9273,9273,9273,9273,TRUE,TRUE
4129,45.6094424117169,92.2819196727495,4208.92690095696,3777,1533,9273,9273,9273,9273,9273,9273,TRUE,TRUE
4130,21.4213348338479,36.8712629418624,789.83166922448,5463,6343,9273,9273,9273,9273,9273,9273,TRUE,TRUE
4131,9.01788109705593,70.6724511193966,637.315761032216,4333,6933,9273,9273,9273,9273,9273,9273,TRUE,TRUE
4132,27.6718300573238,26.6876457341306,738.495997384922,1438,6545,9273,9273,9273,9273,9273,9273,TRUE,TRUE
4133,77.9825821912514,62.0170093482395,4836.24652875469,3486,1263,9273,9273,9273,9273,9273,9273,TRUE,TRUE
4134,46.3460125619553,44.9916428037351,2085.18324256491,2519,3255,9273,9273,9273,9273,9273,9273,TRUE,TRUE
4135,9.03361236981753,52.4943535341381,474.213641431565,611,7612,9273,9273,9273,9273,9273,9273,TRUE,TRUE
4136,14.9797486310655,85.7217377279744,1284.09008338318,1354,4837,9273,9273,9273,9273,9273,9273,TRUE,TRUE
4137,16.6477136619556,38.3875858593292,639.065537559847,4252,6923,9273,9273,9273,9273,9273,9273,TRUE,TRUE
4138,8.03970507518974,10.82268323727,87.0111813498503,4036,9102,9273,9273,9273,9273,9273,9273,TRUE,TRUE
4139,80.4092768634933,74.0967301334518,5958.06448798027,3137,945,9273,9273,9273,9273,9273,9273,TRUE,TRUE
4140,28.2055919535698,70.8770176210711,1999.12823790591,397,3363,9273,9273,9273,9273,9273,9273,TRUE,TRUE
4141,28.765262242596,50.9878398543697,1466.67858459443,5179,4380,9273,9273,9273,9273,9273,9273,TRUE,TRUE
4142,24.1116114050679,26.3448851527077,635.21763331323,8174,6942,9273,9273,9273,9273,9273,9273,TRUE,TRUE
4143,23.733929047332,38.334938988136,909.838721978221,236,5941,9273,9273,9273,9273,9273,9273,TRUE,TRUE
4144,26.6306991577148,5.0912299156189,135.583012225605,1471,8982,9273,9273,9273,9273,9273,9273,TRUE,TRUE
4145,29.2002946112547,26.5201238508195,774.395429570892,7792,6412,9273,9273,9273,9273,9273,9273,TRUE,TRUE
4146,37.4280607883747,69.7107160641597,2609.1369184505,706,2627,9273,9273,9273,9273,9273,9273,TRUE,TRUE
4147,24.3226862481924,39.5001524264996,960.749814225526,434,5771,9273,9273,9273,9273,9273,9273,TRUE,TRUE
4148,32.5770385081951,37.7273455644265,1229.04518926431,3401,4987,9273,9273,9273,9273,9273,9273,TRUE,TRUE
4149,41.9914725225591,53.0140801731802,2226.13929090084,903,3080,9273,9273,9273,9273,9273,9273,TRUE,TRUE
4150,18.8876319218203,30.8395395122591,582.485870945983,5066,7157,9273,9273,9273,9273,9273,9273,TRUE,TRUE
4151,43.4886191831816,59.3198633106477,2579.73894551514,7924,2655,9273,9273,9273,9273,9273,9273,TRUE,TRUE
4152,24.3206612926541,45.8133801546964,1114.21170141397,8039,5323,9273,9273,9273,9273,9273,9273,TRUE,TRUE
4153,19.1657029807383,52.0550868976227,997.672334116359,8306,5639,9273,9273,9273,9273,9273,9273,TRUE,TRUE
4154,79.2163004315765,16.8522734881779,1334.9747595946,963,4711,9273,9273,9273,9273,9273,9273,TRUE,TRUE
4155,47.7735314957941,40.8101280733499,1949.64393885957,5706,3435,9273,9273,9273,9273,9273,9273,TRUE,TRUE
4156,11.5066575562954,25.9652961015701,298.773770588579,5569,8378,9273,9273,9273,9273,9273,9273,TRUE,TRUE
4157,52.1350901317597,32.3548001289368,1686.82042091719,5227,3910,9273,9273,9273,9273,9273,9273,TRUE,TRUE
4158,54.2266816997528,22.6050821495056,1225.79859451801,6910,4998,9273,9273,9273,9273,9273,9273,TRUE,TRUE
4159,50.6099019050598,41.426571233649,2096.59470639795,170,3238,9273,9273,9273,9273,9273,9273,TRUE,TRUE
4160,8.72977021426866,52.5708893429149,458.931783923392,4594,7661,9273,9273,9273,9273,9273,9273,TRUE,TRUE
4161,26.0461871888902,34.8005820890513,906.422475373771,1773,5951,9273,9273,9273,9273,9273,9273,TRUE,TRUE
4162,19.4863254480195,72.0364691332767,1403.72608165724,2304,4525,9273,9273,9273,9273,9273,9273,TRUE,TRUE
4163,31.9958696901129,17.1614704310671,549.096171603147,4383,7296,9273,9273,9273,9273,9273,9273,TRUE,TRUE
4164,32.9610131645203,31.0947239160538,1024.91360434417,6979,5571,9273,9273,9273,9273,9273,9273,TRUE,TRUE
4165,6.68647699748283,30.8780086050818,206.465094265956,5876,8732,9273,9273,9273,9273,9273,9273,TRUE,TRUE
4166,20.9745980406229,35.1880881357334,738.056004465021,1015,6547,9273,9273,9273,9273,9273,9273,TRUE,TRUE
4167,23.112379097357,27.2567219850494,629.967691469727,3229,6963,9273,9273,9273,9273,9273,9273,TRUE,TRUE
4168,117.71860282131,199.554791155316,23491.311201102,332,79,9273,9273,9273,9273,9273,9273,TRUE,TRUE
4169,14.2862460066875,43.3550421744585,619.380798134625,1889,7018,9273,9273,9273,9273,9273,9273,TRUE,TRUE
4170,22.6127967603745,41.4073664238376,936.336361324595,5365,5856,9273,9273,9273,9273,9273,9273,TRUE,TRUE
4171,96.8316524106654,134.265317821023,13001.1325860529,7985,262,9273,9273,9273,9273,9273,9273,TRUE,TRUE
4172,23.9108306308125,66.5886041153309,1592.1888349439,22,4084,9273,9273,9273,9273,9273,9273,TRUE,TRUE
4173,67.7862983866855,139.191014481736,9435.24364040444,1367,461,9273,9273,9273,9273,9273,9273,TRUE,TRUE
4174,53.7766988407119,55.5029725749124,2984.76664092535,4570,2285,9273,9273,9273,9273,9273,9273,TRUE,TRUE
4175,42.287279882431,17.4501987695694,737.921439372835,8453,6549,9273,9273,9273,9273,9273,9273,TRUE,TRUE
4176,40.5956396485125,72.0124606711457,2923.39190360851,2497,2336,9273,9273,9273,9273,9273,9273,TRUE,TRUE
4177,33.8037683293127,43.4429978967482,1468.5370364325,5981,4372,9273,9273,9273,9273,9273,9273,TRUE,TRUE
4178,42.9388246905636,43.9925116250213,1888.98674436437,6339,3555,9273,9273,9273,9273,9273,9273,TRUE,TRUE
4179,37.0305206802098,44.4721002769047,1646.82502899628,7578,3971,9273,9273,9273,9273,9273,9273,TRUE,TRUE
4180,55.0483236250629,53.7748760296159,2960.21677857593,7640,2304,9273,9273,9273,9273,9273,9273,TRUE,TRUE
4181,19.4958670336008,53.394351067543,1040.96916875822,1671,5527,9273,9273,9273,9273,9273,9273,TRUE,TRUE
4182,21.3600017309189,23.4196710824966,500.244214859679,3168,7502,9273,9273,9273,9273,9273,9273,TRUE,TRUE
4183,39.2886418527901,37.9067763016687,1489.3057579101,9238,4325,9273,9273,9273,9273,9273,9273,TRUE,TRUE
4184,25.6443520598941,57.3235219496268,1470.0245781893,1194,4367,9273,9273,9273,9273,9273,9273,TRUE,TRUE
4185,55.9164931799684,52.9306606752532,2959.69692665902,8265,2305,9273,9273,9273,9273,9273,9273,TRUE,TRUE
4186,43.1005739072959,60.7766255614085,2619.50744184553,1024,2615,9273,9273,9273,9273,9273,9273,TRUE,TRUE
4187,23.7189534110745,16.0912703910883,381.668092731226,8561,8010,9273,9273,9273,9273,9273,9273,TRUE,TRUE
4188,17.9098125109449,26.8980330228806,481.738728352995,5639,7571,9273,9273,9273,9273,9273,9273,TRUE,TRUE
4189,20.6492861113409,36.9114682395963,762.195468469097,5799,6468,9273,9273,9273,9273,9273,9273,TRUE,TRUE
4190,41.5600072091276,15.852250662717,658.819651823414,8254,6859,9273,9273,9273,9273,9273,9273,TRUE,TRUE
4191,37.9172184506659,146.452756359239,5553.0811555754,1377,1050,9273,9273,9273,9273,9273,9273,TRUE,TRUE
4192,56.7329522880197,78.3186796534131,4443.24991603779,6365,1414,9273,9273,9273,9273,9273,9273,TRUE,TRUE
4193,44.4232807922363,27.9126950883865,1239.97349157947,739,4953,9273,9273,9273,9273,9273,9273,TRUE,TRUE
4194,48.6823034415957,17.53135699708,853.46684107479,8505,6134,9273,9273,9273,9273,9273,9273,TRUE,TRUE
4195,41.2847413088368,130.05922538341,5369.46147478177,5681,1098,9273,9273,9273,9273,9273,9273,TRUE,TRUE
4196,126.981581298236,91.7124009280369,11645.7856945,4745,307,9273,9273,9273,9273,9273,9273,TRUE,TRUE
4197,82.3395232418605,118.211214768546,9733.45506588326,571,431,9273,9273,9273,9273,9273,9273,TRUE,TRUE
4198,48.2429409942627,37.4714839426676,1807.73458881358,8227,3694,9273,9273,9273,9273,9273,9273,TRUE,TRUE
4199,43.515265973409,47.9424523353577,2086.22856479057,4237,3254,9273,9273,9273,9273,9273,9273,TRUE,TRUE
4200,29.3757202287219,38.2317647293432,1123.0856245395,1990,5300,9273,9273,9273,9273,9273,9273,TRUE,TRUE
4201,39.4745315894102,15.5441184061351,613.596793052513,6192,7042,9273,9273,9273,9273,9273,9273,TRUE,TRUE
4202,45.5340763287466,43.7846186153224,1993.69216605515,6357,3369,9273,9273,9273,9273,9273,9273,TRUE,TRUE
4203,37.2644406396446,67.1293550011114,2501.53786461655,1370,2738,9273,9273,9273,9273,9273,9273,TRUE,TRUE
4204,86.5857776302578,124.448076916362,10775.4335143933,3407,367,9273,9273,9273,9273,9273,9273,TRUE,TRUE
4205,11.888688829967,19.3709297929491,230.294956655508,8339,8633,9273,9273,9273,9273,9273,9273,TRUE,TRUE
4206,20.4725668275511,41.4461699811927,848.509484686011,8746,6150,9273,9273,9273,9273,9273,9273,TRUE,TRUE
4207,11.5364362531238,25.1329314973619,289.944462073443,6940,8401,9273,9273,9273,9273,9273,9273,TRUE,TRUE
4208,25.0638581061805,39.9873995560187,1002.2385085072,2746,5627,9273,9273,9273,9273,9273,9273,TRUE,TRUE
4209,38.3021316282333,63.9636601064571,2449.94452882109,6257,2803,9273,9273,9273,9273,9273,9273,TRUE,TRUE
4210,44.1250555716552,73.310466385507,3234.82840324445,3817,2093,9273,9273,9273,9273,9273,9273,TRUE,TRUE
4211,6.48813605970807,10.6774503191312,69.2767504412966,1424,9157,9273,9273,9273,9273,9273,9273,TRUE,TRUE
4212,57.7552934940045,26.2981867203346,1518.85949239305,5998,4258,9273,9273,9273,9273,9273,9273,TRUE,TRUE
4213,23.5560093892303,55.3419358593777,1303.63516072168,4455,4780,9273,9273,9273,9273,9273,9273,TRUE,TRUE
4214,33.1791261143572,55.722995555307,1848.84029699929,9202,3614,9273,9273,9273,9273,9273,9273,TRUE,TRUE
4215,32.7668267726898,77.6413160800934,2544.05955440008,4679,2700,9273,9273,9273,9273,9273,9273,TRUE,TRUE
4216,24.6501713615965,37.1193679300437,914.998780309726,6788,5928,9273,9273,9273,9273,9273,9273,TRUE,TRUE
4217,19.2739550864697,20.212208533287,389.569199468933,2466,7967,9273,9273,9273,9273,9273,9273,TRUE,TRUE
4218,24.3456228466357,39.5002138857114,961.657309622973,8377,5765,9273,9273,9273,9273,9273,9273,TRUE,TRUE
4219,24.1468827257801,59.527566046053,1437.40515626517,3875,4445,9273,9273,9273,9273,9273,9273,TRUE,TRUE
4220,12.9197233065315,31.8534097671509,411.537240561157,2544,7862,9273,9273,9273,9273,9273,9273,TRUE,TRUE
4221,21.4221461225383,66.1699933133291,1417.50326568552,6912,4492,9273,9273,9273,9273,9273,9273,TRUE,TRUE
4222,17.1534953906888,30.8729055998755,529.578243904635,4894,7387,9273,9273,9273,9273,9273,9273,TRUE,TRUE
4223,16.699657535553,12.9826459527016,216.805741315449,7813,8686,9273,9273,9273,9273,9273,9273,TRUE,TRUE
4224,53.3520235465123,35.9078892836204,1915.75855456527,3190,3494,9273,9273,9273,9273,9273,9273,TRUE,TRUE
4225,35.3010320693537,40.3363899176805,1423.91619404599,5950,4474,9273,9273,9273,9273,9273,9273,TRUE,TRUE
4226,16.2887098768573,12.948494688257,210.914273319046,7784,8712,9273,9273,9273,9273,9273,9273,TRUE,TRUE
4227,6.93833317195668,11.1258413216647,77.1947939080325,3351,9130,9273,9273,9273,9273,9273,9273,TRUE,TRUE
4228,12.7188336518459,12.0512193310468,153.277453973493,9240,8928,9273,9273,9273,9273,9273,9273,TRUE,TRUE
4229,15.4612033859757,24.6567089301496,381.222391597846,1198,8012,9273,9273,9273,9273,9273,9273,TRUE,TRUE
4230,10.2075926518528,49.446975641145,504.734585210898,6621,7481,9273,9273,9273,9273,9273,9273,TRUE,TRUE
4231,14.3444233185422,22.437475075342,321.852640679945,4106,8285,9273,9273,9273,9273,9273,9273,TRUE,TRUE
4232,5.4332647488035,32.8296689658329,178.372283106948,4719,8834,9273,9273,9273,9273,9273,9273,TRUE,TRUE
4233,46.1129354376059,68.9030018219581,3177.3196744732,8787,2131,9273,9273,9273,9273,9273,9273,TRUE,TRUE
4234,27.6456627402195,27.6465956185215,764.308458384875,496,6461,9273,9273,9273,9273,9273,9273,TRUE,TRUE
4235,13.7188293717124,34.4352538542314,472.411371997803,2693,7616,9273,9273,9273,9273,9273,9273,TRUE,TRUE
4236,13.6443825491543,28.4933514693688,388.774187555577,9150,7975,9273,9273,9273,9273,9273,9273,TRUE,TRUE
4237,21.0345769253644,73.1837548941245,1539.38932200748,6504,4199,9273,9273,9273,9273,9273,9273,TRUE,TRUE
4238,29.294746085017,31.7709279310187,930.721266624569,7741,5872,9273,9273,9273,9273,9273,9273,TRUE,TRUE
4239,32.2152877144602,39.8659388740137,1284.29269083343,950,4836,9273,9273,9273,9273,9273,9273,TRUE,TRUE
4240,22.6434736259067,59.9591280831553,1357.68293538329,1279,4652,9273,9273,9273,9273,9273,9273,TRUE,TRUE
4241,34.8411521021896,80.6359113576461,2809.44805251042,2128,2430,9273,9273,9273,9273,9273,9273,TRUE,TRUE
4242,35.0763349487883,38.8357419018497,1362.21549093397,3753,4643,9273,9273,9273,9273,9273,9273,TRUE,TRUE
4243,25.0182039193,28.8503273667468,721.783373199831,6753,6613,9273,9273,9273,9273,9273,9273,TRUE,TRUE
4244,72.1359361388102,97.5505828120128,7036.90261203107,7611,729,9273,9273,9273,9273,9273,9273,TRUE,TRUE
4245,20.2379827161333,35.5626527658149,719.716352014414,7088,6626,9273,9273,9273,9273,9273,9273,TRUE,TRUE
4246,26.3699757191072,34.3504972342985,905.821778007711,6403,5952,9273,9273,9273,9273,9273,9273,TRUE,TRUE
4247,49.4843963613877,60.7398751515609,3005.67605694104,5717,2264,9273,9273,9273,9273,9273,9273,TRUE,TRUE
4248,12.35703746839,43.738337169994,540.476271214692,6866,7334,9273,9273,9273,9273,9273,9273,TRUE,TRUE
4249,66.3844426249115,150.510494884303,9991.55531209404,592,414,9273,9273,9273,9273,9273,9273,TRUE,TRUE
4250,13.2199701759964,45.582438968122,602.59848370775,6123,7082,9273,9273,9273,9273,9273,9273,TRUE,TRUE
4251,70.2733675291412,130.911464148315,9199.58943387251,6582,478,9273,9273,9273,9273,9273,9273,TRUE,TRUE
4252,22.9073116514418,68.2225573221843,1562.79538223763,6823,4137,9273,9273,9273,9273,9273,9273,TRUE,TRUE
4253,27.1368029326723,73.666632129435,1999.07687881014,2783,3364,9273,9273,9273,9273,9273,9273,TRUE,TRUE
4254,16.7774226806049,28.1185074560507,471.756084737904,4848,7617,9273,9273,9273,9273,9273,9273,TRUE,TRUE
4255,19.1380975339019,21.8910794813656,418.953614236774,1394,7827,9273,9273,9273,9273,9273,9273,TRUE,TRUE
4256,21.7333634258213,29.4947074947501,641.019197121698,3681,6918,9273,9273,9273,9273,9273,9273,TRUE,TRUE
4257,38.7240443330274,15.2844492956556,591.875692130876,7692,7122,9273,9273,9273,9273,9273,9273,TRUE,TRUE
4258,28.1865158573274,49.0893611795159,1383.65805731249,4212,4581,9273,9273,9273,9273,9273,9273,TRUE,TRUE
4259,26.7052373867261,37.4698780798629,1000.64198897442,4573,5631,9273,9273,9273,9273,9273,9273,TRUE,TRUE
4260,38.8364004055895,56.9401877428728,2211.35193035165,640,3104,9273,9273,9273,9273,9273,9273,TRUE,TRUE
4261,13.7287221609377,32.3443054151134,444.045982532606,5942,7714,9273,9273,9273,9273,9273,9273,TRUE,TRUE
4262,24.4211270715472,18.7864269439831,458.785719619348,2420,7662,9273,9273,9273,9273,9273,9273,TRUE,TRUE
4263,18.5394633053252,52.9203625495389,981.115119591685,9017,5704,9273,9273,9273,9273,9273,9273,TRUE,TRUE
4264,16.4166115943272,63.1829607159088,1037.25012545271,84,5541,9273,9273,9273,9273,9273,9273,TRUE,TRUE
4265,12.6937206203401,26.7622994527767,339.713152411427,8985,8201,9273,9273,9273,9273,9273,9273,TRUE,TRUE
4266,41.067816566635,54.7167699939602,2247.09827323071,3918,3052,9273,9273,9273,9273,9273,9273,TRUE,TRUE
4267,26.4060250966827,101.793459547078,2687.96064747829,7864,2541,9273,9273,9273,9273,9273,9273,TRUE,TRUE
4268,29.152494950728,17.2407542575489,502.611001439938,8768,7494,9273,9273,9273,9273,9273,9273,TRUE,TRUE
4269,21.1824728965759,39.9152779579163,845.504293502856,763,6161,9273,9273,9273,9273,9273,9273,TRUE,TRUE
4270,40.3042306074007,24.3036424362753,979.539609351451,1787,5711,9273,9273,9273,9273,9273,9273,TRUE,TRUE
4271,35.7758751487146,17.3811402653084,621.825504073971,2136,7002,9273,9273,9273,9273,9273,9273,TRUE,TRUE
4272,13.0868895427853,21.9621794364032,287.41661640304,133,8409,9273,9273,9273,9273,9273,9273,TRUE,TRUE
4273,16.6636352539063,49.4608745240329,824.197972407708,6272,6229,9273,9273,9273,9273,9273,9273,TRUE,TRUE
4274,9.58703894615173,32.100237865448,307.746230596785,8225,8341,9273,9273,9273,9273,9273,9273,TRUE,TRUE
4275,51.8417762391394,194.504970497259,10083.4831579193,5417,408,9273,9273,9273,9273,9273,9273,TRUE,TRUE
4276,36.0000625644776,99.5376535150457,3583.36175406293,1289,1868,9273,9273,9273,9273,9273,9273,TRUE,TRUE
4277,16.3606941543356,26.4224012472334,432.288825629122,928,7771,9273,9273,9273,9273,9273,9273,TRUE,TRUE
4278,61.1092276293472,41.4480367372822,2532.85751176812,5367,2710,9273,9273,9273,9273,9273,9273,TRUE,TRUE
4279,14.0222870009097,45.546108850812,638.660610080761,3899,6924,9273,9273,9273,9273,9273,9273,TRUE,TRUE
4280,18.4442014446965,54.4133440523972,1003.61067898199,7745,5623,9273,9273,9273,9273,9273,9273,TRUE,TRUE
4281,30.630206952095,25.7616441790263,789.08449262981,4299,6348,9273,9273,9273,9273,9273,9273,TRUE,TRUE
4282,18.4411731737119,19.9751345618972,368.364915624144,2823,8072,9273,9273,9273,9273,9273,9273,TRUE,TRUE
4283,27.1095463050039,94.8844909718162,2572.27550162718,5294,2663,9273,9273,9273,9273,9273,9273,TRUE,TRUE
4284,14.3957481138137,19.5610574807233,281.596056332323,2760,8436,9273,9273,9273,9273,9273,9273,TRUE,TRUE
4285,15.6673669538903,24.8566339411791,389.438005194977,7205,7969,9273,9273,9273,9273,9273,9273,TRUE,TRUE
4286,27.0983303904077,19.7114678306141,534.147867753873,3569,7365,9273,9273,9273,9273,9273,9273,TRUE,TRUE
4287,56.1044768464451,60.183920327086,3376.5873645193,5934,2014,9273,9273,9273,9273,9273,9273,TRUE,TRUE
4288,33.1178992994471,50.7625572915171,1681.14926056287,7052,3917,9273,9273,9273,9273,9273,9273,TRUE,TRUE
4289,24.4502706050873,27.4162914037704,670.335743810116,5928,6816,9273,9273,9273,9273,9273,9273,TRUE,TRUE
4290,41.9782535898093,39.8227532673936,1671.68963530305,3761,3936,9273,9273,9273,9273,9273,9273,TRUE,TRUE
4291,43.0307219660282,36.5423377752304,1572.44317679463,1190,4126,9273,9273,9273,9273,9273,9273,TRUE,TRUE
4292,37.305126619339,12.5498926377296,468.175333909615,6679,7629,9273,9273,9273,9273,9273,9273,TRUE,TRUE
4293,69.883821236215,67.1919330038676,4695.62903455801,6879,1321,9273,9273,9273,9273,9273,9273,TRUE,TRUE
4294,12.380601219509,12.6450809473577,156.553704597646,1957,8915,9273,9273,9273,9273,9273,9273,TRUE,TRUE
4295,53.1260231587945,70.0355175355586,3720.70852653224,828,1775,9273,9273,9273,9273,9273,9273,TRUE,TRUE
4296,52.7131514776321,60.0190494514647,3163.79324527855,8609,2141,9273,9273,9273,9273,9273,9273,TRUE,TRUE
4297,110.562753356871,132.301088564513,14627.5726238038,2781,211,9273,9273,9273,9273,9273,9273,TRUE,TRUE
4298,30.7806175112724,36.4532263374329,1122.05281694436,623,5305,9273,9273,9273,9273,9273,9273,TRUE,TRUE
4299,52.196125869751,28.9182222318649,1509.41916754385,9243,4281,9273,9273,9273,9273,9273,9273,TRUE,TRUE
4300,32.0298763077434,129.040039719605,4133.13651096523,8957,1563,9273,9273,9273,9273,9273,9273,TRUE,TRUE
4301,41.6433792680797,14.5301780275779,605.085714435146,1979,7076,9273,9273,9273,9273,9273,9273,TRUE,TRUE
4302,74.7504429250661,41.3599585306526,3091.67521952865,8051,2196,9273,9273,9273,9273,9273,9273,TRUE,TRUE
4303,63.2224980881225,46.6580231200615,2949.83677750366,4736,2313,9273,9273,9273,9273,9273,9273,TRUE,TRUE
4304,92.3001134978855,93.3629671104988,8617.41246079839,5721,531,9273,9273,9273,9273,9273,9273,TRUE,TRUE
4305,17.2323948389076,51.7864462381386,892.404488879467,1426,6007,9273,9273,9273,9273,9273,9273,TRUE,TRUE
4306,35.4126173876186,30.8060518637061,1090.92292787256,17,5393,9273,9273,9273,9273,9273,9273,TRUE,TRUE
4307,38.2427516818047,35.1549798989296,1344.4231666536,4357,4683,9273,9273,9273,9273,9273,9273,TRUE,TRUE
4308,37.5048589134216,54.1452238798142,2030.70898244806,4528,3322,9273,9273,9273,9273,9273,9273,TRUE,TRUE
4309,61.6060485574519,54.742765614979,3372.4854766456,7818,2016,9273,9273,9273,9273,9273,9273,TRUE,TRUE
4310,43.3577409311273,60.0707323797818,2604.53125206566,2935,2631,9273,9273,9273,9273,9273,9273,TRUE,TRUE
4311,28.9608532440662,50.8232385993004,1471.8843544625,8404,4364,9273,9273,9273,9273,9273,9273,TRUE,TRUE
4312,38.0487352578751,91.4707727852263,3480.34721753832,507,1930,9273,9273,9273,9273,9273,9273,TRUE,TRUE
4313,99.6112517090731,47.8437947801841,4765.78028456616,7476,1291,9273,9273,9273,9273,9273,9273,TRUE,TRUE
4314,75.1875887407016,123.2183591982,9264.49131669831,8886,471,9273,9273,9273,9273,9273,9273,TRUE,TRUE
4315,93.4689635390445,86.5509934030049,8089.83164665354,6340,589,9273,9273,9273,9273,9273,9273,TRUE,TRUE
4316,59.0666920205821,11.399957097095,673.357754901959,4732,6797,9273,9273,9273,9273,9273,9273,TRUE,TRUE
4317,48.2490917783078,98.2678041147859,4741.33229958707,5453,1301,9273,9273,9273,9273,9273,9273,TRUE,TRUE
4318,18.0311757637107,70.5163118346878,1271.49201289989,1721,4869,9273,9273,9273,9273,9273,9273,TRUE,TRUE
4319,32.8904354740875,65.0675183980152,2140.09901532892,5428,3190,9273,9273,9273,9273,9273,9273,TRUE,TRUE
4320,24.5509776312434,79.3917808723069,1949.14583630058,8680,3436,9273,9273,9273,9273,9273,9273,TRUE,TRUE
4321,48.0015038143505,63.7726517838317,3061.18318785284,2909,2220,9273,9273,9273,9273,9273,9273,TRUE,TRUE
4322,29.5262234188262,22.7893358866374,672.883022955528,7126,6800,9273,9273,9273,9273,9273,9273,TRUE,TRUE
4323,17.1324083602428,36.3896046733856,623.441567332244,3592,6994,9273,9273,9273,9273,9273,9273,TRUE,TRUE
4324,19.7130482217495,23.5787177654771,464.808400317872,5384,7641,9273,9273,9273,9273,9273,9273,TRUE,TRUE
4325,13.269096819063,38.5024571087625,510.892831147992,4183,7460,9273,9273,9273,9273,9273,9273,TRUE,TRUE
4326,21.4321385765076,55.3035924768448,1185.27425774244,7563,5116,9273,9273,9273,9273,9273,9273,TRUE,TRUE
4327,66.1420512254337,67.8635512848604,4488.63448542308,1220,1400,9273,9273,9273,9273,9273,9273,TRUE,TRUE
4328,15.0103850598716,27.5124582532481,412.972592324895,2994,7856,9273,9273,9273,9273,9273,9273,TRUE,TRUE
4329,72.309151560947,112.703314579204,8149.48105532877,5970,576,9273,9273,9273,9273,9273,9273,TRUE,TRUE
4330,18.3112897175114,45.3368192347085,830.175631877192,6829,6212,9273,9273,9273,9273,9273,9273,TRUE,TRUE
4331,39.9608477669017,52.2149102998817,2086.552081656,7311,3253,9273,9273,9273,9273,9273,9273,TRUE,TRUE
4332,56.262820482254,16.4828712940216,927.372828647636,2876,5886,9273,9273,9273,9273,9273,9273,TRUE,TRUE
4333,18.8255130260064,83.3624291794292,1569.34049639688,3919,4131,9273,9273,9273,9273,9273,9273,TRUE,TRUE
4334,32.5622985657351,38.8023284511802,1263.49300407304,4973,4890,9273,9273,9273,9273,9273,9273,TRUE,TRUE
4335,17.9893894456837,63.1871027979132,1136.69740017611,4779,5263,9273,9273,9273,9273,9273,9273,TRUE,TRUE
4336,11.3898265391839,38.3233064923968,436.495813356378,5034,7753,9273,9273,9273,9273,9273,9273,TRUE,TRUE
4337,53.7687261357869,143.454048035602,7713.3414218963,6944,636,9273,9273,9273,9273,9273,9273,TRUE,TRUE
4338,37.7945833083518,27.1177848742323,1024.90537956713,4959,5572,9273,9273,9273,9273,9273,9273,TRUE,TRUE
4339,7.16412930270943,10.1190995180755,72.4945373744777,3843,9146,9273,9273,9273,9273,9273,9273,TRUE,TRUE
4340,19.1845812546579,37.6148445857199,721.625042336073,7723,6614,9273,9273,9273,9273,9273,9273,TRUE,TRUE
4341,64.5672172172782,77.7856792371298,5022.40484769729,1423,1196,9273,9273,9273,9273,9273,9273,TRUE,TRUE
4342,29.8180769670243,74.2596394501481,2214.27964466799,8506,3098,9273,9273,9273,9273,9273,9273,TRUE,TRUE
4343,73.5991949990188,66.0727062682583,4862.89799275043,4647,1251,9273,9273,9273,9273,9273,9273,TRUE,TRUE
4344,19.194853749519,55.3570107560569,1062.56972547306,5754,5468,9273,9273,9273,9273,9273,9273,TRUE,TRUE
4345,17.1741181914486,100.634139858075,1728.30261201735,3276,3827,9273,9273,9273,9273,9273,9273,TRUE,TRUE
4346,13.9059411921809,23.485376352905,326.586262439732,3714,8264,9273,9273,9273,9273,9273,9273,TRUE,TRUE
4347,43.4518274988447,39.5964590504056,1720.53850822329,6802,3844,9273,9273,9273,9273,9273,9273,TRUE,TRUE
4348,76.4967066377937,142.569808677285,10906.1208297926,3506,356,9273,9273,9273,9273,9273,9273,TRUE,TRUE
4349,17.3491591603716,79.7017201376225,1382.75782802301,6528,4586,9273,9273,9273,9273,9273,9273,TRUE,TRUE
4350,35.9007683888222,65.4322136258616,2349.06674655,3830,2935,9273,9273,9273,9273,9273,9273,TRUE,TRUE
4351,38.8005959022002,23.3211334973681,904.873876812644,756,5957,9273,9273,9273,9273,9273,9273,TRUE,TRUE
4352,8.98785211801529,11.5061916303635,103.415948815252,8827,9051,9273,9273,9273,9273,9273,9273,TRUE,TRUE
4353,14.8635236877698,37.681170097924,560.074964333376,7039,7249,9273,9273,9273,9273,9273,9273,TRUE,TRUE
4354,72.7719691594442,91.5891230901082,6665.12084085389,6246,790,9273,9273,9273,9273,9273,9273,TRUE,TRUE
4355,41.549275082958,45.6756411026935,1897.78977676628,6596,3531,9273,9273,9273,9273,9273,9273,TRUE,TRUE
4356,34.1043928788228,55.4910603973909,1892.4889250551,6818,3547,9273,9273,9273,9273,9273,9273,TRUE,TRUE
4357,31.2376625145538,47.915591743928,1496.77108408196,6287,4307,9273,9273,9273,9273,9273,9273,TRUE,TRUE
4358,10.4825628694366,9.32894356391009,97.7912374141135,32,9074,9273,9273,9273,9273,9273,9273,TRUE,TRUE
4359,22.6770795673883,19.8515305398893,450.174737587509,5298,7693,9273,9273,9273,9273,9273,9273,TRUE,TRUE
4360,81.8315066453756,110.622549624349,9052.40990471326,4567,492,9273,9273,9273,9273,9273,9273,TRUE,TRUE
4361,93.6170130454577,66.2349865693312,6200.7216017268,8760,890,9273,9273,9273,9273,9273,9273,TRUE,TRUE
4362,35.0900763898793,37.5037272141712,1316.00865285046,352,4752,9273,9273,9273,9273,9273,9273,TRUE,TRUE
4363,36.9511404130065,154.269308673525,5700.42688621288,483,1004,9273,9273,9273,9273,9273,9273,TRUE,TRUE
4364,41.3607675552368,60.1402303377787,2487.44608771927,4311,2763,9273,9273,9273,9273,9273,9273,TRUE,TRUE
4365,21.6330729439738,32.3685510127414,700.231225149371,7965,6702,9273,9273,9273,9273,9273,9273,TRUE,TRUE
4366,77.688247460458,142.254049102465,11051.4677689245,4776,340,9273,9273,9273,9273,9273,9273,TRUE,TRUE
4367,29.6592973617658,117.67378857691,3490.12188708813,4184,1926,9273,9273,9273,9273,9273,9273,TRUE,TRUE
4368,23.4424980257599,26.6393460891616,624.492818102705,5515,6984,9273,9273,9273,9273,9273,9273,TRUE,TRUE
4369,56.6474926725347,104.192343178491,5902.2349967378,2185,956,9273,9273,9273,9273,9273,9273,TRUE,TRUE
4370,15.8160233986087,33.1178556535302,523.792779927979,5101,7411,9273,9273,9273,9273,9273,9273,TRUE,TRUE
4371,32.5350253013296,28.0718464020195,913.318232944744,3566,5933,9273,9273,9273,9273,9273,9273,TRUE,TRUE
4372,27.8473701988404,28.4112673930764,791.179080913242,4177,6340,9273,9273,9273,9273,9273,9273,TRUE,TRUE
4373,13.5964997580688,32.2867149292614,438.986311724538,1760,7740,9273,9273,9273,9273,9273,9273,TRUE,TRUE
4374,12.5107512027619,42.5858411086033,532.780862870086,5777,7369,9273,9273,9273,9273,9273,9273,TRUE,TRUE
4375,36.5519252875272,28.3012855080997,1034.46647343304,1256,5546,9273,9273,9273,9273,9273,9273,TRUE,TRUE
4376,44.7503732764129,71.3314391095588,3192.10852649647,7847,2121,9273,9273,9273,9273,9273,9273,TRUE,TRUE
4377,11.9030862981623,16.8473569956693,200.5355442154,9263,8756,9273,9273,9273,9273,9273,9273,TRUE,TRUE
4378,49.3776752024713,32.1666655879049,1588.31516574608,169,4094,9273,9273,9273,9273,9273,9273,TRUE,TRUE
4379,80.3680282389676,167.963574583148,13498.9013052164,9229,250,9273,9273,9273,9273,9273,9273,TRUE,TRUE
4380,31.5269566230404,27.9894296173911,882.421533451129,4141,6044,9273,9273,9273,9273,9273,9273,TRUE,TRUE
4381,15.9229188799858,9.54606404304504,152.001203380556,5416,8932,9273,9273,9273,9273,9273,9273,TRUE,TRUE
4382,57.911371290961,42.4822076797485,2460.20290220163,4416,2794,9273,9273,9273,9273,9273,9273,TRUE,TRUE
4383,22.9201848886575,67.7426254400023,1552.67349992792,6481,4163,9273,9273,9273,9273,9273,9273,TRUE,TRUE
4384,51.8100737771072,61.0085046762801,3160.85512830906,5370,2145,9273,9273,9273,9273,9273,9273,TRUE,TRUE
4385,34.9908736452802,38.2036898154339,1336.78048311532,2181,4705,9273,9273,9273,9273,9273,9273,TRUE,TRUE
4386,35.0082392215729,14.5100239753723,507.970390440592,1390,7472,9273,9273,9273,9273,9273,9273,TRUE,TRUE
4387,18.4913735610212,50.0736037237796,925.929712002951,5714,5890,9273,9273,9273,9273,9273,9273,TRUE,TRUE
4388,14.3139823913574,9.4187758398056,134.82019151912,529,8986,9273,9273,9273,9273,9273,9273,TRUE,TRUE
4389,12.0770657166191,11.6827868724215,141.093784811489,936,8964,9273,9273,9273,9273,9273,9273,TRUE,TRUE
4390,13.4934097660912,16.2165312825898,218.816301580621,3509,8678,9273,9273,9273,9273,9273,9273,TRUE,TRUE
4391,15.3978187484199,23.5258432361187,362.246670053496,7881,8105,9273,9273,9273,9273,9273,9273,TRUE,TRUE
4392,51.696280778344,72.7305497393679,3759.89892048968,1932,1752,9273,9273,9273,9273,9273,9273,TRUE,TRUE
4393,12.2119523902957,21.6377660183424,264.239368448357,8895,8497,9273,9273,9273,9273,9273,9273,TRUE,TRUE
4394,35.8952503204346,12.2373578060104,439.263021707468,1466,7737,9273,9273,9273,9273,9273,9273,TRUE,TRUE
4395,20.0888355826284,57.6400570581248,1157.92162921399,360,5207,9273,9273,9273,9273,9273,9273,TRUE,TRUE
4396,43.5820137291219,99.3935237871322,4331.7699182766,6578,1469,9273,9273,9273,9273,9273,9273,TRUE,TRUE
4397,62.525714730838,57.7006377068777,3607.77361304767,3574,1851,9273,9273,9273,9273,9273,9273,TRUE,TRUE
4398,26.9808031680849,36.0233115280999,971.937877802267,6239,5736,9273,9273,9273,9273,9273,9273,TRUE,TRUE
4399,72.1881448166711,88.1511223656791,6363.46598708573,37,843,9273,9273,9273,9273,9273,9273,TRUE,TRUE
4400,61.7564023640982,30.7251570527988,1897.47516165275,5074,3534,9273,9273,9273,9273,9273,9273,TRUE,TRUE
4401,39.6949697209699,57.351290802071,2276.55775184675,6004,3013,9273,9273,9273,9273,9273,9273,TRUE,TRUE
4402,67.2658171565909,17.4173800317865,1171.59430056501,2288,5167,9273,9273,9273,9273,9273,9273,TRUE,TRUE
4403,21.1030577113551,116.39450470753,2456.2799501276,3234,2796,9273,9273,9273,9273,9273,9273,TRUE,TRUE
4404,112.50594120087,87.6805448102798,9864.58221888555,3065,422,9273,9273,9273,9273,9273,9273,TRUE,TRUE
4405,30.5330007451304,43.1038855649112,1316.09097007145,6237,4751,9273,9273,9273,9273,9273,9273,TRUE,TRUE
4406,66.6529551511088,71.6813873109363,4777.7762936051,520,1287,9273,9273,9273,9273,9273,9273,TRUE,TRUE
4407,22.8605124049566,52.3297873545777,1196.28575296806,2166,5087,9273,9273,9273,9273,9273,9273,TRUE,TRUE
4408,19.4181936264038,21.3577143907547,414.728233457106,6763,7846,9273,9273,9273,9273,9273,9273,TRUE,TRUE
4409,31.7485607668167,43.9595852654411,1395.65356408391,6857,4544,9273,9273,9273,9273,9273,9273,TRUE,TRUE
4410,68.9041282064547,57.6592468633884,3972.96013816253,3099,1644,9273,9273,9273,9273,9273,9273,TRUE,TRUE
4411,75.6515794215223,96.4867637146937,7299.37606828781,2133,689,9273,9273,9273,9273,9273,9273,TRUE,TRUE
4412,38.4658190940156,296.948884155245,11422.3820580854,5440,316,9273,9273,9273,9273,9273,9273,TRUE,TRUE
4413,15.3797314333361,26.0481720636057,400.613890667585,8419,7917,9273,9273,9273,9273,9273,9273,TRUE,TRUE
4414,27.1038935184479,13.738857290324,372.376525062094,7554,8048,9273,9273,9273,9273,9273,9273,TRUE,TRUE
4415,41.1430412039612,99.4873233852964,4093.21104531307,81,1586,9273,9273,9273,9273,9273,9273,TRUE,TRUE
4416,29.1988559573784,50.2197265220615,1466.35856093661,4669,4382,9273,9273,9273,9273,9273,9273,TRUE,TRUE
4417,3.72211325470405,20.3971500094933,75.9205024085219,7658,9136,9273,9273,9273,9273,9273,9273,TRUE,TRUE
4418,25.034652466099,49.1339413063711,1230.05114489471,4875,4982,9273,9273,9273,9273,9273,9273,TRUE,TRUE
4419,29.4703733867001,38.722878066959,1141.17767524094,8672,5253,9273,9273,9273,9273,9273,9273,TRUE,TRUE
4420,45.8046098536599,64.2052119095578,2940.89468208885,673,2322,9273,9273,9273,9273,9273,9273,TRUE,TRUE
4421,47.589981008459,69.4858781555553,3306.83162177897,4653,2058,9273,9273,9273,9273,9273,9273,TRUE,TRUE
4422,33.5443937081557,38.0667665921725,1276.9266057643,7814,4850,9273,9273,9273,9273,9273,9273,TRUE,TRUE
4423,20.1177338770622,6.37019314051826,128.153850346434,8138,9006,9273,9273,9273,9273,9273,9273,TRUE,TRUE
4424,24.5546218810543,23.3006000326526,572.137423403465,5316,7196,9273,9273,9273,9273,9273,9273,TRUE,TRUE
4425,66.1288022436202,147.632570683956,9762.76507147661,3879,429,9273,9273,9273,9273,9273,9273,TRUE,TRUE
4426,16.1749265383725,67.7058200029592,1095.13666476814,1880,5382,9273,9273,9273,9273,9273,9273,TRUE,TRUE
4427,42.9642633336191,48.7359145458115,2093.902666351,3186,3242,9273,9273,9273,9273,9273,9273,TRUE,TRUE
4428,5.42222094290035,27.713107905437,150.266594077718,5782,8940,9273,9273,9273,9273,9273,9273,TRUE,TRUE
4429,9.40840970693552,33.597739022306,316.10129394855,670,8312,9273,9273,9273,9273,9273,9273,TRUE,TRUE
4430,45.4078462864902,48.7623632759661,2214.19389620106,7292,3099,9273,9273,9273,9273,9273,9273,TRUE,TRUE
4431,77.5806034156052,296.726765785444,23020.2415391957,8965,85,9273,9273,9273,9273,9273,9273,TRUE,TRUE
4432,22.5862524222355,26.3081742033667,594.203063325382,6070,7115,9273,9273,9273,9273,9273,9273,TRUE,TRUE
4433,7.92010036057341,11.6915387364919,92.5981601625472,6428,9091,9273,9273,9273,9273,9273,9273,TRUE,TRUE
4434,24.0140929125451,78.346531842206,1881.42089503441,7471,3567,9273,9273,9273,9273,9273,9273,TRUE,TRUE
4435,39.713764371798,102.475845514342,4069.70158255735,2879,1600,9273,9273,9273,9273,9273,9273,TRUE,TRUE
4436,41.5106823893076,45.7281650853961,1898.2073371057,2422,3527,9273,9273,9273,9273,9273,9273,TRUE,TRUE
4437,37.5534721733275,34.8046520214989,1307.03553119171,2756,4773,9273,9273,9273,9273,9273,9273,TRUE,TRUE
4438,41.9135770613385,161.489210144761,6768.59045397712,9153,771,9273,9273,9273,9273,9273,9273,TRUE,TRUE
4439,9.73507435876437,11.0745935209568,107.811991419605,1945,9042,9273,9273,9273,9273,9273,9273,TRUE,TRUE
4440,57.2474517822266,89.085784414012,5099.93414772298,1268,1167,9273,9273,9273,9273,9273,9273,TRUE,TRUE
4441,45.085227075376,25.4561790918049,1147.69761482546,464,5233,9273,9273,9273,9273,9273,9273,TRUE,TRUE
4442,19.2764572366311,48.6268827480121,937.354025842729,4972,5848,9273,9273,9273,9273,9273,9273,TRUE,TRUE
4443,19.7667942448,31.2682916210816,618.073886860324,1107,7026,9273,9273,9273,9273,9273,9273,TRUE,TRUE
4444,26.5249889634904,27.4563023703439,728.278117351628,3205,6583,9273,9273,9273,9273,9273,9273,TRUE,TRUE
4445,20.1618731529155,16.9527408011416,341.799009626872,4219,8186,9273,9273,9273,9273,9273,9273,TRUE,TRUE
4446,20.4049082647396,24.7311434866507,504.63671412722,7677,7482,9273,9273,9273,9273,9273,9273,TRUE,TRUE
4447,24.6564296491734,36.1345427283993,890.948810687829,4906,6012,9273,9273,9273,9273,9273,9273,TRUE,TRUE
4448,91.6979817773907,135.84616172973,12456.8188628213,3288,279,9273,9273,9273,9273,9273,9273,TRUE,TRUE
4449,37.3544589475764,30.3765580371456,1134.69989016723,7346,5266,9273,9273,9273,9273,9273,9273,TRUE,TRUE
4450,57.0811496287321,28.5987678713503,1632.45054806192,3005,4004,9273,9273,9273,9273,9273,9273,TRUE,TRUE
4451,30.4083332104629,39.957608346189,1215.04426888409,7280,5031,9273,9273,9273,9273,9273,9273,TRUE,TRUE
4452,26.0937575063398,15.2737049902639,398.548354239318,3014,7932,9273,9273,9273,9273,9273,9273,TRUE,TRUE
4453,54.569508570119,100.391069816288,5478.29134470335,467,1070,9273,9273,9273,9273,9273,9273,TRUE,TRUE
4454,166.605465688725,261.875724951096,43629.9271080498,2794,22,9273,9273,9273,9273,9273,9273,TRUE,TRUE
4455,40.497113714155,37.8976701679609,1534.74625829345,7232,4213,9273,9273,9273,9273,9273,9273,TRUE,TRUE
4456,19.1568941100951,55.7572190069383,1068.1351403893,7869,5452,9273,9273,9273,9273,9273,9273,TRUE,TRUE
4457,40.0423435479581,72.428132866671,2900.1921787844,9013,2351,9273,9273,9273,9273,9273,9273,TRUE,TRUE
4458,11.3735117697716,22.5287100601196,256.230549026542,1906,8527,9273,9273,9273,9273,9273,9273,TRUE,TRUE
4459,11.5625755490771,55.1280110656836,637.421792817323,1958,6932,9273,9273,9273,9273,9273,9273,TRUE,TRUE
4460,42.8792036920045,73.6962231387744,3160.03536329892,5388,2146,9273,9273,9273,9273,9273,9273,TRUE,TRUE
4461,30.2648520210917,41.3810974128487,1252.39278967024,2202,4916,9273,9273,9273,9273,9273,9273,TRUE,TRUE
4462,59.1399979844612,44.4625573825342,2629.51555398706,1839,2607,9273,9273,9273,9273,9273,9273,TRUE,TRUE
4463,37.1601746716398,85.4000474645736,3173.48068074989,6948,2132,9273,9273,9273,9273,9273,9273,TRUE,TRUE
4464,12.0802656765559,39.6105687031195,478.506193533154,8401,7588,9273,9273,9273,9273,9273,9273,TRUE,TRUE
4465,26.0744577871462,33.2854232547866,867.899363584227,8855,6094,9273,9273,9273,9273,9273,9273,TRUE,TRUE
4466,33.2678735047442,109.06273471595,3628.28526261168,6727,1833,9273,9273,9273,9273,9273,9273,TRUE,TRUE
4467,22.6952536826664,77.2962142923143,1754.25719207381,4813,3780,9273,9273,9273,9273,9273,9273,TRUE,TRUE
4468,5.3158120859501,17.8785046422204,95.0387710558303,785,9084,9273,9273,9273,9273,9273,9273,TRUE,TRUE
4469,1.44013308886941,7.81740230533248,11.2580997289133,3441,9246,9273,9273,9273,9273,9273,9273,TRUE,TRUE
4470,3.84859987560071,16.9216567968067,65.1246862431484,4819,9170,9273,9273,9273,9273,9273,9273,TRUE,TRUE
4471,21.4081341174875,20.0035709161488,428.239129001585,7986,7786,9273,9273,9273,9273,9273,9273,TRUE,TRUE
4472,21.1713830327988,32.7875445342064,694.157664038631,1235,6728,9273,9273,9273,9273,9273,9273,TRUE,TRUE
4473,64.6074760696034,115.102720109033,7436.49623499061,5257,675,9273,9273,9273,9273,9273,9273,TRUE,TRUE
4474,27.359841874181,34.5996078179807,946.639798808629,4225,5808,9273,9273,9273,9273,9273,9273,TRUE,TRUE
4475,33.1675767181167,58.0309614738337,1924.74636670945,5756,3476,9273,9273,9273,9273,9273,9273,TRUE,TRUE
4476,26.9968436706066,17.3102028846741,467.32084118403,8619,7636,9273,9273,9273,9273,9273,9273,TRUE,TRUE
4477,20.8645106170336,26.0878771071938,544.310788878912,7673,7314,9273,9273,9273,9273,9273,9273,TRUE,TRUE
4478,19.3730023911342,86.1053949154436,1668.12002158645,8887,3940,9273,9273,9273,9273,9273,9273,TRUE,TRUE
4479,21.7053518654132,40.8272720234735,886.170304974434,3413,6032,9273,9273,9273,9273,9273,9273,TRUE,TRUE
4480,40.4743948436919,47.0696756612687,1905.1166378787,5994,3516,9273,9273,9273,9273,9273,9273,TRUE,TRUE
4481,55.7477547035001,74.3132437038692,4142.79648122472,9014,1559,9273,9273,9273,9273,9273,9273,TRUE,TRUE
4482,17.5133980447406,36.4407735517823,638.20177227062,4817,6929,9273,9273,9273,9273,9273,9273,TRUE,TRUE
4483,37.6420074138927,64.4523239484261,2426.11485590927,8003,2833,9273,9273,9273,9273,9273,9273,TRUE,TRUE
4484,32.3975936234544,66.8750034341025,2166.58918482517,8415,3152,9273,9273,9273,9273,9273,9273,TRUE,TRUE
4485,49.323876266046,69.5184414545695,3428.91900451355,3070,1965,9273,9273,9273,9273,9273,9273,TRUE,TRUE
4486,31.0046463072053,76.5586920457262,2373.67516861999,2192,2902,9273,9273,9273,9273,9273,9273,TRUE,TRUE
4487,68.192281594431,41.9849830755481,2863.05178862519,4799,2392,9273,9273,9273,9273,9273,9273,TRUE,TRUE
4488,26.3883411062175,29.0258834170199,765.944912517622,1950,6453,9273,9273,9273,9273,9273,9273,TRUE,TRUE
4489,46.9870072971691,155.434709479592,7303.41182855095,2614,688,9273,9273,9273,9273,9273,9273,TRUE,TRUE
4490,13.5320267103337,66.1432169230297,895.051778109831,1097,5996,9273,9273,9273,9273,9273,9273,TRUE,TRUE
4491,54.3643597438932,156.093286041703,8485.91155597753,5659,547,9273,9273,9273,9273,9273,9273,TRUE,TRUE
4492,34.4616237898342,32.7383163327076,1128.21554097036,4221,5283,9273,9273,9273,9273,9273,9273,TRUE,TRUE
4493,140.078083663913,241.34805912555,33807.5736183119,39,37,9273,9273,9273,9273,9273,9273,TRUE,TRUE
4494,126.499900573155,134.75443971382,17046.4232255894,6776,159,9273,9273,9273,9273,9273,9273,TRUE,TRUE
4495,45.4513769669411,71.783170859019,3262.64395859561,4085,2078,9273,9273,9273,9273,9273,9273,TRUE,TRUE
4496,39.8056588493317,68.9631073993185,2745.1219263271,8264,2501,9273,9273,9273,9273,9273,9273,TRUE,TRUE
4497,82.6557791851185,131.747459940336,10889.6889570287,8848,358,9273,9273,9273,9273,9273,9273,TRUE,TRUE
4498,29.1912961687361,43.6950996210287,1275.51659415987,6297,4853,9273,9273,9273,9273,9273,9273,TRUE,TRUE
4499,11.6033649126689,27.5169101351783,319.288749567591,6389,8297,9273,9273,9273,9273,9273,9273,TRUE,TRUE
4500,48.3710312821746,36.1685260065001,1749.50890289056,3729,3787,9273,9273,9273,9273,9273,9273,TRUE,TRUE
4501,47.2754087368381,52.1553825965295,2465.6670300771,7626,2790,9273,9273,9273,9273,9273,9273,TRUE,TRUE
4502,12.1139227038752,27.301904580889,330.733161761466,5921,8243,9273,9273,9273,9273,9273,9273,TRUE,TRUE
4503,30.3837595511885,89.2463575811947,2711.63986956641,3439,2521,9273,9273,9273,9273,9273,9273,TRUE,TRUE
4504,16.4528498156317,15.5370421080754,255.62862038331,2700,8533,9273,9273,9273,9273,9273,9273,TRUE,TRUE
4505,52.0108598452029,76.7758211981732,3993.17647583854,2925,1631,9273,9273,9273,9273,9273,9273,TRUE,TRUE
4506,10.3858900079898,66.414057148396,689.76909252759,4988,6740,9273,9273,9273,9273,9273,9273,TRUE,TRUE
4507,48.8394869410992,33.9967289924622,1660.38280166744,2400,3954,9273,9273,9273,9273,9273,9273,TRUE,TRUE
4508,41.0833621430397,31.0947383308411,1277.476395589,2871,4849,9273,9273,9273,9273,9273,9273,TRUE,TRUE
4509,11.2958430886269,34.0603537654877,384.74041167807,9163,7997,9273,9273,9273,9273,9273,9273,TRUE,TRUE
4510,43.1975674344533,27.6598435515788,1194.83795704575,1577,5090,9273,9273,9273,9273,9273,9273,TRUE,TRUE
4511,9.71585462151504,30.1748735730241,293.174684858098,7888,8393,9273,9273,9273,9273,9273,9273,TRUE,TRUE
4512,13.8235536495238,48.9691366530557,676.927487694377,7755,6784,9273,9273,9273,9273,9273,9273,TRUE,TRUE
4513,66.5229008649414,50.979657299193,3391.3146886429,838,2000,9273,9273,9273,9273,9273,9273,TRUE,TRUE
4514,23.1012999293316,59.223927107202,1368.14970309634,3074,4629,9273,9273,9273,9273,9273,9273,TRUE,TRUE
4515,23.1076539993286,22.9105562448502,529.409206638155,622,7388,9273,9273,9273,9273,9273,9273,TRUE,TRUE
4516,15.3081030813204,26.5817791685766,406.916615597467,8713,7893,9273,9273,9273,9273,9273,9273,TRUE,TRUE
4517,21.7166673810709,52.1245647044409,1131.97183406945,2414,5272,9273,9273,9273,9273,9273,9273,TRUE,TRUE
4518,15.1515855256435,13.2011734996222,200.018709318384,7313,8757,9273,9273,9273,9273,9273,9273,TRUE,TRUE
4519,65.0971874880597,62.3779246477577,4060.62745591114,3482,1604,9273,9273,9273,9273,9273,9273,TRUE,TRUE
4520,13.5009310063449,53.4764518668435,721.981887118377,8310,6610,9273,9273,9273,9273,9273,9273,TRUE,TRUE
4521,48.7661023834559,90.8804482306082,4431.88524306821,2989,1420,9273,9273,9273,9273,9273,9273,TRUE,TRUE
4522,39.7736446062724,45.2609101082515,1800.19135320204,3743,3713,9273,9273,9273,9273,9273,9273,TRUE,TRUE
4523,76.5115699213605,106.077239694521,8116.13614195229,3214,582,9273,9273,9273,9273,9273,9273,TRUE,TRUE
4524,37.5836008836597,68.954580280638,2591.56142436777,3164,2644,9273,9273,9273,9273,9273,9273,TRUE,TRUE
4525,26.9864229713081,30.6186611694841,826.288141134864,4162,6221,9273,9273,9273,9273,9273,9273,TRUE,TRUE
4526,30.5959872473315,19.7963777048334,605.689719800439,3242,7070,9273,9273,9273,9273,9273,9273,TRUE,TRUE
4527,29.931327126958,29.9142382108621,895.37284964306,9005,5992,9273,9273,9273,9273,9273,9273,TRUE,TRUE
4528,33.6009882681936,44.5131488926503,1495.6857937223,7114,4308,9273,9273,9273,9273,9273,9273,TRUE,TRUE
4529,162.925152019716,32.9675321041698,5371.24017978672,2726,1096,9273,9273,9273,9273,9273,9273,TRUE,TRUE
4530,81.2117284036316,69.835489926296,5671.4608408289,8570,1015,9273,9273,9273,9273,9273,9273,TRUE,TRUE
4531,37.8654817163944,48.3956718769941,1832.52542861094,4049,3644,9273,9273,9273,9273,9273,9273,TRUE,TRUE
4532,30.6492891165399,39.1526502225817,1200.00089635067,4053,5073,9273,9273,9273,9273,9273,9273,TRUE,TRUE
4533,15.3772842696333,21.5876381065589,331.959247874524,4754,8237,9273,9273,9273,9273,9273,9273,TRUE,TRUE
4534,27.4991703625529,82.7240739323348,2274.84340214969,469,3014,9273,9273,9273,9273,9273,9273,TRUE,TRUE
4535,64.2421628468997,68.1696566668424,4379.36618480853,3894,1440,9273,9273,9273,9273,9273,9273,TRUE,TRUE
4536,13.2706472228304,48.0478165880412,637.625623767155,3050,6931,9273,9273,9273,9273,9273,9273,TRUE,TRUE
4537,13.2654046297073,28.2945382547379,375.338498759831,6049,8037,9273,9273,9273,9273,9273,9273,TRUE,TRUE
4538,26.0770440635661,17.4518028864688,455.091432859118,4029,7675,9273,9273,9273,9273,9273,9273,TRUE,TRUE
4539,22.270294519884,58.2343752379102,1296.8966877297,8982,4797,9273,9273,9273,9273,9273,9273,TRUE,TRUE
4540,61.5418799900273,26.1963054136033,1612.16988394608,6484,4049,9273,9273,9273,9273,9273,9273,TRUE,TRUE
4541,14.2862434923649,41.8754233121872,598.242493783759,2047,7095,9273,9273,9273,9273,9273,9273,TRUE,TRUE
4542,1.9233252843221,17.310186513265,33.293119397294,4723,9216,9273,9273,9273,9273,9273,9273,TRUE,TRUE
4543,44.7903221655911,85.7769739826048,3841.9782990704,5330,1712,9273,9273,9273,9273,9273,9273,TRUE,TRUE
4544,32.6532283895894,160.290141610723,5233.99060261456,4409,1130,9273,9273,9273,9273,9273,9273,TRUE,TRUE
4545,40.5456616518345,68.3525081309866,2771.39766773325,4092,2469,9273,9273,9273,9273,9273,9273,TRUE,TRUE
4546,32.3128276850882,52.5889122853466,1699.29646082262,277,3888,9273,9273,9273,9273,9273,9273,TRUE,TRUE
4547,32.6137763771192,150.640078977341,4912.94184919858,6328,1231,9273,9273,9273,9273,9273,9273,TRUE,TRUE
4548,40.1800780487463,63.5437966399052,2553.19470850505,406,2687,9273,9273,9273,9273,9273,9273,TRUE,TRUE
4549,38.4569744233162,19.0182317641474,731.383652530515,7817,6568,9273,9273,9273,9273,9273,9273,TRUE,TRUE
4550,95.065938167572,32.0747898101807,3049.2199848325,5203,2228,9273,9273,9273,9273,9273,9273,TRUE,TRUE
4551,89.2682317733765,26.0925741910934,2329.23796045455,824,2954,9273,9273,9273,9273,9273,9273,TRUE,TRUE
4552,20.749730360508,22.7068913173676,471.161872160736,6005,7620,9273,9273,9273,9273,9273,9273,TRUE,TRUE
4553,34.6791618425552,22.9454320718164,795.728352365879,1819,6327,9273,9273,9273,9273,9273,9273,TRUE,TRUE
4554,20.6782630641582,44.7640858060223,925.643542123477,3932,5891,9273,9273,9273,9273,9273,9273,TRUE,TRUE
4555,37.1576024618174,36.9839921701757,1374.23647851036,5487,4611,9273,9273,9273,9273,9273,9273,TRUE,TRUE
4556,27.0308605543251,17.6106662281224,476.031463081139,5005,7605,9273,9273,9273,9273,9273,9273,TRUE,TRUE
4557,10.0517594113069,16.9208609076107,170.084422875492,5283,8864,9273,9273,9273,9273,9273,9273,TRUE,TRUE
4558,44.8104562418802,112.598057440349,5045.57032585147,7072,1187,9273,9273,9273,9273,9273,9273,TRUE,TRUE
4559,27.8117448281434,62.2856596445633,1732.27287248718,1672,3817,9273,9273,9273,9273,9273,9273,TRUE,TRUE
4560,38.9055210394938,43.1252379323615,1677.80985171067,5881,3927,9273,9273,9273,9273,9273,9273,TRUE,TRUE
4561,20.6609631729126,54.094357252121,1117.64152304845,2322,5316,9273,9273,9273,9273,9273,9273,TRUE,TRUE
4562,58.4200709481586,107.821852031507,6298.9602454425,8912,865,9273,9273,9273,9273,9273,9273,TRUE,TRUE
4563,28.8669572059925,11.0571166429764,319.185312954468,1387,8298,9273,9273,9273,9273,9273,9273,TRUE,TRUE
4564,27.4120846399119,65.7199915496396,1801.52197089302,7742,3707,9273,9273,9273,9273,9273,9273,TRUE,TRUE
4565,7.02625490802382,15.1151562397043,106.202940714769,2950,9046,9273,9273,9273,9273,9273,9273,TRUE,TRUE
4566,45.6647781714415,131.327710029406,5997.05074625624,2310,933,9273,9273,9273,9273,9273,9273,TRUE,TRUE
4567,25.3386507099622,58.156848223242,1473.61606352102,986,4360,9273,9273,9273,9273,9273,9273,TRUE,TRUE
4568,15.9551744486881,24.2522916174107,386.949543536244,7826,7985,9273,9273,9273,9273,9273,9273,TRUE,TRUE
4569,27.7240418620226,45.845920683698,1271.03422423781,7335,4871,9273,9273,9273,9273,9273,9273,TRUE,TRUE
4570,39.1062962751131,39.6118732884124,1549.07365282889,6550,4174,9273,9273,9273,9273,9273,9273,TRUE,TRUE
4571,23.1631333827972,29.4654721021652,682.512660489544,2895,6758,9273,9273,9273,9273,9273,9273,TRUE,TRUE
4572,60.9181240524989,34.6140605879028,2108.62363685457,2904,3223,9273,9273,9273,9273,9273,9273,TRUE,TRUE
4573,27.7490665917349,54.7181817139729,1518.37846815969,905,4259,9273,9273,9273,9273,9273,9273,TRUE,TRUE
4574,17.9185718191732,18.2477865832867,326.974274433568,6524,8262,9273,9273,9273,9273,9273,9273,TRUE,TRUE
4575,33.6733437642932,50.486600069813,1700.05263964121,3629,3886,9273,9273,9273,9273,9273,9273,TRUE,TRUE
4576,26.5314854523323,19.0423531079426,505.221914461553,956,7479,9273,9273,9273,9273,9273,9273,TRUE,TRUE
4577,35.3531994444709,36.6291634738445,1294.95812177495,3121,4804,9273,9273,9273,9273,9273,9273,TRUE,TRUE
4578,43.8399134388676,46.921061615885,2057.01527970018,5403,3292,9273,9273,9273,9273,9273,9273,TRUE,TRUE
4579,54.7153060825392,64.8634809450171,3549.02521348556,5156,1890,9273,9273,9273,9273,9273,9273,TRUE,TRUE
4580,29.959493961963,22.0573608691876,660.827369777265,1627,6846,9273,9273,9273,9273,9273,9273,TRUE,TRUE
4581,15.026418991178,15.1785568879029,228.07935547906,4258,8643,9273,9273,9273,9273,9273,9273,TRUE,TRUE
4582,45.009838663448,60.5856790542603,2726.95163954769,492,2514,9273,9273,9273,9273,9273,9273,TRUE,TRUE
4583,33.7050634412205,34.9014423767366,1176.35532949801,146,5151,9273,9273,9273,9273,9273,9273,TRUE,TRUE
4584,77.849238917085,125.686732042031,9784.61643144773,1756,426,9273,9273,9273,9273,9273,9273,TRUE,TRUE
4585,8.96461730225142,27.4689852869788,246.24894077894,4011,8569,9273,9273,9273,9273,9273,9273,TRUE,TRUE
4586,166.347481184484,83.710484563614,13925.0282558898,4349,235,9273,9273,9273,9273,9273,9273,TRUE,TRUE
4587,31.2239523821099,76.8124924704086,2398.38960724721,2138,2876,9273,9273,9273,9273,9273,9273,TRUE,TRUE
4588,20.5812841955438,23.1559182362384,476.578534028798,8032,7599,9273,9273,9273,9273,9273,9273,TRUE,TRUE
4589,24.5790840293006,24.8518253436191,610.835103402318,3946,7052,9273,9273,9273,9273,9273,9273,TRUE,TRUE
4590,47.3702151124604,20.4879078888087,970.516603897142,6833,5740,9273,9273,9273,9273,9273,9273,TRUE,TRUE
4591,26.9469043505192,51.2432685995102,1380.84745755896,2042,4594,9273,9273,9273,9273,9273,9273,TRUE,TRUE
4592,16.9104831874371,47.8066668748856,808.433836435157,4873,6287,9273,9273,9273,9273,9273,9273,TRUE,TRUE
4593,25.6542094421387,22.4014357948303,574.691125685199,3231,7184,9273,9273,9273,9273,9273,9273,TRUE,TRUE
4594,71.9718294025731,21.5792765802714,1553.10001266623,4591,4160,9273,9273,9273,9273,9273,9273,TRUE,TRUE
4595,31.7281364624013,59.8290248997304,1898.26346643105,6133,3526,9273,9273,9273,9273,9273,9273,TRUE,TRUE
4596,8.93283433373235,6.97372638878702,62.295142519812,7033,9176,9273,9273,9273,9273,9273,9273,TRUE,TRUE
4597,28.7488516372639,27.4143378925473,788.130732806664,8414,6350,9273,9273,9273,9273,9273,9273,TRUE,TRUE
4598,30.6410486831278,38.3263921592441,1174.36084800005,9003,5160,9273,9273,9273,9273,9273,9273,TRUE,TRUE
4599,9.91884192024789,39.6123216210342,392.908356253056,6061,7955,9273,9273,9273,9273,9273,9273,TRUE,TRUE
4600,23.1455468762089,27.6970269814344,641.062836330411,6366,6917,9273,9273,9273,9273,9273,9273,TRUE,TRUE
4601,56.5092539888747,81.4752342128464,4604.10470393679,7234,1348,9273,9273,9273,9273,9273,9273,TRUE,TRUE
4602,39.0892171422138,91.5455328060102,3578.44321025378,2220,1872,9273,9273,9273,9273,9273,9273,TRUE,TRUE
4603,6.57231438045318,50.6063635303424,332.600930772911,8568,8235,9273,9273,9273,9273,9273,9273,TRUE,TRUE
4604,13.7113039575277,22.4435116389105,307.729809955413,8474,8343,9273,9273,9273,9273,9273,9273,TRUE,TRUE
4605,43.0156812346295,65.2649311140964,2807.41547260403,5814,2431,9273,9273,9273,9273,9273,9273,TRUE,TRUE
4606,9.32288412897696,26.3190841674805,245.369772074213,7304,8574,9273,9273,9273,9273,9273,9273,TRUE,TRUE
4607,37.2870357756241,85.5186996635753,3188.73881384059,2107,2122,9273,9273,9273,9273,9273,9273,TRUE,TRUE
4608,30.7124446474371,33.5324494498117,1029.86349762032,6193,5557,9273,9273,9273,9273,9273,9273,TRUE,TRUE
4609,25.3869269828657,195.96586165236,4974.97102090283,268,1211,9273,9273,9273,9273,9273,9273,TRUE,TRUE
4610,18.4750221431255,67.2042365074158,1241.59975758635,3825,4950,9273,9273,9273,9273,9273,9273,TRUE,TRUE
4611,20.4584589172155,32.2776288166642,660.350543090855,4555,6849,9273,9273,9273,9273,9273,9273,TRUE,TRUE
4612,29.9651577885218,26.4666436464732,793.077152999146,1903,6334,9273,9273,9273,9273,9273,9273,TRUE,TRUE
4613,37.5021373172479,103.245896090759,3871.94177263796,1973,1699,9273,9273,9273,9273,9273,9273,TRUE,TRUE
4614,14.3154792523705,71.0718049703692,1017.42694948184,4773,5591,9273,9273,9273,9273,9273,9273,TRUE,TRUE
4615,25.7519223970055,23.7647809278245,611.988794235172,1174,7048,9273,9273,9273,9273,9273,9273,TRUE,TRUE
4616,21.666204902361,54.8868909376972,1189.19062550969,8372,5107,9273,9273,9273,9273,9273,9273,TRUE,TRUE
4617,67.7976533691516,80.4834335593767,5456.58793041776,8543,1077,9273,9273,9273,9273,9273,9273,TRUE,TRUE
4618,44.3107558026965,81.37517914121,3605.79569132684,8280,1852,9273,9273,9273,9273,9273,9273,TRUE,TRUE
4619,38.718103303522,18.7884661788263,727.453774426525,547,6587,9273,9273,9273,9273,9273,9273,TRUE,TRUE
4620,18.6538949946424,23.6938260551933,441.982143254896,1408,7728,9273,9273,9273,9273,9273,9273,TRUE,TRUE
4621,40.0181311607361,18.2011754274368,728.377025534734,3782,6582,9273,9273,9273,9273,9273,9273,TRUE,TRUE
4622,23.2559196406397,16.8361903618122,391.541090108818,1025,7959,9273,9273,9273,9273,9273,9273,TRUE,TRUE
4623,42.4362762975329,41.371096276145,1755.63527230632,6549,3778,9273,9273,9273,9273,9273,9273,TRUE,TRUE
4624,31.0172057779212,12.4452367079885,386.016467926619,329,7990,9273,9273,9273,9273,9273,9273,TRUE,TRUE
4625,17.7713197879641,59.8169631505672,1063.02638089359,1093,5466,9273,9273,9273,9273,9273,9273,TRUE,TRUE
4626,86.7538892177748,188.240372641489,16330.5844344524,2123,169,9273,9273,9273,9273,9273,9273,TRUE,TRUE
4627,14.2938900313039,21.9885283943236,314.301606818666,2853,8318,9273,9273,9273,9273,9273,9273,TRUE,TRUE
4628,63.4175826766912,122.269502770667,7754.03630079669,1448,633,9273,9273,9273,9273,9273,9273,TRUE,TRUE
4629,32.4593157211026,27.8945070573653,905.436611459546,4514,5954,9273,9273,9273,9273,9273,9273,TRUE,TRUE
4630,36.1455868286746,76.2321304593768,2755.45509065425,1351,2485,9273,9273,9273,9273,9273,9273,TRUE,TRUE
4631,20.5209548591096,53.9293723724507,1106.68221603517,5170,5349,9273,9273,9273,9273,9273,9273,TRUE,TRUE
4632,15.1752455211821,23.2742184003194,353.191978538461,3974,8134,9273,9273,9273,9273,9273,9273,TRUE,TRUE
4633,41.9057992104229,133.032219433363,5574.82147609142,7687,1042,9273,9273,9273,9273,9273,9273,TRUE,TRUE
4634,12.3785330408909,15.5240926977064,192.165494388412,2287,8782,9273,9273,9273,9273,9273,9273,TRUE,TRUE
4635,27.67925760746,21.4213698577881,592.927614598396,5264,7119,9273,9273,9273,9273,9273,9273,TRUE,TRUE
4636,65.6029464046971,31.5691162842472,2071.02704363912,2389,3275,9273,9273,9273,9273,9273,9273,TRUE,TRUE
4637,35.7990334418512,146.484448973484,5244.00168751291,9236,1126,9273,9273,9273,9273,9273,9273,TRUE,TRUE
4638,65.5743461521467,47.2975424639384,3101.50542167615,2943,2189,9273,9273,9273,9273,9273,9273,TRUE,TRUE
4639,31.0720153578913,38.557433764972,1198.05717410609,6418,5079,9273,9273,9273,9273,9273,9273,TRUE,TRUE
4640,41.188762512207,59.389223947525,2446.16864095889,3230,2809,9273,9273,9273,9273,9273,9273,TRUE,TRUE
4641,83.3219654431031,46.6914066684212,3890.41977291606,1033,1691,9273,9273,9273,9273,9273,9273,TRUE,TRUE
4642,40.8706741333008,76.5807076295217,3129.90514642376,7912,2174,9273,9273,9273,9273,9273,9273,TRUE,TRUE
4643,24.4683441259922,28.9808749908056,709.114022347393,4242,6674,9273,9273,9273,9273,9273,9273,TRUE,TRUE
4644,47.9623724489796,47.4241849493355,2274.57642162932,1219,3015,9273,9273,9273,9273,9273,9273,TRUE,TRUE
4645,26.1242237066611,48.1970132827759,1259.10955699215,9198,4900,9273,9273,9273,9273,9273,9273,TRUE,TRUE
4646,36.77935157189,67.8700870550596,2496.21779301282,4060,2751,9273,9273,9273,9273,9273,9273,TRUE,TRUE
4647,35.1204775391623,42.1802761526995,1481.39144121655,2315,4343,9273,9273,9273,9273,9273,9273,TRUE,TRUE
4648,64.3338524111619,48.4750574700376,3118.58719289999,3523,2179,9273,9273,9273,9273,9273,9273,TRUE,TRUE
4649,33.101880588981,20.3336403702126,673.081735474061,6204,6799,9273,9273,9273,9273,9273,9273,TRUE,TRUE
4650,35.5224620883897,80.8959796524688,2873.62437030797,7772,2380,9273,9273,9273,9273,9273,9273,TRUE,TRUE
4651,28.6155631127565,93.5237181704977,2676.23385984753,2363,2549,9273,9273,9273,9273,9273,9273,TRUE,TRUE
4652,35.0780316475899,126.966085027623,4453.72034876955,4240,1411,9273,9273,9273,9273,9273,9273,TRUE,TRUE
4653,27.8290505576134,51.956024684906,1445.88683772886,513,4421,9273,9273,9273,9273,9273,9273,TRUE,TRUE
4654,9.95070006770472,32.2554271595452,320.964081220332,6762,8287,9273,9273,9273,9273,9273,9273,TRUE,TRUE
4655,52.295948433876,23.2160292005539,1214.10426591153,1053,5033,9273,9273,9273,9273,9273,9273,TRUE,TRUE
4656,21.4393770592122,49.1594148732439,1053.94723147772,6149,5495,9273,9273,9273,9273,9273,9273,TRUE,TRUE
4657,13.3225809920068,36.6701958350886,488.541654005718,876,7541,9273,9273,9273,9273,9273,9273,TRUE,TRUE
4658,34.2970671524873,74.8673837015026,2567.73168634146,3630,2669,9273,9273,9273,9273,9273,9273,TRUE,TRUE
4659,5.63127226829529,35.2313401985169,198.397269034785,6343,8761,9273,9273,9273,9273,9273,9273,TRUE,TRUE
4660,39.2741292142722,58.6114175385291,2301.91238583985,9209,2981,9273,9273,9273,9273,9273,9273,TRUE,TRUE
4661,202.460647792467,402.35995572736,81462.0572823096,569,10,9273,9273,9273,9273,9273,9273,TRUE,TRUE
4662,23.6901958715916,35.6386324644089,844.286183677508,6060,6168,9273,9273,9273,9273,9273,9273,TRUE,TRUE
4663,26.323009816083,12.8206545591354,337.478215808732,1963,8215,9273,9273,9273,9273,9273,9273,TRUE,TRUE
4664,69.6527363300324,65.5213656213549,4563.74240360788,8208,1365,9273,9273,9273,9273,9273,9273,TRUE,TRUE
4665,39.8567272534316,22.5301675686891,897.978743759351,1670,5980,9273,9273,9273,9273,9273,9273,TRUE,TRUE
4666,56.1595065860482,120.801156604207,6784.13334991618,767,768,9273,9273,9273,9273,9273,9273,TRUE,TRUE
4667,24.2971521733656,24.3199399448771,590.905281687794,7096,7124,9273,9273,9273,9273,9273,9273,TRUE,TRUE
4668,35.4296948014644,26.099267444276,924.689080092494,8841,5894,9273,9273,9273,9273,9273,9273,TRUE,TRUE
4669,22.7451164140734,63.8066420145461,1451.28950061196,6831,4416,9273,9273,9273,9273,9273,9273,TRUE,TRUE
4670,33.9991790391505,47.9291927292943,1629.55320480523,5497,4011,9273,9273,9273,9273,9273,9273,TRUE,TRUE
4671,40.9566892674374,26.6261541185937,1090.51912062214,2612,5394,9273,9273,9273,9273,9273,9273,TRUE,TRUE
4672,27.363129939939,43.6391421163023,1194.10351619585,3615,5092,9273,9273,9273,9273,9273,9273,TRUE,TRUE
4673,14.4003574392472,55.5663744168268,800.175653205347,6938,6310,9273,9273,9273,9273,9273,9273,TRUE,TRUE
4674,20.6154067390843,46.4240156223899,957.049964517175,1416,5779,9273,9273,9273,9273,9273,9273,TRUE,TRUE
4675,26.0915852558275,49.2118658614062,1284.01559372123,3300,4838,9273,9273,9273,9273,9273,9273,TRUE,TRUE
4676,10.2960400407406,27.4263865207568,282.383173790542,197,8432,9273,9273,9273,9273,9273,9273,TRUE,TRUE
4677,11.5732421302795,29.1473233938217,337.32903108626,2238,8216,9273,9273,9273,9273,9273,9273,TRUE,TRUE
4678,7.68649885572236,19.9260377335822,153.161466238261,652,8929,9273,9273,9273,9273,9273,9273,TRUE,TRUE
4679,32.1924782094877,47.6514477572165,1534.01819357473,4901,4215,9273,9273,9273,9273,9273,9273,TRUE,TRUE
4680,25.15363869446,46.9281178068115,1180.41291992359,136,5133,9273,9273,9273,9273,9273,9273,TRUE,TRUE
4681,29.9724739664479,22.5979424359506,677.316241356817,1020,6779,9273,9273,9273,9273,9273,9273,TRUE,TRUE
4682,64.7735437071986,97.0958293726047,6289.2409476531,533,867,9273,9273,9273,9273,9273,9273,TRUE,TRUE
4683,36.2408943089647,48.6045851954952,1761.47363500101,4307,3767,9273,9273,9273,9273,9273,9273,TRUE,TRUE
4684,40.071288932853,19.3443439468261,775.152795509754,1320,6406,9273,9273,9273,9273,9273,9273,TRUE,TRUE
4685,17.6262264018771,15.5077875619647,273.343774559404,8168,8464,9273,9273,9273,9273,9273,9273,TRUE,TRUE
4686,54.9866195915234,67.7805883592566,3727.02542780008,9099,1770,9273,9273,9273,9273,9273,9273,TRUE,TRUE
4687,9.34408945786326,35.2367114016884,329.254983538287,5532,8253,9273,9273,9273,9273,9273,9273,TRUE,TRUE
4688,38.2180131077766,8.32628590365251,318.214103804888,2744,8303,9273,9273,9273,9273,9273,9273,TRUE,TRUE
4689,74.8695975050952,94.7930772767526,7097.11954197985,6540,720,9273,9273,9273,9273,9273,9273,TRUE,TRUE
4690,47.025324139595,37.8533305168152,1780.06513731646,5011,3737,9273,9273,9273,9273,9273,9273,TRUE,TRUE
4691,25.1093525962358,95.51913463943,2398.42363134877,5217,2875,9273,9273,9273,9273,9273,9273,TRUE,TRUE
4692,29.5356917116377,54.0943531062868,1597.71413668776,9021,4077,9273,9273,9273,9273,9273,9273,TRUE,TRUE
4693,11.9031070934402,37.2200164891253,443.033842289667,2050,7720,9273,9273,9273,9273,9273,9273,TRUE,TRUE
4694,32.3057832208299,33.6954245433856,1088.55708083244,6533,5401,9273,9273,9273,9273,9273,9273,TRUE,TRUE
4695,8.49712631791671,28.9683024284036,246.147324949759,5383,8570,9273,9273,9273,9273,9273,9273,TRUE,TRUE
4696,19.3775923581627,48.3253244113147,936.428437018426,3134,5855,9273,9273,9273,9273,9273,9273,TRUE,TRUE
4697,17.7696344772975,68.4650590692248,1216.5990741267,7222,5024,9273,9273,9273,9273,9273,9273,TRUE,TRUE
4698,7.76164861620985,21.5925569582712,167.593839835598,3709,8875,9273,9273,9273,9273,9273,9273,TRUE,TRUE
4699,39.282621511849,71.6823910169704,2815.87223538401,378,2428,9273,9273,9273,9273,9273,9273,TRUE,TRUE
4700,22.6409518788843,39.9437219255111,904.36388597903,5524,5960,9273,9273,9273,9273,9273,9273,TRUE,TRUE
4701,22.5004431406657,47.0467906439746,1058.57363783555,8644,5481,9273,9273,9273,9273,9273,9273,TRUE,TRUE
4702,44.9078443477739,83.2128026350489,3736.9075884768,5847,1761,9273,9273,9273,9273,9273,9273,TRUE,TRUE
4703,29.899844821636,185.072839333592,5533.64917677398,5565,1058,9273,9273,9273,9273,9273,9273,TRUE,TRUE
4704,8.32208494706587,30.6631500070745,255.181339103498,1514,8534,9273,9273,9273,9273,9273,9273,TRUE,TRUE
4705,50.8085244875574,53.103276982027,2698.09914891086,4385,2529,9273,9273,9273,9273,9273,9273,TRUE,TRUE
4706,36.6604974291346,20.9612037670147,768.448156812209,6154,6440,9273,9273,9273,9273,9273,9273,TRUE,TRUE
4707,30.7445040674352,69.909518056841,2149.33346225098,8581,3170,9273,9273,9273,9273,9273,9273,TRUE,TRUE
4708,9.89947419540555,18.4432553450267,182.578530367367,3271,8822,9273,9273,9273,9273,9273,9273,TRUE,TRUE
4709,11.711915914925,32.3599970303281,378.997564226425,8496,8019,9273,9273,9273,9273,9273,9273,TRUE,TRUE
4710,45.2252011620081,55.7685989563282,2522.1461063233,930,2720,9273,9273,9273,9273,9273,9273,TRUE,TRUE
4711,45.6159561580597,42.7570485850494,1950.40365370364,4154,3434,9273,9273,9273,9273,9273,9273,TRUE,TRUE
4712,25.1097698948098,44.1698973961318,1109.09595989423,7967,5343,9273,9273,9273,9273,9273,9273,TRUE,TRUE
4713,29.4097895064485,54.4855601065749,1602.40885387532,5003,4066,9273,9273,9273,9273,9273,9273,TRUE,TRUE
4714,43.0310708163215,72.3790255280792,3114.54697311511,7695,2181,9273,9273,9273,9273,9273,9273,TRUE,TRUE
4715,31.4361487828768,38.7129649749169,1216.98652677779,2255,5022,9273,9273,9273,9273,9273,9273,TRUE,TRUE
4716,73.5640310573117,86.9444733886903,6395.98594062723,2436,835,9273,9273,9273,9273,9273,9273,TRUE,TRUE
4717,5.83518483973386,13.1746836503347,76.8767143047225,3624,9133,9273,9273,9273,9273,9273,9273,TRUE,TRUE
4718,32.2378366711687,28.4921336682116,918.524751608913,1098,5918,9273,9273,9273,9273,9273,9273,TRUE,TRUE
4719,18.6121541486596,82.1081069730363,1528.20874383678,3369,4232,9273,9273,9273,9273,9273,9273,TRUE,TRUE
4720,84.6500824508189,102.488998570373,8675.7021792839,272,526,9273,9273,9273,9273,9273,9273,TRUE,TRUE
4721,26.0242497401182,32.6564203916594,849.858839890833,2714,6148,9273,9273,9273,9273,9273,9273,TRUE,TRUE
4722,27.3186233735085,22.0450415611267,602.240187661761,6989,7085,9273,9273,9273,9273,9273,9273,TRUE,TRUE
4723,48.4751901956198,28.7994925327565,1396.0608780627,8096,4542,9273,9273,9273,9273,9273,9273,TRUE,TRUE
4724,41.6186953871997,69.7954762871586,2904.79666699978,6159,2345,9273,9273,9273,9273,9273,9273,TRUE,TRUE
4725,44.32080422732,16.1370595018763,715.207454987272,6534,6646,9273,9273,9273,9273,9273,9273,TRUE,TRUE
4726,30.3565173499081,83.7251050756612,2541.60260485219,915,2701,9273,9273,9273,9273,9273,9273,TRUE,TRUE
4727,19.6874838126333,13.7106123528285,269.927458757602,2199,8480,9273,9273,9273,9273,9273,9273,TRUE,TRUE
4728,49.1235653353538,58.482046205077,2872.84661770028,3358,2382,9273,9273,9273,9273,9273,9273,TRUE,TRUE
4729,18.0683632818694,19.0986992956437,345.082237084873,8928,8168,9273,9273,9273,9273,9273,9273,TRUE,TRUE
4730,45.5943337319845,60.2667182296155,2747.82086389257,2395,2495,9273,9273,9273,9273,9273,9273,TRUE,TRUE
4731,10.2711072014524,23.5800365132171,242.193082841414,1638,8590,9273,9273,9273,9273,9273,9273,TRUE,TRUE
4732,40.2819761375032,37.0484034929618,1492.38290543608,2846,4316,9273,9273,9273,9273,9273,9273,TRUE,TRUE
4733,14.6454844274876,33.2511353344651,486.978984737192,4058,7548,9273,9273,9273,9273,9273,9273,TRUE,TRUE
4734,51.4291817005291,79.802145664082,4104.15904945016,7043,1580,9273,9273,9273,9273,9273,9273,TRUE,TRUE
4735,14.8687916576862,47.5266998291016,706.664597936303,823,6681,9273,9273,9273,9273,9273,9273,TRUE,TRUE
4736,42.6761272348088,35.1075342576281,1498.25359887895,7500,4303,9273,9273,9273,9273,9273,9273,TRUE,TRUE
4737,16.2200475862291,63.97985432095,1037.75628164581,6386,5535,9273,9273,9273,9273,9273,9273,TRUE,TRUE
4738,167.699919479234,228.900923504361,38386.6664404036,5424,28,9273,9273,9273,9273,9273,9273,TRUE,TRUE
4739,13.8027338001216,27.7400985610819,382.889196027749,1186,8003,9273,9273,9273,9273,9273,9273,TRUE,TRUE
4740,56.1201589523965,39.5960194242053,2222.13490396858,8450,3086,9273,9273,9273,9273,9273,9273,TRUE,TRUE
4741,63.2905447014377,213.445672948136,13509.0929050525,5667,248,9273,9273,9273,9273,9273,9273,TRUE,TRUE
4742,8.53291092634201,18.710287399292,159.653215784418,7479,8901,9273,9273,9273,9273,9273,9273,TRUE,TRUE
4743,24.5919488080951,130.338054333007,3205.26675990402,636,2114,9273,9273,9273,9273,9273,9273,TRUE,TRUE
4744,44.4032172494464,41.2709883031062,1832.56465972219,1571,3643,9273,9273,9273,9273,9273,9273,TRUE,TRUE
4745,45.7039046478818,33.6984222188037,1540.14947587227,5209,4196,9273,9273,9273,9273,9273,9273,TRUE,TRUE
4746,20.9612332582474,31.2434780187905,654.901830550792,4798,6868,9273,9273,9273,9273,9273,9273,TRUE,TRUE
4747,50.8343598081711,85.3378008598977,4338.09247415009,1917,1465,9273,9273,9273,9273,9273,9273,TRUE,TRUE
4748,15.867439198494,33.2203192949295,527.12139656685,5055,7398,9273,9273,9273,9273,9273,9273,TRUE,TRUE
4749,118.20625173432,110.650099249447,13079.5334863076,5065,259,9273,9273,9273,9273,9273,9273,TRUE,TRUE
4750,29.3467198462036,53.7619038007746,1577.73552923988,8342,4112,9273,9273,9273,9273,9273,9273,TRUE,TRUE
4751,35.4696734149282,59.7413131109098,2119.00486542294,4405,3212,9273,9273,9273,9273,9273,9273,TRUE,TRUE
4752,20.4302490478034,25.847799371887,528.076978505307,4362,7393,9273,9273,9273,9273,9273,9273,TRUE,TRUE
4753,13.0150868651446,61.7297074935016,803.417505187891,2645,6301,9273,9273,9273,9273,9273,9273,TRUE,TRUE
4754,40.9593483911802,34.1856622478189,1400.22244999163,729,4533,9273,9273,9273,9273,9273,9273,TRUE,TRUE
4755,62.030946022074,137.586385286106,8534.61363905475,2605,543,9273,9273,9273,9273,9273,9273,TRUE,TRUE
4756,7.69330012003581,45.594855817159,350.774909731165,643,8141,9273,9273,9273,9273,9273,9273,TRUE,TRUE
4757,50.904739182336,11.5765014603024,589.298787480628,2603,7134,9273,9273,9273,9273,9273,9273,TRUE,TRUE
4758,48.974404564823,25.047240659415,1226.67369728667,5177,4994,9273,9273,9273,9273,9273,9273,TRUE,TRUE
4759,26.8226563238329,89.910277117732,2411.6324631095,5010,2857,9273,9273,9273,9273,9273,9273,TRUE,TRUE
4760,13.8767184664609,60.8734524768332,844.723762102504,6471,6164,9273,9273,9273,9273,9273,9273,TRUE,TRUE
4761,11.4511918020248,61.0948665952683,699.609035501537,8805,6706,9273,9273,9273,9273,9273,9273,TRUE,TRUE
4762,40.565174418589,15.8925309997896,644.683291959298,2061,6903,9273,9273,9273,9273,9273,9273,TRUE,TRUE
4763,21.7700396642452,145.708611804683,3172.08225841006,6020,2134,9273,9273,9273,9273,9273,9273,TRUE,TRUE
4764,26.1036064147949,33.9203528404236,885.443539997388,8991,6036,9273,9273,9273,9273,9273,9273,TRUE,TRUE
4765,2.50053239540315,24.0698366478575,60.1874062900297,142,9181,9273,9273,9273,9273,9273,9273,TRUE,TRUE
4766,27.7016178398598,60.7755440170341,1683.58089436945,3222,3915,9273,9273,9273,9273,9273,9273,TRUE,TRUE
4767,13.5413582060072,14.6608662958498,198.528042122481,5386,8760,9273,9273,9273,9273,9273,9273,TRUE,TRUE
4768,38.4328736442933,28.7504996284444,1104.96431943031,714,5354,9273,9273,9273,9273,9273,9273,TRUE,TRUE
4769,53.8823903170391,88.6659740856038,4777.53462352098,1043,1288,9273,9273,9273,9273,9273,9273,TRUE,TRUE
4770,35.2460225318608,70.1966920673711,2474.15419026865,1254,2778,9273,9273,9273,9273,9273,9273,TRUE,TRUE
4771,96.6460115413855,23.7170869950021,2292.16186344701,2085,2996,9273,9273,9273,9273,9273,9273,TRUE,TRUE
4772,41.0112305145264,91.458890045166,3750.84162224502,1133,1756,9273,9273,9273,9273,9273,9273,TRUE,TRUE
4773,38.0673449676816,36.0923204327574,1373.93881259788,4437,4614,9273,9273,9273,9273,9273,9273,TRUE,TRUE
4774,23.321297277484,47.4097749571454,1105.6574556342,7802,5353,9273,9273,9273,9273,9273,9273,TRUE,TRUE
4775,31.6565586538876,128.398222461545,4064.64586040881,8980,1601,9273,9273,9273,9273,9273,9273,TRUE,TRUE
4776,40.252102156578,36.5415143027094,1470.87276666872,6310,4366,9273,9273,9273,9273,9273,9273,TRUE,TRUE
4777,40.3473468772217,78.2050962466566,3155.36814583036,2331,2152,9273,9273,9273,9273,9273,9273,TRUE,TRUE
4778,27.9969671823892,82.1528873788305,2300.03169188364,1017,2983,9273,9273,9273,9273,9273,9273,TRUE,TRUE
4779,37.9921900834405,39.1232722444562,1486.37879579757,4996,4335,9273,9273,9273,9273,9273,9273,TRUE,TRUE
4780,41.8695082405828,45.7850897773257,1916.99919372756,4213,3490,9273,9273,9273,9273,9273,9273,TRUE,TRUE
4781,32.1029956248818,61.1779144468223,1963.99431982573,1344,3412,9273,9273,9273,9273,9273,9273,TRUE,TRUE
4782,37.0418048133068,78.76917252508,2917.7523139797,3180,2338,9273,9273,9273,9273,9273,9273,TRUE,TRUE
4783,18.8966819190979,23.5214961385727,444.478230791898,1642,7711,9273,9273,9273,9273,9273,9273,TRUE,TRUE
4784,44.7983796349887,16.7739499190758,751.445776453046,999,6504,9273,9273,9273,9273,9273,9273,TRUE,TRUE
4785,24.6888477414846,26.8562635183334,663.050200909323,3788,6837,9273,9273,9273,9273,9273,9273,TRUE,TRUE
4786,23.1574564227139,37.9266300867839,878.284283495087,543,6058,9273,9273,9273,9273,9273,9273,TRUE,TRUE
4787,44.0942687731523,44.274156339352,1952.23654933195,3611,3432,9273,9273,9273,9273,9273,9273,TRUE,TRUE
4788,21.7150970697403,19.2703348112106,418.457190991834,2164,7830,9273,9273,9273,9273,9273,9273,TRUE,TRUE
4789,9.91252189642853,33.3334381394916,330.418435440957,6676,8246,9273,9273,9273,9273,9273,9273,TRUE,TRUE
4790,7.16809654057026,19.3212405443192,138.49651750526,9121,8971,9273,9273,9273,9273,9273,9273,TRUE,TRUE
4791,17.8888955820091,47.868873846047,856.3212858603,3357,6124,9273,9273,9273,9273,9273,9273,TRUE,TRUE
4792,34.1332251553608,71.8587265643977,2452.77009320009,3764,2798,9273,9273,9273,9273,9273,9273,TRUE,TRUE
4793,42.4301183280641,87.9758287804196,3732.82482516271,2149,1765,9273,9273,9273,9273,9273,9273,TRUE,TRUE
4794,12.903195297718,4.07298636436462,52.5545385043393,4971,9194,9273,9273,9273,9273,9273,9273,TRUE,TRUE
4795,72.0102348231996,72.9986423339407,5256.64937624183,6427,1124,9273,9273,9273,9273,9273,9273,TRUE,TRUE
4796,9.20589925799259,40.0342723380688,368.5514780113,8432,8069,9273,9273,9273,9273,9273,9273,TRUE,TRUE
4797,57.8568512872549,145.765915151743,8433.556875685,4539,553,9273,9273,9273,9273,9273,9273,TRUE,TRUE
4798,24.8577017162157,53.0152388551961,1317.83699387639,5618,4746,9273,9273,9273,9273,9273,9273,TRUE,TRUE
4799,22.8670371722278,62.0524360453447,1418.95536167619,681,4487,9273,9273,9273,9273,9273,9273,TRUE,TRUE
4800,59.5407623020775,184.774191541104,11001.5962181074,6988,347,9273,9273,9273,9273,9273,9273,TRUE,TRUE
4801,18.4659986617953,21.0753377870072,389.177159371759,1391,7973,9273,9273,9273,9273,9273,9273,TRUE,TRUE
4802,19.6955830156803,23.2287498235703,457.503770500597,7572,7666,9273,9273,9273,9273,9273,9273,TRUE,TRUE
4803,49.6107098388672,51.0141538238525,2530.84838303049,3868,2713,9273,9273,9273,9273,9273,9273,TRUE,TRUE
4804,38.1895577229595,55.327963652769,2112.95046161122,4577,3219,9273,9273,9273,9273,9273,9273,TRUE,TRUE
4805,3214.31157943731,8629.02129695542,27736363.0740149,977,1,9273,9273,9273,9273,9273,9273,TRUE,TRUE
4806,2504.03049250531,7946.89820512276,19899275.4264631,7106,3,9273,9273,9273,9273,9273,9273,TRUE,TRUE
4807,2856.9577950008,8492.9289313233,24263939.5127319,1007,2,9273,9273,9273,9273,9273,9273,TRUE,TRUE
4808,18.5511542997319,127.479286022517,2364.88790502336,487,2915,9273,9273,9273,9273,9273,9273,TRUE,TRUE
4809,37.6575874581369,85.2753402544289,3211.26358365354,2908,2108,9273,9273,9273,9273,9273,9273,TRUE,TRUE
4810,34.793556072401,71.1222891434379,2474.59735530972,1715,2777,9273,9273,9273,9273,9273,9273,TRUE,TRUE
4811,19.518879157696,19.3624246037605,377.9328260408,8439,8025,9273,9273,9273,9273,9273,9273,TRUE,TRUE
4812,58.3637562325743,73.8123819867118,4307.96786921811,7767,1477,9273,9273,9273,9273,9273,9273,TRUE,TRUE
4813,19.5499556899071,72.9637682229281,1426.43843572689,7301,4467,9273,9273,9273,9273,9273,9273,TRUE,TRUE
4814,20.1880419559257,57.7599142281584,1166.05957180873,463,5185,9273,9273,9273,9273,9273,9273,TRUE,TRUE
4815,10.4266229554928,22.4981443255973,234.579668081262,4947,8616,9273,9273,9273,9273,9273,9273,TRUE,TRUE
4816,45.2433917489027,83.2920486622224,3768.41478719359,3841,1747,9273,9273,9273,9273,9273,9273,TRUE,TRUE
4817,35.6889340854608,39.7997398789112,1420.41029315695,7812,4482,9273,9273,9273,9273,9273,9273,TRUE,TRUE
4818,39.1085254139773,72.0855155281241,2819.1582160113,2722,2426,9273,9273,9273,9273,9273,9273,TRUE,TRUE
4819,21.2974926532261,66.945664744907,1425.77480306999,371,4470,9273,9273,9273,9273,9273,9273,TRUE,TRUE
4820,10.3670243935214,39.2846407464327,407.264828908993,5477,7892,9273,9273,9273,9273,9273,9273,TRUE,TRUE
4821,22.7775875229766,27.485282046553,626.04841740906,1972,6980,9273,9273,9273,9273,9273,9273,TRUE,TRUE
4822,9.67090908540498,13.6389072225728,131.900631773775,6349,8995,9273,9273,9273,9273,9273,9273,TRUE,TRUE
4823,26.4760922306213,68.3137676371864,1808.68161258338,799,3691,9273,9273,9273,9273,9273,9273,TRUE,TRUE
4824,38.58443485285,71.8552754123138,2772.49519298001,510,2467,9273,9273,9273,9273,9273,9273,TRUE,TRUE
4825,19.9729904713838,32.4904300579126,648.931049957851,7031,6891,9273,9273,9273,9273,9273,9273,TRUE,TRUE
4826,6.14724595308304,12.9317484998703,79.4946386321154,2247,9124,9273,9273,9273,9273,9273,9273,TRUE,TRUE
4827,105.637520574137,82.4661390171495,8711.51845709379,2333,521,9273,9273,9273,9273,9273,9273,TRUE,TRUE
4828,7.41457190701691,30.6064693778408,226.933868021911,2566,8646,9273,9273,9273,9273,9273,9273,TRUE,TRUE
4829,16.2237864611958,22.4844142203814,364.782335016541,5875,8092,9273,9273,9273,9273,9273,9273,TRUE,TRUE
4830,56.6530659678056,59.9794532552208,3398.01992198094,1558,1993,9273,9273,9273,9273,9273,9273,TRUE,TRUE
4831,44.6975994641238,68.0133335307093,3040.0327403755,7265,2236,9273,9273,9273,9273,9273,9273,TRUE,TRUE
4832,25.1413236861759,68.1150580321418,1712.50272188873,1845,3865,9273,9273,9273,9273,9273,9273,TRUE,TRUE
4833,49.0897485978493,111.459363430361,5471.51212967275,7907,1071,9273,9273,9273,9273,9273,9273,TRUE,TRUE
4834,50.6429997177757,86.2067871738453,4365.7702985154,7835,1447,9273,9273,9273,9273,9273,9273,TRUE,TRUE
4835,37.9869120391734,120.762909155626,4587.41000768944,7365,1356,9273,9273,9273,9273,9273,9273,TRUE,TRUE
4836,21.6619742802814,54.3365259930096,1177.03642854042,4239,5150,9273,9273,9273,9273,9273,9273,TRUE,TRUE
4837,47.5928803217376,104.795875993992,4987.5375843937,4136,1207,9273,9273,9273,9273,9273,9273,TRUE,TRUE
4838,53.4225054266733,74.8042085423816,3996.22823679338,4675,1628,9273,9273,9273,9273,9273,9273,TRUE,TRUE
4839,40.6571280271309,31.2928056848642,1272.27560705765,853,4866,9273,9273,9273,9273,9273,9273,TRUE,TRUE
4840,40.2765225024934,52.2230575419487,2103.3631522373,6658,3228,9273,9273,9273,9273,9273,9273,TRUE,TRUE
4841,6.65766798895459,16.6057114767474,110.555313732557,3799,9040,9273,9273,9273,9273,9273,9273,TRUE,TRUE
4842,62.0908237048766,78.6812899577909,4885.38610364147,4864,1240,9273,9273,9273,9273,9273,9273,TRUE,TRUE
4843,19.469737209909,63.355266852457,1233.51039648099,1847,4973,9273,9273,9273,9273,9273,9273,TRUE,TRUE
4844,33.3519453779654,30.4068875464664,1014.12885256368,6173,5604,9273,9273,9273,9273,9273,9273,TRUE,TRUE
4845,54.3930062189797,49.2096095795663,2676.65859989491,7164,2548,9273,9273,9273,9273,9273,9273,TRUE,TRUE
4846,65.3488069677468,56.6323076806981,3700.85374276398,9247,1789,9273,9273,9273,9273,9273,9273,TRUE,TRUE
4847,50.4505348687388,24.4450215994273,1233.26441456898,5060,4975,9273,9273,9273,9273,9273,9273,TRUE,TRUE
4848,34.1236920248378,44.548299190673,1520.15244181286,9161,4254,9273,9273,9273,9273,9273,9273,TRUE,TRUE
4849,25.3259024835711,43.1987611492675,1094.04761227743,4508,5385,9273,9273,9273,9273,9273,9273,TRUE,TRUE
4850,47.9107420266311,64.1115422401564,3071.6315611976,4422,2212,9273,9273,9273,9273,9273,9273,TRUE,TRUE
4851,32.2959507510696,56.1470530771873,1813.32246099853,5109,3681,9273,9273,9273,9273,9273,9273,TRUE,TRUE
4852,48.0000458533844,20.7224716443694,994.67958912519,2627,5647,9273,9273,9273,9273,9273,9273,TRUE,TRUE
4853,27.8797159623847,58.6973506130239,1636.46546283562,4498,3992,9273,9273,9273,9273,9273,9273,TRUE,TRUE
4854,27.3292528497352,44.3936140792087,1213.24430408426,3880,5040,9273,9273,9273,9273,9273,9273,TRUE,TRUE
4855,15.4124953258038,28.0527050209045,432.362185010843,8291,7770,9273,9273,9273,9273,9273,9273,TRUE,TRUE
4856,48.1162140093352,9.15082527461805,440.303067275555,1084,7735,9273,9273,9273,9273,9273,9273,TRUE,TRUE
4857,32.780261744951,15.0727456745348,494.08854842633,6703,7525,9273,9273,9273,9273,9273,9273,TRUE,TRUE
4858,84.7188805580139,14.5609344959259,1233.58607037341,1283,4972,9273,9273,9273,9273,9273,9273,TRUE,TRUE
4859,86.1064071500743,145.63219050251,12539.8646895663,6447,277,9273,9273,9273,9273,9273,9273,TRUE,TRUE
4860,34.4811814272404,15.4009901046753,531.044333958443,4917,7381,9273,9273,9273,9273,9273,9273,TRUE,TRUE
4861,27.7735749483109,39.8898229789734,1107.88298818137,5739,5346,9273,9273,9273,9273,9273,9273,TRUE,TRUE
4862,27.4732049184503,42.6070487525322,1170.55218134872,3379,5172,9273,9273,9273,9273,9273,9273,TRUE,TRUE
4863,25.192113758547,35.8398764237114,902.882243958404,1221,5965,9273,9273,9273,9273,9273,9273,TRUE,TRUE
4864,29.34378367574,43.607869479352,1279.61988856201,8008,4842,9273,9273,9273,9273,9273,9273,TRUE,TRUE
4865,25.0942822098732,30.5963527789483,767.793511227766,1927,6441,9273,9273,9273,9273,9273,9273,TRUE,TRUE
4866,44.9346719398972,40.4143020771752,1816.00340551777,4839,3676,9273,9273,9273,9273,9273,9273,TRUE,TRUE
4867,33.946072959792,160.800068022439,5458.53084102923,5192,1076,9273,9273,9273,9273,9273,9273,TRUE,TRUE
4868,58.8460836686379,61.0106510761356,3590.23787790434,7099,1862,9273,9273,9273,9273,9273,9273,TRUE,TRUE
4869,28.0816905241746,21.6573392868042,608.174699429084,4318,7061,9273,9273,9273,9273,9273,9273,TRUE,TRUE
4870,29.8041574764252,6.13494626760483,182.846904669101,3169,8816,9273,9273,9273,9273,9273,9273,TRUE,TRUE
4871,10.5360557965513,21.3615713974215,225.066708145246,4569,8654,9273,9273,9273,9273,9273,9273,TRUE,TRUE
4872,29.814507918003,16.2623829331026,484.854944724585,5845,7561,9273,9273,9273,9273,9273,9273,TRUE,TRUE
4873,39.2579691924585,35.1821571352996,1381.18004094183,2659,4592,9273,9273,9273,9273,9273,9273,TRUE,TRUE
4874,5.99190861849949,29.0375965217064,173.990624858924,3521,8850,9273,9273,9273,9273,9273,9273,TRUE,TRUE
4875,15.938489039739,90.9275787127645,1449.2482167234,5796,4418,9273,9273,9273,9273,9273,9273,TRUE,TRUE
4876,41.4478551287984,11.6506356838138,482.893859981122,7127,7568,9273,9273,9273,9273,9273,9273,TRUE,TRUE
4877,20.2546619930028,51.4981733838218,1043.07809514636,781,5520,9273,9273,9273,9273,9273,9273,TRUE,TRUE
4878,10.267739764007,20.0951244424565,206.33150830048,3964,8733,9273,9273,9273,9273,9273,9273,TRUE,TRUE
4879,27.2744675211532,60.3823272034577,1646.89582216235,1557,3970,9273,9273,9273,9273,9273,9273,TRUE,TRUE
4880,27.7643923059754,23.1319189589957,642.243672767585,1228,6909,9273,9273,9273,9273,9273,9273,TRUE,TRUE
4881,15.2175289748551,5.12430057897196,77.9791925363726,1816,9128,9273,9273,9273,9273,9273,9273,TRUE,TRUE
4882,17.3765161919594,12.9317452049255,224.708679943682,5895,8657,9273,9273,9273,9273,9273,9273,TRUE,TRUE
4883,23.3263039667817,82.9010373248774,1933.7747958016,7169,3455,9273,9273,9273,9273,9273,9273,TRUE,TRUE
4884,26.0101300845214,16.5766714783076,431.161381519157,8664,7776,9273,9273,9273,9273,9273,9273,TRUE,TRUE
4885,17.6826513761129,11.9366637025124,211.071862845428,402,8711,9273,9273,9273,9273,9273,9273,TRUE,TRUE
4886,29.9141415312605,72.6461464863903,2173.14710769456,3845,3146,9273,9273,9273,9273,9273,9273,TRUE,TRUE
4887,28.0423349498739,5.57154754936856,156.239202568542,7664,8917,9273,9273,9273,9273,9273,9273,TRUE,TRUE
4888,59.0197318858377,94.9447893915649,5603.61601384749,6692,1034,9273,9273,9273,9273,9273,9273,TRUE,TRUE
4889,25.9871030330658,17.3000141716003,449.577250750877,9235,7695,9273,9273,9273,9273,9273,9273,TRUE,TRUE
4890,56.6447995758057,85.0706400651198,4818.80935627422,4334,1273,9273,9273,9273,9273,9273,9273,TRUE,TRUE
4891,15.9259957888384,45.2422455128706,720.527811515568,3078,6620,9273,9273,9273,9273,9273,9273,TRUE,TRUE
4892,27.3358433981922,31.9986394632643,874.709797323005,8553,6072,9273,9273,9273,9273,9273,9273,TRUE,TRUE
4893,45.8117341704041,83.1017458275074,3807.03508894626,1176,1732,9273,9273,9273,9273,9273,9273,TRUE,TRUE
4894,32.6082512387482,46.9766186613092,1531.82538365484,4086,4222,9273,9273,9273,9273,9273,9273,TRUE,TRUE
4895,55.4706091068251,120.266139359752,6671.23600521176,6477,786,9273,9273,9273,9273,9273,9273,TRUE,TRUE
4896,59.3265672700595,48.1189030644465,2854.72933961436,8774,2398,9273,9273,9273,9273,9273,9273,TRUE,TRUE
4897,61.9323134373144,57.9718471409119,3590.33060767103,8131,1861,9273,9273,9273,9273,9273,9273,TRUE,TRUE
4898,51.67788432611,100.723796437238,5205.19270117022,1667,1139,9273,9273,9273,9273,9273,9273,TRUE,TRUE
4899,2.17994227240571,10.362683726623,22.5900523112362,3895,9231,9273,9273,9273,9273,9273,9273,TRUE,TRUE
4900,51.0883567103973,37.3112227427654,1906.16905678349,4645,3513,9273,9273,9273,9273,9273,9273,TRUE,TRUE
4901,65.1644684342313,20.6700024565389,1346.94972261462,2696,4679,9273,9273,9273,9273,9273,9273,TRUE,TRUE
4902,17.9482899272584,31.8252804478801,571.209360494862,2951,7202,9273,9273,9273,9273,9273,9273,TRUE,TRUE
4903,100.027601334638,33.5126256680751,3352.18756000318,96,2030,9273,9273,9273,9273,9273,9273,TRUE,TRUE
4904,6.21982478708834,6.23332504324011,38.7701896099234,7647,9208,9273,9273,9273,9273,9273,9273,TRUE,TRUE
4905,15.6777365335854,48.667818561677,763.00123707431,8540,6467,9273,9273,9273,9273,9273,9273,TRUE,TRUE
4906,24.6213776270549,58.3198415567209,1435.91484211803,44,4447,9273,9273,9273,9273,9273,9273,TRUE,TRUE
4907,20.7160438703639,36.66142812797,759.47975344922,4080,6480,9273,9273,9273,9273,9273,9273,TRUE,TRUE
4908,37.791411901562,73.6870055638471,2784.73597905603,5789,2454,9273,9273,9273,9273,9273,9273,TRUE,TRUE
4909,65.5173252986443,93.5172168742496,6126.99791897408,5826,908,9273,9273,9273,9273,9273,9273,TRUE,TRUE
4910,21.3779501643018,27.7307718878916,592.827059436968,2839,7120,9273,9273,9273,9273,9273,9273,TRUE,TRUE
4911,32.8996237577147,83.9567123704655,2762.14424892299,910,2479,9273,9273,9273,9273,9273,9273,TRUE,TRUE
4912,22.0415803170362,27.8922062646474,614.788304601567,6922,7037,9273,9273,9273,9273,9273,9273,TRUE,TRUE
4913,25.2354217260191,34.2776136115046,865.01003524785,7874,6103,9273,9273,9273,9273,9273,9273,TRUE,TRUE
4914,69.7597619885146,63.1261635789968,4403.66614651885,1894,1429,9273,9273,9273,9273,9273,9273,TRUE,TRUE
4915,76.4985785444688,37.514361106788,2869.79529967319,3388,2385,9273,9273,9273,9273,9273,9273,TRUE,TRUE
4916,19.0999117311678,14.9119570430956,284.817063262093,4461,8423,9273,9273,9273,9273,9273,9273,TRUE,TRUE
4917,42.0719684614652,30.2891592081042,1274.32455092766,7464,4860,9273,9273,9273,9273,9273,9273,TRUE,TRUE
4918,20.4501416528225,18.8630302095413,385.75163978659,3449,7993,9273,9273,9273,9273,9273,9273,TRUE,TRUE
4919,34.2742074976722,53.7143290471688,1841.0160593609,6441,3629,9273,9273,9273,9273,9273,9273,TRUE,TRUE
4920,66.0623277277105,77.6203631546918,5127.78186906916,2058,1157,9273,9273,9273,9273,9273,9273,TRUE,TRUE
4921,23.8599329671916,38.9524466638734,929.402766308127,6957,5880,9273,9273,9273,9273,9273,9273,TRUE,TRUE
4922,39.6174292888456,25.5426689629416,1011.93488148773,8854,5609,9273,9273,9273,9273,9273,9273,TRUE,TRUE
4923,13.137484204063,24.4361463739482,321.029486995916,3253,8286,9273,9273,9273,9273,9273,9273,TRUE,TRUE
4924,53.4515623546782,50.0152937843686,2673.39559440273,2930,2553,9273,9273,9273,9273,9273,9273,TRUE,TRUE
4925,55.0192823945806,40.9300947992989,2251.94444419958,2776,3041,9273,9273,9273,9273,9273,9273,TRUE,TRUE
4926,39.5522667845273,27.3917824551807,1083.40708737104,2832,5414,9273,9273,9273,9273,9273,9273,TRUE,TRUE
4927,56.0406585927994,52.1568629794651,2922.90495150362,3938,2337,9273,9273,9273,9273,9273,9273,TRUE,TRUE
4928,38.0475116787078,62.2602142814846,2368.84622999363,211,2910,9273,9273,9273,9273,9273,9273,TRUE,TRUE
4929,27.019033408165,105.261286067963,2844.05820485669,5589,2405,9273,9273,9273,9273,9273,9273,TRUE,TRUE
4930,0.951094252722604,39.2752712794713,37.3544847880263,4009,9210,9273,9273,9273,9273,9273,9273,TRUE,TRUE
4931,26.4708375999466,27.0799245834351,716.828285866912,3291,6637,9273,9273,9273,9273,9273,9273,TRUE,TRUE
4932,17.7021650890971,8.54854499462039,151.327754766345,2073,8933,9273,9273,9273,9273,9273,9273,TRUE,TRUE
4933,26.2395659626507,76.9318724968394,2018.65894301105,1068,3338,9273,9273,9273,9273,9273,9273,TRUE,TRUE
4934,12.7105467217463,32.8866237283827,418.006967420097,2406,7835,9273,9273,9273,9273,9273,9273,TRUE,TRUE
4935,45.3975858273714,12.6174035279647,572.799659579356,122,7192,9273,9273,9273,9273,9273,9273,TRUE,TRUE
4936,40.9547413190206,23.206257699716,950.406281074397,1711,5796,9273,9273,9273,9273,9273,9273,TRUE,TRUE
4937,40.4060245990753,39.5472379644712,1597.94667001791,5938,4075,9273,9273,9273,9273,9273,9273,TRUE,TRUE
4938,27.9161886572838,65.2236653711738,1820.79614742123,55,3671,9273,9273,9273,9273,9273,9273,TRUE,TRUE
4939,31.9751258968213,22.7003652415144,725.847036501251,8238,6594,9273,9273,9273,9273,9273,9273,TRUE,TRUE
4940,100.351665362977,29.4755760828654,2957.92314744868,7955,2307,9273,9273,9273,9273,9273,9273,TRUE,TRUE
4941,92.730610370636,26.2516809888184,2434.33440134835,1567,2822,9273,9273,9273,9273,9273,9273,TRUE,TRUE
4942,55.6196193182865,73.412765439514,4083.19006684843,8354,1589,9273,9273,9273,9273,9273,9273,TRUE,TRUE
4943,74.6138196507016,69.660465507894,5197.63341018992,2768,1142,9273,9273,9273,9273,9273,9273,TRUE,TRUE
4944,57.5536250340011,105.902211252087,6095.05615667418,6661,914,9273,9273,9273,9273,9273,9273,TRUE,TRUE
4945,32.8722357177734,24.6033878087997,808.768363506658,2954,6283,9273,9273,9273,9273,9273,9273,TRUE,TRUE
4946,38.7531693696976,15.0827833175659,584.505656472081,2142,7151,9273,9273,9273,9273,9273,9273,TRUE,TRUE
4947,29.7793197360134,43.3117550295642,1289.79460135328,52,4815,9273,9273,9273,9273,9273,9273,TRUE,TRUE
4948,32.6822056392216,49.9591456425873,1632.77507145086,1411,4003,9273,9273,9273,9273,9273,9273,TRUE,TRUE
4949,9.80440358565404,49.3588692640647,483.934274796425,5886,7565,9273,9273,9273,9273,9273,9273,TRUE,TRUE
4950,78.9313675371581,69.6041572826911,5493.95132059425,4610,1068,9273,9273,9273,9273,9273,9273,TRUE,TRUE
4951,4.54412422861372,32.7293616703578,148.726285353334,7519,8944,9273,9273,9273,9273,9273,9273,TRUE,TRUE
4952,13.0926419244918,29.9924635606654,392.68058583316,7845,7956,9273,9273,9273,9273,9273,9273,TRUE,TRUE
4953,42.758592101802,68.6099361979443,2933.66427601856,4193,2329,9273,9273,9273,9273,9273,9273,TRUE,TRUE
4954,23.4534073643568,27.4181608572239,643.049295765934,3522,6906,9273,9273,9273,9273,9273,9273,TRUE,TRUE
4955,32.9377681147921,32.2398287647373,1061.90800391352,6437,5470,9273,9273,9273,9273,9273,9273,TRUE,TRUE
4956,52.8393751198137,37.6285691949683,1988.2700829148,6311,3380,9273,9273,9273,9273,9273,9273,TRUE,TRUE
4957,29.216072716713,17.0174483275414,497.183007790353,626,7511,9273,9273,9273,9273,9273,9273,TRUE,TRUE
4958,59.1792730673766,12.6889324775109,750.92180002012,386,6508,9273,9273,9273,9273,9273,9273,TRUE,TRUE
4959,31.2501439637648,47.505367388538,1484.54956994335,2672,4338,9273,9273,9273,9273,9273,9273,TRUE,TRUE
4960,22.7596005344082,112.23783977595,2554.48839814553,7373,2686,9273,9273,9273,9273,9273,9273,TRUE,TRUE
4961,60.9392679667069,48.334363347393,2945.46072002696,6881,2317,9273,9273,9273,9273,9273,9273,TRUE,TRUE
4962,52.2342678022779,95.6815000802032,4997.85309891301,3049,1202,9273,9273,9273,9273,9273,9273,TRUE,TRUE
4963,25.4344909647678,30.3849188216189,772.824943233669,9145,6419,9273,9273,9273,9273,9273,9273,TRUE,TRUE
4964,25.9614821331318,25.1154422466572,652.034105152292,6843,6882,9273,9273,9273,9273,9273,9273,TRUE,TRUE
4965,23.1997015087176,30.8882371152295,716.597881203816,6120,6639,9273,9273,9273,9273,9273,9273,TRUE,TRUE
4966,17.9345090389252,87.9780703132803,1577.84349726072,1327,4111,9273,9273,9273,9273,9273,9273,TRUE,TRUE
4967,33.5823301521801,105.153539489137,3531.30087979453,1298,1904,9273,9273,9273,9273,9273,9273,TRUE,TRUE
4968,36.2404298072638,84.5263627340627,3063.27171552711,6792,2219,9273,9273,9273,9273,9273,9273,TRUE,TRUE
4969,32.5868863175935,32.9612329116634,1074.1039497801,5918,5434,9273,9273,9273,9273,9273,9273,TRUE,TRUE
4970,29.0014039282818,61.7695281974762,1791.4030377144,5127,3725,9273,9273,9273,9273,9273,9273,TRUE,TRUE
4971,28.1909418236274,46.0209545031343,1297.37405106566,7865,4794,9273,9273,9273,9273,9273,9273,TRUE,TRUE
4972,46.2038063057908,31.1207454268997,1437.8968937963,4858,4442,9273,9273,9273,9273,9273,9273,TRUE,TRUE
4973,35.7946601947704,41.5309671255258,1486.58685581838,4843,4334,9273,9273,9273,9273,9273,9273,TRUE,TRUE
4974,63.5391647052624,88.7061477678012,5636.31453338767,292,1024,9273,9273,9273,9273,9273,9273,TRUE,TRUE
4975,76.504802132425,126.167718308175,9652.43632466644,4847,439,9273,9273,9273,9273,9273,9273,TRUE,TRUE
4976,20.6576569930036,23.018883938485,475.516208762983,7266,7607,9273,9273,9273,9273,9273,9273,TRUE,TRUE
4977,16.0582948284149,44.8435996494293,720.11174433794,6138,6623,9273,9273,9273,9273,9273,9273,TRUE,TRUE
4978,8.95278695740218,35.9951931055672,322.257295364695,6074,8283,9273,9273,9273,9273,9273,9273,TRUE,TRUE
4979,51.7118165157956,160.742920010753,8312.30838580926,3167,566,9273,9273,9273,9273,9273,9273,TRUE,TRUE
4980,20.1280199908743,35.7759188285061,720.098409372066,3023,6624,9273,9273,9273,9273,9273,9273,TRUE,TRUE
4981,95.8642133924696,91.4512658702003,8766.90366639235,7782,516,9273,9273,9273,9273,9273,9273,TRUE,TRUE
4982,61.6352255972226,141.55332578977,8724.6711690896,4418,518,9273,9273,9273,9273,9273,9273,TRUE,TRUE
4983,15.9924135659505,54.7801897132281,876.06744911517,6358,6066,9273,9273,9273,9273,9273,9273,TRUE,TRUE
4984,63.2509273412815,76.9185462750887,4865.16938164263,6502,1247,9273,9273,9273,9273,9273,9273,TRUE,TRUE
4985,41.4621316949884,20.5713448624711,852.931809830801,2729,6136,9273,9273,9273,9273,9273,9273,TRUE,TRUE
4986,21.7338995674382,40.2871625578922,875.597144890286,8954,6070,9273,9273,9273,9273,9273,9273,TRUE,TRUE
4987,66.1796429174788,104.520044359506,6917.09921343117,4148,748,9273,9273,9273,9273,9273,9273,TRUE,TRUE
4988,54.2045175933838,26.0289523267746,1410.886804334,4046,4506,9273,9273,9273,9273,9273,9273,TRUE,TRUE
4989,13.7484253091472,33.1320006786561,455.512836673116,700,7672,9273,9273,9273,9273,9273,9273,TRUE,TRUE
4990,32.5893148236867,21.7420862251478,708.559692915084,2572,6677,9273,9273,9273,9273,9273,9273,TRUE,TRUE
4991,29.6394727370981,65.1509541518299,1931.03992937909,6858,3462,9273,9273,9273,9273,9273,9273,TRUE,TRUE
4992,30.6687431654979,13.4104205161026,411.280742549674,8866,7864,9273,9273,9273,9273,9273,9273,TRUE,TRUE
4993,30.9392700495449,56.4007982480611,1744.99952800666,7502,3794,9273,9273,9273,9273,9273,9273,TRUE,TRUE
4994,27.8325297875418,23.6086626171736,657.088805536506,4758,6864,9273,9273,9273,9273,9273,9273,TRUE,TRUE
4995,14.6802558677386,11.984687695461,175.938281864307,6030,8842,9273,9273,9273,9273,9273,9273,TRUE,TRUE
4996,56.7190349148166,22.9926608608615,1304.12153415174,8990,4779,9273,9273,9273,9273,9273,9273,TRUE,TRUE
4997,15.0116296115963,45.2651489027615,679.50364964201,8726,6770,9273,9273,9273,9273,9273,9273,TRUE,TRUE
4998,158.151768475474,204.391179817641,32324.8265489485,4158,40,9273,9273,9273,9273,9273,9273,TRUE,TRUE
4999,46.5040344363915,75.2862688852641,3501.11524082775,7344,1920,9273,9273,9273,9273,9273,9273,TRUE,TRUE
5000,52.5028211479756,95.7987262042601,5029.70338810616,2971,1191,9273,9273,9273,9273,9273,9273,TRUE,TRUE
5001,14.5300767396626,13.0496362384997,189.612215970082,6604,8790,9273,9273,9273,9273,9273,9273,TRUE,TRUE
5002,38.215454749184,68.6920626534081,2625.09841195943,7973,2611,9273,9273,9273,9273,9273,9273,TRUE,TRUE
5003,38.4096268782249,34.6987181076637,1332.76481566807,2093,4713,9273,9273,9273,9273,9273,9273,TRUE,TRUE
5004,4.07264002076872,23.2742040864714,94.7874550141023,5556,9085,9273,9273,9273,9273,9273,9273,TRUE,TRUE
5005,36.1346999458645,38.5162864146025,1391.77445262064,5732,4556,9273,9273,9273,9273,9273,9273,TRUE,TRUE
5006,59.937402105925,89.6036276698607,5370.60866179803,2983,1097,9273,9273,9273,9273,9273,9273,TRUE,TRUE
5007,56.4181787133217,69.1771727406979,3902.85009456702,6143,1684,9273,9273,9273,9273,9273,9273,TRUE,TRUE
5008,51.0735539748119,45.3161008715147,2314.45432378932,6670,2970,9273,9273,9273,9273,9273,9273,TRUE,TRUE
5009,21.7539260673523,10.4624959468842,227.600363308491,1149,8645,9273,9273,9273,9273,9273,9273,TRUE,TRUE
5010,33.7064538623976,38.9590029232744,1313.16983455836,3440,4759,9273,9273,9273,9273,9273,9273,TRUE,TRUE
5011,35.3562549987397,37.98589872385,1343.03912163674,8201,4690,9273,9273,9273,9273,9273,9273,TRUE,TRUE
5012,15.3012470697745,37.7665371405773,577.875115757789,6489,7176,9273,9273,9273,9273,9273,9273,TRUE,TRUE
5013,31.2532315816421,66.9975156346783,2093.88887152529,7383,3243,9273,9273,9273,9273,9273,9273,TRUE,TRUE
5014,47.0938729336013,105.183395784293,4953.49347579017,5733,1218,9273,9273,9273,9273,9273,9273,TRUE,TRUE
5015,23.0799133882684,37.9771497564801,876.509327112859,8955,6062,9273,9273,9273,9273,9273,9273,TRUE,TRUE
5016,73.9273584738545,172.633794075685,12762.3603793347,4006,270,9273,9273,9273,9273,9273,9273,TRUE,TRUE
5017,21.2458689385221,19.5333225102793,415.002409987279,5549,7844,9273,9273,9273,9273,9273,9273,TRUE,TRUE
5018,22.9782013030666,36.5257393230091,839.295790907441,9226,6184,9273,9273,9273,9273,9273,9273,TRUE,TRUE
5019,76.2380924128523,47.7924642081213,3643.60630293668,3909,1820,9273,9273,9273,9273,9273,9273,TRUE,TRUE
5020,20.9404411152005,31.6292974337935,662.331440427517,5558,6840,9273,9273,9273,9273,9273,9273,TRUE,TRUE
5021,38.9806469726563,71.4682227396965,2785.87756037927,3493,2453,9273,9273,9273,9273,9273,9273,TRUE,TRUE
5022,35.6850863361359,23.3178577899933,832.099768409649,4715,6205,9273,9273,9273,9273,9273,9273,TRUE,TRUE
5023,27.9403657209678,29.7962385709169,832.517802780623,7050,6204,9273,9273,9273,9273,9273,9273,TRUE,TRUE
5024,24.4369552656152,35.0534366465163,856.599263236994,4697,6123,9273,9273,9273,9273,9273,9273,TRUE,TRUE
5025,27.8699742973625,41.9090059515718,1168.00291869832,8366,5179,9273,9273,9273,9273,9273,9273,TRUE,TRUE
5026,21.2843521353486,18.8111257057685,400.382623583886,639,7920,9273,9273,9273,9273,9273,9273,TRUE,TRUE
5027,50.459321867938,44.7668677556394,2258.90578910122,6251,3031,9273,9273,9273,9273,9273,9273,TRUE,TRUE
5028,8.3121765426227,18.0238800389426,149.817672866744,6587,8942,9273,9273,9273,9273,9273,9273,TRUE,TRUE
5029,39.7906602859497,43.6191575622559,1735.63508051904,2388,3812,9273,9273,9273,9273,9273,9273,TRUE,TRUE
5030,45.8925812143675,45.498414106772,2088.03966451996,4113,3251,9273,9273,9273,9273,9273,9273,TRUE,TRUE
5031,30.0334771203995,58.9904666900635,1771.68883165771,4451,3750,9273,9273,9273,9273,9273,9273,TRUE,TRUE
5032,28.6832617541629,40.1130182897678,1150.57220335493,3243,5224,9273,9273,9273,9273,9273,9273,TRUE,TRUE
5033,26.8525741680248,34.0699922974045,914.86699507009,4655,5929,9273,9273,9273,9273,9273,9273,TRUE,TRUE
5034,45.5423194066338,32.6186960261801,1485.53107305219,1115,4336,9273,9273,9273,9273,9273,9273,TRUE,TRUE
5035,41.2636729031801,41.525436040014,1713.49200991707,7066,3864,9273,9273,9273,9273,9273,9273,TRUE,TRUE
5036,58.1946111691965,67.4588581806905,3925.74202174325,6083,1672,9273,9273,9273,9273,9273,9273,TRUE,TRUE
5037,27.7992280654609,17.723866134882,492.709796885283,3246,7528,9273,9273,9273,9273,9273,9273,TRUE,TRUE
5038,10.2814988124767,59.5567371449082,612.332522230359,2918,7047,9273,9273,9273,9273,9273,9273,TRUE,TRUE
5039,7.07931738257408,9.72426636219025,68.8411678906338,2448,9160,9273,9273,9273,9273,9273,9273,TRUE,TRUE
5040,15.2182105112797,14.7678876376307,224.740822876388,4854,8656,9273,9273,9273,9273,9273,9273,TRUE,TRUE
5041,75.9193456673328,57.66294272152,4377.73288067068,3263,1442,9273,9273,9273,9273,9273,9273,TRUE,TRUE
5042,26.4642254734039,41.6463026618958,1102.13714377803,1524,5365,9273,9273,9273,9273,9273,9273,TRUE,TRUE
5043,80.1200660643422,97.5436973978105,7815.20747967278,1405,626,9273,9273,9273,9273,9273,9273,TRUE,TRUE
5044,46.1942885979094,85.5788635945243,3953.25472276658,6227,1656,9273,9273,9273,9273,9273,9273,TRUE,TRUE
5045,99.9887982619436,127.613105022029,12759.8810136279,229,271,9273,9273,9273,9273,9273,9273,TRUE,TRUE
5046,26.8053557865821,41.7243875192136,1118.43705242975,6617,5313,9273,9273,9273,9273,9273,9273,TRUE,TRUE
5047,41.1797175995613,65.1309524805922,2682.07423014124,1059,2545,9273,9273,9273,9273,9273,9273,TRUE,TRUE
5048,10.1030108392239,54.2725980782509,548.316646657409,5285,7298,9273,9273,9273,9273,9273,9273,TRUE,TRUE
5049,133.764052263747,117.837615084592,15762.4369028107,8500,181,9273,9273,9273,9273,9273,9273,TRUE,TRUE
5050,17.5661780928536,24.1558957803164,424.326767269449,8795,7807,9273,9273,9273,9273,9273,9273,TRUE,TRUE
5051,18.7818710109069,37.2794334131395,700.177509725278,3898,6703,9273,9273,9273,9273,9273,9273,TRUE,TRUE
5052,33.4257075866063,19.4194294452667,649.108170136219,821,6890,9273,9273,9273,9273,9273,9273,TRUE,TRUE
5053,0,11.9533520159514,0,3534,9266,9273,9273,9273,9273,9273,9273,TRUE,TRUE
5054,35.4993478810346,15.5377073358606,551.57847798942,7424,7286,9273,9273,9273,9273,9273,9273,TRUE,TRUE
5055,45.9179208152783,28.6816738999408,1317.00283098712,21,4748,9273,9273,9273,9273,9273,9273,TRUE,TRUE
5056,26.3289325111791,14.8829338236859,391.85176021217,2245,7957,9273,9273,9273,9273,9273,9273,TRUE,TRUE
5057,25.4870120674264,34.131490681576,869.909714880579,1893,6087,9273,9273,9273,9273,9273,9273,TRUE,TRUE
5058,73.2374945038101,69.2292627059029,5070.17774692639,2632,1179,9273,9273,9273,9273,9273,9273,TRUE,TRUE
5059,23.5631751443428,69.4491533294148,1636.44256352732,741,3993,9273,9273,9273,9273,9273,9273,TRUE,TRUE
5060,21.4187342633296,59.682630653799,1278.32640611017,1546,4847,9273,9273,9273,9273,9273,9273,TRUE,TRUE
5061,6.38026166677475,20.5685885238647,131.232976898477,1266,8997,9273,9273,9273,9273,9273,9273,TRUE,TRUE
5062,21.1125139232594,17.5380025102764,370.27132218437,5874,8060,9273,9273,9273,9273,9273,9273,TRUE,TRUE
5063,41.2024306957538,59.9747323725774,2471.1047540775,3375,2785,9273,9273,9273,9273,9273,9273,TRUE,TRUE
5064,7.04634646372607,15.9928068144847,112.690857742298,2260,9034,9273,9273,9273,9273,9273,9273,TRUE,TRUE
5065,23.7729438563873,55.3945905432619,1316.89249093253,7210,4749,9273,9273,9273,9273,9273,9273,TRUE,TRUE
5066,33.8685924635021,45.984591196801,1557.4333788452,5654,4150,9273,9273,9273,9273,9273,9273,TRUE,TRUE
5067,23.1169002923099,32.2830636284568,746.284363029331,6444,6524,9273,9273,9273,9273,9273,9273,TRUE,TRUE
5068,19.7243758593357,17.5341409073826,345.849985627768,8231,8166,9273,9273,9273,9273,9273,9273,TRUE,TRUE
5069,12.2910735156986,24.4948901396531,301.068495465438,2305,8364,9273,9273,9273,9273,9273,9273,TRUE,TRUE
5070,39.4973050310312,69.2881197512476,2736.69400084164,2033,2508,9273,9273,9273,9273,9273,9273,TRUE,TRUE
5071,51.1236120752022,10.872805029659,555.857066505592,3648,7272,9273,9273,9273,9273,9273,9273,TRUE,TRUE
5072,30.3950000257902,37.3630868234942,1135.65102496371,2471,5265,9273,9273,9273,9273,9273,9273,TRUE,TRUE
5073,13.6929088996516,47.2529330650965,647.030107701703,4532,6898,9273,9273,9273,9273,9273,9273,TRUE,TRUE
5074,21.826327194877,66.8338991664217,1458.73855091574,2769,4400,9273,9273,9273,9273,9273,9273,TRUE,TRUE
5075,14.6207631966647,9.46370713851031,138.366621034745,8884,8974,9273,9273,9273,9273,9273,9273,TRUE,TRUE
5076,43.6447023386678,38.2516015648211,1669.47976427394,6411,3939,9273,9273,9273,9273,9273,9273,TRUE,TRUE
5077,22.1627627094235,19.3737214223474,429.375190681959,7199,7781,9273,9273,9273,9273,9273,9273,TRUE,TRUE
5078,46.39039281772,45.2760454976066,2100.37353586693,3675,3232,9273,9273,9273,9273,9273,9273,TRUE,TRUE
5079,23.3823824774834,20.7755191864506,485.781135785883,4639,7558,9273,9273,9273,9273,9273,9273,TRUE,TRUE
5080,18.8158404758998,30.4019512176514,572.038264267417,401,7197,9273,9273,9273,9273,9273,9273,TRUE,TRUE
5081,49.4877455325066,10.3650819198995,512.94453647557,5470,7452,9273,9273,9273,9273,9273,9273,TRUE,TRUE
5082,37.2140412864272,84.3454262323758,3138.83417413293,7593,2167,9273,9273,9273,9273,9273,9273,TRUE,TRUE
5083,30.5072948278757,75.4340391420614,2301.28847216438,6012,2982,9273,9273,9273,9273,9273,9273,TRUE,TRUE
5084,54.4213870129028,77.0958518610372,4195.66319121893,8779,1538,9273,9273,9273,9273,9273,9273,TRUE,TRUE
5085,50.6256762728279,124.816884342241,6318.93918009328,6722,858,9273,9273,9273,9273,9273,9273,TRUE,TRUE
5086,25.3823544939359,38.2372938791911,970.552548130433,6637,5739,9273,9273,9273,9273,9273,9273,TRUE,TRUE
5087,59.9493980172562,96.6218331506808,5792.42073270708,4407,979,9273,9273,9273,9273,9273,9273,TRUE,TRUE
5088,21.9208512552407,101.271262998166,2219.95229261316,6615,3093,9273,9273,9273,9273,9273,9273,TRUE,TRUE
5089,10.8982260409434,13.279356974705,144.721433988714,7889,8955,9273,9273,9273,9273,9273,9273,TRUE,TRUE
5090,63.7519259636743,166.796111978803,10633.5733819014,4510,378,9273,9273,9273,9273,9273,9273,TRUE,TRUE
5091,7.32092252263942,27.583531805206,201.936899246673,6567,8755,9273,9273,9273,9273,9273,9273,TRUE,TRUE
5092,46.8833347374831,17.6847933327279,829.122085581493,4672,6215,9273,9273,9273,9273,9273,9273,TRUE,TRUE
5093,17.7537772319849,30.4609049408181,540.796120603954,8791,7331,9273,9273,9273,9273,9273,9273,TRUE,TRUE
5094,30.4215004080733,20.7718626894472,631.911229283462,5131,6954,9273,9273,9273,9273,9273,9273,TRUE,TRUE
5095,23.6141707102458,103.785762691498,2450.81471749009,6538,2801,9273,9273,9273,9273,9273,9273,TRUE,TRUE
5096,30.4272356503748,32.2825231466593,982.267939172079,2309,5699,9273,9273,9273,9273,9273,9273,TRUE,TRUE
5097,24.7847714468698,27.4664826794205,680.750495658845,7669,6767,9273,9273,9273,9273,9273,9273,TRUE,TRUE
5098,34.0484234714508,26.8435264587402,913.979756334282,1034,5931,9273,9273,9273,9273,9273,9273,TRUE,TRUE
5099,14.5701269123042,61.6182943816497,897.786369260355,3038,5981,9273,9273,9273,9273,9273,9273,TRUE,TRUE
5100,67.6084139104475,58.0668505618447,3925.8076672613,2732,1671,9273,9273,9273,9273,9273,9273,TRUE,TRUE
5101,57.8739938573219,25.3866650415362,1469.22769667175,2383,4370,9273,9273,9273,9273,9273,9273,TRUE,TRUE
5102,62.3987417104768,76.7565310146751,4789.51095337691,5116,1284,9273,9273,9273,9273,9273,9273,TRUE,TRUE
5103,28.4711299458375,18.4801974273645,526.152102379227,6513,7402,9273,9273,9273,9273,9273,9273,TRUE,TRUE
5104,23.3095091053967,23.5146916407045,548.115918909597,6261,7299,9273,9273,9273,9273,9273,9273,TRUE,TRUE
5105,87.6273386838625,42.4330425674109,3718.29459244127,7094,1779,9273,9273,9273,9273,9273,9273,TRUE,TRUE
5106,31.8378663187713,60.5457007183748,1927.64592564795,7285,3469,9273,9273,9273,9273,9273,9273,TRUE,TRUE
5107,16.3279561403502,58.0216607602767,947.375132084075,4616,5806,9273,9273,9273,9273,9273,9273,TRUE,TRUE
5108,31.5089531358298,33.1388841770791,1044.17154850928,1099,5516,9273,9273,9273,9273,9273,9273,TRUE,TRUE
5109,28.1476011095168,45.3216524984263,1275.69579614984,7791,4851,9273,9273,9273,9273,9273,9273,TRUE,TRUE
5110,18.035976564264,22.6751194661752,408.967923283823,7104,7882,9273,9273,9273,9273,9273,9273,TRUE,TRUE
5111,26.7539447659538,6.70749465246049,179.451941449858,8283,8831,9273,9273,9273,9273,9273,9273,TRUE,TRUE
5112,28.7673108755156,35.4728754708933,1020.45923631964,3297,5581,9273,9273,9273,9273,9273,9273,TRUE,TRUE
5113,44.6226927336525,56.0335418911541,2500.36752258721,7637,2743,9273,9273,9273,9273,9273,9273,TRUE,TRUE
5114,21.2323800420469,28.6420973532039,608.13989620453,5214,7062,9273,9273,9273,9273,9273,9273,TRUE,TRUE
5115,26.3654334010148,12.9143503700815,340.492444599753,408,8194,9273,9273,9273,9273,9273,9273,TRUE,TRUE
5116,21.7695088483849,54.7047885972626,1190.89637941714,4326,5102,9273,9273,9273,9273,9273,9273,TRUE,TRUE
5117,52.5442923526902,85.1817251818275,4475.81347106045,2524,1405,9273,9273,9273,9273,9273,9273,TRUE,TRUE
5118,17.8033996624256,45.8985266472231,817.149813817003,7564,6253,9273,9273,9273,9273,9273,9273,TRUE,TRUE
5119,32.9276491761477,33.719392245833,1110.3003183037,6643,5340,9273,9273,9273,9273,9273,9273,TRUE,TRUE
5120,73.0102478840055,76.318948495127,5572.06534787587,887,1043,9273,9273,9273,9273,9273,9273,TRUE,TRUE
5121,19.3421202859571,43.2447411648689,836.444985345974,3277,6191,9273,9273,9273,9273,9273,9273,TRUE,TRUE
5122,9.47656051047305,22.7047431012417,215.162871873663,1815,8690,9273,9273,9273,9273,9273,9273,TRUE,TRUE
5123,76.3529367993057,63.1694241998479,4823.17105357952,3772,1270,9273,9273,9273,9273,9273,9273,TRUE,TRUE
5124,73.3755916763334,127.824272391501,9379.18161732323,9196,467,9273,9273,9273,9273,9273,9273,TRUE,TRUE
5125,39.2362161088086,63.8774620859247,2506.30990688557,8378,2732,9273,9273,9273,9273,9273,9273,TRUE,TRUE
5126,10.1973312926292,40.2589296245575,410.533642868259,8228,7869,9273,9273,9273,9273,9273,9273,TRUE,TRUE
5127,38.4997152961217,32.0486741595798,1233.864830762,411,4970,9273,9273,9273,9273,9273,9273,TRUE,TRUE
5128,48.67360097945,47.0996513794356,2292.50963751385,548,2995,9273,9273,9273,9273,9273,9273,TRUE,TRUE
5129,12.6391037963456,23.5448181011059,297.585399845954,5527,8380,9273,9273,9273,9273,9273,9273,TRUE,TRUE
5130,16.9389543383869,16.1703838519196,273.909393701855,5929,8463,9273,9273,9273,9273,9273,9273,TRUE,TRUE
5131,31.1190537393093,38.3624417543411,1193.80288652446,551,5094,9273,9273,9273,9273,9273,9273,TRUE,TRUE
5132,9.5260133433342,12.7408157253265,121.369180604423,3993,9021,9273,9273,9273,9273,9273,9273,TRUE,TRUE
5133,24.2696881241735,39.7878972213174,965.639856678044,4680,5752,9273,9273,9273,9273,9273,9273,TRUE,TRUE
5134,59.9837642079512,41.9056616043296,2513.6593246523,7188,2726,9273,9273,9273,9273,9273,9273,TRUE,TRUE
5135,15.2223077299607,40.9345002150416,623.117559045505,2549,6995,9273,9273,9273,9273,9273,9273,TRUE,TRUE
5136,31.2135649799595,19.4310544933793,606.51248205823,1859,7065,9273,9273,9273,9273,9273,9273,TRUE,TRUE
5137,31.0270500770677,31.0541197925947,963.517729904097,780,5757,9273,9273,9273,9273,9273,9273,TRUE,TRUE
5138,108.590237279856,32.1917772589263,3495.71273100709,9148,1924,9273,9273,9273,9273,9273,9273,TRUE,TRUE
5139,117.109555007179,166.498054343145,19498.5130536868,7815,128,9273,9273,9273,9273,9273,9273,TRUE,TRUE
5140,28.427580342364,24.4018378969449,693.685207316742,4035,6730,9273,9273,9273,9273,9273,9273,TRUE,TRUE
5141,21.8089847287021,33.1032381862043,721.948016073517,8507,6611,9273,9273,9273,9273,9273,9273,TRUE,TRUE
5142,13.4312650161003,25.0762225146317,336.80539019672,7573,8219,9273,9273,9273,9273,9273,9273,TRUE,TRUE
5143,39.6131257724762,7.73867482662201,306.553099219273,340,8347,9273,9273,9273,9273,9273,9273,TRUE,TRUE
5144,25.2274145655666,73.351927085001,1850.47947375653,757,3612,9273,9273,9273,9273,9273,9273,TRUE,TRUE
5145,20.5395038942748,48.6137564775813,998.502440486605,1000,5637,9273,9273,9273,9273,9273,9273,TRUE,TRUE
5146,142.954055392626,195.141342380672,27896.246268078,544,52,9273,9273,9273,9273,9273,9273,TRUE,TRUE
5147,54.972505613982,71.0318908059453,3904.80101610158,6895,1682,9273,9273,9273,9273,9273,9273,TRUE,TRUE
5148,57.198665900897,37.4360898745957,2141.29439737295,6547,3188,9273,9273,9273,9273,9273,9273,TRUE,TRUE
5149,14.3713530037891,45.3582522923296,651.859455327994,1753,6883,9273,9273,9273,9273,9273,9273,TRUE,TRUE
5150,44.0920344143568,42.825176569529,1888.24915910458,4836,3558,9273,9273,9273,9273,9273,9273,TRUE,TRUE
5151,37.9470044237967,72.4820519039649,2750.47674424562,4583,2490,9273,9273,9273,9273,9273,9273,TRUE,TRUE
5152,64.2426850055826,86.3023130592259,5544.29231311703,1323,1053,9273,9273,9273,9273,9273,9273,TRUE,TRUE
5153,113.435583567619,63.8695544433594,7245.0801804863,6286,699,9273,9273,9273,9273,9273,9273,TRUE,TRUE
5154,45.5217965126038,103.988389873505,4733.73832349498,2938,1304,9273,9273,9273,9273,9273,9273,TRUE,TRUE
5155,113.65839191828,64.5411583533654,7335.64427098659,7278,686,9273,9273,9273,9273,9273,9273,TRUE,TRUE
5156,13.1488888311386,105.286758565903,1384.40388377399,3976,4579,9273,9273,9273,9273,9273,9273,TRUE,TRUE
5157,35.1337331578056,30.1253997476343,1058.41775600561,6126,5482,9273,9273,9273,9273,9273,9273,TRUE,TRUE
5158,31.1080516514025,68.6512774082652,2135.60748355108,5331,3196,9273,9273,9273,9273,9273,9273,TRUE,TRUE
5159,42.8446287319733,128.604757475797,5510.02308721598,943,1065,9273,9273,9273,9273,9273,9273,TRUE,TRUE
5160,33.2911573088899,71.8033405518045,2390.41630561392,4598,2883,9273,9273,9273,9273,9273,9273,TRUE,TRUE
5161,65.7312356131417,59.9795230229696,3942.52815978667,9049,1663,9273,9273,9273,9273,9273,9273,TRUE,TRUE
5162,54.6175344860743,107.872220266433,5891.71471049131,3905,958,9273,9273,9273,9273,9273,9273,TRUE,TRUE
5163,59.3642045021057,94.1878342628479,5591.38585479014,7685,1037,9273,9273,9273,9273,9273,9273,TRUE,TRUE
5164,10.9655671462514,38.5669295242409,422.90825532281,9020,7814,9273,9273,9273,9273,9273,9273,TRUE,TRUE
5165,79.4667929518009,105.665874184249,8396.92814587073,1171,557,9273,9273,9273,9273,9273,9273,TRUE,TRUE
5166,78.4166185986865,41.5131377649831,3255.31989095141,2064,2080,9273,9273,9273,9273,9273,9273,TRUE,TRUE
5167,16.8049828211467,21.7299858936365,365.172039646321,4402,8091,9273,9273,9273,9273,9273,9273,TRUE,TRUE
5168,42.8392568698599,46.8835309320245,2008.45562456302,3712,3350,9273,9273,9273,9273,9273,9273,TRUE,TRUE
5169,68.0326372488386,59.8735049143003,4073.35244065115,196,1595,9273,9273,9273,9273,9273,9273,TRUE,TRUE
5170,39.3911935564071,34.7092975396959,1367.24065759309,2929,4631,9273,9273,9273,9273,9273,9273,TRUE,TRUE
5171,25.3435123062134,43.1482024431229,1093.52699960827,899,5388,9273,9273,9273,9273,9273,9273,TRUE,TRUE
5172,16.1004557824135,9.85153388977051,158.614185781198,4862,8908,9273,9273,9273,9273,9273,9273,TRUE,TRUE
5173,22.5121139449042,37.5879761979387,846.184803126343,6080,6157,9273,9273,9273,9273,9273,9273,TRUE,TRUE
5174,31.9495229210172,23.908155174329,763.854151741462,3313,6463,9273,9273,9273,9273,9273,9273,TRUE,TRUE
5175,11.608241823298,8.5707489555404,99.4913264826916,4082,9070,9273,9273,9273,9273,9273,9273,TRUE,TRUE
5176,27.1143405546636,125.350655272767,3398.80035581603,1736,1991,9273,9273,9273,9273,9273,9273,TRUE,TRUE
5177,28.932701503163,45.4031612623983,1313.63611210494,5587,4758,9273,9273,9273,9273,9273,9273,TRUE,TRUE
5178,30.8618248452197,64.5635623023624,1992.54935115894,6555,3370,9273,9273,9273,9273,9273,9273,TRUE,TRUE
5179,22.5805842161179,69.1516616153717,1561.48491879039,5025,4141,9273,9273,9273,9273,9273,9273,TRUE,TRUE
5180,48.0704384331028,54.3866334473115,2614.38931471271,6448,2622,9273,9273,9273,9273,9273,9273,TRUE,TRUE
5181,41.7803652812769,106.422777734361,4446.38252798975,8579,1413,9273,9273,9273,9273,9273,9273,TRUE,TRUE
5182,11.9575169557019,2.17717365214699,26.0335908610552,3600,9224,9273,9273,9273,9273,9273,9273,TRUE,TRUE
5183,49.3798557116505,42.2107904528484,2084.36274203637,2563,3259,9273,9273,9273,9273,9273,9273,TRUE,TRUE
5184,69.4080690186599,140.886737593289,9778.67640668884,6598,427,9273,9273,9273,9273,9273,9273,TRUE,TRUE
5185,52.3355024738546,80.6632679488761,4221.5526592876,4814,1525,9273,9273,9273,9273,9273,9273,TRUE,TRUE
5186,99.0435491530276,306.036566592053,30310.9477258838,4030,48,9273,9273,9273,9273,9273,9273,TRUE,TRUE
5187,38.7824870285235,23.8071889336775,923.301996005956,6136,5901,9273,9273,9273,9273,9273,9273,TRUE,TRUE
5188,71.6874612999671,53.9784481764726,3869.57791468316,7371,1701,9273,9273,9273,9273,9273,9273,TRUE,TRUE
5189,9.54264839887619,0,0,2306,9267,9273,9273,9273,9273,9273,9273,TRUE,TRUE
5190,21.7225735209709,24.6510519426922,535.484288194405,3251,7361,9273,9273,9273,9273,9273,9273,TRUE,TRUE
5191,62.7179797933176,64.6005248346956,4051.61441122015,6653,1606,9273,9273,9273,9273,9273,9273,TRUE,TRUE
5192,32.4479391012035,39.1941618497254,1271.76977682261,2366,4867,9273,9273,9273,9273,9273,9273,TRUE,TRUE
5193,31.8458329200745,31.4383614301682,1001.18080538605,6950,5629,9273,9273,9273,9273,9273,9273,TRUE,TRUE
5194,57.6162658433999,57.9297151502255,3337.69386832782,1061,2040,9273,9273,9273,9273,9273,9273,TRUE,TRUE
5195,13.0539646085103,17.3328155178494,226.261960335845,3394,8651,9273,9273,9273,9273,9273,9273,TRUE,TRUE
5196,25.2789606946887,39.1793579159361,990.413448800091,3598,5667,9273,9273,9273,9273,9273,9273,TRUE,TRUE
5197,110.926706463854,97.9668049704861,10867.1350181627,1489,360,9273,9273,9273,9273,9273,9273,TRUE,TRUE
5198,28.1801245337134,65.2641125928174,1839.15082044789,1511,3634,9273,9273,9273,9273,9273,9273,TRUE,TRUE
5199,35.8293496704102,70.0680720901489,2510.49345564945,1086,2727,9273,9273,9273,9273,9273,9273,TRUE,TRUE
5200,46.4324591096148,103.864181020493,4822.66933818769,840,1271,9273,9273,9273,9273,9273,9273,TRUE,TRUE
5201,112.485452112525,153.906949081806,17312.2927507264,3671,154,9273,9273,9273,9273,9273,9273,TRUE,TRUE
5202,11.4719109807559,51.02457322673,585.349361888108,8033,7149,9273,9273,9273,9273,9273,9273,TRUE,TRUE
5203,26.7578155299028,52.0525804460049,1392.81334542962,3029,4550,9273,9273,9273,9273,9273,9273,TRUE,TRUE
5204,38.497957957983,87.9511008358002,3385.93778233496,2066,2008,9273,9273,9273,9273,9273,9273,TRUE,TRUE
5205,118.028813132593,165.939666489423,19585.661887365,8478,123,9273,9273,9273,9273,9273,9273,TRUE,TRUE
5206,67.7535225165011,25.301889592951,1714.29214624603,6568,3862,9273,9273,9273,9273,9273,9273,TRUE,TRUE
5207,69.5389380633022,115.301471306727,8017.94187180614,4395,600,9273,9273,9273,9273,9273,9273,TRUE,TRUE
5208,54.3341456770332,267.663754230427,14543.2814148176,6438,215,9273,9273,9273,9273,9273,9273,TRUE,TRUE
5209,26.1230792453949,50.5061336603571,1319.37573198801,7214,4745,9273,9273,9273,9273,9273,9273,TRUE,TRUE
5210,27.0396434662926,100.163495677475,2708.38521145647,5819,2522,9273,9273,9273,9273,9273,9273,TRUE,TRUE
5211,58.6421658764147,39.1606632520075,2296.46611025464,6107,2987,9273,9273,9273,9273,9273,9273,TRUE,TRUE
5212,52.187679430836,91.0924404177243,4753.90307909272,8398,1295,9273,9273,9273,9273,9273,9273,TRUE,TRUE
5213,123.582265846693,84.3379441601547,10422.6742361638,2449,389,9273,9273,9273,9273,9273,9273,TRUE,TRUE
5214,54.5953402109754,21.7188466486838,1185.7478217749,7713,5114,9273,9273,9273,9273,9273,9273,TRUE,TRUE
5215,73.9704793999835,70.8364577386438,5239.80673792415,1780,1128,9273,9273,9273,9273,9273,9273,TRUE,TRUE
5216,28.9327854507271,21.3890479570148,618.844735535621,8085,7022,9273,9273,9273,9273,9273,9273,TRUE,TRUE
5217,32.7150432884693,41.0480773528417,1342.88962750665,1718,4691,9273,9273,9273,9273,9273,9273,TRUE,TRUE
5218,23.6474532247241,23.6478007426027,559.210261928294,6911,7256,9273,9273,9273,9273,9273,9273,TRUE,TRUE
5219,20.3384370489749,37.544069033183,763.58768459376,504,6465,9273,9273,9273,9273,9273,9273,TRUE,TRUE
5220,5.57002114305402,17.3152409308028,96.4462580816457,7220,9079,9273,9273,9273,9273,9273,9273,TRUE,TRUE
5221,66.7052747453285,167.437539290119,11168.9670610291,7213,331,9273,9273,9273,9273,9273,9273,TRUE,TRUE
5222,48.6264256461722,70.3257814313545,3419.69138178071,7457,1976,9273,9273,9273,9273,9273,9273,TRUE,TRUE
5223,20.1131573915482,42.4716178944236,854.238335384236,255,6133,9273,9273,9273,9273,9273,9273,TRUE,TRUE
5224,19.8953281593323,21.9432349300385,436.567859810438,5032,7752,9273,9273,9273,9273,9273,9273,TRUE,TRUE
5225,10.2805329835415,9.17695749759674,94.3440142426017,7666,9086,9273,9273,9273,9273,9273,9273,TRUE,TRUE
5226,59.8567746855388,63.8783367103505,3823.55120775844,2894,1723,9273,9273,9273,9273,9273,9273,TRUE,TRUE
5227,38.5576942443848,40.3036263221918,1554.01490067101,1681,4157,9273,9273,9273,9273,9273,9273,TRUE,TRUE
5228,79.6097219548838,71.944161176081,5727.45466750515,802,998,9273,9273,9273,9273,9273,9273,TRUE,TRUE
5229,29.107363358387,16.1738177557677,470.77719030946,3432,7623,9273,9273,9273,9273,9273,9273,TRUE,TRUE
5230,19.4071040678024,33.2202917814255,644.709659764886,2568,6902,9273,9273,9273,9273,9273,9273,TRUE,TRUE
5231,33.7362339627187,63.0311210740652,2126.43264748711,2865,3205,9273,9273,9273,9273,9273,9273,TRUE,TRUE
5232,15.7564752519131,46.8138877630234,737.621863983914,3436,6554,9273,9273,9273,9273,9273,9273,TRUE,TRUE
5233,15.3459188842773,27.008989815712,414.477766858189,4441,7848,9273,9273,9273,9273,9273,9273,TRUE,TRUE
5234,44.9190962165102,69.8154394067947,3136.04644011175,7152,2168,9273,9273,9273,9273,9273,9273,TRUE,TRUE
5235,39.664459530987,41.2048271900386,1634.3672005606,266,3999,9273,9273,9273,9273,9273,9273,TRUE,TRUE
5236,44.6583609448873,69.9499636825446,3123.85072621683,7876,2177,9273,9273,9273,9273,9273,9273,TRUE,TRUE
5237,18.2327881693189,22.4514989123318,409.353423752239,8182,7879,9273,9273,9273,9273,9273,9273,TRUE,TRUE
5238,37.8883515118243,89.6280775947885,3395.86010924041,1094,1995,9273,9273,9273,9273,9273,9273,TRUE,TRUE
5239,52.6364999666183,132.001393932355,6948.09136731397,562,742,9273,9273,9273,9273,9273,9273,TRUE,TRUE
5240,22.0964696298396,16.6822011991201,368.61775215523,5748,8068,9273,9273,9273,9273,9273,9273,TRUE,TRUE
5241,67.0419584499893,28.9324352305423,1939.68712058302,6174,3447,9273,9273,9273,9273,9273,9273,TRUE,TRUE
5242,107.627288215869,173.319856531985,18653.9461525011,5352,136,9273,9273,9273,9273,9273,9273,TRUE,TRUE
5243,43.3266763216371,118.557683107453,5136.71036143984,7138,1154,9273,9273,9273,9273,9273,9273,TRUE,TRUE
5244,47.4445333497335,140.237959916204,6653.52456614292,5831,792,9273,9273,9273,9273,9273,9273,TRUE,TRUE
5245,34.264800619483,30.3819407272339,1041.03114145162,3835,5526,9273,9273,9273,9273,9273,9273,TRUE,TRUE
5246,45.4430674764575,34.9632705547372,1588.83826301656,8417,4093,9273,9273,9273,9273,9273,9273,TRUE,TRUE
5247,13.0379362940788,26.2198599815369,341.852864078945,2030,8185,9273,9273,9273,9273,9273,9273,TRUE,TRUE
5248,15.093466744413,13.4501340226357,203.00915057855,3883,8748,9273,9273,9273,9273,9273,9273,TRUE,TRUE
5249,13.5407189074904,45.7017822600901,618.83498715521,5287,7023,9273,9273,9273,9273,9273,9273,TRUE,TRUE
5250,16.9104698741436,133.912142233849,2264.51724702753,5420,3023,9273,9273,9273,9273,9273,9273,TRUE,TRUE
5251,23.2463525772095,30.8019814252853,716.03372028884,1167,6641,9273,9273,9273,9273,9273,9273,TRUE,TRUE
5252,51.2560863485393,61.4389346446953,3149.11933931077,3094,2156,9273,9273,9273,9273,9273,9273,TRUE,TRUE
5253,34.647603888313,54.8580499172211,1900.69998361718,4419,3522,9273,9273,9273,9273,9273,9273,TRUE,TRUE
5254,20.151468463711,40.5518619397304,817.179567023237,795,6252,9273,9273,9273,9273,9273,9273,TRUE,TRUE
5255,42.2174784232375,23.3125027923373,984.195083627162,2005,5691,9273,9273,9273,9273,9273,9273,TRUE,TRUE
5256,40.1015273425778,102.373572025659,4105.33659774432,7242,1577,9273,9273,9273,9273,9273,9273,TRUE,TRUE
5257,25.2769285583496,56.3599489021301,1424.60640195138,3665,4473,9273,9273,9273,9273,9273,9273,TRUE,TRUE
5258,21.2253386375815,25.3082892152778,537.177008932124,1901,7353,9273,9273,9273,9273,9273,9273,TRUE,TRUE
5259,116.308393348936,203.787528508389,23702.2000253611,3844,75,9273,9273,9273,9273,9273,9273,TRUE,TRUE
5260,55.6250676400275,71.7234825268015,3989.62356693166,651,1635,9273,9273,9273,9273,9273,9273,TRUE,TRUE
5261,32.414422153004,34.0833173902052,1104.79103826093,734,5356,9273,9273,9273,9273,9273,9273,TRUE,TRUE
5262,33.7131911626979,75.8763889061031,2558.03520392666,7002,2683,9273,9273,9273,9273,9273,9273,TRUE,TRUE
5263,15.023389071561,48.5383467620678,729.210468296887,4335,6577,9273,9273,9273,9273,9273,9273,TRUE,TRUE
5264,23.8475465598654,57.2555169590184,1365.40360648935,5566,4635,9273,9273,9273,9273,9273,9273,TRUE,TRUE
5265,16.2918229645462,56.0036203872536,912.401068722788,5072,5936,9273,9273,9273,9273,9273,9273,TRUE,TRUE
5266,19.7205449765321,28.2711616142717,557.522714153054,4449,7263,9273,9273,9273,9273,9273,9273,TRUE,TRUE
5267,74.1673425440145,39.6992956841281,2944.39126176084,1817,2318,9273,9273,9273,9273,9273,9273,TRUE,TRUE
5268,97.3943875030449,179.223711889676,17455.3836455172,3622,152,9273,9273,9273,9273,9273,9273,TRUE,TRUE
5269,8.39975768148899,33.8057925915718,283.960465999879,2969,8430,9273,9273,9273,9273,9273,9273,TRUE,TRUE
5270,41.1238360160687,41.2306610502181,1695.56294386328,2575,3896,9273,9273,9273,9273,9273,9273,TRUE,TRUE
5271,19.9951990675926,16.2155883073807,324.233916204204,7079,8271,9273,9273,9273,9273,9273,9273,TRUE,TRUE
5272,113.056830286795,188.332320512539,21292.2551977045,4517,105,9273,9273,9273,9273,9273,9273,TRUE,TRUE
5273,44.0502266405098,55.6150720971655,2449.85653050843,2784,2804,9273,9273,9273,9273,9273,9273,TRUE,TRUE
5274,30.9082067511176,34.5695765723392,1068.48361999645,9136,5450,9273,9273,9273,9273,9273,9273,TRUE,TRUE
5275,62.7282754201738,106.936099975828,6707.91713164299,6523,782,9273,9273,9273,9273,9273,9273,TRUE,TRUE
5276,66.175334840238,229.972128230066,15218.4825895467,6281,195,9273,9273,9273,9273,9273,9273,TRUE,TRUE
5277,103.627441170896,133.419149920996,13825.8851095089,7684,240,9273,9273,9273,9273,9273,9273,TRUE,TRUE
5278,85.7030518114163,162.270183701009,13907.0499611756,2705,239,9273,9273,9273,9273,9273,9273,TRUE,TRUE
5279,73.2010152919872,165.167001245974,12090.3921839382,7267,289,9273,9273,9273,9273,9273,9273,TRUE,TRUE
5280,35.0435923641214,30.2973270824634,1061.7271800003,2239,5471,9273,9273,9273,9273,9273,9273,TRUE,TRUE
5281,41.9667761631128,69.0886182785034,2899.4265787127,8059,2352,9273,9273,9273,9273,9273,9273,TRUE,TRUE
5282,25.3546158361435,65.1422796821594,1651.65747603177,7842,3964,9273,9273,9273,9273,9273,9273,TRUE,TRUE
5283,17.4261763050443,79.859646261306,1391.64827540799,4492,4557,9273,9273,9273,9273,9273,9273,TRUE,TRUE
5284,56.3127388262749,17.1829121589661,967.616844682679,755,5749,9273,9273,9273,9273,9273,9273,TRUE,TRUE
5285,28.927554731369,41.8754130840302,1211.35330388697,6054,5048,9273,9273,9273,9273,9273,9273,TRUE,TRUE
5286,21.7317310523987,25.8380115509033,561.504717953002,3942,7241,9273,9273,9273,9273,9273,9273,TRUE,TRUE
5287,16.467551947465,69.3658490296466,1142.28572227572,2601,5249,9273,9273,9273,9273,9273,9273,TRUE,TRUE
5288,28.3209573221948,98.3953833728257,2786.65145320279,258,2451,9273,9273,9273,9273,9273,9273,TRUE,TRUE
5289,15.1905779206753,18.7357339000702,284.606625710054,2905,8424,9273,9273,9273,9273,9273,9273,TRUE,TRUE
5290,18.0917942413431,26.5013911392515,479.457715600692,245,7582,9273,9273,9273,9273,9273,9273,TRUE,TRUE
5291,18.4495218869802,10.9805647618062,202.586169904347,1613,8750,9273,9273,9273,9273,9273,9273,TRUE,TRUE
5292,12.5492460806076,8.22269540943512,103.188628138884,585,9052,9273,9273,9273,9273,9273,9273,TRUE,TRUE
5293,22.9938738304088,42.0867863520652,967.738255306756,7768,5748,9273,9273,9273,9273,9273,9273,TRUE,TRUE
5294,25.9704417014122,58.1037208771706,1508.97929567569,6269,4283,9273,9273,9273,9273,9273,9273,TRUE,TRUE
5295,45.1033289237709,70.1084701476858,3162.12538941344,7011,2143,9273,9273,9273,9273,9273,9273,TRUE,TRUE
5296,36.3469570109264,86.1816248399606,3132.43981318983,573,2172,9273,9273,9273,9273,9273,9273,TRUE,TRUE
5297,34.6428785794555,63.3764719532485,2195.54342267065,6225,3119,9273,9273,9273,9273,9273,9273,TRUE,TRUE
5298,26.2607922543628,56.1366971936361,1474.19414284815,2433,4359,9273,9273,9273,9273,9273,9273,TRUE,TRUE
5299,24.7642762518149,91.3372136920279,2261.89999194043,6791,3029,9273,9273,9273,9273,9273,9273,TRUE,TRUE
5300,23.5732930392155,121.610593836707,2866.7621651857,4200,2388,9273,9273,9273,9273,9273,9273,TRUE,TRUE
5301,6.22491861343384,10.9207067871094,67.9805109509304,7591,9163,9273,9273,9273,9273,9273,9273,TRUE,TRUE
5302,19.6764694585882,40.0056993550268,787.170921528647,8260,6356,9273,9273,9273,9273,9273,9273,TRUE,TRUE
5303,27.9663107362058,63.3339908498305,1771.21806827038,2002,3751,9273,9273,9273,9273,9273,9273,TRUE,TRUE
5304,27.8188401213789,32.4397265425826,902.435566269357,1849,5969,9273,9273,9273,9273,9273,9273,TRUE,TRUE
5305,4.14254935582479,13.9160332361857,57.6478545181975,4298,9186,9273,9273,9273,9273,9273,9273,TRUE,TRUE
5306,27.8615672694527,28.4140360210589,791.659575997383,2533,6339,9273,9273,9273,9273,9273,9273,TRUE,TRUE
5307,53.1835744554463,118.985347475324,6328.06608656107,5431,853,9273,9273,9273,9273,9273,9273,TRUE,TRUE
5308,11.6801207115776,22.5354147007591,263.216363990326,2439,8505,9273,9273,9273,9273,9273,9273,TRUE,TRUE
5309,39.7575532058748,66.6616697574624,2650.30488217477,7093,2582,9273,9273,9273,9273,9273,9273,TRUE,TRUE
5310,10.8242567825317,14.6754884243011,158.851255113708,2536,8905,9273,9273,9273,9273,9273,9273,TRUE,TRUE
5311,5.29855815334433,119.869995766137,635.138143408018,5439,6944,9273,9273,9273,9273,9273,9273,TRUE,TRUE
5312,61.3373905188796,187.128679966581,11477.9849203926,8925,314,9273,9273,9273,9273,9273,9273,TRUE,TRUE
5313,65.0897967910767,39.4443367290497,2567.42386225265,5046,2670,9273,9273,9273,9273,9273,9273,TRUE,TRUE
5314,25.2765170104131,119.233753235984,3013.81399188475,752,2256,9273,9273,9273,9273,9273,9273,TRUE,TRUE
5315,34.4591517898112,47.7869531650136,1646.6978726858,8708,3972,9273,9273,9273,9273,9273,9273,TRUE,TRUE
5316,38.087551520963,37.9334726145702,1444.79309257648,4561,4424,9273,9273,9273,9273,9273,9273,TRUE,TRUE
5317,50.1478241450751,147.7977615755,7411.73615652389,6682,677,9273,9273,9273,9273,9273,9273,TRUE,TRUE
5318,1.99729818105698,6.04585242271423,12.0753700468261,8082,9245,9273,9273,9273,9273,9273,9273,TRUE,TRUE
5319,94.2766384905035,59.9839606718584,5655.08617548937,2187,1017,9273,9273,9273,9273,9273,9273,TRUE,TRUE
5320,50.6636165446512,74.5502245321913,3776.98398901659,8655,1743,9273,9273,9273,9273,9273,9273,TRUE,TRUE
5321,21.8567675435266,29.9356808551522,654.297217708261,7047,6869,9273,9273,9273,9273,9273,9273,TRUE,TRUE
5322,12.0614722895622,51.5996510457993,622.367761239988,6642,7001,9273,9273,9273,9273,9273,9273,TRUE,TRUE
5323,162.38731772166,94.2857404782222,15310.8084956591,4152,193,9273,9273,9273,9273,9273,9273,TRUE,TRUE
5324,41.0828114444134,118.408586389878,4864.55762805491,6065,1249,9273,9273,9273,9273,9273,9273,TRUE,TRUE
5325,22.3813547004353,41.8002148649909,935.54543544777,1751,5858,9273,9273,9273,9273,9273,9273,TRUE,TRUE
5326,63.174492887229,142.217914400022,8984.54462170072,1066,498,9273,9273,9273,9273,9273,9273,TRUE,TRUE
5327,14.0462137567783,16.4626774530925,231.238286515031,1505,8628,9273,9273,9273,9273,9273,9273,TRUE,TRUE
5328,14.369457256794,26.3216717767715,378.228137523679,421,8023,9273,9273,9273,9273,9273,9273,TRUE,TRUE
5329,25.5210508286953,19.4103336453438,495.372111564753,1013,7518,9273,9273,9273,9273,9273,9273,TRUE,TRUE
5330,49.2667241811752,28.3327137184143,1395.85999206932,7459,4543,9273,9273,9273,9273,9273,9273,TRUE,TRUE
5331,63.4094035535911,18.5244466441338,1174.62411286485,2270,5158,9273,9273,9273,9273,9273,9273,TRUE,TRUE
5332,64.0911523139477,46.5084262371063,2980.77862984438,6478,2292,9273,9273,9273,9273,9273,9273,TRUE,TRUE
5333,18.7377765493573,1.82516035043968,34.1994468132854,73,9214,9273,9273,9273,9273,9273,9273,TRUE,TRUE
5334,32.4452920060653,52.5653414292769,1705.49785207141,3882,3878,9273,9273,9273,9273,9273,9273,TRUE,TRUE
5335,15.8467262820613,40.1342452747908,635.996399406723,5870,6938,9273,9273,9273,9273,9273,9273,TRUE,TRUE
5336,33.3765448885483,52.0520106878241,1737.31627126135,8476,3809,9273,9273,9273,9273,9273,9273,TRUE,TRUE
5337,28.1129606340144,35.1362770006372,987.784772144739,3377,5680,9273,9273,9273,9273,9273,9273,TRUE,TRUE
5338,39.6187087306016,59.9227309741562,2374.06122480729,8006,2900,9273,9273,9273,9273,9273,9273,TRUE,TRUE
5339,42.5693963606333,57.0883589823221,2430.21698109659,3855,2827,9273,9273,9273,9273,9273,9273,TRUE,TRUE
5340,26.1081070789071,17.6417222688364,460.591974051122,5119,7651,9273,9273,9273,9273,9273,9273,TRUE,TRUE
5341,113.365716745884,139.989618754085,15870.0234670399,2711,177,9273,9273,9273,9273,9273,9273,TRUE,TRUE
5342,100.220122566223,87.0600662040711,8725.1705055955,8723,517,9273,9273,9273,9273,9273,9273,TRUE,TRUE
5343,61.5519874397957,67.0162984740059,4124.98636193361,4712,1568,9273,9273,9273,9273,9273,9273,TRUE,TRUE
5344,15.1147017092318,40.9706713444478,619.2594761983,7248,7019,9273,9273,9273,9273,9273,9273,TRUE,TRUE
5345,26.9237718132307,13.7487222563546,370.167460753577,908,8061,9273,9273,9273,9273,9273,9273,TRUE,TRUE
5346,43.4227802832921,14.8211548672782,643.575751346467,4861,6905,9273,9273,9273,9273,9273,9273,TRUE,TRUE
5347,36.6407830144497,66.8156777227179,2448.1787494015,9221,2806,9273,9273,9273,9273,9273,9273,TRUE,TRUE
5348,55.5139389392129,88.1778550865059,4895.10006306305,8457,1234,9273,9273,9273,9273,9273,9273,TRUE,TRUE
5349,113.433442174608,216.325050813907,24538.4951424185,4631,68,9273,9273,9273,9273,9273,9273,TRUE,TRUE
5350,2.01541407254277,24.2612675063464,48.8964999500153,5958,9197,9273,9273,9273,9273,9273,9273,TRUE,TRUE
5351,74.7299204028171,57.8851749171382,4325.75451406088,6292,1473,9273,9273,9273,9273,9273,9273,TRUE,TRUE
5352,42.3908823183027,26.9950494496836,1144.3439643983,7702,5242,9273,9273,9273,9273,9273,9273,TRUE,TRUE
5353,64.540548248291,31.0565380573273,2004.40599291382,4774,3354,9273,9273,9273,9273,9273,9273,TRUE,TRUE
5354,12.7755171221656,48.2291151510703,616.151886399393,4768,7031,9273,9273,9273,9273,9273,9273,TRUE,TRUE
5355,17.4869919911108,42.1904773399478,737.784539344811,7690,6552,9273,9273,9273,9273,9273,9273,TRUE,TRUE
5356,43.404229233206,22.8026131774848,989.729849471675,5261,5671,9273,9273,9273,9273,9273,9273,TRUE,TRUE
5357,20.1269648063696,30.9249853745602,622.426092271268,256,6999,9273,9273,9273,9273,9273,9273,TRUE,TRUE
5358,103.80090349999,105.993523160617,11002.2234692191,2337,346,9273,9273,9273,9273,9273,9273,TRUE,TRUE
5359,68.3622173306906,110.198061751835,7533.38384689982,6449,662,9273,9273,9273,9273,9273,9273,TRUE,TRUE
5360,41.3730817210866,67.5677686069101,2795.48681228516,3227,2443,9273,9273,9273,9273,9273,9273,TRUE,TRUE
5361,24.1930201034846,34.4159451920216,832.625653911005,3900,6203,9273,9273,9273,9273,9273,9273,TRUE,TRUE
5362,38.0534443353938,46.177938485814,1757.22961169316,2291,3774,9273,9273,9273,9273,9273,9273,TRUE,TRUE
5363,66.2313285368664,78.4518860808711,5195.97264135898,2120,1144,9273,9273,9273,9273,9273,9273,TRUE,TRUE
5364,24.9817508665543,40.6587562507757,1015.72691920084,8706,5596,9273,9273,9273,9273,9273,9273,TRUE,TRUE
5365,30.0253341827689,51.6457991882906,1550.6823797646,5042,4170,9273,9273,9273,9273,9273,9273,TRUE,TRUE
5366,16.8869035756215,31.8798749446869,538.352374193801,7321,7348,9273,9273,9273,9273,9273,9273,TRUE,TRUE
5367,30.6617874839638,49.2625449458255,1510.47768404812,7295,4278,9273,9273,9273,9273,9273,9273,TRUE,TRUE
5368,156.697462813341,125.824054166631,19716.3100487994,3994,121,9273,9273,9273,9273,9273,9273,TRUE,TRUE
5369,46.7146841228008,15.7828323602676,737.290028273022,5673,6555,9273,9273,9273,9273,9273,9273,TRUE,TRUE
5370,37.427805485503,39.1603016433321,1465.68415266026,7184,4384,9273,9273,9273,9273,9273,9273,TRUE,TRUE
5371,23.2538477846094,23.8324852402146,554.1969841049,7878,7280,9273,9273,9273,9273,9273,9273,TRUE,TRUE
5372,27.7957544803619,64.7859921216965,1800.77553078134,8425,3710,9273,9273,9273,9273,9273,9273,TRUE,TRUE
5373,52.3633045099549,58.9914436663612,3088.98692818352,3851,2197,9273,9273,9273,9273,9273,9273,TRUE,TRUE
5374,10.4563415190121,8.14139442615681,85.1292005608772,1644,9106,9273,9273,9273,9273,9273,9273,TRUE,TRUE
5375,16.5766180546387,36.3580607953279,602.693687011485,620,7080,9273,9273,9273,9273,9273,9273,TRUE,TRUE
5376,18.0509031148136,28.7154174349797,518.339218020249,8386,7432,9273,9273,9273,9273,9273,9273,TRUE,TRUE
5377,36.8885854028112,128.990103577538,4758.26245193748,1526,1293,9273,9273,9273,9273,9273,9273,TRUE,TRUE
5378,17.2602851294443,99.4711343400241,1716.90014085807,9203,3854,9273,9273,9273,9273,9273,9273,TRUE,TRUE
5379,11.0916320724833,38.1842185989503,423.525303674832,8734,7810,9273,9273,9273,9273,9273,9273,TRUE,TRUE
5380,94.5832671737671,23.7760721540451,2248.81858488881,5759,3048,9273,9273,9273,9273,9273,9273,TRUE,TRUE
5381,15.3693660640408,25.0854502495824,385.547467767116,2052,7994,9273,9273,9273,9273,9273,9273,TRUE,TRUE
5382,12.0450696929135,25.670453042695,309.202395947926,4426,8336,9273,9273,9273,9273,9273,9273,TRUE,TRUE
5383,21.2573527388685,62.9990149745791,1339.19228351589,2454,4695,9273,9273,9273,9273,9273,9273,TRUE,TRUE
5384,20.2410928376302,73.6349973955944,1490.45281838289,6099,4324,9273,9273,9273,9273,9273,9273,TRUE,TRUE
5385,27.6211242419761,79.6829305687207,2200.93212520339,4849,3113,9273,9273,9273,9273,9273,9273,TRUE,TRUE
5386,35.838396771354,36.5240612533522,1308.96379889887,2547,4767,9273,9273,9273,9273,9273,9273,TRUE,TRUE
5387,13.4373957633972,15.7828312158585,212.08014931439,419,8703,9273,9273,9273,9273,9273,9273,TRUE,TRUE
5388,25.1178659025255,56.9285633327725,1429.92401981601,5171,4460,9273,9273,9273,9273,9273,9273,TRUE,TRUE
5389,11.3879779644834,24.1631635246363,275.169573770768,2321,8458,9273,9273,9273,9273,9273,9273,TRUE,TRUE
5390,88.5793845401547,59.1079732577006,5235.74789258304,667,1129,9273,9273,9273,9273,9273,9273,TRUE,TRUE
5391,12.9183453660557,25.3516576073386,327.501468573593,7168,8259,9273,9273,9273,9273,9273,9273,TRUE,TRUE
5392,37.3304849352155,7.04591240201678,263.027326778336,705,8506,9273,9273,9273,9273,9273,9273,TRUE,TRUE
5393,18.6913963031769,16.0373905277252,299.761222022527,4306,8372,9273,9273,9273,9273,9273,9273,TRUE,TRUE
5394,29.8133329060263,14.6182467751874,435.818657611108,4671,7754,9273,9273,9273,9273,9273,9273,TRUE,TRUE
5395,24.7113391429454,67.3479982324549,1664.25922492068,2012,3950,9273,9273,9273,9273,9273,9273,TRUE,TRUE
5396,16.9350496680991,23.6520076307278,400.547923976635,3594,7918,9273,9273,9273,9273,9273,9273,TRUE,TRUE
5397,24.8663869667053,31.0819927310944,772.896858947714,7340,6417,9273,9273,9273,9273,9273,9273,TRUE,TRUE
5398,10.8533729580896,21.1433953472546,229.477155304091,1586,8639,9273,9273,9273,9273,9273,9273,TRUE,TRUE
5399,3.30086114626973,49.6502650765812,163.888630893279,7091,8888,9273,9273,9273,9273,9273,9273,TRUE,TRUE
5400,56.1252086662111,65.2405325813899,3661.63850462525,3720,1811,9273,9273,9273,9273,9273,9273,TRUE,TRUE
5401,9.3713906718337,35.223591213641,330.094034127998,4694,8248,9273,9273,9273,9273,9273,9273,TRUE,TRUE
5402,42.6194909006357,56.3933479040861,2403.45577785458,3941,2868,9273,9273,9273,9273,9273,9273,TRUE,TRUE
5403,32.932694153908,42.051613226915,1384.87291708042,5931,4578,9273,9273,9273,9273,9273,9273,TRUE,TRUE
5404,12.3483870335988,43.9664422716413,542.914645660604,2721,7321,9273,9273,9273,9273,9273,9273,TRUE,TRUE
5405,28.4401903189146,71.0422577099923,2020.45532995755,2673,3335,9273,9273,9273,9273,9273,9273,TRUE,TRUE
5406,31.5257942944157,32.4609460603623,1023.35710810111,8812,5573,9273,9273,9273,9273,9273,9273,TRUE,TRUE
5407,28.1799367508798,109.221281726405,3077.84881090013,9167,2206,9273,9273,9273,9273,9273,9273,TRUE,TRUE
5408,60.4873817816013,8.86619907472192,536.293168384385,9096,7357,9273,9273,9273,9273,9273,9273,TRUE,TRUE
5409,35.3261090344603,65.961881298689,2330.17661087561,1477,2952,9273,9273,9273,9273,9273,9273,TRUE,TRUE
5410,21.7537419219171,433.586492649971,9432.12866193666,8375,462,9273,9273,9273,9273,9273,9273,TRUE,TRUE
5411,12.1413969164309,17.4503914791605,211.872129295592,726,8704,9273,9273,9273,9273,9273,9273,TRUE,TRUE
5412,21.0722439188824,21.530690665557,453.699965446621,1375,7682,9273,9273,9273,9273,9273,9273,TRUE,TRUE
5413,7.94721438218882,36.0055485072437,286.143812935364,6748,8416,9273,9273,9273,9273,9273,9273,TRUE,TRUE
5414,26.5404627071164,29.3263441488995,778.334743219927,4926,6388,9273,9273,9273,9273,9273,9273,TRUE,TRUE
5415,15.1547659723551,58.6175243326482,888.334863140112,2365,6019,9273,9273,9273,9273,9273,9273,TRUE,TRUE
5416,35.5720737798269,41.22321265058,1466.39516184793,1608,4381,9273,9273,9273,9273,9273,9273,TRUE,TRUE
5417,39.4829340394088,38.2844929244575,1511.58410886857,5462,4275,9273,9273,9273,9273,9273,9273,TRUE,TRUE
5418,7.87130310386419,43.5141479969025,342.513048190024,2924,8178,9273,9273,9273,9273,9273,9273,TRUE,TRUE
5419,20.7960251914481,21.5281645035902,447.7002513423,8271,7703,9273,9273,9273,9273,9273,9273,TRUE,TRUE
5420,26.0184650139268,43.9025030206577,1142.2757388668,6980,5250,9273,9273,9273,9273,9273,9273,TRUE,TRUE
5421,33.5290991304056,29.2265618702151,979.940290187373,2312,5708,9273,9273,9273,9273,9273,9273,TRUE,TRUE
5422,16.3535525344667,59.3977277392433,971.363861011665,8141,5737,9273,9273,9273,9273,9273,9273,TRUE,TRUE
5423,72.6311583897424,45.578677283393,3310.43212896507,1199,2054,9273,9273,9273,9273,9273,9273,TRUE,TRUE
5424,17.0064932359319,77.8059673179575,1323.20665690798,2459,4738,9273,9273,9273,9273,9273,9273,TRUE,TRUE
5425,45.4358997984752,111.089198846237,5047.43770747052,1729,1183,9273,9273,9273,9273,9273,9273,TRUE,TRUE
5426,23.5681345367432,13.7463368606567,323.97551651935,429,8273,9273,9273,9273,9273,9273,9273,TRUE,TRUE
5427,41.5143529551152,156.40040525412,6492.86162604256,5553,818,9273,9273,9273,9273,9273,9273,TRUE,TRUE
5428,31.3503042715325,47.5763291855381,1491.53239608921,2979,4319,9273,9273,9273,9273,9273,9273,TRUE,TRUE
5429,24.5725097451159,68.3073628846035,1678.48334014509,2509,3925,9273,9273,9273,9273,9273,9273,TRUE,TRUE
5430,40.928098431949,48.1033871530116,1968.78016430861,7170,3406,9273,9273,9273,9273,9273,9273,TRUE,TRUE
5431,22.9699062343337,48.8236606875037,1121.47490800888,6422,5307,9273,9273,9273,9273,9273,9273,TRUE,TRUE
5432,24.7204509867898,25.7461616057384,636.456726072624,491,6936,9273,9273,9273,9273,9273,9273,TRUE,TRUE
5433,52.5541172423861,77.5154478890555,4073.75593645749,4115,1594,9273,9273,9273,9273,9273,9273,TRUE,TRUE
5434,24.5847370174129,101.593815166944,2497.65722847498,4969,2746,9273,9273,9273,9273,9273,9273,TRUE,TRUE
5435,22.3190415355137,28.5981892068046,638.284172747152,8770,6928,9273,9273,9273,9273,9273,9273,TRUE,TRUE
5436,28.8376867902148,7.62753421483022,219.960442668921,591,8673,9273,9273,9273,9273,9273,9273,TRUE,TRUE
5437,43.0085318864187,18.2266241582235,783.900346290723,7042,6372,9273,9273,9273,9273,9273,9273,TRUE,TRUE
5438,47.2817652821541,63.8840211026463,3020.5492910555,7429,2248,9273,9273,9273,9273,9273,9273,TRUE,TRUE
5439,31.9163469276537,35.0584392601948,1118.93731017045,7193,5311,9273,9273,9273,9273,9273,9273,TRUE,TRUE
5440,43.3582018753732,33.5232741843927,1453.50888961038,8309,4412,9273,9273,9273,9273,9273,9273,TRUE,TRUE
5441,48.4902281841176,90.9929937217593,4412.27102872409,3717,1424,9273,9273,9273,9273,9273,9273,TRUE,TRUE
5442,43.4455365975019,39.3228948354042,1708.40426669127,1039,3872,9273,9273,9273,9273,9273,9273,TRUE,TRUE
5443,52.209934983488,71.1103886463603,3712.66876787703,453,1783,9273,9273,9273,9273,9273,9273,TRUE,TRUE
5444,44.744852326874,20.9306389409253,936.538348518821,231,5852,9273,9273,9273,9273,9273,9273,TRUE,TRUE
5445,46.8314209875308,50.5237985134125,2366.1012780708,2072,2913,9273,9273,9273,9273,9273,9273,TRUE,TRUE
5446,17.3958403641178,124.201450963174,2160.58861394718,1069,3157,9273,9273,9273,9273,9273,9273,TRUE,TRUE
5447,15.9897710543412,9.92137948060647,158.640586438137,3755,8907,9273,9273,9273,9273,9273,9273,TRUE,TRUE
5448,35.6611963198735,23.8896390328041,851.933107559739,3780,6139,9273,9273,9273,9273,9273,9273,TRUE,TRUE
5449,35.0404397078923,55.1640802777647,1932.97362901434,6128,3458,9273,9273,9273,9273,9273,9273,TRUE,TRUE
5450,3.88064004794971,35.6799188974741,138.460922181136,5274,8972,9273,9273,9273,9273,9273,9273,TRUE,TRUE
5451,17.0726210764139,52.8026607957217,901.479819591772,5598,5972,9273,9273,9273,9273,9273,9273,TRUE,TRUE
5452,21.3331716115574,22.8167115927841,486.752824020274,4456,7551,9273,9273,9273,9273,9273,9273,TRUE,TRUE
5453,24.1155437344597,61.8706702731905,1492.04485485346,3612,4317,9273,9273,9273,9273,9273,9273,TRUE,TRUE
5454,85.7174413953509,88.7692942278726,7609.07677568433,6101,654,9273,9273,9273,9273,9273,9273,TRUE,TRUE
5455,19.657816359969,176.548884371375,3470.56554752989,6908,1936,9273,9273,9273,9273,9273,9273,TRUE,TRUE
5456,31.2355424118042,33.8821602344513,1058.32765300675,1851,5484,9273,9273,9273,9273,9273,9273,TRUE,TRUE
5457,43.3747263860703,15.2736994028091,662.492532499931,3326,6838,9273,9273,9273,9273,9273,9273,TRUE,TRUE
5458,19.9384629847011,25.5255105430514,508.939447128227,8029,7467,9273,9273,9273,9273,9273,9273,TRUE,TRUE
5459,14.7620291518763,428.587792762724,6326.82549090164,3257,854,9273,9273,9273,9273,9273,9273,TRUE,TRUE
5460,19.3855636041928,40.5468546705308,786.023630165537,8716,6358,9273,9273,9273,9273,9273,9273,TRUE,TRUE
5461,38.2729115679257,82.252848348885,3148.05599106687,240,2158,9273,9273,9273,9273,9273,9273,TRUE,TRUE
5462,48.4148804649644,22.3398010955263,1081.57879965099,2460,5417,9273,9273,9273,9273,9273,9273,TRUE,TRUE
5463,38.1687282607183,41.1223443498959,1569.58758693486,3494,4130,9273,9273,9273,9273,9273,9273,TRUE,TRUE
5464,30.1207193390936,63.3141172563928,1907.06675608227,990,3512,9273,9273,9273,9273,9273,9273,TRUE,TRUE
5465,56.9351482378001,76.4683139651429,4353.73479110005,3543,1454,9273,9273,9273,9273,9273,9273,TRUE,TRUE
5466,13.9838833729094,24.4549650906519,341.975379716246,4625,8182,9273,9273,9273,9273,9273,9273,TRUE,TRUE
5467,56.0178734896476,38.8452264551531,2176.02698124148,1841,3141,9273,9273,9273,9273,9273,9273,TRUE,TRUE
5468,9.54265036582947,45.8211117506027,437.254848809602,4344,7747,9273,9273,9273,9273,9273,9273,TRUE,TRUE
5469,7.91273384147816,32.7497957708237,259.140417297295,5989,8521,9273,9273,9273,9273,9273,9273,TRUE,TRUE
5470,90.050515472889,13.3008507966995,1197.74847047078,4955,5081,9273,9273,9273,9273,9273,9273,TRUE,TRUE
5471,25.4409458013218,72.2882307462314,1839.08096048831,5280,3637,9273,9273,9273,9273,9273,9273,TRUE,TRUE
5472,28.7580097253156,34.0982913120537,980.598993168683,5965,5706,9273,9273,9273,9273,9273,9273,TRUE,TRUE
5473,71.1009382905222,77.6272805632807,5519.37248499088,3987,1061,9273,9273,9273,9273,9273,9273,TRUE,TRUE
5474,18.554702827805,14.3549875209206,266.35252754753,2671,8490,9273,9273,9273,9273,9273,9273,TRUE,TRUE
5475,141.079827850397,105.322008669485,14858.8108519489,5993,206,9273,9273,9273,9273,9273,9273,TRUE,TRUE
5476,43.8174967348141,102.36353221949,4485.31373879154,1916,1402,9273,9273,9273,9273,9273,9273,TRUE,TRUE
5477,34.5458983188205,37.2904624769423,1288.23252499024,731,4820,9273,9273,9273,9273,9273,9273,TRUE,TRUE
5478,26.6696002725969,74.7785822717767,1994.31489813979,5859,3368,9273,9273,9273,9273,9273,9273,TRUE,TRUE
5479,38.1956311078139,14.1980968797711,542.305270852739,1047,7324,9273,9273,9273,9273,9273,9273,TRUE,TRUE
5480,16.0277176433139,22.2430320103963,356.505036593826,7825,8126,9273,9273,9273,9273,9273,9273,TRUE,TRUE
5481,53.1503732824326,90.9973074118296,4836.54085663501,4701,1262,9273,9273,9273,9273,9273,9273,TRUE,TRUE
5482,69.4974213375533,36.8378223919672,2560.1336639325,5157,2679,9273,9273,9273,9273,9273,9273,TRUE,TRUE
5483,15.1330016297498,15.7370341809455,238.148563907675,6965,8605,9273,9273,9273,9273,9273,9273,TRUE,TRUE
5484,10.7028342062914,27.1801044790051,290.904151948469,5456,8398,9273,9273,9273,9273,9273,9273,TRUE,TRUE
5485,12.1502377557755,13.6190520095825,165.474719924699,9030,8881,9273,9273,9273,9273,9273,9273,TRUE,TRUE
5486,21.1415286760415,34.0076264643036,718.973210099181,1598,6629,9273,9273,9273,9273,9273,9273,TRUE,TRUE
5487,28.1769390671722,49.3959634477559,1391.82705223168,7731,4555,9273,9273,9273,9273,9273,9273,TRUE,TRUE
5488,83.3963350502111,143.417400047604,11960.4855464001,8569,296,9273,9273,9273,9273,9273,9273,TRUE,TRUE
5489,18.3658601845464,123.101176321891,2260.85899288105,2040,3030,9273,9273,9273,9273,9273,9273,TRUE,TRUE
5490,75.0818318534018,99.5892082737182,7477.34019002072,1163,670,9273,9273,9273,9273,9273,9273,TRUE,TRUE
5491,16.3684481071703,24.7310988570705,404.809708275258,5798,7901,9273,9273,9273,9273,9273,9273,TRUE,TRUE
5492,13.2139869552769,17.2846221531907,228.398771659152,9086,8642,9273,9273,9273,9273,9273,9273,TRUE,TRUE
5493,11.4140968480426,65.2371733269854,744.623414446749,6810,6527,9273,9273,9273,9273,9273,9273,TRUE,TRUE
5494,23.4697757411648,9.38438959379454,220.249519234078,3581,8672,9273,9273,9273,9273,9273,9273,TRUE,TRUE
5495,87.4650581359863,9.21514036655426,806.002787891943,4656,6294,9273,9273,9273,9273,9273,9273,TRUE,TRUE
5496,43.2974831036159,69.1819647704663,2995.40495072421,2453,2272,9273,9273,9273,9273,9273,9273,TRUE,TRUE
5497,22.0822018368048,61.1525205579763,1350.38230179059,3859,4670,9273,9273,9273,9273,9273,9273,TRUE,TRUE
5498,33.1207787094204,20.9532965651279,693.989498766459,6216,6729,9273,9273,9273,9273,9273,9273,TRUE,TRUE
5499,37.7701066703962,69.9906815882619,2643.55550952239,1379,2592,9273,9273,9273,9273,9273,9273,TRUE,TRUE
5500,30.8225471531903,30.5379791754263,941.258303097723,2368,5825,9273,9273,9273,9273,9273,9273,TRUE,TRUE
5501,74.0777919739485,98.165314787451,7271.86976788196,1334,694,9273,9273,9273,9273,9273,9273,TRUE,TRUE
5502,13.76842268308,7.11712068120639,97.9915258253401,8942,9072,9273,9273,9273,9273,9273,9273,TRUE,TRUE
5503,10.608360847274,36.8135176228953,390.531079001155,1051,7961,9273,9273,9273,9273,9273,9273,TRUE,TRUE
5504,27.884529542923,24.1069923639298,672.212140763018,2773,6803,9273,9273,9273,9273,9273,9273,TRUE,TRUE
5505,10.3578202208196,24.3136542763297,251.836459905385,7974,8543,9273,9273,9273,9273,9273,9273,TRUE,TRUE
5506,13.1766246926785,52.9997239851952,698.357471768465,2736,6712,9273,9273,9273,9273,9273,9273,TRUE,TRUE
5507,49.0087124023711,69.8887431781258,3425.15731457994,2374,1972,9273,9273,9273,9273,9273,9273,TRUE,TRUE
5508,4.92708254844771,14.1760556588479,69.8465964425329,6766,9154,9273,9273,9273,9273,9273,9273,TRUE,TRUE
5509,56.4000564134453,32.0686881380727,1808.67582009249,2441,3692,9273,9273,9273,9273,9273,9273,TRUE,TRUE
5510,52.8951597595215,10.284298043251,543.989588012298,7481,7315,9273,9273,9273,9273,9273,9273,TRUE,TRUE
5511,53.3087137268811,65.5651537572465,3495.194012104,4054,1925,9273,9273,9273,9273,9273,9273,TRUE,TRUE
5512,31.644699026597,95.5963547841273,3025.11787518349,546,2244,9273,9273,9273,9273,9273,9273,TRUE,TRUE
5513,4.11809526228007,22.5377585199588,92.8126365834544,8216,9090,9273,9273,9273,9273,9273,9273,TRUE,TRUE
5514,14.6598335774276,12.2635584852121,179.781726460259,8847,8830,9273,9273,9273,9273,9273,9273,TRUE,TRUE
5515,20.7985132097622,70.6747035243085,1469.92875484636,3032,4368,9273,9273,9273,9273,9273,9273,TRUE,TRUE
5516,22.1433056956666,31.4004300199909,695.309320908046,5108,6724,9273,9273,9273,9273,9273,9273,TRUE,TRUE
5517,8.26270608796405,11.300284681285,93.3709310317805,330,9088,9273,9273,9273,9273,9273,9273,TRUE,TRUE
5518,14.313551876996,33.6925668366627,482.260303285728,1703,7570,9273,9273,9273,9273,9273,9273,TRUE,TRUE
5519,19.3928967841128,14.7320924848771,285.697948973226,2842,8418,9273,9273,9273,9273,9273,9273,TRUE,TRUE
5520,46.3330347014637,107.884534272915,4998.61787021821,4877,1201,9273,9273,9273,9273,9273,9273,TRUE,TRUE
5521,37.3827759003639,25.4052648067474,949.719320960042,3154,5799,9273,9273,9273,9273,9273,9273,TRUE,TRUE
5522,35.3695803046844,63.6404009606554,2250.93427240022,8122,3044,9273,9273,9273,9273,9273,9273,TRUE,TRUE
5523,29.5378559559584,14.7391252207756,435.362157688103,7968,7757,9273,9273,9273,9273,9273,9273,TRUE,TRUE
5524,30.7520872546094,43.4952475201516,1337.56964690053,1946,4700,9273,9273,9273,9273,9273,9273,TRUE,TRUE
5525,25.0883024978638,28.4599848175049,714.012708186173,1470,6652,9273,9273,9273,9273,9273,9273,TRUE,TRUE
5526,58.4830588365302,41.2789451374727,2414.11897718472,5245,2854,9273,9273,9273,9273,9273,9273,TRUE,TRUE
5527,41.3035646337371,28.5990954910577,1181.24458908132,4181,5129,9273,9273,9273,9273,9273,9273,TRUE,TRUE
5528,51.442911333065,34.5659121542073,1778.1711540954,8014,3739,9273,9273,9273,9273,9273,9273,TRUE,TRUE
5529,37.671291923523,17.8193274736404,671.277087140362,1878,6812,9273,9273,9273,9273,9273,9273,TRUE,TRUE
5530,18.8475292080925,22.5287052790324,424.61043076707,8673,7806,9273,9273,9273,9273,9273,9273,TRUE,TRUE
5531,64.8748799408038,71.0090811421422,4606.70561380327,7969,1347,9273,9273,9273,9273,9273,9273,TRUE,TRUE
5532,46.3963903594803,28.9528912973928,1343.30964666944,2362,4687,9273,9273,9273,9273,9273,9273,TRUE,TRUE
5533,24.0230952894688,37.1023452448845,891.313175280629,1381,6011,9273,9273,9273,9273,9273,9273,TRUE,TRUE
5534,15.0798695029282,35.1915844521871,530.684501140259,284,7383,9273,9273,9273,9273,9273,9273,TRUE,TRUE
5535,13.639682387083,47.4920953188187,647.777096045759,4737,6895,9273,9273,9273,9273,9273,9273,TRUE,TRUE
5536,34.507680620466,52.9823793945732,1828.29902666029,511,3652,9273,9273,9273,9273,9273,9273,TRUE,TRUE
5537,26.5644830476253,34.3074456923599,911.35955950202,8974,5937,9273,9273,9273,9273,9273,9273,TRUE,TRUE
5538,77.9821718256851,63.0057124810308,4913.32229669546,1641,1230,9273,9273,9273,9273,9273,9273,TRUE,TRUE
5539,43.2106436835833,37.0482048712486,1600.87677980792,2468,4068,9273,9273,9273,9273,9273,9273,TRUE,TRUE
5540,8.87688624120392,62.9646106483662,558.929685947244,4103,7257,9273,9273,9273,9273,9273,9273,TRUE,TRUE
5541,26.030224426137,30.6404822495999,797.578629482154,4264,6322,9273,9273,9273,9273,9273,9273,TRUE,TRUE
5542,51.8491215304895,34.8749678026546,1808.23644397175,8160,3693,9273,9273,9273,9273,9273,9273,TRUE,TRUE
5543,12.5755931403902,13.7887595494588,173.401830004664,1804,8855,9273,9273,9273,9273,9273,9273,TRUE,TRUE
5544,77.6989217186874,90.7175966028897,7048.65943695539,6495,727,9273,9273,9273,9273,9273,9273,TRUE,TRUE
5545,11.5800919862504,9.722101247057,112.58282674056,3513,9035,9273,9273,9273,9273,9273,9273,TRUE,TRUE
5546,42.72343021229,61.3654710734549,2621.74342085105,4375,2613,9273,9273,9273,9273,9273,9273,TRUE,TRUE
5547,29.5896369020144,3.39415515462557,100.431818614471,6627,9066,9273,9273,9273,9273,9273,9273,TRUE,TRUE
5548,15.2703605780289,27.5244915251221,420.308910315516,8645,7824,9273,9273,9273,9273,9273,9273,TRUE,TRUE
5549,72.4908719968796,16.8010698795319,1217.92420604777,7725,5017,9273,9273,9273,9273,9273,9273,TRUE,TRUE
5550,32.8529708452628,58.3801693215936,1917.96200066382,1518,3487,9273,9273,9273,9273,9273,9273,TRUE,TRUE
5551,57.7930201057627,136.167020153398,7869.50333346714,959,614,9273,9273,9273,9273,9273,9273,TRUE,TRUE
5552,35.4505288823743,18.9493945268827,671.76605797876,456,6807,9273,9273,9273,9273,9273,9273,TRUE,TRUE
5553,28.9535892878737,37.1850473992178,1076.64059004707,1474,5427,9273,9273,9273,9273,9273,9273,TRUE,TRUE
5554,36.6018921560492,22.2583740066234,814.69860495944,7683,6260,9273,9273,9273,9273,9273,9273,TRUE,TRUE
5555,26.9801822173595,33.754869260788,910.712523379208,1076,5940,9273,9273,9273,9273,9273,9273,TRUE,TRUE
5556,21.5067873080351,56.8638760204791,1222.95928708292,1378,5004,9273,9273,9273,9273,9273,9273,TRUE,TRUE
5557,35.3750285965497,100.322362618368,3548.90644649821,4608,1891,9273,9273,9273,9273,9273,9273,TRUE,TRUE
5558,21.2965062432979,57.1690248092973,1217.50049377445,162,5020,9273,9273,9273,9273,9273,9273,TRUE,TRUE
5559,11.3971179990058,36.3292052492182,414.048239035442,2427,7852,9273,9273,9273,9273,9273,9273,TRUE,TRUE
5560,38.2288344883528,76.5270586248304,2925.54025804911,3770,2335,9273,9273,9273,9273,9273,9273,TRUE,TRUE
5561,18.3853892986591,3.75969010866605,69.1233662901433,3889,9158,9273,9273,9273,9273,9273,9273,TRUE,TRUE
5562,37.2671251457411,45.5322878190899,1696.85746832592,8012,3892,9273,9273,9273,9273,9273,9273,TRUE,TRUE
5563,33.8419253873095,49.653467704222,1680.36894926746,1251,3920,9273,9273,9273,9273,9273,9273,TRUE,TRUE
5564,23.8034355553318,28.2458880829485,672.349176685578,3412,6802,9273,9273,9273,9273,9273,9273,TRUE,TRUE
5565,35.1533175119212,38.0288884561386,1336.84159052408,350,4703,9273,9273,9273,9273,9273,9273,TRUE,TRUE
5566,21.6140472386734,52.5718211281855,1136.28982528769,6612,5264,9273,9273,9273,9273,9273,9273,TRUE,TRUE
5567,26.7792820015124,28.0586203592164,751.389707172833,2121,6505,9273,9273,9273,9273,9273,9273,TRUE,TRUE
5568,66.4210402722812,81.640186410504,5422.62610940863,5620,1086,9273,9273,9273,9273,9273,9273,TRUE,TRUE
5569,31.8120706019194,48.8537273904552,1554.13822491208,865,4156,9273,9273,9273,9273,9273,9273,TRUE,TRUE
5570,10.7262337388414,25.0319131757274,268.498151653236,1295,8484,9273,9273,9273,9273,9273,9273,TRUE,TRUE
5571,12.741913561853,73.7203611335499,939.338469312279,4164,5841,9273,9273,9273,9273,9273,9273,TRUE,TRUE
5572,22.0808096899647,30.4835004247881,673.100371563704,4338,6798,9273,9273,9273,9273,9273,9273,TRUE,TRUE
5573,35.8265703052282,141.774889448285,5079.30804433495,5406,1175,9273,9273,9273,9273,9273,9273,TRUE,TRUE
5574,33.7918569771182,57.8539745667402,1954.99323411712,7470,3424,9273,9273,9273,9273,9273,9273,TRUE,TRUE
5575,12.4502188947241,25.9523380085573,323.112289036407,3806,8282,9273,9273,9273,9273,9273,9273,TRUE,TRUE
5576,19.6021819948231,41.9405303945272,822.12590975293,3056,6236,9273,9273,9273,9273,9273,9273,TRUE,TRUE
5577,46.5593122053146,43.9628009700775,2046.87777578595,1588,3306,9273,9273,9273,9273,9273,9273,TRUE,TRUE
5578,52.480299848418,63.9603692792647,3356.65935819136,3910,2025,9273,9273,9273,9273,9273,9273,TRUE,TRUE
5579,12.9476861407958,35.2705848188285,456.672462236509,2017,7668,9273,9273,9273,9273,9273,9273,TRUE,TRUE
5580,31.3973010526577,51.7728315944403,1625.52717991919,2168,4021,9273,9273,9273,9273,9273,9273,TRUE,TRUE
5581,78.1114143294131,122.568208881087,9573.97614752464,5112,449,9273,9273,9273,9273,9273,9273,TRUE,TRUE
5582,35.2482794026035,28.0145796136041,987.465729566797,64,5681,9273,9273,9273,9273,9273,9273,TRUE,TRUE
5583,30.3979959012717,79.6576526845034,2421.43299980846,438,2841,9273,9273,9273,9273,9273,9273,TRUE,TRUE
5584,70.2045066835674,27.2229884726816,1911.17647617705,2140,3502,9273,9273,9273,9273,9273,9273,TRUE,TRUE
5585,11.6579383294794,31.3314921443472,365.260603189367,1589,8090,9273,9273,9273,9273,9273,9273,TRUE,TRUE
5586,21.1658390402794,24.8197631716728,525.331112309481,7872,7405,9273,9273,9273,9273,9273,9273,TRUE,TRUE
5587,33.4201041365663,34.9757157464822,1168.89206249838,3848,5177,9273,9273,9273,9273,9273,9273,TRUE,TRUE
5588,0.80351066178289,2.67729376102316,2.15123408170692,6784,9255,9273,9273,9273,9273,9273,9273,TRUE,TRUE
5589,20.6325549001182,60.4658025283636,1247.56399024617,7538,4929,9273,9273,9273,9273,9273,9273,TRUE,TRUE
5590,32.2826052280183,28.0451246423924,905.369687400921,8966,5955,9273,9273,9273,9273,9273,9273,TRUE,TRUE
5591,9.04419047552308,31.1739444891259,281.943091833038,4614,8435,9273,9273,9273,9273,9273,9273,TRUE,TRUE
5592,16.7865092643148,60.553038966899,1016.47414960027,9098,5593,9273,9273,9273,9273,9273,9273,TRUE,TRUE
5593,19.5959957851866,101.795221343464,1994.77872839866,5592,3367,9273,9273,9273,9273,9273,9273,TRUE,TRUE
5594,129.499745507491,202.609711143092,26237.9060303768,1386,63,9273,9273,9273,9273,9273,9273,TRUE,TRUE
5595,40.325944753202,48.6257612805804,1960.87976298307,6432,3417,9273,9273,9273,9273,9273,9273,TRUE,TRUE
5596,12.1216660491144,28.2974940887605,343.012773370743,5364,8177,9273,9273,9273,9273,9273,9273,TRUE,TRUE
5597,57.2224635682016,82.2474361995481,4706.40092150663,8098,1314,9273,9273,9273,9273,9273,9273,TRUE,TRUE
5598,25.7841001775024,41.4373769331368,1068.42547793693,2421,5451,9273,9273,9273,9273,9273,9273,TRUE,TRUE
5599,38.1983592748642,42.0663148641586,1606.86420855069,8275,4059,9273,9273,9273,9273,9273,9273,TRUE,TRUE
5600,16.8853851090307,42.2477425462711,713.369402880968,2499,6654,9273,9273,9273,9273,9273,9273,TRUE,TRUE
5601,116.384701713084,108.755853426338,12657.5175605762,8390,273,9273,9273,9273,9273,9273,9273,TRUE,TRUE
5602,41.9922957853837,141.000780167518,5920.94646676427,3711,952,9273,9273,9273,9273,9273,9273,TRUE,TRUE
5603,20.7454634421258,31.7161132672394,657.965468311836,7421,6863,9273,9273,9273,9273,9273,9273,TRUE,TRUE
5604,24.8876291682363,77.0075332857819,1916.53493157715,4844,3493,9273,9273,9273,9273,9273,9273,TRUE,TRUE
5605,16.2583459300556,32.332265144107,525.669151415172,3465,7403,9273,9273,9273,9273,9273,9273,TRUE,TRUE
5606,90.6298569606559,61.460115159039,5570.12144564914,8052,1044,9273,9273,9273,9273,9273,9273,TRUE,TRUE
5607,17.7927117431373,38.3182390238109,681.785381455303,3870,6762,9273,9273,9273,9273,9273,9273,TRUE,TRUE
5608,54.8354303035933,122.867194207756,6737.47546457746,3634,778,9273,9273,9273,9273,9273,9273,TRUE,TRUE
5609,19.9553905479492,6.02059595168583,120.143343547292,4922,9024,9273,9273,9273,9273,9273,9273,TRUE,TRUE
5610,60.775317824146,95.3610719577126,5795.59945628124,2152,978,9273,9273,9273,9273,9273,9273,TRUE,TRUE
5611,58.612578058168,40.366215945413,2365.96798301338,9052,2914,9273,9273,9273,9273,9273,9273,TRUE,TRUE
5612,47.914844392614,52.1231678469797,2497.47347663813,5728,2747,9273,9273,9273,9273,9273,9273,TRUE,TRUE
5613,62.4266351095521,105.473027987055,6584.32623204747,4076,801,9273,9273,9273,9273,9273,9273,TRUE,TRUE
5614,33.6986362665796,58.287274265596,1964.20165444668,3834,3411,9273,9273,9273,9273,9273,9273,TRUE,TRUE
5615,43.8459623701432,11.7173260695794,513.757437925477,5987,7448,9273,9273,9273,9273,9273,9273,TRUE,TRUE
5616,20.097774674136,33.3690573795732,670.643796302978,328,6814,9273,9273,9273,9273,9273,9273,TRUE,TRUE
5617,43.8998739659032,48.2700428479835,2119.04879735522,2657,3211,9273,9273,9273,9273,9273,9273,TRUE,TRUE
5618,22.7578244858679,56.984182016395,1296.83601279986,850,4798,9273,9273,9273,9273,9273,9273,TRUE,TRUE
5619,44.7642739530298,122.021572560728,5462.20710228791,8802,1073,9273,9273,9273,9273,9273,9273,TRUE,TRUE
5620,22.5805847525597,45.4392650604248,1026.04517579095,3409,5568,9273,9273,9273,9273,9273,9273,TRUE,TRUE
5621,22.9810842880979,22.4531362019479,515.997415589108,962,7441,9273,9273,9273,9273,9273,9273,TRUE,TRUE
5622,67.9726020320769,87.9716102769298,5979.65925547472,344,937,9273,9273,9273,9273,9273,9273,TRUE,TRUE
5623,4.59696418898446,10.9098141533988,50.1520249716501,4280,9196,9273,9273,9273,9273,9273,9273,TRUE,TRUE
5624,19.7829983201745,34.3135357654258,678.824620406668,8765,6774,9273,9273,9273,9273,9273,9273,TRUE,TRUE
5625,79.5858242722273,99.5825002703972,7925.35536710886,7524,607,9273,9273,9273,9273,9273,9273,TRUE,TRUE
5626,17.6982936382294,44.8028551340103,792.934085992767,345,6335,9273,9273,9273,9273,9273,9273,TRUE,TRUE
5627,20.8457327014052,18.0290764583631,375.829308704233,4208,8034,9273,9273,9273,9273,9273,9273,TRUE,TRUE
5628,34.0373133504391,58.1546097397804,1979.4266744854,8083,3388,9273,9273,9273,9273,9273,9273,TRUE,TRUE
5629,35.4292923879821,55.7606275249814,1975.55957631993,5193,3397,9273,9273,9273,9273,9273,9273,TRUE,TRUE
5630,34.4601656031386,75.5596042169589,2603.79647422401,6320,2636,9273,9273,9273,9273,9273,9273,TRUE,TRUE
5631,8.13921191306088,23.2376335186665,189.136023566473,4259,8791,9273,9273,9273,9273,9273,9273,TRUE,TRUE
5632,62.546198088153,95.4041329505812,5967.16579795554,2117,942,9273,9273,9273,9273,9273,9273,TRUE,TRUE
5633,95.6344121567454,44.9774547653858,4301.39244679428,1713,1480,9273,9273,9273,9273,9273,9273,TRUE,TRUE
5634,13.6341821023788,27.3141890997174,372.406628164356,432,8047,9273,9273,9273,9273,9273,9273,TRUE,TRUE
5635,138.837383496432,170.978879442328,23738.2602549246,9070,74,9273,9273,9273,9273,9273,9273,TRUE,TRUE
5636,67.0727760651532,31.7453454971314,2129.24844964001,1767,3203,9273,9273,9273,9273,9273,9273,TRUE,TRUE
5637,14.8038368858942,67.154582912166,994.145491571964,5145,5649,9273,9273,9273,9273,9273,9273,TRUE,TRUE
5638,33.913623061628,29.197243411238,990.184307487327,2682,5668,9273,9273,9273,9273,9273,9273,TRUE,TRUE
5639,32.0355495110086,48.1790328465299,1543.44179214752,4153,4188,9273,9273,9273,9273,9273,9273,TRUE,TRUE
5640,36.4586539495559,68.0649443959433,2481.55625382746,6134,2770,9273,9273,9273,9273,9273,9273,TRUE,TRUE
5641,58.2219893912307,141.256784467136,8224.25100668497,3319,572,9273,9273,9273,9273,9273,9273,TRUE,TRUE
5642,12.9963587402204,47.7751130678603,620.902508284503,2364,7006,9273,9273,9273,9273,9273,9273,TRUE,TRUE
5643,32.4364110937616,54.4473089968424,1766.07529757064,5854,3762,9273,9273,9273,9273,9273,9273,TRUE,TRUE
5644,18.6841609325092,44.6360283283043,833.986736674077,2452,6198,9273,9273,9273,9273,9273,9273,TRUE,TRUE
5645,22.5843499975097,35.9353129863739,811.575685754323,868,6271,9273,9273,9273,9273,9273,9273,TRUE,TRUE
5646,30.1974926260521,14.7135317013456,444.311765054568,3631,7712,9273,9273,9273,9273,9273,9273,TRUE,TRUE
5647,8.03203690211831,34.5808066759289,277.75431532608,4852,8449,9273,9273,9273,9273,9273,9273,TRUE,TRUE
5648,16.3128205670251,37.1059136523141,605.302111385726,2649,7074,9273,9273,9273,9273,9273,9273,TRUE,TRUE
5649,29.2850343339584,122.039967368631,3573.94463450551,5637,1875,9273,9273,9273,9273,9273,9273,TRUE,TRUE
5650,34.6960479056657,48.9176242173608,1697.2482332769,6416,3891,9273,9273,9273,9273,9273,9273,TRUE,TRUE
5651,19.0322476314462,32.3736210491346,616.142772533729,2490,7032,9273,9273,9273,9273,9273,9273,TRUE,TRUE
5652,27.9524707689703,71.6423842992441,2002.58165294396,5771,3357,9273,9273,9273,9273,9273,9273,TRUE,TRUE
5653,12.4981427356224,27.0552286430386,338.140109325597,8660,8211,9273,9273,9273,9273,9273,9273,TRUE,TRUE
5654,20.5223983557193,58.6483793521856,1203.6054039829,8728,5066,9273,9273,9273,9273,9273,9273,TRUE,TRUE
5655,18.8790915473452,38.6045151499082,728.818175655993,5843,6579,9273,9273,9273,9273,9273,9273,TRUE,TRUE
5656,15.3877662165156,47.3762057374888,729.01397811402,7025,6578,9273,9273,9273,9273,9273,9273,TRUE,TRUE
5657,41.4594928003362,59.7293919183285,2476.3502942064,7444,2775,9273,9273,9273,9273,9273,9273,TRUE,TRUE
5658,35.0359764695168,9.8006197810173,343.374284034403,6158,8175,9273,9273,9273,9273,9273,9273,TRUE,TRUE
5659,41.8840106637797,33.8438025751422,1417.51418796011,433,4491,9273,9273,9273,9273,9273,9273,TRUE,TRUE
5660,60.7818297899797,114.175321863206,6939.78497970555,3474,744,9273,9273,9273,9273,9273,9273,TRUE,TRUE
5661,41.859410263422,53.9189766523406,2257.0165646742,6224,3033,9273,9273,9273,9273,9273,9273,TRUE,TRUE
5662,49.1713190654626,42.1195148730624,2071.07210470585,7219,3274,9273,9273,9273,9273,9273,9273,TRUE,TRUE
5663,38.7587152576447,20.9504217624664,812.011431618998,6704,6268,9273,9273,9273,9273,9273,9273,TRUE,TRUE
5664,50.7750725025084,89.9575439639208,4567.60081691566,2162,1363,9273,9273,9273,9273,9273,9273,TRUE,TRUE
5665,33.3825216141557,54.0724125338486,1805.07348014074,375,3701,9273,9273,9273,9273,9273,9273,TRUE,TRUE
5666,22.8172760699763,24.1011366043288,549.92228750118,1806,7293,9273,9273,9273,9273,9273,9273,TRUE,TRUE
5667,38.4765228022326,34.377301632821,1322.71903015447,5196,4741,9273,9273,9273,9273,9273,9273,TRUE,TRUE
5668,60.2629834365845,83.5979726791382,5037.86324289495,5638,1190,9273,9273,9273,9273,9273,9273,TRUE,TRUE
5669,36.6838505462516,81.5799628777566,2992.66716577637,6480,2280,9273,9273,9273,9273,9273,9273,TRUE,TRUE
5670,25.1095462350656,38.3528408467375,963.022430487267,6519,5759,9273,9273,9273,9273,9273,9273,TRUE,TRUE
5671,63.0804968968006,76.4917797260888,4825.1394736423,5356,1268,9273,9273,9273,9273,9273,9273,TRUE,TRUE
5672,0.0739740000830756,3.90328038533529,0.28874126354906,2323,9260,9273,9273,9273,9273,9273,9273,TRUE,TRUE
5673,26.720637276366,41.211485785407,1101.19716329197,1809,5369,9273,9273,9273,9273,9273,9273,TRUE,TRUE
5674,70.6231327171097,28.1847131209459,1990.49273533423,1233,3373,9273,9273,9273,9273,9273,9273,TRUE,TRUE
5675,41.7594380197402,44.2393407543886,1847.41000826706,7513,3616,9273,9273,9273,9273,9273,9273,TRUE,TRUE
5676,152.608023405945,149.438836043769,22805.5653887246,4064,88,9273,9273,9273,9273,9273,9273,TRUE,TRUE
5677,84.3979638138333,90.9197899747539,7673.4451442506,3625,642,9273,9273,9273,9273,9273,9273,TRUE,TRUE
5678,65.6668122816086,42.4863426876068,2789.94268979917,1450,2448,9273,9273,9273,9273,9273,9273,TRUE,TRUE
5679,64.0506341012728,65.997776609525,4227.19944111423,4066,1520,9273,9273,9273,9273,9273,9273,TRUE,TRUE
5680,13.4336912610796,45.0517615678575,605.211455670369,5337,7075,9273,9273,9273,9273,9273,9273,TRUE,TRUE
5681,89.4135112580799,17.2374718847729,1541.26288642998,5582,4195,9273,9273,9273,9273,9273,9273,TRUE,TRUE
5682,53.2946078050137,84.7181643295288,4515.02134190294,3496,1388,9273,9273,9273,9273,9273,9273,TRUE,TRUE
5683,27.9373180442881,83.7673967664487,2340.23640520635,1770,2944,9273,9273,9273,9273,9273,9273,TRUE,TRUE
5684,13.6817701007045,16.2919524436773,222.902747826003,7129,8665,9273,9273,9273,9273,9273,9273,TRUE,TRUE
5685,80.3704351476137,53.1351380175439,4270.49416409851,3928,1495,9273,9273,9273,9273,9273,9273,TRUE,TRUE
5686,17.1572114934203,33.6495918971236,577.333164846233,2179,7179,9273,9273,9273,9273,9273,9273,TRUE,TRUE
5687,39.108175295833,97.6751824552949,3819.89815751414,2890,1727,9273,9273,9273,9273,9273,9273,TRUE,TRUE
5688,41.2325124832743,8.10416605852652,334.155128174723,1922,8227,9273,9273,9273,9273,9273,9273,TRUE,TRUE
5689,67.8096017625597,27.5775131649441,1870.02018531661,6934,3586,9273,9273,9273,9273,9273,9273,TRUE,TRUE
5690,59.3756252051381,29.9398244496726,1777.69579523139,7178,3740,9273,9273,9273,9273,9273,9273,TRUE,TRUE
5691,45.4774160528183,38.5024560451508,1750.99221262067,5255,3785,9273,9273,9273,9273,9273,9273,TRUE,TRUE
5692,90.4044372767618,95.7291468528852,8654.33965221958,7510,528,9273,9273,9273,9273,9273,9273,TRUE,TRUE
5693,11.2810562735512,14.4251672086262,162.731123035897,3488,8893,9273,9273,9273,9273,9273,9273,TRUE,TRUE
5694,4.93160989549425,0,0,989,9268,9273,9273,9273,9273,9273,9273,TRUE,TRUE
5695,15.0001040117456,23.3776369182342,350.666985322337,2385,8142,9273,9273,9273,9273,9273,9273,TRUE,TRUE
5696,31.0836320572499,31.6269595523155,983.080773813699,5696,5696,9273,9273,9273,9273,9273,9273,TRUE,TRUE
5697,45.4436271013307,166.169847689384,7551.3605938813,3872,661,9273,9273,9273,9273,9273,9273,TRUE,TRUE
5698,58.6053867083494,85.5350389908248,5012.81403717103,1554,1200,9273,9273,9273,9273,9273,9273,TRUE,TRUE
5699,15.8341966228646,20.4723550659695,324.163295447659,5096,8272,9273,9273,9273,9273,9273,9273,TRUE,TRUE
5700,38.9356384354878,69.7664957395414,2716.40305302579,1579,2518,9273,9273,9273,9273,9273,9273,TRUE,TRUE
5701,46.9877691864967,82.2918859888346,3866.71214476486,6039,1705,9273,9273,9273,9273,9273,9273,TRUE,TRUE
5702,25.8878116954942,116.58495386909,3018.12933229089,2259,2251,9273,9273,9273,9273,9273,9273,TRUE,TRUE
5703,49.2833693885803,60.5093165659905,2982.10299977225,6958,2290,9273,9273,9273,9273,9273,9273,TRUE,TRUE
5704,36.8658719237508,69.6752623031879,2568.63929632307,4263,2666,9273,9273,9273,9273,9273,9273,TRUE,TRUE
5705,54.2182874591444,149.250547851625,8092.10910685419,8891,588,9273,9273,9273,9273,9273,9273,TRUE,TRUE
5706,18.7082673170233,83.0746851172498,1554.18341645105,5472,4155,9273,9273,9273,9273,9273,9273,TRUE,TRUE
5707,26.4492917198401,31.3062069645295,828.027000646531,2243,6219,9273,9273,9273,9273,9273,9273,TRUE,TRUE
5708,4.764085844807,5.92134341986283,28.2097883688096,5421,9219,9273,9273,9273,9273,9273,9273,TRUE,TRUE
5709,0,9.61677794986301,0,244,9269,9273,9273,9273,9273,9273,9273,TRUE,TRUE
5710,7.44580038462844,7.25621112039156,54.0282995511566,3798,9192,9273,9273,9273,9273,9273,9273,TRUE,TRUE
5711,93.5120541643741,61.7102926624355,5770.65622994904,4270,988,9273,9273,9273,9273,9273,9273,TRUE,TRUE
5712,20.8198119009796,90.9723256606805,1894.02670845003,6562,3542,9273,9273,9273,9273,9273,9273,TRUE,TRUE
5713,44.561046990551,142.390818419564,6345.0839506172,8243,846,9273,9273,9273,9273,9273,9273,TRUE,TRUE
5714,36.1821885713389,40.4788956765278,1464.61503652768,6147,4387,9273,9273,9273,9273,9273,9273,TRUE,TRUE
5715,21.8634498384264,80.3283571313929,1756.25500674541,8676,3777,9273,9273,9273,9273,9273,9273,TRUE,TRUE
5716,62.1833608130277,96.2674745689004,5986.2351056769,1960,935,9273,9273,9273,9273,9273,9273,TRUE,TRUE
5717,30.6574381153472,49.6426613547585,1521.91681836465,7934,4247,9273,9273,9273,9273,9273,9273,TRUE,TRUE
5718,36.5196819016125,82.0668255933658,2997.05436534483,5936,2271,9273,9273,9273,9273,9273,9273,TRUE,TRUE
5719,26.235212632945,61.1108402796012,1603.25588891328,2461,4065,9273,9273,9273,9273,9273,9273,TRUE,TRUE
5720,169.825061332246,236.363025912858,40140.3653723262,3158,26,9273,9273,9273,9273,9273,9273,TRUE,TRUE
5721,44.6831690225846,33.5172958740821,1497.65899672159,1647,4304,9273,9273,9273,9273,9273,9273,TRUE,TRUE
5722,40.2191454520592,79.8540618603046,3211.66212889733,768,2106,9273,9273,9273,9273,9273,9273,TRUE,TRUE
5723,134.382133647764,148.654319954374,19976.4846914261,1100,116,9273,9273,9273,9273,9273,9273,TRUE,TRUE
5724,5.35783428209169,30.7656061581203,164.837019383308,988,8884,9273,9273,9273,9273,9273,9273,TRUE,TRUE
5725,37.8543221539465,64.7523153239283,2451.15500448591,6691,2800,9273,9273,9273,9273,9273,9273,TRUE,TRUE
5726,28.2870425340058,66.7025384004565,1886.81754085987,6027,3560,9273,9273,9273,9273,9273,9273,TRUE,TRUE
5727,18.4370313090057,33.5820835940356,619.15392664488,1312,7021,9273,9273,9273,9273,9273,9273,TRUE,TRUE
5728,39.2679059240553,25.739025440481,1010.71762957367,6581,5612,9273,9273,9273,9273,9273,9273,TRUE,TRUE
5729,47.7989861145903,84.3395537041329,4031.34515641459,8512,1618,9273,9273,9273,9273,9273,9273,TRUE,TRUE
5730,66.8510547837058,29.1766922552507,1950.49265236309,2282,3433,9273,9273,9273,9273,9273,9273,TRUE,TRUE
5731,32.8715603235291,71.7242704717125,2357.68868347201,208,2924,9273,9273,9273,9273,9273,9273,TRUE,TRUE
5732,26.2827400959144,46.4898634765108,1221.88099884768,9118,5005,9273,9273,9273,9273,9273,9273,TRUE,TRUE
5733,21.7816645431519,55.9781177520752,1219.29658263276,7434,5014,9273,9273,9273,9273,9273,9273,TRUE,TRUE
5734,15.788389972612,29.6156941831502,467.58412907319,7619,7634,9273,9273,9273,9273,9273,9273,TRUE,TRUE
5735,46.4691859459636,56.8135475582547,2640.07930573438,6681,2598,9273,9273,9273,9273,9273,9273,TRUE,TRUE
5736,79.1168962369125,105.917165518948,8379.83739407048,4398,560,9273,9273,9273,9273,9273,9273,TRUE,TRUE
5737,48.9362465554095,36.0936014337743,1766.28537883586,5422,3761,9273,9273,9273,9273,9273,9273,TRUE,TRUE
5738,42.4660748411232,93.3362661331472,3963.62486300123,1679,1651,9273,9273,9273,9273,9273,9273,TRUE,TRUE
5739,22.961731893559,55.4630589779109,1273.52789024744,5086,4861,9273,9273,9273,9273,9273,9273,TRUE,TRUE
5740,56.6325830395814,79.941027635222,4527.26688582118,4590,1382,9273,9273,9273,9273,9273,9273,TRUE,TRUE
5741,43.0327120694247,130.752120468833,5626.61835260203,8715,1028,9273,9273,9273,9273,9273,9273,TRUE,TRUE
5742,76.1193643569946,11.2007228374481,852.591902725424,2280,6138,9273,9273,9273,9273,9273,9273,TRUE,TRUE
5743,20.1616345667839,26.1180360984802,526.582299419629,7477,7400,9273,9273,9273,9273,9273,9273,TRUE,TRUE
5744,36.951395458007,14.2104807819229,525.097095021239,6042,7406,9273,9273,9273,9273,9273,9273,TRUE,TRUE
5745,32.1010597205162,26.3725939750671,846.588214178556,2686,6156,9273,9273,9273,9273,9273,9273,TRUE,TRUE
5746,66.7370956859318,79.9396223253549,5334.93822422445,1150,1109,9273,9273,9273,9273,9273,9273,TRUE,TRUE
5747,20.4017126533118,6.10369763591073,124.525885290549,3930,9015,9273,9273,9273,9273,9273,9273,TRUE,TRUE
5748,20.7701979551501,55.1138216777913,1144.72498631256,5293,5240,9273,9273,9273,9273,9273,9273,TRUE,TRUE
5749,15.2095058349648,28.066078104154,426.871178689708,5284,7794,9273,9273,9273,9273,9273,9273,TRUE,TRUE
5750,21.9984069828383,19.9425288579349,438.703866083851,7293,7744,9273,9273,9273,9273,9273,9273,TRUE,TRUE
5751,43.5036497348692,94.1314075326179,4095.05978234924,1222,1585,9273,9273,9273,9273,9273,9273,TRUE,TRUE
5752,41.8732205441124,100.761715524238,4219.21753654955,5133,1527,9273,9273,9273,9273,9273,9273,TRUE,TRUE
5753,45.3594534936499,52.6984582244373,2390.37326501841,6611,2885,9273,9273,9273,9273,9273,9273,TRUE,TRUE
5754,25.7168791955259,57.5865638075756,1480.94670472487,5824,4344,9273,9273,9273,9273,9273,9273,TRUE,TRUE
5755,16.1125491561996,35.0571873991602,564.86065524707,4062,7227,9273,9273,9273,9273,9273,9273,TRUE,TRUE
5756,23.8578900445934,59.66972069708,1423.59363538253,3947,4475,9273,9273,9273,9273,9273,9273,TRUE,TRUE
5757,35.5253620887185,84.7268422529659,3009.95174967035,5137,2261,9273,9273,9273,9273,9273,9273,TRUE,TRUE
5758,13.0804597974694,50.1690907443527,656.234774557098,1727,6865,9273,9273,9273,9273,9273,9273,TRUE,TRUE
5759,22.059338449718,49.6929292107771,1096.19314401841,5670,5380,9273,9273,9273,9273,9273,9273,TRUE,TRUE
5760,15.0085221476025,49.8940991295709,748.836691820839,8983,6519,9273,9273,9273,9273,9273,9273,TRUE,TRUE
5761,36.0290814614296,66.8988194465637,2410.30301551372,7332,2860,9273,9273,9273,9273,9273,9273,TRUE,TRUE
5762,27.9827158791678,28.7291109261393,803.918548507251,2713,6300,9273,9273,9273,9273,9273,9273,TRUE,TRUE
5763,15.0855732639401,24.9558716068378,376.473629490434,2231,8031,9273,9273,9273,9273,9273,9273,TRUE,TRUE
5764,68.5736559563303,105.227991518374,7215.86808735663,6092,703,9273,9273,9273,9273,9273,9273,TRUE,TRUE
5765,16.8833517400091,21.9502307983216,370.593467342443,4218,8058,9273,9273,9273,9273,9273,9273,TRUE,TRUE
5766,17.4724131694862,26.1289389150483,456.53561640399,6542,7669,9273,9273,9273,9273,9273,9273,TRUE,TRUE
5767,29.8170433302183,54.3523620270394,1620.62673365995,8935,4033,9273,9273,9273,9273,9273,9273,TRUE,TRUE
5768,10.4361898321854,33.5485748742756,350.119295987227,3660,8145,9273,9273,9273,9273,9273,9273,TRUE,TRUE
5769,16.0260690821364,37.3015456018299,597.797146685386,1125,7098,9273,9273,9273,9273,9273,9273,TRUE,TRUE
5770,19.7529147449604,23.2366459527292,458.991486463088,8763,7660,9273,9273,9273,9273,9273,9273,TRUE,TRUE
5771,21.8665734892306,45.4337348367857,993.480101698791,4147,5652,9273,9273,9273,9273,9273,9273,TRUE,TRUE
5772,64.4984210133553,100.917051166785,6508.99045358159,3304,814,9273,9273,9273,9273,9273,9273,TRUE,TRUE
5773,67.27092181138,116.792327568179,7856.72753600807,3886,618,9273,9273,9273,9273,9273,9273,TRUE,TRUE
5774,9.38730488061905,34.1876533889771,320.929925515257,3715,8288,9273,9273,9273,9273,9273,9273,TRUE,TRUE
5775,39.4317244462462,118.143499028473,4658.60189880609,7458,1330,9273,9273,9273,9273,9273,9273,TRUE,TRUE
5776,29.3725688176726,54.6963879040309,1606.57341778926,3179,4061,9273,9273,9273,9273,9273,9273,TRUE,TRUE
5777,33.392244079509,43.9726184349599,1468.3444075953,1468,4374,9273,9273,9273,9273,9273,9273,TRUE,TRUE
5778,24.7443256795406,14.8918613672256,368.489067645201,9206,8070,9273,9273,9273,9273,9273,9273,TRUE,TRUE
5779,56.5576404280677,128.199103247735,7250.63878468611,4674,698,9273,9273,9273,9273,9273,9273,TRUE,TRUE
5780,51.8368933258585,82.0234931959,4251.84306701015,8877,1511,9273,9273,9273,9273,9273,9273,TRUE,TRUE
5781,70.4898265904569,333.164335349773,23484.6962249303,6769,80,9273,9273,9273,9273,9273,9273,TRUE,TRUE
5782,28.5588488044635,50.4950555426176,1442.0806566146,7331,4428,9273,9273,9273,9273,9273,9273,TRUE,TRUE
5783,41.3440979886055,14.3827346992493,594.641192749878,7688,7112,9273,9273,9273,9273,9273,9273,TRUE,TRUE
5784,25.4120199845705,34.1819031390152,868.631205679308,8759,6091,9273,9273,9273,9273,9273,9273,TRUE,TRUE
5785,30.45266790951,68.3656097237581,2081.91520934877,3786,3262,9273,9273,9273,9273,9273,9273,TRUE,TRUE
5786,50.2434109151363,33.6306866489608,1689.72040866193,2933,3904,9273,9273,9273,9273,9273,9273,TRUE,TRUE
5787,14.4402169339154,26.8924576098766,388.332921772741,6371,7980,9273,9273,9273,9273,9273,9273,TRUE,TRUE
5788,48.9045747719802,170.776722270173,8351.76298357537,1010,564,9273,9273,9273,9273,9273,9273,TRUE,TRUE
5789,24.3778169967912,51.4715973608422,1254.76518099513,8296,4908,9273,9273,9273,9273,9273,9273,TRUE,TRUE
5790,48.2596562973997,81.7459869848559,3945.03323558085,3866,1661,9273,9273,9273,9273,9273,9273,TRUE,TRUE
5791,15.6365955780292,8.54390990597078,133.597663854783,885,8990,9273,9273,9273,9273,9273,9273,TRUE,TRUE
5792,13.2988045588321,61.4422294981131,817.108201754312,983,6254,9273,9273,9273,9273,9273,9273,TRUE,TRUE
5793,40.3182543231595,42.0765929068289,1696.45477386957,1663,3894,9273,9273,9273,9273,9273,9273,TRUE,TRUE
5794,52.5090642460322,151.960347967633,7979.29567428184,9036,602,9273,9273,9273,9273,9273,9273,TRUE,TRUE
5795,26.2996210182569,73.8369391636295,1941.88351715155,76,3444,9273,9273,9273,9273,9273,9273,TRUE,TRUE
5796,25.9023842206311,49.0208706250501,1269.7574257599,4936,4875,9273,9273,9273,9273,9273,9273,TRUE,TRUE
5797,20.4168395996094,23.3178549957275,476.076905254719,450,7604,9273,9273,9273,9273,9273,9273,TRUE,TRUE
5798,24.4114470708938,43.2270014036269,1055.23365679809,8867,5491,9273,9273,9273,9273,9273,9273,TRUE,TRUE
5799,33.2778724503967,46.3782678001332,1543.37008032317,5521,4189,9273,9273,9273,9273,9273,9273,TRUE,TRUE
5800,44.8112230936686,82.3212702726707,3688.91680754284,1002,1794,9273,9273,9273,9273,9273,9273,TRUE,TRUE
5801,13.7372970262044,15.7398106078027,216.222453455588,1421,8687,9273,9273,9273,9273,9273,9273,TRUE,TRUE
5802,14.854474301492,43.7025068806064,649.177765368745,7345,6889,9273,9273,9273,9273,9273,9273,TRUE,TRUE
5803,18.3533744426988,32.5080055509295,596.63159826154,6243,7104,9273,9273,9273,9273,9273,9273,TRUE,TRUE
5804,23.540402469635,77.3613800334931,1821.11802159481,172,3670,9273,9273,9273,9273,9273,9273,TRUE,TRUE
5805,34.2285190766858,60.1313165674927,2058.20591623666,7595,3291,9273,9273,9273,9273,9273,9273,TRUE,TRUE
5806,13.0061849100673,38.9441337316586,506.51460447634,5107,7475,9273,9273,9273,9273,9273,9273,TRUE,TRUE
5807,18.7985909237479,32.2011262622193,605.335799887415,644,7073,9273,9273,9273,9273,9273,9273,TRUE,TRUE
5808,59.8502689673837,198.467993592794,11878.3627979457,4474,298,9273,9273,9273,9273,9273,9273,TRUE,TRUE
5809,5.02687708356164,34.5972433884939,173.916089944024,9039,8851,9273,9273,9273,9273,9273,9273,TRUE,TRUE
5810,25.9689116592867,264.161701661995,6859.99189422718,7984,757,9273,9273,9273,9273,9273,9273,TRUE,TRUE
5811,12.1645231081708,26.9558226708138,327.904727778868,3620,8257,9273,9273,9273,9273,9273,9273,TRUE,TRUE
5812,6.02704899429535,12.3565218537491,74.4733626116267,7016,9141,9273,9273,9273,9273,9273,9273,TRUE,TRUE
5813,19.862033623457,17.0556450843811,338.759796135726,6186,8206,9273,9273,9273,9273,9273,9273,TRUE,TRUE
5814,13.796012364901,99.8458455352166,1377.47451958785,2464,4605,9273,9273,9273,9273,9273,9273,TRUE,TRUE
5815,17.5939432676479,35.6950530741684,628.016738722599,1675,6971,9273,9273,9273,9273,9273,9273,TRUE,TRUE
5816,17.1113667354249,45.2583871807968,774.432860904468,6739,6411,9273,9273,9273,9273,9273,9273,TRUE,TRUE
5817,10.2195178747177,6.0331169128418,61.6555461310485,8430,9177,9273,9273,9273,9273,9273,9273,TRUE,TRUE
5818,19.8473866390732,38.5204668944737,764.530599972239,676,6458,9273,9273,9273,9273,9273,9273,TRUE,TRUE
5819,17.8512203588718,64.7952729667105,1156.674695942,6338,5210,9273,9273,9273,9273,9273,9273,TRUE,TRUE
5820,16.8675302220629,12.1164789881025,204.37507551681,203,8739,9273,9273,9273,9273,9273,9273,TRUE,TRUE
5821,43.656863772804,6.14843105357853,268.421216922555,2804,8485,9273,9273,9273,9273,9273,9273,TRUE,TRUE
5822,82.0584125594487,160.293025145455,13153.3911877878,7277,257,9273,9273,9273,9273,9273,9273,TRUE,TRUE
5823,48.2863842786014,51.9193714966267,2506.99872358958,2976,2731,9273,9273,9273,9273,9273,9273,TRUE,TRUE
5824,40.8576348411592,23.5971389271906,964.123285583257,6558,5754,9273,9273,9273,9273,9273,9273,TRUE,TRUE
5825,12.8437440335751,18.0738831520081,232.136328897136,5500,8623,9273,9273,9273,9273,9273,9273,TRUE,TRUE
5826,24.7628260413806,50.6577206134796,1254.42832320445,1843,4909,9273,9273,9273,9273,9273,9273,TRUE,TRUE
5827,0.246579991446601,0,0,8953,9270,9273,9273,9273,9273,9273,9273,TRUE,TRUE
5828,14.2307712450624,34.2173347274462,486.939063122015,8807,7549,9273,9273,9273,9273,9273,9273,TRUE,TRUE
5829,23.4575700048815,32.82505622663,769.996054350343,5999,6433,9273,9273,9273,9273,9273,9273,TRUE,TRUE
5830,79.4324457631309,70.5919180029243,5607.28869808266,9158,1031,9273,9273,9273,9273,9273,9273,TRUE,TRUE
5831,22.2395213361646,51.4131082706764,1143.40291834425,920,5244,9273,9273,9273,9273,9273,9273,TRUE,TRUE
5832,35.2672547612871,79.4420144107485,2801.70176097371,6570,2434,9273,9273,9273,9273,9273,9273,TRUE,TRUE
5833,19.7874182408695,44.2156872599798,874.914296620705,5879,6071,9273,9273,9273,9273,9273,9273,TRUE,TRUE
5834,60.68478851587,45.5522196225717,2764.32681422423,9000,2476,9273,9273,9273,9273,9273,9273,TRUE,TRUE
5835,27.4596200026427,15.4024696053234,422.945962464435,9225,7813,9273,9273,9273,9273,9273,9273,TRUE,TRUE
5836,58.757119433418,50.8123551987853,2985.58762310828,3322,2284,9273,9273,9273,9273,9273,9273,TRUE,TRUE
5837,54.9498857394509,71.4985920906067,3928.83946591044,1362,1668,9273,9273,9273,9273,9273,9273,TRUE,TRUE
5838,53.3604288761105,56.4467966152089,3012.02527607013,8852,2258,9273,9273,9273,9273,9273,9273,TRUE,TRUE
5839,20.9097831004134,38.6759540759886,808.70581093047,8207,6284,9273,9273,9273,9273,9273,9273,TRUE,TRUE
5840,73.3061756761812,68.832393637664,5045.83954021465,379,1186,9273,9273,9273,9273,9273,9273,TRUE,TRUE
5841,55.0429628302047,66.0266693276419,3634.30350560361,5571,1828,9273,9273,9273,9273,9273,9273,TRUE,TRUE
5842,17.9458234057977,30.3760765515841,545.12370555572,1742,7312,9273,9273,9273,9273,9273,9273,TRUE,TRUE
5843,17.0880120444298,58.1164458608627,993.094526849874,1166,5655,9273,9273,9273,9273,9273,9273,TRUE,TRUE
5844,6.62438020706177,45.6429150676727,302.356023166893,8320,8362,9273,9273,9273,9273,9273,9273,TRUE,TRUE
5845,47.2694345092774,26.8817001724243,1270.68276579844,6876,4872,9273,9273,9273,9273,9273,9273,TRUE,TRUE
5846,25.4310821584753,35.1111768258585,892.915222539161,8651,6006,9273,9273,9273,9273,9273,9273,TRUE,TRUE
5847,17.1257029884266,78.0688244153869,1336.98349959355,3541,4702,9273,9273,9273,9273,9273,9273,TRUE,TRUE
5848,65.5847933243732,267.866462364975,17567.9665727379,4442,151,9273,9273,9273,9273,9273,9273,TRUE,TRUE
5849,36.6547238226224,64.7409643624958,2373.06216871752,1864,2904,9273,9273,9273,9273,9273,9273,TRUE,TRUE
5850,28.4349029044795,61.4052431137581,1746.05212576567,1101,3792,9273,9273,9273,9273,9273,9273,TRUE,TRUE
5851,8.64941417098045,42.5118664264679,367.70273990392,6125,8078,9273,9273,9273,9273,9273,9273,TRUE,TRUE
5852,22.6539366437285,36.3391224489916,823.224177648147,5444,6234,9273,9273,9273,9273,9273,9273,TRUE,TRUE
5853,12.1216540499167,23.2191207914641,281.454149577356,2798,8438,9273,9273,9273,9273,9273,9273,TRUE,TRUE
5854,21.6409524383059,45.9994888305664,995.472749968671,8959,5643,9273,9273,9273,9273,9273,9273,TRUE,TRUE
5855,40.9394437225287,50.5907244286382,2071.15611562819,4696,3272,9273,9273,9273,9273,9273,9273,TRUE,TRUE
5856,20.3302857582482,28.1550538976779,572.400291278671,4170,7194,9273,9273,9273,9273,9273,9273,TRUE,TRUE
5857,65.9577147070825,98.8763499888639,6521.65808384312,3586,810,9273,9273,9273,9273,9273,9273,TRUE,TRUE
5858,45.5860785042367,41.6363251383712,1898.03678638571,5325,3529,9273,9273,9273,9273,9273,9273,TRUE,TRUE
5859,23.2774425653311,45.513373364459,1059.43493444567,3840,5478,9273,9273,9273,9273,9273,9273,TRUE,TRUE
5860,13.65392909199,49.4242876960951,674.835719624596,7763,6791,9273,9273,9273,9273,9273,9273,TRUE,TRUE
5861,65.8260447859764,48.0971811546999,3166.0472007685,6893,2139,9273,9273,9273,9273,9273,9273,TRUE,TRUE
5862,40.4131985661726,83.3707650335212,3369.27928191341,1769,2021,9273,9273,9273,9273,9273,9273,TRUE,TRUE
5863,13.4394400806019,28.0352751910687,376.778401073553,3670,8027,9273,9273,9273,9273,9273,9273,TRUE,TRUE
5864,30.7956529319004,55.2797039628594,1702.37457741842,3873,3883,9273,9273,9273,9273,9273,9273,TRUE,TRUE
5865,33.4312916092953,21.9527119297092,733.907514136966,8385,6561,9273,9273,9273,9273,9273,9273,TRUE,TRUE
5866,75.682661268788,107.769939804077,8156.31584914964,1030,575,9273,9273,9273,9273,9273,9273,TRUE,TRUE
5867,46.5611664391579,122.52533248739,5704.92239895854,2730,1003,9273,9273,9273,9273,9273,9273,TRUE,TRUE
5868,15.669876027398,58.0524639036597,909.674912455345,9064,5942,9273,9273,9273,9273,9273,9273,TRUE,TRUE
5869,19.9307229859488,28.3169631276812,564.377547901141,3100,7232,9273,9273,9273,9273,9273,9273,TRUE,TRUE
5870,24.4395871175372,45.4937142220096,1111.84759202915,8618,5335,9273,9273,9273,9273,9273,9273,TRUE,TRUE
5871,42.5662383301216,49.4653554380986,2105.55410866228,3473,3226,9273,9273,9273,9273,9273,9273,TRUE,TRUE
5872,67.5400136903275,54.0894199489623,3653.20016385479,4238,1813,9273,9273,9273,9273,9273,9273,TRUE,TRUE
5873,36.0013400995731,14.5609293699265,524.212970412585,178,7409,9273,9273,9273,9273,9273,9273,TRUE,TRUE
5874,47.5071392372006,25.3587937485325,1204.72374549899,8023,5062,9273,9273,9273,9273,9273,9273,TRUE,TRUE
5875,52.1850070953369,24.6415774106979,1285.92089201757,8495,4829,9273,9273,9273,9273,9273,9273,TRUE,TRUE
5876,26.5484755061291,58.4549380231787,1551.88949032065,2159,4165,9273,9273,9273,9273,9273,9273,TRUE,TRUE
5877,7.04837694638212,5.48562738257395,38.6647695797767,3342,9209,9273,9273,9273,9273,9273,9273,TRUE,TRUE
5878,53.5697738309257,57.8822952124258,3100.74146334452,7583,2190,9273,9273,9273,9273,9273,9273,TRUE,TRUE
5879,27.0765830790885,34.7345739302234,940.493576738436,1337,5833,9273,9273,9273,9273,9273,9273,TRUE,TRUE
5880,30.5919867157936,11.3534538221359,347.324708505158,4921,8160,9273,9273,9273,9273,9273,9273,TRUE,TRUE
5881,79.7104467023503,17.4490590673504,1390.8722927942,8176,4560,9273,9273,9273,9273,9273,9273,TRUE,TRUE
5882,59.4232435258145,33.2690475646486,1976.95471530602,349,3392,9273,9273,9273,9273,9273,9273,TRUE,TRUE
5883,84.5150071735196,129.079647488582,10909.1673334529,1417,355,9273,9273,9273,9273,9273,9273,TRUE,TRUE
5884,61.0595789671968,118.616995406253,7242.70379785973,3425,700,9273,9273,9273,9273,9273,9273,TRUE,TRUE
5885,27.8449523044082,56.5319064878068,1574.12823983025,224,4123,9273,9273,9273,9273,9273,9273,TRUE,TRUE
5886,22.8537190143879,54.3390998473534,1241.85051940618,4332,4949,9273,9273,9273,9273,9273,9273,TRUE,TRUE
5887,9.67489557764302,18.7085531672386,181.003298301816,7206,8823,9273,9273,9273,9273,9273,9273,TRUE,TRUE
5888,54.6556764232169,202.007215728577,11040.8410180161,6619,342,9273,9273,9273,9273,9273,9273,TRUE,TRUE
5889,42.3974393301517,93.0700396837133,3945.93136094505,3945,1659,9273,9273,9273,9273,9273,9273,TRUE,TRUE
5890,32.6601015495903,67.7396431249731,2212.38362339463,4387,3103,9273,9273,9273,9273,9273,9273,TRUE,TRUE
5891,11.3846003866196,18.6084675717354,211.849967111576,4554,8705,9273,9273,9273,9273,9273,9273,TRUE,TRUE
5892,77.0992586002258,39.5492926242847,3049.22113949573,6516,2227,9273,9273,9273,9273,9273,9273,TRUE,TRUE
5893,39.2464960552363,91.5359707994362,3592.4661168923,3467,1858,9273,9273,9273,9273,9273,9273,TRUE,TRUE
5894,33.7147116528617,73.881813927933,2490.90405297064,4668,2760,9273,9273,9273,9273,9273,9273,TRUE,TRUE
5895,46.8489680716866,27.0304426720268,1266.34834570534,2350,4882,9273,9273,9273,9273,9273,9273,TRUE,TRUE
5896,74.1072460428874,119.915502446493,8886.60764415868,964,507,9273,9273,9273,9273,9273,9273,TRUE,TRUE
5897,24.6219853230012,31.5003801199106,775.601896981397,261,6402,9273,9273,9273,9273,9273,9273,TRUE,TRUE
5898,73.6454473019975,96.7192323519991,7122.9311292688,3264,717,9273,9273,9273,9273,9273,9273,TRUE,TRUE
5899,40.9216089939726,106.805268393623,4370.64343170012,471,1443,9273,9273,9273,9273,9273,9273,TRUE,TRUE
5900,67.6725036677192,116.113241331496,7857.67374987644,8381,616,9273,9273,9273,9273,9273,9273,TRUE,TRUE
5901,52.883088983189,40.105054528063,2120.8791672832,5187,3208,9273,9273,9273,9273,9273,9273,TRUE,TRUE
5902,31.2497138274298,79.8854074598868,2496.39612210909,6575,2750,9273,9273,9273,9273,9273,9273,TRUE,TRUE
5903,41.6486954721911,62.5431375700852,2604.84009053183,8640,2629,9273,9273,9273,9273,9273,9273,TRUE,TRUE
5904,45.567113312808,127.480393882082,5808.91355318621,4,972,9273,9273,9273,9273,9273,9273,TRUE,TRUE
5905,32.2342032670975,72.8301427745819,2347.6216261676,1967,2937,9273,9273,9273,9273,9273,9273,TRUE,TRUE
5906,34.4143250683577,91.7549354862903,3157.68417645138,1294,2148,9273,9273,9273,9273,9273,9273,TRUE,TRUE
5907,10.3003781259772,36.5514015372531,376.493256868132,8592,8029,9273,9273,9273,9273,9273,9273,TRUE,TRUE
5908,41.8828446651445,43.5583374748093,1824.34708232938,9058,3663,9273,9273,9273,9273,9273,9273,TRUE,TRUE
5909,18.4099943958303,44.2198385218138,814.086979371114,85,6262,9273,9273,9273,9273,9273,9273,TRUE,TRUE
5910,44.4748236775095,51.0677863732549,2271.23079455123,1633,3019,9273,9273,9273,9273,9273,9273,TRUE,TRUE
5911,39.7305491641887,55.8552808669007,2219.16098256197,6553,3094,9273,9273,9273,9273,9273,9273,TRUE,TRUE
5912,58.3618675039596,151.111246517726,8819.13454762572,4114,513,9273,9273,9273,9273,9273,9273,TRUE,TRUE
5913,47.330168338049,76.4796452673655,3619.79448493868,2112,1844,9273,9273,9273,9273,9273,9273,TRUE,TRUE
5914,63.5340668102035,64.1351077076403,4074.76421797682,6406,1593,9273,9273,9273,9273,9273,9273,TRUE,TRUE
5915,13.8092816860445,54.9524788179705,758.854259343749,131,6483,9273,9273,9273,9273,9273,9273,TRUE,TRUE
5916,17.7049400340083,44.2526670306702,783.490816122951,6781,6374,9273,9273,9273,9273,9273,9273,TRUE,TRUE
5917,16.0256341220559,11.3950749990102,182.613302727525,6442,8821,9273,9273,9273,9273,9273,9273,TRUE,TRUE
5918,12.7819571556452,96.5477297295828,1234.06894487834,4718,4969,9273,9273,9273,9273,9273,9273,TRUE,TRUE
5919,28.195908686965,30.7441665815271,866.859713589577,194,6096,9273,9273,9273,9273,9273,9273,TRUE,TRUE
5920,33.3176700071091,102.878742650742,3427.67999838373,982,1968,9273,9273,9273,9273,9273,9273,TRUE,TRUE
5921,34.6642571043968,40.8062438106537,1414.5181269172,7693,4502,9273,9273,9273,9273,9273,9273,TRUE,TRUE
5922,56.8088977743223,88.4066199786365,5022.28263693972,351,1197,9273,9273,9273,9273,9273,9273,TRUE,TRUE
5923,67.3262411565223,69.9909208302802,4712.2256145865,7337,1312,9273,9273,9273,9273,9273,9273,TRUE,TRUE
5924,64.2162127546831,44.3307806275108,2846.75484035741,217,2401,9273,9273,9273,9273,9273,9273,TRUE,TRUE
5925,66.3156137326185,85.9394917488098,5699.13013919162,1630,1006,9273,9273,9273,9273,9273,9273,TRUE,TRUE
5926,34.1363978079387,66.0405254023416,2254.38564657961,716,3038,9273,9273,9273,9273,9273,9273,TRUE,TRUE
5927,81.0491314156974,105.915480966234,8584.3577357891,8209,536,9273,9273,9273,9273,9273,9273,TRUE,TRUE
5928,25.7575334046708,58.4239969429423,1504.85805289222,4216,4289,9273,9273,9273,9273,9273,9273,TRUE,TRUE
5929,28.2063121271133,41.8753868770599,1181.15023269798,5033,5130,9273,9273,9273,9273,9273,9273,TRUE,TRUE
5930,18.1421322059631,12.0662253189087,218.907054962581,9069,8677,9273,9273,9273,9273,9273,9273,TRUE,TRUE
5931,28.4282480812073,38.2351652765274,1086.95876390708,5098,5403,9273,9273,9273,9273,9273,9273,TRUE,TRUE
5932,2.62182475824272,32.3608860252178,84.8445721795867,7073,9109,9273,9273,9273,9273,9273,9273,TRUE,TRUE
5933,24.5189856380093,34.7863555941813,852.926153212415,4371,6137,9273,9273,9273,9273,9273,9273,TRUE,TRUE
5934,29.2831575302851,51.4093318485078,1505.42756304656,8995,4287,9273,9273,9273,9273,9273,9273,TRUE,TRUE
5935,45.8119780321916,16.5597791224718,758.636237376624,1148,6484,9273,9273,9273,9273,9273,9273,TRUE,TRUE
5936,16.1686219835565,60.4735239602271,977.773548926459,5265,5718,9273,9273,9273,9273,9273,9273,TRUE,TRUE
5937,18.3085751039226,28.0949257873907,514.378058817575,5537,7447,9273,9273,9273,9273,9273,9273,TRUE,TRUE
5938,36.7286937308671,33.8989220192684,1245.06312465226,9128,4937,9273,9273,9273,9273,9273,9273,TRUE,TRUE
5939,31.1809297371896,110.935019387139,3459.05704490416,1339,1944,9273,9273,9273,9273,9273,9273,TRUE,TRUE
5940,66.0634997208913,29.1155073126157,1923.4723092206,5555,3478,9273,9273,9273,9273,9273,9273,TRUE,TRUE
5941,52.3048023396525,57.2617470944065,2995.0643633961,4143,2273,9273,9273,9273,9273,9273,9273,TRUE,TRUE
5942,21.8960495694239,69.2867383562533,1517.10585755223,5868,4261,9273,9273,9273,9273,9273,9273,TRUE,TRUE
5943,51.1485229387675,15.8316379703888,809.764897886692,8949,6277,9273,9273,9273,9273,9273,9273,TRUE,TRUE
5944,38.5533789854783,67.7731727858787,2612.88481546229,6387,2624,9273,9273,9273,9273,9273,9273,TRUE,TRUE
5945,63.3920810699463,7.76413618564606,492.184750518578,1584,7532,9273,9273,9273,9273,9273,9273,TRUE,TRUE
5946,21.742386087641,36.6018403027509,795.811343380588,3672,6326,9273,9273,9273,9273,9273,9273,TRUE,TRUE
5947,131.251148272437,200.199957272963,26276.4742761693,1530,62,9273,9273,9273,9273,9273,9273,TRUE,TRUE
5948,24.7203153629893,23.5010347759601,580.952991018311,8259,7162,9273,9273,9273,9273,9273,9273,TRUE,TRUE
5949,33.838214805493,70.8856495033355,2398.64383452075,4069,2873,9273,9273,9273,9273,9273,9273,TRUE,TRUE
5950,28.410306932376,53.8691731379582,1530.4397430427,2195,4225,9273,9273,9273,9273,9273,9273,TRUE,TRUE
5951,45.539757758038,78.8617239172999,3591.34380357511,4161,1859,9273,9273,9273,9273,9273,9273,TRUE,TRUE
5952,5.86102973905384,15.6000728484912,91.4324908964132,4246,9094,9273,9273,9273,9273,9273,9273,TRUE,TRUE
5953,118.642305486161,24.2711507451945,2879.58528121204,9134,2375,9273,9273,9273,9273,9273,9273,TRUE,TRUE
5954,35.73979508156,10.5968665743983,378.729839875628,4629,8020,9273,9273,9273,9273,9273,9273,TRUE,TRUE
5955,45.4276959175287,40.1970725518921,1826.06038866219,5590,3659,9273,9273,9273,9273,9273,9273,TRUE,TRUE
5956,34.2095958667488,60.4090472675338,2066.56909371765,8408,3281,9273,9273,9273,9273,9273,9273,TRUE,TRUE
5957,40.7635959091043,139.339015024945,5679.95930284948,4351,1012,9273,9273,9273,9273,9273,9273,TRUE,TRUE
5958,13.704763602752,80.7376528290602,1106.49044586333,6045,5350,9273,9273,9273,9273,9273,9273,TRUE,TRUE
5959,22.9662278620192,69.2513662835826,1590.44265782491,7343,4090,9273,9273,9273,9273,9273,9273,TRUE,TRUE
5960,34.8026947324388,77.1012448661085,2683.33108856619,4700,2544,9273,9273,9273,9273,9273,9273,TRUE,TRUE
5961,29.4142624889982,23.8651667381155,701.976278778639,1134,6697,9273,9273,9273,9273,9273,9273,TRUE,TRUE
5962,28.7926947990644,59.9400902015647,1725.83672340204,2226,3831,9273,9273,9273,9273,9273,9273,TRUE,TRUE
5963,14.225210249424,7.3822988986969,105.014753958055,8412,9048,9273,9273,9273,9273,9273,9273,TRUE,TRUE
5964,14.1694935277212,39.2831129821942,556.62181514994,7827,7269,9273,9273,9273,9273,9273,9273,TRUE,TRUE
5965,23.7085247287923,44.7729304235985,1061.50012812838,4863,5472,9273,9273,9273,9273,9273,9273,TRUE,TRUE
5966,20.6526973309112,36.963102896715,763.387776537183,7209,6466,9273,9273,9273,9273,9273,9273,TRUE,TRUE
5967,8.97873922246666,55.8867849244012,501.792867818279,8199,7495,9273,9273,9273,9273,9273,9273,TRUE,TRUE
5968,52.1848273877277,71.8083618887213,3747.3069701584,9037,1758,9273,9273,9273,9273,9273,9273,TRUE,TRUE
5969,17.2416476310828,49.698300865369,856.880591384228,5304,6122,9273,9273,9273,9273,9273,9273,TRUE,TRUE
5970,17.1789175683715,86.5918369752815,1487.55402949222,2912,4329,9273,9273,9273,9273,9273,9273,TRUE,TRUE
5971,15.3459121894836,36.4786885547638,559.798751348927,145,7252,9273,9273,9273,9273,9273,9273,TRUE,TRUE
5972,24.8281236157639,32.4700525742543,806.170479123937,5451,6293,9273,9273,9273,9273,9273,9273,TRUE,TRUE
5973,2.25389935076237,1.03415811061859,2.33088829410888,3662,9254,9273,9273,9273,9273,9273,9273,TRUE,TRUE
5974,70.5832414266226,76.8639024180335,5425.30338136441,6385,1085,9273,9273,9273,9273,9273,9273,TRUE,TRUE
5975,19.5291559457779,7.0004508972168,136.712897262508,2214,8981,9273,9273,9273,9273,9273,9273,TRUE,TRUE
5976,12.8414275037746,14.7168603539467,188.98549531838,519,8793,9273,9273,9273,9273,9273,9273,TRUE,TRUE
5977,11.2134335336368,20.4187747142826,228.964573096913,6885,8641,9273,9273,9273,9273,9273,9273,TRUE,TRUE
5978,61.1274362617473,69.8587057717884,4270.28358439315,7887,1496,9273,9273,9273,9273,9273,9273,TRUE,TRUE
5979,7.60147271348142,32.6833832675013,248.441846092166,8555,8558,9273,9273,9273,9273,9273,9273,TRUE,TRUE
5980,22.0535248961714,30.4696331951353,671.962814246126,4665,6805,9273,9273,9273,9273,9273,9273,TRUE,TRUE
5981,27.3464807436043,56.5903826914419,1547.54781054471,5099,4177,9273,9273,9273,9273,9273,9273,TRUE,TRUE
5982,40.0907489942468,14.3329196390898,574.617483605461,354,7185,9273,9273,9273,9273,9273,9273,TRUE,TRUE
5983,0.937003967497084,1.58394131130642,1.48415929297665,49,9257,9273,9273,9273,9273,9273,9273,TRUE,TRUE
5984,78.3607560539246,52.5288103103638,4116.19729053329,212,1572,9273,9273,9273,9273,9273,9273,TRUE,TRUE
5985,14.0961721071,50.7656603291202,715.601485129856,8336,6643,9273,9273,9273,9273,9273,9273,TRUE,TRUE
5986,12.3520073285057,46.132144538536,569.82458741968,2701,7210,9273,9273,9273,9273,9273,9273,TRUE,TRUE
5987,31.3798072814941,32.1765987586975,1009.69546802189,3767,5615,9273,9273,9273,9273,9273,9273,TRUE,TRUE
5988,75.9009961447408,105.827914361031,8032.44411992256,1782,599,9273,9273,9273,9273,9273,9273,TRUE,TRUE
5989,40.9580468557499,25.9393627312448,1062.42563415462,3839,5469,9273,9273,9273,9273,9273,9273,TRUE,TRUE
5990,59.2016897516075,44.7934595651551,2651.84849607749,9176,2579,9273,9273,9273,9273,9273,9273,TRUE,TRUE
5991,27.6386057456651,10.9938272460998,303.854056890904,1520,8353,9273,9273,9273,9273,9273,9273,TRUE,TRUE
5992,35.2195767701127,14.7295985403862,518.770226586071,4527,7430,9273,9273,9273,9273,9273,9273,TRUE,TRUE
5993,29.5655951476097,35.8677443885803,1060.45120945072,8691,5475,9273,9273,9273,9273,9273,9273,TRUE,TRUE
5994,31.8322405308142,44.6409595314114,1421.02176133023,3272,4480,9273,9273,9273,9273,9273,9273,TRUE,TRUE
5995,42.4875031233299,109.054636535124,4633.45921039968,7125,1336,9273,9273,9273,9273,9273,9273,TRUE,TRUE
5996,30.839958421562,16.6156846233036,512.427022928471,4490,7454,9273,9273,9273,9273,9273,9273,TRUE,TRUE
5997,16.6297567303563,35.2198643828883,585.697776763572,8472,7148,9273,9273,9273,9273,9273,9273,TRUE,TRUE
5998,30.2765326392894,50.7045255349607,1535.15722231892,1977,4212,9273,9273,9273,9273,9273,9273,TRUE,TRUE
5999,26.1829322696778,35.9289375041661,940.724937193066,3991,5829,9273,9273,9273,9273,9273,9273,TRUE,TRUE
6000,49.8400551478068,66.5497079463232,3316.84111411519,279,2051,9273,9273,9273,9273,9273,9273,TRUE,TRUE
6001,10.552706751306,5.62126384802228,59.3195489598973,3215,9182,9273,9273,9273,9273,9273,9273,TRUE,TRUE
6002,14.4249333914589,46.5698318481445,671.766722460924,7570,6806,9273,9273,9273,9273,9273,9273,TRUE,TRUE
6003,46.4208414202387,92.1629354655743,4278.28101207111,6656,1491,9273,9273,9273,9273,9273,9273,TRUE,TRUE
6004,38.0691558677631,38.3034746889897,1458.18094821207,3512,4401,9273,9273,9273,9273,9273,9273,TRUE,TRUE
6005,20.8057505029452,66.935339683213,1392.63997727881,2836,4552,9273,9273,9273,9273,9273,9273,TRUE,TRUE
6006,13.033430766415,35.4872707186519,462.520886000574,5846,7644,9273,9273,9273,9273,9273,9273,TRUE,TRUE
6007,44.0415628959181,68.7644953482141,3028.49584688444,4305,2242,9273,9273,9273,9273,9273,9273,TRUE,TRUE
6008,25.2573330135089,30.5816518993121,772.410966124133,9006,6423,9273,9273,9273,9273,9273,9273,TRUE,TRUE
6009,34.7554367182827,81.9394470869951,2847.84126796314,97,2400,9273,9273,9273,9273,9273,9273,TRUE,TRUE
6010,30.290943845526,64.3016443593162,1947.75749846303,6208,3438,9273,9273,9273,9273,9273,9273,TRUE,TRUE
6011,5.13195428649584,53.0337508996328,272.166785258323,5533,8470,9273,9273,9273,9273,9273,9273,TRUE,TRUE
6012,27.8780742151285,42.959353487476,1197.6240447578,4447,5083,9273,9273,9273,9273,9273,9273,TRUE,TRUE
6013,12.8430789770965,25.7997034000278,331.347628352221,579,8240,9273,9273,9273,9273,9273,9273,TRUE,TRUE
6014,16.5122079191981,25.2360206964854,416.702420793553,8939,7837,9273,9273,9273,9273,9273,9273,TRUE,TRUE
6015,11.5341201626269,42.2036563973678,486.782044189456,9078,7550,9273,9273,9273,9273,9273,9273,TRUE,TRUE
6016,18.9642615101554,8.33111351186579,157.993415309812,3935,8911,9273,9273,9273,9273,9273,9273,TRUE,TRUE
6017,50.3702944666147,94.9436376802623,4782.33898768639,7439,1286,9273,9273,9273,9273,9273,9273,TRUE,TRUE
6018,32.3062649846534,24.3735594365789,787.418669777315,7382,6354,9273,9273,9273,9273,9273,9273,TRUE,TRUE
6019,13.9472898244858,24.9588518000596,348.10833974182,5415,8157,9273,9273,9273,9273,9273,9273,TRUE,TRUE
6020,32.1065133901743,40.8654510198966,1312.04715036582,671,4763,9273,9273,9273,9273,9273,9273,TRUE,TRUE
6021,46.1638413431408,73.3948116445685,3388.18644016956,7485,2004,9273,9273,9273,9273,9273,9273,TRUE,TRUE
6022,34.1543743513464,57.5765281576451,1966.49029654705,2011,3408,9273,9273,9273,9273,9273,9273,TRUE,TRUE
6023,15.9187441789934,14.5012036399297,230.84095103153,3823,8630,9273,9273,9273,9273,9273,9273,TRUE,TRUE
6024,37.9909804662069,76.1260995410738,2892.10516063345,3420,2361,9273,9273,9273,9273,9273,9273,TRUE,TRUE
6025,25.1946972367031,12.6781741653393,319.422759609914,6913,8296,9273,9273,9273,9273,9273,9273,TRUE,TRUE
6026,51.1073932600956,66.2858326481838,3387.69611672362,2378,2005,9273,9273,9273,9273,9273,9273,TRUE,TRUE
6027,29.0052466726303,33.6276024913788,975.376905271599,6498,5726,9273,9273,9273,9273,9273,9273,TRUE,TRUE
6028,36.2352960968947,54.9043344801123,1989.47481688981,6796,3376,9273,9273,9273,9273,9273,9273,TRUE,TRUE
6029,47.5103162614311,67.59851573444,3211.62686134657,7506,2107,9273,9273,9273,9273,9273,9273,TRUE,TRUE
6030,29.1086075664184,42.1412067215677,1226.67184883343,2089,4995,9273,9273,9273,9273,9273,9273,TRUE,TRUE
6031,42.5275655518584,59.8219982912751,2544.08395377536,3614,2699,9273,9273,9273,9273,9273,9273,TRUE,TRUE
6032,30.0479283408815,57.5045601780196,1727.89290350304,4479,3829,9273,9273,9273,9273,9273,9273,TRUE,TRUE
6033,58.8255778400643,54.0387622476781,3178.86141498152,7961,2129,9273,9273,9273,9273,9273,9273,TRUE,TRUE
6034,24.7849163404325,31.0441028315847,769.42549154461,2611,6434,9273,9273,9273,9273,9273,9273,TRUE,TRUE
6035,36.0135656234108,76.0533634365964,2738.95279500497,8678,2505,9273,9273,9273,9273,9273,9273,TRUE,TRUE
6036,50.054555606842,39.5079820013046,1977.55448199842,4764,3390,9273,9273,9273,9273,9273,9273,TRUE,TRUE
6037,18.5379558007732,5.43860056735348,100.820536935659,1956,9064,9273,9273,9273,9273,9273,9273,TRUE,TRUE
6038,21.956849712314,15.9422496882352,350.041580480765,8473,8146,9273,9273,9273,9273,9273,9273,TRUE,TRUE
6039,18.3466545453037,53.5174368099575,981.865925302408,1209,5701,9273,9273,9273,9273,9273,9273,TRUE,TRUE
6040,15.7749632438024,25.2864587863286,398.892957920258,6650,7929,9273,9273,9273,9273,9273,9273,TRUE,TRUE
6041,27.9319751326032,61.4415624719918,1716.18419507596,89,3857,9273,9273,9273,9273,9273,9273,TRUE,TRUE
6042,34.5733949832427,28.0452993384793,969.621211452522,8709,5744,9273,9273,9273,9273,9273,9273,TRUE,TRUE
6043,45.9139344112293,15.4801032672057,710.75244608954,1693,6665,9273,9273,9273,9273,9273,9273,TRUE,TRUE
6044,13.4905403566639,64.5634054217422,870.995226405668,4380,6085,9273,9273,9273,9273,9273,9273,TRUE,TRUE
6045,32.0484323483525,28.2331932313515,904.82958325293,967,5958,9273,9273,9273,9273,9273,9273,TRUE,TRUE
6046,63.5386286505338,46.1195209930683,2930.37111791906,9266,2332,9273,9273,9273,9273,9273,9273,TRUE,TRUE
6047,11.396843928043,51.1740407765469,583.222555897612,2106,7154,9273,9273,9273,9273,9273,9273,TRUE,TRUE
6048,26.9508961447133,87.4393854397255,2356.5697959436,6599,2925,9273,9273,9273,9273,9273,9273,TRUE,TRUE
6049,39.4204003075908,35.5046497431017,1399.60750565387,7586,4537,9273,9273,9273,9273,9273,9273,TRUE,TRUE
6050,21.3772515765691,16.3667366383439,349.87584660533,3973,8150,9273,9273,9273,9273,9273,9273,TRUE,TRUE
6051,5.09311658263207,12.7535388469696,64.9552601887431,1771,9171,9273,9273,9273,9273,9273,9273,TRUE,TRUE
6052,37.5496086302926,51.1262965803387,1919.77242730798,8185,3484,9273,9273,9273,9273,9273,9273,TRUE,TRUE
6053,25.4523562408629,227.808521207174,5798.26363646915,3043,976,9273,9273,9273,9273,9273,9273,TRUE,TRUE
6054,21.3395670539454,52.8416759039226,1127.61848619461,8048,5285,9273,9273,9273,9273,9273,9273,TRUE,TRUE
6055,8.0248633630219,23.8045666899,191.02839510239,2271,8784,9273,9273,9273,9273,9273,9273,TRUE,TRUE
6056,50.6626195774646,62.1357830997737,3147.96154133168,2143,2159,9273,9273,9273,9273,9273,9273,TRUE,TRUE
6057,25.0469117521715,29.4932767683189,738.715500498452,6622,6544,9273,9273,9273,9273,9273,9273,TRUE,TRUE
6058,17.2209881827945,23.9914222369118,413.155998830291,4786,7855,9273,9273,9273,9273,9273,9273,TRUE,TRUE
6059,13.8638941732685,11.011950969696,152.668522885088,7681,8931,9273,9273,9273,9273,9273,9273,TRUE,TRUE
6060,26.7999351994466,50.4808916641494,1352.88462540949,9186,4662,9273,9273,9273,9273,9273,9273,TRUE,TRUE
6061,60.4845962079119,22.8016025862341,1379.14572532165,7386,4599,9273,9273,9273,9273,9273,9273,TRUE,TRUE
6062,41.5209322437163,72.0984654272756,2993.59549788184,5015,2278,9273,9273,9273,9273,9273,9273,TRUE,TRUE
6063,11.0361302221144,54.5587424651997,602.117386600744,8250,7086,9273,9273,9273,9273,9273,9273,TRUE,TRUE
6064,13.3043383985463,10.3336954872207,137.482981669515,7645,8979,9273,9273,9273,9273,9273,9273,TRUE,TRUE
6065,26.6266969250095,41.8247694678631,1113.65546057918,2201,5324,9273,9273,9273,9273,9273,9273,TRUE,TRUE
6066,14.4789694078853,49.6061533095685,718.245976212108,4983,6632,9273,9273,9273,9273,9273,9273,TRUE,TRUE
6067,59.4852649721232,80.811856287176,4807.1146841318,2526,1278,9273,9273,9273,9273,9273,9273,TRUE,TRUE
6068,29.3385301015428,72.8653752767347,2137.76300591669,9169,3193,9273,9273,9273,9273,9273,9273,TRUE,TRUE
6069,21.9940710323197,14.7827669143677,325.133225568829,2339,8267,9273,9273,9273,9273,9273,9273,TRUE,TRUE
6070,25.6560941802131,56.1786669271964,1441.32516960297,4986,4432,9273,9273,9273,9273,9273,9273,TRUE,TRUE
6071,44.621069278772,60.5372647029866,2701.23748225932,5833,2527,9273,9273,9273,9273,9273,9273,TRUE,TRUE
6072,38.5030881768823,137.373360593412,5289.29861608278,4892,1116,9273,9273,9273,9273,9273,9273,TRUE,TRUE
6073,6.98754743788693,11.0424750624476,77.1598183305363,3472,9131,9273,9273,9273,9273,9273,9273,TRUE,TRUE
6074,40.4231360793114,30.4710341405869,1231.73475954228,104,4978,9273,9273,9273,9273,9273,9273,TRUE,TRUE
6075,38.3462008510728,46.3118315700546,1775.88279516637,3847,3743,9273,9273,9273,9273,9273,9273,TRUE,TRUE
6076,8.86111309630046,33.7203693502887,298.800006461932,7995,8376,9273,9273,9273,9273,9273,9273,TRUE,TRUE
6077,37.6983400980632,59.2671566254053,2234.27342710971,2988,3066,9273,9273,9273,9273,9273,9273,TRUE,TRUE
6078,9.51722796845541,35.6835033904088,339.608036479672,4123,8202,9273,9273,9273,9273,9273,9273,TRUE,TRUE
6079,54.6047641248227,56.6200013892267,3091.72182060586,7174,2195,9273,9273,9273,9273,9273,9273,TRUE,TRUE
6080,43.4658661517468,26.9294613639077,1170.51236318225,42,5173,9273,9273,9273,9273,9273,9273,TRUE,TRUE
6081,26.7306773590939,12.280151449048,328.256766305311,7405,8256,9273,9273,9273,9273,9273,9273,TRUE,TRUE
6082,32.5293517007828,59.3841668224335,1931.72844802489,2731,3459,9273,9273,9273,9273,9273,9273,TRUE,TRUE
6083,32.4729609679871,37.3709592118431,1213.54569982242,3086,5036,9273,9273,9273,9273,9273,9273,TRUE,TRUE
6084,66.8345710861851,38.9640699423535,2604.14690236931,6718,2633,9273,9273,9273,9273,9273,9273,TRUE,TRUE
6085,36.3557165145874,124.41440156388,4523.17471358844,6044,1385,9273,9273,9273,9273,9273,9273,TRUE,TRUE
6086,41.2541478147694,62.3426713522743,2571.89377913431,7157,2664,9273,9273,9273,9273,9273,9273,TRUE,TRUE
6087,31.3021336865425,6.87316102981567,215.144605404424,5057,8691,9273,9273,9273,9273,9273,9273,TRUE,TRUE
6088,37.9820085829496,76.2667002463341,2896.76246334951,2841,2353,9273,9273,9273,9273,9273,9273,TRUE,TRUE
6089,30.9808447137475,134.874297941273,4178.51968039429,2281,1546,9273,9273,9273,9273,9273,9273,TRUE,TRUE
6090,9.40527234190986,17.8193237213861,167.595592548291,1214,8874,9273,9273,9273,9273,9273,9273,TRUE,TRUE
6091,44.6812028524487,47.0643137499344,2102.89014977211,5784,3229,9273,9273,9273,9273,9273,9273,TRUE,TRUE
6092,32.5670977115631,29.5291576862335,961.678963707722,812,5764,9273,9273,9273,9273,9273,9273,TRUE,TRUE
6093,26.9635494792461,18.8630335903168,508.614339541188,181,7469,9273,9273,9273,9273,9273,9273,TRUE,TRUE
6094,13.3108074456271,31.1488226445775,414.615980379961,4465,7847,9273,9273,9273,9273,9273,9273,TRUE,TRUE
6095,41.6249233819301,85.4861662372265,3558.35511983949,3136,1885,9273,9273,9273,9273,9273,9273,TRUE,TRUE
6096,12.7869430461646,43.4433330546369,555.507425505201,5919,7274,9273,9273,9273,9273,9273,9273,TRUE,TRUE
6097,28.7169466842704,28.682189712876,823.664912772789,1704,6232,9273,9273,9273,9273,9273,9273,TRUE,TRUE
6098,52.2519807987903,65.6033359177141,3427.90424870899,4056,1967,9273,9273,9273,9273,9273,9273,TRUE,TRUE
6099,11.4974551031776,95.2169852290593,1094.75301273103,3849,5384,9273,9273,9273,9273,9273,9273,TRUE,TRUE
6100,25.5374952610628,12.055536985986,307.868218649186,3550,8340,9273,9273,9273,9273,9273,9273,TRUE,TRUE
6101,26.5844322580558,40.0934740152115,1065.86224394751,6962,5454,9273,9273,9273,9273,9273,9273,TRUE,TRUE
6102,53.197599669566,42.166066266395,2243.13351288007,215,3055,9273,9273,9273,9273,9273,9273,TRUE,TRUE
6103,27.6741689438516,65.9368629130911,1824.74788388446,4913,3662,9273,9273,9273,9273,9273,9273,TRUE,TRUE
6104,8.73676411527823,9.03563948621522,78.9422508217561,51,9125,9273,9273,9273,9273,9273,9273,TRUE,TRUE
6105,12.3726540656216,13.5841306838314,168.071749733242,572,8871,9273,9273,9273,9273,9273,9273,TRUE,TRUE
6106,33.5877463779752,173.505998369247,5827.67546828366,8783,968,9273,9273,9273,9273,9273,9273,TRUE,TRUE
6107,16.9729408334803,68.1136414523969,1156.08880632442,2821,5211,9273,9273,9273,9273,9273,9273,TRUE,TRUE
6108,27.0985761033483,69.5443891272487,1884.55392132562,7877,3562,9273,9273,9273,9273,9273,9273,TRUE,TRUE
6109,42.3264473157051,52.7181970971262,2231.37399201047,7030,3072,9273,9273,9273,9273,9273,9273,TRUE,TRUE
6110,77.2936649496357,138.290683305264,10688.9937410532,6234,371,9273,9273,9273,9273,9273,9273,TRUE,TRUE
6111,20.7108896827698,18.3539032101631,380.125664633922,8747,8014,9273,9273,9273,9273,9273,9273,TRUE,TRUE
6112,58.0326546192169,28.5363638114929,1656.04094516069,2101,3959,9273,9273,9273,9273,9273,9273,TRUE,TRUE
6113,9.94541165387189,41.3521304589731,411.263960179102,2806,7865,9273,9273,9273,9273,9273,9273,TRUE,TRUE
6114,38.4404517354419,106.983175884785,4112.48160910335,3514,1574,9273,9273,9273,9273,9273,9273,TRUE,TRUE
6115,11.6239322082416,20.8190237251488,241.998920422904,2172,8593,9273,9273,9273,9273,9273,9273,TRUE,TRUE
6116,50.9261484180097,60.4236654034703,3077.14455229729,2498,2208,9273,9273,9273,9273,9273,9273,TRUE,TRUE
6117,39.4051768238805,44.3450811049518,1747.42576220995,9205,3790,9273,9273,9273,9273,9273,9273,TRUE,TRUE
6118,11.7475202095449,15.7169613245115,184.635320792335,2551,8811,9273,9273,9273,9273,9273,9273,TRUE,TRUE
6119,19.0940611845276,17.3357378094854,331.009638413244,8761,8241,9273,9273,9273,9273,9273,9273,TRUE,TRUE
6120,36.5419366319301,33.7977359712461,1235.03472616398,2507,4965,9273,9273,9273,9273,9273,9273,TRUE,TRUE
6121,13.6132976339187,17.9214627065776,243.970205859816,2408,8580,9273,9273,9273,9273,9273,9273,TRUE,TRUE
6122,23.647681020555,30.5363895944703,722.114800649429,5969,6609,9273,9273,9273,9273,9273,9273,TRUE,TRUE
6123,38.7981285240458,39.2083428645956,1521.21032567544,5024,4250,9273,9273,9273,9273,9273,9273,TRUE,TRUE
6124,55.7523315030701,91.8707507581127,5122.00855170223,4791,1159,9273,9273,9273,9273,9273,9273,TRUE,TRUE
6125,25.2506358803821,37.0932737719111,936.628749625856,8639,5851,9273,9273,9273,9273,9273,9273,TRUE,TRUE
6126,36.7948535294719,31.9243956121261,1174.6534605651,7299,5157,9273,9273,9273,9273,9273,9273,TRUE,TRUE
6127,12.5027470889718,68.1274239944689,851.779952025992,7501,6140,9273,9273,9273,9273,9273,9273,TRUE,TRUE
6128,13.9412687619527,76.6949506906363,1069.22492026287,1812,5449,9273,9273,9273,9273,9273,9273,TRUE,TRUE
6129,28.4699870675297,77.9217906402329,2218.43237180619,3376,3095,9273,9273,9273,9273,9273,9273,TRUE,TRUE
6130,60.6731753336022,80.5308299157613,4886.06116323948,2778,1239,9273,9273,9273,9273,9273,9273,TRUE,TRUE
6131,6.03560501638085,21.6120232957782,130.441636218139,6392,8999,9273,9273,9273,9273,9273,9273,TRUE,TRUE
6132,46.5371551370751,48.61642927175,2262.47031123007,3536,3028,9273,9273,9273,9273,9273,9273,TRUE,TRUE
6133,22.0812631392479,62.5330656599999,1380.80907774232,5223,4595,9273,9273,9273,9273,9273,9273,TRUE,TRUE
6134,27.6660022635839,36.0540327207813,997.470950864463,4194,5640,9273,9273,9273,9273,9273,9273,TRUE,TRUE
6135,81.207979227976,219.465181756855,17822.3239213747,4109,146,9273,9273,9273,9273,9273,9273,TRUE,TRUE
6136,23.9850948549844,48.59249368677,1165.49557031741,4985,5187,9273,9273,9273,9273,9273,9273,TRUE,TRUE
6137,30.412883814945,17.1623949799486,521.957924511373,5933,7417,9273,9273,9273,9273,9273,9273,TRUE,TRUE
6138,37.7693093196856,32.6229206361006,1232.14518041644,5742,4977,9273,9273,9273,9273,9273,9273,TRUE,TRUE
6139,51.3024952885046,67.5369870430296,3464.81595957482,5448,1938,9273,9273,9273,9273,9273,9273,TRUE,TRUE
6140,48.2109841809553,91.9417089574477,4432.60027611751,6127,1419,9273,9273,9273,9273,9273,9273,TRUE,TRUE
6141,8.36170701469694,18.9557660988399,158.502562357624,4002,8909,9273,9273,9273,9273,9273,9273,TRUE,TRUE
6142,30.5665917708156,71.3082343858064,2179.64969036858,384,3138,9273,9273,9273,9273,9273,9273,TRUE,TRUE
6143,25.3475866124958,48.1745811061396,1221.10936710858,7228,5007,9273,9273,9273,9273,9273,9273,TRUE,TRUE
6144,15.664791767586,43.5503687880968,682.207458467114,9057,6760,9273,9273,9273,9273,9273,9273,TRUE,TRUE
6145,30.5412435022373,79.1612399943824,2417.68270660748,111,2847,9273,9273,9273,9273,9273,9273,TRUE,TRUE
6146,39.0804649448395,15.7828238534927,616.800094336999,9234,7030,9273,9273,9273,9273,9273,9273,TRUE,TRUE
6147,13.2376629960537,73.9501927375794,978.927729953293,1309,5714,9273,9273,9273,9273,9273,9273,TRUE,TRUE
6148,19.9658284989761,25.4561706345444,508.253537129986,4721,7470,9273,9273,9273,9273,9273,9273,TRUE,TRUE
6149,27.7481497576896,48.8541953073326,1355.61352767928,7530,4656,9273,9273,9273,9273,9273,9273,TRUE,TRUE
6150,55.9277685440992,37.5938307921696,2102.53906723049,4206,3230,9273,9273,9273,9273,9273,9273,TRUE,TRUE
6151,40.4314665198326,64.1442216436068,2593.44494982421,3917,2642,9273,9273,9273,9273,9273,9273,TRUE,TRUE
6152,6.09730789065361,13.1735620737076,80.3232639800324,6518,9121,9273,9273,9273,9273,9273,9273,TRUE,TRUE
6153,18.943100668233,23.1665761758541,438.846784637493,929,7741,9273,9273,9273,9273,9273,9273,TRUE,TRUE
6154,40.7005422973633,32.8384693479538,1336.54351067706,8403,4706,9273,9273,9273,9273,9273,9273,TRUE,TRUE
6155,17.3238357501904,22.9282745983097,397.20566317638,6954,7938,9273,9273,9273,9273,9273,9273,TRUE,TRUE
6156,20.4814052807201,39.9245718453147,817.711336623118,5745,6248,9273,9273,9273,9273,9273,9273,TRUE,TRUE
6157,58.4330814390111,72.2992799942036,4224.66971588316,5173,1523,9273,9273,9273,9273,9273,9273,TRUE,TRUE
6158,25.7794510256754,38.4980937389478,992.459722125067,3298,5658,9273,9273,9273,9273,9273,9273,TRUE,TRUE
6159,30.6666135507471,43.3628414191452,1329.79150026326,6187,4724,9273,9273,9273,9273,9273,9273,TRUE,TRUE
6160,34.7207376653498,48.4130122098056,1680.93549652604,8164,3918,9273,9273,9273,9273,9273,9273,TRUE,TRUE
6161,18.3856467803319,17.1475593249003,315.268968892404,4269,8314,9273,9273,9273,9273,9273,9273,TRUE,TRUE
6162,41.7182535501757,58.2883470858786,2431.68804274933,1055,2826,9273,9273,9273,9273,9273,9273,TRUE,TRUE
6163,26.5807338809967,15.7319196438789,418.165969491171,1330,7834,9273,9273,9273,9273,9273,9273,TRUE,TRUE
6164,27.6251791146781,62.6369226424031,1730.35620718862,4760,3823,9273,9273,9273,9273,9273,9273,TRUE,TRUE
6165,22.4305861579047,14.1611787478129,317.643540000307,7189,8306,9273,9273,9273,9273,9273,9273,TRUE,TRUE
6166,82.0814374241947,237.683792815721,19509.4273667488,7680,127,9273,9273,9273,9273,9273,9273,TRUE,TRUE
6167,39.927807825931,66.6625530606224,2661.68960779046,7046,2568,9273,9273,9273,9273,9273,9273,TRUE,TRUE
6168,2.37926269609195,33.741658449173,80.2802692523929,4662,9122,9273,9273,9273,9273,9273,9273,TRUE,TRUE
6169,31.7744086416144,83.7270586577504,2660.37777615178,3616,2572,9273,9273,9273,9273,9273,9273,TRUE,TRUE
6170,24.9224117490434,28.1942428444669,702.668529122325,2690,6691,9273,9273,9273,9273,9273,9273,TRUE,TRUE
6171,15.7666248386981,43.4252279256684,684.669277238971,3478,6752,9273,9273,9273,9273,9273,9273,TRUE,TRUE
6172,52.4486728556139,140.658814428558,7377.36814222194,7776,681,9273,9273,9273,9273,9273,9273,TRUE,TRUE
6173,43.9794765806546,29.0795051442446,1278.90141546833,1552,4844,9273,9273,9273,9273,9273,9273,TRUE,TRUE
6174,20.3767400260019,56.1737065976209,1144.63701563663,2269,5241,9273,9273,9273,9273,9273,9273,TRUE,TRUE
6175,17.9181547694736,31.4745117705545,563.965173198415,394,7233,9273,9273,9273,9273,9273,9273,TRUE,TRUE
6176,11.1225217637562,26.4865337326413,294.597047887765,9029,8387,9273,9273,9273,9273,9273,9273,TRUE,TRUE
6177,4.09408317998125,19.1861869666377,78.5498453480868,2037,9126,9273,9273,9273,9273,9273,9273,TRUE,TRUE
6178,9.01004076639811,28.4294451395671,256.150459673578,8311,8529,9273,9273,9273,9273,9273,9273,TRUE,TRUE
6179,32.5224072912098,63.5953637013393,2068.27432012758,6807,3280,9273,9273,9273,9273,9273,9273,TRUE,TRUE
6180,20.5056160652638,34.5949845504761,709.391470975793,2478,6672,9273,9273,9273,9273,9273,9273,TRUE,TRUE
6181,50.0767716979981,14.2554544115067,713.867136016238,7496,6653,9273,9273,9273,9273,9273,9273,TRUE,TRUE
6182,30.6191066318088,59.5108639266756,1822.16948832194,1551,3668,9273,9273,9273,9273,9273,9273,TRUE,TRUE
6183,71.1374747496025,76.0066596082613,5406.92182868432,7758,1090,9273,9273,9273,9273,9273,9273,TRUE,TRUE
6184,54.8721949926057,69.1999784323687,3797.15471002504,5018,1734,9273,9273,9273,9273,9273,9273,TRUE,TRUE
6185,9.45480513572693,34.6707805991173,327.805474468196,3697,8258,9273,9273,9273,9273,9273,9273,TRUE,TRUE
6186,78.6685625712077,12.0101002729856,944.817324811847,7107,5813,9273,9273,9273,9273,9273,9273,TRUE,TRUE
6187,18.8008777524384,44.9964432111928,845.972628108173,242,6159,9273,9273,9273,9273,9273,9273,TRUE,TRUE
6188,56.0464293937759,39.0868836665059,2190.68026563755,6417,3123,9273,9273,9273,9273,9273,9273,TRUE,TRUE
6189,53.525056368039,58.6434976348171,3138.89651652254,1808,2166,9273,9273,9273,9273,9273,9273,TRUE,TRUE
6190,13.5878667653653,57.3433604428643,779.173941575957,324,6382,9273,9273,9273,9273,9273,9273,TRUE,TRUE
6191,3.4995430799631,28.9808455247145,101.419717407494,5121,9059,9273,9273,9273,9273,9273,9273,TRUE,TRUE
6192,38.4164947467308,40.0673279631628,1539.24629421238,8121,4201,9273,9273,9273,9273,9273,9273,TRUE,TRUE
6193,44.0625170914003,31.2002964390374,1374.76359510184,3395,4608,9273,9273,9273,9273,9273,9273,TRUE,TRUE
6194,30.0760058927536,25.6470842838287,771.361858052381,8479,6430,9273,9273,9273,9273,9273,9273,TRUE,TRUE
6195,13.376832611291,34.0395410947381,455.341243389474,6253,7673,9273,9273,9273,9273,9273,9273,TRUE,TRUE
6196,9.69856233762789,81.4275688612008,789.730352601844,6941,6345,9273,9273,9273,9273,9273,9273,TRUE,TRUE
6197,57.4761792855669,30.9420706468035,1778.43199996236,9164,3738,9273,9273,9273,9273,9273,9273,TRUE,TRUE
6198,55.6548970031025,59.9267681340624,3335.21810823005,5644,2042,9273,9273,9273,9273,9273,9273,TRUE,TRUE
6199,52.7581738867201,128.534449477096,6781.24283594645,687,769,9273,9273,9273,9273,9273,9273,TRUE,TRUE
6200,33.2657372140593,52.0788892466279,1732.44264407842,248,3816,9273,9273,9273,9273,9273,9273,TRUE,TRUE
6201,29.9705935311317,160.272040863037,4803.44819111102,1712,1280,9273,9273,9273,9273,9273,9273,TRUE,TRUE
6202,11.0221388700273,30.8076298777262,339.565974768702,7187,8203,9273,9273,9273,9273,9273,9273,TRUE,TRUE
6203,7.64903441804354,33.1347545795753,253.448878212598,5361,8538,9273,9273,9273,9273,9273,9273,TRUE,TRUE
6204,25.1485808586485,54.0246783212723,1358.64399112499,5023,4649,9273,9273,9273,9273,9273,9273,TRUE,TRUE
6205,26.499016792424,83.8328521076569,2221.4881557576,5022,3088,9273,9273,9273,9273,9273,9273,TRUE,TRUE
6206,46.5305233896247,39.6268990515165,1843.86035317489,8899,3623,9273,9273,9273,9273,9273,9273,TRUE,TRUE
6207,38.7985795390877,47.1083817969669,1827.73829810733,6896,3654,9273,9273,9273,9273,9273,9273,TRUE,TRUE
6208,12.3178908799099,72.370890607042,891.456733379441,1898,6010,9273,9273,9273,9273,9273,9273,TRUE,TRUE
6209,60.5775036078233,113.265988847712,6861.37084806592,8017,756,9273,9273,9273,9273,9273,9273,TRUE,TRUE
6210,18.9997381093138,41.4417844788503,787.383051880782,7166,6355,9273,9273,9273,9273,9273,9273,TRUE,TRUE
6211,38.9730842078941,4.33493944181912,168.945959902138,8740,8868,9273,9273,9273,9273,9273,9273,TRUE,TRUE
6212,33.5719862342777,70.1480317474308,2355.00875618642,4330,2927,9273,9273,9273,9273,9273,9273,TRUE,TRUE
6213,60.1329059878506,43.8582053433461,2637.32133870728,4021,2602,9273,9273,9273,9273,9273,9273,TRUE,TRUE
6214,25.9649018442908,75.4687344972477,1959.53828353388,1504,3420,9273,9273,9273,9273,9273,9273,TRUE,TRUE
6215,50.3251474527212,85.0627928953904,4280.79759520081,5092,1488,9273,9273,9273,9273,9273,9273,TRUE,TRUE
6216,20.1863843899507,52.1655676621657,1053.03420074846,68,5498,9273,9273,9273,9273,9273,9273,TRUE,TRUE
6217,47.0707419829458,84.9949603886132,4000.77585030311,8191,1627,9273,9273,9273,9273,9273,9273,TRUE,TRUE
6218,20.8163120365143,5.14214471817017,107.040488990344,1954,9044,9273,9273,9273,9273,9273,9273,TRUE,TRUE
6219,13.5483519816399,9.2915069103241,125.88460606091,5707,9011,9273,9273,9273,9273,9273,9273,TRUE,TRUE
6220,32.1756393306785,135.709669642978,4366.545384118,6678,1446,9273,9273,9273,9273,9273,9273,TRUE,TRUE
6221,46.2029860208905,37.4771377586183,1731.55567196443,4525,3821,9273,9273,9273,9273,9273,9273,TRUE,TRUE
6222,7.80036567551478,24.4642374984787,190.829998460775,3249,8786,9273,9273,9273,9273,9273,9273,TRUE,TRUE
6223,26.8533901373545,10.6934231754699,287.154664434723,7917,8412,9273,9273,9273,9273,9273,9273,TRUE,TRUE
6224,26.5001207843625,37.4470683503475,992.351834304486,7623,5661,9273,9273,9273,9273,9273,9273,TRUE,TRUE
6225,26.8860241843068,41.8056369925144,1123.98736722109,3971,5297,9273,9273,9273,9273,9273,9273,TRUE,TRUE
6226,56.8002054563264,89.8908565050501,5105.819118132,7233,1163,9273,9273,9273,9273,9273,9273,TRUE,TRUE
6227,25.0135647640672,48.4555074115132,1212.04497281362,6247,5044,9273,9273,9273,9273,9273,9273,TRUE,TRUE
6228,34.9542913086857,79.0339746395967,2762.57657283574,448,2478,9273,9273,9273,9273,9273,9273,TRUE,TRUE
6229,59.5782587733971,89.7426771149418,5346.71244017142,4273,1106,9273,9273,9273,9273,9273,9273,TRUE,TRUE
6230,126.86171250749,161.253335437841,20456.8742811892,3082,110,9273,9273,9273,9273,9273,9273,TRUE,TRUE
6231,41.0556000063083,39.004320653493,1601.3457872676,6641,4067,9273,9273,9273,9273,9273,9273,TRUE,TRUE
6232,17.6534432959049,17.4943568605058,308.835636835264,6097,8337,9273,9273,9273,9273,9273,9273,TRUE,TRUE
6233,28.2398668002178,65.7034750911297,1855.45738488493,6344,3607,9273,9273,9273,9273,9273,9273,TRUE,TRUE
6234,12.0850386868071,71.3233867368669,861.945887989139,5852,6110,9273,9273,9273,9273,9273,9273,TRUE,TRUE
6235,38.3799499214118,99.2791251290775,3810.32785069557,7988,1729,9273,9273,9273,9273,9273,9273,TRUE,TRUE
6236,22.7248359060288,23.6487917900086,537.414912803784,5576,7352,9273,9273,9273,9273,9273,9273,TRUE,TRUE
6237,15.9315763099478,91.4904317943328,1457.58679576149,1455,4405,9273,9273,9273,9273,9273,9273,TRUE,TRUE
6238,19.3183355259895,17.6411329269409,340.797324941227,9079,8190,9273,9273,9273,9273,9273,9273,TRUE,TRUE
6239,41.006900954828,35.5889706960539,1459.39339641736,860,4398,9273,9273,9273,9273,9273,9273,TRUE,TRUE
6240,51.6131001799294,141.341817602951,7295.0893915544,677,690,9273,9273,9273,9273,9273,9273,TRUE,TRUE
6241,69.5759431854581,68.1698228825665,4742.97972384019,8871,1299,9273,9273,9273,9273,9273,9273,TRUE,TRUE
6242,33.0004436246718,57.4338921034049,1895.3439185039,7428,3538,9273,9273,9273,9273,9273,9273,TRUE,TRUE
6243,28.4826248542804,33.3141273982088,948.873793030885,8736,5803,9273,9273,9273,9273,9273,9273,TRUE,TRUE
6244,19.3969673732591,14.4669021283343,280.614028575432,8422,8440,9273,9273,9273,9273,9273,9273,TRUE,TRUE
6245,50.7562003489665,64.9521943054866,3296.72658727428,1618,2062,9273,9273,9273,9273,9273,9273,TRUE,TRUE
6246,28.2398451045478,52.2458127257112,1475.4136587353,8694,4354,9273,9273,9273,9273,9273,9273,TRUE,TRUE
6247,28.6436487157106,28.7872415209348,824.571633619975,2992,6227,9273,9273,9273,9273,9273,9273,TRUE,TRUE
6248,40.644943902501,68.9490299869687,2802.4294559522,6156,2432,9273,9273,9273,9273,9273,9273,TRUE,TRUE
6249,68.602389897316,40.3041112092042,2764.95835163861,7831,2474,9273,9273,9273,9273,9273,9273,TRUE,TRUE
6250,115.308597842978,84.1578938005851,9704.12873156368,2010,434,9273,9273,9273,9273,9273,9273,TRUE,TRUE
6251,29.3919857676703,41.371138390694,1215.97991077159,2216,5027,9273,9273,9273,9273,9273,9273,TRUE,TRUE
6252,48.9059181170129,74.5848662685645,3647.64136249877,5254,1816,9273,9273,9273,9273,9273,9273,TRUE,TRUE
6253,16.0868114194562,51.9212030507453,835.246602148635,5118,6195,9273,9273,9273,9273,9273,9273,TRUE,TRUE
6254,35.8135733748765,168.878263107864,6048.1340672352,5792,925,9273,9273,9273,9273,9273,9273,TRUE,TRUE
6255,17.6577855546582,31.7805795059072,561.174657718074,2242,7243,9273,9273,9273,9273,9273,9273,TRUE,TRUE
6256,35.9451514230648,101.161396228092,3636.26170558741,2401,1827,9273,9273,9273,9273,9273,9273,TRUE,TRUE
6257,34.9389910225041,43.9698016150924,1536.260503891,723,4209,9273,9273,9273,9273,9273,9273,TRUE,TRUE
6258,15.4235863208771,40.2207613229752,620.348384156301,7021,7011,9273,9273,9273,9273,9273,9273,TRUE,TRUE
6259,22.7996391942974,32.7605900738875,746.929633476917,8665,6522,9273,9273,9273,9273,9273,9273,TRUE,TRUE
6260,11.9537797918642,57.3686919465733,685.772710476632,5554,6749,9273,9273,9273,9273,9273,9273,TRUE,TRUE
6261,35.3190444629625,33.6827483140364,1189.64248533823,3470,5104,9273,9273,9273,9273,9273,9273,TRUE,TRUE
6262,9.06580888510322,26.3962787404049,239.303618338424,5909,8601,9273,9273,9273,9273,9273,9273,TRUE,TRUE
6263,38.944019942778,9.39920755214117,366.042926356896,2001,8087,9273,9273,9273,9273,9273,9273,TRUE,TRUE
6264,12.9547068595886,30.9928848981857,401.503738588967,1858,7914,9273,9273,9273,9273,9273,9273,TRUE,TRUE
6265,16.0216977793996,26.0398046726134,417.201880699209,7905,7836,9273,9273,9273,9273,9273,9273,TRUE,TRUE
6266,33.9120613891886,71.7516562894264,2433.24657286299,3702,2824,9273,9273,9273,9273,9273,9273,TRUE,TRUE
6267,81.6579420648939,95.3312410184038,7784.55295605526,678,630,9273,9273,9273,9273,9273,9273,TRUE,TRUE
6268,33.0272489809522,2.91165420432496,96.1639283526768,5663,9080,9273,9273,9273,9273,9273,9273,TRUE,TRUE
6269,15.3087690056756,73.4676513838214,1124.69930442443,2934,5294,9273,9273,9273,9273,9273,9273,TRUE,TRUE
6270,29.5358245491982,27.457952206785,810.993258859871,7858,6273,9273,9273,9273,9273,9273,9273,TRUE,TRUE
6271,37.7553210007194,76.3423524013215,2882.33002086194,5645,2370,9273,9273,9273,9273,9273,9273,TRUE,TRUE
6272,41.5327791305125,36.4031955862208,1511.92588192736,6786,4273,9273,9273,9273,9273,9273,9273,TRUE,TRUE
6273,16.2444264525953,46.8804755714369,761.546437482896,6270,6471,9273,9273,9273,9273,9273,9273,TRUE,TRUE
6274,70.6721680579346,80.4966439845084,5688.87235177291,3093,1008,9273,9273,9273,9273,9273,9273,TRUE,TRUE
6275,44.8514439939992,45.0937834227868,2022.52130166465,6778,3332,9273,9273,9273,9273,9273,9273,TRUE,TRUE
6276,8.67807848056157,40.7935286422571,354.009443056543,6505,8131,9273,9273,9273,9273,9273,9273,TRUE,TRUE
6277,19.6699311533688,28.9886393105931,570.204539469209,5943,7208,9273,9273,9273,9273,9273,9273,TRUE,TRUE
6278,19.0389201492913,29.8283061361582,567.898738714932,141,7216,9273,9273,9273,9273,9273,9273,TRUE,TRUE
6279,19.8980258632351,29.6461270435436,589.899402657184,428,7132,9273,9273,9273,9273,9273,9273,TRUE,TRUE
6280,37.6672295727381,91.1827527930097,3434.60168252852,919,1962,9273,9273,9273,9273,9273,9273,TRUE,TRUE
6281,44.6167971915717,25.3275180706479,1130.03273712396,6897,5276,9273,9273,9273,9273,9273,9273,TRUE,TRUE
6282,61.1378383889912,40.5093837385103,2476.65615624267,3340,2774,9273,9273,9273,9273,9273,9273,TRUE,TRUE
6283,76.9244432283002,75.2239566145017,5786.56098000036,4945,980,9273,9273,9273,9273,9273,9273,TRUE,TRUE
6284,47.7719158544773,78.1691122597795,3734.28825329338,5839,1764,9273,9273,9273,9273,9273,9273,TRUE,TRUE
6285,68.3187858200073,23.9287904262543,1634.78590806311,7793,3997,9273,9273,9273,9273,9273,9273,TRUE,TRUE
6286,22.4943465490152,52.2733518392733,1175.85489155122,2541,5153,9273,9273,9273,9273,9273,9273,TRUE,TRUE
6287,18.0333728489913,81.7604380329763,1474.41646334551,4592,4357,9273,9273,9273,9273,9273,9273,TRUE,TRUE
6288,55.0352233229311,151.553646228211,8340.78876557407,374,565,9273,9273,9273,9273,9273,9273,TRUE,TRUE
6289,25.5992069748086,24.1893267004703,619.227580786602,1522,7020,9273,9273,9273,9273,9273,9273,TRUE,TRUE
6290,45.2902057577619,50.9257028835026,2306.43556195248,1920,2976,9273,9273,9273,9273,9273,9273,TRUE,TRUE
6291,48.7919286062551,37.5330500713615,1831.30989945687,7574,3647,9273,9273,9273,9273,9273,9273,TRUE,TRUE
6292,45.2277528524399,24.4633943152428,1106.42435202158,2410,5351,9273,9273,9273,9273,9273,9273,TRUE,TRUE
6293,61.6679938575149,31.2098321010632,1924.64773430244,5972,3477,9273,9273,9273,9273,9273,9273,TRUE,TRUE
6294,84.7813628549161,176.294605877886,14946.4969502975,5495,204,9273,9273,9273,9273,9273,9273,TRUE,TRUE
6295,32.2074209163929,63.1137650424037,2032.73159633902,6614,3320,9273,9273,9273,9273,9273,9273,TRUE,TRUE
6296,64.0800394612764,142.679556778499,9142.91162868364,3112,481,9273,9273,9273,9273,9273,9273,TRUE,TRUE
6297,16.9659547066689,83.4453561091423,1415.73013222956,1606,4498,9273,9273,9273,9273,9273,9273,TRUE,TRUE
6298,14.9749161782472,38.1399784917417,571.142980953983,980,7203,9273,9273,9273,9273,9273,9273,TRUE,TRUE
6299,38.7124151890504,79.0136996327832,3058.81114580722,1131,2221,9273,9273,9273,9273,9273,9273,TRUE,TRUE
6300,15.0144257247448,25.5622342874606,383.802268067603,5762,7999,9273,9273,9273,9273,9273,9273,TRUE,TRUE
6301,75.9791494496082,80.6209066072372,6125.50791187418,4753,910,9273,9273,9273,9273,9273,9273,TRUE,TRUE
6302,69.3946579373119,87.7985977866862,6092.75366078272,3997,916,9273,9273,9273,9273,9273,9273,TRUE,TRUE
6303,42.0228463970454,57.7269310233867,2425.84995536862,70,2836,9273,9273,9273,9273,9273,9273,TRUE,TRUE
6304,40.4453380008539,82.30829261144,3328.98671494287,9187,2044,9273,9273,9273,9273,9273,9273,TRUE,TRUE
6305,52.2070073640219,34.0080146874397,1775.45667322293,822,3744,9273,9273,9273,9273,9273,9273,TRUE,TRUE
6306,24.3906984462916,71.5390113135365,1744.88645209431,7940,3795,9273,9273,9273,9273,9273,9273,TRUE,TRUE
6307,53.1326813943607,77.2476876740603,4104.37677763693,7780,1579,9273,9273,9273,9273,9273,9273,TRUE,TRUE
6308,47.2040141389725,119.280337707612,5630.51074765155,8099,1026,9273,9273,9273,9273,9273,9273,TRUE,TRUE
6309,14.6953469084091,17.7551597266638,260.918231597538,1240,8518,9273,9273,9273,9273,9273,9273,TRUE,TRUE
6310,30.05230929288,43.451387351643,1305.81453189631,4673,4776,9273,9273,9273,9273,9273,9273,TRUE,TRUE
6311,62.4036785130296,19.8533782092008,1238.92383116455,6618,4956,9273,9273,9273,9273,9273,9273,TRUE,TRUE
6312,19.7264231361895,27.8494833677243,549.370693036,2716,7295,9273,9273,9273,9273,9273,9273,TRUE,TRUE
6313,5.73814973983157,22.4034624745646,128.554422369749,249,9004,9273,9273,9273,9273,9273,9273,TRUE,TRUE
6314,45.3486964082442,106.960084083682,4850.50038091117,7743,1258,9273,9273,9273,9273,9273,9273,TRUE,TRUE
6315,22.1372546507478,147.630014443176,3268.12322382217,584,2075,9273,9273,9273,9273,9273,9273,TRUE,TRUE
6316,10.5634992337227,15.0955069541931,159.461376143275,6341,8902,9273,9273,9273,9273,9273,9273,TRUE,TRUE
6317,20.9539611604479,31.9370427891828,669.207554184098,2689,6818,9273,9273,9273,9273,9273,9273,TRUE,TRUE
6318,57.2778976997042,70.4642458288389,4036.04386407104,594,1615,9273,9273,9273,9273,9273,9273,TRUE,TRUE
6319,37.1408686002838,66.4239453333561,2467.04302553861,8750,2788,9273,9273,9273,9273,9273,9273,TRUE,TRUE
6320,25.0494625389576,39.966197514534,1001.1317674649,1705,5630,9273,9273,9273,9273,9273,9273,TRUE,TRUE
6321,22.6588273207347,22.4144858458103,507.885964263267,1660,7473,9273,9273,9273,9273,9273,9273,TRUE,TRUE
6322,56.7219457927131,152.236456823261,8635.14805160369,5541,529,9273,9273,9273,9273,9273,9273,TRUE,TRUE
6323,44.3969516459476,38.8135075837039,1723.20141940332,4050,3837,9273,9273,9273,9273,9273,9273,TRUE,TRUE
6324,45.0753979789316,77.5716094080865,3496.57116593573,8267,1923,9273,9273,9273,9273,9273,9273,TRUE,TRUE
6325,31.3792666492692,10.0966011461005,316.823939614805,2678,8309,9273,9273,9273,9273,9273,9273,TRUE,TRUE
6326,7.77967505481656,21.1755489317399,164.738889796304,5946,8885,9273,9273,9273,9273,9273,9273,TRUE,TRUE
6327,15.7176345992088,22.2105132341385,349.096731275081,4553,8154,9273,9273,9273,9273,9273,9273,TRUE,TRUE
6328,23.2905515977892,59.8953602289749,1394.99597788111,3890,4547,9273,9273,9273,9273,9273,9273,TRUE,TRUE
6329,56.6137628745526,171.504185585265,9709.49729471747,7274,433,9273,9273,9273,9273,9273,9273,TRUE,TRUE
6330,16.0567219213066,43.7247316903743,702.075857836085,1080,6696,9273,9273,9273,9273,9273,9273,TRUE,TRUE
6331,31.855473736101,57.7602497821997,1839.98011992749,7163,3632,9273,9273,9273,9273,9273,9273,TRUE,TRUE
6332,25.9478350761609,16.2788961117084,422.402111528567,701,7817,9273,9273,9273,9273,9273,9273,TRUE,TRUE
6333,40.6731853743446,125.090837039151,5087.84280352531,1109,1173,9273,9273,9273,9273,9273,9273,TRUE,TRUE
6334,58.2946120821513,102.522278565627,5976.49645876147,4612,938,9273,9273,9273,9273,9273,9273,TRUE,TRUE
6335,24.6748442071857,71.971558599761,1775.88699579744,5626,3742,9273,9273,9273,9273,9273,9273,TRUE,TRUE
6336,48.827334993864,34.7258446606032,1695.57045018815,9146,3895,9273,9273,9273,9273,9273,9273,TRUE,TRUE
6337,50.4066201231697,74.8411769346757,3772.49077531713,7910,1746,9273,9273,9273,9273,9273,9273,TRUE,TRUE
6338,23.9797505820519,39.2920185908117,942.212805673011,6405,5819,9273,9273,9273,9273,9273,9273,TRUE,TRUE
6339,31.3538451302726,49.3465673806533,1547.20463136357,5306,4178,9273,9273,9273,9273,9273,9273,TRUE,TRUE
6340,30.7917136843654,48.4681770594224,1492.41823081686,4372,4315,9273,9273,9273,9273,9273,9273,TRUE,TRUE
6341,22.2058203845632,35.9693168775708,798.728189938775,7559,6316,9273,9273,9273,9273,9273,9273,TRUE,TRUE
6342,29.5988743782043,21.4468232989311,634.801828636608,7183,6946,9273,9273,9273,9273,9273,9273,TRUE,TRUE
6343,42.0449135734374,32.234258335757,1355.28660583076,4130,4659,9273,9273,9273,9273,9273,9273,TRUE,TRUE
6344,8.40898346613689,97.9296588553004,823.488882158646,2276,6233,9273,9273,9273,9273,9273,9273,TRUE,TRUE
6345,63.0104744039117,47.6588498742823,3003.00674012334,6196,2265,9273,9273,9273,9273,9273,9273,TRUE,TRUE
6346,15.9102470344446,23.7624367109434,378.066238211464,8452,8024,9273,9273,9273,9273,9273,9273,TRUE,TRUE
6347,23.2660350261196,99.8949482210221,2324.1593642427,7959,2958,9273,9273,9273,9273,9273,9273,TRUE,TRUE
6348,12.4354530924742,20.1182192285681,250.179171520971,4281,8548,9273,9273,9273,9273,9273,9273,TRUE,TRUE
6349,36.582499061312,35.1954228367124,1287.53652288651,6674,4822,9273,9273,9273,9273,9273,9273,TRUE,TRUE
6350,53.5108449229336,79.7045100781851,4265.05567845217,4597,1500,9273,9273,9273,9273,9273,9273,TRUE,TRUE
6351,21.6929006040096,32.9657403945923,715.122529717476,3259,6647,9273,9273,9273,9273,9273,9273,TRUE,TRUE
6352,13.9920253807848,47.1132121953097,659.209260807074,2702,6857,9273,9273,9273,9273,9273,9273,TRUE,TRUE
6353,40.4588908672333,96.3940034484863,3899.99446577802,8383,1685,9273,9273,9273,9273,9273,9273,TRUE,TRUE
6354,23.3406690311432,33.2839439964294,776.869520871765,6018,6397,9273,9273,9273,9273,9273,9273,TRUE,TRUE
6355,32.2017501577797,51.0179437146642,1642.86707706328,6210,3980,9273,9273,9273,9273,9273,9273,TRUE,TRUE
6356,39.3326850752397,72.2492573061857,2841.75728454416,5302,2410,9273,9273,9273,9273,9273,9273,TRUE,TRUE
6357,30.2461206209176,50.8747767627899,1538.7646345296,3533,4202,9273,9273,9273,9273,9273,9273,TRUE,TRUE
6358,48.9862246135496,25.1007396320127,1229.59046958,5460,4983,9273,9273,9273,9273,9273,9273,TRUE,TRUE
6359,59.0285021074259,91.5287220705846,5402.8033636335,2157,1093,9273,9273,9273,9273,9273,9273,TRUE,TRUE
6360,18.2951643048756,22.8592413740773,418.213576823554,3916,7833,9273,9273,9273,9273,9273,9273,TRUE,TRUE
6361,21.0730815936567,26.6798246060318,562.226120827359,1974,7240,9273,9273,9273,9273,9273,9273,TRUE,TRUE
6362,45.1323706273875,45.4695022540857,2052.14642797422,1281,3300,9273,9273,9273,9273,9273,9273,TRUE,TRUE
6363,11.9766594980835,53.6681539203049,642.765205394226,1648,6907,9273,9273,9273,9273,9273,9273,TRUE,TRUE
6364,54.1409151342301,53.4521133753053,2893.94633399765,7899,2357,9273,9273,9273,9273,9273,9273,TRUE,TRUE
6365,36.8390639901161,41.8753700256348,1542.64943598415,3239,4192,9273,9273,9273,9273,9273,9273,TRUE,TRUE
6366,27.0419442325425,50.9777989798703,1378.53879711141,7446,4600,9273,9273,9273,9273,9273,9273,TRUE,TRUE
6367,17.3574760705233,42.7300275308745,741.685430359955,7061,6536,9273,9273,9273,9273,9273,9273,TRUE,TRUE
6368,41.7679916600339,73.6710148267359,3077.09033286934,1529,2209,9273,9273,9273,9273,9273,9273,TRUE,TRUE
6369,9.50282514706636,24.7381793291141,235.082592621343,2041,8615,9273,9273,9273,9273,9273,9273,TRUE,TRUE
6370,57.4683579021597,81.5141812747813,4684.48614360065,7926,1324,9273,9273,9273,9273,9273,9273,TRUE,TRUE
6371,27.7018954694958,34.4350217885201,953.915374075396,1516,5787,9273,9273,9273,9273,9273,9273,TRUE,TRUE
6372,23.7914199955013,89.7470996651983,2135.21094151284,5437,3199,9273,9273,9273,9273,9273,9273,TRUE,TRUE
6373,24.6482825609064,115.45838588217,2845.8509192499,8838,2403,9273,9273,9273,9273,9273,9273,TRUE,TRUE
6374,47.8410346443003,40.4136033260461,1933.42859682238,5916,3456,9273,9273,9273,9273,9273,9273,TRUE,TRUE
6375,34.6107031912227,65.9232693309278,2281.65070820777,6981,3011,9273,9273,9273,9273,9273,9273,TRUE,TRUE
6376,74.7074192090966,89.1844128000325,6662.73731396915,8558,791,9273,9273,9273,9273,9273,9273,TRUE,TRUE
6377,53.9174663183781,118.334550882761,6380.29916152168,2373,838,9273,9273,9273,9273,9273,9273,TRUE,TRUE
6378,58.032621421814,57.6073058605194,3343.10297213417,3813,2036,9273,9273,9273,9273,9273,9273,TRUE,TRUE
6379,16.0397427111137,21.8136553764343,349.885419826909,8839,8149,9273,9273,9273,9273,9273,9273,TRUE,TRUE
6380,46.3200312216589,96.2597356203387,4458.75395932272,1865,1410,9273,9273,9273,9273,9273,9273,TRUE,TRUE
6381,46.0582942033218,49.6179398358879,2285.31767072404,67,3007,9273,9273,9273,9273,9273,9273,TRUE,TRUE
6382,19.1804212456044,21.8785468436576,419.639744703042,6190,7826,9273,9273,9273,9273,9273,9273,TRUE,TRUE
6383,45.6640043073946,48.8667013838485,2231.44926248022,3673,3071,9273,9273,9273,9273,9273,9273,TRUE,TRUE
6384,59.0544633423289,87.4844049036503,5166.34458240807,3943,1149,9273,9273,9273,9273,9273,9273,TRUE,TRUE
6385,15.1242714202037,59.5545950710607,900.719860175045,8124,5974,9273,9273,9273,9273,9273,9273,TRUE,TRUE
6386,33.6079120616913,39.3857792892456,1323.67380683415,2264,4737,9273,9273,9273,9273,9273,9273,TRUE,TRUE
6387,11.2599438212862,80.6396120506645,907.997501460795,3002,5944,9273,9273,9273,9273,9273,9273,TRUE,TRUE
6388,116.803899424088,26.0956512303744,3048.07382171872,5414,2230,9273,9273,9273,9273,9273,9273,TRUE,TRUE
6389,38.3509322106838,36.9114384055138,1415.58807208869,7675,4499,9273,9273,9273,9273,9273,9273,TRUE,TRUE
6390,23.6787844023636,20.2066061439697,478.467870386534,1485,7589,9273,9273,9273,9273,9273,9273,TRUE,TRUE
6391,69.3113572643649,60.8977632461056,4220.90662495153,6780,1526,9273,9273,9273,9273,9273,9273,TRUE,TRUE
6392,19.8620450258255,43.020942234993,854.483891724869,8642,6131,9273,9273,9273,9273,9273,9273,TRUE,TRUE
6393,18.8633958810852,29.9413089553515,564.794764022676,2353,7228,9273,9273,9273,9273,9273,9273,TRUE,TRUE
6394,50.6021771441472,62.7993916414908,3177.7859403874,861,2130,9273,9273,9273,9273,9273,9273,TRUE,TRUE
6395,49.4965925727572,129.735530223165,6421.46668166663,8392,827,9273,9273,9273,9273,9273,9273,TRUE,TRUE
6396,45.4310180273923,94.7374213717201,4304.01749820727,7318,1478,9273,9273,9273,9273,9273,9273,TRUE,TRUE
6397,72.0197217396757,72.3613715322236,5211.44584245203,6354,1138,9273,9273,9273,9273,9273,9273,TRUE,TRUE
6398,28.7931907438014,17.4662778325325,502.909869216336,8088,7493,9273,9273,9273,9273,9273,9273,TRUE,TRUE
6399,80.811183222633,103.77374340338,8386.07899186906,2596,559,9273,9273,9273,9273,9273,9273,TRUE,TRUE
6400,13.5710816192804,21.2639543487237,288.574860015182,9107,8406,9273,9273,9273,9273,9273,9273,TRUE,TRUE
6401,3.92987658580144,0,0,3079,9271,9273,9273,9273,9273,9273,9273,TRUE,TRUE
6402,11.0718309931473,44.0943612708044,488.205315741127,5897,7542,9273,9273,9273,9273,9273,9273,TRUE,TRUE
6403,48.581691014018,31.3344684453402,1522.28146410002,1976,4246,9273,9273,9273,9273,9273,9273,TRUE,TRUE
6404,76.9721228136335,117.018369086129,9007.15227674864,6872,496,9273,9273,9273,9273,9273,9273,TRUE,TRUE
6405,41.1901194254557,19.2335527352612,792.232334141211,8211,6338,9273,9273,9273,9273,9273,9273,TRUE,TRUE
6406,28.0509713745117,32.8130035638809,920.436623682175,4684,5914,9273,9273,9273,9273,9273,9273,TRUE,TRUE
6407,17.2505170400025,27.8209630778579,479.925997643868,9071,7580,9273,9273,9273,9273,9273,9273,TRUE,TRUE
6408,10.2721351066438,16.8363663229612,172.945429574405,2200,8857,9273,9273,9273,9273,9273,9273,TRUE,TRUE
6409,50.0138564856847,91.167005182902,4559.61351344734,7761,1369,9273,9273,9273,9273,9273,9273,TRUE,TRUE
6410,60.6587335765362,53.8821935802698,3268.42562490493,3680,2074,9273,9273,9273,9273,9273,9273,TRUE,TRUE
6411,59.6862505843,20.0917596421591,1199.20180068143,5816,5076,9273,9273,9273,9273,9273,9273,TRUE,TRUE
6412,19.7682074052375,37.0908377634599,733.219373742092,4145,6565,9273,9273,9273,9273,9273,9273,TRUE,TRUE
6413,52.3089837305189,60.834265158871,3182.17858645346,8353,2126,9273,9273,9273,9273,9273,9273,TRUE,TRUE
6414,42.7528258609997,71.3735720226387,3051.42189576139,3967,2226,9273,9273,9273,9273,9273,9273,TRUE,TRUE
6415,27.9662239152382,152.086279351247,4253.27894277245,2799,1509,9273,9273,9273,9273,9273,9273,TRUE,TRUE
6416,13.81479030514,71.952364965657,994.006833959449,6574,5650,9273,9273,9273,9273,9273,9273,TRUE,TRUE
6417,18.9792325640773,44.1706668570801,838.325358790904,5397,6188,9273,9273,9273,9273,9273,9273,TRUE,TRUE
6418,32.3755267534052,42.1077745915917,1363.26138281643,3443,4639,9273,9273,9273,9273,9273,9273,TRUE,TRUE
6419,22.1922243978376,21.554471109515,478.341659639064,4963,7591,9273,9273,9273,9273,9273,9273,TRUE,TRUE
6420,121.145293037901,180.907165276377,21916.0515500627,468,98,9273,9273,9273,9273,9273,9273,TRUE,TRUE
6421,81.2428418933481,123.038108024044,9995.96555705412,2229,413,9273,9273,9273,9273,9273,9273,TRUE,TRUE
6422,35.5500908751076,30.2546103541463,1075.55414748087,3081,5431,9273,9273,9273,9273,9273,9273,TRUE,TRUE
6423,22.5661040518595,0.968441833620486,21.8539591856535,6008,9232,9273,9273,9273,9273,9273,9273,TRUE,TRUE
6424,62.40945397638,111.082676683974,6932.60919808159,2892,745,9273,9273,9273,9273,9273,9273,TRUE,TRUE
6425,46.3353867908972,196.770746978155,9117.44867036657,8850,484,9273,9273,9273,9273,9273,9273,TRUE,TRUE
6426,68.9068812179565,76.1394259977341,5246.53038322925,3575,1125,9273,9273,9273,9273,9273,9273,TRUE,TRUE
6427,26.4545129916087,49.0375495854454,1297.26449258482,1555,4795,9273,9273,9273,9273,9273,9273,TRUE,TRUE
6428,37.0245633649365,38.8975118208623,1440.16339114988,8175,4433,9273,9273,9273,9273,9273,9273,TRUE,TRUE
6429,87.3042426300049,34.1621890544891,2982.50404198522,3041,2288,9273,9273,9273,9273,9273,9273,TRUE,TRUE
6430,25.142831872333,28.8062757186373,724.271347261766,6194,6598,9273,9273,9273,9273,9273,9273,TRUE,TRUE
6431,35.764532691554,50.9658998890927,1822.77159273793,6436,3667,9273,9273,9273,9273,9273,9273,TRUE,TRUE
6432,10.8647872011569,93.5401767825069,1016.29411550053,3653,5595,9273,9273,9273,9273,9273,9273,TRUE,TRUE
6433,25.3106115213756,21.9230371097039,554.885475652415,5829,7278,9273,9273,9273,9273,9273,9273,TRUE,TRUE
6434,105.238841852866,128.487009568648,13521.8240801426,6034,247,9273,9273,9273,9273,9273,9273,TRUE,TRUE
6435,76.0777554597173,58.3219529220036,4437.00327233334,1415,1418,9273,9273,9273,9273,9273,9273,TRUE,TRUE
6436,16.8363265298598,45.7784548764788,770.741014332852,2604,6431,9273,9273,9273,9273,9273,9273,TRUE,TRUE
6437,24.6861567497253,50.1956142985705,1239.13680272327,8757,4955,9273,9273,9273,9273,9273,9273,TRUE,TRUE
6438,38.7669127831954,29.8549555005859,1157.38445603739,1073,5208,9273,9273,9273,9273,9273,9273,TRUE,TRUE
6439,44.7727975654602,81.9943825888634,3671.11789315607,7975,1803,9273,9273,9273,9273,9273,9273,TRUE,TRUE
6440,61.7806628634558,76.459631663759,4723.72672648271,4706,1308,9273,9273,9273,9273,9273,9273,TRUE,TRUE
6441,9.03312915769117,138.48738200089,1250.97440832456,4865,4919,9273,9273,9273,9273,9273,9273,TRUE,TRUE
6442,53.7254565270654,17.107117153601,919.087678939204,2997,5917,9273,9273,9273,9273,9273,9273,TRUE,TRUE
6443,54.3565535754352,108.263128587178,5884.81054929317,2917,960,9273,9273,9273,9273,9273,9273,TRUE,TRUE
6444,27.5108027920049,43.7486310404633,1203.55996097437,2984,5067,9273,9273,9273,9273,9273,9273,TRUE,TRUE
6445,30.8628395245625,89.0476751327515,2748.26410765749,7057,2494,9273,9273,9273,9273,9273,9273,TRUE,TRUE
6446,12.1794568928036,28.3934217938305,345.816456777148,8683,8167,9273,9273,9273,9273,9273,9273,TRUE,TRUE
6447,43.3436478644378,29.4028647371041,1274.42741537074,2515,4859,9273,9273,9273,9273,9273,9273,TRUE,TRUE
6448,33.9490503069342,34.3839585285241,1167.30273783641,3426,5180,9273,9273,9273,9273,9273,9273,TRUE,TRUE
6449,26.6004453725852,41.4925531617398,1103.72039374795,1714,5359,9273,9273,9273,9273,9273,9273,TRUE,TRUE
6450,97.2334538129492,127.514326725531,12398.6583981562,3225,283,9273,9273,9273,9273,9273,9273,TRUE,TRUE
6451,10.3428414008482,15.9773631987533,165.251333568454,1688,8883,9273,9273,9273,9273,9273,9273,TRUE,TRUE
6452,11.4787274136625,65.2973049447454,749.529964307532,3363,6517,9273,9273,9273,9273,9273,9273,TRUE,TRUE
6453,43.5522429943085,46.537023973465,2026.79177632431,4488,3327,9273,9273,9273,9273,9273,9273,TRUE,TRUE
6454,60.1440750468861,85.7083508573768,5154.84948611091,7058,1152,9273,9273,9273,9273,9273,9273,TRUE,TRUE
6455,34.6743957141967,49.4353589100236,1714.1411971195,6936,3863,9273,9273,9273,9273,9273,9273,TRUE,TRUE
6456,16.1087289311803,21.7030848908473,349.609111477054,3036,8152,9273,9273,9273,9273,9273,9273,TRUE,TRUE
6457,13.6429683026443,21.5858374295382,294.494895837223,3544,8388,9273,9273,9273,9273,9273,9273,TRUE,TRUE
6458,50.0996094554304,55.3748191178563,2774.2568114697,5818,2464,9273,9273,9273,9273,9273,9273,TRUE,TRUE
6459,32.5692212510007,61.4116454943055,2000.12946949205,7884,3361,9273,9273,9273,9273,9273,9273,TRUE,TRUE
6460,35.7128076529503,53.0888267993927,1895.9510600075,1305,3536,9273,9273,9273,9273,9273,9273,TRUE,TRUE
6461,45.1295043479829,47.857574742181,2159.78862741117,4234,3159,9273,9273,9273,9273,9273,9273,TRUE,TRUE
6462,24.5494397588037,68.3644160702454,1678.30811396228,7567,3926,9273,9273,9273,9273,9273,9273,TRUE,TRUE
6463,49.5821066127715,160.21670399993,7943.88169887136,5174,603,9273,9273,9273,9273,9273,9273,TRUE,TRUE
6464,35.7431150397376,189.059268405066,6757.56717993089,1170,775,9273,9273,9273,9273,9273,9273,TRUE,TRUE
6465,51.1963179169949,58.4728683165049,2993.59555585036,5219,2277,9273,9273,9273,9273,9273,9273,TRUE,TRUE
6466,47.1112916083053,41.3060098781249,1945.97947654388,5966,3441,9273,9273,9273,9273,9273,9273,TRUE,TRUE
6467,63.2433847002236,69.31438905647,4383.6765723593,4905,1437,9273,9273,9273,9273,9273,9273,TRUE,TRUE
6468,9.84780578494072,26.1562157392502,257.581332669146,4189,8526,9273,9273,9273,9273,9273,9273,TRUE,TRUE
6469,73.2086596254669,106.128691459667,7769.53924956694,2737,631,9273,9273,9273,9273,9273,9273,TRUE,TRUE
6470,20.3336248099804,13.5299607467651,275.113145518484,1168,8459,9273,9273,9273,9273,9273,9273,TRUE,TRUE
6471,34.545017643626,38.0104581993747,1313.0719491397,6273,4760,9273,9273,9273,9273,9273,9273,TRUE,TRUE
6472,62.0181433560512,56.9745832448153,3533.45787132823,6593,1901,9273,9273,9273,9273,9273,9273,TRUE,TRUE
6473,62.7766020957738,150.184417839573,9428.06743970029,3361,463,9273,9273,9273,9273,9273,9273,TRUE,TRUE
6474,49.8287946943925,83.9458889604729,4182.92246644967,1491,1541,9273,9273,9273,9273,9273,9273,TRUE,TRUE
6475,96.797260318946,387.417452732362,37500.9480242374,461,30,9273,9273,9273,9273,9273,9273,TRUE,TRUE
6476,24.9892839881609,20.6915412291041,517.066799926822,34,7439,9273,9273,9273,9273,9273,9273,TRUE,TRUE
6477,26.7416272312403,47.1575233221054,1261.06890982826,6900,4895,9273,9273,9273,9273,9273,9273,TRUE,TRUE
6478,21.9845073070432,50.5862851565695,1112.11455566077,3109,5332,9273,9273,9273,9273,9273,9273,TRUE,TRUE
6479,13.9473484696694,30.5638843369715,426.285145434412,3331,7796,9273,9273,9273,9273,9273,9273,TRUE,TRUE
6480,24.9222782868259,39.7308370536228,990.182977618924,4907,5669,9273,9273,9273,9273,9273,9273,TRUE,TRUE
6481,24.3004878520966,60.3311197757721,1466.07564321453,287,4383,9273,9273,9273,9273,9273,9273,TRUE,TRUE
6482,25.1117301601834,85.5440266587999,2148.15851427132,1594,3172,9273,9273,9273,9273,9273,9273,TRUE,TRUE
6483,7.50308272838593,88.8905381338937,666.953061389348,5915,6824,9273,9273,9273,9273,9273,9273,TRUE,TRUE
6484,25.2251657845482,55.405591307746,1397.61522612882,5935,4540,9273,9273,9273,9273,9273,9273,TRUE,TRUE
6485,18.4139989113808,21.7904805088043,401.249884367587,6603,7915,9273,9273,9273,9273,9273,9273,TRUE,TRUE
6486,9.77311300658263,21.0013462029971,205.248529732255,738,8736,9273,9273,9273,9273,9273,9273,TRUE,TRUE
6487,43.8099700329448,41.8937402657527,1835.3635056106,1970,3639,9273,9273,9273,9273,9273,9273,TRUE,TRUE
6488,51.8715566772955,76.0386983421554,3944.24565072289,2850,1662,9273,9273,9273,9273,9273,9273,TRUE,TRUE
6489,26.7157015161039,45.6455433140313,1219.45271071805,8819,5012,9273,9273,9273,9273,9273,9273,TRUE,TRUE
6490,26.862157066949,18.1306610793519,487.028665641168,1473,7547,9273,9273,9273,9273,9273,9273,TRUE,TRUE
6491,36.8331794929504,51.9441616541545,1913.2686298183,2013,3499,9273,9273,9273,9273,9273,9273,TRUE,TRUE
6492,54.4763308929998,73.3393732475835,3995.25996452057,8859,1629,9273,9273,9273,9273,9273,9273,TRUE,TRUE
6493,17.7502810586514,37.1643973750647,659.678498782805,3968,6854,9273,9273,9273,9273,9273,9273,TRUE,TRUE
6494,8.22676552759918,31.9155359394225,262.561630861294,9245,8509,9273,9273,9273,9273,9273,9273,TRUE,TRUE
6495,15.819947583204,65.4335748156293,1035.15572376492,6532,5544,9273,9273,9273,9273,9273,9273,TRUE,TRUE
6496,56.3104209018355,30.7613249225777,1732.18315388847,8963,3818,9273,9273,9273,9273,9273,9273,TRUE,TRUE
6497,48.2574228724608,88.4480231175056,4268.27365381466,7875,1498,9273,9273,9273,9273,9273,9273,TRUE,TRUE
6498,31.8300722073439,27.8684812055859,887.055769082804,675,6027,9273,9273,9273,9273,9273,9273,TRUE,TRUE
6499,84.2714576507328,92.7162894093713,7813.33685649492,7527,627,9273,9273,9273,9273,9273,9273,TRUE,TRUE
6500,76.7953493784344,84.6188064137579,6498.33080253064,2233,817,9273,9273,9273,9273,9273,9273,TRUE,TRUE
6501,84.8527701330288,87.6939993794207,7441.07877138796,3219,673,9273,9273,9273,9273,9273,9273,TRUE,TRUE
6502,36.0400195156698,34.1094077812446,1229.303722104,1385,4984,9273,9273,9273,9273,9273,9273,TRUE,TRUE
6503,7.93901674520402,17.4253665265583,138.340276645664,7720,8975,9273,9273,9273,9273,9273,9273,TRUE,TRUE
6504,75.0735575538792,20.3440136256283,1527.29747780051,4784,4237,9273,9273,9273,9273,9273,9273,TRUE,TRUE
6505,23.0619225328033,35.115753390338,809.836784368999,5567,6276,9273,9273,9273,9273,9273,9273,TRUE,TRUE
6506,8.91499043431917,29.9465156440571,266.972900507958,2748,8488,9273,9273,9273,9273,9273,9273,TRUE,TRUE
6507,35.5398816969788,44.6101089449762,1585.43799439379,7287,4097,9273,9273,9273,9273,9273,9273,TRUE,TRUE
6508,8.45782756932238,29.3964628260186,248.630213730461,4958,8554,9273,9273,9273,9273,9273,9273,TRUE,TRUE
6509,35.1078963076334,68.2128627469754,2394.81011216764,9253,2881,9273,9273,9273,9273,9273,9273,TRUE,TRUE
6510,70.7160332617552,135.803125754647,9603.45835791592,8434,443,9273,9273,9273,9273,9273,9273,TRUE,TRUE
6511,18.0860491401547,14.8331171234885,268.272485197083,619,8486,9273,9273,9273,9273,9273,9273,TRUE,TRUE
6512,49.7441364015852,111.427433833326,5542.86146748356,7273,1054,9273,9273,9273,9273,9273,9273,TRUE,TRUE
6513,42.7601573955582,27.8484340748155,1190.80342425894,125,5103,9273,9273,9273,9273,9273,9273,TRUE,TRUE
6514,19.7627562849145,8.84267513375533,174.755633575081,9076,8846,9273,9273,9273,9273,9273,9273,TRUE,TRUE
6515,25.4226196658227,12.0711554865683,306.880394862035,9035,8346,9273,9273,9273,9273,9273,9273,TRUE,TRUE
6516,23.3216505455119,39.6729893620525,925.239593997601,109,5892,9273,9273,9273,9273,9273,9273,TRUE,TRUE
6517,12.4575836224525,20.7192550205827,258.111852013829,6452,8524,9273,9273,9273,9273,9273,9273,TRUE,TRUE
6518,32.2593680065732,26.2923774317254,848.175479337747,1440,6152,9273,9273,9273,9273,9273,9273,TRUE,TRUE
6519,21.5991726183686,45.8430359075809,990.17164591791,5760,5670,9273,9273,9273,9273,9273,9273,TRUE,TRUE
6520,46.4620788592613,66.9715811024788,3111.63888251278,3360,2183,9273,9273,9273,9273,9273,9273,TRUE,TRUE
6521,24.105021349057,30.7391325300209,740.967445887645,1364,6538,9273,9273,9273,9273,9273,9273,TRUE,TRUE
6522,120.968250564934,124.796030999495,15096.3575474562,6259,198,9273,9273,9273,9273,9273,9273,TRUE,TRUE
6523,25.6729723923364,44.0223646233892,1130.18495162164,6741,5275,9273,9273,9273,9273,9273,9273,TRUE,TRUE
6524,40.5996223171008,34.1391672761473,1386.03729763191,5067,4574,9273,9273,9273,9273,9273,9273,TRUE,TRUE
6525,42.0798743380033,75.3424062230037,3170.39898618679,7272,2136,9273,9273,9273,9273,9273,9273,TRUE,TRUE
6526,48.8843096135809,32.3619218763596,1581.99020869448,7980,4102,9273,9273,9273,9273,9273,9273,TRUE,TRUE
6527,34.7423058530967,55.3264617450132,1922.1688557149,5493,3481,9273,9273,9273,9273,9273,9273,TRUE,TRUE
6528,13.5460424328795,109.133865007079,1478.33196625004,736,4349,9273,9273,9273,9273,9273,9273,TRUE,TRUE
6529,71.0863254969133,44.4053895996216,3156.61597889595,3392,2149,9273,9273,9273,9273,9273,9273,TRUE,TRUE
6530,13.0986899994669,17.1647318976266,224.835502050971,2556,8655,9273,9273,9273,9273,9273,9273,TRUE,TRUE
6531,62.6507376088935,27.4732345362841,1721.21840820032,852,3843,9273,9273,9273,9273,9273,9273,TRUE,TRUE
6532,27.4006007920201,27.6010175488086,756.284463308445,8749,6495,9273,9273,9273,9273,9273,9273,TRUE,TRUE
6533,54.5287437740352,24.5827314385442,1340.4654638783,7803,4694,9273,9273,9273,9273,9273,9273,TRUE,TRUE
6534,38.9473632574081,34.1112624168396,1328.54372851743,9050,4725,9273,9273,9273,9273,9273,9273,TRUE,TRUE
6535,78.5268314881758,38.4156761342829,3016.66132630117,1892,2254,9273,9273,9273,9273,9273,9273,TRUE,TRUE
6536,9.80895894169807,7.43321057319641,72.9120573174796,6367,9145,9273,9273,9273,9273,9273,9273,TRUE,TRUE
6537,26.53148652455,75.6574722242089,2007.30520479811,3173,3352,9273,9273,9273,9273,9273,9273,TRUE,TRUE
6538,30.144937894415,39.5977238529133,1193.67092630627,6521,5095,9273,9273,9273,9273,9273,9273,TRUE,TRUE
6539,31.8106882985276,49.979785860175,1589.89138922518,3101,4091,9273,9273,9273,9273,9273,9273,TRUE,TRUE
6540,39.3692611280808,34.1141402465476,1343.0484955263,7556,4689,9273,9273,9273,9273,9273,9273,TRUE,TRUE
6541,45.0690208079451,113.318867550866,5107.17039958276,8483,1162,9273,9273,9273,9273,9273,9273,TRUE,TRUE
6542,29.9661456182331,32.0869787867198,961.523078772002,7678,5766,9273,9273,9273,9273,9273,9273,TRUE,TRUE
6543,83.8170169168444,133.375161401549,11179.1081594805,6564,330,9273,9273,9273,9273,9273,9273,TRUE,TRUE
6544,46.1894778210996,49.5632990329496,2289.30290142295,6057,3001,9273,9273,9273,9273,9273,9273,TRUE,TRUE
6545,13.0001131865111,24.5304930318486,318.899185934954,4132,8300,9273,9273,9273,9273,9273,9273,TRUE,TRUE
6546,25.488094565892,28.2790398597717,720.778842178491,1226,6618,9273,9273,9273,9273,9273,9273,TRUE,TRUE
6547,19.2517544746399,61.1584852123261,1177.4081413486,4166,5148,9273,9273,9273,9273,9273,9273,TRUE,TRUE
6548,46.158847906516,95.4998346152285,4408.16234110176,2296,1427,9273,9273,9273,9273,9273,9273,TRUE,TRUE
6549,36.9611572241783,37.0641863584518,1369.93521938098,4175,4623,9273,9273,9273,9273,9273,9273,TRUE,TRUE
6550,41.9971060231077,33.0330387446214,1387.29203042329,7765,4570,9273,9273,9273,9273,9273,9273,TRUE,TRUE
6551,16.4199461269873,13.8887882875037,228.053155449943,7938,8644,9273,9273,9273,9273,9273,9273,TRUE,TRUE
6552,11.5048982051381,49.5279198696739,569.813676412834,5355,7211,9273,9273,9273,9273,9273,9273,TRUE,TRUE
6553,44.7178480356512,20.6158992830017,921.89865125556,57,5911,9273,9273,9273,9273,9273,9273,TRUE,TRUE
6554,42.7529092758541,64.1334340958727,2741.89088944981,5232,2504,9273,9273,9273,9273,9273,9273,TRUE,TRUE
6555,22.3257467608234,52.3383218915631,1168.4921204375,5369,5178,9273,9273,9273,9273,9273,9273,TRUE,TRUE
6556,14.2610248096965,25.5285039815036,364.062628634657,9088,8097,9273,9273,9273,9273,9273,9273,TRUE,TRUE
6557,38.9526371794778,59.4177741778864,2314.47899956335,8633,2969,9273,9273,9273,9273,9273,9273,TRUE,TRUE
6558,20.3099925659321,46.3490584408795,941.349032372216,8359,5824,9273,9273,9273,9273,9273,9273,TRUE,TRUE
6559,11.1688672050101,12.5194493278128,139.828067022194,657,8968,9273,9273,9273,9273,9273,9273,TRUE,TRUE
6560,17.6993774210705,98.4554887191922,1742.60085401694,7653,3798,9273,9273,9273,9273,9273,9273,TRUE,TRUE
6561,15.2605181855229,42.409770353603,647.195071725007,5865,6897,9273,9273,9273,9273,9273,9273,TRUE,TRUE
6562,21.3526436834004,45.8731787238872,979.513639916106,9175,5712,9273,9273,9273,9273,9273,9273,TRUE,TRUE
6563,2.14987055212259,37.5478744506836,80.7230695763209,4031,9120,9273,9273,9273,9273,9273,9273,TRUE,TRUE
6564,15.8811327005814,46.5328808022987,738.994854961642,7882,6543,9273,9273,9273,9273,9273,9273,TRUE,TRUE
6565,24.450065306887,23.4539413120243,573.45039678289,6412,7189,9273,9273,9273,9273,9273,9273,TRUE,TRUE
6566,31.0442328720349,77.8525290895471,2416.87204273277,9091,2849,9273,9273,9273,9273,9273,9273,TRUE,TRUE
6567,23.9213630040487,49.9259217739105,1194.29609806545,1684,5091,9273,9273,9273,9273,9273,9273,TRUE,TRUE
6568,29.9369228243135,38.6800528626109,1157.96175738835,4549,5206,9273,9273,9273,9273,9273,9273,TRUE,TRUE
6569,46.9529999604932,71.725157543465,3367.71131930468,7087,2022,9273,9273,9273,9273,9273,9273,TRUE,TRUE
6570,28.3279694488397,33.2036926171525,940.593190047362,7425,5832,9273,9273,9273,9273,9273,9273,TRUE,TRUE
6571,37.203147602885,69.4466934177313,2583.63558575216,2290,2649,9273,9273,9273,9273,9273,9273,TRUE,TRUE
6572,92.9736513468425,135.162143039703,12566.5179622654,3321,276,9273,9273,9273,9273,9273,9273,TRUE,TRUE
6573,17.5243800339791,19.5082397139989,341.86980654208,6671,8184,9273,9273,9273,9273,9273,9273,TRUE,TRUE
6574,23.8519747197127,32.4085051873151,773.006846431518,7238,6416,9273,9273,9273,9273,9273,9273,TRUE,TRUE
6575,39.2369337023758,23.53142786026,923.301074875262,6735,5902,9273,9273,9273,9273,9273,9273,TRUE,TRUE
6576,80.4453426647186,155.751046770732,12529.4463278601,8222,278,9273,9273,9273,9273,9273,9273,TRUE,TRUE
6577,20.9938376903534,25.5325442075729,536.026088915559,5263,7358,9273,9273,9273,9273,9273,9273,TRUE,TRUE
6578,31.0744577338897,46.9743095995432,1459.70119822965,5656,4396,9273,9273,9273,9273,9273,9273,TRUE,TRUE
6579,39.8048693506341,46.9487664992349,1868.78951667547,5655,3589,9273,9273,9273,9273,9273,9273,TRUE,TRUE
6580,36.7057996138978,48.5131516502307,1780.714023112,7008,3736,9273,9273,9273,9273,9273,9273,TRUE,TRUE
6581,15.7881853966486,61.6766501426697,973.762387096702,1755,5728,9273,9273,9273,9273,9273,9273,TRUE,TRUE
6582,26.1779221276376,58.0894581976543,1520.66131313485,4621,4251,9273,9273,9273,9273,9273,9273,TRUE,TRUE
6583,30.5097232968354,20.2176830867105,616.835916678647,4444,7029,9273,9273,9273,9273,9273,9273,TRUE,TRUE
6584,40.8836345887184,49.4740838623047,2022.68036623808,541,3331,9273,9273,9273,9273,9273,9273,TRUE,TRUE
6585,18.8602435872508,31.5137107784282,594.356261619326,6694,7114,9273,9273,9273,9273,9273,9273,TRUE,TRUE
6586,40.6736639745874,38.7111221305166,1574.52317361585,3077,4121,9273,9273,9273,9273,9273,9273,TRUE,TRUE
6587,29.5696502064799,41.1197407267115,1215.89634987001,4619,5028,9273,9273,9273,9273,9273,9273,TRUE,TRUE
6588,17.6722782210442,95.6476368769414,1690.31165007471,1392,3903,9273,9273,9273,9273,9273,9273,TRUE,TRUE
6589,54.5324849032644,60.8288156434671,3317.14647076082,2662,2049,9273,9273,9273,9273,9273,9273,TRUE,TRUE
6590,11.8384459463643,31.5513196965339,373.518592763876,631,8042,9273,9273,9273,9273,9273,9273,TRUE,TRUE
6591,40.6145585107005,63.587173164639,2582.56496502528,807,2650,9273,9273,9273,9273,9273,9273,TRUE,TRUE
6592,33.3337116853012,73.737650254402,2457.94957393181,2481,2795,9273,9273,9273,9273,9273,9273,TRUE,TRUE
6593,24.0166090924316,31.6874712727553,761.025610685418,9200,6472,9273,9273,9273,9273,9273,9273,TRUE,TRUE
6594,96.0314262933786,184.212767207462,17690.2147763827,4939,149,9273,9273,9273,9273,9273,9273,TRUE,TRUE
6595,78.6347127506977,97.0802316547547,7633.87612994282,1564,647,9273,9273,9273,9273,9273,9273,TRUE,TRUE
6596,33.8358044619822,43.5834620499205,1474.68149969733,7929,4355,9273,9273,9273,9273,9273,9273,TRUE,TRUE
6597,21.5827933160752,15.2605264545105,329.364788362198,1307,8251,9273,9273,9273,9273,9273,9273,TRUE,TRUE
6598,34.2130107261516,34.0830042185607,1166.08218890909,6430,5184,9273,9273,9273,9273,9273,9273,TRUE,TRUE
6599,19.3328340547325,45.5800876645647,881.192271019187,8020,6048,9273,9273,9273,9273,9273,9273,TRUE,TRUE
6600,182.987865730231,202.349169156432,37027.442596221,2059,31,9273,9273,9273,9273,9273,9273,TRUE,TRUE
6601,15.94281345156,13.9528678048332,222.447968526733,6696,8667,9273,9273,9273,9273,9273,9273,TRUE,TRUE
6602,10.1209893322954,36.2814813141871,367.204485340764,8919,8081,9273,9273,9273,9273,9273,9273,TRUE,TRUE
6603,18.7188899683398,40.5049157741458,758.207061553106,462,6485,9273,9273,9273,9273,9273,9273,TRUE,TRUE
6604,28.8391812407319,42.4160456580748,1223.24402824838,213,5001,9273,9273,9273,9273,9273,9273,TRUE,TRUE
6605,46.4547779522003,85.6645107284522,3979.52582427413,7862,1639,9273,9273,9273,9273,9273,9273,TRUE,TRUE
6606,12.9579881247828,7.76628817542125,100.635469950749,1948,9065,9273,9273,9273,9273,9273,9273,TRUE,TRUE
6607,31.4471723442584,92.0251561266131,2893.93094472089,3838,2358,9273,9273,9273,9273,9273,9273,TRUE,TRUE
6608,9.01987271702167,35.2187526053989,317.668665752973,9201,8305,9273,9273,9273,9273,9273,9273,TRUE,TRUE
6609,38.8684994721216,137.905107009509,5360.16457900198,6122,1100,9273,9273,9273,9273,9273,9273,TRUE,TRUE
6610,24.3123762266977,10.3946118127732,252.717713122618,4520,8542,9273,9273,9273,9273,9273,9273,TRUE,TRUE
6611,21.8593444943428,44.1664522886276,965.449695670066,5141,5753,9273,9273,9273,9273,9273,9273,TRUE,TRUE
6612,28.8643879687864,35.5554205140257,1026.28545211019,6724,5566,9273,9273,9273,9273,9273,9273,TRUE,TRUE
6613,22.5580091266842,4.6436493737357,104.751484953851,4243,9049,9273,9273,9273,9273,9273,9273,TRUE,TRUE
6614,24.7165928316116,32.6093568444252,805.992195624386,4340,6295,9273,9273,9273,9273,9273,9273,TRUE,TRUE
6615,44.8234956388888,26.6736390487008,1195.60574357273,7020,5088,9273,9273,9273,9273,9273,9273,TRUE,TRUE
6616,56.4300263026326,52.3557193869168,2954.43462209697,1419,2309,9273,9273,9273,9273,9273,9273,TRUE,TRUE
6617,25.7841225800906,46.9894791548013,1211.58249050201,8242,5046,9273,9273,9273,9273,9273,9273,TRUE,TRUE
6618,21.6651647567749,36.9114473581314,799.692588424941,6546,6311,9273,9273,9273,9273,9273,9273,TRUE,TRUE
6619,22.3980683805716,41.3634027032291,926.460322200046,7473,5888,9273,9273,9273,9273,9273,9273,TRUE,TRUE
6620,14.6191271972656,32.6602724266052,477.464676901889,4891,7593,9273,9273,9273,9273,9273,9273,TRUE,TRUE
6621,40.9827235710882,37.3016590532595,1528.72358172271,1510,4230,9273,9273,9273,9273,9273,9273,TRUE,TRUE
6622,26.791478442685,32.7855853757997,878.374303826546,8752,6057,9273,9273,9273,9273,9273,9273,TRUE,TRUE
6623,42.7645878026085,114.819067122002,4910.19007735247,4977,1232,9273,9273,9273,9273,9273,9273,TRUE,TRUE
6624,36.2955420454919,46.3745560669093,1683.18964956753,4980,3916,9273,9273,9273,9273,9273,9273,TRUE,TRUE
6625,37.6047231674194,42.5627229309082,1600.55941306838,7123,4069,9273,9273,9273,9273,9273,9273,TRUE,TRUE
6626,71.4199486713152,85.9662147857048,6139.70264746229,4245,902,9273,9273,9273,9273,9273,9273,TRUE,TRUE
6627,55.6906034033976,18.5735778965577,1034.37376041931,2023,5547,9273,9273,9273,9273,9273,9273,TRUE,TRUE
6628,55.1986280287424,92.7125544068582,5117.60580429871,2564,1161,9273,9273,9273,9273,9273,9273,TRUE,TRUE
6629,45.0039641698202,45.269556593895,2037.30950293529,5486,3317,9273,9273,9273,9273,9273,9273,TRUE,TRUE
6630,51.3624105465781,123.213114296038,6328.52256119556,3352,852,9273,9273,9273,9273,9273,9273,TRUE,TRUE
6631,59.1527896326629,137.004750270491,8104.21317142588,3804,586,9273,9273,9273,9273,9273,9273,TRUE,TRUE
6632,12.4276512265205,19.3466981172562,240.434016586041,6066,8598,9273,9273,9273,9273,9273,9273,TRUE,TRUE
6633,9.1099134272337,15.9482853412628,145.287498771724,1788,8954,9273,9273,9273,9273,9273,9273,TRUE,TRUE
6634,22.5167617053382,18.1111220220332,407.803818786426,8864,7888,9273,9273,9273,9273,9273,9273,TRUE,TRUE
6635,13.4938843003635,44.0947761426027,595.009807518708,3283,7111,9273,9273,9273,9273,9273,9273,TRUE,TRUE
6636,13.6239668812447,19.1960806351887,261.526766823513,2586,8513,9273,9273,9273,9273,9273,9273,TRUE,TRUE
6637,19.016432179606,62.9131173406329,1196.38302911574,4931,5086,9273,9273,9273,9273,9273,9273,TRUE,TRUE
6638,13.7591712665558,27.0344419288635,371.97151659499,2878,8049,9273,9273,9273,9273,9273,9273,TRUE,TRUE
6639,20.3448994873644,18.1829753288856,369.930805447404,4965,8062,9273,9273,9273,9273,9273,9273,TRUE,TRUE
6640,10.5295745461759,66.1950304138828,697.005507329363,3387,6721,9273,9273,9273,9273,9273,9273,TRUE,TRUE
6641,22.2310614275932,37.0641902041435,823.976289192314,5251,6231,9273,9273,9273,9273,9273,9273,TRUE,TRUE
6642,17.9905704014355,62.0297198070782,1115.95004117056,8897,5322,9273,9273,9273,9273,9273,9273,TRUE,TRUE
6643,36.1217238758886,32.7733376569526,1183.8294533357,5985,5119,9273,9273,9273,9273,9273,9273,TRUE,TRUE
6644,6.66875369071961,8.48964308261871,56.6153386401057,3657,9189,9273,9273,9273,9273,9273,9273,TRUE,TRUE
6645,42.7178010940552,62.3011981512169,2661.370190545,3102,2569,9273,9273,9273,9273,9273,9273,TRUE,TRUE
6646,11.5677983827292,26.1480100312715,302.474908151329,4725,8360,9273,9273,9273,9273,9273,9273,TRUE,TRUE
6647,16.366763188839,10.2079369497299,167.070886702829,6351,8877,9273,9273,9273,9273,9273,9273,TRUE,TRUE
6648,53.8725398939164,31.5990472183853,1702.32093188221,2403,3884,9273,9273,9273,9273,9273,9273,TRUE,TRUE
6649,28.5143439433829,23.2779675840922,663.755973995722,728,6834,9273,9273,9273,9273,9273,9273,TRUE,TRUE
6650,24.9885365618281,35.3626035590727,883.65971195732,878,6040,9273,9273,9273,9273,9273,9273,TRUE,TRUE
6651,11.8583515773732,37.004807895326,438.816022075932,359,7742,9273,9273,9273,9273,9273,9273,TRUE,TRUE
6652,29.6492592279497,89.8211839517358,2663.13156714637,5525,2566,9273,9273,9273,9273,9273,9273,TRUE,TRUE
6653,27.9545792960302,41.6694685543044,1164.85246292474,6181,5191,9273,9273,9273,9273,9273,9273,TRUE,TRUE
6654,53.5720534070333,49.1813148625692,2634.74402644568,5600,2603,9273,9273,9273,9273,9273,9273,TRUE,TRUE
6655,17.8002535834987,23.1238017406763,411.609534798586,6915,7861,9273,9273,9273,9273,9273,9273,TRUE,TRUE
6656,24.885641589124,35.8997320925069,893.387865999698,869,6003,9273,9273,9273,9273,9273,9273,TRUE,TRUE
6657,34.6753463953734,12.5371757149696,434.730910736235,2884,7759,9273,9273,9273,9273,9273,9273,TRUE,TRUE
6658,26.6351097488403,48.0816639003754,1280.66039489335,9061,4840,9273,9273,9273,9273,9273,9273,TRUE,TRUE
6659,33.5027471348859,48.809437977519,1635.25025835672,7482,3996,9273,9273,9273,9273,9273,9273,TRUE,TRUE
6660,58.3046585007265,32.137284061969,1873.75337237394,733,3580,9273,9273,9273,9273,9273,9273,TRUE,TRUE
6661,29.0598126087819,42.8091767743543,1244.02665499895,3595,4944,9273,9273,9273,9273,9273,9273,TRUE,TRUE
6662,39.3650607376199,118.377858658736,4659.95159609051,6991,1329,9273,9273,9273,9273,9273,9273,TRUE,TRUE
6663,56.2005944448047,109.800948261685,6170.87856290994,1257,895,9273,9273,9273,9273,9273,9273,TRUE,TRUE
6664,62.6584207011584,57.6883693080509,3614.66211366765,7113,1846,9273,9273,9273,9273,9273,9273,TRUE,TRUE
6665,30.0895910246619,19.8558157559099,597.453375556366,6043,7100,9273,9273,9273,9273,9273,9273,TRUE,TRUE
6666,14.218996481462,41.7519785653461,593.671236314732,7536,7117,9273,9273,9273,9273,9273,9273,TRUE,TRUE
6667,15.7728714366887,18.9810814153428,299.386156893524,7282,8374,9273,9273,9273,9273,9273,9273,TRUE,TRUE
6668,16.5397910753099,35.7142565415637,590.706341607484,184,7127,9273,9273,9273,9273,9273,9273,TRUE,TRUE
6669,27.8131129796901,20.0307728167206,557.118147421955,3187,7265,9273,9273,9273,9273,9273,9273,TRUE,TRUE
6670,29.3737754196417,41.564498229105,1220.90623641183,7800,5008,9273,9273,9273,9273,9273,9273,TRUE,TRUE
6671,20.3556312481171,35.8518030138439,729.786081729938,528,6573,9273,9273,9273,9273,9273,9273,TRUE,TRUE
6672,37.5936145305634,45.9102252435684,1725.93131081805,6180,3830,9273,9273,9273,9273,9273,9273,TRUE,TRUE
6673,51.2185185199913,54.6183403102754,2797.47047471302,7484,2438,9273,9273,9273,9273,9273,9273,TRUE,TRUE
6674,26.9265779439141,29.2795912349925,788.39919555497,4643,6349,9273,9273,9273,9273,9273,9273,TRUE,TRUE
6675,22.7729554042638,19.6512159305941,447.516264026977,2327,7704,9273,9273,9273,9273,9273,9273,TRUE,TRUE
6676,39.4880755477481,32.8909934210399,1298.80203305051,2535,4789,9273,9273,9273,9273,9273,9273,TRUE,TRUE
6677,18.9842007754525,23.5524298605058,447.124057221606,4990,7705,9273,9273,9273,9273,9273,9273,TRUE,TRUE
6678,14.4882135934997,57.0977571345212,827.244501074715,2189,6220,9273,9273,9273,9273,9273,9273,TRUE,TRUE
6679,39.4508853091662,38.1132696159332,1503.60222837551,815,4292,9273,9273,9273,9273,9273,9273,TRUE,TRUE
6680,83.2725286278673,61.6422519376201,5133.10618916168,2088,1156,9273,9273,9273,9273,9273,9273,TRUE,TRUE
6681,27.3229904473677,35.573372014907,971.970903743962,4735,5735,9273,9273,9273,9273,9273,9273,TRUE,TRUE
6682,21.2385913293583,52.6202846868351,1117.58072209818,77,5317,9273,9273,9273,9273,9273,9273,TRUE,TRUE
6683,110.369122675052,226.649371253797,25015.0922601336,3435,67,9273,9273,9273,9273,9273,9273,TRUE,TRUE
6684,152.080776453018,29.6662228657649,4511.66220785381,2580,1391,9273,9273,9273,9273,9273,9273,TRUE,TRUE
6685,6.46079651771053,35.0432917379564,226.407577229703,1961,8648,9273,9273,9273,9273,9273,9273,TRUE,TRUE
6686,44.3481359252121,144.055407915501,6388.58881099853,3437,836,9273,9273,9273,9273,9273,9273,TRUE,TRUE
6687,36.792365765711,75.9963326844556,2796.08486897915,140,2441,9273,9273,9273,9273,9273,9273,TRUE,TRUE
6688,79.2468899737957,78.7364673170933,6239.62016240305,2606,878,9273,9273,9273,9273,9273,9273,TRUE,TRUE
6689,23.4929857053677,20.6323228483441,484.714865744677,3867,7562,9273,9273,9273,9273,9273,9273,TRUE,TRUE
6690,19.815465244982,32.1816373048005,637.69411553989,2939,6930,9273,9273,9273,9273,9273,9273,TRUE,TRUE
6691,30.4921180995305,31.998401705424,975.699043798008,6170,5725,9273,9273,9273,9273,9273,9273,TRUE,TRUE
6692,35.8649636207895,35.2477387703313,1264.15886871302,3022,4888,9273,9273,9273,9273,9273,9273,TRUE,TRUE
6693,16.705031291342,26.541016671225,443.368513996843,3647,7717,9273,9273,9273,9273,9273,9273,TRUE,TRUE
6694,24.724748878479,29.4333254421459,727.731580215603,38,6585,9273,9273,9273,9273,9273,9273,TRUE,TRUE
6695,34.4259264008338,18.3755032755748,632.593723343217,8486,6951,9273,9273,9273,9273,9273,9273,TRUE,TRUE
6696,18.5223344208358,39.0878955213539,723.999072653207,6330,6601,9273,9273,9273,9273,9273,9273,TRUE,TRUE
6697,85.2259325336992,100.699238358882,8582.18649456901,5961,537,9273,9273,9273,9273,9273,9273,TRUE,TRUE
6698,62.1083880953505,89.0428626377157,5530.30866982423,8719,1060,9273,9273,9273,9273,9273,9273,TRUE,TRUE
6699,52.8965818304994,73.8577222758777,3906.82105018026,2880,1679,9273,9273,9273,9273,9273,9273,TRUE,TRUE
6700,34.3178663804643,57.2166951554777,1963.55489907744,8566,3413,9273,9273,9273,9273,9273,9273,TRUE,TRUE
6701,5.78289624244448,35.9349556978417,207.808120277458,975,8727,9273,9273,9273,9273,9273,9273,TRUE,TRUE
6702,54.1274230149875,145.208430711461,7859.75815446175,4365,615,9273,9273,9273,9273,9273,9273,TRUE,TRUE
6703,36.0891087664305,35.3339161322935,1275.16954244227,5051,4857,9273,9273,9273,9273,9273,9273,TRUE,TRUE
6704,11.4391984263045,86.71034123333,991.896798980635,2644,5663,9273,9273,9273,9273,9273,9273,TRUE,TRUE
6705,168.812102358999,290.555519328957,49049.2880699319,7414,17,9273,9273,9273,9273,9273,9273,TRUE,TRUE
6706,55.5372633272714,64.4580032877678,3579.82110214289,4761,1870,9273,9273,9273,9273,9273,9273,TRUE,TRUE
6707,73.9828899651766,129.00895372547,9544.45522799397,3194,453,9273,9273,9273,9273,9273,9273,TRUE,TRUE
6708,12.2273092269897,37.3225313958491,456.35413251108,9059,7670,9273,9273,9273,9273,9273,9273,TRUE,TRUE
6709,86.0829156941381,52.5977100076347,4527.76423629194,8663,1380,9273,9273,9273,9273,9273,9273,TRUE,TRUE
6710,52.8715308872429,143.982172645427,7612.55788823504,1293,652,9273,9273,9273,9273,9273,9273,TRUE,TRUE
6711,80.4380185263498,100.774079882909,8106.06730459731,2681,585,9273,9273,9273,9273,9273,9273,TRUE,TRUE
6712,93.8636612724685,208.815864032386,19600.2215298537,5506,122,9273,9273,9273,9273,9273,9273,TRUE,TRUE
6713,36.2932529804869,13.0759523107398,474.568845174464,393,7611,9273,9273,9273,9273,9273,9273,TRUE,TRUE
6714,11.4527546337673,12.7280967405864,145.771768924789,1181,8952,9273,9273,9273,9273,9273,9273,TRUE,TRUE
6715,38.0527334533632,67.4270195066929,2565.7824008429,7244,2675,9273,9273,9273,9273,9273,9273,TRUE,TRUE
6716,34.1129093782617,18.2863983276787,623.802249006901,2620,6991,9273,9273,9273,9273,9273,9273,TRUE,TRUE
6717,54.7704157204628,33.6021451759338,1840.40346038524,516,3630,9273,9273,9273,9273,9273,9273,TRUE,TRUE
6718,18.6359117078781,46.7375195765495,870.996288273802,6756,6084,9273,9273,9273,9273,9273,9273,TRUE,TRUE
6719,35.9513989448547,90.1148795127869,3239.75598423172,2640,2088,9273,9273,9273,9273,9273,9273,TRUE,TRUE
6720,17.8092571616173,25.8380298614502,460.156118352113,2745,7654,9273,9273,9273,9273,9273,9273,TRUE,TRUE
6721,29.5093563154499,22.8924339861208,675.540991424354,6640,6789,9273,9273,9273,9273,9273,9273,TRUE,TRUE
6722,58.6207855987549,20.4158530330658,1196.79334346704,135,5085,9273,9273,9273,9273,9273,9273,TRUE,TRUE
6723,24.8337588416996,92.1362596590128,2288.08965294814,1383,3004,9273,9273,9273,9273,9273,9273,TRUE,TRUE
6724,21.8068706141356,33.1036822067644,721.887714734374,5516,6612,9273,9273,9273,9273,9273,9273,TRUE,TRUE
6725,22.2040283147325,25.5915795995834,568.23615804788,1853,7215,9273,9273,9273,9273,9273,9273,TRUE,TRUE
6726,3.55913200468387,43.6117143091166,155.219848176706,1442,8920,9273,9273,9273,9273,9273,9273,TRUE,TRUE
6727,41.2900397195503,34.5630228239606,1427.10858522905,2479,4466,9273,9273,9273,9273,9273,9273,TRUE,TRUE
6728,15.416518840384,14.677903347827,226.28217349911,4472,8650,9273,9273,9273,9273,9273,9273,TRUE,TRUE
6729,26.5996768780927,73.5384747045222,1956.09966524808,5498,3422,9273,9273,9273,9273,9273,9273,TRUE,TRUE
6730,12.0943082322079,48.663210983736,588.547873206266,5140,7136,9273,9273,9273,9273,9273,9273,TRUE,TRUE
6731,14.4777750592856,33.1536214294888,479.99067345685,8696,7579,9273,9273,9273,9273,9273,9273,TRUE,TRUE
6732,107.741001365582,93.8271722634633,10109.0334949665,8798,407,9273,9273,9273,9273,9273,9273,TRUE,TRUE
6733,66.3770042450379,73.6952012970736,4891.66668933478,2738,1236,9273,9273,9273,9273,9273,9273,TRUE,TRUE
6734,25.6865828287536,20.5899557092572,528.885602766202,3599,7391,9273,9273,9273,9273,9273,9273,TRUE,TRUE
6735,46.0044686508179,15.8591950893402,729.593843314756,2486,6575,9273,9273,9273,9273,9273,9273,TRUE,TRUE
6736,31.3988052343789,75.6690969162475,2375.9192363346,7167,2899,9273,9273,9273,9273,9273,9273,TRUE,TRUE
6737,20.4755405032116,12.027125550353,246.261896343465,1609,8568,9273,9273,9273,9273,9273,9273,TRUE,TRUE
6738,27.3266187814566,14.7314435913718,402.560543121949,1275,7911,9273,9273,9273,9273,9273,9273,TRUE,TRUE
6739,17.7477156998681,53.1519171709572,943.325114853086,130,5816,9273,9273,9273,9273,9273,9273,TRUE,TRUE
6740,82.565302300177,86.4919458485018,7141.23365551209,4506,716,9273,9273,9273,9273,9273,9273,TRUE,TRUE
6741,24.6638931597351,30.2645786023014,746.442333171568,8612,6523,9273,9273,9273,9273,9273,9273,TRUE,TRUE
6742,54.7587692205188,48.3172909819964,2645.7953862438,3333,2589,9273,9273,9273,9273,9273,9273,TRUE,TRUE
6743,24.3004878151417,21.9941258621216,534.467987517178,3485,7362,9273,9273,9273,9273,9273,9273,TRUE,TRUE
6744,84.0747059676727,172.751816632579,14524.0581887654,7857,217,9273,9273,9273,9273,9273,9273,TRUE,TRUE
6745,40.1960120436586,95.8927633703491,3854.50667133426,8117,1706,9273,9273,9273,9273,9273,9273,TRUE,TRUE
6746,76.6480421601206,49.9027588279659,3824.94876255227,1434,1721,9273,9273,9273,9273,9273,9273,TRUE,TRUE
6747,47.6879159382412,132.881269618443,6336.83081533107,2816,849,9273,9273,9273,9273,9273,9273,TRUE,TRUE
6748,22.525109487772,48.1121900558472,1083.73234870445,3837,5413,9273,9273,9273,9273,9273,9273,TRUE,TRUE
6749,39.8432547692899,79.8097977329184,3179.88210415816,6260,2127,9273,9273,9273,9273,9273,9273,TRUE,TRUE
6750,36.1506308242679,63.3221857493574,2289.13696001073,7151,3002,9273,9273,9273,9273,9273,9273,TRUE,TRUE
6751,28.7526352747503,15.9937763214111,459.863217235472,179,7655,9273,9273,9273,9273,9273,9273,TRUE,TRUE
6752,30.388474995328,57.6831712624461,1752.90360756007,6171,3782,9273,9273,9273,9273,9273,9273,TRUE,TRUE
6753,53.0614142203116,28.7012643513379,1522.929676393,388,4243,9273,9273,9273,9273,9273,9273,TRUE,TRUE
6754,36.9118148903389,71.5505595799893,2641.06101051673,327,2597,9273,9273,9273,9273,9273,9273,TRUE,TRUE
6755,23.9214339421613,19.7146004916978,471.60151335825,2115,7618,9273,9273,9273,9273,9273,9273,TRUE,TRUE
6756,17.1534066684004,40.656101466377,697.390642004515,2587,6718,9273,9273,9273,9273,9273,9273,TRUE,TRUE
6757,56.7677290153504,39.2025160980225,2225.43781057245,2651,3081,9273,9273,9273,9273,9273,9273,TRUE,TRUE
6758,59.0170305890647,67.213240478471,3966.72586930808,4571,1649,9273,9273,9273,9273,9273,9273,TRUE,TRUE
6759,82.1151395183441,92.8379602601944,7623.40205936435,2184,651,9273,9273,9273,9273,9273,9273,TRUE,TRUE
6760,71.2602313815241,225.963308454967,16102.1976442356,6144,174,9273,9273,9273,9273,9273,9273,TRUE,TRUE
6761,37.9339046223958,63.674391784668,2415.41830484866,3200,2853,9273,9273,9273,9273,9273,9273,TRUE,TRUE
6762,28.5302858681679,47.5317769432068,1356.09518401168,5607,4654,9273,9273,9273,9273,9273,9273,TRUE,TRUE
6763,33.8689466520797,42.9794775912928,1455.66963367375,3175,4408,9273,9273,9273,9273,9273,9273,TRUE,TRUE
6764,48.4492078138791,43.7916005190295,2121.66835404884,3985,3207,9273,9273,9273,9273,9273,9273,TRUE,TRUE
6765,54.9885226637581,45.8444854403855,2520.92052664696,2753,2722,9273,9273,9273,9273,9273,9273,TRUE,TRUE
6766,44.9054783365001,23.3532612842062,1048.68936868455,3457,5508,9273,9273,9273,9273,9273,9273,TRUE,TRUE
6767,15.0782645684536,20.8407565901213,314.242441672592,5097,8319,9273,9273,9273,9273,9273,9273,TRUE,TRUE
6768,67.0759685134888,80.4670028829575,5397.40215175207,3727,1094,9273,9273,9273,9273,9273,9273,TRUE,TRUE
6769,34.3772015059106,27.8352506361275,956.898020085681,333,5781,9273,9273,9273,9273,9273,9273,TRUE,TRUE
6770,28.1149584271691,10.44695764393,293.715779849489,4997,8392,9273,9273,9273,9273,9273,9273,TRUE,TRUE
6771,36.2407652868399,50.3726525862731,1825.54347925465,6830,3660,9273,9273,9273,9273,9273,9273,TRUE,TRUE
6772,33.4436891937256,14.2554593801498,476.755152823511,7939,7597,9273,9273,9273,9273,9273,9273,TRUE,TRUE
6773,38.9161772887691,70.2623279453103,2734.34121104133,7744,2509,9273,9273,9273,9273,9273,9273,TRUE,TRUE
6774,19.015012729242,12.9652447137773,246.534293270214,5624,8563,9273,9273,9273,9273,9273,9273,TRUE,TRUE
6775,36.7271627670822,106.433480793811,3908.99977298142,829,1678,9273,9273,9273,9273,9273,9273,TRUE,TRUE
6776,33.5412561700625,42.2460147598211,1416.9844032234,7078,4494,9273,9273,9273,9273,9273,9273,TRUE,TRUE
6777,39.8759301838122,11.4150841361598,455.18709805585,47,7674,9273,9273,9273,9273,9273,9273,TRUE,TRUE
6778,26.2433152172782,30.8806405674328,810.410384522607,2727,6275,9273,9273,9273,9273,9273,9273,TRUE,TRUE
6779,49.5905301464747,47.773933198354,2369.13467448864,4681,2909,9273,9273,9273,9273,9273,9273,TRUE,TRUE
6780,22.5965400282671,34.42252400433,777.829941537827,8343,6391,9273,9273,9273,9273,9273,9273,TRUE,TRUE
6781,38.5514161156826,23.8564702852176,919.700713016842,8595,5916,9273,9273,9273,9273,9273,9273,TRUE,TRUE
6782,22.1098272564388,18.4746212864866,408.470685272346,3197,7884,9273,9273,9273,9273,9273,9273,TRUE,TRUE
6783,13.981100320816,40.2207501888275,562.330343368478,8586,7238,9273,9273,9273,9273,9273,9273,TRUE,TRUE
6784,32.3124552953515,31.5092692390715,1018.14185367669,4512,5588,9273,9273,9273,9273,9273,9273,TRUE,TRUE
6785,47.3739301961672,39.5723024978484,1874.69549623469,8700,3578,9273,9273,9273,9273,9273,9273,TRUE,TRUE
6786,12.3422844153184,65.755264707712,811.570178827131,7920,6272,9273,9273,9273,9273,9273,9273,TRUE,TRUE
6787,4.96471849441528,9.62971643720354,47.8088312917593,2204,9199,9273,9273,9273,9273,9273,9273,TRUE,TRUE
6788,35.0255142000855,43.7971344893096,1534.01715597837,3741,4216,9273,9273,9273,9273,9273,9273,TRUE,TRUE
6789,4.41341054798069,29.4181378586848,129.83431992747,6721,9000,9273,9273,9273,9273,9273,9273,TRUE,TRUE
6790,42.2104219484114,139.029826082256,5868.50762234625,1982,963,9273,9273,9273,9273,9273,9273,TRUE,TRUE
6791,43.8481975123513,25.618660964502,1123.33210597345,5860,5299,9273,9273,9273,9273,9273,9273,TRUE,TRUE
6792,17.6705588507652,69.8390479564667,1234.09500699616,1041,4968,9273,9273,9273,9273,9273,9273,TRUE,TRUE
6793,18.1764771143595,19.4557958273661,353.637827597771,8693,8132,9273,9273,9273,9273,9273,9273,TRUE,TRUE
6794,45.1308434541277,55.2710349079516,2494.42842397839,1380,2756,9273,9273,9273,9273,9273,9273,TRUE,TRUE
6795,106.034149793547,51.2827856576265,5437.72657625111,3385,1082,9273,9273,9273,9273,9273,9273,TRUE,TRUE
6796,24.2601132826372,36.5642864920876,887.053732396846,8885,6028,9273,9273,9273,9273,9273,9273,TRUE,TRUE
6797,99.0093537538254,45.8586859931805,4540.43886418441,4316,1376,9273,9273,9273,9273,9273,9273,TRUE,TRUE
6798,9.48618205317429,19.2739581742457,182.836276126161,5572,8818,9273,9273,9273,9273,9273,9273,TRUE,TRUE
6799,21.9219284302149,21.8661906780341,479.349067085295,4649,7583,9273,9273,9273,9273,9273,9273,TRUE,TRUE
6800,20.0925364963344,19.4230082286326,390.257501702403,4322,7963,9273,9273,9273,9273,9273,9273,TRUE,TRUE
6801,39.5114056224624,58.4219061593215,2308.33163149839,8934,2975,9273,9273,9273,9273,9273,9273,TRUE,TRUE
6802,30.5627532641617,48.3792988008879,1478.60457234469,5564,4347,9273,9273,9273,9273,9273,9273,TRUE,TRUE
6803,9.77084813101132,43.4733866735398,424.771858927888,5504,7804,9273,9273,9273,9273,9273,9273,TRUE,TRUE
6804,7.97274291956866,8.48538875579834,67.6518231225788,1523,9164,9273,9273,9273,9273,9273,9273,TRUE,TRUE
6805,44.5637056864225,49.8745236873627,2222.59359485414,5980,3085,9273,9273,9273,9273,9273,9273,TRUE,TRUE
6806,75.8624681573435,77.8712882074346,5907.50812200782,6002,955,9273,9273,9273,9273,9273,9273,TRUE,TRUE
6807,31.1629948029151,26.9835436490866,840.888030500719,5552,6179,9273,9273,9273,9273,9273,9273,TRUE,TRUE
6808,24.5496447746316,17.8897934223954,439.188073611348,7634,7738,9273,9273,9273,9273,9273,9273,TRUE,TRUE
6809,26.7421779499023,109.897688157083,2938.90353297958,3268,2327,9273,9273,9273,9273,9273,9273,TRUE,TRUE
6810,22.5805892300606,46.7121088838577,1054.78694277625,7911,5493,9273,9273,9273,9273,9273,9273,TRUE,TRUE
6811,13.1523040776004,30.6197892772078,402.720779365886,1127,7910,9273,9273,9273,9273,9273,9273,TRUE,TRUE
6812,39.8386600607185,113.102081374028,4505.83537201963,5529,1394,9273,9273,9273,9273,9273,9273,TRUE,TRUE
6813,29.8943719257347,83.950533440435,2509.6484700322,9149,2728,9273,9273,9273,9273,9273,9273,TRUE,TRUE
6814,53.609093319286,105.795333439083,5671.59190308079,5616,1014,9273,9273,9273,9273,9273,9273,TRUE,TRUE
6815,53.5581786769211,76.4171468892675,4092.76320707591,2015,1587,9273,9273,9273,9273,9273,9273,TRUE,TRUE
6816,23.3309114968412,67.6756260863558,1578.93404271409,4289,4108,9273,9273,9273,9273,9273,9273,TRUE,TRUE
6817,18.7801721906662,11.2770800113678,211.785504421407,2022,8706,9273,9273,9273,9273,9273,9273,TRUE,TRUE
6818,22.5381572386798,65.4223336051492,1474.49884171422,6317,4356,9273,9273,9273,9273,9273,9273,TRUE,TRUE
6819,75.7682975032436,47.8157989480602,3622.92168005191,8393,1839,9273,9273,9273,9273,9273,9273,TRUE,TRUE
6820,38.5054859281121,83.360411115826,3209.83313718208,2150,2110,9273,9273,9273,9273,9273,9273,TRUE,TRUE
6821,17.0192680616294,15.3638157009023,261.480897863128,9168,8514,9273,9273,9273,9273,9273,9273,TRUE,TRUE
6822,49.4603871261372,130.390493342456,6449.16427828588,8423,821,9273,9273,9273,9273,9273,9273,TRUE,TRUE
6823,28.7221961787769,52.9326932013981,1520.34319840157,9068,4252,9273,9273,9273,9273,9273,9273,TRUE,TRUE
6824,32.1444015380034,103.22871527721,3318.22527412285,6483,2048,9273,9273,9273,9273,9273,9273,TRUE,TRUE
6825,9.76457622528076,7.63684988021851,74.5706027764199,2762,9140,9273,9273,9273,9273,9273,9273,TRUE,TRUE
6826,113.254339324727,94.0280449624155,10649.0841102141,8205,375,9273,9273,9273,9273,9273,9273,TRUE,TRUE
6827,19.2632779050841,17.7707190047016,342.322298760726,499,8180,9273,9273,9273,9273,9273,9273,TRUE,TRUE
6828,53.0518969346066,35.3009505247583,1872.78238893312,218,3581,9273,9273,9273,9273,9273,9273,TRUE,TRUE
6829,27.2744573866421,54.5386524976425,1487.51215347183,8360,4330,9273,9273,9273,9273,9273,9273,TRUE,TRUE
6830,26.3082124412569,25.8260454071893,679.437089089883,7499,6771,9273,9273,9273,9273,9273,9273,TRUE,TRUE
6831,61.1878221246044,22.0701378817764,1350.42367097563,3064,4669,9273,9273,9273,9273,9273,9273,TRUE,TRUE
6832,32.5313466110472,71.6224377640223,2329.97434802957,3113,2953,9273,9273,9273,9273,9273,9273,TRUE,TRUE
6833,40.1117574743216,34.4556099349532,1382.07506934067,2154,4590,9273,9273,9273,9273,9273,9273,TRUE,TRUE
6834,69.8376985325043,142.665707467425,9963.44466903646,6649,418,9273,9273,9273,9273,9273,9273,TRUE,TRUE
6835,34.7752733643146,78.4070426261641,2726.62634101232,1040,2515,9273,9273,9273,9273,9273,9273,TRUE,TRUE
6836,92.0871529783521,183.769315045221,16922.7930272962,1461,160,9273,9273,9273,9273,9273,9273,TRUE,TRUE
6837,127.170119702426,200.321738539178,25474.9394690255,4785,65,9273,9273,9273,9273,9273,9273,TRUE,TRUE
6838,41.2624862072831,54.3208465333712,2241.41318085117,5457,3057,9273,9273,9273,9273,9273,9273,TRUE,TRUE
6839,96.7812176818972,163.283140420914,15802.7411568602,629,178,9273,9273,9273,9273,9273,9273,TRUE,TRUE
6840,17.0436233699322,23.1396593856812,394.383639478066,5020,7946,9273,9273,9273,9273,9273,9273,TRUE,TRUE
6841,60.43156847978,89.4390205029909,5404.94029229094,8405,1091,9273,9273,9273,9273,9273,9273,TRUE,TRUE
6842,44.1257175174567,40.8504168348886,1802.55395372665,7191,3705,9273,9273,9273,9273,9273,9273,TRUE,TRUE
6843,31.4756003417591,39.2428606571537,1235.19259831191,3602,4964,9273,9273,9273,9273,9273,9273,TRUE,TRUE
6844,4.56245776765487,45.4767173093908,207.485602135675,8163,8729,9273,9273,9273,9273,9273,9273,TRUE,TRUE
6845,32.8561420869292,17.9146639041686,588.606742674946,3904,7135,9273,9273,9273,9273,9273,9273,TRUE,TRUE
6846,19.6768143053549,31.2877739378181,615.643717802368,4580,7035,9273,9273,9273,9273,9273,9273,TRUE,TRUE
6847,93.0665869363924,45.2747238019618,4213.56401873643,2126,1530,9273,9273,9273,9273,9273,9273,TRUE,TRUE
6848,12.5921796620049,16.1603108937004,203.493538167331,3778,8746,9273,9273,9273,9273,9273,9273,TRUE,TRUE
6849,37.701420023139,73.0872622943965,2755.49357410237,4611,2484,9273,9273,9273,9273,9273,9273,TRUE,TRUE
6850,47.3541926415297,95.6929120762215,4531.46059288636,3656,1379,9273,9273,9273,9273,9273,9273,TRUE,TRUE
6851,72.3996603349308,161.188084645314,11669.9625783588,1686,305,9273,9273,9273,9273,9273,9273,TRUE,TRUE
6852,52.565591595624,77.0841544486381,4051.97418124111,1155,1605,9273,9273,9273,9273,9273,9273,TRUE,TRUE
6853,45.997855814024,57.4373535808476,2641.99510835094,2156,2595,9273,9273,9273,9273,9273,9273,TRUE,TRUE
6854,46.0697279939557,64.5125278623978,2972.07461082315,6493,2298,9273,9273,9273,9273,9273,9273,TRUE,TRUE
6855,19.0409323692322,22.4777956485748,427.998186753935,435,7789,9273,9273,9273,9273,9273,9273,TRUE,TRUE
6856,135.326974999415,122.921905961755,16634.6496949669,6933,164,9273,9273,9273,9273,9273,9273,TRUE,TRUE
6857,24.030826043251,60.4953941009766,1453.75429205848,6352,4409,9273,9273,9273,9273,9273,9273,TRUE,TRUE
6858,27.0102652917829,45.4414770937803,1227.38635155348,4099,4991,9273,9273,9273,9273,9273,9273,TRUE,TRUE
6859,93.7755662520452,167.869753121505,15742.0811555601,4190,182,9273,9273,9273,9273,9273,9273,TRUE,TRUE
6860,54.4480691637312,64.5741338435287,3515.93690570049,1065,1909,9273,9273,9273,9273,9273,9273,TRUE,TRUE
6861,42.1652220333661,38.7575845031051,1634.22215605037,3856,4000,9273,9273,9273,9273,9273,9273,TRUE,TRUE
6862,36.5280881589347,44.4089337509044,1622.17344709732,198,4029,9273,9273,9273,9273,9273,9273,TRUE,TRUE
6863,72.2384407847631,135.011581890896,9753.02616368267,5603,430,9273,9273,9273,9273,9273,9273,TRUE,TRUE
6864,13.9837780429656,21.4690857852798,300.218930406741,4994,8369,9273,9273,9273,9273,9273,9273,TRUE,TRUE
6865,21.8264847540989,18.1464187659365,396.072532536206,5758,7941,9273,9273,9273,9273,9273,9273,TRUE,TRUE
6866,46.2055603420461,32.9375731490041,1521.89902365687,614,4248,9273,9273,9273,9273,9273,9273,TRUE,TRUE
6867,79.9370201342815,70.0388812857705,5598.69946352319,2868,1036,9273,9273,9273,9273,9273,9273,TRUE,TRUE
6868,29.0976181939591,91.0857551397279,2650.37852596425,4746,2581,9273,9273,9273,9273,9273,9273,TRUE,TRUE
6869,11.0255003755743,36.7841610214927,405.563781157653,5321,7897,9273,9273,9273,9273,9273,9273,TRUE,TRUE
6870,27.9731060479369,64.3791174143553,1800.88387870434,8611,3709,9273,9273,9273,9273,9273,9273,TRUE,TRUE
6871,17.6572849163111,19.8484382214754,350.469528820389,7844,8144,9273,9273,9273,9273,9273,9273,TRUE,TRUE
6872,19.7633386121502,39.2370071606628,775.454258643539,8654,6404,9273,9273,9273,9273,9273,9273,TRUE,TRUE
6873,38.1151317834854,80.505123436451,3068.46338902609,214,2215,9273,9273,9273,9273,9273,9273,TRUE,TRUE
6874,90.0370675344316,84.1670059892866,7578.15040242831,3771,658,9273,9273,9273,9273,9273,9273,TRUE,TRUE
6875,50.883610496501,50.6877691325019,2579.17670147479,732,2656,9273,9273,9273,9273,9273,9273,TRUE,TRUE
6876,26.95544103762,34.7818152404413,937.559169895108,4100,5845,9273,9273,9273,9273,9273,9273,TRUE,TRUE
6877,32.7084662898894,67.4341761512141,2205.66847742845,4107,3109,9273,9273,9273,9273,9273,9273,TRUE,TRUE
6878,28.0164706545178,61.5095015996182,1723.27914653972,8090,3836,9273,9273,9273,9273,9273,9273,TRUE,TRUE
6879,32.60857168232,46.0733841114216,1502.38724844435,8151,4293,9273,9273,9273,9273,9273,9273,TRUE,TRUE
6880,30.1656503190977,58.6697568910804,1769.8113706828,4121,3756,9273,9273,9273,9273,9273,9273,TRUE,TRUE
6881,70.7986975026131,17.475653719902,1237.25352137576,1502,4961,9273,9273,9273,9273,9273,9273,TRUE,TRUE
6882,25.0455217815581,20.728605698566,519.158745524765,4964,7429,9273,9273,9273,9273,9273,9273,TRUE,TRUE
6883,36.8709764074772,118.9263158504,4384.92938594828,5149,1436,9273,9273,9273,9273,9273,9273,TRUE,TRUE
6884,67.9746249901442,94.323696391014,6411.6178898634,8244,831,9273,9273,9273,9273,9273,9273,TRUE,TRUE
6885,38.3571468011878,23.4454292712972,899.299772376014,7654,5977,9273,9273,9273,9273,9273,9273,TRUE,TRUE
6886,38.1278837050342,103.780208823723,3956.91973291508,9135,1653,9273,9273,9273,9273,9273,9273,TRUE,TRUE
6887,11.2460574034098,30.8638931351739,347.097113890872,7822,8163,9273,9273,9273,9273,9273,9273,TRUE,TRUE
6888,67.3367037511852,38.3470361700885,2582.16301432123,8790,2651,9273,9273,9273,9273,9273,9273,TRUE,TRUE
6889,46.0509383439131,57.5271371571991,2649.17864632801,5802,2585,9273,9273,9273,9273,9273,9273,TRUE,TRUE
6890,74.729090915567,66.4946042630955,4969.08132737151,5052,1215,9273,9273,9273,9273,9273,9273,TRUE,TRUE
6891,28.5791798916323,117.371374692738,3354.37763147194,4825,2026,9273,9273,9273,9273,9273,9273,TRUE,TRUE
6892,64.2685381987797,86.2057907798073,5540.32015768806,156,1056,9273,9273,9273,9273,9273,9273,TRUE,TRUE
6893,31.7824261656829,29.4109783428056,934.752247640718,8295,5861,9273,9273,9273,9273,9273,9273,TRUE,TRUE
6894,53.3322904886201,73.6305010318756,3926.88326985464,7329,1669,9273,9273,9273,9273,9273,9273,TRUE,TRUE
6895,30.1438310635595,39.0714925337304,1177.76447033789,5535,5147,9273,9273,9273,9273,9273,9273,TRUE,TRUE
6896,33.2577175888522,24.9997208529505,831.433655927568,952,6207,9273,9273,9273,9273,9273,9273,TRUE,TRUE
6897,35.6756852930242,22.6791304010333,809.093518906724,6561,6281,9273,9273,9273,9273,9273,9273,TRUE,TRUE
6898,6.51133827062754,19.7215439723088,128.413644022758,5073,9005,9273,9273,9273,9273,9273,9273,TRUE,TRUE
6899,75.7046286336977,127.326935770285,9639.23838755611,4041,440,9273,9273,9273,9273,9273,9273,TRUE,TRUE
6900,18.9064766782001,40.2108663771916,760.245807370596,1825,6477,9273,9273,9273,9273,9273,9273,TRUE,TRUE
6901,45.249072037734,50.6478632022808,2291.7688105973,2087,2997,9273,9273,9273,9273,9273,9273,TRUE,TRUE
6902,63.768943860386,113.77454359448,7255.28248321742,5230,697,9273,9273,9273,9273,9273,9273,TRUE,TRUE
6903,26.3255247116089,18.901206445694,497.584177365338,4762,7509,9273,9273,9273,9273,9273,9273,TRUE,TRUE
6904,19.8509478366375,18.8375750732422,373.943720147674,684,8040,9273,9273,9273,9273,9273,9273,TRUE,TRUE
6905,18.4552561113204,125.452138023815,2315.25133694222,5346,2968,9273,9273,9273,9273,9273,9273,TRUE,TRUE
6906,25.8068617546197,182.088774532983,4699.13983144081,4954,1317,9273,9273,9273,9273,9273,9273,TRUE,TRUE
6907,17.8678525792104,21.756706407137,388.745622691887,6363,7976,9273,9273,9273,9273,9273,9273,TRUE,TRUE
6908,30.0727280422133,35.4412297521319,1065.81446381746,1743,5455,9273,9273,9273,9273,9273,9273,TRUE,TRUE
6909,24.207632843329,74.5279327564963,1804.14483274157,4880,3703,9273,9273,9273,9273,9273,9273,TRUE,TRUE
6910,23.888338581721,65.034474790664,1553.56555328378,841,4158,9273,9273,9273,9273,9273,9273,TRUE,TRUE
6911,24.8021077517222,46.5064716903416,1153.45852201627,36,5218,9273,9273,9273,9273,9273,9273,TRUE,TRUE
6912,29.2710869088465,52.3462231071628,1532.23084591963,7660,4221,9273,9273,9273,9273,9273,9273,TRUE,TRUE
6913,23.6661859519446,37.4908544020866,887.265531777063,9007,6025,9273,9273,9273,9273,9273,9273,TRUE,TRUE
6914,28.4448836278915,17.8829643249512,508.678839144972,1422,7468,9273,9273,9273,9273,9273,9273,TRUE,TRUE
6915,19.6370226396508,36.308006765358,712.981150851928,3260,6655,9273,9273,9273,9273,9273,9273,TRUE,TRUE
6916,13.5235347189914,27.1251625067351,366.828076918115,2965,8084,9273,9273,9273,9273,9273,9273,TRUE,TRUE
6917,45.1392896305136,51.4664950468102,2323.16102618536,4600,2960,9273,9273,9273,9273,9273,9273,TRUE,TRUE
6918,35.315906338705,48.2603348463691,1704.35746530891,4256,3880,9273,9273,9273,9273,9273,9273,TRUE,TRUE
6919,45.3165209736544,58.4174032031789,2647.27347748328,9162,2587,9273,9273,9273,9273,9273,9273,TRUE,TRUE
6920,23.0799192160368,70.9591692447662,1637.73189380629,289,3989,9273,9273,9273,9273,9273,9273,TRUE,TRUE
6921,31.834747351408,14.4336526727676,459.491686195533,7229,7657,9273,9273,9273,9273,9273,9273,TRUE,TRUE
6922,36.9944349837303,33.8821783256531,1253.45204317553,2375,4912,9273,9273,9273,9273,9273,9273,TRUE,TRUE
6923,89.5245831756182,54.580229461834,4886.27229220028,4137,1238,9273,9273,9273,9273,9273,9273,TRUE,TRUE
6924,133.660000352555,61.9665894268855,8282.45436464412,4279,568,9273,9273,9273,9273,9273,9273,TRUE,TRUE
6925,52.5401078303655,69.155935494105,3633.46030797008,1064,1831,9273,9273,9273,9273,9273,9273,TRUE,TRUE
6926,39.4629303206658,52.0040875467761,2052.23368324823,7257,3299,9273,9273,9273,9273,9273,9273,TRUE,TRUE
6927,50.098121149623,86.9055078610852,4353.80266139416,1905,1453,9273,9273,9273,9273,9273,9273,TRUE,TRUE
6928,87.4640991955704,101.045252405471,8837.83197963357,5435,510,9273,9273,9273,9273,9273,9273,TRUE,TRUE
6929,35.2485317161031,131.15147858388,4622.89705247772,4482,1340,9273,9273,9273,9273,9273,9273,TRUE,TRUE
6930,18.3159830805461,31.8575600814819,583.502531439903,6690,7153,9273,9273,9273,9273,9273,9273,TRUE,TRUE
6931,64.8545799751282,111.009227329254,7199.4568118023,4536,707,9273,9273,9273,9273,9273,9273,TRUE,TRUE
6932,15.1295472240448,37.6751732730866,570.008313209233,4459,7209,9273,9273,9273,9273,9273,9273,TRUE,TRUE
6933,20.7804676445437,31.7425278677067,659.624573310907,4131,6856,9273,9273,9273,9273,9273,9273,TRUE,TRUE
6934,30.4620477704034,32.3459410045458,985.323600059125,2562,5689,9273,9273,9273,9273,9273,9273,TRUE,TRUE
6935,17.7019240243413,19.460889254775,344.495183034146,8948,8170,9273,9273,9273,9273,9273,9273,TRUE,TRUE
6936,29.379253654305,26.0633918123508,765.722999146589,5432,6455,9273,9273,9273,9273,9273,9273,TRUE,TRUE
6937,36.8542717705425,81.6773339785062,3010.15866393723,7100,2259,9273,9273,9273,9273,9273,9273,TRUE,TRUE
6938,21.037624406385,64.1449423115533,1349.45720391969,5335,4673,9273,9273,9273,9273,9273,9273,TRUE,TRUE
6939,50.4792064852831,38.8423967454492,1960.73336569682,877,3418,9273,9273,9273,9273,9273,9273,TRUE,TRUE
6940,46.7456465184889,32.8873084996284,1537.33849806813,8794,4207,9273,9273,9273,9273,9273,9273,TRUE,TRUE
6941,24.7887065505982,33.6785089254379,834.846674814381,7721,6196,9273,9273,9273,9273,9273,9273,TRUE,TRUE
6942,43.990371128109,67.8275928463891,2983.76098203893,4142,2287,9273,9273,9273,9273,9273,9273,TRUE,TRUE
6943,40.6574698850399,47.0064933900615,1911.16508940775,1807,3503,9273,9273,9273,9273,9273,9273,TRUE,TRUE
6944,22.4039781639594,66.3026842925385,1485.44389110193,5311,4337,9273,9273,9273,9273,9273,9273,TRUE,TRUE
6945,71.5573586984114,79.89765207334,5717.26494857287,440,1000,9273,9273,9273,9273,9273,9273,TRUE,TRUE
6946,30.9006534865981,61.834149162368,1910.71561690495,6342,3504,9273,9273,9273,9273,9273,9273,TRUE,TRUE
6947,43.5522296726704,58.7083334525426,2556.87882222485,2741,2684,9273,9273,9273,9273,9273,9273,TRUE,TRUE
6948,31.3996296740593,45.4961343014494,1428.56176866678,9092,4463,9273,9273,9273,9273,9273,9273,TRUE,TRUE
6949,44.8845341072574,59.3794938443556,2665.22091672866,3999,2561,9273,9273,9273,9273,9273,9273,TRUE,TRUE
6950,33.5415643181544,34.7091147988664,1164.19800645238,8529,5193,9273,9273,9273,9273,9273,9273,TRUE,TRUE
6951,53.4719245333741,98.4428529478338,5263.92880367661,6695,1121,9273,9273,9273,9273,9273,9273,TRUE,TRUE
6952,47.7582742201315,192.606914046004,9198.57381770237,3897,479,9273,9273,9273,9273,9273,9273,TRUE,TRUE
6953,31.9296262621069,140.909430802274,4499.18546232281,9224,1397,9273,9273,9273,9273,9273,9273,TRUE,TRUE
6954,37.2037478900691,22.7871973272987,847.769144486079,5094,6155,9273,9273,9273,9273,9273,9273,TRUE,TRUE
6955,49.0217331572075,83.5786299898445,4097.16929700714,2602,1583,9273,9273,9273,9273,9273,9273,TRUE,TRUE
6956,43.6534078766318,81.5645656473497,3560.57125248406,8368,1883,9273,9273,9273,9273,9273,9273,TRUE,TRUE
6957,13.5100035385082,92.5911965621145,1250.90739318887,3273,4921,9273,9273,9273,9273,9273,9273,TRUE,TRUE
6958,12.4845104463136,78.5943461950101,981.211936092794,3028,5703,9273,9273,9273,9273,9273,9273,TRUE,TRUE
6959,76.8405404758453,37.6242134666443,2891.06489775553,1481,2363,9273,9273,9273,9273,9273,9273,TRUE,TRUE
6960,23.0994049214028,22.5579567020004,521.075376058979,3442,7419,9273,9273,9273,9273,9273,9273,TRUE,TRUE
6961,50.6508277849147,85.4121687236585,4326.19704875811,337,1472,9273,9273,9273,9273,9273,9273,TRUE,TRUE
6962,13.8812317752838,62.3421400547028,865.385695466534,1482,6101,9273,9273,9273,9273,9273,9273,TRUE,TRUE
6963,51.4498981031007,81.2618536325731,4180.91408906497,4167,1542,9273,9273,9273,9273,9273,9273,TRUE,TRUE
6964,49.2946128580305,75.519989621812,3722.72865144971,8464,1773,9273,9273,9273,9273,9273,9273,TRUE,TRUE
6965,31.2206289394792,33.9006624413303,1058.40000288331,8800,5483,9273,9273,9273,9273,9273,9273,TRUE,TRUE
6966,51.5048859857123,34.0062539802004,1751.4882340514,6973,3784,9273,9273,9273,9273,9273,9273,TRUE,TRUE
6967,11.5972244508805,17.4908450495812,202.845255875565,3052,8749,9273,9273,9273,9273,9273,9273,TRUE,TRUE
6968,28.1574223525542,21.1113974779172,594.442535238362,1984,7113,9273,9273,9273,9273,9273,9273,TRUE,TRUE
6969,17.6492863064924,24.0178416427476,423.897763616848,2530,7808,9273,9273,9273,9273,9273,9273,TRUE,TRUE
6970,96.1589326959849,118.065701663494,11353.0718599642,6995,320,9273,9273,9273,9273,9273,9273,TRUE,TRUE
6971,26.9159023582375,18.0587164839981,486.066649598386,5815,7554,9273,9273,9273,9273,9273,9273,TRUE,TRUE
6972,31.1109849709385,88.3040498787502,2747.2259686508,8947,2497,9273,9273,9273,9273,9273,9273,TRUE,TRUE
6973,11.8936420977116,52.9011142849922,629.186919875834,7729,6966,9273,9273,9273,9273,9273,9273,TRUE,TRUE
6974,59.2137117406069,93.9019770288871,5560.28459966162,28,1049,9273,9273,9273,9273,9273,9273,TRUE,TRUE
6975,72.1584367172494,155.817064037639,11243.5157548276,9119,325,9273,9273,9273,9273,9273,9273,TRUE,TRUE
6976,23.7949947816354,20.6760634439963,491.986821754655,3390,7533,9273,9273,9273,9273,9273,9273,TRUE,TRUE
6977,25.56729040182,78.1909624663266,1999.13104417438,1822,3362,9273,9273,9273,9273,9273,9273,TRUE,TRUE
6978,37.2138073122179,103.939389650717,3867.9804186113,7108,1703,9273,9273,9273,9273,9273,9273,TRUE,TRUE
6979,36.4824608926194,42.5435339680876,1552.09281422458,8636,4164,9273,9273,9273,9273,9273,9273,TRUE,TRUE
6980,22.4479149383047,48.1453557843747,1080.76285132206,4821,5420,9273,9273,9273,9273,9273,9273,TRUE,TRUE
6981,23.7971071214635,32.8745211940978,782.318502422768,1296,6375,9273,9273,9273,9273,9273,9273,TRUE,TRUE
6982,6.91233645371401,10.1268296841064,70.0000539860016,711,9153,9273,9273,9273,9273,9273,9273,TRUE,TRUE
6983,37.9598286999723,42.2487164522412,1603.75403932078,3726,4062,9273,9273,9273,9273,9273,9273,TRUE,TRUE
6984,43.8753384622873,36.427325890111,1598.26125270466,4368,4073,9273,9273,9273,9273,9273,9273,TRUE,TRUE
6985,7.53798074080056,23.4647713763248,176.876994722024,9183,8839,9273,9273,9273,9273,9273,9273,TRUE,TRUE
6986,44.6263890356388,54.5947005783737,2436.36434729472,8945,2819,9273,9273,9273,9273,9273,9273,TRUE,TRUE
6987,64.2115837117316,116.799647962543,7499.89037264763,1325,667,9273,9273,9273,9273,9273,9273,TRUE,TRUE
6988,35.9827497484405,36.0207739781597,1296.12649580126,2631,4800,9273,9273,9273,9273,9273,9273,TRUE,TRUE
6989,33.0664217019081,40.2207602262497,1329.95661881251,3126,4722,9273,9273,9273,9273,9273,9273,TRUE,TRUE
6990,21.9869509887695,25.1506978988648,552.987162035688,1801,7284,9273,9273,9273,9273,9273,9273,TRUE,TRUE
6991,32.3736646767404,21.9731489790453,711.351356939671,6716,6662,9273,9273,9273,9273,9273,9273,TRUE,TRUE
6992,30.9319678169958,78.0131856725457,2413.1013485245,9094,2855,9273,9273,9273,9273,9273,9273,TRUE,TRUE
6993,9.02734334859471,7.49303067471348,67.6421606221909,2577,9165,9273,9273,9273,9273,9273,9273,TRUE,TRUE
6994,147.055337226254,287.4207323173,42266.7527167373,4323,24,9273,9273,9273,9273,9273,9273,TRUE,TRUE
6995,19.3363883561253,32.4947409036522,628.330929644689,5135,6970,9273,9273,9273,9273,9273,9273,TRUE,TRUE
6996,50.2292642371599,122.426381133324,6149.38704754495,2391,899,9273,9273,9273,9273,9273,9273,TRUE,TRUE
6997,47.852424357865,95.5383587864818,4571.74208710469,1662,1362,9273,9273,9273,9273,9273,9273,TRUE,TRUE
6998,137.82489938736,94.3660668563843,13005.993670062,586,261,9273,9273,9273,9273,9273,9273,TRUE,TRUE
6999,59.373962153767,119.050614705958,7068.50669193426,5357,725,9273,9273,9273,9273,9273,9273,TRUE,TRUE
7000,55.1809623718262,46.1520398902893,2546.71397656908,1790,2694,9273,9273,9273,9273,9273,9273,TRUE,TRUE
7001,85.5055143211867,124.669560091711,10659.9348558378,5322,374,9273,9273,9273,9273,9273,9273,TRUE,TRUE
7002,32.7170593809373,34.7817133063137,1137.9553796134,4271,5262,9273,9273,9273,9273,9273,9273,TRUE,TRUE
7003,31.8993320636612,281.757635126869,8987.88036438388,3577,497,9273,9273,9273,9273,9273,9273,TRUE,TRUE
7004,89.9580606787328,182.909153486153,16454.152728003,8822,168,9273,9273,9273,9273,9273,9273,TRUE,TRUE
7005,14.2355028710714,9.80993545346144,139.649364312776,2785,8969,9273,9273,9273,9273,9273,9273,TRUE,TRUE
7006,59.196803344072,61.9382950794062,3666.54907328271,5642,1806,9273,9273,9273,9273,9273,9273,TRUE,TRUE
7007,62.7932697048708,175.455034197879,11017.3952834648,451,344,9273,9273,9273,9273,9273,9273,TRUE,TRUE
7008,20.2113522494281,36.047207514445,728.562808682678,8727,6580,9273,9273,9273,9273,9273,9273,TRUE,TRUE
7009,15.8339299872236,28.3812262337163,449.386349136219,3282,7698,9273,9273,9273,9273,9273,9273,TRUE,TRUE
7010,25.2029092308492,79.8849637872082,2013.33349123868,7840,3345,9273,9273,9273,9273,9273,9273,TRUE,TRUE
7011,23.893251029368,47.0616096651494,1124.45485357554,6258,5295,9273,9273,9273,9273,9273,9273,TRUE,TRUE
7012,16.8170906785247,4.13249864206686,69.4966043925184,8984,9156,9273,9273,9273,9273,9273,9273,TRUE,TRUE
7013,41.9268617418077,74.1623300764296,3109.39375956477,2234,2184,9273,9273,9273,9273,9273,9273,TRUE,TRUE
7014,87.2924216262938,63.9611182625838,5583.3209030667,2434,1039,9273,9273,9273,9273,9273,9273,TRUE,TRUE
7015,13.2478068426221,18.0258662918277,238.803194805066,8376,8604,9273,9273,9273,9273,9273,9273,TRUE,TRUE
7016,21.3459132626905,44.2764717877921,945.121726360175,3638,5812,9273,9273,9273,9273,9273,9273,TRUE,TRUE
7017,8.62598116673417,12.088489364739,104.275081594505,8326,9050,9273,9273,9273,9273,9273,9273,TRUE,TRUE
7018,10.7077361901601,33.0081809123357,353.442893326369,4169,8133,9273,9273,9273,9273,9273,9273,TRUE,TRUE
7019,45.1990142158001,54.7234281694269,2473.44500776724,5344,2781,9273,9273,9273,9273,9273,9273,TRUE,TRUE
7020,27.8251987087483,25.9237222209269,721.332722067685,6289,6615,9273,9273,9273,9273,9273,9273,TRUE,TRUE
7021,24.9708835422993,32.6475364128749,815.237829708873,5727,6258,9273,9273,9273,9273,9273,9273,TRUE,TRUE
7022,67.810417724868,65.0556358919305,4411.44984518873,5216,1425,9273,9273,9273,9273,9273,9273,TRUE,TRUE
7023,34.8249681290616,55.7819240334329,1942.60372664203,5249,3443,9273,9273,9273,9273,9273,9273,TRUE,TRUE
7024,53.2161707077996,47.2880778878422,2516.49042532314,558,2724,9273,9273,9273,9273,9273,9273,TRUE,TRUE
7025,23.9122990076596,41.5207145592156,992.855741551647,9124,5656,9273,9273,9273,9273,9273,9273,TRUE,TRUE
7026,24.1814711168022,17.6214694890334,426.113055484672,4443,7797,9273,9273,9273,9273,9273,9273,TRUE,TRUE
7027,46.7621712414991,38.1084922254086,1782.03583919989,7049,3734,9273,9273,9273,9273,9273,9273,TRUE,TRUE
7028,15.9935881240027,20.0315892057759,320.376987226399,3083,8293,9273,9273,9273,9273,9273,9273,TRUE,TRUE
7029,41.3713618759217,66.0204501617246,2731.35593485196,6583,2511,9273,9273,9273,9273,9273,9273,TRUE,TRUE
7030,21.3578004341126,40.36330909729,862.07150056032,6146,6109,9273,9273,9273,9273,9273,9273,TRUE,TRUE
7031,37.1489811860598,34.6294600300535,1286.44915913987,5354,4825,9273,9273,9273,9273,9273,9273,TRUE,TRUE
7032,29.3214773356915,6.42769296169281,188.469453497059,5651,8796,9273,9273,9273,9273,9273,9273,TRUE,TRUE
7033,30.4518598763433,45.3435568086086,1380.79563823076,3684,4596,9273,9273,9273,9273,9273,9273,TRUE,TRUE
7034,35.7356445107195,46.5282387283113,1662.71659890483,2,3951,9273,9273,9273,9273,9273,9273,TRUE,TRUE
7035,52.4356975623217,35.9040338145613,1882.65305836771,6846,3566,9273,9273,9273,9273,9273,9273,TRUE,TRUE
7036,58.911242632006,33.4936508616463,1973.15259254214,2046,3403,9273,9273,9273,9273,9273,9273,TRUE,TRUE
7037,10.7165030624434,16.0850224020885,172.375191831453,4912,8858,9273,9273,9273,9273,9273,9273,TRUE,TRUE
7038,56.0123069674824,44.3734317115321,2485.45827822695,914,2766,9273,9273,9273,9273,9273,9273,TRUE,TRUE
7039,77.2011855316162,19.1175749206543,1475.89944836401,2402,4353,9273,9273,9273,9273,9273,9273,TRUE,TRUE
7040,19.2923759983987,22.4381708853024,432.885629435576,3740,7768,9273,9273,9273,9273,9273,9273,TRUE,TRUE
7041,27.379905358339,107.786116053915,2951.17365649914,2298,2311,9273,9273,9273,9273,9273,9273,TRUE,TRUE
7042,21.6949265792617,49.4820101811336,1073.50857787397,4201,5437,9273,9273,9273,9273,9273,9273,TRUE,TRUE
7043,22.0476978376132,60.0573359737877,1324.12599648209,3990,4734,9273,9273,9273,9273,9273,9273,TRUE,TRUE
7044,24.9540263839755,22.3162030753585,556.879120332653,3836,7268,9273,9273,9273,9273,9273,9273,TRUE,TRUE
7045,7.10151790499687,290.811341333389,2065.20194745522,1840,3284,9273,9273,9273,9273,9273,9273,TRUE,TRUE
7046,35.4872760460144,23.7953208481393,844.431119541402,449,6167,9273,9273,9273,9273,9273,9273,TRUE,TRUE
7047,29.069436842745,38.4020683038681,1116.32649919007,5038,5321,9273,9273,9273,9273,9273,9273,TRUE,TRUE
7048,65.7937173849185,239.851626245355,15780.7301115,4615,180,9273,9273,9273,9273,9273,9273,TRUE,TRUE
7049,12.8324704293902,48.1246702815339,617.558408311939,3850,7027,9273,9273,9273,9273,9273,9273,TRUE,TRUE
7050,31.1916012911053,39.0107634160426,1216.80817853484,8951,5023,9273,9273,9273,9273,9273,9273,TRUE,TRUE
7051,4.57159517765045,12.4735166311264,57.0238684792002,1568,9187,9273,9273,9273,9273,9273,9273,TRUE,TRUE
7052,27.9622105916341,53.8234990731264,1505.02401586138,4589,4288,9273,9273,9273,9273,9273,9273,TRUE,TRUE
7053,35.3827769839655,67.4008003266749,2384.82748649953,286,2891,9273,9273,9273,9273,9273,9273,TRUE,TRUE
7054,51.7460223227739,78.6834167838097,4071.55384132714,3464,1596,9273,9273,9273,9273,9273,9273,TRUE,TRUE
7055,35.89428643311,77.5355158747042,2783.08201554558,7606,2456,9273,9273,9273,9273,9273,9273,TRUE,TRUE
7056,39.5793169503924,59.6464546631123,2360.76593407853,1602,2918,9273,9273,9273,9273,9273,9273,TRUE,TRUE
7057,41.6448370495508,18.4211879201638,767.147369194374,2505,6445,9273,9273,9273,9273,9273,9273,TRUE,TRUE
7058,12.6812681236437,60.3902666653906,765.825163642162,2110,6454,9273,9273,9273,9273,9273,9273,TRUE,TRUE
7059,82.3877520759266,115.406734174052,9508.10140302416,331,456,9273,9273,9273,9273,9273,9273,TRUE,TRUE
7060,18.7557510831463,28.9706554163748,543.366401705129,8234,7318,9273,9273,9273,9273,9273,9273,TRUE,TRUE
7061,21.8515550661505,35.9066321222406,784.615749059149,4869,6367,9273,9273,9273,9273,9273,9273,TRUE,TRUE
7062,9.47924143927438,23.8742662225451,226.309933709018,5114,8649,9273,9273,9273,9273,9273,9273,TRUE,TRUE
7063,45.3864959648677,46.717260976227,2120.3327767872,925,3209,9273,9273,9273,9273,9273,9273,TRUE,TRUE
7064,36.4260487944316,61.6306956259258,2244.96272610473,2397,3054,9273,9273,9273,9273,9273,9273,TRUE,TRUE
7065,74.3726144761875,112.819090132056,8390.65069594562,5136,558,9273,9273,9273,9273,9273,9273,TRUE,TRUE
7066,23.6114169034091,51.4150964742918,1213.9832779835,7942,5035,9273,9273,9273,9273,9273,9273,TRUE,TRUE
7067,13.4790458571715,30.8812501586852,416.249787015703,1292,7840,9273,9273,9273,9273,9273,9273,TRUE,TRUE
7068,12.6518492305402,6.71832477431936,84.9992321264914,1050,9108,9273,9273,9273,9273,9273,9273,TRUE,TRUE
7069,22.006513379109,27.3733874843709,602.392817906342,7492,7083,9273,9273,9273,9273,9273,9273,TRUE,TRUE
7070,15.5943173506102,32.3160877244905,503.947327505862,4526,7489,9273,9273,9273,9273,9273,9273,TRUE,TRUE
7071,64.0787053061236,74.9703284707563,4804.00158478088,9055,1279,9273,9273,9273,9273,9273,9273,TRUE,TRUE
7072,35.8571656060545,38.7945096950009,1391.06115873933,8892,4558,9273,9273,9273,9273,9273,9273,TRUE,TRUE
7073,29.2415077265571,31.2533331718765,913.894583426091,5807,5932,9273,9273,9273,9273,9273,9273,TRUE,TRUE
7074,37.4848943103144,47.1511654771323,1767.45645451845,5648,3759,9273,9273,9273,9273,9273,9273,TRUE,TRUE
7075,69.7787228538877,107.239199623229,7483.01438958203,5680,669,9273,9273,9273,9273,9273,9273,TRUE,TRUE
7076,16.2439826277436,7.21953836034556,117.274055705782,4301,9030,9273,9273,9273,9273,9273,9273,TRUE,TRUE
7077,10.715955923001,48.5788562209518,520.568882053521,3481,7421,9273,9273,9273,9273,9273,9273,TRUE,TRUE
7078,26.8364072831568,25.2859413254225,678.583819947044,7239,6776,9273,9273,9273,9273,9273,9273,TRUE,TRUE
7079,21.6149391808614,52.4428881737302,1133.54983834389,1146,5271,9273,9273,9273,9273,9273,9273,TRUE,TRUE
7080,48.7341223144531,44.0264553546906,2145.5906603273,5375,3180,9273,9273,9273,9273,9273,9273,TRUE,TRUE
7081,108.695015630693,25.2331429910804,2742.716871827,9101,2502,9273,9273,9273,9273,9273,9273,TRUE,TRUE
7082,21.054870069027,20.6195012927055,434.140920606048,4250,7763,9273,9273,9273,9273,9273,9273,TRUE,TRUE
7083,34.5718459033254,65.2741615024965,2256.64825293309,7069,3034,9273,9273,9273,9273,9273,9273,TRUE,TRUE
7084,137.10898075668,139.367639901984,19108.5550574249,7837,133,9273,9273,9273,9273,9273,9273,TRUE,TRUE
7085,45.3775515556336,93.4622791671753,4241.08939141551,4722,1518,9273,9273,9273,9273,9273,9273,TRUE,TRUE
7086,37.5541786850823,94.9685228983561,3566.4648783832,6063,1879,9273,9273,9273,9273,9273,9273,TRUE,TRUE
7087,23.0700754817528,31.6913279400596,731.121327694157,8337,6569,9273,9273,9273,9273,9273,9273,TRUE,TRUE
7088,37.0408434174278,41.1001385558735,1522.3837966827,1324,4245,9273,9273,9273,9273,9273,9273,TRUE,TRUE
7089,29.1756340509526,12.4478346710905,363.173469090496,8730,8101,9273,9273,9273,9273,9273,9273,TRUE,TRUE
7090,48.7209640812958,95.2042590771463,4638.44328688402,7613,1335,9273,9273,9273,9273,9273,9273,TRUE,TRUE
7091,37.9921243950941,28.6658654973127,1089.07712786694,3067,5399,9273,9273,9273,9273,9273,9273,TRUE,TRUE
7092,42.6506793234083,135.129779484537,5763.37689183787,3516,989,9273,9273,9273,9273,9273,9273,TRUE,TRUE
7093,51.4304761600494,21.7777539539337,1120.04025554721,3404,5309,9273,9273,9273,9273,9273,9273,TRUE,TRUE
7094,36.9564064172883,32.1829203719302,1189.36508496028,195,5105,9273,9273,9273,9273,9273,9273,TRUE,TRUE
7095,48.9027037034179,59.2343416103354,2896.71945683727,4541,2354,9273,9273,9273,9273,9273,9273,TRUE,TRUE
7096,24.4336347556114,55.3034926104546,1351.2653391535,2584,4667,9273,9273,9273,9273,9273,9273,TRUE,TRUE
7097,36.7939978719233,69.2996091861649,2549.80967292086,1971,2691,9273,9273,9273,9273,9273,9273,TRUE,TRUE
7098,37.7447955685693,51.0178323522344,1925.65765248663,5769,3474,9273,9273,9273,9273,9273,9273,TRUE,TRUE
7099,22.3934147174542,56.786799299848,1271.65034719833,3861,4868,9273,9273,9273,9273,9273,9273,TRUE,TRUE
7100,42.5413603001395,14.957298074065,636.30380648538,6665,6937,9273,9273,9273,9273,9273,9273,TRUE,TRUE
7101,15.4790752053261,34.1112696647644,528.010908490046,3189,7394,9273,9273,9273,9273,9273,9273,TRUE,TRUE
7102,32.4232256418279,49.6549477808123,1609.97357613046,1358,4055,9273,9273,9273,9273,9273,9273,TRUE,TRUE
7103,26.2919405083907,60.3445307681435,1586.57481296278,2849,4096,9273,9273,9273,9273,9273,9273,TRUE,TRUE
7104,29.1660825663963,40.7073509250067,1187.27395813802,5803,5110,9273,9273,9273,9273,9273,9273,TRUE,TRUE
7105,53.4471742989395,31.5631493488556,1686.96114467174,3310,3908,9273,9273,9273,9273,9273,9273,TRUE,TRUE
7106,27.6532524146286,46.7694770167856,1293.32815324534,321,4806,9273,9273,9273,9273,9273,9273,TRUE,TRUE
7107,21.1519697853006,39.6773697091983,839.254525249163,2070,6186,9273,9273,9273,9273,9273,9273,TRUE,TRUE
7108,34.1871315050125,18.3284390926361,626.596757541563,3762,6978,9273,9273,9273,9273,9273,9273,TRUE,TRUE
7109,53.3750593711118,107.792250216984,5753.41775507728,1284,993,9273,9273,9273,9273,9273,9273,TRUE,TRUE
7110,32.6148999937649,51.7199385215496,1686.84062256401,1453,3909,9273,9273,9273,9273,9273,9273,TRUE,TRUE
7111,13.9014365080075,33.1191259506421,460.403426603556,6635,7652,9273,9273,9273,9273,9273,9273,TRUE,TRUE
7112,65.3177288540927,50.7642370033264,3315.80466806817,5783,2053,9273,9273,9273,9273,9273,9273,TRUE,TRUE
7113,21.881530585289,32.4820732927322,710.75748022852,6968,6664,9273,9273,9273,9273,9273,9273,TRUE,TRUE
7114,24.5357625593288,57.1443598497953,1402.08044487942,6585,4528,9273,9273,9273,9273,9273,9273,TRUE,TRUE
7115,88.2195965272188,167.8707259655,14809.4877134077,4432,207,9273,9273,9273,9273,9273,9273,TRUE,TRUE
7116,28.261797670126,15.630091047287,441.734470744072,8424,7729,9273,9273,9273,9273,9273,9273,TRUE,TRUE
7117,69.8130235248142,69.5801520215141,4857.60078993811,6666,1253,9273,9273,9273,9273,9273,9273,TRUE,TRUE
7118,11.3180171421596,35.7113839830671,404.182056090597,1733,7905,9273,9273,9273,9273,9273,9273,TRUE,TRUE
7119,11.0843020144929,28.2996901045454,313.682312035338,4635,8323,9273,9273,9273,9273,9273,9273,TRUE,TRUE
7120,38.1010642062372,86.4294157654492,3293.05271938695,4910,2065,9273,9273,9273,9273,9273,9273,TRUE,TRUE
7121,23.8920547810007,10.6157554464137,253.632210667423,2029,8537,9273,9273,9273,9273,9273,9273,TRUE,TRUE
7122,10.5644261240959,3.39415411154429,35.8572903652061,4257,9211,9273,9273,9273,9273,9273,9273,TRUE,TRUE
7123,25.2756178807553,28.4827608380999,719.919379132755,4061,6625,9273,9273,9273,9273,9273,9273,TRUE,TRUE
7124,2.82658838974802,14.8449824182611,41.9606549494703,4667,9206,9273,9273,9273,9273,9273,9273,TRUE,TRUE
7125,11.9786691413854,74.7218719551666,895.068581775906,3678,5995,9273,9273,9273,9273,9273,9273,TRUE,TRUE
7126,17.8620365438561,83.4642558479974,1490.84158806268,8725,4322,9273,9273,9273,9273,9273,9273,TRUE,TRUE
7127,19.6609973799344,64.5409409767376,1268.93927144214,6668,4876,9273,9273,9273,9273,9273,9273,TRUE,TRUE
7128,13.7455115597065,17.6156780330951,242.136506035977,1075,8591,9273,9273,9273,9273,9273,9273,TRUE,TRUE
7129,17.2462745230327,57.2270304657692,986.953077550613,8036,5684,9273,9273,9273,9273,9273,9273,TRUE,TRUE
7130,2130.49152295644,6296.07809879216,13413741.0173484,9042,4,9273,9273,9273,9273,9273,9273,TRUE,TRUE
7131,39.5551644858078,50.8196339530018,2010.17898011953,159,3348,9273,9273,9273,9273,9273,9273,TRUE,TRUE
7132,38.2270546122494,60.1592549299583,2299.71112363975,6279,2984,9273,9273,9273,9273,9273,9273,TRUE,TRUE
7133,39.03467762757,116.923396290782,4564.06708133131,8135,1364,9273,9273,9273,9273,9273,9273,TRUE,TRUE
7134,93.9619526012794,498.291228356061,46820.4167804255,4757,18,9273,9273,9273,9273,9273,9273,TRUE,TRUE
7135,79.9014590452475,96.4784015602649,7708.76505101844,6845,637,9273,9273,9273,9273,9273,9273,TRUE,TRUE
7136,35.5859425761605,45.253023171829,1610.37148399037,6730,4053,9273,9273,9273,9273,9273,9273,TRUE,TRUE
7137,24.9818615711911,14.8434661274225,370.817416031932,1899,8057,9273,9273,9273,9273,9273,9273,TRUE,TRUE
7138,15.9009047266037,71.931813097757,1143.7809068793,2567,5243,9273,9273,9273,9273,9273,9273,TRUE,TRUE
7139,51.7451042761541,37.4083618137934,1935.69958285484,3381,3453,9273,9273,9273,9273,9273,9273,TRUE,TRUE
7140,55.653113705356,65.425490681718,3641.13227213836,1121,1822,9273,9273,9273,9273,9273,9273,TRUE,TRUE
7141,19.4119204734005,20.5015734844962,397.974914060616,7698,7936,9273,9273,9273,9273,9273,9273,TRUE,TRUE
7142,23.1353935956955,22.1468612909317,512.376352874978,771,7455,9273,9273,9273,9273,9273,9273,TRUE,TRUE
7143,17.7655498949855,33.0255037808608,586.716235225916,7795,7145,9273,9273,9273,9273,9273,9273,TRUE,TRUE
7144,10.8066520068956,26.3637447605962,284.903815226382,3106,8422,9273,9273,9273,9273,9273,9273,TRUE,TRUE
7145,42.8303023886608,144.072606410455,6170.67329848231,7143,896,9273,9273,9273,9273,9273,9273,TRUE,TRUE
7146,78.2118846878888,110.914828784524,8674.85779907215,1404,527,9273,9273,9273,9273,9273,9273,TRUE,TRUE
7147,35.9492522246629,54.1994104663145,1948.42827728158,4094,3437,9273,9273,9273,9273,9273,9273,TRUE,TRUE
7148,33.7615811205378,15.1863473256429,512.715097159355,5997,7453,9273,9273,9273,9273,9273,9273,TRUE,TRUE
7149,7.95385144453133,22.4374566035988,178.464196618143,5202,8833,9273,9273,9273,9273,9273,9273,TRUE,TRUE
7150,12.1620823580228,29.8752504707722,363.34525669209,886,8100,9273,9273,9273,9273,9273,9273,TRUE,TRUE
7151,21.1380875813961,32.431155910492,685.532614001891,4946,6750,9273,9273,9273,9273,9273,9273,TRUE,TRUE
7152,22.4538414129397,51.0934027229867,1147.2431619894,3995,5234,9273,9273,9273,9273,9273,9273,TRUE,TRUE
7153,12.9307548857548,30.5618718862534,395.188074210983,6930,7945,9273,9273,9273,9273,9273,9273,TRUE,TRUE
7154,33.6482023889034,57.1338566076802,1922.45157039381,6047,3480,9273,9273,9273,9273,9273,9273,TRUE,TRUE
7155,35.0928165232549,105.855923255545,3714.7824927066,8764,1782,9273,9273,9273,9273,9273,9273,TRUE,TRUE
7156,19.9272370190965,28.251108255583,562.966530261155,335,7236,9273,9273,9273,9273,9273,9273,TRUE,TRUE
7157,23.8837590026855,36.4419342719184,870.370375742206,4150,6086,9273,9273,9273,9273,9273,9273,TRUE,TRUE
7158,5.93641345202923,11.518913435936,68.3810326738506,9060,9162,9273,9273,9273,9273,9273,9273,TRUE,TRUE
7159,14.3300524542206,13.0881618700529,187.554046127189,9215,8802,9273,9273,9273,9273,9273,9273,TRUE,TRUE
7160,15.7063395268748,101.579701515421,1595.4452810398,2517,4079,9273,9273,9273,9273,9273,9273,TRUE,TRUE
7161,41.2415306935919,82.5497609630544,3404.47850050648,680,1988,9273,9273,9273,9273,9273,9273,TRUE,TRUE
7162,75.4534948427211,32.9717943176391,2487.83711250124,5948,2762,9273,9273,9273,9273,9273,9273,TRUE,TRUE
7163,34.1143313042252,23.2644272919728,793.650380241416,1615,6331,9273,9273,9273,9273,9273,9273,TRUE,TRUE
7164,38.1863204915114,33.4787239257735,1278.42928147642,1939,4845,9273,9273,9273,9273,9273,9273,TRUE,TRUE
7165,21.8248676486026,191.094395254745,4170.60988482456,2940,1550,9273,9273,9273,9273,9273,9273,TRUE,TRUE
7166,28.883165397644,28.7527548742294,830.470574670285,3076,6210,9273,9273,9273,9273,9273,9273,TRUE,TRUE
7167,14.7123281698433,46.9504417492617,690.750306734249,8458,6736,9273,9273,9273,9273,9273,9273,TRUE,TRUE
7168,21.4233323251558,50.9545779129282,1091.6168561167,849,5391,9273,9273,9273,9273,9273,9273,TRUE,TRUE
7169,32.47192797411,38.9960838309182,1266.27802542993,8084,4883,9273,9273,9273,9273,9273,9273,TRUE,TRUE
7170,28.2779084719813,38.0358943869725,1075.57554012475,3365,5430,9273,9273,9273,9273,9273,9273,TRUE,TRUE
7171,44.0860966397196,131.156978909703,5782.19924718683,7562,982,9273,9273,9273,9273,9273,9273,TRUE,TRUE
7172,101.995445022583,79.7033073234558,8129.37430022758,2079,579,9273,9273,9273,9273,9273,9273,TRUE,TRUE
7173,28.9493755661208,58.0400962928246,1680.22454547479,8069,3921,9273,9273,9273,9273,9273,9273,TRUE,TRUE
7174,26.4972772038048,32.9260920019098,872.451787012584,1352,6079,9273,9273,9273,9273,9273,9273,TRUE,TRUE
7175,13.5372593808174,24.9470452737808,337.714622656166,855,8214,9273,9273,9273,9273,9273,9273,TRUE,TRUE
7176,9.96703642293027,19.4270883526718,193.630497202565,5012,8774,9273,9273,9273,9273,9273,9273,TRUE,TRUE
7177,25.017673519181,21.3086827999208,533.093669412207,3232,7368,9273,9273,9273,9273,9273,9273,TRUE,TRUE
7178,17.8228229374356,55.2342195892334,984.429715826342,1541,5690,9273,9273,9273,9273,9273,9273,TRUE,TRUE
7179,21.9270930880994,7.80581106970796,171.158745953603,5686,8861,9273,9273,9273,9273,9273,9273,TRUE,TRUE
7180,96.769126739502,38.4133829975128,3717.22952777935,2232,1780,9273,9273,9273,9273,9273,9273,TRUE,TRUE
7181,38.0325397841136,8.31568778991699,316.266726702285,9257,8311,9273,9273,9273,9273,9273,9273,TRUE,TRUE
7182,19.773275642395,8.64237332105637,170.888029881728,3688,8863,9273,9273,9273,9273,9273,9273,TRUE,TRUE
7183,20.320445733841,38.904219193892,790.55107494694,2980,6342,9273,9273,9273,9273,9273,9273,TRUE,TRUE
7184,16.9042377434671,65.1320345848799,1101.00739733853,4593,5370,9273,9273,9273,9273,9273,9273,TRUE,TRUE
7185,23.8566395759583,7.89141538143158,188.262652498986,5982,8797,9273,9273,9273,9273,9273,9273,TRUE,TRUE
7186,28.6807213144987,65.6723906747963,1883.53153500071,474,3564,9273,9273,9273,9273,9273,9273,TRUE,TRUE
7187,16.2873250944499,51.1365675401058,832.877899739996,9178,6202,9273,9273,9273,9273,9273,9273,TRUE,TRUE
7188,22.427427132528,52.6263587076468,1180.27382516603,4074,5134,9273,9273,9273,9273,9273,9273,TRUE,TRUE
7189,21.15813830136,39.9168702445105,844.566661190797,6565,6165,9273,9273,9273,9273,9273,9273,TRUE,TRUE
7190,50.6925625562099,84.1694273846246,4266.76396301545,2266,1499,9273,9273,9273,9273,9273,9273,TRUE,TRUE
7191,28.5294652010668,23.1964361756881,661.781918663059,1058,6842,9273,9273,9273,9273,9273,9273,TRUE,TRUE
7192,72.5674574659278,66.871850947642,4852.72019931087,4935,1256,9273,9273,9273,9273,9273,9273,TRUE,TRUE
7193,29.786279763245,36.0360026010653,1073.37845502436,574,5439,9273,9273,9273,9273,9273,9273,TRUE,TRUE
7194,89.7285505415083,161.910410017581,14527.9864084588,5856,216,9273,9273,9273,9273,9273,9273,TRUE,TRUE
7195,12.2879099316067,30.2645511450591,371.888078590991,1456,8051,9273,9273,9273,9273,9273,9273,TRUE,TRUE
7196,67.8566173252307,45.821108956086,3109.26545585083,4424,2185,9273,9273,9273,9273,9273,9273,TRUE,TRUE
7197,9.35401990532875,8.2477974653244,77.1500616657645,5080,9132,9273,9273,9273,9273,9273,9273,TRUE,TRUE
7198,38.7436878269666,40.8065924971071,1580.99788099015,8068,4104,9273,9273,9273,9273,9273,9273,TRUE,TRUE
7199,37.3550581932068,32.0875069046021,1198.63068769633,8898,5077,9273,9273,9273,9273,9273,9273,TRUE,TRUE
7200,41.4178016980489,72.2318486670653,2991.68438437599,1696,2281,9273,9273,9273,9273,9273,9273,TRUE,TRUE
7201,13.4540208673477,12.7917232513428,172.100111552903,2982,8860,9273,9273,9273,9273,9273,9273,TRUE,TRUE
7202,32.6386007954413,53.3417765668137,1741.00095108385,4902,3803,9273,9273,9273,9273,9273,9273,TRUE,TRUE
7203,35.6381040858287,46.9192199262918,1672.11204335908,6298,3935,9273,9273,9273,9273,9273,9273,TRUE,TRUE
7204,71.3505174053706,155.744313551136,11112.4373548179,9267,335,9273,9273,9273,9273,9273,9273,TRUE,TRUE
7205,31.9797874674854,47.1699865728736,1508.48614544464,3466,4285,9273,9273,9273,9273,9273,9273,TRUE,TRUE
7206,25.5802200826009,36.2326211293538,926.838422658367,8836,5887,9273,9273,9273,9273,9273,9273,TRUE,TRUE
7207,35.3368512911674,7.11468015572964,251.410394647238,1124,8545,9273,9273,9273,9273,9273,9273,TRUE,TRUE
7208,41.9403441761034,76.929188152767,3226.43662831526,6277,2098,9273,9273,9273,9273,9273,9273,TRUE,TRUE
7209,21.4940863743424,42.0026766975721,902.809160891195,6932,5966,9273,9273,9273,9273,9273,9273,TRUE,TRUE
7210,36.6690136116242,32.8432196969184,1204.32847011586,5986,5065,9273,9273,9273,9273,9273,9273,TRUE,TRUE
7211,5.90341997769923,12.4618829527712,73.5677287831387,6552,9143,9273,9273,9273,9273,9273,9273,TRUE,TRUE
7212,13.3153378925626,17.6576937493824,235.118158676417,8492,8614,9273,9273,9273,9273,9273,9273,TRUE,TRUE
7213,15.7720157534232,73.010677428561,1151.52555457136,1145,5221,9273,9273,9273,9273,9273,9273,TRUE,TRUE
7214,21.6990606723688,53.3165249192817,1156.91850906335,2020,5209,9273,9273,9273,9273,9273,9273,TRUE,TRUE
7215,77.3846856837427,37.2380942623172,2881.658219951,6725,2372,9273,9273,9273,9273,9273,9273,TRUE,TRUE
7216,5.15431964589704,35.9055325215863,185.068591672407,6278,8808,9273,9273,9273,9273,9273,9273,TRUE,TRUE
7217,8.13924035091292,35.1468774134463,286.068882852112,3459,8417,9273,9273,9273,9273,9273,9273,TRUE,TRUE
7218,40.6948668158113,65.4837986189744,2664.85446339257,1427,2562,9273,9273,9273,9273,9273,9273,TRUE,TRUE
7219,43.0418319517374,23.0505636572838,992.138487329634,8382,5662,9273,9273,9273,9273,9273,9273,TRUE,TRUE
7220,20.8765970379211,55.2241169031746,1152.89163536262,8384,5220,9273,9273,9273,9273,9273,9273,TRUE,TRUE
7221,22.6367943387855,82.0650304614139,1857.68921696119,924,3603,9273,9273,9273,9273,9273,9273,TRUE,TRUE
7222,26.4806133589286,50.5680844283189,1339.07389204797,8894,4697,9273,9273,9273,9273,9273,9273,TRUE,TRUE
7223,10.0767571230254,7.34453697524002,74.0091152805734,570,9142,9273,9273,9273,9273,9273,9273,TRUE,TRUE
7224,18.8847286254168,29.8620361731603,563.93644933251,2419,7234,9273,9273,9273,9273,9273,9273,TRUE,TRUE
7225,106.026646293253,68.5791514568065,7271.21743460228,9194,695,9273,9273,9273,9273,9273,9273,TRUE,TRUE
7226,37.6006899340586,59.8219834457744,2249.34785078495,3815,3046,9273,9273,9273,9273,9273,9273,TRUE,TRUE
7227,75.9953633246484,173.809439094345,13208.7114732281,5755,256,9273,9273,9273,9273,9273,9273,TRUE,TRUE
7228,19.2795041166246,44.170449860394,851.584369916626,6393,6143,9273,9273,9273,9273,9273,9273,TRUE,TRUE
7229,34.3863805582126,18.5883167783419,639.184934676674,7491,6921,9273,9273,9273,9273,9273,9273,TRUE,TRUE
7230,43.0980182696149,42.301865758174,1823.12658328458,1597,3666,9273,9273,9273,9273,9273,9273,TRUE,TRUE
7231,32.2162676032325,83.8617663849565,2701.71310753752,1079,2526,9273,9273,9273,9273,9273,9273,TRUE,TRUE
7232,26.7172964009211,53.6188730360407,1432.55132358725,5869,4455,9273,9273,9273,9273,9273,9273,TRUE,TRUE
7233,28.3490589305121,29.0913493457008,824.712376969384,6175,6226,9273,9273,9273,9273,9273,9273,TRUE,TRUE
7234,35.7100491001658,38.6023441631429,1378.49160544733,7224,4601,9273,9273,9273,9273,9273,9273,TRUE,TRUE
7235,61.8278070745014,47.7303190117791,2951.06095546468,1090,2312,9273,9273,9273,9273,9273,9273,TRUE,TRUE
7236,91.2451631770871,80.9733976968905,7388.43088585594,7156,679,9273,9273,9273,9273,9273,9273,TRUE,TRUE
7237,68.1862313616407,79.6204593574608,5429.01906286793,7665,1084,9273,9273,9273,9273,9273,9273,TRUE,TRUE
7238,21.7787027536712,33.5041285745846,729.67645724666,6783,6574,9273,9273,9273,9273,9273,9273,TRUE,TRUE
7239,12.449458574284,48.4697370143295,603.421983066336,9166,7078,9273,9273,9273,9273,9273,9273,TRUE,TRUE
7240,55.1483527600408,64.4787907429084,3555.89909743077,6361,1886,9273,9273,9273,9273,9273,9273,TRUE,TRUE
7241,10.3427944905167,43.4623541525745,449.522197074134,5286,7697,9273,9273,9273,9273,9273,9273,TRUE,TRUE
7242,17.3827134918937,65.5967040061951,1140.24871175224,8348,5256,9273,9273,9273,9273,9273,9273,TRUE,TRUE
7243,45.5771870571086,54.2766115129782,2473.77527575302,6255,2780,9273,9273,9273,9273,9273,9273,TRUE,TRUE
7244,21.3045295476913,32.7536159697033,697.800379220279,8880,6715,9273,9273,9273,9273,9273,9273,TRUE,TRUE
7245,9.19705638112758,17.8998181791645,164.625637005708,8659,8887,9273,9273,9273,9273,9273,9273,TRUE,TRUE
7246,45.47939699967,61.0162685243044,2774.98309965531,45,2463,9273,9273,9273,9273,9273,9273,TRUE,TRUE
7247,20.4935854883446,23.8413548837149,488.594844467374,199,7540,9273,9273,9273,9273,9273,9273,TRUE,TRUE
7248,22.0648934789043,50.2307341528721,1108.33579845028,2482,5344,9273,9273,9273,9273,9273,9273,TRUE,TRUE
7249,136.564405257614,41.1824060934561,5624.05079523036,4353,1029,9273,9273,9273,9273,9273,9273,TRUE,TRUE
7250,41.463016104583,85.936038038005,3563.16732913386,489,1882,9273,9273,9273,9273,9273,9273,TRUE,TRUE
7251,11.2546094485692,4.58211708068848,51.5699381907667,7255,9195,9273,9273,9273,9273,9273,9273,TRUE,TRUE
7252,21.5830319161509,6.01464844217487,129.814349291887,5971,9001,9273,9273,9273,9273,9273,9273,TRUE,TRUE
7253,30.1592324709892,13.0717446899414,394.233786905362,743,7947,9273,9273,9273,9273,9273,9273,TRUE,TRUE
7254,14.8336160457028,11.7053001331432,173.631927874759,2582,8853,9273,9273,9273,9273,9273,9273,TRUE,TRUE
7255,47.0475313949585,11.9007693767548,559.90182087703,7788,7251,9273,9273,9273,9273,9273,9273,TRUE,TRUE
7256,53.500089115085,79.3306650681929,4244.19765070728,5218,1514,9273,9273,9273,9273,9273,9273,TRUE,TRUE
7257,44.717629989645,14.2778965789753,638.473696249036,5540,6926,9273,9273,9273,9273,9273,9273,TRUE,TRUE
7258,41.7635538610398,39.393707650819,1645.22123126103,7953,3973,9273,9273,9273,9273,9273,9273,TRUE,TRUE
7259,18.7411889164221,98.6729222223872,1849.24787630518,3644,3613,9273,9273,9273,9273,9273,9273,TRUE,TRUE
7260,10.0314836018794,18.9029308138667,189.624440486765,116,8789,9273,9273,9273,9273,9273,9273,TRUE,TRUE
7261,9.67408396318121,26.7042589233917,258.339242999422,7585,8523,9273,9273,9273,9273,9273,9273,TRUE,TRUE
7262,36.3773402329481,52.504269264617,1909.96566672129,7851,3505,9273,9273,9273,9273,9273,9273,TRUE,TRUE
7263,38.050870579068,51.9457300913216,1976.58025284008,5266,3393,9273,9273,9273,9273,9273,9273,TRUE,TRUE
7264,11.2455641892492,29.7473565121086,334.525807117396,4112,8224,9273,9273,9273,9273,9273,9273,TRUE,TRUE
7265,35.7245574230618,35.9780502107408,1285.29992072341,6669,4831,9273,9273,9273,9273,9273,9273,TRUE,TRUE
7266,14.2529566013813,86.4745812129974,1232.51845315148,2844,4976,9273,9273,9273,9273,9273,9273,TRUE,TRUE
7267,25.6371670323749,44.0450877810634,1129.19127239874,4071,5279,9273,9273,9273,9273,9273,9273,TRUE,TRUE
7268,47.7506189608793,124.096891817332,5925.70339539888,7044,950,9273,9273,9273,9273,9273,9273,TRUE,TRUE
7269,6.25820135593414,20.5431287765503,128.563036364537,5964,9003,9273,9273,9273,9273,9273,9273,TRUE,TRUE
7270,35.4543833732605,68.1542391061021,2416.36652178061,9144,2851,9273,9273,9273,9273,9273,9273,TRUE,TRUE
7271,8.4121821537996,22.4318856663174,188.701108278268,3643,8794,9273,9273,9273,9273,9273,9273,TRUE,TRUE
7272,13.1125062024722,56.8430060725058,745.354269692895,5071,6525,9273,9273,9273,9273,9273,9273,TRUE,TRUE
7273,27.9344564437866,26.8562666416168,750.215210742965,1559,6512,9273,9273,9273,9273,9273,9273,TRUE,TRUE
7274,16.0948572701747,49.3412758855537,794.140792906298,6096,6329,9273,9273,9273,9273,9273,9273,TRUE,TRUE
7275,65.5742527039155,348.577659010311,22857.7194988814,1216,87,9273,9273,9273,9273,9273,9273,TRUE,TRUE
7276,34.1449638061524,46.584783821106,1590.63575748909,535,4089,9273,9273,9273,9273,9273,9273,TRUE,TRUE
7277,30.3293711693487,31.0549264206693,941.876390049295,8684,5822,9273,9273,9273,9273,9273,9273,TRUE,TRUE
7278,20.1693376619119,58.2761788176468,1175.39192821908,6433,5155,9273,9273,9273,9273,9273,9273,TRUE,TRUE
7279,59.6225874260182,66.6524569678853,3973.99194272665,7903,1643,9273,9273,9273,9273,9273,9273,TRUE,TRUE
7280,31.5308465347311,45.5105300552185,1434.98553888536,5371,4451,9273,9273,9273,9273,9273,9273,TRUE,TRUE
7281,87.0503065242324,117.110174498447,10194.4765871962,2718,398,9273,9273,9273,9273,9273,9273,TRUE,TRUE
7282,27.0368617517608,26.2744072207383,710.377515636565,2209,6667,9273,9273,9273,9273,9273,9273,TRUE,TRUE
7283,168.776852719778,135.881439383285,22933.6416821441,7644,86,9273,9273,9273,9273,9273,9273,TRUE,TRUE
7284,34.5634928057271,63.9380654827241,2209.92286632424,6990,3107,9273,9273,9273,9273,9273,9273,TRUE,TRUE
7285,16.5048161218333,72.058750267916,1189.31642314106,2813,5106,9273,9273,9273,9273,9273,9273,TRUE,TRUE
7286,48.4456104548772,10.0297341092428,485.89659162237,5054,7557,9273,9273,9273,9273,9273,9273,TRUE,TRUE
7287,16.1301281638801,46.5611959646304,751.038058373023,1534,6507,9273,9273,9273,9273,9273,9273,TRUE,TRUE
7288,12.1336682291774,13.3562264535334,162.060020580937,7880,8896,9273,9273,9273,9273,9273,9273,TRUE,TRUE
7289,123.490099526024,105.27994129536,13001.0304286581,8594,263,9273,9273,9273,9273,9273,9273,TRUE,TRUE
7290,45.6615411830398,94.7573048470798,4326.76457766879,8782,1470,9273,9273,9273,9273,9273,9273,TRUE,TRUE
7291,16.2270410165299,31.7737536012691,515.59400293691,7998,7444,9273,9273,9273,9273,9273,9273,TRUE,TRUE
7292,26.0616444833986,55.3136066255115,1441.56355096864,3027,4430,9273,9273,9273,9273,9273,9273,TRUE,TRUE
7293,33.7245951554714,28.6545157595577,966.36194336716,5666,5750,9273,9273,9273,9273,9273,9273,TRUE,TRUE
7294,46.8091687273096,37.7128485397056,1765.30709048255,9154,3763,9273,9273,9273,9273,9273,9273,TRUE,TRUE
7295,22.0857743418314,49.8734145994109,1101.49298049919,6312,5367,9273,9273,9273,9273,9273,9273,TRUE,TRUE
7296,55.914753173449,70.6606207663969,3950.97116923577,4163,1658,9273,9273,9273,9273,9273,9273,TRUE,TRUE
7297,31.1018330980562,94.9249011083199,2952.33843112045,8177,2310,9273,9273,9273,9273,9273,9273,TRUE,TRUE
7298,38.7333449550118,41.2301981021725,1596.98348565492,5048,4078,9273,9273,9273,9273,9273,9273,TRUE,TRUE
7299,29.447380396036,29.0461602577796,855.33333015506,5104,6126,9273,9273,9273,9273,9273,9273,TRUE,TRUE
7300,41.6283292693477,92.919556511773,3868.08589403384,3016,1702,9273,9273,9273,9273,9273,9273,TRUE,TRUE
7301,23.189864390487,55.6299231511737,1290.05037392893,7566,4813,9273,9273,9273,9273,9273,9273,TRUE,TRUE
7302,32.7425683360146,90.7715452734733,2972.09352408235,4017,2297,9273,9273,9273,9273,9273,9273,TRUE,TRUE
7303,40.0222468634842,128.675657644841,5149.888935583,4125,1153,9273,9273,9273,9273,9273,9273,TRUE,TRUE
7304,34.6989318484719,39.6786491146937,1376.80674147019,1185,4606,9273,9273,9273,9273,9273,9273,TRUE,TRUE
7305,18.3251667751426,151.307794564586,2772.74056977506,8233,2466,9273,9273,9273,9273,9273,9273,TRUE,TRUE
7306,62.0398783985573,28.7751395430746,1785.20615815386,3492,3729,9273,9273,9273,9273,9273,9273,TRUE,TRUE
7307,8.01139309406281,22.5541607379913,180.690247578726,8113,8827,9273,9273,9273,9273,9273,9273,TRUE,TRUE
7308,52.8772706618676,57.3375731133498,3031.85437260922,1395,2239,9273,9273,9273,9273,9273,9273,TRUE,TRUE
7309,7.67194094362947,13.2966943622864,102.011453892953,3290,9056,9273,9273,9273,9273,9273,9273,TRUE,TRUE
7310,80.1433880696255,128.465766960752,10295.6818151976,7417,396,9273,9273,9273,9273,9273,9273,TRUE,TRUE
7311,31.2480853491864,47.5978198345106,1487.34073662399,3963,4331,9273,9273,9273,9273,9273,9273,TRUE,TRUE
7312,23.5411624663016,18.5056310588238,435.644067297209,5842,7755,9273,9273,9273,9273,9273,9273,TRUE,TRUE
7313,24.8661610405801,56.542136623493,1405.98587485826,3706,4518,9273,9273,9273,9273,9273,9273,TRUE,TRUE
7314,28.160249991246,159.248100607519,4484.46632373881,4477,1404,9273,9273,9273,9273,9273,9273,TRUE,TRUE
7315,33.3061055973975,47.1846887499658,1571.53822608669,5510,4127,9273,9273,9273,9273,9273,9273,TRUE,TRUE
7316,80.5457264249639,58.6873307265053,4727.01368530847,8316,1307,9273,9273,9273,9273,9273,9273,TRUE,TRUE
7317,53.6723233584023,46.5229751053171,2496.99616344748,4037,2749,9273,9273,9273,9273,9273,9273,TRUE,TRUE
7318,20.9507293153982,37.0991864165322,777.255012434262,7060,6396,9273,9273,9273,9273,9273,9273,TRUE,TRUE
7319,40.1222685575485,115.109635444979,4618.45970688495,1270,1342,9273,9273,9273,9273,9273,9273,TRUE,TRUE
7320,77.1737657660577,229.335426273777,17698.6784691114,3888,148,9273,9273,9273,9273,9273,9273,TRUE,TRUE
7321,16.7440279686451,65.8042454719544,1101.82812663799,5404,5366,9273,9273,9273,9273,9273,9273,TRUE,TRUE
7322,51.592665072057,91.498013879037,4720.62638481958,8910,1310,9273,9273,9273,9273,9273,9273,TRUE,TRUE
7323,79.7963213600671,95.3589794658624,7609.29577002599,1231,653,9273,9273,9273,9273,9273,9273,TRUE,TRUE
7324,91.8442940248383,117.734731391624,10813.2632868677,5479,365,9273,9273,9273,9273,9273,9273,TRUE,TRUE
7325,22.1509107706395,15.6460682889248,346.574662579306,7507,8164,9273,9273,9273,9273,9273,9273,TRUE,TRUE
7326,56.19072273081,72.5454718190974,4076.38249236269,8101,1591,9273,9273,9273,9273,9273,9273,TRUE,TRUE
7327,9.43837171577545,17.972685859864,169.632889876258,2775,8866,9273,9273,9273,9273,9273,9273,TRUE,TRUE
7328,31.0463951260564,51.5335543253316,1599.93108983433,7520,4070,9273,9273,9273,9273,9273,9273,TRUE,TRUE
7329,12.0231856825032,53.8877072313647,647.901910047067,1285,6894,9273,9273,9273,9273,9273,9273,TRUE,TRUE
7330,13.8551481194324,16.6153117493466,230.207605337743,2825,8635,9273,9273,9273,9273,9273,9273,TRUE,TRUE
7331,24.5496320184111,38.9419253593958,956.0099376616,5093,5782,9273,9273,9273,9273,9273,9273,TRUE,TRUE
7332,26.6861451244354,36.071385140419,962.606218696625,2139,5761,9273,9273,9273,9273,9273,9273,TRUE,TRUE
7333,51.9105314586474,40.9512211758157,2125.79965511721,2008,3206,9273,9273,9273,9273,9273,9273,TRUE,TRUE
7334,64.5472607581239,63.0710047106994,4071.06058733837,4248,1597,9273,9273,9273,9273,9273,9273,TRUE,TRUE
7335,47.7615462361699,29.0499795525885,1387.47194156075,3024,4569,9273,9273,9273,9273,9273,9273,TRUE,TRUE
7336,43.2141400629989,130.95608549205,5659.1546205555,775,1016,9273,9273,9273,9273,9273,9273,TRUE,TRUE
7337,17.7920467552097,51.5560452143351,917.287566967158,7895,5923,9273,9273,9273,9273,9273,9273,TRUE,TRUE
7338,12.1502388000488,5.21851742267609,63.4062328677298,8737,9174,9273,9273,9273,9273,9273,9273,TRUE,TRUE
7339,121.874029131064,226.43008569807,27595.9468605159,9241,54,9273,9273,9273,9273,9273,9273,TRUE,TRUE
7340,22.7227739550977,47.9659529858358,1089.91950723799,2487,5397,9273,9273,9273,9273,9273,9273,TRUE,TRUE
7341,10.4554287706103,16.7132001150222,174.74367333157,1593,8847,9273,9273,9273,9273,9273,9273,TRUE,TRUE
7342,75.4179467542456,38.1609406733732,2878.01979179638,1081,2379,9273,9273,9273,9273,9273,9273,TRUE,TRUE
7343,21.5514174004094,41.9833263626215,904.800190298466,8503,5959,9273,9273,9273,9273,9273,9273,TRUE,TRUE
7344,38.8127410634359,31.5792340393066,1225.67663374925,2208,4999,9273,9273,9273,9273,9273,9273,TRUE,TRUE
7345,18.3186258770761,51.8165605866532,949.208187623748,4091,5802,9273,9273,9273,9273,9273,9273,TRUE,TRUE
7346,31.8985265577682,44.9982945124308,1435.37929255905,1451,4449,9273,9273,9273,9273,9273,9273,TRUE,TRUE
7347,57.4344061704026,155.912474986204,8954.74041539039,3011,501,9273,9273,9273,9273,9273,9273,TRUE,TRUE
7348,44.0459130658942,69.9828717264078,3082.45948416298,5366,2203,9273,9273,9273,9273,9273,9273,TRUE,TRUE
7349,40.6857614273285,41.1079302809813,1672.50744418326,2764,3934,9273,9273,9273,9273,9273,9273,TRUE,TRUE
7350,20.6479181297047,25.1674926010604,519.656326756642,9157,7425,9273,9273,9273,9273,9273,9273,TRUE,TRUE
7351,12.1509373207642,28.0017941518085,340.248045607566,1472,8196,9273,9273,9273,9273,9273,9273,TRUE,TRUE
7352,18.7803417487059,15.1517546348229,284.555130134513,6236,8425,9273,9273,9273,9273,9273,9273,TRUE,TRUE
7353,3.0514304459095,17.6283980607986,53.791830555333,5258,9193,9273,9273,9273,9273,9273,9273,TRUE,TRUE
7354,10.0316008358467,45.3244062671817,454.676351794115,8485,7676,9273,9273,9273,9273,9273,9273,TRUE,TRUE
7355,63.0544214062735,76.041518762571,4794.7539684282,1900,1282,9273,9273,9273,9273,9273,9273,TRUE,TRUE
7356,37.6477783196952,169.295863589808,6373.61314287047,791,841,9273,9273,9273,9273,9273,9273,TRUE,TRUE
7357,38.3660235474075,71.9643963851791,2760.98772628875,5408,2481,9273,9273,9273,9273,9273,9273,TRUE,TRUE
7358,39.0743586636216,87.0188914639162,3400.20737557182,6577,1990,9273,9273,9273,9273,9273,9273,TRUE,TRUE
7359,29.8500355647818,130.317291024554,3889.97577178898,446,1692,9273,9273,9273,9273,9273,9273,TRUE,TRUE
7360,46.0463527024424,149.163126665597,6868.41794064317,3553,755,9273,9273,9273,9273,9273,9273,TRUE,TRUE
7361,36.2658010633772,81.1683009135702,2943.63345358388,5190,2320,9273,9273,9273,9273,9273,9273,TRUE,TRUE
7362,26.5267325478809,61.0317123652161,1618.97191085128,6743,4036,9273,9273,9273,9273,9273,9273,TRUE,TRUE
7363,40.6922547130794,49.6927147016421,2022.10860402361,873,3333,9273,9273,9273,9273,9273,9273,TRUE,TRUE
7364,39.7544995649212,45.5949457768861,1812.60425204983,9054,3682,9273,9273,9273,9273,9273,9273,TRUE,TRUE
7365,30.2935868636254,42.3995773510266,1284.43527946433,4286,4835,9273,9273,9273,9273,9273,9273,TRUE,TRUE
7366,48.9932559159782,88.5050925080707,4336.15264711523,826,1467,9273,9273,9273,9273,9273,9273,TRUE,TRUE
7367,63.5342680058928,67.9353593541007,4316.22332828007,2819,1475,9273,9273,9273,9273,9273,9273,TRUE,TRUE
7368,56.1699302916831,35.7469658547259,2007.90458019913,7177,3351,9273,9273,9273,9273,9273,9273,TRUE,TRUE
7369,75.0748297383029,69.4269102088898,5212.21346318884,4374,1137,9273,9273,9273,9273,9273,9273,TRUE,TRUE
7370,70.3326274991785,281.612642276212,19806.5570682722,7696,117,9273,9273,9273,9273,9273,9273,TRUE,TRUE
7371,40.4530480492194,28.8110033407906,1165.49290249122,2357,5188,9273,9273,9273,9273,9273,9273,TRUE,TRUE
7372,18.4242353590594,26.1329517306878,481.47965331313,7859,7572,9273,9273,9273,9273,9273,9273,TRUE,TRUE
7373,21.7632242153125,56.8553172292319,1237.3550166925,9237,4960,9273,9273,9273,9273,9273,9273,TRUE,TRUE
7374,41.3045382635288,46.4042346466209,1916.70548555112,1513,3492,9273,9273,9273,9273,9273,9273,TRUE,TRUE
7375,46.978776639616,97.6728067290615,4588.54897108896,8756,1355,9273,9273,9273,9273,9273,9273,TRUE,TRUE
7376,69.1413811729068,342.278219788939,23665.588861611,2944,77,9273,9273,9273,9273,9273,9273,TRUE,TRUE
7377,43.1048213358848,84.4159504252096,3638.73446097757,1154,1825,9273,9273,9273,9273,9273,9273,TRUE,TRUE
7378,58.8537828207016,31.6165648651123,1860.75444210794,1027,3601,9273,9273,9273,9273,9273,9273,TRUE,TRUE
7379,77.7270077572593,94.6896209768533,7359.94090419982,1338,684,9273,9273,9273,9273,9273,9273,TRUE,TRUE
7380,60.5794393165715,110.859009219186,6715.77662168889,7930,781,9273,9273,9273,9273,9273,9273,TRUE,TRUE
7381,10.5007112665874,28.9020668878788,303.492259397212,4860,8355,9273,9273,9273,9273,9273,9273,TRUE,TRUE
7382,30.6585532474518,28.9945778751373,888.931809672285,9130,6018,9273,9273,9273,9273,9273,9273,TRUE,TRUE
7383,22.0592778673919,55.2762363363521,1219.35385680722,5534,5013,9273,9273,9273,9273,9273,9273,TRUE,TRUE
7384,91.1192388287195,115.543063600744,10528.1960072381,1403,383,9273,9273,9273,9273,9273,9273,TRUE,TRUE
7385,41.1978955251393,50.212972784217,2068.66880677084,1752,3278,9273,9273,9273,9273,9273,9273,TRUE,TRUE
7386,24.1442448375217,36.3367713606079,877.323904335563,1814,6061,9273,9273,9273,9273,9273,9273,TRUE,TRUE
7387,80.5165838334734,81.3923385522224,6553.43305044246,4222,806,9273,9273,9273,9273,9273,9273,TRUE,TRUE
7388,50.7013912438357,70.7069289634831,3584.93966902766,4515,1867,9273,9273,9273,9273,9273,9273,TRUE,TRUE
7389,21.2427223843414,86.8007572842883,1843.88438974073,7808,3622,9273,9273,9273,9273,9273,9273,TRUE,TRUE
7390,59.5832526842412,131.716524768797,7848.09897798932,1547,622,9273,9273,9273,9273,9273,9273,TRUE,TRUE
7391,49.4928491160555,62.3628232272166,3086.51380043587,6734,2199,9273,9273,9273,9273,9273,9273,TRUE,TRUE
7392,19.0853097391129,23.7760655164719,453.773574759306,3564,7680,9273,9273,9273,9273,9273,9273,TRUE,TRUE
7393,23.6246311881326,15.8754023985429,375.050526628771,4752,8039,9273,9273,9273,9273,9273,9273,TRUE,TRUE
7394,39.0361147816976,85.6515243625641,3343.50273624442,7101,2035,9273,9273,9273,9273,9273,9273,TRUE,TRUE
7395,8.46129530378049,44.4386953968234,376.008924667273,1600,8033,9273,9273,9273,9273,9273,9273,TRUE,TRUE
7396,11.7088744723382,20.2129600771624,236.671012257877,8888,8610,9273,9273,9273,9273,9273,9273,TRUE,TRUE
7397,5.69690441939889,7.38850171973066,42.0915880998699,9109,9204,9273,9273,9273,9273,9273,9273,TRUE,TRUE
7398,27.3582857528019,16.1222419790883,441.076903039717,4748,7731,9273,9273,9273,9273,9273,9273,TRUE,TRUE
7399,40.9934223857969,215.456722414731,8832.30842780646,2595,512,9273,9273,9273,9273,9273,9273,TRUE,TRUE
7400,20.5047890096216,82.914425581831,1700.14280240942,5743,3885,9273,9273,9273,9273,9273,9273,TRUE,TRUE
7401,107.831890062308,178.065311711204,19201.1191163532,380,131,9273,9273,9273,9273,9273,9273,TRUE,TRUE
7402,76.9746720827705,123.897871907973,9536.99806186933,5103,454,9273,9273,9273,9273,9273,9273,TRUE,TRUE
7403,14.2347254889352,36.8750685010638,524.906477498324,5605,7407,9273,9273,9273,9273,9273,9273,TRUE,TRUE
7404,7.46337211359838,48.237043307845,360.011003866208,2380,8113,9273,9273,9273,9273,9273,9273,TRUE,TRUE
7405,26.7693704366684,32.5839038610458,872.250592729126,5586,6081,9273,9273,9273,9273,9273,9273,TRUE,TRUE
7406,62.3402764493344,59.5403574027267,3711.76234037816,5744,1784,9273,9273,9273,9273,9273,9273,TRUE,TRUE
7407,16.1846360172888,26.5104177263048,429.061461566525,7403,7784,9273,9273,9273,9273,9273,9273,TRUE,TRUE
7408,54.2510948534365,34.6093849458812,1877.5970255181,7531,3573,9273,9273,9273,9273,9273,9273,TRUE,TRUE
7409,41.3846796101537,65.3696851648133,2705.30347676242,5873,2523,9273,9273,9273,9273,9273,9273,TRUE,TRUE
7410,15.9463790716584,30.8885760258154,492.560942291392,9223,7529,9273,9273,9273,9273,9273,9273,TRUE,TRUE
7411,26.6554071929818,98.8153283073113,2633.96281293957,4370,2604,9273,9273,9273,9273,9273,9273,TRUE,TRUE
7412,47.3075052418755,140.420827649558,6642.95904009996,8908,794,9273,9273,9273,9273,9273,9273,TRUE,TRUE
7413,54.6331968584928,61.2058682667125,3343.87224991028,3842,2034,9273,9273,9273,9273,9273,9273,TRUE,TRUE
7414,37.4997292141582,18.6599605915158,699.743469328706,3732,6705,9273,9273,9273,9273,9273,9273,TRUE,TRUE
7415,67.5609079539691,70.3340397918003,4751.83158840462,8198,1297,9273,9273,9273,9273,9273,9273,TRUE,TRUE
7416,64.6321752567102,57.7804964839822,3734.47917517247,7732,1762,9273,9273,9273,9273,9273,9273,TRUE,TRUE
7417,17.5682327114168,31.0481730289147,545.461529036307,6137,7310,9273,9273,9273,9273,9273,9273,TRUE,TRUE
7418,31.1077087298684,71.5982401889304,2227.2572013684,8074,3078,9273,9273,9273,9273,9273,9273,TRUE,TRUE
7419,63.4891998958588,121.521378040314,7715.2950620217,6960,635,9273,9273,9273,9273,9273,9273,TRUE,TRUE
7420,46.9185069935545,46.1470154907464,2165.14906903425,9152,3154,9273,9273,9273,9273,9273,9273,TRUE,TRUE
7421,22.6030943425426,44.8785120103417,1014.39324092269,7077,5603,9273,9273,9273,9273,9273,9273,TRUE,TRUE
7422,21.319891986607,23.6470211376934,504.151936460636,7853,7488,9273,9273,9273,9273,9273,9273,TRUE,TRUE
7423,45.9203139311499,121.924809775073,5598.82554086706,8094,1035,9273,9273,9273,9273,9273,9273,TRUE,TRUE
7424,17.5048442467084,69.1188356812916,1209.91445311484,3937,5054,9273,9273,9273,9273,9273,9273,TRUE,TRUE
7425,24.2546136547736,30.1336297045327,730.879546499449,7350,6570,9273,9273,9273,9273,9273,9273,TRUE,TRUE
7426,44.0792926713824,86.3680521279573,3807.04264720545,7883,1731,9273,9273,9273,9273,9273,9273,TRUE,TRUE
7427,17.3678300691688,9.85042845684549,171.080567546997,3275,8862,9273,9273,9273,9273,9273,9273,TRUE,TRUE
7428,21.593042024374,37.9042424249649,818.467899584327,3500,6242,9273,9273,9273,9273,9273,9273,TRUE,TRUE
7429,19.0925662054362,56.2222205398029,1073.42646787282,6882,5438,9273,9273,9273,9273,9273,9273,TRUE,TRUE
7430,43.3949235259872,45.5455474361931,1976.44554794282,5992,3394,9273,9273,9273,9273,9273,9273,TRUE,TRUE
7431,32.3156003285395,74.2708723066669,2400.10782551424,2626,2872,9273,9273,9273,9273,9273,9273,TRUE,TRUE
7432,19.9452710723877,19.9830988407135,398.568323244347,5376,7931,9273,9273,9273,9273,9273,9273,TRUE,TRUE
7433,8.51071934938431,53.2033283233643,452.798595813303,347,7684,9273,9273,9273,9273,9273,9273,TRUE,TRUE
7434,15.5789406645298,62.4184987926483,972.414089059693,722,5733,9273,9273,9273,9273,9273,9273,TRUE,TRUE
7435,20.6676329635992,18.5436774928395,383.253920217364,3156,8000,9273,9273,9273,9273,9273,9273,TRUE,TRUE
7436,46.322312844216,52.223030127344,2419.09153923174,1515,2845,9273,9273,9273,9273,9273,9273,TRUE,TRUE
7437,70.2543021261692,90.8239708662033,6380.77468953264,1830,837,9273,9273,9273,9273,9273,9273,TRUE,TRUE
7438,30.8937147540325,79.9900615960872,2471.19014610701,241,2784,9273,9273,9273,9273,9273,9273,TRUE,TRUE
7439,26.9529392403715,32.9900960711872,889.180054940726,6476,6017,9273,9273,9273,9273,9273,9273,TRUE,TRUE
7440,54.8295900964737,100.5349188296,5512.28838980922,2873,1064,9273,9273,9273,9273,9273,9273,TRUE,TRUE
7441,62.4860550299386,257.916458382512,16116.1820116165,5621,173,9273,9273,9273,9273,9273,9273,TRUE,TRUE
7442,58.50500293283,99.234818233384,5805.73333178298,8274,973,9273,9273,9273,9273,9273,9273,TRUE,TRUE
7443,70.5554914418057,165.194010158968,11655.3445700086,3157,306,9273,9273,9273,9273,9273,9273,TRUE,TRUE
7444,22.2996059892364,44.5189794637091,992.755701083622,7291,5657,9273,9273,9273,9273,9273,9273,TRUE,TRUE
7445,62.5784177935642,89.5532019449317,5604.09768606136,3044,1033,9273,9273,9273,9273,9273,9273,TRUE,TRUE
7446,23.6246843418833,33.2224694483698,784.870353775596,3913,6366,9273,9273,9273,9273,9273,9273,TRUE,TRUE
7447,18.8855791091919,15.3246125936508,289.414183455111,5937,8402,9273,9273,9273,9273,9273,9273,TRUE,TRUE
7448,53.1153414430674,136.599899300358,7255.55029242713,5615,696,9273,9273,9273,9273,9273,9273,TRUE,TRUE
7449,21.2553885618296,16.295474283423,346.366637693457,3368,8165,9273,9273,9273,9273,9273,9273,TRUE,TRUE
7450,48.8276816560277,50.6709162325695,2474.14336702315,3370,2779,9273,9273,9273,9273,9273,9273,TRUE,TRUE
7451,6.73533960342407,15.1718804597855,102.187767319209,2257,9055,9273,9273,9273,9273,9273,9273,TRUE,TRUE
7452,49.1293682370867,33.311226050059,1636.55949104218,5081,3991,9273,9273,9273,9273,9273,9273,TRUE,TRUE
7453,11.4900303161144,18.1629753112793,208.693136957437,7148,8725,9273,9273,9273,9273,9273,9273,TRUE,TRUE
7454,73.5971666207431,151.377501121334,11140.9551726585,5996,333,9273,9273,9273,9273,9273,9273,TRUE,TRUE
7455,49.8249520913575,50.9814123257186,2540.14642667867,7142,2703,9273,9273,9273,9273,9273,9273,TRUE,TRUE
7456,54.1860135568155,56.8062144829346,3078.10230808366,1247,2205,9273,9273,9273,9273,9273,9273,TRUE,TRUE
7457,25.4531209001736,45.2392280948405,1151.47954212851,2228,5222,9273,9273,9273,9273,9273,9273,TRUE,TRUE
7458,34.881494443351,27.5113394850985,959.636635378604,3927,5775,9273,9273,9273,9273,9273,9273,TRUE,TRUE
7459,38.3596149142832,29.0160672105849,1113.04516452499,3718,5330,9273,9273,9273,9273,9273,9273,TRUE,TRUE
7460,18.108851480484,20.5685867881775,372.473483310552,4325,8046,9273,9273,9273,9273,9273,9273,TRUE,TRUE
7461,34.6958259096082,100.047803168329,3471.24116136708,621,1935,9273,9273,9273,9273,9273,9273,TRUE,TRUE
7462,148.209627103686,183.858625039122,27249.6182568447,2642,57,9273,9273,9273,9273,9273,9273,TRUE,TRUE
7463,59.958384897692,69.3996400765494,4161.09033147104,1035,1553,9273,9273,9273,9273,9273,9273,TRUE,TRUE
7464,31.1612741254193,40.1793626072498,1252.04013238913,4119,4917,9273,9273,9273,9273,9273,9273,TRUE,TRUE
7465,31.7745534789483,151.337789766046,4808.69069430708,243,1276,9273,9273,9273,9273,9273,9273,TRUE,TRUE
7466,29.5788380534109,59.4968694109116,1759.84826499029,3087,3769,9273,9273,9273,9273,9273,9273,TRUE,TRUE
7467,56.9839140960656,118.266931801221,6739.31268216602,5458,777,9273,9273,9273,9273,9273,9273,TRUE,TRUE
7468,30.8313378725733,57.4218326568604,1770.39192390603,6914,3754,9273,9273,9273,9273,9273,9273,TRUE,TRUE
7469,51.3484986312428,67.8280070209725,3482.86632567633,6093,1929,9273,9273,9273,9273,9273,9273,TRUE,TRUE
7470,26.3699089288712,38.7952321958542,1023.02673987909,6148,5574,9273,9273,9273,9273,9273,9273,TRUE,TRUE
7471,34.5615989715301,41.6685290603863,1440.13099111862,7620,4434,9273,9273,9273,9273,9273,9273,TRUE,TRUE
7472,41.231578534475,59.3318115468936,2446.34424738842,4386,2808,9273,9273,9273,9273,9273,9273,TRUE,TRUE
7473,36.5801860809326,19.7002499580383,720.638809305927,6321,6619,9273,9273,9273,9273,9273,9273,TRUE,TRUE
7474,38.3626254471054,54.7164377791158,2099.06620832007,8214,3234,9273,9273,9273,9273,9273,9273,TRUE,TRUE
7475,13.8915255964568,32.1637801388542,446.803975077703,5806,7706,9273,9273,9273,9273,9273,9273,TRUE,TRUE
7476,63.878839820974,23.3697558571311,1492.83289105294,8751,4313,9273,9273,9273,9273,9273,9273,TRUE,TRUE
7477,47.242954097167,20.5325505370466,970.018342519453,7736,5743,9273,9273,9273,9273,9273,9273,TRUE,TRUE
7478,7.24577089607716,33.8566775560379,245.317728873408,1938,8575,9273,9273,9273,9273,9273,9273,TRUE,TRUE
7479,21.7365707689365,60.8238214956944,1322.10130037832,4576,4742,9273,9273,9273,9273,9273,9273,TRUE,TRUE
7480,6.89126279103129,23.9020134725069,164.715056073815,2153,8886,9273,9273,9273,9273,9273,9273,TRUE,TRUE
7481,16.0106726741791,65.4454906602339,1047.82632896205,4230,5510,9273,9273,9273,9273,9273,9273,TRUE,TRUE
7482,25.0058753831046,28.4790980645589,712.144777225574,4446,6659,9273,9273,9273,9273,9273,9273,TRUE,TRUE
7483,34.3426582940533,59.2920570780798,2036.246855784,1135,3318,9273,9273,9273,9273,9273,9273,TRUE,TRUE
7484,14.514275211904,48.8736740249698,709.365955415297,3719,6673,9273,9273,9273,9273,9273,9273,TRUE,TRUE
7485,19.3318997658624,45.9229124026828,887.777139525142,1259,6021,9273,9273,9273,9273,9273,9273,TRUE,TRUE
7486,34.9609499455905,64.9019436512725,2269.03360336367,1475,3020,9273,9273,9273,9273,9273,9273,TRUE,TRUE
7487,78.4124845370912,144.96619237264,11367.1593178206,2207,319,9273,9273,9273,9273,9273,9273,TRUE,TRUE
7488,90.0782109038317,71.3899144226119,6430.67576776653,7422,826,9273,9273,9273,9273,9273,9273,TRUE,TRUE
7489,51.0163977035624,50.4993459215227,2576.29471530217,7070,2657,9273,9273,9273,9273,9273,9273,TRUE,TRUE
7490,57.2205682395161,67.3592400758163,3854.33399332019,8361,1707,9273,9273,9273,9273,9273,9273,TRUE,TRUE
7491,26.5418983821869,21.2711793518066,564.577480824924,1335,7229,9273,9273,9273,9273,9273,9273,TRUE,TRUE
7492,26.1988463906819,23.1237395526153,605.815300517104,679,7069,9273,9273,9273,9273,9273,9273,TRUE,TRUE
7493,59.4794565007307,49.8670478995872,2966.06490636335,6398,2301,9273,9273,9273,9273,9273,9273,TRUE,TRUE
7494,19.4818589179242,15.1067862041661,294.308277532808,4268,8390,9273,9273,9273,9273,9273,9273,TRUE,TRUE
7495,52.4797913569671,115.274843825744,6049.59975268199,5967,924,9273,9273,9273,9273,9273,9273,TRUE,TRUE
7496,17.8498729683283,47.083930533702,840.442178876174,87,6181,9273,9273,9273,9273,9273,9273,TRUE,TRUE
7497,24.5723461931944,8.43872606754303,207.359298361201,1207,8730,9273,9273,9273,9273,9273,9273,TRUE,TRUE
7498,8.09142893485809,33.2789458264126,269.27422518141,8210,8481,9273,9273,9273,9273,9273,9273,TRUE,TRUE
7499,31.2375150579747,21.3238549452164,666.104239945266,9227,6830,9273,9273,9273,9273,9273,9273,TRUE,TRUE
7500,32.0619189431222,41.2901484658273,1323.84139326084,8801,4736,9273,9273,9273,9273,9273,9273,TRUE,TRUE
7501,22.6474405924479,37.7599846705412,855.167009597826,4052,6127,9273,9273,9273,9273,9273,9273,TRUE,TRUE
7502,30.0041885631997,40.9007270544167,1227.19312691268,4182,4993,9273,9273,9273,9273,9273,9273,TRUE,TRUE
7503,6.40242013611352,24.0084948859657,153.712471095685,9254,8927,9273,9273,9273,9273,9273,9273,TRUE,TRUE
7504,47.2034584079777,47.7475074819616,2253.84748350938,1897,3039,9273,9273,9273,9273,9273,9273,TRUE,TRUE
7505,29.8921048752615,88.2400983070659,2637.6822727982,7749,2600,9273,9273,9273,9273,9273,9273,TRUE,TRUE
7506,21.1315660897423,41.9714548494302,886.92257203337,3698,6029,9273,9273,9273,9273,9273,9273,TRUE,TRUE
7507,26.0068617199191,20.8462010094182,542.144267037578,8410,7325,9273,9273,9273,9273,9273,9273,TRUE,TRUE
7508,101.649371892214,116.616735844999,11854.0179507643,8911,299,9273,9273,9273,9273,9273,9273,TRUE,TRUE
7509,44.3714275807842,106.933802640494,4744.80547980055,6903,1298,9273,9273,9273,9273,9273,9273,TRUE,TRUE
7510,28.6446030515432,34.3403790855408,983.666527544833,1239,5692,9273,9273,9273,9273,9273,9273,TRUE,TRUE
7511,25.067418562016,83.2480258538947,2086.81310854111,4957,3252,9273,9273,9273,9273,9273,9273,TRUE,TRUE
7512,46.986869021579,43.420735634125,2040.20441806124,8879,3315,9273,9273,9273,9273,9273,9273,TRUE,TRUE
7513,24.1118584060669,41.0226055979729,989.131257626249,801,5675,9273,9273,9273,9273,9273,9273,TRUE,TRUE
7514,43.5128455147642,49.1204316594449,2137.36975441596,2523,3194,9273,9273,9273,9273,9273,9273,TRUE,TRUE
7515,22.8877053976543,17.8864461848509,409.379710889863,8926,7878,9273,9273,9273,9273,9273,9273,TRUE,TRUE
7516,109.550170786004,123.942065031152,13577.8743917328,233,245,9273,9273,9273,9273,9273,9273,TRUE,TRUE
7517,102.392317626546,158.03587895736,16181.6599145923,1077,170,9273,9273,9273,9273,9273,9273,TRUE,TRUE
7518,51.1341206887873,75.3129954454376,3851.06379854109,5329,1710,9273,9273,9273,9273,9273,9273,TRUE,TRUE
7519,31.013631439209,40.029829955101,1241.47039280171,7716,4951,9273,9273,9273,9273,9273,9273,TRUE,TRUE
7520,19.6966132663545,27.4982568300687,541.622530280755,3979,7328,9273,9273,9273,9273,9273,9273,TRUE,TRUE
7521,55.4651117280678,32.6333957358643,1810.01494055596,2926,3687,9273,9273,9273,9273,9273,9273,TRUE,TRUE
7522,87.2648870657726,82.6558834386159,7212.95633359248,1776,704,9273,9273,9273,9273,9273,9273,TRUE,TRUE
7523,99.9790780596777,120.185811314014,12016.0666110295,2094,293,9273,9273,9273,9273,9273,9273,TRUE,TRUE
7524,15.2263337962421,65.8560669731211,1002.74645824042,8374,5625,9273,9273,9273,9273,9273,9273,TRUE,TRUE
7525,40.3641346048054,39.8509644879793,1608.54969472412,4857,4058,9273,9273,9273,9273,9273,9273,TRUE,TRUE
7526,40.7694288972276,50.3825104571036,2054.06617774471,3301,3296,9273,9273,9273,9273,9273,9273,TRUE,TRUE
7527,23.7619809626968,31.765928928321,754.821398457143,502,6499,9273,9273,9273,9273,9273,9273,TRUE,TRUE
7528,31.9501481663422,49.4154449705774,1578.83078851568,5037,4109,9273,9273,9273,9273,9273,9273,TRUE,TRUE
7529,49.3073205149113,79.2242469364011,3906.33533624561,7410,1680,9273,9273,9273,9273,9273,9273,TRUE,TRUE
7530,18.2224044840313,46.5687158142479,848.593975869128,9077,6149,9273,9273,9273,9273,9273,9273,TRUE,TRUE
7531,14.6934517291823,35.7128766187774,524.745428708247,2754,7408,9273,9273,9273,9273,9273,9273,TRUE,TRUE
7532,69.6041136182199,73.3317935354128,5104.19448906672,5945,1165,9273,9273,9273,9273,9273,9273,TRUE,TRUE
7533,69.2564645818194,104.546440292454,7240.51683926967,6976,701,9273,9273,9273,9273,9273,9273,TRUE,TRUE
7534,22.2477100253105,18.0611581683159,401.81940964996,2151,7913,9273,9273,9273,9273,9273,9273,TRUE,TRUE
7535,64.1166052189908,61.8743135762769,3967.17093676619,1410,1648,9273,9273,9273,9273,9273,9273,TRUE,TRUE
7536,12.6227531417104,56.2854981982468,710.477949214656,3584,6666,9273,9273,9273,9273,9273,9273,TRUE,TRUE
7537,114.456436700821,21.6632000637054,2479.49268682872,1340,2771,9273,9273,9273,9273,9273,9273,TRUE,TRUE
7538,66.4973976680211,15.3100579670497,1018.07901295536,2800,5589,9273,9273,9273,9273,9273,9273,TRUE,TRUE
7539,95.8033148307347,34.2729158887232,3283.45895105464,1303,2069,9273,9273,9273,9273,9273,9273,TRUE,TRUE
7540,27.3291936473674,93.3903487619147,2552.28292610955,7247,2688,9273,9273,9273,9273,9273,9273,TRUE,TRUE
7541,49.8631836076578,49.6925491789977,2477.82870364492,4657,2772,9273,9273,9273,9273,9273,9273,TRUE,TRUE
7542,25.404445360041,86.1212577455363,2187.86278673448,6402,3130,9273,9273,9273,9273,9273,9273,TRUE,TRUE
7543,7.77290288324889,52.1011504981724,404.977182927828,3528,7899,9273,9273,9273,9273,9273,9273,TRUE,TRUE
7544,78.3609009244953,121.847559818002,9548.08456278995,1083,452,9273,9273,9273,9273,9273,9273,TRUE,TRUE
7545,30.769080104746,67.4315362979414,2074.80634193745,1988,3269,9273,9273,9273,9273,9273,9273,TRUE,TRUE
7546,27.5226316544021,65.5885377190887,1805.16916439334,8239,3699,9273,9273,9273,9273,9273,9273,TRUE,TRUE
7547,31.1555249364205,104.235479616302,3247.51108444544,6490,2084,9273,9273,9273,9273,9273,9273,TRUE,TRUE
7548,34.8761687964384,70.3168163372695,2452.38115580677,4733,2799,9273,9273,9273,9273,9273,9273,TRUE,TRUE
7549,50.3615310368504,112.900266915915,5685.83029635457,5828,1010,9273,9273,9273,9273,9273,9273,TRUE,TRUE
7550,112.390717790368,120.130226422785,13501.5223759762,6015,249,9273,9273,9273,9273,9273,9273,TRUE,TRUE
7551,15.1030454076367,26.3832844952006,398.467943733612,5452,7934,9273,9273,9273,9273,9273,9273,TRUE,TRUE
7552,52.1662226746332,139.723946425452,7288.87050220865,2646,691,9273,9273,9273,9273,9273,9273,TRUE,TRUE
7553,56.8712421895319,87.5080493722821,4976.69146938457,7820,1210,9273,9273,9273,9273,9273,9273,TRUE,TRUE
7554,27.2100234886186,53.3565609919286,1451.83327786229,6971,4414,9273,9273,9273,9273,9273,9273,TRUE,TRUE
7555,31.1619613876148,84.0157558382774,2618.09573938367,3185,2616,9273,9273,9273,9273,9273,9273,TRUE,TRUE
7556,47.2015435032803,15.6687157215743,739.587566772423,1813,6540,9273,9273,9273,9273,9273,9273,TRUE,TRUE
7557,27.1208108831768,73.7759994904688,2000.86492989835,7286,3359,9273,9273,9273,9273,9273,9273,TRUE,TRUE
7558,41.866332091065,98.1134391136041,4107.64982452663,5079,1575,9273,9273,9273,9273,9273,9273,TRUE,TRUE
7559,51.6442422219949,15.3131711353627,790.837119301534,8598,6341,9273,9273,9273,9273,9273,9273,TRUE,TRUE
7560,47.5864726265708,51.4718241115193,2449.36254912248,2311,2805,9273,9273,9273,9273,9273,9273,TRUE,TRUE
7561,63.8914482402802,6.38949779987335,408.234267961992,4872,7885,9273,9273,9273,9273,9273,9273,TRUE,TRUE
7562,11.1088534292133,52.0681136558796,578.417042938788,6689,7171,9273,9273,9273,9273,9273,9273,TRUE,TRUE
7563,28.9152790560468,51.4936679766323,1488.95377916374,7616,4326,9273,9273,9273,9273,9273,9273,TRUE,TRUE
7564,23.4535250758096,50.4911248495253,1184.19486276417,7783,5118,9273,9273,9273,9273,9273,9273,TRUE,TRUE
7565,68.7417638949262,88.5832968642072,6089.37207807349,4949,918,9273,9273,9273,9273,9273,9273,TRUE,TRUE
7566,10.99255314721,49.8035557683309,547.468233703415,2779,7301,9273,9273,9273,9273,9273,9273,TRUE,TRUE
7567,18.1105990952136,42.1973592627282,764.219456483971,3504,6462,9273,9273,9273,9273,9273,9273,TRUE,TRUE
7568,46.6424424950212,45.9211632507857,2141.87521622926,4876,3187,9273,9273,9273,9273,9273,9273,TRUE,TRUE
7569,74.040314088788,54.3958259465402,4027.48403820087,2180,1620,9273,9273,9273,9273,9273,9273,TRUE,TRUE
7570,27.5002894668482,32.4906316179659,893.501774454793,5518,6002,9273,9273,9273,9273,9273,9273,TRUE,TRUE
7571,60.5805000158457,95.0935389353679,5760.81413698087,4188,992,9273,9273,9273,9273,9273,9273,TRUE,TRUE
7572,26.1375113200749,49.5609593411041,1295.40013581188,7372,4802,9273,9273,9273,9273,9273,9273,TRUE,TRUE
7573,24.498039478209,48.1059462105356,1178.5013694023,2141,5142,9273,9273,9273,9273,9273,9273,TRUE,TRUE
7574,48.7341242599487,16.5465087413788,806.379613070681,1645,6291,9273,9273,9273,9273,9273,9273,TRUE,TRUE
7575,113.048975844132,200.065378241372,22617.186112056,8786,91,9273,9273,9273,9273,9273,9273,TRUE,TRUE
7576,30.0068669886124,6.82970183651622,204.937954580224,8219,8737,9273,9273,9273,9273,9273,9273,TRUE,TRUE
7577,50.318875873671,79.2492698377864,3987.73417204663,8325,1636,9273,9273,9273,9273,9273,9273,TRUE,TRUE
7578,28.4817900841053,54.3146593066362,1546.97872486131,1197,4179,9273,9273,9273,9273,9273,9273,TRUE,TRUE
7579,30.5014913955537,81.4681043530455,2484.89868393649,6731,2767,9273,9273,9273,9273,9273,9273,TRUE,TRUE
7580,34.0199409290985,76.4524131188026,2600.9065781887,6407,2638,9273,9273,9273,9273,9273,9273,TRUE,TRUE
7581,66.1797143114292,39.6743682962123,2625.63835932975,2170,2608,9273,9273,9273,9273,9273,9273,TRUE,TRUE
7582,10.5066351902982,24.9523595124483,262.165338534461,5290,8511,9273,9273,9273,9273,9273,9273,TRUE,TRUE
7583,41.6048694217205,22.3505415630341,929.891363234769,6799,5878,9273,9273,9273,9273,9273,9273,TRUE,TRUE
7584,11.6985404884179,19.8865293560338,232.643368845673,3537,8621,9273,9273,9273,9273,9273,9273,TRUE,TRUE
7585,26.3392358420272,21.1791980788363,557.843893143479,3218,7261,9273,9273,9273,9273,9273,9273,TRUE,TRUE
7586,27.6754678866574,31.8380639909584,881.133317555111,8646,6049,9273,9273,9273,9273,9273,9273,TRUE,TRUE
7587,25.0205769247108,94.2412083699153,2357.96940349717,1543,2923,9273,9273,9273,9273,9273,9273,TRUE,TRUE
7588,96.4129428333706,42.1441015667386,4063.23685511773,4464,1602,9273,9273,9273,9273,9273,9273,TRUE,TRUE
7589,64.3654791284554,41.8142888175882,2691.39673415968,6390,2539,9273,9273,9273,9273,9273,9273,TRUE,TRUE
7590,18.6250998237789,20.9116583382523,389.481724030708,9271,7968,9273,9273,9273,9273,9273,9273,TRUE,TRUE
7591,46.8479462774522,23.9614989341946,1122.54701479638,6419,5301,9273,9273,9273,9273,9273,9273,TRUE,TRUE
7592,45.8619530035213,36.8909991616234,1691.89326980331,8465,3902,9273,9273,9273,9273,9273,9273,TRUE,TRUE
7593,49.5514224201742,24.170503741563,1197.68284100659,6620,5082,9273,9273,9273,9273,9273,9273,TRUE,TRUE
7594,75.4926442616837,38.2403004221979,2886.8613962329,3057,2365,9273,9273,9273,9273,9273,9273,TRUE,TRUE
7595,25.4825773108615,37.213389962259,948.293086712501,285,5805,9273,9273,9273,9273,9273,9273,TRUE,TRUE
7596,34.339779941305,69.3475466620538,2381.37949184431,2096,2894,9273,9273,9273,9273,9273,9273,TRUE,TRUE
7597,75.8338429088324,89.1562722882195,6761.06274704192,6772,773,9273,9273,9273,9273,9273,9273,TRUE,TRUE
7598,73.217191157654,129.752717051267,9500.12948756758,8893,457,9273,9273,9273,9273,9273,9273,TRUE,TRUE
7599,56.1803624621667,28.2501450399073,1587.10338795077,4588,4095,9273,9273,9273,9273,9273,9273,TRUE,TRUE
7600,12.1058435666561,16.4446948432922,199.076903274292,8916,8759,9273,9273,9273,9273,9273,9273,TRUE,TRUE
7601,81.1605691830974,85.2044998095384,6915.24570150325,2941,749,9273,9273,9273,9273,9273,9273,TRUE,TRUE
7602,91.5506763805946,106.650740805599,9763.94745724411,1895,428,9273,9273,9273,9273,9273,9273,TRUE,TRUE
7603,10.5413082175785,21.2134716510773,223.617743038869,1246,8661,9273,9273,9273,9273,9273,9273,TRUE,TRUE
7604,57.0730898985591,54.8164810343728,3128.54594999742,5797,2175,9273,9273,9273,9273,9273,9273,TRUE,TRUE
7605,17.577739747671,137.438831696144,2415.86401477876,4556,2852,9273,9273,9273,9273,9273,9273,TRUE,TRUE
7606,27.6709235409896,22.0708556125561,610.720958139261,1678,7055,9273,9273,9273,9273,9273,9273,TRUE,TRUE
7607,68.3008491124862,222.003905839186,15163.0552751049,4976,196,9273,9273,9273,9273,9273,9273,TRUE,TRUE
7608,28.1142386382456,151.457226463444,4258.10460828008,7951,1504,9273,9273,9273,9273,9273,9273,TRUE,TRUE
7609,49.6002552576658,94.763146782999,4700.2762694564,3382,1316,9273,9273,9273,9273,9273,9273,TRUE,TRUE
7610,51.0687601015017,99.9747196475307,5105.58497389463,2155,1164,9273,9273,9273,9273,9273,9273,TRUE,TRUE
7611,25.3701483078003,60.0154835739136,1522.60171903454,6713,4244,9273,9273,9273,9273,9273,9273,TRUE,TRUE
7612,71.2268939530978,117.344710997356,8358.09928616557,4135,563,9273,9273,9273,9273,9273,9273,TRUE,TRUE
7613,25.7878254016517,23.3008171207813,600.877403626527,238,7090,9273,9273,9273,9273,9273,9273,TRUE,TRUE
7614,61.1122341041286,46.9714448042993,2870.52993108949,1879,2384,9273,9273,9273,9273,9273,9273,TRUE,TRUE
7615,61.264374676237,72.4310930457399,4437.44562256359,2608,1416,9273,9273,9273,9273,9273,9273,TRUE,TRUE
7616,46.696167540132,10.3722906489121,484.346221916545,4235,7563,9273,9273,9273,9273,9273,9273,TRUE,TRUE
7617,78.2034106625552,121.89977556026,9532.97820781229,4254,455,9273,9273,9273,9273,9273,9273,TRUE,TRUE
7618,37.4984851362603,90.7408632844259,3402.64491312247,6755,1989,9273,9273,9273,9273,9273,9273,TRUE,TRUE
7619,45.782196326809,21.2369225170072,972.272956050856,3274,5734,9273,9273,9273,9273,9273,9273,TRUE,TRUE
7620,28.5170108318329,17.8193257570267,508.153905629088,4552,7471,9273,9273,9273,9273,9273,9273,TRUE,TRUE
7621,162.753333836186,150.619987249374,24513.9050671995,8667,69,9273,9273,9273,9273,9273,9273,TRUE,TRUE
7622,59.2787933533008,57.7904182672501,3425.74626226514,3661,1970,9273,9273,9273,9273,9273,9273,TRUE,TRUE
7623,29.8904968460211,27.5998527901024,824.973312773203,5229,6224,9273,9273,9273,9273,9273,9273,TRUE,TRUE
7624,22.7985635846039,19.4051188797247,442.408836646202,8883,7725,9273,9273,9273,9273,9273,9273,TRUE,TRUE
7625,14.61625086028,24.1394828927928,352.828737598497,8445,8135,9273,9273,9273,9273,9273,9273,TRUE,TRUE
7626,29.0662603378296,48.6721849060059,1414.71839768895,9127,4501,9273,9273,9273,9273,9273,9273,TRUE,TRUE
7627,21.7055527926886,20.4989151034439,444.940283970642,2379,7709,9273,9273,9273,9273,9273,9273,TRUE,TRUE
7628,97.5389596318004,164.189882539371,16014.9103249577,8824,175,9273,9273,9273,9273,9273,9273,TRUE,TRUE
7629,45.5127570569014,46.0992028933613,2098.10182180236,4292,3235,9273,9273,9273,9273,9273,9273,TRUE,TRUE
7630,5.94218104263472,7.95679140612076,47.2806950536497,7990,9200,9273,9273,9273,9273,9273,9273,TRUE,TRUE
7631,24.6680049482798,83.269641675012,2054.09593288068,7633,3295,9273,9273,9273,9273,9273,9273,TRUE,TRUE
7632,47.9926106938115,33.6893648534388,1616.84057193287,8332,4040,9273,9273,9273,9273,9273,9273,TRUE,TRUE
7633,19.0242839241028,24.5906742811203,467.819969409165,9213,7631,9273,9273,9273,9273,9273,9273,TRUE,TRUE
7634,19.2965966087498,34.8017362405176,671.555065517377,5734,6808,9273,9273,9273,9273,9273,9273,TRUE,TRUE
7635,37.6171281064452,48.0950360524325,1809.19713246845,2221,3690,9273,9273,9273,9273,9273,9273,TRUE,TRUE
7636,36.9585902243394,52.1812429149334,1928.54517428974,4476,3465,9273,9273,9273,9273,9273,9273,TRUE,TRUE
7637,36.3747301822951,32.6010016232979,1185.85263772003,8433,5113,9273,9273,9273,9273,9273,9273,TRUE,TRUE
7638,8.43468011085398,40.2977818140684,339.898898778656,8302,8199,9273,9273,9273,9273,9273,9273,TRUE,TRUE
7639,37.8741485476494,68.4730603434146,2593.35885895864,281,2643,9273,9273,9273,9273,9273,9273,TRUE,TRUE
7640,27.2999127841317,56.6657063351618,1546.96884080113,8987,4180,9273,9273,9273,9273,9273,9273,TRUE,TRUE
7641,30.7195884227753,214.302863464355,6583.2957634472,4324,802,9273,9273,9273,9273,9273,9273,TRUE,TRUE
7642,52.3236317276395,59.5172525146198,3114.15880201589,8718,2182,9273,9273,9273,9273,9273,9273,TRUE,TRUE
7643,69.2092808142207,90.3693387648639,6254.3969435729,8058,874,9273,9273,9273,9273,9273,9273,TRUE,TRUE
7644,34.0082166746628,16.2835272530879,553.77372305079,6006,7283,9273,9273,9273,9273,9273,9273,TRUE,TRUE
7645,23.8122535085678,36.7969048714638,876.217227129949,8102,6064,9273,9273,9273,9273,9273,9273,TRUE,TRUE
7646,96.8027590554514,121.302539552961,11742.4205091597,1902,301,9273,9273,9273,9273,9273,9273,TRUE,TRUE
7647,25.7262793366627,48.8922347489224,1257.81528854446,9210,4904,9273,9273,9273,9273,9273,9273,TRUE,TRUE
7648,31.4995755162732,62.7845609023653,1977.68701740011,2697,3389,9273,9273,9273,9273,9273,9273,TRUE,TRUE
7649,45.5622827611505,48.2442056176497,2198.11613793844,479,3116,9273,9273,9273,9273,9273,9273,TRUE,TRUE
7650,23.5403966748714,18.2902637863159,430.560064817913,856,7778,9273,9273,9273,9273,9273,9273,TRUE,TRUE
7651,2.37152153604171,6.68849308350507,15.8619053911983,5340,9239,9273,9273,9273,9273,9273,9273,TRUE,TRUE
7652,8.52804967314897,22.75050350292,194.017423962051,7111,8771,9273,9273,9273,9273,9273,9273,TRUE,TRUE
7653,26.7730806932092,27.4164371694473,734.022484657914,1,6560,9273,9273,9273,9273,9273,9273,TRUE,TRUE
7654,38.1960130852846,17.0467787358298,651.118983655708,6720,6885,9273,9273,9273,9273,9273,9273,TRUE,TRUE
7655,45.1188423829378,61.881854393632,2792.03763475019,6751,2447,9273,9273,9273,9273,9273,9273,TRUE,TRUE
7656,48.8867795819001,46.2881319814449,2262.8777054348,2222,3027,9273,9273,9273,9273,9273,9273,TRUE,TRUE
7657,90.2753525017113,89.3326090124269,8064.53276849439,6921,593,9273,9273,9273,9273,9273,9273,TRUE,TRUE
7658,38.022683874766,38.1600067933401,1450.94587496209,7861,4417,9273,9273,9273,9273,9273,9273,TRUE,TRUE
7659,93.7599497028426,88.4676992603377,8294.72703297546,2712,567,9273,9273,9273,9273,9273,9273,TRUE,TRUE
7660,23.9277679583965,26.8268964810249,641.907754041888,5770,6912,9273,9273,9273,9273,9273,9273,TRUE,TRUE
7661,163.001880264282,101.379134988785,16524.9896227384,4160,166,9273,9273,9273,9273,9273,9273,TRUE,TRUE
7662,67.9908699334837,38.3839034847185,2609.75498936888,4262,2626,9273,9273,9273,9273,9273,9273,TRUE,TRUE
7663,47.7687896966934,34.5949387717247,1652.5583547565,2034,3963,9273,9273,9273,9273,9273,9273,TRUE,TRUE
7664,17.2320978677095,73.3670087430015,1264.2674749205,8092,4887,9273,9273,9273,9273,9273,9273,TRUE,TRUE
7665,21.3833592918432,26.3126588357943,562.653037809482,1850,7237,9273,9273,9273,9273,9273,9273,TRUE,TRUE
7666,31.8088498237806,36.1608049074809,1150.23361280909,4802,5225,9273,9273,9273,9273,9273,9273,TRUE,TRUE
7667,23.2966369354194,19.4945464614404,454.157371132842,3623,7678,9273,9273,9273,9273,9273,9273,TRUE,TRUE
7668,10.9918250365365,29.121483677312,320.098253385366,5579,8294,9273,9273,9273,9273,9273,9273,TRUE,TRUE
7669,30.2368984103203,39.4570735931397,1193.05952580429,5766,5097,9273,9273,9273,9273,9273,9273,TRUE,TRUE
7670,49.9554480298853,107.113265743551,5350.89118016327,6708,1104,9273,9273,9273,9273,9273,9273,TRUE,TRUE
7671,71.0404656104792,152.454171607697,10830.4153352707,1454,363,9273,9273,9273,9273,9273,9273,TRUE,TRUE
7672,51.4896919186376,79.7270710408187,4105.12232546709,4989,1578,9273,9273,9273,9273,9273,9273,TRUE,TRUE
7673,30.0989711411173,47.2645729134203,1422.61501611827,6195,4477,9273,9273,9273,9273,9273,9273,TRUE,TRUE
7674,93.3520213576447,225.872559836901,21085.6600300002,6777,106,9273,9273,9273,9273,9273,9273,TRUE,TRUE
7675,27.2684829563606,28.5329666569477,778.050714979385,4538,6389,9273,9273,9273,9273,9273,9273,TRUE,TRUE
7676,42.3276164672931,40.3928213086278,1709.7318483835,7354,3870,9273,9273,9273,9273,9273,9273,TRUE,TRUE
7677,22.9596991578738,62.5585164268812,1436.3247169241,3123,4446,9273,9273,9273,9273,9273,9273,TRUE,TRUE
7678,15.3964589194678,48.0170927743543,739.293196332623,7667,6542,9273,9273,9273,9273,9273,9273,TRUE,TRUE
7679,38.571313482523,55.7490660084619,2150.31470137025,2051,3169,9273,9273,9273,9273,9273,9273,TRUE,TRUE
7680,31.2989461182776,26.9802506687572,844.453411939055,7392,6166,9273,9273,9273,9273,9273,9273,TRUE,TRUE
7681,32.2342122256756,27.2381099700928,877.999017402261,3906,6059,9273,9273,9273,9273,9273,9273,TRUE,TRUE
7682,62.6191305871737,116.642313254082,7304.04024564736,5412,687,9273,9273,9273,9273,9273,9273,TRUE,TRUE
7683,45.504290593934,22.6524750582084,1030.78480772056,1316,5554,9273,9273,9273,9273,9273,9273,TRUE,TRUE
7684,20.2107720065427,55.8878525526493,1129.53664587687,7433,5277,9273,9273,9273,9273,9273,9273,TRUE,TRUE
7685,43.6001877387365,26.8861226432117,1172.23999481073,8379,5163,9273,9273,9273,9273,9273,9273,TRUE,TRUE
7686,94.9765697826039,63.3199919453868,6013.91563363494,522,932,9273,9273,9273,9273,9273,9273,TRUE,TRUE
7687,27.5196838149105,49.6242278024375,1365.64305868217,2848,4633,9273,9273,9273,9273,9273,9273,TRUE,TRUE
7688,36.5321587718302,26.1336440405538,954.718433376006,415,5783,9273,9273,9273,9273,9273,9273,TRUE,TRUE
7689,16.3232134107716,26.1504275227381,426.859009236569,7944,7795,9273,9273,9273,9273,9273,9273,TRUE,TRUE
7690,13.6782875974602,80.7817013375113,1104.95534350661,8958,5355,9273,9273,9273,9273,9273,9273,TRUE,TRUE
7691,1.74367280233474,8.97028559730167,15.64124302519,1907,9241,9273,9273,9273,9273,9273,9273,TRUE,TRUE
7692,43.5228068340908,34.9058059273344,1519.19864876364,761,4257,9273,9273,9273,9273,9273,9273,TRUE,TRUE
7693,27.0079288935661,33.9839799880981,917.836915038929,4359,5921,9273,9273,9273,9273,9273,9273,TRUE,TRUE
7694,64.617261405328,24.6517862440485,1592.93091583995,13,4082,9273,9273,9273,9273,9273,9273,TRUE,TRUE
7695,23.0419567251737,57.8394622483661,1332.73438613417,4889,4714,9273,9273,9273,9273,9273,9273,TRUE,TRUE
7696,18.6278716155461,28.5836458828985,532.452485810865,1562,7370,9273,9273,9273,9273,9273,9273,TRUE,TRUE
7697,76.3792961351215,120.865258395098,9231.60336340714,7241,472,9273,9273,9273,9273,9273,9273,TRUE,TRUE
7698,25.9180760153937,22.653663092797,587.13936206623,7009,7141,9273,9273,9273,9273,9273,9273,TRUE,TRUE
7699,42.5223504370657,71.7980996981435,3053.02395607983,8471,2225,9273,9273,9273,9273,9273,9273,TRUE,TRUE
7700,66.5818789881901,149.648861655028,9963.90239743544,8853,417,9273,9273,9273,9273,9273,9273,TRUE,TRUE
7701,72.6162009783774,168.953723238039,12268.7775226986,2438,285,9273,9273,9273,9273,9273,9273,TRUE,TRUE
7702,22.2164783477783,49.7716947982872,1105.75177981838,1846,5352,9273,9273,9273,9273,9273,9273,TRUE,TRUE
7703,35.8168648435679,69.503316254566,2489.39088446955,5419,2761,9273,9273,9273,9273,9273,9273,TRUE,TRUE
7704,36.1142394662761,73.4749878602062,2653.49330636522,6675,2577,9273,9273,9273,9273,9273,9273,TRUE,TRUE
7705,80.8077109253522,46.6860874972297,3772.59586271184,6677,1745,9273,9273,9273,9273,9273,9273,TRUE,TRUE
7706,20.1446439152923,19.3241847602043,389.278820947635,7475,7971,9273,9273,9273,9273,9273,9273,TRUE,TRUE
7707,59.2410530520794,51.5852488543922,3055.96446408776,1635,2223,9273,9273,9273,9273,9273,9273,TRUE,TRUE
7708,94.4569637617478,38.3448661358951,3621.93963104731,2877,1840,9273,9273,9273,9273,9273,9273,TRUE,TRUE
7709,17.6914438082931,9.53176848004373,168.630746458353,7627,8870,9273,9273,9273,9273,9273,9273,TRUE,TRUE
7710,47.4122564875365,90.3493579419253,4283.66693222681,2068,1486,9273,9273,9273,9273,9273,9273,TRUE,TRUE
7711,44.4482046445211,73.5419885328446,3268.8093562729,4783,2073,9273,9273,9273,9273,9273,9273,TRUE,TRUE
7712,12.7218279242516,23.8281497456307,303.137620817212,5646,8358,9273,9273,9273,9273,9273,9273,TRUE,TRUE
7713,26.8948517234958,42.9118151243041,1154.10690495422,1420,5214,9273,9273,9273,9273,9273,9273,TRUE,TRUE
7714,44.8615873479843,140.518052053452,6303.86286616452,4261,860,9273,9273,9273,9273,9273,9273,TRUE,TRUE
7715,31.0060742605816,63.7272149866278,1975.93076029543,1353,3395,9273,9273,9273,9273,9273,9273,TRUE,TRUE
7716,37.4068871231767,13.232620234962,494.991131473086,3926,7519,9273,9273,9273,9273,9273,9273,TRUE,TRUE
7717,18.197623103857,16.4192278385162,298.790919861676,6693,8377,9273,9273,9273,9273,9273,9273,TRUE,TRUE
7718,59.4782320625706,50.3428104783846,2994.30136431537,3802,2275,9273,9273,9273,9273,9273,9273,TRUE,TRUE
7719,69.8477884027999,117.826723837439,8229.93607479259,1699,571,9273,9273,9273,9273,9273,9273,TRUE,TRUE
7720,32.4126835788589,23.2019256683717,752.036675109137,4693,6503,9273,9273,9273,9273,9273,9273,TRUE,TRUE
7721,47.5373819862924,13.3644915731942,635.312940967518,7773,6941,9273,9273,9273,9273,9273,9273,TRUE,TRUE
7722,88.1330761041534,42.6347860647052,3757.53484492496,8712,1753,9273,9273,9273,9273,9273,9273,TRUE,TRUE
7723,49.7765393828432,29.7910280745631,1482.89428220888,3667,4340,9273,9273,9273,9273,9273,9273,TRUE,TRUE
7724,71.6055308379894,157.524682082897,11279.6384806313,8349,322,9273,9273,9273,9273,9273,9273,TRUE,TRUE
7725,26.6635770191581,38.7451484324568,1033.08424934752,7624,5549,9273,9273,9273,9273,9273,9273,TRUE,TRUE
7726,12.3273896371063,19.7620313523109,243.614260500647,377,8583,9273,9273,9273,9273,9273,9273,TRUE,TRUE
7727,58.2157295084,28.1290706157684,1637.55436629026,1591,3990,9273,9273,9273,9273,9273,9273,TRUE,TRUE
7728,75.7498948899182,24.9644001153382,1891.05068472673,4620,3549,9273,9273,9273,9273,9273,9273,TRUE,TRUE
7729,19.8953217846155,31.5529294109345,627.7556838778,7116,6973,9273,9273,9273,9273,9273,9273,TRUE,TRUE
7730,8.56181156193769,36.6757794603889,314.011112627035,1942,8321,9273,9273,9273,9273,9273,9273,TRUE,TRUE
7731,38.7773739184048,27.270605496481,1057.48246631835,7398,5487,9273,9273,9273,9273,9273,9273,TRUE,TRUE
7732,16.659651779574,31.3525356980257,522.322327135772,926,7416,9273,9273,9273,9273,9273,9273,TRUE,TRUE
7733,58.1064876064456,129.999324695018,7553.80414923733,4105,660,9273,9273,9273,9273,9273,9273,TRUE,TRUE
7734,62.1338106117997,64.61881349601,4015.01311972029,751,1623,9273,9273,9273,9273,9273,9273,TRUE,TRUE
7735,53.0727295732498,30.3437743425369,1610.42692991318,4856,4052,9273,9273,9273,9273,9273,9273,TRUE,TRUE
7736,16.2340372300743,31.1881376188629,506.3093872413,8549,7477,9273,9273,9273,9273,9273,9273,TRUE,TRUE
7737,28.3307476068217,66.2645916779428,1877.3254220969,4394,3576,9273,9273,9273,9273,9273,9273,TRUE,TRUE
7738,25.9607279570598,62.7278452729279,1628.46052646302,6808,4018,9273,9273,9273,9273,9273,9273,TRUE,TRUE
7739,42.840201347105,79.5358130635204,3407.33024594692,8104,1986,9273,9273,9273,9273,9273,9273,TRUE,TRUE
7740,50.4826784107198,43.981393095492,2220.29852369517,4373,3091,9273,9273,9273,9273,9273,9273,TRUE,TRUE
7741,39.9209713087345,38.216134604356,1525.62521307123,6153,4238,9273,9273,9273,9273,9273,9273,TRUE,TRUE
7742,26.0779394692696,53.257745682077,1388.85226816696,6651,4564,9273,9273,9273,9273,9273,9273,TRUE,TRUE
7743,18.2060376818146,43.8787212688211,798.857652849998,3238,6314,9273,9273,9273,9273,9273,9273,TRUE,TRUE
7744,28.917829451269,23.4924238710987,679.349906901355,5750,6773,9273,9273,9273,9273,9273,9273,TRUE,TRUE
7745,28.5524681147022,52.8718863434808,1509.62284898639,9184,4280,9273,9273,9273,9273,9273,9273,TRUE,TRUE
7746,7.45658165507846,45.3685270097521,338.294126218849,2998,8210,9273,9273,9273,9273,9273,9273,TRUE,TRUE
7747,14.7023595053217,28.721207053765,422.269511531234,5468,7819,9273,9273,9273,9273,9273,9273,TRUE,TRUE
7748,68.6880029473397,103.045229335068,7077.97101627646,1458,723,9273,9273,9273,9273,9273,9273,TRUE,TRUE
7749,10.7533021414183,46.3902578702787,498.848459297415,9273,7505,9273,9273,9273,9273,9273,9273,TRUE,TRUE
7750,53.4687847707583,44.0170417453932,2353.53773132991,7904,2929,9273,9273,9273,9273,9273,9273,TRUE,TRUE
7751,74.439571634214,57.4622883564524,4277.468130376,882,1492,9273,9273,9273,9273,9273,9273,TRUE,TRUE
7752,113.472085295445,132.980588343039,15089.5846630998,5224,199,9273,9273,9273,9273,9273,9273,TRUE,TRUE
7753,39.8142855160314,72.4405652479178,2884.1693477233,4336,2368,9273,9273,9273,9273,9273,9273,TRUE,TRUE
7754,65.6196731223573,70.4770640708609,4624.68190695332,5394,1339,9273,9273,9273,9273,9273,9273,TRUE,TRUE
7755,27.7348423331392,50.7875584901548,1408.58492720953,7312,4512,9273,9273,9273,9273,9273,9273,TRUE,TRUE
7756,31.1153487245242,81.3536687692007,2531.34777377311,8523,2712,9273,9273,9273,9273,9273,9273,TRUE,TRUE
7757,2.85084799253024,6.30530267862173,17.9754594836443,5523,9235,9273,9273,9273,9273,9273,9273,TRUE,TRUE
7758,14.6806427598,57.1767730194589,839.391778856845,2092,6183,9273,9273,9273,9273,9273,9273,TRUE,TRUE
7759,43.263740054369,125.09155954361,5411.92871509035,6657,1088,9273,9273,9273,9273,9273,9273,TRUE,TRUE
7760,30.9168130354164,114.585863063538,3542.62970483724,2273,1894,9273,9273,9273,9273,9273,9273,TRUE,TRUE
7761,14.5716718701292,53.1844376887172,774.986174597318,2019,6409,9273,9273,9273,9273,9273,9273,TRUE,TRUE
7762,205.658328992184,214.434514644361,44100.2439600094,8564,21,9273,9273,9273,9273,9273,9273,TRUE,TRUE
7763,34.0970396258063,27.419320890459,934.917670914678,7082,5860,9273,9273,9273,9273,9273,9273,TRUE,TRUE
7764,67.8144290728051,126.54014512518,8581.24769645398,2921,539,9273,9273,9273,9273,9273,9273,TRUE,TRUE
7765,19.0922940244208,38.647093644509,737.861675050289,1969,6550,9273,9273,9273,9273,9273,9273,TRUE,TRUE
7766,52.5950508016221,31.6787906944329,1666.14760590765,1503,3947,9273,9273,9273,9273,9273,9273,TRUE,TRUE
7767,26.516872552725,48.6931020052005,1291.18878006874,2003,4812,9273,9273,9273,9273,9273,9273,TRUE,TRUE
7768,36.3625045018118,30.943848287473,1125.19582265662,7040,5293,9273,9273,9273,9273,9273,9273,TRUE,TRUE
7769,29.0369003412875,66.7103639416927,1937.06218950595,8072,3450,9273,9273,9273,9273,9273,9273,TRUE,TRUE
7770,69.3418342306837,122.450517176496,8490.94346351404,4855,546,9273,9273,9273,9273,9273,9273,TRUE,TRUE
7771,26.0090595689744,73.0099054206728,1898.91897921146,4277,3525,9273,9273,9273,9273,9273,9273,TRUE,TRUE
7772,35.3631002663155,38.4102010783359,1358.30379198253,2409,4650,9273,9273,9273,9273,9273,9273,TRUE,TRUE
7773,31.6322059631348,14.0008776792839,442.878646415766,478,7721,9273,9273,9273,9273,9273,9273,TRUE,TRUE
7774,144.766179725607,94.1272260196625,13626.4389190353,8327,241,9273,9273,9273,9273,9273,9273,TRUE,TRUE
7775,29.5488575818971,74.1235763820138,2190.26700197299,3552,3125,9273,9273,9273,9273,9273,9273,TRUE,TRUE
7776,38.3565668415379,21.9964884533385,843.709779639595,4884,6172,9273,9273,9273,9273,9273,9273,TRUE,TRUE
7777,70.7715564262576,32.3479577273857,2289.31531557788,239,3000,9273,9273,9273,9273,9273,9273,TRUE,TRUE
7778,12.554142271263,15.2122254187358,190.976442169333,7650,8785,9273,9273,9273,9273,9273,9273,TRUE,TRUE
7779,52.8805509544689,47.8997749576907,2532.96649035776,951,2709,9273,9273,9273,9273,9273,9273,TRUE,TRUE
7780,43.238921038927,18.5195699864607,800.766224319455,7927,6307,9273,9273,9273,9273,9273,9273,TRUE,TRUE
7781,34.0271095495,66.0730572120328,2248.27515602422,5077,3051,9273,9273,9273,9273,9273,9273,TRUE,TRUE
7782,42.1111046927316,29.2435510897886,1231.47824152933,9269,4981,9273,9273,9273,9273,9273,9273,TRUE,TRUE
7783,13.7841380635293,35.1279684837828,484.20876747177,1265,7564,9273,9273,9273,9273,9273,9273,TRUE,TRUE
7784,34.7260798299035,44.0704602054583,1530.39431923533,7407,4226,9273,9273,9273,9273,9273,9273,TRUE,TRUE
7785,13.8938566110073,19.8210060005514,275.390215257577,2429,8456,9273,9273,9273,9273,9273,9273,TRUE,TRUE
7786,71.4137877165153,81.8419245574174,5844.64182665446,4471,965,9273,9273,9273,9273,9273,9273,TRUE,TRUE
7787,43.1870427854769,98.5013544941997,4253.98221096842,8546,1507,9273,9273,9273,9273,9273,9273,TRUE,TRUE
7788,28.7043584604732,19.4885866759253,559.407377833763,1885,7255,9273,9273,9273,9273,9273,9273,TRUE,TRUE
7789,45.1445314204693,49.6012992024422,2239.22741034075,6855,3062,9273,9273,9273,9273,9273,9273,TRUE,TRUE
7790,13.1426101484389,24.6756786220479,324.302824277742,3391,8270,9273,9273,9273,9273,9273,9273,TRUE,TRUE
7791,35.1241925174593,33.8238817711526,1188.03653501774,3003,5109,9273,9273,9273,9273,9273,9273,TRUE,TRUE
7792,25.6471511896211,60.8505287218576,1560.64271009786,3455,4145,9273,9273,9273,9273,9273,9273,TRUE,TRUE
7793,14.6702804433641,55.1081475684391,808.451979543293,1611,6285,9273,9273,9273,9273,9273,9273,TRUE,TRUE
7794,46.2228331545652,57.6431271747007,2664.42864990357,5749,2564,9273,9273,9273,9273,9273,9273,TRUE,TRUE
7795,15.8832884270804,36.9623630251203,587.083872874439,7689,7143,9273,9273,9273,9273,9273,9273,TRUE,TRUE
7796,70.3523996633068,55.004424840517,3869.69327963037,6479,1700,9273,9273,9273,9273,9273,9273,TRUE,TRUE
7797,18.6509193004446,11.1844590724783,208.600443579918,7026,8726,9273,9273,9273,9273,9273,9273,TRUE,TRUE
7798,26.5152711749077,137.463347665787,3644.87793996895,2897,1818,9273,9273,9273,9273,9273,9273,TRUE,TRUE
7799,56.4840063310158,96.408748930842,5445.552384975,612,1080,9273,9273,9273,9273,9273,9273,TRUE,TRUE
7800,32.8486860023355,21.6137264539611,709.982513626539,2137,6670,9273,9273,9273,9273,9273,9273,TRUE,TRUE
7801,57.9081198226793,97.9509148249042,5672.15331242161,1855,1013,9273,9273,9273,9273,9273,9273,TRUE,TRUE
7802,30.4095054838393,42.9784988244375,1306.95489568891,9081,4774,9273,9273,9273,9273,9273,9273,TRUE,TRUE
7803,10.3233433365822,71.928860613278,742.546323920032,8245,6533,9273,9273,9273,9273,9273,9273,TRUE,TRUE
7804,17.1463590526375,11.5211161148959,197.545193593134,6803,8762,9273,9273,9273,9273,9273,9273,TRUE,TRUE
7805,6.77584973876998,11.5079899229242,77.9764105130132,3294,9129,9273,9273,9273,9273,9273,9273,TRUE,TRUE
7806,12.2754913550651,23.5126650404787,288.629516438938,5530,8405,9273,9273,9273,9273,9273,9273,TRUE,TRUE
7807,47.7075071632862,46.3779623260101,2212.57696988674,5050,3102,9273,9273,9273,9273,9273,9273,TRUE,TRUE
7808,26.4919669151306,19.9830781698227,529.391045737412,6969,7389,9273,9273,9273,9273,9273,9273,TRUE,TRUE
7809,68.6545657307914,52.924050365048,3633.4776945269,2520,1830,9273,9273,9273,9273,9273,9273,TRUE,TRUE
7810,7.81771185800627,4.43004540034703,34.6328184577991,5379,9213,9273,9273,9273,9273,9273,9273,TRUE,TRUE
7811,53.2666045186639,203.141372223082,10820.6511355856,4087,364,9273,9273,9273,9273,9273,9273,TRUE,TRUE
7812,20.732910693053,62.1748143109408,1289.06487246589,3233,4817,9273,9273,9273,9273,9273,9273,TRUE,TRUE
7813,25.3249409609063,60.4554222949716,1531.03000038681,5835,4223,9273,9273,9273,9273,9273,9273,TRUE,TRUE
7814,21.230856918613,68.0721035853089,1445.22909136869,5164,4422,9273,9273,9273,9273,9273,9273,TRUE,TRUE
7815,37.5443097559611,31.3959770944383,1178.74028912465,192,5139,9273,9273,9273,9273,9273,9273,TRUE,TRUE
7816,84.1068703974064,218.644448236446,18389.5002709352,8762,140,9273,9273,9273,9273,9273,9273,TRUE,TRUE
7817,50.2653997540474,27.7472355365753,1394.72588631567,6332,4549,9273,9273,9273,9273,9273,9273,TRUE,TRUE
7818,30.4731033543178,49.0795108222962,1495.60500586719,1036,4309,9273,9273,9273,9273,9273,9273,TRUE,TRUE
7819,10.6140333534626,20.441212611252,216.96371244105,7747,8684,9273,9273,9273,9273,9273,9273,TRUE,TRUE
7820,25.0681073773757,19.4082695979537,486.528586290558,3193,7553,9273,9273,9273,9273,9273,9273,TRUE,TRUE
7821,61.6368248958716,85.0247481621352,5240.6555142851,2102,1127,9273,9273,9273,9273,9273,9273,TRUE,TRUE
7822,36.6282949829102,17.7429588270187,649.894329785672,4047,6887,9273,9273,9273,9273,9273,9273,TRUE,TRUE
7823,29.8942338990815,75.4263779824855,2254.81378556895,153,3037,9273,9273,9273,9273,9273,9273,TRUE,TRUE
7824,21.3673713122849,4.00991233049241,85.6812856953409,5548,9105,9273,9273,9273,9273,9273,9273,TRUE,TRUE
7825,30.6715824899711,34.5261808830922,1058.97260501943,1572,5480,9273,9273,9273,9273,9273,9273,TRUE,TRUE
7826,28.2198896246515,49.1686390712584,1387.53356758524,6382,4568,9273,9273,9273,9273,9273,9273,TRUE,TRUE
7827,23.2590006244689,38.8231290426954,902.987182647888,4255,5964,9273,9273,9273,9273,9273,9273,TRUE,TRUE
7828,83.2377671558439,85.3267758930003,7102.41030394042,8,719,9273,9273,9273,9273,9273,9273,TRUE,TRUE
7829,16.9440623360711,123.061045517793,2085.15402639556,8257,3256,9273,9273,9273,9273,9273,9273,TRUE,TRUE
7830,25.1976192938373,112.052788512055,2823.46350573961,4788,2422,9273,9273,9273,9273,9273,9273,TRUE,TRUE
7831,20.1275647454847,40.6187531953046,817.556584819356,8614,6249,9273,9273,9273,9273,9273,9273,TRUE,TRUE
7832,18.1976216013839,22.1530738923608,403.133256000677,9009,7908,9273,9273,9273,9273,9273,9273,TRUE,TRUE
7833,34.3934612544442,168.062186075126,5780.24028511203,6360,983,9273,9273,9273,9273,9273,9273,TRUE,TRUE
7834,22.035603583754,72.2557641794016,1592.19937609851,6163,4083,9273,9273,9273,9273,9273,9273,TRUE,TRUE
7835,39.4250923222668,32.5855430253449,1284.68804214542,4934,4834,9273,9273,9273,9273,9273,9273,TRUE,TRUE
7836,19.7397888620021,19.3898409988921,382.751367385921,6265,8005,9273,9273,9273,9273,9273,9273,TRUE,TRUE
7837,22.4829491340437,26.7901303570343,602.321138111604,6014,7084,9273,9273,9273,9273,9273,9273,TRUE,TRUE
7838,51.5102944964316,77.0079709553137,3966.70326248086,2491,1650,9273,9273,9273,9273,9273,9273,TRUE,TRUE
7839,29.5362666636398,5.94415171859191,175.568050249463,8357,8844,9273,9273,9273,9273,9273,9273,TRUE,TRUE
7840,35.686025947124,17.3861439333651,620.4423835265,7067,7010,9273,9273,9273,9273,9273,9273,TRUE,TRUE
7841,47.6195231983919,64.6204023585073,3077.19274920036,8129,2207,9273,9273,9273,9273,9273,9273,TRUE,TRUE
7842,22.0589698922686,51.1569154678994,1128.46885808772,8428,5282,9273,9273,9273,9273,9273,9273,TRUE,TRUE
7843,41.5015969493172,93.8346146966852,3894.28635903631,2501,1690,9273,9273,9273,9273,9273,9273,TRUE,TRUE
7844,20.1991918517993,32.3391327601213,653.224346942498,5017,6871,9273,9273,9273,9273,9273,9273,TRUE,TRUE
7845,40.0137086776866,31.0243683557365,1241.40003729568,3198,4952,9273,9273,9273,9273,9273,9273,TRUE,TRUE
7846,6.62992922663689,16.8010707855225,111.389910239731,4408,9036,9273,9273,9273,9273,9273,9273,TRUE,TRUE
7847,32.673870378925,44.9178354842688,1467.63953431488,6094,4376,9273,9273,9273,9273,9273,9273,TRUE,TRUE
7848,36.8887571988406,70.4405809615875,2598.46548803728,5233,2639,9273,9273,9273,9273,9273,9273,TRUE,TRUE
7849,38.0464958013114,54.8913693832139,2088.42425476668,615,3248,9273,9273,9273,9273,9273,9273,TRUE,TRUE
7850,86.1263273548197,52.9865485120703,4563.5368225526,2218,1366,9273,9273,9273,9273,9273,9273,TRUE,TRUE
7851,25.0365066705312,22.2769350235119,557.736632315146,3096,7262,9273,9273,9273,9273,9273,9273,TRUE,TRUE
7852,63.2319678783417,222.450575065613,14065.9876170675,5559,232,9273,9273,9273,9273,9273,9273,TRUE,TRUE
7853,20.7899720852192,25.0365741960295,520.509678644972,8127,7422,9273,9273,9273,9273,9273,9273,TRUE,TRUE
7854,30.3650543362961,70.6441132356673,2145.11233694049,8178,3183,9273,9273,9273,9273,9273,9273,TRUE,TRUE
7855,26.2328769656847,14.3515225752345,376.481725986372,6058,8030,9273,9273,9273,9273,9273,9273,TRUE,TRUE
7856,102.97674314317,195.32161488568,20113.5837663919,4328,112,9273,9273,9273,9273,9273,9273,TRUE,TRUE
7857,17.272338726681,39.7907746750905,687.279738385201,1836,6744,9273,9273,9273,9273,9273,9273,TRUE,TRUE
7858,8.81848079436704,92.0441050780447,811.689172865439,202,6270,9273,9273,9273,9273,9273,9273,TRUE,TRUE
7859,20.1622386767267,26.4033794033435,532.351237402381,2443,7372,9273,9273,9273,9273,9273,9273,TRUE,TRUE
7860,19.4495954491058,98.5505974547668,1916.76925176289,7979,3491,9273,9273,9273,9273,9273,9273,TRUE,TRUE
7861,21.4437659955893,21.4169796774168,459.260700534816,6655,7658,9273,9273,9273,9273,9273,9273,TRUE,TRUE
7862,19.730433251137,36.6332147686981,722.789198768362,4220,6605,9273,9273,9273,9273,9273,9273,TRUE,TRUE
7863,58.7272104333948,41.0127236048381,2408.56284958798,2506,2863,9273,9273,9273,9273,9273,9273,TRUE,TRUE
7864,25.3580319299517,59.767694861968,1515.59111468939,4992,4267,9273,9273,9273,9273,9273,9273,TRUE,TRUE
7865,45.4667305840647,27.1365299600686,1233.80929668084,6113,4971,9273,9273,9273,9273,9273,9273,TRUE,TRUE
7866,49.3310433265948,96.3764944759856,4754.35302466017,4075,1294,9273,9273,9273,9273,9273,9273,TRUE,TRUE
7867,49.1841604898142,65.2387490760448,3208.71310471091,8365,2112,9273,9273,9273,9273,9273,9273,TRUE,TRUE
7868,46.7269665046975,184.321387697149,8612.77930902404,1923,532,9273,9273,9273,9273,9273,9273,TRUE,TRUE
7869,35.9487421397703,39.8404496491674,1432.21405117042,5126,4456,9273,9273,9273,9273,9273,9273,TRUE,TRUE
7870,33.846905134492,105.341096933009,3565.47011465489,698,1880,9273,9273,9273,9273,9273,9273,TRUE,TRUE
7871,8.7695025320976,26.6057901382446,233.319543985794,2206,8620,9273,9273,9273,9273,9273,9273,TRUE,TRUE
7872,24.4150511653392,41.7464781968625,1019.24240114912,2230,5586,9273,9273,9273,9273,9273,9273,TRUE,TRUE
7873,77.6983256425394,69.5584945971399,5404.57856441339,3490,1092,9273,9273,9273,9273,9273,9273,TRUE,TRUE
7874,17.9602215123731,69.7616995301358,1252.93557664085,2719,4913,9273,9273,9273,9273,9273,9273,TRUE,TRUE
7875,25.8303018610768,29.2398417425937,755.273938581311,293,6497,9273,9273,9273,9273,9273,9273,TRUE,TRUE
7876,29.3492143154144,39.0752408027649,1146.82761674677,3318,5236,9273,9273,9273,9273,9273,9273,TRUE,TRUE
7877,21.4740164034987,40.1457755206383,862.091042061363,2607,6108,9273,9273,9273,9273,9273,9273,TRUE,TRUE
7878,38.5839956512779,28.5152777888744,1100.23335420091,7515,5371,9273,9273,9273,9273,9273,9273,TRUE,TRUE
7879,5.83245104000348,31.7667331014361,185.277915514984,5237,8807,9273,9273,9273,9273,9273,9273,TRUE,TRUE
7880,18.0268573092523,30.5712053857488,551.10275726074,3925,7288,9273,9273,9273,9273,9273,9273,TRUE,TRUE
7881,16.9076809170004,86.580397113756,1463.87372806657,1531,4391,9273,9273,9273,9273,9273,9273,TRUE,TRUE
7882,14.0961702770657,52.0248709925899,733.351440153923,5110,6564,9273,9273,9273,9273,9273,9273,TRUE,TRUE
7883,15.3810326451804,33.779581140094,519.564840256306,2455,7426,9273,9273,9273,9273,9273,9273,TRUE,TRUE
7884,14.0818061981814,54.2860788322357,764.44604137474,6782,6459,9273,9273,9273,9273,9273,9273,TRUE,TRUE
7885,22.6227642233816,73.2928909398028,1658.08779098118,7561,3956,9273,9273,9273,9273,9273,9273,TRUE,TRUE
7886,43.3470943306768,74.3675869697748,3223.61880752364,2684,2099,9273,9273,9273,9273,9273,9273,TRUE,TRUE
7887,20.9475739746497,42.9118393842505,898.898929889877,1884,5978,9273,9273,9273,9273,9273,9273,TRUE,TRUE
7888,31.9137406278012,44.1493352206785,1408.97043312258,6634,4511,9273,9273,9273,9273,9273,9273,TRUE,TRUE
7889,38.2590399835168,31.2303854314292,1194.84456492169,8312,5089,9273,9273,9273,9273,9273,9273,TRUE,TRUE
7890,0,38.0823915100098,0,820,9272,9273,9273,9273,9273,9273,9273,TRUE,TRUE
7891,33.754560998174,50.5772222203701,1707.21193255568,922,3875,9273,9273,9273,9273,9273,9273,TRUE,TRUE
7892,41.6523390918308,65.5298718134562,2729.47244141828,4820,2513,9273,9273,9273,9273,9273,9273,TRUE,TRUE
7893,41.4929360090489,57.459349154689,2384.15709759711,4516,2892,9273,9273,9273,9273,9273,9273,TRUE,TRUE
7894,52.8848160269988,63.677815281742,3367.58954617613,147,2023,9273,9273,9273,9273,9273,9273,TRUE,TRUE
7895,14.7190130889416,36.6950519943237,540.114950603843,235,7337,9273,9273,9273,9273,9273,9273,TRUE,TRUE
7896,65.9550071574272,123.068290331685,8116.96996967861,8488,581,9273,9273,9273,9273,9273,9273,TRUE,TRUE
7897,44.4843673163681,132.432405200615,5891.17175753424,6869,959,9273,9273,9273,9273,9273,9273,TRUE,TRUE
7898,19.2255623390277,138.806824657652,2668.63926053818,8328,2557,9273,9273,9273,9273,9273,9273,TRUE,TRUE
7899,28.6801866409825,27.3728643417358,785.058858219279,7543,6364,9273,9273,9273,9273,9273,9273,TRUE,TRUE
7900,31.2889758012612,61.276084144049,1917.2659139792,132,3489,9273,9273,9273,9273,9273,9273,TRUE,TRUE
7901,68.0857129812241,64.30228764534,4378.06710065673,5491,1441,9273,9273,9273,9273,9273,9273,TRUE,TRUE
7902,41.4905569288466,105.281735570342,4368.19784324906,2955,1445,9273,9273,9273,9273,9273,9273,TRUE,TRUE
7903,26.5128675748224,20.9141633298299,554.494442801987,1067,7279,9273,9273,9273,9273,9273,9273,TRUE,TRUE
7904,16.5686167737271,26.3660919087998,436.849672657771,7981,7750,9273,9273,9273,9273,9273,9273,TRUE,TRUE
7905,19.3269920569577,42.0201267934825,812.122656769991,7118,6265,9273,9273,9273,9273,9273,9273,TRUE,TRUE
7906,29.5715857676374,56.4726955393143,1669.98715967051,1236,3938,9273,9273,9273,9273,9273,9273,TRUE,TRUE
7907,35.0127102178344,36.6925201169251,1284.70457401596,9085,4833,9273,9273,9273,9273,9273,9273,TRUE,TRUE
7908,10.8880652189255,33.8089966773987,368.114560809952,7832,8075,9273,9273,9273,9273,9273,9273,TRUE,TRUE
7909,22.6065802884879,74.1737383314243,1676.81457088663,1943,3930,9273,9273,9273,9273,9273,9273,TRUE,TRUE
7910,30.2408099073759,26.2090940206823,792.584230123997,6811,6337,9273,9273,9273,9273,9273,9273,TRUE,TRUE
7911,22.1353248292273,30.3329426919148,671.42953951187,6738,6810,9273,9273,9273,9273,9273,9273,TRUE,TRUE
7912,23.396128847984,58.2391011194872,1362.56951378229,524,4642,9273,9273,9273,9273,9273,9273,TRUE,TRUE
7913,28.8936938863052,74.5932693648757,2155.27509100742,7534,3162,9273,9273,9273,9273,9273,9273,TRUE,TRUE
7914,7.27197497063789,24.8658802032471,180.824058460893,6264,8825,9273,9273,9273,9273,9273,9273,TRUE,TRUE
7915,29.0364057759614,57.7659353163847,1677.31513787448,6485,3928,9273,9273,9273,9273,9273,9273,TRUE,TRUE
7916,10.0804398974414,26.1430906114124,263.533853641706,1872,8501,9273,9273,9273,9273,9273,9273,TRUE,TRUE
7917,20.7887257460001,39.6841092908705,824.982064522202,4413,6223,9273,9273,9273,9273,9273,9273,TRUE,TRUE
7918,20.2472246611255,17.4096707914067,352.497515789847,5396,8137,9273,9273,9273,9273,9273,9273,TRUE,TRUE
7919,21.0826138082673,193.354587456759,4076.42009540769,61,1590,9273,9273,9273,9273,9273,9273,TRUE,TRUE
7920,31.5966373423084,21.40822732644,676.427994975222,5026,6786,9273,9273,9273,9273,9273,9273,TRUE,TRUE
7921,48.9274628155507,69.7597182438924,3413.16602040134,9246,1980,9273,9273,9273,9273,9273,9273,TRUE,TRUE
7922,33.489803927089,115.484449166729,3867.55155922165,2958,1704,9273,9273,9273,9273,9273,9273,TRUE,TRUE
7923,29.0522687007796,99.3030682899667,2884.97942277198,8442,2367,9273,9273,9273,9273,9273,9273,TRUE,TRUE
7924,16.1276221220521,96.4994378363949,1556.30646841583,3475,4151,9273,9273,9273,9273,9273,9273,TRUE,TRUE
7925,10.8372036430571,19.4174141459995,210.430471321774,1210,8714,9273,9273,9273,9273,9273,9273,TRUE,TRUE
7926,14.3110082788127,54.7875934030329,784.065702767026,3045,6370,9273,9273,9273,9273,9273,9273,TRUE,TRUE
7927,14.0868852290826,30.4973667060421,429.61290457726,3223,7780,9273,9273,9273,9273,9273,9273,TRUE,TRUE
7928,8.87689018249512,7.38228788375855,65.5317588396889,764,9169,9273,9273,9273,9273,9273,9273,TRUE,TRUE
7929,21.0493246757984,34.4676471662521,725.520696013304,6040,6596,9273,9273,9273,9273,9273,9273,TRUE,TRUE
7930,12.3606997135631,42.9768423581257,531.223843025931,3800,7380,9273,9273,9273,9273,9273,9273,TRUE,TRUE
7931,44.0085207475578,73.2312671260241,3222.79973868558,7432,2100,9273,9273,9273,9273,9273,9273,TRUE,TRUE
7932,9.4180021904133,15.2265680130617,143.403850899492,4452,8958,9273,9273,9273,9273,9273,9273,TRUE,TRUE
7933,109.492086261091,289.98504200116,31751.0672332171,3636,42,9273,9273,9273,9273,9273,9273,TRUE,TRUE
7934,45.4066378381517,21.5426014254792,978.177101018383,7551,5717,9273,9273,9273,9273,9273,9273,TRUE,TRUE
7935,42.465516967742,53.9872285178786,2292.59556866734,2279,2994,9273,9273,9273,9273,9273,9273,TRUE,TRUE
7936,53.6312095483144,64.4465799093246,3456.34803178918,7141,1946,9273,9273,9273,9273,9273,9273,TRUE,TRUE
7937,43.1975810769238,94.2362183287174,4070.77668163746,3463,1599,9273,9273,9273,9273,9273,9273,TRUE,TRUE
7938,29.0718124294281,25.3798039245606,737.836899190488,6155,6551,9273,9273,9273,9273,9273,9273,TRUE,TRUE
7939,21.4541713420242,31.6665465348402,679.379515168646,155,6772,9273,9273,9273,9273,9273,9273,TRUE,TRUE
7940,29.2653604925495,27.3624921824834,800.773197694945,1707,6306,9273,9273,9273,9273,9273,9273,TRUE,TRUE
7941,11.2514636898041,11.7353050804138,132.039359001049,6865,8994,9273,9273,9273,9273,9273,9273,TRUE,TRUE
7942,14.796500334164,40.9792251195886,606.349118175775,1653,7066,9273,9273,9273,9273,9273,9273,TRUE,TRUE
7943,48.6419969823239,77.0994225963769,3750.26988127188,3730,1757,9273,9273,9273,9273,9273,9273,TRUE,TRUE
7944,18.1053448549592,24.9268957836793,451.310044327142,9072,7689,9273,9273,9273,9273,9273,9273,TRUE,TRUE
7945,18.9363372070154,12.6223809826333,239.021662642562,7153,8603,9273,9273,9273,9273,9273,9273,TRUE,TRUE
7946,61.8038686332703,43.9271661249797,2714.86880462008,6840,2519,9273,9273,9273,9273,9273,9273,TRUE,TRUE
7947,47.8008997565822,35.9735970748098,1719.57030765666,7253,3848,9273,9273,9273,9273,9273,9273,TRUE,TRUE
7948,33.7866307695707,53.5758027677183,1810.14586629624,2258,3686,9273,9273,9273,9273,9273,9273,TRUE,TRUE
7949,41.3760030689374,42.1281780155612,1743.0956228606,1088,3797,9273,9273,9273,9273,9273,9273,TRUE,TRUE
7950,53.3106324491665,64.6834738070097,3448.31689766078,4007,1950,9273,9273,9273,9273,9273,9273,TRUE,TRUE
7951,18.6008269887575,25.5565680114316,475.373300007054,257,7608,9273,9273,9273,9273,9273,9273,TRUE,TRUE
7952,65.4670893449126,67.3764888329396,4410.94261417257,1607,1426,9273,9273,9273,9273,9273,9273,TRUE,TRUE
7953,19.6731023015203,28.3916530523214,558.55189500759,2265,7258,9273,9273,9273,9273,9273,9273,TRUE,TRUE
7954,47.6598175577371,65.2352787385504,3109.10148300744,494,2186,9273,9273,9273,9273,9273,9273,TRUE,TRUE
7955,26.3305434908524,47.2613236945557,1244.41633897475,4599,4940,9273,9273,9273,9273,9273,9273,TRUE,TRUE
7956,38.7990462012016,196.685611064617,7631.21411080766,4952,648,9273,9273,9273,9273,9273,9273,TRUE,TRUE
7957,39.4840064314661,54.3380196298365,2145.4827165376,5056,3181,9273,9273,9273,9273,9273,9273,TRUE,TRUE
7958,16.5171050734192,16.3619037802893,270.251283940213,2026,8476,9273,9273,9273,9273,9273,9273,TRUE,TRUE
7959,34.2755833868745,23.0363777109879,789.585285164501,4622,6347,9273,9273,9273,9273,9273,9273,TRUE,TRUE
7960,42.100207053698,67.4168721887218,2838.26427805789,8195,2411,9273,9273,9273,9273,9273,9273,TRUE,TRUE
7961,18.705376210092,47.3678081850462,886.032672348764,5503,6033,9273,9273,9273,9273,9273,9273,TRUE,TRUE
7962,17.7093907189369,19.0921301603317,338.109992666114,1193,8212,9273,9273,9273,9273,9273,9273,TRUE,TRUE
7963,49.6259606357678,36.5499102373531,1813.82440667974,6800,3679,9273,9273,9273,9273,9273,9273,TRUE,TRUE
7964,61.4022091945012,57.386744038264,3523.67286242878,498,1906,9273,9273,9273,9273,9273,9273,TRUE,TRUE
7965,31.6783717266761,46.4625358126208,1471.8574808362,8630,4365,9273,9273,9273,9273,9273,9273,TRUE,TRUE
7966,38.8691050622802,103.872073112161,4037.41452283342,8977,1612,9273,9273,9273,9273,9273,9273,TRUE,TRUE
7967,26.4950450738271,50.332497994105,1333.56180303213,4217,4712,9273,9273,9273,9273,9273,9273,TRUE,TRUE
7968,25.0166822403316,41.6354345446048,1041.5804359405,7590,5523,9273,9273,9273,9273,9273,9273,TRUE,TRUE
7969,49.4708511395888,20.9968885041617,1038.73394558393,4285,5531,9273,9273,9273,9273,9273,9273,TRUE,TRUE
7970,16.2670398335052,16.9375141960344,275.52321810745,3703,8455,9273,9273,9273,9273,9273,9273,TRUE,TRUE
7971,97.5309640039785,112.168606469946,10939.9123199967,7706,352,9273,9273,9273,9273,9273,9273,TRUE,TRUE
7972,29.5660628195945,71.3266446200764,2108.84805554807,3279,3222,9273,9273,9273,9273,9273,9273,TRUE,TRUE
7973,27.1981363503356,44.9725643314727,1223.16993671164,4801,5002,9273,9273,9273,9273,9273,9273,TRUE,TRUE
7974,54.412808535234,19.3082688889414,1050.61713820078,3633,5505,9273,9273,9273,9273,9273,9273,TRUE,TRUE
7975,21.5489696546453,35.6632486288098,768.506262488295,4236,6439,9273,9273,9273,9273,9273,9273,TRUE,TRUE
7976,11.7661633860086,18.0898663963097,212.848323650046,6907,8699,9273,9273,9273,9273,9273,9273,TRUE,TRUE
7977,11.561094497499,32.0747903551374,370.819682283214,563,8056,9273,9273,9273,9273,9273,9273,TRUE,TRUE
7978,33.6066394650129,62.190144025947,2090.00174855722,9087,3246,9273,9273,9273,9273,9273,9273,TRUE,TRUE
7979,16.073759622842,25.6197535005439,411.805759364207,2105,7860,9273,9273,9273,9273,9273,9273,TRUE,TRUE
7980,18.2959989891839,40.7141312225578,744.905703693417,5787,6526,9273,9273,9273,9273,9273,9273,TRUE,TRUE
7981,16.5054662048817,24.5015672922134,404.409790908263,2347,7904,9273,9273,9273,9273,9273,9273,TRUE,TRUE
7982,37.5756705781365,48.0398501496371,1805.1295838458,1826,3700,9273,9273,9273,9273,9273,9273,TRUE,TRUE
7983,70.6325100865857,49.5956208623689,3503.06319081175,325,1916,9273,9273,9273,9273,9273,9273,TRUE,TRUE
7984,20.9362806514069,45.177651997451,945.852001390228,143,5810,9273,9273,9273,9273,9273,9273,TRUE,TRUE
7985,46.4886436215261,33.341378136379,1549.99544603266,4568,4171,9273,9273,9273,9273,9273,9273,TRUE,TRUE
7986,51.0199270868301,27.9381473755837,1425.40224204339,2811,4471,9273,9273,9273,9273,9273,9273,TRUE,TRUE
7987,104.294270079666,161.385030341148,16831.5339412148,8905,161,9273,9273,9273,9273,9273,9273,TRUE,TRUE
7988,38.4369280982018,21.4086408662796,822.882389657413,8578,6235,9273,9273,9273,9273,9273,9273,TRUE,TRUE
7989,87.7702886853899,81.7506791251046,7175.28070703711,3270,711,9273,9273,9273,9273,9273,9273,TRUE,TRUE
7990,19.9069496080989,23.5166574489503,468.144914787176,4624,7630,9273,9273,9273,9273,9273,9273,TRUE,TRUE
7991,177.953518750001,426.61450502577,75917.5523191258,2995,12,9273,9273,9273,9273,9273,9273,TRUE,TRUE
7992,22.4581974284926,167.514964632327,3762.08414793975,3105,1750,9273,9273,9273,9273,9273,9273,TRUE,TRUE
7993,28.1245191604705,67.5276472278544,1899.18260832128,4918,3524,9273,9273,9273,9273,9273,9273,TRUE,TRUE
7994,43.3617834368749,65.3881743897253,2835.34785721987,5381,2414,9273,9273,9273,9273,9273,9273,TRUE,TRUE
7995,24.8275492697051,35.1757997906569,873.328902403818,8613,6076,9273,9273,9273,9273,9273,9273,TRUE,TRUE
7996,45.8228683102412,53.7064945079662,2460.98562524323,3645,2793,9273,9273,9273,9273,9273,9273,TRUE,TRUE
7997,52.8766577974955,69.7329055786133,3687.2429855054,4509,1796,9273,9273,9273,9273,9273,9273,TRUE,TRUE
7998,14.1369660337463,38.9226746304345,550.24852919301,8720,7291,9273,9273,9273,9273,9273,9273,TRUE,TRUE
7999,86.2012383620487,168.757885285205,14547.1386949452,6300,214,9273,9273,9273,9273,9273,9273,TRUE,TRUE
8000,60.064538098945,72.4039990941032,4348.91276210374,7435,1457,9273,9273,9273,9273,9273,9273,TRUE,TRUE
8001,17.4752466640009,162.393819484633,2837.87205220321,901,2412,9273,9273,9273,9273,9273,9273,TRUE,TRUE
8002,4.01755925704693,18.6269019159777,74.8346822226416,1664,9138,9273,9273,9273,9273,9273,9273,TRUE,TRUE
8003,39.9777088165283,35.5295395851135,1420.38958791899,4739,4483,9273,9273,9273,9273,9273,9273,TRUE,TRUE
8004,62.27631825346,32.4008978215231,2017.80862443101,760,3341,9273,9273,9273,9273,9273,9273,TRUE,TRUE
8005,46.6065870507809,114.960402120755,5357.91198883376,7836,1101,9273,9273,9273,9273,9273,9273,TRUE,TRUE
8006,29.4828872864678,37.6717199575181,1110.67107339489,107,5338,9273,9273,9273,9273,9273,9273,TRUE,TRUE
8007,55.7411541880866,48.3873426576375,2697.16632783115,431,2530,9273,9273,9273,9273,9273,9273,TRUE,TRUE
8008,28.4776721838154,44.6932863283761,1272.76075687689,3110,4864,9273,9273,9273,9273,9273,9273,TRUE,TRUE
8009,34.4829727406703,110.797679828045,3820.63337323997,3138,1725,9273,9273,9273,9273,9273,9273,TRUE,TRUE
8010,55.1361995894333,120.258476767047,6630.59537734912,4187,797,9273,9273,9273,9273,9273,9273,TRUE,TRUE
8011,70.3300262129668,213.687211596605,15028.627192965,8989,201,9273,9273,9273,9273,9273,9273,TRUE,TRUE
8012,24.6387736808963,41.6984522633436,1027.39872816018,4229,5562,9273,9273,9273,9273,9273,9273,TRUE,TRUE
8013,50.5489588028345,66.7082136431311,3372.03074325732,3520,2019,9273,9273,9273,9273,9273,9273,TRUE,TRUE
8014,36.2281551388488,28.7332910669261,1040.9541264223,6111,5528,9273,9273,9273,9273,9273,9273,TRUE,TRUE
8015,40.2053178325452,70.2001347712467,2822.41873036548,8076,2423,9273,9273,9273,9273,9273,9273,TRUE,TRUE
8016,56.0291077260221,48.9959755372465,2745.20079151793,1407,2499,9273,9273,9273,9273,9273,9273,TRUE,TRUE
8017,12.305581445694,67.5097905826569,830.747226396628,2902,6209,9273,9273,9273,9273,9273,9273,TRUE,TRUE
8018,23.9841891212025,86.3900171477219,2071.99450945489,228,3271,9273,9273,9273,9273,9273,9273,TRUE,TRUE
8019,90.1384635669916,47.5465945718678,4285.77698255082,4709,1484,9273,9273,9273,9273,9273,9273,TRUE,TRUE
8020,15.2458776691096,47.497482028434,724.140800596234,5954,6599,9273,9273,9273,9273,9273,9273,TRUE,TRUE
8021,50.3169394665816,44.6986556428624,2249.09955021948,1432,3047,9273,9273,9273,9273,9273,9273,TRUE,TRUE
8022,24.6999475240707,13.7717970466614,340.162664364688,8781,8198,9273,9273,9273,9273,9273,9273,TRUE,TRUE
8023,33.4442327988049,27.8124527497725,930.166144469154,5328,5874,9273,9273,9273,9273,9273,9273,TRUE,TRUE
8024,43.8817700328597,38.9448852550553,1708.97049871844,6346,3871,9273,9273,9273,9273,9273,9273,TRUE,TRUE
8025,21.3017950528934,110.257674244696,2348.6863797692,4811,2936,9273,9273,9273,9273,9273,9273,TRUE,TRUE
8026,55.7484814305591,74.9760611576912,4179.80155318601,8808,1544,9273,9273,9273,9273,9273,9273,TRUE,TRUE
8027,27.1511115247169,80.8289179253367,2194.59496501301,5863,3121,9273,9273,9273,9273,9273,9273,TRUE,TRUE
8028,22.9162252042311,9.22561000255828,211.416156465032,9199,8708,9273,9273,9273,9273,9273,9273,TRUE,TRUE
8029,42.7223241132964,24.9323863747679,1065.16949162077,5907,5458,9273,9273,9273,9273,9273,9273,TRUE,TRUE
8030,40.9751177285002,41.4816893740639,1699.71710567934,7855,3887,9273,9273,9273,9273,9273,9273,TRUE,TRUE
8031,19.9188685184572,16.6396481816362,331.442964323396,5763,8239,9273,9273,9273,9273,9273,9273,TRUE,TRUE
8032,19.3818467595638,71.3316611795344,1382.53932608686,323,4588,9273,9273,9273,9273,9273,9273,TRUE,TRUE
8033,26.8064450037361,43.2754878242417,1160.06198437039,7395,5202,9273,9273,9273,9273,9273,9273,TRUE,TRUE
8034,70.9923558293796,73.4577164884474,5214.93634736154,5627,1135,9273,9273,9273,9273,9273,9273,TRUE,TRUE
8035,31.8318103713551,51.948149135195,1653.6036324144,1725,3962,9273,9273,9273,9273,9273,9273,TRUE,TRUE
8036,19.7139168562868,29.9306278081717,590.049908066764,2919,7129,9273,9273,9273,9273,9273,9273,TRUE,TRUE
8037,34.2555887644228,88.0917484258351,3017.6347076144,4537,2252,9273,9273,9273,9273,9273,9273,TRUE,TRUE
8038,59.8174483373132,91.8841703508941,5496.27661298149,9051,1066,9273,9273,9273,9273,9273,9273,TRUE,TRUE
8039,22.8035747775033,68.2337811761651,1555.97413140248,7393,4152,9273,9273,9273,9273,9273,9273,TRUE,TRUE
8040,238.169502321131,383.148267274744,91254.2321320296,6904,9,9273,9273,9273,9273,9273,9273,TRUE,TRUE
8041,30.8529563786148,72.2856642394871,2230.22644558009,459,3075,9273,9273,9273,9273,9273,9273,TRUE,TRUE
8042,425.246831383504,714.31469280619,303760.059726513,6590,6,9273,9273,9273,9273,9273,9273,TRUE,TRUE
8043,133.101587280718,189.196153329646,25182.3083155819,3447,66,9273,9273,9273,9273,9273,9273,TRUE,TRUE
8044,368.522563255439,387.246563378027,142709.09614793,3104,7,9273,9273,9273,9273,9273,9273,TRUE,TRUE
8045,195.535826501846,217.472143740654,42523.5953674571,8489,23,9273,9273,9273,9273,9273,9273,TRUE,TRUE
8046,76.2248615817806,143.976012204108,10974.5516013549,7460,348,9273,9273,9273,9273,9273,9273,TRUE,TRUE
8047,55.8573862171773,36.3430887138319,2030.02994261364,5634,3323,9273,9273,9273,9273,9273,9273,TRUE,TRUE
8048,21.3955791922279,41.0748487846319,878.820179980378,4414,6054,9273,9273,9273,9273,9273,9273,TRUE,TRUE
8049,97.144424200058,110.491356642568,10733.6192201255,6638,369,9273,9273,9273,9273,9273,9273,TRUE,TRUE
8050,72.2679203171884,111.247525843882,8039.62733317001,8649,597,9273,9273,9273,9273,9273,9273,TRUE,TRUE
8051,34.3163648925576,43.6623376584521,1498.3327111495,7195,4302,9273,9273,9273,9273,9273,9273,TRUE,TRUE
8052,23.6436268460983,42.8503163641808,1013.13689035195,8896,5606,9273,9273,9273,9273,9273,9273,TRUE,TRUE
8053,12.4663518227187,21.5779548235388,268.998376444964,2888,8482,9273,9273,9273,9273,9273,9273,TRUE,TRUE
8054,42.8723160207661,70.4578681568694,3020.69198977078,8924,2247,9273,9273,9273,9273,9273,9273,TRUE,TRUE
8055,44.2554222206737,48.5206014943677,2147.29970553429,3144,3176,9273,9273,9273,9273,9273,9273,TRUE,TRUE
8056,12.7429030197007,22.0014018217723,280.361729712311,7977,8441,9273,9273,9273,9273,9273,9273,TRUE,TRUE
8057,36.1666431074453,52.4818486474212,1898.09228965024,7137,3528,9273,9273,9273,9273,9273,9273,TRUE,TRUE
8058,13.4117320179939,34.5238094870926,463.024081081162,5765,7643,9273,9273,9273,9273,9273,9273,TRUE,TRUE
8059,27.5142475822826,41.0284405225589,1128.86667045264,1215,5281,9273,9273,9273,9273,9273,9273,TRUE,TRUE
8060,34.227555167809,61.0090373750037,2088.19019248786,5062,3250,9273,9273,9273,9273,9273,9273,TRUE,TRUE
8061,37.3821317878636,92.4907272692883,3457.50055593589,5345,1945,9273,9273,9273,9273,9273,9273,TRUE,TRUE
8062,68.2709445830314,150.640246750206,10284.3519378575,6639,397,9273,9273,9273,9273,9273,9273,TRUE,TRUE
8063,59.0244572282762,32.3431504234787,1909.03689879832,846,3508,9273,9273,9273,9273,9273,9273,TRUE,TRUE
8064,39.8294927001,62.9531497144699,2507.39201700078,225,2730,9273,9273,9273,9273,9273,9273,TRUE,TRUE
8065,31.6323294802146,69.0595049388481,2184.51301396615,2622,3134,9273,9273,9273,9273,9273,9273,TRUE,TRUE
8066,68.935404476975,101.165127567811,6973.85898785185,148,737,9273,9273,9273,9273,9273,9273,TRUE,TRUE
8067,47.3766625115041,38.8592717224293,1841.02260183637,709,3628,9273,9273,9273,9273,9273,9273,TRUE,TRUE
8068,26.0708138465881,21.9270303466103,571.655526374967,5240,7198,9273,9273,9273,9273,9273,9273,TRUE,TRUE
8069,24.9949028570327,23.1376255084651,578.322701926488,4796,7173,9273,9273,9273,9273,9273,9273,TRUE,TRUE
8070,22.0839576546739,84.5021271124119,1866.14139688037,5778,3591,9273,9273,9273,9273,9273,9273,TRUE,TRUE
8071,30.6240080325617,70.371162856366,2155.04705657406,8494,3163,9273,9273,9273,9273,9273,9273,TRUE,TRUE
8072,21.2198372038851,20.3829325096346,432.522509592224,4282,7769,9273,9273,9273,9273,9273,9273,TRUE,TRUE
8073,28.5244817905701,64.2646220372274,1833.11504107876,8677,3641,9273,9273,9273,9273,9273,9273,TRUE,TRUE
8074,14.6801860621943,35.5166380062652,521.390854235574,1639,7418,9273,9273,9273,9273,9273,9273,TRUE,TRUE
8075,36.2763638428279,105.497600829601,3827.06935224004,7908,1720,9273,9273,9273,9273,9273,9273,TRUE,TRUE
8076,14.4585682685241,26.2826779807285,380.009893863998,3170,8015,9273,9273,9273,9273,9273,9273,TRUE,TRUE
8077,78.3946104652003,89.5896887086567,7023.3487480137,2503,731,9273,9273,9273,9273,9273,9273,TRUE,TRUE
8078,127.039994485723,82.0200846390154,10419.8311002591,5851,390,9273,9273,9273,9273,9273,9273,TRUE,TRUE
8079,85.4725061201152,49.6342098204162,4242.3603026426,1343,1516,9273,9273,9273,9273,9273,9273,TRUE,TRUE
8080,57.694525600615,58.6582542669206,3384.26015249023,1208,2009,9273,9273,9273,9273,9273,9273,TRUE,TRUE
8081,9.66840902964274,7.94232988993327,76.7896940242323,6602,9134,9273,9273,9273,9273,9273,9273,TRUE,TRUE
8082,37.0447232591997,30.1620635045778,1117.34529545349,3948,5318,9273,9273,9273,9273,9273,9273,TRUE,TRUE
8083,33.9512896174091,29.5119080725363,1001.96733813303,3679,5628,9273,9273,9273,9273,9273,9273,TRUE,TRUE
8084,14.1952733892455,40.7743151728946,578.802551138501,6916,7169,9273,9273,9273,9273,9273,9273,TRUE,TRUE
8085,19.7492194907004,58.4208700596785,1153.76658564628,2413,5216,9273,9273,9273,9273,9273,9273,TRUE,TRUE
8086,36.5505936431885,55.6471889305115,2033.93778998486,8418,3319,9273,9273,9273,9273,9273,9273,TRUE,TRUE
8087,54.6413524065699,53.1049861907959,2901.72826499731,6263,2350,9273,9273,9273,9273,9273,9273,TRUE,TRUE
8088,24.351081987804,31.8788015692803,776.283310686477,8466,6398,9273,9273,9273,9273,9273,9273,TRUE,TRUE
8089,25.7899067706474,63.1694376605198,1629.13390801903,2349,4012,9273,9273,9273,9273,9273,9273,TRUE,TRUE
8090,13.8427698537373,47.1338930044474,652.463633171244,5585,6878,9273,9273,9273,9273,9273,9273,TRUE,TRUE
8091,101.392039326259,31.0201641446068,3145.19770285699,5167,2161,9273,9273,9273,9273,9273,9273,TRUE,TRUE
8092,15.6984844424508,29.1878186301752,458.20451667488,4829,7664,9273,9273,9273,9273,9273,9273,TRUE,TRUE
8093,101.827512502036,64.3309736074285,6550.66301927859,9040,807,9273,9273,9273,9273,9273,9273,TRUE,TRUE
8094,18.0678800104787,28.7897092059807,520.169011470233,8166,7423,9273,9273,9273,9273,9273,9273,TRUE,TRUE
8095,52.6448856535412,68.1929584583908,3590.01050041867,750,1863,9273,9273,9273,9273,9273,9273,TRUE,TRUE
8096,40.4957771583037,32.8384665619243,1329.8192241121,3785,4723,9273,9273,9273,9273,9273,9273,TRUE,TRUE
8097,11.7206413159605,23.1192035049689,270.971891792437,6556,8474,9273,9273,9273,9273,9273,9273,TRUE,TRUE
8098,21.7621364667434,46.6696669112804,1015.63166018074,484,5597,9273,9273,9273,9273,9273,9273,TRUE,TRUE
8099,13.6422653262104,58.674198286874,800.448980832216,2241,6308,9273,9273,9273,9273,9273,9273,TRUE,TRUE
8100,57.6382770927585,58.6679688834588,3381.52064697413,7150,2010,9273,9273,9273,9273,9273,9273,TRUE,TRUE
8101,13.0255045339243,41.6037444143153,541.909761496891,7089,7326,9273,9273,9273,9273,9273,9273,TRUE,TRUE
8102,21.5066658691236,21.4999438182564,462.392107904169,947,7645,9273,9273,9273,9273,9273,9273,TRUE,TRUE
8103,27.0157065000444,60.6290306187579,1637.93609657857,2435,3988,9273,9273,9273,9273,9273,9273,TRUE,TRUE
8104,16.8691386504681,26.024787293267,439.015745199062,2477,7739,9273,9273,9273,9273,9273,9273,TRUE,TRUE
8105,13.6053411256183,11.97596820918,162.937132795454,4391,8892,9273,9273,9273,9273,9273,9273,TRUE,TRUE
8106,43.4801105165482,42.9445564246178,1867.23405942652,3878,3590,9273,9273,9273,9273,9273,9273,TRUE,TRUE
8107,80.8485303144346,120.126846050394,9712.07895448269,2122,432,9273,9273,9273,9273,9273,9273,TRUE,TRUE
8108,12.6960354960242,10.8336672672006,137.544624176494,2359,8977,9273,9273,9273,9273,9273,9273,TRUE,TRUE
8109,27.5807492999604,149.231738386063,4115.92316402327,2755,1573,9273,9273,9273,9273,9273,9273,TRUE,TRUE
8110,79.284723442954,36.636241932173,2904.69430958149,653,2346,9273,9273,9273,9273,9273,9273,TRUE,TRUE
8111,57.4112871551514,29.4909775352478,1693.11497976223,4110,3900,9273,9273,9273,9273,9273,9273,TRUE,TRUE
8112,53.2075631813127,119.910244226456,6380.13189576578,8441,839,9273,9273,9273,9273,9273,9273,TRUE,TRUE
8113,30.4773210120924,17.9118812734431,545.90615550121,7404,7307,9273,9273,9273,9273,9273,9273,TRUE,TRUE
8114,10.8575239467621,30.4328451156616,330.425344611398,2367,8245,9273,9273,9273,9273,9273,9273,TRUE,TRUE
8115,27.7482655580095,128.782581027463,3573.49325759593,8881,1876,9273,9273,9273,9273,9273,9273,TRUE,TRUE
8116,115.08766529742,66.462121519219,7648.97039636034,8120,643,9273,9273,9273,9273,9273,9273,TRUE,TRUE
8117,20.7001441229473,33.1894524350311,687.026448766849,497,6745,9273,9273,9273,9273,9273,9273,TRUE,TRUE
8118,48.9237605875189,39.4802060127258,1931.52014691252,3008,3460,9273,9273,9273,9273,9273,9273,TRUE,TRUE
8119,40.6074998722627,82.4584968585235,3348.43340064946,2492,2031,9273,9273,9273,9273,9273,9273,TRUE,TRUE
8120,12.1697149853439,29.5411742050036,359.507670407287,9159,8116,9273,9273,9273,9273,9273,9273,TRUE,TRUE
8121,14.5578931531599,57.42304583299,835.958565765669,2358,6192,9273,9273,9273,9273,9273,9273,TRUE,TRUE
8122,30.3322318824562,34.3510948295299,1041.94537378554,2695,5522,9273,9273,9273,9273,9273,9273,TRUE,TRUE
8123,3.80703461220075,18.0003977101218,68.5281371158129,3444,9161,9273,9273,9273,9273,9273,9273,TRUE,TRUE
8124,23.7068383032084,32.8384621143341,778.496111470552,2964,6385,9273,9273,9273,9273,9273,9273,TRUE,TRUE
8125,42.1112411962973,101.535764292124,4275.79706015603,1668,1493,9273,9273,9273,9273,9273,9273,TRUE,TRUE
8126,56.1223303161183,110.512326961585,6202.20931774093,5480,888,9273,9273,9273,9273,9273,9273,TRUE,TRUE
8127,22.7389394323321,18.2002397140447,413.854148511589,373,7853,9273,9273,9273,9273,9273,9273,TRUE,TRUE
8128,46.2209194445956,54.9410516434822,2539.42592221475,8542,2704,9273,9273,9273,9273,9273,9273,TRUE,TRUE
8129,27.6848026752472,15.0191400527954,415.801928713543,3605,7841,9273,9273,9273,9273,9273,9273,TRUE,TRUE
8130,39.6763505881346,43.9070557546012,1742.07173741233,1634,3800,9273,9273,9273,9273,9273,9273,TRUE,TRUE
8131,28.044777103912,44.944954078142,1260.47121906705,6276,4897,9273,9273,9273,9273,9273,9273,TRUE,TRUE
8132,81.4422896147915,173.406404410823,14122.6146090859,6793,228,9273,9273,9273,9273,9273,9273,TRUE,TRUE
8133,88.4954081948414,116.364288406594,10297.7052018438,7018,395,9273,9273,9273,9273,9273,9273,TRUE,TRUE
8134,54.4352936870394,75.3216352211361,4100.15533425059,4632,1582,9273,9273,9273,9273,9273,9273,TRUE,TRUE
8135,23.1791027663255,25.4389354542201,589.651699159287,7625,7133,9273,9273,9273,9273,9273,9273,TRUE,TRUE
8136,37.3020082997779,60.2727931762735,2248.29623131215,1689,3050,9273,9273,9273,9273,9273,9273,TRUE,TRUE
8137,41.3781513928542,108.113861475024,4473.5517277796,7918,1406,9273,9273,9273,9273,9273,9273,TRUE,TRUE
8138,27.8178178609136,51.9428469807269,1444.93665648716,1016,4423,9273,9273,9273,9273,9273,9273,TRUE,TRUE
8139,9.80983819060065,35.0940538947262,344.266990159483,3063,8171,9273,9273,9273,9273,9273,9273,TRUE,TRUE
8140,40.6799936981053,94.6831361403261,3851.70938150531,3982,1708,9273,9273,9273,9273,9273,9273,TRUE,TRUE
8141,18.2993338306745,58.909919945399,1078.01229101917,4756,5422,9273,9273,9273,9273,9273,9273,TRUE,TRUE
8142,22.2698905801773,82.0452846574783,1827.13951194154,5695,3656,9273,9273,9273,9273,9273,9273,TRUE,TRUE
8143,46.2875259702697,113.930392788614,5273.55601500597,8921,1118,9273,9273,9273,9273,9273,9273,TRUE,TRUE
8144,26.2693026878825,107.647335399613,2827.82043715644,6871,2420,9273,9273,9273,9273,9273,9273,TRUE,TRUE
8145,41.0190383994972,110.188814603365,4519.83921741053,5768,1386,9273,9273,9273,9273,9273,9273,TRUE,TRUE
8146,70.9906168895532,127.809658503664,9073.28650161825,6038,489,9273,9273,9273,9273,9273,9273,TRUE,TRUE
8147,53.4822458465714,93.8307199866524,5018.27763428694,2664,1198,9273,9273,9273,9273,9273,9273,TRUE,TRUE
8148,27.4348783427422,64.142571283043,1759.74363974096,8387,3770,9273,9273,9273,9273,9273,9273,TRUE,TRUE
8149,14.7132565571567,122.630527691578,1804.2944156657,6379,3702,9273,9273,9273,9273,9273,9273,TRUE,TRUE
8150,86.7350899068047,247.356159533332,21454.4587361255,6050,103,9273,9273,9273,9273,9273,9273,TRUE,TRUE
8151,19.8765092448912,32.8224695984292,652.396120413338,3977,6879,9273,9273,9273,9273,9273,9273,TRUE,TRUE
8152,25.03003390082,138.253306619052,3460.48495157534,6456,1943,9273,9273,9273,9273,9273,9273,TRUE,TRUE
8153,9.99352268629436,21.7988653545138,217.84745545581,2617,8680,9273,9273,9273,9273,9273,9273,TRUE,TRUE
8154,49.9574911126753,39.6821866848078,1982.42248863781,6327,3387,9273,9273,9273,9273,9273,9273,TRUE,TRUE
8155,59.8557189806996,32.6317347456145,1953.19594478623,3017,3429,9273,9273,9273,9273,9273,9273,TRUE,TRUE
8156,48.433953295049,94.4764727292602,4575.86906764996,835,1358,9273,9273,9273,9273,9273,9273,TRUE,TRUE
8157,36.3710952539464,50.6457482852975,1842.04133509195,6019,3626,9273,9273,9273,9273,9273,9273,TRUE,TRUE
8158,38.9956993260006,53.899032713163,2101.83047364478,3668,3231,9273,9273,9273,9273,9273,9273,TRUE,TRUE
8159,40.6338903513309,113.563810397644,4614.53941957721,1550,1345,9273,9273,9273,9273,9273,9273,TRUE,TRUE
8160,33.9345380313988,30.5533134135182,1036.81257601628,5880,5542,9273,9273,9273,9273,9273,9273,TRUE,TRUE
8161,77.0087049852206,52.2954176579873,4027.20239050284,3211,1621,9273,9273,9273,9273,9273,9273,TRUE,TRUE
8162,23.188255390783,97.5953359528789,2263.06557502462,3460,3026,9273,9273,9273,9273,9273,9273,TRUE,TRUE
8163,19.1099708986111,34.5893924962662,661.002284004287,6887,6844,9273,9273,9273,9273,9273,9273,TRUE,TRUE
8164,16.9085353028854,50.0153938235853,845.687052153809,7325,6160,9273,9273,9273,9273,9273,9273,TRUE,TRUE
8165,34.6982057318968,65.4672992481905,2271.59781802537,7449,3018,9273,9273,9273,9273,9273,9273,TRUE,TRUE
8166,30.8028143310547,11.8371238708496,364.616728807476,5068,8094,9273,9273,9273,9273,9273,9273,TRUE,TRUE
8167,41.4451088297247,110.348626897793,4573.4108509897,6446,1361,9273,9273,9273,9273,9273,9273,TRUE,TRUE
8168,20.9805648957176,64.0500608449695,1343.80645813254,4729,4685,9273,9273,9273,9273,9273,9273,TRUE,TRUE
8169,34.3979454902892,101.261393248781,3483.18388524232,1341,1928,9273,9273,9273,9273,9273,9273,TRUE,TRUE
8170,47.0668049853723,54.5346793834569,2566.77311948097,6935,2673,9273,9273,9273,9273,9273,9273,TRUE,TRUE
8171,63.9021197624926,43.7317665343015,2794.5525825003,8139,2446,9273,9273,9273,9273,9273,9273,TRUE,TRUE
8172,33.4169181544382,67.3659469743655,2251.16233643859,8287,3043,9273,9273,9273,9273,9273,9273,TRUE,TRUE
8173,73.4513603304663,45.2770821067595,3325.6632725357,3314,2046,9273,9273,9273,9273,9273,9273,TRUE,TRUE
8174,52.2797851172777,29.8620987121875,1561.1841038241,341,4142,9273,9273,9273,9273,9273,9273,TRUE,TRUE
8175,17.6503421209626,43.7069658909814,771.442901045066,5658,6428,9273,9273,9273,9273,9273,9273,TRUE,TRUE
8176,11.5271852042178,80.6173367328781,929.290971190673,2882,5881,9273,9273,9273,9273,9273,9273,TRUE,TRUE
8177,20.1315242781931,27.2484849667063,548.553536651227,5596,7297,9273,9273,9273,9273,9273,9273,TRUE,TRUE
8178,17.1197086813415,24.1394767150503,413.260809081687,5418,7854,9273,9273,9273,9273,9273,9273,TRUE,TRUE
8179,20.7962512354697,11.3321188803642,235.665591266263,1103,8612,9273,9273,9273,9273,9273,9273,TRUE,TRUE
8180,39.9866816747875,7.3702864422224,294.713297817149,6827,8385,9273,9273,9273,9273,9273,9273,TRUE,TRUE
8181,67.012572492872,106.976503724144,7168.77071084816,1758,712,9273,9273,9273,9273,9273,9273,TRUE,TRUE
8182,20.6211754142648,55.6002557962248,1146.54262785194,5466,5237,9273,9273,9273,9273,9273,9273,TRUE,TRUE
8183,26.9904553844753,75.7581290549089,2044.74640226784,3713,3311,9273,9273,9273,9273,9273,9273,TRUE,TRUE
8184,70.2508335350955,83.1180454764624,5839.11197652945,6573,966,9273,9273,9273,9273,9273,9273,TRUE,TRUE
8185,20.4285219732084,43.0812227123662,880.085704812257,5247,6052,9273,9273,9273,9273,9273,9273,TRUE,TRUE
8186,84.3027753800154,67.0770556926727,5654.78195921217,4445,1018,9273,9273,9273,9273,9273,9273,TRUE,TRUE
8187,38.6253937600089,62.1965623355303,2402.36671072879,8778,2869,9273,9273,9273,9273,9273,9273,TRUE,TRUE
8188,80.3037744190382,78.4935650894607,6303.32954429015,2351,862,9273,9273,9273,9273,9273,9273,TRUE,TRUE
8189,55.6710439546937,41.2761455503145,2297.88611321189,662,2986,9273,9273,9273,9273,9273,9273,TRUE,TRUE
8190,46.9809442116664,56.3677933663588,2648.21215547964,6238,2586,9273,9273,9273,9273,9273,9273,TRUE,TRUE
8191,21.5393078350178,38.4707504898022,828.63333744401,361,6217,9273,9273,9273,9273,9273,9273,TRUE,TRUE
8192,76.5018413791704,151.553745480638,11594.1405971789,54,313,9273,9273,9273,9273,9273,9273,TRUE,TRUE
8193,48.7188757259399,48.4065008014441,2358.31029687316,8498,2922,9273,9273,9273,9273,9273,9273,TRUE,TRUE
8194,36.3023613943945,47.3012165263321,1717.14585673342,5115,3852,9273,9273,9273,9273,9273,9273,TRUE,TRUE
8195,11.4501149385928,34.1917869603666,391.499890652075,1478,7960,9273,9273,9273,9273,9273,9273,TRUE,TRUE
8196,38.2612455468306,59.7130972692028,2284.69747697875,7351,3008,9273,9273,9273,9273,9273,9273,TRUE,TRUE
8197,32.5767873733763,57.8461210462782,1884.44078569919,2215,3563,9273,9273,9273,9273,9273,9273,TRUE,TRUE
8198,17.5738375380233,29.721799695814,522.326079191904,8022,7415,9273,9273,9273,9273,9273,9273,TRUE,TRUE
8199,45.6090907120123,19.7906232897828,902.632332870968,7638,5967,9273,9273,9273,9273,9273,9273,TRUE,TRUE
8200,46.9651048905622,235.057642867456,11039.5068525984,9231,343,9273,9273,9273,9273,9273,9273,TRUE,TRUE
8201,12.8271145343781,95.1042940235138,1219.91367215078,4265,5011,9273,9273,9273,9273,9273,9273,TRUE,TRUE
8202,33.5876994650385,78.6379593264672,2641.2681444013,6078,2596,9273,9273,9273,9273,9273,9273,TRUE,TRUE
8203,56.8467577040196,60.0447812080383,3413.35112872422,6202,1979,9273,9273,9273,9273,9273,9273,TRUE,TRUE
8204,78.150977616245,134.906131125003,10543.0460338443,1612,382,9273,9273,9273,9273,9273,9273,TRUE,TRUE
8205,12.5955785754565,52.9419707478704,666.834752494319,941,6826,9273,9273,9273,9273,9273,9273,TRUE,TRUE
8206,40.9536205958523,109.76643966101,4495.33312403452,5813,1399,9273,9273,9273,9273,9273,9273,TRUE,TRUE
8207,30.0611219423595,31.2560739482279,939.592650397083,686,5839,9273,9273,9273,9273,9273,9273,TRUE,TRUE
8208,23.9147670564197,56.5490631103516,1352.35767154284,1147,4664,9273,9273,9273,9273,9273,9273,TRUE,TRUE
8209,26.1038869005261,35.0557964016693,915.092544477045,607,5927,9273,9273,9273,9273,9273,9273,TRUE,TRUE
8210,14.2151037656134,35.2812288169533,501.52632861134,7746,7498,9273,9273,9273,9273,9273,9273,TRUE,TRUE
8211,16.7620782325963,46.2580900192261,775.381723792749,5653,6405,9273,9273,9273,9273,9273,9273,TRUE,TRUE
8212,38.8071919199668,101.47633243611,3938.01150818246,7962,1667,9273,9273,9273,9273,9273,9273,TRUE,TRUE
8213,4.2457568053,19.6332579629864,83.3580386065598,2658,9114,9273,9273,9273,9273,9273,9273,TRUE,TRUE
8214,15.2080624836953,33.3444413991622,507.104348282375,7175,7474,9273,9273,9273,9273,9273,9273,TRUE,TRUE
8215,53.9721534741101,51.6335294695284,2786.77277693937,4663,2450,9273,9273,9273,9273,9273,9273,TRUE,TRUE
8216,33.0071453509043,31.7085713113261,1046.60942214245,4677,5513,9273,9273,9273,9273,9273,9273,TRUE,TRUE
8217,34.3376757664421,63.7624301361962,2189.45365209712,1992,3126,9273,9273,9273,9273,9273,9273,TRUE,TRUE
8218,29.1999014079971,56.293986851737,1643.7788659338,1542,3977,9273,9273,9273,9273,9273,9273,TRUE,TRUE
8219,22.3899715654921,21.4739202036716,480.800462759853,5142,7576,9273,9273,9273,9273,9273,9273,TRUE,TRUE
8220,86.1781434257646,91.1469252400808,7854.87279615712,968,619,9273,9273,9273,9273,9273,9273,TRUE,TRUE
8221,60.2360160329512,42.4686182290316,2558.14036854123,2171,2682,9273,9273,9273,9273,9273,9273,TRUE,TRUE
8222,14.9033962045241,48.9505875526218,729.530000740968,9114,6576,9273,9273,9273,9273,9273,9273,TRUE,TRUE
8223,48.9925753581779,33.1319412966387,1623.2191307383,1576,4027,9273,9273,9273,9273,9273,9273,TRUE,TRUE
8224,63.1853570554595,44.8042142551003,2830.97027529782,7264,2416,9273,9273,9273,9273,9273,9273,TRUE,TRUE
8225,33.5884428304285,45.0103210452613,1511.82659520799,8999,4274,9273,9273,9273,9273,9273,9273,TRUE,TRUE
8226,7.69457780739357,24.034134258073,184.932516082086,4045,8809,9273,9273,9273,9273,9273,9273,TRUE,TRUE
8227,31.4149074720782,49.0060847215874,1539.52161709749,5688,4198,9273,9273,9273,9273,9273,9273,TRUE,TRUE
8228,24.5751662371589,48.102436534694,1182.12537425249,295,5126,9273,9273,9273,9273,9273,9273,TRUE,TRUE
8229,86.4700221844209,181.848404473525,15724.4355690272,152,184,9273,9273,9273,9273,9273,9273,TRUE,TRUE
8230,32.1630894835566,100.199252222625,3222.71751542176,1401,2101,9273,9273,9273,9273,9273,9273,TRUE,TRUE
8231,27.1120124059181,44.3564957331305,1202.59386259969,1255,5068,9273,9273,9273,9273,9273,9273,TRUE,TRUE
8232,61.9283833003415,92.3280963008268,5717.72973710844,3145,999,9273,9273,9273,9273,9273,9273,TRUE,TRUE
8233,20.2181176085936,27.0282897586777,546.461141100093,1563,7305,9273,9273,9273,9273,9273,9273,TRUE,TRUE
8234,12.9281386882701,47.0993272821954,608.906635228445,3981,7060,9273,9273,9273,9273,9273,9273,TRUE,TRUE
8235,49.3776856464344,110.664389188473,5464.3514216031,4603,1072,9273,9273,9273,9273,9273,9273,TRUE,TRUE
8236,13.0350105456302,14.5823651765522,190.081283856589,3931,8788,9273,9273,9273,9273,9273,9273,TRUE,TRUE
8237,60.3231711895605,107.825665342849,6504.38606910493,4533,816,9273,9273,9273,9273,9273,9273,TRUE,TRUE
8238,39.4999139925113,31.5106165731275,1244.66664448954,3597,4939,9273,9273,9273,9273,9273,9273,TRUE,TRUE
8239,19.8183947156687,24.5798114870415,487.132406086917,8031,7546,9273,9273,9273,9273,9273,9273,TRUE,TRUE
8240,135.392038384655,228.024729136417,30872.7328798883,6013,46,9273,9273,9273,9273,9273,9273,TRUE,TRUE
8241,36.2411908866945,58.1915158279671,2108.92983310746,6119,3221,9273,9273,9273,9273,9273,9273,TRUE,TRUE
8242,30.0163994446779,24.0201885516827,720.999574303787,2911,6617,9273,9273,9273,9273,9273,9273,TRUE,TRUE
8243,17.6445060893514,55.5065622604966,979.385875804293,4502,5713,9273,9273,9273,9273,9273,9273,TRUE,TRUE
8244,14.3240632119805,45.4868070043699,651.555898841751,3141,6884,9273,9273,9273,9273,9273,9273,TRUE,TRUE
8245,11.3431698195636,37.4484328087419,424.783932826078,8114,7803,9273,9273,9273,9273,9273,9273,TRUE,TRUE
8246,34.7644839780825,102.359804399737,3558.4857800543,4789,1884,9273,9273,9273,9273,9273,9273,TRUE,TRUE
8247,34.7426005060023,61.6154874888333,2140.68226680712,8363,3189,9273,9273,9273,9273,9273,9273,TRUE,TRUE
8248,49.4409008026123,107.657004778898,5322.65929397987,5401,1110,9273,9273,9273,9273,9273,9273,TRUE,TRUE
8249,39.4812202192702,67.5501125803534,2666.96087062143,3471,2559,9273,9273,9273,9273,9273,9273,TRUE,TRUE
8250,13.8916820901112,63.0843270079604,876.347415663198,8992,6063,9273,9273,9273,9273,9273,9273,TRUE,TRUE
8251,30.445459923895,109.312844320515,3328.07982092723,6597,2045,9273,9273,9273,9273,9273,9273,TRUE,TRUE
8252,46.1505771160126,94.3574925925997,4354.65273836836,8689,1452,9273,9273,9273,9273,9273,9273,TRUE,TRUE
8253,36.1159093757394,108.134676450928,3905.38217507662,4687,1681,9273,9273,9273,9273,9273,9273,TRUE,TRUE
8254,85.0794768333435,18.137534403801,1543.13193812216,1445,4190,9273,9273,9273,9273,9273,9273,TRUE,TRUE
8255,49.8641735716454,55.4485607960778,2764.89665983355,8373,2475,9273,9273,9273,9273,9273,9273,TRUE,TRUE
8256,68.1531131383849,136.500911881284,9302.96209093786,6081,470,9273,9273,9273,9273,9273,9273,TRUE,TRUE
8257,20.5252539814892,20.3883975046571,418.477037058647,5811,7829,9273,9273,9273,9273,9273,9273,TRUE,TRUE
8258,76.3960354466982,204.039281992369,15587.7922196079,6185,186,9273,9273,9273,9273,9273,9273,TRUE,TRUE
8259,78.2103786075238,11.599615800012,907.210343420755,5391,5948,9273,9273,9273,9273,9273,9273,TRUE,TRUE
8260,34.8846213022868,32.1774960526249,1122.49976425165,9222,5302,9273,9273,9273,9273,9273,9273,TRUE,TRUE
8261,39.4775843892543,84.5778819912445,3338.93047377375,1592,2039,9273,9273,9273,9273,9273,9273,TRUE,TRUE
8262,105.913281383212,131.418510355268,13918.96566622,4574,237,9273,9273,9273,9273,9273,9273,TRUE,TRUE
8263,84.3665727214027,183.113209192768,15448.6338796111,3784,189,9273,9273,9273,9273,9273,9273,TRUE,TRUE
8264,37.0279457112576,38.2492557525635,1416.29136550193,4346,4496,9273,9273,9273,9273,9273,9273,TRUE,TRUE
8265,52.432262856589,29.4498493655272,1544.12224302027,290,4185,9273,9273,9273,9273,9273,9273,TRUE,TRUE
8266,25.933684434124,66.6849653157757,1729.38684699983,3754,3825,9273,9273,9273,9273,9273,9273,TRUE,TRUE
8267,11.6886124159526,68.1756208938302,796.878408844901,6069,6324,9273,9273,9273,9273,9273,9273,TRUE,TRUE
8268,53.8472829310694,74.0548158048469,3987.65061905182,2160,1637,9273,9273,9273,9273,9273,9273,TRUE,TRUE
8269,6.91842742443085,14.6372997546196,101.267096041975,9214,9061,9273,9273,9273,9273,9273,9273,TRUE,TRUE
8270,66.0111090431461,83.9998523020075,5544.92340991598,7790,1052,9273,9273,9273,9273,9273,9273,TRUE,TRUE
8271,20.2797386181819,53.3162728523722,1081.24007754177,5271,5419,9273,9273,9273,9273,9273,9273,TRUE,TRUE
8272,14.4148617213423,22.0774510773745,318.243404440053,5699,8302,9273,9273,9273,9273,9273,9273,TRUE,TRUE
8273,48.2836095969994,46.7645920206617,2257.96330408858,5426,3032,9273,9273,9273,9273,9273,9273,TRUE,TRUE
8274,13.7740526199341,37.4447450691095,515.765888921932,1720,7442,9273,9273,9273,9273,9273,9273,TRUE,TRUE
8275,28.9341595504857,35.080101471913,1015.01325303556,3962,5599,9273,9273,9273,9273,9273,9273,TRUE,TRUE
8276,88.1145614683014,135.720758190352,11958.9750900882,3814,297,9273,9273,9273,9273,9273,9273,TRUE,TRUE
8277,23.2882594303983,75.8858519271244,1767.24940677566,8567,3760,9273,9273,9273,9273,9273,9273,TRUE,TRUE
8278,40.1592196492588,46.5598572207432,1869.80753296595,174,3587,9273,9273,9273,9273,9273,9273,TRUE,TRUE
8279,70.5038477392758,66.7600223690856,4706.83845218065,2810,1313,9273,9273,9273,9273,9273,9273,TRUE,TRUE
8280,109.317303894689,12.5529884282874,1372.25885080161,9002,4618,9273,9273,9273,9273,9273,9273,TRUE,TRUE
8281,47.3434144055196,47.3307093686836,2240.7973877488,3058,3059,9273,9273,9273,9273,9273,9273,TRUE,TRUE
8282,54.2367458189688,35.0535507452103,1901.1905218203,5575,3521,9273,9273,9273,9273,9273,9273,TRUE,TRUE
8283,33.8875352954865,35.0277005290985,1187.00243799956,4978,5111,9273,9273,9273,9273,9273,9273,TRUE,TRUE
8284,39.7391355070017,65.8753716129368,2617.83031910059,1934,2618,9273,9273,9273,9273,9273,9273,TRUE,TRUE
8285,60.4984549940722,121.817452085859,7369.76764250886,4231,683,9273,9273,9273,9273,9273,9273,TRUE,TRUE
8286,61.2005230809601,80.3841820350835,4919.55398798223,4923,1228,9273,9273,9273,9273,9273,9273,TRUE,TRUE
8287,15.0776590966531,22.8068914456605,343.874534272043,4654,8172,9273,9273,9273,9273,9273,9273,TRUE,TRUE
8288,54.540767378953,63.5235435184167,3464.62281012477,5774,1939,9273,9273,9273,9273,9273,9273,TRUE,TRUE
8289,87.0858845398329,108.917427398901,9485.17050683636,2095,458,9273,9273,9273,9273,9273,9273,TRUE,TRUE
8290,75.03190969944,150.153208758831,11266.2820006738,4055,323,9273,9273,9273,9273,9273,9273,TRUE,TRUE
8291,31.4055442645195,40.6080035985784,1275.31645450892,3284,4855,9273,9273,9273,9273,9273,9273,TRUE,TRUE
8292,12.1624816207143,17.2573038819548,209.891641287357,3095,8718,9273,9273,9273,9273,9273,9273,TRUE,TRUE
8293,92.1887718962349,159.652419436979,14718.1604781577,7028,210,9273,9273,9273,9273,9273,9273,TRUE,TRUE
8294,34.8956292608729,73.7726492538775,2574.34301795572,7668,2661,9273,9273,9273,9273,9273,9273,TRUE,TRUE
8295,14.8005655266432,43.8301855302506,648.711532985401,8530,6893,9273,9273,9273,9273,9273,9273,TRUE,TRUE
8296,38.3365200763882,24.8638736658757,953.194391968624,6025,5789,9273,9273,9273,9273,9273,9273,TRUE,TRUE
8297,92.3918551981775,107.068916763764,9892.29585386343,4499,421,9273,9273,9273,9273,9273,9273,TRUE,TRUE
8298,47.9749070467342,100.24491381839,4809.24042234516,4563,1275,9273,9273,9273,9273,9273,9273,TRUE,TRUE
8299,16.3390291959047,15.6555449008942,255.796405213507,4004,8532,9273,9273,9273,9273,9273,9273,TRUE,TRUE
8300,41.0011089327974,77.5465366949937,3179.49399839261,6545,2128,9273,9273,9273,9273,9273,9273,TRUE,TRUE
8301,91.885378865534,75.8143222343408,6966.22772193609,2104,740,9273,9273,9273,9273,9273,9273,TRUE,TRUE
8302,10.7183737264457,43.437982484804,465.584530194933,8272,7638,9273,9273,9273,9273,9273,9273,TRUE,TRUE
8303,38.2115586012313,44.6759867066319,1707.13908410829,4688,3876,9273,9273,9273,9273,9273,9273,TRUE,TRUE
8304,24.0599845545324,68.6279791922591,1651.18811937453,101,3965,9273,9273,9273,9273,9273,9273,TRUE,TRUE
8305,31.5783158312105,60.4061093852945,1907.52320030348,6608,3510,9273,9273,9273,9273,9273,9273,TRUE,TRUE
8306,38.4480254077911,40.449851770401,1555.21692860976,6165,4153,9273,9273,9273,9273,9273,9273,TRUE,TRUE
8307,77.3238585559724,75.1631479869883,5811.9046235675,2985,971,9273,9273,9273,9273,9273,9273,TRUE,TRUE
8308,16.8540989386069,7.05205557797406,118.856042431729,8556,9026,9273,9273,9273,9273,9273,9273,TRUE,TRUE
8309,56.8675801510874,18.8409108864634,1071.43700995545,6325,5440,9273,9273,9273,9273,9273,9273,TRUE,TRUE
8310,29.3763101173002,47.8220630645752,1404.83575503405,3188,4520,9273,9273,9273,9273,9273,9273,TRUE,TRUE
8311,22.1462934598944,37.9790520117434,841.095231180659,7181,6178,9273,9273,9273,9273,9273,9273,TRUE,TRUE
8312,11.0670966338488,36.8365932851056,407.674137548049,4429,7889,9273,9273,9273,9273,9273,9273,TRUE,TRUE
8313,57.1119663789657,51.5541593751556,2944.35941692973,2665,2319,9273,9273,9273,9273,9273,9273,TRUE,TRUE
8314,30.1160919397108,58.0256649371117,1747.50626010891,6161,3789,9273,9273,9273,9273,9273,9273,TRUE,TRUE
8315,51.3054150322736,51.1712203591557,2625.36069823441,4000,2610,9273,9273,9273,9273,9273,9273,TRUE,TRUE
8316,18.5644396838633,29.2869635924552,543.696069135634,8878,7316,9273,9273,9273,9273,9273,9273,TRUE,TRUE
8317,64.7145342636616,58.4747206200945,3784.16431112714,3944,1740,9273,9273,9273,9273,9273,9273,TRUE,TRUE
8318,45.4993175262524,47.1723602620346,2146.31019802508,4627,3178,9273,9273,9273,9273,9273,9273,TRUE,TRUE
8319,6.0853409227572,19.8424137893476,120.747852638599,6767,9023,9273,9273,9273,9273,9273,9273,TRUE,TRUE
8320,19.0113232930501,49.3284389919705,937.798901217851,8444,5844,9273,9273,9273,9273,9273,9273,TRUE,TRUE
8321,29.7478743926766,62.3938695253785,1856.08499351401,7730,3606,9273,9273,9273,9273,9273,9273,TRUE,TRUE
8322,90.1955217138513,107.279503000763,9676.13074235651,1196,437,9273,9273,9273,9273,9273,9273,TRUE,TRUE
8323,41.0381950017048,118.205663730211,4850.94707846634,7119,1257,9273,9273,9273,9273,9273,9273,TRUE,TRUE
8324,20.5154714574718,78.9192633195357,1619.06589407663,8338,4034,9273,9273,9273,9273,9273,9273,TRUE,TRUE
8325,20.3319917660134,23.6259827582665,480.363286905047,3160,7577,9273,9273,9273,9273,9273,9273,TRUE,TRUE
8326,29.2826375627518,21.1540836644173,619.447364917259,2885,7017,9273,9273,9273,9273,9273,9273,TRUE,TRUE
8327,33.6933463811874,12.8044564056396,431.424984898031,2360,7774,9273,9273,9273,9273,9273,9273,TRUE,TRUE
8328,6.4132474569174,63.2309537017262,405.515753026057,2739,7898,9273,9273,9273,9273,9273,9273,TRUE,TRUE
8329,35.2097718906098,60.9972024192445,2147.69758314695,2761,3174,9273,9273,9273,9273,9273,9273,TRUE,TRUE
8330,23.8432155814251,75.2402792616264,1793.97019884158,9132,3722,9273,9273,9273,9273,9273,9273,TRUE,TRUE
8331,26.3872130329599,70.0206147527896,1847.64887818067,3037,3615,9273,9273,9273,9273,9273,9273,TRUE,TRUE
8332,19.6956189412337,23.7427996672117,467.629134843452,2182,7632,9273,9273,9273,9273,9273,9273,TRUE,TRUE
8333,53.6489798655877,31.0777577345188,1667.28999896681,1631,3944,9273,9273,9273,9273,9273,9273,TRUE,TRUE
8334,92.1103555444967,74.9582848521796,6904.43426873992,518,750,9273,9273,9273,9273,9273,9273,TRUE,TRUE
8335,66.4549014437489,136.376718183843,9062.90136612922,9073,490,9273,9273,9273,9273,9273,9273,TRUE,TRUE
8336,23.8815484903297,37.5504527189294,896.762957440943,5382,5985,9273,9273,9273,9273,9273,9273,TRUE,TRUE
8337,9.46867951510245,63.5600488629258,601.829732647296,6232,7087,9273,9273,9273,9273,9273,9273,TRUE,TRUE
8338,24.6333685159683,12.7280950069427,313.535854812277,9192,8324,9273,9273,9273,9273,9273,9273,TRUE,TRUE
8339,34.1844035409532,44.9950245983196,1538.12807820407,4001,4205,9273,9273,9273,9273,9273,9273,TRUE,TRUE
8340,55.4073601584848,108.585559139276,6016.43918324034,6100,931,9273,9273,9273,9273,9273,9273,TRUE,TRUE
8341,47.8999572997818,82.9730080635317,3974.40354327762,4274,1642,9273,9273,9273,9273,9273,9273,TRUE,TRUE
8342,24.7548621783546,53.1650135876788,1316.09258407334,8952,4750,9273,9273,9273,9273,9273,9273,TRUE,TRUE
8343,14.602892314488,46.3734596720282,677.186637840881,4604,6780,9273,9273,9273,9273,9273,9273,TRUE,TRUE
8344,39.380329072865,48.6163023468716,1914.5259847257,3535,3495,9273,9273,9273,9273,9273,9273,TRUE,TRUE
8345,20.5277994560699,12.9137054483096,265.089955677656,1430,8495,9273,9273,9273,9273,9273,9273,TRUE,TRUE
8346,43.7986913170513,97.3391681869677,4263.32818047954,6515,1501,9273,9273,9273,9273,9273,9273,TRUE,TRUE
8347,40.7535358061965,58.8290855272902,2397.49324348222,5143,2877,9273,9273,9273,9273,9273,9273,TRUE,TRUE
8348,22.020794307248,25.4919196380658,561.352318846742,1249,7242,9273,9273,9273,9273,9273,9273,TRUE,TRUE
8349,43.6513042818932,10.1370017187936,442.493346533134,8502,7724,9273,9273,9273,9273,9273,9273,TRUE,TRUE
8350,30.041701885506,66.1294522885923,1986.64129150568,3734,3383,9273,9273,9273,9273,9273,9273,TRUE,TRUE
8351,14.7099172867061,16.6369249937964,244.727790563879,672,8578,9273,9273,9273,9273,9273,9273,TRUE,TRUE
8352,17.3639040002492,14.3154128601192,248.571454627042,1278,8556,9273,9273,9273,9273,9273,9273,TRUE,TRUE
8353,25.8312664920711,29.9726007488893,774.230237405011,5991,6413,9273,9273,9273,9273,9273,9273,TRUE,TRUE
8354,33.1655385885082,37.5165596614119,1244.25690715863,9111,4942,9273,9273,9273,9273,9273,9273,TRUE,TRUE
8355,88.6986659387999,110.347595576999,9787.68451723399,7381,425,9273,9273,9273,9273,9273,9273,TRUE,TRUE
8356,86.7638969053173,30.4687814270668,2643.59021056867,305,2591,9273,9273,9273,9273,9273,9273,TRUE,TRUE
8357,11.3897298732171,36.570725617042,416.530686045647,597,7839,9273,9273,9273,9273,9273,9273,TRUE,TRUE
8358,51.4688919645089,52.5278668220227,2703.5511025888,7712,2525,9273,9273,9273,9273,9273,9273,TRUE,TRUE
8359,39.1760746897483,18.7544478786235,734.725650857946,3042,6558,9273,9273,9273,9273,9273,9273,TRUE,TRUE
8360,16.1799838020507,41.1812171993028,666.311427233451,6646,6829,9273,9273,9273,9273,9273,9273,TRUE,TRUE
8361,28.2324513456514,17.839855813211,503.662861259916,2957,7490,9273,9273,9273,9273,9273,9273,TRUE,TRUE
8362,13.1377914571762,22.9105516910553,300.99405028594,5844,8365,9273,9273,9273,9273,9273,9273,TRUE,TRUE
8363,23.1289118605775,14.2819102336834,330.325042995543,8411,8247,9273,9273,9273,9273,9273,9273,TRUE,TRUE
8364,46.4170555634932,35.0137970404191,1625.23736271401,5069,4023,9273,9273,9273,9273,9273,9273,TRUE,TRUE
8365,13.1011946828742,31.3736194058468,411.031895742399,8362,7867,9273,9273,9273,9273,9273,9273,TRUE,TRUE
8366,21.1935751036594,57.3969672353644,1216.44693582497,1876,5025,9273,9273,9273,9273,9273,9273,TRUE,TRUE
8367,26.0663526317052,61.7493938446045,1609.5814747475,3216,4056,9273,9273,9273,9273,9273,9273,TRUE,TRUE
8368,12.9185547380736,48.9066970131614,631.803842422908,2354,6956,9273,9273,9273,9273,9273,9273,TRUE,TRUE
8369,29.4409468749061,87.1904831555621,2566.9703825803,6864,2672,9273,9273,9273,9273,9273,9273,TRUE,TRUE
8370,55.372730906967,101.772564540434,5635.42483000937,9048,1025,9273,9273,9273,9273,9273,9273,TRUE,TRUE
8371,37.5801491635186,83.3144244892257,3130.96849977781,3075,2173,9273,9273,9273,9273,9273,9273,TRUE,TRUE
8372,27.6401093051665,49.6748984654745,1373.01962330876,5393,4616,9273,9273,9273,9273,9273,9273,TRUE,TRUE
8373,14.6287470788372,22.4429867316266,328.312776590664,8501,8255,9273,9273,9273,9273,9273,9273,TRUE,TRUE
8374,13.6981496286392,36.0713926696777,494.111334102646,6667,7524,9273,9273,9273,9273,9273,9273,TRUE,TRUE
8375,45.4551250809117,23.8707435340212,1085.0476331133,2075,5410,9273,9273,9273,9273,9273,9273,TRUE,TRUE
8376,30.120575135754,20.5702061037863,619.586438507042,6076,7015,9273,9273,9273,9273,9273,9273,TRUE,TRUE
8377,32.4292828603224,47.2768166198059,1533.15325889928,7717,4218,9273,9273,9273,9273,9273,9273,TRUE,TRUE
8378,24.495396701521,48.2662277096196,1182.30039503308,4156,5125,9273,9273,9273,9273,9273,9273,TRUE,TRUE
8379,11.8395510792732,38.2097210025787,452.38594353481,927,7685,9273,9273,9273,9273,9273,9273,TRUE,TRUE
8380,50.378042218059,127.930144987925,6444.8702451641,5129,823,9273,9273,9273,9273,9273,9273,TRUE,TRUE
8381,81.3511334940874,11.3498163618436,923.320425985712,1418,5900,9273,9273,9273,9273,9273,9273,TRUE,TRUE
8382,16.2680234410669,34.8404590423498,566.785404398476,9115,7219,9273,9273,9273,9273,9273,9273,TRUE,TRUE
8383,33.1552061653137,23.7506042861939,787.456181659541,1848,6353,9273,9273,9273,9273,9273,9273,TRUE,TRUE
8384,29.8666258215379,18.9743934181818,566.701108411489,1595,7220,9273,9273,9273,9273,9273,9273,TRUE,TRUE
8385,20.9410382233817,44.561453473979,933.16310048804,8180,5865,9273,9273,9273,9273,9273,9273,TRUE,TRUE
8386,39.2395457633336,27.9932998657227,1098.44437114775,1873,5376,9273,9273,9273,9273,9273,9273,TRUE,TRUE
8387,8.44269329439039,41.4492748094642,349.943514491208,6176,8148,9273,9273,9273,9273,9273,9273,TRUE,TRUE
8388,78.7919480288268,73.3195757660961,5776.99220325787,6457,984,9273,9273,9273,9273,9273,9273,TRUE,TRUE
8389,51.7162621872388,108.422918704555,5607.22809083045,2598,1032,9273,9273,9273,9273,9273,9273,TRUE,TRUE
8390,26.4029322211919,38.4288149837844,1014.63339735758,7494,5601,9273,9273,9273,9273,9273,9273,TRUE,TRUE
8391,41.7726565113137,59.9460535083867,2504.10590241467,3241,2735,9273,9273,9273,9273,9273,9273,TRUE,TRUE
8392,23.1528878059963,33.5713866733065,777.274549138785,6770,6395,9273,9273,9273,9273,9273,9273,TRUE,TRUE
8393,28.4619662477635,23.4823389947414,668.353539886871,4511,6819,9273,9273,9273,9273,9273,9273,TRUE,TRUE
8394,57.2984310521724,98.6562011825277,5652.84554132632,537,1019,9273,9273,9273,9273,9273,9273,TRUE,TRUE
8395,41.7044929847585,46.5345921153428,1940.70157042291,9067,3445,9273,9273,9273,9273,9273,9273,TRUE,TRUE
8396,5.86767674723397,10.652854675832,62.5075076730421,1409,9175,9273,9273,9273,9273,9273,9273,TRUE,TRUE
8397,69.7011467783075,56.1822242611333,3915.96545955704,8998,1676,9273,9273,9273,9273,9273,9273,TRUE,TRUE
8398,23.5380212485072,49.0823330936662,1155.30099928502,5484,5212,9273,9273,9273,9273,9273,9273,TRUE,TRUE
8399,15.1990805088088,12.3827509399532,188.206428456877,1908,8798,9273,9273,9273,9273,9273,9273,TRUE,TRUE
8400,19.5458771177319,80.5783392144804,1574.97431663715,1389,4120,9273,9273,9273,9273,9273,9273,TRUE,TRUE
8401,46.3184802935157,30.8342449430009,1428.19536675782,4207,4464,9273,9273,9273,9273,9273,9273,TRUE,TRUE
8402,25.2341586191706,101.07918815078,2550.64826689378,7447,2690,9273,9273,9273,9273,9273,9273,TRUE,TRUE
8403,12.8603813076019,65.9314693450928,847.903835948361,4068,6154,9273,9273,9273,9273,9273,9273,TRUE,TRUE
8404,39.3097000833936,38.0274095806465,1494.84606556358,4096,4311,9273,9273,9273,9273,9273,9273,TRUE,TRUE
8405,25.2436544418335,26.2198610305786,661.885111368823,7806,6841,9273,9273,9273,9273,9273,9273,TRUE,TRUE
8406,21.8084488345268,82.8569777388322,1806.98215960085,6400,3695,9273,9273,9273,9273,9273,9273,TRUE,TRUE
8407,48.8424989577595,84.6205135038185,4133.07734261533,1912,1564,9273,9273,9273,9273,9273,9273,TRUE,TRUE
8408,28.1689957626841,32.1268490184437,904.981073868934,3723,5956,9273,9273,9273,9273,9273,9273,TRUE,TRUE
8409,11.3332799117984,19.237879381835,218.028271943751,4272,8679,9273,9273,9273,9273,9273,9273,TRUE,TRUE
8410,27.0745065938859,18.3890592938378,497.874707106369,1731,7507,9273,9273,9273,9273,9273,9273,TRUE,TRUE
8411,15.8184104187544,19.0625304510427,301.538930294597,1745,8363,9273,9273,9273,9273,9273,9273,TRUE,TRUE
8412,21.9045394338943,41.2248495949639,903.01134360925,6223,5963,9273,9273,9273,9273,9273,9273,TRUE,TRUE
8413,112.045093918336,130.319913648671,14601.7069641949,1372,213,9273,9273,9273,9273,9273,9273,TRUE,TRUE
8414,42.2761916255951,32.6602620840073,1380.75149840565,2594,4597,9273,9273,9273,9273,9273,9273,TRUE,TRUE
8415,16.1185649126647,88.1174765521216,1420.32726574559,1348,4484,9273,9273,9273,9273,9273,9273,TRUE,TRUE
8416,148.52895607641,150.124553644003,22297.8432341808,5413,94,9273,9273,9273,9273,9273,9273,TRUE,TRUE
8417,18.9521604168415,60.2928986930847,1142.68068802772,7217,5246,9273,9273,9273,9273,9273,9273,TRUE,TRUE
8418,18.4533887566709,19.8498439439231,366.296887056463,5519,8086,9273,9273,9273,9273,9273,9273,TRUE,TRUE
8419,30.7806454373849,47.1691862011874,1451.89799602874,495,4413,9273,9273,9273,9273,9273,9273,TRUE,TRUE
8420,83.3544103489513,73.030003807608,6087.37290516483,1933,919,9273,9273,9273,9273,9273,9273,TRUE,TRUE
8421,51.566810082142,135.93180757749,7009.56970547071,1180,734,9273,9273,9273,9273,9273,9273,TRUE,TRUE
8422,20.4260433449077,40.0620793073605,818.309768419278,7144,6244,9273,9273,9273,9273,9273,9273,TRUE,TRUE
8423,14.757824754715,45.2228659248352,667.391130224689,4916,6822,9273,9273,9273,9273,9273,9273,TRUE,TRUE
8424,10.5886412366665,56.0904408412582,593.921554874551,5289,7116,9273,9273,9273,9273,9273,9273,TRUE,TRUE
8425,25.4128141897481,43.2910226961462,1100.14671586133,7352,5372,9273,9273,9273,9273,9273,9273,TRUE,TRUE
8426,8.16633896764956,10.0485038088079,82.059488220443,4010,9117,9273,9273,9273,9273,9273,9273,TRUE,TRUE
8427,48.5992484314497,106.915924589763,5196.03358041605,2698,1143,9273,9273,9273,9273,9273,9273,TRUE,TRUE
8428,22.8983464802957,18.1536005514639,415.687435292309,326,7842,9273,9273,9273,9273,9273,9273,TRUE,TRUE
8429,27.9759571067,68.896857506406,1927.45553038564,921,3470,9273,9273,9273,9273,9273,9273,TRUE,TRUE
8430,19.1236200703913,49.307581704732,942.939459111069,5269,5817,9273,9273,9273,9273,9273,9273,TRUE,TRUE
8431,14.363291337755,13.6049063682556,195.411233790134,339,8767,9273,9273,9273,9273,9273,9273,TRUE,TRUE
8432,30.1004762141431,43.0929173387465,1297.11733335297,4676,4796,9273,9273,9273,9273,9273,9273,TRUE,TRUE
8433,34.5869336371874,13.4775283098801,466.146377247138,4108,7637,9273,9273,9273,9273,9273,9273,TRUE,TRUE
8434,22.7744549227305,32.9574873601529,750.588810250262,889,6510,9273,9273,9273,9273,9273,9273,TRUE,TRUE
8435,48.1668488907759,67.8322119745867,3267.263904107,5591,2077,9273,9273,9273,9273,9273,9273,TRUE,TRUE
8436,9.83418620801439,2.69536094104542,26.5066813920496,4284,9222,9273,9273,9273,9273,9273,9273,TRUE,TRUE
8437,69.137731892722,33.0021033712796,2281.69057477942,1914,3010,9273,9273,9273,9273,9273,9273,TRUE,TRUE
8438,39.8196837997437,85.039283089271,3386.23736317166,5853,2007,9273,9273,9273,9273,9273,9273,TRUE,TRUE
8439,40.1841928993783,32.1368642248758,1291.39395119354,3610,4811,9273,9273,9273,9273,9273,9273,TRUE,TRUE
8440,78.7481873349315,76.5538723141539,6028.47867820942,6244,929,9273,9273,9273,9273,9273,9273,TRUE,TRUE
8441,15.046320912838,23.9288046360016,360.040473613885,8056,8112,9273,9273,9273,9273,9273,9273,TRUE,TRUE
8442,11.22547961992,35.5815678113245,399.420164310824,25,7923,9273,9273,9273,9273,9273,9273,TRUE,TRUE
8443,107.221146959195,203.603549895527,21830.6061447621,3408,99,9273,9273,9273,9273,9273,9273,TRUE,TRUE
8444,15.5686950708047,20.1821689996964,314.21003502372,880,8320,9273,9273,9273,9273,9273,9273,TRUE,TRUE
8445,24.4064234532922,19.2706722695364,470.328187639919,9027,7625,9273,9273,9273,9273,9273,9273,TRUE,TRUE
8446,49.317822123603,53.0001145095276,2613.85021991147,1614,2623,9273,9273,9273,9273,9273,9273,TRUE,TRUE
8447,64.9384431526878,45.2749541161277,2940.08503411071,4072,2323,9273,9273,9273,9273,9273,9273,TRUE,TRUE
8448,66.3553975729343,73.5168182915026,4878.23770602982,3484,1243,9273,9273,9273,9273,9273,9273,TRUE,TRUE
8449,38.801089683446,70.44417775761,2733.31085884964,5647,2510,9273,9273,9273,9273,9273,9273,TRUE,TRUE
8450,24.1597804924876,54.7570113398365,1322.91737439511,1157,4740,9273,9273,9273,9273,9273,9273,TRUE,TRUE
8451,37.5880887167794,85.3691135134016,3208.86181241455,2543,2111,9273,9273,9273,9273,9273,9273,TRUE,TRUE
8452,18.2880265952418,43.1812073692443,789.699068783391,3255,6346,9273,9273,9273,9273,9273,9273,TRUE,TRUE
8453,20.0212482763373,77.3092402167942,1547.82749243544,1539,4175,9273,9273,9273,9273,9273,9273,TRUE,TRUE
8454,12.6495650982857,16.1137713956833,203.832200248589,1026,8743,9273,9273,9273,9273,9273,9273,TRUE,TRUE
8455,57.1307784789648,28.5109228500953,1628.85121757965,7970,4013,9273,9273,9273,9273,9273,9273,TRUE,TRUE
8456,38.5768045595297,72.6084535880191,2801.0021234347,7785,2436,9273,9273,9273,9273,9273,9273,TRUE,TRUE
8457,25.67640868783,43.1354774832726,1107.56414880519,4005,5348,9273,9273,9273,9273,9273,9273,TRUE,TRUE
8458,19.1185981202126,30.3437670898438,580.130288444054,5389,7167,9273,9273,9273,9273,9273,9273,TRUE,TRUE
8459,40.5787253866804,58.2025465173924,2361.78515193476,6470,2916,9273,9273,9273,9273,9273,9273,TRUE,TRUE
8460,95.4731494682739,192.032101371513,18333.9095169492,3119,142,9273,9273,9273,9273,9273,9273,TRUE,TRUE
8461,42.8581970952257,57.4420200847782,2461.86141834134,2267,2792,9273,9273,9273,9273,9273,9273,TRUE,TRUE
8462,13.6832883444475,17.2785466199094,236.427335573199,4042,8611,9273,9273,9273,9273,9273,9273,TRUE,TRUE
8463,83.2148521351365,115.232059509606,9589.01879331914,5130,447,9273,9273,9273,9273,9273,9273,TRUE,TRUE
8464,10.9702776682746,57.4207079533449,629.921110157095,4685,6964,9273,9273,9273,9273,9273,9273,TRUE,TRUE
8465,26.2073135830806,18.2422927680382,478.081487046341,1429,7592,9273,9273,9273,9273,9273,9273,TRUE,TRUE
8466,28.017677708676,13.063043544167,365.996143914871,3254,8088,9273,9273,9273,9273,9273,9273,TRUE,TRUE
8467,109.649353558677,188.812047222682,20703.1189220574,759,109,9273,9273,9273,9273,9273,9273,TRUE,TRUE
8468,40.427011353629,65.9101662847209,2664.55104071199,1400,2563,9273,9273,9273,9273,9273,9273,TRUE,TRUE
8469,59.6282432245896,36.5724004928722,2180.74799189608,3125,3136,9273,9273,9273,9273,9273,9273,TRUE,TRUE
8470,31.697782082193,58.5563990022913,1856.10797509257,6011,3605,9273,9273,9273,9273,9273,9273,TRUE,TRUE
8471,22.412486152256,20.0312361235029,448.94980223058,3296,7699,9273,9273,9273,9273,9273,9273,TRUE,TRUE
8472,34.9946172552289,25.5762582005195,895.031366548088,616,5997,9273,9273,9273,9273,9273,9273,TRUE,TRUE
8473,35.9065245555135,24.6267049839434,884.25938722735,3796,6038,9273,9273,9273,9273,9273,9273,TRUE,TRUE
8474,20.9696635050688,65.6906093723046,1377.50997398015,8097,4604,9273,9273,9273,9273,9273,9273,TRUE,TRUE
8475,11.5220265821977,7.61114306642552,87.6957927322646,2224,9097,9273,9273,9273,9273,9273,9273,TRUE,TRUE
8476,34.936560724395,31.81008572414,1111.33499154963,7958,5336,9273,9273,9273,9273,9273,9273,TRUE,TRUE
8477,11.8396643602971,8.41103986120716,99.5838888777726,1860,9069,9273,9273,9273,9273,9273,9273,TRUE,TRUE
8478,19.8709716029551,58.2956066058513,1158.39034344191,1931,5205,9273,9273,9273,9273,9273,9273,TRUE,TRUE
8479,36.4205331425124,22.9427749537214,835.588095583214,2809,6194,9273,9273,9273,9273,9273,9273,TRUE,TRUE
8480,57.5792590937811,51.4653408857767,2963.3361972119,4727,2302,9273,9273,9273,9273,9273,9273,TRUE,TRUE
8481,27.5196957674371,68.225678406566,1877.5499132757,7498,3574,9273,9273,9273,9273,9273,9273,TRUE,TRUE
8482,14.9336497828404,14.3455416433933,214.231294847588,8053,8693,9273,9273,9273,9273,9273,9273,TRUE,TRUE
8483,47.9241284656525,15.4264398527145,739.298685269152,1874,6541,9273,9273,9273,9273,9273,9273,TRUE,TRUE
8484,58.6827185871692,53.7133791372438,3152.0471122768,5570,2154,9273,9273,9273,9273,9273,9273,TRUE,TRUE
8485,16.0152383516675,33.5361760058384,537.089852136973,5821,7354,9273,9273,9273,9273,9273,9273,TRUE,TRUE
8486,41.1665841460228,17.0556272268295,702.121913396475,6511,6695,9273,9273,9273,9273,9273,9273,TRUE,TRUE
8487,106.7176609289,123.926811669324,13225.1794677266,8937,255,9273,9273,9273,9273,9273,9273,TRUE,TRUE
8488,8.53938104261955,47.5606335222721,406.138372275066,6506,7896,9273,9273,9273,9273,9273,9273,TRUE,TRUE
8489,12.3264518377077,30.2176662850256,372.476608110292,9193,8045,9273,9273,9273,9273,9273,9273,TRUE,TRUE
8490,9.00742929122027,26.9685694610371,242.917482505654,5474,8586,9273,9273,9273,9273,9273,9273,TRUE,TRUE
8491,8.12576516591586,19.3466945794913,157.206696889643,65,8912,9273,9273,9273,9273,9273,9273,TRUE,TRUE
8492,15.1495931975696,37.5954750605992,569.556153237449,769,7212,9273,9273,9273,9273,9273,9273,TRUE,TRUE
8493,30.7252957988793,51.4680668871168,1581.37157930317,1975,4103,9273,9273,9273,9273,9273,9273,TRUE,TRUE
8494,21.5375611209869,17.106552324295,368.433416253866,635,8071,9273,9273,9273,9273,9273,9273,TRUE,TRUE
8495,30.3252187936047,30.6713438141212,930.1152118571,8345,5875,9273,9273,9273,9273,9273,9273,TRUE,TRUE
8496,32.3055421227501,41.3359799203419,1335.38124050175,1545,4709,9273,9273,9273,9273,9273,9273,TRUE,TRUE
8497,4.62084739066694,12.5421093065445,57.9551730626056,4393,9185,9273,9273,9273,9273,9273,9273,TRUE,TRUE
8498,14.5442232107107,23.4246645843556,340.693550350896,1460,8193,9273,9273,9273,9273,9273,9273,TRUE,TRUE
8499,14.742550333341,12.4052638506544,182.885226716647,78,8815,9273,9273,9273,9273,9273,9273,TRUE,TRUE
8500,23.9675994873047,50.5305354595184,1211.09563577279,2874,5049,9273,9273,9273,9273,9273,9273,TRUE,TRUE
8501,14.4249476252064,20.7755168714831,299.685742757735,7916,8373,9273,9273,9273,9273,9273,9273,TRUE,TRUE
8502,20.1396261236538,15.1842377452424,305.804871161854,177,8349,9273,9273,9273,9273,9273,9273,TRUE,TRUE
8503,29.1372606428407,18.4969304962982,538.949884963148,3736,7343,9273,9273,9273,9273,9273,9273,TRUE,TRUE
8504,14.8895683335553,11.2483729282623,167.483417356676,8565,8876,9273,9273,9273,9273,9273,9273,TRUE,TRUE
8505,30.2848608405115,50.9067724476236,1541.70451941587,5308,4194,9273,9273,9273,9273,9273,9273,TRUE,TRUE
8506,34.1309799265163,43.4299346592636,1482.30622806524,5392,4342,9273,9273,9273,9273,9273,9273,TRUE,TRUE
8507,28.7931379527997,40.9316983674188,1178.55203773548,3651,5141,9273,9273,9273,9273,9273,9273,TRUE,TRUE
8508,49.6679879257202,170.474847001648,8467.14264251685,2802,548,9273,9273,9273,9273,9273,9273,TRUE,TRUE
8509,82.7622281530693,140.22959320464,11605.7135866145,6494,311,9273,9273,9273,9273,9273,9273,TRUE,TRUE
8510,52.0246690939401,39.447343149258,2052.23497397525,8964,3298,9273,9273,9273,9273,9273,9273,TRUE,TRUE
8511,70.4205175876618,148.298956255643,10443.2892572324,7582,387,9273,9273,9273,9273,9273,9273,TRUE,TRUE
8512,37.5614641952996,25.9125817508409,973.314511641983,2852,5729,9273,9273,9273,9273,9273,9273,TRUE,TRUE
8513,76.7244508897405,285.760634821563,21924.8277925881,6636,97,9273,9273,9273,9273,9273,9273,TRUE,TRUE
8514,32.5602535162698,72.793944382605,2370.18928354686,6821,2908,9273,9273,9273,9273,9273,9273,TRUE,TRUE
8515,42.6526276508224,42.9424428048535,1831.60802337215,9216,3646,9273,9273,9273,9273,9273,9273,TRUE,TRUE
8516,9.0268415115975,16.4433211764774,148.431254184356,909,8946,9273,9273,9273,9273,9273,9273,TRUE,TRUE
8517,23.0466262483597,3.01655465126038,69.5214076053489,1799,9155,9273,9273,9273,9273,9273,9273,TRUE,TRUE
8518,64.8341081883899,46.7571504828856,3031.45815298823,6309,2241,9273,9273,9273,9273,9273,9273,TRUE,TRUE
8519,62.3261994887544,112.982260310997,7041.75489483354,9001,728,9273,9273,9273,9273,9273,9273,TRUE,TRUE
8520,35.713050338957,83.8639565927011,2995.03770341924,2915,2274,9273,9273,9273,9273,9273,9273,TRUE,TRUE
8521,70.6809070265437,217.291368493689,15358.3510141729,5469,190,9273,9273,9273,9273,9273,9273,TRUE,TRUE
8522,44.7031742283639,68.6774895901376,3070.10178271456,553,2213,9273,9273,9273,9273,9273,9273,TRUE,TRUE
8523,15.7173180804533,27.7122853709202,435.562803911046,7261,7756,9273,9273,9273,9273,9273,9273,TRUE,TRUE
8524,56.1090121705272,107.366460513225,6024.22603964295,6517,930,9273,9273,9273,9273,9273,9273,TRUE,TRUE
8525,41.0285595529448,52.4438751538595,2151.69665493732,2636,3166,9273,9273,9273,9273,9273,9273,TRUE,TRUE
8526,58.7124931225701,55.9833578174076,3286.92251083293,6468,2067,9273,9273,9273,9273,9273,9273,TRUE,TRUE
8527,53.2041765645493,109.402367807306,5820.66289339967,4458,969,9273,9273,9273,9273,9273,9273,TRUE,TRUE
8528,16.6996434599161,12.2189643859863,204.052348695385,1302,8740,9273,9273,9273,9273,9273,9273,TRUE,TRUE
8529,14.7102725612874,43.0157149217567,632.772890917678,6178,6950,9273,9273,9273,9273,9273,9273,TRUE,TRUE
8530,11.9378654216898,26.7728731878873,319.610957068965,83,8295,9273,9273,9273,9273,9273,9273,TRUE,TRUE
8531,61.2326160631907,48.3667305146632,2961.62143983618,2027,2303,9273,9273,9273,9273,9273,9273,TRUE,TRUE
8532,78.8833209211176,34.8518093282526,2749.22645992215,8299,2491,9273,9273,9273,9273,9273,9273,TRUE,TRUE
8533,46.0526291517729,57.1590756298451,2632.3257126394,4504,2605,9273,9273,9273,9273,9273,9273,TRUE,TRUE
8534,29.2692812408988,83.2637584866501,2437.07036432004,4704,2818,9273,9273,9273,9273,9273,9273,TRUE,TRUE
8535,12.6005359383558,18.2483668630936,229.939202474712,3748,8636,9273,9273,9273,9273,9273,9273,TRUE,TRUE
8536,33.2373198622488,100.693235225604,3346.77326715807,2907,2032,9273,9273,9273,9273,9273,9273,TRUE,TRUE
8537,93.2998399535815,85.1367473072476,7943.24489793471,7121,604,9273,9273,9273,9273,9273,9273,TRUE,TRUE
8538,42.0464706085508,66.084826466505,2778.63371369508,6203,2459,9273,9273,9273,9273,9273,9273,TRUE,TRUE
8539,74.6115451574728,160.361004403229,11964.7823215292,3015,295,9273,9273,9273,9273,9273,9273,TRUE,TRUE
8540,23.0048163370653,54.653586062518,1257.29570953022,66,4905,9273,9273,9273,9273,9273,9273,TRUE,TRUE
8541,14.0587703549862,16.4701548576355,231.550124854558,1535,8626,9273,9273,9273,9273,9273,9273,TRUE,TRUE
8542,11.5833440843301,30.653483248674,355.069843852639,6610,8128,9273,9273,9273,9273,9273,9273,TRUE,TRUE
8543,21.2797113617784,64.4945326071037,1372.42503829197,5505,4617,9273,9273,9273,9273,9273,9273,TRUE,TRUE
8544,56.5952784623223,153.462667250359,8685.26238660479,2225,523,9273,9273,9273,9273,9273,9273,TRUE,TRUE
8545,99.1010463444533,123.401552440002,12229.2229673341,7207,286,9273,9273,9273,9273,9273,9273,TRUE,TRUE
8546,12.9087958181727,33.1698168351732,428.182392851437,3172,7787,9273,9273,9273,9273,9273,9273,TRUE,TRUE
8547,34.1236549870352,78.9522588065501,2694.13963996183,1248,2534,9273,9273,9273,9273,9273,9273,TRUE,TRUE
8548,10.2139521980286,17.9084160375595,182.915705350041,6348,8814,9273,9273,9273,9273,9273,9273,TRUE,TRUE
8549,16.9002356828466,26.0126970190751,439.620710368849,1989,7736,9273,9273,9273,9273,9273,9273,TRUE,TRUE
8550,68.3426468271605,59.1586825814046,4043.06095042102,8890,1610,9273,9273,9273,9273,9273,9273,TRUE,TRUE
8551,38.9484103711246,60.9341788667986,2373.28940413158,3353,2903,9273,9273,9273,9273,9273,9273,TRUE,TRUE
8552,38.3504812327865,79.9622814078736,3066.59197246345,9019,2217,9273,9273,9273,9273,9273,9273,TRUE,TRUE
8553,22.587592314943,55.9255546628287,1263.22362871104,9080,4892,9273,9273,9273,9273,9273,9273,TRUE,TRUE
8554,99.7404079251876,156.954024564113,15654.6584355245,6508,185,9273,9273,9273,9273,9273,9273,TRUE,TRUE
8555,18.9907931967916,47.2985169683468,898.236354260815,1169,5979,9273,9273,9273,9273,9273,9273,TRUE,TRUE
8556,14.8067412607131,21.4324560575588,317.344831425877,8352,8308,9273,9273,9273,9273,9273,9273,TRUE,TRUE
8557,40.4009071836181,57.759402845705,2333.53227335053,789,2949,9273,9273,9273,9273,9273,9273,TRUE,TRUE
8558,22.5722448529761,34.6536713332133,782.211154387848,5979,6376,9273,9273,9273,9273,9273,9273,TRUE,TRUE
8559,105.840997602908,158.547384571423,16780.8133503713,1436,162,9273,9273,9273,9273,9273,9273,TRUE,TRUE
8560,36.1897833726431,93.7831013109996,3393.99012045972,8620,1997,9273,9273,9273,9273,9273,9273,TRUE,TRUE
8561,57.755265045166,26.7289901256561,1543.7399090969,8732,4187,9273,9273,9273,9273,9273,9273,TRUE,TRUE
8562,57.1122271277688,93.48778656396,5339.29569991325,632,1108,9273,9273,9273,9273,9273,9273,TRUE,TRUE
8563,57.6998193109036,52.6942773914337,3040.45028420436,6774,2235,9273,9273,9273,9273,9273,9273,TRUE,TRUE
8564,22.5469317143081,19.2590626927673,434.232771415402,8615,7762,9273,9273,9273,9273,9273,9273,TRUE,TRUE
8565,16.0338801562786,16.4192326307297,263.264008259179,8972,8504,9273,9273,9273,9273,9273,9273,TRUE,TRUE
8566,26.8053348152726,26.1632821294997,701.315537347676,1525,6700,9273,9273,9273,9273,9273,9273,TRUE,TRUE
8567,11.3846021533012,28.4345421934128,323.715950283262,3650,8277,9273,9273,9273,9273,9273,9273,TRUE,TRUE
8568,10.6228855883374,129.695489827324,1377.74034975904,6737,4603,9273,9273,9273,9273,9273,9273,TRUE,TRUE
8569,32.400648317337,32.634803147316,1057.38877968171,4585,5488,9273,9273,9273,9273,9273,9273,TRUE,TRUE
8570,18.8882394573212,74.2139202331543,1401.77029643035,4695,4530,9273,9273,9273,9273,9273,9273,TRUE,TRUE
8571,12.741397010869,7.63686749030804,97.3043606134134,8656,9077,9273,9273,9273,9273,9273,9273,TRUE,TRUE
8572,83.3994127859166,168.829933337427,14080.3173010269,3568,230,9273,9273,9273,9273,9273,9273,TRUE,TRUE
8573,42.3826806461392,226.483177563653,9598.96418640314,1949,444,9273,9273,9273,9273,9273,9273,TRUE,TRUE
8574,36.4107487257137,57.1283905339796,2080.08747283717,4606,3266,9273,9273,9273,9273,9273,9273,TRUE,TRUE
8575,33.5042444790525,91.8303037276996,3076.7049466785,7478,2210,9273,9273,9273,9273,9273,9273,TRUE,TRUE
8576,19.3072374796867,84.005308380127,1621.91043844943,996,4031,9273,9273,9273,9273,9273,9273,TRUE,TRUE
8577,45.9581003420281,120.029665617509,5516.33541646957,2677,1062,9273,9273,9273,9273,9273,9273,TRUE,TRUE
8578,17.8869371652603,21.6122972249985,386.577802460478,8351,7988,9273,9273,9273,9273,9273,9273,TRUE,TRUE
8579,39.5343411390015,29.5219685921821,1167.13157741821,3497,5181,9273,9273,9273,9273,9273,9273,TRUE,TRUE
8580,84.9512571862766,50.3668477535248,4278.72703717172,6121,1490,9273,9273,9273,9273,9273,9273,TRUE,TRUE
8581,24.4885918227109,54.5741991231786,1336.44528637887,1267,4707,9273,9273,9273,9273,9273,9273,TRUE,TRUE
8582,38.6220294833183,56.8714181184769,2196.48958732994,9179,3117,9273,9273,9273,9273,9273,9273,TRUE,TRUE
8583,44.4335259061281,38.6431729144791,1717.05242479049,7726,3853,9273,9273,9273,9273,9273,9273,TRUE,TRUE
8584,53.6322976008675,92.7493289405778,4974.35961202182,3247,1213,9273,9273,9273,9273,9273,9273,TRUE,TRUE
8585,19.462559350729,117.683860201836,2290.42911380112,1116,2999,9273,9273,9273,9273,9273,9273,TRUE,TRUE
8586,13.192041731844,51.3237614824314,677.065203311445,8490,6783,9273,9273,9273,9273,9273,9273,TRUE,TRUE
8587,50.8237327030727,49.9183187333364,2537.03528828988,2565,2705,9273,9273,9273,9273,9273,9273,TRUE,TRUE
8588,39.2580456376076,89.9875576782227,3532.73564614851,8914,1902,9273,9273,9273,9273,9273,9273,TRUE,TRUE
8589,34.0920964876811,63.1019216072865,2151.2767999937,2652,3167,9273,9273,9273,9273,9273,9273,TRUE,TRUE
8590,44.9886631083234,59.8627284854332,2693.14412457619,4731,2537,9273,9273,9273,9273,9273,9273,TRUE,TRUE
8591,63.1348373878885,125.395106033043,7916.79962863319,7128,608,9273,9273,9273,9273,9273,9273,TRUE,TRUE
8592,36.7697136665612,25.0856541404827,922.392319883933,695,5907,9273,9273,9273,9273,9273,9273,TRUE,TRUE
8593,31.8024581148094,67.7420225019846,2154.36283323184,6115,3164,9273,9273,9273,9273,9273,9273,TRUE,TRUE
8594,19.2495572083847,28.6185669121763,550.894740997924,3148,7289,9273,9273,9273,9273,9273,9273,TRUE,TRUE
8595,15.501264821291,43.6827935028076,677.13855022079,3155,6781,9273,9273,9273,9273,9273,9273,TRUE,TRUE
8596,21.4841548388834,78.4991752772042,1686.4884363801,3606,3912,9273,9273,9273,9273,9273,9273,TRUE,TRUE
8597,69.3997056764715,76.3872297984712,5301.2512654549,2833,1113,9273,9273,9273,9273,9273,9273,TRUE,TRUE
8598,16.7370325794304,29.0222746055032,485.746755601482,6632,7559,9273,9273,9273,9273,9273,9273,TRUE,TRUE
8599,63.5057721108836,100.92160312116,6409.10432887741,9191,832,9273,9273,9273,9273,9273,9273,TRUE,TRUE
8600,43.0970515467185,90.1795562196173,3886.47298285705,370,1695,9273,9273,9273,9273,9273,9273,TRUE,TRUE
8601,20.6366404939496,89.3766999130614,1844.43482464147,6262,3620,9273,9273,9273,9273,9273,9273,TRUE,TRUE
8602,34.0874473989746,71.1410920099957,2425.01823179634,2559,2837,9273,9273,9273,9273,9273,9273,TRUE,TRUE
8603,29.0635034795751,73.2511410662197,2128.93479326092,7945,3204,9273,9273,9273,9273,9273,9273,TRUE,TRUE
8604,38.886830827573,76.6355906499849,2980.1152489771,7015,2293,9273,9273,9273,9273,9273,9273,TRUE,TRUE
8605,76.1383760059252,90.5483689382672,6894.20576094503,5483,752,9273,9273,9273,9273,9273,9273,TRUE,TRUE
8606,42.9044696894673,36.6125538827247,1570.84220831535,2593,4128,9273,9273,9273,9273,9273,9273,TRUE,TRUE
8607,68.7650719748603,126.82117817137,8720.86744489082,9233,519,9273,9273,9273,9273,9273,9273,TRUE,TRUE
8608,32.4139362338481,56.7680130107831,1840.07475385378,8681,3631,9273,9273,9273,9273,9273,9273,TRUE,TRUE
8609,54.3154650866985,27.6199468612671,1500.19025943962,3801,4296,9273,9273,9273,9273,9273,9273,TRUE,TRUE
8610,10.9761484790493,14.0077771418803,153.751441770711,7396,8926,9273,9273,9273,9273,9273,9273,TRUE,TRUE
8611,15.2109193241957,42.9476490670985,653.273225123505,8462,6870,9273,9273,9273,9273,9273,9273,TRUE,TRUE
8612,11.09163211238,62.1418026089668,689.254013338796,8179,6741,9273,9273,9273,9273,9273,9273,TRUE,TRUE
8613,25.6278045636189,15.0352515160283,385.320487417628,9075,7995,9273,9273,9273,9273,9273,9273,TRUE,TRUE
8614,15.7287411928177,26.6016960859299,418.411193025582,7212,7831,9273,9273,9273,9273,9273,9273,TRUE,TRUE
8615,10.2633608604999,24.0184122284792,246.509631997126,6369,8564,9273,9273,9273,9273,9273,9273,TRUE,TRUE
8616,32.4435483584256,58.0510208657932,1883.38110271533,4815,3565,9273,9273,9273,9273,9273,9273,TRUE,TRUE
8617,48.8766561084324,185.068563341755,9045.53252693658,1918,493,9273,9273,9273,9273,9273,9273,TRUE,TRUE
8618,27.8717275093657,33.4123179804573,931.259022207584,2694,5870,9273,9273,9273,9273,9273,9273,TRUE,TRUE
8619,35.1239367204971,40.5027628299472,1422.61647864437,1621,4476,9273,9273,9273,9273,9273,9273,TRUE,TRUE
8620,15.5426723275866,15.9637218691927,248.11889814159,7871,8560,9273,9273,9273,9273,9273,9273,TRUE,TRUE
8621,30.3717914021343,61.8421548834635,1878.25702797903,7584,3572,9273,9273,9273,9273,9273,9273,TRUE,TRUE
8622,71.8467221464013,258.896054908846,18600.8329218353,2687,137,9273,9273,9273,9273,9273,9273,TRUE,TRUE
8623,28.9164631271362,60.2547797822952,1742.35511780845,5825,3799,9273,9273,9273,9273,9273,9273,TRUE,TRUE
8624,42.4148795843124,71.7864531040192,3044.81376419186,627,2233,9273,9273,9273,9273,9273,9273,TRUE,TRUE
8625,84.2937847139422,232.329586080283,19583.9401117307,2820,124,9273,9273,9273,9273,9273,9273,TRUE,TRUE
8626,98.344011224857,62.7832476168263,6174.35640836214,8541,894,9273,9273,9273,9273,9273,9273,TRUE,TRUE
8627,5.19637247903751,37.0575087396174,192.56461855624,3819,8778,9273,9273,9273,9273,9273,9273,TRUE,TRUE
8628,50.7758068421308,63.7123072635426,3235.04380708013,5327,2092,9273,9273,9273,9273,9273,9273,TRUE,TRUE
8629,39.6185768502658,125.711746015705,4980.5204705043,310,1209,9273,9273,9273,9273,9273,9273,TRUE,TRUE
8630,9.27061616220782,42.0436995106359,389.77100020231,6023,7965,9273,9273,9273,9273,9273,9273,TRUE,TRUE
8631,21.1095062833844,86.3658407962683,1823.1402589586,1287,3665,9273,9273,9273,9273,9273,9273,TRUE,TRUE
8632,17.2839430731696,12.0859489097252,208.892852940926,1313,8723,9273,9273,9273,9273,9273,9273,TRUE,TRUE
8633,28.0489124462305,26.2091761288001,735.138886524547,4205,6557,9273,9273,9273,9273,9273,9273,TRUE,TRUE
8634,50.3397394856219,56.4835247977414,2843.36592354796,3476,2408,9273,9273,9273,9273,9273,9273,TRUE,TRUE
8635,58.3142650801822,32.9611813252666,1922.10706515755,7330,3482,9273,9273,9273,9273,9273,9273,TRUE,TRUE
8636,19.4644252508879,32.1914430061976,626.58793611235,8535,6979,9273,9273,9273,9273,9273,9273,TRUE,TRUE
8637,92.5485434293747,112.023033583164,10367.5685886618,1527,393,9273,9273,9273,9273,9273,9273,TRUE,TRUE
8638,56.0112438098244,43.6075220522673,2442.51154961184,2277,2811,9273,9273,9273,9273,9273,9273,TRUE,TRUE
8639,19.7005816847978,43.443168423133,855.855688166361,5398,6125,9273,9273,9273,9273,9273,9273,TRUE,TRUE
8640,34.4247938125364,26.8110891619036,922.966216288062,935,5903,9273,9273,9273,9273,9273,9273,TRUE,TRUE
8641,2.4966225028038,11.6288384524259,29.0328197617966,5977,9218,9273,9273,9273,9273,9273,9273,TRUE,TRUE
8642,32.8444957542419,23.6742311239243,777.568183634673,5492,6392,9273,9273,9273,9273,9273,9273,TRUE,TRUE
8643,39.8618819645796,75.198245570558,2997.54358887705,4581,2270,9273,9273,9273,9273,9273,9273,TRUE,TRUE
8644,32.1354814597539,41.6224918984748,1337.55881671219,6551,4701,9273,9273,9273,9273,9273,9273,TRUE,TRUE
8645,27.7310339887937,37.272072104613,1033.59309836579,5009,5548,9273,9273,9273,9273,9273,9273,TRUE,TRUE
8646,9.14372078484454,52.3605836074024,478.770556637595,4828,7586,9273,9273,9273,9273,9273,9273,TRUE,TRUE
8647,15.7507078864358,140.951062710254,2220.0790150319,1457,3092,9273,9273,9273,9273,9273,9273,TRUE,TRUE
8648,68.5383191279003,81.5051581348692,5586.22653881764,6685,1038,9273,9273,9273,9273,9273,9273,TRUE,TRUE
8649,23.5967037294295,15.7632563297565,371.960889424318,7062,8050,9273,9273,9273,9273,9273,9273,TRUE,TRUE
8650,74.3477877709601,57.2940597004361,4259.68659114474,6728,1502,9273,9273,9273,9273,9273,9273,TRUE,TRUE
8651,23.8691929217377,39.2785283861117,937.546771730053,5195,5846,9273,9273,9273,9273,9273,9273,TRUE,TRUE
8652,53.6868314145502,54.6510076044795,2934.03943189699,3320,2328,9273,9273,9273,9273,9273,9273,TRUE,TRUE
8653,42.3565433501023,56.4173878401958,2389.64553375279,16,2886,9273,9273,9273,9273,9273,9273,TRUE,TRUE
8654,20.4933670857857,31.8641029226369,653.002758052855,4871,6872,9273,9273,9273,9273,9273,9273,TRUE,TRUE
8655,27.4948499180446,40.6029872062422,1116.37303945991,6530,5320,9273,9273,9273,9273,9273,9273,TRUE,TRUE
8656,5.43809507988595,45.2477638785904,246.061642124003,5040,8571,9273,9273,9273,9273,9273,9273,TRUE,TRUE
8657,47.1719380093392,53.3207682689245,2515.24397539205,4882,2725,9273,9273,9273,9273,9273,9273,TRUE,TRUE
8658,57.9843705679469,115.001206343656,6668.27256439146,2723,788,9273,9273,9273,9273,9273,9273,TRUE,TRUE
8659,17.8996597756428,31.3384807252314,560.94814286718,3538,7245,9273,9273,9273,9273,9273,9273,TRUE,TRUE
8660,24.846590014065,39.9811553955078,993.395376400806,8804,5653,9273,9273,9273,9273,9273,9273,TRUE,TRUE
8661,10.258349429965,14.3827374863625,147.543146894563,7603,8948,9273,9273,9273,9273,9273,9273,TRUE,TRUE
8662,39.9982873806779,50.5924747876472,2023.61234585601,3330,3329,9273,9273,9273,9273,9273,9273,TRUE,TRUE
8663,22.4450304357311,31.1489125746715,699.13829077843,792,6709,9273,9273,9273,9273,9273,9273,TRUE,TRUE
8664,49.8104551064968,25.4052603340149,1265.44757933631,1734,4884,9273,9273,9273,9273,9273,9273,TRUE,TRUE
8665,28.060712334944,29.0499737275476,815.162956106392,5684,6259,9273,9273,9273,9273,9273,9273,TRUE,TRUE
8666,3.64349993307199,25.1522280849628,91.6421413441733,9248,9093,9273,9273,9273,9273,9273,9273,TRUE,TRUE
8667,8.4389921212105,55.8280029881503,471.132077359917,6601,7621,9273,9273,9273,9273,9273,9273,TRUE,TRUE
8668,24.4336436963081,6.16039500713348,150.520896632815,3021,8936,9273,9273,9273,9273,9273,9273,TRUE,TRUE
8669,41.3067335655815,60.3980351673929,2494.84554654412,2670,2755,9273,9273,9273,9273,9273,9273,TRUE,TRUE
8670,4.5652594430106,2.03649196624756,9.2971141795269,1242,9248,9273,9273,9273,9273,9273,9273,TRUE,TRUE
8671,29.6174119263298,54.5446326063556,1615.47085227276,2018,4042,9273,9273,9273,9273,9273,9273,TRUE,TRUE
8672,32.3416979115456,44.7471575662494,1447.19905240797,5494,4419,9273,9273,9273,9273,9273,9273,TRUE,TRUE
8673,21.6263268947601,48.0867220306397,1039.93916993208,5436,5530,9273,9273,9273,9273,9273,9273,TRUE,TRUE
8674,78.4560571458159,179.76549308841,14103.69179859,3047,229,9273,9273,9273,9273,9273,9273,TRUE,TRUE
8675,31.7486984094534,54.708774433004,1736.93237982426,2838,3810,9273,9273,9273,9273,9273,9273,TRUE,TRUE
8676,19.8351660618871,49.3312415810105,978.493368798413,796,5715,9273,9273,9273,9273,9273,9273,TRUE,TRUE
8677,35.7531996301112,10.2990599078986,368.224344889575,5930,8073,9273,9273,9273,9273,9273,9273,TRUE,TRUE
8678,49.0447884810598,18.0604858825081,885.772709972778,4390,6035,9273,9273,9273,9273,9273,9273,TRUE,TRUE
8679,57.3846611824036,78.5781637477875,4509.18130300221,8409,1392,9273,9273,9273,9273,9273,9273,TRUE,TRUE
8680,63.3345039102881,23.5455815962752,1491.2477296793,8153,4320,9273,9273,9273,9273,9273,9273,TRUE,TRUE
8681,5.23102419192974,45.4294810871502,237.642714593697,1048,8608,9273,9273,9273,9273,9273,9273,TRUE,TRUE
8682,53.8366641998291,49.5688669240033,2668.62244335358,2377,2558,9273,9273,9273,9273,9273,9273,TRUE,TRUE
8683,16.6490083896437,46.0767821849173,767.132733164474,2545,6446,9273,9273,9273,9273,9273,9273,TRUE,TRUE
8684,11.5526920214794,48.0378704835353,554.966723064002,7819,7277,9273,9273,9273,9273,9273,9273,TRUE,TRUE
8685,41.6420384639285,42.2466939842145,1759.23845586448,161,3771,9273,9273,9273,9273,9273,9273,TRUE,TRUE
8686,20.1057471907212,216.947685583969,4361.89531996335,4223,1449,9273,9273,9273,9273,9273,9273,TRUE,TRUE
8687,3.4062486526578,22.9105787499006,78.0391279984594,5801,9127,9273,9273,9273,9273,9273,9273,TRUE,TRUE
8688,11.1444622365707,13.0608828898964,145.556516142722,297,8953,9273,9273,9273,9273,9273,9273,TRUE,TRUE
8689,19.2550195282581,17.1005670584884,329.271752655482,787,8252,9273,9273,9273,9273,9273,9273,TRUE,TRUE
8690,4.32748398184776,6.36404340267181,27.5402958848462,5122,9221,9273,9273,9273,9273,9273,9273,TRUE,TRUE
8691,15.8525146378411,56.4725430876191,895.231815932595,6087,5993,9273,9273,9273,9273,9273,9273,TRUE,TRUE
8692,61.5489564320586,63.7099267874403,3921.2795081298,8803,1674,9273,9273,9273,9273,9273,9273,TRUE,TRUE
8693,20.6839470263727,32.5899961665719,674.089754299061,8482,6793,9273,9273,9273,9273,9273,9273,TRUE,TRUE
8694,20.6588822917624,39.5969367891878,818.028456242186,9208,6246,9273,9273,9273,9273,9273,9273,TRUE,TRUE
8695,62.3735415890906,113.298464134676,7066.82646468432,9211,726,9273,9273,9273,9273,9273,9273,TRUE,TRUE
8696,20.6821830174197,33.5135988815971,693.134385641585,2103,6731,9273,9273,9273,9273,9273,9273,TRUE,TRUE
8697,27.2133468688895,78.7746325323027,2143.72139957086,2552,3184,9273,9273,9273,9273,9273,9273,TRUE,TRUE
8698,21.4485431414969,76.6258167332791,1643.51213595618,3152,3978,9273,9273,9273,9273,9273,9273,TRUE,TRUE
8699,35.3982445665181,157.289049994182,5567.75625932935,7976,1045,9273,9273,9273,9273,9273,9273,TRUE,TRUE
8700,11.2638392406841,60.0587706454965,676.492337543987,1360,6785,9273,9273,9273,9273,9273,9273,TRUE,TRUE
8701,29.9333432332003,66.4161211755749,1988.05655136631,2175,3381,9273,9273,9273,9273,9273,9273,TRUE,TRUE
8702,67.7731009462026,95.5673336583143,6476.89455118436,2457,819,9273,9273,9273,9273,9273,9273,TRUE,TRUE
8703,108.770174062889,132.695934324774,14433.3598739434,5387,220,9273,9273,9273,9273,9273,9273,TRUE,TRUE
8704,86.7753149000265,148.853909091626,12916.8448355258,5411,267,9273,9273,9273,9273,9273,9273,TRUE,TRUE
8705,48.6890732079894,61.1716049783793,2978.38875304252,5891,2294,9273,9273,9273,9273,9273,9273,TRUE,TRUE
8706,27.2383134300206,40.478787532469,1102.5739020766,6817,5364,9273,9273,9273,9273,9273,9273,TRUE,TRUE
8707,46.9678522573935,70.9332828889943,3331.58395086218,3728,2043,9273,9273,9273,9273,9273,9273,TRUE,TRUE
8708,41.6266682995912,26.851481629216,1117.73771913194,8028,5315,9273,9273,9273,9273,9273,9273,TRUE,TRUE
8709,34.8140572738648,25.3670720934868,883.130700732905,2666,6042,9273,9273,9273,9273,9273,9273,TRUE,TRUE
8710,30.6191154721402,59.312235210044,1816.08817880707,2393,3675,9273,9273,9273,9273,9273,9273,TRUE,TRUE
8711,48.2671718388748,47.3724037406897,2286.53195177242,4885,3005,9273,9273,9273,9273,9273,9273,TRUE,TRUE
8712,63.5954313163298,6.9621113409479,442.758473599893,4226,7722,9273,9273,9273,9273,9273,9273,TRUE,TRUE
8713,44.4066256904602,31.7056645989418,1407.94158011248,783,4516,9273,9273,9273,9273,9273,9273,TRUE,TRUE
8714,37.8674914266752,45.5536515574524,1725.00250980558,7925,3833,9273,9273,9273,9273,9273,9273,TRUE,TRUE
8715,34.628608478589,28.0160781453165,970.157801199718,1368,5741,9273,9273,9273,9273,9273,9273,TRUE,TRUE
8716,24.6070393109726,43.2582711284444,1064.45797818234,3954,5460,9273,9273,9273,9273,9273,9273,TRUE,TRUE
8717,49.7623090032448,52.328936687406,2604.00871724993,1676,2634,9273,9273,9273,9273,9273,9273,TRUE,TRUE
8718,15.2682428884506,30.3946688652039,464.07318674796,8292,7642,9273,9273,9273,9273,9273,9273,TRUE,TRUE
8719,21.8344791450136,32.1331999210712,701.611683539181,282,6698,9273,9273,9273,9273,9273,9273,TRUE,TRUE
8720,9.1175222052149,42.1100212924452,383.939054195941,2898,7998,9273,9273,9273,9273,9273,9273,TRUE,TRUE
8721,77.6370624770767,117.180520334551,9097.55137830992,3237,485,9273,9273,9273,9273,9273,9273,TRUE,TRUE
8722,53.9211168745204,90.1127146167715,4858.97821673124,3428,1252,9273,9273,9273,9273,9273,9273,TRUE,TRUE
8723,18.906178711619,58.6865960405541,1109.53927271931,8632,5342,9273,9273,9273,9273,9273,9273,TRUE,TRUE
8724,46.2939375897249,61.2963395992915,2837.64891988818,3652,2413,9273,9273,9273,9273,9273,9273,TRUE,TRUE
8725,26.2977819561958,22.4650717020035,590.781557249593,7453,7126,9273,9273,9273,9273,9273,9273,TRUE,TRUE
8726,52.5405560680944,23.3348313050392,1226.02501252194,7797,4997,9273,9273,9273,9273,9273,9273,TRUE,TRUE
8727,11.3964484939002,54.4723741631759,620.791606491092,6701,7008,9273,9273,9273,9273,9273,9273,TRUE,TRUE
8728,37.2779944239149,26.6479054712186,993.380471565098,3181,5654,9273,9273,9273,9273,9273,9273,TRUE,TRUE
8729,77.1050621903724,71.2664934243007,5495.00740757047,6844,1067,9273,9273,9273,9273,9273,9273,TRUE,TRUE
8730,17.6616011976053,34.060838955279,601.568954083997,7497,7089,9273,9273,9273,9273,9273,9273,TRUE,TRUE
8731,39.7254422317786,55.0221220987389,2185.77813290332,2173,3133,9273,9273,9273,9273,9273,9273,TRUE,TRUE
8732,14.7458425697965,16.7283472034574,246.673574315078,4165,8561,9273,9273,9273,9273,9273,9273,TRUE,TRUE
8733,80.598092805978,104.809963250883,8447.48314508579,4878,551,9273,9273,9273,9273,9273,9273,TRUE,TRUE
8734,21.6864048617087,50.5621376742573,1096.5109882774,3458,5379,9273,9273,9273,9273,9273,9273,TRUE,TRUE
8735,11.7950613555007,14.0710462359932,165.968853689627,2480,8880,9273,9273,9273,9273,9273,9273,TRUE,TRUE
8736,18.0392849598712,45.3707844262932,818.456509118787,6486,6243,9273,9273,9273,9273,9273,9273,TRUE,TRUE
8737,28.0137382886986,19.2791345334166,540.080629251744,7576,7338,9273,9273,9273,9273,9273,9273,TRUE,TRUE
8738,31.0752380855834,79.5611030726143,2472.38022033313,1238,2782,9273,9273,9273,9273,9273,9273,TRUE,TRUE
8739,35.7453402110509,148.850432804653,5320.70936116447,5820,1111,9273,9273,9273,9273,9273,9273,TRUE,TRUE
8740,9.57223560333252,86.7546172968547,830.43563644244,8528,6211,9273,9273,9273,9273,9273,9273,TRUE,TRUE
8741,106.397555922506,156.303415300852,16630.3013703511,422,165,9273,9273,9273,9273,9273,9273,TRUE,TRUE
8742,57.4258228820047,31.8202330212534,1827.30306554262,517,3655,9273,9273,9273,9273,9273,9273,TRUE,TRUE
8743,9.89305863568657,15.8230258289136,156.538122319426,8454,8916,9273,9273,9273,9273,9273,9273,TRUE,TRUE
8744,57.1864036560059,82.8732096800164,4739.22082103023,4089,1302,9273,9273,9273,9273,9273,9273,TRUE,TRUE
8745,68.8336301790614,92.9236929659941,6396.27511649388,1935,834,9273,9273,9273,9273,9273,9273,TRUE,TRUE
8746,29.6660482154405,51.8380101791098,1537.82890936597,6848,4206,9273,9273,9273,9273,9273,9273,TRUE,TRUE
8747,31.7341424451759,27.1588619576385,861.863194012567,8769,6111,9273,9273,9273,9273,9273,9273,TRUE,TRUE
8748,16.8940299313524,10.4475076088894,176.50050625261,5248,8841,9273,9273,9273,9273,9273,9273,TRUE,TRUE
8749,24.1268673467225,30.7778394674433,742.572850049724,6967,6532,9273,9273,9273,9273,9273,9273,TRUE,TRUE
8750,38.0610310453806,20.9736807509239,798.279914196815,5291,6319,9273,9273,9273,9273,9273,9273,TRUE,TRUE
8751,19.5738607782254,25.8682326104144,506.341183695001,264,7476,9273,9273,9273,9273,9273,9273,TRUE,TRUE
8752,15.5481364172898,46.3349005643746,720.421354856452,961,6622,9273,9273,9273,9273,9273,9273,TRUE,TRUE
8753,81.319366128232,82.9416346661922,6744.76115669414,8929,776,9273,9273,9273,9273,9273,9273,TRUE,TRUE
8754,7.00807320444207,0,0,8903,9273,9273,9273,9273,9273,9273,9273,TRUE,TRUE
8755,39.9365167648496,47.339765720613,1890.58534734531,5091,3550,9273,9273,9273,9273,9273,9273,TRUE,TRUE
8756,15.4031582819788,34.5165599019904,531.664035519761,4377,7375,9273,9273,9273,9273,9273,9273,TRUE,TRUE
8757,22.002910794805,34.9509748011404,769.023180740969,4518,6437,9273,9273,9273,9273,9273,9273,TRUE,TRUE
8758,53.1109906095799,55.4723793045292,2946.19301633391,3503,2316,9273,9273,9273,9273,9273,9273,TRUE,TRUE
8759,32.7811621845183,29.118096192309,954.525033784488,7600,5784,9273,9273,9273,9273,9273,9273,TRUE,TRUE
8760,27.5409001950175,53.4977475591004,1473.37612618342,4767,4361,9273,9273,9273,9273,9273,9273,TRUE,TRUE
8761,20.3849457209696,42.1170041318425,858.55284315746,4659,6119,9273,9273,9273,9273,9273,9273,TRUE,TRUE
8762,10.5295051158743,40.1340889423452,422.592094839376,7804,7816,9273,9273,9273,9273,9273,9273,TRUE,TRUE
8763,12.6273774194717,76.0884589195252,960.797688042815,2445,5770,9273,9273,9273,9273,9273,9273,TRUE,TRUE
8764,19.4044504825734,30.0530085681884,583.162116613765,1735,7155,9273,9273,9273,9273,9273,9273,TRUE,TRUE
8765,30.6187744399944,32.7541623084576,1002.89230769363,100,5624,9273,9273,9273,9273,9273,9273,TRUE,TRUE
8766,36.2473077509138,60.9533279339473,2209.39403606416,2569,3108,9273,9273,9273,9273,9273,9273,TRUE,TRUE
8767,78.1622454639623,88.2254804894045,6895.90166218885,8431,751,9273,9273,9273,9273,9273,9273,TRUE,TRUE
8768,25.8056966791982,58.6875296903693,1514.47259004111,9232,4268,9273,9273,9273,9273,9273,9273,TRUE,TRUE
8769,9.99758659482002,20.3394858837128,203.345771416538,803,8747,9273,9273,9273,9273,9273,9273,TRUE,TRUE
8770,38.0279664698101,28.2442315691993,1074.07069107907,3596,5435,9273,9273,9273,9273,9273,9273,TRUE,TRUE
8771,41.2870734600933,53.9264856116172,2226.4667728915,7652,3079,9273,9273,9273,9273,9273,9273,TRUE,TRUE
8772,66.0042082947472,54.9061774803135,3624.03877507897,2996,1836,9273,9273,9273,9273,9273,9273,TRUE,TRUE
8773,89.2973217672231,113.531050961034,10138.0187882384,1463,405,9273,9273,9273,9273,9273,9273,TRUE,TRUE
8774,37.6823821640015,33.4621480178833,1260.93344963826,7176,4896,9273,9273,9273,9273,9273,9273,TRUE,TRUE
8775,31.1182262652837,73.4182255992467,2284.644956193,1357,3009,9273,9273,9273,9273,9273,9273,TRUE,TRUE
8776,76.9277976016592,84.7604462537207,6520.43445403253,1521,812,9273,9273,9273,9273,9273,9273,TRUE,TRUE
8777,106.274476970167,49.575566940656,5268.61744711774,668,1120,9273,9273,9273,9273,9273,9273,TRUE,TRUE
8778,13.5480831605632,25.214025532327,341.601714724531,8627,8187,9273,9273,9273,9273,9273,9273,TRUE,TRUE
8779,14.5069098770618,82.5011245229027,1196.83637821001,9016,5084,9273,9273,9273,9273,9273,9273,TRUE,TRUE
8780,46.8015029516725,103.179042909139,4828.9342812628,134,1265,9273,9273,9273,9273,9273,9273,TRUE,TRUE
8781,24.1734671327803,15.6486343906215,378.281749114585,1382,8022,9273,9273,9273,9273,9273,9273,TRUE,TRUE
8782,11.9838027000427,45.9432975769043,550.575413550972,4634,7290,9273,9273,9273,9273,9273,9273,TRUE,TRUE
8783,16.4017269310831,52.6022858900182,862.768329118845,3285,6106,9273,9273,9273,9273,9273,9273,TRUE,TRUE
8784,24.6471150659882,89.4345306717189,2204.30316833851,6055,3110,9273,9273,9273,9273,9273,9273,TRUE,TRUE
8785,15.422538521162,6.03078315385885,93.0099855031627,7778,9089,9273,9273,9273,9273,9273,9273,TRUE,TRUE
8786,17.3438094917652,27.7258263161752,480.871449629512,6222,7575,9273,9273,9273,9273,9273,9273,TRUE,TRUE
8787,17.7003050539867,86.3363537845841,1528.17979923606,1636,4233,9273,9273,9273,9273,9273,9273,TRUE,TRUE
8788,97.7437416712443,38.1717810630798,3731.05270736097,8236,1767,9273,9273,9273,9273,9273,9273,TRUE,TRUE
8789,38.2515180216634,60.0038150402126,2295.23701237925,7260,2988,9273,9273,9273,9273,9273,9273,TRUE,TRUE
8790,15.5607364803641,41.7511267197871,649.678280644893,5001,6888,9273,9273,9273,9273,9273,9273,TRUE,TRUE
8791,34.864176908461,34.2481751802589,1194.03443827651,5631,5093,9273,9273,9273,9273,9273,9273,TRUE,TRUE
8792,0.0720525949032276,5.98385315436822,0.431152147292094,1223,9259,9273,9273,9273,9273,9273,9273,TRUE,TRUE
8793,73.7336173868179,30.8274275493622,2273.01774794452,5976,3017,9273,9273,9273,9273,9273,9273,TRUE,TRUE
8794,15.0907156610489,42.104500579834,635.387046300743,7271,6940,9273,9273,9273,9273,9273,9273,TRUE,TRUE
8795,22.6028600590123,53.5782370479714,1211.02139420388,8941,5050,9273,9273,9273,9273,9273,9273,TRUE,TRUE
8796,27.3335361189398,63.8778274082294,1746.00690266224,7032,3793,9273,9273,9273,9273,9273,9273,TRUE,TRUE
8797,38.0330906367741,75.431416245326,2868.88989091871,7185,2386,9273,9273,9273,9273,9273,9273,TRUE,TRUE
8798,23.1301116716294,29.9413109563646,692.545866015694,8399,6732,9273,9273,9273,9273,9273,9273,TRUE,TRUE
8799,46.3360785702034,55.6925852582386,2580.57600630349,2361,2654,9273,9273,9273,9273,9273,9273,TRUE,TRUE
8800,11.8415659900798,53.1729852831042,629.651414119419,3502,6965,9273,9273,9273,9273,9273,9273,TRUE,TRUE
8801,20.4882902616789,24.4263269174473,500.453675911319,3766,7500,9273,9273,9273,9273,9273,9273,TRUE,TRUE
8802,25.3431421623954,39.7094637713855,1006.36258555071,7159,5619,9273,9273,9273,9273,9273,9273,TRUE,TRUE
8803,11.6398212957382,18.4811887598038,215.117734496922,1959,8692,9273,9273,9273,9273,9273,9273,TRUE,TRUE
8804,13.3634109270573,16.7416885487239,223.726063689406,2777,8660,9273,9273,9273,9273,9273,9273,TRUE,TRUE
8805,32.3953372605768,40.5168918974371,1312.55837776781,3820,4761,9273,9273,9273,9273,9273,9273,TRUE,TRUE
8806,67.0949823099696,73.3503720517644,4921.44191524282,9138,1227,9273,9273,9273,9273,9273,9273,TRUE,TRUE
8807,12.9913551959678,72.4153874512137,940.774020032347,7879,5828,9273,9273,9273,9273,9273,9273,TRUE,TRUE
8808,19.5011964557678,19.3627308259799,377.596417757584,7216,8026,9273,9273,9273,9273,9273,9273,TRUE,TRUE
8809,59.3532876602185,70.7947664541357,4201.9021381903,8226,1537,9273,9273,9273,9273,9273,9273,TRUE,TRUE
8810,25.551597757077,272.871461356452,6972.30181996584,1823,738,9273,9273,9273,9273,9273,9273,TRUE,TRUE
8811,77.879677174455,54.1195368470445,4214.81205847885,6118,1529,9273,9273,9273,9273,9273,9273,TRUE,TRUE
8812,37.0958806884055,29.2745956159106,1085.96690616914,3129,5406,9273,9273,9273,9273,9273,9273,TRUE,TRUE
8813,44.1868822818849,69.1849019585586,3057.06511852658,564,2222,9273,9273,9273,9273,9273,9273,TRUE,TRUE
8814,44.5055000608618,64.4272474939173,2867.36686726169,8548,2387,9273,9273,9273,9273,9273,9273,TRUE,TRUE
8815,78.1676319902008,140.352885033633,10971.052666072,8499,349,9273,9273,9273,9273,9273,9273,TRUE,TRUE
8816,37.4049847245216,42.1554136419296,1576.82260333227,4870,4113,9273,9273,9273,9273,9273,9273,TRUE,TRUE
8817,57.1643469070279,86.3289903624113,4934.94035321035,2973,1225,9273,9273,9273,9273,9273,9273,TRUE,TRUE
8818,64.1136612740292,44.5726127867486,2857.71339830806,6798,2396,9273,9273,9273,9273,9273,9273,TRUE,TRUE
8819,22.2698979949951,34.0349095821381,757.953964663097,9110,6489,9273,9273,9273,9273,9273,9273,TRUE,TRUE
8820,5.35699786018852,15.8806113786255,85.0724011737824,3952,9107,9273,9273,9273,9273,9273,9273,TRUE,TRUE
8821,38.2566290177421,60.7078010265015,2322.47582235377,5917,2961,9273,9273,9273,9273,9273,9273,TRUE,TRUE
8822,28.7470712146244,21.6230105065011,621.598222904957,4708,7004,9273,9273,9273,9273,9273,9273,TRUE,TRUE
8823,48.1423416155861,175.841520411174,8465.42254583876,5887,549,9273,9273,9273,9273,9273,9273,TRUE,TRUE
8824,19.3160642622715,24.2403492524256,468.228143899759,9041,7628,9273,9273,9273,9273,9273,9273,TRUE,TRUE
8825,47.7591756886449,110.901128861,5296.54649734154,7914,1115,9273,9273,9273,9273,9273,9273,TRUE,TRUE
8826,9.07480654652054,15.0673075495539,136.732901189131,2109,8980,9273,9273,9273,9273,9273,9273,TRUE,TRUE
8827,71.5407716098585,20.6329105276811,1476.09433970747,7307,4352,9273,9273,9273,9273,9273,9273,TRUE,TRUE
8828,65.3344947038657,52.8411397771217,3452.34916691458,1560,1948,9273,9273,9273,9273,9273,9273,TRUE,TRUE
8829,50.672209593157,113.717505186796,5762.31725723625,9046,991,9273,9273,9273,9273,9273,9273,TRUE,TRUE
8830,30.2994794679678,71.4829970369435,2165.89760102967,5514,3153,9273,9273,9273,9273,9273,9273,TRUE,TRUE
8831,38.2393456183109,44.9811867287921,1720.05114564406,5111,3846,9273,9273,9273,9273,9273,9273,TRUE,TRUE
8832,33.4760553630671,90.5608165308945,3031.61890791279,834,2240,9273,9273,9273,9273,9273,9273,TRUE,TRUE
8833,31.7475232126799,77.8458035721062,2471.41145591516,7149,2783,9273,9273,9273,9273,9273,9273,TRUE,TRUE
8834,42.5439178300282,103.910613864187,4420.76461790577,4232,1421,9273,9273,9273,9273,9273,9273,TRUE,TRUE
8835,26.5335204172794,96.5340179056616,2561.38733506188,2263,2678,9273,9273,9273,9273,9273,9273,TRUE,TRUE
8836,30.6862995624542,18.5957344579697,570.63427816111,8906,7206,9273,9273,9273,9273,9273,9273,TRUE,TRUE
8837,48.7554647013627,89.1387664652661,4346.0019819203,1622,1460,9273,9273,9273,9273,9273,9273,TRUE,TRUE
8838,31.0621810376644,25.2254815995693,783.558476208095,454,6373,9273,9273,9273,9273,9273,9273,TRUE,TRUE
8839,35.9736086750031,21.6886644124985,780.219526258685,6985,6379,9273,9273,9273,9273,9273,9273,TRUE,TRUE
8840,56.3439971910029,64.4999039426111,3634.18240656243,1011,1829,9273,9273,9273,9273,9273,9273,TRUE,TRUE
8841,23.2760332280939,58.0486922606857,1351.14328990712,8748,4668,9273,9273,9273,9273,9273,9273,TRUE,TRUE
8842,36.0092402290791,67.6416416016031,2435.72412192139,4995,2821,9273,9273,9273,9273,9273,9273,TRUE,TRUE
8843,26.5714291860436,93.5396575790656,2485.4823874489,1212,2765,9273,9273,9273,9273,9273,9273,TRUE,TRUE
8844,37.5841631919988,77.3762661730416,2908.12221503513,7839,2343,9273,9273,9273,9273,9273,9273,TRUE,TRUE
8845,44.9518305792917,93.0977878594579,4184.91598716519,1089,1540,9273,9273,9273,9273,9273,9273,TRUE,TRUE
8846,71.2526509830365,89.5114635065341,6377.92906821188,6514,840,9273,9273,9273,9273,9273,9273,TRUE,TRUE
8847,31.2232258684105,33.5172936916351,1046.51803143178,7341,5514,9273,9273,9273,9273,9273,9273,TRUE,TRUE
8848,49.0078567663829,28.8900928075115,1415.84153027803,9217,4497,9273,9273,9273,9273,9273,9273,TRUE,TRUE
8849,42.8736204105829,79.6642029285431,3415.49279667,1561,1977,9273,9273,9273,9273,9273,9273,TRUE,TRUE
8850,14.0153935670101,55.0801149272016,771.969488420876,4874,6425,9273,9273,9273,9273,9273,9273,TRUE,TRUE
8851,82.6314301589987,94.7138842769205,7826.34371371584,5809,625,9273,9273,9273,9273,9273,9273,TRUE,TRUE
8852,20.0506657719612,46.8648148155212,939.670738330873,1509,5838,9273,9273,9273,9273,9273,9273,TRUE,TRUE
8853,19.6002812302711,22.9007204932136,448.860562042818,7254,7700,9273,9273,9273,9273,9273,9273,TRUE,TRUE
8854,40.7037878385404,30.7212573214275,1250.47154014459,1070,4922,9273,9273,9273,9273,9273,9273,TRUE,TRUE
8855,25.548035511901,55.8839262478549,1427.72453232465,5543,4465,9273,9273,9273,9273,9273,9273,TRUE,TRUE
8856,90.5000131109243,158.724140715389,14364.5368157629,1332,221,9273,9273,9273,9273,9273,9273,TRUE,TRUE
8857,49.1280268669128,40.4880502414703,1989.09802005187,6408,3377,9273,9273,9273,9273,9273,9273,TRUE,TRUE
8858,57.1774860066849,52.0786442557139,2977.7259531782,7037,2295,9273,9273,9273,9273,9273,9273,TRUE,TRUE
8859,15.6954447770119,48.2521492028236,757.338943185056,9083,6492,9273,9273,9273,9273,9273,9273,TRUE,TRUE
8860,35.2609806770549,148.344891770081,5230.78636224462,7201,1131,9273,9273,9273,9273,9273,9273,TRUE,TRUE
8861,22.469620185239,113.870881114687,2558.63544880552,7179,2681,9273,9273,9273,9273,9273,9273,TRUE,TRUE
8862,46.2043341364816,35.5315914198617,1641.71352236423,7427,3981,9273,9273,9273,9273,9273,9273,TRUE,TRUE
8863,6.61185826566241,24.7438723319167,163.602976802279,7182,8890,9273,9273,9273,9273,9273,9273,TRUE,TRUE
8864,22.5002556433813,31.8884742899272,717.498823600754,4557,6634,9273,9273,9273,9273,9273,9273,TRUE,TRUE
8865,66.6335767599253,78.0112301590096,5198.16729293657,2661,1141,9273,9273,9273,9273,9273,9273,TRUE,TRUE
8866,37.281916804028,32.9170553277714,1227.21091816356,7327,4992,9273,9273,9273,9273,9273,9273,TRUE,TRUE
8867,65.456002163887,14.5100254774094,949.768259047363,3280,5798,9273,9273,9273,9273,9273,9273,TRUE,TRUE
8868,32.9875082704756,53.8087214363946,1775.01564340678,6211,3745,9273,9273,9273,9273,9273,9273,TRUE,TRUE
8869,3.48246892782358,28.080117563101,97.7881369031323,9090,9075,9273,9273,9273,9273,9273,9273,TRUE,TRUE
8870,34.3774026827837,56.097839971068,1928.49803431977,7709,3466,9273,9273,9273,9273,9273,9273,TRUE,TRUE
8871,13.2694399011763,61.7455396670148,819.328727777147,6105,6241,9273,9273,9273,9273,9273,9273,TRUE,TRUE
8872,53.1569229799159,35.0696170301998,1864.19293140948,1160,3595,9273,9273,9273,9273,9273,9273,TRUE,TRUE
8873,58.0572537959822,103.994452393295,6037.63231597172,719,928,9273,9273,9273,9273,9273,9273,TRUE,TRUE
8874,21.5786689758301,116.918562810561,2522.9469640189,6090,2719,9273,9273,9273,9273,9273,9273,TRUE,TRUE
8875,74.7448606009125,84.3831218268282,6307.20467801609,4698,859,9273,9273,9273,9273,9273,9273,TRUE,TRUE
8876,48.9746344476684,81.7861367127834,4005.4461483956,8504,1624,9273,9273,9273,9273,9273,9273,TRUE,TRUE
8877,23.7125248119749,40.3553576984625,956.927420720913,6647,5780,9273,9273,9273,9273,9273,9273,TRUE,TRUE
8878,14.2340363251266,22.089406782581,314.421418543755,3118,8316,9273,9273,9273,9273,9273,9273,TRUE,TRUE
8879,22.9290799200535,21.6775315627456,497.045853671675,3978,7512,9273,9273,9273,9273,9273,9273,TRUE,TRUE
8880,7.49430637694776,74.8720036832669,561.113734658364,8735,7244,9273,9273,9273,9273,9273,9273,TRUE,TRUE
8881,24.7857777239328,14.506939997156,359.565790223939,5485,8115,9273,9273,9273,9273,9273,9273,TRUE,TRUE
8882,18.8633910469387,6.14268908293351,115.871946251136,1037,9031,9273,9273,9273,9273,9273,9273,TRUE,TRUE
8883,14.4005201342721,32.6847700128016,470.677688653401,6451,7624,9273,9273,9273,9273,9273,9273,TRUE,TRUE
8884,21.4244602005044,55.983968958163,1199.42631481044,5724,5075,9273,9273,9273,9273,9273,9273,TRUE,TRUE
8885,19.573763638513,34.4258397270373,673.843249874358,6326,6796,9273,9273,9273,9273,9273,9273,TRUE,TRUE
8886,33.8974101410612,44.0364403258199,1492.72127887668,7480,4314,9273,9273,9273,9273,9273,9273,TRUE,TRUE
8887,29.6830337673727,47.9124609436652,1422.18719606874,7245,4478,9273,9273,9273,9273,9273,9273,TRUE,TRUE
8888,17.2025462058283,30.6623697065538,527.470831657181,5399,7396,9273,9273,9273,9273,9273,9273,TRUE,TRUE
8889,31.0156764651187,67.0727572433447,2080.30693828303,1517,3265,9273,9273,9273,9273,9273,9273,TRUE,TRUE
8890,17.4116862621232,14.3379643783268,249.648137392924,8863,8550,9273,9273,9273,9273,9273,9273,TRUE,TRUE
8891,24.1836575122298,40.5556823677805,980.784732557178,2268,5705,9273,9273,9273,9273,9273,9273,TRUE,TRUE
8892,35.7084307451358,16.9561485792029,605.477457244697,8105,7072,9273,9273,9273,9273,9273,9273,TRUE,TRUE
8893,18.6980365229588,25.4960967232199,476.726947723656,5693,7598,9273,9273,9273,9273,9273,9273,TRUE,TRUE
8894,14.6548148046927,38.5899286308137,565.528257410881,391,7222,9273,9273,9273,9273,9273,9273,TRUE,TRUE
8895,21.7319462352329,67.2797290519432,1462.11945447787,3808,4393,9273,9273,9273,9273,9273,9273,TRUE,TRUE
8896,22.0698436139261,16.8366312191767,371.581817992575,7288,8052,9273,9273,9273,9273,9273,9273,TRUE,TRUE
8897,20.2597564972295,35.3335514211476,715.849147974789,1915,6642,9273,9273,9273,9273,9273,9273,TRUE,TRUE
8898,26.389437922533,21.6562161929366,571.495372860453,452,7199,9273,9273,9273,9273,9273,9273,TRUE,TRUE
8899,19.7399876880646,42.1426867294312,831.896117180933,376,6206,9273,9273,9273,9273,9273,9273,TRUE,TRUE
8900,99.7796179856679,180.580070297336,18018.2104300933,724,144,9273,9273,9273,9273,9273,9273,TRUE,TRUE
8901,114.365613192798,161.194053250838,18435.0567430646,4742,139,9273,9273,9273,9273,9273,9273,TRUE,TRUE
8902,32.356803116975,58.4025968936245,1889.72132920706,6316,3553,9273,9273,9273,9273,9273,9273,TRUE,TRUE
8903,8.16618404358872,24.7303489023004,201.952580598347,3700,8754,9273,9273,9273,9273,9273,9273,TRUE,TRUE
8904,62.3569526855762,64.0442962738184,3993.60715252752,3710,1630,9273,9273,9273,9273,9273,9273,TRUE,TRUE
8905,17.3240661001332,22.3230990756412,386.72684394623,5310,7987,9273,9273,9273,9273,9273,9273,TRUE,TRUE
8906,26.4364799714088,6.72042183160782,177.664297150719,3511,8836,9273,9273,9273,9273,9273,9273,TRUE,TRUE
8907,47.2209076304345,84.7782787011181,4003.30726761273,5447,1625,9273,9273,9273,9273,9273,9273,TRUE,TRUE
8908,25.4702388994566,20.5398238997423,523.154221679206,5172,7412,9273,9273,9273,9273,9273,9273,TRUE,TRUE
8909,42.944672538013,70.4701032033781,3026.31550578905,6141,2243,9273,9273,9273,9273,9273,9273,TRUE,TRUE
8910,24.4494290547828,22.1956810885913,542.671730098097,1818,7322,9273,9273,9273,9273,9273,9273,TRUE,TRUE
8911,9.17589080976155,54.235377425919,497.657901286439,6016,7508,9273,9273,9273,9273,9273,9273,TRUE,TRUE
8912,20.4777066723559,67.9058366316218,1390.55580388327,8491,4562,9273,9273,9273,9273,9273,9273,TRUE,TRUE
8913,47.6497385133314,39.3502075799549,1875.02710163016,2618,3577,9273,9273,9273,9273,9273,9273,TRUE,TRUE
8914,10.2954941882363,23.5549860362765,242.510221840472,949,8588,9273,9273,9273,9273,9273,9273,TRUE,TRUE
8915,59.021160485088,156.051210998913,9210.32356825916,4294,476,9273,9273,9273,9273,9273,9273,TRUE,TRUE
8916,17.2676987120536,27.5962897739579,476.52441738723,8743,7600,9273,9273,9273,9273,9273,9273,TRUE,TRUE
8917,87.5605352522339,120.854200224687,10582.0584591542,4887,380,9273,9273,9273,9273,9273,9273,TRUE,TRUE
8918,23.7765323755575,68.6431823567273,1632.09684766603,3635,4005,9273,9273,9273,9273,9273,9273,TRUE,TRUE
8919,39.6778375307719,18.243604739507,723.86678482978,3542,6602,9273,9273,9273,9273,9273,9273,TRUE,TRUE
8920,69.2812461610715,159.888708891756,11077.2889991056,6726,338,9273,9273,9273,9273,9273,9273,TRUE,TRUE
8921,22.8785757428592,15.3261964738983,350.641546878025,3071,8143,9273,9273,9273,9273,9273,9273,TRUE,TRUE
8922,47.7286612598433,77.9330221696033,3719.63881608885,955,1776,9273,9273,9273,9273,9273,9273,TRUE,TRUE
8923,64.482760049972,75.641211387723,4877.55408380375,9207,1245,9273,9273,9273,9273,9273,9273,TRUE,TRUE
8924,12.3272180278806,30.1014531963933,371.067176507984,118,8054,9273,9273,9273,9273,9273,9273,TRUE,TRUE
8925,27.493697260675,40.6813841259669,1118.48165930456,1082,5312,9273,9273,9273,9273,9273,9273,TRUE,TRUE
8926,11.0817958893315,44.73714376265,495.767895849365,8610,7515,9273,9273,9273,9273,9273,9273,TRUE,TRUE
8927,22.319206892632,76.6529399822453,1710.83282639224,7503,3868,9273,9273,9273,9273,9273,9273,TRUE,TRUE
8928,49.3655220054845,26.8691600849975,1326.41011344483,4228,4729,9273,9273,9273,9273,9273,9273,TRUE,TRUE
8929,8.32208347868645,24.2711489913107,201.986528029324,4678,8753,9273,9273,9273,9273,9273,9273,TRUE,TRUE
8930,17.8092586159706,5.34580342769623,95.2047957539843,1654,9082,9273,9273,9273,9273,9273,9273,TRUE,TRUE
8931,40.6206281700045,106.999590553588,4346.39058222003,6059,1459,9273,9273,9273,9273,9273,9273,TRUE,TRUE
8932,49.5852012944415,67.6141230226532,3352.65990042539,4381,2029,9273,9273,9273,9273,9273,9273,TRUE,TRUE
8933,20.3891110360622,159.801204824448,3258.20450886219,4932,2079,9273,9273,9273,9273,9273,9273,TRUE,TRUE
8934,21.2997093231782,31.5877797665803,672.81052719273,1413,6801,9273,9273,9273,9273,9273,9273,TRUE,TRUE
8935,30.0758034980331,31.9680455642787,961.464656607413,3261,5767,9273,9273,9273,9273,9273,9273,TRUE,TRUE
8936,53.0312512162644,63.5817693719117,3371.82078433643,8668,2020,9273,9273,9273,9273,9273,9273,TRUE,TRUE
8937,30.2777369564851,8.82448785847505,267.185522154605,1497,8487,9273,9273,9273,9273,9273,9273,TRUE,TRUE
8938,44.177045970691,56.6221020897601,2501.39720697649,3637,2740,9273,9273,9273,9273,9273,9273,TRUE,TRUE
8939,22.5927208464667,39.4233559220043,890.680875176741,3902,6014,9273,9273,9273,9273,9273,9273,TRUE,TRUE
8940,66.7967929721864,60.1270550972174,4016.29445135607,4428,1622,9273,9273,9273,9273,9273,9273,TRUE,TRUE
8941,10.9407557964325,17.2338265657425,188.551087893859,1412,8795,9273,9273,9273,9273,9273,9273,TRUE,TRUE
8942,25.2664673173582,41.6114617054597,1051.3746372085,5028,5502,9273,9273,9273,9273,9273,9273,TRUE,TRUE
8943,50.9985403769686,89.9886898115683,4589.29183082577,53,1354,9273,9273,9273,9273,9273,9273,TRUE,TRUE
8944,33.4385932615648,74.6781085530917,2497.13089744981,4951,2748,9273,9273,9273,9273,9273,9273,TRUE,TRUE
8945,17.4937621390465,35.6890441340582,624.335649051148,2417,6986,9273,9273,9273,9273,9273,9273,TRUE,TRUE
8946,64.9951093099775,96.4800777176387,6270.73319749305,8516,872,9273,9273,9273,9273,9273,9273,TRUE,TRUE
8947,19.5399207220892,32.1347389892948,627.910252275851,1112,6972,9273,9273,9273,9273,9273,9273,TRUE,TRUE
8948,15.7538990429206,40.4042814166047,636.524970338941,8661,6935,9273,9273,9273,9273,9273,9273,TRUE,TRUE
8949,22.9118079565522,39.6723838345449,908.966039595716,1464,5943,9273,9273,9273,9273,9273,9273,TRUE,TRUE
8950,29.9070716889824,106.094060233259,3172.96266517129,2097,2133,9273,9273,9273,9273,9273,9273,TRUE,TRUE
8951,20.4935549225336,29.8324375623538,611.372697657153,1617,7050,9273,9273,9273,9273,9273,9273,TRUE,TRUE
8952,9.33922733200921,32.9515775751185,307.742273922368,6714,8342,9273,9273,9273,9273,9273,9273,TRUE,TRUE
8953,19.373812930584,48.5703567838669,940.993006302356,8688,5827,9273,9273,9273,9273,9273,9273,TRUE,TRUE
8954,31.6450404303415,38.838821161361,1229.05606591807,6633,4986,9273,9273,9273,9273,9273,9273,TRUE,TRUE
8955,20.4584511270126,59.5921598540412,1219.16328992702,5089,5015,9273,9273,9273,9273,9273,9273,TRUE,TRUE
8956,55.8098891935392,168.899942766042,9426.28709056789,338,464,9273,9273,9273,9273,9273,9273,TRUE,TRUE
8957,20.9985370684152,71.3929972263298,1499.14849868235,1074,4300,9273,9273,9273,9273,9273,9273,TRUE,TRUE
8958,13.1719735494264,34.2573046745872,451.236311048303,7932,7690,9273,9273,9273,9273,9273,9273,TRUE,TRUE
8959,26.868776960946,34.852013833533,936.430986333002,1437,5854,9273,9273,9273,9273,9273,9273,TRUE,TRUE
8960,54.4847284558832,79.6321001623431,4338.73335371695,1896,1464,9273,9273,9273,9273,9273,9273,TRUE,TRUE
8961,46.699033941113,56.5158970550921,2639.23779478819,46,2599,9273,9273,9273,9273,9273,9273,TRUE,TRUE
8962,57.1158033768658,32.7323045151436,1869.53186875864,969,3588,9273,9273,9273,9273,9273,9273,TRUE,TRUE
8963,26.3291438299677,28.7212018759354,756.204655161041,9031,6496,9273,9273,9273,9273,9273,9273,TRUE,TRUE
8964,16.7905709329579,15.6272653142611,262.390706747253,4389,8510,9273,9273,9273,9273,9273,9273,TRUE,TRUE
8965,43.5395608563021,33.1052905714656,1441.38981350189,3705,4431,9273,9273,9273,9273,9273,9273,TRUE,TRUE
8966,29.8982207990264,34.0493938576012,1018.01629562757,931,5590,9273,9273,9273,9273,9273,9273,TRUE,TRUE
8967,36.9255862783449,69.1162169447838,2552.15683202742,1373,2689,9273,9273,9273,9273,9273,9273,TRUE,TRUE
8968,29.5017226886322,55.2501329071319,1629.97409953627,6559,4010,9273,9273,9273,9273,9273,9273,TRUE,TRUE
8969,48.7800561172375,59.5207223984354,2903.42417873419,7005,2347,9273,9273,9273,9273,9273,9273,TRUE,TRUE
8970,59.4752018928528,38.5661048650742,2293.72687307122,1252,2991,9273,9273,9273,9273,9273,9273,TRUE,TRUE
8971,45.7789160145654,118.249216817805,5413.32096549041,4790,1087,9273,9273,9273,9273,9273,9273,TRUE,TRUE
8972,22.8760577273923,10.7744790842367,246.477605513579,5450,8565,9273,9273,9273,9273,9273,9273,TRUE,TRUE
8973,18.982814121674,84.1765801468238,1597.90837432535,9028,4076,9273,9273,9273,9273,9273,9273,TRUE,TRUE
8974,35.263074252565,29.4256078051982,1037.63739296156,5075,5537,9273,9273,9273,9273,9273,9273,TRUE,TRUE
8975,27.9496325007025,78.2897537879224,2188.16984694291,6503,3128,9273,9273,9273,9273,9273,9273,TRUE,TRUE
8976,24.9580526277545,102.911482089063,2568.47018597905,2818,2667,9273,9273,9273,9273,9273,9273,TRUE,TRUE
8977,21.0627460302904,18.4964112698879,389.585213049451,8108,7966,9273,9273,9273,9273,9273,9273,TRUE,TRUE
8978,10.3748598098755,5.47307240962982,56.7823589792068,1001,9188,9273,9273,9273,9273,9273,9273,TRUE,TRUE
8979,44.8671105640352,51.4831124185981,2309.89849706589,6064,2973,9273,9273,9273,9273,9273,9273,TRUE,TRUE
8980,18.2480150351878,71.5884727827847,1306.34752768639,8826,4775,9273,9273,9273,9273,9273,9273,TRUE,TRUE
8981,28.0193063334415,59.1595392282943,1657.60925218283,5975,3957,9273,9273,9273,9273,9273,9273,TRUE,TRUE
8982,25.4486905341563,54.9355241775513,1398.03715412616,4144,4539,9273,9273,9273,9273,9273,9273,TRUE,TRUE
8983,48.0440446241847,20.0383300457361,962.722422911484,9120,5760,9273,9273,9273,9273,9273,9273,TRUE,TRUE
8984,14.807695993563,41.8829451737088,620.189919447348,2641,7012,9273,9273,9273,9273,9273,9273,TRUE,TRUE
8985,28.5156261965355,53.1575328355991,1515.82033587,715,4265,9273,9273,9273,9273,9273,9273,TRUE,TRUE
8986,52.4956811697805,92.2530268787711,4842.88548597516,4388,1261,9273,9273,9273,9273,9273,9273,TRUE,TRUE
8987,13.835228121364,33.6448580735213,465.484286558084,363,7640,9273,9273,9273,9273,9273,9273,TRUE,TRUE
8988,116.484596571036,121.31105561172,14130.8693725378,1785,227,9273,9273,9273,9273,9273,9273,TRUE,TRUE
8989,17.0140423705612,22.4309574624766,381.641260678835,1260,8011,9273,9273,9273,9273,9273,9273,TRUE,TRUE
8990,29.2627761752106,41.9138652003089,1226.51605599459,5791,4996,9273,9273,9273,9273,9273,9273,TRUE,TRUE
8991,36.8549436671393,35.5931682075773,1311.78420922528,9103,4764,9273,9273,9273,9273,9273,9273,TRUE,TRUE
8992,10.6064228351127,31.0852055572008,329.702834056068,3338,8250,9273,9273,9273,9273,9273,9273,TRUE,TRUE
8993,28.5106248461085,63.6037969040356,1813.38399231904,372,3680,9273,9273,9273,9273,9273,9273,TRUE,TRUE
8994,44.2950457057682,95.0202615859949,4208.92682992569,7941,1534,9273,9273,9273,9273,9273,9273,TRUE,TRUE
8995,23.7511381561771,38.4497579328853,913.225512735524,4822,5934,9273,9273,9273,9273,9273,9273,TRUE,TRUE
8996,60.4026065259366,65.3174705457043,3945.34547264163,2803,1660,9273,9273,9273,9273,9273,9273,TRUE,TRUE
8997,47.8308900336516,38.0083012251261,1817.97087626491,5061,3673,9273,9273,9273,9273,9273,9273,TRUE,TRUE
8998,18.0546900848884,16.1510006317311,291.601310966743,2835,8397,9273,9273,9273,9273,9273,9273,TRUE,TRUE
8999,11.228216479695,29.76958960957,334.259396647932,6131,8225,9273,9273,9273,9273,9273,9273,TRUE,TRUE
9000,35.9492500499614,26.1605353563735,940.451626967126,6789,5834,9273,9273,9273,9273,9273,9273,TRUE,TRUE
9001,12.904781472683,20.1612920284271,260.177067833797,7252,8519,9273,9273,9273,9273,9273,9273,TRUE,TRUE
9002,24.4718333271896,13.2086390986735,323.239614501737,1962,8280,9273,9273,9273,9273,9273,9273,TRUE,TRUE
9003,37.8139185081602,36.4916245275767,1379.89131611616,7269,4598,9273,9273,9273,9273,9273,9273,TRUE,TRUE
9004,6.18646016839432,12.0655368125602,74.6429629011991,6313,9139,9273,9273,9273,9273,9273,9273,TRUE,TRUE
9005,33.8901668877925,41.3878665819006,1402.6417055903,6898,4527,9273,9273,9273,9273,9273,9273,TRUE,TRUE
9006,31.0906483409474,28.6938006623277,892.108865957676,4423,6008,9273,9273,9273,9273,9273,9273,TRUE,TRUE
9007,14.8987593598609,43.0803944559863,641.844430127627,3607,6913,9273,9273,9273,9273,9273,9273,TRUE,TRUE
9008,72.4273232957393,26.6010884713898,1926.64563473592,9047,3471,9273,9273,9273,9273,9273,9273,TRUE,TRUE
9009,20.4723096847534,20.4285820698738,418.220258554858,3295,7832,9273,9273,9273,9273,9273,9273,TRUE,TRUE
9010,36.8088291883469,63.9490165118015,2353.88842554568,1120,2928,9273,9273,9273,9273,9273,9273,TRUE,TRUE
9011,52.9767943800685,129.456530894309,6858.19201834481,6219,759,9273,9273,9273,9273,9273,9273,TRUE,TRUE
9012,31.2134111954914,130.105906711361,4061.04916514396,3080,1603,9273,9273,9273,9273,9273,9273,TRUE,TRUE
9013,23.5358888842165,60.846253041178,1432.07065059809,2538,4457,9273,9273,9273,9273,9273,9273,TRUE,TRUE
9014,34.6599895505448,40.983513631504,1420.48815421254,1244,4481,9273,9273,9273,9273,9273,9273,TRUE,TRUE
9015,78.1113216377304,191.901953535404,14989.7152155127,5747,202,9273,9273,9273,9273,9273,9273,TRUE,TRUE
9016,15.7564782261848,12.2189648628235,192.527853807596,3807,8779,9273,9273,9273,9273,9273,9273,TRUE,TRUE
9017,33.6077135409816,45.1259743261161,1516.5808184098,3072,4263,9273,9273,9273,9273,9273,9273,TRUE,TRUE
9018,29.3413955109231,79.9477339718966,2345.77808267148,602,2940,9273,9273,9273,9273,9273,9273,TRUE,TRUE
9019,15.0790409489682,16.5063376677664,248.899741609745,3763,8552,9273,9273,9273,9273,9273,9273,TRUE,TRUE
9020,28.9058908919807,40.5532261580699,1172.22713064298,322,5164,9273,9273,9273,9273,9273,9273,TRUE,TRUE
9021,14.513711271286,92.4312938642502,1341.52111157712,5132,4692,9273,9273,9273,9273,9273,9273,TRUE,TRUE
9022,49.0311999704646,61.3483844223607,3007.9849044777,1132,2263,9273,9273,9273,9273,9273,9273,TRUE,TRUE
9023,30.72587945225,95.6708464522262,2939.57089518582,8319,2324,9273,9273,9273,9273,9273,9273,TRUE,TRUE
9024,51.8252133300477,68.1603455484062,3532.42444869592,5609,1903,9273,9273,9273,9273,9273,9273,TRUE,TRUE
9025,44.5385634038184,59.4330643481679,2647.06330475409,2314,2588,9273,9273,9273,9273,9273,9273,TRUE,TRUE
9026,121.319389406427,130.884305923016,15878.8040774643,8308,176,9273,9273,9273,9273,9273,9273,TRUE,TRUE
9027,10.6029465860791,26.304697672526,278.907304384752,3618,8445,9273,9273,9273,9273,9273,9273,TRUE,TRUE
9028,12.7133132904134,10.8865792954222,138.40449324363,1730,8973,9273,9273,9273,9273,9273,9273,TRUE,TRUE
9029,28.4988873394168,29.560331305679,842.436551596382,472,6176,9273,9273,9273,9273,9273,9273,TRUE,TRUE
9030,30.1435632615293,35.0957400900493,1057.91066161459,7076,5485,9273,9273,9273,9273,9273,9273,TRUE,TRUE
9031,15.7396925717843,8.99878817512876,141.638159395134,8882,8963,9273,9273,9273,9273,9273,9273,TRUE,TRUE
9032,42.2867195031939,78.4310770069596,3316.5929537267,3833,2052,9273,9273,9273,9273,9273,9273,TRUE,TRUE
9033,61.493768856515,55.3699309794663,3404.90573725249,1569,1987,9273,9273,9273,9273,9273,9273,TRUE,TRUE
9034,23.6540967680159,71.2166025146606,1684.56440737111,5064,3914,9273,9273,9273,9273,9273,9273,TRUE,TRUE
9035,22.466870863839,33.3702762126923,749.725686361194,5545,6515,9273,9273,9273,9273,9273,9273,TRUE,TRUE
9036,21.5430884969234,44.1410550308228,950.934654876582,7846,5794,9273,9273,9273,9273,9273,9273,TRUE,TRUE
9037,27.2127270707916,33.1680399214589,902.59281785578,1732,5968,9273,9273,9273,9273,9273,9273,TRUE,TRUE
9038,9.0074307382313,11.2923278280608,101.71486078466,1286,9058,9273,9273,9273,9273,9273,9273,TRUE,TRUE
9039,42.917976116819,22.047068671508,946.215566689648,3068,5809,9273,9273,9273,9273,9273,9273,TRUE,TRUE
9040,14.4453078016229,25.2459897295051,364.68609239931,4841,8093,9273,9273,9273,9273,9273,9273,TRUE,TRUE
9041,13.3530760979166,13.5420006148669,180.827364728351,3826,8824,9273,9273,9273,9273,9273,9273,TRUE,TRUE
9042,15.7103382872276,37.5541469208872,589.988352215385,4439,7130,9273,9273,9273,9273,9273,9273,TRUE,TRUE
9043,34.5847187089448,63.2623504600903,2187.91059552891,426,3129,9273,9273,9273,9273,9273,9273,TRUE,TRUE
9044,52.5375303341792,79.2744127596342,4164.88186508352,6218,1551,9273,9273,9273,9273,9273,9273,TRUE,TRUE
9045,45.3343445171009,80.0327133409905,3628.23059923884,232,1834,9273,9273,9273,9273,9273,9273,TRUE,TRUE
9046,50.6356082954029,3.55377934710814,179.947778988461,4565,8829,9273,9273,9273,9273,9273,9273,TRUE,TRUE
9047,11.5149008320224,11.1021704058493,127.840391243569,1178,9008,9273,9273,9273,9273,9273,9273,TRUE,TRUE
9048,15.0345826403426,19.942359217542,299.825047699532,5963,8370,9273,9273,9273,9273,9273,9273,TRUE,TRUE
9049,20.708675026457,56.6470050811768,1173.08441944815,6613,5161,9273,9273,9273,9273,9273,9273,TRUE,TRUE
9050,20.1439065933228,36.8617048537594,742.538739444762,7017,6534,9273,9273,9273,9273,9273,9273,TRUE,TRUE
9051,14.6833449847078,25.5607758548162,375.317689953054,4352,8038,9273,9273,9273,9273,9273,9273,TRUE,TRUE
9052,30.1203076436324,33.5726313199398,1011.21798376283,5292,5611,9273,9273,9273,9273,9273,9273,TRUE,TRUE
9053,54.2335653259641,79.0111280350458,4285.05517376677,3737,1485,9273,9273,9273,9273,9273,9273,TRUE,TRUE
9054,14.7414033559255,36.2359916879812,534.169369474496,1300,7364,9273,9273,9273,9273,9273,9273,TRUE,TRUE
9055,31.8680295562744,19.0030355358124,605.589298114202,7451,7071,9273,9273,9273,9273,9273,9273,TRUE,TRUE
9056,27.795272043078,83.9756017940733,2334.12469684746,7309,2948,9273,9273,9273,9273,9273,9273,TRUE,TRUE
9057,22.9383192221153,37.1178631685218,851.421394202349,2440,6144,9273,9273,9273,9273,9273,9273,TRUE,TRUE
9058,17.2544516801834,53.4579850673676,922.38822026486,9038,5908,9273,9273,9273,9273,9273,9273,TRUE,TRUE
9059,42.7081615436332,16.3713619628813,699.190771400027,6191,6708,9273,9273,9273,9273,9273,9273,TRUE,TRUE
9060,20.5195972753126,28.3731411294756,582.205429412446,3421,7158,9273,9273,9273,9273,9273,9273,TRUE,TRUE
9061,21.3803138384005,33.3103332577682,712.185379112794,8269,6658,9273,9273,9273,9273,9273,9273,TRUE,TRUE
9062,45.1136276858194,87.6419410296849,3953.84589727574,3287,1655,9273,9273,9273,9273,9273,9273,TRUE,TRUE
9063,43.7566141829275,73.2827372073191,3206.60445824953,1399,2113,9273,9273,9273,9273,9273,9273,TRUE,TRUE
9064,31.4389701226745,29.6474277178447,932.08459423547,6037,5868,9273,9273,9273,9273,9273,9273,TRUE,TRUE
9065,45.3650397699933,76.5460462126621,3472.51443067316,6606,1934,9273,9273,9273,9273,9273,9273,TRUE,TRUE
9066,24.8841137151344,75.1995352200511,1871.273785741,5547,3584,9273,9273,9273,9273,9273,9273,TRUE,TRUE
9067,8.30370507177138,35.155369933341,291.919823615483,1741,8395,9273,9273,9273,9273,9273,9273,TRUE,TRUE
9068,19.7585443148092,33.7561752215153,666.972884012775,9195,6823,9273,9273,9273,9273,9273,9273,TRUE,TRUE
9069,20.395713408788,44.8512935411362,914.774129078441,8477,5930,9273,9273,9273,9273,9273,9273,TRUE,TRUE
9070,22.5331515892924,44.3563009880109,999.487254103128,5175,5635,9273,9273,9273,9273,9273,9273,TRUE,TRUE
9071,29.1131938332218,26.6211227966567,775.025908037067,2191,6407,9273,9273,9273,9273,9273,9273,TRUE,TRUE
9072,10.0294454582276,39.4159939366002,395.320561368961,5502,7944,9273,9273,9273,9273,9273,9273,TRUE,TRUE
9073,20.4168461322784,15.1464289665222,309.242309662969,1685,8335,9273,9273,9273,9273,9273,9273,TRUE,TRUE
9074,53.7864307548319,171.249567823751,9210.90302154705,4358,475,9273,9273,9273,9273,9273,9273,TRUE,TRUE
9075,31.0577965658538,7.58490248602264,235.57035838273,8869,8613,9273,9273,9273,9273,9273,9273,TRUE,TRUE
9076,26.2145644283295,28.6127378463745,750.070459744686,2990,6514,9273,9273,9273,9273,9273,9273,TRUE,TRUE
9077,22.0458300981798,22.3329214634556,492.347792179335,8571,7530,9273,9273,9273,9273,9273,9273,TRUE,TRUE
9078,15.0734206649648,59.089174208703,890.67597959317,3794,6015,9273,9273,9273,9273,9273,9273,TRUE,TRUE
9079,21.581395012548,38.0433137719717,821.027782099228,5220,6238,9273,9273,9273,9273,9273,9273,TRUE,TRUE
9080,12.5053856442445,19.9004153613627,248.862368574486,6268,8553,9273,9273,9273,9273,9273,9273,TRUE,TRUE
9081,19.0755251961596,22.274152192415,424.891151369505,3489,7802,9273,9273,9273,9273,9273,9273,TRUE,TRUE
9082,28.6818940349784,77.6768092273241,2227.91801123334,8930,3077,9273,9273,9273,9273,9273,9273,TRUE,TRUE
9083,8.91215845541733,19.3193020389249,172.176681018966,315,8859,9273,9273,9273,9273,9273,9273,TRUE,TRUE
9084,51.9504947365875,56.8872938551433,2955.32306000033,4468,2308,9273,9273,9273,9273,9273,9273,TRUE,TRUE
9085,12.2903226498635,32.8168391622057,403.329541652183,5004,7907,9273,9273,9273,9273,9273,9273,TRUE,TRUE
9086,26.561314214021,39.7155994325876,1054.89851572715,5225,5492,9273,9273,9273,9273,9273,9273,TRUE,TRUE
9087,22.9938229725114,16.8998381525378,388.591886743547,3163,7978,9273,9273,9273,9273,9273,9273,TRUE,TRUE
9088,11.7341330873966,62.7240359830856,736.012186004182,5517,6556,9273,9273,9273,9273,9273,9273,TRUE,TRUE
9089,23.2538928934086,85.9303127188742,1998.2142882618,8785,3365,9273,9273,9273,9273,9273,9273,TRUE,TRUE
9090,11.1494922056231,15.1337556855375,168.733691057705,5513,8869,9273,9273,9273,9273,9273,9273,TRUE,TRUE
9091,26.0203856706619,28.129056084156,731.928887861419,4433,6566,9273,9273,9273,9273,9273,9273,TRUE,TRUE
9092,20.2322090219279,31.3402946991999,634.08339316303,1575,6948,9273,9273,9273,9273,9273,9273,TRUE,TRUE
9093,9.37992118199666,6.44889589945475,60.4901352477871,8666,9179,9273,9273,9273,9273,9273,9273,TRUE,TRUE
9094,21.6784463787386,28.7712086741947,623.715104495028,5952,6992,9273,9273,9273,9273,9273,9273,TRUE,TRUE
9095,42.3117789402448,41.8505536985097,1770.77137661819,2447,3753,9273,9273,9273,9273,9273,9273,TRUE,TRUE
9096,50.8030672839984,21.3635499684374,1085.33386647158,1224,5408,9273,9273,9273,9273,9273,9273,TRUE,TRUE
9097,38.5390478092081,41.1125454933815,1584.43835632767,8475,4099,9273,9273,9273,9273,9273,9273,TRUE,TRUE
9098,29.6335708843206,34.3196280828797,1017.01313151754,2937,5592,9273,9273,9273,9273,9273,9273,TRUE,TRUE
9099,20.9171486758349,64.2209566685191,1343.31929873977,1777,4686,9273,9273,9273,9273,9273,9273,TRUE,TRUE
9100,47.983922688554,33.5897206329718,1611.76655798264,3677,4050,9273,9273,9273,9273,9273,9273,TRUE,TRUE
9101,18.306576269198,32.9183846793881,602.622919792016,1553,7081,9273,9273,9273,9273,9273,9273,TRUE,TRUE
9102,47.4843385560172,50.4678682296995,2396.43334121952,4138,2878,9273,9273,9273,9273,9273,9273,TRUE,TRUE
9103,16.756132374116,7.94046548528409,133.05149078352,1655,8991,9273,9273,9273,9273,9273,9273,TRUE,TRUE
9104,28.5653758366903,498.496984873063,14239.7537263559,3655,224,9273,9273,9273,9273,9273,9273,TRUE,TRUE
9105,44.7713290503199,87.1068910949532,3899.89128376253,7824,1686,9273,9273,9273,9273,9273,9273,TRUE,TRUE
9106,44.0654908481397,107.472467229434,4735.82702112561,5374,1303,9273,9273,9273,9273,9273,9273,TRUE,TRUE
9107,13.9344287123291,55.6758193846936,775.810736216525,8820,6400,9273,9273,9273,9273,9273,9273,TRUE,TRUE
9108,29.3182856342324,130.918267075687,3838.29914886372,7068,1715,9273,9273,9273,9273,9273,9273,TRUE,TRUE
9109,9.24675208872015,57.0064361456669,527.124382500437,5932,7397,9273,9273,9273,9273,9273,9273,TRUE,TRUE
9110,9.73128651380539,18.7866514921188,182.818288304818,1459,8819,9273,9273,9273,9273,9273,9273,TRUE,TRUE
9111,21.8266273674937,13.9199679352645,303.825953090478,1649,8354,9273,9273,9273,9273,9273,9273,TRUE,TRUE
9112,83.8200463104248,65.778738193512,5513.57688162148,2476,1063,9273,9273,9273,9273,9273,9273,TRUE,TRUE
9113,53.2945968577924,54.0300243856309,2879.50836784889,1929,2376,9273,9273,9273,9273,9273,9273,TRUE,TRUE
9114,40.0070300704241,8.37507937431336,335.062052370343,8213,8222,9273,9273,9273,9273,9273,9273,TRUE,TRUE
9115,11.588364579514,25.5310374615239,295.862970197368,2174,8382,9273,9273,9273,9273,9273,9273,TRUE,TRUE
9116,26.1551137651716,91.8241224970136,2401.67037029644,2949,2870,9273,9273,9273,9273,9273,9273,TRUE,TRUE
9117,85.7712284000103,85.6816233004057,7349.01808178274,8426,685,9273,9273,9273,9273,9273,9273,TRUE,TRUE
9118,18.2919824701583,53.1683694074254,972.554881167528,3240,5732,9273,9273,9273,9273,9273,9273,TRUE,TRUE
9119,11.684268402923,53.7222769950908,627.705503626817,3312,6975,9273,9273,9273,9273,9273,9273,TRUE,TRUE
9120,16.0751406596257,8.42011016454452,135.354455264597,6563,8983,9273,9273,9273,9273,9273,9273,TRUE,TRUE
9121,38.522062132383,33.7098800346713,1298.57409317078,6152,4790,9273,9273,9273,9273,9273,9273,TRUE,TRUE
9122,73.6907460052635,96.1256470578782,7083.5706419337,6168,722,9273,9273,9273,9273,9273,9273,TRUE,TRUE
9123,43.4069483166649,47.8287981067385,2076.1021674674,3649,3267,9273,9273,9273,9273,9273,9273,TRUE,TRUE
9124,19.2436486857661,32.1419825982512,618.529021184752,4826,7025,9273,9273,9273,9273,9273,9273,TRUE,TRUE
9125,20.2822331952267,90.1398687519011,1828.23783821319,6104,3653,9273,9273,9273,9273,9273,9273,TRUE,TRUE
9126,58.1201509352291,216.419341112025,12578.3247707337,6177,275,9273,9273,9273,9273,9273,9273,TRUE,TRUE
9127,17.230976923154,27.2919485546075,470.266935732347,8687,7626,9273,9273,9273,9273,9273,9273,TRUE,TRUE
9128,19.9068954102536,45.7669455142731,911.077797599413,4881,5938,9273,9273,9273,9273,9273,9273,TRUE,TRUE
9129,29.5004472755089,178.939417745487,5278.792858711,7805,1117,9273,9273,9273,9273,9273,9273,TRUE,TRUE
9130,22.5446948556339,23.5394900546354,530.690620338985,4227,7382,9273,9273,9273,9273,9273,9273,TRUE,TRUE
9131,51.6525488830194,67.9521361973874,3509.90103664114,6073,1913,9273,9273,9273,9273,9273,9273,TRUE,TRUE
9132,11.7504964700112,26.5005383124718,311.394481894097,7197,8330,9273,9273,9273,9273,9273,9273,TRUE,TRUE
9133,29.8610082773062,67.9183064409967,2028.10911081522,4717,3325,9273,9273,9273,9273,9273,9273,TRUE,TRUE
9134,15.2025367744326,59.571443032092,905.637053401393,8081,5953,9273,9273,9273,9273,9273,9273,TRUE,TRUE
9135,13.0562230350712,49.8187687290756,650.444955859442,3539,6886,9273,9273,9273,9273,9273,9273,TRUE,TRUE
9136,16.5197191238403,68.4223809643327,1130.31851531517,4417,5274,9273,9273,9273,9273,9273,9273,TRUE,TRUE
9137,32.2721085158905,82.4174449939539,2659.78472844732,1810,2573,9273,9273,9273,9273,9273,9273,TRUE,TRUE
9138,20.8808632763949,8.90966189991344,186.041431970998,8002,8806,9273,9273,9273,9273,9273,9273,TRUE,TRUE
9139,63.6135963421294,32.2113033752868,2049.07685056936,9004,3303,9273,9273,9273,9273,9273,9273,TRUE,TRUE
9140,22.0771209085631,138.79424150554,3064.1772511301,6825,2218,9273,9273,9273,9273,9273,9273,TRUE,TRUE
9141,92.3928720248144,108.556232359634,10029.8220838997,5812,411,9273,9273,9273,9273,9273,9273,TRUE,TRUE
9142,46.151406496057,68.3576828292196,3154.80320737985,7223,2153,9273,9273,9273,9273,9273,9273,TRUE,TRUE
9143,91.5968584608701,255.586953764161,23410.9620283807,7211,81,9273,9273,9273,9273,9273,9273,TRUE,TRUE
9144,17.8647465546926,31.1413976192474,556.333175826763,4078,7270,9273,9273,9273,9273,9273,9273,TRUE,TRUE
9145,29.3993130100584,42.0150334997085,1235.21312098602,6536,4963,9273,9273,9273,9273,9273,9273,TRUE,TRUE
9146,21.7734568086006,36.403955216601,792.639946570891,4339,6336,9273,9273,9273,9273,9273,9273,TRUE,TRUE
9147,78.900247168752,58.2676063512279,4597.32854304342,4111,1352,9273,9273,9273,9273,9273,9273,TRUE,TRUE
9148,23.2699834148279,50.6565480665727,1178.77703336158,2553,5138,9273,9273,9273,9273,9273,9273,TRUE,TRUE
9149,13.6704086053371,49.0667735099793,670.762842826949,2561,6813,9273,9273,9273,9273,9273,9273,TRUE,TRUE
9150,32.0006499133483,47.7276954317289,1527.31727268167,300,4236,9273,9273,9273,9273,9273,9273,TRUE,TRUE
9151,36.0031820018002,51.4113638193968,1850.97268855051,649,3610,9273,9273,9273,9273,9273,9273,TRUE,TRUE
9152,12.4638205446732,41.8028117458579,521.022743863131,3992,7420,9273,9273,9273,9273,9273,9273,TRUE,TRUE
9153,39.8406710737868,36.1219817233991,1439.12399237528,6982,4438,9273,9273,9273,9273,9273,9273,TRUE,TRUE
9154,12.1990132144571,45.0750957442915,549.871688627529,5508,7294,9273,9273,9273,9273,9273,9273,TRUE,TRUE
9155,70.0193208853404,89.6840609892821,6279.61704470898,8517,869,9273,9273,9273,9273,9273,9273,TRUE,TRUE
9156,37.6383308371419,42.9744690402308,1617.48728328672,7012,4039,9273,9273,9273,9273,9273,9273,TRUE,TRUE
9157,13.6556012026469,39.3891835276286,537.882981951164,4211,7350,9273,9273,9273,9273,9273,9273,TRUE,TRUE
9158,28.2099076009885,33.3465240684288,940.702362784515,5561,5830,9273,9273,9273,9273,9273,9273,TRUE,TRUE
9159,15.9183693397336,22.5323862680575,358.67884672048,2167,8120,9273,9273,9273,9273,9273,9273,TRUE,TRUE
9160,55.2883074982913,77.397565415565,4279.18039631487,5039,1489,9273,9273,9273,9273,9273,9273,TRUE,TRUE
9161,20.5894451936086,62.0848445362515,1278.29250393286,8123,4848,9273,9273,9273,9273,9273,9273,TRUE,TRUE
9162,37.807697335879,16.9442708790302,640.623864971524,7158,6919,9273,9273,9273,9273,9273,9273,TRUE,TRUE
9163,26.1321886708186,53.9435742070125,1409.66365875596,5301,4509,9273,9273,9273,9273,9273,9273,TRUE,TRUE
9164,41.3245962171844,20.1849410630236,834.134539097113,6804,6197,9273,9273,9273,9273,9273,9273,TRUE,TRUE
9165,60.4097456007482,64.2837537919254,3883.36521283135,6993,1697,9273,9273,9273,9273,9273,9273,TRUE,TRUE
9166,28.4508068812521,19.762037155921,562.245902703237,1968,7239,9273,9273,9273,9273,9273,9273,TRUE,TRUE
9167,15.0352400958538,72.1936074590683,1085.44822153291,2600,5407,9273,9273,9273,9273,9273,9273,TRUE,TRUE
9168,28.5695659612355,23.3660889374582,667.559019154807,1184,6821,9273,9273,9273,9273,9273,9273,TRUE,TRUE
9169,14.8342619959513,59.0356895870633,875.750886446153,7928,6068,9273,9273,9273,9273,9273,9273,TRUE,TRUE
9170,42.2196775104371,55.7068650707877,2351.92587840609,4470,2931,9273,9273,9273,9273,9273,9273,TRUE,TRUE
9171,46.8150367509751,69.2770874613807,3243.20939550506,6051,2086,9273,9273,9273,9273,9273,9273,TRUE,TRUE
9172,31.9749220133523,101.327371958741,3239.93481619868,2956,2087,9273,9273,9273,9273,9273,9273,TRUE,TRUE
9173,44.346447472703,80.5444214082744,3571.85895320129,633,1878,9273,9273,9273,9273,9273,9273,TRUE,TRUE
9174,30.1390008610838,104.725930000053,3156.33489444939,7338,2150,9273,9273,9273,9273,9273,9273,TRUE,TRUE
9175,26.3445424433774,27.8577046814205,733.898483354756,8396,6562,9273,9273,9273,9273,9273,9273,TRUE,TRUE
9176,45.7024288781345,19.5979118492926,895.672172452245,4596,5990,9273,9273,9273,9273,9273,9273,TRUE,TRUE
9177,36.401272866521,52.467366365286,1909.8789196505,5817,3506,9273,9273,9273,9273,9273,9273,TRUE,TRUE
9178,23.0482063410234,24.9158760051338,574.266251333676,3958,7187,9273,9273,9273,9273,9273,9273,TRUE,TRUE
9179,13.7627632983269,17.7166720532602,243.830363903104,9093,8582,9273,9273,9273,9273,9273,9273,TRUE,TRUE
9180,49.6179684754119,156.304874718033,7755.53034631256,765,632,9273,9273,9273,9273,9273,9273,TRUE,TRUE
9181,33.9732750433463,61.4719788822127,2088.40444602419,4765,3249,9273,9273,9273,9273,9273,9273,TRUE,TRUE
9182,13.3496436114164,3.14922676872961,42.0410550140727,6001,9205,9273,9273,9273,9273,9273,9273,TRUE,TRUE
9183,41.5560372857487,15.0241291663226,624.343271821606,3396,6985,9273,9273,9273,9273,9273,9273,TRUE,TRUE
9184,23.1134014969352,18.9400354421364,437.76864354028,1264,7745,9273,9273,9273,9273,9273,9273,TRUE,TRUE
9185,2.00839406609535,12.4480799198151,25.0006498452373,8497,9226,9273,9273,9273,9273,9273,9273,TRUE,TRUE
9186,24.5827756208532,35.6948016513796,877.477299826726,5305,6060,9273,9273,9273,9273,9273,9273,TRUE,TRUE
9187,14.4019541221579,55.6738279199353,801.811915507823,7051,6304,9273,9273,9273,9273,9273,9273,TRUE,TRUE
9188,61.2389516423664,73.7023116446219,4513.45229873562,8978,1389,9273,9273,9273,9273,9273,9273,TRUE,TRUE
9189,23.334766626358,77.1937955329407,1801.29920376397,6644,3708,9273,9273,9273,9273,9273,9273,TRUE,TRUE
9190,32.6775038001592,142.977392675046,4672.14429247565,58,1326,9273,9273,9273,9273,9273,9273,TRUE,TRUE
9191,22.6859957695007,10.5643209934235,239.662141364452,3682,8599,9273,9273,9273,9273,9273,9273,TRUE,TRUE
9192,7.63493386430478,40.3795830175417,308.295445807136,5710,8338,9273,9273,9273,9273,9273,9273,TRUE,TRUE
9193,14.515894267077,18.3757248862845,266.740079530201,7353,8489,9273,9273,9273,9273,9273,9273,TRUE,TRUE
9194,18.2532910891005,30.9585600456421,565.095608212503,4794,7225,9273,9273,9273,9273,9273,9273,TRUE,TRUE
9195,9.59813326954842,10.3861185359955,99.6873498618118,7251,9068,9273,9273,9273,9273,9273,9273,TRUE,TRUE
9196,19.0298359137774,62.1385271787644,1182.48597613568,5623,5124,9273,9273,9273,9273,9273,9273,TRUE,TRUE
9197,30.8084525291262,82.0412873009156,2527.56510523866,5350,2716,9273,9273,9273,9273,9273,9273,TRUE,TRUE
9198,34.9766754508019,38.908454588775,1360.88838844384,2502,4645,9273,9273,9273,9273,9273,9273,TRUE,TRUE
9199,12.7029200056212,29.6571280526333,376.732125249064,6787,8028,9273,9273,9273,9273,9273,9273,TRUE,TRUE
9200,23.8752028560993,30.4149574258514,726.163278401825,7630,6593,9273,9273,9273,9273,9273,9273,TRUE,TRUE
9201,14.850498366085,48.6343283870004,722.244014246788,3752,6608,9273,9273,9273,9273,9273,9273,TRUE,TRUE
9202,25.7540695881844,59.5674710273743,1534.10479403115,934,4214,9273,9273,9273,9273,9273,9273,TRUE,TRUE
9203,15.3738809494951,71.3234269888692,1096.51787543688,3803,5378,9273,9273,9273,9273,9273,9273,TRUE,TRUE
9204,42.0551975935944,59.5800629726126,2505.65132095202,7397,2734,9273,9273,9273,9273,9273,9273,TRUE,TRUE
9205,18.6168086137721,46.1713060651507,859.562368462806,9182,6117,9273,9273,9273,9273,9273,9273,TRUE,TRUE
9206,25.2315978923282,37.9751912407253,958.174755270243,7124,5778,9273,9273,9273,9273,9273,9273,TRUE,TRUE
9207,5.2891509215037,29.2745700359345,154.837619082187,1746,8923,9273,9273,9273,9273,9273,9273,TRUE,TRUE
9208,13.714506015022,15.6171170342913,214.181045504091,4904,8694,9273,9273,9273,9273,9273,9273,TRUE,TRUE
9209,27.5767892219018,49.1291800823765,1354.82504377655,5877,4660,9273,9273,9273,9273,9273,9273,TRUE,TRUE
9210,15.9133133573028,29.0053569582792,461.57133431752,4930,7647,9273,9273,9273,9273,9273,9273,TRUE,TRUE
9211,14.3139778375626,14.9300570249558,213.708505368762,7122,8695,9273,9273,9273,9273,9273,9273,TRUE,TRUE
9212,31.0228856354952,98.2006353139877,3046.46707867881,2531,2231,9273,9273,9273,9273,9273,9273,TRUE,TRUE
9213,9.54265442848206,49.0030827522278,467.619484634819,7810,7633,9273,9273,9273,9273,9273,9273,TRUE,TRUE
9214,6.13614702184995,52.9403807004293,324.849959370542,5333,8269,9273,9273,9273,9273,9273,9273,TRUE,TRUE
9215,13.8282312554535,42.0834436013259,581.93959014497,3526,7159,9273,9273,9273,9273,9273,9273,TRUE,TRUE
9216,8.19598130204461,31.8780668973923,261.272040236354,4542,8515,9273,9273,9273,9273,9273,9273,TRUE,TRUE
9217,12.6428604703961,13.808063622677,174.573421747857,2866,8848,9273,9273,9273,9273,9273,9273,TRUE,TRUE
9218,29.7542836486733,63.2095185163253,1880.75394323081,8641,3570,9273,9273,9273,9273,9273,9273,TRUE,TRUE
9219,34.4451699561261,106.265817474812,3660.34414344656,5708,1812,9273,9273,9273,9273,9273,9273,TRUE,TRUE
9220,21.5368271506835,178.826014930511,3851.34497360397,1987,1709,9273,9273,9273,9273,9273,9273,TRUE,TRUE
9221,23.90757429427,46.3375816022716,1107.81917477311,8690,5347,9273,9273,9273,9273,9273,9273,TRUE,TRUE
9222,7.84238580777095,41.7481092775785,327.404779699752,8436,8260,9273,9273,9273,9273,9273,9273,TRUE,TRUE
9223,26.6772624438829,19.6366619700835,523.852384897732,1537,7410,9273,9273,9273,9273,9273,9273,TRUE,TRUE
9224,27.1174207354124,23.3080075487328,632.053047203156,5182,6953,9273,9273,9273,9273,9273,9273,TRUE,TRUE
9225,29.0379536515575,32.3811100499105,940.281172815284,301,5835,9273,9273,9273,9273,9273,9273,TRUE,TRUE
9226,30.2234270289106,40.2850215643355,1217.55140960779,9185,5018,9273,9273,9273,9273,9273,9273,TRUE,TRUE
9227,5.83015932740465,85.9324714962372,501.000000220721,2056,7499,9273,9273,9273,9273,9273,9273,TRUE,TRUE
9228,1173.05864616128,3505.15667872386,4111754.34812697,3701,5,9273,9273,9273,9273,9273,9273,TRUE,TRUE
9229,89.5567555522919,16.3810544490814,1467.03408898517,1844,4379,9273,9273,9273,9273,9273,9273,TRUE,TRUE
9230,42.4627499512694,48.7602030967688,2070.4923116712,1336,3276,9273,9273,9273,9273,9273,9273,TRUE,TRUE
9231,18.264878356818,18.6061535604072,339.839131469114,4899,8200,9273,9273,9273,9273,9273,9273,TRUE,TRUE
9232,7.20561675201228,27.0778297447864,195.112463617169,6423,8768,9273,9273,9273,9273,9273,9273,TRUE,TRUE
9233,5.18253060368931,45.8810033910415,237.779704202045,2223,8607,9273,9273,9273,9273,9273,9273,TRUE,TRUE
9234,25.6482738643695,33.1659852775039,850.650273379067,1282,6146,9273,9273,9273,9273,9273,9273,TRUE,TRUE
9235,33.3565226813268,37.8856100210265,1263.73220996227,7757,4889,9273,9273,9273,9273,9273,9273,TRUE,TRUE
9236,20.7345000248329,65.79911366631,1364.31172394809,2827,4637,9273,9273,9273,9273,9273,9273,TRUE,TRUE
9237,20.4093097177603,26.0774772934994,532.22331074089,186,7373,9273,9273,9273,9273,9273,9273,TRUE,TRUE
9238,24.5089949290831,63.0809515649146,1546.05072202623,2275,4183,9273,9273,9273,9273,9273,9273,TRUE,TRUE
9239,38.6849170533438,64.521303346422,2496.00126812997,7651,2752,9273,9273,9273,9273,9273,9273,TRUE,TRUE
9240,29.2832298716144,52.2378468936717,1529.69287858559,879,4228,9273,9273,9273,9273,9273,9273,TRUE,TRUE
9241,15.6660678869412,34.4569696661867,539.805225968755,7691,7339,9273,9273,9273,9273,9273,9273,TRUE,TRUE
9242,34.4784839076381,54.9565803235577,1894.8195703046,2634,3540,9273,9273,9273,9273,9273,9273,TRUE,TRUE
9243,21.542684776027,69.6009352149033,1499.39100745134,3738,4299,9273,9273,9273,9273,9273,9273,TRUE,TRUE
9244,55.5635980878558,77.6326884315128,4313.5514984883,9250,1476,9273,9273,9273,9273,9273,9273,TRUE,TRUE
9245,20.3920820209601,37.091748253982,756.377972696005,5318,6494,9273,9273,9273,9273,9273,9273,TRUE,TRUE
9246,10.9311099149924,36.6228171511654,400.328039676057,4469,7921,9273,9273,9273,9273,9273,9273,TRUE,TRUE
9247,36.9764717752408,34.5737247002501,1278.41435554374,2962,4846,9273,9273,9273,9273,9273,9273,TRUE,TRUE
9248,12.5025656663688,17.8193286421952,222.787326479652,8670,8666,9273,9273,9273,9273,9273,9273,TRUE,TRUE
9249,18.2724927174367,136.904431474887,2501.58522710968,1276,2737,9273,9273,9273,9273,9273,9273,TRUE,TRUE
9250,3.17293802371695,4.31282224733967,13.6843176981164,3073,9244,9273,9273,9273,9273,9273,9273,TRUE,TRUE
9251,52.405438988674,68.6308217949984,3596.62834432034,246,1856,9273,9273,9273,9273,9273,9273,TRUE,TRUE
9252,74.029366817671,107.27024019379,7941.14795992574,1114,605,9273,9273,9273,9273,9273,9273,TRUE,TRUE
9253,19.1872455862721,39.1221394561695,750.646097605908,2114,6509,9273,9273,9273,9273,9273,9273,TRUE,TRUE
9254,17.9938292056322,27.7692598150327,499.675318278524,5973,7503,9273,9273,9273,9273,9273,9273,TRUE,TRUE
9255,45.2412437028523,42.5794733916657,1926.34833245146,5588,3473,9273,9273,9273,9273,9273,9273,TRUE,TRUE
9256,39.7730166159655,47.5536882668847,1891.35363358925,1674,3548,9273,9273,9273,9273,9273,9273,TRUE,TRUE
9257,31.4389786985185,18.3142993847529,575.782868235538,5983,7181,9273,9273,9273,9273,9273,9273,TRUE,TRUE
9258,32.8463689836405,49.9414882215403,1640.39654971685,2901,3984,9273,9273,9273,9273,9273,9273,TRUE,TRUE
9259,67.3908583030298,74.3849108559745,5012.86298737848,8792,1199,9273,9273,9273,9273,9273,9273,TRUE,TRUE
9260,47.0208121493347,157.98130979036,7428.40949075838,5672,676,9273,9273,9273,9273,9273,9273,TRUE,TRUE
9261,43.4792235587773,132.86335335698,5776.79544337697,420,985,9273,9273,9273,9273,9273,9273,TRUE,TRUE
9262,36.7808009028984,53.3758383632256,1963.20608386309,747,3415,9273,9273,9273,9273,9273,9273,TRUE,TRUE
9263,40.7628500376152,36.0034884847337,1467.6048019342,1274,4377,9273,9273,9273,9273,9273,9273,TRUE,TRUE
9264,42.291935264033,67.2165715306688,2842.71889184529,2456,2409,9273,9273,9273,9273,9273,9273,TRUE,TRUE
9265,26.5875384613819,98.9012800206565,2629.54158642911,3430,2606,9273,9273,9273,9273,9273,9273,TRUE,TRUE
9266,33.9470093435348,25.9792449376354,881.917670635891,5053,6046,9273,9273,9273,9273,9273,9273,TRUE,TRUE
9267,26.3029615866706,21.7103118105874,571.045497588519,5189,7204,9273,9273,9273,9273,9273,9273,TRUE,TRUE
9268,24.3461779589747,83.4563147133472,2031.84228981135,5694,3321,9273,9273,9273,9273,9273,9273,TRUE,TRUE
9269,14.5359133243561,29.5291566848755,429.23326211268,5709,7782,9273,9273,9273,9273,9273,9273,TRUE,TRUE
9270,28.4771331138909,119.067232385278,3390.69342613813,5827,2002,9273,9273,9273,9273,9273,9273,TRUE,TRUE
9271,9.31473309220494,51.3664445516226,478.464720893909,6401,7590,9273,9273,9273,9273,9273,9273,TRUE,TRUE
9272,178.224711473886,434.606333261961,77457.5883503365,7890,11,9273,9273,9273,9273,9273,9273,TRUE,TRUE
9273,21.5381362011558,20.2845578243858,436.891569201842,8754,7749,9273,9273,9273,9273,9273,9273,TRUE,TRUE
