,Prediction,Reliability
AAACGAAAGAAGCCGT-1,Novel (Most Unreliable),1.3913635710227738e-73
AAACGAAAGAGTGGAA-1,OEC,0.9964341912015072
AAACGAAAGTCTTAGC-1,OEC,0.9940985274210604
AAACGAAGTACCAAGG-1,OEC,0.995901379294673
AAACGAAGTCACAGGA-1,Astrocytes,0.9960314154065634
AAACGAATCAGGCCGT-1,OEC,0.9963883178983526
AAACGAATCGTTCAGA-1,Novel (Most Unreliable),1.787624852532829e-68
AAACGAATCTGACTTT-1,OPC,0.9957766424870323
AAACTCGAGAGAAGCA-1,OEC,0.9963118496535968
AAACTCGAGTGCTGAG-1,COP-NFOL,0.9844430582996327
AAACTCGAGTGTCGGA-1,OPC,0.9916697610803712
AAACTCGCAATCAGGG-1,OEC,0.9949382914733064
AAACTCGCACTGTCGG-1,Novel (Most Unreliable),6.384196298253024e-28
AAACTCGGTGCGCTCA-1,OEC,0.9960435443271828
AAACTCGTCAACACGT-1,Pericytes,0.9951708419424308
AAACTGCAGAGGTGGG-1,Novel (Most Unreliable),0.1257920065854563
AAACTGCAGGAACCGT-1,OEC,0.9942512516978596
AAACTGCAGTCCCTCT-1,Novel (Most Unreliable),1.6754971730153934e-82
AAACTGCCAACCTCCT-1,OEC,0.99490961816865
AAACTGCCACCACAGC-1,Astrocytes,0.9928161968816596
AAACTGCCAGATTTGC-1,OPC,0.9960354650632236
AAACTGCGTTGGCGAA-1,OEC,0.996095662487836
AAAGATGAGCGAGAAA-1,Oligodendrocytes,0.9941622671645672
AAAGATGCAGATGGCA-1,OPC,0.9946396375287012
AAAGATGCATGTGGGA-1,Novel (Most Unreliable),1.0579899502089049e-50
AAAGATGGTGAAACAT-1,Oligodendrocytes,0.9961011397174584
AAAGATGTCCGGGCAT-1,Novel (Most Unreliable),1.2430253155587104e-79
AAAGGATAGTCCGGAA-1,OEC,0.9961072085796614
AAAGGATCAACGTAGG-1,Novel (Most Unreliable),1.804185831594792e-64
AAAGGATCATACCCGG-1,OEC,0.9961800703233298
AAAGGATGTATCATGC-1,OEC,0.9961290031064166
AAAGGATTCATAGGTC-1,OEC,0.9962023095625704
AAAGGGCAGACAGTGC-1,OPC,0.994506420762414
AAAGGGCAGGATCCTT-1,Novel (Most Unreliable),6.803751134345594e-90
AAAGGGCCACCGTCTT-1,OPC,0.9956049012982576
AAAGGGCCATTCTCGC-1,COP-NFOL,0.996498049676408
AAAGGGCGTAGTTTGC-1,Novel (Most Unreliable),1.2964895315160926e-67
AAAGGGCGTTACACTG-1,Astrocytes,0.9960269691442089
AAAGGGCTCACCCTTG-1,OPC,0.99565891833992
AAAGGGCTCAGTGTGT-1,OEC,0.9956357494342952
AAATGAGAGACTAGCG-1,OEC,0.9960552003843346
AAATGAGAGAGTGGAA-1,Novel (Most Unreliable),2.150540022735174e-88
AAATGAGAGTATACCC-1,Novel (Most Unreliable),2.3722460726887004e-40
AAATGAGCAACGTAGG-1,OEC,0.9931499508251384
AAATGAGCACTTATGG-1,VEC,0.9867495078920367
AAATGAGTCGATATGC-1,Novel (Most Unreliable),2.764939976002841e-63
AAATGAGTCTATGAGC-1,OPC,0.996403524044879
AAATGCCAGGCACCTC-1,OPC,0.9778860431517014
AAATGCCCAATGGTCT-1,OEC,0.981716391928952
AAATGCCTCCAACGCG-1,Novel (Most Unreliable),3.5227742019964747e-19
AAATGCCTCCGTGCAG-1,Astrocytes,0.9965854585821212
AACAAAGCAACGACAG-1,OPC,0.996300437533092
AACAAAGCACAGTTAC-1,OEC,0.996183914216484
AACAAAGCAGTGCGAA-1,OEC,0.9961162379959226
AACAAAGCATTCTTTG-1,OEC,0.9756799859724312
AACAAAGGTACGTATC-1,OPC,0.9958351276822234
AACAAAGTCAGCCGGT-1,OEC,0.9963008496494928
AACAGTCCACCTACCT-1,Astrocytes,0.9956248478180996
AACAGTCCATTCCCGT-1,OPC,0.9963567369992544
AACAGTCGTAAACCCT-1,OEC,0.996341139436038
AACAGTCGTAGGTGAC-1,VLMC,0.9959781447126224
AACAGTCGTCGAGGAT-1,Novel (Most Unreliable),5.117507287808461e-51
AACAGTCGTGATCAGG-1,OEC,0.9952880149987916
AACATCGAGAATGCTA-1,COP-NFOL,0.9965398753394572
AACATCGAGAGGCGGA-1,Novel (Most Unreliable),2.372156974874436e-09
AACATCGAGATGTTGA-1,Novel (Most Unreliable),0.3780950963295065
AACATCGGTCATGAGG-1,OEC,0.9948211218323084
AACCAACAGAGTTTGA-1,Novel (Most Unreliable),0.816159444905962
AACCAACAGGATTAAC-1,Novel (Most Unreliable),1.1304054572983724e-35
AACCAACAGTGAGCAC-1,COP-NFOL,0.9964184666705894
AACCAACAGTGTCGCC-1,OEC,0.9920939602467626
AACCAACCACAGAAGC-1,OPC,0.9961994842564712
AACCAACCAGGAGCAT-1,OEC,0.9957327029376346
AACCAACGTGATGCGA-1,OEC,0.9960986837174688
AACCAACTCCGAGAGA-1,OPC,0.9945831218010602
AACCGATAGGTCTTTG-1,VLMC,0.9924453201606456
AACCGATCATTCACCC-1,COP-NFOL,0.9966019893073984
AACCGATGTCTGATTG-1,Novel (Most Unreliable),2.662007037561726e-25
AACCGATGTTTGATCG-1,Novel (Most Unreliable),0.7965200474013002
AACCGATTCGAGAACG-1,VEC,0.9962794384529652
AACCTGAAGAGTGGAA-1,OPC,0.9924070614071964
AACCTGAAGATATGAC-1,Novel (Most Unreliable),2.203461017534904e-71
AACCTGAAGGGAGTTC-1,OPC,0.9963300417398586
AACCTGACATGGCCTG-1,OEC,0.996154630630221
AACCTGACATTCACGA-1,OEC,0.9953035103294564
AACCTGAGTAGGTGAC-1,Novel (Most Unreliable),0.0080591812348966
AACCTGATCAGGTCTA-1,COP-NFOL,0.9964342447061918
AACCTTTAGGATCCTT-1,Novel (Most Unreliable),3.2529420052481685e-17
AACCTTTCAGAAAGAG-1,Novel (Most Unreliable),5.361854007278538e-119
AACCTTTGTTAACTCG-1,COP-NFOL,0.9962804327306662
AACCTTTTCCAGAGAG-1,Oligodendrocytes,0.996267041621615
AACCTTTTCCTATCAT-1,OPC,0.989151504944543
AACCTTTTCGTGGGTC-1,OEC,0.9958245594622066
AACCTTTTCTCCCTTT-1,COP-NFOL,0.9966247024460572
AACGAGGAGAGGCCTA-1,Novel (Most Unreliable),7.353489312530247e-39
AACGAGGAGGTCACTT-1,OEC,0.9956844650225194
AACGAGGCAATGCATC-1,OEC,0.9930252668784988
AACGAGGCACTGAAGG-1,OEC,0.9959352375331724
AACGAGGTCTTAACGG-1,Novel (Most Unreliable),0.2943821960609291
AACGAGGTCTTGTCAT-1,OPC,0.9267576400168114
AACGGGAAGGACTTTC-1,Novel (Most Unreliable),4.914425624763815e-46
AACGGGAAGTTGAATG-1,Novel (Most Unreliable),0.0048554932791412
AACGGGACAATTCAGC-1,Oligodendrocytes,0.9878912923070662
AACGGGACACGCGTTG-1,OEC,0.9959193730049798
AACGGGACATAGACGG-1,OPC,0.9780345238033568
AACGGGAGTTCAGTTG-1,Novel (Most Unreliable),6.208716482321207e-13
AACGTACCAAGTTCGT-1,Novel (Most Unreliable),9.456460306104833e-19
AACGTACCACTGTTAG-1,Novel (Most Unreliable),2.5329361736921666e-29
AACGTACGTCGAGAAC-1,Novel (Most Unreliable),8.407875081420642e-50
AACGTACTCCCAGTAA-1,Novel (Most Unreliable),2.68411444366612e-105
AACGTACTCCTAGAGT-1,VLMC,0.9966180629999744
AACTGGTAGTGATAAC-1,Oligodendrocytes,0.9942550136739242
AACTGGTCATGTAGAA-1,OEC,0.9961601087002964
AACTGGTGTTAGTAGA-1,Astrocytes,0.9966832922166976
AACTGGTGTTTGTACG-1,OPC,0.995240159898829
AACTGGTTCATCGCTC-1,OEC,0.9942562591433284
AACTGGTTCGTTCAGA-1,OEC,0.996167289244968
AACTGTGAGATCTCAC-1,Novel (Most Unreliable),2.9987374613090156e-48
AACTGTGAGGAGTACC-1,OEC,0.9961238672270724
AACTGTGGTGCCGGTT-1,Novel (Most Unreliable),1.261166351974043e-44
AACTGTGTCAGGATCT-1,OEC,0.9960391338587284
AACTGTGTCTATCTTG-1,COP-NFOL,0.9966677102212872
AACTTGGAGAAAGGGT-1,OEC,0.9959023373688468
AACTTGGAGGCGTCCT-1,COP-NFOL,0.9963436622492527
AACTTGGCAACGTCCG-1,OEC,0.99598248021365
AACTTGGCAAGGAACC-1,OPC,0.9944622543649172
AACTTGGGTATTCGCA-1,OEC,0.9780723704546874
AACTTGGGTCGTAATC-1,OEC,0.9965718618711332
AACTTGGGTCTGGTCG-1,Novel (Most Unreliable),5.927070524172635e-99
AACTTGGTCAGGCCGT-1,OPC,0.9956588925494196
AACTTGGTCCTTGACC-1,VLMC,0.9066558187330448
AACTTGGTCTTAAGCG-1,Novel (Most Unreliable),1.0476927342841508e-30
AAGATAGAGAGTAAGG-1,OEC,0.995867828838321
AAGATAGAGATGTTCC-1,Novel (Most Unreliable),0.6738241388888914
AAGATAGAGCGGACAT-1,COP-NFOL,0.9960881784736604
AAGATAGAGGTACATA-1,OPC,0.994478474795796
AAGATAGCATGGTTTG-1,Novel (Most Unreliable),2.118247116532372e-26
AAGATAGGTGTCGGTC-1,OEC,0.9962447982065668
AAGATAGTCTATTGTC-1,VLMC,0.9939803208295532
AAGATAGTCTCGACCT-1,Novel (Most Unreliable),1.5804090247844385e-52
AAGGAGCCAGGGTAAC-1,Novel (Most Unreliable),0.1154922545283159
AAGGAGCCATGGCCGT-1,OEC,0.9917972680249832
AAGGAGCGTAACTGAA-1,OPC,0.9953158280060812
AAGGAGCTCACTGATG-1,OEC,0.9955502342054904
AAGGAGCTCAGGTTTG-1,OEC,0.9955949950172563
AAGGAGCTCCCTACCA-1,COP-NFOL,0.9965817174623386
AAGGAGCTCGACTCGG-1,OPC,0.9957118935617836
AAGGAGCTCGATGTAC-1,OEC,0.9964825144277776
AAGGAGCTCGTGGCGT-1,Novel (Most Unreliable),0.1836454116583357
AAGGTTCCAATCAGGG-1,Novel (Most Unreliable),0.5276584475259511
AAGGTTCCACTTATGG-1,OPC,0.993936124790448
AAGGTTCCATGGTAAA-1,Novel (Most Unreliable),1.7059209667588786e-79
AAGGTTCTCGTGTGCG-1,Novel (Most Unreliable),1.2493472099183962e-35
AAGGTTCTCTCGCGGA-1,COP-NFOL,0.9948325941435016
AATACGCAGTGTGTAA-1,OEC,0.995864940650768
AATACGCCACTTATGG-1,Novel (Most Unreliable),4.814042706045639e-33
AATACGCGTATGGGTG-1,Oligodendrocytes,0.9961445598327316
AATACGCGTGAATCGG-1,OPC,0.9954482313842736
AATACGCGTTTCGATG-1,OEC,0.9961313141305332
AATACGCTCACTCCCA-1,OPC,0.9915055500988244
AATACGCTCGTGGAAG-1,OPC,0.9958213569452692
AATACGCTCTAGCAAC-1,OPC,0.9687762583608932
AATGCCACAGCGTGAA-1,OEC,0.995898729543414
AATGCCACATATTGGC-1,OEC,0.995844601537308
AATGCCAGTCATTGCA-1,OEC,0.9962441161840614
AATGGAACAAGCGTCC-1,OPC,0.9524500714454752
AATGGAACACTCAGCG-1,VEC,0.9965196159153712
AATGGAACAGCACATT-1,OEC,0.9948164730125768
AATGGAACATCAGAAA-1,Astrocytes,0.9962705176982763
AATGGAAGTAAGCCGA-1,VEC,0.99652532634793
AATGGAAGTTAACCAC-1,VEC,0.9881647034943026
AATGGAAGTTCCTGTC-1,OPC,0.9909103709935791
AATGGAATCCCAATAG-1,VLMC,0.9937828599623996
AATGGAATCGGTCTCT-1,COP-NFOL,0.99000288743791
AATGGCTAGTACAACA-1,Astrocytes,0.992611889550036
AATGGCTAGTTGCGCC-1,Novel (Most Unreliable),3.1477773182011133e-65
AATGGCTAGTTGGAAT-1,Novel (Most Unreliable),1.9639618795597183e-48
AATGGCTCAGCAACGA-1,OEC,0.9952030924072304
AATGGCTGTACTAGAA-1,Novel (Most Unreliable),1.9545929819106135e-94
AATGGCTGTATTGTGC-1,OPC,0.9840360988288632
AATGGCTTCCGCTCTA-1,Novel (Most Unreliable),1.7251199956276392e-82
AATGGCTTCCGTTAGA-1,VLMC,0.9749023657973804
AATGTCGAGAACGACC-1,Novel (Most Unreliable),2.3537520749414047e-136
AATGTCGCAAGGAAGA-1,Novel (Most Unreliable),2.0219926693647006e-90
AATGTCGCACACACAT-1,Novel (Most Unreliable),2.7559488406868216e-71
AATGTCGCAGCTATAC-1,OEC,0.9961522918467858
AATGTCGGTAATGCCT-1,OEC,0.995355647435929
AATGTCGGTATTCGAC-1,OPC,0.9872439227663596
AATGTCGGTGAATCGG-1,Novel (Most Unreliable),8.983838859204836e-36
AATGTCGGTGGATTCT-1,OEC,0.9962343355100588
AATGTCGTCTATGAGC-1,COP-NFOL,0.9793520580244814
ACAAACCAGAATACTG-1,Astrocytes,0.9931854422921343
ACAAACCCAGGATGTG-1,COP-NFOL,0.9369484114932608
ACAAACCCATTGCCTC-1,Oligodendrocytes,0.996094714429758
ACAAACCGTATTCTTC-1,Novel (Most Unreliable),2.4870697183795423e-55
ACAAACCGTCTGTGTA-1,OEC,0.9934425091594208
ACAAAGAGTCAGACGA-1,Novel (Most Unreliable),2.1317460537358463e-75
ACAAAGAGTCCATTGA-1,OEC,0.9956914073584452
ACAAAGAGTGTCGTCG-1,OEC,0.9957209581993364
ACAAAGAGTTTGTGAC-1,OPC,0.990311705151812
ACAAAGATCACTCGGG-1,COP-NFOL,0.9928608008351713
ACAAGCTCACGCTCAG-1,OPC,0.9885286853700972
ACAAGCTGTACGGATG-1,Novel (Most Unreliable),3.686017742728259e-10
ACAAGCTGTTTAGGAA-1,OEC,0.9961676980410212
ACAAGCTTCACGATTG-1,OPC,0.9922514077351036
ACAAGCTTCACTAGGT-1,OPC,0.9956401686270234
ACAAGCTTCACTGATG-1,VLMC,0.9955699802123354
ACAAGCTTCCTCCTGA-1,OPC,0.9946083508379436
ACAATCGAGAGAGTAG-1,OPC,0.9946688661790168
ACAATCGCAGGTTATC-1,OEC,0.9963117785059424
ACAATCGCAGTTGCAT-1,Novel (Most Unreliable),9.594880697367545e-22
ACAATCGGTTGGCGAA-1,Astrocytes,0.991151670385373
ACAATCGTCTTCACTA-1,COP-NFOL,0.9962601958408646
ACAGAAAAGGAAACTT-1,OPC,0.9964497340358818
ACAGAAAAGGAGTACC-1,Oligodendrocytes,0.99621379907483
ACAGAAAAGTACTCTG-1,VEC,0.996555577035454
ACAGAAACAACACGGA-1,Novel (Most Unreliable),0.4120636929218301
ACAGAAAGTACGCAAG-1,OEC,0.9964002085628756
ACAGAAATCACAACAC-1,Astrocytes,0.9947267500410788
ACAGAAATCATGAACC-1,Astrocytes,0.923952656250494
ACAGAAATCCCGTAGG-1,OPC,0.9964275161187354
ACAGACTCAACGCAAG-1,Novel (Most Unreliable),1.4448623553398195e-64
ACAGACTCACTCGCAG-1,OPC,0.9940450918674636
ACAGACTCATGATCGT-1,OEC,0.9959417204191744
ACAGACTCATGGAGGT-1,OPC,0.9956970611654956
ACAGACTCATTAGCCA-1,Novel (Most Unreliable),0.0072814552865983
ACAGACTGTTCCAGTA-1,OEC,0.9962004415180352
ACAGACTTCACGTCAA-1,Oligodendrocytes,0.9960759306971256
ACAGACTTCATTCATC-1,VEC,0.9888862879042716
ACAGACTTCTTACTCA-1,OEC,0.9960698091112816
ACAGCGCAGTGAATAC-1,VLMC,0.9965251833576728
ACAGCGCGTCAACGGA-1,OPC,0.996386473641236
ACAGGCCCAAAGACGC-1,Novel (Most Unreliable),2.8225474347983596e-64
ACAGGCCCAACTCGTA-1,OEC,0.9960468144523013
ACAGGCCTCGCCAGAC-1,COP-NFOL,0.9508092364002044
ACAGGCCTCGGGATCC-1,Novel (Most Unreliable),1.1102322977987159e-35
ACAGGCCTCTGACATG-1,OPC,0.9153678347762284
ACAGGCCTCTGATCCC-1,COP-NFOL,0.9959018804224606
ACATGCAAGCAGAATT-1,COP-NFOL,0.996656949248194
ACATGCAAGCTTCAAC-1,COP-NFOL,0.9966141676438444
ACATGCAAGGAAGAAC-1,OEC,0.9910960510322504
ACATGCACATGCACTA-1,OPC,0.9886866354171095
ACATGCACATGGTATC-1,VLMC,0.9966073940505282
ACATGCATCGTGGCGT-1,Novel (Most Unreliable),1.4384701049093525e-93
ACATGGTAGACTTCCA-1,OPC,0.9951676963740316
ACATGGTAGTTCCAGT-1,OPC,0.9929198711176735
ACATGGTCAAGCAATA-1,Astrocytes,0.9965989924732732
ACATGGTCACGCTAAT-1,Oligodendrocytes,0.9956477755040192
ACATGGTGTGTGCTTA-1,Novel (Most Unreliable),7.692705584245441e-19
ACATGGTTCCCTACGT-1,COP-NFOL,0.9965092291812634
ACATGGTTCCGGACTG-1,Astrocytes,0.9941089302624592
ACCAAACAGTCAGGAC-1,COP-NFOL,0.996624238973948
ACCAAACCAACGTACT-1,OEC,0.9960027773640828
ACCAAACCATATAGAG-1,OPC,0.99621221527852
ACCAAACGTAACGTAA-1,OPC,0.9889693937986448
ACCAAACGTGTGTGTT-1,OPC,0.9942731320561312
ACCAAACTCGAACACT-1,OEC,0.9960296293980568
ACCATCCAGACAACGC-1,OEC,0.9960082913961096
ACCATCCAGATGGGAA-1,OEC,0.9963207931427936
ACCATCCGTCGCTACG-1,OPC,0.9963697898879976
ACCATCCTCAAACCAC-1,Astrocytes,0.9945913210355786
ACCATCCTCAGTTGAC-1,Novel (Most Unreliable),1.6539250550931883e-73
ACCATCCTCGACTGGC-1,OPC,0.9906838099553338
ACCATCCTCTTACTCA-1,OPC,0.9962908218581604
ACCCAAAAGCTTACCA-1,Novel (Most Unreliable),2.48208588721045e-34
ACCCAAACAAAGCATA-1,OEC,0.9955730012376852
ACCCAAACACAGTTAC-1,OPC,0.9918617963805836
ACCCAAAGTACGAGAC-1,Novel (Most Unreliable),9.96968656289048e-22
ACCCAAATCAACTTGG-1,OEC,0.9961582439531674
ACCCAAATCAGGCGCT-1,OPC,0.995350885092802
ACCGAATAGAACGTCG-1,Oligodendrocytes,0.9964523926583714
ACCGAATAGTTGACAA-1,OEC,0.9929685111967288
ACCGAATCAAGTCCTA-1,OEC,0.9959643431108548
ACCGAATCAATCACTG-1,OPC,0.9962482045389272
ACCGAATCAATGACTC-1,Novel (Most Unreliable),1.223331846054741e-47
ACCGAATCAATGTGTC-1,OPC,0.9963938678397436
ACCGAATCACCCTTAC-1,OPC,0.9956206968065244
ACCGAATGTACGACCC-1,Novel (Most Unreliable),2.07027528470526e-59
ACCGCAGAGCTCGTTA-1,COP-NFOL,0.9960382833383804
ACCGCAGAGGGAGATA-1,OEC,0.9963109313109392
ACCGCAGGTACGTATC-1,OPC,0.9961333609721692
ACCGCAGTCCAAGAGG-1,OEC,0.9959939559014012
ACCGCAGTCTATCTCA-1,COP-NFOL,0.9856852618593464
ACCGGGTCAACTCCCT-1,OEC,0.9943733442952246
ACCGGGTCATGTGGGA-1,OPC,0.995622804748052
ACCGGGTGTAAGCCGA-1,OEC,0.9960948354388048
ACCGGGTGTCCGTAGC-1,Oligodendrocytes,0.9965583992802528
ACCGGGTGTCTAAGAA-1,Novel (Most Unreliable),3.4349312411974466e-57
ACCGGGTTCAGGTTTG-1,VLMC,0.951877962792258
ACCGGGTTCGGCAATT-1,OPC,0.996508715961242
ACCGGGTTCGGTTGTA-1,OPC,0.9959766150023792
ACCTGCTAGATATGTG-1,Astrocytes,0.9959120698099488
ACCTGCTAGGCAGATC-1,Novel (Most Unreliable),6.90735035691646e-60
ACCTGCTGTAACGGAC-1,Novel (Most Unreliable),4.9144009031286894e-57
ACCTGCTTCGTATAGC-1,OPC,0.9917354471689778
ACGGATTAGGTTGTTC-1,VLMC,0.9965746942029872
ACGGATTGTCACTCTC-1,Novel (Most Unreliable),6.133318524187621e-46
ACGGATTGTTACTTTC-1,OEC,0.9958803255786216
ACGGATTTCCACACCT-1,OEC,0.9963416109716214
ACGGATTTCGAAGCCC-1,OEC,0.9962972966257896
ACGTGGCAGACTTGAA-1,VLMC,0.9965945811923728
ACGTGGCCAGATACAA-1,OEC,0.9951314712112402
ACGTGGCCATACAACC-1,Novel (Most Unreliable),1.0050281538139654e-95
ACGTGGCGTGTGCTTA-1,Astrocytes,0.9934162691463272
ACGTGGCGTTTAGGAA-1,Novel (Most Unreliable),2.78177596215421e-40
ACGTGGCGTTTGACCA-1,Novel (Most Unreliable),3.3854273709588913e-20
ACGTGGCTCCGCTCTA-1,OEC,0.996448939338736
ACGTTAGAGGTCGTTT-1,OEC,0.9956931330550068
ACGTTAGCACAGCTTA-1,OEC,0.9962443301684027
ACGTTAGGTCTGATTG-1,Novel (Most Unreliable),3.2569105791557787e-88
ACGTTAGGTGGTAAGC-1,OPC,0.9957777105483366
ACGTTAGTCCACTAGA-1,OEC,0.9963305784437668
ACGTTAGTCCGTGCGA-1,Novel (Most Unreliable),0.0065207914554321
ACGTTAGTCCTAAAGC-1,OPC,0.9953130407018612
ACGTTAGTCTATACCT-1,Novel (Most Unreliable),0.3000307993830393
ACTAACGAGAGGAACA-1,OEC,0.9960441742756634
ACTAACGAGCCATCAT-1,VEC,0.9941188687064088
ACTAACGGTCTAAAGA-1,OEC,0.9960254073171646
ACTAACGGTGAGTAAT-1,OEC,0.9965024346188948
ACTAACGGTTTCGATG-1,VEC,0.9689885362635954
ACTAACGTCCTCATTA-1,OEC,0.9948479263993392
ACTACCCAGGGACGTT-1,OEC,0.9069769492319414
ACTACCCCAACCTCTC-1,Novel (Most Unreliable),4.647553497243042e-33
ACTACCCCAATGATGA-1,OPC,0.9942000081882726
ACTACCCCACGTTACA-1,OPC,0.99246964123431
ACTACCCCAGTTCGGC-1,OPC,0.9950472662184516
ACTACCCGTAACGGTG-1,OPC,0.9960610935739036
ACTACCCGTGCATCAT-1,Novel (Most Unreliable),3.1656276963808917e-77
ACTACCCTCACAGGGA-1,OPC,0.9962373712142536
ACTACCCTCACCCGGA-1,Novel (Most Unreliable),2.7364607927402902e-68
ACTACCCTCAGATACC-1,Astrocytes,0.9958657320638152
ACTACCCTCCAACAAC-1,Novel (Most Unreliable),2.746844956928356e-38
ACTACGAAGACAGTGC-1,OEC,0.8699282678180813
ACTACGAAGGAACCGT-1,VEC,0.9964524775014408
ACTACGAAGTCGTATC-1,VEC,0.9964674572427732
ACTACGACACCTCGTT-1,OEC,0.9930455518299794
ACTACGACAGATTAAG-1,OEC,0.994280341925593
ACTACGAGTCCCTTTG-1,COP-NFOL,0.9965210921230264
ACTACGATCACATTCT-1,Novel (Most Unreliable),2.441740131058394e-69
ACTAGGTGTACCAAGG-1,OPC,0.9870477497827091
ACTAGGTGTGATAAGT-1,OEC,0.9962900121231169
ACTAGGTGTGCGTAGA-1,Novel (Most Unreliable),2.2086298548875927e-39
ACTAGGTTCTCTCAAT-1,VEC,0.9953270150392828
ACTATTCGTGACGCAA-1,OEC,0.995464179136231
ACTATTCGTTACGAAA-1,Novel (Most Unreliable),4.849211892233124e-84
ACTCGGGCAAGTAATG-1,COP-NFOL,0.950825060199853
ACTCGGGCAGATTTGC-1,OPC,0.9851584356328452
ACTCGGGCAGTAACGG-1,VEC,0.9960118374052036
ACTCGGGCATTGATGC-1,Astrocytes,0.996172473261575
ACTCGGGGTAGGTGAC-1,COP-NFOL,0.995992804496511
ACTCGGGGTGCTGAAG-1,COP-NFOL,0.9961332516336802
ACTCGGGTCCACGGCA-1,OPC,0.9952706687390944
ACTCGGGTCCAGGGAA-1,Novel (Most Unreliable),2.1681723995704318e-110
ACTCGGGTCCGAATTG-1,OPC,0.9964244414481086
ACTGCAAGTCGCTACG-1,Novel (Most Unreliable),4.733823568465097e-56
ACTGCAATCTATCCTA-1,Astrocytes,0.9872992485474448
ACTGCGGCATTAGCCA-1,OEC,0.9876695230143446
ACTGCGGGTTCTTTCA-1,OEC,0.9961523542791456
ACTGCGGTCTGATCTT-1,OPC,0.9956976424186738
ACTGTCCAGTCACGCC-1,Novel (Most Unreliable),1.7579711806024774e-47
ACTGTCCCAGGCATCC-1,OPC,0.9908185524828532
ACTGTCCGTGCACCCA-1,Novel (Most Unreliable),6.108054353401097e-79
ACTGTCCGTTAACCGT-1,VEC,0.9925904638472848
ACTGTCCTCGATGAAA-1,OEC,0.9954554035426856
ACTGTCCTCGGATCGC-1,VEC,0.9953363991287738
ACTTCCGAGGAAGGTA-1,Novel (Most Unreliable),2.449313722210832e-74
ACTTCCGTCTTGTACT-1,VEC,0.9591482718466364
ACTTTCACACGTTAGT-1,OPC,0.9903750076537956
ACTTTCACAGCGTAGA-1,OEC,0.9963098057745278
ACTTTCATCACGTCAA-1,COP-NFOL,0.9947086618480376
AGACAAAAGGAGGCGA-1,Novel (Most Unreliable),0.1824978303802621
AGACAAACACACACCG-1,Novel (Most Unreliable),0.0871690512317122
AGACAAAGTGCAAGCA-1,Novel (Most Unreliable),0.3883734198322718
AGACAAAGTGGACGAT-1,OEC,0.9960611802473166
AGACAAATCAAACCCA-1,Pericytes,0.9829505293845954
AGACAAATCACATTCT-1,VLMC,0.9965602968032148
AGATAGACAGGCAAGT-1,OPC,0.995851657560596
AGATAGAGTCCCGTGA-1,Oligodendrocytes,0.9965006693294192
AGATAGATCGTTCTAT-1,Oligodendrocytes,0.9962196357923414
AGATTCGAGAAACGCC-1,OEC,0.9866013393756627
AGATTCGAGAAATTCG-1,OEC,0.9751912422824288
AGATTCGAGGCAATTA-1,Novel (Most Unreliable),1.3568915702733499e-33
AGATTCGAGTCGACCC-1,VLMC,0.9578898618551746
AGATTCGAGTGTAATG-1,Novel (Most Unreliable),0.6208698007569601
AGATTCGCACAAGTGG-1,OPC,0.9963786013408772
AGATTCGGTTCTTTGT-1,OPC,0.9966795437111868
AGATTCGTCGGTACTA-1,OEC,0.9962406007765748
AGCCAGCCAAGGATGC-1,Novel (Most Unreliable),1.0291833061309762e-47
AGCCAGCGTATGGGTG-1,Novel (Most Unreliable),1.0277226978551283e-46
AGCCAGCTCCTTACGC-1,Oligodendrocytes,0.9964790178713384
AGCCAGCTCGCTGATA-1,Novel (Most Unreliable),6.119865175784742e-06
AGCCAGCTCTAGTCGA-1,OPC,0.9965450675987968
AGCCCGAAGGCCTCTG-1,Novel (Most Unreliable),6.282268331981568e-10
AGCCCGACATGGTAAA-1,OPC,0.9957942417747524
AGCCCGAGTATTCTGG-1,Astrocytes,0.9579893653699704
AGCCCGAGTCTTAGCA-1,OPC,0.994970830491154
AGCCCGAGTGCATCAT-1,Astrocytes,0.995900621854954
AGCCCGATCTCCAACC-1,OPC,0.9945720479646756
AGCCCGATCTGTCGGG-1,OPC,0.9961795552040492
AGCCGCAAGAACGACC-1,OEC,0.953203245258706
AGCCGCAAGAATGCTA-1,OEC,0.9960074007019104
AGCCGCAAGTAGTGTA-1,OPC,0.9965285398371976
AGCCGCACAAGCCAGA-1,Oligodendrocytes,0.9946146763534044
AGCCGCACAGTAACCT-1,Novel (Most Unreliable),2.91964091989536e-57
AGCCGCACATATAGAG-1,OPC,0.9965665957891848
AGCCGCATCCACCTAC-1,COP-NFOL,0.996457413823044
AGCCTCTAGAAATCTG-1,Astrocytes,0.9947718030524983
AGCCTCTCATTGAACC-1,OPC,0.9961411053306664
AGCCTCTGTAATGCCT-1,OPC,0.9951905264388884
AGCCTCTTCGATGCAT-1,VEC,0.9957199674498526
AGCCTGGCAGAGCCAA-1,COP-NFOL,0.9961622232936792
AGCCTGGGTGCAAGAC-1,Novel (Most Unreliable),0.0007683272492509
AGCCTGGTCAGTGTAC-1,Novel (Most Unreliable),1.2905107281271675e-92
AGCCTGGTCCAGTACA-1,OEC,0.9963296777082544
AGCCTGGTCGGAAAGC-1,COP-NFOL,0.9959383910729568
AGCCTTCAGAGGCGGA-1,Novel (Most Unreliable),7.289350769954786e-79
AGCCTTCCAAAGGCCA-1,VLMC,0.99627216629568
AGCCTTCCACATAAAG-1,OEC,0.995881534992828
AGCCTTCCAGGTGGTA-1,OEC,0.9961985365237944
AGCCTTCGTGAGTAAT-1,OPC,0.9958058708501216
AGCCTTCTCAGAGTGG-1,Astrocytes,0.9958099051849816
AGCGATTAGACAGCTG-1,OPC,0.9949328340667573
AGCGATTCACATCATG-1,OEC,0.9947407987667364
AGCGATTCACGTTGTA-1,OEC,0.9963824845315712
AGCGATTCACTCCTCA-1,OEC,0.9961322716267876
AGCGATTGTCACATTG-1,OEC,0.9957516898793524
AGCGATTGTCGCGCTA-1,OEC,0.9960981963810296
AGCGATTGTTCTTAGG-1,OEC,0.9958991906355328
AGCGATTTCAGCGGTC-1,OPC,0.9961196360684424
AGCGATTTCCAGGTCG-1,OPC,0.9937272610925773
AGCGATTTCGGCAATT-1,OEC,0.9957936364323234
AGCGTATCAAACCTAC-1,OEC,0.9962868545999594
AGCGTATCACAAACGG-1,COP-NFOL,0.995855466158612
AGCGTATTCACTCGGG-1,OEC,0.9956362204991316
AGCGTATTCGCATACA-1,COP-NFOL,0.9966898206311544
AGCGTATTCTCTTCTC-1,Novel (Most Unreliable),0.0061530292143024
AGCGTGCCACCCATCT-1,Novel (Most Unreliable),3.042987775032837e-17
AGCGTGCGTAAGTGCG-1,COP-NFOL,0.9964492512200608
AGCTATGAGATGGGTC-1,OEC,0.99094714996309
AGCTATGCAAACCCTA-1,Novel (Most Unreliable),3.111277064032545e-08
AGCTATGGTCTGATTG-1,OPC,0.9957524920434986
AGCTGATAGTAGTGTA-1,COP-NFOL,0.99451586148449
AGCTGATAGTCCTTCC-1,COP-NFOL,0.9964816202818428
AGCTGATCACGCTAAT-1,Novel (Most Unreliable),6.976639196412349e-61
AGCTGATGTGTCGTCG-1,OEC,0.9962282067018076
AGCTGATTCAGTGTAC-1,OEC,0.9957772482556309
AGCTGATTCCCTAAAG-1,VLMC,0.9956177544267188
AGCTGGCTCTAAACGC-1,Oligodendrocytes,0.9938275256082528
AGCTGTAAGGTTAACA-1,Novel (Most Unreliable),6.627964179103112e-67
AGCTGTAAGTACAGTA-1,OPC,0.9959466683759108
AGCTGTACAAGATGCG-1,OEC,0.9959385482085348
AGCTGTAGTACGACCC-1,VLMC,0.9958062180955402
AGCTGTAGTTCCAATG-1,OEC,0.9943236285697884
AGCTGTATCAAACCAC-1,Novel (Most Unreliable),2.6581946857447406e-68
AGCTGTATCGCTCGGA-1,Novel (Most Unreliable),3.549059921937549e-18
AGGACGAAGATTCCGT-1,OPC,0.994626473850236
AGGACGAAGGATCCTT-1,VEC,0.9842250777196232
AGGACGAAGGTCCTCG-1,VEC,0.996506316752714
AGGACGAGTCCTTCAC-1,OEC,0.9960902017548544
AGGACGAGTGGCCTCA-1,OPC,0.9941163187112656
AGGACGATCCAGAATC-1,VEC,0.99648430142302
AGGACGATCTCTATTG-1,Novel (Most Unreliable),0.763684918368438
AGGCCCAAGCTAACAA-1,OEC,0.9955489758092868
AGGCCCAGTGTGAGGT-1,OEC,0.9961319894810562
AGGCCTGCACGATATC-1,Astrocytes,0.996642801256355
AGGCCTGGTATGGGTG-1,Novel (Most Unreliable),0.0284389300298401
AGGCCTGGTCCGTAGC-1,VEC,0.8686391024003562
AGGCCTGGTGGTTCTA-1,Novel (Most Unreliable),7.031331134325376e-11
AGGCCTGTCACCCGGA-1,OEC,0.9957667697325696
AGGCGAAAGGGAGATA-1,OPC,0.9954768471997356
AGGCGAACAACGGACA-1,Novel (Most Unreliable),4.909513351413808e-13
AGGCGAACAAGTTGCT-1,OPC,0.9953287302088129
AGGCGAACATAGACGG-1,COP-NFOL,0.9966117175792631
AGGCGAAGTCGTCGCA-1,Astrocytes,0.9919836475326292
AGGCGAAGTCTGCGCA-1,OPC,0.996545850051504
AGGCGAAGTTAGCTCA-1,OEC,0.9964054346401152
AGGCGAATCCGGAAAG-1,OPC,0.9955810774244616
AGGCGTCCACGATTAC-1,OPC,0.9966373851757347
AGGCGTCGTCGCTACG-1,Pericytes,0.9952181033685152
AGGCGTCGTCTCTAAG-1,Pericytes,0.9948964660765416
AGGCGTCTCAGGTTTG-1,Novel (Most Unreliable),4.938411246043007e-16
AGTCAACAGTTCCCGG-1,OPC,0.99632805474752
AGTCAACGTATCTGCA-1,Novel (Most Unreliable),3.1481305190770705e-69
AGTCAACTCGCACCTT-1,Novel (Most Unreliable),3.783471745706365e-94
AGTCCGGCAGGATGTG-1,OPC,0.9953729795330296
AGTCCGGCATAGATAG-1,Novel (Most Unreliable),0.7686761196714726
AGTCCGGGTTAGTAGA-1,Novel (Most Unreliable),0.0052616378382723
AGTCCGGTCCTAAGTG-1,OEC,0.9962632980794172
AGTCCGGTCCTGGAAT-1,Novel (Most Unreliable),0.703709141966986
AGTCCGGTCTATCTTG-1,Astrocytes,0.9804063072407784
AGTCCGGTCTGAACGT-1,OPC,0.9931460885184265
AGTCCGGTCTGAGTCA-1,VLMC,0.9948668866001442
AGTGCCGAGACACGGT-1,OPC,0.9937461787989909
AGTGCCGGTTCCAATG-1,Novel (Most Unreliable),3.039952587460268e-06
AGTGCCGTCCTCAAGA-1,OPC,0.9964579623144548
AGTGCGCAGGACTAGC-1,Novel (Most Unreliable),7.778884962289883e-74
AGTGCGCAGTTCGACT-1,COP-NFOL,0.9932909282403706
AGTGCGCAGTTGACAA-1,OEC,0.9963377239953428
AGTGCGCGTAGGGTTG-1,OEC,0.9962317015796112
AGTGCGCGTTCCAGTA-1,OEC,0.9944574520560808
AGTGCGCGTTGCTTGA-1,Novel (Most Unreliable),0.6515338672222205
AGTGCGCTCAATTCCT-1,OEC,0.9960142181279458
AGTGCGCTCATGCTTT-1,OEC,0.9959674938997763
AGTGCGCTCGCCTTAC-1,COP-NFOL,0.9931653657264736
AGTGCGCTCGTATAGC-1,Novel (Most Unreliable),6.99577836487499e-13
AGTGCGCTCTTGTCGC-1,OPC,0.9943769365647058
AGTGTACCAAAGCTTC-1,OPC,0.9962669933689816
AGTGTACTCGGCTATA-1,OPC,0.9958300967688116
AGTTACGAGGAATGGA-1,OEC,0.9965121568300188
AGTTACGAGTCTGCTA-1,OPC,0.9958919456907253
AGTTACGAGTGTCACT-1,VLMC,0.9942130173950584
AGTTACGCACTCGTGG-1,OPC,0.9959998533650556
AGTTACGCATCATCGA-1,COP-NFOL,0.9935614598175148
AGTTACGTCCTAAAGC-1,OPC,0.9954833076558576
AGTTACGTCGCTAGTA-1,OEC,0.9962694304645928
AGTTTGGAGGCAGTAC-1,OEC,0.9934450950889426
AGTTTGGAGTATCTGC-1,OEC,0.9964642969544332
AGTTTGGCACTAAACC-1,OPC,0.996260689613929
AGTTTGGCAGGGTACA-1,VEC,0.978242803950354
AGTTTGGGTAATGTAG-1,Novel (Most Unreliable),1.219887458716284e-74
AGTTTGGGTATCTCAG-1,Novel (Most Unreliable),5.506504440272241e-73
AGTTTGGGTTGTGAGG-1,OEC,0.9962390287912892
AGTTTGGTCGATAGGG-1,OEC,0.996444530794044
ATAGGCTAGAAGCCTG-1,OEC,0.9959552205760308
ATAGGCTCACACTAGT-1,OEC,0.9962865194958312
ATAGGCTGTAGATTAG-1,VEC,0.9960448940225236
ATAGGCTGTGGCATAG-1,OPC,0.9952181867583986
ATAGGCTGTGTTAGAA-1,Novel (Most Unreliable),0.0051965202154171
ATAGGCTGTTCCCTTG-1,OPC,0.9953543395436394
ATAGTCGCATATAGAG-1,Novel (Most Unreliable),1.570296564112173e-73
ATAGTCGTCAATTCCT-1,OEC,0.996397554373299
ATAGTCGTCTGACTTT-1,VLMC,0.9964173219026544
ATATTCCAGAACCCGA-1,Oligodendrocytes,0.9962217688452868
ATATTCCAGAGGAACA-1,Astrocytes,0.996632084770158
ATATTCCCAGCAACCC-1,COP-NFOL,0.9965621000528624
ATATTCCGTACGGAGT-1,OEC,0.9826704765883678
ATATTCCGTTCACGTA-1,OPC,0.9328939536119762
ATATTCCTCGCTTCAC-1,Oligodendrocytes,0.9961264956317216
ATCCAGAAGATGGGTC-1,Novel (Most Unreliable),3.4283558185378676e-29
ATCCAGAAGTGCTGAG-1,OEC,0.9963906502215996
ATCCAGACATGTCCCT-1,OPC,0.9963882912957552
ATCCAGAGTACTTGAC-1,Novel (Most Unreliable),1.3338734641082495e-82
ATCCAGATCAAGGCCC-1,Novel (Most Unreliable),1.5972396194140138e-34
ATCCCTGAGCAGTAGC-1,OPC,0.9958660590613044
ATCCCTGAGGCTCAGA-1,Novel (Most Unreliable),0.2016417753979833
ATCCCTGCACGCTAAT-1,OEC,0.9960268054975034
ATCCCTGCATGTAGAA-1,Pericytes,0.9905435654647552
ATCCCTGGTGATTCCA-1,Novel (Most Unreliable),4.16661966852508e-76
ATCCCTGTCACTCCCA-1,OEC,0.982201956068376
ATCCCTGTCTCCCTTT-1,OPC,0.9935496843669304
ATCCCTGTCTGTCGGG-1,OEC,0.9963932747630256
ATCCTCGAGAATACTG-1,Novel (Most Unreliable),7.196405288119541e-28
ATCCTCGAGCTATCCA-1,OEC,0.9958612365214194
ATCCTCGAGGAAACTT-1,OEC,0.9961009715422172
ATCCTCGAGTGGACGT-1,OEC,0.995932676560895
ATCCTCGGTAGAAAGG-1,Novel (Most Unreliable),0.2126997012234616
ATCCTCGGTATCCCTC-1,Novel (Most Unreliable),3.833773084460624e-64
ATCCTCGTCGGATAGG-1,OEC,0.996027411033788
ATCCTGCAGATTCCGT-1,OPC,0.9944573365433244
ATCCTGCAGGAAGGTA-1,OEC,0.9959310985023644
ATCCTGCAGGGTAATT-1,Novel (Most Unreliable),3.757540498716447e-26
ATCCTGCCAGGACTGA-1,Pericytes,0.9965492576064706
ATCCTGCTCAGTCACA-1,OEC,0.9965208503872752
ATCCTGCTCTGTGTCC-1,OPC,0.9964400063649392
ATCGAGTAGCCAGAAC-1,OPC,0.9935311582369766
ATCGAGTCAGCACATT-1,Pericytes,0.9859258035980716
ATCGAGTCAGTATCTG-1,Novel (Most Unreliable),0.7891286372327045
ATCGAGTGTCACATTG-1,OEC,0.995443293425632
ATCGAGTGTGCGTTTA-1,Astrocytes,0.9952972472610432
ATCGAGTTCGCTAGTA-1,OPC,0.9964918061120844
ATGCATGAGCTCCATA-1,Astrocytes,0.9964707232343905
ATGCATGCAAGGTTCT-1,Novel (Most Unreliable),1.6575215583054854e-57
ATGCATGCATCCTCGT-1,COP-NFOL,0.9959913122643648
ATGCATGGTAAAGGCC-1,COP-NFOL,0.996561056665801
ATGCATGGTCATTGGT-1,Novel (Most Unreliable),4.755069346277226e-68
ATGCATGTCGATAGTC-1,OPC,0.9965891469348324
ATGCATGTCTAGTCGA-1,OPC,0.9948852782070968
ATGGATCAGATGGGTC-1,Novel (Most Unreliable),1.9960045193459966e-76
ATGGATCCATCCTGGG-1,Novel (Most Unreliable),8.238586613567189e-13
ATGGATCGTTTCGTTT-1,OPC,0.9924597712280614
ATGGATCTCTCTGTTA-1,OEC,0.9962816476763268
ATGTACGAGAGAGTTT-1,OEC,0.9958567999858596
ATGTACGAGTGATCTC-1,Astrocytes,0.9943150702822678
ATGTACGCATTTGTTC-1,OEC,0.9959062763043316
ATGTACGGTCCATTGA-1,Novel (Most Unreliable),3.167677029237657e-25
ATGTACGTCCAGGTAT-1,OEC,0.995666555328182
ATGTACGTCTAGTCGA-1,Novel (Most Unreliable),4.203053508700776e-21
ATGTACGTCTCCTTGG-1,OPC,0.9923430640202874
ATGTCGACAGCGCGTT-1,OPC,0.9958286209455164
ATGTCGACAGGCATTT-1,OPC,0.9920662417202332
ATGTCGAGTAATGCCT-1,Pericytes,0.9963006775127624
ATGTCGAGTGCTTCCT-1,OEC,0.9934936113727466
ATGTCGAGTTTCTACT-1,Oligodendrocytes,0.97235194485789
ATGTCTTAGACACAAT-1,OPC,0.9921955436713128
ATGTCTTTCGAGCGCT-1,OEC,0.996309793123586
ATGTCTTTCGGTAGGA-1,OEC,0.995585980407511
ATGTTTCAGAAGAGTG-1,OEC,0.9958241236850665
ATGTTTCAGATGGGAA-1,Novel (Most Unreliable),4.545094932413048e-37
ATGTTTCAGTGAATAC-1,OEC,0.9963434559516988
ATGTTTCCACCTCGTT-1,OPC,0.995282048533928
ATGTTTCCAGGCAGAT-1,OPC,0.9946754365824776
ATGTTTCGTACGCCCA-1,OPC,0.9965490990753486
ATGTTTCGTTTAAGGA-1,Novel (Most Unreliable),5.2112898767391513e-132
ATGTTTCTCGATGCAT-1,OPC,0.9964140423780612
ATGTTTCTCGTTCTAT-1,OPC,0.995346078826805
ATTACCTGTAGTAACA-1,OEC,0.9962664314547944
ATTACCTGTCCGTGCA-1,VEC,0.9855645985904664
ATTACCTTCTGGGCGT-1,Oligodendrocytes,0.9687471029018596
ATTACTCAGCTTACCA-1,OPC,0.9965409021533468
ATTACTCCAAGTGGCA-1,Astrocytes,0.988107695000266
ATTACTCCAGGATGTG-1,OEC,0.9958913020401002
ATTACTCGTTTGTGAC-1,OPC,0.9933486640656236
ATTACTCTCAGATACC-1,Astrocytes,0.966426417524489
ATTACTCTCTAGTCGA-1,Oligodendrocytes,0.9947466727048616
ATTACTCTCTCTGCGT-1,Novel (Most Unreliable),1.2195732708777472e-59
ATTCGTTAGACACTTC-1,OEC,0.995752639603484
ATTCGTTAGAGCCACA-1,Novel (Most Unreliable),2.101988791829456e-40
ATTCGTTCAAGCGTCC-1,OEC,0.995989563963658
ATTCGTTGTGATCAGG-1,VEC,0.9959463868203644
ATTCGTTTCTGGTACA-1,OPC,0.9937683012675664
ATTGTCTAGAAGGGCG-1,OEC,0.9963682605592727
ATTGTCTCACGCTCAG-1,Novel (Most Unreliable),1.0153712519841647e-07
ATTGTCTTCCCACTTG-1,COP-NFOL,0.9966428369845536
ATTGTGGAGACGAAAG-1,OPC,0.9961900208534294
ATTGTGGCAAGGACCA-1,OEC,0.9964374913402896
ATTGTGGTCGCTTACC-1,Novel (Most Unreliable),1.4224938485279118e-93
ATTGTGGTCTTCCACG-1,Novel (Most Unreliable),2.0898990912422308e-15
ATTTGTCAGGCAGTGT-1,VLMC,0.9963615059493456
ATTTGTCCAATTCTCT-1,OPC,0.9965185326852944
ATTTGTCCAGGTCCTG-1,OEC,0.9958930480246873
ATTTGTCCATAGATAG-1,OPC,0.9959723025915538
ATTTGTCGTTAGGCTT-1,OPC,0.9963504541902511
ATTTGTCGTTGAAGCG-1,COP-NFOL,0.9943722436718327
ATTTGTCGTTTAGGAA-1,Novel (Most Unreliable),5.196329782028669e-65
ATTTGTCTCGTTACAG-1,Novel (Most Unreliable),8.916760153849899e-46
CAAAGCTCACAAACAA-1,OEC,0.9944852685211456
CAAAGCTCACCGTCTT-1,OPC,0.996578796739132
CAAAGCTCACGATATC-1,OEC,0.9949175193940843
CAAAGCTGTAACATAG-1,Novel (Most Unreliable),2.4334744281125947e-59
CAAAGCTGTGCAAGCA-1,Novel (Most Unreliable),2.8132954226922887e-72
CAAAGCTTCCAATAGC-1,VLMC,0.9965007914819684
CAAAGCTTCCACGCTT-1,OPC,0.9881551663113716
CAACCAAAGACCGCAA-1,COP-NFOL,0.8956999398794716
CAACCAACACGCGTTG-1,Novel (Most Unreliable),0.5988715448272265
CAACCAACATCACAGT-1,COP-NFOL,0.9966062045997668
CAACCAAGTCCACCAG-1,COP-NFOL,0.9965054647874848
CAACCAATCCGATGCG-1,OEC,0.9958983016068984
CAACCAATCCGTGCAG-1,OEC,0.996180939812753
CAACGGCAGGCAGTGT-1,OEC,0.9957578893321009
CAACGGCAGTCCAGAG-1,OPC,0.9955771793577144
CAACGGCCATCCTGGG-1,Novel (Most Unreliable),4.2716058036737454e-10
CAACGGCGTAGCGAGT-1,Novel (Most Unreliable),1.002809277994941e-14
CAACGGCTCCAGCACG-1,OPC,0.9951457992444098
CAACGGCTCCATACGA-1,OEC,0.9961855612417806
CAACGGCTCGGAGTTT-1,OPC,0.9963999157761716
CAACGGCTCTCCAACC-1,Astrocytes,0.9929188520748092
CAACGGCTCTTCTCTC-1,OEC,0.9955352235157452
CAACGGCTCTTGTACT-1,Novel (Most Unreliable),2.4446966637286724e-30
CAACGTACACTAAACC-1,OPC,0.9882781115611592
CAACGTACATGTAGAA-1,OEC,0.9944244108451696
CAACGTAGTCACTCTC-1,OEC,0.9951523538574404
CAACGTAGTCAGAAGC-1,OEC,0.9963635032068529
CAACGTAGTTGTGACT-1,COP-NFOL,0.9941491536599344
CAAGAAAAGGTTCGTT-1,Novel (Most Unreliable),8.796085457949738e-62
CAAGAAAAGTAGGTCG-1,VLMC,0.9961276541229797
CAAGAAACAACGCACC-1,COP-NFOL,0.996621236425922
CAAGAAACAGGCATTT-1,Novel (Most Unreliable),8.657284371833475e-78
CAAGAAACAGGTTATC-1,Novel (Most Unreliable),1.422336340228694e-36
CAAGAAAGTTACTTTC-1,COP-NFOL,0.9895949974070098
CAAGAAATCATGTTCT-1,OPC,0.9952312804436352
CAAGAAATCTATGAGC-1,Astrocytes,0.9954951178151084
CAAGCTACACTGCTCT-1,Astrocytes,0.9314360360618038
CAAGCTACAGCGTAGA-1,Astrocytes,0.9949527502800356
CAAGCTATCCATAACG-1,OEC,0.8914807743062904
CAAGGCCCAAGGATGC-1,OEC,0.9942969421982824
CAAGGCCCACTTATGG-1,Novel (Most Unreliable),3.9327522501600513e-42
CAAGGCCGTCTAAGAA-1,VEC,0.9959154309479236
CAAGGCCTCCAATAGC-1,Novel (Most Unreliable),7.387858757709748e-39
CAAGGCCTCCTAAGTG-1,VLMC,0.9964695512143752
CAATCCCAGAAATACC-1,OPC,0.9946963884128008
CAATCCCCAAGTCCTA-1,OPC,0.9964795619631864
CAATCCCCAAGTTCGT-1,Oligodendrocytes,0.992436355727712
CAATCCCGTACGGATG-1,OEC,0.9965452668666448
CAATCCCGTGAGGGTT-1,Novel (Most Unreliable),9.349091151633552e-05
CAATCCCGTTTCGACA-1,VEC,0.994706366221371
CACAACACAAGGACCA-1,Novel (Most Unreliable),3.109871747338044e-23
CACAACAGTATGGGTG-1,VLMC,0.9939735004783776
CACAACATCATCGCTC-1,VLMC,0.9941732447980378
CACAGATAGTTGACAA-1,OPC,0.9957022475549048
CACAGATCATGTCCCT-1,OPC,0.991173874630826
CACAGATGTAACGTAA-1,OEC,0.9958614116497564
CACAGATTCACAGGGA-1,Novel (Most Unreliable),4.007951971780917e-85
CACAGATTCCCTAAAG-1,COP-NFOL,0.9958579577698696
CACAGATTCCGTTAGA-1,Novel (Most Unreliable),0.2443313061852279
CACAGATTCGCTACCT-1,OPC,0.9920697988917384
CACAGATTCGGGTCCA-1,OEC,0.9944558889146314
CACATGAAGACCAATA-1,VEC,0.9957746555726108
CACATGAAGAGCGAAA-1,OEC,0.982382880523225
CACATGAGTCATTGGT-1,OPC,0.996606151982554
CACATGATCCATTGTT-1,Novel (Most Unreliable),1.0751895850085336e-126
CACATGATCCGTACGG-1,Novel (Most Unreliable),2.789832890807637e-29
CACCACTAGACACAAT-1,OEC,0.9963404542416752
CACCACTAGGGTCTGA-1,OPC,0.9962169742266253
CACCACTAGTGCAACG-1,OEC,0.9955754879221717
CACCACTCAAGACTAA-1,OEC,0.9954717216731068
CACCACTCAAGGAGGG-1,OPC,0.996248042731025
CACCACTGTAGCCATT-1,VLMC,0.9964798510085678
CACCACTGTTTCCACC-1,OPC,0.990704302162597
CACCACTTCTCGCGTT-1,Novel (Most Unreliable),1.2743591190453316e-64
CACCTGTAGAAATTCG-1,OEC,0.996397259407952
CACCTGTAGACTAGCG-1,OEC,0.9950922565702542
CACCTGTAGCCATTCA-1,OEC,0.9955931747476248
CACCTGTAGGCACCTC-1,OEC,0.99595687204
CACCTGTCACGTGAAG-1,Novel (Most Unreliable),2.0127164371814457e-61
CACCTGTGTGCCCTAG-1,Astrocytes,0.9833921611723324
CACCTGTTCAAACCCA-1,COP-NFOL,0.9911512442311032
CACCTGTTCCAACGCG-1,COP-NFOL,0.9858722696510056
CACCTGTTCTACATCT-1,OPC,0.984155538253258
CACCTTGAGACGCCCT-1,OEC,0.9958986613083068
CACCTTGAGGCATGCA-1,Novel (Most Unreliable),4.059228757890101e-24
CACCTTGAGGGCTTCC-1,Novel (Most Unreliable),8.524381798206721e-35
CACCTTGCAGAGATGC-1,OEC,0.9842353006323172
CACCTTGGTACTAGAA-1,Novel (Most Unreliable),6.42508808790591e-65
CACCTTGGTAGTAACA-1,Astrocytes,0.984310454286618
CACCTTGTCCAAGAGG-1,Astrocytes,0.9926710326582316
CACCTTGTCCATACCC-1,OEC,0.9959274731495388
CACCTTGTCCATCATT-1,OEC,0.9945401086119264
CACCTTGTCCGTTAGA-1,Novel (Most Unreliable),1.2054468245526008e-10
CACCTTGTCTGATCTT-1,OEC,0.9906379457433556
CACGTTCAGAACGCCA-1,OEC,0.9954340976483488
CACGTTCAGATGGGTC-1,OEC,0.9963614878603286
CACGTTCCAACTCGAT-1,Pericytes,0.99664166021679
CACGTTCTCCGTTAGA-1,OEC,0.9953077316909398
CACGTTCTCTACCCGT-1,COP-NFOL,0.9961042965897382
CACTAAGAGGAATGGA-1,Oligodendrocytes,0.9962573351075694
CACTAAGCAAATAGTG-1,COP-NFOL,0.996549203646487
CACTAAGCAGCCACGT-1,Novel (Most Unreliable),3.720744697470124e-76
CACTAAGGTCGAGGAT-1,OEC,0.9961336222247796
CACTAAGGTGGCATAG-1,Astrocytes,0.9876419033802496
CACTAAGGTTTCCACC-1,Novel (Most Unreliable),6.275222752428062e-66
CACTAAGTCTCGGCGA-1,OPC,0.9959203077762718
CACTGAAAGGAGGCGA-1,Astrocytes,0.9715968252522283
CACTGAACAACTCGTA-1,OPC,0.995278458740954
CACTGAACACGTTGTA-1,Novel (Most Unreliable),6.765635622910114e-51
CACTGAACAGGCATTT-1,VEC,0.995036729655608
CACTGAAGTAGGGTCA-1,Novel (Most Unreliable),4.3337955182564006e-32
CACTGAAGTGTCCAGC-1,VEC,0.9950647033393396
CACTGAATCCCGAAGC-1,Novel (Most Unreliable),2.0653941383010715e-64
CACTGAATCGCGCCAA-1,Novel (Most Unreliable),0.2535359102234584
CACTGAATCTACCCGT-1,Oligodendrocytes,0.9936944443933888
CAGCCTTGTCCCTTTG-1,VEC,0.9923730873783608
CAGCCTTGTGGCATAG-1,OPC,0.9653463659421052
CAGCCTTGTTCCAGTA-1,Astrocytes,0.99527585075204
CAGCCTTTCGCTACCT-1,COP-NFOL,0.9965793981766012
CAGCCTTTCGTATAGC-1,OEC,0.9954531349502816
CAGCCTTTCTTAACGG-1,OEC,0.9961155943767808
CAGCTAAAGACGCCCT-1,Pericytes,0.996538692810596
CAGCTAAAGGTTGTGG-1,COP-NFOL,0.9965858639015924
CAGCTAAGTTAGAGAT-1,OEC,0.9961087753057164
CAGCTAATCTAGTCGA-1,OEC,0.9940555340608976
CAGCTAATCTTTATCG-1,OEC,0.99573448797639
CAGCTGGAGTAATGTG-1,Novel (Most Unreliable),5.801632225007908e-06
CAGCTGGAGTGGTGTG-1,OPC,0.995748700686161
CAGCTGGCATCTGCAA-1,OPC,0.9961982682562932
CAGCTGGGTCATTGCA-1,OPC,0.995038418774237
CAGCTGGGTGTTGTTG-1,OPC,0.9515239107832404
CAGCTGGTCAAAGTAG-1,OPC,0.9961303543846092
CAGCTGGTCCTATCCG-1,Novel (Most Unreliable),0.0003528986324585
CAGCTGGTCGATAGGG-1,VLMC,0.9962469965717924
CAGCTGGTCTAAACGC-1,Novel (Most Unreliable),2.2550931475218282e-08
CAGCTGGTCTGAGTAC-1,OEC,0.9951643455148856
CAGGATTAGTAGGTCG-1,OEC,0.9953080568204576
CAGGATTCAACTAGAA-1,Novel (Most Unreliable),0.8388319468192836
CAGGATTCAAGGATGC-1,OPC,0.995630008749056
CAGGATTGTAGAAAGG-1,Novel (Most Unreliable),5.272015638334731e-55
CAGGGCTGTATTCGCA-1,Oligodendrocytes,0.9950333185237789
CAGGGCTGTCACATTG-1,OEC,0.9949021663869562
CAGGGCTGTTGTGAGG-1,VLMC,0.9937035598987703
CAGGGCTTCCGTGCAG-1,Astrocytes,0.9826385962590304
CAGGGCTTCCTCCATG-1,OPC,0.9960740840182366
CAGTATGAGAGTGGTC-1,Novel (Most Unreliable),5.760706048540189e-21
CAGTATGAGCTAGCAG-1,OPC,0.9947412322243072
CAGTATGCACAAACGG-1,OPC,0.9567659686044988
CAGTATGCACGATATC-1,Novel (Most Unreliable),6.115030582147786e-09
CAGTATGGTAATGTAG-1,Novel (Most Unreliable),1.6124737389059586e-111
CAGTATGGTCTGGGAA-1,OEC,0.9958723418327232
CAGTGCGAGTTACACC-1,Astrocytes,0.9961225933954287
CAGTGCGCAACTACTG-1,OPC,0.996190592205047
CAGTGCGGTACCCATA-1,Astrocytes,0.995511695995231
CAGTGCGGTGCGACCT-1,Novel (Most Unreliable),0.0002501552732289
CAGTGCGGTTCTACGA-1,Novel (Most Unreliable),3.9430350983130203e-33
CAGTGCGTCGATAGGG-1,OEC,0.9955933099609678
CAGTGCGTCGCAACTA-1,OEC,0.9959525175922376
CAGTGCGTCGGTCAGC-1,OEC,0.9952423170990132
CAGTGCGTCTTCCACG-1,OEC,0.9960675586312724
CAGTGTAAGTAGTGTA-1,OEC,0.9963343150959176
CAGTGTAAGTTAGCAA-1,Oligodendrocytes,0.996154012964546
CAGTGTAGTGAATGTA-1,Novel (Most Unreliable),0.6207518484456304
CAGTGTATCGCCAGAC-1,OPC,0.9951436961442348
CATAACGAGTCCGATT-1,OPC,0.9942784162923274
CATAACGCACAGGTAG-1,Astrocytes,0.9946785035370356
CATAACGCAGTATACC-1,Novel (Most Unreliable),1.015110285664975e-39
CATAACGGTCAGACGA-1,Novel (Most Unreliable),9.037543573404253e-97
CATAACGGTTACACTG-1,OEC,0.9666306888045796
CATGCCTAGAGCGGTT-1,OEC,0.9959868008854736
CATGCCTAGCAGAAAG-1,Astrocytes,0.9958354282104568
CATGCCTAGTGAGCTG-1,Astrocytes,0.9852844251382552
CATGCCTAGTTCGCGC-1,COP-NFOL,0.9966656415116142
CATGCCTCACGATTAC-1,Novel (Most Unreliable),1.349483523522871e-54
CATGCCTCACTCCACT-1,OEC,0.996163157773642
CATGCCTCAGAGCCAA-1,Novel (Most Unreliable),3.0240324186731117e-31
CATGCCTCATCGAGTT-1,VLMC,0.9964526475406436
CATGCCTGTATTTGCG-1,OEC,0.996206131899161
CATGCCTTCCATTGTT-1,Novel (Most Unreliable),1.6428647416002325e-15
CATGCCTTCGAAGCCC-1,Novel (Most Unreliable),2.497401449224724e-68
CATGTTTAGTCACACT-1,COP-NFOL,0.9957549708767882
CATGTTTAGTCTAGAA-1,OEC,0.9962293615414092
CATGTTTAGTTGGAAT-1,OPC,0.996364765687789
CATGTTTCAAGCAACG-1,Novel (Most Unreliable),4.7695960239140025e-120
CATGTTTGTACGGATG-1,OEC,0.9963099009007044
CATTCATAGACGCCCT-1,OEC,0.9961673148339532
CATTCATAGTGGGACT-1,Novel (Most Unreliable),5.732557215231996e-19
CATTCATCATCACAGT-1,COP-NFOL,0.99664743979129
CATTCATGTGAGTCGA-1,OPC,0.996395716991492
CATTCATGTGCTTGAT-1,Novel (Most Unreliable),0.4730541834876647
CATTCATTCAGTAGTC-1,Oligodendrocytes,0.994049974308144
CATTCATTCGTTACAG-1,Novel (Most Unreliable),1.1138322757059284e-46
CATTCATTCTGGACAT-1,Novel (Most Unreliable),2.2297093797429453e-22
CATTCCGAGCTATCCA-1,OEC,0.996063177164238
CATTCCGCAACTAGAA-1,VEC,0.99595142037851
CATTCCGGTTGGCGAA-1,VEC,0.994613308950885
CATTCCGTCAGGCGCT-1,Novel (Most Unreliable),0.8412353636559657
CATTCCGTCCGGCTGA-1,Pericytes,0.9886411671830408
CATTGGAAGAGTGGAA-1,Oligodendrocytes,0.9963432128711572
CATTGGAAGTTTGGAA-1,OPC,0.9780818030072542
CATTGGACATAGAATG-1,Novel (Most Unreliable),5.614528246664749e-79
CATTGGAGTACATGGG-1,OPC,0.9965627155633964
CATTGGATCTTACCTA-1,OEC,0.9962889566596862
CCAATGAAGCGCATTT-1,OPC,0.9950254598227364
CCAATGAAGTGATCTC-1,OEC,0.9956409356581132
CCAATGACAGTCAGAG-1,OEC,0.9916779728614012
CCAATGAGTATTCTCT-1,OEC,0.995649557434606
CCAATGATCACCCTTG-1,Astrocytes,0.9966774038092094
CCAATGATCCAAACCA-1,Astrocytes,0.9959697614736556
CCACAGGTCCTGTAGA-1,OPC,0.9964332872747612
CCACAGGTCGAGAAGC-1,VEC,0.9965019385325014
CCACAGGTCGATGTAC-1,OEC,0.9959129704677284
CCACGTTTCCATCGAA-1,OEC,0.9962373894743308
CCAGAATAGGAAGAAC-1,Novel (Most Unreliable),0.6291858559967414
CCAGAATAGGTCTTTG-1,Novel (Most Unreliable),3.319501722213072e-34
CCAGAATAGTGGACGT-1,OEC,0.9942642845722792
CCAGAATCACTCCCAT-1,OEC,0.9962085095664138
CCAGAATCAGCCACGT-1,OEC,0.9962081157381928
CCAGAATGTATGCTAC-1,OPC,0.9944657587811936
CCAGAATGTCCTCAGG-1,COP-NFOL,0.9965855584506128
CCAGAATGTGGTAAGC-1,OPC,0.9957892566030486
CCAGAATTCAGTCACA-1,Novel (Most Unreliable),1.046135322154049e-76
CCAGAATTCCATTGAG-1,COP-NFOL,0.9965910884934608
CCAGATAGTCATGAGG-1,OEC,0.9958942144535232
CCAGATAGTCCAAGAG-1,Novel (Most Unreliable),1.1873885856114598e-55
CCAGATAGTTCTGAGT-1,OEC,0.9963799209961144
CCAGATATCGCCTTAC-1,OEC,0.9956300000643148
CCAGATATCGTATAGC-1,OEC,0.9963022863500116
CCAGATATCTTTCGAT-1,Novel (Most Unreliable),2.3953591571892764e-56
CCATACCAGTCGTACT-1,OPC,0.983101003486224
CCATACCCACTCCTCA-1,Novel (Most Unreliable),2.2465558806668978e-98
CCATACCCAGCTTACA-1,OEC,0.9961060988924086
CCATACCGTAGCGGTA-1,OPC,0.995735336580058
CCATACCGTTGGCGAA-1,OPC,0.9956183035987558
CCATACCTCGAAGCCC-1,OPC,0.9913459993447508
CCATACCTCGATGTAC-1,OEC,0.9961609881655772
CCCACATAGATTCCGT-1,COP-NFOL,0.9966040027899687
CCCACATCAAGACACG-1,OPC,0.9965614981755272
CCCACATGTACGCAAG-1,Novel (Most Unreliable),9.079650491762335e-81
CCCACATGTCAACGGA-1,COP-NFOL,0.9957954936855676
CCCACATTCAGAATGA-1,OEC,0.993899405339822
CCCAGAGAGGGTAATT-1,OEC,0.9964151772451548
CCCAGAGCACACACAT-1,OEC,0.9929556846012966
CCCAGAGCAGAACAGC-1,OEC,0.9964580684134632
CCCAGAGCATGGTAAA-1,COP-NFOL,0.9905950958343934
CCCAGAGGTATATGGA-1,OEC,0.99617474692663
CCCAGAGGTTTGTGAC-1,Novel (Most Unreliable),1.86741662642202e-13
CCCGTTAAGATCTCAC-1,Astrocytes,0.9893288880114716
CCCGTTAAGGCCTCTG-1,Novel (Most Unreliable),0.0817410366016538
CCCGTTAAGTGAAACT-1,Novel (Most Unreliable),1.7937008907747872e-70
CCCGTTACAAGGATGC-1,OPC,0.9896778490068978
CCCGTTAGTCTCGGGT-1,Astrocytes,0.8726370854772343
CCCGTTATCCGGCTGA-1,Pericytes,0.9958141374745348
CCCGTTATCTATGAGC-1,Novel (Most Unreliable),2.8993696086901767e-28
CCCTAACAGGTAGGCT-1,COP-NFOL,0.9966333929163704
CCCTAACCAACTTGGT-1,OPC,0.9942255168829764
CCCTAACCATCCCGGA-1,OEC,0.9961466968038196
CCCTAACCATCCGTGG-1,OPC,0.9849392322291382
CCCTAACGTCAGAGTG-1,Novel (Most Unreliable),2.270767562960507e-62
CCCTAACTCACCCGGA-1,OEC,0.9955763507781286
CCCTAACTCGTCTTAT-1,Novel (Most Unreliable),5.4784402215758746e-39
CCCTAGTAGACTAGGC-1,Pericytes,0.9809521903202288
CCCTAGTAGATGAGGA-1,Astrocytes,0.9872724543310254
CCCTAGTAGGGCTTCC-1,OEC,0.9199285303926064
CCCTAGTAGTAGCAAT-1,Novel (Most Unreliable),1.9902085542074757e-74
CCCTAGTAGTTCGACT-1,OEC,0.9960048538021996
CCCTAGTCAGCGCGTT-1,OPC,0.99593161994841
CCCTAGTGTCTGGTTA-1,Novel (Most Unreliable),0.0602731966429717
CCCTAGTGTGCATTCA-1,Novel (Most Unreliable),9.017500921426492e-33
CCCTCTCAGACGCCCT-1,OEC,0.995905806916436
CCCTCTCAGAGTTTGA-1,VEC,0.996310321110472
CCCTCTCAGTCGTATC-1,Novel (Most Unreliable),1.1880741039042418e-73
CCCTCTCCAACTTGGT-1,OPC,0.9960272364943548
CCCTCTCCAGCAACAG-1,Novel (Most Unreliable),0.8203406015371979
CCCTCTCGTAGTGATA-1,OEC,0.9960933507186476
CCCTCTCGTGCCGGTT-1,OPC,0.9956956010712564
CCCTCTCGTTCTTATC-1,Novel (Most Unreliable),7.73111858089573e-86
CCCTCTCTCGAGTGTT-1,Novel (Most Unreliable),5.167205203828614e-62
CCCTCTCTCGATATGC-1,Astrocytes,0.9550401941028264
CCCTGATAGAATATCG-1,Pericytes,0.9966394403329468
CCCTGATAGACCATAA-1,Astrocytes,0.994278101818348
CCCTGATCACTCGGAC-1,Novel (Most Unreliable),4.842637926531263e-13
CCCTGATTCTCTATTG-1,OPC,0.9607557648018744
CCGAAGCGTGCAGACA-1,OPC,0.996134593961422
CCGAAGCTCAGAACGG-1,OPC,0.9797806401774404
CCGAAGCTCTGGGCGT-1,OEC,0.995095588604892
CCGCATTGTAGCGTTT-1,OEC,0.9897540472631048
CCGCATTTCTATTGTC-1,Novel (Most Unreliable),1.343354408835656e-65
CCGTACTAGCGTCAAG-1,COP-NFOL,0.9638166247946388
CCGTACTCAATGTGCT-1,Oligodendrocytes,0.995664566139569
CCGTACTCACTGCTCT-1,OPC,0.995369334578092
CCGTAGGCACCATTCC-1,OPC,0.9942530509220366
CCGTAGGGTACCGGCT-1,OEC,0.9962449525225244
CCGTAGGGTATCTCAG-1,Novel (Most Unreliable),1.5816918384656006e-58
CCGTGAGAGATCGATA-1,Novel (Most Unreliable),1.191890903544452e-31
CCGTGAGAGTCGGGAT-1,Novel (Most Unreliable),2.548099337651436e-18
CCGTGAGTCCATACCC-1,Novel (Most Unreliable),4.427439921555849e-76
CCGTGAGTCTCTGTTA-1,Oligodendrocytes,0.9951613213581704
CCTAAAGAGACGCCAA-1,Astrocytes,0.9944610361577352
CCTAAAGAGGCAGTGT-1,COP-NFOL,0.9959854798109952
CCTAAAGAGTCTGCTA-1,OPC,0.9965713679570836
CCTAAAGGTCACAGGA-1,Astrocytes,0.9900386151893988
CCTAAAGTCAGTACAC-1,Novel (Most Unreliable),2.837444824735053e-90
CCTATTAAGCGATACG-1,VLMC,0.9833707706466333
CCTATTAAGCGTCTGC-1,OPC,0.9807073046456072
CCTATTAAGGCACTAG-1,Novel (Most Unreliable),7.989697923337158e-31
CCTATTACACCACAGC-1,Novel (Most Unreliable),7.8594447281452594e-59
CCTATTACAGACCTGC-1,Novel (Most Unreliable),0.002201253835324
CCTCCCTAGTACCCAT-1,COP-NFOL,0.993616068516116
CCTCCCTTCGGTACTA-1,Novel (Most Unreliable),1.7947443236113674e-15
CCTCCCTTCGTCTTAT-1,COP-NFOL,0.9945264767353822
CCTCCCTTCTTCCACG-1,OEC,0.9958238779391552
CCTGCTAAGCATTCCA-1,OPC,0.9816482437118332
CCTGCTAAGTGAAACT-1,OPC,0.9958544836244936
CCTGCTACACATTCTT-1,OEC,0.9963620740015194
CCTGGGAAGTGAGTTA-1,VEC,0.9959333433373628
CCTGGGAAGTGTCGCC-1,Astrocytes,0.9960413325162836
CCTGGGAGTCCTATTT-1,Astrocytes,0.996156185679212
CCTGGGAGTTAACCGT-1,Novel (Most Unreliable),7.864892932078047e-57
CCTGGGATCCCATAGA-1,Oligodendrocytes,0.9964398144444154
CCTGGGATCGGGAAAC-1,COP-NFOL,0.9961982533297732
CCTGGGATCTGAGTCA-1,Pericytes,0.9963385335169652
CCTTAATAGACCAATA-1,Oligodendrocytes,0.9962095388676734
CCTTAATAGGCGTAGT-1,OPC,0.9960644329092984
CCTTAATAGGTTCTCA-1,VEC,0.9932616011250353
CCTTAATCAGTATACC-1,OPC,0.9944877665292804
CCTTAATCATCCTCGT-1,OEC,0.8645228765359555
CCTTAATTCCCGTATC-1,OPC,0.9963857156720152
CCTTAATTCGGGAATG-1,Astrocytes,0.9935607998495568
CCTTAATTCGTGATAC-1,OEC,0.9961857614353335
CCTTGCAAGGTGATGC-1,Novel (Most Unreliable),1.389061959603276e-60
CCTTGCATCCCAGCGA-1,OEC,0.9901845142392474
CCTTGCATCGGGACAA-1,COP-NFOL,0.9966245376191022
CCTTGGTAGTTGCTTG-1,Novel (Most Unreliable),1.0528208743550183e-45
CCTTGGTCACAAGGGT-1,OEC,0.9961494286926244
CCTTGGTCATGCACTA-1,VLMC,0.9830070157689292
CCTTGGTGTACGAGAC-1,OEC,0.995858699078763
CCTTGGTGTAGCGTTT-1,Oligodendrocytes,0.996463942404918
CCTTGGTTCTTCCACG-1,OEC,0.9958689053932124
CGAGTTAAGGCAAGGG-1,OPC,0.9951776235244744
CGAGTTAAGTTGCTTG-1,Astrocytes,0.9963915039839374
CGAGTTACAAGTAATG-1,COP-NFOL,0.9966799071483744
CGAGTTAGTACCTATG-1,Astrocytes,0.9965901421007988
CGAGTTAGTATTCTGG-1,Novel (Most Unreliable),8.791642302856417e-22
CGATGATAGAGAGTAG-1,Novel (Most Unreliable),0.1573187415320495
CGATGATAGAGGAATG-1,OPC,0.9964107667434426
CGATGATAGCTCCATA-1,Novel (Most Unreliable),2.2852265382528665e-15
CGATGATAGCTTACCA-1,OEC,0.9948552430514084
CGATGATAGGTACTCT-1,OEC,0.995497349569018
CGATGATAGGTAGGCT-1,Oligodendrocytes,0.9929768050775196
CGATGATAGTAGCAAT-1,OPC,0.99294463113415
CGATGATAGTCCGGAA-1,Novel (Most Unreliable),4.70149177804564e-28
CGATGATAGTCTGGGA-1,OEC,0.9964000941528752
CGATGATGTATCTAGC-1,Novel (Most Unreliable),6.28331187860369e-78
CGATGATGTTTGAAGA-1,OEC,0.995654664479167
CGATGATGTTTGCGAT-1,Oligodendrocytes,0.9957352107326192
CGCAATAAGACCGCAA-1,VLMC,0.9964699354354476
CGCAATAAGATGTTGA-1,OPC,0.9956579919696088
CGCAATACAAGACACG-1,OEC,0.9963359253539918
CGCAATACAAGGATGC-1,OEC,0.9952436522183968
CGCAATACACTCCTCA-1,OPC,0.995050162335366
CGCAATAGTATCACAC-1,Novel (Most Unreliable),1.1596705002301132e-25
CGCAATAGTATCAGCT-1,Novel (Most Unreliable),0.2285376554116201
CGCAATAGTCAACTGT-1,Novel (Most Unreliable),1.2290270642609576e-83
CGCAATATCAGAGTGG-1,OPC,0.9947067167907844
CGCACAGAGAATATCG-1,OPC,0.9945710118503328
CGCACAGGTTCAGTTG-1,OEC,0.9965703106303038
CGCACAGTCATACTTC-1,OPC,0.9963321015594157
CGCAGGTCAATTCAGC-1,Novel (Most Unreliable),8.874249640543593e-33
CGCAGGTCAGCTTACA-1,Novel (Most Unreliable),4.803793769029806e-106
CGCAGGTTCACCCTTG-1,Novel (Most Unreliable),2.020952142075121e-87
CGCAGGTTCTTTATCG-1,COP-NFOL,0.9966682835006152
CGCGCAAAGATAGGTT-1,OEC,0.9957796854538646
CGCGCAACATACTGCA-1,OPC,0.9958055431504876
CGCGCAAGTCCGTAGC-1,OPC,0.9958883313619248
CGCGCAAGTGATGCGA-1,Oligodendrocytes,0.9959341628660068
CGCGCAAGTTTAGAAG-1,VEC,0.9962739108676848
CGCTAGGAGCTGCCAC-1,OEC,0.9935781751289602
CGCTAGGGTCACTCTC-1,Novel (Most Unreliable),5.074719992639866e-09
CGCTAGGGTCTAAGAA-1,OPC,0.9952396386758884
CGCTAGGTCGACTGGC-1,OEC,0.9954937248780092
CGCTAGGTCGGATCGC-1,Novel (Most Unreliable),3.422466179000899e-05
CGCTAGGTCTACATCT-1,Novel (Most Unreliable),8.589636289688084e-46
CGCTATCAGGAGACTC-1,COP-NFOL,0.9944531688598104
CGCTATCAGGTGATGC-1,OEC,0.9956915942081916
CGCTATCAGGTTAGTA-1,Astrocytes,0.9965004803831162
CGCTATCCAAGCAGGT-1,OPC,0.9937672731256758
CGCTATCCAAGGCGTA-1,Oligodendrocytes,0.994658770040486
CGCTATCCACACATGT-1,OPC,0.99441994053321
CGCTATCCACCTGTGG-1,COP-NFOL,0.9960898551646576
CGCTGGACAAGTTGCT-1,VLMC,0.9851468609771452
CGCTGGACACGTGAAG-1,COP-NFOL,0.9956153674442508
CGCTGGAGTGATAGAT-1,OEC,0.996054909278658
CGGACCAAGGCACCTC-1,COP-NFOL,0.9961865541139104
CGGACCAAGTGAGCTG-1,VEC,0.9742953164591868
CGGACCACAAGGGAGG-1,OPC,0.9247569547062544
CGGACCACACACTAGT-1,OPC,0.9860525676718732
CGGACCAGTACGTAAA-1,VLMC,0.8613580858749139
CGGACCATCGCCGAAC-1,Novel (Most Unreliable),2.3851647131713742e-110
CGGACTGCAATTCGTG-1,Novel (Most Unreliable),3.3526904265929645e-33
CGGACTGCATACCCGG-1,OEC,0.9957179548676848
CGGACTGCATCTCACC-1,OEC,0.9957697282699052
CGGACTGGTCAGGTGA-1,VLMC,0.98267102317578
CGGACTGTCTGAACGT-1,VEC,0.993350364991513
CGGACTGTCTTACTCA-1,OEC,0.9959996593396
CGGTGCAAGGACTAGC-1,COP-NFOL,0.9962433850957272
CGGTGCAGTAGTCTGT-1,Novel (Most Unreliable),0.6873243768652907
CGGTGCAGTTTGAAGA-1,Novel (Most Unreliable),4.431042498848506e-66
CGGTGCAGTTTGTGAC-1,OEC,0.9962292532170752
CGTAAACAGCTCCGGT-1,OEC,0.9950624933086388
CGTAAACCAATAGCGG-1,OPC,0.9957780519044116
CGTAAACGTAAGCCGA-1,OPC,0.994429433095897
CGTAAACGTGATAAGT-1,Astrocytes,0.9948061046804416
CGTAAACTCCATTGTT-1,OPC,0.9961502913561798
CGTAAACTCCTGGAAT-1,Novel (Most Unreliable),1.5628996747331879e-68
CGTACAAAGCTACGCC-1,OEC,0.9923726858216164
CGTACAACATTACCTT-1,OPC,0.9965378842591264
CGTACAAGTTTCGACA-1,Novel (Most Unreliable),1.8980269853992828e-42
CGTACAATCGCCTTAC-1,COP-NFOL,0.9965657316398582
CGTACAATCTATATCC-1,Novel (Most Unreliable),6.862437511828222e-05
CGTGGCAAGACGTCAG-1,VEC,0.9957492784092746
CGTGGCAAGTTGACAA-1,OPC,0.9965510286900884
CGTGGCACAAGGAAGA-1,Novel (Most Unreliable),7.532462283971951e-50
CGTGGCAGTAAGCCTT-1,VEC,0.9940629107944644
CGTGGCAGTCTTAGCA-1,VLMC,0.9755458277672516
CGTGGCATCAGCCGGT-1,OPC,0.9891617989526512
CGTGGCATCTACTTTG-1,OPC,0.996407721604652
CGTTCCAAGGATGTCG-1,Astrocytes,0.9965541802444392
CGTTCCAAGTACAGTA-1,OPC,0.9955716449982994
CGTTCCAAGTTCAACC-1,VEC,0.9965242573069968
CGTTCCACAGATACAA-1,VEC,0.9792554215817952
CGTTCCAGTATGGATA-1,Novel (Most Unreliable),4.127537922830522e-30
CGTTCCAGTATTCGCA-1,COP-NFOL,0.9966710159433564
CGTTCCAGTGCTTACA-1,OEC,0.9778583661949948
CGTTCCATCTGTTGCC-1,VEC,0.8723768229224419
CTAACTTAGGCAGTGT-1,OPC,0.9935220130169828
CTAACTTCAGTAGTTC-1,OEC,0.9838126050936044
CTAACTTGTATCACAC-1,OPC,0.9966756036062944
CTAACTTGTCTCTGGG-1,OEC,0.8883288722400061
CTAACTTGTTCCTATT-1,Oligodendrocytes,0.9954407279753518
CTAACTTTCCAATAGC-1,Novel (Most Unreliable),8.46954100468067e-66
CTAACTTTCCGCCTAT-1,OEC,0.995999643697815
CTAACTTTCGCGCTGA-1,OPC,0.972738354319698
CTACAGAAGCCTTTGA-1,OPC,0.9963060123861952
CTACAGACAAACCTAC-1,OEC,0.9956991938715922
CTACAGAGTTATAGAG-1,OPC,0.9958742321322668
CTACAGATCAGAATGA-1,Novel (Most Unreliable),9.658645478232722e-40
CTACTTAAGTGGGACT-1,Novel (Most Unreliable),0.6803663175624932
CTACTTACAATTGGCT-1,Astrocytes,0.9965855513280316
CTACTTACAGGCAGAT-1,OEC,0.995278164311615
CTACTTACATCGGCTG-1,Oligodendrocytes,0.9939139250097788
CTACTTAGTACCGGCT-1,OPC,0.9943633026026708
CTACTTAGTACGGAGT-1,OEC,0.9956705986792072
CTACTTAGTATCAGCT-1,Astrocytes,0.9956800804361092
CTACTTAGTGAGGGTT-1,OEC,0.9958657945050488
CTACTTAGTGCTGTGC-1,Novel (Most Unreliable),6.933186320885948e-31
CTACTTAGTGGGTAGT-1,Novel (Most Unreliable),1.4386929135829665e-97
CTACTTAGTGTCGTGC-1,Astrocytes,0.9964172775466872
CTACTTATCGATGTGT-1,OEC,0.9960285574300978
CTACTTATCGCTACCT-1,OPC,0.996485816652148
CTAGCGGCAAGGCGTA-1,OEC,0.993291668171854
CTAGCGGCAGTGCTCG-1,Novel (Most Unreliable),1.3586944955733565e-44
CTAGGATAGGACTTTC-1,OPC,0.9959681497290644
CTAGGATCACCTGAAT-1,COP-NFOL,0.8613616600806672
CTAGGATCAGGGAGTT-1,OPC,0.9955986849308112
CTAGGATGTAATGCAA-1,COP-NFOL,0.98773255659504
CTAGGGCCAGGTAGCA-1,Astrocytes,0.9950231792464592
CTAGGGCTCCAGGGAA-1,OEC,0.9777060161516034
CTAGGGCTCGGTCCGA-1,OEC,0.995167681920217
CTCAACCAGGTCGTTT-1,Novel (Most Unreliable),6.45230042954399e-120
CTCAACCAGTGGTGTG-1,OEC,0.979945543328348
CTCAACCCAACAAACA-1,OEC,0.99612218119539
CTCAACCCAGTTGGAG-1,Pericytes,0.9916965184368056
CTCAACCTCCGGCGAT-1,Novel (Most Unreliable),0.2877932779460545
CTCACCAAGCTAGTTC-1,COP-NFOL,0.9931597986090652
CTCACCAAGGCAGTAC-1,Novel (Most Unreliable),1.1037060173157924e-33
CTCACCACATGACTGT-1,Novel (Most Unreliable),7.91218769989613e-35
CTCACCAGTAGCGGTA-1,Astrocytes,0.9960293480191744
CTCACCAGTCCCTTTG-1,OPC,0.9854423405916812
CTCACCAGTTACTTTC-1,Novel (Most Unreliable),2.0816745216758313e-60
CTCACCATCTATTTCG-1,Novel (Most Unreliable),5.609588816518637e-43
CTCAGAACAAACGTTC-1,Novel (Most Unreliable),0.0105444149782906
CTCAGAAGTACGCAAG-1,Novel (Most Unreliable),3.9176876701769614e-69
CTCAGAAGTGCACCCA-1,OPC,0.996452989298621
CTCAGAATCCGAATTG-1,Novel (Most Unreliable),2.4602058820473362e-110
CTCAGAATCGAAGCCC-1,Novel (Most Unreliable),1.5789348564777806e-26
CTCAGAATCTCTTCCT-1,OEC,0.9864596040592836
CTCAGCTAGTCAACTC-1,Novel (Most Unreliable),1.2376762784310362e-102
CTCAGCTGTTCCATCC-1,COP-NFOL,0.9763598444931744
CTCATGCAGAAGAGTG-1,OEC,0.9958735664181164
CTCATGCCAGGTAGGT-1,Novel (Most Unreliable),2.2440030029331647e-61
CTCATGCTCCTCATTA-1,OEC,0.99582689111875
CTCCCAAAGCTACGTT-1,OPC,0.9911442383554292
CTCCCAAAGGTCTTTG-1,OEC,0.995982674381991
CTCCCAAGTTCCTGTC-1,OEC,0.9963582365795244
CTCGCTAAGAGACTCG-1,OEC,0.993801906572608
CTCGCTAAGAGCCACA-1,OEC,0.9385262999941693
CTCGCTAAGCCCATGC-1,OEC,0.994306354070844
CTCGCTACATGGGTGA-1,Pericytes,0.9963506763325508
CTCGCTAGTCAACTAC-1,Novel (Most Unreliable),2.1632617557818446e-76
CTCGCTAGTCATAGAA-1,COP-NFOL,0.9949227928509063
CTCGCTATCAAAGTAG-1,OEC,0.9952269230864976
CTCGCTATCTGCGTCT-1,OEC,0.9959104689759712
CTCTACGAGTAGTTCC-1,OPC,0.9962384549847556
CTCTACGAGTGCTAGG-1,OEC,0.9815966815945916
CTCTACGAGTTCCCGG-1,OEC,0.9959103709269544
CTCTACGCAAGGAAGA-1,Novel (Most Unreliable),3.432208337735787e-64
CTCTACGGTATCAGCT-1,OPC,0.99624048373396
CTCTACGTCCCACTAC-1,OEC,0.9962198939936902
CTCTACGTCGCCACTT-1,Novel (Most Unreliable),1.08686618939341e-47
CTCTAGCAGGAAGGTA-1,OEC,0.9959018487218736
CTCTAGCAGTAACTCC-1,Novel (Most Unreliable),7.073491786036083e-64
CTCTAGCAGTCAGCCC-1,OEC,0.9923545406796348
CTCTAGCCAAATGCTC-1,COP-NFOL,0.9806712529343512
CTCTAGCCAATCACTG-1,OPC,0.9964988779339404
CTCTAGCTCCCGTAGG-1,Novel (Most Unreliable),3.829719822518825e-77
CTCTAGCTCCGGGCAT-1,OEC,0.9957772654354278
CTCTCAGAGAATGCTA-1,OEC,0.9961445900735112
CTCTCAGAGAGGAATG-1,Oligodendrocytes,0.9962767264173156
CTCTCAGAGTTCCAGT-1,OEC,0.9952496439348688
CTCTCAGCACCTGAAT-1,OPC,0.9952958861414573
CTCTCAGCACTCGTGG-1,OPC,0.9959678571562176
CTCTCAGCATTGTGAC-1,Novel (Most Unreliable),0.8202333440784033
CTCTCGAAGACACTTC-1,Astrocytes,0.9961008780738516
CTCTCGACACCGTTGG-1,OPC,0.9848881734261214
CTCTCGACACTAGGAG-1,OPC,0.9959567828426038
CTCTCGAGTGCTGTGC-1,COP-NFOL,0.9966155908421234
CTCTCGAGTGTCTACA-1,Novel (Most Unreliable),7.695726585934291e-47
CTCTCGATCGACTTAG-1,OPC,0.9937830535989416
CTGAATGAGTACAGAT-1,Novel (Most Unreliable),8.873230485436215e-114
CTGAATGCAAAGAGAG-1,OPC,0.996604214659482
CTGAATGCATCGCCTT-1,OEC,0.994130676756764
CTGAATGGTGCGTTTA-1,Oligodendrocytes,0.9961759190400978
CTGAATGGTTCAGTAC-1,OEC,0.9948657253473882
CTGAATGGTTGCAGAG-1,OPC,0.9943650988266514
CTGAATGTCCATGACA-1,OEC,0.9959824733583266
CTGCGTTGTGCGCTCA-1,OEC,0.9962294849633822
CTGCGTTGTGTCTACA-1,COP-NFOL,0.9886753170290103
CTGCGTTTCAAGGCCC-1,OEC,0.996378667419419
CTGCGTTTCAGCGGTC-1,OEC,0.9964742342715032
CTGCTCAAGGGTTCTT-1,OEC,0.9962745694630302
CTGGCAGAGCAGAATT-1,VLMC,0.9955417865504544
CTGGCAGCATAGCCAT-1,Oligodendrocytes,0.9956003727180356
CTGGCAGCATCCGTAA-1,OEC,0.9957378467676924
CTGGCAGGTCGGCTGT-1,OEC,0.9961249471662126
CTGGCAGGTGAGTAAT-1,VLMC,0.987457070438061
CTGGCAGGTGCACTTA-1,Oligodendrocytes,0.9903778076766504
CTGGCAGGTGGAAAGA-1,Novel (Most Unreliable),4.522680159949217e-33
CTGGCAGGTTCTGATG-1,OEC,0.9957876318101642
CTGGCAGGTTGGCGAA-1,Novel (Most Unreliable),3.4821946343684746e-115
CTGGCAGTCAATTCCT-1,OPC,0.9953814587000293
CTGGCAGTCCCAATGA-1,OEC,0.942437497085664
CTGGCAGTCGTGGCGT-1,COP-NFOL,0.9959210797061292
CTGGCAGTCGTTGTTT-1,COP-NFOL,0.9961155985178852
CTGGGACAGGAGAACA-1,OEC,0.995641730072154
CTGGGACCATCGAGTT-1,Astrocytes,0.9965957983819967
CTGGGACCATCGTGAT-1,OPC,0.9960391188529388
CTGGGACTCGAGCGCT-1,OPC,0.9945789241338318
CTGGGACTCGAGGTAG-1,OPC,0.9932998985274112
CTGGGACTCTGAAAGA-1,OEC,0.9961468256525604
CTGTATTAGCCGCAAA-1,Novel (Most Unreliable),6.823332214595265e-126
CTGTATTAGCCTTTGA-1,OPC,0.9961777500314072
CTGTATTAGTAATCAG-1,Novel (Most Unreliable),5.1533495348920814e-08
CTGTATTAGTGAATAC-1,Astrocytes,0.9962993231977042
CTGTATTCAGGGTAAC-1,OPC,0.9961982663884478
CTGTATTCATCATGTG-1,OEC,0.9899252771812032
CTGTATTTCGCTATAG-1,Astrocytes,0.8686525115687689
CTGTTCGAGGTGTTGG-1,OPC,0.9936258810052532
CTGTTCGCAGTAACTC-1,OEC,0.9948510275442478
CTGTTCGCATTAAGGA-1,Novel (Most Unreliable),7.665300960813608e-79
CTGTTCGCATTAGCAC-1,Astrocytes,0.9932588029604342
CTGTTCGGTCCCGTGA-1,COP-NFOL,0.9829714355280584
CTTAATCCAGCGCGTT-1,Pericytes,0.992468207060572
CTTAATCCATAGACGG-1,VEC,0.978268352585658
CTTAATCGTGTACGCC-1,OEC,0.986694844082565
CTTAATCGTTAGGCTT-1,OEC,0.994539250279538
CTTAATCTCGCTATAG-1,VEC,0.9958728862333184
CTTAATCTCTGGCACG-1,Novel (Most Unreliable),5.506239198255009e-75
CTTCCAGAGACTCTTG-1,OEC,0.953943424213294
CTTCCAGAGATTAGAC-1,Novel (Most Unreliable),2.8343507386645058e-42
CTTCCAGAGCGTGTTT-1,COP-NFOL,0.9964527749967186
CTTCCAGAGTCCTTCC-1,OEC,0.9962540219938486
CTTCCAGCATCGGCCA-1,OPC,0.9952351814002416
CTTCCAGGTCATTGCA-1,OEC,0.9932090254609672
CTTCCAGGTGATAGAT-1,OEC,0.9962306652048654
CTTCCAGGTTTCGATG-1,Novel (Most Unreliable),6.398688870807135e-16
CTTCCAGTCCGAGGAA-1,OPC,0.996489805196202
CTTCCAGTCGCTTGAA-1,OEC,0.9911837105643002
CTTCTAAAGACGACTG-1,Astrocytes,0.9955312329447634
CTTCTAACATGTGAGG-1,COP-NFOL,0.996650982033194
CTTCTAAGTGGAAGCT-1,OPC,0.9959354042064142
CTTCTAATCCCAGCGA-1,Astrocytes,0.9912844630867303
CTTGAAGAGGAGACTC-1,VLMC,0.9965742531675656
CTTGAAGAGTTAGCGG-1,COP-NFOL,0.9827994076627776
CTTGAAGCAAGTCTGT-1,OPC,0.991822950736814
CTTGAAGCACTGTTAG-1,Novel (Most Unreliable),1.595601978709063e-30
CTTGAAGGTGGGTAGT-1,Novel (Most Unreliable),7.553370622029628e-103
CTTGAAGTCAGGGTTT-1,Astrocytes,0.9959969406984294
CTTGAAGTCTGATCTT-1,Novel (Most Unreliable),0.8387089755344417
CTTGCCAAGAGCGAAA-1,Novel (Most Unreliable),3.771076768925624e-06
CTTGCCAAGATATGAC-1,Astrocytes,0.9576366011371472
CTTGCCAAGGGAAATG-1,Astrocytes,0.9963351302048672
CTTGCCACACGTTACA-1,OEC,0.9959093478467084
CTTGCCAGTATCTAGC-1,COP-NFOL,0.996342145255701
CTTGCCAGTCAGGCTC-1,Novel (Most Unreliable),3.6824200444147815e-29
CTTGCCAGTCTGTGTA-1,COP-NFOL,0.996583071645248
CTTGCCAGTTACGGAG-1,Oligodendrocytes,0.9963402819229786
CTTGCCATCCATCGAA-1,OPC,0.994653355274876
CTTGCCATCGACCCGA-1,COP-NFOL,0.9965904636031232
CTTGCTGAGCTATCGT-1,Novel (Most Unreliable),2.0596195954074195e-68
CTTGCTGCACTAAACC-1,Astrocytes,0.9948613748866728
CTTGCTGGTAAGTGCG-1,VEC,0.993682440108966
CTTGCTGGTCAGCTTA-1,VLMC,0.9956962833850914
CTTGTCGAGACACTTC-1,OEC,0.9957032150984768
CTTGTCGAGACTTCCA-1,Novel (Most Unreliable),1.2664171612636212e-51
CTTGTCGAGGCTTCGC-1,Oligodendrocytes,0.9964514410238708
CTTGTCGAGGTCTTTG-1,OPC,0.994846114777776
CTTGTCGAGTTACACC-1,Novel (Most Unreliable),2.831137692341097e-63
CTTGTCGCACATCATG-1,COP-NFOL,0.9966874780423424
CTTGTCGGTACGCAAG-1,OEC,0.9919373524750088
CTTGTCGGTCCAAGTT-1,OEC,0.9963634145311998
CTTGTCGGTCGTAATC-1,Novel (Most Unreliable),7.443471051665408e-49
CTTGTCGGTGGTAGAC-1,OEC,0.9958243667149098
CTTGTCGTCAGAATGA-1,OPC,0.9957405377236646
CTTTGCGCAAGGAGGG-1,OEC,0.9961876600799342
CTTTGCGCAGTTGCAT-1,Novel (Most Unreliable),0.0747552351602824
CTTTGCGGTCATAAGA-1,Novel (Most Unreliable),1.408401389645348e-19
CTTTGCGGTCCGTCGA-1,OPC,0.9944974356901444
CTTTGCGGTTGGGAAC-1,Novel (Most Unreliable),5.812210711604645e-53
CTTTGCGTCCAATAGC-1,OPC,0.9867318226165468
CTTTGCGTCTTGCGCT-1,OPC,0.9048421464572092
GAAACAACATTATGGC-1,OPC,0.996622405855166
GAAACAAGTGACAAGC-1,VLMC,0.9958532483801824
GAAACAAGTGCAGACA-1,OPC,0.9964636708075874
GAAACAATCCTCCTGA-1,OPC,0.9934265302757038
GAAAGTACAGATAAGT-1,Oligodendrocytes,0.9963212075239258
GAAAGTAGTTTGCCCT-1,COP-NFOL,0.9955488170800998
GAAAGTATCTCGCGTT-1,Novel (Most Unreliable),0.046648094210071
GAAATGAAGCTGCTCG-1,Novel (Most Unreliable),9.88863355949517e-126
GAAATGACAGGTCTGC-1,Oligodendrocytes,0.995822291222168
GAAATGAGTCAGTGTT-1,Pericytes,0.9959753283446628
GAAATGAGTTAAGGGC-1,OPC,0.9961888827674484
GAAATGATCAGGAATA-1,Novel (Most Unreliable),2.82351298747518e-43
GAAATGATCGATATGC-1,Novel (Most Unreliable),1.021524276076458e-52
GAAATGATCGGTTAGT-1,OPC,0.9916012350322784
GAACCGCCACATTCTT-1,COP-NFOL,0.996253110285948
GAACCGCGTATTGTGC-1,Pericytes,0.996448953866939
GAACCGCGTCAAACAA-1,COP-NFOL,0.996394419270976
GAACCGCGTTTAGGAA-1,Astrocytes,0.9883083605371392
GAACCGCGTTTCGACA-1,OPC,0.9960649702964168
GAACCGCTCCCTACGT-1,Novel (Most Unreliable),2.4094848212154253e-78
GAACCGCTCGAGAAGC-1,OPC,0.98392455794932
GAACCGCTCGCACCGA-1,OPC,0.9937530327281762
GAACCGCTCTATGAGC-1,Novel (Most Unreliable),7.618632306260518e-45
GAACCTAAGACTTCCA-1,OEC,0.994348400763471
GAACCTAAGGTTGTTC-1,OEC,0.9954577262203644
GAACCTAAGTACTCTG-1,OEC,0.9964010565599186
GAACCTACAACTCGAT-1,Novel (Most Unreliable),3.733314627735278e-61
GAACCTACATAGACGG-1,Novel (Most Unreliable),0.6960046980305177
GAACCTACATAGATAG-1,Astrocytes,0.995160067826943
GAACCTAGTACCCATA-1,OEC,0.9958838398719164
GAACGTTCACAGTTCA-1,COP-NFOL,0.9960323973880556
GAACGTTCACATATCG-1,Novel (Most Unreliable),3.260966949317433e-36
GAACGTTCACCGATCG-1,OPC,0.9957272432338988
GAACGTTGTTAGGCTT-1,OPC,0.9964752310065208
GAACTTGAGATATGTG-1,COP-NFOL,0.9965911466569676
GAACTTGAGCTCGTTA-1,Novel (Most Unreliable),1.2192820964704542e-86
GAACTTGAGGGTCTGA-1,OEC,0.9960267009640948
GAACTTGGTACGTAGG-1,Pericytes,0.9875892080974376
GAACTTGGTAGTGATA-1,OEC,0.9962332913013876
GAACTTGGTCAACTGT-1,Astrocytes,0.9934909135007476
GAACTTGGTCAGACGA-1,OEC,0.995788122027855
GAACTTGTCGAGAAGC-1,Novel (Most Unreliable),2.2647633233759355e-92
GAACTTGTCGCAGATT-1,OEC,0.9958932841045754
GAAGAGCAGAGAAGCA-1,Oligodendrocytes,0.9965342616244184
GAAGAGCGTTGGTAAA-1,Astrocytes,0.9957141328917104
GAAGAGCTCCCATAGA-1,OPC,0.996525644546724
GAAGTCTCAGGTGGTA-1,Novel (Most Unreliable),0.0706140916797822
GAAGTCTGTGGACCAA-1,OPC,0.9932219013236552
GAAGTCTTCTCTGCGT-1,Novel (Most Unreliable),2.336314234870796e-69
GAAGTGGAGCAGGAGG-1,COP-NFOL,0.9725289723647728
GAAGTGGAGCCTATAC-1,Novel (Most Unreliable),1.857396869138934e-84
GAATCTGAGGTAAGTT-1,OPC,0.9965772440466928
GAATCTGCACCGTTGG-1,Astrocytes,0.9962876982346
GAATCTGGTTTGCATG-1,Novel (Most Unreliable),5.819172881711055e-95
GAATCTGTCCTTTGAT-1,OPC,0.9961529624070022
GAATCTGTCTTGCGCT-1,OPC,0.9962831613955088
GACCAATAGGCAGTAC-1,OPC,0.9964907678406116
GACCAATCAAAGCATA-1,OPC,0.9715271188300704
GACCAATCACACACAT-1,OPC,0.9962348699096348
GACCAATCACGCGTTG-1,OPC,0.9958001665985532
GACCAATGTAACCGAG-1,Novel (Most Unreliable),0.1801513068671159
GACCAATGTCACATTG-1,Oligodendrocytes,0.9057727124521948
GACCAATTCGATATGC-1,VLMC,0.9961032804322448
GACCAATTCGATCTTT-1,OPC,0.9924218758988704
GACCAATTCGGAAAGC-1,OPC,0.9962952679531633
GACCAATTCGTCTTAT-1,Novel (Most Unreliable),2.4297549622932483e-24
GACCAATTCGTGCTTC-1,OPC,0.9961271534646308
GACCCAGAGCGGACTA-1,Astrocytes,0.9841811937218168
GACCCAGAGGCACTAG-1,Pericytes,0.9966507306173494
GACCCAGCAAGAAACT-1,OEC,0.9961643275620956
GACCCAGCAGATAAGT-1,VLMC,0.9962342150664264
GACCCAGGTAGGTAAT-1,VLMC,0.9964182997782808
GACCCAGGTCAGGCTC-1,OEC,0.9834618755203836
GACCCAGGTCCGTAGC-1,OPC,0.995614241984482
GACCCAGTCCACGCTT-1,Astrocytes,0.9958401067124156
GACCCAGTCGGGTCCA-1,VEC,0.9965630327169058
GACCGACCAAACTACC-1,Astrocytes,0.9951133343139584
GACCGACCATAGCCGC-1,Novel (Most Unreliable),3.0910909653277834e-05
GACCGACTCATCGCCT-1,OPC,0.9964178898943108
GACCGACTCCCTACCA-1,OEC,0.9948425861065914
GACCTTCCAATAGCGG-1,OEC,0.9959589755595812
GACCTTCCAATCATCG-1,VEC,0.9965947606067744
GACCTTCCACCGTTGG-1,OEC,0.9955152497717
GACCTTCCACGGCCAT-1,OPC,0.99645579820343
GACCTTCGTCCGAGCT-1,COP-NFOL,0.9966468680883672
GACCTTCTCACTAGGT-1,Astrocytes,0.9953395134876718
GACCTTCTCCGAGGAA-1,Novel (Most Unreliable),2.2069056438872147e-32
GACTAACCAATGATGA-1,OEC,0.9961411871902932
GACTAACTCGCACCGA-1,OEC,0.9880823141711926
GACTAGTAGGTTCGTT-1,VLMC,0.9931310278456684
GACTAGTCAGGACTGA-1,OPC,0.9960381904735468
GACTAGTTCGCAAACT-1,OEC,0.9159361373278032
GAGAACGAGCCTATAC-1,OPC,0.9911375330869032
GAGAACGAGCCTTTGA-1,OPC,0.9904745879839472
GAGAACGAGTCTCCAA-1,VLMC,0.99470344490302
GAGAACGCAACGTACT-1,Novel (Most Unreliable),2.0629167722007745e-67
GAGAACGCACCACAGC-1,Novel (Most Unreliable),4.408899276520344e-27
GAGAACGCACCTCGTT-1,OEC,0.9963554539967988
GAGAACGCATGATCGT-1,OPC,0.9965317387803512
GAGAACGTCTCTTCTC-1,Oligodendrocytes,0.9952281204213058
GAGACTTAGAGGAATG-1,COP-NFOL,0.9937009441718524
GAGACTTCATAGTCCA-1,OPC,0.996628091786462
GAGACTTGTAGGTAAT-1,OPC,0.995930350566993
GAGACTTGTCAAACAA-1,VLMC,0.9426983736235371
GAGACTTTCGACTTAG-1,OEC,0.9946564716653996
GAGATTCAGGGATCCA-1,Novel (Most Unreliable),0.551199920461709
GAGATTCAGGGTCTGA-1,OPC,0.9909715917842644
GAGATTCCATTCGTCC-1,Astrocytes,0.9328776798495794
GAGATTCGTATTGTCG-1,Astrocytes,0.9565043780240464
GAGATTCGTCCCGAGT-1,Novel (Most Unreliable),5.000937722542522e-87
GAGATTCGTCCGTAGC-1,Oligodendrocytes,0.994516606621998
GAGATTCTCGATAGCT-1,OPC,0.996676790911328
GAGATTCTCGTGCTGG-1,OPC,0.9943621017919582
GAGCATTAGAGAACCC-1,OPC,0.996104590018888
GAGCATTAGTGAACCG-1,OPC,0.9961472072071992
GAGCATTCATCGCCTT-1,OEC,0.9959382703739138
GAGCATTGTTGGCTTA-1,COP-NFOL,0.9966553983062952
GAGCATTTCCACACCT-1,Oligodendrocytes,0.9962351241061054
GAGCGCTAGTCGACCC-1,Oligodendrocytes,0.9964448012754604
GAGCGCTCAAGTTCGT-1,OPC,0.995540179987796
GAGCGCTCAGGCATTT-1,OEC,0.99606585244316
GAGCGCTCAGGTAGGT-1,OEC,0.9956898895897736
GAGCGCTGTGAGGTCA-1,Novel (Most Unreliable),0.0002758239623572
GAGCGCTGTGATGCGA-1,Astrocytes,0.9961645555533548
GAGGATGAGAGCCACA-1,VEC,0.9964372812671876
GAGGATGCAACGGGTA-1,OPC,0.9961344071630138
GAGGATGCACTAGGAG-1,Novel (Most Unreliable),0.2556164359063081
GAGGATGGTCAAGACG-1,Oligodendrocytes,0.9960273028510054
GAGGATGGTTCTGATG-1,OEC,0.9895851438268454
GAGGCTCAGGTACATA-1,Oligodendrocytes,0.9965450978369964
GAGGCTCGTAACGGTG-1,OEC,0.9963261280143572
GAGGCTCGTGAGGGTT-1,OEC,0.9955643939202828
GAGGCTCGTTCGGGAA-1,Pericytes,0.9887156067128452
GAGGCTCTCGCGTGAC-1,Novel (Most Unreliable),5.205559534879163e-53
GAGGTCCCAGAACAGC-1,VEC,0.8922119486909523
GAGGTCCCATCTCTCG-1,COP-NFOL,0.9964926426197742
GAGGTCCCATGTGGGA-1,OEC,0.9963607946958468
GAGGTCCGTGGACAGT-1,Oligodendrocytes,0.9964377093426292
GAGGTCCTCGTGATAC-1,OEC,0.9956752039360032
GAGTGAGAGAGACTCG-1,VEC,0.9958674898336732
GAGTGAGAGGAGTACC-1,OPC,0.9955538321465508
GAGTGAGGTTGCCGCA-1,Novel (Most Unreliable),1.778660234605243e-68
GAGTGAGTCCTTACGC-1,OEC,0.9126892327593568
GAGTGAGTCTGAGTCA-1,OEC,0.9953038836333578
GATCATGAGTGATATG-1,OPC,0.9955490017654174
GATCATGCAAAGAAGG-1,Novel (Most Unreliable),1.7388132198881647e-11
GATCATGCAACAAACA-1,OEC,0.994287037200294
GATCATGTCTTGCGCT-1,Astrocytes,0.993890406106707
GATCGTAAGATAGGTT-1,OEC,0.9962193161016204
GATCGTAAGCGAGCTA-1,OEC,0.9953989727791622
GATCGTAAGGATTGAT-1,OPC,0.9964485426709152
GATCGTAAGGCCTCGT-1,Astrocytes,0.9965655211557162
GATCGTAAGGTACATA-1,Novel (Most Unreliable),1.427995703892954e-47
GATCGTAAGTCGTGAG-1,COP-NFOL,0.9966769324912824
GATCGTACACATTGCA-1,Novel (Most Unreliable),1.6611828508233397e-37
GATCGTACACGCGATC-1,OPC,0.994767707878124
GATCGTACATGCGTTA-1,OEC,0.985772531306188
GATCGTAGTACTAGAA-1,OPC,0.9962243636540248
GATCGTAGTGAATACA-1,Astrocytes,0.9961991136845244
GATCGTAGTTCTCGAA-1,OPC,0.9947751543197356
GATGATCAGGAAGAAC-1,Pericytes,0.9880151198002192
GATGATCAGTCTAGAA-1,Novel (Most Unreliable),3.747036454726192e-17
GATGATCGTTACACTG-1,OEC,0.9962997861208772
GATGATCTCAAGGCCC-1,OEC,0.995488958538724
GATGATCTCGCAGATT-1,OEC,0.9962027603333552
GATGGCCAGAACTAAC-1,OPC,0.996218149910714
GATGGCCCAAAGACGC-1,Novel (Most Unreliable),2.715333216549928e-128
GATGGCCCATGTATCG-1,OEC,0.9958996953936304
GATGGCCGTACTTGAC-1,OEC,0.9948313950830386
GATGGCCGTCCTATTT-1,Novel (Most Unreliable),3.75434759760512e-66
GATGGCCTCCGATGCG-1,Novel (Most Unreliable),0.0602932097946141
GATGGCCTCTATAGGC-1,COP-NFOL,0.9953008407096048
GATGGCCTCTTTATCG-1,VLMC,0.9965141239411766
GATTAGCCAACTACTG-1,OEC,0.9946670450656716
GATTAGCCAGCGTACC-1,OPC,0.9934212394738344
GATTAGCCATTAACGC-1,Oligodendrocytes,0.9934894163683352
GATTAGCGTTTCTACT-1,Novel (Most Unreliable),1.5644824908308154e-87
GATTAGCTCTATCTAC-1,Novel (Most Unreliable),7.919946038993217e-38
GATTGACAGGCCAGTA-1,OEC,0.9955675671317176
GATTGACAGGGAAATG-1,OPC,0.9421148885893368
GATTGACCAAGTCCTA-1,OPC,0.9962417410726836
GATTGACCAGCTTACA-1,OEC,0.9960780990866912
GATTGACGTCACAGGA-1,OEC,0.9922108960035684
GATTGACGTCATTGCA-1,OEC,0.9963345751349708
GATTGACTCGACTTAG-1,Novel (Most Unreliable),4.84606321610205e-58
GATTGACTCTCTGACC-1,OPC,0.9947990953363248
GCAAAGGAGACTAGCG-1,Novel (Most Unreliable),7.153873482494695e-71
GCAAAGGAGCTCCGGT-1,Novel (Most Unreliable),3.231887877163651e-43
GCAAAGGAGGCCAATG-1,Novel (Most Unreliable),1.6457610259992202e-66
GCAAAGGAGTTCAGGG-1,Novel (Most Unreliable),3.187607273292938e-58
GCAAAGGTCAATTCCT-1,Novel (Most Unreliable),2.492840289005876e-65
GCAAAGGTCAGTCTTT-1,VLMC,0.98404435523008
GCAAAGGTCGATCTTT-1,OEC,0.9955318607061264
GCAAAGGTCGTGAGTT-1,Novel (Most Unreliable),2.304974490539152e-91
GCAACCGAGAGGAAGT-1,Pericytes,0.9963290089881356
GCAACCGAGGTTGTGG-1,COP-NFOL,0.9957896119692048
GCAACCGAGTCTCTAG-1,VEC,0.995678928974024
GCAACCGCAGAACTTC-1,OEC,0.9957926851050438
GCAACCGTCGAGAAGC-1,Novel (Most Unreliable),1.5701066541880045e-17
GCACCTTCAAACCGAG-1,Novel (Most Unreliable),2.26734028157802e-64
GCACCTTCAGTTAAAG-1,OEC,0.9962780158995956
GCACCTTGTTACACTG-1,Novel (Most Unreliable),1.5902032103477512e-34
GCACCTTTCAGTTGAC-1,OEC,0.992070082527642
GCACGCAAGGGAAGCG-1,OEC,0.98672315963928
GCACGCAAGTATGGGC-1,OEC,0.9958635785922156
GCACGCAAGTGAGCTG-1,Novel (Most Unreliable),1.4650879167785308e-36
GCACGCAGTGGAAGCT-1,OPC,0.9964680116017046
GCACGCATCACAGGGA-1,VEC,0.9961876511532592
GCACGCATCTAAACGC-1,OEC,0.9957174072468205
GCACGGTAGAGGAATG-1,OPC,0.9958235784526528
GCACGGTAGCTAACAA-1,OEC,0.9960168667926976
GCACGGTAGCTCGTTA-1,OPC,0.9966702968016038
GCACGGTAGTGTCGCC-1,OPC,0.9964089038686472
GCACGGTAGTTCAGGG-1,OPC,0.995808112423302
GCACGGTCATCATGTG-1,OPC,0.9963996033726348
GCACGGTGTAATGTGA-1,VLMC,0.9959434574194688
GCACGGTGTGCCCGAT-1,Pericytes,0.9960203707825726
GCACGGTGTGGACCAA-1,OEC,0.9963892457104884
GCACGGTGTGGCCTCA-1,OPC,0.9927591065549194
GCACGGTTCCTTGACC-1,OPC,0.9964414091459792
GCACGGTTCGACCCGA-1,OPC,0.9956638785075748
GCAGATTAGGGTGTTG-1,Astrocytes,0.9930999322015336
GCAGATTAGTTACCAC-1,Novel (Most Unreliable),1.4350757888105076e-47
GCAGATTCAAGCGGTA-1,Pericytes,0.9790889644422954
GCAGATTCACTCCTCA-1,OPC,0.9964147672302832
GCAGATTCAGCAGGTA-1,COP-NFOL,0.996599541749574
GCAGATTCATTGCACA-1,OEC,0.9953837481874654
GCAGATTTCAAGAGGC-1,Novel (Most Unreliable),3.351128529604161e-32
GCAGATTTCGACGGAA-1,Astrocytes,0.9552771290751352
GCAGCCACAAGAGCGT-1,OEC,0.9957752879568298
GCAGCCACACTCGCAG-1,OPC,0.9894778175249376
GCAGCCACAGGCACAA-1,OPC,0.9939977526437798
GCAGCCAGTTGGGAAC-1,COP-NFOL,0.9947878486749122
GCAGCCATCGCGCCAA-1,OPC,0.9963858989517866
GCAGCTGAGACTTCCA-1,OEC,0.994514430786436
GCAGCTGAGGCAAGCT-1,Novel (Most Unreliable),1.8508988416471224e-22
GCAGCTGCACCTATTT-1,OEC,0.9869625204818
GCAGCTGCACCTGAAT-1,VEC,0.9965012277974898
GCAGCTGGTAATGTGA-1,VLMC,0.9965034922982304
GCAGCTGTCCGCCTAT-1,OPC,0.9850574225688356
GCAGCTGTCTGGAAGG-1,Oligodendrocytes,0.996344429062594
GCATGATAGCCCATGC-1,OPC,0.9964398211834108
GCATGATCATGGGTGA-1,Oligodendrocytes,0.9959550955431192
GCATGATCATTATGGC-1,Novel (Most Unreliable),3.0891882824100577e-108
GCATGATGTGGCCTTG-1,Novel (Most Unreliable),0.7959984798304464
GCATGATGTTCCCGGA-1,OEC,0.9960375311291064
GCATTCCTCACGTGTA-1,Novel (Most Unreliable),2.2690371138298856e-52
GCATTCCTCATTCGGA-1,VLMC,0.9957271659808266
GCATTCCTCCCGGGTA-1,OEC,0.9964039410591432
GCATTCCTCCGAGAGA-1,COP-NFOL,0.9966411487482112
GCATTCCTCGTCTAGA-1,OEC,0.9947528676394558
GCATTGAAGACACTTC-1,OEC,0.9960582894582896
GCATTGAAGAGGAATG-1,OEC,0.996444103548244
GCATTGAAGCAGAAAG-1,OPC,0.9962552970957816
GCATTGAAGGTGTCGA-1,Novel (Most Unreliable),3.7238818375575004e-55
GCATTGACACCTGTGG-1,OEC,0.9919107029493774
GCATTGACAGCCACGT-1,OEC,0.996000881268367
GCATTGAGTGCTTTGA-1,Novel (Most Unreliable),1.4741983646399428e-117
GCATTGAGTGGTGGTA-1,OEC,0.995922754270152
GCATTGAGTTGCTTGA-1,Novel (Most Unreliable),1.3071288033038202e-47
GCATTGATCTTCCACG-1,OEC,0.995964573206014
GCCAGACCAAATAGTG-1,Novel (Most Unreliable),4.720481198378491e-65
GCCAGACCACATTGCA-1,OEC,0.9962027211406218
GCCAGACCATTCGTCC-1,OEC,0.982957593234462
GCCAGACGTAGTTTGC-1,OEC,0.9949021659105424
GCCAGCAAGAACTCCT-1,OPC,0.9950824081474658
GCCAGCAAGATGGCAC-1,VLMC,0.9938909718042866
GCCAGCAAGCACACCC-1,Novel (Most Unreliable),1.897959086878143e-88
GCCAGCAAGGCAAGCT-1,VLMC,0.9962739673133396
GCCAGCAAGGCTTTAC-1,OPC,0.995685461048634
GCCAGCAGTAGGTAAT-1,OPC,0.9208717823821312
GCCAGCAGTATTGTGC-1,Novel (Most Unreliable),1.409542324025642e-57
GCCAGCATCAAGTTGC-1,Novel (Most Unreliable),0.0025348232736326
GCCATAAAGAAGACTT-1,OEC,0.9952154168504576
GCCATAACAACTGCGC-1,Novel (Most Unreliable),1.5642133941159478e-20
GCCATAAGTACGGAGT-1,OEC,0.9958369904380022
GCCATAAGTAGCAGCA-1,OEC,0.9963478410201876
GCCATAAGTAGCATGG-1,VLMC,0.911243427313878
GCCATAAGTCTTAGCA-1,Novel (Most Unreliable),2.3000777521305464e-39
GCCATAAGTTAGCTCA-1,COP-NFOL,0.9964096965590205
GCCATAAGTTTAAGGA-1,VLMC,0.9961799701467504
GCCATAATCCGTCAAA-1,Novel (Most Unreliable),2.6105254491725527e-66
GCCATAATCTCCTTGG-1,Novel (Most Unreliable),6.884581007820308e-05
GCCCAGAAGTAGCAAT-1,OEC,0.9942766927881292
GCCCAGACACTCCCAT-1,VLMC,0.9955171599828704
GCCCAGACATAAAGTG-1,COP-NFOL,0.9893268435226704
GCCCAGATCGCGCCAA-1,OPC,0.9944562966034152
GCCCAGATCTAGCAGT-1,Oligodendrocytes,0.9938376626176304
GCCCGAACAACTACTG-1,OEC,0.9935566382706827
GCCCGAACATCCCAAA-1,OEC,0.9955627182590816
GCCCGAACATGCTATG-1,OPC,0.9960259643286296
GCCCGAATCGTCTAGA-1,VLMC,0.9961991218734232
GCCCGAATCTATATCC-1,Novel (Most Unreliable),9.637059061973905e-50
GCCCGAATCTTATCAC-1,Novel (Most Unreliable),5.104425485761776e-107
GCCTACTAGGTTAACA-1,OEC,0.9962610548185256
GCCTACTCAATGCCAT-1,Novel (Most Unreliable),0.0001096143297574
GCCTACTCACACATGT-1,Novel (Most Unreliable),1.4257606029642646e-59
GCCTACTGTAACCGAG-1,Novel (Most Unreliable),0.6558925222243344
GCCTACTGTTGTATCG-1,OPC,0.9959061761031808
GCCTACTTCGATGTAC-1,COP-NFOL,0.995488822498406
GCCTAGGAGATATGTG-1,Astrocytes,0.9573415130044436
GCCTAGGAGCAGAAAG-1,Novel (Most Unreliable),0.029635964661008
GCCTAGGGTAATGCAA-1,OEC,0.9959154253721378
GCCTAGGGTAGATTAG-1,Pericytes,0.982869260927041
GCCTAGGGTGGATTCT-1,OEC,0.9957774838930792
GCGAGAAAGAAGACTT-1,Astrocytes,0.9932228829938172
GCGAGAACACTGAAGG-1,COP-NFOL,0.994417327440796
GCGAGAAGTCTGGTTA-1,OPC,0.9959164592016434
GCGAGAATCAGTACAC-1,Novel (Most Unreliable),0.0006855136315051
GCGAGTCAGAGAGTTT-1,OEC,0.992997258094896
GCGAGTCAGTATAGTG-1,VLMC,0.9964981376473666
GCGAGTCAGTCATCTG-1,OEC,0.9953829219003042
GCGAGTCAGTTGACAA-1,Novel (Most Unreliable),4.773738439444528e-12
GCGAGTCAGTTTACGC-1,OPC,0.9964173360748008
GCGAGTCCACATTCTT-1,OEC,0.995990352504101
GCGAGTCCATGGTATC-1,VEC,0.9730258648928436
GCGAGTCTCAGCACGC-1,Novel (Most Unreliable),1.1137587399742836e-57
GCGAGTCTCCGTGCAG-1,VLMC,0.9960826016592076
GCGAGTCTCTCTCAAT-1,Novel (Most Unreliable),3.680989802916791e-05
GCGATCGAGAAAGGGT-1,Novel (Most Unreliable),2.911418551293389e-58
GCGATCGAGAGGAATG-1,OPC,0.9948747884187168
GCGATCGAGGCAGTGT-1,OPC,0.981110773073274
GCGATCGAGTAACACA-1,OPC,0.9675618604264014
GCGATCGCAATCATCG-1,OEC,0.9962431196148472
GCGATCGGTGTTGTTG-1,Oligodendrocytes,0.9944965666073866
GCGATCGGTTCCAATG-1,OPC,0.9958034795327964
GCGATCGTCGGTACTA-1,OPC,0.9944440158813644
GCGATCGTCTATCCTA-1,OEC,0.9962138796744422
GCGATTAAGACAGCTG-1,Novel (Most Unreliable),9.128085689061411e-35
GCGATTACAAGTCTGT-1,OPC,0.991546529881804
GCGATTACATGTAGAA-1,OEC,0.9957719775439408
GCGATTACATGTGAGG-1,Novel (Most Unreliable),0.7741053235847586
GCGATTAGTCACAGGA-1,OEC,0.9816437841969408
GCGATTAGTCACATTG-1,Astrocytes,0.9935551556591996
GCGATTATCGAGAACG-1,OEC,0.9960758461149456
GCGATTATCTGGACAT-1,Novel (Most Unreliable),3.7815520619095e-08
GCGCATGAGACCAATA-1,Novel (Most Unreliable),1.0644458607496999e-124
GCGCATGAGCTCGTTA-1,OPC,0.9960365389547544
GCGCATGCAAACTACC-1,OEC,0.9958740941740082
GCGCATGGTATGGGTG-1,Oligodendrocytes,0.996223608847667
GCGCATGGTTCAGAAA-1,Oligodendrocytes,0.996329831521172
GCGCATGTCTAAGGTC-1,OEC,0.9923365532626836
GCGCCAACACTGTTAG-1,Astrocytes,0.9953282271799956
GCGCCAAGTCTCTGCT-1,Novel (Most Unreliable),1.1732277516949005e-07
GCGCCAAGTGCCCGAT-1,OEC,0.99534356281933
GCGCCAAGTTTGACCA-1,OPC,0.993336843582726
GCGCCAATCCTTGACC-1,OPC,0.9881246462063908
GCGCCAATCTTCTTCC-1,COP-NFOL,0.9966233940022275
GCGGAAAAGCGATACG-1,Novel (Most Unreliable),2.0560936037434106e-93
GCGGAAAAGTTTGGAA-1,Oligodendrocytes,0.9959839188024044
GCGGAAACAGGACCTC-1,OPC,0.996408912058404
GCGGAAACATCGGCCA-1,Novel (Most Unreliable),0.5164187713855405
GCGGAAAGTACCAAGG-1,Oligodendrocytes,0.9936081993271546
GCGGAAAGTACTTCGA-1,Astrocytes,0.979658167285896
GCGGAAAGTTTAGACC-1,OEC,0.9945126798437848
GCGGGTTAGCAGAATT-1,OPC,0.9948211470272176
GCGGGTTCAAGATGCG-1,OPC,0.9878904520939118
GCGGGTTCAATCCATG-1,OEC,0.9813207670010772
GCGGGTTCATGTCCCT-1,COP-NFOL,0.9955421367879512
GCGGGTTGTCACAGTT-1,OEC,0.996076088062954
GCGGGTTTCCAATCCC-1,Novel (Most Unreliable),2.4963695507846773e-41
GCGGGTTTCGAGGTAG-1,Novel (Most Unreliable),1.6487477590134478e-41
GCGGGTTTCTGGCCAG-1,Novel (Most Unreliable),4.5069921850964333e-26
GCGGTGTAGACAGTGC-1,Novel (Most Unreliable),0.1081997386969706
GCGGTGTCAACGTCGC-1,OPC,0.995262971306298
GCGGTGTCACATTGCA-1,Novel (Most Unreliable),4.315439904306064e-58
GCGGTGTCAGAGATGC-1,OEC,0.995359105372117
GCGGTGTGTTCCCTTG-1,OEC,0.9782515051966506
GCGGTGTTCGGGCTCA-1,Novel (Most Unreliable),1.9586543186219345e-08
GCGTAGCCAAGGTCGA-1,OEC,0.9950393930735044
GCGTAGCCAATGGCTT-1,VEC,0.9966358383931933
GCGTAGCCACAGTTCA-1,COP-NFOL,0.9966393857639886
GCGTAGCCATTTGTTC-1,OEC,0.9956810909384732
GCGTAGCGTACCTATG-1,COP-NFOL,0.8861427200971081
GCGTAGCGTCTGGGAA-1,OEC,0.9961108330856404
GCGTAGCGTTCAGTTG-1,OEC,0.995303137344159
GCGTTGGCAGAGTCGA-1,OPC,0.99560083934442
GCGTTGGCAGGTGGTA-1,Astrocytes,0.9907064424869892
GCGTTGGTCCAGGTCG-1,Novel (Most Unreliable),1.9688755042225308e-68
GCGTTGGTCTGGCACG-1,Oligodendrocytes,0.9962339933897012
GCTCACTCATTGTTCT-1,Novel (Most Unreliable),4.0539062332924647e-32
GCTCACTTCCATAGGT-1,Astrocytes,0.9957546972156192
GCTCACTTCGGAGTTT-1,OEC,0.9963735197296792
GCTCAGGAGTCCGTGC-1,Novel (Most Unreliable),4.4923429335876513e-51
GCTCAGGCAGGCAGAT-1,OPC,0.9865723092558424
GCTCAGGGTCGCGCTA-1,Novel (Most Unreliable),1.2082191453126004e-32
GCTCAGGGTGCATTGT-1,COP-NFOL,0.9965475558769432
GCTCAGGTCATTCGGA-1,OEC,0.9951166889406122
GCTCCTAAGACTAGGC-1,Novel (Most Unreliable),3.888880853998423e-58
GCTCCTAAGTGAGTGC-1,COP-NFOL,0.9959809369023546
GCTCCTAAGTGCAACG-1,Novel (Most Unreliable),2.0389167929024053e-24
GCTCCTACACAGGTAG-1,OEC,0.9962176385192432
GCTCCTACATTACTTC-1,Astrocytes,0.9686603719962952
GCTCCTACATTGTTCT-1,OPC,0.9806726217780768
GCTCCTAGTACCAAGG-1,Novel (Most Unreliable),2.7096014345931712e-27
GCTCGAGAGCGCCTAC-1,Novel (Most Unreliable),1.146683290908975e-33
GCTCGAGAGTTGCTTG-1,OEC,0.978951534526221
GCTCGAGCACCCTTAC-1,OEC,0.9091478625126412
GCTCGAGGTCTAACCA-1,Novel (Most Unreliable),0.0008645106804337
GCTCGAGGTTCGGGAA-1,OEC,0.9957748481193136
GCTCGAGGTTTCCGGG-1,OEC,0.9938524116513652
GCTCGAGTCGTGTGCG-1,OEC,0.9964769867715038
GCTGAGCCACCACGAC-1,VLMC,0.9948090154899388
GCTGAGCGTTACTACG-1,OEC,0.9945966749859286
GCTGAGCGTTTCGATG-1,OEC,0.9957259800755636
GCTGAGCTCCAGGCCA-1,Oligodendrocytes,0.9954527260505142
GCTGAGCTCCTATCCG-1,Astrocytes,0.971101282433419
GCTGCGAGTCGAGGTA-1,Novel (Most Unreliable),3.566002438900876e-16
GCTGCGAGTTCGGGAA-1,COP-NFOL,0.9958596246583404
GCTGCGAGTTGCAGAG-1,VEC,0.9860518776127708
GCTGTTCAGACAACGC-1,OPC,0.9964688284599822
GCTGTTCAGCTTACCA-1,Novel (Most Unreliable),3.3229648120927713e-79
GCTGTTCCATAGAATG-1,COP-NFOL,0.9939580886909428
GCTGTTCGTATTCGCA-1,Astrocytes,0.995217891792178
GCTGTTCGTGGTAAGC-1,Novel (Most Unreliable),5.300325255371631e-26
GCTTAAGTCACATTCT-1,Astrocytes,0.9911707843850318
GCTTAAGTCTCGCGTT-1,OEC,0.9964471189837047
GCTTGCTCACAAGGGT-1,OPC,0.9952589460996084
GCTTGCTTCCCTAAAG-1,Novel (Most Unreliable),4.6795358515761725e-25
GCTTGCTTCCTTGACC-1,OEC,0.9958562243078606
GCTTGCTTCTATGAGC-1,Novel (Most Unreliable),0.332341888362776
GCTTTCGAGGTCTTTG-1,Novel (Most Unreliable),3.6458687070661015e-05
GCTTTCGGTCGCTACG-1,Pericytes,0.996564735885344
GCTTTCGGTGCTTACA-1,Oligodendrocytes,0.9961921608926247
GCTTTCGTCGCTATTT-1,OEC,0.995432831907318
GCTTTCGTCTCTCAAT-1,OEC,0.9960356717684876
GGAACCCAGAGGCCTA-1,Oligodendrocytes,0.9964301909878722
GGAACCCAGGTTACAA-1,Oligodendrocytes,0.9957816777405736
GGAACCCCACCTGTGG-1,Novel (Most Unreliable),1.4142186034659787e-46
GGAACCCGTATCTAGC-1,Novel (Most Unreliable),2.3597092618661918e-11
GGAACCCGTCGAGGAT-1,OPC,0.9961742873458552
GGAACCCTCCCGTAGG-1,OPC,0.9953121809142036
GGAACTTAGCGTTAGG-1,Novel (Most Unreliable),2.9061841544031764e-42
GGAACTTAGGAAGAAC-1,Novel (Most Unreliable),5.428269184473103e-61
GGAACTTAGGATTGAT-1,COP-NFOL,0.9923435514078554
GGAACTTAGGCTGGAT-1,OEC,0.9964105128207597
GGAACTTGTATGGGTG-1,Oligodendrocytes,0.9708689437854938
GGAACTTGTCTGCGCA-1,VEC,0.9859321701274588
GGAATCTAGCAATAAC-1,COP-NFOL,0.996007663709488
GGAATCTCACAGTTCA-1,OEC,0.9960000321790892
GGAATCTCATCCGTAA-1,OPC,0.9794160101558792
GGAATCTGTCAATCCA-1,Astrocytes,0.992612084902578
GGAATCTGTGATAGAT-1,OEC,0.9959465098524146
GGAATCTTCGTATAGC-1,OEC,0.996379772464568
GGACACCAGGTCTTTG-1,Astrocytes,0.9925270644273152
GGACACCAGGTTTCTG-1,Novel (Most Unreliable),2.040244233389033e-79
GGACACCCAAGGAGGG-1,Astrocytes,0.9790521659907372
GGACACCCACTGCTCT-1,OEC,0.9961667764314888
GGACACCGTCCCGTGA-1,OEC,0.9952792049748604
GGACACCGTCTGGTTA-1,Novel (Most Unreliable),4.437840517374812e-90
GGACACCTCAACACGT-1,Astrocytes,0.9947993939172216
GGAGAACAGATTAGAC-1,Novel (Most Unreliable),4.674181251701141e-09
GGAGAACAGGGCTCTC-1,VLMC,0.9679608651189748
GGAGAACCATGGGTGA-1,COP-NFOL,0.9950279186778364
GGAGAACTCGATGTGT-1,Novel (Most Unreliable),0.0176368660380541
GGAGAACTCGTCCCAT-1,VLMC,0.9965778106665444
GGAGAACTCTGACATG-1,OEC,0.996124201775892
GGAGGATAGTCGAGCA-1,Novel (Most Unreliable),2.129819940559408e-47
GGAGGATCAGCACATT-1,OPC,0.9944360722076936
GGAGGATGTCACATTG-1,Novel (Most Unreliable),1.2772942280146478e-10
GGAGGATTCACCCTTG-1,Oligodendrocytes,0.993593925897975
GGAGGATTCCGCCTAT-1,OEC,0.9959034348189428
GGAGGATTCGTGCTGG-1,OPC,0.9949424805478648
GGAGTAGAGTCGCCTG-1,Novel (Most Unreliable),5.711469682217428e-58
GGAGTAGCAAGACACG-1,Novel (Most Unreliable),1.1214687289954985e-72
GGAGTAGCAGCAATGG-1,OEC,0.9959842241976428
GGAGTAGGTATGCTAC-1,OPC,0.9957601324456696
GGAGTAGGTTAGGCTT-1,Pericytes,0.9965145002343992
GGAGTAGTCTAGCAGT-1,OEC,0.9949151996704496
GGAGTAGTCTCAGATG-1,OEC,0.9963020061125024
GGAGTAGTCTTCTCTC-1,OEC,0.9962342869075506
GGATAGGAGACCAATA-1,Novel (Most Unreliable),1.0117695576154883e-54
GGATAGGAGGCTTCGC-1,OEC,0.9965126057463384
GGATAGGCATGACTGT-1,OEC,0.9936545413042452
GGATAGGGTTGGCTTA-1,Novel (Most Unreliable),3.98718904325899e-58
GGATAGGTCGTCTAGA-1,COP-NFOL,0.9956972359193026
GGATGAGAGAATCAGT-1,OEC,0.9964326302829396
GGATGAGAGACCCATT-1,OPC,0.9910379349812212
GGATGAGAGAGCTGTG-1,Novel (Most Unreliable),0.1797484509730332
GGATGAGAGTGAGTTA-1,OPC,0.994477432483986
GGATGAGAGTGTCGGA-1,VEC,0.9959986124576083
GGATGAGCAATGGCAG-1,OPC,0.9955750383355928
GGATGAGCACTGATAC-1,OEC,0.9963135333813604
GGATGAGCATGCGACC-1,OPC,0.9965038664617752
GGCACGTCAATAGCGG-1,OEC,0.9959749223198529
GGCACGTCATCCTCGT-1,OEC,0.9876819280636412
GGCACGTTCACCCGGA-1,Novel (Most Unreliable),0.651026596195011
GGCATTAAGAACAGGA-1,OPC,0.9952410945685142
GGCATTAGTCGAGAAC-1,OPC,0.9938998880423272
GGCATTAGTGAGTCGA-1,Astrocytes,0.9958523565510748
GGCATTAGTTCCAATG-1,OEC,0.8831694801898302
GGCGAAAAGAACCCGA-1,Novel (Most Unreliable),9.611204550116457e-100
GGCGAAACAATGCATC-1,VEC,0.9938056453089424
GGCGAAACAATGTAAG-1,Astrocytes,0.98969200016813
GGCGAAAGTGTGTGTT-1,OPC,0.9965280727630662
GGCGTTGAGACGTCAG-1,OPC,0.9954669533965044
GGCGTTGAGAGATTAC-1,VLMC,0.9953839176488182
GGCGTTGAGATAGGTT-1,OEC,0.9945561267320052
GGCGTTGAGCAATAAC-1,Astrocytes,0.995748029135026
GGCGTTGAGGGTGTTG-1,Oligodendrocytes,0.9964809314003058
GGCGTTGCACGCGATC-1,OPC,0.994390818878828
GGCGTTGGTCTAACCA-1,Astrocytes,0.987040741215671
GGCGTTGGTCTGAGCC-1,OPC,0.9964859208744464
GGCGTTGGTTAGTAGA-1,OPC,0.9956326017107164
GGCGTTGGTTGTATCG-1,VEC,0.9954417929700788
GGGAACAAGCAGGACT-1,Novel (Most Unreliable),2.7454778409118193e-30
GGGAACACAAGTGGCA-1,OEC,0.9963007634795552
GGGAACACAATGGTAA-1,OPC,0.9952973225559048
GGGAACACATGATCGT-1,OPC,0.9959677159855832
GGGAACAGTCAGCAAG-1,COP-NFOL,0.9960927014064412
GGGAACAGTGTGCGTC-1,OPC,0.9964851941812308
GGGACCTGTATCATGC-1,Novel (Most Unreliable),3.6351269054490474e-86
GGGCCATAGCTGAAAT-1,OEC,0.9962428765751024
GGGCCATAGTCTGTGT-1,Novel (Most Unreliable),0.1793864841110092
GGGCCATAGTTGGAAT-1,OEC,0.995286978650024
GGGCCATCAAGGCTTT-1,VEC,0.9743740925227428
GGGCCATCACGCCGAT-1,OPC,0.9959153141440248
GGGCCATGTCCAACCG-1,OEC,0.9330702418340476
GGGCCATGTTAGGAAT-1,OEC,0.9958549468789036
GGGCCATGTTGGACGA-1,OPC,0.995375342426964
GGGCCATTCGACCCGA-1,OEC,0.9954783777502992
GGGTCTGAGTCAGGAC-1,OEC,0.9949762840376114
GGGTCTGCACGCGCAT-1,VLMC,0.8779509132230073
GGGTCTGGTGCATTCA-1,OEC,0.9958636190931732
GGGTCTGGTGTAGGAC-1,OEC,0.9956718741742672
GGGTCTGGTTACCCAA-1,OEC,0.9962645220194354
GGGTCTGTCTCTGTTA-1,Oligodendrocytes,0.9950228790839636
GGGTGTCAGTCTGCTA-1,Novel (Most Unreliable),2.5944055707683753e-51
GGGTGTCCACGCGATC-1,Novel (Most Unreliable),6.770848794347713e-66
GGGTGTCCACTCCACT-1,OEC,0.9961904904856752
GGGTGTCCAGGCTACC-1,OPC,0.9253874123989106
GGGTGTCGTTGTATCG-1,OEC,0.995735023197974
GGGTGTCTCCTCTCTT-1,OEC,0.9954005235444396
GGGTTATCAGAATGCG-1,VLMC,0.9965854942933692
GGGTTATCATTACCTT-1,Novel (Most Unreliable),1.1208807246551968e-43
GGGTTATGTAGATGAT-1,OPC,0.9966725807195912
GGGTTATGTGAGTAAT-1,OPC,0.9806212080142672
GGGTTATTCGGCTATA-1,OPC,0.9963126380115036
GGTACCGAGGCCAATG-1,OEC,0.9958335145931012
GGTACCGAGTGAGTTA-1,VEC,0.9924069262067948
GGTACCGCACTGTCAA-1,Novel (Most Unreliable),0.2146878158749073
GGTACCGCATCGAGTT-1,OPC,0.9924813887766412
GGTACCGGTAGCAGGT-1,OPC,0.9964835058033368
GGTAGGAAGAAGAGTG-1,OPC,0.996666558814998
GGTAGGAAGCACGTAG-1,OPC,0.9721370614499832
GGTAGGACACAAGGGT-1,OEC,0.9953983593675512
GGTAGGAGTGCTGGCT-1,Novel (Most Unreliable),0.6579636095047935
GGTAGGATCCTCTCTT-1,Novel (Most Unreliable),1.988439040169636e-99
GGTAGGATCGGTCCGA-1,OEC,0.9956526384468416
GGTCATAAGAGGCCTA-1,Novel (Most Unreliable),1.5400152763502974e-19
GGTCATACAGAACGAC-1,Novel (Most Unreliable),2.1543481134272853e-68
GGTCATACATAGGCGA-1,OPC,0.9951339829532811
GGTCATAGTTAGGCTT-1,Astrocytes,0.9932842258702028
GGTCATATCCATATCT-1,OPC,0.990965946101068
GGTCATATCCGGGCAT-1,OPC,0.9965867983627228
GGTGAAGAGCGCATTT-1,Novel (Most Unreliable),7.339168469402136e-46
GGTGAAGCAACGTAGG-1,OPC,0.9947991819062568
GGTGAAGCAAGCAATA-1,Novel (Most Unreliable),0.0013267338751964
GGTGAAGCATTCGTCC-1,Novel (Most Unreliable),4.948446796163319e-44
GGTGAAGGTAATGCAA-1,Oligodendrocytes,0.9960686673715682
GGTGAAGGTCTCGGGT-1,OPC,0.9908579090713374
GGTGAAGGTGCCCTAG-1,Astrocytes,0.9962304515758348
GGTGAAGTCGGGCTCA-1,OPC,0.995606379375122
GGTGAAGTCTCCTTGG-1,OPC,0.9926420303484266
GGTGAAGTCTGTTTAC-1,Novel (Most Unreliable),3.228793800907934e-79
GGTGCTGCACACACCG-1,OEC,0.9962879732612988
GGTGCTGGTACTTGAC-1,OEC,0.9961059951640808
GGTGCTGGTGCTGTCG-1,VEC,0.9961670738446812
GGTGCTGTCTTGCGCT-1,COP-NFOL,0.9882167286861364
GGTGTCGAGGTTGTTC-1,OPC,0.992784140406602
GGTGTCGCAAGGGTAC-1,OPC,0.994013529717268
GGTGTCGCAAGTCCTA-1,Novel (Most Unreliable),7.290429335816015e-22
GGTGTCGGTACGTAAA-1,Astrocytes,0.924060813961151
GGTGTCGTCATTCGGA-1,Astrocytes,0.9891173012537152
GGTGTCGTCCATATCT-1,Astrocytes,0.990926102501857
GGTGTCGTCTCGGCGA-1,COP-NFOL,0.9939665342275834
GGTGTCGTCTGCGTCT-1,OPC,0.9823077157686444
GGTTGCGAGAACAGGA-1,OPC,0.9958098003094332
GGTTGCGCAAATTGAG-1,OPC,0.9939046984135584
GGTTGCGCAACGCACC-1,Novel (Most Unreliable),2.6033904196325812e-51
GGTTGCGCACAAACAA-1,OPC,0.995796228049148
GGTTGCGCATTATGGC-1,OPC,0.9957385923127768
GGTTGCGGTCTAAAGA-1,OPC,0.9911003829074682
GGTTGCGGTCTCTGGG-1,Novel (Most Unreliable),5.224756637791593e-39
GGTTGCGTCAGTGTGT-1,OEC,0.996464424935591
GTAATCGAGTCCGTGC-1,OPC,0.9960238618644964
GTAATCGCAGGCAAGT-1,OPC,0.9907261182851542
GTAATCGCAGTTAAAG-1,Astrocytes,0.986740573385701
GTAATCGCATCGTACA-1,Novel (Most Unreliable),2.381606944630162e-56
GTAATCGCATGGCCTG-1,OEC,0.9951477103640128
GTAATCGGTGTCGTGC-1,COP-NFOL,0.9959505689617064
GTAATCGTCCCACTAC-1,Novel (Most Unreliable),0.8237575529261639
GTAATCGTCTAAGGTC-1,VLMC,0.9964664863678262
GTAATCGTCTATCTTG-1,OPC,0.9712055672437248
GTACTTTCACTCAAGT-1,OEC,0.9944587379329493
GTACTTTCATGGTATC-1,OPC,0.9965140992635548
GTACTTTTCGTGCTGG-1,OEC,0.9960362605989578
GTAGACTCAATTAGGA-1,Novel (Most Unreliable),0.8108495090952736
GTAGACTGTCGAGGTA-1,COP-NFOL,0.9962625675691094
GTAGGAGAGAACCATA-1,COP-NFOL,0.9949500773453008
GTAGGAGCAAGCACTT-1,Astrocytes,0.9951759672488162
GTAGGAGGTCCCTAAA-1,Novel (Most Unreliable),3.870556185287757e-57
GTAGGAGTCTCGTAGA-1,OEC,0.996250895269091
GTAGTACAGTCCGATT-1,OEC,0.9963719575996828
GTAGTACCACGCTGTG-1,COP-NFOL,0.9966525630746887
GTAGTACGTAGGGTTG-1,OPC,0.9952661905942256
GTAGTACGTATTGTCG-1,Oligodendrocytes,0.9961923428907058
GTAGTACGTCTAACCA-1,Astrocytes,0.9667899750934796
GTCACAAAGGTCGTTT-1,Novel (Most Unreliable),0.6268862194140341
GTCACAACAGGATGTG-1,OPC,0.9944949192060876
GTCACAATCTTGTCAT-1,OPC,0.996652337688406
GTCACCTAGCATTGGG-1,COP-NFOL,0.9961637019349676
GTCACCTAGCTTACCA-1,OEC,0.9956336243656648
GTCACCTCAAACCCTA-1,OEC,0.9959609395832408
GTCACCTCAAATGCTC-1,Astrocytes,0.9964530948092836
GTCACCTCAAGGACCA-1,OPC,0.9914075966228943
GTCACCTCATGCCTTC-1,OEC,0.9961561599552632
GTCACCTGTAACGGCA-1,COP-NFOL,0.996495992517535
GTCACCTGTATATGGA-1,Novel (Most Unreliable),8.531784474931374e-19
GTCACCTTCAGGGTTT-1,OEC,0.996089966824746
GTCACCTTCGGAGTTT-1,OPC,0.9961231081546248
GTCACCTTCTGAAAGA-1,Astrocytes,0.9915444600323474
GTCACGGAGCTACGCC-1,Novel (Most Unreliable),6.860195910217703e-64
GTCACGGAGTGTGTAA-1,OEC,0.9699318008898332
GTCACGGGTTTGATCG-1,OEC,0.9954518293264129
GTCACGGTCGGCTATA-1,VEC,0.9965414873076388
GTCACGGTCTGGGCGT-1,OPC,0.9889023931243426
GTCACTCCAGTGCGAA-1,Astrocytes,0.9939346989759644
GTCACTCCATCCCTTG-1,OEC,0.9954399569026317
GTCACTCGTCCTTATT-1,Astrocytes,0.9919147275427456
GTCACTCTCGTCCCAT-1,OPC,0.9852994427143724
GTCCATCAGTACAGTA-1,OEC,0.9710329012376412
GTCCATCAGTGAGTTA-1,COP-NFOL,0.9966328324503176
GTCCATCAGTTCGACT-1,Astrocytes,0.9935258971560323
GTCGTAAGTAAGCCTT-1,OEC,0.9941499633427776
GTCGTAAGTATGTTCG-1,Novel (Most Unreliable),9.069212348437964e-92
GTCGTAAGTGAGTTGG-1,OEC,0.9960455673103876
GTCGTAAGTGATAAGT-1,OPC,0.9961641080475494
GTCGTAATCCGCCTAT-1,Novel (Most Unreliable),1.32933836734758e-80
GTCTACCCACGAACGA-1,Novel (Most Unreliable),4.48566875107745e-39
GTCTACCCATGGATGG-1,Novel (Most Unreliable),7.162594072894716e-11
GTCTACCTCCAGTTAG-1,OPC,0.994420907876222
GTCTACCTCTCATATC-1,OEC,0.9962935576965556
GTGACATAGAATCAGT-1,OPC,0.9959329194343062
GTGACATAGCGATACG-1,OPC,0.9957443078137178
GTGACATAGTGAGTTA-1,COP-NFOL,0.996474324484037
GTGACATGTAATGTGA-1,Astrocytes,0.996642072846399
GTGACATGTTGCCTGG-1,OEC,0.99649385067831
GTGACATGTTGGGAAC-1,OEC,0.996391578307176
GTGACATTCCAAGAGG-1,Pericytes,0.9763397679637058
GTGATCACAAAGAGAG-1,OEC,0.9377425642277208
GTGATCACAAGGAGGG-1,Novel (Most Unreliable),0.4384163260969417
GTGATCACAATCACTG-1,Oligodendrocytes,0.9957637953049407
GTGATCAGTTCCAATG-1,Novel (Most Unreliable),2.5923493118942716e-42
GTGATCATCTCCACTG-1,OPC,0.9850189215875454
GTGCACGAGTTCGACT-1,Novel (Most Unreliable),1.608568527037487e-41
GTGCACGCAATGTGCT-1,Novel (Most Unreliable),6.628900021651878e-69
GTGCACGCACACACCG-1,Pericytes,0.996597729969394
GTGCACGCACCCATCT-1,Astrocytes,0.9942583740072513
GTGCACGGTCATAGAA-1,COP-NFOL,0.9966412948374542
GTGCACGGTCGGCTGT-1,OEC,0.9904384052636728
GTGCACGTCTCGCGGA-1,OPC,0.9960433758305416
GTGCACGTCTTGGCCT-1,OEC,0.8864407796515975
GTGCCAGAGTAACTCC-1,Novel (Most Unreliable),0.0002360960720253
GTGCCAGCAGTTGGAG-1,Novel (Most Unreliable),4.057804001609528e-08
GTGCCAGGTCAGGTGA-1,Novel (Most Unreliable),5.97955170462465e-101
GTGCCAGGTTTCTTAC-1,OEC,0.9965580559054898
GTGCCAGTCGATCTTT-1,Oligodendrocytes,0.9964736013859756
GTGCCAGTCGGATAAA-1,Novel (Most Unreliable),1.4159469273500574e-26
GTGCTGGAGATGGGTC-1,Novel (Most Unreliable),1.6557405957481116e-35
GTGCTGGAGCTGAATA-1,OEC,0.9821079124764048
GTGCTGGAGGTTGACG-1,OEC,0.9952638346186736
GTGCTGGAGTCTCCAA-1,Astrocytes,0.9908040933285206
GTGCTGGGTAGCTGTT-1,Oligodendrocytes,0.9940223600604362
GTGCTGGTCATTCGGA-1,OEC,0.9964681524500174
GTGGATTGTGAGTAAT-1,Novel (Most Unreliable),0.7782650805489502
GTGGATTTCGCTGATA-1,OEC,0.9961212363414864
GTGGCGTAGAGCTGTG-1,OEC,0.99549279505092
GTGGCGTAGGTTGTGG-1,OEC,0.9764149598449178
GTGGCGTAGTAGACCG-1,OEC,0.9963194714826712
GTGGCGTCAAGCTTTG-1,Pericytes,0.9965865633131992
GTGGCGTCATTGTTCT-1,OEC,0.9934796137085294
GTGGCGTGTAACCATC-1,Novel (Most Unreliable),0.8522376997669661
GTGGCGTGTAGCGGTA-1,Astrocytes,0.9934586097191248
GTGGCGTTCGGCTATA-1,OPC,0.9962195926366108
GTGTCAAAGCAACGGT-1,OPC,0.9951526489723134
GTGTCAACAGCGTACC-1,COP-NFOL,0.9964069742470067
GTGTCAACATCATAGC-1,OEC,0.9958586660544008
GTGTCAAGTTGGGAAC-1,Novel (Most Unreliable),0.5579640961074854
GTGTCAATCGAGGTCC-1,Novel (Most Unreliable),2.3251518458776552e-30
GTGTCCTAGGTTACAA-1,Astrocytes,0.9918918347761352
GTGTCCTCACTGTTAG-1,COP-NFOL,0.9953280012314624
GTGTCCTCATGCGTTA-1,Astrocytes,0.9812864360186464
GTGTCCTTCAAACCAC-1,Novel (Most Unreliable),6.870388405559008e-15
GTGTCCTTCACTACCC-1,OPC,0.9955673812707264
GTGTCCTTCAGTGTAC-1,Astrocytes,0.9608708184993472
GTGTCCTTCGACTCGG-1,Novel (Most Unreliable),0.1490691973024552
GTGTGATAGATGTTGA-1,OPC,0.99632143521055
GTGTGATAGCGTCAAG-1,Astrocytes,0.9895368213606176
GTGTGATAGCTGCTCG-1,OPC,0.992566568542192
GTGTGATCAAATGCTC-1,OEC,0.9198719800566236
GTGTGATCACTCCACT-1,VLMC,0.9962298273458078
GTGTGATTCGGAGTTT-1,Pericytes,0.9966033980778132
GTGTGATTCTGAACGT-1,OEC,0.9963016138397948
GTTACGAAGAGCAGCT-1,COP-NFOL,0.9965556285972884
GTTACGAAGCATACCT-1,Oligodendrocytes,0.996282095170834
GTTACGAGTACGGAGT-1,OEC,0.9954222534604784
GTTACGATCTTTATCG-1,Oligodendrocytes,0.9964072865425304
GTTACTTAGCTGAGGT-1,Novel (Most Unreliable),0.0001552852076464
GTTACTTAGTAACATG-1,COP-NFOL,0.9961768183754426
GTTACTTAGTAGTCGG-1,COP-NFOL,0.9965563741976888
GTTACTTGTAGACACG-1,Oligodendrocytes,0.9939743733824872
GTTACTTGTCGTCGCA-1,VLMC,0.986358412054556
GTTACTTGTGCTTACA-1,OEC,0.9900472954281484
GTTATGGAGAAGCCTG-1,OPC,0.9901717897005758
GTTATGGAGACCCTAT-1,Novel (Most Unreliable),0.0649104686080879
GTTATGGGTACTAGAA-1,OPC,0.9941716303714484
GTTATGGTCAGTTGAC-1,OPC,0.9962138969970968
GTTATTCAGTAACTCC-1,OPC,0.9952819249618898
GTTATTCCAAGCGACA-1,Novel (Most Unreliable),1.1908732222841375e-07
GTTATTCCATCTGCAA-1,OEC,0.9962905710743346
GTTATTCTCCAAGAGG-1,Novel (Most Unreliable),2.0262312386754624e-82
GTTATTCTCTCCTTAA-1,COP-NFOL,0.9965528045937349
GTTCAAGAGTAATGTG-1,Novel (Most Unreliable),2.253155073357133e-75
GTTCAAGAGTGATCTC-1,OEC,0.9962509377619012
GTTCAAGCAGGGTAAC-1,Novel (Most Unreliable),7.002174697851322e-52
GTTCAAGGTTACCCAA-1,OPC,0.9953393296418528
GTTCAAGGTTCGGGAA-1,OEC,0.9951508566745246
GTTCAAGTCTACTTTG-1,OEC,0.9933787217099008
GTTCAAGTCTATTTCG-1,OEC,0.9963794954474562
GTTGGGCAGGGCGAAG-1,OPC,0.9937176784663352
GTTGGGCCAACTGCGC-1,OEC,0.9963786748332462
GTTGGGCTCTTCGTTA-1,Novel (Most Unreliable),7.429201979508995e-58
GTTGGTAAGTGCTCGC-1,Novel (Most Unreliable),4.976614789187872e-05
GTTGGTACACCCTTTG-1,Oligodendrocytes,0.9961167649701068
GTTGGTACACGCGTTG-1,OEC,0.9738878804011276
GTTGGTACAGATTAAG-1,OPC,0.9964581093613628
GTTGGTAGTAACATAG-1,Novel (Most Unreliable),9.018217244052376e-43
GTTGGTATCCAGAATC-1,Astrocytes,0.9966633437662358
TAAACCGGTTGTATCG-1,OPC,0.994896978587094
TAAACCGTCATGTTCT-1,OPC,0.9959988957257716
TAAACCGTCCATGTTT-1,Novel (Most Unreliable),3.1749239727805967e-49
TAAACCGTCCTTGACC-1,Novel (Most Unreliable),4.51949023031437e-96
TAAACCGTCGTGATAC-1,Novel (Most Unreliable),5.891010825809645e-10
TAAACCGTCTCCACTG-1,COP-NFOL,0.9590166608417602
TAACAGCAGTCGTGAG-1,OPC,0.9961537586989118
TAACAGCCACATATCG-1,Novel (Most Unreliable),7.560103857866878e-123
TAACAGCCAGTTCGGC-1,Novel (Most Unreliable),3.100890815496495e-28
TAACAGCTCTAGCAAC-1,OEC,0.9950932674961214
TAACGGTAGCGTAGCA-1,VEC,0.9964337203921813
TAACGGTCAAATTCCG-1,OPC,0.9955561052948964
TAACGGTCACCGAATT-1,Novel (Most Unreliable),1.8425107235750235e-61
TAACGGTGTCATCGTA-1,Astrocytes,0.996044724727606
TAACGGTTCAGTGGTT-1,Oligodendrocytes,0.996512860784492
TAACGGTTCGAGCGCT-1,OEC,0.9958086334276326
TAACTTCAGAAATACC-1,VLMC,0.9896875447995946
TAACTTCCAACTCGAT-1,OPC,0.9931936013132008
TAACTTCCAGCAAACG-1,OEC,0.9961067953437904
TAACTTCGTACTAGAA-1,OPC,0.8993463120183997
TAACTTCGTCACAGGA-1,OPC,0.9896720484625572
TAACTTCGTGGTAAGC-1,VLMC,0.9068549531838008
TAAGCCAAGTCAGGAC-1,OEC,0.9964064872555548
TAAGCCACACTGTAAC-1,OPC,0.9925774399710978
TAAGCCAGTCAGCAAG-1,OEC,0.9636551403224732
TAAGCCAGTGATAACA-1,OEC,0.9963948989280332
TAAGTGCAGCGAGAAA-1,OPC,0.9929400484632184
TAAGTGCAGGTACACG-1,VEC,0.9960522213269528
TAAGTGCGTAGAAAGG-1,Astrocytes,0.99663317515772
TAATCGGAGAACGACC-1,OPC,0.979754693431504
TAATCGGAGAAGACTT-1,OPC,0.9837111788463132
TAATCGGAGCAGAATT-1,OEC,0.996332866664988
TAATCGGAGTCCCGCA-1,COP-NFOL,0.9966739389673526
TAATCGGCAAGAAACT-1,Novel (Most Unreliable),1.3807099776290175e-42
TAATCGGCAATCATCG-1,Novel (Most Unreliable),0.0062811374486246
TAATCGGCAATGGTCT-1,Novel (Most Unreliable),1.8204863425171744e-73
TAATCGGGTTTCCTAT-1,OEC,0.9960842641951224
TAATCGGTCGCCACTT-1,VLMC,0.9966062294582064
TAATCGGTCGGGAATG-1,Oligodendrocytes,0.996300823069772
TAATCGGTCTCGTAGA-1,OEC,0.9299337271481976
TAATTCCAGACGTCAG-1,OEC,0.9963733877806716
TAATTCCAGGATTGAT-1,OEC,0.9962648875728995
TAATTCCAGTAGGTCG-1,Astrocytes,0.995751848221477
TAATTCCAGTTCAGGG-1,OPC,0.9960488180890754
TAATTCCCATTCACGA-1,Novel (Most Unreliable),1.4381424573489316e-42
TAATTCCGTCCCTTTG-1,Novel (Most Unreliable),1.404142336575299e-10
TAATTCCGTCCGTGCA-1,OPC,0.9918598574095908
TACAGCAAGGAGTACC-1,Novel (Most Unreliable),1.960053445023885e-86
TACAGCACAAGACTAA-1,OEC,0.9949154066803998
TACAGCATCTCTATTG-1,Novel (Most Unreliable),6.429778616263734e-53
TACAGCATCTGTTTAC-1,VEC,0.989664950899212
TACATGGAGAGGTCCA-1,OPC,0.9942063450065264
TACATGGCATCCTCGT-1,OPC,0.995328404017998
TACATGGCATCTGCAA-1,OEC,0.996578021551036
TACATTCCAACCTCCT-1,OPC,0.9342170300632184
TACATTCCATCGTACA-1,OEC,0.9962014159321771
TACATTCGTAGCGGTA-1,Pericytes,0.9963622416217544
TACATTCGTCAACTGT-1,OPC,0.9716819653713455
TACATTCTCCATTGAG-1,Novel (Most Unreliable),4.6440560756251006e-54
TACATTCTCGATCTTT-1,Novel (Most Unreliable),8.357910041835478e-86
TACATTCTCGGCTATA-1,OEC,0.9962076763280324
TACCCTGAGAGAGTTT-1,OPC,0.994477821621058
TACCCTGCAGAGAGAA-1,OPC,0.995604271921414
TACCCTGGTCACAGTT-1,Oligodendrocytes,0.995970336098591
TACCCTGGTTTGCCAA-1,COP-NFOL,0.9916930030564978
TACCCTGTCAGCACGC-1,Novel (Most Unreliable),7.904325940768449e-37
TACCTATCAGGTAGCA-1,Novel (Most Unreliable),4.751484672573729e-55
TACCTATGTAGAAAGG-1,OEC,0.995939014401431
TACCTATTCAGTGGTT-1,Novel (Most Unreliable),2.0611979233708256e-102
TACCTATTCTGACATG-1,Pericytes,0.9907080519553748
TACCTATTCTTCGTTA-1,OEC,0.9962893737372308
TACCTCGCAAGCAACG-1,OEC,0.9963332687995744
TACCTCGCACCGAAAG-1,VLMC,0.9938157750169992
TACCTCGCAGCAACAG-1,Novel (Most Unreliable),2.6938543405422444e-30
TACCTCGGTGTTGTTG-1,OPC,0.9959274880792311
TACCTCGTCAATGCAC-1,OEC,0.9964799519048816
TACCTCGTCCAACGCG-1,VLMC,0.996402337913486
TACCTCGTCCGTCAAA-1,VEC,0.9948018333813268
TACGCAAAGGTTCGTT-1,Novel (Most Unreliable),2.04343017099165e-102
TACGCAACACATGATC-1,Novel (Most Unreliable),3.882625217304495e-99
TACGCAACACCACCAG-1,Novel (Most Unreliable),1.9628618266343213e-50
TACGCAAGTAAACGGC-1,Novel (Most Unreliable),1.4665025054486905e-21
TACGCAAGTAGTGATA-1,OPC,0.9955987362312694
TACGCAATCCTTCGAC-1,Novel (Most Unreliable),6.448882279944663e-75
TACGCCTAGAGAATTC-1,COP-NFOL,0.9884497456863022
TACGCCTCAAAGGAAG-1,OPC,0.9855855969613564
TACGCCTGTATCTCAG-1,OEC,0.9960148971924432
TACGCCTGTCAGCTTA-1,Novel (Most Unreliable),0.11893952613296
TACGCCTGTTCTACCC-1,Astrocytes,0.996454593610325
TACGCCTGTTTAGACC-1,OPC,0.996195987432322
TACGCCTTCATGTTCT-1,Novel (Most Unreliable),0.3039051247109399
TACGCCTTCGCTCTAC-1,Novel (Most Unreliable),2.623274577770128e-64
TACGGATAGCATTCCA-1,OEC,0.9843776412074094
TACGGATAGGTCTTGT-1,Oligodendrocytes,0.9961855786623686
TACGGATAGTTGAATG-1,VLMC,0.9949629929318792
TACGGATGTAACGTAA-1,Astrocytes,0.9884893853300531
TACGGATGTCCACCAG-1,Novel (Most Unreliable),1.7492604102964493e-14
TACGGATGTCTCTGCT-1,Oligodendrocytes,0.9965137473056408
TACGGATTCAGGGTTT-1,VLMC,0.9966115175788264
TACGGATTCTCTTCTC-1,OPC,0.9942247953156248
TACTAGGAGTGAATAC-1,VEC,0.9961288190812398
TACTAGGCAACGCACC-1,OPC,0.9966550035823388
TACTAGGCACATGATC-1,OPC,0.99341896037351
TACTCGCAGTCTTAGC-1,OPC,0.9938441102527557
TACTCGCCACAGGTAG-1,Novel (Most Unreliable),0.1277663879122504
TACTCGCCACGATTAC-1,OPC,0.986617776861969
TACTGCCAGAGGAACA-1,OEC,0.9964001443737426
TACTGCCGTCTAAGAA-1,OEC,0.995386536383497
TACTGCCTCAATGCAC-1,OEC,0.9962236759878708
TACTGCCTCCAGGGAA-1,Novel (Most Unreliable),4.102482128352597e-112
TACTGCCTCTCTTAAC-1,COP-NFOL,0.9963081229994226
TAGACTGAGTGAGTTA-1,OEC,0.995007739268534
TAGACTGCAAGCACTT-1,OPC,0.9939391710433292
TAGACTGCAATGTGCT-1,OPC,0.9934327825621652
TAGACTGCAGATACAA-1,Novel (Most Unreliable),5.516784849789036e-32
TAGACTGCATCAACTG-1,OPC,0.9964239715961828
TAGCACAAGTCATCTG-1,Novel (Most Unreliable),2.7088644881174884e-05
TAGCACAAGTGTTCCA-1,Novel (Most Unreliable),2.9734219820578407e-05
TAGCACACAGTGCGTC-1,OPC,0.9965768916651128
TAGCACAGTAGTAACA-1,Novel (Most Unreliable),2.120011644786752e-83
TAGCACAGTGCATTCA-1,Novel (Most Unreliable),2.25060925554377e-56
TAGCACATCAGGATCT-1,Pericytes,0.9692063478310092
TAGCACATCAGGGTTT-1,OEC,0.9963390918592168
TAGCACATCCCACTTG-1,Novel (Most Unreliable),1.024999822077112e-21
TAGCACATCGGGTCCA-1,VEC,0.9952725781449648
TAGCATGAGAATATCG-1,Novel (Most Unreliable),1.308344110411374e-09
TAGCATGAGAATGCTA-1,Novel (Most Unreliable),2.1149197178632023e-15
TAGCATGAGAGGTGGG-1,Novel (Most Unreliable),7.552821559038408e-80
TAGCATGAGTGGACGT-1,OEC,0.9962934611092088
TAGCATGCACGGCCAT-1,OPC,0.9965247842767984
TAGCATGCATTACCTT-1,OEC,0.966766989583416
TAGCATGGTCAGCTTA-1,Novel (Most Unreliable),0.4685989450363103
TAGCATGTCCTCCTGA-1,Novel (Most Unreliable),7.832107325487302e-20
TAGCATGTCGCGTGAC-1,OPC,0.9926142991655292
TAGCCCTCACAGCCAC-1,COP-NFOL,0.9966745853656118
TAGCCCTGTGCGTCCA-1,OEC,0.9536041777208946
TAGCCCTGTTAACCAC-1,OEC,0.9962359391982302
TAGCCCTTCTTCACTA-1,OPC,0.9752521573857328
TAGCCGGAGAGCAGCT-1,COP-NFOL,0.9957413260084736
TAGCCGGAGAGGCGGA-1,OPC,0.9941240010078262
TAGCCGGCAAACCGAG-1,Novel (Most Unreliable),4.883564425211897e-112
TAGCCGGCACTCCTCA-1,OEC,0.9899823515389488
TAGCCGGGTATCTCAG-1,VEC,0.9965214359771798
TAGCCGGGTCTAAGAA-1,Oligodendrocytes,0.9889563644848756
TAGCCGGTCCGGAAAG-1,Novel (Most Unreliable),4.597386287357436e-12
TAGCGGCCATCATGTG-1,OEC,0.9931119706707612
TAGCGGCCATTGTGAC-1,Oligodendrocytes,0.995332497594867
TAGCGGCGTGCTTGAT-1,Astrocytes,0.9960971644550308
TAGCGGCGTGTCCAGC-1,OEC,0.9961578853348008
TAGCTTTAGACGTCAG-1,OEC,0.987144893823428
TAGCTTTCAAAGAGAG-1,Novel (Most Unreliable),6.141117369327354e-63
TAGCTTTCATGGGTGA-1,COP-NFOL,0.9966882515622968
TAGCTTTTCAGCACGC-1,Novel (Most Unreliable),2.2378744778512984e-66
TAGCTTTTCGGTTCCT-1,OEC,0.9959429012152766
TAGCTTTTCTCAGATG-1,OEC,0.9949469913389476
TAGGAGGAGAATACTG-1,OEC,0.9962091947930276
TAGGAGGAGTCCTTCC-1,Novel (Most Unreliable),2.1465659809539883e-78
TAGGAGGTCCAAGAGG-1,COP-NFOL,0.9966778541110746
TAGGAGGTCTTACTCA-1,OEC,0.9948175846288518
TAGGTCAAGAACGCCA-1,OEC,0.9949597811825844
TAGGTCACAAATGTCC-1,Novel (Most Unreliable),1.1666851796787217e-71
TAGGTCACAAGCCTTA-1,Novel (Most Unreliable),3.4681264534093275e-25
TAGGTCACAATTGGCT-1,Pericytes,0.9963083038479398
TAGGTCACACGATATC-1,Novel (Most Unreliable),2.674313799673099e-71
TAGGTCAGTGGCCTTG-1,COP-NFOL,0.9961808063833472
TAGGTCATCCATCGAA-1,Astrocytes,0.9700767730089822
TAGGTCATCTTACGGA-1,Novel (Most Unreliable),3.776375511054544e-67
TAGGTGTAGACTAGGC-1,OPC,0.9965003009922416
TAGGTGTAGGGTGTTG-1,OEC,0.9963908577587468
TAGGTGTCAGCAACCC-1,Novel (Most Unreliable),4.589253965379198e-22
TAGGTGTCATTGTTCT-1,OEC,0.9962365889617796
TAGGTGTGTTTGCCCT-1,Novel (Most Unreliable),1.72358039707282e-57
TAGGTGTTCTGTGTCC-1,OPC,0.9963109260454052
TAGTCCCAGCATACCT-1,OEC,0.9965320287109696
TAGTCCCAGCATTCCA-1,Astrocytes,0.996605105507462
TAGTCCCAGTAGTGTA-1,Astrocytes,0.9954008473806826
TAGTCCCCAAATAGTG-1,Oligodendrocytes,0.9966026823049022
TAGTCCCGTATCCTTT-1,OPC,0.9962106323100156
TAGTCCCGTGAGGGTT-1,COP-NFOL,0.996405485375839
TAGTCCCTCATGAACC-1,COP-NFOL,0.9944424777880764
TAGTCCCTCTGGAAGG-1,OEC,0.9963350822800412
TATCGAGGTCCCGAGT-1,VEC,0.9483115583815231
TATCGAGGTTAGGCTT-1,Novel (Most Unreliable),1.4129286947091008e-121
TATCGAGGTTTAAGGA-1,OPC,0.996381978237496
TATCGAGTCCAAACCA-1,OPC,0.996384696057122
TATCGAGTCGCTTCAC-1,VLMC,0.9963808612731586
TATCGAGTCGGCTATA-1,OPC,0.9828193061418375
TATCTGTAGATCCGAG-1,OPC,0.9726243917776368
TATCTGTAGATCGAGC-1,OEC,0.9962007715335648
TATCTGTCAACCTCCT-1,Novel (Most Unreliable),0.004796792434068
TATCTGTCAAGGTTCT-1,COP-NFOL,0.9956802850648582
TATCTGTCAAGTCTGT-1,OPC,0.9956332122830638
TATCTGTGTATCACAC-1,OEC,0.9960584686457252
TATCTGTGTCCCGTGA-1,OPC,0.996066760347236
TATCTGTTCGCGCCAA-1,OEC,0.9931362044044408
TATCTGTTCGGTGATT-1,VEC,0.9965774691927316
TATCTGTTCTGTTGCC-1,OEC,0.9960133214725528
TATGTGGAGCATTGGG-1,OEC,0.9954031688799864
TATGTGGAGGCATGCA-1,OPC,0.9826469834832858
TATGTGGTCAACGTGT-1,OEC,0.995246794066057
TATGTGGTCGATAGTC-1,Novel (Most Unreliable),3.964888066378742e-17
TATGTTCAGATCTAAG-1,OPC,0.9966332234857808
TATGTTCAGATGAGGA-1,OEC,0.9957552783589584
TATGTTCGTGCTTGAT-1,OPC,0.9960458735902938
TATGTTCTCGACTATG-1,OEC,0.9958942153253434
TATGTTCTCTTACTCA-1,OPC,0.9963505608422784
TATGTTCTCTTGCGCT-1,OPC,0.9959875998087524
TATTGCTCAGGTAGCA-1,OEC,0.9943995688769214
TATTGCTGTCTAAGAA-1,OEC,0.9881467093030468
TATTGCTGTGCTTACA-1,Novel (Most Unreliable),1.3371706947144865e-89
TCAAAGCAGCGCAATG-1,Novel (Most Unreliable),8.124486720157007e-22
TCAAAGCAGCGTCTGC-1,Novel (Most Unreliable),3.0235415103773075e-51
TCAAAGCAGTCACGCC-1,Novel (Most Unreliable),1.6731191260996972e-82
TCAAAGCCAAGAGCGT-1,OPC,0.9947027196857224
TCAAAGCGTCAGTGCC-1,Pericytes,0.9962449940658968
TCAAAGCGTTAACCGT-1,Novel (Most Unreliable),1.002828141598021e-59
TCAAGACAGACCAATA-1,OEC,0.9964019125698522
TCAAGACCAATTGGCT-1,Novel (Most Unreliable),5.388041245693747e-69
TCAAGACGTCAAGACG-1,COP-NFOL,0.9964900160477456
TCAAGCAAGGTCGGTA-1,OEC,0.99596166696352
TCAAGCACAAACCCTA-1,Pericytes,0.9937983276275656
TCAAGCACAAGCCCTG-1,OEC,0.9937070854066934
TCAAGCACACACTAGT-1,OEC,0.9963516750261984
TCAAGCACACGACGAA-1,OEC,0.9935827063654772
TCAAGCACACGCTGTG-1,OEC,0.993908576508572
TCAAGCACATCTCTCG-1,Astrocytes,0.995981314513273
TCAAGCATCGAGGCTC-1,OEC,0.9780330903194702
TCAAGCATCGCTAGTA-1,Novel (Most Unreliable),9.760612543888216e-85
TCAAGGTAGATGTTGA-1,OPC,0.9960347500502388
TCAAGGTAGCCATCAT-1,Novel (Most Unreliable),1.2452038603488697e-23
TCAAGGTCACAGATGG-1,OPC,0.9960295964946464
TCAAGGTCACAGTTCA-1,OPC,0.9946656681885944
TCAAGGTCAGGTCCTG-1,Novel (Most Unreliable),1.0058475805192087e-28
TCAAGGTTCCAGTTAG-1,OEC,0.996198333081888
TCAAGGTTCGATATGC-1,OPC,0.9965035563608744
TCAAGGTTCTTATCAC-1,Pericytes,0.9965239982738264
TCAATTCAGATCACCT-1,Novel (Most Unreliable),3.955339977442881e-43
TCAATTCAGCCATGGA-1,OPC,0.978512851380996
TCAATTCAGTGTGTAA-1,COP-NFOL,0.9959136136514178
TCAATTCCAAACGTTC-1,Novel (Most Unreliable),4.490073037965086e-10
TCAATTCCAAGTTCGT-1,OPC,0.995602622914035
TCAATTCCAGTAACCT-1,Novel (Most Unreliable),1.9339416960333292e-24
TCAATTCGTGACCAGA-1,OEC,0.9957421515014446
TCAATTCTCATTCTCA-1,OEC,0.9962715986298756
TCACAAGAGACTAGGC-1,OPC,0.9948611714299548
TCACAAGAGGCCTCTG-1,OPC,0.9960032269297406
TCACAAGAGGCTAAAT-1,COP-NFOL,0.9868328107368808
TCACAAGGTTCCTATT-1,COP-NFOL,0.996557448619604
TCACAAGGTTCTACGA-1,OPC,0.9964873026355194
TCACAAGTCTATGAGC-1,Novel (Most Unreliable),2.281946941183526e-75
TCACAGAAGAAGACTT-1,Novel (Most Unreliable),0.0243841319459722
TCACAGAAGGGCTTCC-1,COP-NFOL,0.9938293858191032
TCACAGACATCATAGC-1,Oligodendrocytes,0.995927524769843
TCACAGAGTCAACTAC-1,COP-NFOL,0.995690621605848
TCACAGAGTGAGGGTT-1,OPC,0.9962516016172416
TCACAGAGTTCCAGTA-1,OEC,0.9910394096019576
TCACAGAGTTTAGAAG-1,OEC,0.9964076147873496
TCACCACAGCAGAATT-1,OEC,0.9953694662702868
TCACCACCAAGTCCTA-1,OEC,0.9784806822847106
TCACCACCATCAGCTA-1,VLMC,0.995896445987038
TCACCACCATCATCGA-1,OPC,0.9962908574814968
TCACCACCATTACACG-1,OPC,0.9955111150872644
TCACCACGTTATAGAG-1,Oligodendrocytes,0.9962254995418554
TCACCACTCAGGAAGC-1,Oligodendrocytes,0.9965227354272934
TCACCACTCTCTGAGA-1,OEC,0.9961053093085808
TCACCTGAGAGCTCCC-1,VEC,0.9905334405876506
TCACCTGGTATCTCAG-1,Oligodendrocytes,0.9949199294876068
TCACCTGTCAGTCAAC-1,Astrocytes,0.9949910930590428
TCACCTGTCTAAACGC-1,Novel (Most Unreliable),2.5642692484176317e-28
TCACTCGAGAACGTTA-1,Novel (Most Unreliable),7.573962028292356e-112
TCACTCGAGATAGGTT-1,Astrocytes,0.9617532108142672
TCACTCGAGCTGAATA-1,OEC,0.9958874333654582
TCACTCGCAAGCCAGA-1,Novel (Most Unreliable),1.758570696779775e-35
TCACTCGCAATACTGC-1,Novel (Most Unreliable),8.868084964975497e-85
TCACTCGCAGCGTACC-1,OEC,0.995969952572778
TCACTCGCATGATTGC-1,OEC,0.9960091642226132
TCACTCGGTGAAACAT-1,Oligodendrocytes,0.996565879382844
TCACTCGTCCTCCCAA-1,Novel (Most Unreliable),3.254380173686614e-92
TCACTCGTCTTCGTTA-1,OPC,0.9965784669734176
TCAGCTCCACGCGATC-1,OPC,0.9957145623950198
TCAGCTCCACTCAAGT-1,Novel (Most Unreliable),4.4283642505833855e-68
TCAGCTCTCCCAGCAG-1,OEC,0.9964753003402524
TCAGGGCAGTGAGCTG-1,Novel (Most Unreliable),9.282138325890613e-46
TCAGGGCGTTTCGATG-1,OEC,0.9957606066633732
TCAGGTAAGTGATTAG-1,OPC,0.9963769955890088
TCAGGTAGTATGTCCA-1,Novel (Most Unreliable),1.9080552937822974e-46
TCAGGTAGTGATAGAT-1,OEC,0.9953932399886212
TCAGGTATCCATCTAT-1,OPC,0.9906963457575654
TCAGGTATCTCTATCA-1,VLMC,0.9927056669650108
TCAGGTATCTTCTTCC-1,OPC,0.9962618666984542
TCAGTCCAGCGTATCT-1,OEC,0.9961817978995484
TCAGTCCAGGCTCAGA-1,OPC,0.95146241811098
TCAGTCCAGGTTTCTG-1,Novel (Most Unreliable),8.194441437732012e-06
TCAGTCCCAATGACTC-1,OEC,0.9960940844654416
TCAGTCCGTCATAGCT-1,OEC,0.9956685785931368
TCAGTCCGTGCTTGAT-1,Novel (Most Unreliable),0.7224924115989989
TCAGTCCGTTTCCTAT-1,OEC,0.9934109020518904
TCAGTCCTCAGGCGCT-1,Novel (Most Unreliable),4.985640211619793e-91
TCAGTCCTCCCGTAGG-1,COP-NFOL,0.9964630249330904
TCAGTCCTCGTTCTAT-1,Astrocytes,0.9959896333853137
TCAGTTTAGGAGTAGA-1,OPC,0.9961067577349932
TCAGTTTCAAAGCTGG-1,OPC,0.9963625559255758
TCAGTTTCACATGATC-1,Oligodendrocytes,0.9963918547233224
TCAGTTTCATAGCAGG-1,VEC,0.9963081351687388
TCAGTTTGTATTCTTC-1,VEC,0.9950195439885624
TCAGTTTTCCCGGGTA-1,Oligodendrocytes,0.9961030138133036
TCCAGAAAGAGACTCG-1,Novel (Most Unreliable),0.6671359382058369
TCCAGAAAGATATGTG-1,Novel (Most Unreliable),1.353278913932617e-88
TCCAGAAAGCTCCGGT-1,OEC,0.9948229411935836
TCCAGAACAGCGTGAA-1,OPC,0.9912930446300404
TCCAGAACAGTAACTC-1,Oligodendrocytes,0.9959747115783576
TCCAGAAGTACTAGAA-1,VEC,0.9767251367087416
TCCAGAATCCATACCC-1,Novel (Most Unreliable),6.45175834186703e-28
TCCATCGAGTCCGTGC-1,OPC,0.9954779724621304
TCCATCGCACACTAGT-1,VEC,0.9954875444032142
TCCATCGGTCAACTGT-1,VLMC,0.9966135144171524
TCCATCGGTGCCCTAG-1,COP-NFOL,0.9894595535809512
TCCATCGGTTAGGAAT-1,OEC,0.995863708716218
TCCATCGGTTGGTAAA-1,Oligodendrocytes,0.9963371298068991
TCCATCGTCCATTGTT-1,OEC,0.9958537847154498
TCCCACACAGCAATGG-1,Astrocytes,0.9961931246836452
TCCGACTAGTCGAGCA-1,COP-NFOL,0.995558569126406
TCCGACTCAGAATGCG-1,Novel (Most Unreliable),1.0077510191913464e-41
TCCGACTGTAAGGTCG-1,Novel (Most Unreliable),4.7001533761161564e-48
TCGAGCGAGAACCCGA-1,OEC,0.9778740531610371
TCGAGCGAGACGTCAG-1,Oligodendrocytes,0.9615123698978044
TCGAGCGAGCATTCCA-1,COP-NFOL,0.9900186680206968
TCGAGCGAGCCGCAAA-1,Pericytes,0.9964460973083294
TCGAGCGCATGCCTTC-1,Novel (Most Unreliable),1.7281507439031833e-18
TCGAGCGGTGAGTTGG-1,Astrocytes,0.9962101221116172
TCGAGCGGTTCTACCC-1,OEC,0.995592846037532
TCGATTTAGCATTCCA-1,OPC,0.9961139420991824
TCGATTTAGGATTGCG-1,Novel (Most Unreliable),6.373429784896076e-51
TCGATTTCACAAACGG-1,Novel (Most Unreliable),0.0174117585359029
TCGATTTCATTGAACC-1,OEC,0.9962317575126008
TCGATTTTCGTCTTAT-1,OEC,0.9945212910674271
TCGATTTTCTTGGCCT-1,VEC,0.93264155418361
TCGCAGGAGACGCCAA-1,OEC,0.9964693075967808
TCGCAGGAGTATGGGC-1,Oligodendrocytes,0.9962225734371684
TCGCAGGCACACATGT-1,OEC,0.9955310320364916
TCGCAGGGTACTTCGA-1,OPC,0.9964830243957916
TCGCAGGGTCCCTTTG-1,Novel (Most Unreliable),4.668877790795896e-41
TCGCCTAAGCCTGTAT-1,Novel (Most Unreliable),9.355721642444e-79
TCGCCTACAGATGGCA-1,Novel (Most Unreliable),2.749435494644846e-80
TCGCCTACATATTGGC-1,OPC,0.9961469967932088
TCGCCTACATGTCCCT-1,OPC,0.9961496833244254
TCGCCTAGTTGAAGCG-1,VLMC,0.994657416191356
TCGCCTATCACTCGGG-1,Novel (Most Unreliable),1.5472194119400478e-79
TCGCCTATCCGGGCAT-1,OPC,0.9928727337118044
TCGGGACAGAAGACTT-1,OEC,0.9938367419588224
TCGGGACGTCGTAATC-1,VEC,0.9964004158098092
TCGGGACTCCAACGCG-1,OEC,0.996479045443116
TCGGGACTCCGCGATG-1,Astrocytes,0.9817678302686488
TCGGGACTCGATAGTC-1,Novel (Most Unreliable),2.3926540510085506e-05
TCGTTCGAGGGCGAAG-1,Novel (Most Unreliable),1.3642226308015027e-84
TCGTTCGAGGTCCTCG-1,OEC,0.9896779079440178
TCGTTCGCAAGGGAGG-1,Novel (Most Unreliable),4.536459649710959e-60
TCGTTCGCACATATCG-1,Novel (Most Unreliable),0.8076415172350523
TCGTTCGTCTGGAAGG-1,OEC,0.9959620322230056
TCTAGTTAGAAATGGG-1,Astrocytes,0.9701888442294172
TCTAGTTTCCTGGAAT-1,OEC,0.9953321581256384
TCTAGTTTCGGTCTCT-1,Astrocytes,0.987046080471812
TCTATTGAGAAATACC-1,OPC,0.9958666657564258
TCTATTGAGATGTTGA-1,OPC,0.9954128135586644
TCTATTGCACATATCG-1,VLMC,0.9965483614949062
TCTATTGCAGTAACCT-1,OPC,0.9952926819619028
TCTATTGGTGCTGTCG-1,OPC,0.9961871902283768
TCTCAGCCAAATTCCG-1,Oligodendrocytes,0.9960351364417088
TCTCAGCCACGACGAA-1,OPC,0.9885194258214332
TCTCAGCTCGGATCGC-1,Novel (Most Unreliable),0.0089904595421238
TCTCTGGCAAAGCTGG-1,OPC,0.9944765308838576
TCTCTGGGTCATGAGG-1,Astrocytes,0.9864654841544974
TCTCTGGTCCAACCTC-1,Oligodendrocytes,0.9962022126137188
TGACAACCACTCGGAC-1,VLMC,0.9965428783981362
TGACAACGTAAACGAT-1,Novel (Most Unreliable),1.101900630684697e-53
TGACAACTCACGATTG-1,OPC,0.9964229917195324
TGACAACTCCTTTGCG-1,OEC,0.9861278894825586
TGACTCCAGACTCGGA-1,Astrocytes,0.9964079970022214
TGACTCCGTTACTTTC-1,OEC,0.9962147912751806
TGACTCCGTTTGCCAA-1,OEC,0.9962692381445086
TGACTCCTCGACGGAA-1,OPC,0.9964640504140968
TGACTCCTCGTTCTAT-1,OEC,0.996111000191052
TGAGCCGCAGCGTAGA-1,Novel (Most Unreliable),0.8413684359216853
TGAGCCGGTTAAGGGC-1,Astrocytes,0.9951836333826743
TGAGCCGTCGATCTTT-1,OPC,0.99283977056964
TGAGCCGTCTGCGTCT-1,Oligodendrocytes,0.9963991522033232
TGAGCCGTCTTGTCGC-1,COP-NFOL,0.993695224865416
TGAGTCAAGAGAAGCA-1,OEC,0.9958780069078006
TGAGTCAAGCTGCTCG-1,Oligodendrocytes,0.9961749771167118
TGAGTCACAGCAAACG-1,OEC,0.996408173703766
TGAGTCACAGCACATT-1,OEC,0.913265442349502
TGAGTCAGTTGCCTGG-1,Astrocytes,0.9770721299993654
TGAGTCAGTTTCGTTT-1,COP-NFOL,0.9230243334013312
TGAGTCATCCCTAAAG-1,Novel (Most Unreliable),7.690309124905591e-42
TGAGTCATCGCAACTA-1,Oligodendrocytes,0.9936385661496524
TGAGTCATCGCGCCAA-1,OPC,0.9751551811966368
TGAGTCATCGGTAGGA-1,Novel (Most Unreliable),2.378418104111228e-25
TGATCAGAGAGAACCC-1,Novel (Most Unreliable),0.8502612621294338
TGATCAGAGTGATTAG-1,OEC,0.9960327975014298
TGATCAGCACCACAGC-1,VLMC,0.9933942535941936
TGATCAGTCTACCCGT-1,Novel (Most Unreliable),2.419225060849332e-59
TGATGCAAGGAATGGA-1,Novel (Most Unreliable),0.0096563072521573
TGATGCAAGTATGGGC-1,OEC,0.9959203343638314
TGATGCACACAGATGG-1,Astrocytes,0.9912570237834551
TGATGCACATTCACGA-1,Novel (Most Unreliable),1.9598824697782546e-30
TGATGCACATTCTCGC-1,OPC,0.9959574615650982
TGATGCAGTTCTTTCA-1,OEC,0.9961553220090912
TGATGCATCCAGCACG-1,Astrocytes,0.9931293181691004
TGATGCATCTAAGGTC-1,VLMC,0.9962617236525332
TGATTTCAGACGAAAG-1,OEC,0.99582483713428
TGATTTCAGGAATGGA-1,COP-NFOL,0.9963920775419344
TGATTTCAGTATACCC-1,OEC,0.9956821185735169
TGATTTCCAGTAACGG-1,OEC,0.9958919189231408
TGATTTCGTATTGTCG-1,Astrocytes,0.9846809671900209
TGATTTCGTCTGTCCT-1,OPC,0.9828221093510952
TGATTTCGTTCTTTGT-1,Novel (Most Unreliable),1.9093735944763678e-82
TGATTTCGTTGGACGA-1,OPC,0.9957566642720266
TGATTTCTCATCGCCT-1,OEC,0.9964516366780886
TGATTTCTCGGATAAA-1,OPC,0.9965478484518934
TGATTTCTCGGTCTAA-1,Astrocytes,0.9913070891077432
TGCACCTAGATGGGTC-1,COP-NFOL,0.9939545530112506
TGCACCTTCTCTGCGT-1,VLMC,0.9922433549317258
TGCATGACATGATTGC-1,Novel (Most Unreliable),2.9696500870813022e-90
TGCATGAGTCTGTGTA-1,Novel (Most Unreliable),4.744167950673128e-75
TGCATGAGTTTAGAAG-1,OEC,0.9961955132375012
TGCATTTAGCGTTAGG-1,Novel (Most Unreliable),0.0004960293584736
TGCATTTGTCATCGTA-1,COP-NFOL,0.9966533036545704
TGCATTTTCACTGGTA-1,Novel (Most Unreliable),1.3871730009201401e-18
TGCATTTTCCGCCTAT-1,OPC,0.99169350401792
TGCATTTTCCTGACCT-1,COP-NFOL,0.9962530061682172
TGCATTTTCGACTTAG-1,OPC,0.9966361278942484
TGCCTCAAGAACTCCT-1,OPC,0.99418628834292
TGCCTCAAGACACGGT-1,OEC,0.9957872662803994
TGCCTCAAGAGGCGGA-1,OEC,0.9959135337200996
TGCCTCACAAATGTCC-1,VEC,0.9933766659154428
TGCCTGTAGGGTTCTT-1,OPC,0.996209298376277
TGCCTGTCAATCATCG-1,VEC,0.9784188181261868
TGCCTGTCAGATTGTC-1,VEC,0.9963516580330376
TGCCTGTGTATATGGA-1,OEC,0.9958274007541488
TGCGTAAAGACGCCAA-1,OEC,0.996150635802465
TGCGTAACATCCATAG-1,OPC,0.9966684899456268
TGCGTAAGTCCATTGA-1,OEC,0.993041351894426
TGCGTAAGTTCCGCGA-1,OPC,0.9904727786101548
TGCGTAATCCAAACCA-1,COP-NFOL,0.99667778087368
TGCGTAATCCAAGTCA-1,VEC,0.9778156543279382
TGCGTAATCCATACCC-1,Astrocytes,0.9015857481599232
TGCGTAATCGCACCGA-1,Novel (Most Unreliable),1.403299897793194e-28
TGCGTAATCGTATAGC-1,Oligodendrocytes,0.996233378558386
TGCTATTAGATGTTGA-1,Novel (Most Unreliable),2.285319977579639e-81
TGCTATTGTAGGGTTG-1,OPC,0.9964192408287864
TGCTATTTCTTACGGA-1,OEC,0.9963893667493288
TGCTCACAGTTATGAG-1,VLMC,0.9954945451584412
TGCTCACCAATGCCAT-1,OPC,0.9964363924011596
TGCTCACGTAAGTCTC-1,Novel (Most Unreliable),0.0516098396686413
TGCTCACGTCACATTG-1,OEC,0.9956701534222492
TGCTCACTCTTCCGTG-1,Oligodendrocytes,0.9963103744320106
TGCTCGTGTCGATTAC-1,Novel (Most Unreliable),0.1016366972986988
TGCTCGTGTCTCTAAG-1,OEC,0.9961801175159876
TGCTCGTTCACGGGTC-1,OEC,0.9954694646926892
TGCTTCGAGGGATCCA-1,OEC,0.9961202285828584
TGCTTCGCAATGTGCT-1,VLMC,0.9966158576942524
TGCTTCGTCTGCTACC-1,Oligodendrocytes,0.996211865205198
TGCTTTAAGCCGCAAA-1,Novel (Most Unreliable),1.4256836215245303e-80
TGCTTTAAGTCCCGCA-1,OPC,0.9944836130470373
TGCTTTAAGTGATAAC-1,Novel (Most Unreliable),7.341929437593546e-67
TGCTTTAGTCAGAAGC-1,VEC,0.996484071926352
TGCTTTAGTCAGACGA-1,OEC,0.9927551499056536
TGCTTTAGTCAGTGTT-1,OEC,0.9960368920613948
TGCTTTAGTGGACTGA-1,OEC,0.996396581796154
TGCTTTATCATCGCAA-1,Novel (Most Unreliable),2.597536326677142e-40
TGCTTTATCCTTACGC-1,OPC,0.995968034806694
TGCTTTATCGCCTTAC-1,Novel (Most Unreliable),1.9805183551685e-83
TGGAAGGAGTCGTACT-1,OPC,0.9920309002310366
TGGAAGGCAATGTAAG-1,Astrocytes,0.9956681526713478
TGGAAGGCACAAGTGG-1,OEC,0.9946992584960808
TGGAAGGCACAGATGG-1,OEC,0.9965092449100904
TGGAAGGCATCTCACC-1,OPC,0.9956610330711289
TGGAAGGGTGGCCTCA-1,OPC,0.9947461759115268
TGGAAGGTCCTAGAGT-1,OEC,0.9958966425724912
TGGACATAGTCTAGAA-1,Oligodendrocytes,0.9961359219974016
TGGACATCACCCTTTG-1,Oligodendrocytes,0.9919897232275732
TGGACATCATTACTCT-1,VEC,0.995075066192174
TGGACATGTTTCTCTA-1,Astrocytes,0.9877455864251694
TGGCAATAGCATTGGG-1,OPC,0.9930885776985356
TGGCAATCACAGGTAG-1,OPC,0.9949793429860324
TGGCAATGTCACAGTT-1,OEC,0.9939432486865838
TGGCAATTCGCCTTAC-1,VEC,0.994540876279133
TGGCAATTCTGAAAGA-1,OEC,0.9964204439705444
TGGCAATTCTTGTCGC-1,COP-NFOL,0.9139642190270238
TGGCCTTAGAGCGGTT-1,COP-NFOL,0.9966122290313554
TGGCCTTCAGGGTACA-1,Novel (Most Unreliable),1.802245286779129e-22
TGGCGCAAGTGTGTAA-1,Novel (Most Unreliable),3.57354984913059e-15
TGGCGCACAACGGGTA-1,Novel (Most Unreliable),3.4511808564151396e-09
TGGCGCAGTAACTGAA-1,OPC,0.996494803779816
TGGCGCAGTAGGGTTG-1,Novel (Most Unreliable),0.009453210718985
TGGCGCAGTGGCATAG-1,VEC,0.9958805322962172
TGGCGCATCACGATTG-1,COP-NFOL,0.9960605094812998
TGGCGCATCACGTGTA-1,OPC,0.9913756313422384
TGGCGCATCATTCTCA-1,Novel (Most Unreliable),7.232482279286151e-46
TGGCGCATCGTGATAC-1,OPC,0.9960911505789528
TGGCGCATCTCATCCG-1,OEC,0.9959395790651376
TGGGTGCGTCAGACGA-1,VLMC,0.9964925053169642
TGGGTGCGTTTCGTTT-1,OPC,0.9351114054410392
TGGGTGCTCCTCATTA-1,Novel (Most Unreliable),9.124445770014876e-11
TGGGTTAAGCAACGGT-1,OEC,0.9964959230746468
TGGGTTACAATCAGGG-1,OEC,0.9962575423458166
TGGGTTACAATGGCAG-1,OEC,0.9951555579138904
TGGGTTACAGGGTACA-1,OPC,0.9836170859132726
TGGTCAAAGGCGTAGT-1,Novel (Most Unreliable),7.155800168360562e-39
TGGTCAAAGGTGTCGA-1,Oligodendrocytes,0.9880660862017928
TGGTCAAGTGGGTAGT-1,OPC,0.9963440518605932
TGGTCAATCAGTGTGT-1,OPC,0.995893577241024
TGGTCAATCCATCTAT-1,Novel (Most Unreliable),4.8635272451950934e-120
TGGTCAATCTACATCT-1,VLMC,0.995769509764855
TGGTCCTAGCTGAAAT-1,OPC,0.986193210669128
TGGTCCTCAATGACTC-1,Novel (Most Unreliable),3.160040354086387e-29
TGGTCCTCATGCGACC-1,OEC,0.9959636248447508
TGGTCCTGTATGTCCA-1,VEC,0.9966140680327632
TGGTCCTGTCTAAGAA-1,Oligodendrocytes,0.9946828620239198
TGTAAGCCAAACAGTA-1,OEC,0.9964142496397403
TGTAAGCTCCATGACA-1,Novel (Most Unreliable),6.846887332985119e-27
TGTAAGCTCGTTACAG-1,OEC,0.9944947282277014
TGTAAGCTCTTTCGAT-1,VLMC,0.9952224141867988
TGTACAGAGCATGTGG-1,VLMC,0.9858148420254048
TGTACAGAGCTGAGGT-1,Novel (Most Unreliable),4.4888759082958935e-71
TGTACAGCACACACCG-1,OPC,0.9962349020543028
TGTACAGTCGCTATTT-1,Oligodendrocytes,0.9962570497492854
TGTACGAAGACTTGAA-1,OEC,0.9953599722985084
TGTACGAAGCAACGGT-1,VLMC,0.9938165425969516
TGTACGACAATTCTCT-1,OPC,0.99452336903684
TGTACGACAGGATGTG-1,OEC,0.9961638159722356
TGTACGAGTCAGCTTA-1,Oligodendrocytes,0.9949872199704048
TGTACGAGTCTCTAAG-1,Oligodendrocytes,0.9963824448186218
TGTACGATCTATGAGC-1,OPC,0.9905870573300638
TGTAGCACACCATTCC-1,Novel (Most Unreliable),1.4960668085673368e-60
TGTAGCAGTCCCGTGA-1,Novel (Most Unreliable),5.7318424303820574e-08
TGTAGCATCCTTACGC-1,OEC,0.9362780991536708
TGTAGCATCTGCGTCT-1,Novel (Most Unreliable),2.703460012976448e-98
TGTGGCGAGCTGGAGT-1,Novel (Most Unreliable),2.298786859715485e-21
TGTGGCGCAGAGCCAA-1,OEC,0.9959832502351972
TGTGGCGCAGGGAGTT-1,Novel (Most Unreliable),7.793603848736074e-74
TGTGGCGCATCGAGTT-1,OPC,0.9964222591191
TGTGGCGGTCGTAGTT-1,Novel (Most Unreliable),3.0173441834877783e-34
TGTGGCGTCGCTTACC-1,OEC,0.9960253183078204
TGTGTCCAGGAGTAGA-1,VEC,0.9863315161795222
TGTGTCCAGGCACCTC-1,Oligodendrocytes,0.9959396338374752
TGTGTCCGTTCTTATC-1,Novel (Most Unreliable),0.0167727778163589
TGTGTCCTCGTGGTAT-1,OPC,0.9957415457952098
TGTTAGGAGAAACGCC-1,OEC,0.9955390851810108
TGTTAGGAGGTTACAA-1,OEC,0.99628797047377
TGTTAGGCACAGCTTA-1,Novel (Most Unreliable),9.03292719794071e-67
TGTTAGGCAGTGCGAA-1,OEC,0.9943464223208436
TGTTAGGGTCCTCAGG-1,OPC,0.9939755583278392
TGTTAGGGTGATCAGG-1,OEC,0.9937474989462296
TGTTAGGGTGCAAGCA-1,Pericytes,0.9922638306359844
TGTTAGGGTGGTCGAA-1,OPC,0.9930892720712564
TGTTAGGGTTCCGGCA-1,COP-NFOL,0.9965674155292252
TGTTAGGGTTGCTTGA-1,OPC,0.9959252579391078
TGTTAGGGTTTGTGAC-1,Astrocytes,0.98916720808799
TTAACGGGTGGACAGT-1,Novel (Most Unreliable),1.229633013879749e-53
TTAACGGTCACTGATG-1,Novel (Most Unreliable),1.0983992324842035e-45
TTAACGGTCGTCTAGA-1,OPC,0.9854489576767907
TTACCCGAGTCTGGGA-1,Astrocytes,0.975226256009546
TTACCCGCAAGCCAGA-1,Novel (Most Unreliable),3.601964492204969e-40
TTACCCGCAATCACTG-1,OEC,0.9854274777859464
TTACCCGCACTGTTAG-1,OEC,0.9963670863785266
TTACCCGCATAGACGG-1,OPC,0.992310548966512
TTACCCGCATGCACTA-1,OEC,0.996367321526388
TTACCGCCATGGGTGA-1,OPC,0.996181244218498
TTACCGCGTATTTGCG-1,Novel (Most Unreliable),4.8870523252908905e-73
TTACCGCGTTGGCGAA-1,OEC,0.9951994101880748
TTACCGCTCAGTCAAC-1,Astrocytes,0.9871742721861544
TTACCGCTCCCGATTC-1,OPC,0.9963739443208424
TTACGGAAGGTTGACG-1,OPC,0.9964182903283416
TTACGGAAGTGATAAC-1,OPC,0.983697036925992
TTACGGACACCACAGC-1,Novel (Most Unreliable),2.5082484905932005e-91
TTACGGACATGACTGT-1,OEC,0.9961912722323416
TTACGGAGTAGGTGAC-1,Astrocytes,0.9966843639753972
TTACGGAGTGGTAAGC-1,OEC,0.9958553561292788
TTACGTTAGAACCATA-1,OEC,0.8696441943479102
TTACGTTAGGACTAGC-1,OPC,0.9925467012067408
TTACGTTAGGTAAGCC-1,OEC,0.9958673135502056
TTACGTTCAACGGGTA-1,OEC,0.9935137835554728
TTACGTTCAGTAACTC-1,VEC,0.996125835740658
TTACGTTGTTCTGAGT-1,OEC,0.9955387881713632
TTACGTTTCGATATGC-1,OEC,0.9959306747803544
TTACGTTTCGCTTGAA-1,OEC,0.9953897716830185
TTACTCAAGCACGTAG-1,OEC,0.9860098647053656
TTACTCACATGTGGGA-1,VEC,0.9965347936415742
TTACTCAGTATTGTGC-1,Novel (Most Unreliable),1.0976757562071032e-35
TTACTCAGTCATAAGA-1,Novel (Most Unreliable),3.445566806695917e-108
TTACTCAGTCTGTTGA-1,OEC,0.996075991772696
TTACTCAGTGCTTACA-1,Pericytes,0.9965619930017128
TTACTCATCCAGTACA-1,OPC,0.9966598602393812
TTACTCATCCTAGAGT-1,OEC,0.9951618153948372
TTACTTGAGAGCCTGA-1,Novel (Most Unreliable),1.434506989297501e-13
TTACTTGCAGTTGCAT-1,Pericytes,0.9964210405600236
TTACTTGGTCTCGGGT-1,Oligodendrocytes,0.9962972902235098
TTACTTGTCTGTGTGA-1,OEC,0.9954941668022794
TTAGCGACAACAAACA-1,Novel (Most Unreliable),0.0037698264675838
TTAGCGACAATGAAAC-1,Pericytes,0.9965400087724212
TTAGCGACACACACAT-1,OEC,0.9914327150017644
TTAGCGAGTGAGCTAG-1,OEC,0.9959595451447426
TTAGCGAGTGGGTAGT-1,OPC,0.9957300841136264
TTAGCGATCGCCCTTA-1,OPC,0.9766217758553866
TTAGCGATCTACCCGT-1,OPC,0.9959003439659984
TTAGCGATCTTCTCTC-1,COP-NFOL,0.9910896590954784
TTAGCTTAGGTTCGAG-1,Astrocytes,0.9894742050154685
TTAGCTTAGTTCTCCC-1,Novel (Most Unreliable),0.029104742257692
TTAGCTTAGTTGCGCC-1,COP-NFOL,0.9966491292382874
TTAGCTTCAGACCTGC-1,Novel (Most Unreliable),0.0037351918010112
TTAGCTTCAGGTTATC-1,VLMC,0.9965658585563946
TTAGCTTGTCCAACCG-1,OEC,0.9963866555579062
TTAGCTTTCCATGACA-1,COP-NFOL,0.995145256424398
TTAGCTTTCTGACATG-1,COP-NFOL,0.9954565580958084
TTAGGTGAGAGCTGTG-1,OEC,0.9964603670549896
TTAGGTGCAGGCACAA-1,Novel (Most Unreliable),1.7361252967713292e-73
TTAGGTGGTCATTGCA-1,OEC,0.9939694784342804
TTAGGTGGTGCGTCCA-1,Novel (Most Unreliable),3.846281483101055e-44
TTAGGTGGTTGGCTAT-1,OEC,0.9960859703849236
TTATGTCAGCTCCGGT-1,OEC,0.996436224324722
TTATGTCTCTTGTCGC-1,Novel (Most Unreliable),8.827811960972346e-34
TTCAACTAGCGCCTAC-1,OEC,0.9951582625810488
TTCAACTCACGAACGA-1,OEC,0.995747285134894
TTCATCAAGGCGTAGT-1,VEC,0.9962801818297856
TTCATCAAGTCTGTGT-1,Astrocytes,0.994185343592674
TTCATCACATCCGTGG-1,OPC,0.9928770411000952
TTCATCAGTGTTAGAA-1,OEC,0.9958965210678976
TTCATCAGTTAGCTCA-1,OPC,0.9950776486309392
TTCATCATCAGTGTAC-1,OEC,0.9961894209310094
TTCATCATCCAGAATC-1,Pericytes,0.992906384146998
TTCATCATCGTTTGAG-1,OPC,0.9961233961492308
TTCATTGAGAACTAAC-1,Novel (Most Unreliable),5.028338343820133e-81
TTCATTGAGTAACACA-1,Novel (Most Unreliable),6.217098308757343e-48
TTCATTGCAAATTGAG-1,COP-NFOL,0.9966116746775576
TTCATTGCACCTGAAT-1,Novel (Most Unreliable),0.2123687523483844
TTCATTGGTGGTAGAC-1,OPC,0.9955574864165444
TTCGATTAGAGCACTG-1,Novel (Most Unreliable),3.831567516968304e-05
TTCGATTAGGATTGAT-1,Pericytes,0.9924861444600582
TTCGATTAGTTTACGC-1,COP-NFOL,0.9925692612961874
TTCGATTGTGGCATAG-1,COP-NFOL,0.9961964133125236
TTCGCGTAGGACTAGC-1,Novel (Most Unreliable),1.909772342371653e-64
TTCGCGTCAAGTCCTA-1,Oligodendrocytes,0.9965537751265564
TTCGGTCCAAATGCTC-1,OEC,0.9938534599019908
TTCGGTCTCCATACGA-1,Astrocytes,0.9948648847632034
TTCGTTACAAAGACGC-1,Novel (Most Unreliable),1.0617287187856562e-09
TTCGTTACAAATAGTG-1,OPC,0.9962611458413556
TTCGTTACAGGCATTT-1,COP-NFOL,0.988433071940102
TTCGTTATCTAGTCGA-1,Pericytes,0.9828405098320782
TTCGTTATCTGTCGTC-1,OEC,0.9934516491940888
TTCTAACAGAATCAGT-1,COP-NFOL,0.9939408130581664
TTCTAACAGGAACCGT-1,OEC,0.99587113749106
TTCTAACCACAGTAGG-1,OEC,0.996312915142706
TTCTAACTCAGTCTTT-1,OEC,0.995811871002629
TTCTAACTCCCAATAG-1,Oligodendrocytes,0.9963865325776816
TTCTGTACAAGGAGGG-1,OPC,0.9959412854770132
TTCTGTACACTCGGAC-1,Astrocytes,0.9892666358219712
TTCTGTACATACCCGG-1,OEC,0.9958372586606956
TTCTGTAGTATGTTCG-1,Oligodendrocytes,0.9963679643087364
TTCTGTAGTCATTGGT-1,OPC,0.996464175160388
TTCTGTAGTTAGGAAT-1,OPC,0.9966301822914904
TTCTGTATCCATCGAA-1,OEC,0.9960120713939398
TTGACGACAATTCTCT-1,Astrocytes,0.9863321408789087
TTGACGACATAGCCAT-1,OPC,0.9963607827000176
TTGACGAGTCAGAAAT-1,OPC,0.9950698614480498
TTGACGAGTTTGGATC-1,Novel (Most Unreliable),1.7668789940694194e-98
TTGACGATCAGGTTTG-1,Novel (Most Unreliable),1.4502074256940046e-06
TTGACGATCCAGAGAG-1,Novel (Most Unreliable),2.4863950005936585e-29
TTGAGCAAGAAAGGGT-1,OPC,0.9963697783403516
TTGAGCAAGAGCTGTG-1,OPC,0.9957093897559134
TTGAGCAAGTCCAGAG-1,Novel (Most Unreliable),4.4819058460880115e-27
TTGAGCAGTGAGTCGA-1,Pericytes,0.9965431204435344
TTGAGTGAGTTGCCGC-1,Novel (Most Unreliable),1.443247637406313e-53
TTGAGTGGTCAGGCTC-1,OEC,0.9904669007529906
TTGAGTGGTCTCGGGT-1,OPC,0.9955294645533732
TTGAGTGGTTCTACGA-1,OEC,0.9962053411988144
TTGAGTGTCATTCTTG-1,OEC,0.9942323421222664
TTGAGTGTCTAGCAGT-1,Oligodendrocytes,0.9957474767177268
TTGCACCAGGGATCCA-1,OEC,0.9944507052050916
TTGCACCCATTTGGTG-1,OEC,0.9962818678402766
TTGCACCTCGCGTTCT-1,OEC,0.996339534493352
TTGCAGAAGAAAGCAG-1,Novel (Most Unreliable),2.1669853369088233e-38
TTGCAGAAGGAAGGTA-1,OEC,0.9947435270378044
TTGCAGACAATTAGGA-1,OEC,0.9937092378540996
TTGCAGACAGGACTGA-1,VEC,0.9965820631591468
TTGCAGACAGGTAGGT-1,VLMC,0.9964426053582948
TTGCAGATCGCATAAC-1,Astrocytes,0.8949048039374439
TTGCCCAAGAACAGGA-1,OEC,0.9505722707305656
TTGCCCAAGCAACGGT-1,OPC,0.9946003219617248
TTGCCCAAGGATATCA-1,OPC,0.9762154636918547
TTGCCCACAACAAACA-1,Novel (Most Unreliable),5.97060484602008e-95
TTGCCCACAATGGTAA-1,Novel (Most Unreliable),2.389066606739369e-16
TTGCCCACATCAACTG-1,Novel (Most Unreliable),2.408438415793679e-16
TTGCCCAGTAAACCCT-1,Astrocytes,0.9966536856705736
TTGCGAAAGTTTGGAA-1,OEC,0.994346534100408
TTGCGAACAGAGAGAA-1,OEC,0.9678066570607492
TTGCGAATCAAGAGGC-1,OPC,0.989959882263566
TTGCGGGCACGCTAAT-1,OEC,0.9960183125140732
TTGCGGGCACTGTTAG-1,OEC,0.9959951205247272
TTGCGGGTCGACCCGA-1,OPC,0.9963050307412544
TTGCGGGTCTGAGTAC-1,OEC,0.9957263147165516
TTGCTATAGGCAATTA-1,Novel (Most Unreliable),4.053267728057186e-57
TTGCTATAGGCAGTGT-1,Novel (Most Unreliable),0.5639458249114586
TTGCTATCACGTTGTA-1,Oligodendrocytes,0.9961745581093284
TTGCTATGTCATAGAA-1,OPC,0.9923748839528518
TTGCTTAAGCAATGTA-1,VEC,0.9897642816766732
TTGCTTAAGTTATGAG-1,Novel (Most Unreliable),3.317546029598142e-52
TTGCTTACAAGGAAGA-1,Novel (Most Unreliable),7.548683792147078e-59
TTGCTTAGTACCAAGG-1,VLMC,0.9961158060053508
TTGCTTAGTACGCCCA-1,OEC,0.9956435575918612
TTGCTTATCACTTACT-1,OPC,0.994377280158224
TTGGTCCAGCTGATTC-1,OEC,0.9959423823657504
TTGGTCCCACCCTTTG-1,Novel (Most Unreliable),0.7855677022207345
TTGGTCCCAGGTCTGC-1,Novel (Most Unreliable),0.8044953177265542
TTGTCTAGTCATCGTA-1,OEC,0.995778053785786
TTGTCTAGTGAGTCGA-1,OPC,0.9963239973595188
TTGTCTATCCATCGAA-1,OEC,0.9888931925755868
TTGTCTATCTTTGCAT-1,COP-NFOL,0.9961406529156508
TTGTTCAAGTCCGTGC-1,Novel (Most Unreliable),0.0205096689678668
TTGTTCAAGTTGCTTG-1,VLMC,0.9930190400759208
TTGTTCACACAAGGGT-1,Novel (Most Unreliable),2.9685961135487058e-33
TTGTTCACAGAATGCG-1,OPC,0.995663975014634
TTGTTCACATTGTGAC-1,VLMC,0.993430846499666
TTGTTCATCCTGGAAT-1,OPC,0.9948589396368188
TTGTTGTAGGCGCTTC-1,OEC,0.9962096011156106
TTGTTGTCACCAAGGA-1,OEC,0.9791508321247072
TTGTTGTCACTCCTCA-1,OEC,0.9960850905478332
TTGTTGTGTATGTTCG-1,OEC,0.9961164835048892
TTGTTGTGTCTCTAAG-1,OEC,0.9960505054106668
TTGTTGTGTGCAAGCA-1,OPC,0.9955286996437588
TTGTTGTGTGCTTCCT-1,OEC,0.9960742717645455
TTGTTGTTCCAGCACG-1,OEC,0.9955242203037518
TTGTTGTTCCTGACCT-1,Astrocytes,0.9965365951484292
TTGTTGTTCGCGTGAC-1,COP-NFOL,0.9965639687000484
TTGTTGTTCGCTAGTA-1,OPC,0.9909309859455054
TTGTTGTTCTCCCTTT-1,Novel (Most Unreliable),0.2190407575652274
TTTACGTCATTGCACA-1,OEC,0.9960092038243478
TTTACGTTCGATCTTT-1,COP-NFOL,0.973850089906368
TTTGAGGCATGGTATC-1,OEC,0.9958669587219288
TTTGAGGGTGAATCAA-1,OPC,0.9963609820564672
TTTGAGGTCGGGACAA-1,OPC,0.9954608874550522
TTTGCGCAGAAGCCGT-1,Novel (Most Unreliable),2.0642207095283618e-74
TTTGCGCAGGTAGGCT-1,Novel (Most Unreliable),0.005215091756103
TTTGCGCGTCATAGCT-1,OEC,0.9950459226710926
TTTGCGCGTTACTACG-1,OEC,0.995262792082092
TTTGCGCTCAGGCGCT-1,OPC,0.9949557989403768
TTTGCGCTCCACTAGA-1,OPC,0.9964113275878984
TTTGGCCAGCAATGTA-1,VLMC,0.9391651938932284
TTTGGCCAGGCCTCGT-1,OEC,0.9961360703688004
TTTGGCCCAACTCGAT-1,Oligodendrocytes,0.9964553661319728
TTTGGCCCACACGGTC-1,OEC,0.9962593223503088
TTTGGCCGTGGTCGAA-1,OEC,0.9956402790239152
TTTGGCCTCGAGGTAG-1,Astrocytes,0.9917145862498232
TTTGGTTAGACTCTTG-1,Novel (Most Unreliable),1.0994956964174777e-56
TTTGGTTGTAACCGAG-1,VEC,0.9963395725310716
TTTGGTTTCGACTTAG-1,OEC,0.9892491352007964
TTTGGTTTCGCGTTCT-1,OEC,0.996159254278991
TTTGGTTTCTCTGAGA-1,OPC,0.9864813332738854
TTTGTGTGTTTAGACC-1,Astrocytes,0.9935220012395374
TTTGTGTTCAAGAGGC-1,OPC,0.8882834917807012
TTTGTGTTCAGTCAAC-1,Novel (Most Unreliable),2.3127709423481856e-36
TTTGTGTTCTCGCGTT-1,OEC,0.9960193259490356
