,Reliability
AAACGAAAGAAGCCGT-1,1.3913635710227738e-73
AAACGAAAGAGTGGAA-1,0.9964341912015071
AAACGAAAGTCTTAGC-1,0.9940985274210603
AAACGAAGTACCAAGG-1,0.995901379294673
AAACGAAGTCACAGGA-1,0.9960314154065634
AAACGAATCAGGCCGT-1,0.9963883178983526
AAACGAATCGTTCAGA-1,1.7876248525328292e-68
AAACGAATCTGACTTT-1,0.9957766424870325
AAACTCGAGAGAAGCA-1,0.9963118496535969
AAACTCGAGTGCTGAG-1,0.9844430582996329
AAACTCGAGTGTCGGA-1,0.9916697610803711
AAACTCGCAATCAGGG-1,0.9949382914733063
AAACTCGCACTGTCGG-1,6.384196298253024e-28
AAACTCGGTGCGCTCA-1,0.9960435443271827
AAACTCGTCAACACGT-1,0.9951708419424309
AAACTGCAGAGGTGGG-1,0.1257920065854563
AAACTGCAGGAACCGT-1,0.9942512516978596
AAACTGCAGTCCCTCT-1,1.6754971730153934e-82
AAACTGCCAACCTCCT-1,0.9949096181686501
AAACTGCCACCACAGC-1,0.9928161968816597
AAACTGCCAGATTTGC-1,0.9960354650632235
AAACTGCGTTGGCGAA-1,0.996095662487836
AAAGATGAGCGAGAAA-1,0.9941622671645672
AAAGATGCAGATGGCA-1,0.9946396375287011
AAAGATGCATGTGGGA-1,1.0579899502089048e-50
AAAGATGGTGAAACAT-1,0.9961011397174584
AAAGATGTCCGGGCAT-1,1.2430253155587105e-79
AAAGGATAGTCCGGAA-1,0.9961072085796614
AAAGGATCAACGTAGG-1,1.8041858315947918e-64
AAAGGATCATACCCGG-1,0.9961800703233298
AAAGGATGTATCATGC-1,0.9961290031064166
AAAGGATTCATAGGTC-1,0.9962023095625705
AAAGGGCAGACAGTGC-1,0.9945064207624139
AAAGGGCAGGATCCTT-1,6.803751134345593e-90
AAAGGGCCACCGTCTT-1,0.9956049012982575
AAAGGGCCATTCTCGC-1,0.9964980496764081
AAAGGGCGTAGTTTGC-1,1.2964895315160926e-67
AAAGGGCGTTACACTG-1,0.9960269691442087
AAAGGGCTCACCCTTG-1,0.9956589183399199
AAAGGGCTCAGTGTGT-1,0.9956357494342952
AAATGAGAGACTAGCG-1,0.9960552003843346
AAATGAGAGAGTGGAA-1,2.150540022735174e-88
AAATGAGAGTATACCC-1,2.3722460726887012e-40
AAATGAGCAACGTAGG-1,0.9931499508251384
AAATGAGCACTTATGG-1,0.9867495078920367
AAATGAGTCGATATGC-1,2.764939976002841e-63
AAATGAGTCTATGAGC-1,0.996403524044879
AAATGCCAGGCACCTC-1,0.9778860431517014
AAATGCCCAATGGTCT-1,0.981716391928952
AAATGCCTCCAACGCG-1,3.5227742019964742e-19
AAATGCCTCCGTGCAG-1,0.9965854585821213
AACAAAGCAACGACAG-1,0.9963004375330919
AACAAAGCACAGTTAC-1,0.9961839142164841
AACAAAGCAGTGCGAA-1,0.9961162379959226
AACAAAGCATTCTTTG-1,0.9756799859724311
AACAAAGGTACGTATC-1,0.9958351276822234
AACAAAGTCAGCCGGT-1,0.9963008496494927
AACAGTCCACCTACCT-1,0.9956248478180996
AACAGTCCATTCCCGT-1,0.9963567369992545
AACAGTCGTAAACCCT-1,0.9963411394360379
AACAGTCGTAGGTGAC-1,0.9959781447126224
AACAGTCGTCGAGGAT-1,5.1175072878084606e-51
AACAGTCGTGATCAGG-1,0.9952880149987915
AACATCGAGAATGCTA-1,0.9965398753394571
AACATCGAGAGGCGGA-1,2.3721569748744365e-09
AACATCGAGATGTTGA-1,0.37809509632950655
AACATCGGTCATGAGG-1,0.9948211218323083
AACCAACAGAGTTTGA-1,0.816159444905962
AACCAACAGGATTAAC-1,1.1304054572983723e-35
AACCAACAGTGAGCAC-1,0.9964184666705894
AACCAACAGTGTCGCC-1,0.9920939602467626
AACCAACCACAGAAGC-1,0.9961994842564712
AACCAACCAGGAGCAT-1,0.9957327029376346
AACCAACGTGATGCGA-1,0.9960986837174688
AACCAACTCCGAGAGA-1,0.9945831218010602
AACCGATAGGTCTTTG-1,0.9924453201606456
AACCGATCATTCACCC-1,0.9966019893073985
AACCGATGTCTGATTG-1,2.662007037561726e-25
AACCGATGTTTGATCG-1,0.7965200474013002
AACCGATTCGAGAACG-1,0.9962794384529653
AACCTGAAGAGTGGAA-1,0.9924070614071963
AACCTGAAGATATGAC-1,2.203461017534904e-71
AACCTGAAGGGAGTTC-1,0.9963300417398586
AACCTGACATGGCCTG-1,0.996154630630221
AACCTGACATTCACGA-1,0.9953035103294563
AACCTGAGTAGGTGAC-1,0.008059181234896637
AACCTGATCAGGTCTA-1,0.9964342447061918
AACCTTTAGGATCCTT-1,3.2529420052481685e-17
AACCTTTCAGAAAGAG-1,5.361854007278537e-119
AACCTTTGTTAACTCG-1,0.9962804327306662
AACCTTTTCCAGAGAG-1,0.996267041621615
AACCTTTTCCTATCAT-1,0.989151504944543
AACCTTTTCGTGGGTC-1,0.9958245594622066
AACCTTTTCTCCCTTT-1,0.9966247024460572
AACGAGGAGAGGCCTA-1,7.353489312530247e-39
AACGAGGAGGTCACTT-1,0.9956844650225194
AACGAGGCAATGCATC-1,0.9930252668784988
AACGAGGCACTGAAGG-1,0.9959352375331725
AACGAGGTCTTAACGG-1,0.29438219606092914
AACGAGGTCTTGTCAT-1,0.9267576400168114
AACGGGAAGGACTTTC-1,4.914425624763815e-46
AACGGGAAGTTGAATG-1,0.0048554932791412065
AACGGGACAATTCAGC-1,0.9878912923070662
AACGGGACACGCGTTG-1,0.9959193730049798
AACGGGACATAGACGG-1,0.9780345238033568
AACGGGAGTTCAGTTG-1,6.208716482321206e-13
AACGTACCAAGTTCGT-1,9.456460306104833e-19
AACGTACCACTGTTAG-1,2.5329361736921666e-29
AACGTACGTCGAGAAC-1,8.407875081420642e-50
AACGTACTCCCAGTAA-1,2.68411444366612e-105
AACGTACTCCTAGAGT-1,0.9966180629999744
AACTGGTAGTGATAAC-1,0.9942550136739242
AACTGGTCATGTAGAA-1,0.9961601087002965
AACTGGTGTTAGTAGA-1,0.9966832922166975
AACTGGTGTTTGTACG-1,0.995240159898829
AACTGGTTCATCGCTC-1,0.9942562591433285
AACTGGTTCGTTCAGA-1,0.9961672892449679
AACTGTGAGATCTCAC-1,2.998737461309016e-48
AACTGTGAGGAGTACC-1,0.9961238672270724
AACTGTGGTGCCGGTT-1,1.261166351974043e-44
AACTGTGTCAGGATCT-1,0.9960391338587284
AACTGTGTCTATCTTG-1,0.9966677102212873
AACTTGGAGAAAGGGT-1,0.9959023373688469
AACTTGGAGGCGTCCT-1,0.9963436622492527
AACTTGGCAACGTCCG-1,0.99598248021365
AACTTGGCAAGGAACC-1,0.9944622543649173
AACTTGGGTATTCGCA-1,0.9780723704546874
AACTTGGGTCGTAATC-1,0.9965718618711332
AACTTGGGTCTGGTCG-1,5.927070524172635e-99
AACTTGGTCAGGCCGT-1,0.9956588925494197
AACTTGGTCCTTGACC-1,0.9066558187330448
AACTTGGTCTTAAGCG-1,1.0476927342841508e-30
AAGATAGAGAGTAAGG-1,0.995867828838321
AAGATAGAGATGTTCC-1,0.6738241388888914
AAGATAGAGCGGACAT-1,0.9960881784736603
AAGATAGAGGTACATA-1,0.9944784747957959
AAGATAGCATGGTTTG-1,2.118247116532372e-26
AAGATAGGTGTCGGTC-1,0.9962447982065668
AAGATAGTCTATTGTC-1,0.9939803208295533
AAGATAGTCTCGACCT-1,1.5804090247844385e-52
AAGGAGCCAGGGTAAC-1,0.11549225452831598
AAGGAGCCATGGCCGT-1,0.9917972680249832
AAGGAGCGTAACTGAA-1,0.9953158280060813
AAGGAGCTCACTGATG-1,0.9955502342054903
AAGGAGCTCAGGTTTG-1,0.9955949950172563
AAGGAGCTCCCTACCA-1,0.9965817174623386
AAGGAGCTCGACTCGG-1,0.9957118935617836
AAGGAGCTCGATGTAC-1,0.9964825144277777
AAGGAGCTCGTGGCGT-1,0.1836454116583357
AAGGTTCCAATCAGGG-1,0.5276584475259511
AAGGTTCCACTTATGG-1,0.9939361247904481
AAGGTTCCATGGTAAA-1,1.7059209667588786e-79
AAGGTTCTCGTGTGCG-1,1.2493472099183962e-35
AAGGTTCTCTCGCGGA-1,0.9948325941435017
AATACGCAGTGTGTAA-1,0.9958649406507679
AATACGCCACTTATGG-1,4.814042706045639e-33
AATACGCGTATGGGTG-1,0.9961445598327315
AATACGCGTGAATCGG-1,0.9954482313842737
AATACGCGTTTCGATG-1,0.9961313141305331
AATACGCTCACTCCCA-1,0.9915055500988244
AATACGCTCGTGGAAG-1,0.9958213569452691
AATACGCTCTAGCAAC-1,0.9687762583608933
AATGCCACAGCGTGAA-1,0.995898729543414
AATGCCACATATTGGC-1,0.995844601537308
AATGCCAGTCATTGCA-1,0.9962441161840614
AATGGAACAAGCGTCC-1,0.9524500714454752
AATGGAACACTCAGCG-1,0.9965196159153712
AATGGAACAGCACATT-1,0.9948164730125767
AATGGAACATCAGAAA-1,0.9962705176982765
AATGGAAGTAAGCCGA-1,0.9965253263479301
AATGGAAGTTAACCAC-1,0.9881647034943026
AATGGAAGTTCCTGTC-1,0.9909103709935791
AATGGAATCCCAATAG-1,0.9937828599623995
AATGGAATCGGTCTCT-1,0.9900028874379101
AATGGCTAGTACAACA-1,0.992611889550036
AATGGCTAGTTGCGCC-1,3.1477773182011133e-65
AATGGCTAGTTGGAAT-1,1.9639618795597183e-48
AATGGCTCAGCAACGA-1,0.9952030924072305
AATGGCTGTACTAGAA-1,1.9545929819106138e-94
AATGGCTGTATTGTGC-1,0.9840360988288631
AATGGCTTCCGCTCTA-1,1.7251199956276392e-82
AATGGCTTCCGTTAGA-1,0.9749023657973803
AATGTCGAGAACGACC-1,2.3537520749414047e-136
AATGTCGCAAGGAAGA-1,2.0219926693647006e-90
AATGTCGCACACACAT-1,2.7559488406868216e-71
AATGTCGCAGCTATAC-1,0.9961522918467858
AATGTCGGTAATGCCT-1,0.995355647435929
AATGTCGGTATTCGAC-1,0.9872439227663596
AATGTCGGTGAATCGG-1,8.983838859204836e-36
AATGTCGGTGGATTCT-1,0.9962343355100589
AATGTCGTCTATGAGC-1,0.9793520580244814
ACAAACCAGAATACTG-1,0.9931854422921343
ACAAACCCAGGATGTG-1,0.9369484114932607
ACAAACCCATTGCCTC-1,0.996094714429758
ACAAACCGTATTCTTC-1,2.4870697183795423e-55
ACAAACCGTCTGTGTA-1,0.9934425091594208
ACAAAGAGTCAGACGA-1,2.1317460537358465e-75
ACAAAGAGTCCATTGA-1,0.9956914073584452
ACAAAGAGTGTCGTCG-1,0.9957209581993365
ACAAAGAGTTTGTGAC-1,0.9903117051518119
ACAAAGATCACTCGGG-1,0.9928608008351713
ACAAGCTCACGCTCAG-1,0.9885286853700973
ACAAGCTGTACGGATG-1,3.686017742728259e-10
ACAAGCTGTTTAGGAA-1,0.9961676980410213
ACAAGCTTCACGATTG-1,0.9922514077351035
ACAAGCTTCACTAGGT-1,0.9956401686270234
ACAAGCTTCACTGATG-1,0.9955699802123354
ACAAGCTTCCTCCTGA-1,0.9946083508379435
ACAATCGAGAGAGTAG-1,0.9946688661790167
ACAATCGCAGGTTATC-1,0.9963117785059424
ACAATCGCAGTTGCAT-1,9.594880697367545e-22
ACAATCGGTTGGCGAA-1,0.991151670385373
ACAATCGTCTTCACTA-1,0.9962601958408646
ACAGAAAAGGAAACTT-1,0.9964497340358818
ACAGAAAAGGAGTACC-1,0.99621379907483
ACAGAAAAGTACTCTG-1,0.9965555770354539
ACAGAAACAACACGGA-1,0.4120636929218301
ACAGAAAGTACGCAAG-1,0.9964002085628755
ACAGAAATCACAACAC-1,0.9947267500410789
ACAGAAATCATGAACC-1,0.9239526562504939
ACAGAAATCCCGTAGG-1,0.9964275161187354
ACAGACTCAACGCAAG-1,1.4448623553398195e-64
ACAGACTCACTCGCAG-1,0.9940450918674635
ACAGACTCATGATCGT-1,0.9959417204191745
ACAGACTCATGGAGGT-1,0.9956970611654956
ACAGACTCATTAGCCA-1,0.007281455286598354
ACAGACTGTTCCAGTA-1,0.9962004415180353
ACAGACTTCACGTCAA-1,0.9960759306971255
ACAGACTTCATTCATC-1,0.9888862879042717
ACAGACTTCTTACTCA-1,0.9960698091112817
ACAGCGCAGTGAATAC-1,0.9965251833576728
ACAGCGCGTCAACGGA-1,0.9963864736412359
ACAGGCCCAAAGACGC-1,2.8225474347983593e-64
ACAGGCCCAACTCGTA-1,0.9960468144523013
ACAGGCCTCGCCAGAC-1,0.9508092364002043
ACAGGCCTCGGGATCC-1,1.110232297798716e-35
ACAGGCCTCTGACATG-1,0.9153678347762283
ACAGGCCTCTGATCCC-1,0.9959018804224606
ACATGCAAGCAGAATT-1,0.996656949248194
ACATGCAAGCTTCAAC-1,0.9966141676438443
ACATGCAAGGAAGAAC-1,0.9910960510322505
ACATGCACATGCACTA-1,0.9886866354171097
ACATGCACATGGTATC-1,0.9966073940505282
ACATGCATCGTGGCGT-1,1.4384701049093525e-93
ACATGGTAGACTTCCA-1,0.9951676963740315
ACATGGTAGTTCCAGT-1,0.9929198711176737
ACATGGTCAAGCAATA-1,0.9965989924732732
ACATGGTCACGCTAAT-1,0.9956477755040191
ACATGGTGTGTGCTTA-1,7.692705584245441e-19
ACATGGTTCCCTACGT-1,0.9965092291812634
ACATGGTTCCGGACTG-1,0.9941089302624592
ACCAAACAGTCAGGAC-1,0.9966242389739479
ACCAAACCAACGTACT-1,0.9960027773640827
ACCAAACCATATAGAG-1,0.99621221527852
ACCAAACGTAACGTAA-1,0.9889693937986449
ACCAAACGTGTGTGTT-1,0.9942731320561311
ACCAAACTCGAACACT-1,0.9960296293980567
ACCATCCAGACAACGC-1,0.9960082913961096
ACCATCCAGATGGGAA-1,0.9963207931427936
ACCATCCGTCGCTACG-1,0.9963697898879976
ACCATCCTCAAACCAC-1,0.9945913210355786
ACCATCCTCAGTTGAC-1,1.6539250550931883e-73
ACCATCCTCGACTGGC-1,0.9906838099553338
ACCATCCTCTTACTCA-1,0.9962908218581603
ACCCAAAAGCTTACCA-1,2.48208588721045e-34
ACCCAAACAAAGCATA-1,0.9955730012376853
ACCCAAACACAGTTAC-1,0.9918617963805835
ACCCAAAGTACGAGAC-1,9.96968656289048e-22
ACCCAAATCAACTTGG-1,0.9961582439531674
ACCCAAATCAGGCGCT-1,0.995350885092802
ACCGAATAGAACGTCG-1,0.9964523926583714
ACCGAATAGTTGACAA-1,0.9929685111967288
ACCGAATCAAGTCCTA-1,0.9959643431108549
ACCGAATCAATCACTG-1,0.9962482045389273
ACCGAATCAATGACTC-1,1.223331846054741e-47
ACCGAATCAATGTGTC-1,0.9963938678397435
ACCGAATCACCCTTAC-1,0.9956206968065243
ACCGAATGTACGACCC-1,2.0702752847052596e-59
ACCGCAGAGCTCGTTA-1,0.9960382833383805
ACCGCAGAGGGAGATA-1,0.9963109313109392
ACCGCAGGTACGTATC-1,0.9961333609721691
ACCGCAGTCCAAGAGG-1,0.9959939559014013
ACCGCAGTCTATCTCA-1,0.9856852618593465
ACCGGGTCAACTCCCT-1,0.9943733442952246
ACCGGGTCATGTGGGA-1,0.9956228047480521
ACCGGGTGTAAGCCGA-1,0.9960948354388048
ACCGGGTGTCCGTAGC-1,0.9965583992802529
ACCGGGTGTCTAAGAA-1,3.4349312411974466e-57
ACCGGGTTCAGGTTTG-1,0.9518779627922579
ACCGGGTTCGGCAATT-1,0.996508715961242
ACCGGGTTCGGTTGTA-1,0.9959766150023791
ACCTGCTAGATATGTG-1,0.9959120698099488
ACCTGCTAGGCAGATC-1,6.90735035691646e-60
ACCTGCTGTAACGGAC-1,4.9144009031286894e-57
ACCTGCTTCGTATAGC-1,0.9917354471689778
ACGGATTAGGTTGTTC-1,0.9965746942029873
ACGGATTGTCACTCTC-1,6.133318524187621e-46
ACGGATTGTTACTTTC-1,0.9958803255786217
ACGGATTTCCACACCT-1,0.9963416109716214
ACGGATTTCGAAGCCC-1,0.9962972966257896
ACGTGGCAGACTTGAA-1,0.9965945811923727
ACGTGGCCAGATACAA-1,0.9951314712112402
ACGTGGCCATACAACC-1,1.0050281538139654e-95
ACGTGGCGTGTGCTTA-1,0.9934162691463271
ACGTGGCGTTTAGGAA-1,2.78177596215421e-40
ACGTGGCGTTTGACCA-1,3.385427370958891e-20
ACGTGGCTCCGCTCTA-1,0.996448939338736
ACGTTAGAGGTCGTTT-1,0.9956931330550067
ACGTTAGCACAGCTTA-1,0.9962443301684029
ACGTTAGGTCTGATTG-1,3.2569105791557787e-88
ACGTTAGGTGGTAAGC-1,0.9957777105483366
ACGTTAGTCCACTAGA-1,0.9963305784437668
ACGTTAGTCCGTGCGA-1,0.0065207914554321405
ACGTTAGTCCTAAAGC-1,0.9953130407018613
ACGTTAGTCTATACCT-1,0.30003079938303934
ACTAACGAGAGGAACA-1,0.9960441742756634
ACTAACGAGCCATCAT-1,0.9941188687064088
ACTAACGGTCTAAAGA-1,0.9960254073171646
ACTAACGGTGAGTAAT-1,0.9965024346188947
ACTAACGGTTTCGATG-1,0.9689885362635954
ACTAACGTCCTCATTA-1,0.9948479263993393
ACTACCCAGGGACGTT-1,0.9069769492319414
ACTACCCCAACCTCTC-1,4.6475534972430414e-33
ACTACCCCAATGATGA-1,0.9942000081882726
ACTACCCCACGTTACA-1,0.9924696412343099
ACTACCCCAGTTCGGC-1,0.9950472662184517
ACTACCCGTAACGGTG-1,0.9960610935739037
ACTACCCGTGCATCAT-1,3.1656276963808917e-77
ACTACCCTCACAGGGA-1,0.9962373712142537
ACTACCCTCACCCGGA-1,2.7364607927402902e-68
ACTACCCTCAGATACC-1,0.9958657320638153
ACTACCCTCCAACAAC-1,2.746844956928356e-38
ACTACGAAGACAGTGC-1,0.8699282678180813
ACTACGAAGGAACCGT-1,0.9964524775014408
ACTACGAAGTCGTATC-1,0.9964674572427731
ACTACGACACCTCGTT-1,0.9930455518299794
ACTACGACAGATTAAG-1,0.994280341925593
ACTACGAGTCCCTTTG-1,0.9965210921230264
ACTACGATCACATTCT-1,2.4417401310583946e-69
ACTAGGTGTACCAAGG-1,0.9870477497827093
ACTAGGTGTGATAAGT-1,0.9962900121231167
ACTAGGTGTGCGTAGA-1,2.208629854887593e-39
ACTAGGTTCTCTCAAT-1,0.9953270150392828
ACTATTCGTGACGCAA-1,0.995464179136231
ACTATTCGTTACGAAA-1,4.849211892233124e-84
ACTCGGGCAAGTAATG-1,0.950825060199853
ACTCGGGCAGATTTGC-1,0.9851584356328452
ACTCGGGCAGTAACGG-1,0.9960118374052036
ACTCGGGCATTGATGC-1,0.996172473261575
ACTCGGGGTAGGTGAC-1,0.995992804496511
ACTCGGGGTGCTGAAG-1,0.9961332516336802
ACTCGGGTCCACGGCA-1,0.9952706687390944
ACTCGGGTCCAGGGAA-1,2.1681723995704315e-110
ACTCGGGTCCGAATTG-1,0.9964244414481086
ACTGCAAGTCGCTACG-1,4.733823568465098e-56
ACTGCAATCTATCCTA-1,0.9872992485474449
ACTGCGGCATTAGCCA-1,0.9876695230143446
ACTGCGGGTTCTTTCA-1,0.9961523542791456
ACTGCGGTCTGATCTT-1,0.9956976424186738
ACTGTCCAGTCACGCC-1,1.7579711806024777e-47
ACTGTCCCAGGCATCC-1,0.9908185524828532
ACTGTCCGTGCACCCA-1,6.108054353401097e-79
ACTGTCCGTTAACCGT-1,0.9925904638472849
ACTGTCCTCGATGAAA-1,0.9954554035426855
ACTGTCCTCGGATCGC-1,0.9953363991287738
ACTTCCGAGGAAGGTA-1,2.449313722210832e-74
ACTTCCGTCTTGTACT-1,0.9591482718466364
ACTTTCACACGTTAGT-1,0.9903750076537957
ACTTTCACAGCGTAGA-1,0.9963098057745278
ACTTTCATCACGTCAA-1,0.9947086618480375
AGACAAAAGGAGGCGA-1,0.18249783038026215
AGACAAACACACACCG-1,0.08716905123171227
AGACAAAGTGCAAGCA-1,0.38837341983227186
AGACAAAGTGGACGAT-1,0.9960611802473166
AGACAAATCAAACCCA-1,0.9829505293845954
AGACAAATCACATTCT-1,0.9965602968032148
AGATAGACAGGCAAGT-1,0.995851657560596
AGATAGAGTCCCGTGA-1,0.9965006693294193
AGATAGATCGTTCTAT-1,0.9962196357923414
AGATTCGAGAAACGCC-1,0.9866013393756629
AGATTCGAGAAATTCG-1,0.9751912422824289
AGATTCGAGGCAATTA-1,1.35689157027335e-33
AGATTCGAGTCGACCC-1,0.9578898618551746
AGATTCGAGTGTAATG-1,0.6208698007569601
AGATTCGCACAAGTGG-1,0.9963786013408773
AGATTCGGTTCTTTGT-1,0.9966795437111867
AGATTCGTCGGTACTA-1,0.9962406007765748
AGCCAGCCAAGGATGC-1,1.0291833061309762e-47
AGCCAGCGTATGGGTG-1,1.0277226978551285e-46
AGCCAGCTCCTTACGC-1,0.9964790178713383
AGCCAGCTCGCTGATA-1,6.119865175784742e-06
AGCCAGCTCTAGTCGA-1,0.9965450675987969
AGCCCGAAGGCCTCTG-1,6.282268331981568e-10
AGCCCGACATGGTAAA-1,0.9957942417747523
AGCCCGAGTATTCTGG-1,0.9579893653699703
AGCCCGAGTCTTAGCA-1,0.9949708304911539
AGCCCGAGTGCATCAT-1,0.9959006218549541
AGCCCGATCTCCAACC-1,0.9945720479646755
AGCCCGATCTGTCGGG-1,0.9961795552040493
AGCCGCAAGAACGACC-1,0.9532032452587059
AGCCGCAAGAATGCTA-1,0.9960074007019105
AGCCGCAAGTAGTGTA-1,0.9965285398371975
AGCCGCACAAGCCAGA-1,0.9946146763534045
AGCCGCACAGTAACCT-1,2.9196409198953596e-57
AGCCGCACATATAGAG-1,0.9965665957891847
AGCCGCATCCACCTAC-1,0.9964574138230441
AGCCTCTAGAAATCTG-1,0.9947718030524985
AGCCTCTCATTGAACC-1,0.9961411053306665
AGCCTCTGTAATGCCT-1,0.9951905264388885
AGCCTCTTCGATGCAT-1,0.9957199674498526
AGCCTGGCAGAGCCAA-1,0.9961622232936791
AGCCTGGGTGCAAGAC-1,0.0007683272492509562
AGCCTGGTCAGTGTAC-1,1.2905107281271675e-92
AGCCTGGTCCAGTACA-1,0.9963296777082543
AGCCTGGTCGGAAAGC-1,0.9959383910729568
AGCCTTCAGAGGCGGA-1,7.289350769954786e-79
AGCCTTCCAAAGGCCA-1,0.9962721662956799
AGCCTTCCACATAAAG-1,0.9958815349928279
AGCCTTCCAGGTGGTA-1,0.9961985365237944
AGCCTTCGTGAGTAAT-1,0.9958058708501215
AGCCTTCTCAGAGTGG-1,0.9958099051849817
AGCGATTAGACAGCTG-1,0.9949328340667573
AGCGATTCACATCATG-1,0.9947407987667365
AGCGATTCACGTTGTA-1,0.9963824845315713
AGCGATTCACTCCTCA-1,0.9961322716267877
AGCGATTGTCACATTG-1,0.9957516898793524
AGCGATTGTCGCGCTA-1,0.9960981963810295
AGCGATTGTTCTTAGG-1,0.9958991906355327
AGCGATTTCAGCGGTC-1,0.9961196360684423
AGCGATTTCCAGGTCG-1,0.9937272610925773
AGCGATTTCGGCAATT-1,0.9957936364323234
AGCGTATCAAACCTAC-1,0.9962868545999594
AGCGTATCACAAACGG-1,0.9958554661586119
AGCGTATTCACTCGGG-1,0.9956362204991315
AGCGTATTCGCATACA-1,0.9966898206311544
AGCGTATTCTCTTCTC-1,0.00615302921430249
AGCGTGCCACCCATCT-1,3.042987775032837e-17
AGCGTGCGTAAGTGCG-1,0.9964492512200608
AGCTATGAGATGGGTC-1,0.9909471499630899
AGCTATGCAAACCCTA-1,3.111277064032545e-08
AGCTATGGTCTGATTG-1,0.9957524920434986
AGCTGATAGTAGTGTA-1,0.9945158614844901
AGCTGATAGTCCTTCC-1,0.9964816202818427
AGCTGATCACGCTAAT-1,6.976639196412349e-61
AGCTGATGTGTCGTCG-1,0.9962282067018077
AGCTGATTCAGTGTAC-1,0.9957772482556309
AGCTGATTCCCTAAAG-1,0.9956177544267187
AGCTGGCTCTAAACGC-1,0.9938275256082528
AGCTGTAAGGTTAACA-1,6.627964179103112e-67
AGCTGTAAGTACAGTA-1,0.9959466683759107
AGCTGTACAAGATGCG-1,0.9959385482085349
AGCTGTAGTACGACCC-1,0.9958062180955402
AGCTGTAGTTCCAATG-1,0.9943236285697885
AGCTGTATCAAACCAC-1,2.6581946857447406e-68
AGCTGTATCGCTCGGA-1,3.549059921937549e-18
AGGACGAAGATTCCGT-1,0.994626473850236
AGGACGAAGGATCCTT-1,0.9842250777196233
AGGACGAAGGTCCTCG-1,0.996506316752714
AGGACGAGTCCTTCAC-1,0.9960902017548545
AGGACGAGTGGCCTCA-1,0.9941163187112656
AGGACGATCCAGAATC-1,0.9964843014230201
AGGACGATCTCTATTG-1,0.763684918368438
AGGCCCAAGCTAACAA-1,0.9955489758092868
AGGCCCAGTGTGAGGT-1,0.9961319894810562
AGGCCTGCACGATATC-1,0.996642801256355
AGGCCTGGTATGGGTG-1,0.02843893002984011
AGGCCTGGTCCGTAGC-1,0.8686391024003562
AGGCCTGGTGGTTCTA-1,7.031331134325376e-11
AGGCCTGTCACCCGGA-1,0.9957667697325696
AGGCGAAAGGGAGATA-1,0.9954768471997355
AGGCGAACAACGGACA-1,4.909513351413808e-13
AGGCGAACAAGTTGCT-1,0.9953287302088127
AGGCGAACATAGACGG-1,0.9966117175792631
AGGCGAAGTCGTCGCA-1,0.9919836475326291
AGGCGAAGTCTGCGCA-1,0.9965458500515039
AGGCGAAGTTAGCTCA-1,0.9964054346401151
AGGCGAATCCGGAAAG-1,0.9955810774244617
AGGCGTCCACGATTAC-1,0.9966373851757347
AGGCGTCGTCGCTACG-1,0.9952181033685152
AGGCGTCGTCTCTAAG-1,0.9948964660765416
AGGCGTCTCAGGTTTG-1,4.938411246043007e-16
AGTCAACAGTTCCCGG-1,0.99632805474752
AGTCAACGTATCTGCA-1,3.1481305190770705e-69
AGTCAACTCGCACCTT-1,3.783471745706365e-94
AGTCCGGCAGGATGTG-1,0.9953729795330297
AGTCCGGCATAGATAG-1,0.7686761196714726
AGTCCGGGTTAGTAGA-1,0.005261637838272351
AGTCCGGTCCTAAGTG-1,0.9962632980794173
AGTCCGGTCCTGGAAT-1,0.703709141966986
AGTCCGGTCTATCTTG-1,0.9804063072407783
AGTCCGGTCTGAACGT-1,0.9931460885184263
AGTCCGGTCTGAGTCA-1,0.9948668866001442
AGTGCCGAGACACGGT-1,0.9937461787989907
AGTGCCGGTTCCAATG-1,3.0399525874602677e-06
AGTGCCGTCCTCAAGA-1,0.9964579623144549
AGTGCGCAGGACTAGC-1,7.778884962289883e-74
AGTGCGCAGTTCGACT-1,0.9932909282403706
AGTGCGCAGTTGACAA-1,0.9963377239953428
AGTGCGCGTAGGGTTG-1,0.9962317015796112
AGTGCGCGTTCCAGTA-1,0.9944574520560807
AGTGCGCGTTGCTTGA-1,0.6515338672222205
AGTGCGCTCAATTCCT-1,0.9960142181279458
AGTGCGCTCATGCTTT-1,0.9959674938997763
AGTGCGCTCGCCTTAC-1,0.9931653657264737
AGTGCGCTCGTATAGC-1,6.99577836487499e-13
AGTGCGCTCTTGTCGC-1,0.9943769365647058
AGTGTACCAAAGCTTC-1,0.9962669933689815
AGTGTACTCGGCTATA-1,0.9958300967688116
AGTTACGAGGAATGGA-1,0.9965121568300187
AGTTACGAGTCTGCTA-1,0.9958919456907251
AGTTACGAGTGTCACT-1,0.9942130173950584
AGTTACGCACTCGTGG-1,0.9959998533650556
AGTTACGCATCATCGA-1,0.9935614598175148
AGTTACGTCCTAAAGC-1,0.9954833076558577
AGTTACGTCGCTAGTA-1,0.9962694304645927
AGTTTGGAGGCAGTAC-1,0.9934450950889426
AGTTTGGAGTATCTGC-1,0.9964642969544333
AGTTTGGCACTAAACC-1,0.996260689613929
AGTTTGGCAGGGTACA-1,0.9782428039503541
AGTTTGGGTAATGTAG-1,1.2198874587162839e-74
AGTTTGGGTATCTCAG-1,5.506504440272241e-73
AGTTTGGGTTGTGAGG-1,0.9962390287912892
AGTTTGGTCGATAGGG-1,0.9964445307940439
ATAGGCTAGAAGCCTG-1,0.9959552205760307
ATAGGCTCACACTAGT-1,0.9962865194958311
ATAGGCTGTAGATTAG-1,0.9960448940225236
ATAGGCTGTGGCATAG-1,0.9952181867583986
ATAGGCTGTGTTAGAA-1,0.0051965202154171395
ATAGGCTGTTCCCTTG-1,0.9953543395436394
ATAGTCGCATATAGAG-1,1.570296564112173e-73
ATAGTCGTCAATTCCT-1,0.996397554373299
ATAGTCGTCTGACTTT-1,0.9964173219026544
ATATTCCAGAACCCGA-1,0.9962217688452869
ATATTCCAGAGGAACA-1,0.996632084770158
ATATTCCCAGCAACCC-1,0.9965621000528623
ATATTCCGTACGGAGT-1,0.9826704765883678
ATATTCCGTTCACGTA-1,0.9328939536119762
ATATTCCTCGCTTCAC-1,0.9961264956317216
ATCCAGAAGATGGGTC-1,3.428355818537868e-29
ATCCAGAAGTGCTGAG-1,0.9963906502215997
ATCCAGACATGTCCCT-1,0.9963882912957553
ATCCAGAGTACTTGAC-1,1.3338734641082495e-82
ATCCAGATCAAGGCCC-1,1.5972396194140138e-34
ATCCCTGAGCAGTAGC-1,0.9958660590613044
ATCCCTGAGGCTCAGA-1,0.20164177539798336
ATCCCTGCACGCTAAT-1,0.9960268054975034
ATCCCTGCATGTAGAA-1,0.9905435654647553
ATCCCTGGTGATTCCA-1,4.1666196685250804e-76
ATCCCTGTCACTCCCA-1,0.9822019560683761
ATCCCTGTCTCCCTTT-1,0.9935496843669305
ATCCCTGTCTGTCGGG-1,0.9963932747630256
ATCCTCGAGAATACTG-1,7.196405288119541e-28
ATCCTCGAGCTATCCA-1,0.9958612365214194
ATCCTCGAGGAAACTT-1,0.9961009715422173
ATCCTCGAGTGGACGT-1,0.995932676560895
ATCCTCGGTAGAAAGG-1,0.2126997012234616
ATCCTCGGTATCCCTC-1,3.833773084460624e-64
ATCCTCGTCGGATAGG-1,0.9960274110337879
ATCCTGCAGATTCCGT-1,0.9944573365433244
ATCCTGCAGGAAGGTA-1,0.9959310985023645
ATCCTGCAGGGTAATT-1,3.757540498716447e-26
ATCCTGCCAGGACTGA-1,0.9965492576064706
ATCCTGCTCAGTCACA-1,0.9965208503872753
ATCCTGCTCTGTGTCC-1,0.9964400063649391
ATCGAGTAGCCAGAAC-1,0.9935311582369766
ATCGAGTCAGCACATT-1,0.9859258035980715
ATCGAGTCAGTATCTG-1,0.7891286372327045
ATCGAGTGTCACATTG-1,0.9954432934256321
ATCGAGTGTGCGTTTA-1,0.9952972472610431
ATCGAGTTCGCTAGTA-1,0.9964918061120843
ATGCATGAGCTCCATA-1,0.9964707232343905
ATGCATGCAAGGTTCT-1,1.6575215583054854e-57
ATGCATGCATCCTCGT-1,0.9959913122643648
ATGCATGGTAAAGGCC-1,0.996561056665801
ATGCATGGTCATTGGT-1,4.755069346277226e-68
ATGCATGTCGATAGTC-1,0.9965891469348325
ATGCATGTCTAGTCGA-1,0.9948852782070967
ATGGATCAGATGGGTC-1,1.9960045193459972e-76
ATGGATCCATCCTGGG-1,8.238586613567188e-13
ATGGATCGTTTCGTTT-1,0.9924597712280614
ATGGATCTCTCTGTTA-1,0.9962816476763267
ATGTACGAGAGAGTTT-1,0.9958567999858597
ATGTACGAGTGATCTC-1,0.9943150702822678
ATGTACGCATTTGTTC-1,0.9959062763043316
ATGTACGGTCCATTGA-1,3.1676770292376575e-25
ATGTACGTCCAGGTAT-1,0.9956665553281819
ATGTACGTCTAGTCGA-1,4.203053508700776e-21
ATGTACGTCTCCTTGG-1,0.9923430640202874
ATGTCGACAGCGCGTT-1,0.9958286209455164
ATGTCGACAGGCATTT-1,0.9920662417202332
ATGTCGAGTAATGCCT-1,0.9963006775127624
ATGTCGAGTGCTTCCT-1,0.9934936113727466
ATGTCGAGTTTCTACT-1,0.9723519448578901
ATGTCTTAGACACAAT-1,0.9921955436713128
ATGTCTTTCGAGCGCT-1,0.996309793123586
ATGTCTTTCGGTAGGA-1,0.995585980407511
ATGTTTCAGAAGAGTG-1,0.9958241236850665
ATGTTTCAGATGGGAA-1,4.545094932413048e-37
ATGTTTCAGTGAATAC-1,0.9963434559516988
ATGTTTCCACCTCGTT-1,0.9952820485339281
ATGTTTCCAGGCAGAT-1,0.9946754365824775
ATGTTTCGTACGCCCA-1,0.9965490990753486
ATGTTTCGTTTAAGGA-1,5.211289876739151e-132
ATGTTTCTCGATGCAT-1,0.9964140423780613
ATGTTTCTCGTTCTAT-1,0.995346078826805
ATTACCTGTAGTAACA-1,0.9962664314547943
ATTACCTGTCCGTGCA-1,0.9855645985904663
ATTACCTTCTGGGCGT-1,0.9687471029018595
ATTACTCAGCTTACCA-1,0.9965409021533468
ATTACTCCAAGTGGCA-1,0.9881076950002661
ATTACTCCAGGATGTG-1,0.9958913020401002
ATTACTCGTTTGTGAC-1,0.9933486640656237
ATTACTCTCAGATACC-1,0.966426417524489
ATTACTCTCTAGTCGA-1,0.9947466727048617
ATTACTCTCTCTGCGT-1,1.2195732708777472e-59
ATTCGTTAGACACTTC-1,0.9957526396034841
ATTCGTTAGAGCCACA-1,2.101988791829456e-40
ATTCGTTCAAGCGTCC-1,0.9959895639636581
ATTCGTTGTGATCAGG-1,0.9959463868203643
ATTCGTTTCTGGTACA-1,0.9937683012675663
ATTGTCTAGAAGGGCG-1,0.9963682605592727
ATTGTCTCACGCTCAG-1,1.0153712519841646e-07
ATTGTCTTCCCACTTG-1,0.9966428369845536
ATTGTGGAGACGAAAG-1,0.9961900208534294
ATTGTGGCAAGGACCA-1,0.9964374913402896
ATTGTGGTCGCTTACC-1,1.422493848527912e-93
ATTGTGGTCTTCCACG-1,2.0898990912422308e-15
ATTTGTCAGGCAGTGT-1,0.9963615059493456
ATTTGTCCAATTCTCT-1,0.9965185326852944
ATTTGTCCAGGTCCTG-1,0.9958930480246873
ATTTGTCCATAGATAG-1,0.9959723025915538
ATTTGTCGTTAGGCTT-1,0.9963504541902511
ATTTGTCGTTGAAGCG-1,0.9943722436718327
ATTTGTCGTTTAGGAA-1,5.196329782028669e-65
ATTTGTCTCGTTACAG-1,8.916760153849899e-46
CAAAGCTCACAAACAA-1,0.9944852685211457
CAAAGCTCACCGTCTT-1,0.996578796739132
CAAAGCTCACGATATC-1,0.9949175193940843
CAAAGCTGTAACATAG-1,2.4334744281125942e-59
CAAAGCTGTGCAAGCA-1,2.8132954226922887e-72
CAAAGCTTCCAATAGC-1,0.9965007914819685
CAAAGCTTCCACGCTT-1,0.9881551663113715
CAACCAAAGACCGCAA-1,0.8956999398794716
CAACCAACACGCGTTG-1,0.5988715448272265
CAACCAACATCACAGT-1,0.9966062045997667
CAACCAAGTCCACCAG-1,0.9965054647874847
CAACCAATCCGATGCG-1,0.9958983016068985
CAACCAATCCGTGCAG-1,0.996180939812753
CAACGGCAGGCAGTGT-1,0.9957578893321009
CAACGGCAGTCCAGAG-1,0.9955771793577143
CAACGGCCATCCTGGG-1,4.2716058036737464e-10
CAACGGCGTAGCGAGT-1,1.002809277994941e-14
CAACGGCTCCAGCACG-1,0.9951457992444098
CAACGGCTCCATACGA-1,0.9961855612417806
CAACGGCTCGGAGTTT-1,0.9963999157761716
CAACGGCTCTCCAACC-1,0.9929188520748093
CAACGGCTCTTCTCTC-1,0.9955352235157451
CAACGGCTCTTGTACT-1,2.4446966637286724e-30
CAACGTACACTAAACC-1,0.9882781115611591
CAACGTACATGTAGAA-1,0.9944244108451697
CAACGTAGTCACTCTC-1,0.9951523538574403
CAACGTAGTCAGAAGC-1,0.9963635032068529
CAACGTAGTTGTGACT-1,0.9941491536599345
CAAGAAAAGGTTCGTT-1,8.796085457949738e-62
CAAGAAAAGTAGGTCG-1,0.9961276541229795
CAAGAAACAACGCACC-1,0.996621236425922
CAAGAAACAGGCATTT-1,8.657284371833475e-78
CAAGAAACAGGTTATC-1,1.422336340228694e-36
CAAGAAAGTTACTTTC-1,0.9895949974070098
CAAGAAATCATGTTCT-1,0.9952312804436351
CAAGAAATCTATGAGC-1,0.9954951178151084
CAAGCTACACTGCTCT-1,0.9314360360618038
CAAGCTACAGCGTAGA-1,0.9949527502800357
CAAGCTATCCATAACG-1,0.8914807743062904
CAAGGCCCAAGGATGC-1,0.9942969421982825
CAAGGCCCACTTATGG-1,3.9327522501600513e-42
CAAGGCCGTCTAAGAA-1,0.9959154309479236
CAAGGCCTCCAATAGC-1,7.387858757709749e-39
CAAGGCCTCCTAAGTG-1,0.9964695512143752
CAATCCCAGAAATACC-1,0.9946963884128008
CAATCCCCAAGTCCTA-1,0.9964795619631864
CAATCCCCAAGTTCGT-1,0.992436355727712
CAATCCCGTACGGATG-1,0.9965452668666449
CAATCCCGTGAGGGTT-1,9.349091151633553e-05
CAATCCCGTTTCGACA-1,0.994706366221371
CACAACACAAGGACCA-1,3.109871747338044e-23
CACAACAGTATGGGTG-1,0.9939735004783777
CACAACATCATCGCTC-1,0.9941732447980378
CACAGATAGTTGACAA-1,0.9957022475549048
CACAGATCATGTCCCT-1,0.9911738746308261
CACAGATGTAACGTAA-1,0.9958614116497564
CACAGATTCACAGGGA-1,4.0079519717809164e-85
CACAGATTCCCTAAAG-1,0.9958579577698695
CACAGATTCCGTTAGA-1,0.2443313061852279
CACAGATTCGCTACCT-1,0.9920697988917384
CACAGATTCGGGTCCA-1,0.9944558889146314
CACATGAAGACCAATA-1,0.9957746555726107
CACATGAAGAGCGAAA-1,0.982382880523225
CACATGAGTCATTGGT-1,0.9966061519825539
CACATGATCCATTGTT-1,1.0751895850085336e-126
CACATGATCCGTACGG-1,2.7898328908076367e-29
CACCACTAGACACAAT-1,0.9963404542416753
CACCACTAGGGTCTGA-1,0.9962169742266253
CACCACTAGTGCAACG-1,0.9955754879221717
CACCACTCAAGACTAA-1,0.9954717216731067
CACCACTCAAGGAGGG-1,0.996248042731025
CACCACTGTAGCCATT-1,0.9964798510085678
CACCACTGTTTCCACC-1,0.990704302162597
CACCACTTCTCGCGTT-1,1.2743591190453316e-64
CACCTGTAGAAATTCG-1,0.9963972594079519
CACCTGTAGACTAGCG-1,0.9950922565702542
CACCTGTAGCCATTCA-1,0.9955931747476249
CACCTGTAGGCACCTC-1,0.9959568720399999
CACCTGTCACGTGAAG-1,2.0127164371814457e-61
CACCTGTGTGCCCTAG-1,0.9833921611723323
CACCTGTTCAAACCCA-1,0.9911512442311031
CACCTGTTCCAACGCG-1,0.9858722696510057
CACCTGTTCTACATCT-1,0.9841555382532579
CACCTTGAGACGCCCT-1,0.9958986613083067
CACCTTGAGGCATGCA-1,4.059228757890101e-24
CACCTTGAGGGCTTCC-1,8.52438179820672e-35
CACCTTGCAGAGATGC-1,0.9842353006323172
CACCTTGGTACTAGAA-1,6.4250880879059095e-65
CACCTTGGTAGTAACA-1,0.984310454286618
CACCTTGTCCAAGAGG-1,0.9926710326582316
CACCTTGTCCATACCC-1,0.9959274731495389
CACCTTGTCCATCATT-1,0.9945401086119265
CACCTTGTCCGTTAGA-1,1.2054468245526008e-10
CACCTTGTCTGATCTT-1,0.9906379457433557
CACGTTCAGAACGCCA-1,0.9954340976483487
CACGTTCAGATGGGTC-1,0.9963614878603286
CACGTTCCAACTCGAT-1,0.99664166021679
CACGTTCTCCGTTAGA-1,0.9953077316909398
CACGTTCTCTACCCGT-1,0.9961042965897382
CACTAAGAGGAATGGA-1,0.9962573351075694
CACTAAGCAAATAGTG-1,0.996549203646487
CACTAAGCAGCCACGT-1,3.7207446974701235e-76
CACTAAGGTCGAGGAT-1,0.9961336222247795
CACTAAGGTGGCATAG-1,0.9876419033802495
CACTAAGGTTTCCACC-1,6.275222752428062e-66
CACTAAGTCTCGGCGA-1,0.9959203077762718
CACTGAAAGGAGGCGA-1,0.9715968252522283
CACTGAACAACTCGTA-1,0.995278458740954
CACTGAACACGTTGTA-1,6.765635622910114e-51
CACTGAACAGGCATTT-1,0.9950367296556081
CACTGAAGTAGGGTCA-1,4.3337955182564e-32
CACTGAAGTGTCCAGC-1,0.9950647033393397
CACTGAATCCCGAAGC-1,2.0653941383010715e-64
CACTGAATCGCGCCAA-1,0.2535359102234584
CACTGAATCTACCCGT-1,0.9936944443933888
CAGCCTTGTCCCTTTG-1,0.9923730873783608
CAGCCTTGTGGCATAG-1,0.9653463659421051
CAGCCTTGTTCCAGTA-1,0.99527585075204
CAGCCTTTCGCTACCT-1,0.9965793981766013
CAGCCTTTCGTATAGC-1,0.9954531349502815
CAGCCTTTCTTAACGG-1,0.9961155943767807
CAGCTAAAGACGCCCT-1,0.996538692810596
CAGCTAAAGGTTGTGG-1,0.9965858639015923
CAGCTAAGTTAGAGAT-1,0.9961087753057165
CAGCTAATCTAGTCGA-1,0.9940555340608976
CAGCTAATCTTTATCG-1,0.9957344879763901
CAGCTGGAGTAATGTG-1,5.801632225007908e-06
CAGCTGGAGTGGTGTG-1,0.995748700686161
CAGCTGGCATCTGCAA-1,0.9961982682562932
CAGCTGGGTCATTGCA-1,0.995038418774237
CAGCTGGGTGTTGTTG-1,0.9515239107832404
CAGCTGGTCAAAGTAG-1,0.9961303543846091
CAGCTGGTCCTATCCG-1,0.00035289863245856955
CAGCTGGTCGATAGGG-1,0.9962469965717924
CAGCTGGTCTAAACGC-1,2.255093147521828e-08
CAGCTGGTCTGAGTAC-1,0.9951643455148856
CAGGATTAGTAGGTCG-1,0.9953080568204576
CAGGATTCAACTAGAA-1,0.8388319468192836
CAGGATTCAAGGATGC-1,0.995630008749056
CAGGATTGTAGAAAGG-1,5.272015638334731e-55
CAGGGCTGTATTCGCA-1,0.9950333185237787
CAGGGCTGTCACATTG-1,0.9949021663869562
CAGGGCTGTTGTGAGG-1,0.9937035598987705
CAGGGCTTCCGTGCAG-1,0.9826385962590304
CAGGGCTTCCTCCATG-1,0.9960740840182366
CAGTATGAGAGTGGTC-1,5.7607060485401885e-21
CAGTATGAGCTAGCAG-1,0.9947412322243073
CAGTATGCACAAACGG-1,0.9567659686044987
CAGTATGCACGATATC-1,6.115030582147786e-09
CAGTATGGTAATGTAG-1,1.6124737389059586e-111
CAGTATGGTCTGGGAA-1,0.9958723418327231
CAGTGCGAGTTACACC-1,0.9961225933954289
CAGTGCGCAACTACTG-1,0.996190592205047
CAGTGCGGTACCCATA-1,0.995511695995231
CAGTGCGGTGCGACCT-1,0.0002501552732289393
CAGTGCGGTTCTACGA-1,3.9430350983130203e-33
CAGTGCGTCGATAGGG-1,0.9955933099609678
CAGTGCGTCGCAACTA-1,0.9959525175922376
CAGTGCGTCGGTCAGC-1,0.9952423170990131
CAGTGCGTCTTCCACG-1,0.9960675586312723
CAGTGTAAGTAGTGTA-1,0.9963343150959176
CAGTGTAAGTTAGCAA-1,0.9961540129645461
CAGTGTAGTGAATGTA-1,0.6207518484456304
CAGTGTATCGCCAGAC-1,0.9951436961442349
CATAACGAGTCCGATT-1,0.9942784162923274
CATAACGCACAGGTAG-1,0.9946785035370355
CATAACGCAGTATACC-1,1.015110285664975e-39
CATAACGGTCAGACGA-1,9.037543573404252e-97
CATAACGGTTACACTG-1,0.9666306888045796
CATGCCTAGAGCGGTT-1,0.9959868008854736
CATGCCTAGCAGAAAG-1,0.9958354282104567
CATGCCTAGTGAGCTG-1,0.9852844251382551
CATGCCTAGTTCGCGC-1,0.9966656415116142
CATGCCTCACGATTAC-1,1.349483523522871e-54
CATGCCTCACTCCACT-1,0.9961631577736421
CATGCCTCAGAGCCAA-1,3.0240324186731117e-31
CATGCCTCATCGAGTT-1,0.9964526475406436
CATGCCTGTATTTGCG-1,0.996206131899161
CATGCCTTCCATTGTT-1,1.6428647416002325e-15
CATGCCTTCGAAGCCC-1,2.497401449224724e-68
CATGTTTAGTCACACT-1,0.9957549708767882
CATGTTTAGTCTAGAA-1,0.9962293615414091
CATGTTTAGTTGGAAT-1,0.996364765687789
CATGTTTCAAGCAACG-1,4.769596023914002e-120
CATGTTTGTACGGATG-1,0.9963099009007044
CATTCATAGACGCCCT-1,0.9961673148339532
CATTCATAGTGGGACT-1,5.732557215231996e-19
CATTCATCATCACAGT-1,0.9966474397912901
CATTCATGTGAGTCGA-1,0.9963957169914919
CATTCATGTGCTTGAT-1,0.4730541834876647
CATTCATTCAGTAGTC-1,0.994049974308144
CATTCATTCGTTACAG-1,1.1138322757059284e-46
CATTCATTCTGGACAT-1,2.2297093797429453e-22
CATTCCGAGCTATCCA-1,0.996063177164238
CATTCCGCAACTAGAA-1,0.9959514203785099
CATTCCGGTTGGCGAA-1,0.994613308950885
CATTCCGTCAGGCGCT-1,0.8412353636559657
CATTCCGTCCGGCTGA-1,0.9886411671830407
CATTGGAAGAGTGGAA-1,0.9963432128711572
CATTGGAAGTTTGGAA-1,0.9780818030072542
CATTGGACATAGAATG-1,5.614528246664749e-79
CATTGGAGTACATGGG-1,0.9965627155633963
CATTGGATCTTACCTA-1,0.9962889566596862
CCAATGAAGCGCATTT-1,0.9950254598227364
CCAATGAAGTGATCTC-1,0.9956409356581131
CCAATGACAGTCAGAG-1,0.9916779728614011
CCAATGAGTATTCTCT-1,0.995649557434606
CCAATGATCACCCTTG-1,0.9966774038092094
CCAATGATCCAAACCA-1,0.9959697614736557
CCACAGGTCCTGTAGA-1,0.9964332872747611
CCACAGGTCGAGAAGC-1,0.9965019385325014
CCACAGGTCGATGTAC-1,0.9959129704677284
CCACGTTTCCATCGAA-1,0.9962373894743309
CCAGAATAGGAAGAAC-1,0.6291858559967414
CCAGAATAGGTCTTTG-1,3.3195017222130725e-34
CCAGAATAGTGGACGT-1,0.9942642845722792
CCAGAATCACTCCCAT-1,0.9962085095664138
CCAGAATCAGCCACGT-1,0.9962081157381928
CCAGAATGTATGCTAC-1,0.9944657587811936
CCAGAATGTCCTCAGG-1,0.9965855584506129
CCAGAATGTGGTAAGC-1,0.9957892566030486
CCAGAATTCAGTCACA-1,1.046135322154049e-76
CCAGAATTCCATTGAG-1,0.9965910884934608
CCAGATAGTCATGAGG-1,0.9958942144535231
CCAGATAGTCCAAGAG-1,1.1873885856114598e-55
CCAGATAGTTCTGAGT-1,0.9963799209961144
CCAGATATCGCCTTAC-1,0.9956300000643147
CCAGATATCGTATAGC-1,0.9963022863500117
CCAGATATCTTTCGAT-1,2.3953591571892764e-56
CCATACCAGTCGTACT-1,0.9831010034862241
CCATACCCACTCCTCA-1,2.246555880666898e-98
CCATACCCAGCTTACA-1,0.9961060988924086
CCATACCGTAGCGGTA-1,0.9957353365800579
CCATACCGTTGGCGAA-1,0.9956183035987558
CCATACCTCGAAGCCC-1,0.9913459993447507
CCATACCTCGATGTAC-1,0.9961609881655771
CCCACATAGATTCCGT-1,0.9966040027899689
CCCACATCAAGACACG-1,0.9965614981755273
CCCACATGTACGCAAG-1,9.079650491762337e-81
CCCACATGTCAACGGA-1,0.9957954936855677
CCCACATTCAGAATGA-1,0.9938994053398221
CCCAGAGAGGGTAATT-1,0.9964151772451548
CCCAGAGCACACACAT-1,0.9929556846012966
CCCAGAGCAGAACAGC-1,0.9964580684134633
CCCAGAGCATGGTAAA-1,0.9905950958343934
CCCAGAGGTATATGGA-1,0.99617474692663
CCCAGAGGTTTGTGAC-1,1.8674166264220196e-13
CCCGTTAAGATCTCAC-1,0.9893288880114715
CCCGTTAAGGCCTCTG-1,0.08174103660165381
CCCGTTAAGTGAAACT-1,1.7937008907747872e-70
CCCGTTACAAGGATGC-1,0.9896778490068978
CCCGTTAGTCTCGGGT-1,0.8726370854772343
CCCGTTATCCGGCTGA-1,0.9958141374745347
CCCGTTATCTATGAGC-1,2.8993696086901767e-28
CCCTAACAGGTAGGCT-1,0.9966333929163704
CCCTAACCAACTTGGT-1,0.9942255168829764
CCCTAACCATCCCGGA-1,0.9961466968038196
CCCTAACCATCCGTGG-1,0.9849392322291382
CCCTAACGTCAGAGTG-1,2.270767562960507e-62
CCCTAACTCACCCGGA-1,0.9955763507781286
CCCTAACTCGTCTTAT-1,5.478440221575875e-39
CCCTAGTAGACTAGGC-1,0.9809521903202287
CCCTAGTAGATGAGGA-1,0.9872724543310254
CCCTAGTAGGGCTTCC-1,0.9199285303926065
CCCTAGTAGTAGCAAT-1,1.9902085542074753e-74
CCCTAGTAGTTCGACT-1,0.9960048538021997
CCCTAGTCAGCGCGTT-1,0.9959316199484101
CCCTAGTGTCTGGTTA-1,0.060273196642971746
CCCTAGTGTGCATTCA-1,9.017500921426492e-33
CCCTCTCAGACGCCCT-1,0.9959058069164359
CCCTCTCAGAGTTTGA-1,0.9963103211104719
CCCTCTCAGTCGTATC-1,1.1880741039042418e-73
CCCTCTCCAACTTGGT-1,0.9960272364943548
CCCTCTCCAGCAACAG-1,0.8203406015371979
CCCTCTCGTAGTGATA-1,0.9960933507186477
CCCTCTCGTGCCGGTT-1,0.9956956010712563
CCCTCTCGTTCTTATC-1,7.73111858089573e-86
CCCTCTCTCGAGTGTT-1,5.167205203828614e-62
CCCTCTCTCGATATGC-1,0.9550401941028264
CCCTGATAGAATATCG-1,0.9966394403329467
CCCTGATAGACCATAA-1,0.9942781018183481
CCCTGATCACTCGGAC-1,4.842637926531262e-13
CCCTGATTCTCTATTG-1,0.9607557648018745
CCGAAGCGTGCAGACA-1,0.996134593961422
CCGAAGCTCAGAACGG-1,0.9797806401774405
CCGAAGCTCTGGGCGT-1,0.995095588604892
CCGCATTGTAGCGTTT-1,0.9897540472631048
CCGCATTTCTATTGTC-1,1.343354408835656e-65
CCGTACTAGCGTCAAG-1,0.9638166247946388
CCGTACTCAATGTGCT-1,0.995664566139569
CCGTACTCACTGCTCT-1,0.9953693345780921
CCGTAGGCACCATTCC-1,0.9942530509220366
CCGTAGGGTACCGGCT-1,0.9962449525225243
CCGTAGGGTATCTCAG-1,1.5816918384656006e-58
CCGTGAGAGATCGATA-1,1.191890903544452e-31
CCGTGAGAGTCGGGAT-1,2.548099337651436e-18
CCGTGAGTCCATACCC-1,4.4274399215558493e-76
CCGTGAGTCTCTGTTA-1,0.9951613213581704
CCTAAAGAGACGCCAA-1,0.9944610361577351
CCTAAAGAGGCAGTGT-1,0.9959854798109953
CCTAAAGAGTCTGCTA-1,0.9965713679570836
CCTAAAGGTCACAGGA-1,0.9900386151893987
CCTAAAGTCAGTACAC-1,2.837444824735053e-90
CCTATTAAGCGATACG-1,0.9833707706466331
CCTATTAAGCGTCTGC-1,0.9807073046456072
CCTATTAAGGCACTAG-1,7.989697923337158e-31
CCTATTACACCACAGC-1,7.859444728145259e-59
CCTATTACAGACCTGC-1,0.002201253835324047
CCTCCCTAGTACCCAT-1,0.9936160685161161
CCTCCCTTCGGTACTA-1,1.7947443236113674e-15
CCTCCCTTCGTCTTAT-1,0.9945264767353822
CCTCCCTTCTTCCACG-1,0.9958238779391553
CCTGCTAAGCATTCCA-1,0.9816482437118332
CCTGCTAAGTGAAACT-1,0.9958544836244935
CCTGCTACACATTCTT-1,0.9963620740015194
CCTGGGAAGTGAGTTA-1,0.9959333433373629
CCTGGGAAGTGTCGCC-1,0.9960413325162837
CCTGGGAGTCCTATTT-1,0.996156185679212
CCTGGGAGTTAACCGT-1,7.864892932078047e-57
CCTGGGATCCCATAGA-1,0.9964398144444154
CCTGGGATCGGGAAAC-1,0.9961982533297733
CCTGGGATCTGAGTCA-1,0.9963385335169653
CCTTAATAGACCAATA-1,0.9962095388676734
CCTTAATAGGCGTAGT-1,0.9960644329092985
CCTTAATAGGTTCTCA-1,0.9932616011250351
CCTTAATCAGTATACC-1,0.9944877665292805
CCTTAATCATCCTCGT-1,0.8645228765359555
CCTTAATTCCCGTATC-1,0.9963857156720151
CCTTAATTCGGGAATG-1,0.9935607998495569
CCTTAATTCGTGATAC-1,0.9961857614353335
CCTTGCAAGGTGATGC-1,1.389061959603276e-60
CCTTGCATCCCAGCGA-1,0.9901845142392474
CCTTGCATCGGGACAA-1,0.9966245376191022
CCTTGGTAGTTGCTTG-1,1.0528208743550182e-45
CCTTGGTCACAAGGGT-1,0.9961494286926244
CCTTGGTCATGCACTA-1,0.9830070157689293
CCTTGGTGTACGAGAC-1,0.995858699078763
CCTTGGTGTAGCGTTT-1,0.9964639424049181
CCTTGGTTCTTCCACG-1,0.9958689053932124
CGAGTTAAGGCAAGGG-1,0.9951776235244745
CGAGTTAAGTTGCTTG-1,0.9963915039839374
CGAGTTACAAGTAATG-1,0.9966799071483745
CGAGTTAGTACCTATG-1,0.9965901421007988
CGAGTTAGTATTCTGG-1,8.791642302856417e-22
CGATGATAGAGAGTAG-1,0.15731874153204953
CGATGATAGAGGAATG-1,0.9964107667434426
CGATGATAGCTCCATA-1,2.2852265382528665e-15
CGATGATAGCTTACCA-1,0.9948552430514085
CGATGATAGGTACTCT-1,0.9954973495690179
CGATGATAGGTAGGCT-1,0.9929768050775195
CGATGATAGTAGCAAT-1,0.9929446311341501
CGATGATAGTCCGGAA-1,4.70149177804564e-28
CGATGATAGTCTGGGA-1,0.9964000941528752
CGATGATGTATCTAGC-1,6.28331187860369e-78
CGATGATGTTTGAAGA-1,0.995654664479167
CGATGATGTTTGCGAT-1,0.9957352107326192
CGCAATAAGACCGCAA-1,0.9964699354354477
CGCAATAAGATGTTGA-1,0.9956579919696087
CGCAATACAAGACACG-1,0.9963359253539918
CGCAATACAAGGATGC-1,0.9952436522183968
CGCAATACACTCCTCA-1,0.9950501623353659
CGCAATAGTATCACAC-1,1.1596705002301132e-25
CGCAATAGTATCAGCT-1,0.22853765541162013
CGCAATAGTCAACTGT-1,1.2290270642609576e-83
CGCAATATCAGAGTGG-1,0.9947067167907845
CGCACAGAGAATATCG-1,0.9945710118503329
CGCACAGGTTCAGTTG-1,0.9965703106303038
CGCACAGTCATACTTC-1,0.9963321015594155
CGCAGGTCAATTCAGC-1,8.874249640543593e-33
CGCAGGTCAGCTTACA-1,4.803793769029806e-106
CGCAGGTTCACCCTTG-1,2.020952142075121e-87
CGCAGGTTCTTTATCG-1,0.9966682835006151
CGCGCAAAGATAGGTT-1,0.9957796854538646
CGCGCAACATACTGCA-1,0.9958055431504876
CGCGCAAGTCCGTAGC-1,0.9958883313619248
CGCGCAAGTGATGCGA-1,0.9959341628660068
CGCGCAAGTTTAGAAG-1,0.9962739108676847
CGCTAGGAGCTGCCAC-1,0.9935781751289602
CGCTAGGGTCACTCTC-1,5.074719992639866e-09
CGCTAGGGTCTAAGAA-1,0.9952396386758884
CGCTAGGTCGACTGGC-1,0.9954937248780091
CGCTAGGTCGGATCGC-1,3.422466179000899e-05
CGCTAGGTCTACATCT-1,8.589636289688084e-46
CGCTATCAGGAGACTC-1,0.9944531688598105
CGCTATCAGGTGATGC-1,0.9956915942081916
CGCTATCAGGTTAGTA-1,0.9965004803831162
CGCTATCCAAGCAGGT-1,0.9937672731256758
CGCTATCCAAGGCGTA-1,0.994658770040486
CGCTATCCACACATGT-1,0.99441994053321
CGCTATCCACCTGTGG-1,0.9960898551646576
CGCTGGACAAGTTGCT-1,0.9851468609771451
CGCTGGACACGTGAAG-1,0.9956153674442507
CGCTGGAGTGATAGAT-1,0.9960549092786579
CGGACCAAGGCACCTC-1,0.9961865541139104
CGGACCAAGTGAGCTG-1,0.9742953164591868
CGGACCACAAGGGAGG-1,0.9247569547062544
CGGACCACACACTAGT-1,0.9860525676718732
CGGACCAGTACGTAAA-1,0.8613580858749139
CGGACCATCGCCGAAC-1,2.385164713171374e-110
CGGACTGCAATTCGTG-1,3.3526904265929645e-33
CGGACTGCATACCCGG-1,0.9957179548676849
CGGACTGCATCTCACC-1,0.9957697282699052
CGGACTGGTCAGGTGA-1,0.9826710231757801
CGGACTGTCTGAACGT-1,0.993350364991513
CGGACTGTCTTACTCA-1,0.9959996593396
CGGTGCAAGGACTAGC-1,0.9962433850957272
CGGTGCAGTAGTCTGT-1,0.6873243768652907
CGGTGCAGTTTGAAGA-1,4.431042498848506e-66
CGGTGCAGTTTGTGAC-1,0.9962292532170752
CGTAAACAGCTCCGGT-1,0.9950624933086387
CGTAAACCAATAGCGG-1,0.9957780519044116
CGTAAACGTAAGCCGA-1,0.994429433095897
CGTAAACGTGATAAGT-1,0.9948061046804417
CGTAAACTCCATTGTT-1,0.9961502913561798
CGTAAACTCCTGGAAT-1,1.5628996747331879e-68
CGTACAAAGCTACGCC-1,0.9923726858216163
CGTACAACATTACCTT-1,0.9965378842591264
CGTACAAGTTTCGACA-1,1.898026985399283e-42
CGTACAATCGCCTTAC-1,0.9965657316398582
CGTACAATCTATATCC-1,6.862437511828222e-05
CGTGGCAAGACGTCAG-1,0.9957492784092746
CGTGGCAAGTTGACAA-1,0.9965510286900885
CGTGGCACAAGGAAGA-1,7.532462283971951e-50
CGTGGCAGTAAGCCTT-1,0.9940629107944643
CGTGGCAGTCTTAGCA-1,0.9755458277672516
CGTGGCATCAGCCGGT-1,0.9891617989526512
CGTGGCATCTACTTTG-1,0.996407721604652
CGTTCCAAGGATGTCG-1,0.9965541802444391
CGTTCCAAGTACAGTA-1,0.9955716449982994
CGTTCCAAGTTCAACC-1,0.9965242573069969
CGTTCCACAGATACAA-1,0.9792554215817951
CGTTCCAGTATGGATA-1,4.127537922830522e-30
CGTTCCAGTATTCGCA-1,0.9966710159433564
CGTTCCAGTGCTTACA-1,0.9778583661949948
CGTTCCATCTGTTGCC-1,0.8723768229224419
CTAACTTAGGCAGTGT-1,0.9935220130169827
CTAACTTCAGTAGTTC-1,0.9838126050936045
CTAACTTGTATCACAC-1,0.9966756036062943
CTAACTTGTCTCTGGG-1,0.8883288722400061
CTAACTTGTTCCTATT-1,0.9954407279753518
CTAACTTTCCAATAGC-1,8.46954100468067e-66
CTAACTTTCCGCCTAT-1,0.995999643697815
CTAACTTTCGCGCTGA-1,0.9727383543196979
CTACAGAAGCCTTTGA-1,0.9963060123861953
CTACAGACAAACCTAC-1,0.9956991938715922
CTACAGAGTTATAGAG-1,0.9958742321322669
CTACAGATCAGAATGA-1,9.658645478232722e-40
CTACTTAAGTGGGACT-1,0.6803663175624932
CTACTTACAATTGGCT-1,0.9965855513280315
CTACTTACAGGCAGAT-1,0.995278164311615
CTACTTACATCGGCTG-1,0.9939139250097788
CTACTTAGTACCGGCT-1,0.9943633026026708
CTACTTAGTACGGAGT-1,0.9956705986792073
CTACTTAGTATCAGCT-1,0.9956800804361091
CTACTTAGTGAGGGTT-1,0.9958657945050489
CTACTTAGTGCTGTGC-1,6.933186320885948e-31
CTACTTAGTGGGTAGT-1,1.4386929135829665e-97
CTACTTAGTGTCGTGC-1,0.9964172775466873
CTACTTATCGATGTGT-1,0.9960285574300978
CTACTTATCGCTACCT-1,0.996485816652148
CTAGCGGCAAGGCGTA-1,0.9932916681718541
CTAGCGGCAGTGCTCG-1,1.3586944955733565e-44
CTAGGATAGGACTTTC-1,0.9959681497290644
CTAGGATCACCTGAAT-1,0.8613616600806672
CTAGGATCAGGGAGTT-1,0.9955986849308113
CTAGGATGTAATGCAA-1,0.9877325565950399
CTAGGGCCAGGTAGCA-1,0.9950231792464591
CTAGGGCTCCAGGGAA-1,0.9777060161516034
CTAGGGCTCGGTCCGA-1,0.995167681920217
CTCAACCAGGTCGTTT-1,6.45230042954399e-120
CTCAACCAGTGGTGTG-1,0.9799455433283479
CTCAACCCAACAAACA-1,0.9961221811953901
CTCAACCCAGTTGGAG-1,0.9916965184368057
CTCAACCTCCGGCGAT-1,0.2877932779460545
CTCACCAAGCTAGTTC-1,0.9931597986090652
CTCACCAAGGCAGTAC-1,1.1037060173157924e-33
CTCACCACATGACTGT-1,7.912187699896131e-35
CTCACCAGTAGCGGTA-1,0.9960293480191745
CTCACCAGTCCCTTTG-1,0.9854423405916811
CTCACCAGTTACTTTC-1,2.081674521675831e-60
CTCACCATCTATTTCG-1,5.609588816518637e-43
CTCAGAACAAACGTTC-1,0.010544414978290681
CTCAGAAGTACGCAAG-1,3.9176876701769624e-69
CTCAGAAGTGCACCCA-1,0.996452989298621
CTCAGAATCCGAATTG-1,2.460205882047336e-110
CTCAGAATCGAAGCCC-1,1.5789348564777806e-26
CTCAGAATCTCTTCCT-1,0.9864596040592835
CTCAGCTAGTCAACTC-1,1.2376762784310362e-102
CTCAGCTGTTCCATCC-1,0.9763598444931743
CTCATGCAGAAGAGTG-1,0.9958735664181164
CTCATGCCAGGTAGGT-1,2.2440030029331647e-61
CTCATGCTCCTCATTA-1,0.99582689111875
CTCCCAAAGCTACGTT-1,0.9911442383554292
CTCCCAAAGGTCTTTG-1,0.995982674381991
CTCCCAAGTTCCTGTC-1,0.9963582365795243
CTCGCTAAGAGACTCG-1,0.993801906572608
CTCGCTAAGAGCCACA-1,0.9385262999941691
CTCGCTAAGCCCATGC-1,0.9943063540708441
CTCGCTACATGGGTGA-1,0.9963506763325507
CTCGCTAGTCAACTAC-1,2.1632617557818446e-76
CTCGCTAGTCATAGAA-1,0.9949227928509063
CTCGCTATCAAAGTAG-1,0.9952269230864976
CTCGCTATCTGCGTCT-1,0.9959104689759712
CTCTACGAGTAGTTCC-1,0.9962384549847556
CTCTACGAGTGCTAGG-1,0.9815966815945915
CTCTACGAGTTCCCGG-1,0.9959103709269544
CTCTACGCAAGGAAGA-1,3.432208337735787e-64
CTCTACGGTATCAGCT-1,0.9962404837339599
CTCTACGTCCCACTAC-1,0.9962198939936902
CTCTACGTCGCCACTT-1,1.0868661893934099e-47
CTCTAGCAGGAAGGTA-1,0.9959018487218735
CTCTAGCAGTAACTCC-1,7.073491786036083e-64
CTCTAGCAGTCAGCCC-1,0.9923545406796348
CTCTAGCCAAATGCTC-1,0.9806712529343512
CTCTAGCCAATCACTG-1,0.9964988779339404
CTCTAGCTCCCGTAGG-1,3.829719822518825e-77
CTCTAGCTCCGGGCAT-1,0.9957772654354278
CTCTCAGAGAATGCTA-1,0.9961445900735111
CTCTCAGAGAGGAATG-1,0.9962767264173156
CTCTCAGAGTTCCAGT-1,0.9952496439348689
CTCTCAGCACCTGAAT-1,0.9952958861414573
CTCTCAGCACTCGTGG-1,0.9959678571562177
CTCTCAGCATTGTGAC-1,0.8202333440784033
CTCTCGAAGACACTTC-1,0.9961008780738517
CTCTCGACACCGTTGG-1,0.9848881734261214
CTCTCGACACTAGGAG-1,0.9959567828426038
CTCTCGAGTGCTGTGC-1,0.9966155908421234
CTCTCGAGTGTCTACA-1,7.69572658593429e-47
CTCTCGATCGACTTAG-1,0.9937830535989417
CTGAATGAGTACAGAT-1,8.873230485436215e-114
CTGAATGCAAAGAGAG-1,0.996604214659482
CTGAATGCATCGCCTT-1,0.9941306767567639
CTGAATGGTGCGTTTA-1,0.9961759190400978
CTGAATGGTTCAGTAC-1,0.9948657253473882
CTGAATGGTTGCAGAG-1,0.9943650988266514
CTGAATGTCCATGACA-1,0.9959824733583266
CTGCGTTGTGCGCTCA-1,0.9962294849633822
CTGCGTTGTGTCTACA-1,0.9886753170290105
CTGCGTTTCAAGGCCC-1,0.996378667419419
CTGCGTTTCAGCGGTC-1,0.9964742342715033
CTGCTCAAGGGTTCTT-1,0.9962745694630302
CTGGCAGAGCAGAATT-1,0.9955417865504543
CTGGCAGCATAGCCAT-1,0.9956003727180355
CTGGCAGCATCCGTAA-1,0.9957378467676924
CTGGCAGGTCGGCTGT-1,0.9961249471662126
CTGGCAGGTGAGTAAT-1,0.987457070438061
CTGGCAGGTGCACTTA-1,0.9903778076766503
CTGGCAGGTGGAAAGA-1,4.5226801599492166e-33
CTGGCAGGTTCTGATG-1,0.9957876318101642
CTGGCAGGTTGGCGAA-1,3.4821946343684746e-115
CTGGCAGTCAATTCCT-1,0.9953814587000293
CTGGCAGTCCCAATGA-1,0.942437497085664
CTGGCAGTCGTGGCGT-1,0.9959210797061293
CTGGCAGTCGTTGTTT-1,0.9961155985178852
CTGGGACAGGAGAACA-1,0.995641730072154
CTGGGACCATCGAGTT-1,0.9965957983819967
CTGGGACCATCGTGAT-1,0.9960391188529389
CTGGGACTCGAGCGCT-1,0.9945789241338318
CTGGGACTCGAGGTAG-1,0.9932998985274113
CTGGGACTCTGAAAGA-1,0.9961468256525603
CTGTATTAGCCGCAAA-1,6.823332214595265e-126
CTGTATTAGCCTTTGA-1,0.9961777500314071
CTGTATTAGTAATCAG-1,5.1533495348920814e-08
CTGTATTAGTGAATAC-1,0.9962993231977042
CTGTATTCAGGGTAAC-1,0.9961982663884478
CTGTATTCATCATGTG-1,0.9899252771812033
CTGTATTTCGCTATAG-1,0.8686525115687689
CTGTTCGAGGTGTTGG-1,0.9936258810052532
CTGTTCGCAGTAACTC-1,0.9948510275442478
CTGTTCGCATTAAGGA-1,7.665300960813608e-79
CTGTTCGCATTAGCAC-1,0.9932588029604342
CTGTTCGGTCCCGTGA-1,0.9829714355280583
CTTAATCCAGCGCGTT-1,0.992468207060572
CTTAATCCATAGACGG-1,0.9782683525856581
CTTAATCGTGTACGCC-1,0.986694844082565
CTTAATCGTTAGGCTT-1,0.9945392502795379
CTTAATCTCGCTATAG-1,0.9958728862333184
CTTAATCTCTGGCACG-1,5.506239198255009e-75
CTTCCAGAGACTCTTG-1,0.9539434242132941
CTTCCAGAGATTAGAC-1,2.8343507386645058e-42
CTTCCAGAGCGTGTTT-1,0.9964527749967186
CTTCCAGAGTCCTTCC-1,0.9962540219938486
CTTCCAGCATCGGCCA-1,0.9952351814002415
CTTCCAGGTCATTGCA-1,0.9932090254609672
CTTCCAGGTGATAGAT-1,0.9962306652048654
CTTCCAGGTTTCGATG-1,6.398688870807135e-16
CTTCCAGTCCGAGGAA-1,0.996489805196202
CTTCCAGTCGCTTGAA-1,0.9911837105643002
CTTCTAAAGACGACTG-1,0.9955312329447634
CTTCTAACATGTGAGG-1,0.996650982033194
CTTCTAAGTGGAAGCT-1,0.9959354042064142
CTTCTAATCCCAGCGA-1,0.9912844630867305
CTTGAAGAGGAGACTC-1,0.9965742531675656
CTTGAAGAGTTAGCGG-1,0.9827994076627777
CTTGAAGCAAGTCTGT-1,0.9918229507368139
CTTGAAGCACTGTTAG-1,1.595601978709063e-30
CTTGAAGGTGGGTAGT-1,7.553370622029628e-103
CTTGAAGTCAGGGTTT-1,0.9959969406984294
CTTGAAGTCTGATCTT-1,0.8387089755344417
CTTGCCAAGAGCGAAA-1,3.7710767689256234e-06
CTTGCCAAGATATGAC-1,0.9576366011371473
CTTGCCAAGGGAAATG-1,0.9963351302048672
CTTGCCACACGTTACA-1,0.9959093478467085
CTTGCCAGTATCTAGC-1,0.996342145255701
CTTGCCAGTCAGGCTC-1,3.682420044414782e-29
CTTGCCAGTCTGTGTA-1,0.996583071645248
CTTGCCAGTTACGGAG-1,0.9963402819229786
CTTGCCATCCATCGAA-1,0.9946533552748761
CTTGCCATCGACCCGA-1,0.9965904636031231
CTTGCTGAGCTATCGT-1,2.0596195954074195e-68
CTTGCTGCACTAAACC-1,0.9948613748866727
CTTGCTGGTAAGTGCG-1,0.993682440108966
CTTGCTGGTCAGCTTA-1,0.9956962833850914
CTTGTCGAGACACTTC-1,0.9957032150984767
CTTGTCGAGACTTCCA-1,1.2664171612636212e-51
CTTGTCGAGGCTTCGC-1,0.9964514410238707
CTTGTCGAGGTCTTTG-1,0.994846114777776
CTTGTCGAGTTACACC-1,2.831137692341097e-63
CTTGTCGCACATCATG-1,0.9966874780423425
CTTGTCGGTACGCAAG-1,0.9919373524750088
CTTGTCGGTCCAAGTT-1,0.9963634145311998
CTTGTCGGTCGTAATC-1,7.443471051665408e-49
CTTGTCGGTGGTAGAC-1,0.9958243667149098
CTTGTCGTCAGAATGA-1,0.9957405377236646
CTTTGCGCAAGGAGGG-1,0.9961876600799342
CTTTGCGCAGTTGCAT-1,0.0747552351602824
CTTTGCGGTCATAAGA-1,1.408401389645348e-19
CTTTGCGGTCCGTCGA-1,0.9944974356901443
CTTTGCGGTTGGGAAC-1,5.812210711604645e-53
CTTTGCGTCCAATAGC-1,0.9867318226165467
CTTTGCGTCTTGCGCT-1,0.9048421464572092
GAAACAACATTATGGC-1,0.9966224058551659
GAAACAAGTGACAAGC-1,0.9958532483801824
GAAACAAGTGCAGACA-1,0.9964636708075874
GAAACAATCCTCCTGA-1,0.9934265302757038
GAAAGTACAGATAAGT-1,0.9963212075239258
GAAAGTAGTTTGCCCT-1,0.9955488170800998
GAAAGTATCTCGCGTT-1,0.04664809421007103
GAAATGAAGCTGCTCG-1,9.88863355949517e-126
GAAATGACAGGTCTGC-1,0.995822291222168
GAAATGAGTCAGTGTT-1,0.9959753283446628
GAAATGAGTTAAGGGC-1,0.9961888827674485
GAAATGATCAGGAATA-1,2.8235129874751798e-43
GAAATGATCGATATGC-1,1.0215242760764579e-52
GAAATGATCGGTTAGT-1,0.9916012350322783
GAACCGCCACATTCTT-1,0.996253110285948
GAACCGCGTATTGTGC-1,0.996448953866939
GAACCGCGTCAAACAA-1,0.996394419270976
GAACCGCGTTTAGGAA-1,0.9883083605371392
GAACCGCGTTTCGACA-1,0.9960649702964169
GAACCGCTCCCTACGT-1,2.4094848212154253e-78
GAACCGCTCGAGAAGC-1,0.9839245579493201
GAACCGCTCGCACCGA-1,0.9937530327281762
GAACCGCTCTATGAGC-1,7.618632306260518e-45
GAACCTAAGACTTCCA-1,0.994348400763471
GAACCTAAGGTTGTTC-1,0.9954577262203644
GAACCTAAGTACTCTG-1,0.9964010565599186
GAACCTACAACTCGAT-1,3.733314627735278e-61
GAACCTACATAGACGG-1,0.6960046980305177
GAACCTACATAGATAG-1,0.995160067826943
GAACCTAGTACCCATA-1,0.9958838398719163
GAACGTTCACAGTTCA-1,0.9960323973880557
GAACGTTCACATATCG-1,3.260966949317433e-36
GAACGTTCACCGATCG-1,0.9957272432338989
GAACGTTGTTAGGCTT-1,0.9964752310065207
GAACTTGAGATATGTG-1,0.9965911466569675
GAACTTGAGCTCGTTA-1,1.2192820964704542e-86
GAACTTGAGGGTCTGA-1,0.9960267009640948
GAACTTGGTACGTAGG-1,0.9875892080974377
GAACTTGGTAGTGATA-1,0.9962332913013876
GAACTTGGTCAACTGT-1,0.9934909135007475
GAACTTGGTCAGACGA-1,0.995788122027855
GAACTTGTCGAGAAGC-1,2.2647633233759355e-92
GAACTTGTCGCAGATT-1,0.9958932841045754
GAAGAGCAGAGAAGCA-1,0.9965342616244185
GAAGAGCGTTGGTAAA-1,0.9957141328917105
GAAGAGCTCCCATAGA-1,0.996525644546724
GAAGTCTCAGGTGGTA-1,0.07061409167978223
GAAGTCTGTGGACCAA-1,0.9932219013236553
GAAGTCTTCTCTGCGT-1,2.336314234870796e-69
GAAGTGGAGCAGGAGG-1,0.9725289723647729
GAAGTGGAGCCTATAC-1,1.857396869138934e-84
GAATCTGAGGTAAGTT-1,0.9965772440466928
GAATCTGCACCGTTGG-1,0.9962876982346001
GAATCTGGTTTGCATG-1,5.819172881711055e-95
GAATCTGTCCTTTGAT-1,0.9961529624070022
GAATCTGTCTTGCGCT-1,0.9962831613955089
GACCAATAGGCAGTAC-1,0.9964907678406117
GACCAATCAAAGCATA-1,0.9715271188300704
GACCAATCACACACAT-1,0.9962348699096347
GACCAATCACGCGTTG-1,0.9958001665985533
GACCAATGTAACCGAG-1,0.18015130686711595
GACCAATGTCACATTG-1,0.9057727124521947
GACCAATTCGATATGC-1,0.9961032804322449
GACCAATTCGATCTTT-1,0.9924218758988704
GACCAATTCGGAAAGC-1,0.9962952679531631
GACCAATTCGTCTTAT-1,2.4297549622932483e-24
GACCAATTCGTGCTTC-1,0.9961271534646309
GACCCAGAGCGGACTA-1,0.9841811937218169
GACCCAGAGGCACTAG-1,0.9966507306173494
GACCCAGCAAGAAACT-1,0.9961643275620955
GACCCAGCAGATAAGT-1,0.9962342150664264
GACCCAGGTAGGTAAT-1,0.9964182997782808
GACCCAGGTCAGGCTC-1,0.9834618755203837
GACCCAGGTCCGTAGC-1,0.9956142419844821
GACCCAGTCCACGCTT-1,0.9958401067124157
GACCCAGTCGGGTCCA-1,0.9965630327169058
GACCGACCAAACTACC-1,0.9951133343139583
GACCGACCATAGCCGC-1,3.0910909653277834e-05
GACCGACTCATCGCCT-1,0.9964178898943109
GACCGACTCCCTACCA-1,0.9948425861065914
GACCTTCCAATAGCGG-1,0.9959589755595811
GACCTTCCAATCATCG-1,0.9965947606067743
GACCTTCCACCGTTGG-1,0.9955152497716999
GACCTTCCACGGCCAT-1,0.9964557982034301
GACCTTCGTCCGAGCT-1,0.9966468680883672
GACCTTCTCACTAGGT-1,0.9953395134876718
GACCTTCTCCGAGGAA-1,2.2069056438872147e-32
GACTAACCAATGATGA-1,0.9961411871902933
GACTAACTCGCACCGA-1,0.9880823141711926
GACTAGTAGGTTCGTT-1,0.9931310278456684
GACTAGTCAGGACTGA-1,0.9960381904735468
GACTAGTTCGCAAACT-1,0.9159361373278032
GAGAACGAGCCTATAC-1,0.9911375330869031
GAGAACGAGCCTTTGA-1,0.9904745879839472
GAGAACGAGTCTCCAA-1,0.9947034449030201
GAGAACGCAACGTACT-1,2.0629167722007745e-67
GAGAACGCACCACAGC-1,4.408899276520344e-27
GAGAACGCACCTCGTT-1,0.9963554539967988
GAGAACGCATGATCGT-1,0.9965317387803513
GAGAACGTCTCTTCTC-1,0.9952281204213058
GAGACTTAGAGGAATG-1,0.9937009441718525
GAGACTTCATAGTCCA-1,0.996628091786462
GAGACTTGTAGGTAAT-1,0.995930350566993
GAGACTTGTCAAACAA-1,0.9426983736235371
GAGACTTTCGACTTAG-1,0.9946564716653996
GAGATTCAGGGATCCA-1,0.551199920461709
GAGATTCAGGGTCTGA-1,0.9909715917842645
GAGATTCCATTCGTCC-1,0.9328776798495794
GAGATTCGTATTGTCG-1,0.9565043780240465
GAGATTCGTCCCGAGT-1,5.000937722542522e-87
GAGATTCGTCCGTAGC-1,0.9945166066219981
GAGATTCTCGATAGCT-1,0.996676790911328
GAGATTCTCGTGCTGG-1,0.9943621017919582
GAGCATTAGAGAACCC-1,0.996104590018888
GAGCATTAGTGAACCG-1,0.9961472072071993
GAGCATTCATCGCCTT-1,0.9959382703739138
GAGCATTGTTGGCTTA-1,0.9966553983062952
GAGCATTTCCACACCT-1,0.9962351241061054
GAGCGCTAGTCGACCC-1,0.9964448012754605
GAGCGCTCAAGTTCGT-1,0.9955401799877959
GAGCGCTCAGGCATTT-1,0.9960658524431599
GAGCGCTCAGGTAGGT-1,0.9956898895897737
GAGCGCTGTGAGGTCA-1,0.00027582396235724805
GAGCGCTGTGATGCGA-1,0.9961645555533548
GAGGATGAGAGCCACA-1,0.9964372812671877
GAGGATGCAACGGGTA-1,0.9961344071630138
GAGGATGCACTAGGAG-1,0.2556164359063081
GAGGATGGTCAAGACG-1,0.9960273028510054
GAGGATGGTTCTGATG-1,0.9895851438268454
GAGGCTCAGGTACATA-1,0.9965450978369964
GAGGCTCGTAACGGTG-1,0.9963261280143572
GAGGCTCGTGAGGGTT-1,0.9955643939202828
GAGGCTCGTTCGGGAA-1,0.9887156067128452
GAGGCTCTCGCGTGAC-1,5.205559534879163e-53
GAGGTCCCAGAACAGC-1,0.8922119486909523
GAGGTCCCATCTCTCG-1,0.9964926426197742
GAGGTCCCATGTGGGA-1,0.9963607946958468
GAGGTCCGTGGACAGT-1,0.9964377093426293
GAGGTCCTCGTGATAC-1,0.9956752039360031
GAGTGAGAGAGACTCG-1,0.9958674898336732
GAGTGAGAGGAGTACC-1,0.9955538321465509
GAGTGAGGTTGCCGCA-1,1.7786602346052432e-68
GAGTGAGTCCTTACGC-1,0.9126892327593568
GAGTGAGTCTGAGTCA-1,0.9953038836333578
GATCATGAGTGATATG-1,0.9955490017654174
GATCATGCAAAGAAGG-1,1.7388132198881647e-11
GATCATGCAACAAACA-1,0.994287037200294
GATCATGTCTTGCGCT-1,0.993890406106707
GATCGTAAGATAGGTT-1,0.9962193161016204
GATCGTAAGCGAGCTA-1,0.9953989727791622
GATCGTAAGGATTGAT-1,0.9964485426709152
GATCGTAAGGCCTCGT-1,0.9965655211557162
GATCGTAAGGTACATA-1,1.427995703892954e-47
GATCGTAAGTCGTGAG-1,0.9966769324912825
GATCGTACACATTGCA-1,1.6611828508233397e-37
GATCGTACACGCGATC-1,0.994767707878124
GATCGTACATGCGTTA-1,0.9857725313061881
GATCGTAGTACTAGAA-1,0.9962243636540249
GATCGTAGTGAATACA-1,0.9961991136845245
GATCGTAGTTCTCGAA-1,0.9947751543197357
GATGATCAGGAAGAAC-1,0.9880151198002193
GATGATCAGTCTAGAA-1,3.747036454726192e-17
GATGATCGTTACACTG-1,0.9962997861208771
GATGATCTCAAGGCCC-1,0.995488958538724
GATGATCTCGCAGATT-1,0.9962027603333551
GATGGCCAGAACTAAC-1,0.9962181499107139
GATGGCCCAAAGACGC-1,2.7153332165499276e-128
GATGGCCCATGTATCG-1,0.9958996953936305
GATGGCCGTACTTGAC-1,0.9948313950830386
GATGGCCGTCCTATTT-1,3.75434759760512e-66
GATGGCCTCCGATGCG-1,0.060293209794614194
GATGGCCTCTATAGGC-1,0.9953008407096049
GATGGCCTCTTTATCG-1,0.9965141239411766
GATTAGCCAACTACTG-1,0.9946670450656715
GATTAGCCAGCGTACC-1,0.9934212394738345
GATTAGCCATTAACGC-1,0.9934894163683351
GATTAGCGTTTCTACT-1,1.5644824908308154e-87
GATTAGCTCTATCTAC-1,7.919946038993217e-38
GATTGACAGGCCAGTA-1,0.9955675671317176
GATTGACAGGGAAATG-1,0.9421148885893369
GATTGACCAAGTCCTA-1,0.9962417410726836
GATTGACCAGCTTACA-1,0.9960780990866911
GATTGACGTCACAGGA-1,0.9922108960035683
GATTGACGTCATTGCA-1,0.9963345751349707
GATTGACTCGACTTAG-1,4.8460632161020504e-58
GATTGACTCTCTGACC-1,0.9947990953363247
GCAAAGGAGACTAGCG-1,7.153873482494695e-71
GCAAAGGAGCTCCGGT-1,3.231887877163651e-43
GCAAAGGAGGCCAATG-1,1.6457610259992202e-66
GCAAAGGAGTTCAGGG-1,3.187607273292938e-58
GCAAAGGTCAATTCCT-1,2.492840289005876e-65
GCAAAGGTCAGTCTTT-1,0.9840443552300799
GCAAAGGTCGATCTTT-1,0.9955318607061265
GCAAAGGTCGTGAGTT-1,2.304974490539152e-91
GCAACCGAGAGGAAGT-1,0.9963290089881356
GCAACCGAGGTTGTGG-1,0.9957896119692047
GCAACCGAGTCTCTAG-1,0.9956789289740239
GCAACCGCAGAACTTC-1,0.9957926851050438
GCAACCGTCGAGAAGC-1,1.5701066541880045e-17
GCACCTTCAAACCGAG-1,2.2673402815780196e-64
GCACCTTCAGTTAAAG-1,0.9962780158995956
GCACCTTGTTACACTG-1,1.5902032103477512e-34
GCACCTTTCAGTTGAC-1,0.992070082527642
GCACGCAAGGGAAGCG-1,0.9867231596392799
GCACGCAAGTATGGGC-1,0.9958635785922156
GCACGCAAGTGAGCTG-1,1.4650879167785307e-36
GCACGCAGTGGAAGCT-1,0.9964680116017046
GCACGCATCACAGGGA-1,0.9961876511532591
GCACGCATCTAAACGC-1,0.9957174072468203
GCACGGTAGAGGAATG-1,0.9958235784526528
GCACGGTAGCTAACAA-1,0.9960168667926976
GCACGGTAGCTCGTTA-1,0.9966702968016038
GCACGGTAGTGTCGCC-1,0.9964089038686472
GCACGGTAGTTCAGGG-1,0.9958081124233021
GCACGGTCATCATGTG-1,0.9963996033726348
GCACGGTGTAATGTGA-1,0.9959434574194688
GCACGGTGTGCCCGAT-1,0.9960203707825726
GCACGGTGTGGACCAA-1,0.9963892457104885
GCACGGTGTGGCCTCA-1,0.9927591065549194
GCACGGTTCCTTGACC-1,0.9964414091459793
GCACGGTTCGACCCGA-1,0.9956638785075748
GCAGATTAGGGTGTTG-1,0.9930999322015335
GCAGATTAGTTACCAC-1,1.4350757888105076e-47
GCAGATTCAAGCGGTA-1,0.9790889644422954
GCAGATTCACTCCTCA-1,0.9964147672302833
GCAGATTCAGCAGGTA-1,0.9965995417495739
GCAGATTCATTGCACA-1,0.9953837481874654
GCAGATTTCAAGAGGC-1,3.3511285296041615e-32
GCAGATTTCGACGGAA-1,0.9552771290751352
GCAGCCACAAGAGCGT-1,0.9957752879568298
GCAGCCACACTCGCAG-1,0.9894778175249376
GCAGCCACAGGCACAA-1,0.9939977526437798
GCAGCCAGTTGGGAAC-1,0.9947878486749122
GCAGCCATCGCGCCAA-1,0.9963858989517866
GCAGCTGAGACTTCCA-1,0.9945144307864361
GCAGCTGAGGCAAGCT-1,1.8508988416471224e-22
GCAGCTGCACCTATTT-1,0.9869625204817999
GCAGCTGCACCTGAAT-1,0.9965012277974898
GCAGCTGGTAATGTGA-1,0.9965034922982303
GCAGCTGTCCGCCTAT-1,0.9850574225688357
GCAGCTGTCTGGAAGG-1,0.9963444290625939
GCATGATAGCCCATGC-1,0.9964398211834107
GCATGATCATGGGTGA-1,0.9959550955431193
GCATGATCATTATGGC-1,3.0891882824100577e-108
GCATGATGTGGCCTTG-1,0.7959984798304464
GCATGATGTTCCCGGA-1,0.9960375311291064
GCATTCCTCACGTGTA-1,2.2690371138298856e-52
GCATTCCTCATTCGGA-1,0.9957271659808266
GCATTCCTCCCGGGTA-1,0.9964039410591431
GCATTCCTCCGAGAGA-1,0.9966411487482113
GCATTCCTCGTCTAGA-1,0.9947528676394558
GCATTGAAGACACTTC-1,0.9960582894582896
GCATTGAAGAGGAATG-1,0.996444103548244
GCATTGAAGCAGAAAG-1,0.9962552970957816
GCATTGAAGGTGTCGA-1,3.723881837557501e-55
GCATTGACACCTGTGG-1,0.9919107029493774
GCATTGACAGCCACGT-1,0.996000881268367
GCATTGAGTGCTTTGA-1,1.4741983646399428e-117
GCATTGAGTGGTGGTA-1,0.9959227542701519
GCATTGAGTTGCTTGA-1,1.3071288033038202e-47
GCATTGATCTTCCACG-1,0.9959645732060141
GCCAGACCAAATAGTG-1,4.720481198378491e-65
GCCAGACCACATTGCA-1,0.9962027211406218
GCCAGACCATTCGTCC-1,0.9829575932344619
GCCAGACGTAGTTTGC-1,0.9949021659105424
GCCAGCAAGAACTCCT-1,0.9950824081474658
GCCAGCAAGATGGCAC-1,0.9938909718042866
GCCAGCAAGCACACCC-1,1.897959086878143e-88
GCCAGCAAGGCAAGCT-1,0.9962739673133395
GCCAGCAAGGCTTTAC-1,0.9956854610486341
GCCAGCAGTAGGTAAT-1,0.9208717823821313
GCCAGCAGTATTGTGC-1,1.409542324025642e-57
GCCAGCATCAAGTTGC-1,0.0025348232736326594
GCCATAAAGAAGACTT-1,0.9952154168504577
GCCATAACAACTGCGC-1,1.5642133941159478e-20
GCCATAAGTACGGAGT-1,0.9958369904380022
GCCATAAGTAGCAGCA-1,0.9963478410201876
GCCATAAGTAGCATGG-1,0.911243427313878
GCCATAAGTCTTAGCA-1,2.3000777521305464e-39
GCCATAAGTTAGCTCA-1,0.9964096965590203
GCCATAAGTTTAAGGA-1,0.9961799701467504
GCCATAATCCGTCAAA-1,2.6105254491725527e-66
GCCATAATCTCCTTGG-1,6.884581007820308e-05
GCCCAGAAGTAGCAAT-1,0.9942766927881292
GCCCAGACACTCCCAT-1,0.9955171599828705
GCCCAGACATAAAGTG-1,0.9893268435226703
GCCCAGATCGCGCCAA-1,0.9944562966034153
GCCCAGATCTAGCAGT-1,0.9938376626176303
GCCCGAACAACTACTG-1,0.9935566382706829
GCCCGAACATCCCAAA-1,0.9955627182590817
GCCCGAACATGCTATG-1,0.9960259643286297
GCCCGAATCGTCTAGA-1,0.9961991218734232
GCCCGAATCTATATCC-1,9.637059061973903e-50
GCCCGAATCTTATCAC-1,5.104425485761776e-107
GCCTACTAGGTTAACA-1,0.9962610548185257
GCCTACTCAATGCCAT-1,0.00010961432975741079
GCCTACTCACACATGT-1,1.4257606029642644e-59
GCCTACTGTAACCGAG-1,0.6558925222243344
GCCTACTGTTGTATCG-1,0.9959061761031807
GCCTACTTCGATGTAC-1,0.9954888224984061
GCCTAGGAGATATGTG-1,0.9573415130044436
GCCTAGGAGCAGAAAG-1,0.029635964661008086
GCCTAGGGTAATGCAA-1,0.9959154253721378
GCCTAGGGTAGATTAG-1,0.982869260927041
GCCTAGGGTGGATTCT-1,0.9957774838930792
GCGAGAAAGAAGACTT-1,0.9932228829938173
GCGAGAACACTGAAGG-1,0.994417327440796
GCGAGAAGTCTGGTTA-1,0.9959164592016434
GCGAGAATCAGTACAC-1,0.000685513631505169
GCGAGTCAGAGAGTTT-1,0.9929972580948961
GCGAGTCAGTATAGTG-1,0.9964981376473666
GCGAGTCAGTCATCTG-1,0.9953829219003042
GCGAGTCAGTTGACAA-1,4.773738439444528e-12
GCGAGTCAGTTTACGC-1,0.9964173360748007
GCGAGTCCACATTCTT-1,0.995990352504101
GCGAGTCCATGGTATC-1,0.9730258648928436
GCGAGTCTCAGCACGC-1,1.1137587399742836e-57
GCGAGTCTCCGTGCAG-1,0.9960826016592077
GCGAGTCTCTCTCAAT-1,3.680989802916791e-05
GCGATCGAGAAAGGGT-1,2.9114185512933895e-58
GCGATCGAGAGGAATG-1,0.9948747884187168
GCGATCGAGGCAGTGT-1,0.9811107730732739
GCGATCGAGTAACACA-1,0.9675618604264014
GCGATCGCAATCATCG-1,0.9962431196148471
GCGATCGGTGTTGTTG-1,0.9944965666073866
GCGATCGGTTCCAATG-1,0.9958034795327964
GCGATCGTCGGTACTA-1,0.9944440158813643
GCGATCGTCTATCCTA-1,0.9962138796744422
GCGATTAAGACAGCTG-1,9.128085689061411e-35
GCGATTACAAGTCTGT-1,0.991546529881804
GCGATTACATGTAGAA-1,0.9957719775439409
GCGATTACATGTGAGG-1,0.7741053235847586
GCGATTAGTCACAGGA-1,0.9816437841969409
GCGATTAGTCACATTG-1,0.9935551556591997
GCGATTATCGAGAACG-1,0.9960758461149456
GCGATTATCTGGACAT-1,3.7815520619094997e-08
GCGCATGAGACCAATA-1,1.0644458607496999e-124
GCGCATGAGCTCGTTA-1,0.9960365389547544
GCGCATGCAAACTACC-1,0.9958740941740082
GCGCATGGTATGGGTG-1,0.996223608847667
GCGCATGGTTCAGAAA-1,0.9963298315211719
GCGCATGTCTAAGGTC-1,0.9923365532626836
GCGCCAACACTGTTAG-1,0.9953282271799957
GCGCCAAGTCTCTGCT-1,1.1732277516949004e-07
GCGCCAAGTGCCCGAT-1,0.9953435628193301
GCGCCAAGTTTGACCA-1,0.9933368435827259
GCGCCAATCCTTGACC-1,0.9881246462063907
GCGCCAATCTTCTTCC-1,0.9966233940022275
GCGGAAAAGCGATACG-1,2.0560936037434106e-93
GCGGAAAAGTTTGGAA-1,0.9959839188024044
GCGGAAACAGGACCTC-1,0.9964089120584041
GCGGAAACATCGGCCA-1,0.5164187713855405
GCGGAAAGTACCAAGG-1,0.9936081993271546
GCGGAAAGTACTTCGA-1,0.979658167285896
GCGGAAAGTTTAGACC-1,0.9945126798437847
GCGGGTTAGCAGAATT-1,0.9948211470272176
GCGGGTTCAAGATGCG-1,0.9878904520939118
GCGGGTTCAATCCATG-1,0.9813207670010772
GCGGGTTCATGTCCCT-1,0.9955421367879511
GCGGGTTGTCACAGTT-1,0.9960760880629539
GCGGGTTTCCAATCCC-1,2.4963695507846773e-41
GCGGGTTTCGAGGTAG-1,1.648747759013448e-41
GCGGGTTTCTGGCCAG-1,4.5069921850964344e-26
GCGGTGTAGACAGTGC-1,0.10819973869697062
GCGGTGTCAACGTCGC-1,0.9952629713062979
GCGGTGTCACATTGCA-1,4.315439904306064e-58
GCGGTGTCAGAGATGC-1,0.995359105372117
GCGGTGTGTTCCCTTG-1,0.9782515051966506
GCGGTGTTCGGGCTCA-1,1.9586543186219342e-08
GCGTAGCCAAGGTCGA-1,0.9950393930735045
GCGTAGCCAATGGCTT-1,0.9966358383931933
GCGTAGCCACAGTTCA-1,0.9966393857639886
GCGTAGCCATTTGTTC-1,0.9956810909384732
GCGTAGCGTACCTATG-1,0.8861427200971081
GCGTAGCGTCTGGGAA-1,0.9961108330856403
GCGTAGCGTTCAGTTG-1,0.995303137344159
GCGTTGGCAGAGTCGA-1,0.9956008393444201
GCGTTGGCAGGTGGTA-1,0.9907064424869891
GCGTTGGTCCAGGTCG-1,1.968875504222531e-68
GCGTTGGTCTGGCACG-1,0.9962339933897011
GCTCACTCATTGTTCT-1,4.053906233292465e-32
GCTCACTTCCATAGGT-1,0.9957546972156192
GCTCACTTCGGAGTTT-1,0.9963735197296791
GCTCAGGAGTCCGTGC-1,4.4923429335876513e-51
GCTCAGGCAGGCAGAT-1,0.9865723092558425
GCTCAGGGTCGCGCTA-1,1.2082191453126005e-32
GCTCAGGGTGCATTGT-1,0.9965475558769432
GCTCAGGTCATTCGGA-1,0.9951166889406122
GCTCCTAAGACTAGGC-1,3.888880853998423e-58
GCTCCTAAGTGAGTGC-1,0.9959809369023546
GCTCCTAAGTGCAACG-1,2.038916792902405e-24
GCTCCTACACAGGTAG-1,0.9962176385192433
GCTCCTACATTACTTC-1,0.9686603719962952
GCTCCTACATTGTTCT-1,0.9806726217780769
GCTCCTAGTACCAAGG-1,2.7096014345931712e-27
GCTCGAGAGCGCCTAC-1,1.146683290908975e-33
GCTCGAGAGTTGCTTG-1,0.978951534526221
GCTCGAGCACCCTTAC-1,0.9091478625126412
GCTCGAGGTCTAACCA-1,0.0008645106804337664
GCTCGAGGTTCGGGAA-1,0.9957748481193135
GCTCGAGGTTTCCGGG-1,0.9938524116513652
GCTCGAGTCGTGTGCG-1,0.9964769867715038
GCTGAGCCACCACGAC-1,0.9948090154899389
GCTGAGCGTTACTACG-1,0.9945966749859286
GCTGAGCGTTTCGATG-1,0.9957259800755635
GCTGAGCTCCAGGCCA-1,0.9954527260505142
GCTGAGCTCCTATCCG-1,0.971101282433419
GCTGCGAGTCGAGGTA-1,3.566002438900876e-16
GCTGCGAGTTCGGGAA-1,0.9958596246583404
GCTGCGAGTTGCAGAG-1,0.9860518776127707
GCTGTTCAGACAACGC-1,0.9964688284599822
GCTGTTCAGCTTACCA-1,3.3229648120927713e-79
GCTGTTCCATAGAATG-1,0.9939580886909428
GCTGTTCGTATTCGCA-1,0.9952178917921779
GCTGTTCGTGGTAAGC-1,5.300325255371631e-26
GCTTAAGTCACATTCT-1,0.9911707843850318
GCTTAAGTCTCGCGTT-1,0.9964471189837049
GCTTGCTCACAAGGGT-1,0.9952589460996085
GCTTGCTTCCCTAAAG-1,4.679535851576173e-25
GCTTGCTTCCTTGACC-1,0.9958562243078606
GCTTGCTTCTATGAGC-1,0.33234188836277606
GCTTTCGAGGTCTTTG-1,3.6458687070661015e-05
GCTTTCGGTCGCTACG-1,0.9965647358853439
GCTTTCGGTGCTTACA-1,0.9961921608926247
GCTTTCGTCGCTATTT-1,0.995432831907318
GCTTTCGTCTCTCAAT-1,0.9960356717684875
GGAACCCAGAGGCCTA-1,0.9964301909878722
GGAACCCAGGTTACAA-1,0.9957816777405735
GGAACCCCACCTGTGG-1,1.4142186034659787e-46
GGAACCCGTATCTAGC-1,2.3597092618661918e-11
GGAACCCGTCGAGGAT-1,0.9961742873458551
GGAACCCTCCCGTAGG-1,0.9953121809142035
GGAACTTAGCGTTAGG-1,2.9061841544031764e-42
GGAACTTAGGAAGAAC-1,5.428269184473103e-61
GGAACTTAGGATTGAT-1,0.9923435514078554
GGAACTTAGGCTGGAT-1,0.9964105128207595
GGAACTTGTATGGGTG-1,0.9708689437854938
GGAACTTGTCTGCGCA-1,0.9859321701274589
GGAATCTAGCAATAAC-1,0.9960076637094881
GGAATCTCACAGTTCA-1,0.9960000321790892
GGAATCTCATCCGTAA-1,0.9794160101558793
GGAATCTGTCAATCCA-1,0.9926120849025781
GGAATCTGTGATAGAT-1,0.9959465098524146
GGAATCTTCGTATAGC-1,0.9963797724645679
GGACACCAGGTCTTTG-1,0.9925270644273153
GGACACCAGGTTTCTG-1,2.0402442333890334e-79
GGACACCCAAGGAGGG-1,0.9790521659907372
GGACACCCACTGCTCT-1,0.9961667764314887
GGACACCGTCCCGTGA-1,0.9952792049748604
GGACACCGTCTGGTTA-1,4.437840517374812e-90
GGACACCTCAACACGT-1,0.9947993939172215
GGAGAACAGATTAGAC-1,4.674181251701141e-09
GGAGAACAGGGCTCTC-1,0.9679608651189748
GGAGAACCATGGGTGA-1,0.9950279186778365
GGAGAACTCGATGTGT-1,0.01763686603805417
GGAGAACTCGTCCCAT-1,0.9965778106665445
GGAGAACTCTGACATG-1,0.9961242017758921
GGAGGATAGTCGAGCA-1,2.1298199405594082e-47
GGAGGATCAGCACATT-1,0.9944360722076937
GGAGGATGTCACATTG-1,1.2772942280146478e-10
GGAGGATTCACCCTTG-1,0.993593925897975
GGAGGATTCCGCCTAT-1,0.9959034348189427
GGAGGATTCGTGCTGG-1,0.9949424805478649
GGAGTAGAGTCGCCTG-1,5.711469682217428e-58
GGAGTAGCAAGACACG-1,1.1214687289954984e-72
GGAGTAGCAGCAATGG-1,0.9959842241976427
GGAGTAGGTATGCTAC-1,0.9957601324456695
GGAGTAGGTTAGGCTT-1,0.9965145002343991
GGAGTAGTCTAGCAGT-1,0.9949151996704496
GGAGTAGTCTCAGATG-1,0.9963020061125025
GGAGTAGTCTTCTCTC-1,0.9962342869075506
GGATAGGAGACCAATA-1,1.0117695576154883e-54
GGATAGGAGGCTTCGC-1,0.9965126057463383
GGATAGGCATGACTGT-1,0.9936545413042451
GGATAGGGTTGGCTTA-1,3.98718904325899e-58
GGATAGGTCGTCTAGA-1,0.9956972359193026
GGATGAGAGAATCAGT-1,0.9964326302829395
GGATGAGAGACCCATT-1,0.9910379349812211
GGATGAGAGAGCTGTG-1,0.1797484509730332
GGATGAGAGTGAGTTA-1,0.994477432483986
GGATGAGAGTGTCGGA-1,0.9959986124576083
GGATGAGCAATGGCAG-1,0.9955750383355928
GGATGAGCACTGATAC-1,0.9963135333813604
GGATGAGCATGCGACC-1,0.9965038664617751
GGCACGTCAATAGCGG-1,0.9959749223198529
GGCACGTCATCCTCGT-1,0.9876819280636411
GGCACGTTCACCCGGA-1,0.651026596195011
GGCATTAAGAACAGGA-1,0.9952410945685142
GGCATTAGTCGAGAAC-1,0.9938998880423272
GGCATTAGTGAGTCGA-1,0.9958523565510747
GGCATTAGTTCCAATG-1,0.8831694801898302
GGCGAAAAGAACCCGA-1,9.611204550116455e-100
GGCGAAACAATGCATC-1,0.9938056453089423
GGCGAAACAATGTAAG-1,0.9896920001681299
GGCGAAAGTGTGTGTT-1,0.9965280727630662
GGCGTTGAGACGTCAG-1,0.9954669533965043
GGCGTTGAGAGATTAC-1,0.9953839176488182
GGCGTTGAGATAGGTT-1,0.9945561267320051
GGCGTTGAGCAATAAC-1,0.9957480291350259
GGCGTTGAGGGTGTTG-1,0.9964809314003058
GGCGTTGCACGCGATC-1,0.994390818878828
GGCGTTGGTCTAACCA-1,0.987040741215671
GGCGTTGGTCTGAGCC-1,0.9964859208744463
GGCGTTGGTTAGTAGA-1,0.9956326017107165
GGCGTTGGTTGTATCG-1,0.9954417929700787
GGGAACAAGCAGGACT-1,2.745477840911819e-30
GGGAACACAAGTGGCA-1,0.9963007634795552
GGGAACACAATGGTAA-1,0.9952973225559049
GGGAACACATGATCGT-1,0.9959677159855833
GGGAACAGTCAGCAAG-1,0.9960927014064413
GGGAACAGTGTGCGTC-1,0.9964851941812309
GGGACCTGTATCATGC-1,3.635126905449047e-86
GGGCCATAGCTGAAAT-1,0.9962428765751025
GGGCCATAGTCTGTGT-1,0.17938648411100924
GGGCCATAGTTGGAAT-1,0.9952869786500241
GGGCCATCAAGGCTTT-1,0.9743740925227429
GGGCCATCACGCCGAT-1,0.9959153141440247
GGGCCATGTCCAACCG-1,0.9330702418340476
GGGCCATGTTAGGAAT-1,0.9958549468789036
GGGCCATGTTGGACGA-1,0.9953753424269639
GGGCCATTCGACCCGA-1,0.9954783777502992
GGGTCTGAGTCAGGAC-1,0.9949762840376114
GGGTCTGCACGCGCAT-1,0.8779509132230073
GGGTCTGGTGCATTCA-1,0.9958636190931732
GGGTCTGGTGTAGGAC-1,0.9956718741742673
GGGTCTGGTTACCCAA-1,0.9962645220194354
GGGTCTGTCTCTGTTA-1,0.9950228790839637
GGGTGTCAGTCTGCTA-1,2.594405570768375e-51
GGGTGTCCACGCGATC-1,6.770848794347712e-66
GGGTGTCCACTCCACT-1,0.9961904904856752
GGGTGTCCAGGCTACC-1,0.9253874123989106
GGGTGTCGTTGTATCG-1,0.9957350231979741
GGGTGTCTCCTCTCTT-1,0.9954005235444396
GGGTTATCAGAATGCG-1,0.9965854942933691
GGGTTATCATTACCTT-1,1.1208807246551968e-43
GGGTTATGTAGATGAT-1,0.9966725807195911
GGGTTATGTGAGTAAT-1,0.9806212080142672
GGGTTATTCGGCTATA-1,0.9963126380115037
GGTACCGAGGCCAATG-1,0.9958335145931013
GGTACCGAGTGAGTTA-1,0.9924069262067949
GGTACCGCACTGTCAA-1,0.21468781587490732
GGTACCGCATCGAGTT-1,0.9924813887766412
GGTACCGGTAGCAGGT-1,0.9964835058033369
GGTAGGAAGAAGAGTG-1,0.9966665588149979
GGTAGGAAGCACGTAG-1,0.9721370614499832
GGTAGGACACAAGGGT-1,0.9953983593675513
GGTAGGAGTGCTGGCT-1,0.6579636095047935
GGTAGGATCCTCTCTT-1,1.9884390401696356e-99
GGTAGGATCGGTCCGA-1,0.9956526384468416
GGTCATAAGAGGCCTA-1,1.5400152763502974e-19
GGTCATACAGAACGAC-1,2.1543481134272853e-68
GGTCATACATAGGCGA-1,0.9951339829532813
GGTCATAGTTAGGCTT-1,0.9932842258702029
GGTCATATCCATATCT-1,0.9909659461010681
GGTCATATCCGGGCAT-1,0.9965867983627228
GGTGAAGAGCGCATTT-1,7.339168469402136e-46
GGTGAAGCAACGTAGG-1,0.9947991819062568
GGTGAAGCAAGCAATA-1,0.001326733875196498
GGTGAAGCATTCGTCC-1,4.948446796163319e-44
GGTGAAGGTAATGCAA-1,0.9960686673715682
GGTGAAGGTCTCGGGT-1,0.9908579090713374
GGTGAAGGTGCCCTAG-1,0.9962304515758349
GGTGAAGTCGGGCTCA-1,0.9956063793751219
GGTGAAGTCTCCTTGG-1,0.9926420303484266
GGTGAAGTCTGTTTAC-1,3.228793800907934e-79
GGTGCTGCACACACCG-1,0.9962879732612989
GGTGCTGGTACTTGAC-1,0.9961059951640807
GGTGCTGGTGCTGTCG-1,0.9961670738446812
GGTGCTGTCTTGCGCT-1,0.9882167286861363
GGTGTCGAGGTTGTTC-1,0.992784140406602
GGTGTCGCAAGGGTAC-1,0.9940135297172681
GGTGTCGCAAGTCCTA-1,7.290429335816015e-22
GGTGTCGGTACGTAAA-1,0.924060813961151
GGTGTCGTCATTCGGA-1,0.9891173012537152
GGTGTCGTCCATATCT-1,0.990926102501857
GGTGTCGTCTCGGCGA-1,0.9939665342275834
GGTGTCGTCTGCGTCT-1,0.9823077157686445
GGTTGCGAGAACAGGA-1,0.9958098003094333
GGTTGCGCAAATTGAG-1,0.9939046984135584
GGTTGCGCAACGCACC-1,2.6033904196325815e-51
GGTTGCGCACAAACAA-1,0.9957962280491479
GGTTGCGCATTATGGC-1,0.9957385923127767
GGTTGCGGTCTAAAGA-1,0.9911003829074682
GGTTGCGGTCTCTGGG-1,5.224756637791593e-39
GGTTGCGTCAGTGTGT-1,0.996464424935591
GTAATCGAGTCCGTGC-1,0.9960238618644964
GTAATCGCAGGCAAGT-1,0.9907261182851542
GTAATCGCAGTTAAAG-1,0.986740573385701
GTAATCGCATCGTACA-1,2.381606944630162e-56
GTAATCGCATGGCCTG-1,0.9951477103640128
GTAATCGGTGTCGTGC-1,0.9959505689617065
GTAATCGTCCCACTAC-1,0.8237575529261639
GTAATCGTCTAAGGTC-1,0.9964664863678262
GTAATCGTCTATCTTG-1,0.9712055672437249
GTACTTTCACTCAAGT-1,0.9944587379329493
GTACTTTCATGGTATC-1,0.9965140992635548
GTACTTTTCGTGCTGG-1,0.9960362605989578
GTAGACTCAATTAGGA-1,0.8108495090952736
GTAGACTGTCGAGGTA-1,0.9962625675691094
GTAGGAGAGAACCATA-1,0.9949500773453008
GTAGGAGCAAGCACTT-1,0.9951759672488162
GTAGGAGGTCCCTAAA-1,3.870556185287757e-57
GTAGGAGTCTCGTAGA-1,0.996250895269091
GTAGTACAGTCCGATT-1,0.9963719575996829
GTAGTACCACGCTGTG-1,0.9966525630746889
GTAGTACGTAGGGTTG-1,0.9952661905942255
GTAGTACGTATTGTCG-1,0.9961923428907058
GTAGTACGTCTAACCA-1,0.9667899750934797
GTCACAAAGGTCGTTT-1,0.6268862194140341
GTCACAACAGGATGTG-1,0.9944949192060875
GTCACAATCTTGTCAT-1,0.9966523376884061
GTCACCTAGCATTGGG-1,0.9961637019349675
GTCACCTAGCTTACCA-1,0.9956336243656649
GTCACCTCAAACCCTA-1,0.9959609395832407
GTCACCTCAAATGCTC-1,0.9964530948092836
GTCACCTCAAGGACCA-1,0.9914075966228945
GTCACCTCATGCCTTC-1,0.9961561599552631
GTCACCTGTAACGGCA-1,0.996495992517535
GTCACCTGTATATGGA-1,8.531784474931373e-19
GTCACCTTCAGGGTTT-1,0.996089966824746
GTCACCTTCGGAGTTT-1,0.9961231081546249
GTCACCTTCTGAAAGA-1,0.9915444600323474
GTCACGGAGCTACGCC-1,6.860195910217703e-64
GTCACGGAGTGTGTAA-1,0.9699318008898331
GTCACGGGTTTGATCG-1,0.9954518293264129
GTCACGGTCGGCTATA-1,0.9965414873076389
GTCACGGTCTGGGCGT-1,0.9889023931243426
GTCACTCCAGTGCGAA-1,0.9939346989759644
GTCACTCCATCCCTTG-1,0.9954399569026317
GTCACTCGTCCTTATT-1,0.9919147275427456
GTCACTCTCGTCCCAT-1,0.9852994427143725
GTCCATCAGTACAGTA-1,0.9710329012376413
GTCCATCAGTGAGTTA-1,0.9966328324503176
GTCCATCAGTTCGACT-1,0.9935258971560323
GTCGTAAGTAAGCCTT-1,0.9941499633427775
GTCGTAAGTATGTTCG-1,9.069212348437964e-92
GTCGTAAGTGAGTTGG-1,0.9960455673103876
GTCGTAAGTGATAAGT-1,0.9961641080475494
GTCGTAATCCGCCTAT-1,1.32933836734758e-80
GTCTACCCACGAACGA-1,4.48566875107745e-39
GTCTACCCATGGATGG-1,7.162594072894716e-11
GTCTACCTCCAGTTAG-1,0.994420907876222
GTCTACCTCTCATATC-1,0.9962935576965556
GTGACATAGAATCAGT-1,0.9959329194343062
GTGACATAGCGATACG-1,0.9957443078137178
GTGACATAGTGAGTTA-1,0.996474324484037
GTGACATGTAATGTGA-1,0.996642072846399
GTGACATGTTGCCTGG-1,0.9964938506783101
GTGACATGTTGGGAAC-1,0.9963915783071761
GTGACATTCCAAGAGG-1,0.9763397679637058
GTGATCACAAAGAGAG-1,0.9377425642277207
GTGATCACAAGGAGGG-1,0.43841632609694176
GTGATCACAATCACTG-1,0.9957637953049409
GTGATCAGTTCCAATG-1,2.5923493118942713e-42
GTGATCATCTCCACTG-1,0.9850189215875454
GTGCACGAGTTCGACT-1,1.608568527037487e-41
GTGCACGCAATGTGCT-1,6.628900021651879e-69
GTGCACGCACACACCG-1,0.9965977299693941
GTGCACGCACCCATCT-1,0.9942583740072511
GTGCACGGTCATAGAA-1,0.9966412948374542
GTGCACGGTCGGCTGT-1,0.9904384052636728
GTGCACGTCTCGCGGA-1,0.9960433758305415
GTGCACGTCTTGGCCT-1,0.8864407796515975
GTGCCAGAGTAACTCC-1,0.00023609607202536135
GTGCCAGCAGTTGGAG-1,4.0578040016095274e-08
GTGCCAGGTCAGGTGA-1,5.97955170462465e-101
GTGCCAGGTTTCTTAC-1,0.9965580559054898
GTGCCAGTCGATCTTT-1,0.9964736013859756
GTGCCAGTCGGATAAA-1,1.4159469273500574e-26
GTGCTGGAGATGGGTC-1,1.6557405957481116e-35
GTGCTGGAGCTGAATA-1,0.9821079124764048
GTGCTGGAGGTTGACG-1,0.9952638346186737
GTGCTGGAGTCTCCAA-1,0.9908040933285206
GTGCTGGGTAGCTGTT-1,0.9940223600604362
GTGCTGGTCATTCGGA-1,0.9964681524500174
GTGGATTGTGAGTAAT-1,0.7782650805489502
GTGGATTTCGCTGATA-1,0.9961212363414865
GTGGCGTAGAGCTGTG-1,0.9954927950509201
GTGGCGTAGGTTGTGG-1,0.9764149598449178
GTGGCGTAGTAGACCG-1,0.9963194714826712
GTGGCGTCAAGCTTTG-1,0.9965865633131992
GTGGCGTCATTGTTCT-1,0.9934796137085294
GTGGCGTGTAACCATC-1,0.8522376997669661
GTGGCGTGTAGCGGTA-1,0.9934586097191249
GTGGCGTTCGGCTATA-1,0.9962195926366108
GTGTCAAAGCAACGGT-1,0.9951526489723134
GTGTCAACAGCGTACC-1,0.9964069742470069
GTGTCAACATCATAGC-1,0.9958586660544008
GTGTCAAGTTGGGAAC-1,0.5579640961074854
GTGTCAATCGAGGTCC-1,2.325151845877655e-30
GTGTCCTAGGTTACAA-1,0.9918918347761353
GTGTCCTCACTGTTAG-1,0.9953280012314625
GTGTCCTCATGCGTTA-1,0.9812864360186464
GTGTCCTTCAAACCAC-1,6.870388405559008e-15
GTGTCCTTCACTACCC-1,0.9955673812707265
GTGTCCTTCAGTGTAC-1,0.9608708184993472
GTGTCCTTCGACTCGG-1,0.1490691973024552
GTGTGATAGATGTTGA-1,0.99632143521055
GTGTGATAGCGTCAAG-1,0.9895368213606176
GTGTGATAGCTGCTCG-1,0.992566568542192
GTGTGATCAAATGCTC-1,0.9198719800566235
GTGTGATCACTCCACT-1,0.9962298273458078
GTGTGATTCGGAGTTT-1,0.9966033980778132
GTGTGATTCTGAACGT-1,0.9963016138397949
GTTACGAAGAGCAGCT-1,0.9965556285972884
GTTACGAAGCATACCT-1,0.996282095170834
GTTACGAGTACGGAGT-1,0.9954222534604783
GTTACGATCTTTATCG-1,0.9964072865425303
GTTACTTAGCTGAGGT-1,0.000155285207646464
GTTACTTAGTAACATG-1,0.9961768183754426
GTTACTTAGTAGTCGG-1,0.9965563741976889
GTTACTTGTAGACACG-1,0.9939743733824873
GTTACTTGTCGTCGCA-1,0.986358412054556
GTTACTTGTGCTTACA-1,0.9900472954281484
GTTATGGAGAAGCCTG-1,0.9901717897005758
GTTATGGAGACCCTAT-1,0.06491046860808794
GTTATGGGTACTAGAA-1,0.9941716303714485
GTTATGGTCAGTTGAC-1,0.9962138969970968
GTTATTCAGTAACTCC-1,0.9952819249618898
GTTATTCCAAGCGACA-1,1.1908732222841374e-07
GTTATTCCATCTGCAA-1,0.9962905710743346
GTTATTCTCCAAGAGG-1,2.0262312386754624e-82
GTTATTCTCTCCTTAA-1,0.9965528045937347
GTTCAAGAGTAATGTG-1,2.253155073357133e-75
GTTCAAGAGTGATCTC-1,0.9962509377619011
GTTCAAGCAGGGTAAC-1,7.002174697851322e-52
GTTCAAGGTTACCCAA-1,0.9953393296418527
GTTCAAGGTTCGGGAA-1,0.9951508566745246
GTTCAAGTCTACTTTG-1,0.9933787217099008
GTTCAAGTCTATTTCG-1,0.9963794954474562
GTTGGGCAGGGCGAAG-1,0.9937176784663352
GTTGGGCCAACTGCGC-1,0.9963786748332462
GTTGGGCTCTTCGTTA-1,7.429201979508995e-58
GTTGGTAAGTGCTCGC-1,4.976614789187872e-05
GTTGGTACACCCTTTG-1,0.9961167649701068
GTTGGTACACGCGTTG-1,0.9738878804011275
GTTGGTACAGATTAAG-1,0.9964581093613629
GTTGGTAGTAACATAG-1,9.018217244052376e-43
GTTGGTATCCAGAATC-1,0.9966633437662358
TAAACCGGTTGTATCG-1,0.994896978587094
TAAACCGTCATGTTCT-1,0.9959988957257716
TAAACCGTCCATGTTT-1,3.1749239727805967e-49
TAAACCGTCCTTGACC-1,4.51949023031437e-96
TAAACCGTCGTGATAC-1,5.891010825809646e-10
TAAACCGTCTCCACTG-1,0.9590166608417602
TAACAGCAGTCGTGAG-1,0.9961537586989118
TAACAGCCACATATCG-1,7.560103857866878e-123
TAACAGCCAGTTCGGC-1,3.100890815496495e-28
TAACAGCTCTAGCAAC-1,0.9950932674961214
TAACGGTAGCGTAGCA-1,0.9964337203921811
TAACGGTCAAATTCCG-1,0.9955561052948964
TAACGGTCACCGAATT-1,1.8425107235750235e-61
TAACGGTGTCATCGTA-1,0.9960447247276061
TAACGGTTCAGTGGTT-1,0.996512860784492
TAACGGTTCGAGCGCT-1,0.9958086334276326
TAACTTCAGAAATACC-1,0.9896875447995946
TAACTTCCAACTCGAT-1,0.9931936013132008
TAACTTCCAGCAAACG-1,0.9961067953437904
TAACTTCGTACTAGAA-1,0.8993463120183997
TAACTTCGTCACAGGA-1,0.9896720484625573
TAACTTCGTGGTAAGC-1,0.9068549531838008
TAAGCCAAGTCAGGAC-1,0.9964064872555548
TAAGCCACACTGTAAC-1,0.9925774399710978
TAAGCCAGTCAGCAAG-1,0.9636551403224731
TAAGCCAGTGATAACA-1,0.9963948989280332
TAAGTGCAGCGAGAAA-1,0.9929400484632184
TAAGTGCAGGTACACG-1,0.9960522213269528
TAAGTGCGTAGAAAGG-1,0.9966331751577201
TAATCGGAGAACGACC-1,0.9797546934315039
TAATCGGAGAAGACTT-1,0.9837111788463132
TAATCGGAGCAGAATT-1,0.9963328666649879
TAATCGGAGTCCCGCA-1,0.9966739389673526
TAATCGGCAAGAAACT-1,1.3807099776290174e-42
TAATCGGCAATCATCG-1,0.0062811374486246565
TAATCGGCAATGGTCT-1,1.8204863425171744e-73
TAATCGGGTTTCCTAT-1,0.9960842641951225
TAATCGGTCGCCACTT-1,0.9966062294582064
TAATCGGTCGGGAATG-1,0.9963008230697719
TAATCGGTCTCGTAGA-1,0.9299337271481976
TAATTCCAGACGTCAG-1,0.9963733877806716
TAATTCCAGGATTGAT-1,0.9962648875728997
TAATTCCAGTAGGTCG-1,0.995751848221477
TAATTCCAGTTCAGGG-1,0.9960488180890754
TAATTCCCATTCACGA-1,1.4381424573489316e-42
TAATTCCGTCCCTTTG-1,1.404142336575299e-10
TAATTCCGTCCGTGCA-1,0.9918598574095909
TACAGCAAGGAGTACC-1,1.960053445023885e-86
TACAGCACAAGACTAA-1,0.9949154066803998
TACAGCATCTCTATTG-1,6.429778616263733e-53
TACAGCATCTGTTTAC-1,0.989664950899212
TACATGGAGAGGTCCA-1,0.9942063450065265
TACATGGCATCCTCGT-1,0.995328404017998
TACATGGCATCTGCAA-1,0.9965780215510359
TACATTCCAACCTCCT-1,0.9342170300632183
TACATTCCATCGTACA-1,0.9962014159321773
TACATTCGTAGCGGTA-1,0.9963622416217545
TACATTCGTCAACTGT-1,0.9716819653713455
TACATTCTCCATTGAG-1,4.644056075625101e-54
TACATTCTCGATCTTT-1,8.357910041835478e-86
TACATTCTCGGCTATA-1,0.9962076763280324
TACCCTGAGAGAGTTT-1,0.9944778216210579
TACCCTGCAGAGAGAA-1,0.9956042719214141
TACCCTGGTCACAGTT-1,0.995970336098591
TACCCTGGTTTGCCAA-1,0.9916930030564978
TACCCTGTCAGCACGC-1,7.904325940768449e-37
TACCTATCAGGTAGCA-1,4.751484672573729e-55
TACCTATGTAGAAAGG-1,0.995939014401431
TACCTATTCAGTGGTT-1,2.0611979233708256e-102
TACCTATTCTGACATG-1,0.9907080519553748
TACCTATTCTTCGTTA-1,0.9962893737372307
TACCTCGCAAGCAACG-1,0.9963332687995744
TACCTCGCACCGAAAG-1,0.9938157750169991
TACCTCGCAGCAACAG-1,2.6938543405422444e-30
TACCTCGGTGTTGTTG-1,0.9959274880792313
TACCTCGTCAATGCAC-1,0.9964799519048815
TACCTCGTCCAACGCG-1,0.9964023379134861
TACCTCGTCCGTCAAA-1,0.9948018333813269
TACGCAAAGGTTCGTT-1,2.04343017099165e-102
TACGCAACACATGATC-1,3.8826252173044945e-99
TACGCAACACCACCAG-1,1.9628618266343213e-50
TACGCAAGTAAACGGC-1,1.4665025054486905e-21
TACGCAAGTAGTGATA-1,0.9955987362312694
TACGCAATCCTTCGAC-1,6.448882279944663e-75
TACGCCTAGAGAATTC-1,0.9884497456863022
TACGCCTCAAAGGAAG-1,0.9855855969613565
TACGCCTGTATCTCAG-1,0.9960148971924432
TACGCCTGTCAGCTTA-1,0.11893952613296002
TACGCCTGTTCTACCC-1,0.996454593610325
TACGCCTGTTTAGACC-1,0.996195987432322
TACGCCTTCATGTTCT-1,0.30390512471093994
TACGCCTTCGCTCTAC-1,2.6232745777701278e-64
TACGGATAGCATTCCA-1,0.9843776412074094
TACGGATAGGTCTTGT-1,0.9961855786623686
TACGGATAGTTGAATG-1,0.9949629929318792
TACGGATGTAACGTAA-1,0.9884893853300531
TACGGATGTCCACCAG-1,1.7492604102964493e-14
TACGGATGTCTCTGCT-1,0.9965137473056408
TACGGATTCAGGGTTT-1,0.9966115175788265
TACGGATTCTCTTCTC-1,0.9942247953156249
TACTAGGAGTGAATAC-1,0.9961288190812398
TACTAGGCAACGCACC-1,0.9966550035823387
TACTAGGCACATGATC-1,0.9934189603735099
TACTCGCAGTCTTAGC-1,0.9938441102527555
TACTCGCCACAGGTAG-1,0.12776638791225045
TACTCGCCACGATTAC-1,0.986617776861969
TACTGCCAGAGGAACA-1,0.9964001443737426
TACTGCCGTCTAAGAA-1,0.995386536383497
TACTGCCTCAATGCAC-1,0.9962236759878709
TACTGCCTCCAGGGAA-1,4.102482128352597e-112
TACTGCCTCTCTTAAC-1,0.9963081229994226
TAGACTGAGTGAGTTA-1,0.9950077392685339
TAGACTGCAAGCACTT-1,0.9939391710433291
TAGACTGCAATGTGCT-1,0.9934327825621653
TAGACTGCAGATACAA-1,5.516784849789036e-32
TAGACTGCATCAACTG-1,0.9964239715961829
TAGCACAAGTCATCTG-1,2.7088644881174884e-05
TAGCACAAGTGTTCCA-1,2.9734219820578407e-05
TAGCACACAGTGCGTC-1,0.9965768916651128
TAGCACAGTAGTAACA-1,2.1200116447867518e-83
TAGCACAGTGCATTCA-1,2.25060925554377e-56
TAGCACATCAGGATCT-1,0.9692063478310091
TAGCACATCAGGGTTT-1,0.9963390918592169
TAGCACATCCCACTTG-1,1.0249998220771119e-21
TAGCACATCGGGTCCA-1,0.9952725781449647
TAGCATGAGAATATCG-1,1.308344110411374e-09
TAGCATGAGAATGCTA-1,2.1149197178632023e-15
TAGCATGAGAGGTGGG-1,7.552821559038408e-80
TAGCATGAGTGGACGT-1,0.9962934611092089
TAGCATGCACGGCCAT-1,0.9965247842767984
TAGCATGCATTACCTT-1,0.9667669895834161
TAGCATGGTCAGCTTA-1,0.4685989450363103
TAGCATGTCCTCCTGA-1,7.832107325487302e-20
TAGCATGTCGCGTGAC-1,0.9926142991655292
TAGCCCTCACAGCCAC-1,0.9966745853656118
TAGCCCTGTGCGTCCA-1,0.9536041777208946
TAGCCCTGTTAACCAC-1,0.9962359391982302
TAGCCCTTCTTCACTA-1,0.9752521573857329
TAGCCGGAGAGCAGCT-1,0.9957413260084735
TAGCCGGAGAGGCGGA-1,0.9941240010078262
TAGCCGGCAAACCGAG-1,4.883564425211896e-112
TAGCCGGCACTCCTCA-1,0.9899823515389488
TAGCCGGGTATCTCAG-1,0.9965214359771798
TAGCCGGGTCTAAGAA-1,0.9889563644848756
TAGCCGGTCCGGAAAG-1,4.597386287357436e-12
TAGCGGCCATCATGTG-1,0.9931119706707613
TAGCGGCCATTGTGAC-1,0.995332497594867
TAGCGGCGTGCTTGAT-1,0.9960971644550309
TAGCGGCGTGTCCAGC-1,0.9961578853348008
TAGCTTTAGACGTCAG-1,0.9871448938234281
TAGCTTTCAAAGAGAG-1,6.141117369327354e-63
TAGCTTTCATGGGTGA-1,0.9966882515622969
TAGCTTTTCAGCACGC-1,2.2378744778512984e-66
TAGCTTTTCGGTTCCT-1,0.9959429012152766
TAGCTTTTCTCAGATG-1,0.9949469913389476
TAGGAGGAGAATACTG-1,0.9962091947930276
TAGGAGGAGTCCTTCC-1,2.1465659809539883e-78
TAGGAGGTCCAAGAGG-1,0.9966778541110746
TAGGAGGTCTTACTCA-1,0.9948175846288518
TAGGTCAAGAACGCCA-1,0.9949597811825843
TAGGTCACAAATGTCC-1,1.1666851796787217e-71
TAGGTCACAAGCCTTA-1,3.4681264534093275e-25
TAGGTCACAATTGGCT-1,0.9963083038479398
TAGGTCACACGATATC-1,2.674313799673099e-71
TAGGTCAGTGGCCTTG-1,0.9961808063833472
TAGGTCATCCATCGAA-1,0.9700767730089822
TAGGTCATCTTACGGA-1,3.776375511054544e-67
TAGGTGTAGACTAGGC-1,0.9965003009922416
TAGGTGTAGGGTGTTG-1,0.9963908577587469
TAGGTGTCAGCAACCC-1,4.589253965379198e-22
TAGGTGTCATTGTTCT-1,0.9962365889617796
TAGGTGTGTTTGCCCT-1,1.72358039707282e-57
TAGGTGTTCTGTGTCC-1,0.9963109260454053
TAGTCCCAGCATACCT-1,0.9965320287109696
TAGTCCCAGCATTCCA-1,0.996605105507462
TAGTCCCAGTAGTGTA-1,0.9954008473806826
TAGTCCCCAAATAGTG-1,0.9966026823049022
TAGTCCCGTATCCTTT-1,0.9962106323100156
TAGTCCCGTGAGGGTT-1,0.996405485375839
TAGTCCCTCATGAACC-1,0.9944424777880765
TAGTCCCTCTGGAAGG-1,0.9963350822800412
TATCGAGGTCCCGAGT-1,0.9483115583815233
TATCGAGGTTAGGCTT-1,1.412928694709101e-121
TATCGAGGTTTAAGGA-1,0.9963819782374961
TATCGAGTCCAAACCA-1,0.9963846960571219
TATCGAGTCGCTTCAC-1,0.9963808612731586
TATCGAGTCGGCTATA-1,0.9828193061418377
TATCTGTAGATCCGAG-1,0.9726243917776368
TATCTGTAGATCGAGC-1,0.9962007715335649
TATCTGTCAACCTCCT-1,0.0047967924340680075
TATCTGTCAAGGTTCT-1,0.9956802850648582
TATCTGTCAAGTCTGT-1,0.9956332122830638
TATCTGTGTATCACAC-1,0.9960584686457253
TATCTGTGTCCCGTGA-1,0.996066760347236
TATCTGTTCGCGCCAA-1,0.9931362044044407
TATCTGTTCGGTGATT-1,0.9965774691927316
TATCTGTTCTGTTGCC-1,0.9960133214725527
TATGTGGAGCATTGGG-1,0.9954031688799864
TATGTGGAGGCATGCA-1,0.9826469834832858
TATGTGGTCAACGTGT-1,0.995246794066057
TATGTGGTCGATAGTC-1,3.964888066378742e-17
TATGTTCAGATCTAAG-1,0.9966332234857808
TATGTTCAGATGAGGA-1,0.9957552783589583
TATGTTCGTGCTTGAT-1,0.9960458735902938
TATGTTCTCGACTATG-1,0.9958942153253434
TATGTTCTCTTACTCA-1,0.9963505608422785
TATGTTCTCTTGCGCT-1,0.9959875998087523
TATTGCTCAGGTAGCA-1,0.9943995688769214
TATTGCTGTCTAAGAA-1,0.9881467093030467
TATTGCTGTGCTTACA-1,1.3371706947144863e-89
TCAAAGCAGCGCAATG-1,8.124486720157006e-22
TCAAAGCAGCGTCTGC-1,3.0235415103773075e-51
TCAAAGCAGTCACGCC-1,1.6731191260996972e-82
TCAAAGCCAAGAGCGT-1,0.9947027196857225
TCAAAGCGTCAGTGCC-1,0.9962449940658967
TCAAAGCGTTAACCGT-1,1.002828141598021e-59
TCAAGACAGACCAATA-1,0.9964019125698522
TCAAGACCAATTGGCT-1,5.388041245693747e-69
TCAAGACGTCAAGACG-1,0.9964900160477455
TCAAGCAAGGTCGGTA-1,0.9959616669635201
TCAAGCACAAACCCTA-1,0.9937983276275655
TCAAGCACAAGCCCTG-1,0.9937070854066934
TCAAGCACACACTAGT-1,0.9963516750261985
TCAAGCACACGACGAA-1,0.9935827063654771
TCAAGCACACGCTGTG-1,0.9939085765085719
TCAAGCACATCTCTCG-1,0.995981314513273
TCAAGCATCGAGGCTC-1,0.9780330903194702
TCAAGCATCGCTAGTA-1,9.760612543888216e-85
TCAAGGTAGATGTTGA-1,0.9960347500502389
TCAAGGTAGCCATCAT-1,1.2452038603488696e-23
TCAAGGTCACAGATGG-1,0.9960295964946463
TCAAGGTCACAGTTCA-1,0.9946656681885944
TCAAGGTCAGGTCCTG-1,1.0058475805192089e-28
TCAAGGTTCCAGTTAG-1,0.9961983330818881
TCAAGGTTCGATATGC-1,0.9965035563608743
TCAAGGTTCTTATCAC-1,0.9965239982738265
TCAATTCAGATCACCT-1,3.9553399774428805e-43
TCAATTCAGCCATGGA-1,0.9785128513809961
TCAATTCAGTGTGTAA-1,0.9959136136514178
TCAATTCCAAACGTTC-1,4.490073037965086e-10
TCAATTCCAAGTTCGT-1,0.995602622914035
TCAATTCCAGTAACCT-1,1.933941696033329e-24
TCAATTCGTGACCAGA-1,0.9957421515014446
TCAATTCTCATTCTCA-1,0.9962715986298757
TCACAAGAGACTAGGC-1,0.9948611714299549
TCACAAGAGGCCTCTG-1,0.9960032269297406
TCACAAGAGGCTAAAT-1,0.9868328107368809
TCACAAGGTTCCTATT-1,0.996557448619604
TCACAAGGTTCTACGA-1,0.9964873026355194
TCACAAGTCTATGAGC-1,2.281946941183526e-75
TCACAGAAGAAGACTT-1,0.02438413194597223
TCACAGAAGGGCTTCC-1,0.9938293858191033
TCACAGACATCATAGC-1,0.995927524769843
TCACAGAGTCAACTAC-1,0.995690621605848
TCACAGAGTGAGGGTT-1,0.9962516016172416
TCACAGAGTTCCAGTA-1,0.9910394096019577
TCACAGAGTTTAGAAG-1,0.9964076147873497
TCACCACAGCAGAATT-1,0.9953694662702869
TCACCACCAAGTCCTA-1,0.9784806822847106
TCACCACCATCAGCTA-1,0.9958964459870381
TCACCACCATCATCGA-1,0.9962908574814967
TCACCACCATTACACG-1,0.9955111150872645
TCACCACGTTATAGAG-1,0.9962254995418554
TCACCACTCAGGAAGC-1,0.9965227354272934
TCACCACTCTCTGAGA-1,0.9961053093085809
TCACCTGAGAGCTCCC-1,0.9905334405876506
TCACCTGGTATCTCAG-1,0.9949199294876069
TCACCTGTCAGTCAAC-1,0.9949910930590428
TCACCTGTCTAAACGC-1,2.5642692484176317e-28
TCACTCGAGAACGTTA-1,7.573962028292355e-112
TCACTCGAGATAGGTT-1,0.9617532108142673
TCACTCGAGCTGAATA-1,0.9958874333654582
TCACTCGCAAGCCAGA-1,1.758570696779775e-35
TCACTCGCAATACTGC-1,8.868084964975498e-85
TCACTCGCAGCGTACC-1,0.9959699525727781
TCACTCGCATGATTGC-1,0.9960091642226133
TCACTCGGTGAAACAT-1,0.996565879382844
TCACTCGTCCTCCCAA-1,3.254380173686614e-92
TCACTCGTCTTCGTTA-1,0.9965784669734177
TCAGCTCCACGCGATC-1,0.9957145623950198
TCAGCTCCACTCAAGT-1,4.4283642505833855e-68
TCAGCTCTCCCAGCAG-1,0.9964753003402523
TCAGGGCAGTGAGCTG-1,9.282138325890613e-46
TCAGGGCGTTTCGATG-1,0.9957606066633732
TCAGGTAAGTGATTAG-1,0.9963769955890088
TCAGGTAGTATGTCCA-1,1.9080552937822978e-46
TCAGGTAGTGATAGAT-1,0.9953932399886212
TCAGGTATCCATCTAT-1,0.9906963457575654
TCAGGTATCTCTATCA-1,0.9927056669650108
TCAGGTATCTTCTTCC-1,0.9962618666984542
TCAGTCCAGCGTATCT-1,0.9961817978995484
TCAGTCCAGGCTCAGA-1,0.9514624181109801
TCAGTCCAGGTTTCTG-1,8.194441437732012e-06
TCAGTCCCAATGACTC-1,0.9960940844654416
TCAGTCCGTCATAGCT-1,0.9956685785931367
TCAGTCCGTGCTTGAT-1,0.7224924115989989
TCAGTCCGTTTCCTAT-1,0.9934109020518903
TCAGTCCTCAGGCGCT-1,4.985640211619794e-91
TCAGTCCTCCCGTAGG-1,0.9964630249330904
TCAGTCCTCGTTCTAT-1,0.9959896333853135
TCAGTTTAGGAGTAGA-1,0.9961067577349932
TCAGTTTCAAAGCTGG-1,0.9963625559255758
TCAGTTTCACATGATC-1,0.9963918547233224
TCAGTTTCATAGCAGG-1,0.9963081351687388
TCAGTTTGTATTCTTC-1,0.9950195439885624
TCAGTTTTCCCGGGTA-1,0.9961030138133037
TCCAGAAAGAGACTCG-1,0.6671359382058369
TCCAGAAAGATATGTG-1,1.353278913932617e-88
TCCAGAAAGCTCCGGT-1,0.9948229411935835
TCCAGAACAGCGTGAA-1,0.9912930446300403
TCCAGAACAGTAACTC-1,0.9959747115783576
TCCAGAAGTACTAGAA-1,0.9767251367087417
TCCAGAATCCATACCC-1,6.45175834186703e-28
TCCATCGAGTCCGTGC-1,0.9954779724621304
TCCATCGCACACTAGT-1,0.9954875444032142
TCCATCGGTCAACTGT-1,0.9966135144171525
TCCATCGGTGCCCTAG-1,0.9894595535809511
TCCATCGGTTAGGAAT-1,0.9958637087162181
TCCATCGGTTGGTAAA-1,0.9963371298068993
TCCATCGTCCATTGTT-1,0.9958537847154498
TCCCACACAGCAATGG-1,0.9961931246836453
TCCGACTAGTCGAGCA-1,0.9955585691264061
TCCGACTCAGAATGCG-1,1.0077510191913464e-41
TCCGACTGTAAGGTCG-1,4.7001533761161564e-48
TCGAGCGAGAACCCGA-1,0.9778740531610373
TCGAGCGAGACGTCAG-1,0.9615123698978043
TCGAGCGAGCATTCCA-1,0.9900186680206969
TCGAGCGAGCCGCAAA-1,0.9964460973083294
TCGAGCGCATGCCTTC-1,1.7281507439031833e-18
TCGAGCGGTGAGTTGG-1,0.9962101221116173
TCGAGCGGTTCTACCC-1,0.9955928460375321
TCGATTTAGCATTCCA-1,0.9961139420991824
TCGATTTAGGATTGCG-1,6.373429784896076e-51
TCGATTTCACAAACGG-1,0.017411758535902915
TCGATTTCATTGAACC-1,0.9962317575126007
TCGATTTTCGTCTTAT-1,0.9945212910674271
TCGATTTTCTTGGCCT-1,0.93264155418361
TCGCAGGAGACGCCAA-1,0.9964693075967808
TCGCAGGAGTATGGGC-1,0.9962225734371685
TCGCAGGCACACATGT-1,0.9955310320364915
TCGCAGGGTACTTCGA-1,0.9964830243957917
TCGCAGGGTCCCTTTG-1,4.668877790795896e-41
TCGCCTAAGCCTGTAT-1,9.355721642444e-79
TCGCCTACAGATGGCA-1,2.749435494644846e-80
TCGCCTACATATTGGC-1,0.9961469967932087
TCGCCTACATGTCCCT-1,0.9961496833244254
TCGCCTAGTTGAAGCG-1,0.9946574161913561
TCGCCTATCACTCGGG-1,1.5472194119400478e-79
TCGCCTATCCGGGCAT-1,0.9928727337118043
TCGGGACAGAAGACTT-1,0.9938367419588224
TCGGGACGTCGTAATC-1,0.9964004158098093
TCGGGACTCCAACGCG-1,0.9964790454431159
TCGGGACTCCGCGATG-1,0.9817678302686487
TCGGGACTCGATAGTC-1,2.3926540510085502e-05
TCGTTCGAGGGCGAAG-1,1.3642226308015027e-84
TCGTTCGAGGTCCTCG-1,0.9896779079440178
TCGTTCGCAAGGGAGG-1,4.5364596497109586e-60
TCGTTCGCACATATCG-1,0.8076415172350523
TCGTTCGTCTGGAAGG-1,0.9959620322230056
TCTAGTTAGAAATGGG-1,0.9701888442294173
TCTAGTTTCCTGGAAT-1,0.9953321581256384
TCTAGTTTCGGTCTCT-1,0.987046080471812
TCTATTGAGAAATACC-1,0.9958666657564258
TCTATTGAGATGTTGA-1,0.9954128135586643
TCTATTGCACATATCG-1,0.9965483614949062
TCTATTGCAGTAACCT-1,0.9952926819619027
TCTATTGGTGCTGTCG-1,0.9961871902283768
TCTCAGCCAAATTCCG-1,0.9960351364417087
TCTCAGCCACGACGAA-1,0.9885194258214332
TCTCAGCTCGGATCGC-1,0.008990459542123817
TCTCTGGCAAAGCTGG-1,0.9944765308838576
TCTCTGGGTCATGAGG-1,0.9864654841544974
TCTCTGGTCCAACCTC-1,0.9962022126137187
TGACAACCACTCGGAC-1,0.9965428783981362
TGACAACGTAAACGAT-1,1.101900630684697e-53
TGACAACTCACGATTG-1,0.9964229917195323
TGACAACTCCTTTGCG-1,0.9861278894825586
TGACTCCAGACTCGGA-1,0.9964079970022214
TGACTCCGTTACTTTC-1,0.9962147912751806
TGACTCCGTTTGCCAA-1,0.9962692381445086
TGACTCCTCGACGGAA-1,0.9964640504140969
TGACTCCTCGTTCTAT-1,0.9961110001910519
TGAGCCGCAGCGTAGA-1,0.8413684359216853
TGAGCCGGTTAAGGGC-1,0.9951836333826745
TGAGCCGTCGATCTTT-1,0.9928397705696401
TGAGCCGTCTGCGTCT-1,0.9963991522033232
TGAGCCGTCTTGTCGC-1,0.9936952248654161
TGAGTCAAGAGAAGCA-1,0.9958780069078006
TGAGTCAAGCTGCTCG-1,0.9961749771167118
TGAGTCACAGCAAACG-1,0.9964081737037661
TGAGTCACAGCACATT-1,0.9132654423495021
TGAGTCAGTTGCCTGG-1,0.9770721299993654
TGAGTCAGTTTCGTTT-1,0.9230243334013312
TGAGTCATCCCTAAAG-1,7.690309124905592e-42
TGAGTCATCGCAACTA-1,0.9936385661496524
TGAGTCATCGCGCCAA-1,0.9751551811966368
TGAGTCATCGGTAGGA-1,2.378418104111228e-25
TGATCAGAGAGAACCC-1,0.8502612621294338
TGATCAGAGTGATTAG-1,0.9960327975014298
TGATCAGCACCACAGC-1,0.9933942535941935
TGATCAGTCTACCCGT-1,2.4192250608493317e-59
TGATGCAAGGAATGGA-1,0.00965630725215731
TGATGCAAGTATGGGC-1,0.9959203343638314
TGATGCACACAGATGG-1,0.9912570237834551
TGATGCACATTCACGA-1,1.9598824697782542e-30
TGATGCACATTCTCGC-1,0.9959574615650982
TGATGCAGTTCTTTCA-1,0.9961553220090911
TGATGCATCCAGCACG-1,0.9931293181691003
TGATGCATCTAAGGTC-1,0.9962617236525333
TGATTTCAGACGAAAG-1,0.9958248371342799
TGATTTCAGGAATGGA-1,0.9963920775419345
TGATTTCAGTATACCC-1,0.9956821185735169
TGATTTCCAGTAACGG-1,0.9958919189231408
TGATTTCGTATTGTCG-1,0.9846809671900209
TGATTTCGTCTGTCCT-1,0.9828221093510952
TGATTTCGTTCTTTGT-1,1.909373594476368e-82
TGATTTCGTTGGACGA-1,0.9957566642720266
TGATTTCTCATCGCCT-1,0.9964516366780886
TGATTTCTCGGATAAA-1,0.9965478484518934
TGATTTCTCGGTCTAA-1,0.9913070891077432
TGCACCTAGATGGGTC-1,0.9939545530112506
TGCACCTTCTCTGCGT-1,0.9922433549317258
TGCATGACATGATTGC-1,2.969650087081302e-90
TGCATGAGTCTGTGTA-1,4.744167950673128e-75
TGCATGAGTTTAGAAG-1,0.9961955132375012
TGCATTTAGCGTTAGG-1,0.0004960293584736507
TGCATTTGTCATCGTA-1,0.9966533036545703
TGCATTTTCACTGGTA-1,1.3871730009201401e-18
TGCATTTTCCGCCTAT-1,0.9916935040179201
TGCATTTTCCTGACCT-1,0.9962530061682173
TGCATTTTCGACTTAG-1,0.9966361278942484
TGCCTCAAGAACTCCT-1,0.9941862883429199
TGCCTCAAGACACGGT-1,0.9957872662803994
TGCCTCAAGAGGCGGA-1,0.9959135337200996
TGCCTCACAAATGTCC-1,0.9933766659154427
TGCCTGTAGGGTTCTT-1,0.996209298376277
TGCCTGTCAATCATCG-1,0.9784188181261868
TGCCTGTCAGATTGTC-1,0.9963516580330377
TGCCTGTGTATATGGA-1,0.9958274007541487
TGCGTAAAGACGCCAA-1,0.996150635802465
TGCGTAACATCCATAG-1,0.9966684899456268
TGCGTAAGTCCATTGA-1,0.9930413518944261
TGCGTAAGTTCCGCGA-1,0.9904727786101548
TGCGTAATCCAAACCA-1,0.9966777808736799
TGCGTAATCCAAGTCA-1,0.9778156543279382
TGCGTAATCCATACCC-1,0.9015857481599233
TGCGTAATCGCACCGA-1,1.4032998977931942e-28
TGCGTAATCGTATAGC-1,0.9962333785583861
TGCTATTAGATGTTGA-1,2.285319977579639e-81
TGCTATTGTAGGGTTG-1,0.9964192408287865
TGCTATTTCTTACGGA-1,0.9963893667493287
TGCTCACAGTTATGAG-1,0.9954945451584413
TGCTCACCAATGCCAT-1,0.9964363924011597
TGCTCACGTAAGTCTC-1,0.0516098396686413
TGCTCACGTCACATTG-1,0.9956701534222493
TGCTCACTCTTCCGTG-1,0.9963103744320106
TGCTCGTGTCGATTAC-1,0.10163669729869888
TGCTCGTGTCTCTAAG-1,0.9961801175159877
TGCTCGTTCACGGGTC-1,0.9954694646926892
TGCTTCGAGGGATCCA-1,0.9961202285828585
TGCTTCGCAATGTGCT-1,0.9966158576942523
TGCTTCGTCTGCTACC-1,0.9962118652051979
TGCTTTAAGCCGCAAA-1,1.4256836215245305e-80
TGCTTTAAGTCCCGCA-1,0.9944836130470371
TGCTTTAAGTGATAAC-1,7.341929437593546e-67
TGCTTTAGTCAGAAGC-1,0.996484071926352
TGCTTTAGTCAGACGA-1,0.9927551499056536
TGCTTTAGTCAGTGTT-1,0.9960368920613948
TGCTTTAGTGGACTGA-1,0.9963965817961541
TGCTTTATCATCGCAA-1,2.597536326677142e-40
TGCTTTATCCTTACGC-1,0.9959680348066939
TGCTTTATCGCCTTAC-1,1.9805183551685002e-83
TGGAAGGAGTCGTACT-1,0.9920309002310366
TGGAAGGCAATGTAAG-1,0.9956681526713478
TGGAAGGCACAAGTGG-1,0.9946992584960809
TGGAAGGCACAGATGG-1,0.9965092449100904
TGGAAGGCATCTCACC-1,0.9956610330711289
TGGAAGGGTGGCCTCA-1,0.9947461759115267
TGGAAGGTCCTAGAGT-1,0.9958966425724911
TGGACATAGTCTAGAA-1,0.9961359219974016
TGGACATCACCCTTTG-1,0.9919897232275731
TGGACATCATTACTCT-1,0.995075066192174
TGGACATGTTTCTCTA-1,0.9877455864251694
TGGCAATAGCATTGGG-1,0.9930885776985356
TGGCAATCACAGGTAG-1,0.9949793429860325
TGGCAATGTCACAGTT-1,0.9939432486865838
TGGCAATTCGCCTTAC-1,0.994540876279133
TGGCAATTCTGAAAGA-1,0.9964204439705443
TGGCAATTCTTGTCGC-1,0.9139642190270238
TGGCCTTAGAGCGGTT-1,0.9966122290313554
TGGCCTTCAGGGTACA-1,1.8022452867791292e-22
TGGCGCAAGTGTGTAA-1,3.57354984913059e-15
TGGCGCACAACGGGTA-1,3.4511808564151396e-09
TGGCGCAGTAACTGAA-1,0.9964948037798161
TGGCGCAGTAGGGTTG-1,0.009453210718985063
TGGCGCAGTGGCATAG-1,0.9958805322962172
TGGCGCATCACGATTG-1,0.9960605094812998
TGGCGCATCACGTGTA-1,0.9913756313422385
TGGCGCATCATTCTCA-1,7.232482279286151e-46
TGGCGCATCGTGATAC-1,0.9960911505789528
TGGCGCATCTCATCCG-1,0.9959395790651376
TGGGTGCGTCAGACGA-1,0.9964925053169642
TGGGTGCGTTTCGTTT-1,0.9351114054410392
TGGGTGCTCCTCATTA-1,9.124445770014875e-11
TGGGTTAAGCAACGGT-1,0.9964959230746468
TGGGTTACAATCAGGG-1,0.9962575423458166
TGGGTTACAATGGCAG-1,0.9951555579138903
TGGGTTACAGGGTACA-1,0.9836170859132726
TGGTCAAAGGCGTAGT-1,7.155800168360563e-39
TGGTCAAAGGTGTCGA-1,0.9880660862017929
TGGTCAAGTGGGTAGT-1,0.9963440518605933
TGGTCAATCAGTGTGT-1,0.9958935772410239
TGGTCAATCCATCTAT-1,4.863527245195093e-120
TGGTCAATCTACATCT-1,0.995769509764855
TGGTCCTAGCTGAAAT-1,0.9861932106691281
TGGTCCTCAATGACTC-1,3.160040354086387e-29
TGGTCCTCATGCGACC-1,0.9959636248447509
TGGTCCTGTATGTCCA-1,0.9966140680327632
TGGTCCTGTCTAAGAA-1,0.9946828620239198
TGTAAGCCAAACAGTA-1,0.9964142496397405
TGTAAGCTCCATGACA-1,6.846887332985119e-27
TGTAAGCTCGTTACAG-1,0.9944947282277014
TGTAAGCTCTTTCGAT-1,0.9952224141867987
TGTACAGAGCATGTGG-1,0.9858148420254047
TGTACAGAGCTGAGGT-1,4.4888759082958935e-71
TGTACAGCACACACCG-1,0.9962349020543027
TGTACAGTCGCTATTT-1,0.9962570497492854
TGTACGAAGACTTGAA-1,0.9953599722985083
TGTACGAAGCAACGGT-1,0.9938165425969515
TGTACGACAATTCTCT-1,0.9945233690368399
TGTACGACAGGATGTG-1,0.9961638159722355
TGTACGAGTCAGCTTA-1,0.9949872199704048
TGTACGAGTCTCTAAG-1,0.9963824448186218
TGTACGATCTATGAGC-1,0.9905870573300638
TGTAGCACACCATTCC-1,1.4960668085673368e-60
TGTAGCAGTCCCGTGA-1,5.7318424303820574e-08
TGTAGCATCCTTACGC-1,0.9362780991536709
TGTAGCATCTGCGTCT-1,2.7034600129764476e-98
TGTGGCGAGCTGGAGT-1,2.2987868597154852e-21
TGTGGCGCAGAGCCAA-1,0.9959832502351973
TGTGGCGCAGGGAGTT-1,7.793603848736074e-74
TGTGGCGCATCGAGTT-1,0.9964222591190999
TGTGGCGGTCGTAGTT-1,3.0173441834877783e-34
TGTGGCGTCGCTTACC-1,0.9960253183078205
TGTGTCCAGGAGTAGA-1,0.9863315161795222
TGTGTCCAGGCACCTC-1,0.9959396338374751
TGTGTCCGTTCTTATC-1,0.01677277781635895
TGTGTCCTCGTGGTAT-1,0.9957415457952098
TGTTAGGAGAAACGCC-1,0.9955390851810109
TGTTAGGAGGTTACAA-1,0.9962879704737699
TGTTAGGCACAGCTTA-1,9.03292719794071e-67
TGTTAGGCAGTGCGAA-1,0.9943464223208435
TGTTAGGGTCCTCAGG-1,0.9939755583278391
TGTTAGGGTGATCAGG-1,0.9937474989462297
TGTTAGGGTGCAAGCA-1,0.9922638306359844
TGTTAGGGTGGTCGAA-1,0.9930892720712565
TGTTAGGGTTCCGGCA-1,0.9965674155292251
TGTTAGGGTTGCTTGA-1,0.9959252579391078
TGTTAGGGTTTGTGAC-1,0.98916720808799
TTAACGGGTGGACAGT-1,1.229633013879749e-53
TTAACGGTCACTGATG-1,1.0983992324842034e-45
TTAACGGTCGTCTAGA-1,0.9854489576767909
TTACCCGAGTCTGGGA-1,0.975226256009546
TTACCCGCAAGCCAGA-1,3.601964492204969e-40
TTACCCGCAATCACTG-1,0.9854274777859464
TTACCCGCACTGTTAG-1,0.9963670863785266
TTACCCGCATAGACGG-1,0.992310548966512
TTACCCGCATGCACTA-1,0.9963673215263881
TTACCGCCATGGGTGA-1,0.9961812442184979
TTACCGCGTATTTGCG-1,4.88705232529089e-73
TTACCGCGTTGGCGAA-1,0.9951994101880747
TTACCGCTCAGTCAAC-1,0.9871742721861543
TTACCGCTCCCGATTC-1,0.9963739443208425
TTACGGAAGGTTGACG-1,0.9964182903283417
TTACGGAAGTGATAAC-1,0.9836970369259919
TTACGGACACCACAGC-1,2.5082484905932005e-91
TTACGGACATGACTGT-1,0.9961912722323415
TTACGGAGTAGGTGAC-1,0.9966843639753971
TTACGGAGTGGTAAGC-1,0.9958553561292789
TTACGTTAGAACCATA-1,0.8696441943479102
TTACGTTAGGACTAGC-1,0.9925467012067407
TTACGTTAGGTAAGCC-1,0.9958673135502055
TTACGTTCAACGGGTA-1,0.9935137835554728
TTACGTTCAGTAACTC-1,0.9961258357406579
TTACGTTGTTCTGAGT-1,0.9955387881713631
TTACGTTTCGATATGC-1,0.9959306747803544
TTACGTTTCGCTTGAA-1,0.9953897716830185
TTACTCAAGCACGTAG-1,0.9860098647053656
TTACTCACATGTGGGA-1,0.9965347936415742
TTACTCAGTATTGTGC-1,1.0976757562071032e-35
TTACTCAGTCATAAGA-1,3.445566806695917e-108
TTACTCAGTCTGTTGA-1,0.9960759917726961
TTACTCAGTGCTTACA-1,0.9965619930017127
TTACTCATCCAGTACA-1,0.9966598602393811
TTACTCATCCTAGAGT-1,0.9951618153948372
TTACTTGAGAGCCTGA-1,1.434506989297501e-13
TTACTTGCAGTTGCAT-1,0.9964210405600237
TTACTTGGTCTCGGGT-1,0.9962972902235098
TTACTTGTCTGTGTGA-1,0.9954941668022794
TTAGCGACAACAAACA-1,0.0037698264675838002
TTAGCGACAATGAAAC-1,0.9965400087724212
TTAGCGACACACACAT-1,0.9914327150017644
TTAGCGAGTGAGCTAG-1,0.9959595451447426
TTAGCGAGTGGGTAGT-1,0.9957300841136265
TTAGCGATCGCCCTTA-1,0.9766217758553866
TTAGCGATCTACCCGT-1,0.9959003439659984
TTAGCGATCTTCTCTC-1,0.9910896590954783
TTAGCTTAGGTTCGAG-1,0.9894742050154685
TTAGCTTAGTTCTCCC-1,0.029104742257692065
TTAGCTTAGTTGCGCC-1,0.9966491292382874
TTAGCTTCAGACCTGC-1,0.0037351918010112154
TTAGCTTCAGGTTATC-1,0.9965658585563946
TTAGCTTGTCCAACCG-1,0.9963866555579062
TTAGCTTTCCATGACA-1,0.9951452564243981
TTAGCTTTCTGACATG-1,0.9954565580958085
TTAGGTGAGAGCTGTG-1,0.9964603670549896
TTAGGTGCAGGCACAA-1,1.7361252967713292e-73
TTAGGTGGTCATTGCA-1,0.9939694784342803
TTAGGTGGTGCGTCCA-1,3.8462814831010543e-44
TTAGGTGGTTGGCTAT-1,0.9960859703849237
TTATGTCAGCTCCGGT-1,0.996436224324722
TTATGTCTCTTGTCGC-1,8.827811960972346e-34
TTCAACTAGCGCCTAC-1,0.9951582625810489
TTCAACTCACGAACGA-1,0.995747285134894
TTCATCAAGGCGTAGT-1,0.9962801818297855
TTCATCAAGTCTGTGT-1,0.9941853435926739
TTCATCACATCCGTGG-1,0.9928770411000952
TTCATCAGTGTTAGAA-1,0.9958965210678976
TTCATCAGTTAGCTCA-1,0.9950776486309391
TTCATCATCAGTGTAC-1,0.9961894209310094
TTCATCATCCAGAATC-1,0.992906384146998
TTCATCATCGTTTGAG-1,0.9961233961492308
TTCATTGAGAACTAAC-1,5.028338343820133e-81
TTCATTGAGTAACACA-1,6.217098308757343e-48
TTCATTGCAAATTGAG-1,0.9966116746775577
TTCATTGCACCTGAAT-1,0.21236875234838443
TTCATTGGTGGTAGAC-1,0.9955574864165445
TTCGATTAGAGCACTG-1,3.8315675169683035e-05
TTCGATTAGGATTGAT-1,0.9924861444600582
TTCGATTAGTTTACGC-1,0.9925692612961874
TTCGATTGTGGCATAG-1,0.9961964133125236
TTCGCGTAGGACTAGC-1,1.9097723423716535e-64
TTCGCGTCAAGTCCTA-1,0.9965537751265564
TTCGGTCCAAATGCTC-1,0.9938534599019907
TTCGGTCTCCATACGA-1,0.9948648847632034
TTCGTTACAAAGACGC-1,1.0617287187856562e-09
TTCGTTACAAATAGTG-1,0.9962611458413555
TTCGTTACAGGCATTT-1,0.9884330719401019
TTCGTTATCTAGTCGA-1,0.9828405098320782
TTCGTTATCTGTCGTC-1,0.9934516491940888
TTCTAACAGAATCAGT-1,0.9939408130581665
TTCTAACAGGAACCGT-1,0.9958711374910599
TTCTAACCACAGTAGG-1,0.9963129151427059
TTCTAACTCAGTCTTT-1,0.995811871002629
TTCTAACTCCCAATAG-1,0.9963865325776815
TTCTGTACAAGGAGGG-1,0.9959412854770132
TTCTGTACACTCGGAC-1,0.9892666358219713
TTCTGTACATACCCGG-1,0.9958372586606956
TTCTGTAGTATGTTCG-1,0.9963679643087363
TTCTGTAGTCATTGGT-1,0.9964641751603881
TTCTGTAGTTAGGAAT-1,0.9966301822914905
TTCTGTATCCATCGAA-1,0.9960120713939398
TTGACGACAATTCTCT-1,0.9863321408789087
TTGACGACATAGCCAT-1,0.9963607827000177
TTGACGAGTCAGAAAT-1,0.9950698614480498
TTGACGAGTTTGGATC-1,1.7668789940694194e-98
TTGACGATCAGGTTTG-1,1.4502074256940046e-06
TTGACGATCCAGAGAG-1,2.4863950005936582e-29
TTGAGCAAGAAAGGGT-1,0.9963697783403516
TTGAGCAAGAGCTGTG-1,0.9957093897559134
TTGAGCAAGTCCAGAG-1,4.481905846088012e-27
TTGAGCAGTGAGTCGA-1,0.9965431204435344
TTGAGTGAGTTGCCGC-1,1.443247637406313e-53
TTGAGTGGTCAGGCTC-1,0.9904669007529906
TTGAGTGGTCTCGGGT-1,0.9955294645533732
TTGAGTGGTTCTACGA-1,0.9962053411988143
TTGAGTGTCATTCTTG-1,0.9942323421222663
TTGAGTGTCTAGCAGT-1,0.9957474767177268
TTGCACCAGGGATCCA-1,0.9944507052050917
TTGCACCCATTTGGTG-1,0.9962818678402766
TTGCACCTCGCGTTCT-1,0.9963395344933521
TTGCAGAAGAAAGCAG-1,2.1669853369088233e-38
TTGCAGAAGGAAGGTA-1,0.9947435270378044
TTGCAGACAATTAGGA-1,0.9937092378540996
TTGCAGACAGGACTGA-1,0.9965820631591469
TTGCAGACAGGTAGGT-1,0.9964426053582947
TTGCAGATCGCATAAC-1,0.8949048039374439
TTGCCCAAGAACAGGA-1,0.9505722707305655
TTGCCCAAGCAACGGT-1,0.9946003219617247
TTGCCCAAGGATATCA-1,0.9762154636918549
TTGCCCACAACAAACA-1,5.97060484602008e-95
TTGCCCACAATGGTAA-1,2.389066606739369e-16
TTGCCCACATCAACTG-1,2.408438415793679e-16
TTGCCCAGTAAACCCT-1,0.9966536856705737
TTGCGAAAGTTTGGAA-1,0.9943465341004081
TTGCGAACAGAGAGAA-1,0.9678066570607491
TTGCGAATCAAGAGGC-1,0.9899598822635659
TTGCGGGCACGCTAAT-1,0.9960183125140732
TTGCGGGCACTGTTAG-1,0.9959951205247272
TTGCGGGTCGACCCGA-1,0.9963050307412544
TTGCGGGTCTGAGTAC-1,0.9957263147165516
TTGCTATAGGCAATTA-1,4.053267728057186e-57
TTGCTATAGGCAGTGT-1,0.5639458249114586
TTGCTATCACGTTGTA-1,0.9961745581093285
TTGCTATGTCATAGAA-1,0.9923748839528518
TTGCTTAAGCAATGTA-1,0.9897642816766731
TTGCTTAAGTTATGAG-1,3.317546029598142e-52
TTGCTTACAAGGAAGA-1,7.548683792147078e-59
TTGCTTAGTACCAAGG-1,0.9961158060053507
TTGCTTAGTACGCCCA-1,0.9956435575918612
TTGCTTATCACTTACT-1,0.9943772801582239
TTGGTCCAGCTGATTC-1,0.9959423823657503
TTGGTCCCACCCTTTG-1,0.7855677022207345
TTGGTCCCAGGTCTGC-1,0.8044953177265542
TTGTCTAGTCATCGTA-1,0.995778053785786
TTGTCTAGTGAGTCGA-1,0.9963239973595187
TTGTCTATCCATCGAA-1,0.9888931925755868
TTGTCTATCTTTGCAT-1,0.9961406529156507
TTGTTCAAGTCCGTGC-1,0.020509668967866896
TTGTTCAAGTTGCTTG-1,0.9930190400759207
TTGTTCACACAAGGGT-1,2.968596113548706e-33
TTGTTCACAGAATGCG-1,0.9956639750146339
TTGTTCACATTGTGAC-1,0.9934308464996661
TTGTTCATCCTGGAAT-1,0.9948589396368188
TTGTTGTAGGCGCTTC-1,0.9962096011156106
TTGTTGTCACCAAGGA-1,0.9791508321247073
TTGTTGTCACTCCTCA-1,0.9960850905478331
TTGTTGTGTATGTTCG-1,0.9961164835048892
TTGTTGTGTCTCTAAG-1,0.9960505054106669
TTGTTGTGTGCAAGCA-1,0.9955286996437588
TTGTTGTGTGCTTCCT-1,0.9960742717645457
TTGTTGTTCCAGCACG-1,0.9955242203037518
TTGTTGTTCCTGACCT-1,0.9965365951484293
TTGTTGTTCGCGTGAC-1,0.9965639687000484
TTGTTGTTCGCTAGTA-1,0.9909309859455054
TTGTTGTTCTCCCTTT-1,0.21904075756522742
TTTACGTCATTGCACA-1,0.9960092038243478
TTTACGTTCGATCTTT-1,0.973850089906368
TTTGAGGCATGGTATC-1,0.9958669587219289
TTTGAGGGTGAATCAA-1,0.9963609820564671
TTTGAGGTCGGGACAA-1,0.9954608874550522
TTTGCGCAGAAGCCGT-1,2.0642207095283618e-74
TTTGCGCAGGTAGGCT-1,0.005215091756103097
TTTGCGCGTCATAGCT-1,0.9950459226710926
TTTGCGCGTTACTACG-1,0.9952627920820919
TTTGCGCTCAGGCGCT-1,0.9949557989403767
TTTGCGCTCCACTAGA-1,0.9964113275878983
TTTGGCCAGCAATGTA-1,0.9391651938932283
TTTGGCCAGGCCTCGT-1,0.9961360703688003
TTTGGCCCAACTCGAT-1,0.9964553661319729
TTTGGCCCACACGGTC-1,0.9962593223503087
TTTGGCCGTGGTCGAA-1,0.9956402790239152
TTTGGCCTCGAGGTAG-1,0.9917145862498233
TTTGGTTAGACTCTTG-1,1.0994956964174777e-56
TTTGGTTGTAACCGAG-1,0.9963395725310715
TTTGGTTTCGACTTAG-1,0.9892491352007965
TTTGGTTTCGCGTTCT-1,0.996159254278991
TTTGGTTTCTCTGAGA-1,0.9864813332738854
TTTGTGTGTTTAGACC-1,0.9935220012395374
TTTGTGTTCAAGAGGC-1,0.8882834917807012
TTTGTGTTCAGTCAAC-1,2.3127709423481856e-36
TTTGTGTTCTCGCGTT-1,0.9960193259490356
