barcode,UMAP1,UMAP2,Domain
AAACGAAAGAAGCCGT-1,-1.2357726,-7.411053,scCutTag_gene_activity_scores
AAACGAAAGAGTGGAA-1,1.0302826,-11.812401,scCutTag_gene_activity_scores
AAACGAAAGTCTTAGC-1,0.6760825,-10.071458,scCutTag_gene_activity_scores
AAACGAAGTACCAAGG-1,0.7948652,-12.656084,scCutTag_gene_activity_scores
AAACGAAGTCACAGGA-1,13.071669,5.423896,scCutTag_gene_activity_scores
AAACGAATCAGGCCGT-1,-1.0426337,-10.727926,scCutTag_gene_activity_scores
AAACGAATCGTTCAGA-1,0.1780685,-9.160321,scCutTag_gene_activity_scores
AAACGAATCTGACTTT-1,2.078968,-4.40014,scCutTag_gene_activity_scores
AAACTCGAGAGAAGCA-1,0.51767033,-10.156588,scCutTag_gene_activity_scores
AAACTCGAGTGCTGAG-1,-4.3094234,-2.4438927,scCutTag_gene_activity_scores
AAACTCGAGTGTCGGA-1,2.3637362,-2.8309083,scCutTag_gene_activity_scores
AAACTCGCAATCAGGG-1,-0.8078102,-13.194015,scCutTag_gene_activity_scores
AAACTCGCACTGTCGG-1,-0.84925157,-7.563738,scCutTag_gene_activity_scores
AAACTCGGTGCGCTCA-1,-1.4807917,-10.712072,scCutTag_gene_activity_scores
AAACTCGTCAACACGT-1,10.114946,-8.225728,scCutTag_gene_activity_scores
AAACTGCAGAGGTGGG-1,5.557288,4.5410085,scCutTag_gene_activity_scores
AAACTGCAGGAACCGT-1,-1.016697,-12.90083,scCutTag_gene_activity_scores
AAACTGCAGTCCCTCT-1,7.9773817,-6.8130674,scCutTag_gene_activity_scores
AAACTGCCAACCTCCT-1,-2.3545923,-11.901523,scCutTag_gene_activity_scores
AAACTGCCACCACAGC-1,12.581595,5.2951674,scCutTag_gene_activity_scores
AAACTGCCAGATTTGC-1,3.1817605,-3.642987,scCutTag_gene_activity_scores
AAACTGCGTTGGCGAA-1,-1.68684,-11.783594,scCutTag_gene_activity_scores
AAAGATGAGCGAGAAA-1,-0.28610846,14.167938,scCutTag_gene_activity_scores
AAAGATGCAGATGGCA-1,3.3413236,-3.259719,scCutTag_gene_activity_scores
AAAGATGCATGTGGGA-1,-0.6396769,-7.228451,scCutTag_gene_activity_scores
AAAGATGGTGAAACAT-1,0.14474894,11.061851,scCutTag_gene_activity_scores
AAAGATGTCCGGGCAT-1,8.191089,5.4480157,scCutTag_gene_activity_scores
AAAGGATAGTCCGGAA-1,-0.062413655,-10.693481,scCutTag_gene_activity_scores
AAAGGATCAACGTAGG-1,-0.27099314,-6.7747383,scCutTag_gene_activity_scores
AAAGGATCATACCCGG-1,-0.226325,-10.930156,scCutTag_gene_activity_scores
AAAGGATGTATCATGC-1,0.1699678,-11.907019,scCutTag_gene_activity_scores
AAAGGATTCATAGGTC-1,-0.47773045,-11.3392935,scCutTag_gene_activity_scores
AAAGGGCAGACAGTGC-1,2.1837084,-3.9224043,scCutTag_gene_activity_scores
AAAGGGCAGGATCCTT-1,0.90385777,-5.4857674,scCutTag_gene_activity_scores
AAAGGGCCACCGTCTT-1,3.5650616,-3.859236,scCutTag_gene_activity_scores
AAAGGGCCATTCTCGC-1,-3.3860455,-2.682552,scCutTag_gene_activity_scores
AAAGGGCGTAGTTTGC-1,-0.5901156,-7.24679,scCutTag_gene_activity_scores
AAAGGGCGTTACACTG-1,11.4625635,7.232057,scCutTag_gene_activity_scores
AAAGGGCTCACCCTTG-1,2.4739451,-4.5451856,scCutTag_gene_activity_scores
AAAGGGCTCAGTGTGT-1,-1.1315244,-11.420564,scCutTag_gene_activity_scores
AAATGAGAGACTAGCG-1,-1.2939439,-11.1619425,scCutTag_gene_activity_scores
AAATGAGAGAGTGGAA-1,-0.103416204,14.843929,scCutTag_gene_activity_scores
AAATGAGAGTATACCC-1,3.9372945,-3.857716,scCutTag_gene_activity_scores
AAATGAGCAACGTAGG-1,0.63053095,-10.570981,scCutTag_gene_activity_scores
AAATGAGCACTTATGG-1,6.022026,4.163644,scCutTag_gene_activity_scores
AAATGAGTCGATATGC-1,-2.8478794,-0.41424745,scCutTag_gene_activity_scores
AAATGAGTCTATGAGC-1,1.9096991,-4.1858873,scCutTag_gene_activity_scores
AAATGCCAGGCACCTC-1,1.0699025,-3.9589033,scCutTag_gene_activity_scores
AAATGCCCAATGGTCT-1,-2.184998,-11.140831,scCutTag_gene_activity_scores
AAATGCCTCCAACGCG-1,10.356638,-7.37646,scCutTag_gene_activity_scores
AAATGCCTCCGTGCAG-1,14.860867,7.3942447,scCutTag_gene_activity_scores
AACAAAGCAACGACAG-1,3.0014462,-4.2250586,scCutTag_gene_activity_scores
AACAAAGCACAGTTAC-1,-1.8924899,-11.846291,scCutTag_gene_activity_scores
AACAAAGCAGTGCGAA-1,-1.416715,-11.24187,scCutTag_gene_activity_scores
AACAAAGCATTCTTTG-1,0.7485817,-10.762564,scCutTag_gene_activity_scores
AACAAAGGTACGTATC-1,3.7890582,-3.9280784,scCutTag_gene_activity_scores
AACAAAGTCAGCCGGT-1,0.0820207,-10.905669,scCutTag_gene_activity_scores
AACAGTCCACCTACCT-1,12.697395,4.9675736,scCutTag_gene_activity_scores
AACAGTCCATTCCCGT-1,3.311813,-3.5066016,scCutTag_gene_activity_scores
AACAGTCGTAAACCCT-1,0.14400148,-11.467836,scCutTag_gene_activity_scores
AACAGTCGTAGGTGAC-1,-7.7531,7.970906,scCutTag_gene_activity_scores
AACAGTCGTCGAGGAT-1,-0.773172,13.591634,scCutTag_gene_activity_scores
AACAGTCGTGATCAGG-1,0.1037703,-11.163102,scCutTag_gene_activity_scores
AACATCGAGAATGCTA-1,-4.922119,-2.0031497,scCutTag_gene_activity_scores
AACATCGAGAGGCGGA-1,-2.1850111,-2.2233107,scCutTag_gene_activity_scores
AACATCGAGATGTTGA-1,9.840256,7.0376706,scCutTag_gene_activity_scores
AACATCGGTCATGAGG-1,-1.3131908,-10.299248,scCutTag_gene_activity_scores
AACCAACAGAGTTTGA-1,-0.5415101,12.587123,scCutTag_gene_activity_scores
AACCAACAGGATTAAC-1,1.5364493,-5.477782,scCutTag_gene_activity_scores
AACCAACAGTGAGCAC-1,-3.1181364,-1.646758,scCutTag_gene_activity_scores
AACCAACAGTGTCGCC-1,0.98008746,-10.687061,scCutTag_gene_activity_scores
AACCAACCACAGAAGC-1,2.8700337,-3.0328088,scCutTag_gene_activity_scores
AACCAACCAGGAGCAT-1,-2.0703287,-12.33719,scCutTag_gene_activity_scores
AACCAACGTGATGCGA-1,1.3456676,-11.432793,scCutTag_gene_activity_scores
AACCAACTCCGAGAGA-1,1.7173712,-4.6589594,scCutTag_gene_activity_scores
AACCGATAGGTCTTTG-1,-7.491735,8.097297,scCutTag_gene_activity_scores
AACCGATCATTCACCC-1,-4.596061,-2.1148267,scCutTag_gene_activity_scores
AACCGATGTCTGATTG-1,-1.3711812,12.117107,scCutTag_gene_activity_scores
AACCGATGTTTGATCG-1,11.522856,5.929139,scCutTag_gene_activity_scores
AACCGATTCGAGAACG-1,6.9055753,3.8320856,scCutTag_gene_activity_scores
AACCTGAAGAGTGGAA-1,2.6666331,-3.205066,scCutTag_gene_activity_scores
AACCTGAAGATATGAC-1,-0.01257004,-9.057188,scCutTag_gene_activity_scores
AACCTGAAGGGAGTTC-1,3.1033723,-4.5473323,scCutTag_gene_activity_scores
AACCTGACATGGCCTG-1,-0.21694267,-10.920854,scCutTag_gene_activity_scores
AACCTGACATTCACGA-1,0.26171207,-11.086097,scCutTag_gene_activity_scores
AACCTGAGTAGGTGAC-1,3.5259955,-4.368399,scCutTag_gene_activity_scores
AACCTGATCAGGTCTA-1,-3.556761,-1.9437268,scCutTag_gene_activity_scores
AACCTTTAGGATCCTT-1,-0.17508656,-7.9025974,scCutTag_gene_activity_scores
AACCTTTCAGAAAGAG-1,-1.0527366,-7.031663,scCutTag_gene_activity_scores
AACCTTTGTTAACTCG-1,-3.4171233,-1.5266551,scCutTag_gene_activity_scores
AACCTTTTCCAGAGAG-1,1.037936,11.939882,scCutTag_gene_activity_scores
AACCTTTTCCTATCAT-1,1.941222,-3.0057673,scCutTag_gene_activity_scores
AACCTTTTCGTGGGTC-1,0.9836402,-11.157003,scCutTag_gene_activity_scores
AACCTTTTCTCCCTTT-1,-4.49611,-2.0488787,scCutTag_gene_activity_scores
AACGAGGAGAGGCCTA-1,1.0307894,-10.01075,scCutTag_gene_activity_scores
AACGAGGAGGTCACTT-1,-1.5620955,-11.417556,scCutTag_gene_activity_scores
AACGAGGCAATGCATC-1,-2.084205,-12.435426,scCutTag_gene_activity_scores
AACGAGGCACTGAAGG-1,0.16298166,-11.270614,scCutTag_gene_activity_scores
AACGAGGTCTTAACGG-1,3.3721077,-2.9816325,scCutTag_gene_activity_scores
AACGAGGTCTTGTCAT-1,2.7163641,-4.693145,scCutTag_gene_activity_scores
AACGGGAAGGACTTTC-1,-8.466491,8.474906,scCutTag_gene_activity_scores
AACGGGAAGTTGAATG-1,1.3309435,-5.2842045,scCutTag_gene_activity_scores
AACGGGACAATTCAGC-1,-0.03655493,10.998654,scCutTag_gene_activity_scores
AACGGGACACGCGTTG-1,-1.575716,-11.959639,scCutTag_gene_activity_scores
AACGGGACATAGACGG-1,1.3261038,-4.886397,scCutTag_gene_activity_scores
AACGGGAGTTCAGTTG-1,3.4555635,-4.548563,scCutTag_gene_activity_scores
AACGTACCAAGTTCGT-1,-0.9654587,-9.181571,scCutTag_gene_activity_scores
AACGTACCACTGTTAG-1,-1.0470208,10.030109,scCutTag_gene_activity_scores
AACGTACGTCGAGAAC-1,0.4635993,-10.054576,scCutTag_gene_activity_scores
AACGTACTCCCAGTAA-1,1.1793597,-9.773864,scCutTag_gene_activity_scores
AACGTACTCCTAGAGT-1,-7.826686,9.062256,scCutTag_gene_activity_scores
AACTGGTAGTGATAAC-1,-0.79710156,11.69232,scCutTag_gene_activity_scores
AACTGGTCATGTAGAA-1,0.84123546,-12.687016,scCutTag_gene_activity_scores
AACTGGTGTTAGTAGA-1,12.686808,7.1913605,scCutTag_gene_activity_scores
AACTGGTGTTTGTACG-1,2.1301763,-3.2573478,scCutTag_gene_activity_scores
AACTGGTTCATCGCTC-1,-2.392491,-11.840063,scCutTag_gene_activity_scores
AACTGGTTCGTTCAGA-1,-0.6193975,-10.971996,scCutTag_gene_activity_scores
AACTGTGAGATCTCAC-1,-0.52851623,-6.695913,scCutTag_gene_activity_scores
AACTGTGAGGAGTACC-1,-1.0617367,-10.076515,scCutTag_gene_activity_scores
AACTGTGGTGCCGGTT-1,-0.7467797,-7.876586,scCutTag_gene_activity_scores
AACTGTGTCAGGATCT-1,-0.52239525,-11.235637,scCutTag_gene_activity_scores
AACTGTGTCTATCTTG-1,-3.33757,-2.488279,scCutTag_gene_activity_scores
AACTTGGAGAAAGGGT-1,-0.6776166,-11.8408165,scCutTag_gene_activity_scores
AACTTGGAGGCGTCCT-1,-4.470701,-2.024763,scCutTag_gene_activity_scores
AACTTGGCAACGTCCG-1,-1.0313233,-10.6308,scCutTag_gene_activity_scores
AACTTGGCAAGGAACC-1,2.1972253,-3.46723,scCutTag_gene_activity_scores
AACTTGGGTATTCGCA-1,0.37146592,-10.41943,scCutTag_gene_activity_scores
AACTTGGGTCGTAATC-1,1.2841734,-11.411006,scCutTag_gene_activity_scores
AACTTGGGTCTGGTCG-1,-0.78122467,-6.7671804,scCutTag_gene_activity_scores
AACTTGGTCAGGCCGT-1,2.8482852,-2.6179647,scCutTag_gene_activity_scores
AACTTGGTCCTTGACC-1,-8.315744,7.9119883,scCutTag_gene_activity_scores
AACTTGGTCTTAAGCG-1,0.93249816,-4.2138734,scCutTag_gene_activity_scores
AAGATAGAGAGTAAGG-1,-1.4853696,-10.566608,scCutTag_gene_activity_scores
AAGATAGAGATGTTCC-1,-7.592863,8.555294,scCutTag_gene_activity_scores
AAGATAGAGCGGACAT-1,-4.2121677,-2.5645428,scCutTag_gene_activity_scores
AAGATAGAGGTACATA-1,2.471993,-4.874876,scCutTag_gene_activity_scores
AAGATAGCATGGTTTG-1,1.5275166,-5.3629675,scCutTag_gene_activity_scores
AAGATAGGTGTCGGTC-1,-1.2367169,-12.727656,scCutTag_gene_activity_scores
AAGATAGTCTATTGTC-1,-7.2103267,8.651846,scCutTag_gene_activity_scores
AAGATAGTCTCGACCT-1,2.4270737,-5.3439655,scCutTag_gene_activity_scores
AAGGAGCCAGGGTAAC-1,-0.3530504,-10.02084,scCutTag_gene_activity_scores
AAGGAGCCATGGCCGT-1,1.5176601,-11.095944,scCutTag_gene_activity_scores
AAGGAGCGTAACTGAA-1,1.5807587,-3.5202034,scCutTag_gene_activity_scores
AAGGAGCTCACTGATG-1,-1.2643293,-11.486777,scCutTag_gene_activity_scores
AAGGAGCTCAGGTTTG-1,-1.9534733,-11.772986,scCutTag_gene_activity_scores
AAGGAGCTCCCTACCA-1,-4.3400054,-1.0159982,scCutTag_gene_activity_scores
AAGGAGCTCGACTCGG-1,3.4203153,-4.0331454,scCutTag_gene_activity_scores
AAGGAGCTCGATGTAC-1,0.46666008,-11.337041,scCutTag_gene_activity_scores
AAGGAGCTCGTGGCGT-1,15.709125,6.782494,scCutTag_gene_activity_scores
AAGGTTCCAATCAGGG-1,10.939554,9.431536,scCutTag_gene_activity_scores
AAGGTTCCACTTATGG-1,3.2730405,-2.8469908,scCutTag_gene_activity_scores
AAGGTTCCATGGTAAA-1,10.363363,7.974164,scCutTag_gene_activity_scores
AAGGTTCTCGTGTGCG-1,-8.548938,8.3591585,scCutTag_gene_activity_scores
AAGGTTCTCTCGCGGA-1,-4.6202188,-2.2419934,scCutTag_gene_activity_scores
AATACGCAGTGTGTAA-1,1.1308442,-11.233345,scCutTag_gene_activity_scores
AATACGCCACTTATGG-1,9.16211,6.8944607,scCutTag_gene_activity_scores
AATACGCGTATGGGTG-1,0.09057281,14.354463,scCutTag_gene_activity_scores
AATACGCGTGAATCGG-1,2.1011746,-4.9009075,scCutTag_gene_activity_scores
AATACGCGTTTCGATG-1,0.37298667,-11.026655,scCutTag_gene_activity_scores
AATACGCTCACTCCCA-1,2.4618075,-4.106836,scCutTag_gene_activity_scores
AATACGCTCGTGGAAG-1,2.876261,-2.7206128,scCutTag_gene_activity_scores
AATACGCTCTAGCAAC-1,2.1199553,-3.1426244,scCutTag_gene_activity_scores
AATGCCACAGCGTGAA-1,-1.5224607,-12.079658,scCutTag_gene_activity_scores
AATGCCACATATTGGC-1,0.96331173,-11.667336,scCutTag_gene_activity_scores
AATGCCAGTCATTGCA-1,-1.174784,-11.860554,scCutTag_gene_activity_scores
AATGGAACAAGCGTCC-1,3.1024806,-3.0759988,scCutTag_gene_activity_scores
AATGGAACACTCAGCG-1,5.900897,4.070793,scCutTag_gene_activity_scores
AATGGAACAGCACATT-1,-1.0189711,-11.933087,scCutTag_gene_activity_scores
AATGGAACATCAGAAA-1,12.958223,5.139433,scCutTag_gene_activity_scores
AATGGAAGTAAGCCGA-1,5.953421,3.4671078,scCutTag_gene_activity_scores
AATGGAAGTTAACCAC-1,5.395941,4.3083506,scCutTag_gene_activity_scores
AATGGAAGTTCCTGTC-1,1.4179709,-4.533283,scCutTag_gene_activity_scores
AATGGAATCCCAATAG-1,-7.705195,8.106296,scCutTag_gene_activity_scores
AATGGAATCGGTCTCT-1,-3.5488982,-1.5296372,scCutTag_gene_activity_scores
AATGGCTAGTACAACA-1,14.3646345,6.4514556,scCutTag_gene_activity_scores
AATGGCTAGTTGCGCC-1,-2.7786257,-0.31942508,scCutTag_gene_activity_scores
AATGGCTAGTTGGAAT-1,-3.0473478,-3.1732125,scCutTag_gene_activity_scores
AATGGCTCAGCAACGA-1,0.30632415,-11.142844,scCutTag_gene_activity_scores
AATGGCTGTACTAGAA-1,10.511516,-6.3413105,scCutTag_gene_activity_scores
AATGGCTGTATTGTGC-1,2.9707923,-2.9195275,scCutTag_gene_activity_scores
AATGGCTTCCGCTCTA-1,7.744007,5.456765,scCutTag_gene_activity_scores
AATGGCTTCCGTTAGA-1,-7.741362,8.904753,scCutTag_gene_activity_scores
AATGTCGAGAACGACC-1,4.42069,4.45993,scCutTag_gene_activity_scores
AATGTCGCAAGGAAGA-1,-0.9218723,-2.8648496,scCutTag_gene_activity_scores
AATGTCGCACACACAT-1,-7.435597,8.519592,scCutTag_gene_activity_scores
AATGTCGCAGCTATAC-1,-1.4879833,-11.295967,scCutTag_gene_activity_scores
AATGTCGGTAATGCCT-1,-2.0319042,-11.151965,scCutTag_gene_activity_scores
AATGTCGGTATTCGAC-1,2.477917,-3.5924234,scCutTag_gene_activity_scores
AATGTCGGTGAATCGG-1,-1.0162044,-6.342597,scCutTag_gene_activity_scores
AATGTCGGTGGATTCT-1,-0.7861854,-11.17943,scCutTag_gene_activity_scores
AATGTCGTCTATGAGC-1,-2.9582777,-2.67317,scCutTag_gene_activity_scores
ACAAACCAGAATACTG-1,14.9832325,7.268486,scCutTag_gene_activity_scores
ACAAACCCAGGATGTG-1,-3.5527737,-2.8870256,scCutTag_gene_activity_scores
ACAAACCCATTGCCTC-1,-1.0912087,12.065641,scCutTag_gene_activity_scores
ACAAACCGTATTCTTC-1,-0.09838016,11.647734,scCutTag_gene_activity_scores
ACAAACCGTCTGTGTA-1,-1.8252037,-11.778069,scCutTag_gene_activity_scores
ACAAAGAGTCAGACGA-1,1.8048757,-3.605939,scCutTag_gene_activity_scores
ACAAAGAGTCCATTGA-1,0.44414002,-11.988129,scCutTag_gene_activity_scores
ACAAAGAGTGTCGTCG-1,-0.66357774,-10.713502,scCutTag_gene_activity_scores
ACAAAGAGTTTGTGAC-1,3.433786,-3.0625975,scCutTag_gene_activity_scores
ACAAAGATCACTCGGG-1,-2.835607,-1.7422348,scCutTag_gene_activity_scores
ACAAGCTCACGCTCAG-1,1.5450706,-3.2210603,scCutTag_gene_activity_scores
ACAAGCTGTACGGATG-1,10.053829,-8.317428,scCutTag_gene_activity_scores
ACAAGCTGTTTAGGAA-1,-1.4717404,-12.67767,scCutTag_gene_activity_scores
ACAAGCTTCACGATTG-1,3.0637076,-3.2640834,scCutTag_gene_activity_scores
ACAAGCTTCACTAGGT-1,2.7190218,-4.132045,scCutTag_gene_activity_scores
ACAAGCTTCACTGATG-1,-7.022583,8.339954,scCutTag_gene_activity_scores
ACAAGCTTCCTCCTGA-1,3.2999268,-3.4223049,scCutTag_gene_activity_scores
ACAATCGAGAGAGTAG-1,1.8383787,-4.903603,scCutTag_gene_activity_scores
ACAATCGCAGGTTATC-1,0.804749,-12.734698,scCutTag_gene_activity_scores
ACAATCGCAGTTGCAT-1,0.9288462,-11.318813,scCutTag_gene_activity_scores
ACAATCGGTTGGCGAA-1,12.202297,5.2653775,scCutTag_gene_activity_scores
ACAATCGTCTTCACTA-1,-2.8011296,-2.644701,scCutTag_gene_activity_scores
ACAGAAAAGGAAACTT-1,2.5326326,-3.4340806,scCutTag_gene_activity_scores
ACAGAAAAGGAGTACC-1,-0.7987645,10.126567,scCutTag_gene_activity_scores
ACAGAAAAGTACTCTG-1,6.5353036,4.3574686,scCutTag_gene_activity_scores
ACAGAAACAACACGGA-1,1.0998231,-9.766813,scCutTag_gene_activity_scores
ACAGAAAGTACGCAAG-1,-0.5251737,-12.171366,scCutTag_gene_activity_scores
ACAGAAATCACAACAC-1,13.678314,8.164529,scCutTag_gene_activity_scores
ACAGAAATCATGAACC-1,12.987785,9.616899,scCutTag_gene_activity_scores
ACAGAAATCCCGTAGG-1,1.939109,-3.6906867,scCutTag_gene_activity_scores
ACAGACTCAACGCAAG-1,-0.8224595,-6.814427,scCutTag_gene_activity_scores
ACAGACTCACTCGCAG-1,2.5294478,-4.4699564,scCutTag_gene_activity_scores
ACAGACTCATGATCGT-1,0.73505044,-11.627458,scCutTag_gene_activity_scores
ACAGACTCATGGAGGT-1,3.055072,-4.0901666,scCutTag_gene_activity_scores
ACAGACTCATTAGCCA-1,0.78147256,-10.85386,scCutTag_gene_activity_scores
ACAGACTGTTCCAGTA-1,-1.299861,-12.862738,scCutTag_gene_activity_scores
ACAGACTTCACGTCAA-1,0.7913078,14.02601,scCutTag_gene_activity_scores
ACAGACTTCATTCATC-1,6.6494203,3.9918303,scCutTag_gene_activity_scores
ACAGACTTCTTACTCA-1,1.1986619,-11.961709,scCutTag_gene_activity_scores
ACAGCGCAGTGAATAC-1,-8.321619,8.504804,scCutTag_gene_activity_scores
ACAGCGCGTCAACGGA-1,2.6523123,-3.9394426,scCutTag_gene_activity_scores
ACAGGCCCAAAGACGC-1,6.9732294,4.837435,scCutTag_gene_activity_scores
ACAGGCCCAACTCGTA-1,-1.6521195,-12.625997,scCutTag_gene_activity_scores
ACAGGCCTCGCCAGAC-1,-2.2549272,-2.5788136,scCutTag_gene_activity_scores
ACAGGCCTCGGGATCC-1,10.302991,5.913589,scCutTag_gene_activity_scores
ACAGGCCTCTGACATG-1,1.7702345,-4.9050913,scCutTag_gene_activity_scores
ACAGGCCTCTGATCCC-1,-3.766497,-2.5854394,scCutTag_gene_activity_scores
ACATGCAAGCAGAATT-1,-3.3767025,-1.7103649,scCutTag_gene_activity_scores
ACATGCAAGCTTCAAC-1,-2.821144,-2.845387,scCutTag_gene_activity_scores
ACATGCAAGGAAGAAC-1,0.11340207,-10.331517,scCutTag_gene_activity_scores
ACATGCACATGCACTA-1,2.8544354,-4.652097,scCutTag_gene_activity_scores
ACATGCACATGGTATC-1,-7.3416667,8.498823,scCutTag_gene_activity_scores
ACATGCATCGTGGCGT-1,6.5710006,4.647229,scCutTag_gene_activity_scores
ACATGGTAGACTTCCA-1,3.3017857,-3.5545723,scCutTag_gene_activity_scores
ACATGGTAGTTCCAGT-1,2.679146,-2.9954596,scCutTag_gene_activity_scores
ACATGGTCAAGCAATA-1,13.05994,8.764864,scCutTag_gene_activity_scores
ACATGGTCACGCTAAT-1,0.06860383,12.995265,scCutTag_gene_activity_scores
ACATGGTGTGTGCTTA-1,-0.20340319,-10.749795,scCutTag_gene_activity_scores
ACATGGTTCCCTACGT-1,-3.7676888,-1.4588041,scCutTag_gene_activity_scores
ACATGGTTCCGGACTG-1,11.586443,8.106996,scCutTag_gene_activity_scores
ACCAAACAGTCAGGAC-1,-3.6735992,-1.365706,scCutTag_gene_activity_scores
ACCAAACCAACGTACT-1,-0.47343996,-12.117868,scCutTag_gene_activity_scores
ACCAAACCATATAGAG-1,2.4658217,-3.1842158,scCutTag_gene_activity_scores
ACCAAACGTAACGTAA-1,1.6917943,-3.6755037,scCutTag_gene_activity_scores
ACCAAACGTGTGTGTT-1,2.9028685,-4.558875,scCutTag_gene_activity_scores
ACCAAACTCGAACACT-1,-2.0298126,-11.863058,scCutTag_gene_activity_scores
ACCATCCAGACAACGC-1,0.6147759,-11.997418,scCutTag_gene_activity_scores
ACCATCCAGATGGGAA-1,-0.7574966,-12.472272,scCutTag_gene_activity_scores
ACCATCCGTCGCTACG-1,3.6141646,-4.1289916,scCutTag_gene_activity_scores
ACCATCCTCAAACCAC-1,14.26348,7.980901,scCutTag_gene_activity_scores
ACCATCCTCAGTTGAC-1,-7.819246,8.197945,scCutTag_gene_activity_scores
ACCATCCTCGACTGGC-1,2.7482696,-4.622562,scCutTag_gene_activity_scores
ACCATCCTCTTACTCA-1,2.8676834,-3.8528492,scCutTag_gene_activity_scores
ACCCAAAAGCTTACCA-1,1.542343,-5.3133087,scCutTag_gene_activity_scores
ACCCAAACAAAGCATA-1,-1.4209026,-11.423131,scCutTag_gene_activity_scores
ACCCAAACACAGTTAC-1,2.3650525,-3.7023973,scCutTag_gene_activity_scores
ACCCAAAGTACGAGAC-1,-1.5628512,-2.7705522,scCutTag_gene_activity_scores
ACCCAAATCAACTTGG-1,-1.7076987,-12.030793,scCutTag_gene_activity_scores
ACCCAAATCAGGCGCT-1,2.1430364,-4.5685053,scCutTag_gene_activity_scores
ACCGAATAGAACGTCG-1,-0.14428604,11.63898,scCutTag_gene_activity_scores
ACCGAATAGTTGACAA-1,-2.1429775,-11.481322,scCutTag_gene_activity_scores
ACCGAATCAAGTCCTA-1,-0.108532265,-13.1131525,scCutTag_gene_activity_scores
ACCGAATCAATCACTG-1,3.1302733,-4.6959405,scCutTag_gene_activity_scores
ACCGAATCAATGACTC-1,1.086423,-10.435365,scCutTag_gene_activity_scores
ACCGAATCAATGTGTC-1,1.9592443,-3.8308024,scCutTag_gene_activity_scores
ACCGAATCACCCTTAC-1,1.9006594,-4.6955314,scCutTag_gene_activity_scores
ACCGAATGTACGACCC-1,2.1093054,-3.1170368,scCutTag_gene_activity_scores
ACCGCAGAGCTCGTTA-1,-3.0971508,-1.6599592,scCutTag_gene_activity_scores
ACCGCAGAGGGAGATA-1,0.08846156,-12.366559,scCutTag_gene_activity_scores
ACCGCAGGTACGTATC-1,3.1624672,-3.7419,scCutTag_gene_activity_scores
ACCGCAGTCCAAGAGG-1,0.028825061,-10.37714,scCutTag_gene_activity_scores
ACCGCAGTCTATCTCA-1,-3.3909657,-3.248978,scCutTag_gene_activity_scores
ACCGGGTCAACTCCCT-1,-1.6623973,-12.446629,scCutTag_gene_activity_scores
ACCGGGTCATGTGGGA-1,2.2338183,-4.536446,scCutTag_gene_activity_scores
ACCGGGTGTAAGCCGA-1,-0.90468836,-11.531591,scCutTag_gene_activity_scores
ACCGGGTGTCCGTAGC-1,-0.9560423,13.028211,scCutTag_gene_activity_scores
ACCGGGTGTCTAAGAA-1,-7.5980444,7.604862,scCutTag_gene_activity_scores
ACCGGGTTCAGGTTTG-1,-7.7864785,8.8334875,scCutTag_gene_activity_scores
ACCGGGTTCGGCAATT-1,2.7008104,-3.587382,scCutTag_gene_activity_scores
ACCGGGTTCGGTTGTA-1,2.697082,-3.1596715,scCutTag_gene_activity_scores
ACCTGCTAGATATGTG-1,13.272885,7.4382634,scCutTag_gene_activity_scores
ACCTGCTAGGCAGATC-1,10.881913,9.254175,scCutTag_gene_activity_scores
ACCTGCTGTAACGGAC-1,-7.916213,8.84629,scCutTag_gene_activity_scores
ACCTGCTTCGTATAGC-1,2.0686584,-4.922573,scCutTag_gene_activity_scores
ACGGATTAGGTTGTTC-1,-7.12078,8.215148,scCutTag_gene_activity_scores
ACGGATTGTCACTCTC-1,-0.47918296,-7.3785377,scCutTag_gene_activity_scores
ACGGATTGTTACTTTC-1,-0.47025716,-11.145215,scCutTag_gene_activity_scores
ACGGATTTCCACACCT-1,-0.11040238,-13.002104,scCutTag_gene_activity_scores
ACGGATTTCGAAGCCC-1,0.02277403,-11.051396,scCutTag_gene_activity_scores
ACGTGGCAGACTTGAA-1,-8.8070345,8.096893,scCutTag_gene_activity_scores
ACGTGGCCAGATACAA-1,-1.0373307,-10.964501,scCutTag_gene_activity_scores
ACGTGGCCATACAACC-1,9.14601,6.7125134,scCutTag_gene_activity_scores
ACGTGGCGTGTGCTTA-1,14.119963,7.011387,scCutTag_gene_activity_scores
ACGTGGCGTTTAGGAA-1,-1.1888499,15.160969,scCutTag_gene_activity_scores
ACGTGGCGTTTGACCA-1,1.1466663,-10.139507,scCutTag_gene_activity_scores
ACGTGGCTCCGCTCTA-1,0.08178309,-11.370739,scCutTag_gene_activity_scores
ACGTTAGAGGTCGTTT-1,0.3909046,-12.162492,scCutTag_gene_activity_scores
ACGTTAGCACAGCTTA-1,1.2093667,-11.822863,scCutTag_gene_activity_scores
ACGTTAGGTCTGATTG-1,0.87455875,-8.522975,scCutTag_gene_activity_scores
ACGTTAGGTGGTAAGC-1,2.5269885,-4.6299114,scCutTag_gene_activity_scores
ACGTTAGTCCACTAGA-1,-0.46285424,-10.732144,scCutTag_gene_activity_scores
ACGTTAGTCCGTGCGA-1,-8.380859,7.6844816,scCutTag_gene_activity_scores
ACGTTAGTCCTAAAGC-1,3.360795,-3.9230855,scCutTag_gene_activity_scores
ACGTTAGTCTATACCT-1,6.685914,3.608529,scCutTag_gene_activity_scores
ACTAACGAGAGGAACA-1,-0.35106245,-10.956022,scCutTag_gene_activity_scores
ACTAACGAGCCATCAT-1,6.4125013,4.55951,scCutTag_gene_activity_scores
ACTAACGGTCTAAAGA-1,0.4139229,-11.673795,scCutTag_gene_activity_scores
ACTAACGGTGAGTAAT-1,-0.13480502,-12.311428,scCutTag_gene_activity_scores
ACTAACGGTTTCGATG-1,6.941443,4.4727435,scCutTag_gene_activity_scores
ACTAACGTCCTCATTA-1,-1.6174402,-10.792784,scCutTag_gene_activity_scores
ACTACCCAGGGACGTT-1,0.8625373,-10.077714,scCutTag_gene_activity_scores
ACTACCCCAACCTCTC-1,1.0085025,-12.352765,scCutTag_gene_activity_scores
ACTACCCCAATGATGA-1,1.3358512,-4.0293694,scCutTag_gene_activity_scores
ACTACCCCACGTTACA-1,3.124858,-4.262083,scCutTag_gene_activity_scores
ACTACCCCAGTTCGGC-1,1.3797703,-3.6105676,scCutTag_gene_activity_scores
ACTACCCGTAACGGTG-1,2.6993628,-2.9463367,scCutTag_gene_activity_scores
ACTACCCGTGCATCAT-1,3.7655268,-3.9579077,scCutTag_gene_activity_scores
ACTACCCTCACAGGGA-1,2.919457,-3.4843943,scCutTag_gene_activity_scores
ACTACCCTCACCCGGA-1,0.5037636,-3.0970566,scCutTag_gene_activity_scores
ACTACCCTCAGATACC-1,13.852926,9.260961,scCutTag_gene_activity_scores
ACTACCCTCCAACAAC-1,0.45455185,-10.319743,scCutTag_gene_activity_scores
ACTACGAAGACAGTGC-1,-0.36988375,-9.710687,scCutTag_gene_activity_scores
ACTACGAAGGAACCGT-1,6.309834,3.8753703,scCutTag_gene_activity_scores
ACTACGAAGTCGTATC-1,5.7572565,3.8781466,scCutTag_gene_activity_scores
ACTACGACACCTCGTT-1,0.31146863,-10.72927,scCutTag_gene_activity_scores
ACTACGACAGATTAAG-1,-0.08352148,-12.891928,scCutTag_gene_activity_scores
ACTACGAGTCCCTTTG-1,-4.3926554,-1.8552722,scCutTag_gene_activity_scores
ACTACGATCACATTCT-1,-1.0069515,14.750454,scCutTag_gene_activity_scores
ACTAGGTGTACCAAGG-1,1.8774557,-3.2925959,scCutTag_gene_activity_scores
ACTAGGTGTGATAAGT-1,0.29844904,-12.827934,scCutTag_gene_activity_scores
ACTAGGTGTGCGTAGA-1,5.7789044,4.3952255,scCutTag_gene_activity_scores
ACTAGGTTCTCTCAAT-1,6.796231,4.0588093,scCutTag_gene_activity_scores
ACTATTCGTGACGCAA-1,-1.242371,-11.537542,scCutTag_gene_activity_scores
ACTATTCGTTACGAAA-1,14.645165,4.76988,scCutTag_gene_activity_scores
ACTCGGGCAAGTAATG-1,-3.0364733,-1.7336231,scCutTag_gene_activity_scores
ACTCGGGCAGATTTGC-1,3.614931,-3.8611948,scCutTag_gene_activity_scores
ACTCGGGCAGTAACGG-1,6.268985,3.608298,scCutTag_gene_activity_scores
ACTCGGGCATTGATGC-1,15.203151,8.024139,scCutTag_gene_activity_scores
ACTCGGGGTAGGTGAC-1,-4.1210675,-0.95157444,scCutTag_gene_activity_scores
ACTCGGGGTGCTGAAG-1,-2.876199,-2.5030823,scCutTag_gene_activity_scores
ACTCGGGTCCACGGCA-1,3.2422557,-3.3604605,scCutTag_gene_activity_scores
ACTCGGGTCCAGGGAA-1,-7.2563605,8.067977,scCutTag_gene_activity_scores
ACTCGGGTCCGAATTG-1,2.478294,-4.7298837,scCutTag_gene_activity_scores
ACTGCAAGTCGCTACG-1,1.0292573,-12.18126,scCutTag_gene_activity_scores
ACTGCAATCTATCCTA-1,11.601652,7.4830456,scCutTag_gene_activity_scores
ACTGCGGCATTAGCCA-1,-1.6490837,-10.777093,scCutTag_gene_activity_scores
ACTGCGGGTTCTTTCA-1,0.27151287,-11.806563,scCutTag_gene_activity_scores
ACTGCGGTCTGATCTT-1,2.8473275,-3.4440575,scCutTag_gene_activity_scores
ACTGTCCAGTCACGCC-1,6.526939,4.8154225,scCutTag_gene_activity_scores
ACTGTCCCAGGCATCC-1,2.2866964,-3.0420094,scCutTag_gene_activity_scores
ACTGTCCGTGCACCCA-1,8.056685,-5.469726,scCutTag_gene_activity_scores
ACTGTCCGTTAACCGT-1,6.477131,3.9849734,scCutTag_gene_activity_scores
ACTGTCCTCGATGAAA-1,0.8996842,-11.991688,scCutTag_gene_activity_scores
ACTGTCCTCGGATCGC-1,6.2674747,4.0458703,scCutTag_gene_activity_scores
ACTTCCGAGGAAGGTA-1,-0.42720562,-7.2705393,scCutTag_gene_activity_scores
ACTTCCGTCTTGTACT-1,6.6165085,3.9807272,scCutTag_gene_activity_scores
ACTTTCACACGTTAGT-1,1.4462148,-3.2957156,scCutTag_gene_activity_scores
ACTTTCACAGCGTAGA-1,0.23320907,-11.378906,scCutTag_gene_activity_scores
ACTTTCATCACGTCAA-1,-3.283142,-2.1802006,scCutTag_gene_activity_scores
AGACAAAAGGAGGCGA-1,2.742587,-3.7099068,scCutTag_gene_activity_scores
AGACAAACACACACCG-1,2.8480415,-5.2660275,scCutTag_gene_activity_scores
AGACAAAGTGCAAGCA-1,9.975802,6.550379,scCutTag_gene_activity_scores
AGACAAAGTGGACGAT-1,0.998907,-12.353109,scCutTag_gene_activity_scores
AGACAAATCAAACCCA-1,10.450235,-6.28813,scCutTag_gene_activity_scores
AGACAAATCACATTCT-1,-8.47361,8.405926,scCutTag_gene_activity_scores
AGATAGACAGGCAAGT-1,3.2625847,-3.689527,scCutTag_gene_activity_scores
AGATAGAGTCCCGTGA-1,-1.5081906,11.67236,scCutTag_gene_activity_scores
AGATAGATCGTTCTAT-1,-1.075672,14.227107,scCutTag_gene_activity_scores
AGATTCGAGAAACGCC-1,-1.0876709,-10.966965,scCutTag_gene_activity_scores
AGATTCGAGAAATTCG-1,0.5834062,-10.99013,scCutTag_gene_activity_scores
AGATTCGAGGCAATTA-1,0.70167756,-10.005179,scCutTag_gene_activity_scores
AGATTCGAGTCGACCC-1,-7.199576,8.616567,scCutTag_gene_activity_scores
AGATTCGAGTGTAATG-1,0.42681894,-11.602108,scCutTag_gene_activity_scores
AGATTCGCACAAGTGG-1,2.874588,-3.1488135,scCutTag_gene_activity_scores
AGATTCGGTTCTTTGT-1,2.9284208,-3.6670094,scCutTag_gene_activity_scores
AGATTCGTCGGTACTA-1,-2.1615815,-11.68003,scCutTag_gene_activity_scores
AGCCAGCCAAGGATGC-1,-0.22617672,15.052274,scCutTag_gene_activity_scores
AGCCAGCGTATGGGTG-1,8.123233,-6.7543755,scCutTag_gene_activity_scores
AGCCAGCTCCTTACGC-1,-0.81530285,10.199016,scCutTag_gene_activity_scores
AGCCAGCTCGCTGATA-1,-8.092798,9.174475,scCutTag_gene_activity_scores
AGCCAGCTCTAGTCGA-1,3.42833,-4.2514787,scCutTag_gene_activity_scores
AGCCCGAAGGCCTCTG-1,-1.0410434,-11.363786,scCutTag_gene_activity_scores
AGCCCGACATGGTAAA-1,3.1002717,-3.1230192,scCutTag_gene_activity_scores
AGCCCGAGTATTCTGG-1,10.624053,5.95753,scCutTag_gene_activity_scores
AGCCCGAGTCTTAGCA-1,3.5440779,-4.515878,scCutTag_gene_activity_scores
AGCCCGAGTGCATCAT-1,10.020368,7.3626204,scCutTag_gene_activity_scores
AGCCCGATCTCCAACC-1,3.459421,-4.332099,scCutTag_gene_activity_scores
AGCCCGATCTGTCGGG-1,2.4603403,-3.8061824,scCutTag_gene_activity_scores
AGCCGCAAGAACGACC-1,-0.50050515,-11.200661,scCutTag_gene_activity_scores
AGCCGCAAGAATGCTA-1,-1.5545777,-12.387724,scCutTag_gene_activity_scores
AGCCGCAAGTAGTGTA-1,2.700679,-4.369316,scCutTag_gene_activity_scores
AGCCGCACAAGCCAGA-1,0.7390703,10.602409,scCutTag_gene_activity_scores
AGCCGCACAGTAACCT-1,-0.4115772,-7.4481444,scCutTag_gene_activity_scores
AGCCGCACATATAGAG-1,3.030351,-3.9962885,scCutTag_gene_activity_scores
AGCCGCATCCACCTAC-1,-2.9377882,-1.9821855,scCutTag_gene_activity_scores
AGCCTCTAGAAATCTG-1,14.570471,6.50332,scCutTag_gene_activity_scores
AGCCTCTCATTGAACC-1,2.7243898,-3.735842,scCutTag_gene_activity_scores
AGCCTCTGTAATGCCT-1,1.2199636,-4.1774783,scCutTag_gene_activity_scores
AGCCTCTTCGATGCAT-1,6.160738,3.5275996,scCutTag_gene_activity_scores
AGCCTGGCAGAGCCAA-1,-3.8334465,-1.3588934,scCutTag_gene_activity_scores
AGCCTGGGTGCAAGAC-1,10.5136795,-8.2406845,scCutTag_gene_activity_scores
AGCCTGGTCAGTGTAC-1,1.2960268,-11.994681,scCutTag_gene_activity_scores
AGCCTGGTCCAGTACA-1,-1.168648,-10.285694,scCutTag_gene_activity_scores
AGCCTGGTCGGAAAGC-1,-3.1387231,-1.5516139,scCutTag_gene_activity_scores
AGCCTTCAGAGGCGGA-1,-0.27098477,-6.967035,scCutTag_gene_activity_scores
AGCCTTCCAAAGGCCA-1,-8.268904,8.941488,scCutTag_gene_activity_scores
AGCCTTCCACATAAAG-1,-0.8083228,-11.495942,scCutTag_gene_activity_scores
AGCCTTCCAGGTGGTA-1,0.742973,-12.222968,scCutTag_gene_activity_scores
AGCCTTCGTGAGTAAT-1,3.351401,-3.768769,scCutTag_gene_activity_scores
AGCCTTCTCAGAGTGG-1,14.70807,8.044492,scCutTag_gene_activity_scores
AGCGATTAGACAGCTG-1,1.7759961,-3.3004634,scCutTag_gene_activity_scores
AGCGATTCACATCATG-1,0.94931936,-10.882518,scCutTag_gene_activity_scores
AGCGATTCACGTTGTA-1,0.939505,-11.629181,scCutTag_gene_activity_scores
AGCGATTCACTCCTCA-1,0.7120154,-11.389628,scCutTag_gene_activity_scores
AGCGATTGTCACATTG-1,-0.95942354,-11.238505,scCutTag_gene_activity_scores
AGCGATTGTCGCGCTA-1,0.052415326,-11.078097,scCutTag_gene_activity_scores
AGCGATTGTTCTTAGG-1,-0.51567805,-11.107945,scCutTag_gene_activity_scores
AGCGATTTCAGCGGTC-1,1.9337951,-4.2111316,scCutTag_gene_activity_scores
AGCGATTTCCAGGTCG-1,3.680454,-3.959835,scCutTag_gene_activity_scores
AGCGATTTCGGCAATT-1,-0.4792314,-11.137306,scCutTag_gene_activity_scores
AGCGTATCAAACCTAC-1,0.5963913,-12.749773,scCutTag_gene_activity_scores
AGCGTATCACAAACGG-1,-3.1783335,-1.7197686,scCutTag_gene_activity_scores
AGCGTATTCACTCGGG-1,-0.9191686,-12.161626,scCutTag_gene_activity_scores
AGCGTATTCGCATACA-1,-3.2660296,-1.7222146,scCutTag_gene_activity_scores
AGCGTATTCTCTTCTC-1,5.0977373,4.2594395,scCutTag_gene_activity_scores
AGCGTGCCACCCATCT-1,-3.6290321,-0.8095885,scCutTag_gene_activity_scores
AGCGTGCGTAAGTGCG-1,-4.373057,-1.6001508,scCutTag_gene_activity_scores
AGCTATGAGATGGGTC-1,0.85904425,-10.46095,scCutTag_gene_activity_scores
AGCTATGCAAACCCTA-1,6.548873,3.7785878,scCutTag_gene_activity_scores
AGCTATGGTCTGATTG-1,2.8494866,-4.996378,scCutTag_gene_activity_scores
AGCTGATAGTAGTGTA-1,-2.4593287,-2.1721554,scCutTag_gene_activity_scores
AGCTGATAGTCCTTCC-1,-4.1169715,-2.3644104,scCutTag_gene_activity_scores
AGCTGATCACGCTAAT-1,-0.20546593,-9.497611,scCutTag_gene_activity_scores
AGCTGATGTGTCGTCG-1,-1.6799719,-11.57667,scCutTag_gene_activity_scores
AGCTGATTCAGTGTAC-1,-2.1534414,-12.087136,scCutTag_gene_activity_scores
AGCTGATTCCCTAAAG-1,-7.8265038,8.568308,scCutTag_gene_activity_scores
AGCTGGCTCTAAACGC-1,-0.40723938,10.822236,scCutTag_gene_activity_scores
AGCTGTAAGGTTAACA-1,7.3818593,4.9901805,scCutTag_gene_activity_scores
AGCTGTAAGTACAGTA-1,2.091446,-4.152689,scCutTag_gene_activity_scores
AGCTGTACAAGATGCG-1,-2.0347092,-11.368132,scCutTag_gene_activity_scores
AGCTGTAGTACGACCC-1,-8.25304,7.9901237,scCutTag_gene_activity_scores
AGCTGTAGTTCCAATG-1,0.15815152,-9.891238,scCutTag_gene_activity_scores
AGCTGTATCAAACCAC-1,2.8053398,-3.437542,scCutTag_gene_activity_scores
AGCTGTATCGCTCGGA-1,1.4076518,-3.5214555,scCutTag_gene_activity_scores
AGGACGAAGATTCCGT-1,2.2533784,-3.3354506,scCutTag_gene_activity_scores
AGGACGAAGGATCCTT-1,5.578469,4.662876,scCutTag_gene_activity_scores
AGGACGAAGGTCCTCG-1,6.050847,4.5118523,scCutTag_gene_activity_scores
AGGACGAGTCCTTCAC-1,-2.1372488,-12.153266,scCutTag_gene_activity_scores
AGGACGAGTGGCCTCA-1,2.215784,-3.24891,scCutTag_gene_activity_scores
AGGACGATCCAGAATC-1,5.98283,3.5992432,scCutTag_gene_activity_scores
AGGACGATCTCTATTG-1,2.554175,-5.1263833,scCutTag_gene_activity_scores
AGGCCCAAGCTAACAA-1,-1.2261357,-11.422702,scCutTag_gene_activity_scores
AGGCCCAGTGTGAGGT-1,0.34356603,-12.211553,scCutTag_gene_activity_scores
AGGCCTGCACGATATC-1,14.15357,6.2306046,scCutTag_gene_activity_scores
AGGCCTGGTATGGGTG-1,14.39457,9.1428585,scCutTag_gene_activity_scores
AGGCCTGGTCCGTAGC-1,5.872076,3.921395,scCutTag_gene_activity_scores
AGGCCTGGTGGTTCTA-1,3.8995416,-2.8379233,scCutTag_gene_activity_scores
AGGCCTGTCACCCGGA-1,-0.7074804,-11.76001,scCutTag_gene_activity_scores
AGGCGAAAGGGAGATA-1,2.6111777,-4.4291487,scCutTag_gene_activity_scores
AGGCGAACAACGGACA-1,-4.241316,-2.329452,scCutTag_gene_activity_scores
AGGCGAACAAGTTGCT-1,2.0514648,-4.4114833,scCutTag_gene_activity_scores
AGGCGAACATAGACGG-1,-4.6988807,-1.4994516,scCutTag_gene_activity_scores
AGGCGAAGTCGTCGCA-1,14.266625,9.68506,scCutTag_gene_activity_scores
AGGCGAAGTCTGCGCA-1,2.121101,-3.6862102,scCutTag_gene_activity_scores
AGGCGAAGTTAGCTCA-1,0.2954445,-10.607785,scCutTag_gene_activity_scores
AGGCGAATCCGGAAAG-1,1.9962696,-3.55344,scCutTag_gene_activity_scores
AGGCGTCCACGATTAC-1,2.1141922,-4.0545163,scCutTag_gene_activity_scores
AGGCGTCGTCGCTACG-1,9.36402,-7.384351,scCutTag_gene_activity_scores
AGGCGTCGTCTCTAAG-1,9.88659,-7.3835144,scCutTag_gene_activity_scores
AGGCGTCTCAGGTTTG-1,0.63113093,-9.436954,scCutTag_gene_activity_scores
AGTCAACAGTTCCCGG-1,2.127621,-3.4407692,scCutTag_gene_activity_scores
AGTCAACGTATCTGCA-1,-8.103072,7.3892426,scCutTag_gene_activity_scores
AGTCAACTCGCACCTT-1,14.216289,4.0734286,scCutTag_gene_activity_scores
AGTCCGGCAGGATGTG-1,2.4126878,-3.686464,scCutTag_gene_activity_scores
AGTCCGGCATAGATAG-1,9.543858,8.23541,scCutTag_gene_activity_scores
AGTCCGGGTTAGTAGA-1,0.15869288,-10.100639,scCutTag_gene_activity_scores
AGTCCGGTCCTAAGTG-1,-0.62648296,-10.827631,scCutTag_gene_activity_scores
AGTCCGGTCCTGGAAT-1,11.178223,5.42711,scCutTag_gene_activity_scores
AGTCCGGTCTATCTTG-1,15.404376,6.282907,scCutTag_gene_activity_scores
AGTCCGGTCTGAACGT-1,1.8140364,-4.1312547,scCutTag_gene_activity_scores
AGTCCGGTCTGAGTCA-1,-7.0024285,8.327397,scCutTag_gene_activity_scores
AGTGCCGAGACACGGT-1,2.7446036,-4.4839907,scCutTag_gene_activity_scores
AGTGCCGGTTCCAATG-1,-4.0809927,-1.9236432,scCutTag_gene_activity_scores
AGTGCCGTCCTCAAGA-1,2.1936831,-3.663957,scCutTag_gene_activity_scores
AGTGCGCAGGACTAGC-1,8.160536,-5.8545527,scCutTag_gene_activity_scores
AGTGCGCAGTTCGACT-1,-4.0212994,-1.4195211,scCutTag_gene_activity_scores
AGTGCGCAGTTGACAA-1,-0.15109941,-13.100599,scCutTag_gene_activity_scores
AGTGCGCGTAGGGTTG-1,-1.6724569,-11.439937,scCutTag_gene_activity_scores
AGTGCGCGTTCCAGTA-1,-2.0513687,-11.826927,scCutTag_gene_activity_scores
AGTGCGCGTTGCTTGA-1,9.710655,8.004098,scCutTag_gene_activity_scores
AGTGCGCTCAATTCCT-1,0.18848397,-11.051017,scCutTag_gene_activity_scores
AGTGCGCTCATGCTTT-1,-0.61807287,-11.674009,scCutTag_gene_activity_scores
AGTGCGCTCGCCTTAC-1,-2.6137853,-2.4628036,scCutTag_gene_activity_scores
AGTGCGCTCGTATAGC-1,-2.432826,-1.8358736,scCutTag_gene_activity_scores
AGTGCGCTCTTGTCGC-1,1.8138928,-3.449103,scCutTag_gene_activity_scores
AGTGTACCAAAGCTTC-1,3.4758544,-4.7147036,scCutTag_gene_activity_scores
AGTGTACTCGGCTATA-1,3.02909,-4.2605195,scCutTag_gene_activity_scores
AGTTACGAGGAATGGA-1,0.4012968,-11.853706,scCutTag_gene_activity_scores
AGTTACGAGTCTGCTA-1,2.3913286,-4.9333086,scCutTag_gene_activity_scores
AGTTACGAGTGTCACT-1,-8.175206,8.248545,scCutTag_gene_activity_scores
AGTTACGCACTCGTGG-1,2.6655352,-4.219599,scCutTag_gene_activity_scores
AGTTACGCATCATCGA-1,-3.2941287,-2.2911887,scCutTag_gene_activity_scores
AGTTACGTCCTAAAGC-1,1.4599059,-4.6098614,scCutTag_gene_activity_scores
AGTTACGTCGCTAGTA-1,-0.43797624,-12.124765,scCutTag_gene_activity_scores
AGTTTGGAGGCAGTAC-1,-1.8166974,-12.559853,scCutTag_gene_activity_scores
AGTTTGGAGTATCTGC-1,0.7173081,-10.964302,scCutTag_gene_activity_scores
AGTTTGGCACTAAACC-1,2.783893,-3.9797993,scCutTag_gene_activity_scores
AGTTTGGCAGGGTACA-1,6.2654576,3.296264,scCutTag_gene_activity_scores
AGTTTGGGTAATGTAG-1,-0.32675704,-7.221906,scCutTag_gene_activity_scores
AGTTTGGGTATCTCAG-1,8.729923,-5.6764894,scCutTag_gene_activity_scores
AGTTTGGGTTGTGAGG-1,-1.2139548,-12.268851,scCutTag_gene_activity_scores
AGTTTGGTCGATAGGG-1,0.53731924,-12.433344,scCutTag_gene_activity_scores
ATAGGCTAGAAGCCTG-1,0.6398874,-11.6539955,scCutTag_gene_activity_scores
ATAGGCTCACACTAGT-1,1.1560123,-12.023881,scCutTag_gene_activity_scores
ATAGGCTGTAGATTAG-1,6.378619,4.2330866,scCutTag_gene_activity_scores
ATAGGCTGTGGCATAG-1,1.4086125,-4.1773524,scCutTag_gene_activity_scores
ATAGGCTGTGTTAGAA-1,-8.646688,8.093864,scCutTag_gene_activity_scores
ATAGGCTGTTCCCTTG-1,2.0566542,-4.8890166,scCutTag_gene_activity_scores
ATAGTCGCATATAGAG-1,9.348257,6.986003,scCutTag_gene_activity_scores
ATAGTCGTCAATTCCT-1,0.36254174,-11.322893,scCutTag_gene_activity_scores
ATAGTCGTCTGACTTT-1,-7.6834435,8.78228,scCutTag_gene_activity_scores
ATATTCCAGAACCCGA-1,-1.4019862,12.56311,scCutTag_gene_activity_scores
ATATTCCAGAGGAACA-1,12.422768,7.052989,scCutTag_gene_activity_scores
ATATTCCCAGCAACCC-1,-3.0416267,-2.0945005,scCutTag_gene_activity_scores
ATATTCCGTACGGAGT-1,-0.062484715,-12.245387,scCutTag_gene_activity_scores
ATATTCCGTTCACGTA-1,2.9941092,-5.4003224,scCutTag_gene_activity_scores
ATATTCCTCGCTTCAC-1,-0.44452795,13.731909,scCutTag_gene_activity_scores
ATCCAGAAGATGGGTC-1,1.1337845,-4.5970454,scCutTag_gene_activity_scores
ATCCAGAAGTGCTGAG-1,-0.09028128,-11.270753,scCutTag_gene_activity_scores
ATCCAGACATGTCCCT-1,3.434228,-4.0169287,scCutTag_gene_activity_scores
ATCCAGAGTACTTGAC-1,2.3942814,-3.0186403,scCutTag_gene_activity_scores
ATCCAGATCAAGGCCC-1,6.548349,3.3555768,scCutTag_gene_activity_scores
ATCCCTGAGCAGTAGC-1,1.7845933,-3.9512734,scCutTag_gene_activity_scores
ATCCCTGAGGCTCAGA-1,9.373526,7.5314736,scCutTag_gene_activity_scores
ATCCCTGCACGCTAAT-1,0.54877466,-11.844892,scCutTag_gene_activity_scores
ATCCCTGCATGTAGAA-1,8.899139,-7.890567,scCutTag_gene_activity_scores
ATCCCTGGTGATTCCA-1,0.004107413,-2.4904127,scCutTag_gene_activity_scores
ATCCCTGTCACTCCCA-1,-1.7014828,-10.3839855,scCutTag_gene_activity_scores
ATCCCTGTCTCCCTTT-1,2.2001982,-2.9459867,scCutTag_gene_activity_scores
ATCCCTGTCTGTCGGG-1,-1.4155825,-12.312823,scCutTag_gene_activity_scores
ATCCTCGAGAATACTG-1,-0.89712304,-7.2664337,scCutTag_gene_activity_scores
ATCCTCGAGCTATCCA-1,-1.0884949,-10.85227,scCutTag_gene_activity_scores
ATCCTCGAGGAAACTT-1,-1.2313396,-10.654095,scCutTag_gene_activity_scores
ATCCTCGAGTGGACGT-1,-1.0234338,-9.755971,scCutTag_gene_activity_scores
ATCCTCGGTAGAAAGG-1,9.543048,6.9496245,scCutTag_gene_activity_scores
ATCCTCGGTATCCCTC-1,-7.504591,8.050824,scCutTag_gene_activity_scores
ATCCTCGTCGGATAGG-1,0.27188912,-11.97535,scCutTag_gene_activity_scores
ATCCTGCAGATTCCGT-1,2.04738,-3.1328173,scCutTag_gene_activity_scores
ATCCTGCAGGAAGGTA-1,-1.2050614,-12.629015,scCutTag_gene_activity_scores
ATCCTGCAGGGTAATT-1,-3.0125933,-3.007266,scCutTag_gene_activity_scores
ATCCTGCCAGGACTGA-1,10.756401,-7.478453,scCutTag_gene_activity_scores
ATCCTGCTCAGTCACA-1,0.08854376,-12.283301,scCutTag_gene_activity_scores
ATCCTGCTCTGTGTCC-1,2.9227161,-3.3940766,scCutTag_gene_activity_scores
ATCGAGTAGCCAGAAC-1,2.9795587,-2.6626546,scCutTag_gene_activity_scores
ATCGAGTCAGCACATT-1,9.178788,-6.6193213,scCutTag_gene_activity_scores
ATCGAGTCAGTATCTG-1,14.926242,5.6855874,scCutTag_gene_activity_scores
ATCGAGTGTCACATTG-1,-2.3422372,-12.0196705,scCutTag_gene_activity_scores
ATCGAGTGTGCGTTTA-1,10.973894,8.65745,scCutTag_gene_activity_scores
ATCGAGTTCGCTAGTA-1,2.2206256,-3.5402102,scCutTag_gene_activity_scores
ATGCATGAGCTCCATA-1,14.488201,6.6057353,scCutTag_gene_activity_scores
ATGCATGCAAGGTTCT-1,-0.47421515,-7.3775406,scCutTag_gene_activity_scores
ATGCATGCATCCTCGT-1,-3.2335255,-3.0905223,scCutTag_gene_activity_scores
ATGCATGGTAAAGGCC-1,-3.395243,-2.102444,scCutTag_gene_activity_scores
ATGCATGGTCATTGGT-1,-0.88447183,14.616025,scCutTag_gene_activity_scores
ATGCATGTCGATAGTC-1,3.3884287,-4.1796074,scCutTag_gene_activity_scores
ATGCATGTCTAGTCGA-1,2.2656226,-4.681745,scCutTag_gene_activity_scores
ATGGATCAGATGGGTC-1,3.9463277,-4.1981077,scCutTag_gene_activity_scores
ATGGATCCATCCTGGG-1,-4.503015,-1.7595334,scCutTag_gene_activity_scores
ATGGATCGTTTCGTTT-1,1.7117637,-3.0016801,scCutTag_gene_activity_scores
ATGGATCTCTCTGTTA-1,-1.3427845,-10.323931,scCutTag_gene_activity_scores
ATGTACGAGAGAGTTT-1,-0.3020825,-11.664773,scCutTag_gene_activity_scores
ATGTACGAGTGATCTC-1,12.476639,5.181306,scCutTag_gene_activity_scores
ATGTACGCATTTGTTC-1,0.54378575,-11.425766,scCutTag_gene_activity_scores
ATGTACGGTCCATTGA-1,-1.2247009,-10.810464,scCutTag_gene_activity_scores
ATGTACGTCCAGGTAT-1,0.53475314,-10.419201,scCutTag_gene_activity_scores
ATGTACGTCTAGTCGA-1,3.2134142,-4.0140452,scCutTag_gene_activity_scores
ATGTACGTCTCCTTGG-1,1.8190421,-4.2455144,scCutTag_gene_activity_scores
ATGTCGACAGCGCGTT-1,1.9793735,-4.548311,scCutTag_gene_activity_scores
ATGTCGACAGGCATTT-1,2.5270872,-4.380325,scCutTag_gene_activity_scores
ATGTCGAGTAATGCCT-1,10.581695,-7.5810266,scCutTag_gene_activity_scores
ATGTCGAGTGCTTCCT-1,0.19437478,-10.150891,scCutTag_gene_activity_scores
ATGTCGAGTTTCTACT-1,0.008739585,9.556824,scCutTag_gene_activity_scores
ATGTCTTAGACACAAT-1,3.392465,-4.321527,scCutTag_gene_activity_scores
ATGTCTTTCGAGCGCT-1,-0.52017224,-11.244619,scCutTag_gene_activity_scores
ATGTCTTTCGGTAGGA-1,-1.1918823,-12.131183,scCutTag_gene_activity_scores
ATGTTTCAGAAGAGTG-1,0.6987558,-12.307131,scCutTag_gene_activity_scores
ATGTTTCAGATGGGAA-1,-0.5998179,-7.9914603,scCutTag_gene_activity_scores
ATGTTTCAGTGAATAC-1,-1.1178424,-12.303556,scCutTag_gene_activity_scores
ATGTTTCCACCTCGTT-1,3.0198836,-3.46053,scCutTag_gene_activity_scores
ATGTTTCCAGGCAGAT-1,2.5459256,-4.2966924,scCutTag_gene_activity_scores
ATGTTTCGTACGCCCA-1,2.79158,-3.8389401,scCutTag_gene_activity_scores
ATGTTTCGTTTAAGGA-1,-0.6460505,-7.303807,scCutTag_gene_activity_scores
ATGTTTCTCGATGCAT-1,2.6198235,-4.62861,scCutTag_gene_activity_scores
ATGTTTCTCGTTCTAT-1,2.3497527,-4.5744386,scCutTag_gene_activity_scores
ATTACCTGTAGTAACA-1,-0.38805908,-10.7809105,scCutTag_gene_activity_scores
ATTACCTGTCCGTGCA-1,6.1454897,4.0910015,scCutTag_gene_activity_scores
ATTACCTTCTGGGCGT-1,-0.14246075,10.78013,scCutTag_gene_activity_scores
ATTACTCAGCTTACCA-1,2.236238,-3.9257298,scCutTag_gene_activity_scores
ATTACTCCAAGTGGCA-1,10.111936,6.494774,scCutTag_gene_activity_scores
ATTACTCCAGGATGTG-1,-1.8282619,-12.377255,scCutTag_gene_activity_scores
ATTACTCGTTTGTGAC-1,3.5301716,-3.976414,scCutTag_gene_activity_scores
ATTACTCTCAGATACC-1,14.687788,6.1386147,scCutTag_gene_activity_scores
ATTACTCTCTAGTCGA-1,-0.771772,11.343587,scCutTag_gene_activity_scores
ATTACTCTCTCTGCGT-1,-0.33771938,-6.7536077,scCutTag_gene_activity_scores
ATTCGTTAGACACTTC-1,-0.8680427,-12.811891,scCutTag_gene_activity_scores
ATTCGTTAGAGCCACA-1,-0.9871656,-6.734795,scCutTag_gene_activity_scores
ATTCGTTCAAGCGTCC-1,-1.5403559,-12.55957,scCutTag_gene_activity_scores
ATTCGTTGTGATCAGG-1,6.3841753,3.9854555,scCutTag_gene_activity_scores
ATTCGTTTCTGGTACA-1,1.7833779,-3.818106,scCutTag_gene_activity_scores
ATTGTCTAGAAGGGCG-1,-0.36063257,-10.775898,scCutTag_gene_activity_scores
ATTGTCTCACGCTCAG-1,14.40564,9.679344,scCutTag_gene_activity_scores
ATTGTCTTCCCACTTG-1,-2.9101791,-2.0191026,scCutTag_gene_activity_scores
ATTGTGGAGACGAAAG-1,1.8612987,-4.084006,scCutTag_gene_activity_scores
ATTGTGGCAAGGACCA-1,-0.8915179,-13.007105,scCutTag_gene_activity_scores
ATTGTGGTCGCTTACC-1,0.9629878,14.046588,scCutTag_gene_activity_scores
ATTGTGGTCTTCCACG-1,0.97059935,-4.3464108,scCutTag_gene_activity_scores
ATTTGTCAGGCAGTGT-1,-7.8078737,9.17847,scCutTag_gene_activity_scores
ATTTGTCCAATTCTCT-1,2.5159419,-3.9256134,scCutTag_gene_activity_scores
ATTTGTCCAGGTCCTG-1,-1.2781494,-11.221342,scCutTag_gene_activity_scores
ATTTGTCCATAGATAG-1,2.368297,-3.9625502,scCutTag_gene_activity_scores
ATTTGTCGTTAGGCTT-1,2.0153577,-4.8335505,scCutTag_gene_activity_scores
ATTTGTCGTTGAAGCG-1,-3.0861692,-2.7299147,scCutTag_gene_activity_scores
ATTTGTCGTTTAGGAA-1,-7.777382,7.6180797,scCutTag_gene_activity_scores
ATTTGTCTCGTTACAG-1,-7.780733,7.7558007,scCutTag_gene_activity_scores
CAAAGCTCACAAACAA-1,1.147266,-10.957648,scCutTag_gene_activity_scores
CAAAGCTCACCGTCTT-1,2.6567676,-4.114806,scCutTag_gene_activity_scores
CAAAGCTCACGATATC-1,1.3806223,-11.481644,scCutTag_gene_activity_scores
CAAAGCTGTAACATAG-1,-3.1469622,-1.1377965,scCutTag_gene_activity_scores
CAAAGCTGTGCAAGCA-1,-0.54496825,-7.283194,scCutTag_gene_activity_scores
CAAAGCTTCCAATAGC-1,-8.125923,8.13752,scCutTag_gene_activity_scores
CAAAGCTTCCACGCTT-1,3.0220652,-3.2797673,scCutTag_gene_activity_scores
CAACCAAAGACCGCAA-1,-1.9374923,-2.227058,scCutTag_gene_activity_scores
CAACCAACACGCGTTG-1,0.1434795,9.714082,scCutTag_gene_activity_scores
CAACCAACATCACAGT-1,-4.513582,-1.9812587,scCutTag_gene_activity_scores
CAACCAAGTCCACCAG-1,-3.8381624,-3.1230774,scCutTag_gene_activity_scores
CAACCAATCCGATGCG-1,0.1641887,-12.693398,scCutTag_gene_activity_scores
CAACCAATCCGTGCAG-1,-0.8827002,-13.00255,scCutTag_gene_activity_scores
CAACGGCAGGCAGTGT-1,-0.2296039,-13.458402,scCutTag_gene_activity_scores
CAACGGCAGTCCAGAG-1,2.5978768,-5.12608,scCutTag_gene_activity_scores
CAACGGCCATCCTGGG-1,9.666014,6.4298754,scCutTag_gene_activity_scores
CAACGGCGTAGCGAGT-1,1.2080395,-10.930751,scCutTag_gene_activity_scores
CAACGGCTCCAGCACG-1,1.7760798,-4.780337,scCutTag_gene_activity_scores
CAACGGCTCCATACGA-1,0.3556345,-12.326492,scCutTag_gene_activity_scores
CAACGGCTCGGAGTTT-1,2.7114892,-4.5242715,scCutTag_gene_activity_scores
CAACGGCTCTCCAACC-1,15.271494,6.8259244,scCutTag_gene_activity_scores
CAACGGCTCTTCTCTC-1,-0.6413689,-11.561654,scCutTag_gene_activity_scores
CAACGGCTCTTGTACT-1,1.587206,-5.287156,scCutTag_gene_activity_scores
CAACGTACACTAAACC-1,3.4792736,-3.3178506,scCutTag_gene_activity_scores
CAACGTACATGTAGAA-1,-0.24570996,-10.242369,scCutTag_gene_activity_scores
CAACGTAGTCACTCTC-1,-0.55707943,-10.524871,scCutTag_gene_activity_scores
CAACGTAGTCAGAAGC-1,0.02033258,-10.851317,scCutTag_gene_activity_scores
CAACGTAGTTGTGACT-1,-2.8364809,-2.7808886,scCutTag_gene_activity_scores
CAAGAAAAGGTTCGTT-1,-3.0274656,-1.3257221,scCutTag_gene_activity_scores
CAAGAAAAGTAGGTCG-1,-8.583592,7.897524,scCutTag_gene_activity_scores
CAAGAAACAACGCACC-1,-4.826312,-1.5920607,scCutTag_gene_activity_scores
CAAGAAACAGGCATTT-1,-0.6299631,-7.1115966,scCutTag_gene_activity_scores
CAAGAAACAGGTTATC-1,0.36520526,-13.181369,scCutTag_gene_activity_scores
CAAGAAAGTTACTTTC-1,-3.2955804,-1.9822494,scCutTag_gene_activity_scores
CAAGAAATCATGTTCT-1,2.788387,-4.007274,scCutTag_gene_activity_scores
CAAGAAATCTATGAGC-1,14.25697,8.794445,scCutTag_gene_activity_scores
CAAGCTACACTGCTCT-1,14.028434,5.3952823,scCutTag_gene_activity_scores
CAAGCTACAGCGTAGA-1,13.003386,6.5926743,scCutTag_gene_activity_scores
CAAGCTATCCATAACG-1,0.22035837,-11.111672,scCutTag_gene_activity_scores
CAAGGCCCAAGGATGC-1,-0.13402624,-12.567792,scCutTag_gene_activity_scores
CAAGGCCCACTTATGG-1,0.44707927,-3.840396,scCutTag_gene_activity_scores
CAAGGCCGTCTAAGAA-1,5.8106136,3.825905,scCutTag_gene_activity_scores
CAAGGCCTCCAATAGC-1,5.662744,3.5414107,scCutTag_gene_activity_scores
CAAGGCCTCCTAAGTG-1,-8.725291,8.627761,scCutTag_gene_activity_scores
CAATCCCAGAAATACC-1,1.9883902,-4.2648997,scCutTag_gene_activity_scores
CAATCCCCAAGTCCTA-1,2.6448963,-3.1323292,scCutTag_gene_activity_scores
CAATCCCCAAGTTCGT-1,0.24204803,14.612972,scCutTag_gene_activity_scores
CAATCCCGTACGGATG-1,0.79794776,-10.573924,scCutTag_gene_activity_scores
CAATCCCGTGAGGGTT-1,-1.6420568,-11.355014,scCutTag_gene_activity_scores
CAATCCCGTTTCGACA-1,4.9644775,4.373482,scCutTag_gene_activity_scores
CACAACACAAGGACCA-1,9.287258,6.7314343,scCutTag_gene_activity_scores
CACAACAGTATGGGTG-1,-8.102348,7.8242216,scCutTag_gene_activity_scores
CACAACATCATCGCTC-1,-8.063958,8.708844,scCutTag_gene_activity_scores
CACAGATAGTTGACAA-1,2.6259444,-4.9894495,scCutTag_gene_activity_scores
CACAGATCATGTCCCT-1,2.097755,-4.4441223,scCutTag_gene_activity_scores
CACAGATGTAACGTAA-1,0.2938718,-11.527005,scCutTag_gene_activity_scores
CACAGATTCACAGGGA-1,-2.608993,-1.0726753,scCutTag_gene_activity_scores
CACAGATTCCCTAAAG-1,-4.348702,-2.6883395,scCutTag_gene_activity_scores
CACAGATTCCGTTAGA-1,8.57953,-6.557532,scCutTag_gene_activity_scores
CACAGATTCGCTACCT-1,2.4562953,-2.836275,scCutTag_gene_activity_scores
CACAGATTCGGGTCCA-1,-1.8706042,-12.137727,scCutTag_gene_activity_scores
CACATGAAGACCAATA-1,5.7242785,4.370089,scCutTag_gene_activity_scores
CACATGAAGAGCGAAA-1,-0.12890728,-12.641947,scCutTag_gene_activity_scores
CACATGAGTCATTGGT-1,2.8298738,-3.5893757,scCutTag_gene_activity_scores
CACATGATCCATTGTT-1,14.081524,4.0762224,scCutTag_gene_activity_scores
CACATGATCCGTACGG-1,-3.3376112,-1.613503,scCutTag_gene_activity_scores
CACCACTAGACACAAT-1,0.48003826,-11.183218,scCutTag_gene_activity_scores
CACCACTAGGGTCTGA-1,2.2506576,-4.8126597,scCutTag_gene_activity_scores
CACCACTAGTGCAACG-1,-1.5101162,-12.740962,scCutTag_gene_activity_scores
CACCACTCAAGACTAA-1,-1.7674257,-12.551292,scCutTag_gene_activity_scores
CACCACTCAAGGAGGG-1,1.8375372,-4.965815,scCutTag_gene_activity_scores
CACCACTGTAGCCATT-1,-8.723051,8.029296,scCutTag_gene_activity_scores
CACCACTGTTTCCACC-1,2.0101633,-5.2664795,scCutTag_gene_activity_scores
CACCACTTCTCGCGTT-1,9.615713,-5.8172455,scCutTag_gene_activity_scores
CACCTGTAGAAATTCG-1,0.048087157,-10.911827,scCutTag_gene_activity_scores
CACCTGTAGACTAGCG-1,-0.32512206,-12.057644,scCutTag_gene_activity_scores
CACCTGTAGCCATTCA-1,-0.6250441,-13.553978,scCutTag_gene_activity_scores
CACCTGTAGGCACCTC-1,-0.28769743,-12.890007,scCutTag_gene_activity_scores
CACCTGTCACGTGAAG-1,-7.755815,7.8749876,scCutTag_gene_activity_scores
CACCTGTGTGCCCTAG-1,11.708985,6.663634,scCutTag_gene_activity_scores
CACCTGTTCAAACCCA-1,-3.411669,-1.5917852,scCutTag_gene_activity_scores
CACCTGTTCCAACGCG-1,-4.45361,-1.879011,scCutTag_gene_activity_scores
CACCTGTTCTACATCT-1,1.6886175,-4.4521656,scCutTag_gene_activity_scores
CACCTTGAGACGCCCT-1,0.79414934,-12.561225,scCutTag_gene_activity_scores
CACCTTGAGGCATGCA-1,0.82290953,14.728053,scCutTag_gene_activity_scores
CACCTTGAGGGCTTCC-1,4.726395,4.0173492,scCutTag_gene_activity_scores
CACCTTGCAGAGATGC-1,-0.01847716,-10.527143,scCutTag_gene_activity_scores
CACCTTGGTACTAGAA-1,7.5052843,4.8447695,scCutTag_gene_activity_scores
CACCTTGGTAGTAACA-1,10.62753,7.3958826,scCutTag_gene_activity_scores
CACCTTGTCCAAGAGG-1,14.373866,5.7190137,scCutTag_gene_activity_scores
CACCTTGTCCATACCC-1,-1.026349,-11.015871,scCutTag_gene_activity_scores
CACCTTGTCCATCATT-1,-1.8236209,-10.494067,scCutTag_gene_activity_scores
CACCTTGTCCGTTAGA-1,-0.9053553,-8.378022,scCutTag_gene_activity_scores
CACCTTGTCTGATCTT-1,-0.23177247,-11.736435,scCutTag_gene_activity_scores
CACGTTCAGAACGCCA-1,-1.3670058,-11.293333,scCutTag_gene_activity_scores
CACGTTCAGATGGGTC-1,0.4566168,-10.676096,scCutTag_gene_activity_scores
CACGTTCCAACTCGAT-1,9.725487,-7.042363,scCutTag_gene_activity_scores
CACGTTCTCCGTTAGA-1,-0.76809186,-12.153858,scCutTag_gene_activity_scores
CACGTTCTCTACCCGT-1,-4.6729164,-1.8057754,scCutTag_gene_activity_scores
CACTAAGAGGAATGGA-1,0.566372,13.451791,scCutTag_gene_activity_scores
CACTAAGCAAATAGTG-1,-4.274453,-1.081003,scCutTag_gene_activity_scores
CACTAAGCAGCCACGT-1,0.46839094,14.600838,scCutTag_gene_activity_scores
CACTAAGGTCGAGGAT-1,-0.6072616,-11.636798,scCutTag_gene_activity_scores
CACTAAGGTGGCATAG-1,12.830991,9.302765,scCutTag_gene_activity_scores
CACTAAGGTTTCCACC-1,3.6588042,-4.98969,scCutTag_gene_activity_scores
CACTAAGTCTCGGCGA-1,3.21136,-3.8193278,scCutTag_gene_activity_scores
CACTGAAAGGAGGCGA-1,9.69728,6.5059414,scCutTag_gene_activity_scores
CACTGAACAACTCGTA-1,3.4133248,-3.6297069,scCutTag_gene_activity_scores
CACTGAACACGTTGTA-1,-1.0283198,10.014504,scCutTag_gene_activity_scores
CACTGAACAGGCATTT-1,6.8947334,4.2818213,scCutTag_gene_activity_scores
CACTGAAGTAGGGTCA-1,10.447948,9.47702,scCutTag_gene_activity_scores
CACTGAAGTGTCCAGC-1,5.615102,4.404165,scCutTag_gene_activity_scores
CACTGAATCCCGAAGC-1,4.6867476,4.272653,scCutTag_gene_activity_scores
CACTGAATCGCGCCAA-1,-0.30241403,-12.550154,scCutTag_gene_activity_scores
CACTGAATCTACCCGT-1,-1.067617,14.69194,scCutTag_gene_activity_scores
CAGCCTTGTCCCTTTG-1,6.1960053,4.2063212,scCutTag_gene_activity_scores
CAGCCTTGTGGCATAG-1,2.0414653,-4.261867,scCutTag_gene_activity_scores
CAGCCTTGTTCCAGTA-1,12.871791,6.439515,scCutTag_gene_activity_scores
CAGCCTTTCGCTACCT-1,-3.5795736,-1.3091098,scCutTag_gene_activity_scores
CAGCCTTTCGTATAGC-1,0.2498345,-10.519053,scCutTag_gene_activity_scores
CAGCCTTTCTTAACGG-1,-1.0507315,-12.23243,scCutTag_gene_activity_scores
CAGCTAAAGACGCCCT-1,10.446168,-6.916962,scCutTag_gene_activity_scores
CAGCTAAAGGTTGTGG-1,-4.56775,-1.8188885,scCutTag_gene_activity_scores
CAGCTAAGTTAGAGAT-1,-1.4927208,-10.855539,scCutTag_gene_activity_scores
CAGCTAATCTAGTCGA-1,-0.77464044,-12.262065,scCutTag_gene_activity_scores
CAGCTAATCTTTATCG-1,-1.5832849,-11.548878,scCutTag_gene_activity_scores
CAGCTGGAGTAATGTG-1,-1.0478306,-9.829651,scCutTag_gene_activity_scores
CAGCTGGAGTGGTGTG-1,2.5713077,-4.2084913,scCutTag_gene_activity_scores
CAGCTGGCATCTGCAA-1,2.4752176,-4.2462177,scCutTag_gene_activity_scores
CAGCTGGGTCATTGCA-1,2.5689423,-4.2536526,scCutTag_gene_activity_scores
CAGCTGGGTGTTGTTG-1,1.2324576,-3.4866006,scCutTag_gene_activity_scores
CAGCTGGTCAAAGTAG-1,1.8439554,-4.1002593,scCutTag_gene_activity_scores
CAGCTGGTCCTATCCG-1,9.646292,6.6110067,scCutTag_gene_activity_scores
CAGCTGGTCGATAGGG-1,-8.084071,8.20832,scCutTag_gene_activity_scores
CAGCTGGTCTAAACGC-1,0.0815462,-10.413065,scCutTag_gene_activity_scores
CAGCTGGTCTGAGTAC-1,-2.1096604,-12.097972,scCutTag_gene_activity_scores
CAGGATTAGTAGGTCG-1,-1.3694282,-11.893367,scCutTag_gene_activity_scores
CAGGATTCAACTAGAA-1,-0.8728268,12.913163,scCutTag_gene_activity_scores
CAGGATTCAAGGATGC-1,1.7635074,-4.0227695,scCutTag_gene_activity_scores
CAGGATTGTAGAAAGG-1,9.025334,5.91295,scCutTag_gene_activity_scores
CAGGGCTGTATTCGCA-1,0.10932309,14.979751,scCutTag_gene_activity_scores
CAGGGCTGTCACATTG-1,-0.52548873,-11.520052,scCutTag_gene_activity_scores
CAGGGCTGTTGTGAGG-1,-7.5070987,7.983997,scCutTag_gene_activity_scores
CAGGGCTTCCGTGCAG-1,12.335856,6.0674276,scCutTag_gene_activity_scores
CAGGGCTTCCTCCATG-1,2.4830852,-3.1347342,scCutTag_gene_activity_scores
CAGTATGAGAGTGGTC-1,2.2101262,-5.1977115,scCutTag_gene_activity_scores
CAGTATGAGCTAGCAG-1,2.01479,-4.678695,scCutTag_gene_activity_scores
CAGTATGCACAAACGG-1,3.0022235,-5.147187,scCutTag_gene_activity_scores
CAGTATGCACGATATC-1,-1.5742309,14.217592,scCutTag_gene_activity_scores
CAGTATGGTAATGTAG-1,0.22013247,-6.508917,scCutTag_gene_activity_scores
CAGTATGGTCTGGGAA-1,-1.2444953,-12.302011,scCutTag_gene_activity_scores
CAGTGCGAGTTACACC-1,15.136198,8.529493,scCutTag_gene_activity_scores
CAGTGCGCAACTACTG-1,2.7076755,-4.336335,scCutTag_gene_activity_scores
CAGTGCGGTACCCATA-1,14.64388,5.5777397,scCutTag_gene_activity_scores
CAGTGCGGTGCGACCT-1,6.227613,3.387989,scCutTag_gene_activity_scores
CAGTGCGGTTCTACGA-1,7.1402836,4.695034,scCutTag_gene_activity_scores
CAGTGCGTCGATAGGG-1,-0.76286113,-11.627279,scCutTag_gene_activity_scores
CAGTGCGTCGCAACTA-1,1.4316187,-10.66461,scCutTag_gene_activity_scores
CAGTGCGTCGGTCAGC-1,-0.28877658,-12.155665,scCutTag_gene_activity_scores
CAGTGCGTCTTCCACG-1,-0.90081304,-11.604282,scCutTag_gene_activity_scores
CAGTGTAAGTAGTGTA-1,-0.36637965,-11.573015,scCutTag_gene_activity_scores
CAGTGTAAGTTAGCAA-1,-1.3531773,10.4687,scCutTag_gene_activity_scores
CAGTGTAGTGAATGTA-1,3.37262,-3.4275568,scCutTag_gene_activity_scores
CAGTGTATCGCCAGAC-1,2.2737951,-4.1652827,scCutTag_gene_activity_scores
CATAACGAGTCCGATT-1,3.551054,-3.7446177,scCutTag_gene_activity_scores
CATAACGCACAGGTAG-1,15.566051,8.303109,scCutTag_gene_activity_scores
CATAACGCAGTATACC-1,-0.28915527,-6.9357185,scCutTag_gene_activity_scores
CATAACGGTCAGACGA-1,-0.89398146,-6.970302,scCutTag_gene_activity_scores
CATAACGGTTACACTG-1,-2.5124137,-11.232466,scCutTag_gene_activity_scores
CATGCCTAGAGCGGTT-1,-1.5082992,-13.118229,scCutTag_gene_activity_scores
CATGCCTAGCAGAAAG-1,10.902859,9.016943,scCutTag_gene_activity_scores
CATGCCTAGTGAGCTG-1,15.696505,7.463438,scCutTag_gene_activity_scores
CATGCCTAGTTCGCGC-1,-3.351062,-2.3243742,scCutTag_gene_activity_scores
CATGCCTCACGATTAC-1,-0.79450446,-7.2240314,scCutTag_gene_activity_scores
CATGCCTCACTCCACT-1,-0.009410473,-11.674274,scCutTag_gene_activity_scores
CATGCCTCAGAGCCAA-1,2.216677,-5.981436,scCutTag_gene_activity_scores
CATGCCTCATCGAGTT-1,-8.431538,8.483123,scCutTag_gene_activity_scores
CATGCCTGTATTTGCG-1,0.8940932,-10.915692,scCutTag_gene_activity_scores
CATGCCTTCCATTGTT-1,2.1302533,-5.4406323,scCutTag_gene_activity_scores
CATGCCTTCGAAGCCC-1,13.095321,6.7598734,scCutTag_gene_activity_scores
CATGTTTAGTCACACT-1,-4.7432556,-1.4365857,scCutTag_gene_activity_scores
CATGTTTAGTCTAGAA-1,-0.25904453,-11.031604,scCutTag_gene_activity_scores
CATGTTTAGTTGGAAT-1,2.1775813,-5.1700845,scCutTag_gene_activity_scores
CATGTTTCAAGCAACG-1,8.877632,6.0792937,scCutTag_gene_activity_scores
CATGTTTGTACGGATG-1,-0.118099965,-12.165814,scCutTag_gene_activity_scores
CATTCATAGACGCCCT-1,0.9525645,-11.417144,scCutTag_gene_activity_scores
CATTCATAGTGGGACT-1,-7.864776,7.8306875,scCutTag_gene_activity_scores
CATTCATCATCACAGT-1,-3.6255612,-2.6356301,scCutTag_gene_activity_scores
CATTCATGTGAGTCGA-1,2.2804186,-2.9045887,scCutTag_gene_activity_scores
CATTCATGTGCTTGAT-1,-7.6171675,8.436363,scCutTag_gene_activity_scores
CATTCATTCAGTAGTC-1,-1.3004565,12.113775,scCutTag_gene_activity_scores
CATTCATTCGTTACAG-1,0.8327286,-4.5372376,scCutTag_gene_activity_scores
CATTCATTCTGGACAT-1,-2.3361132,-1.5381719,scCutTag_gene_activity_scores
CATTCCGAGCTATCCA-1,1.019749,-11.690975,scCutTag_gene_activity_scores
CATTCCGCAACTAGAA-1,6.6532702,4.1952844,scCutTag_gene_activity_scores
CATTCCGGTTGGCGAA-1,6.539819,4.315717,scCutTag_gene_activity_scores
CATTCCGTCAGGCGCT-1,0.92909,-11.291487,scCutTag_gene_activity_scores
CATTCCGTCCGGCTGA-1,10.077235,-7.6850734,scCutTag_gene_activity_scores
CATTGGAAGAGTGGAA-1,-0.16131647,10.788871,scCutTag_gene_activity_scores
CATTGGAAGTTTGGAA-1,1.2443284,-3.649217,scCutTag_gene_activity_scores
CATTGGACATAGAATG-1,8.388494,-5.8029284,scCutTag_gene_activity_scores
CATTGGAGTACATGGG-1,2.8941956,-2.9396915,scCutTag_gene_activity_scores
CATTGGATCTTACCTA-1,-0.051626302,-11.198692,scCutTag_gene_activity_scores
CCAATGAAGCGCATTT-1,3.1136165,-2.8998764,scCutTag_gene_activity_scores
CCAATGAAGTGATCTC-1,0.18472485,-11.239583,scCutTag_gene_activity_scores
CCAATGACAGTCAGAG-1,0.91256547,-10.872411,scCutTag_gene_activity_scores
CCAATGAGTATTCTCT-1,-1.0906723,-13.064881,scCutTag_gene_activity_scores
CCAATGATCACCCTTG-1,14.099899,7.292657,scCutTag_gene_activity_scores
CCAATGATCCAAACCA-1,10.087635,7.6907988,scCutTag_gene_activity_scores
CCACAGGTCCTGTAGA-1,2.9974117,-4.7204776,scCutTag_gene_activity_scores
CCACAGGTCGAGAAGC-1,5.7696433,4.3672667,scCutTag_gene_activity_scores
CCACAGGTCGATGTAC-1,-0.47540265,-12.755014,scCutTag_gene_activity_scores
CCACGTTTCCATCGAA-1,-0.0056859083,-11.876765,scCutTag_gene_activity_scores
CCAGAATAGGAAGAAC-1,1.4150435,-4.319231,scCutTag_gene_activity_scores
CCAGAATAGGTCTTTG-1,2.7863042,-2.9048917,scCutTag_gene_activity_scores
CCAGAATAGTGGACGT-1,0.79332364,-11.711894,scCutTag_gene_activity_scores
CCAGAATCACTCCCAT-1,-1.075163,-11.139092,scCutTag_gene_activity_scores
CCAGAATCAGCCACGT-1,-0.56120366,-11.030629,scCutTag_gene_activity_scores
CCAGAATGTATGCTAC-1,1.4322435,-4.5443096,scCutTag_gene_activity_scores
CCAGAATGTCCTCAGG-1,-4.5186715,-1.2626736,scCutTag_gene_activity_scores
CCAGAATGTGGTAAGC-1,2.3112516,-4.019248,scCutTag_gene_activity_scores
CCAGAATTCAGTCACA-1,-7.5295787,7.8981996,scCutTag_gene_activity_scores
CCAGAATTCCATTGAG-1,-2.749502,-2.1345346,scCutTag_gene_activity_scores
CCAGATAGTCATGAGG-1,1.0898929,-12.150853,scCutTag_gene_activity_scores
CCAGATAGTCCAAGAG-1,1.1051314,-6.101434,scCutTag_gene_activity_scores
CCAGATAGTTCTGAGT-1,-1.6515074,-11.1972,scCutTag_gene_activity_scores
CCAGATATCGCCTTAC-1,-1.3878487,-10.4315,scCutTag_gene_activity_scores
CCAGATATCGTATAGC-1,0.81849116,-11.70436,scCutTag_gene_activity_scores
CCAGATATCTTTCGAT-1,1.4637625,-4.815318,scCutTag_gene_activity_scores
CCATACCAGTCGTACT-1,1.7812624,-3.7823727,scCutTag_gene_activity_scores
CCATACCCACTCCTCA-1,-0.03144868,-3.0096564,scCutTag_gene_activity_scores
CCATACCCAGCTTACA-1,-1.4930335,-12.545427,scCutTag_gene_activity_scores
CCATACCGTAGCGGTA-1,1.8255674,-4.48428,scCutTag_gene_activity_scores
CCATACCGTTGGCGAA-1,1.9180236,-4.3426533,scCutTag_gene_activity_scores
CCATACCTCGAAGCCC-1,3.032362,-3.178413,scCutTag_gene_activity_scores
CCATACCTCGATGTAC-1,0.44233382,-10.750407,scCutTag_gene_activity_scores
CCCACATAGATTCCGT-1,-4.332711,-1.4355061,scCutTag_gene_activity_scores
CCCACATCAAGACACG-1,2.9843569,-4.006005,scCutTag_gene_activity_scores
CCCACATGTACGCAAG-1,-0.9287696,-8.114192,scCutTag_gene_activity_scores
CCCACATGTCAACGGA-1,-3.6206667,-2.6868224,scCutTag_gene_activity_scores
CCCACATTCAGAATGA-1,-1.0714049,-10.216131,scCutTag_gene_activity_scores
CCCAGAGAGGGTAATT-1,0.4774904,-10.465492,scCutTag_gene_activity_scores
CCCAGAGCACACACAT-1,-1.3484089,-10.787455,scCutTag_gene_activity_scores
CCCAGAGCAGAACAGC-1,-1.796265,-12.181864,scCutTag_gene_activity_scores
CCCAGAGCATGGTAAA-1,-2.5394502,-1.6492152,scCutTag_gene_activity_scores
CCCAGAGGTATATGGA-1,-1.7215364,-11.842182,scCutTag_gene_activity_scores
CCCAGAGGTTTGTGAC-1,-3.8826256,-1.2486029,scCutTag_gene_activity_scores
CCCGTTAAGATCTCAC-1,13.463391,9.805261,scCutTag_gene_activity_scores
CCCGTTAAGGCCTCTG-1,9.31462,6.8973203,scCutTag_gene_activity_scores
CCCGTTAAGTGAAACT-1,-7.9166327,9.121473,scCutTag_gene_activity_scores
CCCGTTACAAGGATGC-1,2.4623506,-4.501017,scCutTag_gene_activity_scores
CCCGTTAGTCTCGGGT-1,14.352565,9.666417,scCutTag_gene_activity_scores
CCCGTTATCCGGCTGA-1,9.179575,-7.722616,scCutTag_gene_activity_scores
CCCGTTATCTATGAGC-1,0.76735526,-10.053782,scCutTag_gene_activity_scores
CCCTAACAGGTAGGCT-1,-3.9536276,-2.5061352,scCutTag_gene_activity_scores
CCCTAACCAACTTGGT-1,1.8220832,-3.5058675,scCutTag_gene_activity_scores
CCCTAACCATCCCGGA-1,0.3045383,-10.10589,scCutTag_gene_activity_scores
CCCTAACCATCCGTGG-1,2.2825975,-2.9614084,scCutTag_gene_activity_scores
CCCTAACGTCAGAGTG-1,3.1645195,-4.623014,scCutTag_gene_activity_scores
CCCTAACTCACCCGGA-1,-0.41261095,-12.581633,scCutTag_gene_activity_scores
CCCTAACTCGTCTTAT-1,-8.2863035,8.869268,scCutTag_gene_activity_scores
CCCTAGTAGACTAGGC-1,8.842121,-6.426157,scCutTag_gene_activity_scores
CCCTAGTAGATGAGGA-1,9.7490635,6.9924884,scCutTag_gene_activity_scores
CCCTAGTAGGGCTTCC-1,-0.320901,-9.8350935,scCutTag_gene_activity_scores
CCCTAGTAGTAGCAAT-1,4.653923,4.2635927,scCutTag_gene_activity_scores
CCCTAGTAGTTCGACT-1,-1.969396,-11.7135315,scCutTag_gene_activity_scores
CCCTAGTCAGCGCGTT-1,2.2153883,-5.068452,scCutTag_gene_activity_scores
CCCTAGTGTCTGGTTA-1,14.785516,5.82681,scCutTag_gene_activity_scores
CCCTAGTGTGCATTCA-1,-0.15910093,-13.280199,scCutTag_gene_activity_scores
CCCTCTCAGACGCCCT-1,-1.4443805,-11.739504,scCutTag_gene_activity_scores
CCCTCTCAGAGTTTGA-1,6.215143,3.6360548,scCutTag_gene_activity_scores
CCCTCTCAGTCGTATC-1,-0.33860025,12.799798,scCutTag_gene_activity_scores
CCCTCTCCAACTTGGT-1,2.7156732,-4.820998,scCutTag_gene_activity_scores
CCCTCTCCAGCAACAG-1,6.1070642,3.506235,scCutTag_gene_activity_scores
CCCTCTCGTAGTGATA-1,-1.0904776,-10.660742,scCutTag_gene_activity_scores
CCCTCTCGTGCCGGTT-1,1.6887888,-3.8943732,scCutTag_gene_activity_scores
CCCTCTCGTTCTTATC-1,-0.5852244,-7.2273917,scCutTag_gene_activity_scores
CCCTCTCTCGAGTGTT-1,0.17563717,-6.5434623,scCutTag_gene_activity_scores
CCCTCTCTCGATATGC-1,15.628228,6.7682805,scCutTag_gene_activity_scores
CCCTGATAGAATATCG-1,9.994644,-6.6031613,scCutTag_gene_activity_scores
CCCTGATAGACCATAA-1,14.381,8.146987,scCutTag_gene_activity_scores
CCCTGATCACTCGGAC-1,2.4835455,-3.0446038,scCutTag_gene_activity_scores
CCCTGATTCTCTATTG-1,1.1682546,-4.5158668,scCutTag_gene_activity_scores
CCGAAGCGTGCAGACA-1,3.2595305,-3.750986,scCutTag_gene_activity_scores
CCGAAGCTCAGAACGG-1,1.9089105,-4.2250485,scCutTag_gene_activity_scores
CCGAAGCTCTGGGCGT-1,-2.0395439,-12.113259,scCutTag_gene_activity_scores
CCGCATTGTAGCGTTT-1,-0.06744819,-10.112935,scCutTag_gene_activity_scores
CCGCATTTCTATTGTC-1,8.909149,5.735863,scCutTag_gene_activity_scores
CCGTACTAGCGTCAAG-1,-2.6051683,-1.7094462,scCutTag_gene_activity_scores
CCGTACTCAATGTGCT-1,-0.18962662,14.940743,scCutTag_gene_activity_scores
CCGTACTCACTGCTCT-1,2.229663,-4.4210906,scCutTag_gene_activity_scores
CCGTAGGCACCATTCC-1,3.1082404,-4.6069994,scCutTag_gene_activity_scores
CCGTAGGGTACCGGCT-1,0.207321,-11.551328,scCutTag_gene_activity_scores
CCGTAGGGTATCTCAG-1,-0.76339054,-6.7001243,scCutTag_gene_activity_scores
CCGTGAGAGATCGATA-1,-3.478111,-3.0659974,scCutTag_gene_activity_scores
CCGTGAGAGTCGGGAT-1,-2.140753,-2.1945732,scCutTag_gene_activity_scores
CCGTGAGTCCATACCC-1,8.174847,-6.1112647,scCutTag_gene_activity_scores
CCGTGAGTCTCTGTTA-1,-1.7103735,10.690598,scCutTag_gene_activity_scores
CCTAAAGAGACGCCAA-1,10.571594,8.119957,scCutTag_gene_activity_scores
CCTAAAGAGGCAGTGT-1,-3.129106,-3.0466685,scCutTag_gene_activity_scores
CCTAAAGAGTCTGCTA-1,2.1211731,-3.8110745,scCutTag_gene_activity_scores
CCTAAAGGTCACAGGA-1,12.339969,5.1139464,scCutTag_gene_activity_scores
CCTAAAGTCAGTACAC-1,-0.8555641,-2.9394734,scCutTag_gene_activity_scores
CCTATTAAGCGATACG-1,-7.838043,8.511394,scCutTag_gene_activity_scores
CCTATTAAGCGTCTGC-1,2.7277792,-2.505288,scCutTag_gene_activity_scores
CCTATTAAGGCACTAG-1,0.76285696,10.135471,scCutTag_gene_activity_scores
CCTATTACACCACAGC-1,-0.98832935,-7.2048864,scCutTag_gene_activity_scores
CCTATTACAGACCTGC-1,1.487669,-3.2674282,scCutTag_gene_activity_scores
CCTCCCTAGTACCCAT-1,-3.0423863,-2.1190617,scCutTag_gene_activity_scores
CCTCCCTTCGGTACTA-1,-1.692253,-10.560828,scCutTag_gene_activity_scores
CCTCCCTTCGTCTTAT-1,-4.1480503,-1.5567559,scCutTag_gene_activity_scores
CCTCCCTTCTTCCACG-1,-0.07240129,-12.578675,scCutTag_gene_activity_scores
CCTGCTAAGCATTCCA-1,3.8377092,-4.1933627,scCutTag_gene_activity_scores
CCTGCTAAGTGAAACT-1,2.594852,-3.7658117,scCutTag_gene_activity_scores
CCTGCTACACATTCTT-1,0.28744584,-11.4801655,scCutTag_gene_activity_scores
CCTGGGAAGTGAGTTA-1,6.28916,4.3670397,scCutTag_gene_activity_scores
CCTGGGAAGTGTCGCC-1,14.517457,8.276674,scCutTag_gene_activity_scores
CCTGGGAGTCCTATTT-1,15.2164755,8.279313,scCutTag_gene_activity_scores
CCTGGGAGTTAACCGT-1,6.434751,3.3033104,scCutTag_gene_activity_scores
CCTGGGATCCCATAGA-1,-1.2789898,13.731498,scCutTag_gene_activity_scores
CCTGGGATCGGGAAAC-1,-4.0628376,-1.8888748,scCutTag_gene_activity_scores
CCTGGGATCTGAGTCA-1,10.210143,-6.5320206,scCutTag_gene_activity_scores
CCTTAATAGACCAATA-1,-0.22448033,14.418744,scCutTag_gene_activity_scores
CCTTAATAGGCGTAGT-1,3.2566001,-3.0905628,scCutTag_gene_activity_scores
CCTTAATAGGTTCTCA-1,5.538056,4.173012,scCutTag_gene_activity_scores
CCTTAATCAGTATACC-1,3.326333,-3.5261326,scCutTag_gene_activity_scores
CCTTAATCATCCTCGT-1,-1.0077606,-12.059449,scCutTag_gene_activity_scores
CCTTAATTCCCGTATC-1,1.8732444,-3.5881863,scCutTag_gene_activity_scores
CCTTAATTCGGGAATG-1,11.92062,5.807174,scCutTag_gene_activity_scores
CCTTAATTCGTGATAC-1,0.54564404,-12.169304,scCutTag_gene_activity_scores
CCTTGCAAGGTGATGC-1,7.992369,5.3175445,scCutTag_gene_activity_scores
CCTTGCATCCCAGCGA-1,-1.9439529,-12.522277,scCutTag_gene_activity_scores
CCTTGCATCGGGACAA-1,-4.3167663,-2.4824252,scCutTag_gene_activity_scores
CCTTGGTAGTTGCTTG-1,-0.79098004,-6.6545124,scCutTag_gene_activity_scores
CCTTGGTCACAAGGGT-1,-2.3020413,-11.703288,scCutTag_gene_activity_scores
CCTTGGTCATGCACTA-1,-8.136462,8.254805,scCutTag_gene_activity_scores
CCTTGGTGTACGAGAC-1,-0.960754,-13.327976,scCutTag_gene_activity_scores
CCTTGGTGTAGCGTTT-1,0.70174557,10.275071,scCutTag_gene_activity_scores
CCTTGGTTCTTCCACG-1,-0.804834,-12.1096115,scCutTag_gene_activity_scores
CGAGTTAAGGCAAGGG-1,2.859113,-4.9191575,scCutTag_gene_activity_scores
CGAGTTAAGTTGCTTG-1,14.097202,8.333177,scCutTag_gene_activity_scores
CGAGTTACAAGTAATG-1,-3.9896383,-2.394625,scCutTag_gene_activity_scores
CGAGTTAGTACCTATG-1,13.01841,5.3496013,scCutTag_gene_activity_scores
CGAGTTAGTATTCTGG-1,-0.6125907,-12.166527,scCutTag_gene_activity_scores
CGATGATAGAGAGTAG-1,-1.1744831,12.7400675,scCutTag_gene_activity_scores
CGATGATAGAGGAATG-1,2.4264147,-4.207513,scCutTag_gene_activity_scores
CGATGATAGCTCCATA-1,7.071213,4.547968,scCutTag_gene_activity_scores
CGATGATAGCTTACCA-1,-0.40985373,-11.893616,scCutTag_gene_activity_scores
CGATGATAGGTACTCT-1,0.007846988,-11.835884,scCutTag_gene_activity_scores
CGATGATAGGTAGGCT-1,0.45566034,15.102728,scCutTag_gene_activity_scores
CGATGATAGTAGCAAT-1,3.25429,-3.9126177,scCutTag_gene_activity_scores
CGATGATAGTCCGGAA-1,-0.39073554,-10.543665,scCutTag_gene_activity_scores
CGATGATAGTCTGGGA-1,-0.10701872,-11.63947,scCutTag_gene_activity_scores
CGATGATGTATCTAGC-1,-0.21604094,-7.2291217,scCutTag_gene_activity_scores
CGATGATGTTTGAAGA-1,-0.2385565,-13.017808,scCutTag_gene_activity_scores
CGATGATGTTTGCGAT-1,0.0671588,11.066153,scCutTag_gene_activity_scores
CGCAATAAGACCGCAA-1,-7.310159,8.723539,scCutTag_gene_activity_scores
CGCAATAAGATGTTGA-1,1.9220934,-3.6179512,scCutTag_gene_activity_scores
CGCAATACAAGACACG-1,0.12370711,-11.719013,scCutTag_gene_activity_scores
CGCAATACAAGGATGC-1,-0.47795272,-12.187279,scCutTag_gene_activity_scores
CGCAATACACTCCTCA-1,3.2452078,-4.7105613,scCutTag_gene_activity_scores
CGCAATAGTATCACAC-1,2.9631155,-5.1261325,scCutTag_gene_activity_scores
CGCAATAGTATCAGCT-1,11.225786,10.055773,scCutTag_gene_activity_scores
CGCAATAGTCAACTGT-1,-8.140665,7.614012,scCutTag_gene_activity_scores
CGCAATATCAGAGTGG-1,3.2938306,-4.0748787,scCutTag_gene_activity_scores
CGCACAGAGAATATCG-1,2.0537655,-3.7665997,scCutTag_gene_activity_scores
CGCACAGGTTCAGTTG-1,0.424665,-11.648581,scCutTag_gene_activity_scores
CGCACAGTCATACTTC-1,2.641465,-3.8457327,scCutTag_gene_activity_scores
CGCAGGTCAATTCAGC-1,3.0724442,-4.6835437,scCutTag_gene_activity_scores
CGCAGGTCAGCTTACA-1,-1.5322874,-2.8428636,scCutTag_gene_activity_scores
CGCAGGTTCACCCTTG-1,6.9968586,5.4184837,scCutTag_gene_activity_scores
CGCAGGTTCTTTATCG-1,-4.6874714,-2.4617157,scCutTag_gene_activity_scores
CGCGCAAAGATAGGTT-1,0.07429909,-11.424329,scCutTag_gene_activity_scores
CGCGCAACATACTGCA-1,3.0214143,-3.4385536,scCutTag_gene_activity_scores
CGCGCAAGTCCGTAGC-1,2.4339561,-3.0708408,scCutTag_gene_activity_scores
CGCGCAAGTGATGCGA-1,1.0783156,12.734254,scCutTag_gene_activity_scores
CGCGCAAGTTTAGAAG-1,5.8879814,3.7998626,scCutTag_gene_activity_scores
CGCTAGGAGCTGCCAC-1,-0.25760567,-10.1026325,scCutTag_gene_activity_scores
CGCTAGGGTCACTCTC-1,3.6584232,-3.4656684,scCutTag_gene_activity_scores
CGCTAGGGTCTAAGAA-1,1.4568027,-4.3566465,scCutTag_gene_activity_scores
CGCTAGGTCGACTGGC-1,0.17149511,-12.124452,scCutTag_gene_activity_scores
CGCTAGGTCGGATCGC-1,-2.2614,-1.7797161,scCutTag_gene_activity_scores
CGCTAGGTCTACATCT-1,6.658848,4.422741,scCutTag_gene_activity_scores
CGCTATCAGGAGACTC-1,-2.7386281,-2.3386877,scCutTag_gene_activity_scores
CGCTATCAGGTGATGC-1,-1.0180097,-11.309869,scCutTag_gene_activity_scores
CGCTATCAGGTTAGTA-1,10.887669,8.65176,scCutTag_gene_activity_scores
CGCTATCCAAGCAGGT-1,3.1819937,-4.263853,scCutTag_gene_activity_scores
CGCTATCCAAGGCGTA-1,-1.4804269,11.527703,scCutTag_gene_activity_scores
CGCTATCCACACATGT-1,3.1203313,-3.6897533,scCutTag_gene_activity_scores
CGCTATCCACCTGTGG-1,-4.850856,-1.9667195,scCutTag_gene_activity_scores
CGCTGGACAAGTTGCT-1,-8.628393,8.765479,scCutTag_gene_activity_scores
CGCTGGACACGTGAAG-1,-4.6324553,-2.185786,scCutTag_gene_activity_scores
CGCTGGAGTGATAGAT-1,0.641039,-10.490114,scCutTag_gene_activity_scores
CGGACCAAGGCACCTC-1,-4.42438,-2.5618105,scCutTag_gene_activity_scores
CGGACCAAGTGAGCTG-1,6.352168,3.5164332,scCutTag_gene_activity_scores
CGGACCACAAGGGAGG-1,3.05688,-3.0407062,scCutTag_gene_activity_scores
CGGACCACACACTAGT-1,2.479533,-3.7279923,scCutTag_gene_activity_scores
CGGACCAGTACGTAAA-1,-7.903167,8.205289,scCutTag_gene_activity_scores
CGGACCATCGCCGAAC-1,-0.60746086,-2.6865225,scCutTag_gene_activity_scores
CGGACTGCAATTCGTG-1,-2.9461231,-0.23529056,scCutTag_gene_activity_scores
CGGACTGCATACCCGG-1,-0.20701417,-12.791616,scCutTag_gene_activity_scores
CGGACTGCATCTCACC-1,1.187468,-10.58109,scCutTag_gene_activity_scores
CGGACTGGTCAGGTGA-1,-8.242212,8.145188,scCutTag_gene_activity_scores
CGGACTGTCTGAACGT-1,5.900593,3.737068,scCutTag_gene_activity_scores
CGGACTGTCTTACTCA-1,0.6747237,-10.47608,scCutTag_gene_activity_scores
CGGTGCAAGGACTAGC-1,-2.5778146,-1.8767469,scCutTag_gene_activity_scores
CGGTGCAGTAGTCTGT-1,-8.640569,8.219017,scCutTag_gene_activity_scores
CGGTGCAGTTTGAAGA-1,9.768888,5.675793,scCutTag_gene_activity_scores
CGGTGCAGTTTGTGAC-1,-1.1527432,-10.930636,scCutTag_gene_activity_scores
CGTAAACAGCTCCGGT-1,1.3100129,-11.092647,scCutTag_gene_activity_scores
CGTAAACCAATAGCGG-1,3.581029,-3.0371132,scCutTag_gene_activity_scores
CGTAAACGTAAGCCGA-1,3.353593,-2.903004,scCutTag_gene_activity_scores
CGTAAACGTGATAAGT-1,14.742778,9.152336,scCutTag_gene_activity_scores
CGTAAACTCCATTGTT-1,3.1267722,-4.107123,scCutTag_gene_activity_scores
CGTAAACTCCTGGAAT-1,2.3372002,-5.780057,scCutTag_gene_activity_scores
CGTACAAAGCTACGCC-1,-0.28108573,-11.260055,scCutTag_gene_activity_scores
CGTACAACATTACCTT-1,2.9605787,-3.022647,scCutTag_gene_activity_scores
CGTACAAGTTTCGACA-1,6.3091836,4.5741086,scCutTag_gene_activity_scores
CGTACAATCGCCTTAC-1,-4.2445974,-1.397341,scCutTag_gene_activity_scores
CGTACAATCTATATCC-1,1.600224,-4.895319,scCutTag_gene_activity_scores
CGTGGCAAGACGTCAG-1,6.229227,3.777317,scCutTag_gene_activity_scores
CGTGGCAAGTTGACAA-1,2.846428,-4.3311753,scCutTag_gene_activity_scores
CGTGGCACAAGGAAGA-1,0.6432845,14.655919,scCutTag_gene_activity_scores
CGTGGCAGTAAGCCTT-1,6.6676207,3.5475903,scCutTag_gene_activity_scores
CGTGGCAGTCTTAGCA-1,-7.7346864,8.587166,scCutTag_gene_activity_scores
CGTGGCATCAGCCGGT-1,2.9925396,-3.946178,scCutTag_gene_activity_scores
CGTGGCATCTACTTTG-1,2.3643098,-4.559557,scCutTag_gene_activity_scores
CGTTCCAAGGATGTCG-1,13.297523,9.281316,scCutTag_gene_activity_scores
CGTTCCAAGTACAGTA-1,2.11693,-4.41391,scCutTag_gene_activity_scores
CGTTCCAAGTTCAACC-1,5.2717366,4.58022,scCutTag_gene_activity_scores
CGTTCCACAGATACAA-1,5.698683,4.5812473,scCutTag_gene_activity_scores
CGTTCCAGTATGGATA-1,9.435092,-6.3523073,scCutTag_gene_activity_scores
CGTTCCAGTATTCGCA-1,-3.1731625,-2.3103461,scCutTag_gene_activity_scores
CGTTCCAGTGCTTACA-1,0.23330386,-11.710841,scCutTag_gene_activity_scores
CGTTCCATCTGTTGCC-1,6.9188056,4.1813436,scCutTag_gene_activity_scores
CTAACTTAGGCAGTGT-1,1.9827912,-4.448582,scCutTag_gene_activity_scores
CTAACTTCAGTAGTTC-1,-1.5634544,-10.416667,scCutTag_gene_activity_scores
CTAACTTGTATCACAC-1,2.260104,-3.8390477,scCutTag_gene_activity_scores
CTAACTTGTCTCTGGG-1,-2.315969,-12.009367,scCutTag_gene_activity_scores
CTAACTTGTTCCTATT-1,-0.76400983,13.981292,scCutTag_gene_activity_scores
CTAACTTTCCAATAGC-1,13.296379,3.5241938,scCutTag_gene_activity_scores
CTAACTTTCCGCCTAT-1,-0.46733454,-12.412532,scCutTag_gene_activity_scores
CTAACTTTCGCGCTGA-1,3.1907845,-2.919566,scCutTag_gene_activity_scores
CTACAGAAGCCTTTGA-1,2.2787113,-4.261091,scCutTag_gene_activity_scores
CTACAGACAAACCTAC-1,-1.2029461,-13.052332,scCutTag_gene_activity_scores
CTACAGAGTTATAGAG-1,2.0988576,-4.6432805,scCutTag_gene_activity_scores
CTACAGATCAGAATGA-1,1.2492772,10.520097,scCutTag_gene_activity_scores
CTACTTAAGTGGGACT-1,-0.37822556,-10.607784,scCutTag_gene_activity_scores
CTACTTACAATTGGCT-1,14.727644,8.598314,scCutTag_gene_activity_scores
CTACTTACAGGCAGAT-1,-0.7977211,-12.950902,scCutTag_gene_activity_scores
CTACTTACATCGGCTG-1,-0.26611474,11.203082,scCutTag_gene_activity_scores
CTACTTAGTACCGGCT-1,1.801759,-4.7396955,scCutTag_gene_activity_scores
CTACTTAGTACGGAGT-1,-0.9509916,-11.948026,scCutTag_gene_activity_scores
CTACTTAGTATCAGCT-1,14.050724,8.959266,scCutTag_gene_activity_scores
CTACTTAGTGAGGGTT-1,-0.8300812,-11.212415,scCutTag_gene_activity_scores
CTACTTAGTGCTGTGC-1,-0.96732545,-7.1280594,scCutTag_gene_activity_scores
CTACTTAGTGGGTAGT-1,-1.412737,-2.52354,scCutTag_gene_activity_scores
CTACTTAGTGTCGTGC-1,14.046906,8.977961,scCutTag_gene_activity_scores
CTACTTATCGATGTGT-1,0.10670652,-12.017381,scCutTag_gene_activity_scores
CTACTTATCGCTACCT-1,3.0369613,-3.850726,scCutTag_gene_activity_scores
CTAGCGGCAAGGCGTA-1,-0.55905795,-10.261536,scCutTag_gene_activity_scores
CTAGCGGCAGTGCTCG-1,-1.7829859,-2.8355136,scCutTag_gene_activity_scores
CTAGGATAGGACTTTC-1,2.6116617,-3.609351,scCutTag_gene_activity_scores
CTAGGATCACCTGAAT-1,-2.0726926,-2.3088527,scCutTag_gene_activity_scores
CTAGGATCAGGGAGTT-1,3.0904558,-3.0773861,scCutTag_gene_activity_scores
CTAGGATGTAATGCAA-1,-2.2903054,-2.033441,scCutTag_gene_activity_scores
CTAGGGCCAGGTAGCA-1,14.946642,7.91945,scCutTag_gene_activity_scores
CTAGGGCTCCAGGGAA-1,-2.4621043,-11.5275345,scCutTag_gene_activity_scores
CTAGGGCTCGGTCCGA-1,-0.83489937,-12.515216,scCutTag_gene_activity_scores
CTCAACCAGGTCGTTT-1,13.865782,3.7534952,scCutTag_gene_activity_scores
CTCAACCAGTGGTGTG-1,0.78592503,-10.087106,scCutTag_gene_activity_scores
CTCAACCCAACAAACA-1,0.12885845,-11.556981,scCutTag_gene_activity_scores
CTCAACCCAGTTGGAG-1,9.023313,-5.918675,scCutTag_gene_activity_scores
CTCAACCTCCGGCGAT-1,9.711301,7.498737,scCutTag_gene_activity_scores
CTCACCAAGCTAGTTC-1,-3.0717664,-2.9144578,scCutTag_gene_activity_scores
CTCACCAAGGCAGTAC-1,5.4971504,4.016804,scCutTag_gene_activity_scores
CTCACCACATGACTGT-1,-0.9631885,-9.6798,scCutTag_gene_activity_scores
CTCACCAGTAGCGGTA-1,14.192882,9.158745,scCutTag_gene_activity_scores
CTCACCAGTCCCTTTG-1,2.6898482,-2.593246,scCutTag_gene_activity_scores
CTCACCAGTTACTTTC-1,1.818104,-3.230294,scCutTag_gene_activity_scores
CTCACCATCTATTTCG-1,5.3364344,3.8645253,scCutTag_gene_activity_scores
CTCAGAACAAACGTTC-1,12.785982,3.2943864,scCutTag_gene_activity_scores
CTCAGAAGTACGCAAG-1,13.454497,9.8653,scCutTag_gene_activity_scores
CTCAGAAGTGCACCCA-1,2.0828369,-3.7342079,scCutTag_gene_activity_scores
CTCAGAATCCGAATTG-1,9.049443,-5.9592695,scCutTag_gene_activity_scores
CTCAGAATCGAAGCCC-1,9.144226,7.425953,scCutTag_gene_activity_scores
CTCAGAATCTCTTCCT-1,-1.6805646,-12.405197,scCutTag_gene_activity_scores
CTCAGCTAGTCAACTC-1,-1.1973549,-3.637546,scCutTag_gene_activity_scores
CTCAGCTGTTCCATCC-1,-3.5782864,-2.7821856,scCutTag_gene_activity_scores
CTCATGCAGAAGAGTG-1,-1.8088318,-10.691304,scCutTag_gene_activity_scores
CTCATGCCAGGTAGGT-1,0.6660459,-3.0463028,scCutTag_gene_activity_scores
CTCATGCTCCTCATTA-1,-0.35336348,-12.229398,scCutTag_gene_activity_scores
CTCCCAAAGCTACGTT-1,3.1247807,-3.3316963,scCutTag_gene_activity_scores
CTCCCAAAGGTCTTTG-1,-0.1767346,-10.615541,scCutTag_gene_activity_scores
CTCCCAAGTTCCTGTC-1,-0.30672592,-11.866013,scCutTag_gene_activity_scores
CTCGCTAAGAGACTCG-1,0.04978717,-11.182237,scCutTag_gene_activity_scores
CTCGCTAAGAGCCACA-1,-0.58236134,-13.105225,scCutTag_gene_activity_scores
CTCGCTAAGCCCATGC-1,0.24808156,-11.722874,scCutTag_gene_activity_scores
CTCGCTACATGGGTGA-1,10.547289,-7.8164325,scCutTag_gene_activity_scores
CTCGCTAGTCAACTAC-1,0.32322764,-8.762528,scCutTag_gene_activity_scores
CTCGCTAGTCATAGAA-1,-2.5111773,-2.6534662,scCutTag_gene_activity_scores
CTCGCTATCAAAGTAG-1,0.17812355,-10.852226,scCutTag_gene_activity_scores
CTCGCTATCTGCGTCT-1,-1.938623,-12.3489,scCutTag_gene_activity_scores
CTCTACGAGTAGTTCC-1,2.7629097,-2.9250886,scCutTag_gene_activity_scores
CTCTACGAGTGCTAGG-1,-1.9684955,-11.746925,scCutTag_gene_activity_scores
CTCTACGAGTTCCCGG-1,-1.3520042,-10.751156,scCutTag_gene_activity_scores
CTCTACGCAAGGAAGA-1,-0.30126557,14.610396,scCutTag_gene_activity_scores
CTCTACGGTATCAGCT-1,2.1378362,-3.6795335,scCutTag_gene_activity_scores
CTCTACGTCCCACTAC-1,-0.1702118,-11.281422,scCutTag_gene_activity_scores
CTCTACGTCGCCACTT-1,2.9456685,-2.9780364,scCutTag_gene_activity_scores
CTCTAGCAGGAAGGTA-1,-0.6920958,-12.887014,scCutTag_gene_activity_scores
CTCTAGCAGTAACTCC-1,4.162038,-4.5897717,scCutTag_gene_activity_scores
CTCTAGCAGTCAGCCC-1,0.5197694,-12.440854,scCutTag_gene_activity_scores
CTCTAGCCAAATGCTC-1,-3.1872687,-1.7493967,scCutTag_gene_activity_scores
CTCTAGCCAATCACTG-1,2.8290946,-3.218793,scCutTag_gene_activity_scores
CTCTAGCTCCCGTAGG-1,3.8222868,-4.515694,scCutTag_gene_activity_scores
CTCTAGCTCCGGGCAT-1,-2.0122497,-12.300687,scCutTag_gene_activity_scores
CTCTCAGAGAATGCTA-1,0.65482,-10.87966,scCutTag_gene_activity_scores
CTCTCAGAGAGGAATG-1,-0.34696767,11.810324,scCutTag_gene_activity_scores
CTCTCAGAGTTCCAGT-1,-0.8524267,-12.696556,scCutTag_gene_activity_scores
CTCTCAGCACCTGAAT-1,2.1766388,-3.1524117,scCutTag_gene_activity_scores
CTCTCAGCACTCGTGG-1,2.09235,-3.4300327,scCutTag_gene_activity_scores
CTCTCAGCATTGTGAC-1,2.716105,-2.7487478,scCutTag_gene_activity_scores
CTCTCGAAGACACTTC-1,11.255661,6.8641977,scCutTag_gene_activity_scores
CTCTCGACACCGTTGG-1,3.4649005,-4.708326,scCutTag_gene_activity_scores
CTCTCGACACTAGGAG-1,3.445542,-4.8057485,scCutTag_gene_activity_scores
CTCTCGAGTGCTGTGC-1,-4.072679,-2.5534234,scCutTag_gene_activity_scores
CTCTCGAGTGTCTACA-1,-1.5713626,-2.8314211,scCutTag_gene_activity_scores
CTCTCGATCGACTTAG-1,1.2830851,-3.489532,scCutTag_gene_activity_scores
CTGAATGAGTACAGAT-1,12.379866,3.6439419,scCutTag_gene_activity_scores
CTGAATGCAAAGAGAG-1,2.976867,-3.7221982,scCutTag_gene_activity_scores
CTGAATGCATCGCCTT-1,-0.13341996,-9.97113,scCutTag_gene_activity_scores
CTGAATGGTGCGTTTA-1,1.067607,13.57197,scCutTag_gene_activity_scores
CTGAATGGTTCAGTAC-1,-1.2037877,-11.946904,scCutTag_gene_activity_scores
CTGAATGGTTGCAGAG-1,1.2572391,-4.2096634,scCutTag_gene_activity_scores
CTGAATGTCCATGACA-1,0.0275334,-12.885993,scCutTag_gene_activity_scores
CTGCGTTGTGCGCTCA-1,0.62090707,-12.545408,scCutTag_gene_activity_scores
CTGCGTTGTGTCTACA-1,-2.2275772,-2.406985,scCutTag_gene_activity_scores
CTGCGTTTCAAGGCCC-1,0.10159247,-11.510057,scCutTag_gene_activity_scores
CTGCGTTTCAGCGGTC-1,0.50817424,-11.2614,scCutTag_gene_activity_scores
CTGCTCAAGGGTTCTT-1,-1.2145772,-11.293103,scCutTag_gene_activity_scores
CTGGCAGAGCAGAATT-1,-8.290139,8.709555,scCutTag_gene_activity_scores
CTGGCAGCATAGCCAT-1,-1.0287299,11.872856,scCutTag_gene_activity_scores
CTGGCAGCATCCGTAA-1,-1.1828421,-11.890489,scCutTag_gene_activity_scores
CTGGCAGGTCGGCTGT-1,-0.74234426,-12.217459,scCutTag_gene_activity_scores
CTGGCAGGTGAGTAAT-1,-8.505093,8.121244,scCutTag_gene_activity_scores
CTGGCAGGTGCACTTA-1,-1.2702998,14.476214,scCutTag_gene_activity_scores
CTGGCAGGTGGAAAGA-1,-3.5268931,-2.9849255,scCutTag_gene_activity_scores
CTGGCAGGTTCTGATG-1,-0.21851465,-10.149049,scCutTag_gene_activity_scores
CTGGCAGGTTGGCGAA-1,0.10327273,-3.4879436,scCutTag_gene_activity_scores
CTGGCAGTCAATTCCT-1,2.9237564,-4.3961835,scCutTag_gene_activity_scores
CTGGCAGTCCCAATGA-1,-2.1037633,-11.954358,scCutTag_gene_activity_scores
CTGGCAGTCGTGGCGT-1,-2.6988163,-1.8270444,scCutTag_gene_activity_scores
CTGGCAGTCGTTGTTT-1,-3.9336708,-1.573635,scCutTag_gene_activity_scores
CTGGGACAGGAGAACA-1,0.39757025,-12.951296,scCutTag_gene_activity_scores
CTGGGACCATCGAGTT-1,14.198046,8.234996,scCutTag_gene_activity_scores
CTGGGACCATCGTGAT-1,2.2937527,-3.8501062,scCutTag_gene_activity_scores
CTGGGACTCGAGCGCT-1,1.8526428,-3.397258,scCutTag_gene_activity_scores
CTGGGACTCGAGGTAG-1,1.8709242,-3.9199116,scCutTag_gene_activity_scores
CTGGGACTCTGAAAGA-1,-1.9034438,-11.11208,scCutTag_gene_activity_scores
CTGTATTAGCCGCAAA-1,-2.1044643,-3.1952298,scCutTag_gene_activity_scores
CTGTATTAGCCTTTGA-1,2.472832,-4.769731,scCutTag_gene_activity_scores
CTGTATTAGTAATCAG-1,-3.1678598,-3.3813243,scCutTag_gene_activity_scores
CTGTATTAGTGAATAC-1,11.700042,7.7490025,scCutTag_gene_activity_scores
CTGTATTCAGGGTAAC-1,2.0777853,-4.7371483,scCutTag_gene_activity_scores
CTGTATTCATCATGTG-1,-0.41700897,-12.85472,scCutTag_gene_activity_scores
CTGTATTTCGCTATAG-1,12.682235,9.932628,scCutTag_gene_activity_scores
CTGTTCGAGGTGTTGG-1,1.8429806,-3.1062803,scCutTag_gene_activity_scores
CTGTTCGCAGTAACTC-1,-1.4091815,-13.102587,scCutTag_gene_activity_scores
CTGTTCGCATTAAGGA-1,3.8192372,-3.7556713,scCutTag_gene_activity_scores
CTGTTCGCATTAGCAC-1,14.328519,5.558638,scCutTag_gene_activity_scores
CTGTTCGGTCCCGTGA-1,-4.1147027,-1.0290135,scCutTag_gene_activity_scores
CTTAATCCAGCGCGTT-1,9.953086,-7.8935614,scCutTag_gene_activity_scores
CTTAATCCATAGACGG-1,6.8253875,4.0974193,scCutTag_gene_activity_scores
CTTAATCGTGTACGCC-1,-1.9457994,-11.38207,scCutTag_gene_activity_scores
CTTAATCGTTAGGCTT-1,-2.114852,-11.854939,scCutTag_gene_activity_scores
CTTAATCTCGCTATAG-1,6.060991,4.256809,scCutTag_gene_activity_scores
CTTAATCTCTGGCACG-1,-0.50114554,-7.32399,scCutTag_gene_activity_scores
CTTCCAGAGACTCTTG-1,-1.1608219,-9.973313,scCutTag_gene_activity_scores
CTTCCAGAGATTAGAC-1,0.9309075,-2.741929,scCutTag_gene_activity_scores
CTTCCAGAGCGTGTTT-1,-3.901157,-2.694111,scCutTag_gene_activity_scores
CTTCCAGAGTCCTTCC-1,0.41110203,-12.432644,scCutTag_gene_activity_scores
CTTCCAGCATCGGCCA-1,1.4806408,-3.6230218,scCutTag_gene_activity_scores
CTTCCAGGTCATTGCA-1,-1.9685338,-11.236626,scCutTag_gene_activity_scores
CTTCCAGGTGATAGAT-1,-0.2182484,-11.991921,scCutTag_gene_activity_scores
CTTCCAGGTTTCGATG-1,9.222585,7.3062954,scCutTag_gene_activity_scores
CTTCCAGTCCGAGGAA-1,2.0389068,-4.934632,scCutTag_gene_activity_scores
CTTCCAGTCGCTTGAA-1,-2.0284252,-12.010412,scCutTag_gene_activity_scores
CTTCTAAAGACGACTG-1,10.32132,7.203098,scCutTag_gene_activity_scores
CTTCTAACATGTGAGG-1,-3.8331378,-2.1398823,scCutTag_gene_activity_scores
CTTCTAAGTGGAAGCT-1,3.1372297,-4.558553,scCutTag_gene_activity_scores
CTTCTAATCCCAGCGA-1,15.487982,7.8133235,scCutTag_gene_activity_scores
CTTGAAGAGGAGACTC-1,-8.272238,8.624698,scCutTag_gene_activity_scores
CTTGAAGAGTTAGCGG-1,-2.7759213,-2.7283072,scCutTag_gene_activity_scores
CTTGAAGCAAGTCTGT-1,2.0580618,-5.195048,scCutTag_gene_activity_scores
CTTGAAGCACTGTTAG-1,0.90458643,-10.160418,scCutTag_gene_activity_scores
CTTGAAGGTGGGTAGT-1,-0.65023553,-7.113796,scCutTag_gene_activity_scores
CTTGAAGTCAGGGTTT-1,11.884639,6.2961597,scCutTag_gene_activity_scores
CTTGAAGTCTGATCTT-1,0.75927305,-3.9714892,scCutTag_gene_activity_scores
CTTGCCAAGAGCGAAA-1,0.43939996,-10.042352,scCutTag_gene_activity_scores
CTTGCCAAGATATGAC-1,15.567985,7.025369,scCutTag_gene_activity_scores
CTTGCCAAGGGAAATG-1,13.306284,9.768527,scCutTag_gene_activity_scores
CTTGCCACACGTTACA-1,-1.3797705,-11.380504,scCutTag_gene_activity_scores
CTTGCCAGTATCTAGC-1,-3.9548137,-3.2051475,scCutTag_gene_activity_scores
CTTGCCAGTCAGGCTC-1,8.835877,-6.1856155,scCutTag_gene_activity_scores
CTTGCCAGTCTGTGTA-1,-4.6148477,-2.1523767,scCutTag_gene_activity_scores
CTTGCCAGTTACGGAG-1,-1.9231579,12.4021,scCutTag_gene_activity_scores
CTTGCCATCCATCGAA-1,1.4372017,-4.6220846,scCutTag_gene_activity_scores
CTTGCCATCGACCCGA-1,-3.5306292,-2.129371,scCutTag_gene_activity_scores
CTTGCTGAGCTATCGT-1,7.435207,5.062633,scCutTag_gene_activity_scores
CTTGCTGCACTAAACC-1,14.437607,5.5246186,scCutTag_gene_activity_scores
CTTGCTGGTAAGTGCG-1,6.4294868,4.330816,scCutTag_gene_activity_scores
CTTGCTGGTCAGCTTA-1,-7.7830615,7.7667,scCutTag_gene_activity_scores
CTTGTCGAGACACTTC-1,-0.43442154,-10.705951,scCutTag_gene_activity_scores
CTTGTCGAGACTTCCA-1,-7.963665,8.51941,scCutTag_gene_activity_scores
CTTGTCGAGGCTTCGC-1,-1.1603649,10.208054,scCutTag_gene_activity_scores
CTTGTCGAGGTCTTTG-1,2.7814548,-3.1850884,scCutTag_gene_activity_scores
CTTGTCGAGTTACACC-1,0.47574592,14.644164,scCutTag_gene_activity_scores
CTTGTCGCACATCATG-1,-4.2479095,-2.8614984,scCutTag_gene_activity_scores
CTTGTCGGTACGCAAG-1,1.2012141,-11.925199,scCutTag_gene_activity_scores
CTTGTCGGTCCAAGTT-1,-0.36540496,-11.944372,scCutTag_gene_activity_scores
CTTGTCGGTCGTAATC-1,-0.33396712,-8.557264,scCutTag_gene_activity_scores
CTTGTCGGTGGTAGAC-1,-1.5027262,-12.298874,scCutTag_gene_activity_scores
CTTGTCGTCAGAATGA-1,2.4451284,-4.587647,scCutTag_gene_activity_scores
CTTTGCGCAAGGAGGG-1,-1.4489955,-11.465658,scCutTag_gene_activity_scores
CTTTGCGCAGTTGCAT-1,-7.8796673,8.047431,scCutTag_gene_activity_scores
CTTTGCGGTCATAAGA-1,1.0510281,-3.9482841,scCutTag_gene_activity_scores
CTTTGCGGTCCGTCGA-1,2.309033,-4.348653,scCutTag_gene_activity_scores
CTTTGCGGTTGGGAAC-1,1.092981,-3.6737664,scCutTag_gene_activity_scores
CTTTGCGTCCAATAGC-1,2.9146435,-5.0443435,scCutTag_gene_activity_scores
CTTTGCGTCTTGCGCT-1,1.3474814,-4.568429,scCutTag_gene_activity_scores
GAAACAACATTATGGC-1,2.5853498,-3.4343314,scCutTag_gene_activity_scores
GAAACAAGTGACAAGC-1,-7.503888,7.897339,scCutTag_gene_activity_scores
GAAACAAGTGCAGACA-1,2.985249,-3.4843485,scCutTag_gene_activity_scores
GAAACAATCCTCCTGA-1,2.2609015,-3.900424,scCutTag_gene_activity_scores
GAAAGTACAGATAAGT-1,-1.2577964,10.649854,scCutTag_gene_activity_scores
GAAAGTAGTTTGCCCT-1,-4.588105,-1.9870074,scCutTag_gene_activity_scores
GAAAGTATCTCGCGTT-1,9.638489,6.8201184,scCutTag_gene_activity_scores
GAAATGAAGCTGCTCG-1,8.176594,-6.414234,scCutTag_gene_activity_scores
GAAATGACAGGTCTGC-1,0.89253217,13.220125,scCutTag_gene_activity_scores
GAAATGAGTCAGTGTT-1,10.872802,-7.5785456,scCutTag_gene_activity_scores
GAAATGAGTTAAGGGC-1,3.3744154,-4.4366164,scCutTag_gene_activity_scores
GAAATGATCAGGAATA-1,-0.5829708,-10.666729,scCutTag_gene_activity_scores
GAAATGATCGATATGC-1,0.22974284,-6.8202944,scCutTag_gene_activity_scores
GAAATGATCGGTTAGT-1,1.5327752,-4.4881716,scCutTag_gene_activity_scores
GAACCGCCACATTCTT-1,-2.5405827,-2.348723,scCutTag_gene_activity_scores
GAACCGCGTATTGTGC-1,9.742507,-6.5390844,scCutTag_gene_activity_scores
GAACCGCGTCAAACAA-1,-4.2930193,-2.2517738,scCutTag_gene_activity_scores
GAACCGCGTTTAGGAA-1,13.624872,6.502927,scCutTag_gene_activity_scores
GAACCGCGTTTCGACA-1,2.5025392,-3.1703813,scCutTag_gene_activity_scores
GAACCGCTCCCTACGT-1,0.33314237,-8.640334,scCutTag_gene_activity_scores
GAACCGCTCGAGAAGC-1,3.546144,-4.048949,scCutTag_gene_activity_scores
GAACCGCTCGCACCGA-1,3.3648298,-4.7149434,scCutTag_gene_activity_scores
GAACCGCTCTATGAGC-1,1.2812976,-4.3602357,scCutTag_gene_activity_scores
GAACCTAAGACTTCCA-1,-1.3285606,-12.121462,scCutTag_gene_activity_scores
GAACCTAAGGTTGTTC-1,-0.19110933,-12.061136,scCutTag_gene_activity_scores
GAACCTAAGTACTCTG-1,0.15704064,-10.702659,scCutTag_gene_activity_scores
GAACCTACAACTCGAT-1,8.18026,-5.934172,scCutTag_gene_activity_scores
GAACCTACATAGACGG-1,14.530042,7.7362404,scCutTag_gene_activity_scores
GAACCTACATAGATAG-1,14.282271,8.93769,scCutTag_gene_activity_scores
GAACCTAGTACCCATA-1,-0.79428875,-11.756707,scCutTag_gene_activity_scores
GAACGTTCACAGTTCA-1,-3.3790853,-1.7122264,scCutTag_gene_activity_scores
GAACGTTCACATATCG-1,0.7120447,-3.5209553,scCutTag_gene_activity_scores
GAACGTTCACCGATCG-1,1.9449131,-3.929809,scCutTag_gene_activity_scores
GAACGTTGTTAGGCTT-1,2.6898243,-4.291546,scCutTag_gene_activity_scores
GAACTTGAGATATGTG-1,-3.8828502,-2.8591468,scCutTag_gene_activity_scores
GAACTTGAGCTCGTTA-1,1.2033056,-3.139458,scCutTag_gene_activity_scores
GAACTTGAGGGTCTGA-1,-1.8885473,-11.758151,scCutTag_gene_activity_scores
GAACTTGGTACGTAGG-1,10.355773,-7.6182866,scCutTag_gene_activity_scores
GAACTTGGTAGTGATA-1,0.7645646,-10.931536,scCutTag_gene_activity_scores
GAACTTGGTCAACTGT-1,15.157364,7.6881456,scCutTag_gene_activity_scores
GAACTTGGTCAGACGA-1,-0.9287311,-10.946003,scCutTag_gene_activity_scores
GAACTTGTCGAGAAGC-1,-2.0839627,11.287486,scCutTag_gene_activity_scores
GAACTTGTCGCAGATT-1,-1.0611051,-11.208056,scCutTag_gene_activity_scores
GAAGAGCAGAGAAGCA-1,-0.8160055,10.137644,scCutTag_gene_activity_scores
GAAGAGCGTTGGTAAA-1,15.038053,6.025595,scCutTag_gene_activity_scores
GAAGAGCTCCCATAGA-1,2.3445947,-4.6643257,scCutTag_gene_activity_scores
GAAGTCTCAGGTGGTA-1,-1.2274863,-10.601034,scCutTag_gene_activity_scores
GAAGTCTGTGGACCAA-1,2.2330368,-3.9053173,scCutTag_gene_activity_scores
GAAGTCTTCTCTGCGT-1,-0.0029495533,-7.787781,scCutTag_gene_activity_scores
GAAGTGGAGCAGGAGG-1,-3.87124,-1.3780019,scCutTag_gene_activity_scores
GAAGTGGAGCCTATAC-1,8.078032,-6.8591886,scCutTag_gene_activity_scores
GAATCTGAGGTAAGTT-1,2.1412048,-4.122152,scCutTag_gene_activity_scores
GAATCTGCACCGTTGG-1,10.30733,8.493438,scCutTag_gene_activity_scores
GAATCTGGTTTGCATG-1,-0.36665547,-7.2019978,scCutTag_gene_activity_scores
GAATCTGTCCTTTGAT-1,2.404541,-3.6669102,scCutTag_gene_activity_scores
GAATCTGTCTTGCGCT-1,2.2071388,-4.348791,scCutTag_gene_activity_scores
GACCAATAGGCAGTAC-1,3.012025,-3.733235,scCutTag_gene_activity_scores
GACCAATCAAAGCATA-1,3.2253077,-3.1398783,scCutTag_gene_activity_scores
GACCAATCACACACAT-1,3.3116095,-3.3222895,scCutTag_gene_activity_scores
GACCAATCACGCGTTG-1,2.9964154,-3.6369002,scCutTag_gene_activity_scores
GACCAATGTAACCGAG-1,6.3534894,3.2451186,scCutTag_gene_activity_scores
GACCAATGTCACATTG-1,1.160591,10.480831,scCutTag_gene_activity_scores
GACCAATTCGATATGC-1,-8.574487,8.382704,scCutTag_gene_activity_scores
GACCAATTCGATCTTT-1,2.5851464,-4.898978,scCutTag_gene_activity_scores
GACCAATTCGGAAAGC-1,2.1721392,-3.494121,scCutTag_gene_activity_scores
GACCAATTCGTCTTAT-1,-0.77518654,-9.489523,scCutTag_gene_activity_scores
GACCAATTCGTGCTTC-1,2.4391346,-3.675358,scCutTag_gene_activity_scores
GACCCAGAGCGGACTA-1,15.652407,6.9377017,scCutTag_gene_activity_scores
GACCCAGAGGCACTAG-1,9.371732,-6.655595,scCutTag_gene_activity_scores
GACCCAGCAAGAAACT-1,-1.1714635,-12.223539,scCutTag_gene_activity_scores
GACCCAGCAGATAAGT-1,-7.8106575,8.5635195,scCutTag_gene_activity_scores
GACCCAGGTAGGTAAT-1,-7.670078,7.879113,scCutTag_gene_activity_scores
GACCCAGGTCAGGCTC-1,-1.6938186,-11.745845,scCutTag_gene_activity_scores
GACCCAGGTCCGTAGC-1,2.6877728,-4.613625,scCutTag_gene_activity_scores
GACCCAGTCCACGCTT-1,11.45949,5.4069276,scCutTag_gene_activity_scores
GACCCAGTCGGGTCCA-1,6.2532134,4.1434016,scCutTag_gene_activity_scores
GACCGACCAAACTACC-1,10.248323,7.9871697,scCutTag_gene_activity_scores
GACCGACCATAGCCGC-1,10.745555,-6.4794264,scCutTag_gene_activity_scores
GACCGACTCATCGCCT-1,2.5043893,-3.780485,scCutTag_gene_activity_scores
GACCGACTCCCTACCA-1,-1.5589907,-12.311951,scCutTag_gene_activity_scores
GACCTTCCAATAGCGG-1,-0.0152465915,-11.428964,scCutTag_gene_activity_scores
GACCTTCCAATCATCG-1,6.292013,4.178347,scCutTag_gene_activity_scores
GACCTTCCACCGTTGG-1,-0.33625016,-10.446644,scCutTag_gene_activity_scores
GACCTTCCACGGCCAT-1,3.0465457,-3.3688662,scCutTag_gene_activity_scores
GACCTTCGTCCGAGCT-1,-4.594048,-2.532872,scCutTag_gene_activity_scores
GACCTTCTCACTAGGT-1,13.236894,7.5764203,scCutTag_gene_activity_scores
GACCTTCTCCGAGGAA-1,-7.317937,8.567199,scCutTag_gene_activity_scores
GACTAACCAATGATGA-1,-1.2440099,-11.571006,scCutTag_gene_activity_scores
GACTAACTCGCACCGA-1,-0.7268727,-10.213115,scCutTag_gene_activity_scores
GACTAGTAGGTTCGTT-1,-8.211018,8.741368,scCutTag_gene_activity_scores
GACTAGTCAGGACTGA-1,3.021987,-4.4651833,scCutTag_gene_activity_scores
GACTAGTTCGCAAACT-1,-2.1986322,-11.527887,scCutTag_gene_activity_scores
GAGAACGAGCCTATAC-1,1.2437912,-4.2244415,scCutTag_gene_activity_scores
GAGAACGAGCCTTTGA-1,3.044944,-4.7540145,scCutTag_gene_activity_scores
GAGAACGAGTCTCCAA-1,-7.409985,8.291284,scCutTag_gene_activity_scores
GAGAACGCAACGTACT-1,-0.18946776,-7.745624,scCutTag_gene_activity_scores
GAGAACGCACCACAGC-1,1.963385,-3.9100108,scCutTag_gene_activity_scores
GAGAACGCACCTCGTT-1,-0.5027708,-12.874004,scCutTag_gene_activity_scores
GAGAACGCATGATCGT-1,2.1881046,-2.9427278,scCutTag_gene_activity_scores
GAGAACGTCTCTTCTC-1,0.70154536,11.058906,scCutTag_gene_activity_scores
GAGACTTAGAGGAATG-1,-4.3712444,-1.257605,scCutTag_gene_activity_scores
GAGACTTCATAGTCCA-1,2.2519476,-3.341788,scCutTag_gene_activity_scores
GAGACTTGTAGGTAAT-1,2.9128125,-5.0704794,scCutTag_gene_activity_scores
GAGACTTGTCAAACAA-1,-7.913201,8.693089,scCutTag_gene_activity_scores
GAGACTTTCGACTTAG-1,0.22299433,-12.243607,scCutTag_gene_activity_scores
GAGATTCAGGGATCCA-1,10.719166,7.041473,scCutTag_gene_activity_scores
GAGATTCAGGGTCTGA-1,2.0745952,-4.191687,scCutTag_gene_activity_scores
GAGATTCCATTCGTCC-1,13.229495,9.947043,scCutTag_gene_activity_scores
GAGATTCGTATTGTCG-1,13.273375,10.087233,scCutTag_gene_activity_scores
GAGATTCGTCCCGAGT-1,12.820883,3.8953629,scCutTag_gene_activity_scores
GAGATTCGTCCGTAGC-1,0.4349548,13.699453,scCutTag_gene_activity_scores
GAGATTCTCGATAGCT-1,2.5111556,-3.283012,scCutTag_gene_activity_scores
GAGATTCTCGTGCTGG-1,2.5953298,-3.3845134,scCutTag_gene_activity_scores
GAGCATTAGAGAACCC-1,1.9453303,-4.116653,scCutTag_gene_activity_scores
GAGCATTAGTGAACCG-1,2.1384163,-4.4153967,scCutTag_gene_activity_scores
GAGCATTCATCGCCTT-1,-0.3932748,-12.849519,scCutTag_gene_activity_scores
GAGCATTGTTGGCTTA-1,-4.2474737,-2.8535583,scCutTag_gene_activity_scores
GAGCATTTCCACACCT-1,-1.5436885,13.239332,scCutTag_gene_activity_scores
GAGCGCTAGTCGACCC-1,-0.5058966,10.502844,scCutTag_gene_activity_scores
GAGCGCTCAAGTTCGT-1,2.1195261,-3.4822652,scCutTag_gene_activity_scores
GAGCGCTCAGGCATTT-1,-0.8780339,-11.362604,scCutTag_gene_activity_scores
GAGCGCTCAGGTAGGT-1,-0.4683531,-10.3272295,scCutTag_gene_activity_scores
GAGCGCTGTGAGGTCA-1,1.6344882,-5.425646,scCutTag_gene_activity_scores
GAGCGCTGTGATGCGA-1,13.631278,7.490787,scCutTag_gene_activity_scores
GAGGATGAGAGCCACA-1,6.346904,3.9524915,scCutTag_gene_activity_scores
GAGGATGCAACGGGTA-1,2.8473513,-3.2677722,scCutTag_gene_activity_scores
GAGGATGCACTAGGAG-1,3.108298,-4.3432584,scCutTag_gene_activity_scores
GAGGATGGTCAAGACG-1,1.450735,12.44419,scCutTag_gene_activity_scores
GAGGATGGTTCTGATG-1,-2.4758458,-11.52053,scCutTag_gene_activity_scores
GAGGCTCAGGTACATA-1,1.3432728,13.082614,scCutTag_gene_activity_scores
GAGGCTCGTAACGGTG-1,-1.2317334,-12.953155,scCutTag_gene_activity_scores
GAGGCTCGTGAGGGTT-1,-0.38934365,-10.808191,scCutTag_gene_activity_scores
GAGGCTCGTTCGGGAA-1,9.1720295,-6.785045,scCutTag_gene_activity_scores
GAGGCTCTCGCGTGAC-1,-0.93828785,-7.349398,scCutTag_gene_activity_scores
GAGGTCCCAGAACAGC-1,5.2862964,4.3808255,scCutTag_gene_activity_scores
GAGGTCCCATCTCTCG-1,-3.717462,-2.4973218,scCutTag_gene_activity_scores
GAGGTCCCATGTGGGA-1,0.71287715,-11.049948,scCutTag_gene_activity_scores
GAGGTCCGTGGACAGT-1,-1.3433236,13.412277,scCutTag_gene_activity_scores
GAGGTCCTCGTGATAC-1,-1.8553225,-12.155688,scCutTag_gene_activity_scores
GAGTGAGAGAGACTCG-1,5.414387,4.6269784,scCutTag_gene_activity_scores
GAGTGAGAGGAGTACC-1,3.3818748,-3.2138948,scCutTag_gene_activity_scores
GAGTGAGGTTGCCGCA-1,0.30199948,-8.6076975,scCutTag_gene_activity_scores
GAGTGAGTCCTTACGC-1,-2.4946334,-11.147088,scCutTag_gene_activity_scores
GAGTGAGTCTGAGTCA-1,0.37928832,-10.621131,scCutTag_gene_activity_scores
GATCATGAGTGATATG-1,2.383861,-3.9806087,scCutTag_gene_activity_scores
GATCATGCAAAGAAGG-1,13.022311,4.0450654,scCutTag_gene_activity_scores
GATCATGCAACAAACA-1,-1.9905391,-11.43532,scCutTag_gene_activity_scores
GATCATGTCTTGCGCT-1,13.493039,9.084494,scCutTag_gene_activity_scores
GATCGTAAGATAGGTT-1,-1.0550476,-11.347485,scCutTag_gene_activity_scores
GATCGTAAGCGAGCTA-1,-1.843096,-12.134106,scCutTag_gene_activity_scores
GATCGTAAGGATTGAT-1,3.632708,-3.8968081,scCutTag_gene_activity_scores
GATCGTAAGGCCTCGT-1,14.936506,8.688614,scCutTag_gene_activity_scores
GATCGTAAGGTACATA-1,6.8288765,3.7263873,scCutTag_gene_activity_scores
GATCGTAAGTCGTGAG-1,-3.2302306,-2.4726999,scCutTag_gene_activity_scores
GATCGTACACATTGCA-1,-1.4311099,13.682611,scCutTag_gene_activity_scores
GATCGTACACGCGATC-1,2.024959,-3.5815256,scCutTag_gene_activity_scores
GATCGTACATGCGTTA-1,-0.06727619,-12.034454,scCutTag_gene_activity_scores
GATCGTAGTACTAGAA-1,2.4845667,-3.865028,scCutTag_gene_activity_scores
GATCGTAGTGAATACA-1,13.258729,7.3284807,scCutTag_gene_activity_scores
GATCGTAGTTCTCGAA-1,2.0159352,-4.204414,scCutTag_gene_activity_scores
GATGATCAGGAAGAAC-1,9.273663,-6.693018,scCutTag_gene_activity_scores
GATGATCAGTCTAGAA-1,-0.24916194,-9.856358,scCutTag_gene_activity_scores
GATGATCGTTACACTG-1,0.84968066,-11.481242,scCutTag_gene_activity_scores
GATGATCTCAAGGCCC-1,-0.25282535,-11.602638,scCutTag_gene_activity_scores
GATGATCTCGCAGATT-1,-1.1818509,-11.232184,scCutTag_gene_activity_scores
GATGGCCAGAACTAAC-1,3.1184711,-4.1375885,scCutTag_gene_activity_scores
GATGGCCCAAAGACGC-1,-2.940268,-0.90702486,scCutTag_gene_activity_scores
GATGGCCCATGTATCG-1,-0.41473654,-11.321829,scCutTag_gene_activity_scores
GATGGCCGTACTTGAC-1,-1.5822402,-12.852295,scCutTag_gene_activity_scores
GATGGCCGTCCTATTT-1,12.943407,7.932742,scCutTag_gene_activity_scores
GATGGCCTCCGATGCG-1,-7.715632,9.241282,scCutTag_gene_activity_scores
GATGGCCTCTATAGGC-1,-3.8054423,-3.0452983,scCutTag_gene_activity_scores
GATGGCCTCTTTATCG-1,-8.098962,8.633193,scCutTag_gene_activity_scores
GATTAGCCAACTACTG-1,0.5701592,-10.692724,scCutTag_gene_activity_scores
GATTAGCCAGCGTACC-1,3.27265,-3.5407875,scCutTag_gene_activity_scores
GATTAGCCATTAACGC-1,-0.23937511,13.088887,scCutTag_gene_activity_scores
GATTAGCGTTTCTACT-1,-1.1816524,-6.81757,scCutTag_gene_activity_scores
GATTAGCTCTATCTAC-1,-7.843702,7.6368566,scCutTag_gene_activity_scores
GATTGACAGGCCAGTA-1,-2.000504,-12.559201,scCutTag_gene_activity_scores
GATTGACAGGGAAATG-1,2.7244875,-4.6686916,scCutTag_gene_activity_scores
GATTGACCAAGTCCTA-1,3.0336845,-3.8865929,scCutTag_gene_activity_scores
GATTGACCAGCTTACA-1,0.53106135,-12.929659,scCutTag_gene_activity_scores
GATTGACGTCACAGGA-1,0.7906582,-10.628733,scCutTag_gene_activity_scores
GATTGACGTCATTGCA-1,0.17980649,-10.45936,scCutTag_gene_activity_scores
GATTGACTCGACTTAG-1,-1.9631699,10.799981,scCutTag_gene_activity_scores
GATTGACTCTCTGACC-1,2.501336,-2.979234,scCutTag_gene_activity_scores
GCAAAGGAGACTAGCG-1,1.8260597,-3.8216982,scCutTag_gene_activity_scores
GCAAAGGAGCTCCGGT-1,3.0023699,-4.201243,scCutTag_gene_activity_scores
GCAAAGGAGGCCAATG-1,-0.3278505,-7.0609856,scCutTag_gene_activity_scores
GCAAAGGAGTTCAGGG-1,4.890076,4.3234644,scCutTag_gene_activity_scores
GCAAAGGTCAATTCCT-1,-2.0234861,-2.1196926,scCutTag_gene_activity_scores
GCAAAGGTCAGTCTTT-1,-8.071763,8.496324,scCutTag_gene_activity_scores
GCAAAGGTCGATCTTT-1,-1.3808687,-11.762543,scCutTag_gene_activity_scores
GCAAAGGTCGTGAGTT-1,0.7377007,9.545099,scCutTag_gene_activity_scores
GCAACCGAGAGGAAGT-1,10.114845,-7.273453,scCutTag_gene_activity_scores
GCAACCGAGGTTGTGG-1,-4.3192058,-2.1292264,scCutTag_gene_activity_scores
GCAACCGAGTCTCTAG-1,6.1603007,3.195389,scCutTag_gene_activity_scores
GCAACCGCAGAACTTC-1,-0.96639097,-12.556355,scCutTag_gene_activity_scores
GCAACCGTCGAGAAGC-1,3.37568,-3.913503,scCutTag_gene_activity_scores
GCACCTTCAAACCGAG-1,0.030505795,-6.829703,scCutTag_gene_activity_scores
GCACCTTCAGTTAAAG-1,0.2345523,-11.700862,scCutTag_gene_activity_scores
GCACCTTGTTACACTG-1,-0.23185606,-8.812058,scCutTag_gene_activity_scores
GCACCTTTCAGTTGAC-1,0.8249147,-11.730072,scCutTag_gene_activity_scores
GCACGCAAGGGAAGCG-1,-0.5879242,-10.466988,scCutTag_gene_activity_scores
GCACGCAAGTATGGGC-1,-0.37368423,-11.197145,scCutTag_gene_activity_scores
GCACGCAAGTGAGCTG-1,-3.3370185,-0.6616398,scCutTag_gene_activity_scores
GCACGCAGTGGAAGCT-1,2.5333083,-4.21213,scCutTag_gene_activity_scores
GCACGCATCACAGGGA-1,5.3087215,4.3181777,scCutTag_gene_activity_scores
GCACGCATCTAAACGC-1,0.40953773,-12.069463,scCutTag_gene_activity_scores
GCACGGTAGAGGAATG-1,2.5729382,-2.7937133,scCutTag_gene_activity_scores
GCACGGTAGCTAACAA-1,0.8220393,-10.965867,scCutTag_gene_activity_scores
GCACGGTAGCTCGTTA-1,3.1296277,-4.267166,scCutTag_gene_activity_scores
GCACGGTAGTGTCGCC-1,2.3384905,-3.8716125,scCutTag_gene_activity_scores
GCACGGTAGTTCAGGG-1,3.041321,-3.7370777,scCutTag_gene_activity_scores
GCACGGTCATCATGTG-1,2.3816578,-3.297158,scCutTag_gene_activity_scores
GCACGGTGTAATGTGA-1,-7.803788,9.050524,scCutTag_gene_activity_scores
GCACGGTGTGCCCGAT-1,10.559524,-7.91758,scCutTag_gene_activity_scores
GCACGGTGTGGACCAA-1,0.88968235,-12.114172,scCutTag_gene_activity_scores
GCACGGTGTGGCCTCA-1,3.5495577,-3.6967065,scCutTag_gene_activity_scores
GCACGGTTCCTTGACC-1,2.572131,-3.6753607,scCutTag_gene_activity_scores
GCACGGTTCGACCCGA-1,1.674472,-3.8565423,scCutTag_gene_activity_scores
GCAGATTAGGGTGTTG-1,13.43093,4.7740693,scCutTag_gene_activity_scores
GCAGATTAGTTACCAC-1,-1.1450701,9.981426,scCutTag_gene_activity_scores
GCAGATTCAAGCGGTA-1,9.466016,-7.9223294,scCutTag_gene_activity_scores
GCAGATTCACTCCTCA-1,2.1166596,-3.8682294,scCutTag_gene_activity_scores
GCAGATTCAGCAGGTA-1,-4.527802,-2.6888824,scCutTag_gene_activity_scores
GCAGATTCATTGCACA-1,-1.815777,-12.078407,scCutTag_gene_activity_scores
GCAGATTTCAAGAGGC-1,8.57475,-6.5787067,scCutTag_gene_activity_scores
GCAGATTTCGACGGAA-1,10.003051,7.012101,scCutTag_gene_activity_scores
GCAGCCACAAGAGCGT-1,-1.2965522,-11.145777,scCutTag_gene_activity_scores
GCAGCCACACTCGCAG-1,2.2801487,-3.4493418,scCutTag_gene_activity_scores
GCAGCCACAGGCACAA-1,2.0028822,-3.916231,scCutTag_gene_activity_scores
GCAGCCAGTTGGGAAC-1,-2.2445273,-2.4738946,scCutTag_gene_activity_scores
GCAGCCATCGCGCCAA-1,2.5794888,-4.4324913,scCutTag_gene_activity_scores
GCAGCTGAGACTTCCA-1,-1.2646726,-10.894913,scCutTag_gene_activity_scores
GCAGCTGAGGCAAGCT-1,9.527596,6.5114837,scCutTag_gene_activity_scores
GCAGCTGCACCTATTT-1,0.47585514,-12.387586,scCutTag_gene_activity_scores
GCAGCTGCACCTGAAT-1,5.5648923,4.147194,scCutTag_gene_activity_scores
GCAGCTGGTAATGTGA-1,-8.558086,8.479111,scCutTag_gene_activity_scores
GCAGCTGTCCGCCTAT-1,1.499071,-3.9075482,scCutTag_gene_activity_scores
GCAGCTGTCTGGAAGG-1,-0.36210892,10.828456,scCutTag_gene_activity_scores
GCATGATAGCCCATGC-1,2.2269628,-4.1544514,scCutTag_gene_activity_scores
GCATGATCATGGGTGA-1,0.1455841,11.518647,scCutTag_gene_activity_scores
GCATGATCATTATGGC-1,10.618476,9.324111,scCutTag_gene_activity_scores
GCATGATGTGGCCTTG-1,-0.4040329,14.637857,scCutTag_gene_activity_scores
GCATGATGTTCCCGGA-1,-1.6067953,-12.503059,scCutTag_gene_activity_scores
GCATTCCTCACGTGTA-1,-0.46616215,-9.557849,scCutTag_gene_activity_scores
GCATTCCTCATTCGGA-1,-7.4957647,8.984442,scCutTag_gene_activity_scores
GCATTCCTCCCGGGTA-1,-0.3862227,-12.270774,scCutTag_gene_activity_scores
GCATTCCTCCGAGAGA-1,-3.6403377,-2.0203745,scCutTag_gene_activity_scores
GCATTCCTCGTCTAGA-1,-0.69692177,-12.641339,scCutTag_gene_activity_scores
GCATTGAAGACACTTC-1,-1.8100983,-11.260561,scCutTag_gene_activity_scores
GCATTGAAGAGGAATG-1,0.19836739,-10.581148,scCutTag_gene_activity_scores
GCATTGAAGCAGAAAG-1,2.9939706,-4.224241,scCutTag_gene_activity_scores
GCATTGAAGGTGTCGA-1,-8.540758,7.688057,scCutTag_gene_activity_scores
GCATTGACACCTGTGG-1,1.073407,-10.600117,scCutTag_gene_activity_scores
GCATTGACAGCCACGT-1,-0.37535244,-11.533763,scCutTag_gene_activity_scores
GCATTGAGTGCTTTGA-1,-1.1962557,-6.7054377,scCutTag_gene_activity_scores
GCATTGAGTGGTGGTA-1,-1.9289017,-12.519549,scCutTag_gene_activity_scores
GCATTGAGTTGCTTGA-1,-0.3622626,-9.769532,scCutTag_gene_activity_scores
GCATTGATCTTCCACG-1,-0.2068572,-11.377213,scCutTag_gene_activity_scores
GCCAGACCAAATAGTG-1,-0.35144538,-7.018932,scCutTag_gene_activity_scores
GCCAGACCACATTGCA-1,-1.3097975,-11.40891,scCutTag_gene_activity_scores
GCCAGACCATTCGTCC-1,0.94022226,-10.983466,scCutTag_gene_activity_scores
GCCAGACGTAGTTTGC-1,-1.5192616,-11.220755,scCutTag_gene_activity_scores
GCCAGCAAGAACTCCT-1,3.132377,-3.9961095,scCutTag_gene_activity_scores
GCCAGCAAGATGGCAC-1,-7.5817876,8.97399,scCutTag_gene_activity_scores
GCCAGCAAGCACACCC-1,0.67045563,-7.714129,scCutTag_gene_activity_scores
GCCAGCAAGGCAAGCT-1,-7.5221395,8.508944,scCutTag_gene_activity_scores
GCCAGCAAGGCTTTAC-1,2.8814907,-3.5239372,scCutTag_gene_activity_scores
GCCAGCAGTAGGTAAT-1,3.2409167,-3.576286,scCutTag_gene_activity_scores
GCCAGCAGTATTGTGC-1,0.016112471,-10.024339,scCutTag_gene_activity_scores
GCCAGCATCAAGTTGC-1,2.778447,-5.3759623,scCutTag_gene_activity_scores
GCCATAAAGAAGACTT-1,0.3168397,-12.973983,scCutTag_gene_activity_scores
GCCATAACAACTGCGC-1,-0.939562,-9.007564,scCutTag_gene_activity_scores
GCCATAAGTACGGAGT-1,-1.6187075,-12.3411665,scCutTag_gene_activity_scores
GCCATAAGTAGCAGCA-1,-0.44222957,-12.183528,scCutTag_gene_activity_scores
GCCATAAGTAGCATGG-1,-8.350139,7.924255,scCutTag_gene_activity_scores
GCCATAAGTCTTAGCA-1,7.8159213,5.1231937,scCutTag_gene_activity_scores
GCCATAAGTTAGCTCA-1,-2.5048654,-2.5459528,scCutTag_gene_activity_scores
GCCATAAGTTTAAGGA-1,-7.945421,7.74182,scCutTag_gene_activity_scores
GCCATAATCCGTCAAA-1,1.1467867,-10.396615,scCutTag_gene_activity_scores
GCCATAATCTCCTTGG-1,-0.49342754,-10.4225235,scCutTag_gene_activity_scores
GCCCAGAAGTAGCAAT-1,-1.0538267,-12.160768,scCutTag_gene_activity_scores
GCCCAGACACTCCCAT-1,-8.214625,8.90342,scCutTag_gene_activity_scores
GCCCAGACATAAAGTG-1,-2.2183523,-2.481123,scCutTag_gene_activity_scores
GCCCAGATCGCGCCAA-1,1.561628,-4.776547,scCutTag_gene_activity_scores
GCCCAGATCTAGCAGT-1,-0.9656538,14.214832,scCutTag_gene_activity_scores
GCCCGAACAACTACTG-1,-1.4049904,-9.724307,scCutTag_gene_activity_scores
GCCCGAACATCCCAAA-1,-0.9347745,-12.668535,scCutTag_gene_activity_scores
GCCCGAACATGCTATG-1,2.5906355,-4.030048,scCutTag_gene_activity_scores
GCCCGAATCGTCTAGA-1,-7.4070363,8.723375,scCutTag_gene_activity_scores
GCCCGAATCTATATCC-1,1.266147,14.543944,scCutTag_gene_activity_scores
GCCCGAATCTTATCAC-1,-0.30885372,11.708048,scCutTag_gene_activity_scores
GCCTACTAGGTTAACA-1,-1.220094,-12.4825115,scCutTag_gene_activity_scores
GCCTACTCAATGCCAT-1,-4.188964,-1.0922607,scCutTag_gene_activity_scores
GCCTACTCACACATGT-1,-2.0862944,-2.5995343,scCutTag_gene_activity_scores
GCCTACTGTAACCGAG-1,-2.97668,-2.6059122,scCutTag_gene_activity_scores
GCCTACTGTTGTATCG-1,1.9423548,-4.3207006,scCutTag_gene_activity_scores
GCCTACTTCGATGTAC-1,-3.984694,-2.2857447,scCutTag_gene_activity_scores
GCCTAGGAGATATGTG-1,10.613271,9.241479,scCutTag_gene_activity_scores
GCCTAGGAGCAGAAAG-1,9.933352,8.041347,scCutTag_gene_activity_scores
GCCTAGGGTAATGCAA-1,-1.2663295,-11.88808,scCutTag_gene_activity_scores
GCCTAGGGTAGATTAG-1,8.792822,-6.9482994,scCutTag_gene_activity_scores
GCCTAGGGTGGATTCT-1,-1.1802202,-11.175068,scCutTag_gene_activity_scores
GCGAGAAAGAAGACTT-1,9.920294,6.6548185,scCutTag_gene_activity_scores
GCGAGAACACTGAAGG-1,-3.1524684,-1.6045076,scCutTag_gene_activity_scores
GCGAGAAGTCTGGTTA-1,2.5127208,-4.119788,scCutTag_gene_activity_scores
GCGAGAATCAGTACAC-1,0.15435342,-9.932744,scCutTag_gene_activity_scores
GCGAGTCAGAGAGTTT-1,-1.6312413,-10.508566,scCutTag_gene_activity_scores
GCGAGTCAGTATAGTG-1,-8.327207,7.910623,scCutTag_gene_activity_scores
GCGAGTCAGTCATCTG-1,-1.7955079,-11.433913,scCutTag_gene_activity_scores
GCGAGTCAGTTGACAA-1,2.4056652,-5.6385083,scCutTag_gene_activity_scores
GCGAGTCAGTTTACGC-1,2.8523648,-3.900542,scCutTag_gene_activity_scores
GCGAGTCCACATTCTT-1,-0.012603429,-11.503699,scCutTag_gene_activity_scores
GCGAGTCCATGGTATC-1,6.4084888,3.5905704,scCutTag_gene_activity_scores
GCGAGTCTCAGCACGC-1,-2.0173202,10.811788,scCutTag_gene_activity_scores
GCGAGTCTCCGTGCAG-1,-8.696032,8.801281,scCutTag_gene_activity_scores
GCGAGTCTCTCTCAAT-1,9.320172,7.571262,scCutTag_gene_activity_scores
GCGATCGAGAAAGGGT-1,-7.747758,8.382507,scCutTag_gene_activity_scores
GCGATCGAGAGGAATG-1,3.415162,-3.9950109,scCutTag_gene_activity_scores
GCGATCGAGGCAGTGT-1,1.8806158,-5.1845164,scCutTag_gene_activity_scores
GCGATCGAGTAACACA-1,2.868783,-3.3908825,scCutTag_gene_activity_scores
GCGATCGCAATCATCG-1,-0.29928315,-12.169121,scCutTag_gene_activity_scores
GCGATCGGTGTTGTTG-1,-0.14497504,12.371919,scCutTag_gene_activity_scores
GCGATCGGTTCCAATG-1,2.567032,-4.038466,scCutTag_gene_activity_scores
GCGATCGTCGGTACTA-1,3.5269084,-3.3561099,scCutTag_gene_activity_scores
GCGATCGTCTATCCTA-1,0.2538125,-12.407089,scCutTag_gene_activity_scores
GCGATTAAGACAGCTG-1,0.20925418,-10.074104,scCutTag_gene_activity_scores
GCGATTACAAGTCTGT-1,1.4519334,-3.230199,scCutTag_gene_activity_scores
GCGATTACATGTAGAA-1,0.00033936676,-11.82822,scCutTag_gene_activity_scores
GCGATTACATGTGAGG-1,9.680592,-8.273352,scCutTag_gene_activity_scores
GCGATTAGTCACAGGA-1,0.38559142,-10.652725,scCutTag_gene_activity_scores
GCGATTAGTCACATTG-1,14.011292,6.8464303,scCutTag_gene_activity_scores
GCGATTATCGAGAACG-1,-1.8343313,-11.56822,scCutTag_gene_activity_scores
GCGATTATCTGGACAT-1,1.0342903,-10.628585,scCutTag_gene_activity_scores
GCGCATGAGACCAATA-1,0.82947916,10.335147,scCutTag_gene_activity_scores
GCGCATGAGCTCGTTA-1,1.9266629,-4.0684166,scCutTag_gene_activity_scores
GCGCATGCAAACTACC-1,0.038716435,-11.154214,scCutTag_gene_activity_scores
GCGCATGGTATGGGTG-1,-0.29663786,11.593134,scCutTag_gene_activity_scores
GCGCATGGTTCAGAAA-1,-0.26316273,10.314348,scCutTag_gene_activity_scores
GCGCATGTCTAAGGTC-1,1.4552176,-11.524979,scCutTag_gene_activity_scores
GCGCCAACACTGTTAG-1,15.562715,6.4765334,scCutTag_gene_activity_scores
GCGCCAAGTCTCTGCT-1,-3.604629,-2.7339804,scCutTag_gene_activity_scores
GCGCCAAGTGCCCGAT-1,1.5377849,-11.717935,scCutTag_gene_activity_scores
GCGCCAAGTTTGACCA-1,2.9528687,-3.054172,scCutTag_gene_activity_scores
GCGCCAATCCTTGACC-1,2.174751,-3.5336082,scCutTag_gene_activity_scores
GCGCCAATCTTCTTCC-1,-3.9432244,-2.4988608,scCutTag_gene_activity_scores
GCGGAAAAGCGATACG-1,-0.3210679,-12.432692,scCutTag_gene_activity_scores
GCGGAAAAGTTTGGAA-1,-0.21034351,11.116808,scCutTag_gene_activity_scores
GCGGAAACAGGACCTC-1,2.4438424,-3.0004387,scCutTag_gene_activity_scores
GCGGAAACATCGGCCA-1,13.9951515,5.1769476,scCutTag_gene_activity_scores
GCGGAAAGTACCAAGG-1,-0.60810953,12.110683,scCutTag_gene_activity_scores
GCGGAAAGTACTTCGA-1,15.201413,6.3705792,scCutTag_gene_activity_scores
GCGGAAAGTTTAGACC-1,-1.3001647,-10.297312,scCutTag_gene_activity_scores
GCGGGTTAGCAGAATT-1,2.2500153,-3.6930835,scCutTag_gene_activity_scores
GCGGGTTCAAGATGCG-1,2.5562851,-4.069155,scCutTag_gene_activity_scores
GCGGGTTCAATCCATG-1,-0.5023394,-11.328309,scCutTag_gene_activity_scores
GCGGGTTCATGTCCCT-1,-4.252384,-1.8889275,scCutTag_gene_activity_scores
GCGGGTTGTCACAGTT-1,0.75747937,-10.647432,scCutTag_gene_activity_scores
GCGGGTTTCCAATCCC-1,1.8831191,-6.3593774,scCutTag_gene_activity_scores
GCGGGTTTCGAGGTAG-1,-7.820894,7.886887,scCutTag_gene_activity_scores
GCGGGTTTCTGGCCAG-1,-7.720199,7.856884,scCutTag_gene_activity_scores
GCGGTGTAGACAGTGC-1,0.13583538,-10.189663,scCutTag_gene_activity_scores
GCGGTGTCAACGTCGC-1,1.49308,-3.7978125,scCutTag_gene_activity_scores
GCGGTGTCACATTGCA-1,1.372193,-4.5363903,scCutTag_gene_activity_scores
GCGGTGTCAGAGATGC-1,-1.0663018,-11.72905,scCutTag_gene_activity_scores
GCGGTGTGTTCCCTTG-1,-1.5464774,-11.221195,scCutTag_gene_activity_scores
GCGGTGTTCGGGCTCA-1,9.408869,6.7508564,scCutTag_gene_activity_scores
GCGTAGCCAAGGTCGA-1,-0.896234,-12.553074,scCutTag_gene_activity_scores
GCGTAGCCAATGGCTT-1,6.1803956,4.0424366,scCutTag_gene_activity_scores
GCGTAGCCACAGTTCA-1,-4.5809264,-1.2633083,scCutTag_gene_activity_scores
GCGTAGCCATTTGTTC-1,0.6335751,-12.346563,scCutTag_gene_activity_scores
GCGTAGCGTACCTATG-1,-2.1003335,-2.5509496,scCutTag_gene_activity_scores
GCGTAGCGTCTGGGAA-1,0.4211734,-12.392959,scCutTag_gene_activity_scores
GCGTAGCGTTCAGTTG-1,-1.869487,-12.496923,scCutTag_gene_activity_scores
GCGTTGGCAGAGTCGA-1,3.3423865,-3.6463072,scCutTag_gene_activity_scores
GCGTTGGCAGGTGGTA-1,15.395151,7.340962,scCutTag_gene_activity_scores
GCGTTGGTCCAGGTCG-1,0.074940786,-7.234015,scCutTag_gene_activity_scores
GCGTTGGTCTGGCACG-1,-0.12505758,13.506778,scCutTag_gene_activity_scores
GCTCACTCATTGTTCT-1,5.476462,3.9705527,scCutTag_gene_activity_scores
GCTCACTTCCATAGGT-1,15.179932,8.48494,scCutTag_gene_activity_scores
GCTCACTTCGGAGTTT-1,-0.2988688,-11.801379,scCutTag_gene_activity_scores
GCTCAGGAGTCCGTGC-1,-0.5516355,-7.1876974,scCutTag_gene_activity_scores
GCTCAGGCAGGCAGAT-1,1.4289428,-4.767334,scCutTag_gene_activity_scores
GCTCAGGGTCGCGCTA-1,-0.06424143,-11.143203,scCutTag_gene_activity_scores
GCTCAGGGTGCATTGT-1,-4.7113686,-1.8194042,scCutTag_gene_activity_scores
GCTCAGGTCATTCGGA-1,-1.6275858,-10.85563,scCutTag_gene_activity_scores
GCTCCTAAGACTAGGC-1,3.8603477,-4.4548864,scCutTag_gene_activity_scores
GCTCCTAAGTGAGTGC-1,-3.7085567,-2.3299935,scCutTag_gene_activity_scores
GCTCCTAAGTGCAACG-1,0.77181196,-4.1114397,scCutTag_gene_activity_scores
GCTCCTACACAGGTAG-1,-1.1994514,-10.796315,scCutTag_gene_activity_scores
GCTCCTACATTACTTC-1,15.686451,7.2228074,scCutTag_gene_activity_scores
GCTCCTACATTGTTCT-1,1.4360527,-4.6347804,scCutTag_gene_activity_scores
GCTCCTAGTACCAAGG-1,2.5125697,-3.2909746,scCutTag_gene_activity_scores
GCTCGAGAGCGCCTAC-1,3.4620404,-4.0102954,scCutTag_gene_activity_scores
GCTCGAGAGTTGCTTG-1,1.224124,-10.317161,scCutTag_gene_activity_scores
GCTCGAGCACCCTTAC-1,-0.32391164,-11.608475,scCutTag_gene_activity_scores
GCTCGAGGTCTAACCA-1,9.773282,8.42453,scCutTag_gene_activity_scores
GCTCGAGGTTCGGGAA-1,-1.5924575,-11.044523,scCutTag_gene_activity_scores
GCTCGAGGTTTCCGGG-1,-0.10436142,-11.559144,scCutTag_gene_activity_scores
GCTCGAGTCGTGTGCG-1,-0.81497586,-11.04883,scCutTag_gene_activity_scores
GCTGAGCCACCACGAC-1,-7.5680385,8.12594,scCutTag_gene_activity_scores
GCTGAGCGTTACTACG-1,-1.7456062,-12.586423,scCutTag_gene_activity_scores
GCTGAGCGTTTCGATG-1,-0.4512011,-10.807011,scCutTag_gene_activity_scores
GCTGAGCTCCAGGCCA-1,0.8257382,10.790507,scCutTag_gene_activity_scores
GCTGAGCTCCTATCCG-1,15.084788,8.758324,scCutTag_gene_activity_scores
GCTGCGAGTCGAGGTA-1,-0.29873747,-9.5870695,scCutTag_gene_activity_scores
GCTGCGAGTTCGGGAA-1,-2.806114,-2.2136633,scCutTag_gene_activity_scores
GCTGCGAGTTGCAGAG-1,6.156423,4.3690634,scCutTag_gene_activity_scores
GCTGTTCAGACAACGC-1,2.6525023,-3.8178103,scCutTag_gene_activity_scores
GCTGTTCAGCTTACCA-1,8.520021,-5.9186697,scCutTag_gene_activity_scores
GCTGTTCCATAGAATG-1,-3.0569272,-2.38517,scCutTag_gene_activity_scores
GCTGTTCGTATTCGCA-1,15.523188,6.58441,scCutTag_gene_activity_scores
GCTGTTCGTGGTAAGC-1,-4.4285398,-1.5994256,scCutTag_gene_activity_scores
GCTTAAGTCACATTCT-1,14.940797,6.1964426,scCutTag_gene_activity_scores
GCTTAAGTCTCGCGTT-1,1.2622435,-12.096731,scCutTag_gene_activity_scores
GCTTGCTCACAAGGGT-1,2.9467096,-2.7866333,scCutTag_gene_activity_scores
GCTTGCTTCCCTAAAG-1,4.222387,-3.0150821,scCutTag_gene_activity_scores
GCTTGCTTCCTTGACC-1,-1.6238964,-10.592817,scCutTag_gene_activity_scores
GCTTGCTTCTATGAGC-1,1.6169685,-5.0515504,scCutTag_gene_activity_scores
GCTTTCGAGGTCTTTG-1,0.65525997,9.511151,scCutTag_gene_activity_scores
GCTTTCGGTCGCTACG-1,10.49095,-6.5842605,scCutTag_gene_activity_scores
GCTTTCGGTGCTTACA-1,-0.3637945,10.669035,scCutTag_gene_activity_scores
GCTTTCGTCGCTATTT-1,-0.7649953,-11.089627,scCutTag_gene_activity_scores
GCTTTCGTCTCTCAAT-1,-1.1038264,-11.606471,scCutTag_gene_activity_scores
GGAACCCAGAGGCCTA-1,-1.1094166,10.468873,scCutTag_gene_activity_scores
GGAACCCAGGTTACAA-1,-0.7625995,10.81748,scCutTag_gene_activity_scores
GGAACCCCACCTGTGG-1,-0.49564117,-8.439602,scCutTag_gene_activity_scores
GGAACCCGTATCTAGC-1,6.668431,3.8431106,scCutTag_gene_activity_scores
GGAACCCGTCGAGGAT-1,2.1414635,-3.2138352,scCutTag_gene_activity_scores
GGAACCCTCCCGTAGG-1,3.462664,-3.3691757,scCutTag_gene_activity_scores
GGAACTTAGCGTTAGG-1,1.1884385,-3.6365092,scCutTag_gene_activity_scores
GGAACTTAGGAAGAAC-1,12.375103,4.4936895,scCutTag_gene_activity_scores
GGAACTTAGGATTGAT-1,-4.242737,-1.8795631,scCutTag_gene_activity_scores
GGAACTTAGGCTGGAT-1,0.13302483,-11.29991,scCutTag_gene_activity_scores
GGAACTTGTATGGGTG-1,-1.1008205,10.513621,scCutTag_gene_activity_scores
GGAACTTGTCTGCGCA-1,5.700069,4.571928,scCutTag_gene_activity_scores
GGAATCTAGCAATAAC-1,-2.4949932,-2.0887487,scCutTag_gene_activity_scores
GGAATCTCACAGTTCA-1,0.005419527,-10.971448,scCutTag_gene_activity_scores
GGAATCTCATCCGTAA-1,2.7912996,-4.9722915,scCutTag_gene_activity_scores
GGAATCTGTCAATCCA-1,13.787336,8.672691,scCutTag_gene_activity_scores
GGAATCTGTGATAGAT-1,-1.4333642,-10.873068,scCutTag_gene_activity_scores
GGAATCTTCGTATAGC-1,0.3090007,-11.045617,scCutTag_gene_activity_scores
GGACACCAGGTCTTTG-1,13.195633,5.3161526,scCutTag_gene_activity_scores
GGACACCAGGTTTCTG-1,-1.1049173,-6.6126637,scCutTag_gene_activity_scores
GGACACCCAAGGAGGG-1,10.767111,6.2505264,scCutTag_gene_activity_scores
GGACACCCACTGCTCT-1,-0.12760347,-12.808317,scCutTag_gene_activity_scores
GGACACCGTCCCGTGA-1,-1.438081,-12.741486,scCutTag_gene_activity_scores
GGACACCGTCTGGTTA-1,0.24023548,10.855973,scCutTag_gene_activity_scores
GGACACCTCAACACGT-1,14.847346,8.505104,scCutTag_gene_activity_scores
GGAGAACAGATTAGAC-1,0.014563802,9.708456,scCutTag_gene_activity_scores
GGAGAACAGGGCTCTC-1,-7.333689,8.803485,scCutTag_gene_activity_scores
GGAGAACCATGGGTGA-1,-3.8732,-2.677859,scCutTag_gene_activity_scores
GGAGAACTCGATGTGT-1,-3.859946,-0.774286,scCutTag_gene_activity_scores
GGAGAACTCGTCCCAT-1,-8.637662,8.312576,scCutTag_gene_activity_scores
GGAGAACTCTGACATG-1,0.03253554,-10.204608,scCutTag_gene_activity_scores
GGAGGATAGTCGAGCA-1,-0.8537325,10.327278,scCutTag_gene_activity_scores
GGAGGATCAGCACATT-1,2.4642136,-4.549844,scCutTag_gene_activity_scores
GGAGGATGTCACATTG-1,2.5523963,-3.7564266,scCutTag_gene_activity_scores
GGAGGATTCACCCTTG-1,-0.4242079,12.809841,scCutTag_gene_activity_scores
GGAGGATTCCGCCTAT-1,-0.826617,-13.106136,scCutTag_gene_activity_scores
GGAGGATTCGTGCTGG-1,2.0221813,-4.3700666,scCutTag_gene_activity_scores
GGAGTAGAGTCGCCTG-1,-0.9067924,-7.6159925,scCutTag_gene_activity_scores
GGAGTAGCAAGACACG-1,8.968962,6.1101823,scCutTag_gene_activity_scores
GGAGTAGCAGCAATGG-1,-2.0026498,-11.75161,scCutTag_gene_activity_scores
GGAGTAGGTATGCTAC-1,3.6231108,-3.6856515,scCutTag_gene_activity_scores
GGAGTAGGTTAGGCTT-1,10.806184,-7.8910875,scCutTag_gene_activity_scores
GGAGTAGTCTAGCAGT-1,-1.6239766,-12.809158,scCutTag_gene_activity_scores
GGAGTAGTCTCAGATG-1,0.6335886,-10.710933,scCutTag_gene_activity_scores
GGAGTAGTCTTCTCTC-1,-1.4203874,-12.022652,scCutTag_gene_activity_scores
GGATAGGAGACCAATA-1,-0.7058452,-7.2672086,scCutTag_gene_activity_scores
GGATAGGAGGCTTCGC-1,0.34650525,-11.403888,scCutTag_gene_activity_scores
GGATAGGCATGACTGT-1,-1.8434228,-11.812014,scCutTag_gene_activity_scores
GGATAGGGTTGGCTTA-1,14.218706,4.446559,scCutTag_gene_activity_scores
GGATAGGTCGTCTAGA-1,-3.9618282,-1.0012833,scCutTag_gene_activity_scores
GGATGAGAGAATCAGT-1,0.9333727,-11.171607,scCutTag_gene_activity_scores
GGATGAGAGACCCATT-1,2.2759013,-4.0932903,scCutTag_gene_activity_scores
GGATGAGAGAGCTGTG-1,6.355175,3.858098,scCutTag_gene_activity_scores
GGATGAGAGTGAGTTA-1,2.6411657,-3.775692,scCutTag_gene_activity_scores
GGATGAGAGTGTCGGA-1,6.031348,4.3106413,scCutTag_gene_activity_scores
GGATGAGCAATGGCAG-1,2.7721975,-4.6991577,scCutTag_gene_activity_scores
GGATGAGCACTGATAC-1,0.85400337,-11.62058,scCutTag_gene_activity_scores
GGATGAGCATGCGACC-1,1.9108156,-3.8027065,scCutTag_gene_activity_scores
GGCACGTCAATAGCGG-1,-0.6945898,-12.562875,scCutTag_gene_activity_scores
GGCACGTCATCCTCGT-1,-1.0450362,-10.465036,scCutTag_gene_activity_scores
GGCACGTTCACCCGGA-1,15.239704,5.521699,scCutTag_gene_activity_scores
GGCATTAAGAACAGGA-1,2.2516031,-2.785017,scCutTag_gene_activity_scores
GGCATTAGTCGAGAAC-1,1.2989503,-3.9096029,scCutTag_gene_activity_scores
GGCATTAGTGAGTCGA-1,14.984737,8.677077,scCutTag_gene_activity_scores
GGCATTAGTTCCAATG-1,0.41239297,-9.787392,scCutTag_gene_activity_scores
GGCGAAAAGAACCCGA-1,-0.7985404,-6.507552,scCutTag_gene_activity_scores
GGCGAAACAATGCATC-1,6.6687665,3.869808,scCutTag_gene_activity_scores
GGCGAAACAATGTAAG-1,14.468337,5.24644,scCutTag_gene_activity_scores
GGCGAAAGTGTGTGTT-1,3.3853574,-3.9233465,scCutTag_gene_activity_scores
GGCGTTGAGACGTCAG-1,2.6433916,-4.321201,scCutTag_gene_activity_scores
GGCGTTGAGAGATTAC-1,-8.433817,8.408482,scCutTag_gene_activity_scores
GGCGTTGAGATAGGTT-1,-0.96263635,-11.611683,scCutTag_gene_activity_scores
GGCGTTGAGCAATAAC-1,15.117131,8.676272,scCutTag_gene_activity_scores
GGCGTTGAGGGTGTTG-1,-1.4088607,13.081696,scCutTag_gene_activity_scores
GGCGTTGCACGCGATC-1,2.393086,-4.4202743,scCutTag_gene_activity_scores
GGCGTTGGTCTAACCA-1,13.842031,8.856218,scCutTag_gene_activity_scores
GGCGTTGGTCTGAGCC-1,2.116137,-3.771413,scCutTag_gene_activity_scores
GGCGTTGGTTAGTAGA-1,2.3391542,-4.0649567,scCutTag_gene_activity_scores
GGCGTTGGTTGTATCG-1,6.4426804,4.0707145,scCutTag_gene_activity_scores
GGGAACAAGCAGGACT-1,3.2524176,-4.433692,scCutTag_gene_activity_scores
GGGAACACAAGTGGCA-1,-1.2064272,-13.020958,scCutTag_gene_activity_scores
GGGAACACAATGGTAA-1,1.6314081,-3.170179,scCutTag_gene_activity_scores
GGGAACACATGATCGT-1,2.8552186,-3.5912144,scCutTag_gene_activity_scores
GGGAACAGTCAGCAAG-1,-4.8848805,-1.8550191,scCutTag_gene_activity_scores
GGGAACAGTGTGCGTC-1,2.5871553,-4.7188363,scCutTag_gene_activity_scores
GGGACCTGTATCATGC-1,-0.49587342,-7.3913393,scCutTag_gene_activity_scores
GGGCCATAGCTGAAAT-1,0.65575343,-12.4697895,scCutTag_gene_activity_scores
GGGCCATAGTCTGTGT-1,-0.56376183,-8.974958,scCutTag_gene_activity_scores
GGGCCATAGTTGGAAT-1,-1.1992226,-12.368521,scCutTag_gene_activity_scores
GGGCCATCAAGGCTTT-1,6.1987643,4.437591,scCutTag_gene_activity_scores
GGGCCATCACGCCGAT-1,3.222463,-3.146182,scCutTag_gene_activity_scores
GGGCCATGTCCAACCG-1,0.8405539,-12.380698,scCutTag_gene_activity_scores
GGGCCATGTTAGGAAT-1,-1.9582639,-10.929749,scCutTag_gene_activity_scores
GGGCCATGTTGGACGA-1,2.1150587,-4.192669,scCutTag_gene_activity_scores
GGGCCATTCGACCCGA-1,0.53670585,-12.2185755,scCutTag_gene_activity_scores
GGGTCTGAGTCAGGAC-1,-1.5235349,-13.161143,scCutTag_gene_activity_scores
GGGTCTGCACGCGCAT-1,-8.015083,7.602478,scCutTag_gene_activity_scores
GGGTCTGGTGCATTCA-1,0.058622524,-11.013426,scCutTag_gene_activity_scores
GGGTCTGGTGTAGGAC-1,-1.2922157,-12.672387,scCutTag_gene_activity_scores
GGGTCTGGTTACCCAA-1,-0.7276273,-11.538417,scCutTag_gene_activity_scores
GGGTCTGTCTCTGTTA-1,-0.53612185,13.549404,scCutTag_gene_activity_scores
GGGTGTCAGTCTGCTA-1,6.1115227,3.8183157,scCutTag_gene_activity_scores
GGGTGTCCACGCGATC-1,8.859945,-7.4118886,scCutTag_gene_activity_scores
GGGTGTCCACTCCACT-1,-0.81008226,-10.876141,scCutTag_gene_activity_scores
GGGTGTCCAGGCTACC-1,2.0165594,-3.6049232,scCutTag_gene_activity_scores
GGGTGTCGTTGTATCG-1,-0.59822893,-10.787556,scCutTag_gene_activity_scores
GGGTGTCTCCTCTCTT-1,-0.061724152,-11.821774,scCutTag_gene_activity_scores
GGGTTATCAGAATGCG-1,-8.403686,8.52184,scCutTag_gene_activity_scores
GGGTTATCATTACCTT-1,8.307939,-5.64618,scCutTag_gene_activity_scores
GGGTTATGTAGATGAT-1,2.1482182,-3.364565,scCutTag_gene_activity_scores
GGGTTATGTGAGTAAT-1,3.2706475,-4.5328407,scCutTag_gene_activity_scores
GGGTTATTCGGCTATA-1,2.8336449,-3.0949042,scCutTag_gene_activity_scores
GGTACCGAGGCCAATG-1,-0.25214323,-11.026359,scCutTag_gene_activity_scores
GGTACCGAGTGAGTTA-1,6.6622424,3.7135403,scCutTag_gene_activity_scores
GGTACCGCACTGTCAA-1,6.1602087,4.525959,scCutTag_gene_activity_scores
GGTACCGCATCGAGTT-1,3.3965874,-3.900145,scCutTag_gene_activity_scores
GGTACCGGTAGCAGGT-1,2.9727407,-5.0928006,scCutTag_gene_activity_scores
GGTAGGAAGAAGAGTG-1,3.0376778,-4.420613,scCutTag_gene_activity_scores
GGTAGGAAGCACGTAG-1,3.7700527,-3.9449308,scCutTag_gene_activity_scores
GGTAGGACACAAGGGT-1,-1.6418602,-10.819512,scCutTag_gene_activity_scores
GGTAGGAGTGCTGGCT-1,-0.763991,15.133834,scCutTag_gene_activity_scores
GGTAGGATCCTCTCTT-1,-0.5122072,-11.915758,scCutTag_gene_activity_scores
GGTAGGATCGGTCCGA-1,-1.561719,-12.04906,scCutTag_gene_activity_scores
GGTCATAAGAGGCCTA-1,0.3517449,14.962223,scCutTag_gene_activity_scores
GGTCATACAGAACGAC-1,-2.306306,-2.843835,scCutTag_gene_activity_scores
GGTCATACATAGGCGA-1,2.1690242,-4.8822446,scCutTag_gene_activity_scores
GGTCATAGTTAGGCTT-1,14.686842,7.705009,scCutTag_gene_activity_scores
GGTCATATCCATATCT-1,2.7839596,-3.0132825,scCutTag_gene_activity_scores
GGTCATATCCGGGCAT-1,3.0604527,-3.6296246,scCutTag_gene_activity_scores
GGTGAAGAGCGCATTT-1,0.049833696,-7.5666943,scCutTag_gene_activity_scores
GGTGAAGCAACGTAGG-1,1.6360517,-3.4163275,scCutTag_gene_activity_scores
GGTGAAGCAAGCAATA-1,-1.9680501,-10.497904,scCutTag_gene_activity_scores
GGTGAAGCATTCGTCC-1,-3.023542,-0.6020431,scCutTag_gene_activity_scores
GGTGAAGGTAATGCAA-1,1.3991182,11.569278,scCutTag_gene_activity_scores
GGTGAAGGTCTCGGGT-1,3.327129,-4.7047596,scCutTag_gene_activity_scores
GGTGAAGGTGCCCTAG-1,14.246098,8.950407,scCutTag_gene_activity_scores
GGTGAAGTCGGGCTCA-1,2.7204041,-3.9415917,scCutTag_gene_activity_scores
GGTGAAGTCTCCTTGG-1,2.9638555,-2.8099778,scCutTag_gene_activity_scores
GGTGAAGTCTGTTTAC-1,8.321448,-5.6966324,scCutTag_gene_activity_scores
GGTGCTGCACACACCG-1,1.2424527,-11.563958,scCutTag_gene_activity_scores
GGTGCTGGTACTTGAC-1,-1.5507618,-10.822171,scCutTag_gene_activity_scores
GGTGCTGGTGCTGTCG-1,6.311106,4.6171584,scCutTag_gene_activity_scores
GGTGCTGTCTTGCGCT-1,-3.8455071,-1.861961,scCutTag_gene_activity_scores
GGTGTCGAGGTTGTTC-1,2.4659264,-5.186494,scCutTag_gene_activity_scores
GGTGTCGCAAGGGTAC-1,2.2688315,-5.0170555,scCutTag_gene_activity_scores
GGTGTCGCAAGTCCTA-1,1.7930905,-4.738252,scCutTag_gene_activity_scores
GGTGTCGGTACGTAAA-1,15.515957,6.7485847,scCutTag_gene_activity_scores
GGTGTCGTCATTCGGA-1,15.5224495,7.1317444,scCutTag_gene_activity_scores
GGTGTCGTCCATATCT-1,13.505362,9.751509,scCutTag_gene_activity_scores
GGTGTCGTCTCGGCGA-1,-2.603307,-2.3611064,scCutTag_gene_activity_scores
GGTGTCGTCTGCGTCT-1,2.7334545,-2.7201352,scCutTag_gene_activity_scores
GGTTGCGAGAACAGGA-1,1.9059678,-4.050377,scCutTag_gene_activity_scores
GGTTGCGCAAATTGAG-1,2.3122113,-3.2257504,scCutTag_gene_activity_scores
GGTTGCGCAACGCACC-1,0.015982868,-9.142304,scCutTag_gene_activity_scores
GGTTGCGCACAAACAA-1,2.8016546,-4.694973,scCutTag_gene_activity_scores
GGTTGCGCATTATGGC-1,2.0502682,-4.8528566,scCutTag_gene_activity_scores
GGTTGCGGTCTAAAGA-1,1.4838985,-3.5537937,scCutTag_gene_activity_scores
GGTTGCGGTCTCTGGG-1,0.95138663,-5.108697,scCutTag_gene_activity_scores
GGTTGCGTCAGTGTGT-1,-0.98684835,-12.084499,scCutTag_gene_activity_scores
GTAATCGAGTCCGTGC-1,1.5552949,-4.6791615,scCutTag_gene_activity_scores
GTAATCGCAGGCAAGT-1,1.8203214,-4.82088,scCutTag_gene_activity_scores
GTAATCGCAGTTAAAG-1,10.359762,8.789155,scCutTag_gene_activity_scores
GTAATCGCATCGTACA-1,-0.46882415,-8.187823,scCutTag_gene_activity_scores
GTAATCGCATGGCCTG-1,1.4458462,-11.092757,scCutTag_gene_activity_scores
GTAATCGGTGTCGTGC-1,-4.008619,-0.95546985,scCutTag_gene_activity_scores
GTAATCGTCCCACTAC-1,2.2495384,-2.7579145,scCutTag_gene_activity_scores
GTAATCGTCTAAGGTC-1,-8.22047,8.675877,scCutTag_gene_activity_scores
GTAATCGTCTATCTTG-1,3.328173,-3.0558252,scCutTag_gene_activity_scores
GTACTTTCACTCAAGT-1,0.030398967,-10.225476,scCutTag_gene_activity_scores
GTACTTTCATGGTATC-1,2.1413968,-4.625825,scCutTag_gene_activity_scores
GTACTTTTCGTGCTGG-1,-1.0439948,-12.404769,scCutTag_gene_activity_scores
GTAGACTCAATTAGGA-1,2.6398346,-3.3295863,scCutTag_gene_activity_scores
GTAGACTGTCGAGGTA-1,-3.2994242,-2.5010252,scCutTag_gene_activity_scores
GTAGGAGAGAACCATA-1,-4.118178,-2.7014732,scCutTag_gene_activity_scores
GTAGGAGCAAGCACTT-1,14.664045,6.5415425,scCutTag_gene_activity_scores
GTAGGAGGTCCCTAAA-1,1.1327199,-9.9946785,scCutTag_gene_activity_scores
GTAGGAGTCTCGTAGA-1,-0.4539108,-11.042397,scCutTag_gene_activity_scores
GTAGTACAGTCCGATT-1,1.1671624,-10.367779,scCutTag_gene_activity_scores
GTAGTACCACGCTGTG-1,-4.48732,-1.5219555,scCutTag_gene_activity_scores
GTAGTACGTAGGGTTG-1,1.7115929,-4.423978,scCutTag_gene_activity_scores
GTAGTACGTATTGTCG-1,-1.099442,10.375832,scCutTag_gene_activity_scores
GTAGTACGTCTAACCA-1,13.238413,8.650369,scCutTag_gene_activity_scores
GTCACAAAGGTCGTTT-1,9.55813,6.701977,scCutTag_gene_activity_scores
GTCACAACAGGATGTG-1,2.269153,-3.8408978,scCutTag_gene_activity_scores
GTCACAATCTTGTCAT-1,2.0347605,-4.2720757,scCutTag_gene_activity_scores
GTCACCTAGCATTGGG-1,-3.2740471,-1.8451307,scCutTag_gene_activity_scores
GTCACCTAGCTTACCA-1,-1.3207402,-9.765192,scCutTag_gene_activity_scores
GTCACCTCAAACCCTA-1,-0.39889586,-10.636729,scCutTag_gene_activity_scores
GTCACCTCAAATGCTC-1,14.9349375,8.557778,scCutTag_gene_activity_scores
GTCACCTCAAGGACCA-1,3.3035696,-4.721824,scCutTag_gene_activity_scores
GTCACCTCATGCCTTC-1,-0.9031176,-12.050873,scCutTag_gene_activity_scores
GTCACCTGTAACGGCA-1,-4.7691283,-2.0200858,scCutTag_gene_activity_scores
GTCACCTGTATATGGA-1,1.2725629,-11.661425,scCutTag_gene_activity_scores
GTCACCTTCAGGGTTT-1,-1.9952546,-10.941639,scCutTag_gene_activity_scores
GTCACCTTCGGAGTTT-1,2.393194,-3.7772326,scCutTag_gene_activity_scores
GTCACCTTCTGAAAGA-1,14.624904,7.6373167,scCutTag_gene_activity_scores
GTCACGGAGCTACGCC-1,3.7174273,-4.5181293,scCutTag_gene_activity_scores
GTCACGGAGTGTGTAA-1,-1.4775014,-10.562867,scCutTag_gene_activity_scores
GTCACGGGTTTGATCG-1,0.63705295,-11.312988,scCutTag_gene_activity_scores
GTCACGGTCGGCTATA-1,5.961047,3.643926,scCutTag_gene_activity_scores
GTCACGGTCTGGGCGT-1,2.2079282,-4.577943,scCutTag_gene_activity_scores
GTCACTCCAGTGCGAA-1,14.407707,7.05965,scCutTag_gene_activity_scores
GTCACTCCATCCCTTG-1,-1.2165755,-12.51215,scCutTag_gene_activity_scores
GTCACTCGTCCTTATT-1,13.381703,9.083442,scCutTag_gene_activity_scores
GTCACTCTCGTCCCAT-1,3.2452414,-4.2986975,scCutTag_gene_activity_scores
GTCCATCAGTACAGTA-1,-1.8769113,-10.940248,scCutTag_gene_activity_scores
GTCCATCAGTGAGTTA-1,-4.3402953,-1.5301533,scCutTag_gene_activity_scores
GTCCATCAGTTCGACT-1,11.443004,9.012067,scCutTag_gene_activity_scores
GTCGTAAGTAAGCCTT-1,-2.1809425,-11.12948,scCutTag_gene_activity_scores
GTCGTAAGTATGTTCG-1,10.548219,-8.478554,scCutTag_gene_activity_scores
GTCGTAAGTGAGTTGG-1,-0.4414172,-11.726647,scCutTag_gene_activity_scores
GTCGTAAGTGATAAGT-1,1.8581755,-4.9377084,scCutTag_gene_activity_scores
GTCGTAATCCGCCTAT-1,0.36389065,-7.1739144,scCutTag_gene_activity_scores
GTCTACCCACGAACGA-1,-0.7679381,-7.88278,scCutTag_gene_activity_scores
GTCTACCCATGGATGG-1,1.4072444,-4.8563867,scCutTag_gene_activity_scores
GTCTACCTCCAGTTAG-1,2.237115,-4.539551,scCutTag_gene_activity_scores
GTCTACCTCTCATATC-1,-2.263231,-11.204466,scCutTag_gene_activity_scores
GTGACATAGAATCAGT-1,2.6471062,-2.9440331,scCutTag_gene_activity_scores
GTGACATAGCGATACG-1,3.599313,-4.0785336,scCutTag_gene_activity_scores
GTGACATAGTGAGTTA-1,-4.2373843,-2.6967337,scCutTag_gene_activity_scores
GTGACATGTAATGTGA-1,13.735919,9.228712,scCutTag_gene_activity_scores
GTGACATGTTGCCTGG-1,-0.566326,-11.444551,scCutTag_gene_activity_scores
GTGACATGTTGGGAAC-1,1.1711346,-10.881536,scCutTag_gene_activity_scores
GTGACATTCCAAGAGG-1,9.122892,-6.977038,scCutTag_gene_activity_scores
GTGATCACAAAGAGAG-1,0.9985004,-11.355936,scCutTag_gene_activity_scores
GTGATCACAAGGAGGG-1,6.891292,3.8617246,scCutTag_gene_activity_scores
GTGATCACAATCACTG-1,0.015229826,11.289497,scCutTag_gene_activity_scores
GTGATCAGTTCCAATG-1,9.359889,6.8795285,scCutTag_gene_activity_scores
GTGATCATCTCCACTG-1,3.1302445,-2.7782722,scCutTag_gene_activity_scores
GTGCACGAGTTCGACT-1,0.31705648,-7.2778664,scCutTag_gene_activity_scores
GTGCACGCAATGTGCT-1,1.4365017,-5.918141,scCutTag_gene_activity_scores
GTGCACGCACACACCG-1,9.878727,-6.9060006,scCutTag_gene_activity_scores
GTGCACGCACCCATCT-1,14.235487,6.0513153,scCutTag_gene_activity_scores
GTGCACGGTCATAGAA-1,-4.2977157,-2.0598838,scCutTag_gene_activity_scores
GTGCACGGTCGGCTGT-1,-1.1598226,-11.74671,scCutTag_gene_activity_scores
GTGCACGTCTCGCGGA-1,3.452884,-3.7815871,scCutTag_gene_activity_scores
GTGCACGTCTTGGCCT-1,-0.9885619,-13.173886,scCutTag_gene_activity_scores
GTGCCAGAGTAACTCC-1,9.622743,6.9449778,scCutTag_gene_activity_scores
GTGCCAGCAGTTGGAG-1,-1.9541724,-2.293295,scCutTag_gene_activity_scores
GTGCCAGGTCAGGTGA-1,-7.8231797,8.101759,scCutTag_gene_activity_scores
GTGCCAGGTTTCTTAC-1,1.0223423,-10.579936,scCutTag_gene_activity_scores
GTGCCAGTCGATCTTT-1,0.15992054,14.69888,scCutTag_gene_activity_scores
GTGCCAGTCGGATAAA-1,3.444158,-3.2173786,scCutTag_gene_activity_scores
GTGCTGGAGATGGGTC-1,2.3048172,-3.2628276,scCutTag_gene_activity_scores
GTGCTGGAGCTGAATA-1,0.65627986,-10.150676,scCutTag_gene_activity_scores
GTGCTGGAGGTTGACG-1,-0.3050388,-11.057195,scCutTag_gene_activity_scores
GTGCTGGAGTCTCCAA-1,11.269395,6.765907,scCutTag_gene_activity_scores
GTGCTGGGTAGCTGTT-1,-1.3860387,12.344823,scCutTag_gene_activity_scores
GTGCTGGTCATTCGGA-1,-0.82927567,-10.699058,scCutTag_gene_activity_scores
GTGGATTGTGAGTAAT-1,5.258965,4.435865,scCutTag_gene_activity_scores
GTGGATTTCGCTGATA-1,-0.8418371,-11.664415,scCutTag_gene_activity_scores
GTGGCGTAGAGCTGTG-1,-0.8608011,-11.044181,scCutTag_gene_activity_scores
GTGGCGTAGGTTGTGG-1,-0.6319856,-10.056634,scCutTag_gene_activity_scores
GTGGCGTAGTAGACCG-1,-0.05816477,-11.318169,scCutTag_gene_activity_scores
GTGGCGTCAAGCTTTG-1,10.28836,-7.8525558,scCutTag_gene_activity_scores
GTGGCGTCATTGTTCT-1,-0.9429276,-11.347059,scCutTag_gene_activity_scores
GTGGCGTGTAACCATC-1,-2.0601695,-11.18315,scCutTag_gene_activity_scores
GTGGCGTGTAGCGGTA-1,13.785562,6.1927,scCutTag_gene_activity_scores
GTGGCGTTCGGCTATA-1,1.7589434,-4.0431614,scCutTag_gene_activity_scores
GTGTCAAAGCAACGGT-1,2.6339524,-3.0782645,scCutTag_gene_activity_scores
GTGTCAACAGCGTACC-1,-3.2976859,-2.9026132,scCutTag_gene_activity_scores
GTGTCAACATCATAGC-1,1.4286592,-11.572273,scCutTag_gene_activity_scores
GTGTCAAGTTGGGAAC-1,5.95015,3.7978208,scCutTag_gene_activity_scores
GTGTCAATCGAGGTCC-1,-0.87490577,-7.7708316,scCutTag_gene_activity_scores
GTGTCCTAGGTTACAA-1,12.898384,9.267343,scCutTag_gene_activity_scores
GTGTCCTCACTGTTAG-1,-3.6664026,-2.848099,scCutTag_gene_activity_scores
GTGTCCTCATGCGTTA-1,11.685001,5.698226,scCutTag_gene_activity_scores
GTGTCCTTCAAACCAC-1,9.302304,7.0101066,scCutTag_gene_activity_scores
GTGTCCTTCACTACCC-1,2.3624768,-3.3087893,scCutTag_gene_activity_scores
GTGTCCTTCAGTGTAC-1,9.663571,8.182912,scCutTag_gene_activity_scores
GTGTCCTTCGACTCGG-1,-8.111461,8.413626,scCutTag_gene_activity_scores
GTGTGATAGATGTTGA-1,2.0454934,-2.846496,scCutTag_gene_activity_scores
GTGTGATAGCGTCAAG-1,15.161936,6.742923,scCutTag_gene_activity_scores
GTGTGATAGCTGCTCG-1,2.1033187,-3.5306478,scCutTag_gene_activity_scores
GTGTGATCAAATGCTC-1,-1.3306395,-11.190489,scCutTag_gene_activity_scores
GTGTGATCACTCCACT-1,-8.479723,8.525741,scCutTag_gene_activity_scores
GTGTGATTCGGAGTTT-1,10.1355915,-7.293652,scCutTag_gene_activity_scores
GTGTGATTCTGAACGT-1,-0.20401959,-11.27739,scCutTag_gene_activity_scores
GTTACGAAGAGCAGCT-1,-3.644219,-1.7058605,scCutTag_gene_activity_scores
GTTACGAAGCATACCT-1,-0.835995,11.360696,scCutTag_gene_activity_scores
GTTACGAGTACGGAGT-1,-0.4602618,-10.974288,scCutTag_gene_activity_scores
GTTACGATCTTTATCG-1,-0.08938909,11.7205305,scCutTag_gene_activity_scores
GTTACTTAGCTGAGGT-1,-0.15352254,-9.975455,scCutTag_gene_activity_scores
GTTACTTAGTAACATG-1,-3.371245,-1.632011,scCutTag_gene_activity_scores
GTTACTTAGTAGTCGG-1,-3.5663722,-1.3749082,scCutTag_gene_activity_scores
GTTACTTGTAGACACG-1,0.23584741,15.129426,scCutTag_gene_activity_scores
GTTACTTGTCGTCGCA-1,-8.278702,9.132401,scCutTag_gene_activity_scores
GTTACTTGTGCTTACA-1,-2.395842,-11.923567,scCutTag_gene_activity_scores
GTTATGGAGAAGCCTG-1,1.3220513,-4.6774826,scCutTag_gene_activity_scores
GTTATGGAGACCCTAT-1,6.359163,3.38196,scCutTag_gene_activity_scores
GTTATGGGTACTAGAA-1,3.0065331,-3.497953,scCutTag_gene_activity_scores
GTTATGGTCAGTTGAC-1,1.453638,-4.5399904,scCutTag_gene_activity_scores
GTTATTCAGTAACTCC-1,2.7113423,-4.2222958,scCutTag_gene_activity_scores
GTTATTCCAAGCGACA-1,-0.025493491,-11.847165,scCutTag_gene_activity_scores
GTTATTCCATCTGCAA-1,-0.49118242,-10.644675,scCutTag_gene_activity_scores
GTTATTCTCCAAGAGG-1,-1.0288184,-6.5643153,scCutTag_gene_activity_scores
GTTATTCTCTCCTTAA-1,-4.826588,-2.3130176,scCutTag_gene_activity_scores
GTTCAAGAGTAATGTG-1,-0.39547953,-6.842826,scCutTag_gene_activity_scores
GTTCAAGAGTGATCTC-1,-1.7230508,-12.063711,scCutTag_gene_activity_scores
GTTCAAGCAGGGTAAC-1,-2.128367,-2.6362712,scCutTag_gene_activity_scores
GTTCAAGGTTACCCAA-1,3.1634934,-4.2313547,scCutTag_gene_activity_scores
GTTCAAGGTTCGGGAA-1,-2.2227278,-11.42996,scCutTag_gene_activity_scores
GTTCAAGTCTACTTTG-1,-1.0190215,-10.21566,scCutTag_gene_activity_scores
GTTCAAGTCTATTTCG-1,0.6583995,-10.3856325,scCutTag_gene_activity_scores
GTTGGGCAGGGCGAAG-1,2.5712156,-4.067,scCutTag_gene_activity_scores
GTTGGGCCAACTGCGC-1,1.1852455,-11.178068,scCutTag_gene_activity_scores
GTTGGGCTCTTCGTTA-1,-2.8006568,-1.1930058,scCutTag_gene_activity_scores
GTTGGTAAGTGCTCGC-1,2.4155173,-3.9788694,scCutTag_gene_activity_scores
GTTGGTACACCCTTTG-1,1.2390771,12.479311,scCutTag_gene_activity_scores
GTTGGTACACGCGTTG-1,-2.020533,-10.799093,scCutTag_gene_activity_scores
GTTGGTACAGATTAAG-1,2.5073614,-4.334876,scCutTag_gene_activity_scores
GTTGGTAGTAACATAG-1,-7.0595345,8.278345,scCutTag_gene_activity_scores
GTTGGTATCCAGAATC-1,11.932449,7.8348203,scCutTag_gene_activity_scores
TAAACCGGTTGTATCG-1,2.9331794,-3.3409119,scCutTag_gene_activity_scores
TAAACCGTCATGTTCT-1,2.4414525,-5.228706,scCutTag_gene_activity_scores
TAAACCGTCCATGTTT-1,0.89819163,-5.0063844,scCutTag_gene_activity_scores
TAAACCGTCCTTGACC-1,12.462129,3.789294,scCutTag_gene_activity_scores
TAAACCGTCGTGATAC-1,15.327172,5.5941978,scCutTag_gene_activity_scores
TAAACCGTCTCCACTG-1,-2.7844603,-1.4431192,scCutTag_gene_activity_scores
TAACAGCAGTCGTGAG-1,3.0052137,-4.7297263,scCutTag_gene_activity_scores
TAACAGCCACATATCG-1,-1.146531,-6.968563,scCutTag_gene_activity_scores
TAACAGCCAGTTCGGC-1,11.717198,5.5654125,scCutTag_gene_activity_scores
TAACAGCTCTAGCAAC-1,-1.5694966,-10.323627,scCutTag_gene_activity_scores
TAACGGTAGCGTAGCA-1,5.4198985,4.1682405,scCutTag_gene_activity_scores
TAACGGTCAAATTCCG-1,3.0347042,-2.9935403,scCutTag_gene_activity_scores
TAACGGTCACCGAATT-1,0.5928127,-8.60745,scCutTag_gene_activity_scores
TAACGGTGTCATCGTA-1,12.655717,9.927265,scCutTag_gene_activity_scores
TAACGGTTCAGTGGTT-1,0.42951453,10.751846,scCutTag_gene_activity_scores
TAACGGTTCGAGCGCT-1,-0.36003217,-11.188564,scCutTag_gene_activity_scores
TAACTTCAGAAATACC-1,-7.2147846,8.000584,scCutTag_gene_activity_scores
TAACTTCCAACTCGAT-1,1.988095,-4.6296034,scCutTag_gene_activity_scores
TAACTTCCAGCAAACG-1,-1.0048591,-12.167959,scCutTag_gene_activity_scores
TAACTTCGTACTAGAA-1,3.5908654,-3.3333719,scCutTag_gene_activity_scores
TAACTTCGTCACAGGA-1,2.7457552,-5.1567864,scCutTag_gene_activity_scores
TAACTTCGTGGTAAGC-1,-8.069099,9.093544,scCutTag_gene_activity_scores
TAAGCCAAGTCAGGAC-1,0.014096118,-11.036471,scCutTag_gene_activity_scores
TAAGCCACACTGTAAC-1,3.5681176,-3.0003364,scCutTag_gene_activity_scores
TAAGCCAGTCAGCAAG-1,-0.64678794,-10.050941,scCutTag_gene_activity_scores
TAAGCCAGTGATAACA-1,-0.019441893,-10.542413,scCutTag_gene_activity_scores
TAAGTGCAGCGAGAAA-1,3.2701688,-2.9932144,scCutTag_gene_activity_scores
TAAGTGCAGGTACACG-1,6.301182,3.943258,scCutTag_gene_activity_scores
TAAGTGCGTAGAAAGG-1,13.698423,5.583899,scCutTag_gene_activity_scores
TAATCGGAGAACGACC-1,2.854826,-2.654075,scCutTag_gene_activity_scores
TAATCGGAGAAGACTT-1,3.3138773,-2.89033,scCutTag_gene_activity_scores
TAATCGGAGCAGAATT-1,-1.1459143,-12.036765,scCutTag_gene_activity_scores
TAATCGGAGTCCCGCA-1,-3.289264,-2.3029692,scCutTag_gene_activity_scores
TAATCGGCAAGAAACT-1,0.4019005,-9.821481,scCutTag_gene_activity_scores
TAATCGGCAATCATCG-1,12.846409,3.660941,scCutTag_gene_activity_scores
TAATCGGCAATGGTCT-1,6.181985,3.1425996,scCutTag_gene_activity_scores
TAATCGGGTTTCCTAT-1,0.018605098,-10.565926,scCutTag_gene_activity_scores
TAATCGGTCGCCACTT-1,-7.9606633,9.240887,scCutTag_gene_activity_scores
TAATCGGTCGGGAATG-1,-1.0061365,9.968811,scCutTag_gene_activity_scores
TAATCGGTCTCGTAGA-1,-0.97645515,-10.414771,scCutTag_gene_activity_scores
TAATTCCAGACGTCAG-1,0.3499533,-12.334428,scCutTag_gene_activity_scores
TAATTCCAGGATTGAT-1,0.1755852,-10.783867,scCutTag_gene_activity_scores
TAATTCCAGTAGGTCG-1,14.747203,5.437169,scCutTag_gene_activity_scores
TAATTCCAGTTCAGGG-1,2.8734038,-4.2756424,scCutTag_gene_activity_scores
TAATTCCCATTCACGA-1,3.5536737,-3.5738778,scCutTag_gene_activity_scores
TAATTCCGTCCCTTTG-1,9.246607,7.119181,scCutTag_gene_activity_scores
TAATTCCGTCCGTGCA-1,1.2166381,-3.4095097,scCutTag_gene_activity_scores
TACAGCAAGGAGTACC-1,-0.82511127,15.24463,scCutTag_gene_activity_scores
TACAGCACAAGACTAA-1,-1.2243147,-10.729125,scCutTag_gene_activity_scores
TACAGCATCTCTATTG-1,0.3510867,-8.251197,scCutTag_gene_activity_scores
TACAGCATCTGTTTAC-1,6.570024,3.8934536,scCutTag_gene_activity_scores
TACATGGAGAGGTCCA-1,2.5137045,-4.6106954,scCutTag_gene_activity_scores
TACATGGCATCCTCGT-1,2.6662776,-2.9934514,scCutTag_gene_activity_scores
TACATGGCATCTGCAA-1,0.5780313,-12.529465,scCutTag_gene_activity_scores
TACATTCCAACCTCCT-1,2.743632,-2.9818578,scCutTag_gene_activity_scores
TACATTCCATCGTACA-1,-0.6624341,-13.174563,scCutTag_gene_activity_scores
TACATTCGTAGCGGTA-1,9.540778,-7.105611,scCutTag_gene_activity_scores
TACATTCGTCAACTGT-1,3.3179722,-2.729171,scCutTag_gene_activity_scores
TACATTCTCCATTGAG-1,-0.87808806,-7.243722,scCutTag_gene_activity_scores
TACATTCTCGATCTTT-1,2.4123077,-2.530058,scCutTag_gene_activity_scores
TACATTCTCGGCTATA-1,-0.0095788585,-13.083165,scCutTag_gene_activity_scores
TACCCTGAGAGAGTTT-1,2.2802348,-4.718483,scCutTag_gene_activity_scores
TACCCTGCAGAGAGAA-1,3.0832117,-2.9727733,scCutTag_gene_activity_scores
TACCCTGGTCACAGTT-1,0.18956421,11.030099,scCutTag_gene_activity_scores
TACCCTGGTTTGCCAA-1,-2.3136587,-2.4160113,scCutTag_gene_activity_scores
TACCCTGTCAGCACGC-1,-0.50046974,-9.696043,scCutTag_gene_activity_scores
TACCTATCAGGTAGCA-1,-0.4022425,-8.820559,scCutTag_gene_activity_scores
TACCTATGTAGAAAGG-1,-1.0846459,-10.938734,scCutTag_gene_activity_scores
TACCTATTCAGTGGTT-1,-0.8501185,15.177911,scCutTag_gene_activity_scores
TACCTATTCTGACATG-1,10.38231,-7.761961,scCutTag_gene_activity_scores
TACCTATTCTTCGTTA-1,-2.398002,-11.7077265,scCutTag_gene_activity_scores
TACCTCGCAAGCAACG-1,-1.3682349,-11.499038,scCutTag_gene_activity_scores
TACCTCGCACCGAAAG-1,-8.517801,7.8616776,scCutTag_gene_activity_scores
TACCTCGCAGCAACAG-1,-0.28642172,-13.4784155,scCutTag_gene_activity_scores
TACCTCGGTGTTGTTG-1,2.0263348,-3.3623278,scCutTag_gene_activity_scores
TACCTCGTCAATGCAC-1,0.62646824,-11.263409,scCutTag_gene_activity_scores
TACCTCGTCCAACGCG-1,-8.725482,8.725498,scCutTag_gene_activity_scores
TACCTCGTCCGTCAAA-1,6.6621475,3.45117,scCutTag_gene_activity_scores
TACGCAAAGGTTCGTT-1,12.823117,3.7472756,scCutTag_gene_activity_scores
TACGCAACACATGATC-1,1.0835214,-5.4095626,scCutTag_gene_activity_scores
TACGCAACACCACCAG-1,0.5705284,-12.912532,scCutTag_gene_activity_scores
TACGCAAGTAAACGGC-1,9.265156,-7.468978,scCutTag_gene_activity_scores
TACGCAAGTAGTGATA-1,3.121886,-4.1999145,scCutTag_gene_activity_scores
TACGCAATCCTTCGAC-1,-0.563444,-5.9338465,scCutTag_gene_activity_scores
TACGCCTAGAGAATTC-1,-3.2885973,-1.8097404,scCutTag_gene_activity_scores
TACGCCTCAAAGGAAG-1,3.1495774,-4.350149,scCutTag_gene_activity_scores
TACGCCTGTATCTCAG-1,-1.5628319,-10.772863,scCutTag_gene_activity_scores
TACGCCTGTCAGCTTA-1,-2.4224417,-2.628074,scCutTag_gene_activity_scores
TACGCCTGTTCTACCC-1,14.078477,7.424196,scCutTag_gene_activity_scores
TACGCCTGTTTAGACC-1,2.9763892,-4.9637113,scCutTag_gene_activity_scores
TACGCCTTCATGTTCT-1,0.96283674,-11.277739,scCutTag_gene_activity_scores
TACGCCTTCGCTCTAC-1,-0.7819457,-7.4644713,scCutTag_gene_activity_scores
TACGGATAGCATTCCA-1,0.9052257,-12.401079,scCutTag_gene_activity_scores
TACGGATAGGTCTTGT-1,0.017535932,10.732225,scCutTag_gene_activity_scores
TACGGATAGTTGAATG-1,-8.177263,7.740039,scCutTag_gene_activity_scores
TACGGATGTAACGTAA-1,15.139742,8.90414,scCutTag_gene_activity_scores
TACGGATGTCCACCAG-1,8.531959,-6.2832594,scCutTag_gene_activity_scores
TACGGATGTCTCTGCT-1,-0.9997303,14.088993,scCutTag_gene_activity_scores
TACGGATTCAGGGTTT-1,-8.711835,8.301077,scCutTag_gene_activity_scores
TACGGATTCTCTTCTC-1,1.7585527,-3.9800544,scCutTag_gene_activity_scores
TACTAGGAGTGAATAC-1,6.8259416,4.3669796,scCutTag_gene_activity_scores
TACTAGGCAACGCACC-1,3.1034775,-3.6223805,scCutTag_gene_activity_scores
TACTAGGCACATGATC-1,3.023245,-4.738613,scCutTag_gene_activity_scores
TACTCGCAGTCTTAGC-1,2.3337145,-2.960304,scCutTag_gene_activity_scores
TACTCGCCACAGGTAG-1,9.502904,7.685558,scCutTag_gene_activity_scores
TACTCGCCACGATTAC-1,2.532781,-3.3718183,scCutTag_gene_activity_scores
TACTGCCAGAGGAACA-1,-0.85396254,-12.59025,scCutTag_gene_activity_scores
TACTGCCGTCTAAGAA-1,1.3600862,-10.816998,scCutTag_gene_activity_scores
TACTGCCTCAATGCAC-1,-1.9086683,-11.870701,scCutTag_gene_activity_scores
TACTGCCTCCAGGGAA-1,-0.7809407,-7.506947,scCutTag_gene_activity_scores
TACTGCCTCTCTTAAC-1,-4.3358884,-1.2146958,scCutTag_gene_activity_scores
TAGACTGAGTGAGTTA-1,-1.0764124,-13.008219,scCutTag_gene_activity_scores
TAGACTGCAAGCACTT-1,2.3742852,-3.4640248,scCutTag_gene_activity_scores
TAGACTGCAATGTGCT-1,3.2211413,-4.823256,scCutTag_gene_activity_scores
TAGACTGCAGATACAA-1,1.1055477,-11.594849,scCutTag_gene_activity_scores
TAGACTGCATCAACTG-1,2.7433465,-4.4569883,scCutTag_gene_activity_scores
TAGCACAAGTCATCTG-1,6.890826,4.602115,scCutTag_gene_activity_scores
TAGCACAAGTGTTCCA-1,3.0995061,-4.8415284,scCutTag_gene_activity_scores
TAGCACACAGTGCGTC-1,2.8319423,-3.52314,scCutTag_gene_activity_scores
TAGCACAGTAGTAACA-1,-0.87254906,-6.966164,scCutTag_gene_activity_scores
TAGCACAGTGCATTCA-1,7.36175,4.9300694,scCutTag_gene_activity_scores
TAGCACATCAGGATCT-1,9.646597,-6.348846,scCutTag_gene_activity_scores
TAGCACATCAGGGTTT-1,0.3571201,-12.263357,scCutTag_gene_activity_scores
TAGCACATCCCACTTG-1,-1.3545094,14.348659,scCutTag_gene_activity_scores
TAGCACATCGGGTCCA-1,6.9190226,4.0495906,scCutTag_gene_activity_scores
TAGCATGAGAATATCG-1,0.24724238,-12.067338,scCutTag_gene_activity_scores
TAGCATGAGAATGCTA-1,9.192855,7.161073,scCutTag_gene_activity_scores
TAGCATGAGAGGTGGG-1,7.15613,4.909449,scCutTag_gene_activity_scores
TAGCATGAGTGGACGT-1,0.885358,-11.49634,scCutTag_gene_activity_scores
TAGCATGCACGGCCAT-1,3.2077363,-3.6088712,scCutTag_gene_activity_scores
TAGCATGCATTACCTT-1,-1.5950596,-10.990176,scCutTag_gene_activity_scores
TAGCATGGTCAGCTTA-1,-0.5710409,14.117837,scCutTag_gene_activity_scores
TAGCATGTCCTCCTGA-1,4.9941425,4.1765594,scCutTag_gene_activity_scores
TAGCATGTCGCGTGAC-1,2.2672496,-5.1498804,scCutTag_gene_activity_scores
TAGCCCTCACAGCCAC-1,-4.478506,-1.1235431,scCutTag_gene_activity_scores
TAGCCCTGTGCGTCCA-1,-2.1640108,-10.9668255,scCutTag_gene_activity_scores
TAGCCCTGTTAACCAC-1,-0.64529985,-11.790691,scCutTag_gene_activity_scores
TAGCCCTTCTTCACTA-1,2.5672717,-3.3308437,scCutTag_gene_activity_scores
TAGCCGGAGAGCAGCT-1,-2.5577753,-2.351221,scCutTag_gene_activity_scores
TAGCCGGAGAGGCGGA-1,1.9464604,-3.5559893,scCutTag_gene_activity_scores
TAGCCGGCAAACCGAG-1,-1.9011618,-2.2695398,scCutTag_gene_activity_scores
TAGCCGGCACTCCTCA-1,0.7221843,-10.241971,scCutTag_gene_activity_scores
TAGCCGGGTATCTCAG-1,5.9168816,3.814242,scCutTag_gene_activity_scores
TAGCCGGGTCTAAGAA-1,-1.8681775,11.814111,scCutTag_gene_activity_scores
TAGCCGGTCCGGAAAG-1,1.3354759,-4.559239,scCutTag_gene_activity_scores
TAGCGGCCATCATGTG-1,-1.1984351,-12.078093,scCutTag_gene_activity_scores
TAGCGGCCATTGTGAC-1,-1.4422365,11.708673,scCutTag_gene_activity_scores
TAGCGGCGTGCTTGAT-1,12.47944,9.41909,scCutTag_gene_activity_scores
TAGCGGCGTGTCCAGC-1,-1.0780876,-12.446231,scCutTag_gene_activity_scores
TAGCTTTAGACGTCAG-1,0.74386126,-12.139593,scCutTag_gene_activity_scores
TAGCTTTCAAAGAGAG-1,-7.898881,8.326425,scCutTag_gene_activity_scores
TAGCTTTCATGGGTGA-1,-3.635733,-1.5362748,scCutTag_gene_activity_scores
TAGCTTTTCAGCACGC-1,6.045158,3.6072452,scCutTag_gene_activity_scores
TAGCTTTTCGGTTCCT-1,-0.37431222,-10.599915,scCutTag_gene_activity_scores
TAGCTTTTCTCAGATG-1,-1.6083117,-12.034759,scCutTag_gene_activity_scores
TAGGAGGAGAATACTG-1,0.9614562,-11.0551195,scCutTag_gene_activity_scores
TAGGAGGAGTCCTTCC-1,0.023279658,-6.6281843,scCutTag_gene_activity_scores
TAGGAGGTCCAAGAGG-1,-3.597823,-2.644707,scCutTag_gene_activity_scores
TAGGAGGTCTTACTCA-1,-1.7369064,-11.607793,scCutTag_gene_activity_scores
TAGGTCAAGAACGCCA-1,-0.18666025,-12.325909,scCutTag_gene_activity_scores
TAGGTCACAAATGTCC-1,-1.0597464,-6.246209,scCutTag_gene_activity_scores
TAGGTCACAAGCCTTA-1,2.7726347,-5.6338544,scCutTag_gene_activity_scores
TAGGTCACAATTGGCT-1,9.127737,-7.2468724,scCutTag_gene_activity_scores
TAGGTCACACGATATC-1,1.3144449,-9.855486,scCutTag_gene_activity_scores
TAGGTCAGTGGCCTTG-1,-3.1809614,-2.8949392,scCutTag_gene_activity_scores
TAGGTCATCCATCGAA-1,10.22737,8.895659,scCutTag_gene_activity_scores
TAGGTCATCTTACGGA-1,-2.424494,-2.3717995,scCutTag_gene_activity_scores
TAGGTGTAGACTAGGC-1,2.5203292,-3.3572197,scCutTag_gene_activity_scores
TAGGTGTAGGGTGTTG-1,-0.52893764,-11.216854,scCutTag_gene_activity_scores
TAGGTGTCAGCAACCC-1,-2.056713,-1.8490387,scCutTag_gene_activity_scores
TAGGTGTCATTGTTCT-1,0.10470732,-12.351205,scCutTag_gene_activity_scores
TAGGTGTGTTTGCCCT-1,-0.8298954,14.456041,scCutTag_gene_activity_scores
TAGGTGTTCTGTGTCC-1,3.5855343,-4.508245,scCutTag_gene_activity_scores
TAGTCCCAGCATACCT-1,-0.64257663,-12.141994,scCutTag_gene_activity_scores
TAGTCCCAGCATTCCA-1,14.888796,8.721891,scCutTag_gene_activity_scores
TAGTCCCAGTAGTGTA-1,12.531911,6.04291,scCutTag_gene_activity_scores
TAGTCCCCAAATAGTG-1,-1.1670982,10.726372,scCutTag_gene_activity_scores
TAGTCCCGTATCCTTT-1,2.5722973,-3.6032326,scCutTag_gene_activity_scores
TAGTCCCGTGAGGGTT-1,-3.7326627,-2.9856403,scCutTag_gene_activity_scores
TAGTCCCTCATGAACC-1,-4.220283,-1.9040086,scCutTag_gene_activity_scores
TAGTCCCTCTGGAAGG-1,0.06950373,-11.760277,scCutTag_gene_activity_scores
TATCGAGGTCCCGAGT-1,5.903261,3.7361457,scCutTag_gene_activity_scores
TATCGAGGTTAGGCTT-1,-0.83098996,-6.749536,scCutTag_gene_activity_scores
TATCGAGGTTTAAGGA-1,3.1152973,-4.802202,scCutTag_gene_activity_scores
TATCGAGTCCAAACCA-1,2.4431062,-4.645643,scCutTag_gene_activity_scores
TATCGAGTCGCTTCAC-1,-8.595384,8.769355,scCutTag_gene_activity_scores
TATCGAGTCGGCTATA-1,3.6051478,-3.7429774,scCutTag_gene_activity_scores
TATCTGTAGATCCGAG-1,2.0099058,-4.680968,scCutTag_gene_activity_scores
TATCTGTAGATCGAGC-1,0.2782014,-10.941389,scCutTag_gene_activity_scores
TATCTGTCAACCTCCT-1,9.82971,8.177207,scCutTag_gene_activity_scores
TATCTGTCAAGGTTCT-1,-2.0915225,-2.0666654,scCutTag_gene_activity_scores
TATCTGTCAAGTCTGT-1,2.535727,-4.9217596,scCutTag_gene_activity_scores
TATCTGTGTATCACAC-1,-0.59887666,-10.680791,scCutTag_gene_activity_scores
TATCTGTGTCCCGTGA-1,1.7543381,-4.754479,scCutTag_gene_activity_scores
TATCTGTTCGCGCCAA-1,-2.3026023,-11.243827,scCutTag_gene_activity_scores
TATCTGTTCGGTGATT-1,6.4274893,4.5043626,scCutTag_gene_activity_scores
TATCTGTTCTGTTGCC-1,-1.5436742,-12.587046,scCutTag_gene_activity_scores
TATGTGGAGCATTGGG-1,-0.02787255,-11.597505,scCutTag_gene_activity_scores
TATGTGGAGGCATGCA-1,3.2731786,-5.1174235,scCutTag_gene_activity_scores
TATGTGGTCAACGTGT-1,-0.5168802,-12.483028,scCutTag_gene_activity_scores
TATGTGGTCGATAGTC-1,-0.6160152,-9.348689,scCutTag_gene_activity_scores
TATGTTCAGATCTAAG-1,2.7965944,-4.194992,scCutTag_gene_activity_scores
TATGTTCAGATGAGGA-1,-1.1883944,-13.174894,scCutTag_gene_activity_scores
TATGTTCGTGCTTGAT-1,2.1964612,-3.509315,scCutTag_gene_activity_scores
TATGTTCTCGACTATG-1,-0.8925753,-12.100504,scCutTag_gene_activity_scores
TATGTTCTCTTACTCA-1,3.4751172,-3.940875,scCutTag_gene_activity_scores
TATGTTCTCTTGCGCT-1,3.1270878,-3.6015494,scCutTag_gene_activity_scores
TATTGCTCAGGTAGCA-1,1.2204145,-10.757135,scCutTag_gene_activity_scores
TATTGCTGTCTAAGAA-1,-1.3202451,-10.320809,scCutTag_gene_activity_scores
TATTGCTGTGCTTACA-1,14.930122,4.7837157,scCutTag_gene_activity_scores
TCAAAGCAGCGCAATG-1,-1.5308257,-11.807254,scCutTag_gene_activity_scores
TCAAAGCAGCGTCTGC-1,1.6643186,-4.3421783,scCutTag_gene_activity_scores
TCAAAGCAGTCACGCC-1,-0.45584908,-8.410747,scCutTag_gene_activity_scores
TCAAAGCCAAGAGCGT-1,1.6702656,-3.5937963,scCutTag_gene_activity_scores
TCAAAGCGTCAGTGCC-1,10.220846,-7.081676,scCutTag_gene_activity_scores
TCAAAGCGTTAACCGT-1,7.4243913,4.925406,scCutTag_gene_activity_scores
TCAAGACAGACCAATA-1,0.6421551,-10.833392,scCutTag_gene_activity_scores
TCAAGACCAATTGGCT-1,6.422848,3.5209544,scCutTag_gene_activity_scores
TCAAGACGTCAAGACG-1,-4.064528,-2.657035,scCutTag_gene_activity_scores
TCAAGCAAGGTCGGTA-1,-1.1075299,-11.527343,scCutTag_gene_activity_scores
TCAAGCACAAACCCTA-1,8.8359,-7.8261795,scCutTag_gene_activity_scores
TCAAGCACAAGCCCTG-1,-1.456178,-12.303486,scCutTag_gene_activity_scores
TCAAGCACACACTAGT-1,0.7095105,-12.055723,scCutTag_gene_activity_scores
TCAAGCACACGACGAA-1,-1.6480709,-11.661228,scCutTag_gene_activity_scores
TCAAGCACACGCTGTG-1,0.0029806853,-9.975217,scCutTag_gene_activity_scores
TCAAGCACATCTCTCG-1,11.616143,6.8483825,scCutTag_gene_activity_scores
TCAAGCATCGAGGCTC-1,-2.224435,-11.856674,scCutTag_gene_activity_scores
TCAAGCATCGCTAGTA-1,-0.6412442,-6.904847,scCutTag_gene_activity_scores
TCAAGGTAGATGTTGA-1,1.6981483,-4.4868803,scCutTag_gene_activity_scores
TCAAGGTAGCCATCAT-1,-0.3253743,-9.560394,scCutTag_gene_activity_scores
TCAAGGTCACAGATGG-1,3.0994468,-4.5934434,scCutTag_gene_activity_scores
TCAAGGTCACAGTTCA-1,2.6896296,-5.07754,scCutTag_gene_activity_scores
TCAAGGTCAGGTCCTG-1,-0.9228242,-7.7068505,scCutTag_gene_activity_scores
TCAAGGTTCCAGTTAG-1,-0.58207905,-10.287065,scCutTag_gene_activity_scores
TCAAGGTTCGATATGC-1,2.7033918,-3.9729943,scCutTag_gene_activity_scores
TCAAGGTTCTTATCAC-1,10.680156,-6.7297807,scCutTag_gene_activity_scores
TCAATTCAGATCACCT-1,-3.0778968,-0.5719439,scCutTag_gene_activity_scores
TCAATTCAGCCATGGA-1,3.3805075,-3.0342727,scCutTag_gene_activity_scores
TCAATTCAGTGTGTAA-1,-2.7146432,-1.9452069,scCutTag_gene_activity_scores
TCAATTCCAAACGTTC-1,-2.5963972,-2.8111176,scCutTag_gene_activity_scores
TCAATTCCAAGTTCGT-1,3.0805123,-4.5716166,scCutTag_gene_activity_scores
TCAATTCCAGTAACCT-1,12.83865,3.3931289,scCutTag_gene_activity_scores
TCAATTCGTGACCAGA-1,-2.2017865,-12.31727,scCutTag_gene_activity_scores
TCAATTCTCATTCTCA-1,-1.7733991,-11.883651,scCutTag_gene_activity_scores
TCACAAGAGACTAGGC-1,2.133897,-3.5761802,scCutTag_gene_activity_scores
TCACAAGAGGCCTCTG-1,2.8013918,-3.9535694,scCutTag_gene_activity_scores
TCACAAGAGGCTAAAT-1,-2.5356977,-1.9330255,scCutTag_gene_activity_scores
TCACAAGGTTCCTATT-1,-2.896279,-2.2371902,scCutTag_gene_activity_scores
TCACAAGGTTCTACGA-1,2.6467388,-3.8499968,scCutTag_gene_activity_scores
TCACAAGTCTATGAGC-1,-0.72325796,-6.663242,scCutTag_gene_activity_scores
TCACAGAAGAAGACTT-1,-3.5994737,-3.159688,scCutTag_gene_activity_scores
TCACAGAAGGGCTTCC-1,-4.2575603,-2.4818258,scCutTag_gene_activity_scores
TCACAGACATCATAGC-1,1.3755419,12.769232,scCutTag_gene_activity_scores
TCACAGAGTCAACTAC-1,-3.8275566,-2.9087288,scCutTag_gene_activity_scores
TCACAGAGTGAGGGTT-1,2.3817568,-3.679915,scCutTag_gene_activity_scores
TCACAGAGTTCCAGTA-1,-0.964367,-12.315192,scCutTag_gene_activity_scores
TCACAGAGTTTAGAAG-1,0.6898009,-10.45196,scCutTag_gene_activity_scores
TCACCACAGCAGAATT-1,-1.4790682,-11.577329,scCutTag_gene_activity_scores
TCACCACCAAGTCCTA-1,-0.5794425,-12.398523,scCutTag_gene_activity_scores
TCACCACCATCAGCTA-1,-7.882506,8.63653,scCutTag_gene_activity_scores
TCACCACCATCATCGA-1,3.2669833,-3.6791933,scCutTag_gene_activity_scores
TCACCACCATTACACG-1,1.478007,-4.130208,scCutTag_gene_activity_scores
TCACCACGTTATAGAG-1,-0.8314722,11.731115,scCutTag_gene_activity_scores
TCACCACTCAGGAAGC-1,0.36405185,11.868278,scCutTag_gene_activity_scores
TCACCACTCTCTGAGA-1,-1.614343,-11.635821,scCutTag_gene_activity_scores
TCACCTGAGAGCTCCC-1,6.4449024,3.875828,scCutTag_gene_activity_scores
TCACCTGGTATCTCAG-1,-0.8506145,12.008495,scCutTag_gene_activity_scores
TCACCTGTCAGTCAAC-1,15.036823,7.4452796,scCutTag_gene_activity_scores
TCACCTGTCTAAACGC-1,-1.3811935,14.437247,scCutTag_gene_activity_scores
TCACTCGAGAACGTTA-1,-0.70302916,-7.1475,scCutTag_gene_activity_scores
TCACTCGAGATAGGTT-1,15.569441,6.166919,scCutTag_gene_activity_scores
TCACTCGAGCTGAATA-1,-1.0695233,-12.284451,scCutTag_gene_activity_scores
TCACTCGCAAGCCAGA-1,1.3535221,-3.822837,scCutTag_gene_activity_scores
TCACTCGCAATACTGC-1,0.14197627,-7.8175063,scCutTag_gene_activity_scores
TCACTCGCAGCGTACC-1,-0.697649,-10.691618,scCutTag_gene_activity_scores
TCACTCGCATGATTGC-1,-1.3642691,-11.288356,scCutTag_gene_activity_scores
TCACTCGGTGAAACAT-1,0.7630559,11.868415,scCutTag_gene_activity_scores
TCACTCGTCCTCCCAA-1,0.69622177,-6.7852683,scCutTag_gene_activity_scores
TCACTCGTCTTCGTTA-1,2.4851317,-3.223438,scCutTag_gene_activity_scores
TCAGCTCCACGCGATC-1,3.4957428,-4.3536277,scCutTag_gene_activity_scores
TCAGCTCCACTCAAGT-1,-7.8508782,7.4549127,scCutTag_gene_activity_scores
TCAGCTCTCCCAGCAG-1,0.5153504,-10.690491,scCutTag_gene_activity_scores
TCAGGGCAGTGAGCTG-1,1.0609455,-3.1600027,scCutTag_gene_activity_scores
TCAGGGCGTTTCGATG-1,-0.6036373,-12.694796,scCutTag_gene_activity_scores
TCAGGTAAGTGATTAG-1,1.7397262,-4.831629,scCutTag_gene_activity_scores
TCAGGTAGTATGTCCA-1,0.9963126,-10.059521,scCutTag_gene_activity_scores
TCAGGTAGTGATAGAT-1,-1.6598779,-11.233893,scCutTag_gene_activity_scores
TCAGGTATCCATCTAT-1,3.098707,-3.4767427,scCutTag_gene_activity_scores
TCAGGTATCTCTATCA-1,-8.77332,8.427626,scCutTag_gene_activity_scores
TCAGGTATCTTCTTCC-1,2.5456543,-4.046935,scCutTag_gene_activity_scores
TCAGTCCAGCGTATCT-1,-1.8359783,-11.185342,scCutTag_gene_activity_scores
TCAGTCCAGGCTCAGA-1,3.0531485,-3.0860949,scCutTag_gene_activity_scores
TCAGTCCAGGTTTCTG-1,10.7607765,9.699664,scCutTag_gene_activity_scores
TCAGTCCCAATGACTC-1,0.40145886,-11.869769,scCutTag_gene_activity_scores
TCAGTCCGTCATAGCT-1,0.04401482,-13.2146435,scCutTag_gene_activity_scores
TCAGTCCGTGCTTGAT-1,-1.8753269,-1.950067,scCutTag_gene_activity_scores
TCAGTCCGTTTCCTAT-1,0.55443317,-11.414297,scCutTag_gene_activity_scores
TCAGTCCTCAGGCGCT-1,-1.1760029,9.866508,scCutTag_gene_activity_scores
TCAGTCCTCCCGTAGG-1,-3.7035334,-3.012688,scCutTag_gene_activity_scores
TCAGTCCTCGTTCTAT-1,12.504806,9.460499,scCutTag_gene_activity_scores
TCAGTTTAGGAGTAGA-1,2.731639,-4.9450684,scCutTag_gene_activity_scores
TCAGTTTCAAAGCTGG-1,2.2783248,-3.941983,scCutTag_gene_activity_scores
TCAGTTTCACATGATC-1,-0.95210296,10.6283045,scCutTag_gene_activity_scores
TCAGTTTCATAGCAGG-1,6.1888576,4.2791715,scCutTag_gene_activity_scores
TCAGTTTGTATTCTTC-1,5.775309,4.136603,scCutTag_gene_activity_scores
TCAGTTTTCCCGGGTA-1,-1.2175915,13.084707,scCutTag_gene_activity_scores
TCCAGAAAGAGACTCG-1,-0.57751745,-10.07652,scCutTag_gene_activity_scores
TCCAGAAAGATATGTG-1,-7.4998627,7.759124,scCutTag_gene_activity_scores
TCCAGAAAGCTCCGGT-1,0.46770835,-11.163979,scCutTag_gene_activity_scores
TCCAGAACAGCGTGAA-1,3.0400505,-4.7191095,scCutTag_gene_activity_scores
TCCAGAACAGTAACTC-1,0.08781371,10.673842,scCutTag_gene_activity_scores
TCCAGAAGTACTAGAA-1,6.5834765,4.110648,scCutTag_gene_activity_scores
TCCAGAATCCATACCC-1,0.70591646,-11.540571,scCutTag_gene_activity_scores
TCCATCGAGTCCGTGC-1,2.6384904,-4.5320263,scCutTag_gene_activity_scores
TCCATCGCACACTAGT-1,6.228364,3.8190217,scCutTag_gene_activity_scores
TCCATCGGTCAACTGT-1,-8.488812,7.999461,scCutTag_gene_activity_scores
TCCATCGGTGCCCTAG-1,-2.0599844,-1.932764,scCutTag_gene_activity_scores
TCCATCGGTTAGGAAT-1,-1.673187,-11.447871,scCutTag_gene_activity_scores
TCCATCGGTTGGTAAA-1,-1.430455,11.705552,scCutTag_gene_activity_scores
TCCATCGTCCATTGTT-1,-0.8245077,-10.533303,scCutTag_gene_activity_scores
TCCCACACAGCAATGG-1,11.815233,5.9476085,scCutTag_gene_activity_scores
TCCGACTAGTCGAGCA-1,-2.910499,-2.9369566,scCutTag_gene_activity_scores
TCCGACTCAGAATGCG-1,1.3478848,-5.6351123,scCutTag_gene_activity_scores
TCCGACTGTAAGGTCG-1,1.731324,-4.174302,scCutTag_gene_activity_scores
TCGAGCGAGAACCCGA-1,-1.3683667,-12.0827875,scCutTag_gene_activity_scores
TCGAGCGAGACGTCAG-1,-1.294553,11.534575,scCutTag_gene_activity_scores
TCGAGCGAGCATTCCA-1,-4.6039844,-1.4913201,scCutTag_gene_activity_scores
TCGAGCGAGCCGCAAA-1,9.795828,-7.8559365,scCutTag_gene_activity_scores
TCGAGCGCATGCCTTC-1,-0.9185098,-8.5144205,scCutTag_gene_activity_scores
TCGAGCGGTGAGTTGG-1,13.792313,7.2751465,scCutTag_gene_activity_scores
TCGAGCGGTTCTACCC-1,-0.6411914,-10.394319,scCutTag_gene_activity_scores
TCGATTTAGCATTCCA-1,2.0458045,-4.7251506,scCutTag_gene_activity_scores
TCGATTTAGGATTGCG-1,0.9737586,14.065705,scCutTag_gene_activity_scores
TCGATTTCACAAACGG-1,-7.940047,7.7620273,scCutTag_gene_activity_scores
TCGATTTCATTGAACC-1,-0.04293784,-12.421922,scCutTag_gene_activity_scores
TCGATTTTCGTCTTAT-1,0.39290032,-12.380161,scCutTag_gene_activity_scores
TCGATTTTCTTGGCCT-1,6.327849,4.4740753,scCutTag_gene_activity_scores
TCGCAGGAGACGCCAA-1,0.45074552,-11.090026,scCutTag_gene_activity_scores
TCGCAGGAGTATGGGC-1,-0.6615236,11.299471,scCutTag_gene_activity_scores
TCGCAGGCACACATGT-1,-0.023882976,-11.905505,scCutTag_gene_activity_scores
TCGCAGGGTACTTCGA-1,2.028059,-3.9535925,scCutTag_gene_activity_scores
TCGCAGGGTCCCTTTG-1,9.6405525,6.3668714,scCutTag_gene_activity_scores
TCGCCTAAGCCTGTAT-1,-1.1207097,-3.1258569,scCutTag_gene_activity_scores
TCGCCTACAGATGGCA-1,-1.109414,-6.3143826,scCutTag_gene_activity_scores
TCGCCTACATATTGGC-1,3.1084893,-3.0599144,scCutTag_gene_activity_scores
TCGCCTACATGTCCCT-1,2.5434453,-4.0164127,scCutTag_gene_activity_scores
TCGCCTAGTTGAAGCG-1,-8.143411,8.520939,scCutTag_gene_activity_scores
TCGCCTATCACTCGGG-1,3.5547366,-3.52662,scCutTag_gene_activity_scores
TCGCCTATCCGGGCAT-1,2.6643617,-3.0922678,scCutTag_gene_activity_scores
TCGGGACAGAAGACTT-1,0.7976758,-11.234097,scCutTag_gene_activity_scores
TCGGGACGTCGTAATC-1,6.9960303,4.38965,scCutTag_gene_activity_scores
TCGGGACTCCAACGCG-1,0.8681575,-11.367965,scCutTag_gene_activity_scores
TCGGGACTCCGCGATG-1,10.577368,6.447491,scCutTag_gene_activity_scores
TCGGGACTCGATAGTC-1,1.4968696,-4.560931,scCutTag_gene_activity_scores
TCGTTCGAGGGCGAAG-1,-3.302332,-3.0926347,scCutTag_gene_activity_scores
TCGTTCGAGGTCCTCG-1,-1.2017574,-10.515335,scCutTag_gene_activity_scores
TCGTTCGCAAGGGAGG-1,-1.4155285,-8.098696,scCutTag_gene_activity_scores
TCGTTCGCACATATCG-1,2.08518,-4.86755,scCutTag_gene_activity_scores
TCGTTCGTCTGGAAGG-1,-0.9164202,-10.503207,scCutTag_gene_activity_scores
TCTAGTTAGAAATGGG-1,13.116449,9.230126,scCutTag_gene_activity_scores
TCTAGTTTCCTGGAAT-1,-0.83509195,-11.980193,scCutTag_gene_activity_scores
TCTAGTTTCGGTCTCT-1,9.83991,7.1909637,scCutTag_gene_activity_scores
TCTATTGAGAAATACC-1,3.143696,-4.3732686,scCutTag_gene_activity_scores
TCTATTGAGATGTTGA-1,2.10186,-3.5734317,scCutTag_gene_activity_scores
TCTATTGCACATATCG-1,-7.944375,9.01148,scCutTag_gene_activity_scores
TCTATTGCAGTAACCT-1,1.6947557,-3.708343,scCutTag_gene_activity_scores
TCTATTGGTGCTGTCG-1,2.8230073,-3.7503347,scCutTag_gene_activity_scores
TCTCAGCCAAATTCCG-1,-0.21982123,11.083939,scCutTag_gene_activity_scores
TCTCAGCCACGACGAA-1,3.5577767,-3.715232,scCutTag_gene_activity_scores
TCTCAGCTCGGATCGC-1,2.0815153,-5.12276,scCutTag_gene_activity_scores
TCTCTGGCAAAGCTGG-1,2.9886642,-3.3380404,scCutTag_gene_activity_scores
TCTCTGGGTCATGAGG-1,14.1943865,9.434552,scCutTag_gene_activity_scores
TCTCTGGTCCAACCTC-1,0.1416431,13.265496,scCutTag_gene_activity_scores
TGACAACCACTCGGAC-1,-8.050138,8.019653,scCutTag_gene_activity_scores
TGACAACGTAAACGAT-1,1.9762001,-3.2429655,scCutTag_gene_activity_scores
TGACAACTCACGATTG-1,2.053182,-3.4158795,scCutTag_gene_activity_scores
TGACAACTCCTTTGCG-1,-1.094325,-9.938595,scCutTag_gene_activity_scores
TGACTCCAGACTCGGA-1,14.925624,9.125228,scCutTag_gene_activity_scores
TGACTCCGTTACTTTC-1,-0.9315004,-10.941238,scCutTag_gene_activity_scores
TGACTCCGTTTGCCAA-1,0.8250089,-10.327176,scCutTag_gene_activity_scores
TGACTCCTCGACGGAA-1,2.6905832,-4.505913,scCutTag_gene_activity_scores
TGACTCCTCGTTCTAT-1,-0.82192177,-11.451727,scCutTag_gene_activity_scores
TGAGCCGCAGCGTAGA-1,2.6370475,-2.7150772,scCutTag_gene_activity_scores
TGAGCCGGTTAAGGGC-1,14.347512,7.316717,scCutTag_gene_activity_scores
TGAGCCGTCGATCTTT-1,3.0071704,-2.8334012,scCutTag_gene_activity_scores
TGAGCCGTCTGCGTCT-1,0.006563684,13.79895,scCutTag_gene_activity_scores
TGAGCCGTCTTGTCGC-1,-3.2183633,-2.1040413,scCutTag_gene_activity_scores
TGAGTCAAGAGAAGCA-1,-1.1739268,-11.286652,scCutTag_gene_activity_scores
TGAGTCAAGCTGCTCG-1,0.59360033,14.787499,scCutTag_gene_activity_scores
TGAGTCACAGCAAACG-1,-0.70300657,-12.40545,scCutTag_gene_activity_scores
TGAGTCACAGCACATT-1,1.0039285,-10.670097,scCutTag_gene_activity_scores
TGAGTCAGTTGCCTGG-1,14.841784,8.946949,scCutTag_gene_activity_scores
TGAGTCAGTTTCGTTT-1,-1.9491825,-2.3214386,scCutTag_gene_activity_scores
TGAGTCATCCCTAAAG-1,0.052807212,-9.030321,scCutTag_gene_activity_scores
TGAGTCATCGCAACTA-1,0.21529862,14.148142,scCutTag_gene_activity_scores
TGAGTCATCGCGCCAA-1,1.9356045,-4.389915,scCutTag_gene_activity_scores
TGAGTCATCGGTAGGA-1,1.3324383,-4.1634736,scCutTag_gene_activity_scores
TGATCAGAGAGAACCC-1,3.404172,-2.809166,scCutTag_gene_activity_scores
TGATCAGAGTGATTAG-1,-0.99913424,-11.929243,scCutTag_gene_activity_scores
TGATCAGCACCACAGC-1,-8.573661,8.701654,scCutTag_gene_activity_scores
TGATCAGTCTACCCGT-1,0.14887416,-9.043314,scCutTag_gene_activity_scores
TGATGCAAGGAATGGA-1,2.767629,-4.9019856,scCutTag_gene_activity_scores
TGATGCAAGTATGGGC-1,-1.0058963,-11.175203,scCutTag_gene_activity_scores
TGATGCACACAGATGG-1,11.940919,6.234243,scCutTag_gene_activity_scores
TGATGCACATTCACGA-1,-1.9410383,-12.17514,scCutTag_gene_activity_scores
TGATGCACATTCTCGC-1,1.8450053,-4.506244,scCutTag_gene_activity_scores
TGATGCAGTTCTTTCA-1,-0.83364373,-12.109085,scCutTag_gene_activity_scores
TGATGCATCCAGCACG-1,14.1425705,9.64909,scCutTag_gene_activity_scores
TGATGCATCTAAGGTC-1,-7.2904553,8.483531,scCutTag_gene_activity_scores
TGATTTCAGACGAAAG-1,-0.8830661,-11.849658,scCutTag_gene_activity_scores
TGATTTCAGGAATGGA-1,-3.8255587,-2.3013697,scCutTag_gene_activity_scores
TGATTTCAGTATACCC-1,0.17289707,-10.785262,scCutTag_gene_activity_scores
TGATTTCCAGTAACGG-1,0.6587791,-10.604216,scCutTag_gene_activity_scores
TGATTTCGTATTGTCG-1,9.58741,7.0651097,scCutTag_gene_activity_scores
TGATTTCGTCTGTCCT-1,1.0628313,-4.2941737,scCutTag_gene_activity_scores
TGATTTCGTTCTTTGT-1,-7.0274415,8.289427,scCutTag_gene_activity_scores
TGATTTCGTTGGACGA-1,1.9944674,-3.6133587,scCutTag_gene_activity_scores
TGATTTCTCATCGCCT-1,0.61946803,-11.255627,scCutTag_gene_activity_scores
TGATTTCTCGGATAAA-1,2.520267,-4.5158443,scCutTag_gene_activity_scores
TGATTTCTCGGTCTAA-1,15.7599745,6.5950875,scCutTag_gene_activity_scores
TGCACCTAGATGGGTC-1,-2.0901554,-2.316844,scCutTag_gene_activity_scores
TGCACCTTCTCTGCGT-1,-8.790972,8.218054,scCutTag_gene_activity_scores
TGCATGACATGATTGC-1,-1.1713405,-6.192276,scCutTag_gene_activity_scores
TGCATGAGTCTGTGTA-1,0.23275593,-7.952129,scCutTag_gene_activity_scores
TGCATGAGTTTAGAAG-1,0.7022541,-11.832662,scCutTag_gene_activity_scores
TGCATTTAGCGTTAGG-1,0.5105457,-10.607187,scCutTag_gene_activity_scores
TGCATTTGTCATCGTA-1,-3.9675117,-2.1718705,scCutTag_gene_activity_scores
TGCATTTTCACTGGTA-1,1.344946,-4.6896033,scCutTag_gene_activity_scores
TGCATTTTCCGCCTAT-1,3.006326,-4.7610593,scCutTag_gene_activity_scores
TGCATTTTCCTGACCT-1,-2.4732797,-2.145335,scCutTag_gene_activity_scores
TGCATTTTCGACTTAG-1,1.9883283,-3.5038295,scCutTag_gene_activity_scores
TGCCTCAAGAACTCCT-1,1.5969747,-3.322105,scCutTag_gene_activity_scores
TGCCTCAAGACACGGT-1,-1.0043112,-11.648354,scCutTag_gene_activity_scores
TGCCTCAAGAGGCGGA-1,-1.604227,-12.289718,scCutTag_gene_activity_scores
TGCCTCACAAATGTCC-1,6.6324806,4.1396275,scCutTag_gene_activity_scores
TGCCTGTAGGGTTCTT-1,2.7093015,-3.5627797,scCutTag_gene_activity_scores
TGCCTGTCAATCATCG-1,6.483723,3.474624,scCutTag_gene_activity_scores
TGCCTGTCAGATTGTC-1,4.8543987,4.326956,scCutTag_gene_activity_scores
TGCCTGTGTATATGGA-1,-0.95190966,-11.87456,scCutTag_gene_activity_scores
TGCGTAAAGACGCCAA-1,-0.6095845,-11.3826685,scCutTag_gene_activity_scores
TGCGTAACATCCATAG-1,2.4191868,-4.27701,scCutTag_gene_activity_scores
TGCGTAAGTCCATTGA-1,0.9609457,-10.604413,scCutTag_gene_activity_scores
TGCGTAAGTTCCGCGA-1,2.5548847,-3.6915162,scCutTag_gene_activity_scores
TGCGTAATCCAAACCA-1,-3.395978,-2.520415,scCutTag_gene_activity_scores
TGCGTAATCCAAGTCA-1,7.0043077,4.206641,scCutTag_gene_activity_scores
TGCGTAATCCATACCC-1,9.495248,7.4096255,scCutTag_gene_activity_scores
TGCGTAATCGCACCGA-1,-8.376745,7.507058,scCutTag_gene_activity_scores
TGCGTAATCGTATAGC-1,1.600057,11.967783,scCutTag_gene_activity_scores
TGCTATTAGATGTTGA-1,0.48355436,-2.4731207,scCutTag_gene_activity_scores
TGCTATTGTAGGGTTG-1,2.1163323,-3.6212704,scCutTag_gene_activity_scores
TGCTATTTCTTACGGA-1,0.26472625,-11.367453,scCutTag_gene_activity_scores
TGCTCACAGTTATGAG-1,-7.7502832,7.914582,scCutTag_gene_activity_scores
TGCTCACCAATGCCAT-1,2.5912693,-4.52311,scCutTag_gene_activity_scores
TGCTCACGTAAGTCTC-1,0.096565805,-9.450752,scCutTag_gene_activity_scores
TGCTCACGTCACATTG-1,-1.5170321,-12.466448,scCutTag_gene_activity_scores
TGCTCACTCTTCCGTG-1,0.8705966,12.673866,scCutTag_gene_activity_scores
TGCTCGTGTCGATTAC-1,10.407838,9.152278,scCutTag_gene_activity_scores
TGCTCGTGTCTCTAAG-1,0.5991619,-12.808902,scCutTag_gene_activity_scores
TGCTCGTTCACGGGTC-1,-0.74662095,-11.885859,scCutTag_gene_activity_scores
TGCTTCGAGGGATCCA-1,-0.6034568,-12.844541,scCutTag_gene_activity_scores
TGCTTCGCAATGTGCT-1,-8.06501,9.289942,scCutTag_gene_activity_scores
TGCTTCGTCTGCTACC-1,-0.99209535,11.01495,scCutTag_gene_activity_scores
TGCTTTAAGCCGCAAA-1,-0.27045155,-8.44805,scCutTag_gene_activity_scores
TGCTTTAAGTCCCGCA-1,2.4777198,-4.0517907,scCutTag_gene_activity_scores
TGCTTTAAGTGATAAC-1,8.428106,-5.821725,scCutTag_gene_activity_scores
TGCTTTAGTCAGAAGC-1,5.887542,3.933041,scCutTag_gene_activity_scores
TGCTTTAGTCAGACGA-1,-0.17293659,-9.67087,scCutTag_gene_activity_scores
TGCTTTAGTCAGTGTT-1,-1.0891495,-11.791376,scCutTag_gene_activity_scores
TGCTTTAGTGGACTGA-1,0.36377534,-11.495615,scCutTag_gene_activity_scores
TGCTTTATCATCGCAA-1,1.1809913,14.630347,scCutTag_gene_activity_scores
TGCTTTATCCTTACGC-1,2.9027047,-3.4051616,scCutTag_gene_activity_scores
TGCTTTATCGCCTTAC-1,-1.0238552,-6.940395,scCutTag_gene_activity_scores
TGGAAGGAGTCGTACT-1,2.1868258,-3.763467,scCutTag_gene_activity_scores
TGGAAGGCAATGTAAG-1,13.68569,7.481136,scCutTag_gene_activity_scores
TGGAAGGCACAAGTGG-1,-0.41896898,-11.758858,scCutTag_gene_activity_scores
TGGAAGGCACAGATGG-1,0.33665448,-11.362832,scCutTag_gene_activity_scores
TGGAAGGCATCTCACC-1,2.0025449,-4.1061735,scCutTag_gene_activity_scores
TGGAAGGGTGGCCTCA-1,3.5922358,-3.9108803,scCutTag_gene_activity_scores
TGGAAGGTCCTAGAGT-1,-0.40423608,-13.037864,scCutTag_gene_activity_scores
TGGACATAGTCTAGAA-1,-0.42669493,12.173922,scCutTag_gene_activity_scores
TGGACATCACCCTTTG-1,0.024433622,11.713351,scCutTag_gene_activity_scores
TGGACATCATTACTCT-1,6.124971,4.034401,scCutTag_gene_activity_scores
TGGACATGTTTCTCTA-1,13.2377205,9.022409,scCutTag_gene_activity_scores
TGGCAATAGCATTGGG-1,2.0339482,-3.1701918,scCutTag_gene_activity_scores
TGGCAATCACAGGTAG-1,3.4510856,-3.6850436,scCutTag_gene_activity_scores
TGGCAATGTCACAGTT-1,0.57267064,-11.142235,scCutTag_gene_activity_scores
TGGCAATTCGCCTTAC-1,6.4280777,3.3528311,scCutTag_gene_activity_scores
TGGCAATTCTGAAAGA-1,-0.23227508,-10.656781,scCutTag_gene_activity_scores
TGGCAATTCTTGTCGC-1,-2.144568,-2.1863406,scCutTag_gene_activity_scores
TGGCCTTAGAGCGGTT-1,-4.7913003,-2.0725796,scCutTag_gene_activity_scores
TGGCCTTCAGGGTACA-1,0.9873656,-9.9182415,scCutTag_gene_activity_scores
TGGCGCAAGTGTGTAA-1,-0.8516264,15.006284,scCutTag_gene_activity_scores
TGGCGCACAACGGGTA-1,9.656889,6.581757,scCutTag_gene_activity_scores
TGGCGCAGTAACTGAA-1,2.9117987,-3.6452076,scCutTag_gene_activity_scores
TGGCGCAGTAGGGTTG-1,-0.6602727,-10.271015,scCutTag_gene_activity_scores
TGGCGCAGTGGCATAG-1,5.2931113,4.4544845,scCutTag_gene_activity_scores
TGGCGCATCACGATTG-1,-3.4509208,-1.7745279,scCutTag_gene_activity_scores
TGGCGCATCACGTGTA-1,1.8354366,-3.738168,scCutTag_gene_activity_scores
TGGCGCATCATTCTCA-1,1.0404545,9.989599,scCutTag_gene_activity_scores
TGGCGCATCGTGATAC-1,2.3349335,-3.0744414,scCutTag_gene_activity_scores
TGGCGCATCTCATCCG-1,-0.83220994,-11.710444,scCutTag_gene_activity_scores
TGGGTGCGTCAGACGA-1,-7.2653284,7.899222,scCutTag_gene_activity_scores
TGGGTGCGTTTCGTTT-1,2.5806262,-2.9706335,scCutTag_gene_activity_scores
TGGGTGCTCCTCATTA-1,-0.72120154,-9.515185,scCutTag_gene_activity_scores
TGGGTTAAGCAACGGT-1,0.6575303,-11.6468315,scCutTag_gene_activity_scores
TGGGTTACAATCAGGG-1,-0.04952669,-11.682213,scCutTag_gene_activity_scores
TGGGTTACAATGGCAG-1,-0.8425326,-12.857093,scCutTag_gene_activity_scores
TGGGTTACAGGGTACA-1,2.2738779,-5.059721,scCutTag_gene_activity_scores
TGGTCAAAGGCGTAGT-1,-0.5664509,-8.56577,scCutTag_gene_activity_scores
TGGTCAAAGGTGTCGA-1,-0.8522784,14.828065,scCutTag_gene_activity_scores
TGGTCAAGTGGGTAGT-1,2.1494086,-4.2762527,scCutTag_gene_activity_scores
TGGTCAATCAGTGTGT-1,2.0851438,-4.0284686,scCutTag_gene_activity_scores
TGGTCAATCCATCTAT-1,-0.16717052,-6.250364,scCutTag_gene_activity_scores
TGGTCAATCTACATCT-1,-7.7690234,8.737144,scCutTag_gene_activity_scores
TGGTCCTAGCTGAAAT-1,3.4212425,-3.5259013,scCutTag_gene_activity_scores
TGGTCCTCAATGACTC-1,1.5474879,-3.9875972,scCutTag_gene_activity_scores
TGGTCCTCATGCGACC-1,-1.3802322,-11.828299,scCutTag_gene_activity_scores
TGGTCCTGTATGTCCA-1,5.404139,4.1628366,scCutTag_gene_activity_scores
TGGTCCTGTCTAAGAA-1,0.98012257,11.481699,scCutTag_gene_activity_scores
TGTAAGCCAAACAGTA-1,-1.3228376,-11.940449,scCutTag_gene_activity_scores
TGTAAGCTCCATGACA-1,-0.179195,14.747727,scCutTag_gene_activity_scores
TGTAAGCTCGTTACAG-1,-0.01073087,-10.32711,scCutTag_gene_activity_scores
TGTAAGCTCTTTCGAT-1,-7.500369,8.194529,scCutTag_gene_activity_scores
TGTACAGAGCATGTGG-1,-7.9524956,8.960806,scCutTag_gene_activity_scores
TGTACAGAGCTGAGGT-1,-8.044125,7.9192805,scCutTag_gene_activity_scores
TGTACAGCACACACCG-1,3.3137977,-3.3145206,scCutTag_gene_activity_scores
TGTACAGTCGCTATTT-1,-0.8751433,10.366392,scCutTag_gene_activity_scores
TGTACGAAGACTTGAA-1,-1.2874527,-10.41845,scCutTag_gene_activity_scores
TGTACGAAGCAACGGT-1,-7.244848,8.922096,scCutTag_gene_activity_scores
TGTACGACAATTCTCT-1,2.787315,-3.7149208,scCutTag_gene_activity_scores
TGTACGACAGGATGTG-1,0.9847791,-11.962536,scCutTag_gene_activity_scores
TGTACGAGTCAGCTTA-1,0.07630554,14.998877,scCutTag_gene_activity_scores
TGTACGAGTCTCTAAG-1,-1.2016957,10.517194,scCutTag_gene_activity_scores
TGTACGATCTATGAGC-1,2.339148,-4.582379,scCutTag_gene_activity_scores
TGTAGCACACCATTCC-1,8.699175,-7.1678605,scCutTag_gene_activity_scores
TGTAGCAGTCCCGTGA-1,-3.5505044,-0.7187482,scCutTag_gene_activity_scores
TGTAGCATCCTTACGC-1,-0.3615371,-12.591013,scCutTag_gene_activity_scores
TGTAGCATCTGCGTCT-1,-1.40968,9.794539,scCutTag_gene_activity_scores
TGTGGCGAGCTGGAGT-1,1.5102631,-5.0811033,scCutTag_gene_activity_scores
TGTGGCGCAGAGCCAA-1,-2.0384834,-11.086358,scCutTag_gene_activity_scores
TGTGGCGCAGGGAGTT-1,0.42360237,-8.405155,scCutTag_gene_activity_scores
TGTGGCGCATCGAGTT-1,2.4321713,-4.9823756,scCutTag_gene_activity_scores
TGTGGCGGTCGTAGTT-1,-0.6553136,-7.636063,scCutTag_gene_activity_scores
TGTGGCGTCGCTTACC-1,-1.3465425,-11.738338,scCutTag_gene_activity_scores
TGTGTCCAGGAGTAGA-1,6.2569838,4.3139615,scCutTag_gene_activity_scores
TGTGTCCAGGCACCTC-1,0.43163684,11.636385,scCutTag_gene_activity_scores
TGTGTCCGTTCTTATC-1,14.9891815,8.687003,scCutTag_gene_activity_scores
TGTGTCCTCGTGGTAT-1,3.3731785,-3.831758,scCutTag_gene_activity_scores
TGTTAGGAGAAACGCC-1,-1.7609298,-12.312094,scCutTag_gene_activity_scores
TGTTAGGAGGTTACAA-1,-0.22613423,-11.871186,scCutTag_gene_activity_scores
TGTTAGGCACAGCTTA-1,-2.7673755,-0.43834734,scCutTag_gene_activity_scores
TGTTAGGCAGTGCGAA-1,-1.1354373,-13.059816,scCutTag_gene_activity_scores
TGTTAGGGTCCTCAGG-1,1.7118802,-4.6690545,scCutTag_gene_activity_scores
TGTTAGGGTGATCAGG-1,-2.0576823,-12.004284,scCutTag_gene_activity_scores
TGTTAGGGTGCAAGCA-1,10.092005,-7.7570515,scCutTag_gene_activity_scores
TGTTAGGGTGGTCGAA-1,2.0516226,-4.3661456,scCutTag_gene_activity_scores
TGTTAGGGTTCCGGCA-1,-3.6567907,-1.6918546,scCutTag_gene_activity_scores
TGTTAGGGTTGCTTGA-1,2.462368,-3.1411762,scCutTag_gene_activity_scores
TGTTAGGGTTTGTGAC-1,14.77291,5.745627,scCutTag_gene_activity_scores
TTAACGGGTGGACAGT-1,0.35553578,-6.886418,scCutTag_gene_activity_scores
TTAACGGTCACTGATG-1,-0.3327069,-5.0269494,scCutTag_gene_activity_scores
TTAACGGTCGTCTAGA-1,2.7129984,-4.3641844,scCutTag_gene_activity_scores
TTACCCGAGTCTGGGA-1,12.584826,6.276369,scCutTag_gene_activity_scores
TTACCCGCAAGCCAGA-1,11.354313,9.390949,scCutTag_gene_activity_scores
TTACCCGCAATCACTG-1,-0.44945425,-11.126748,scCutTag_gene_activity_scores
TTACCCGCACTGTTAG-1,-1.6065699,-10.762007,scCutTag_gene_activity_scores
TTACCCGCATAGACGG-1,1.9493924,-3.3141165,scCutTag_gene_activity_scores
TTACCCGCATGCACTA-1,-1.0644598,-10.722105,scCutTag_gene_activity_scores
TTACCGCCATGGGTGA-1,3.3049378,-3.9326236,scCutTag_gene_activity_scores
TTACCGCGTATTTGCG-1,-1.4932188,10.316305,scCutTag_gene_activity_scores
TTACCGCGTTGGCGAA-1,0.27474475,-12.447661,scCutTag_gene_activity_scores
TTACCGCTCAGTCAAC-1,15.276045,5.9894056,scCutTag_gene_activity_scores
TTACCGCTCCCGATTC-1,2.7486362,-3.688727,scCutTag_gene_activity_scores
TTACGGAAGGTTGACG-1,3.1097853,-4.4174004,scCutTag_gene_activity_scores
TTACGGAAGTGATAAC-1,2.3634517,-4.0794015,scCutTag_gene_activity_scores
TTACGGACACCACAGC-1,-1.385347,12.019374,scCutTag_gene_activity_scores
TTACGGACATGACTGT-1,0.20966591,-11.939144,scCutTag_gene_activity_scores
TTACGGAGTAGGTGAC-1,13.765353,7.8354774,scCutTag_gene_activity_scores
TTACGGAGTGGTAAGC-1,0.5012511,-11.265679,scCutTag_gene_activity_scores
TTACGTTAGAACCATA-1,-0.51474875,-10.314851,scCutTag_gene_activity_scores
TTACGTTAGGACTAGC-1,1.2095425,-3.7001367,scCutTag_gene_activity_scores
TTACGTTAGGTAAGCC-1,0.48785332,-12.882463,scCutTag_gene_activity_scores
TTACGTTCAACGGGTA-1,-0.6969059,-12.263444,scCutTag_gene_activity_scores
TTACGTTCAGTAACTC-1,6.3331623,3.7357366,scCutTag_gene_activity_scores
TTACGTTGTTCTGAGT-1,-2.2686098,-11.6223,scCutTag_gene_activity_scores
TTACGTTTCGATATGC-1,-0.8015508,-11.502622,scCutTag_gene_activity_scores
TTACGTTTCGCTTGAA-1,-1.6335566,-12.366694,scCutTag_gene_activity_scores
TTACTCAAGCACGTAG-1,1.0269829,-10.087017,scCutTag_gene_activity_scores
TTACTCACATGTGGGA-1,5.770305,3.842534,scCutTag_gene_activity_scores
TTACTCAGTATTGTGC-1,3.1395845,-4.434736,scCutTag_gene_activity_scores
TTACTCAGTCATAAGA-1,8.144881,-5.435827,scCutTag_gene_activity_scores
TTACTCAGTCTGTTGA-1,-1.876022,-12.166487,scCutTag_gene_activity_scores
TTACTCAGTGCTTACA-1,10.680351,-7.7169757,scCutTag_gene_activity_scores
TTACTCATCCAGTACA-1,2.85853,-3.4588702,scCutTag_gene_activity_scores
TTACTCATCCTAGAGT-1,-2.0271099,-11.465005,scCutTag_gene_activity_scores
TTACTTGAGAGCCTGA-1,12.744422,4.608311,scCutTag_gene_activity_scores
TTACTTGCAGTTGCAT-1,9.9147005,-7.7112784,scCutTag_gene_activity_scores
TTACTTGGTCTCGGGT-1,-1.816769,13.753017,scCutTag_gene_activity_scores
TTACTTGTCTGTGTGA-1,-0.46838495,-9.741942,scCutTag_gene_activity_scores
TTAGCGACAACAAACA-1,1.7178818,-3.8372846,scCutTag_gene_activity_scores
TTAGCGACAATGAAAC-1,10.91087,-7.344796,scCutTag_gene_activity_scores
TTAGCGACACACACAT-1,-0.736452,-13.191151,scCutTag_gene_activity_scores
TTAGCGAGTGAGCTAG-1,-0.8394588,-10.773254,scCutTag_gene_activity_scores
TTAGCGAGTGGGTAGT-1,2.1489918,-4.1784616,scCutTag_gene_activity_scores
TTAGCGATCGCCCTTA-1,2.728175,-5.181304,scCutTag_gene_activity_scores
TTAGCGATCTACCCGT-1,2.828508,-4.207853,scCutTag_gene_activity_scores
TTAGCGATCTTCTCTC-1,-1.9895517,-2.0588703,scCutTag_gene_activity_scores
TTAGCTTAGGTTCGAG-1,13.966549,4.6243477,scCutTag_gene_activity_scores
TTAGCTTAGTTCTCCC-1,8.598053,-7.110983,scCutTag_gene_activity_scores
TTAGCTTAGTTGCGCC-1,-4.718635,-1.3497902,scCutTag_gene_activity_scores
TTAGCTTCAGACCTGC-1,1.1060131,-12.346495,scCutTag_gene_activity_scores
TTAGCTTCAGGTTATC-1,-7.47226,8.2626,scCutTag_gene_activity_scores
TTAGCTTGTCCAACCG-1,-1.0357296,-10.675862,scCutTag_gene_activity_scores
TTAGCTTTCCATGACA-1,-4.327508,-1.479925,scCutTag_gene_activity_scores
TTAGCTTTCTGACATG-1,-3.0815747,-2.1858768,scCutTag_gene_activity_scores
TTAGGTGAGAGCTGTG-1,0.8553922,-12.246934,scCutTag_gene_activity_scores
TTAGGTGCAGGCACAA-1,7.2941346,5.2889767,scCutTag_gene_activity_scores
TTAGGTGGTCATTGCA-1,-1.4762484,-11.01873,scCutTag_gene_activity_scores
TTAGGTGGTGCGTCCA-1,9.094265,-6.9798007,scCutTag_gene_activity_scores
TTAGGTGGTTGGCTAT-1,-1.7459776,-12.275449,scCutTag_gene_activity_scores
TTATGTCAGCTCCGGT-1,-0.09232741,-10.489722,scCutTag_gene_activity_scores
TTATGTCTCTTGTCGC-1,-2.1621735,-1.4733925,scCutTag_gene_activity_scores
TTCAACTAGCGCCTAC-1,-0.3224625,-12.539584,scCutTag_gene_activity_scores
TTCAACTCACGAACGA-1,-0.37608972,-11.45282,scCutTag_gene_activity_scores
TTCATCAAGGCGTAGT-1,6.510409,3.8572786,scCutTag_gene_activity_scores
TTCATCAAGTCTGTGT-1,14.3163595,9.416596,scCutTag_gene_activity_scores
TTCATCACATCCGTGG-1,2.1000838,-3.6124146,scCutTag_gene_activity_scores
TTCATCAGTGTTAGAA-1,-0.0142777795,-11.386871,scCutTag_gene_activity_scores
TTCATCAGTTAGCTCA-1,1.8082697,-4.6246653,scCutTag_gene_activity_scores
TTCATCATCAGTGTAC-1,-0.66334337,-12.519315,scCutTag_gene_activity_scores
TTCATCATCCAGAATC-1,9.86611,-6.7453246,scCutTag_gene_activity_scores
TTCATCATCGTTTGAG-1,3.1339045,-3.5785832,scCutTag_gene_activity_scores
TTCATTGAGAACTAAC-1,-1.0170162,-6.954636,scCutTag_gene_activity_scores
TTCATTGAGTAACACA-1,0.81707877,-9.724996,scCutTag_gene_activity_scores
TTCATTGCAAATTGAG-1,-4.608808,-1.6982558,scCutTag_gene_activity_scores
TTCATTGCACCTGAAT-1,1.7637492,-4.4220495,scCutTag_gene_activity_scores
TTCATTGGTGGTAGAC-1,2.2509005,-3.385731,scCutTag_gene_activity_scores
TTCGATTAGAGCACTG-1,9.562617,7.103977,scCutTag_gene_activity_scores
TTCGATTAGGATTGAT-1,8.747373,-7.58284,scCutTag_gene_activity_scores
TTCGATTAGTTTACGC-1,-2.3343751,-2.34795,scCutTag_gene_activity_scores
TTCGATTGTGGCATAG-1,-3.3127525,-2.1134923,scCutTag_gene_activity_scores
TTCGCGTAGGACTAGC-1,-0.40650284,-9.128201,scCutTag_gene_activity_scores
TTCGCGTCAAGTCCTA-1,-0.71164256,13.675586,scCutTag_gene_activity_scores
TTCGGTCCAAATGCTC-1,-1.3844714,-12.625734,scCutTag_gene_activity_scores
TTCGGTCTCCATACGA-1,15.657194,7.0114408,scCutTag_gene_activity_scores
TTCGTTACAAAGACGC-1,0.78895646,-10.275387,scCutTag_gene_activity_scores
TTCGTTACAAATAGTG-1,2.8447974,-4.047519,scCutTag_gene_activity_scores
TTCGTTACAGGCATTT-1,-2.1766276,-2.2269135,scCutTag_gene_activity_scores
TTCGTTATCTAGTCGA-1,10.151834,-6.9458756,scCutTag_gene_activity_scores
TTCGTTATCTGTCGTC-1,0.8485049,-12.411388,scCutTag_gene_activity_scores
TTCTAACAGAATCAGT-1,-3.415684,-1.4505657,scCutTag_gene_activity_scores
TTCTAACAGGAACCGT-1,-0.13809623,-10.814397,scCutTag_gene_activity_scores
TTCTAACCACAGTAGG-1,0.46428266,-10.452967,scCutTag_gene_activity_scores
TTCTAACTCAGTCTTT-1,-0.47815317,-11.79483,scCutTag_gene_activity_scores
TTCTAACTCCCAATAG-1,0.22263046,11.668588,scCutTag_gene_activity_scores
TTCTGTACAAGGAGGG-1,2.335594,-3.8362744,scCutTag_gene_activity_scores
TTCTGTACACTCGGAC-1,15.23045,6.7909627,scCutTag_gene_activity_scores
TTCTGTACATACCCGG-1,-0.63363326,-12.333385,scCutTag_gene_activity_scores
TTCTGTAGTATGTTCG-1,1.2057459,13.470364,scCutTag_gene_activity_scores
TTCTGTAGTCATTGGT-1,2.8502681,-3.7460606,scCutTag_gene_activity_scores
TTCTGTAGTTAGGAAT-1,2.5328796,-4.4973173,scCutTag_gene_activity_scores
TTCTGTATCCATCGAA-1,-1.4754949,-11.039707,scCutTag_gene_activity_scores
TTGACGACAATTCTCT-1,14.802699,9.364207,scCutTag_gene_activity_scores
TTGACGACATAGCCAT-1,3.0027204,-4.188612,scCutTag_gene_activity_scores
TTGACGAGTCAGAAAT-1,2.5545828,-3.8574982,scCutTag_gene_activity_scores
TTGACGAGTTTGGATC-1,9.412081,6.1362247,scCutTag_gene_activity_scores
TTGACGATCAGGTTTG-1,0.6303986,-11.8454685,scCutTag_gene_activity_scores
TTGACGATCCAGAGAG-1,-0.7055679,9.709306,scCutTag_gene_activity_scores
TTGAGCAAGAAAGGGT-1,3.1079361,-3.7424524,scCutTag_gene_activity_scores
TTGAGCAAGAGCTGTG-1,2.7473404,-3.0945995,scCutTag_gene_activity_scores
TTGAGCAAGTCCAGAG-1,-0.15035783,-12.063503,scCutTag_gene_activity_scores
TTGAGCAGTGAGTCGA-1,9.928791,-6.801247,scCutTag_gene_activity_scores
TTGAGTGAGTTGCCGC-1,8.459593,-7.4788504,scCutTag_gene_activity_scores
TTGAGTGGTCAGGCTC-1,-0.884455,-10.197455,scCutTag_gene_activity_scores
TTGAGTGGTCTCGGGT-1,3.4821296,-4.5767155,scCutTag_gene_activity_scores
TTGAGTGGTTCTACGA-1,-0.77944684,-11.447782,scCutTag_gene_activity_scores
TTGAGTGTCATTCTTG-1,-0.34290758,-10.880044,scCutTag_gene_activity_scores
TTGAGTGTCTAGCAGT-1,0.0971768,13.007611,scCutTag_gene_activity_scores
TTGCACCAGGGATCCA-1,1.0611149,-11.892053,scCutTag_gene_activity_scores
TTGCACCCATTTGGTG-1,-0.69531244,-11.613192,scCutTag_gene_activity_scores
TTGCACCTCGCGTTCT-1,0.5631845,-12.170891,scCutTag_gene_activity_scores
TTGCAGAAGAAAGCAG-1,-2.7885644,-0.565433,scCutTag_gene_activity_scores
TTGCAGAAGGAAGGTA-1,-1.890787,-12.056996,scCutTag_gene_activity_scores
TTGCAGACAATTAGGA-1,-0.61549896,-11.009885,scCutTag_gene_activity_scores
TTGCAGACAGGACTGA-1,6.0830827,3.9245641,scCutTag_gene_activity_scores
TTGCAGACAGGTAGGT-1,-8.034218,8.271727,scCutTag_gene_activity_scores
TTGCAGATCGCATAAC-1,9.676807,7.9009542,scCutTag_gene_activity_scores
TTGCCCAAGAACAGGA-1,-2.3745317,-11.347873,scCutTag_gene_activity_scores
TTGCCCAAGCAACGGT-1,1.7118831,-4.2035847,scCutTag_gene_activity_scores
TTGCCCAAGGATATCA-1,1.3294234,-4.387262,scCutTag_gene_activity_scores
TTGCCCACAACAAACA-1,-3.9551325,-2.440119,scCutTag_gene_activity_scores
TTGCCCACAATGGTAA-1,-1.2722203,10.091626,scCutTag_gene_activity_scores
TTGCCCACATCAACTG-1,0.097765975,-6.28814,scCutTag_gene_activity_scores
TTGCCCAGTAAACCCT-1,14.236112,5.925362,scCutTag_gene_activity_scores
TTGCGAAAGTTTGGAA-1,0.11362997,-10.857345,scCutTag_gene_activity_scores
TTGCGAACAGAGAGAA-1,-0.025162017,-11.308742,scCutTag_gene_activity_scores
TTGCGAATCAAGAGGC-1,1.5164258,-4.4459243,scCutTag_gene_activity_scores
TTGCGGGCACGCTAAT-1,0.09521388,-12.975763,scCutTag_gene_activity_scores
TTGCGGGCACTGTTAG-1,-0.9500885,-11.710366,scCutTag_gene_activity_scores
TTGCGGGTCGACCCGA-1,3.3086169,-4.10009,scCutTag_gene_activity_scores
TTGCGGGTCTGAGTAC-1,0.22164184,-11.722468,scCutTag_gene_activity_scores
TTGCTATAGGCAATTA-1,-0.025636444,-3.9313545,scCutTag_gene_activity_scores
TTGCTATAGGCAGTGT-1,9.703734,7.0174837,scCutTag_gene_activity_scores
TTGCTATCACGTTGTA-1,-1.3848131,11.833275,scCutTag_gene_activity_scores
TTGCTATGTCATAGAA-1,3.2844853,-3.5792263,scCutTag_gene_activity_scores
TTGCTTAAGCAATGTA-1,6.1981883,4.3313417,scCutTag_gene_activity_scores
TTGCTTAAGTTATGAG-1,1.1218451,-9.800263,scCutTag_gene_activity_scores
TTGCTTACAAGGAAGA-1,0.51707685,-3.9116714,scCutTag_gene_activity_scores
TTGCTTAGTACCAAGG-1,-8.857278,8.652845,scCutTag_gene_activity_scores
TTGCTTAGTACGCCCA-1,-2.3070755,-12.296793,scCutTag_gene_activity_scores
TTGCTTATCACTTACT-1,2.2741582,-4.325115,scCutTag_gene_activity_scores
TTGGTCCAGCTGATTC-1,-0.43641064,-10.083179,scCutTag_gene_activity_scores
TTGGTCCCACCCTTTG-1,6.644511,4.0962377,scCutTag_gene_activity_scores
TTGGTCCCAGGTCTGC-1,9.984001,8.624,scCutTag_gene_activity_scores
TTGTCTAGTCATCGTA-1,-1.3517449,-11.194139,scCutTag_gene_activity_scores
TTGTCTAGTGAGTCGA-1,2.3740683,-2.8135633,scCutTag_gene_activity_scores
TTGTCTATCCATCGAA-1,-0.79112166,-12.279768,scCutTag_gene_activity_scores
TTGTCTATCTTTGCAT-1,-4.450668,-2.665953,scCutTag_gene_activity_scores
TTGTTCAAGTCCGTGC-1,-7.6839786,8.114832,scCutTag_gene_activity_scores
TTGTTCAAGTTGCTTG-1,-8.17593,7.6652265,scCutTag_gene_activity_scores
TTGTTCACACAAGGGT-1,-0.35678688,-11.917565,scCutTag_gene_activity_scores
TTGTTCACAGAATGCG-1,1.912616,-3.8492894,scCutTag_gene_activity_scores
TTGTTCACATTGTGAC-1,-7.7856097,8.374522,scCutTag_gene_activity_scores
TTGTTCATCCTGGAAT-1,1.2260714,-4.2048106,scCutTag_gene_activity_scores
TTGTTGTAGGCGCTTC-1,-1.0526668,-11.198822,scCutTag_gene_activity_scores
TTGTTGTCACCAAGGA-1,-0.2806521,-10.065652,scCutTag_gene_activity_scores
TTGTTGTCACTCCTCA-1,-1.9677758,-12.380224,scCutTag_gene_activity_scores
TTGTTGTGTATGTTCG-1,-0.3776405,-10.780048,scCutTag_gene_activity_scores
TTGTTGTGTCTCTAAG-1,-0.6210174,-11.426465,scCutTag_gene_activity_scores
TTGTTGTGTGCAAGCA-1,2.4708483,-5.2986608,scCutTag_gene_activity_scores
TTGTTGTGTGCTTCCT-1,-1.0312873,-13.06506,scCutTag_gene_activity_scores
TTGTTGTTCCAGCACG-1,-0.67452496,-10.396777,scCutTag_gene_activity_scores
TTGTTGTTCCTGACCT-1,13.860637,5.5149894,scCutTag_gene_activity_scores
TTGTTGTTCGCGTGAC-1,-3.3879197,-1.8472196,scCutTag_gene_activity_scores
TTGTTGTTCGCTAGTA-1,1.7148515,-3.8855076,scCutTag_gene_activity_scores
TTGTTGTTCTCCCTTT-1,-2.1247427,-11.065694,scCutTag_gene_activity_scores
TTTACGTCATTGCACA-1,-1.7293062,-12.354941,scCutTag_gene_activity_scores
TTTACGTTCGATCTTT-1,-2.680659,-2.3366177,scCutTag_gene_activity_scores
TTTGAGGCATGGTATC-1,0.11679654,-10.940123,scCutTag_gene_activity_scores
TTTGAGGGTGAATCAA-1,2.8937283,-3.7773945,scCutTag_gene_activity_scores
TTTGAGGTCGGGACAA-1,2.93462,-3.4196784,scCutTag_gene_activity_scores
TTTGCGCAGAAGCCGT-1,-3.3443627,-1.5768973,scCutTag_gene_activity_scores
TTTGCGCAGGTAGGCT-1,-2.5629373,-11.2712345,scCutTag_gene_activity_scores
TTTGCGCGTCATAGCT-1,-1.1649338,-12.1455145,scCutTag_gene_activity_scores
TTTGCGCGTTACTACG-1,-1.3709868,-11.645469,scCutTag_gene_activity_scores
TTTGCGCTCAGGCGCT-1,2.0843775,-4.2713404,scCutTag_gene_activity_scores
TTTGCGCTCCACTAGA-1,2.1412387,-4.0678377,scCutTag_gene_activity_scores
TTTGGCCAGCAATGTA-1,-8.496766,9.002135,scCutTag_gene_activity_scores
TTTGGCCAGGCCTCGT-1,0.37877372,-11.002283,scCutTag_gene_activity_scores
TTTGGCCCAACTCGAT-1,-0.523593,12.818751,scCutTag_gene_activity_scores
TTTGGCCCACACGGTC-1,-0.96915966,-12.670654,scCutTag_gene_activity_scores
TTTGGCCGTGGTCGAA-1,-1.222324,-11.199991,scCutTag_gene_activity_scores
TTTGGCCTCGAGGTAG-1,9.795549,6.9869785,scCutTag_gene_activity_scores
TTTGGTTAGACTCTTG-1,-8.24199,7.688426,scCutTag_gene_activity_scores
TTTGGTTGTAACCGAG-1,6.7870026,3.5431142,scCutTag_gene_activity_scores
TTTGGTTTCGACTTAG-1,0.9466374,-10.610687,scCutTag_gene_activity_scores
TTTGGTTTCGCGTTCT-1,1.0292528,-11.088521,scCutTag_gene_activity_scores
TTTGGTTTCTCTGAGA-1,3.2461793,-4.9959474,scCutTag_gene_activity_scores
TTTGTGTGTTTAGACC-1,11.101849,5.575649,scCutTag_gene_activity_scores
TTTGTGTTCAAGAGGC-1,2.1868951,-4.9371853,scCutTag_gene_activity_scores
TTTGTGTTCAGTCAAC-1,0.33676746,-10.378725,scCutTag_gene_activity_scores
TTTGTGTTCTCGCGTT-1,0.22025535,-11.895715,scCutTag_gene_activity_scores
AAACCCACATAGAATG-1,0.6032771,-13.043459,Bartosovic_scRNA-Seq
AAACCCACATTGCCTC-1,15.039428,9.102181,Bartosovic_scRNA-Seq
AAACCCAGTGGTCCCA-1,-0.078159444,13.602456,Bartosovic_scRNA-Seq
AAACCCATCGAAACAA-1,-1.1309799,-9.283381,Bartosovic_scRNA-Seq
AAACGAAAGGGCAAGG-1,-1.9154147,-12.294131,Bartosovic_scRNA-Seq
AAACGCTCACATGACT-1,-0.42802614,-11.376383,Bartosovic_scRNA-Seq
AAACGCTGTATCACGT-1,13.458008,7.898748,Bartosovic_scRNA-Seq
AAACGCTGTCGCACGT-1,10.958705,-6.745861,Bartosovic_scRNA-Seq
AAACGCTTCAGCCTCT-1,-0.6740122,-12.675501,Bartosovic_scRNA-Seq
AAACGCTTCCGCGGAT-1,-0.9622227,-11.66938,Bartosovic_scRNA-Seq
AAAGAACCACGTCGGT-1,13.571866,5.955918,Bartosovic_scRNA-Seq
AAAGAACGTACAATAG-1,12.55341,7.05901,Bartosovic_scRNA-Seq
AAAGGATCAAACTCGT-1,11.659425,6.2265763,Bartosovic_scRNA-Seq
AAAGGGCAGGGATCTG-1,10.636544,6.392129,Bartosovic_scRNA-Seq
AAAGGGCAGTCTAGAA-1,10.644618,7.2099247,Bartosovic_scRNA-Seq
AAAGGGCGTGGATCGA-1,10.030485,8.070856,Bartosovic_scRNA-Seq
AAAGGTAAGCCTCTTC-1,13.220281,8.194266,Bartosovic_scRNA-Seq
AAAGGTACATGTACGT-1,14.053305,9.138197,Bartosovic_scRNA-Seq
AAAGGTAGTATGCGTT-1,6.0761223,3.9512758,Bartosovic_scRNA-Seq
AAAGTCCAGAGACAAG-1,11.3152685,8.460969,Bartosovic_scRNA-Seq
AAAGTCCAGGAAGTCC-1,13.916193,7.334597,Bartosovic_scRNA-Seq
AAAGTCCAGTGACCTT-1,12.181502,9.319067,Bartosovic_scRNA-Seq
AAAGTCCCACAACGAG-1,13.244646,8.149646,Bartosovic_scRNA-Seq
AAAGTCCTCCCAGCGA-1,0.8746844,-12.640554,Bartosovic_scRNA-Seq
AAAGTGACAGTGGTGA-1,10.023148,7.3272223,Bartosovic_scRNA-Seq
AAAGTGATCTCCCAAC-1,-0.66175073,13.904342,Bartosovic_scRNA-Seq
AAATGGAGTACAAACA-1,14.423284,5.968219,Bartosovic_scRNA-Seq
AAATGGATCGAGAATA-1,14.351522,8.413956,Bartosovic_scRNA-Seq
AACAAAGGTACCCAGC-1,12.553845,3.290128,Bartosovic_scRNA-Seq
AACAACCGTACTGGGA-1,0.7772901,10.999448,Bartosovic_scRNA-Seq
AACAAGAAGAGAGGTA-1,-1.0593152,-11.504894,Bartosovic_scRNA-Seq
AACAAGAAGGAATCGC-1,12.916407,7.135417,Bartosovic_scRNA-Seq
AACAAGACAGTGGGTA-1,14.374556,7.556564,Bartosovic_scRNA-Seq
AACAAGAGTAACATCC-1,6.8558784,4.2035666,Bartosovic_scRNA-Seq
AACAAGAGTGGTAACG-1,13.534438,8.328083,Bartosovic_scRNA-Seq
AACACACAGGTGATAT-1,13.682561,6.7182627,Bartosovic_scRNA-Seq
AACACACCAGGACGAT-1,-0.24691693,-13.028977,Bartosovic_scRNA-Seq
AACACACGTTACGATC-1,11.412728,8.28484,Bartosovic_scRNA-Seq
AACACACTCCATACAG-1,12.811722,7.89032,Bartosovic_scRNA-Seq
AACACACTCTACGGTA-1,-0.6829893,11.44154,Bartosovic_scRNA-Seq
AACAGGGTCATGGAGG-1,0.55535305,11.237057,Bartosovic_scRNA-Seq
AACCAACCAAGTGTCT-1,11.456189,8.739964,Bartosovic_scRNA-Seq
AACCAACCACACAGCC-1,11.482762,9.166811,Bartosovic_scRNA-Seq
AACCAACGTCTCTCAC-1,-1.3770415,13.302206,Bartosovic_scRNA-Seq
AACCAACGTGAGGCAT-1,-1.2212886,-11.988789,Bartosovic_scRNA-Seq
AACCACAAGGTGGCTA-1,10.997386,-7.710338,Bartosovic_scRNA-Seq
AACCACAAGTTTCTTC-1,12.236105,9.954035,Bartosovic_scRNA-Seq
AACCACAGTATCTTCT-1,4.912322,4.3109016,Bartosovic_scRNA-Seq
AACCACAGTCAGGAGT-1,12.008026,6.4742,Bartosovic_scRNA-Seq
AACCATGAGAGAGCCT-1,14.116974,8.760944,Bartosovic_scRNA-Seq
AACCATGCACGATTCA-1,-0.7335272,-11.721146,Bartosovic_scRNA-Seq
AACCATGCACTATCCC-1,10.584202,-7.8466544,Bartosovic_scRNA-Seq
AACCATGGTCACGACC-1,11.447158,9.70246,Bartosovic_scRNA-Seq
AACCATGGTGTTCATG-1,13.093088,6.665653,Bartosovic_scRNA-Seq
AACCATGTCCTCATAT-1,-0.62863624,-10.251992,Bartosovic_scRNA-Seq
AACCCAAAGTGGTGAC-1,10.3399935,8.616163,Bartosovic_scRNA-Seq
AACCCAACAATGAGCG-1,11.3873,7.3324227,Bartosovic_scRNA-Seq
AACCCAAGTATTAAGG-1,-8.480563,8.253732,Bartosovic_scRNA-Seq
AACCCAATCCTACAAG-1,-1.2289919,-10.298422,Bartosovic_scRNA-Seq
AACCTGAAGGAAGTAG-1,-2.1856863,-2.38401,Bartosovic_scRNA-Seq
AACCTGACAAGATGGC-1,13.406354,7.9648695,Bartosovic_scRNA-Seq
AACCTGACATGTCTAG-1,-1.0191427,-13.287193,Bartosovic_scRNA-Seq
AACCTGAGTTTGTGGT-1,-0.54781634,10.760985,Bartosovic_scRNA-Seq
AACCTTTAGTGGCCTC-1,0.24360162,14.501262,Bartosovic_scRNA-Seq
AACCTTTTCACTACGA-1,-4.58165,-1.5476364,Bartosovic_scRNA-Seq
AACCTTTTCCCTCTTT-1,0.322235,-12.762464,Bartosovic_scRNA-Seq
AACGAAACATCAACCA-1,15.3134365,6.529078,Bartosovic_scRNA-Seq
AACGGGAAGAGGCGTT-1,12.741297,7.072008,Bartosovic_scRNA-Seq
AACGGGACACCCAAGC-1,12.044578,8.900798,Bartosovic_scRNA-Seq
AACGGGATCACTGTTT-1,-1.0434343,11.966569,Bartosovic_scRNA-Seq
AACGTCACACAGTACT-1,4.0718884,-4.1979213,Bartosovic_scRNA-Seq
AACGTCACATGGCTGC-1,15.159292,7.1989636,Bartosovic_scRNA-Seq
AACGTCACATGTGCCG-1,0.83607125,13.349702,Bartosovic_scRNA-Seq
AACGTCAGTGACACGA-1,0.8045697,11.530557,Bartosovic_scRNA-Seq
AACGTCATCTCTGCTG-1,-0.84825695,-13.381932,Bartosovic_scRNA-Seq
AACTTCTCAATGGCAG-1,-8.369407,7.811269,Bartosovic_scRNA-Seq
AACTTCTCACAATTCG-1,-1.8745583,-12.164249,Bartosovic_scRNA-Seq
AACTTCTCACCCTCTA-1,12.3130045,3.7221992,Bartosovic_scRNA-Seq
AACTTCTGTACACTCA-1,13.967017,4.068183,Bartosovic_scRNA-Seq
AACTTCTGTGCGAACA-1,11.790057,8.495909,Bartosovic_scRNA-Seq
AACTTCTGTGCTGCAC-1,9.48568,-7.0965457,Bartosovic_scRNA-Seq
AAGAACAAGCTAAATG-1,0.89341027,11.556293,Bartosovic_scRNA-Seq
AAGAACAAGTGCACCC-1,11.419399,7.085369,Bartosovic_scRNA-Seq
AAGACAACATGAAAGT-1,-1.6104889,10.978962,Bartosovic_scRNA-Seq
AAGACTCAGGTTACCT-1,0.9753704,11.714275,Bartosovic_scRNA-Seq
AAGACTCCAGTGACCC-1,0.22131273,-9.93963,Bartosovic_scRNA-Seq
AAGACTCGTCGTTGCG-1,0.05962034,11.445309,Bartosovic_scRNA-Seq
AAGACTCTCTGTTGGA-1,0.21871169,9.991952,Bartosovic_scRNA-Seq
AAGCATCAGTAGCTCT-1,1.1278692,11.858502,Bartosovic_scRNA-Seq
AAGCATCCAACATCGT-1,0.25465742,-8.669185,Bartosovic_scRNA-Seq
AAGCATCGTTTACGAC-1,-3.846378,-1.90662,Bartosovic_scRNA-Seq
AAGCCATAGGCGTTGA-1,2.9876444,-5.2755485,Bartosovic_scRNA-Seq
AAGCGTTAGCAATTAG-1,-0.07569455,10.989324,Bartosovic_scRNA-Seq
AAGCGTTTCATTACCT-1,14.645412,6.460743,Bartosovic_scRNA-Seq
AAGGAATTCCCTTTGG-1,-1.4573506,-10.091265,Bartosovic_scRNA-Seq
AAGGTAAAGCTTTCTT-1,-1.5232174,-11.486389,Bartosovic_scRNA-Seq
AAGGTAAAGTTGCTGT-1,-2.9324865,-1.7395687,Bartosovic_scRNA-Seq
AAGTACCGTTCCTAAG-1,13.505436,6.140008,Bartosovic_scRNA-Seq
AAGTACCTCTGGGCGT-1,13.520059,7.1808777,Bartosovic_scRNA-Seq
AAGTCGTCAACTGATC-1,10.762013,6.871875,Bartosovic_scRNA-Seq
AAGTGAAAGAGCTGCA-1,13.40377,6.613822,Bartosovic_scRNA-Seq
AAGTGAAGTTTACACG-1,13.076596,7.2804513,Bartosovic_scRNA-Seq
AAGTTCGCACCCTGAG-1,12.798987,6.66465,Bartosovic_scRNA-Seq
AAGTTCGGTCTTGAGT-1,11.613719,6.948742,Bartosovic_scRNA-Seq
AATCACGTCACACCCT-1,0.23214707,-9.372149,Bartosovic_scRNA-Seq
AATCGACAGGGTTAAT-1,-0.95616865,13.423322,Bartosovic_scRNA-Seq
AATCGACCAAACCATC-1,14.37906,8.885783,Bartosovic_scRNA-Seq
AATCGTGTCTATTGTC-1,12.653488,5.7996697,Bartosovic_scRNA-Seq
AATGAAGAGCACCGAA-1,10.327344,-7.4848456,Bartosovic_scRNA-Seq
AATGAAGAGTCATAGA-1,-0.03362063,-9.1347275,Bartosovic_scRNA-Seq
AATGACCAGCACTCGC-1,0.24183798,13.962298,Bartosovic_scRNA-Seq
AATGACCAGCTACTAC-1,14.7885,5.9541883,Bartosovic_scRNA-Seq
AATGACCCAGGCGTTC-1,10.472174,6.5778685,Bartosovic_scRNA-Seq
AATGACCGTTCGGGTC-1,0.6132477,12.315724,Bartosovic_scRNA-Seq
AATGACCTCCAACCGG-1,-0.40380895,-7.5173073,Bartosovic_scRNA-Seq
AATGCCACAAGATGGC-1,0.1774011,-13.224383,Bartosovic_scRNA-Seq
AATGCCACACAACGTT-1,1.329995,12.486436,Bartosovic_scRNA-Seq
AATGCCAGTAACACGG-1,-0.5427633,-12.405917,Bartosovic_scRNA-Seq
AATGGAAAGAGGCTGT-1,12.78529,5.917433,Bartosovic_scRNA-Seq
AATGGAAAGTGGCAGT-1,10.334624,6.46494,Bartosovic_scRNA-Seq
AATGGAAGTCAACACT-1,0.051711973,-9.566214,Bartosovic_scRNA-Seq
AATGGAAGTCGTGGTC-1,13.062584,6.1550174,Bartosovic_scRNA-Seq
AATGGCTCAGTCGAGA-1,0.89028233,11.680012,Bartosovic_scRNA-Seq
AATGGCTGTTGCATGT-1,14.200487,8.802458,Bartosovic_scRNA-Seq
AATTCCTAGAGGTTAT-1,0.8833299,10.991807,Bartosovic_scRNA-Seq
AATTCCTCAGAAGCTG-1,-1.6113385,12.163632,Bartosovic_scRNA-Seq
AATTCCTCATCAGTCA-1,10.112148,6.9324555,Bartosovic_scRNA-Seq
AATTCCTGTATCTTCT-1,-1.2374593,-10.556453,Bartosovic_scRNA-Seq
AATTTCCAGACCGTTT-1,15.239764,8.548338,Bartosovic_scRNA-Seq
AATTTCCAGGACAGTC-1,13.518966,9.500467,Bartosovic_scRNA-Seq
AATTTCCGTATTCCTT-1,12.852743,4.1829944,Bartosovic_scRNA-Seq
ACAAAGACAAACGGCA-1,-1.3749872,-11.540801,Bartosovic_scRNA-Seq
ACAACCACAAGGTTGG-1,1.2970237,13.72882,Bartosovic_scRNA-Seq
ACAACCACATCCGAAT-1,-4.0869327,-0.957537,Bartosovic_scRNA-Seq
ACAACCATCATCGTAG-1,-4.1273513,-1.9872782,Bartosovic_scRNA-Seq
ACAACCATCCGAACGC-1,14.249045,7.895739,Bartosovic_scRNA-Seq
ACACAGTTCCGGGACT-1,-0.6161502,12.03631,Bartosovic_scRNA-Seq
ACACAGTTCGGAATTC-1,10.634958,6.574398,Bartosovic_scRNA-Seq
ACACCAAGTCGTTTCC-1,9.885235,-7.4243393,Bartosovic_scRNA-Seq
ACACCAATCTCGCCTA-1,-1.691534,-13.018639,Bartosovic_scRNA-Seq
ACACGCGCAAATACGA-1,13.290511,9.483136,Bartosovic_scRNA-Seq
ACACGCGCACTTCCTG-1,-1.7854636,13.018093,Bartosovic_scRNA-Seq
ACACTGAAGATCACTC-1,13.414295,6.782934,Bartosovic_scRNA-Seq
ACACTGAAGTGCTACT-1,11.200689,7.417585,Bartosovic_scRNA-Seq
ACACTGAAGTTGCGCC-1,-4.26123,-1.5828971,Bartosovic_scRNA-Seq
ACACTGACAGGTTCGC-1,-1.5449791,-10.166062,Bartosovic_scRNA-Seq
ACACTGATCCATGCAA-1,0.33427933,-9.276101,Bartosovic_scRNA-Seq
ACAGAAACAATAGTAG-1,14.220453,5.1930375,Bartosovic_scRNA-Seq
ACAGAAACACAACGCC-1,11.53419,9.658852,Bartosovic_scRNA-Seq
ACAGAAACAGACCAAG-1,0.60171604,12.349806,Bartosovic_scRNA-Seq
ACAGCCGAGATGAATC-1,13.909796,6.154839,Bartosovic_scRNA-Seq
ACAGCCGGTGTTACTG-1,0.26676482,10.315707,Bartosovic_scRNA-Seq
ACAGCCGTCATTCACT-1,6.1370816,3.245173,Bartosovic_scRNA-Seq
ACAGCCGTCCCTGTTG-1,-1.3556582,-12.769009,Bartosovic_scRNA-Seq
ACAGGGATCAATCCGA-1,-1.0251309,-12.523071,Bartosovic_scRNA-Seq
ACAGGGATCAGTGCGC-1,14.13308,5.548996,Bartosovic_scRNA-Seq
ACATCCCAGTCTTCCC-1,11.855472,8.957005,Bartosovic_scRNA-Seq
ACATCCCCACCCTGTT-1,-1.1089668,-11.579004,Bartosovic_scRNA-Seq
ACATCCCTCCTGTTGC-1,-1.1236221,13.827838,Bartosovic_scRNA-Seq
ACATCGAAGCTTTGTG-1,11.109595,7.140011,Bartosovic_scRNA-Seq
ACATCGATCGTCAACA-1,-0.6024063,-8.064577,Bartosovic_scRNA-Seq
ACATGCAGTAGCGTTT-1,12.723369,7.5245585,Bartosovic_scRNA-Seq
ACATGCAGTCTCTCAC-1,0.6091045,-8.467367,Bartosovic_scRNA-Seq
ACATGCAGTGGATCAG-1,12.871767,7.308646,Bartosovic_scRNA-Seq
ACATTTCAGCGGTAGT-1,-2.833628,-2.2539144,Bartosovic_scRNA-Seq
ACCAAACAGTAGATCA-1,-1.3439484,-12.874766,Bartosovic_scRNA-Seq
ACCAAACCAGGCTACC-1,13.13572,4.0826545,Bartosovic_scRNA-Seq
ACCAAACGTTCAGGTT-1,12.350969,9.155005,Bartosovic_scRNA-Seq
ACCAACACATACAGCT-1,14.910642,8.996018,Bartosovic_scRNA-Seq
ACCAACATCACCTTGC-1,-8.147462,8.239102,Bartosovic_scRNA-Seq
ACCACAAAGCTAAGTA-1,13.320175,5.75753,Bartosovic_scRNA-Seq
ACCACAACAATCTGCA-1,-1.19892,11.746816,Bartosovic_scRNA-Seq
ACCACAATCGTAGCTA-1,13.312962,8.606987,Bartosovic_scRNA-Seq
ACCATTTAGCTAGAAT-1,11.462277,6.0933547,Bartosovic_scRNA-Seq
ACCATTTAGGTCATCT-1,14.5023985,6.854645,Bartosovic_scRNA-Seq
ACCATTTTCGTGGGAA-1,11.810915,6.5003967,Bartosovic_scRNA-Seq
ACCCAAAAGCGATGAC-1,11.563378,7.995977,Bartosovic_scRNA-Seq
ACCCAAAAGTCTTGGT-1,-0.2033592,-7.4533963,Bartosovic_scRNA-Seq
ACCCAAATCGTTGCCT-1,-2.085058,11.6097555,Bartosovic_scRNA-Seq
ACCCTCAAGCGATCGA-1,10.313584,6.754371,Bartosovic_scRNA-Seq
ACCCTCACAAGGGCAT-1,-1.492731,11.119729,Bartosovic_scRNA-Seq
ACCCTCAGTCCAACGC-1,0.1433148,-13.261766,Bartosovic_scRNA-Seq
ACCCTCAGTCCTCCTA-1,13.326087,6.526761,Bartosovic_scRNA-Seq
ACCCTTGGTGAACCGA-1,-8.681679,8.482793,Bartosovic_scRNA-Seq
ACCGTTCGTTGCATGT-1,-1.6089998,-11.465715,Bartosovic_scRNA-Seq
ACCTACCCAGGAGGAG-1,13.58953,6.3146205,Bartosovic_scRNA-Seq
ACCTGAAGTTCTTGCC-1,12.4183855,9.960561,Bartosovic_scRNA-Seq
ACCTGAATCCATCTCG-1,11.599088,8.446394,Bartosovic_scRNA-Seq
ACCTGTCGTCGGTGTC-1,0.2661325,10.615717,Bartosovic_scRNA-Seq
ACCTGTCTCTCCTACG-1,0.060234703,-10.530766,Bartosovic_scRNA-Seq
ACGATCACACGTGAGA-1,12.306756,6.6388083,Bartosovic_scRNA-Seq
ACGATCAGTAGCTGAG-1,6.528335,3.788673,Bartosovic_scRNA-Seq
ACGATCAGTTCGGGTC-1,10.182773,7.972546,Bartosovic_scRNA-Seq
ACGATCATCTACTATC-1,3.0947638,-3.9319491,Bartosovic_scRNA-Seq
ACGATCATCTCTGAGA-1,8.086515,-7.0631833,Bartosovic_scRNA-Seq
ACGATGTAGACCCTTA-1,10.575196,-7.3636136,Bartosovic_scRNA-Seq
ACGATGTTCAACCCGG-1,-0.97699213,-11.022244,Bartosovic_scRNA-Seq
ACGCACGAGCGTACAG-1,-0.5015933,12.294971,Bartosovic_scRNA-Seq
ACGCACGGTAACCAGG-1,-4.565304,-1.6363459,Bartosovic_scRNA-Seq
ACGCACGGTCAAACGG-1,11.078017,7.344241,Bartosovic_scRNA-Seq
ACGCACGTCAAGAAAC-1,13.935626,8.616039,Bartosovic_scRNA-Seq
ACGGAAGAGACTGTTC-1,12.612341,6.341678,Bartosovic_scRNA-Seq
ACGGGTCAGACATAAC-1,10.556057,8.263276,Bartosovic_scRNA-Seq
ACGGGTCAGTGAGGTC-1,0.5494215,-11.873432,Bartosovic_scRNA-Seq
ACGGGTCTCAGTGGGA-1,10.836242,8.589294,Bartosovic_scRNA-Seq
ACGGGTCTCTATCGTT-1,-1.6742954,-12.03396,Bartosovic_scRNA-Seq
ACGGTCGGTATCTCGA-1,-0.37572172,-9.604589,Bartosovic_scRNA-Seq
ACGGTTAAGCCGCTTG-1,-0.004365001,14.065754,Bartosovic_scRNA-Seq
ACGGTTACAATTGAGA-1,13.420314,8.861995,Bartosovic_scRNA-Seq
ACGGTTACATCGCCTT-1,-0.013373856,14.316311,Bartosovic_scRNA-Seq
ACGTAACAGTACGTCT-1,13.571602,7.6648993,Bartosovic_scRNA-Seq
ACGTAACCAAGTCCAT-1,14.833856,4.9215593,Bartosovic_scRNA-Seq
ACGTAACTCCTTATCA-1,12.506584,7.721366,Bartosovic_scRNA-Seq
ACGTAACTCTCGCTTG-1,14.004802,7.0210824,Bartosovic_scRNA-Seq
ACGTACAAGCATCCTA-1,12.664724,3.8467336,Bartosovic_scRNA-Seq
ACGTACAGTATTTCGG-1,-1.8012203,-12.803587,Bartosovic_scRNA-Seq
ACGTACATCGTCACCT-1,12.763478,9.610845,Bartosovic_scRNA-Seq
ACGTAGTAGGACTTCT-1,13.51267,8.337284,Bartosovic_scRNA-Seq
ACGTAGTTCGCCAGAC-1,-7.9808173,7.723455,Bartosovic_scRNA-Seq
ACGTCCTAGCGACCCT-1,13.886678,8.435077,Bartosovic_scRNA-Seq
ACGTCCTGTACACTCA-1,13.343345,7.285756,Bartosovic_scRNA-Seq
ACGTCCTGTGTACGCC-1,-0.005137295,11.8851185,Bartosovic_scRNA-Seq
ACGTCCTGTTTAGAGA-1,0.22868004,-8.973482,Bartosovic_scRNA-Seq
ACGTCCTTCCTCTAAT-1,6.5628,3.4531581,Bartosovic_scRNA-Seq
ACGTTCCCACAGAGCA-1,-1.6007036,-12.683198,Bartosovic_scRNA-Seq
ACGTTCCCACGTAGTT-1,10.944675,7.8619704,Bartosovic_scRNA-Seq
ACGTTCCCACTTGTCC-1,14.589512,6.992981,Bartosovic_scRNA-Seq
ACGTTCCGTCCTGAAT-1,-3.164093,-0.46567369,Bartosovic_scRNA-Seq
ACGTTCCTCATTTACC-1,-0.48906836,14.580398,Bartosovic_scRNA-Seq
ACTACGAGTGACAACG-1,12.582068,7.3909574,Bartosovic_scRNA-Seq
ACTACGATCCACAGCG-1,-3.465622,-3.116462,Bartosovic_scRNA-Seq
ACTATCTGTCTCTCCA-1,-0.42062446,-9.920063,Bartosovic_scRNA-Seq
ACTATGGAGCAACTTC-1,-0.454926,11.492933,Bartosovic_scRNA-Seq
ACTATGGAGCAGCGAT-1,-2.2227027,-2.0859783,Bartosovic_scRNA-Seq
ACTATGGAGGCAGTCA-1,12.0567875,8.41436,Bartosovic_scRNA-Seq
ACTATGGAGGGCCTCT-1,0.2113076,11.579611,Bartosovic_scRNA-Seq
ACTATTCAGGTCACAG-1,-1.6887686,11.127842,Bartosovic_scRNA-Seq
ACTATTCCAAGATGGC-1,14.483455,6.349406,Bartosovic_scRNA-Seq
ACTATTCCACATTCTT-1,0.21269064,-11.616065,Bartosovic_scRNA-Seq
ACTATTCCATACTGAC-1,-0.22053464,13.849149,Bartosovic_scRNA-Seq
ACTATTCGTCCTACAA-1,14.980627,6.3485327,Bartosovic_scRNA-Seq
ACTCCCAAGGATTCCT-1,0.7788615,12.015536,Bartosovic_scRNA-Seq
ACTCTCGGTTCAAGTC-1,11.211684,6.380043,Bartosovic_scRNA-Seq
ACTCTCGTCTACGGTA-1,10.081414,-7.6227317,Bartosovic_scRNA-Seq
ACTGATGCAATTGCCA-1,0.6218833,9.75421,Bartosovic_scRNA-Seq
ACTGATGTCACGAACT-1,0.16702089,-12.744477,Bartosovic_scRNA-Seq
ACTGCAACATCAGTCA-1,10.478446,-8.124766,Bartosovic_scRNA-Seq
ACTGCAATCGATCCCT-1,12.908762,10.138474,Bartosovic_scRNA-Seq
ACTGTCCAGTAATTGG-1,12.079174,6.0836635,Bartosovic_scRNA-Seq
ACTGTCCCAAACCATC-1,8.3331175,-7.2848306,Bartosovic_scRNA-Seq
ACTGTCCTCAAAGACA-1,11.125047,6.6866918,Bartosovic_scRNA-Seq
ACTGTGAGTTAACCTG-1,-1.1602716,11.306207,Bartosovic_scRNA-Seq
ACTGTGAGTTGTGTTG-1,9.091131,-7.615375,Bartosovic_scRNA-Seq
ACTTAGGAGATGGTCG-1,0.92705935,11.412206,Bartosovic_scRNA-Seq
ACTTAGGTCCCTTCCC-1,-1.4038072,12.864273,Bartosovic_scRNA-Seq
ACTTAGGTCGAGTGGA-1,-1.1778892,10.117846,Bartosovic_scRNA-Seq
ACTTATCCAATTTCTC-1,-0.9588982,-7.2628465,Bartosovic_scRNA-Seq
ACTTATCGTAATCAGA-1,10.933332,7.1114345,Bartosovic_scRNA-Seq
ACTTATCTCTCTTAAC-1,-0.6411305,-11.181805,Bartosovic_scRNA-Seq
ACTTCGCGTATCATGC-1,13.638146,9.642345,Bartosovic_scRNA-Seq
ACTTCGCTCGTCAGAT-1,6.7175407,3.9616728,Bartosovic_scRNA-Seq
ACTTTCAAGGGTCAAC-1,11.251412,5.849031,Bartosovic_scRNA-Seq
ACTTTGTCAAGATGTA-1,12.369234,4.899667,Bartosovic_scRNA-Seq
ACTTTGTTCGGTATGT-1,12.1755295,6.478578,Bartosovic_scRNA-Seq
AGAAATGAGACCTCCG-1,0.86714494,11.482222,Bartosovic_scRNA-Seq
AGAAATGCAAACGTGG-1,0.33100146,-12.505146,Bartosovic_scRNA-Seq
AGAAATGCAAGAAACT-1,1.128924,13.770505,Bartosovic_scRNA-Seq
AGAAATGCAGGGTTGA-1,-0.23962322,-10.138263,Bartosovic_scRNA-Seq
AGAAATGGTCCAACGC-1,11.1143,7.440899,Bartosovic_scRNA-Seq
AGAAATGTCGGACGTC-1,9.124546,-7.7168603,Bartosovic_scRNA-Seq
AGAACAACAGCGCTTG-1,13.439019,5.4119973,Bartosovic_scRNA-Seq
AGAACAATCAAGGTGG-1,-0.8068497,-12.195214,Bartosovic_scRNA-Seq
AGAACCTAGTAAACAC-1,-0.55547625,-13.345245,Bartosovic_scRNA-Seq
AGAACCTCAAGCTCTA-1,0.52250683,-12.313128,Bartosovic_scRNA-Seq
AGAACCTCATCGATGT-1,11.766182,8.330485,Bartosovic_scRNA-Seq
AGAAGCGAGACGCATG-1,0.6840703,11.981649,Bartosovic_scRNA-Seq
AGAAGCGAGCTACTGT-1,-1.514641,-12.480745,Bartosovic_scRNA-Seq
AGAAGTACACTACACA-1,-0.07567476,12.618303,Bartosovic_scRNA-Seq
AGACAAAAGGTAAAGG-1,0.3018339,-9.028064,Bartosovic_scRNA-Seq
AGACAAAAGTCATAGA-1,1.0471112,-3.7766745,Bartosovic_scRNA-Seq
AGACAAACACACGGTC-1,-3.348329,-1.4486911,Bartosovic_scRNA-Seq
AGACAAACACTACAGT-1,14.974027,7.145407,Bartosovic_scRNA-Seq
AGACAAATCCGTAGTA-1,-0.6656171,-13.282854,Bartosovic_scRNA-Seq
AGACAAATCGCCAGAC-1,12.548152,8.51635,Bartosovic_scRNA-Seq
AGACACTAGAACTGAT-1,5.024755,4.3952956,Bartosovic_scRNA-Seq
AGACACTAGTGGTTGG-1,0.7203644,-11.759517,Bartosovic_scRNA-Seq
AGACACTGTCGCTTAA-1,0.31375715,-11.896596,Bartosovic_scRNA-Seq
AGACACTGTGTTAACC-1,12.548378,3.2534728,Bartosovic_scRNA-Seq
AGACCATAGGGTACAC-1,12.012751,8.819819,Bartosovic_scRNA-Seq
AGACCATCAACTACGT-1,0.10050235,-13.164605,Bartosovic_scRNA-Seq
AGACCCGGTACGAGCA-1,11.331773,5.7911544,Bartosovic_scRNA-Seq
AGACTCAGTGCCGTAC-1,10.731673,-7.046457,Bartosovic_scRNA-Seq
AGACTCAGTTCCATTT-1,10.953857,7.576456,Bartosovic_scRNA-Seq
AGAGAATGTACCAGAG-1,-1.3129157,14.466638,Bartosovic_scRNA-Seq
AGAGAATGTCGCATCG-1,0.29419407,-12.341159,Bartosovic_scRNA-Seq
AGAGAGCAGCACACCC-1,1.3100938,13.595399,Bartosovic_scRNA-Seq
AGAGAGCCACCCAACG-1,9.844476,-7.4639177,Bartosovic_scRNA-Seq
AGAGCAGCACTGGACC-1,13.784191,9.279654,Bartosovic_scRNA-Seq
AGAGCCCCAATCTCTT-1,3.7693284,-3.477969,Bartosovic_scRNA-Seq
AGATAGAAGTAACGAT-1,-0.4857464,-13.005732,Bartosovic_scRNA-Seq
AGATAGACACGCGGTT-1,-0.21086854,-11.823195,Bartosovic_scRNA-Seq
AGATAGACATATACCG-1,14.148852,9.58031,Bartosovic_scRNA-Seq
AGATAGAGTATTCTCT-1,13.587356,8.43903,Bartosovic_scRNA-Seq
AGATCCAAGCCAAGTG-1,10.7061,5.669871,Bartosovic_scRNA-Seq
AGATCGTCAAGTTCCA-1,-1.351065,10.233736,Bartosovic_scRNA-Seq
AGATGAAAGAGCAACC-1,1.453583,12.630657,Bartosovic_scRNA-Seq
AGATGAATCCATTTAC-1,0.45898026,-8.658919,Bartosovic_scRNA-Seq
AGATGAATCTAAGAAG-1,0.5384038,-11.132429,Bartosovic_scRNA-Seq
AGATGCTAGGGAGGTG-1,-0.42674387,-11.759803,Bartosovic_scRNA-Seq
AGATGCTCAAACTAAG-1,-8.425492,8.221449,Bartosovic_scRNA-Seq
AGATGCTCAGCACCCA-1,10.796363,7.130149,Bartosovic_scRNA-Seq
AGCATCAAGTCCGCCA-1,-0.89030504,-9.913018,Bartosovic_scRNA-Seq
AGCATCAAGTGATTCC-1,-0.3633475,10.354991,Bartosovic_scRNA-Seq
AGCATCACAGCATCTA-1,0.3554032,-13.10059,Bartosovic_scRNA-Seq
AGCATCACATGCGTGC-1,-4.4305463,-1.259792,Bartosovic_scRNA-Seq
AGCATCAGTAGTCTGT-1,10.677783,8.120914,Bartosovic_scRNA-Seq
AGCCAATAGACTACGG-1,12.402957,4.415529,Bartosovic_scRNA-Seq
AGCCAATAGGTCGCCT-1,-0.4655923,10.54291,Bartosovic_scRNA-Seq
AGCCAATCAGTGTACT-1,0.19222179,10.585131,Bartosovic_scRNA-Seq
AGCCAATGTGATACCT-1,13.653391,9.666479,Bartosovic_scRNA-Seq
AGCCACGCACATAACC-1,13.602954,7.9213014,Bartosovic_scRNA-Seq
AGCCACGCAGAGTAAT-1,10.45595,6.2922373,Bartosovic_scRNA-Seq
AGCCAGCCAAGTCCCG-1,10.182532,-6.770984,Bartosovic_scRNA-Seq
AGCCAGCTCCGACATA-1,12.122645,3.9780684,Bartosovic_scRNA-Seq
AGCCAGCTCCTACTGC-1,-8.479209,7.958821,Bartosovic_scRNA-Seq
AGCGATTAGACAACTA-1,6.2181067,3.6958802,Bartosovic_scRNA-Seq
AGCGATTGTGACACAG-1,-0.47905004,12.166465,Bartosovic_scRNA-Seq
AGCGATTTCCCGATCT-1,13.853394,8.0089035,Bartosovic_scRNA-Seq
AGCGCCAAGAACAAGG-1,9.451543,-7.483512,Bartosovic_scRNA-Seq
AGCGCCACATCAGCAT-1,13.80634,7.7959247,Bartosovic_scRNA-Seq
AGCGCCAGTGGGCTTC-1,13.614477,9.501571,Bartosovic_scRNA-Seq
AGCGCTGAGCAAGTGC-1,0.5711281,13.765026,Bartosovic_scRNA-Seq
AGCGCTGAGTAACGAT-1,10.931888,-7.742705,Bartosovic_scRNA-Seq
AGCGCTGAGTTAGTGA-1,12.893933,5.0671115,Bartosovic_scRNA-Seq
AGCGCTGCAATTGCGT-1,13.045552,5.881549,Bartosovic_scRNA-Seq
AGCGCTGCAGCACCCA-1,-0.9950647,13.59648,Bartosovic_scRNA-Seq
AGCGCTGTCCGGGACT-1,9.859742,-7.003927,Bartosovic_scRNA-Seq
AGCGTATAGAGAGAAC-1,13.801931,6.2592697,Bartosovic_scRNA-Seq
AGCGTATAGCAGCCCT-1,6.3738627,4.266794,Bartosovic_scRNA-Seq
AGCGTATTCGGAACTT-1,6.716718,3.4930222,Bartosovic_scRNA-Seq
AGCGTATTCTCTAAGG-1,9.65763,7.4150486,Bartosovic_scRNA-Seq
AGCTACAGTGGCTGAA-1,13.957925,8.157299,Bartosovic_scRNA-Seq
AGCTCAAAGCTTCATG-1,14.411668,7.788048,Bartosovic_scRNA-Seq
AGCTCAATCATTCCTA-1,8.37881,-7.339367,Bartosovic_scRNA-Seq
AGCTCAATCCATACAG-1,15.226191,7.918933,Bartosovic_scRNA-Seq
AGCTTCCGTCACTCGG-1,8.432149,-6.2487235,Bartosovic_scRNA-Seq
AGCTTCCTCGCAGTCG-1,9.351554,-7.0133967,Bartosovic_scRNA-Seq
AGCTTCCTCGCTCATC-1,13.525866,9.07376,Bartosovic_scRNA-Seq
AGGAAATGTAGCGTCC-1,12.316983,6.4642215,Bartosovic_scRNA-Seq
AGGAATAAGTGCGCTC-1,10.287937,6.688269,Bartosovic_scRNA-Seq
AGGACGACACCGCTGA-1,-1.0213816,-12.602513,Bartosovic_scRNA-Seq
AGGACGACACTCAGAT-1,13.767029,8.31165,Bartosovic_scRNA-Seq
AGGACTTAGGTAAGTT-1,-0.59279233,-11.770143,Bartosovic_scRNA-Seq
AGGACTTCACCGTGAC-1,13.443431,7.3490505,Bartosovic_scRNA-Seq
AGGACTTCATCCGAGC-1,12.980326,3.2673755,Bartosovic_scRNA-Seq
AGGACTTTCTGTCCGT-1,11.942489,9.220599,Bartosovic_scRNA-Seq
AGGATAACAGTCGCAC-1,-1.9578173,-2.0851412,Bartosovic_scRNA-Seq
AGGATAACAGTTCACA-1,-0.5679441,-7.860718,Bartosovic_scRNA-Seq
AGGATAAGTGTGTCCG-1,10.051003,7.1300235,Bartosovic_scRNA-Seq
AGGATCTAGCACTTTG-1,-0.7889769,10.931008,Bartosovic_scRNA-Seq
AGGATCTCATCTTCGC-1,10.02661,-6.483144,Bartosovic_scRNA-Seq
AGGCATTAGGAACGTC-1,14.20121,7.79126,Bartosovic_scRNA-Seq
AGGCATTCAGAAATTG-1,14.912875,6.983799,Bartosovic_scRNA-Seq
AGGCATTCAGTAACGG-1,-0.30913252,-13.055703,Bartosovic_scRNA-Seq
AGGCATTTCGAGCCTG-1,10.03951,-6.017246,Bartosovic_scRNA-Seq
AGGCCACTCGCAGATT-1,11.536926,7.8209476,Bartosovic_scRNA-Seq
AGGCCACTCGTTAGTG-1,15.437341,8.080169,Bartosovic_scRNA-Seq
AGGCTGCAGCTGACAG-1,0.3827174,12.91754,Bartosovic_scRNA-Seq
AGGCTGCCAATGCTCA-1,9.476891,-5.8102345,Bartosovic_scRNA-Seq
AGGCTGCTCTCTCAAT-1,1.4469278,-11.009147,Bartosovic_scRNA-Seq
AGGGAGTAGCGGGTTA-1,12.765637,4.3931413,Bartosovic_scRNA-Seq
AGGGAGTAGGACTAAT-1,13.077297,8.265003,Bartosovic_scRNA-Seq
AGGGCCTTCAATCAGC-1,9.992169,-7.614862,Bartosovic_scRNA-Seq
AGGGCTCTCAATCCGA-1,0.22356555,-9.118341,Bartosovic_scRNA-Seq
AGGGCTCTCCTCATAT-1,-4.2609124,-1.704174,Bartosovic_scRNA-Seq
AGGGCTCTCGCAATGT-1,-0.07736553,9.7775755,Bartosovic_scRNA-Seq
AGGGTCCAGCACGATG-1,12.36692,7.861238,Bartosovic_scRNA-Seq
AGGGTCCCAGCGACCT-1,13.30746,9.926977,Bartosovic_scRNA-Seq
AGGGTGACAAACTGCT-1,10.115009,8.667854,Bartosovic_scRNA-Seq
AGGGTGACAATGAGCG-1,-0.51982456,10.9332905,Bartosovic_scRNA-Seq
AGGGTGACATAAGATG-1,-1.0418961,10.621198,Bartosovic_scRNA-Seq
AGGGTTTAGCCTCTTC-1,12.215761,7.75949,Bartosovic_scRNA-Seq
AGGGTTTAGGAGTACC-1,8.271678,-7.036912,Bartosovic_scRNA-Seq
AGGGTTTAGGGTTAGC-1,11.514407,8.731686,Bartosovic_scRNA-Seq
AGGGTTTGTCGCTCGA-1,12.2543745,7.0445576,Bartosovic_scRNA-Seq
AGGGTTTGTGCGCTCA-1,9.871887,-6.855674,Bartosovic_scRNA-Seq
AGGTAGGTCAGATTGC-1,13.656748,9.3438225,Bartosovic_scRNA-Seq
AGGTCATCATATTCGG-1,12.967777,5.3972793,Bartosovic_scRNA-Seq
AGGTCTAAGCGTGAAC-1,11.786992,6.7694154,Bartosovic_scRNA-Seq
AGGTCTACAATTGCAC-1,12.601831,5.5095167,Bartosovic_scRNA-Seq
AGGTCTAGTATACAGA-1,9.495623,8.123058,Bartosovic_scRNA-Seq
AGGTCTAGTGAATTGA-1,-0.11843969,-9.219634,Bartosovic_scRNA-Seq
AGGTCTATCGACCACG-1,-0.79985106,-7.4418025,Bartosovic_scRNA-Seq
AGGTGTTAGCCTGAGA-1,11.071439,7.740374,Bartosovic_scRNA-Seq
AGGTGTTTCCTGGGTG-1,-0.99453825,10.297706,Bartosovic_scRNA-Seq
AGGTTACAGGCAATGC-1,10.012996,7.717888,Bartosovic_scRNA-Seq
AGGTTACAGTGTTCAC-1,9.377092,-7.832632,Bartosovic_scRNA-Seq
AGGTTGTAGGCATGCA-1,12.404963,7.693074,Bartosovic_scRNA-Seq
AGGTTGTGTAATGATG-1,12.275986,7.9187236,Bartosovic_scRNA-Seq
AGGTTGTGTACGAGTG-1,-4.4775133,-1.4441957,Bartosovic_scRNA-Seq
AGGTTGTGTTTACGAC-1,-8.51321,7.897374,Bartosovic_scRNA-Seq
AGTAACCAGAGGTTTA-1,0.44501138,-8.728128,Bartosovic_scRNA-Seq
AGTAACCAGCACTAGG-1,0.617607,14.590664,Bartosovic_scRNA-Seq
AGTAACCGTGAGCGAT-1,6.834912,4.6374373,Bartosovic_scRNA-Seq
AGTAACCTCCACCTCA-1,-0.80582684,13.107238,Bartosovic_scRNA-Seq
AGTACCACACCCTATC-1,0.31551537,-13.14253,Bartosovic_scRNA-Seq
AGTACCATCGACTCCT-1,-0.0761642,11.922154,Bartosovic_scRNA-Seq
AGTACTGAGTCTGTAC-1,12.880978,3.6391985,Bartosovic_scRNA-Seq
AGTACTGCAGGTCCGT-1,-1.003185,-12.603201,Bartosovic_scRNA-Seq
AGTAGCTCACGACCTG-1,8.386855,-6.9951215,Bartosovic_scRNA-Seq
AGTAGCTCATTGCTGA-1,-1.2200302,-13.035045,Bartosovic_scRNA-Seq
AGTAGTCAGATGTTCC-1,9.541587,-6.381759,Bartosovic_scRNA-Seq
AGTAGTCTCACCGGTG-1,11.007483,8.310681,Bartosovic_scRNA-Seq
AGTCAACCATGACCCG-1,8.195389,-7.1688633,Bartosovic_scRNA-Seq
AGTCACAAGTATGAGT-1,0.45552802,-12.437954,Bartosovic_scRNA-Seq
AGTCACAGTGCAGATG-1,12.128587,6.976216,Bartosovic_scRNA-Seq
AGTCACATCTACTGCC-1,0.2073442,14.296623,Bartosovic_scRNA-Seq
AGTCATGAGCATACTC-1,-4.002025,-1.8767962,Bartosovic_scRNA-Seq
AGTCATGGTAGACAGC-1,12.945013,6.9774656,Bartosovic_scRNA-Seq
AGTCATGTCCCAAGTA-1,1.3013245,10.669178,Bartosovic_scRNA-Seq
AGTCATGTCGATCCAA-1,-1.9129269,-10.702777,Bartosovic_scRNA-Seq
AGTCTCCCACAGCTGC-1,0.91614443,-12.28234,Bartosovic_scRNA-Seq
AGTCTCCGTGACAGCA-1,12.9932785,8.760382,Bartosovic_scRNA-Seq
AGTCTCCTCAGCTTGA-1,11.771501,7.6906295,Bartosovic_scRNA-Seq
AGTGACTAGTGGACTG-1,0.8895947,-3.5668197,Bartosovic_scRNA-Seq
AGTGACTGTCTTCGAA-1,-0.77485204,-9.949209,Bartosovic_scRNA-Seq
AGTGATCCAACTTGCA-1,12.821066,3.4338756,Bartosovic_scRNA-Seq
AGTGATCGTAGCTCGC-1,13.247388,6.732558,Bartosovic_scRNA-Seq
AGTGCCGAGGTACAGC-1,0.04465261,-13.244663,Bartosovic_scRNA-Seq
AGTGCCGCAACCGCCA-1,9.42388,-7.5162416,Bartosovic_scRNA-Seq
AGTGCCGCACGCTATA-1,6.5981526,4.1668615,Bartosovic_scRNA-Seq
AGTGTTGCAATCGAAA-1,12.315016,6.176305,Bartosovic_scRNA-Seq
AGTGTTGTCGGAGCAA-1,10.358781,-7.539321,Bartosovic_scRNA-Seq
AGTTAGCCATAGAAAC-1,10.886175,-8.421806,Bartosovic_scRNA-Seq
AGTTCCCAGGATGTTA-1,10.9957905,7.7710958,Bartosovic_scRNA-Seq
AGTTCCCGTAGTAAGT-1,11.391545,6.528634,Bartosovic_scRNA-Seq
AGTTCGACAATAGTGA-1,-0.8768542,-9.966173,Bartosovic_scRNA-Seq
AGTTCGATCGCAGAGA-1,9.749717,8.050765,Bartosovic_scRNA-Seq
AGTTCGATCTGCAGCG-1,1.1138312,12.171738,Bartosovic_scRNA-Seq
ATACCGACACCTCTGT-1,0.105800465,11.84953,Bartosovic_scRNA-Seq
ATACCGATCGTGGTAT-1,12.991828,5.795148,Bartosovic_scRNA-Seq
ATACCTTAGGATTTCC-1,13.826915,8.706445,Bartosovic_scRNA-Seq
ATACCTTTCTCACCCA-1,-1.2752575,-10.773498,Bartosovic_scRNA-Seq
ATACTTCAGCGCCCAT-1,8.6434965,-6.6604853,Bartosovic_scRNA-Seq
ATACTTCCAAGTGTCT-1,10.963826,6.6754127,Bartosovic_scRNA-Seq
ATACTTCCAGGTTCGC-1,-1.2407497,10.585931,Bartosovic_scRNA-Seq
ATACTTCGTGCATACT-1,0.4491282,12.381991,Bartosovic_scRNA-Seq
ATACTTCTCATCGCCT-1,14.145821,7.975548,Bartosovic_scRNA-Seq
ATACTTCTCGCCGTGA-1,10.437023,6.9700994,Bartosovic_scRNA-Seq
ATAGACCGTGTTTCTT-1,0.5325448,-12.579338,Bartosovic_scRNA-Seq
ATAGAGATCTAGACAC-1,13.43749,6.792773,Bartosovic_scRNA-Seq
ATAGGCTCACGGCCAT-1,11.470921,4.6343713,Bartosovic_scRNA-Seq
ATATCCTAGCTTGTGT-1,9.6355915,-7.8078055,Bartosovic_scRNA-Seq
ATATCCTCAGGAATAT-1,-0.30357614,12.600992,Bartosovic_scRNA-Seq
ATATCCTGTGACCGAA-1,-8.563462,8.248232,Bartosovic_scRNA-Seq
ATCACAGAGGTTCTAC-1,0.016066147,-12.874291,Bartosovic_scRNA-Seq
ATCACAGGTAGGACCA-1,-1.049462,-11.881807,Bartosovic_scRNA-Seq
ATCACAGGTCCAAAGG-1,11.728756,8.912754,Bartosovic_scRNA-Seq
ATCACAGTCTATTCGT-1,11.963941,9.6820345,Bartosovic_scRNA-Seq
ATCACAGTCTGGACTA-1,-1.0964545,10.406872,Bartosovic_scRNA-Seq
ATCACGAAGACCTGGA-1,11.712291,8.489946,Bartosovic_scRNA-Seq
ATCACGAGTGCTCTTC-1,-0.9911454,13.023309,Bartosovic_scRNA-Seq
ATCACGATCGTAATGC-1,12.922294,5.4652085,Bartosovic_scRNA-Seq
ATCACTTAGGGTACAC-1,10.518242,7.666221,Bartosovic_scRNA-Seq
ATCACTTCAAGTTCCA-1,-1.2697307,14.603387,Bartosovic_scRNA-Seq
ATCATTCAGAAGCGCT-1,11.919232,9.600782,Bartosovic_scRNA-Seq
ATCATTCAGTCATAGA-1,12.691723,7.874359,Bartosovic_scRNA-Seq
ATCATTCCAATGAACA-1,1.0026305,13.458852,Bartosovic_scRNA-Seq
ATCATTCTCTCAGGCG-1,9.811766,8.366781,Bartosovic_scRNA-Seq
ATCCACCCAACCAATC-1,-2.739606,-2.0506394,Bartosovic_scRNA-Seq
ATCCACCTCGACCTAA-1,12.903511,3.0742517,Bartosovic_scRNA-Seq
ATCCACCTCTCAACCC-1,9.10126,-7.8155255,Bartosovic_scRNA-Seq
ATCCATTAGATCCTAC-1,-1.479195,11.334433,Bartosovic_scRNA-Seq
ATCCATTGTGTACGCC-1,-1.1636398,-12.561227,Bartosovic_scRNA-Seq
ATCCCTGCAATGAGCG-1,11.0068445,-8.517378,Bartosovic_scRNA-Seq
ATCCCTGCACGCGCAT-1,-0.77322245,-9.87261,Bartosovic_scRNA-Seq
ATCCCTGGTACCTAGT-1,1.3984268,-10.68205,Bartosovic_scRNA-Seq
ATCCCTGGTCCAACGC-1,10.582087,8.494791,Bartosovic_scRNA-Seq
ATCCCTGTCTCGACCT-1,-8.394177,7.7558894,Bartosovic_scRNA-Seq
ATCCGTCCATATCGGT-1,-0.42497268,-13.409458,Bartosovic_scRNA-Seq
ATCCGTCTCTATTCGT-1,0.26655084,14.070987,Bartosovic_scRNA-Seq
ATCCTATCACACGCCA-1,-0.9023172,13.445152,Bartosovic_scRNA-Seq
ATCCTATCATGGCGCT-1,13.420245,5.1167836,Bartosovic_scRNA-Seq
ATCCTATCATGTGCCG-1,13.752823,4.0329685,Bartosovic_scRNA-Seq
ATCCTATGTAGTATAG-1,-0.35408258,-11.670137,Bartosovic_scRNA-Seq
ATCCTATGTCAGCTTA-1,5.290785,4.5995374,Bartosovic_scRNA-Seq
ATCCTATGTCCAGCCA-1,0.24571973,-13.017075,Bartosovic_scRNA-Seq
ATCCTATGTGCGCTCA-1,13.997916,9.540854,Bartosovic_scRNA-Seq
ATCCTATGTTGTCTAG-1,11.192533,8.024735,Bartosovic_scRNA-Seq
ATCCTATTCGCGGTAC-1,11.192626,7.9381967,Bartosovic_scRNA-Seq
ATCGATGAGACAACAT-1,12.02842,7.2939515,Bartosovic_scRNA-Seq
ATCGATGTCGTTGCCT-1,0.38476422,-11.303523,Bartosovic_scRNA-Seq
ATCGCCTCAACACAAA-1,13.845427,9.210847,Bartosovic_scRNA-Seq
ATCGCCTCACCTGATA-1,0.058932148,-9.37714,Bartosovic_scRNA-Seq
ATCGGATTCAATCTTC-1,10.590008,6.645299,Bartosovic_scRNA-Seq
ATCGGCGCATAAGATG-1,13.640163,5.731951,Bartosovic_scRNA-Seq
ATCGTAGAGCGACAGT-1,-7.483816,8.558051,Bartosovic_scRNA-Seq
ATCGTAGAGGTCCTGC-1,3.6959836,-2.8420973,Bartosovic_scRNA-Seq
ATCGTAGTCTCAAAGC-1,14.356909,7.197094,Bartosovic_scRNA-Seq
ATCGTCCCACCTCGTT-1,11.035553,7.4747276,Bartosovic_scRNA-Seq
ATCGTCCTCCGCGATG-1,13.772196,5.4102907,Bartosovic_scRNA-Seq
ATCGTCCTCGACCTAA-1,10.532162,8.369052,Bartosovic_scRNA-Seq
ATCGTCCTCGCTACGG-1,0.92004895,-10.527184,Bartosovic_scRNA-Seq
ATCGTGAAGAAATTCG-1,13.25213,4.5461955,Bartosovic_scRNA-Seq
ATCGTGAAGCGTGTTT-1,-1.9704771,-2.4748893,Bartosovic_scRNA-Seq
ATCGTGAGTAACAGTA-1,12.485074,8.312458,Bartosovic_scRNA-Seq
ATCTCTACATCCAACA-1,11.686596,8.931059,Bartosovic_scRNA-Seq
ATCTTCACAGATTTCG-1,14.209854,6.7182193,Bartosovic_scRNA-Seq
ATGAAAGAGTACTCGT-1,1.3963928,-4.0415,Bartosovic_scRNA-Seq
ATGAAAGGTACGTAGG-1,-0.90337,10.109069,Bartosovic_scRNA-Seq
ATGAAAGGTTAGTTCG-1,9.347652,-7.313049,Bartosovic_scRNA-Seq
ATGACCAAGCATGAAT-1,-0.26865792,-12.118888,Bartosovic_scRNA-Seq
ATGACCAAGGACAGCT-1,5.992961,3.51869,Bartosovic_scRNA-Seq
ATGACCAGTATGAAAC-1,-0.16362198,12.655042,Bartosovic_scRNA-Seq
ATGACCATCCAACTAG-1,12.415847,5.058007,Bartosovic_scRNA-Seq
ATGAGGGCATATGGCT-1,10.898442,8.5199795,Bartosovic_scRNA-Seq
ATGAGGGCATCAGTCA-1,-0.016664075,13.256365,Bartosovic_scRNA-Seq
ATGAGGGTCATGGGAG-1,12.966477,6.1519194,Bartosovic_scRNA-Seq
ATGAGGGTCCTGTACC-1,12.608032,3.17743,Bartosovic_scRNA-Seq
ATGAGTCCACAGTACT-1,14.07698,6.8327403,Bartosovic_scRNA-Seq
ATGAGTCGTGAGATAT-1,-1.8652391,13.259342,Bartosovic_scRNA-Seq
ATGAGTCGTTCAATCG-1,10.625944,8.917903,Bartosovic_scRNA-Seq
ATGATCGCACGTAGAG-1,-1.564104,-11.73542,Bartosovic_scRNA-Seq
ATGATCGCATAGCACT-1,-0.73430413,-11.523438,Bartosovic_scRNA-Seq
ATGATCGGTCTATGAC-1,13.473588,9.207886,Bartosovic_scRNA-Seq
ATGCATGAGCCTCACG-1,-0.33278835,-11.508767,Bartosovic_scRNA-Seq
ATGCATGAGTCTAGCT-1,12.888607,8.669954,Bartosovic_scRNA-Seq
ATGCATGTCAAATGCC-1,11.1105385,7.599875,Bartosovic_scRNA-Seq
ATGCCTCCAACTGCCG-1,11.73813,7.258582,Bartosovic_scRNA-Seq
ATGCCTCTCACCACAA-1,15.156513,8.929025,Bartosovic_scRNA-Seq
ATGCGATTCTTTACAC-1,0.49911678,11.40745,Bartosovic_scRNA-Seq
ATGGAGGAGACATCAA-1,11.749099,5.8585467,Bartosovic_scRNA-Seq
ATGGAGGTCCTGGCTT-1,12.048343,7.535672,Bartosovic_scRNA-Seq
ATGGATCGTCGAATTC-1,13.607301,7.0672812,Bartosovic_scRNA-Seq
ATGGATCGTTGCAACT-1,-1.6054939,-11.488795,Bartosovic_scRNA-Seq
ATGGGAGGTTGCATCA-1,-0.4421999,11.667502,Bartosovic_scRNA-Seq
ATGGGAGTCCTACCGT-1,-1.1169187,-11.305982,Bartosovic_scRNA-Seq
ATGGGTTCACCGCTGA-1,0.031168222,-11.286648,Bartosovic_scRNA-Seq
ATGGGTTCATCTTCGC-1,10.447069,-7.0229197,Bartosovic_scRNA-Seq
ATGGGTTTCCCAAGTA-1,-0.32917833,-7.0300097,Bartosovic_scRNA-Seq
ATGGTTGCACACACGC-1,-0.8100549,-12.473238,Bartosovic_scRNA-Seq
ATGGTTGGTACCTATG-1,-1.2943987,-11.740751,Bartosovic_scRNA-Seq
ATGTCCCAGCCACTCG-1,13.281494,4.0908937,Bartosovic_scRNA-Seq
ATGTCCCCACTGCATA-1,5.3907313,4.4237013,Bartosovic_scRNA-Seq
ATGTCTTAGACAGCTG-1,9.647561,7.287523,Bartosovic_scRNA-Seq
ATGTCTTCACGCCACA-1,12.021683,8.038522,Bartosovic_scRNA-Seq
ATGTCTTCACGGCTAC-1,-1.3619689,-12.68883,Bartosovic_scRNA-Seq
ATGTCTTCAGAATTCC-1,13.345495,8.820655,Bartosovic_scRNA-Seq
ATGTCTTTCGGAGTGA-1,11.768442,7.073472,Bartosovic_scRNA-Seq
ATGTCTTTCGTTAGTG-1,0.69063836,14.822894,Bartosovic_scRNA-Seq
ATGTCTTTCTTAGCCC-1,11.309905,9.449639,Bartosovic_scRNA-Seq
ATTACCTTCAAGAAAC-1,-4.2713666,-1.9519948,Bartosovic_scRNA-Seq
ATTACTCCAGAACGCA-1,13.974668,7.245785,Bartosovic_scRNA-Seq
ATTACTCCATGGGTTT-1,14.140032,6.227409,Bartosovic_scRNA-Seq
ATTATCCAGACAACAT-1,10.6116085,6.3206716,Bartosovic_scRNA-Seq
ATTATCCCAAGTTTGC-1,0.38192508,9.538215,Bartosovic_scRNA-Seq
ATTATCCCACCGTGCA-1,13.280733,8.131644,Bartosovic_scRNA-Seq
ATTATCCCATGGGTCC-1,0.94669044,12.1599655,Bartosovic_scRNA-Seq
ATTATCCGTCCTCAGG-1,-8.351662,8.135194,Bartosovic_scRNA-Seq
ATTATCCTCAGCTTGA-1,0.7066275,13.839094,Bartosovic_scRNA-Seq
ATTCACTAGCTACTGT-1,13.815418,7.5211635,Bartosovic_scRNA-Seq
ATTCACTAGTCTTCCC-1,-0.62476945,-10.058621,Bartosovic_scRNA-Seq
ATTCACTCATTCATCT-1,-0.60515666,-6.918694,Bartosovic_scRNA-Seq
ATTCACTCATTCTCTA-1,8.510138,-7.6026525,Bartosovic_scRNA-Seq
ATTCAGGAGAGGTCGT-1,12.725268,6.5452003,Bartosovic_scRNA-Seq
ATTCAGGAGTATGAAC-1,0.38497618,11.944822,Bartosovic_scRNA-Seq
ATTCAGGCAGGGCTTC-1,0.5659313,-11.285166,Bartosovic_scRNA-Seq
ATTCAGGGTAGCCCTG-1,0.18859771,-9.40619,Bartosovic_scRNA-Seq
ATTCAGGGTCAGCTTA-1,0.10612557,11.823303,Bartosovic_scRNA-Seq
ATTCAGGTCGCCAATA-1,13.102666,8.579445,Bartosovic_scRNA-Seq
ATTCATCAGACGCATG-1,11.55875,5.989052,Bartosovic_scRNA-Seq
ATTCATCAGGCGTTAG-1,0.09956187,12.194574,Bartosovic_scRNA-Seq
ATTCATCAGTAGGATT-1,11.601028,7.266079,Bartosovic_scRNA-Seq
ATTCATCGTACACTCA-1,15.594897,7.3348913,Bartosovic_scRNA-Seq
ATTCATCGTATGCGTT-1,0.17898534,9.677621,Bartosovic_scRNA-Seq
ATTCCATAGACAAGCC-1,12.334043,5.1068964,Bartosovic_scRNA-Seq
ATTCCCGAGCAGCAGT-1,-1.7991517,12.003409,Bartosovic_scRNA-Seq
ATTCCCGCACGGCCAT-1,-2.1350365,-12.203407,Bartosovic_scRNA-Seq
ATTCCCGCATGTGACT-1,-1.6686974,13.287866,Bartosovic_scRNA-Seq
ATTCCCGGTGATACTC-1,0.0014765224,14.0490055,Bartosovic_scRNA-Seq
ATTCCTAAGTGGTCAG-1,12.354537,6.4897976,Bartosovic_scRNA-Seq
ATTCCTACACCAACAT-1,12.046263,9.897998,Bartosovic_scRNA-Seq
ATTCCTACATGCCATA-1,12.431391,4.392268,Bartosovic_scRNA-Seq
ATTCCTAGTTCTCGTC-1,-0.94268644,-11.601711,Bartosovic_scRNA-Seq
ATTCGTTCACTAAACC-1,13.413404,9.164507,Bartosovic_scRNA-Seq
ATTCGTTGTACCTAGT-1,11.237996,8.64762,Bartosovic_scRNA-Seq
ATTCGTTTCATCCCGT-1,13.501442,4.512205,Bartosovic_scRNA-Seq
ATTCTACAGGGCCTCT-1,12.997135,3.8310144,Bartosovic_scRNA-Seq
ATTCTACCAAATCAAG-1,10.568617,-7.222701,Bartosovic_scRNA-Seq
ATTCTACCATTGCCTC-1,12.629824,9.800317,Bartosovic_scRNA-Seq
ATTCTTGCACCGTACG-1,13.798897,9.167232,Bartosovic_scRNA-Seq
ATTCTTGCAGAATGTA-1,-1.0315093,-10.296134,Bartosovic_scRNA-Seq
ATTGGGTCAATAGGAT-1,14.169072,5.4247746,Bartosovic_scRNA-Seq
ATTGTTCGTTATCCAG-1,10.682127,8.362825,Bartosovic_scRNA-Seq
ATTGTTCTCAGGTGTT-1,-0.21390668,-10.777272,Bartosovic_scRNA-Seq
ATTGTTCTCGGCATTA-1,9.253347,-5.5924497,Bartosovic_scRNA-Seq
ATTTACCTCTCCTGTG-1,10.286186,8.882239,Bartosovic_scRNA-Seq
ATTTCACAGTCAATCC-1,0.2018095,-9.014639,Bartosovic_scRNA-Seq
ATTTCACCACTAACGT-1,-0.5934313,14.052575,Bartosovic_scRNA-Seq
ATTTCACTCGGTCACG-1,-1.2926573,-10.598025,Bartosovic_scRNA-Seq
ATTTCTGCAGCCGGTT-1,0.9022412,9.845697,Bartosovic_scRNA-Seq
ATTTCTGTCAAGCCTA-1,10.333697,-8.10909,Bartosovic_scRNA-Seq
ATTTCTGTCCAGCAAT-1,15.382811,7.2978244,Bartosovic_scRNA-Seq
CAAAGAAGTACGAAAT-1,-0.17450978,12.346589,Bartosovic_scRNA-Seq
CAAAGAAGTGAATTGA-1,10.129811,7.065294,Bartosovic_scRNA-Seq
CAAAGAATCTTCCGTG-1,-7.611803,7.8892956,Bartosovic_scRNA-Seq
CAACAACAGACAAGCC-1,13.550918,6.923942,Bartosovic_scRNA-Seq
CAACAACTCGTAACTG-1,14.261297,8.569053,Bartosovic_scRNA-Seq
CAACAGTGTCGCTTGG-1,-3.6725476,-1.5875597,Bartosovic_scRNA-Seq
CAACAGTTCTCCCTAG-1,0.06345409,-13.250112,Bartosovic_scRNA-Seq
CAACCAACAGATCCAT-1,0.9669919,12.327867,Bartosovic_scRNA-Seq
CAACCAACATGTGTCA-1,13.023584,7.0103474,Bartosovic_scRNA-Seq
CAACCAATCGCTCTAC-1,12.287103,9.954774,Bartosovic_scRNA-Seq
CAACCTCAGGCCCGTT-1,0.68376416,9.880507,Bartosovic_scRNA-Seq
CAACCTCCAGAAACCG-1,11.440055,9.773698,Bartosovic_scRNA-Seq
CAACCTCGTTCCATTT-1,14.483661,8.509017,Bartosovic_scRNA-Seq
CAACCTCTCCGACAGC-1,11.68729,8.796159,Bartosovic_scRNA-Seq
CAACGGCAGAGAGCCT-1,-0.78571564,11.283683,Bartosovic_scRNA-Seq
CAACGGCAGGGTAATT-1,2.544278,-5.0822344,Bartosovic_scRNA-Seq
CAACGGCTCGAATCCA-1,15.492355,7.4953003,Bartosovic_scRNA-Seq
CAAGACTCACTTGACA-1,-1.0264231,11.025195,Bartosovic_scRNA-Seq
CAAGACTGTGGCTAGA-1,11.98569,8.852566,Bartosovic_scRNA-Seq
CAAGACTGTGGTAACG-1,14.057409,9.437746,Bartosovic_scRNA-Seq
CAAGACTTCTCGTTTA-1,14.979887,8.323331,Bartosovic_scRNA-Seq
CAAGAGGCATGGAAGC-1,-1.0621698,11.965507,Bartosovic_scRNA-Seq
CAAGAGGGTAAGTTAG-1,1.433937,-11.429963,Bartosovic_scRNA-Seq
CAAGAGGGTCACTGAT-1,12.436721,7.729036,Bartosovic_scRNA-Seq
CAAGAGGGTTGCAACT-1,-1.1267335,9.9803505,Bartosovic_scRNA-Seq
CAAGCTACACTGTCGG-1,-1.4299971,-12.349388,Bartosovic_scRNA-Seq
CAAGGGAAGTATTAGG-1,10.456942,6.563929,Bartosovic_scRNA-Seq
CAATACGGTATTGCCA-1,10.410983,-7.698582,Bartosovic_scRNA-Seq
CAATACGTCAACTACG-1,13.544333,6.9854984,Bartosovic_scRNA-Seq
CAATCGAAGCGTGTCC-1,-3.4676635,-3.2367098,Bartosovic_scRNA-Seq
CAATCGAAGCTGAAGC-1,10.984535,7.4133277,Bartosovic_scRNA-Seq
CAATGACCACTGTCGG-1,14.145154,9.509999,Bartosovic_scRNA-Seq
CAATGACGTCTTACAG-1,-1.387356,-12.944942,Bartosovic_scRNA-Seq
CAATGACTCCTATTGT-1,12.70971,6.777832,Bartosovic_scRNA-Seq
CAATTTCTCGTGCATA-1,0.41524664,13.561963,Bartosovic_scRNA-Seq
CACAACACACTTACAG-1,-0.11168611,14.13164,Bartosovic_scRNA-Seq
CACAACAGTGAGGCAT-1,11.769706,8.571689,Bartosovic_scRNA-Seq
CACAACATCATCGTAG-1,-1.0137994,14.979609,Bartosovic_scRNA-Seq
CACACAAAGGCTAGCA-1,-7.8266315,8.896022,Bartosovic_scRNA-Seq
CACACAACAGCGCGTT-1,-1.6380484,-11.714518,Bartosovic_scRNA-Seq
CACACAAGTCCATCTC-1,-1.0034407,-10.839068,Bartosovic_scRNA-Seq
CACACAATCCATCTAT-1,11.0663185,9.576627,Bartosovic_scRNA-Seq
CACAGATCACGACCTG-1,12.806028,9.77899,Bartosovic_scRNA-Seq
CACAGATCAGACACCC-1,12.187789,8.969688,Bartosovic_scRNA-Seq
CACAGATTCTGCATAG-1,10.722431,7.5336356,Bartosovic_scRNA-Seq
CACAGGCAGCCTGGAA-1,1.6476835,-4.120501,Bartosovic_scRNA-Seq
CACAGGCAGCGACAGT-1,-1.2730702,-11.95592,Bartosovic_scRNA-Seq
CACAGGCGTTATCTTC-1,1.0942688,-12.473443,Bartosovic_scRNA-Seq
CACAGGCTCAGCCTTC-1,-0.8347954,-10.285784,Bartosovic_scRNA-Seq
CACAGGCTCATCCCGT-1,14.726149,8.690525,Bartosovic_scRNA-Seq
CACAGGCTCGTTACCC-1,11.400811,9.072129,Bartosovic_scRNA-Seq
CACAGGCTCTGACAGT-1,12.08742,8.143412,Bartosovic_scRNA-Seq
CACATGATCCCAACTC-1,14.188828,5.3385673,Bartosovic_scRNA-Seq
CACCAAAGTCAAGTTC-1,0.7903965,11.1398115,Bartosovic_scRNA-Seq
CACCAAAGTGTGAGCA-1,-3.130638,-3.2683294,Bartosovic_scRNA-Seq
CACCAAATCCCACAGG-1,-1.4620018,14.580686,Bartosovic_scRNA-Seq
CACCAAATCCCTCAAC-1,-0.18374476,-10.177398,Bartosovic_scRNA-Seq
CACCGTTAGGTGCTAG-1,13.970969,6.96125,Bartosovic_scRNA-Seq
CACGAATAGCGGTATG-1,12.992422,5.9947767,Bartosovic_scRNA-Seq
CACGAATCAAATGGAT-1,-0.3113711,-11.550614,Bartosovic_scRNA-Seq
CACGAATGTATTTCTC-1,0.21655223,-8.911523,Bartosovic_scRNA-Seq
CACGAATGTCGCGGTT-1,14.547316,6.79822,Bartosovic_scRNA-Seq
CACGGGTGTTGACTAC-1,13.37467,7.8856745,Bartosovic_scRNA-Seq
CACGTGGAGGTTCCGC-1,10.838051,-7.436332,Bartosovic_scRNA-Seq
CACGTGGTCGGTAGAG-1,1.4909744,13.164287,Bartosovic_scRNA-Seq
CACGTTCCAGCGTTTA-1,11.168926,7.4137197,Bartosovic_scRNA-Seq
CACGTTCGTTACCGTA-1,-1.8857478,11.330473,Bartosovic_scRNA-Seq
CACGTTCTCCGCTAGG-1,13.433331,8.03388,Bartosovic_scRNA-Seq
CACGTTCTCGTGGTAT-1,9.924246,-7.5641046,Bartosovic_scRNA-Seq
CACTAAGCAGTCCCGA-1,9.602873,-6.515811,Bartosovic_scRNA-Seq
CACTGTCAGCCAAGCA-1,13.339194,8.063022,Bartosovic_scRNA-Seq
CACTGTCTCGCATTGA-1,11.915557,9.816339,Bartosovic_scRNA-Seq
CACTGTCTCGCCAGAC-1,0.9348585,-11.652385,Bartosovic_scRNA-Seq
CACTTCGAGATGTTCC-1,10.358059,-7.915145,Bartosovic_scRNA-Seq
CACTTCGAGCCGTAAG-1,-3.5963647,-1.9409807,Bartosovic_scRNA-Seq
CACTTCGCACTAGGTT-1,12.53445,8.282773,Bartosovic_scRNA-Seq
CACTTCGTCTGACGCG-1,0.11484425,11.188972,Bartosovic_scRNA-Seq
CACTTCGTCTTGCGCT-1,12.349087,5.772045,Bartosovic_scRNA-Seq
CAGAGCCAGAATTGTG-1,-7.7183785,8.073975,Bartosovic_scRNA-Seq
CAGAGCCCAACCCTCT-1,9.305283,-7.7756925,Bartosovic_scRNA-Seq
CAGAGCCGTTGCTCCT-1,-0.49312034,10.594712,Bartosovic_scRNA-Seq
CAGAGCCTCGACGCTG-1,12.765395,6.2833223,Bartosovic_scRNA-Seq
CAGATACAGAGCCCAA-1,-0.9251685,-6.8796506,Bartosovic_scRNA-Seq
CAGATACCACGGTCTG-1,-2.9957652,-3.162136,Bartosovic_scRNA-Seq
CAGATACGTACTCAAC-1,11.310037,7.571539,Bartosovic_scRNA-Seq
CAGATACGTAGAGGAA-1,13.617486,6.367531,Bartosovic_scRNA-Seq
CAGATACGTGGACTAG-1,12.807309,3.6240196,Bartosovic_scRNA-Seq
CAGATACTCACGAACT-1,-0.64831066,12.416088,Bartosovic_scRNA-Seq
CAGATCAAGGCTGGAT-1,12.025752,9.297814,Bartosovic_scRNA-Seq
CAGATCACAACACTAC-1,9.046335,-6.87827,Bartosovic_scRNA-Seq
CAGATCATCACGGGCT-1,-0.49769253,-11.657198,Bartosovic_scRNA-Seq
CAGATTGAGTCAGGGT-1,14.329808,9.501737,Bartosovic_scRNA-Seq
CAGATTGCACAAATCC-1,12.638368,8.603987,Bartosovic_scRNA-Seq
CAGATTGGTACTAGCT-1,9.708665,7.014425,Bartosovic_scRNA-Seq
CAGATTGGTATATGGA-1,0.20640098,13.069546,Bartosovic_scRNA-Seq
CAGATTGGTGCATCTA-1,-4.0538855,-2.9806993,Bartosovic_scRNA-Seq
CAGCAATAGATGACCG-1,0.8367514,13.794792,Bartosovic_scRNA-Seq
CAGCAATCAGGGTCTC-1,-0.8734319,-9.867624,Bartosovic_scRNA-Seq
CAGCAATGTCGTCATA-1,-8.378558,8.596226,Bartosovic_scRNA-Seq
CAGCAATTCCTTCTTC-1,13.630516,7.876206,Bartosovic_scRNA-Seq
CAGCACGCAGCTGTAT-1,13.097523,7.877342,Bartosovic_scRNA-Seq
CAGCAGCAGACCAGCA-1,13.674186,8.722742,Bartosovic_scRNA-Seq
CAGCAGCCACACAGCC-1,12.350619,10.175651,Bartosovic_scRNA-Seq
CAGCAGCCACAGCATT-1,-8.120813,8.526266,Bartosovic_scRNA-Seq
CAGCAGCGTACTGAGG-1,13.649211,8.128376,Bartosovic_scRNA-Seq
CAGCAGCGTTCAGCTA-1,0.7567878,12.313229,Bartosovic_scRNA-Seq
CAGCCAGAGAAACCCG-1,14.20321,8.300203,Bartosovic_scRNA-Seq
CAGCCAGAGGATTTAG-1,-1.2699425,12.087811,Bartosovic_scRNA-Seq
CAGCCAGTCAAATAGG-1,13.032106,8.433448,Bartosovic_scRNA-Seq
CAGCGTGAGCATCCTA-1,13.900801,7.0236087,Bartosovic_scRNA-Seq
CAGCGTGCATACTGTG-1,0.5104085,11.912961,Bartosovic_scRNA-Seq
CAGCGTGTCTCCGCAT-1,-1.4062766,12.350575,Bartosovic_scRNA-Seq
CAGGCCACAGCTGTAT-1,8.413637,-7.505035,Bartosovic_scRNA-Seq
CAGGGCTCAGGAAGTC-1,12.940503,6.731601,Bartosovic_scRNA-Seq
CAGGGCTCATCGATAC-1,13.466089,9.757852,Bartosovic_scRNA-Seq
CAGGGCTTCTGAGCAT-1,11.419482,7.577311,Bartosovic_scRNA-Seq
CAGGTATCAATGTGGG-1,12.474299,7.332056,Bartosovic_scRNA-Seq
CAGGTATGTACCCGAC-1,-0.7219202,-11.1623535,Bartosovic_scRNA-Seq
CAGGTATGTGATATAG-1,10.9890375,6.130844,Bartosovic_scRNA-Seq
CAGGTATTCTCGACGG-1,11.003785,7.4419,Bartosovic_scRNA-Seq
CAGTGCGCACCAACAT-1,10.705282,9.364228,Bartosovic_scRNA-Seq
CAGTGCGTCCTTACCG-1,-1.078834,10.546097,Bartosovic_scRNA-Seq
CAGTTCCAGCCTTGAT-1,13.691958,4.589197,Bartosovic_scRNA-Seq
CAGTTCCAGGGTCTTT-1,3.8350408,-2.7132957,Bartosovic_scRNA-Seq
CATAAGCAGGTGGCTA-1,-1.2216831,-12.0395355,Bartosovic_scRNA-Seq
CATAAGCCATTCAGGT-1,13.154039,7.5921383,Bartosovic_scRNA-Seq
CATAAGCTCAAGAGGC-1,13.131586,6.453156,Bartosovic_scRNA-Seq
CATAAGCTCTTACGGA-1,-0.7967717,-10.652256,Bartosovic_scRNA-Seq
CATACAGAGTAGCTCT-1,-0.83256036,-12.213809,Bartosovic_scRNA-Seq
CATACAGGTCTGGTTA-1,-3.0726116,-1.8797036,Bartosovic_scRNA-Seq
CATACAGGTTCTCCAC-1,0.36677298,13.735045,Bartosovic_scRNA-Seq
CATACCCGTACAACGG-1,11.851491,9.080813,Bartosovic_scRNA-Seq
CATACCCGTACATACC-1,-0.78288794,-10.971577,Bartosovic_scRNA-Seq
CATACCCGTGTTAGCT-1,-1.5653226,-12.38649,Bartosovic_scRNA-Seq
CATACCCGTTGCGGAA-1,10.187619,8.226432,Bartosovic_scRNA-Seq
CATACCCTCCGTGACG-1,-1.6077528,-10.201416,Bartosovic_scRNA-Seq
CATACCCTCGCTCCTA-1,13.485615,9.361269,Bartosovic_scRNA-Seq
CATACTTAGACCAAGC-1,14.33472,7.1390333,Bartosovic_scRNA-Seq
CATACTTGTCCTCAGG-1,-1.7581211,-12.111997,Bartosovic_scRNA-Seq
CATACTTGTTGCATAC-1,15.224552,7.111949,Bartosovic_scRNA-Seq
CATAGACAGCTGAGTG-1,-0.226222,10.687875,Bartosovic_scRNA-Seq
CATAGACCAACTCCCT-1,14.758663,7.025818,Bartosovic_scRNA-Seq
CATAGACTCGCTACGG-1,-2.7318442,-2.585784,Bartosovic_scRNA-Seq
CATCAAGCACGGTGTC-1,0.24116853,-9.448477,Bartosovic_scRNA-Seq
CATCCACAGGAACGAA-1,14.065964,8.141037,Bartosovic_scRNA-Seq
CATCCACAGGACACTG-1,0.36990532,14.150919,Bartosovic_scRNA-Seq
CATCCACAGGTACAAT-1,12.966011,9.498014,Bartosovic_scRNA-Seq
CATCCACGTTTCCATT-1,13.123638,7.8681064,Bartosovic_scRNA-Seq
CATCCCAAGGGCTTCC-1,0.45088223,-12.845811,Bartosovic_scRNA-Seq
CATCCCACAATGCAAA-1,12.142986,7.9274044,Bartosovic_scRNA-Seq
CATCCCACACTTGAGT-1,10.053116,8.674105,Bartosovic_scRNA-Seq
CATCCCACAGACATCT-1,0.46080992,-8.786425,Bartosovic_scRNA-Seq
CATCCCAGTTGGATCT-1,12.09396,8.00132,Bartosovic_scRNA-Seq
CATCCCATCGTAGCTA-1,10.60748,-7.516101,Bartosovic_scRNA-Seq
CATCCGTAGTTAACAG-1,13.6335535,9.041059,Bartosovic_scRNA-Seq
CATCCGTTCGTCTACC-1,10.649994,-7.6182613,Bartosovic_scRNA-Seq
CATCGCTCACAGCTTA-1,0.91689914,-11.102432,Bartosovic_scRNA-Seq
CATCGGGTCGACGACC-1,0.28030163,-9.123771,Bartosovic_scRNA-Seq
CATCGGGTCTCACCCA-1,12.510706,9.695025,Bartosovic_scRNA-Seq
CATCGTCCAGATCCTA-1,-0.7211444,12.537668,Bartosovic_scRNA-Seq
CATCGTCTCGCAAGAG-1,-0.7116963,13.028319,Bartosovic_scRNA-Seq
CATCGTCTCGCTACGG-1,10.185764,7.592853,Bartosovic_scRNA-Seq
CATGAGTCACCACTGG-1,12.097813,6.2215066,Bartosovic_scRNA-Seq
CATGAGTCATACTGAC-1,10.877453,8.0490055,Bartosovic_scRNA-Seq
CATGAGTGTAATACCC-1,-0.14466618,12.085769,Bartosovic_scRNA-Seq
CATGAGTGTGAGTCAG-1,-0.56243414,10.608554,Bartosovic_scRNA-Seq
CATGAGTTCATCCCGT-1,0.29923534,11.669691,Bartosovic_scRNA-Seq
CATGAGTTCGGTCAGC-1,13.457282,6.618211,Bartosovic_scRNA-Seq
CATGCAAAGTCATAGA-1,-0.04972136,-12.213441,Bartosovic_scRNA-Seq
CATGCAACACAGTCAT-1,1.057943,12.315764,Bartosovic_scRNA-Seq
CATGCAACACATTGTG-1,-0.56189245,13.708131,Bartosovic_scRNA-Seq
CATGCAAGTACGACTT-1,9.711072,-7.623118,Bartosovic_scRNA-Seq
CATGCAATCTCCGCAT-1,-0.55807173,12.262623,Bartosovic_scRNA-Seq
CATGCCTAGAACTGAT-1,-1.987316,11.310444,Bartosovic_scRNA-Seq
CATGCCTAGACTACGG-1,13.047982,6.8795652,Bartosovic_scRNA-Seq
CATGCCTAGGCATGGT-1,13.563763,7.94169,Bartosovic_scRNA-Seq
CATGCGGAGATGTTAG-1,13.285198,6.353452,Bartosovic_scRNA-Seq
CATGCGGCACACGTGC-1,11.81448,7.921339,Bartosovic_scRNA-Seq
CATGCGGCACCAACAT-1,8.847109,-6.8993487,Bartosovic_scRNA-Seq
CATGCGGCATGTGTCA-1,11.631662,8.869114,Bartosovic_scRNA-Seq
CATGCTCAGATCGCCC-1,13.6559305,7.840092,Bartosovic_scRNA-Seq
CATGCTCCAGGGTCTC-1,11.435603,10.000854,Bartosovic_scRNA-Seq
CATGCTCCATAGATCC-1,8.93375,-7.4856124,Bartosovic_scRNA-Seq
CATGCTCGTACTCGTA-1,11.203619,9.840528,Bartosovic_scRNA-Seq
CATGCTCGTTGTTGAC-1,0.9605482,-12.347007,Bartosovic_scRNA-Seq
CATGCTCTCCATCTAT-1,-0.67066014,-9.814052,Bartosovic_scRNA-Seq
CATGGATAGGTTCCGC-1,13.363717,9.913054,Bartosovic_scRNA-Seq
CATGGATCAGAAACCG-1,-2.8591766,-2.1447713,Bartosovic_scRNA-Seq
CATGGATGTGCATCTA-1,-4.141214,-1.1296408,Bartosovic_scRNA-Seq
CATGGTAAGTATAACG-1,-0.3731299,-12.95214,Bartosovic_scRNA-Seq
CATGGTATCGTTCGCT-1,-1.3098774,13.088832,Bartosovic_scRNA-Seq
CATTCATCACCGTCTT-1,-0.87566745,-7.8333783,Bartosovic_scRNA-Seq
CATTCTAAGAAACTCA-1,-0.57631415,-6.5558577,Bartosovic_scRNA-Seq
CATTCTACATGACTAC-1,-0.300678,-7.1761293,Bartosovic_scRNA-Seq
CATTCTAGTTAACAGA-1,12.905861,8.826882,Bartosovic_scRNA-Seq
CATTCTAGTTAAGGGC-1,12.829624,3.193727,Bartosovic_scRNA-Seq
CATTGAGCACGCCAGT-1,14.662619,8.7738,Bartosovic_scRNA-Seq
CATTGAGTCAGCTAGT-1,0.3543766,13.482785,Bartosovic_scRNA-Seq
CATTGCCAGTTATGGA-1,10.256186,-6.704623,Bartosovic_scRNA-Seq
CATTGTTGTCTAGGCC-1,14.128036,4.184382,Bartosovic_scRNA-Seq
CATTTCACACACAGAG-1,-3.693458,-2.3507726,Bartosovic_scRNA-Seq
CATTTCACACATACTG-1,1.0817823,-11.432612,Bartosovic_scRNA-Seq
CATTTCACACGGTGAA-1,10.517748,-7.8984838,Bartosovic_scRNA-Seq
CATTTCACACTTCAAG-1,0.19786644,12.64372,Bartosovic_scRNA-Seq
CATTTCACATACAGAA-1,6.315359,3.8304787,Bartosovic_scRNA-Seq
CATTTCAGTGGGATTG-1,12.269796,6.688604,Bartosovic_scRNA-Seq
CATTTCATCATTCCTA-1,15.43927,8.079581,Bartosovic_scRNA-Seq
CATTTCATCCGCACTT-1,12.427766,4.11493,Bartosovic_scRNA-Seq
CATTTCATCCTGTAAG-1,-0.6372185,-9.86617,Bartosovic_scRNA-Seq
CATTTCATCGCACGAC-1,-0.6705102,11.100705,Bartosovic_scRNA-Seq
CCAAGCGAGACTTCCA-1,8.698239,-5.8178496,Bartosovic_scRNA-Seq
CCAATGACACGCGTGT-1,0.26463577,11.460681,Bartosovic_scRNA-Seq
CCAATGACATGAAGCG-1,0.43522155,11.825573,Bartosovic_scRNA-Seq
CCAATGAGTCCTGAAT-1,-0.3112909,-9.705986,Bartosovic_scRNA-Seq
CCAATGATCAGTCAGT-1,13.087139,3.733893,Bartosovic_scRNA-Seq
CCAATGATCTCGGTAA-1,12.987319,6.371381,Bartosovic_scRNA-Seq
CCAATGATCTTAATCC-1,15.471677,8.421354,Bartosovic_scRNA-Seq
CCAATTTAGCCGTTAT-1,-0.07385374,-12.97986,Bartosovic_scRNA-Seq
CCAATTTAGGGCCTCT-1,-7.734591,7.7714205,Bartosovic_scRNA-Seq
CCAATTTCACTCTCGT-1,13.027445,5.903759,Bartosovic_scRNA-Seq
CCAATTTGTAGCGCCT-1,-0.8018313,-11.467616,Bartosovic_scRNA-Seq
CCAATTTTCAATCAGC-1,12.546722,7.772173,Bartosovic_scRNA-Seq
CCAATTTTCTACCAGA-1,10.160178,8.609034,Bartosovic_scRNA-Seq
CCACAAAAGCTGCCAC-1,-1.0872175,12.093107,Bartosovic_scRNA-Seq
CCACAAAGTGAGGATC-1,-0.16971162,11.074233,Bartosovic_scRNA-Seq
CCACAAATCGACATCA-1,11.232695,7.6238723,Bartosovic_scRNA-Seq
CCACACTCAACCAATC-1,10.3511,-7.091806,Bartosovic_scRNA-Seq
CCACCATAGCTAGATA-1,0.53479415,-10.100845,Bartosovic_scRNA-Seq
CCACCATCACACACTA-1,-1.8609587,13.100303,Bartosovic_scRNA-Seq
CCACCATCATGTCTAG-1,14.551421,8.70254,Bartosovic_scRNA-Seq
CCACCATGTTATGGTC-1,13.873556,9.003547,Bartosovic_scRNA-Seq
CCACCATGTTGAGAGC-1,-0.18025401,9.797468,Bartosovic_scRNA-Seq
CCACGAGTCCCATACC-1,11.74403,9.414436,Bartosovic_scRNA-Seq
CCACGTTAGTGAGGTC-1,14.104484,9.07883,Bartosovic_scRNA-Seq
CCACGTTTCCGTCAAA-1,0.88530195,10.028713,Bartosovic_scRNA-Seq
CCACGTTTCTGCTTAT-1,12.630777,3.6121395,Bartosovic_scRNA-Seq
CCACTTGCACAATGTC-1,11.176573,8.221332,Bartosovic_scRNA-Seq
CCACTTGCAGCGATTT-1,12.45106,7.4311194,Bartosovic_scRNA-Seq
CCACTTGGTGGCCCAT-1,10.575557,-8.0633135,Bartosovic_scRNA-Seq
CCATAAGAGTTGTACC-1,11.387459,6.524287,Bartosovic_scRNA-Seq
CCATAAGCAAAGCAAT-1,10.929619,-7.575118,Bartosovic_scRNA-Seq
CCATAAGCAATTGCGT-1,0.51712996,14.577639,Bartosovic_scRNA-Seq
CCATAAGGTCTCAAGT-1,9.862038,-6.1270013,Bartosovic_scRNA-Seq
CCATCACAGAACTTCC-1,14.504925,9.498891,Bartosovic_scRNA-Seq
CCCAACTTCACAACCA-1,12.750867,8.116537,Bartosovic_scRNA-Seq
CCCATTGCAACCTAAC-1,11.705271,8.245865,Bartosovic_scRNA-Seq
CCCGAAGGTTGGAGAC-1,13.085662,7.8675613,Bartosovic_scRNA-Seq
CCCGAAGTCTGACAGT-1,10.024384,7.866211,Bartosovic_scRNA-Seq
CCCGGAACAACGGCCT-1,14.852171,8.064857,Bartosovic_scRNA-Seq
CCCGGAAGTCCGGTGT-1,12.006109,7.4894276,Bartosovic_scRNA-Seq
CCCGGAAGTTAAACCC-1,14.638886,8.37347,Bartosovic_scRNA-Seq
CCCGGAATCGTGGACC-1,-0.1413418,-11.926027,Bartosovic_scRNA-Seq
CCCTAACAGATGCAGC-1,13.206904,6.4743643,Bartosovic_scRNA-Seq
CCCTAACCATGCAGCC-1,-0.6033802,-7.83244,Bartosovic_scRNA-Seq
CCCTAACGTGCCCACA-1,-7.4345284,8.137378,Bartosovic_scRNA-Seq
CCCTAACGTGCCTGCA-1,-1.5372804,13.512286,Bartosovic_scRNA-Seq
CCCTAACTCTCCTGCA-1,4.0226593,-3.6394699,Bartosovic_scRNA-Seq
CCCTCAACAATAGTCC-1,-8.211164,8.371589,Bartosovic_scRNA-Seq
CCCTCAACACTCTAGA-1,15.04121,8.095925,Bartosovic_scRNA-Seq
CCCTCAAGTATGAAAC-1,-0.39292023,-6.8936634,Bartosovic_scRNA-Seq
CCCTGATCAGCTTCCT-1,-0.08670342,-13.293441,Bartosovic_scRNA-Seq
CCCTTAGCAATGAAAC-1,-0.11995278,14.556601,Bartosovic_scRNA-Seq
CCCTTAGGTATGACAA-1,14.337789,6.075507,Bartosovic_scRNA-Seq
CCCTTAGGTTTCAGAC-1,13.256338,10.134467,Bartosovic_scRNA-Seq
CCCTTAGTCACAACCA-1,-7.2608566,8.251667,Bartosovic_scRNA-Seq
CCGAACGGTCATCGGC-1,-2.5087326,-2.0208404,Bartosovic_scRNA-Seq
CCGATCTCAGAGTTCT-1,6.1971703,3.1130137,Bartosovic_scRNA-Seq
CCGATCTGTGTACAGG-1,11.12306,7.030818,Bartosovic_scRNA-Seq
CCGATCTTCCTTGAAG-1,13.992538,6.1440687,Bartosovic_scRNA-Seq
CCGATGGAGATGTTAG-1,-1.1679703,14.8690405,Bartosovic_scRNA-Seq
CCGATGGCACCGTGAC-1,-0.16414648,11.379757,Bartosovic_scRNA-Seq
CCGCAAGCACGGGCTT-1,10.454205,-7.2051225,Bartosovic_scRNA-Seq
CCGCAAGTCGCTCATC-1,10.299419,-7.362827,Bartosovic_scRNA-Seq
CCGGACATCACCGGTG-1,12.58173,9.497275,Bartosovic_scRNA-Seq
CCGGGTAAGAATTTGG-1,13.455426,8.818646,Bartosovic_scRNA-Seq
CCGGGTACAGCGACCT-1,14.262648,6.897497,Bartosovic_scRNA-Seq
CCGGGTACAGCTTCCT-1,1.5379449,13.241022,Bartosovic_scRNA-Seq
CCGGGTAGTGCCGAAA-1,-2.9312644,-2.06083,Bartosovic_scRNA-Seq
CCGGGTATCGTTATCT-1,12.00654,7.1121407,Bartosovic_scRNA-Seq
CCGGTAGAGCACAAAT-1,12.112609,4.881086,Bartosovic_scRNA-Seq
CCGGTAGAGGGTGAAA-1,11.950578,6.434501,Bartosovic_scRNA-Seq
CCGGTGAGTGTGATGG-1,13.25731,5.882066,Bartosovic_scRNA-Seq
CCGGTGATCAAGTCTG-1,-0.081719175,14.596319,Bartosovic_scRNA-Seq
CCGGTGATCGTAGAGG-1,-0.38013375,-10.336492,Bartosovic_scRNA-Seq
CCGTAGGAGAAGGGAT-1,13.239735,7.553775,Bartosovic_scRNA-Seq
CCGTAGGCATAGTCAC-1,14.597237,8.303959,Bartosovic_scRNA-Seq
CCGTAGGTCGCCTTGT-1,11.643111,9.889153,Bartosovic_scRNA-Seq
CCGTGAGAGCGCTGAA-1,13.467727,6.6089644,Bartosovic_scRNA-Seq
CCGTGAGGTTGCTCAA-1,14.533068,7.493199,Bartosovic_scRNA-Seq
CCGTGAGTCGCAGATT-1,0.0061868667,-12.457896,Bartosovic_scRNA-Seq
CCGTTCATCAGACAAA-1,-3.4732153,-2.5584717,Bartosovic_scRNA-Seq
CCTAACCCAAATCAAG-1,0.25358552,-12.157649,Bartosovic_scRNA-Seq
CCTAACCGTATGTCAC-1,14.54343,9.002933,Bartosovic_scRNA-Seq
CCTAAGACAGAACTTC-1,-0.15522711,9.801492,Bartosovic_scRNA-Seq
CCTAAGAGTGTCATTG-1,14.288074,6.2746787,Bartosovic_scRNA-Seq
CCTACGTAGGAAGTCC-1,-0.10845364,-12.202491,Bartosovic_scRNA-Seq
CCTACGTCAAGCGATG-1,13.521712,5.124504,Bartosovic_scRNA-Seq
CCTACGTCACAGTGAG-1,8.603121,-7.6148877,Bartosovic_scRNA-Seq
CCTACGTTCAGAGTTC-1,12.123322,9.996664,Bartosovic_scRNA-Seq
CCTATCGAGGATACAT-1,12.687078,4.08961,Bartosovic_scRNA-Seq
CCTATCGCAAGGATGC-1,-0.0066966238,11.11098,Bartosovic_scRNA-Seq
CCTATCGCAGACCTGC-1,-0.063225485,-10.96245,Bartosovic_scRNA-Seq
CCTCACAGTCTGTGCG-1,-1.7685326,11.442354,Bartosovic_scRNA-Seq
CCTCAGTAGAAGCCAC-1,0.36095738,12.391185,Bartosovic_scRNA-Seq
CCTCAGTCACTACACA-1,14.569887,8.042938,Bartosovic_scRNA-Seq
CCTCAGTGTCTGCATA-1,13.361646,8.560535,Bartosovic_scRNA-Seq
CCTCAGTGTGTGAATA-1,10.810823,-8.446531,Bartosovic_scRNA-Seq
CCTCAGTTCCACATAG-1,0.6978607,-12.213101,Bartosovic_scRNA-Seq
CCTCAGTTCGACGAGA-1,14.1457815,8.250635,Bartosovic_scRNA-Seq
CCTCATGCATCATTTC-1,-0.8832735,-10.780065,Bartosovic_scRNA-Seq
CCTCATGGTCGTCTCT-1,12.822805,8.484505,Bartosovic_scRNA-Seq
CCTCATGGTCGTTTCC-1,11.70457,6.984433,Bartosovic_scRNA-Seq
CCTCATGGTGCACGCT-1,13.626888,8.200268,Bartosovic_scRNA-Seq
CCTCCAAAGCGTGCCT-1,12.412313,9.24963,Bartosovic_scRNA-Seq
CCTCCAAAGGAGATAG-1,-3.6208258,-1.956218,Bartosovic_scRNA-Seq
CCTCCAACACCGTCGA-1,6.804377,3.955117,Bartosovic_scRNA-Seq
CCTCCAACAGTAACCT-1,14.61623,9.043178,Bartosovic_scRNA-Seq
CCTCCAAGTCTTTCTA-1,-1.296754,-13.183439,Bartosovic_scRNA-Seq
CCTCCTCCAAGTTCGT-1,9.282132,-7.3846717,Bartosovic_scRNA-Seq
CCTCCTCGTTACCGTA-1,14.05337,8.674208,Bartosovic_scRNA-Seq
CCTCCTCTCTTGGGCG-1,13.032066,9.618307,Bartosovic_scRNA-Seq
CCTCTAGCACAGTCAT-1,12.4534025,7.3121915,Bartosovic_scRNA-Seq
CCTCTAGTCAAATGCC-1,14.698977,7.1036935,Bartosovic_scRNA-Seq
CCTCTAGTCTGCGGCA-1,-1.3308021,-12.6883135,Bartosovic_scRNA-Seq
CCTCTCCCACCCTATC-1,0.21739359,-8.074423,Bartosovic_scRNA-Seq
CCTCTCCCATCACCAA-1,-0.53364277,-7.368463,Bartosovic_scRNA-Seq
CCTCTCCTCCGTACGG-1,14.031694,7.777215,Bartosovic_scRNA-Seq
CCTGTTGCAAATGGTA-1,12.036472,9.394787,Bartosovic_scRNA-Seq
CCTGTTGCATGGGCAA-1,1.1333318,12.074687,Bartosovic_scRNA-Seq
CCTGTTGGTGTTAACC-1,13.427962,5.174353,Bartosovic_scRNA-Seq
CCTGTTGGTTCACCGG-1,12.794344,9.505741,Bartosovic_scRNA-Seq
CCTGTTGTCTCATGGA-1,10.878652,-6.625677,Bartosovic_scRNA-Seq
CCTTCAGGTACTCCCT-1,15.060137,6.672608,Bartosovic_scRNA-Seq
CCTTCAGGTGTGGACA-1,13.136967,4.889115,Bartosovic_scRNA-Seq
CCTTGTGAGACATGCG-1,11.276345,7.855802,Bartosovic_scRNA-Seq
CCTTTGGGTCCAGAAG-1,0.06460019,-10.0284,Bartosovic_scRNA-Seq
CGAAGGAAGTCGGCCT-1,0.17760439,14.164002,Bartosovic_scRNA-Seq
CGAAGGACATTAGGCT-1,12.84987,7.921942,Bartosovic_scRNA-Seq
CGAAGGAGTTCGTGCG-1,13.285745,5.5630283,Bartosovic_scRNA-Seq
CGAAGGAGTTTCGTTT-1,-0.3820244,-11.4005165,Bartosovic_scRNA-Seq
CGAAGTTAGTCTACCA-1,2.0675647,-5.697833,Bartosovic_scRNA-Seq
CGAAGTTCAACTGAAA-1,14.078322,8.707535,Bartosovic_scRNA-Seq
CGAAGTTGTTGCCATA-1,7.2049003,4.634797,Bartosovic_scRNA-Seq
CGAAGTTGTTGGGCCT-1,-0.3294131,-12.240057,Bartosovic_scRNA-Seq
CGAAGTTTCCACTTCG-1,-0.56279206,12.549598,Bartosovic_scRNA-Seq
CGAATTGCACTCCTGT-1,13.329213,8.782427,Bartosovic_scRNA-Seq
CGAATTGCATTGAGGG-1,1.4732146,13.003231,Bartosovic_scRNA-Seq
CGAATTGGTTGCACGC-1,-0.11577796,-11.397847,Bartosovic_scRNA-Seq
CGACAGCCAAGATCCT-1,13.716309,8.049306,Bartosovic_scRNA-Seq
CGACAGCTCTCCTGTG-1,-0.7120227,-7.9492397,Bartosovic_scRNA-Seq
CGAGAAGCAAATCGTC-1,0.43316498,12.217208,Bartosovic_scRNA-Seq
CGAGAAGGTCGGAACA-1,-0.88581955,9.85372,Bartosovic_scRNA-Seq
CGAGAAGTCGACGATT-1,0.036499914,12.014734,Bartosovic_scRNA-Seq
CGAGGAAGTTATGTGC-1,-2.4918163,-2.3875425,Bartosovic_scRNA-Seq
CGAGGAATCACCCTGT-1,-0.7662051,-9.256866,Bartosovic_scRNA-Seq
CGAGGAATCTGGGCGT-1,10.683413,6.604486,Bartosovic_scRNA-Seq
CGAGGCTAGCCGATAG-1,13.778953,7.1369157,Bartosovic_scRNA-Seq
CGAGGCTAGTCAGCCC-1,10.353485,9.102171,Bartosovic_scRNA-Seq
CGAGGCTAGTGATAAC-1,0.35328192,-10.97095,Bartosovic_scRNA-Seq
CGAGGCTCAGTTGCGC-1,0.17318967,11.996947,Bartosovic_scRNA-Seq
CGAGGCTCATGGTACT-1,15.130758,6.6530104,Bartosovic_scRNA-Seq
CGAGGCTTCAAGGCTT-1,13.750244,7.814049,Bartosovic_scRNA-Seq
CGAGGCTTCACCTCAC-1,-0.47738186,9.847241,Bartosovic_scRNA-Seq
CGAGGCTTCATTCATC-1,10.673006,8.917078,Bartosovic_scRNA-Seq
CGAGTGCAGATTGTGA-1,0.96834344,-4.0113797,Bartosovic_scRNA-Seq
CGAGTGCAGCCGAACA-1,14.510283,7.1247344,Bartosovic_scRNA-Seq
CGAGTGCAGGTAAGTT-1,0.36872375,-11.337115,Bartosovic_scRNA-Seq
CGAGTGCCAATGGCAG-1,12.031207,8.266412,Bartosovic_scRNA-Seq
CGAGTGCCAGCCGTCA-1,-2.0933652,-11.851425,Bartosovic_scRNA-Seq
CGAGTGCCATTACTCT-1,0.20115535,-10.734753,Bartosovic_scRNA-Seq
CGAGTGCTCAGAACCT-1,12.176852,7.7741623,Bartosovic_scRNA-Seq
CGAGTGCTCGAGCCAC-1,0.14647296,11.516788,Bartosovic_scRNA-Seq
CGAGTTACAGTGACCC-1,-4.4864144,-2.428601,Bartosovic_scRNA-Seq
CGATCGGTCGGTTGTA-1,0.09022135,11.994151,Bartosovic_scRNA-Seq
CGATGCGGTATGAAAC-1,0.730218,14.916813,Bartosovic_scRNA-Seq
CGATGCGTCTGCTTTA-1,-8.149895,7.6372924,Bartosovic_scRNA-Seq
CGATGGCAGCGGTATG-1,-0.30008307,10.915211,Bartosovic_scRNA-Seq
CGATGGCCACTCCGAG-1,-0.9444177,13.986792,Bartosovic_scRNA-Seq
CGCAGGTCATCATCTT-1,11.404492,8.175372,Bartosovic_scRNA-Seq
CGCATAAAGAGGTATT-1,1.1370461,13.265419,Bartosovic_scRNA-Seq
CGCATAAAGGTTTGAA-1,-0.088220544,-12.271255,Bartosovic_scRNA-Seq
CGCATAACAACCCTCT-1,14.677258,8.244773,Bartosovic_scRNA-Seq
CGCATGGAGCTCAGAG-1,9.230352,-7.583122,Bartosovic_scRNA-Seq
CGCATGGCAATCTCGA-1,11.928802,8.130169,Bartosovic_scRNA-Seq
CGCCAGAAGATCGCTT-1,13.274128,8.283467,Bartosovic_scRNA-Seq
CGCCAGAAGGCATCAG-1,-0.47861665,-11.322553,Bartosovic_scRNA-Seq
CGCCAGAAGTGTCATC-1,13.372036,3.9420884,Bartosovic_scRNA-Seq
CGCCAGAGTCGTGCCA-1,14.391497,6.770911,Bartosovic_scRNA-Seq
CGCCAGATCAGCCCAG-1,14.216071,5.5873137,Bartosovic_scRNA-Seq
CGCCAGATCTCTAGGA-1,0.49228588,9.922237,Bartosovic_scRNA-Seq
CGCCATTGTTAGCGGA-1,12.055401,7.976824,Bartosovic_scRNA-Seq
CGCCATTTCGTGCTCT-1,-7.1730328,8.519663,Bartosovic_scRNA-Seq
CGCGTGACATTACTCT-1,-2.2133274,-11.9235115,Bartosovic_scRNA-Seq
CGCGTGAGTTATGACC-1,0.72628766,11.265916,Bartosovic_scRNA-Seq
CGCGTGAGTTCTCTAT-1,14.512068,7.739125,Bartosovic_scRNA-Seq
CGCGTGATCGATCCCT-1,-3.535212,-2.1974692,Bartosovic_scRNA-Seq
CGGAACCCACGACAAG-1,0.0901766,-9.440954,Bartosovic_scRNA-Seq
CGGAACCGTAGGCTCC-1,-0.014982149,-12.195439,Bartosovic_scRNA-Seq
CGGAACCTCATCGACA-1,-1.754225,13.026478,Bartosovic_scRNA-Seq
CGGAATTGTGATTCAC-1,-0.38194713,-11.913674,Bartosovic_scRNA-Seq
CGGAATTGTTGCCTAA-1,12.555959,8.661804,Bartosovic_scRNA-Seq
CGGAATTTCATACGAC-1,6.056316,3.908111,Bartosovic_scRNA-Seq
CGGACACAGACGCATG-1,11.8201885,5.920136,Bartosovic_scRNA-Seq
CGGACACGTCGTGATT-1,0.42026308,-10.78128,Bartosovic_scRNA-Seq
CGGAGAATCCGATAAC-1,-0.7525304,-13.301883,Bartosovic_scRNA-Seq
CGGAGAATCTAGTCAG-1,-0.11567001,-12.631218,Bartosovic_scRNA-Seq
CGGCAGTTCACTGTCC-1,11.043643,6.3850207,Bartosovic_scRNA-Seq
CGGGACTCAAGAATGT-1,12.259097,6.6979237,Bartosovic_scRNA-Seq
CGGGACTCATCGAACT-1,11.4040365,5.3408093,Bartosovic_scRNA-Seq
CGGGACTTCATTTGTC-1,-0.80368936,-7.568891,Bartosovic_scRNA-Seq
CGGGCATAGGTGCCTC-1,0.4656236,13.47856,Bartosovic_scRNA-Seq
CGGGCATCAAGTTTGC-1,8.520432,-5.834626,Bartosovic_scRNA-Seq
CGGGCATCAGAAGCTG-1,-8.050714,8.366706,Bartosovic_scRNA-Seq
CGGGTCAAGACCTCAT-1,1.3708676,-4.8249903,Bartosovic_scRNA-Seq
CGGGTCAAGGCTCCCA-1,-2.0313077,11.370913,Bartosovic_scRNA-Seq
CGGGTCAAGTCTGCAT-1,14.437287,5.815045,Bartosovic_scRNA-Seq
CGGGTCACAGATTTCG-1,11.702669,9.456573,Bartosovic_scRNA-Seq
CGGGTCACATGTCGTA-1,14.44323,9.039386,Bartosovic_scRNA-Seq
CGGGTGTGTTAGAAAC-1,12.969086,7.840736,Bartosovic_scRNA-Seq
CGGTCAGCAGTTAGGG-1,-1.464488,-12.885428,Bartosovic_scRNA-Seq
CGTAAGTCAGACGATG-1,1.3082936,12.77037,Bartosovic_scRNA-Seq
CGTAAGTCATAATGAG-1,11.579487,6.6650367,Bartosovic_scRNA-Seq
CGTAAGTCATTAGGAA-1,-7.518056,8.422495,Bartosovic_scRNA-Seq
CGTAAGTGTGTCATTG-1,-0.049344484,10.075117,Bartosovic_scRNA-Seq
CGTAAGTTCAGGAACG-1,1.0350131,13.986229,Bartosovic_scRNA-Seq
CGTAAGTTCCCGTTGT-1,13.011552,3.5095227,Bartosovic_scRNA-Seq
CGTAATGGTAATGTGA-1,-0.119325,-11.7464905,Bartosovic_scRNA-Seq
CGTAATGGTATCACGT-1,0.9009549,-12.5290785,Bartosovic_scRNA-Seq
CGTAGTAGTTAAGGGC-1,0.1362236,-12.998166,Bartosovic_scRNA-Seq
CGTAGTATCCCGAGAC-1,-0.69707394,-11.197831,Bartosovic_scRNA-Seq
CGTCAAAAGTCGGGAT-1,6.671244,4.1809835,Bartosovic_scRNA-Seq
CGTCAAAGTAGCTCGC-1,-0.061318282,12.265193,Bartosovic_scRNA-Seq
CGTCAAAGTGACATCT-1,9.723963,7.6439133,Bartosovic_scRNA-Seq
CGTCAAAGTTGCCGCA-1,13.872912,6.548407,Bartosovic_scRNA-Seq
CGTCAAAGTTGTGTTG-1,0.88929534,-12.182797,Bartosovic_scRNA-Seq
CGTCAAATCATGAGGG-1,6.6865377,3.773715,Bartosovic_scRNA-Seq
CGTCCATCACATGACT-1,0.1344321,14.126683,Bartosovic_scRNA-Seq
CGTGAATTCACATCAG-1,13.696384,6.1349187,Bartosovic_scRNA-Seq
CGTGATAAGAACTTCC-1,-0.5357904,11.778317,Bartosovic_scRNA-Seq
CGTGCTTGTACCTAGT-1,-1.3394699,12.422795,Bartosovic_scRNA-Seq
CGTGCTTGTCACAATC-1,15.220485,7.652466,Bartosovic_scRNA-Seq
CGTGCTTTCATTTGTC-1,9.134384,-6.6087394,Bartosovic_scRNA-Seq
CGTGTCTTCCGTATGA-1,11.672266,6.4134846,Bartosovic_scRNA-Seq
CGTTAGACAATGTTGC-1,12.860263,8.331448,Bartosovic_scRNA-Seq
CGTTCTGAGGGAGTTC-1,0.33005697,-11.697393,Bartosovic_scRNA-Seq
CGTTGGGAGCGACTTT-1,0.4112926,9.827229,Bartosovic_scRNA-Seq
CGTTGGGGTATCGTTG-1,0.44583112,-8.572523,Bartosovic_scRNA-Seq
CTAACCCAGTAGATCA-1,0.07370819,11.220858,Bartosovic_scRNA-Seq
CTAACCCAGTCATCGT-1,9.903918,-6.90693,Bartosovic_scRNA-Seq
CTAACCCCAAGGCCTC-1,-0.45451927,-12.153117,Bartosovic_scRNA-Seq
CTAACCCCAGCCTATA-1,0.5964607,9.343605,Bartosovic_scRNA-Seq
CTAACCCCATATCGGT-1,1.024831,12.324757,Bartosovic_scRNA-Seq
CTAACCCGTCATAGTC-1,-3.961468,-1.3619441,Bartosovic_scRNA-Seq
CTAACCCGTGCCCGTA-1,-0.41438654,-12.055358,Bartosovic_scRNA-Seq
CTAACTTTCCGGCAAC-1,14.618987,9.307827,Bartosovic_scRNA-Seq
CTAACTTTCGCTACGG-1,10.483134,9.100822,Bartosovic_scRNA-Seq
CTAAGTGCATGGGTTT-1,1.3553038,11.370252,Bartosovic_scRNA-Seq
CTACAGAAGCTCGTGC-1,12.236047,7.999501,Bartosovic_scRNA-Seq
CTACAGACAGAATCGG-1,-8.182188,8.0873375,Bartosovic_scRNA-Seq
CTACAGAGTACCGTCG-1,12.870374,3.3824306,Bartosovic_scRNA-Seq
CTACAGAGTCTCAGGC-1,6.2077804,3.6711383,Bartosovic_scRNA-Seq
CTACAGATCCAACCAA-1,-1.6187919,10.636077,Bartosovic_scRNA-Seq
CTACATTAGCGCTGAA-1,0.60503113,-12.624848,Bartosovic_scRNA-Seq
CTACATTGTGACTCTA-1,10.612762,-8.459418,Bartosovic_scRNA-Seq
CTACATTGTGGATCGA-1,-1.1416415,-12.016959,Bartosovic_scRNA-Seq
CTACCTGAGGCCACTC-1,-0.60665107,-12.8842125,Bartosovic_scRNA-Seq
CTACCTGCACACTTAG-1,13.877589,9.586833,Bartosovic_scRNA-Seq
CTACCTGGTTACCTTT-1,0.804649,9.964673,Bartosovic_scRNA-Seq
CTACGGGAGTTCGGTT-1,-1.0832194,-10.859526,Bartosovic_scRNA-Seq
CTACGGGCACAGCCTG-1,-1.137398,-9.843996,Bartosovic_scRNA-Seq
CTACGGGGTTGCACGC-1,-7.666829,8.160829,Bartosovic_scRNA-Seq
CTACGGGTCGAGTGAG-1,0.14087185,12.89112,Bartosovic_scRNA-Seq
CTACTATCAATCGTCA-1,-0.29614544,-12.48097,Bartosovic_scRNA-Seq
CTACTATGTACAACGG-1,5.785875,4.073559,Bartosovic_scRNA-Seq
CTACTATGTATGTCCA-1,15.067693,6.0124154,Bartosovic_scRNA-Seq
CTACTATGTCTCAGAT-1,-0.94503224,13.031258,Bartosovic_scRNA-Seq
CTAGACAGTGATCATC-1,-0.048839543,-9.172367,Bartosovic_scRNA-Seq
CTAGGTAAGGACAACC-1,-1.0665423,-8.40327,Bartosovic_scRNA-Seq
CTAGGTACACTGAATC-1,-1.2119881,12.349473,Bartosovic_scRNA-Seq
CTATAGGAGCTTTCCC-1,12.2386055,6.95519,Bartosovic_scRNA-Seq
CTATAGGCACCCAATA-1,-2.8721948,-1.9433398,Bartosovic_scRNA-Seq
CTATAGGTCCCTGGTT-1,-2.7653565,-3.1138961,Bartosovic_scRNA-Seq
CTATCCGAGATAGCAT-1,12.16845,7.279368,Bartosovic_scRNA-Seq
CTATCCGTCAGATTGC-1,0.98426044,-3.9013753,Bartosovic_scRNA-Seq
CTATCCGTCCCGAACG-1,14.142011,7.9618807,Bartosovic_scRNA-Seq
CTATCTAAGCATCCCG-1,12.610282,3.3493495,Bartosovic_scRNA-Seq
CTCAAGAAGAGAGAAC-1,-0.43589187,-11.751381,Bartosovic_scRNA-Seq
CTCAATTCACTCATAG-1,-0.43211454,-12.341975,Bartosovic_scRNA-Seq
CTCAATTGTATTCCGA-1,2.8702643,-4.418579,Bartosovic_scRNA-Seq
CTCACTGAGTTGTCAC-1,14.575144,6.3118434,Bartosovic_scRNA-Seq
CTCACTGCAGGATCTT-1,0.61098295,9.315117,Bartosovic_scRNA-Seq
CTCACTGCATTATGCG-1,14.247022,7.358611,Bartosovic_scRNA-Seq
CTCACTGTCCAAGCTA-1,0.51144576,-9.050479,Bartosovic_scRNA-Seq
CTCACTGTCTCGCAGG-1,-0.5480845,-13.190355,Bartosovic_scRNA-Seq
CTCACTGTCTGTCCGT-1,9.695564,-6.950489,Bartosovic_scRNA-Seq
CTCAGAAAGGTGGCTA-1,14.963931,6.1250806,Bartosovic_scRNA-Seq
CTCAGAAGTTTAGACC-1,-3.3632247,-3.2084513,Bartosovic_scRNA-Seq
CTCAGAATCTGATGGT-1,11.833468,7.73892,Bartosovic_scRNA-Seq
CTCAGGGGTGGAACCA-1,-3.4449563,-1.8363801,Bartosovic_scRNA-Seq
CTCAGTCCAATGCTCA-1,13.330181,9.387514,Bartosovic_scRNA-Seq
CTCAGTCTCATCACTT-1,10.993593,9.119384,Bartosovic_scRNA-Seq
CTCATCGAGTCTAACC-1,9.2664175,-7.4757643,Bartosovic_scRNA-Seq
CTCATCGCACAAGGTG-1,13.217821,9.72809,Bartosovic_scRNA-Seq
CTCATCGGTGCCTAAT-1,12.219011,7.27126,Bartosovic_scRNA-Seq
CTCATCGTCACGGACC-1,-0.62105244,-6.9479733,Bartosovic_scRNA-Seq
CTCATCGTCGCCACTT-1,13.262943,5.6630726,Bartosovic_scRNA-Seq
CTCATCGTCTCGCTTG-1,-1.4574587,12.371866,Bartosovic_scRNA-Seq
CTCATGCCAGCTTCGG-1,11.721162,8.367002,Bartosovic_scRNA-Seq
CTCATGCGTTTCCCAC-1,-0.021930436,-11.597342,Bartosovic_scRNA-Seq
CTCATGCTCCGCAAAT-1,-0.4715638,-6.8064275,Bartosovic_scRNA-Seq
CTCATGCTCGCTCTAC-1,12.897588,8.377019,Bartosovic_scRNA-Seq
CTCATTAAGCAATAGT-1,11.889471,6.6169295,Bartosovic_scRNA-Seq
CTCATTACATGTTCGA-1,11.511652,5.895013,Bartosovic_scRNA-Seq
CTCATTATCGCTTGAA-1,-0.58582795,-6.790527,Bartosovic_scRNA-Seq
CTCCAACAGCACGATG-1,-0.383552,-12.580627,Bartosovic_scRNA-Seq
CTCCAACTCAAGCGTT-1,8.938228,-6.9928503,Bartosovic_scRNA-Seq
CTCCACACACTGCATA-1,15.302956,6.6574254,Bartosovic_scRNA-Seq
CTCCACAGTAACGGTG-1,10.999203,7.4370513,Bartosovic_scRNA-Seq
CTCCACAGTCCGAAGA-1,12.160391,7.7746687,Bartosovic_scRNA-Seq
CTCCACATCTCTATGT-1,12.6979685,7.8003044,Bartosovic_scRNA-Seq
CTCCATGAGAAACCAT-1,12.464836,6.826857,Bartosovic_scRNA-Seq
CTCCATGAGAGTCTGG-1,14.686603,6.6871877,Bartosovic_scRNA-Seq
CTCCATGAGGACTGGT-1,-0.34712598,-11.062668,Bartosovic_scRNA-Seq
CTCCCAAAGCGCCTTG-1,-0.4752764,11.360169,Bartosovic_scRNA-Seq
CTCCCAACAGTGACCC-1,0.168865,12.295839,Bartosovic_scRNA-Seq
CTCCTCCGTACGTACT-1,15.420854,7.52425,Bartosovic_scRNA-Seq
CTCCTCCGTCACCTTC-1,12.629461,9.185439,Bartosovic_scRNA-Seq
CTCCTCCTCATTACCT-1,-1.9992566,12.75308,Bartosovic_scRNA-Seq
CTCCTCCTCGACGTCG-1,-1.2460077,13.961883,Bartosovic_scRNA-Seq
CTCCTTTAGCTCCGAC-1,11.080774,8.820501,Bartosovic_scRNA-Seq
CTCCTTTCACTGTTCC-1,0.052126925,-10.752656,Bartosovic_scRNA-Seq
CTCCTTTTCCACTTCG-1,12.9968815,10.246624,Bartosovic_scRNA-Seq
CTCCTTTTCCAGCACG-1,-1.1349071,13.397025,Bartosovic_scRNA-Seq
CTCGAGGCAAGACCGA-1,0.6944183,14.040774,Bartosovic_scRNA-Seq
CTCTCAGTCATTGCCC-1,11.833558,9.954737,Bartosovic_scRNA-Seq
CTCTCGAGTGAATGTA-1,13.740791,6.990941,Bartosovic_scRNA-Seq
CTCTCGAGTTCTCGTC-1,-0.9466814,-12.8035755,Bartosovic_scRNA-Seq
CTCTGGTAGGTAAGTT-1,-1.0348779,14.110867,Bartosovic_scRNA-Seq
CTCTGGTTCGTCCATC-1,-3.7099128,-1.5297145,Bartosovic_scRNA-Seq
CTGAGCGAGCAACAGC-1,13.094159,9.40805,Bartosovic_scRNA-Seq
CTGAGGCCATCTCAAG-1,0.40943077,14.389664,Bartosovic_scRNA-Seq
CTGAGGCGTGTATTCG-1,13.828996,6.749317,Bartosovic_scRNA-Seq
CTGAGGCGTTGTCAGT-1,12.927989,5.0978107,Bartosovic_scRNA-Seq
CTGAGGCTCCAAAGGG-1,-8.118422,8.441533,Bartosovic_scRNA-Seq
CTGAGGCTCCCGTTGT-1,-1.7444516,12.604025,Bartosovic_scRNA-Seq
CTGATCCAGAACGTGC-1,-0.44260842,-12.660608,Bartosovic_scRNA-Seq
CTGATCCCACACCGAC-1,13.213695,4.0462584,Bartosovic_scRNA-Seq
CTGATCCCACCCAATA-1,10.900642,-7.281866,Bartosovic_scRNA-Seq
CTGATCCCATCTCGTC-1,12.589616,8.317422,Bartosovic_scRNA-Seq
CTGATCCGTCTGTGCG-1,9.505732,-5.752448,Bartosovic_scRNA-Seq
CTGCAGGGTATTGAGA-1,10.964276,9.512614,Bartosovic_scRNA-Seq
CTGCATCCAACCGTAT-1,13.065034,9.056037,Bartosovic_scRNA-Seq
CTGCATCTCAACTGGT-1,-0.24038781,-11.752607,Bartosovic_scRNA-Seq
CTGCATCTCAGTCTTT-1,-0.12741959,-11.302791,Bartosovic_scRNA-Seq
CTGCATCTCCGCTAGG-1,12.1151085,9.712393,Bartosovic_scRNA-Seq
CTGCCATCAGGTTCCG-1,12.848646,7.7003427,Bartosovic_scRNA-Seq
CTGCCATCATCAGTCA-1,0.4967719,-9.839392,Bartosovic_scRNA-Seq
CTGCCATTCGGTAAGG-1,1.3300201,-11.153786,Bartosovic_scRNA-Seq
CTGCCTACACCTGCAG-1,0.0725891,11.934792,Bartosovic_scRNA-Seq
CTGCCTAGTCCGGTGT-1,10.077988,6.315399,Bartosovic_scRNA-Seq
CTGCCTAGTTATCCAG-1,14.552807,8.981135,Bartosovic_scRNA-Seq
CTGCCTATCAGCGCGT-1,0.2639759,-9.022074,Bartosovic_scRNA-Seq
CTGCGAGCAAGCTACT-1,9.647984,7.7461886,Bartosovic_scRNA-Seq
CTGCGAGTCCGCGAGT-1,14.92361,6.2236557,Bartosovic_scRNA-Seq
CTGCTCACAGTACTAC-1,11.781106,9.319912,Bartosovic_scRNA-Seq
CTGCTCATCCAATCTT-1,0.059587553,-12.26315,Bartosovic_scRNA-Seq
CTGCTCATCGCATAGT-1,-1.3377892,14.7594795,Bartosovic_scRNA-Seq
CTGGACGAGCGCAATG-1,-1.6901542,-12.725704,Bartosovic_scRNA-Seq
CTGGACGAGTGGAAAG-1,12.866122,6.207052,Bartosovic_scRNA-Seq
CTGGACGCAATAGTCC-1,10.200451,6.6259274,Bartosovic_scRNA-Seq
CTGGCAGAGGGCCTCT-1,6.340888,3.8172092,Bartosovic_scRNA-Seq
CTGGCAGCACGCCAGT-1,15.421384,7.1746984,Bartosovic_scRNA-Seq
CTGGCAGGTGAGGCAT-1,-0.7911189,-12.139633,Bartosovic_scRNA-Seq
CTGGCAGGTGCGAGTA-1,11.113648,8.199626,Bartosovic_scRNA-Seq
CTGGCAGGTTCGCGTG-1,0.002397394,-11.633945,Bartosovic_scRNA-Seq
CTGGCAGTCGGCGATC-1,-8.41777,8.42366,Bartosovic_scRNA-Seq
CTGGTCTTCGCTCATC-1,1.0205764,-10.954149,Bartosovic_scRNA-Seq
CTGTACCAGCCTGTGC-1,8.884717,-6.760173,Bartosovic_scRNA-Seq
CTGTACCAGCGACCCT-1,0.76169723,12.964583,Bartosovic_scRNA-Seq
CTGTACCCATGGCACC-1,13.541608,9.043674,Bartosovic_scRNA-Seq
CTGTAGAAGAGAATCT-1,14.572538,8.41307,Bartosovic_scRNA-Seq
CTGTAGACACACTGGC-1,0.31644747,-12.327941,Bartosovic_scRNA-Seq
CTGTAGATCTAGATCG-1,-0.09777186,14.020621,Bartosovic_scRNA-Seq
CTGTATTGTATCCCAA-1,15.380742,7.5350237,Bartosovic_scRNA-Seq
CTGTATTGTGCATGTT-1,-1.375171,-12.229386,Bartosovic_scRNA-Seq
CTGTATTTCTGTTCAT-1,12.205458,8.810887,Bartosovic_scRNA-Seq
CTGTCGTAGGCATGGT-1,9.7269335,-6.127225,Bartosovic_scRNA-Seq
CTGTGAAAGGTCGAGT-1,-0.42525917,-12.35606,Bartosovic_scRNA-Seq
CTGTGAACAATTCTCT-1,12.696929,6.9063816,Bartosovic_scRNA-Seq
CTGTGAATCATTACGG-1,14.0549965,5.571351,Bartosovic_scRNA-Seq
CTGTGGGCAGTCAGTT-1,14.65886,6.185361,Bartosovic_scRNA-Seq
CTGTGGGTCATGGATC-1,12.719499,8.544762,Bartosovic_scRNA-Seq
CTGTGGGTCCATTCAT-1,14.806263,6.806082,Bartosovic_scRNA-Seq
CTTACCGCAGGCGATA-1,12.372984,7.917767,Bartosovic_scRNA-Seq
CTTAGGATCCCTCATG-1,9.9027195,-6.289453,Bartosovic_scRNA-Seq
CTTCAATAGTATTGCC-1,12.745906,7.235213,Bartosovic_scRNA-Seq
CTTCAATGTCTTCCGT-1,13.2571535,9.793088,Bartosovic_scRNA-Seq
CTTCCGAAGTGGTTCT-1,-4.79976,-2.1649787,Bartosovic_scRNA-Seq
CTTCCGAGTGAGTGAC-1,8.799589,-6.930154,Bartosovic_scRNA-Seq
CTTCCGATCCAGTTCC-1,-7.1992135,8.410933,Bartosovic_scRNA-Seq
CTTCCTTGTATCAGGG-1,14.98248,7.148283,Bartosovic_scRNA-Seq
CTTCGGTAGCTGCCTG-1,-3.8223546,-2.1759727,Bartosovic_scRNA-Seq
CTTCGGTTCCGTGTGG-1,-1.725468,10.883025,Bartosovic_scRNA-Seq
CTTCTAACACGGCCAT-1,6.5062675,3.8821068,Bartosovic_scRNA-Seq
CTTCTAATCAGCCTCT-1,15.097949,6.776641,Bartosovic_scRNA-Seq
CTTCTCTCAAGTGGGT-1,0.43707716,14.203765,Bartosovic_scRNA-Seq
CTTCTCTGTTGCAAGG-1,-0.7917781,-7.1899085,Bartosovic_scRNA-Seq
CTTCTCTTCGTCTAAG-1,-0.84668964,-6.4800625,Bartosovic_scRNA-Seq
CTTGATTCAATCCTTT-1,11.152015,5.8364735,Bartosovic_scRNA-Seq
CTTGATTCAGCTCATA-1,-7.787775,8.075539,Bartosovic_scRNA-Seq
CTTGATTGTCCGGACT-1,-2.06706,-11.859677,Bartosovic_scRNA-Seq
CTTGATTTCGGACCAC-1,10.156506,7.5932245,Bartosovic_scRNA-Seq
CTTTCAAAGCGATGAC-1,0.31968054,-8.934524,Bartosovic_scRNA-Seq
CTTTCAAAGCTACTGT-1,-1.8026205,-12.35179,Bartosovic_scRNA-Seq
CTTTCGGCAGTGGCTC-1,13.908439,9.592747,Bartosovic_scRNA-Seq
CTTTCGGCATGGAATA-1,9.699023,-8.03064,Bartosovic_scRNA-Seq
GAAACCTAGAGGGTGG-1,14.281887,8.422185,Bartosovic_scRNA-Seq
GAAACCTGTCCTCATC-1,0.10395626,10.528745,Bartosovic_scRNA-Seq
GAAATGACAAAGCAAT-1,-1.327231,-12.9016285,Bartosovic_scRNA-Seq
GAAATGACAAGATCCT-1,1.3025585,-12.169395,Bartosovic_scRNA-Seq
GAACGTTCACAACATC-1,0.29372618,12.903654,Bartosovic_scRNA-Seq
GAACTGTAGGCATTTC-1,-0.6072,12.096086,Bartosovic_scRNA-Seq
GAACTGTAGGTAGACC-1,-0.73341364,-10.57147,Bartosovic_scRNA-Seq
GAACTGTCAGACTGCC-1,-3.7251694,-1.7564341,Bartosovic_scRNA-Seq
GAACTGTGTGGTTTAC-1,2.078244,-5.6311026,Bartosovic_scRNA-Seq
GAAGAATCACGCTATA-1,-0.48185313,-12.103674,Bartosovic_scRNA-Seq
GAAGCCCAGGTCTGGA-1,0.14495228,-9.172387,Bartosovic_scRNA-Seq
GAAGCCCCATGGAAGC-1,12.987407,6.941683,Bartosovic_scRNA-Seq
GAAGCCCGTTAAACCC-1,0.90605325,-10.937306,Bartosovic_scRNA-Seq
GAAGCCCGTTCCACGG-1,13.982053,8.499479,Bartosovic_scRNA-Seq
GAAGCGAAGGTGCCAA-1,9.333375,-7.6318016,Bartosovic_scRNA-Seq
GAAGCGACAACAGTGG-1,14.044792,7.7359195,Bartosovic_scRNA-Seq
GAAGCGATCCCTTGTG-1,-0.48959854,11.570882,Bartosovic_scRNA-Seq
GAAGGACCATAGGAGC-1,14.832511,8.28986,Bartosovic_scRNA-Seq
GAAGGACTCGTTCAGA-1,12.109307,6.83175,Bartosovic_scRNA-Seq
GAAGGACTCTCTCAAT-1,-1.4609183,12.861746,Bartosovic_scRNA-Seq
GAAGTAAAGATGGTAT-1,10.96324,6.455058,Bartosovic_scRNA-Seq
GAAGTAAAGCTGCCTG-1,-1.1817046,-11.129502,Bartosovic_scRNA-Seq
GAATAGACAACAACAA-1,12.515665,9.1181965,Bartosovic_scRNA-Seq
GAATAGACACAAATGA-1,11.715659,5.205705,Bartosovic_scRNA-Seq
GAATAGATCTCCTGAC-1,13.364045,7.1809945,Bartosovic_scRNA-Seq
GACACGCTCCGGACTG-1,15.099714,7.651633,Bartosovic_scRNA-Seq
GACACGCTCTGGTCAA-1,-1.0706325,-13.19719,Bartosovic_scRNA-Seq
GACAGCCGTCCTCATC-1,14.605964,8.786328,Bartosovic_scRNA-Seq
GACAGCCTCGACCCAG-1,-1.6022749,11.893214,Bartosovic_scRNA-Seq
GACAGCCTCGCACGAC-1,11.994559,6.555983,Bartosovic_scRNA-Seq
GACAGCCTCTATGTGG-1,13.314337,4.423624,Bartosovic_scRNA-Seq
GACATCACACTGGAAG-1,10.019516,6.9147396,Bartosovic_scRNA-Seq
GACATCACATCATTGG-1,10.51576,-8.048626,Bartosovic_scRNA-Seq
GACATCATCACTCGAA-1,-0.22345228,-9.196597,Bartosovic_scRNA-Seq
GACCAATAGACCAGAC-1,-0.55360883,-11.904296,Bartosovic_scRNA-Seq
GACCAATGTCGTGTTA-1,10.362081,6.5984473,Bartosovic_scRNA-Seq
GACCAATGTGCTGCAC-1,-0.13614538,13.427239,Bartosovic_scRNA-Seq
GACCAATTCCGTACGG-1,0.019927232,14.010786,Bartosovic_scRNA-Seq
GACCAATTCTACCACC-1,-1.8773359,-11.200483,Bartosovic_scRNA-Seq
GACCCAGAGCTCACTA-1,12.734193,3.1693804,Bartosovic_scRNA-Seq
GACCCTTAGGAGACCT-1,10.406056,7.5966,Bartosovic_scRNA-Seq
GACCCTTCACTCTCGT-1,-0.25344223,-9.501411,Bartosovic_scRNA-Seq
GACCCTTCATCATCCC-1,12.54075,8.380878,Bartosovic_scRNA-Seq
GACCCTTGTGTCCTAA-1,-0.018749097,-11.900436,Bartosovic_scRNA-Seq
GACCCTTTCAAGTCGT-1,0.17007183,11.4498625,Bartosovic_scRNA-Seq
GACCCTTTCCGTTGAA-1,0.8558319,9.539986,Bartosovic_scRNA-Seq
GACCGTGGTCAGTCTA-1,-0.3878439,11.400977,Bartosovic_scRNA-Seq
GACCGTGTCATGTCAG-1,13.947075,9.942591,Bartosovic_scRNA-Seq
GACCTTCAGCAAGTGC-1,11.523725,6.0640583,Bartosovic_scRNA-Seq
GACGCTGGTGCACATT-1,-0.3895931,-13.594011,Bartosovic_scRNA-Seq
GACGCTGTCTGCCTGT-1,13.420707,8.702096,Bartosovic_scRNA-Seq
GACGTTAAGCTAGATA-1,0.1533271,13.080712,Bartosovic_scRNA-Seq
GACGTTACAGAATCGG-1,-1.0964099,-9.866582,Bartosovic_scRNA-Seq
GACGTTACAGCCCAGT-1,-0.3763854,-11.761096,Bartosovic_scRNA-Seq
GACGTTACATGGCACC-1,15.333817,6.7629724,Bartosovic_scRNA-Seq
GACGTTAGTTCTCCAC-1,12.669533,3.8718884,Bartosovic_scRNA-Seq
GACGTTATCTCCTGCA-1,13.854294,6.2694035,Bartosovic_scRNA-Seq
GACTATGCAGGTGTTT-1,12.707508,6.783635,Bartosovic_scRNA-Seq
GACTCAAAGTTGTCGT-1,-0.9793116,-10.970803,Bartosovic_scRNA-Seq
GACTCAAGTCCGTACG-1,11.209064,7.8290396,Bartosovic_scRNA-Seq
GACTCAATCTGCGATA-1,13.246032,9.0055685,Bartosovic_scRNA-Seq
GACTCTCAGTGTTCAC-1,10.62042,6.9215245,Bartosovic_scRNA-Seq
GACTCTCCAAGTGGAC-1,13.88566,7.6266727,Bartosovic_scRNA-Seq
GACTCTCTCGTTATCT-1,10.492768,8.070987,Bartosovic_scRNA-Seq
GACTTCCAGTTCACTG-1,12.846605,8.297003,Bartosovic_scRNA-Seq
GACTTCCCACGGAAGT-1,13.62789,8.945657,Bartosovic_scRNA-Seq
GAGAAATCAATTCTCT-1,14.484019,8.298744,Bartosovic_scRNA-Seq
GAGAAATTCACCGGGT-1,0.45132077,13.037911,Bartosovic_scRNA-Seq
GAGACCCGTATCCCAA-1,11.52659,8.537895,Bartosovic_scRNA-Seq
GAGACCCTCAAGGAGC-1,12.126347,9.542981,Bartosovic_scRNA-Seq
GAGACCCTCTCCGCAT-1,12.650677,4.705377,Bartosovic_scRNA-Seq
GAGACTTCAGTCAGTT-1,10.814312,-7.939901,Bartosovic_scRNA-Seq
GAGACTTGTGGAACAC-1,-0.12848438,-9.74819,Bartosovic_scRNA-Seq
GAGACTTTCCGACGGT-1,14.019131,7.0424767,Bartosovic_scRNA-Seq
GAGAGGTGTGTCCCTT-1,10.185527,7.8842926,Bartosovic_scRNA-Seq
GAGAGGTGTTCTATCT-1,-2.5961528,-2.203944,Bartosovic_scRNA-Seq
GAGATGGGTGCGACAA-1,10.889393,6.9270577,Bartosovic_scRNA-Seq
GAGATGGGTGCGTTTA-1,12.455231,8.655522,Bartosovic_scRNA-Seq
GAGATGGTCAGCGCAC-1,14.959413,5.8404026,Bartosovic_scRNA-Seq
GAGCCTGAGGGTCTTT-1,0.8810175,12.48697,Bartosovic_scRNA-Seq
GAGCCTGTCGCTAATG-1,0.21009031,11.557301,Bartosovic_scRNA-Seq
GAGGCAAAGATCCAAA-1,-0.19386004,-9.76753,Bartosovic_scRNA-Seq
GAGGCAAAGCTGACAG-1,1.2483435,-4.4677014,Bartosovic_scRNA-Seq
GAGGCAACAGGCATTT-1,14.807073,6.444879,Bartosovic_scRNA-Seq
GAGGCCTAGAGAGGGC-1,11.344361,7.5334506,Bartosovic_scRNA-Seq
GAGGCCTAGTAGTCCT-1,5.0566006,3.9524481,Bartosovic_scRNA-Seq
GAGGCCTCAAGTCATC-1,13.689757,7.4553494,Bartosovic_scRNA-Seq
GAGGCCTCAAGTCCAT-1,-1.5138353,-10.064487,Bartosovic_scRNA-Seq
GAGGGATTCTCACCCA-1,-0.62080747,-13.166504,Bartosovic_scRNA-Seq
GAGGGTACAGAGATGC-1,6.4337387,3.9055564,Bartosovic_scRNA-Seq
GAGGGTAGTAGAATGT-1,9.757072,-8.122373,Bartosovic_scRNA-Seq
GAGTCATCACCTCTAC-1,10.275367,-7.2195005,Bartosovic_scRNA-Seq
GAGTCATTCTGAGATC-1,0.9583845,10.738492,Bartosovic_scRNA-Seq
GAGTCTAAGTCCTACA-1,12.733914,10.228676,Bartosovic_scRNA-Seq
GAGTGAGAGAAACACT-1,0.303744,-13.0420885,Bartosovic_scRNA-Seq
GAGTGAGAGGTTGAGC-1,8.792149,-7.052251,Bartosovic_scRNA-Seq
GAGTGAGGTGCGGCTT-1,15.069126,6.3787737,Bartosovic_scRNA-Seq
GAGTGAGTCGCTGTCT-1,0.26175967,-8.981991,Bartosovic_scRNA-Seq
GAGTGTTGTTCTCAGA-1,0.21538176,-11.339395,Bartosovic_scRNA-Seq
GAGTTGTAGGAACGAA-1,-3.897176,-1.611636,Bartosovic_scRNA-Seq
GAGTTGTAGGGTGAAA-1,-4.0427794,-2.908783,Bartosovic_scRNA-Seq
GAGTTGTTCATCACCC-1,-1.2298461,14.96491,Bartosovic_scRNA-Seq
GAGTTGTTCCTCTGCA-1,8.8974,-6.5759273,Bartosovic_scRNA-Seq
GATAGAAAGCAGCCCT-1,11.3759775,8.237703,Bartosovic_scRNA-Seq
GATAGAACAACTCCAA-1,14.379515,8.770619,Bartosovic_scRNA-Seq
GATAGCTAGAGTGGCT-1,10.943912,7.7192926,Bartosovic_scRNA-Seq
GATCACAAGAGCGACT-1,13.753605,5.500224,Bartosovic_scRNA-Seq
GATCACACAGAAACCG-1,12.661993,9.416304,Bartosovic_scRNA-Seq
GATCACAGTTTACGAC-1,-1.9224981,-11.4491005,Bartosovic_scRNA-Seq
GATCAGTCATCGTGCG-1,11.934637,7.5548577,Bartosovic_scRNA-Seq
GATCAGTGTTGGTGTT-1,-0.12062873,13.403028,Bartosovic_scRNA-Seq
GATCAGTTCTCTGAGA-1,-1.7006845,11.55504,Bartosovic_scRNA-Seq
GATCATGGTACTGCCG-1,-0.6992284,12.202145,Bartosovic_scRNA-Seq
GATCATGTCGAGTGGA-1,12.286242,9.884263,Bartosovic_scRNA-Seq
GATCATGTCTAAACGC-1,15.221515,7.708242,Bartosovic_scRNA-Seq
GATCCCTCACCATAAC-1,-1.726942,12.850434,Bartosovic_scRNA-Seq
GATCCCTCAGCAGTCC-1,-0.86543936,11.781021,Bartosovic_scRNA-Seq
GATCCCTGTATCGAGG-1,-0.4362797,-7.129094,Bartosovic_scRNA-Seq
GATCCCTGTATTGACC-1,13.178484,9.904281,Bartosovic_scRNA-Seq
GATCCCTGTCACATTG-1,13.059343,6.58039,Bartosovic_scRNA-Seq
GATCCCTTCGCGCCAA-1,8.519626,-7.0257344,Bartosovic_scRNA-Seq
GATCCCTTCTGTTCAT-1,12.791826,10.198182,Bartosovic_scRNA-Seq
GATCGTAAGATTGATG-1,13.227542,7.4289484,Bartosovic_scRNA-Seq
GATGACTCAAGTGCTT-1,1.2808629,-11.547564,Bartosovic_scRNA-Seq
GATGACTCAGCTCATA-1,9.683781,7.716794,Bartosovic_scRNA-Seq
GATGACTGTATCCTCC-1,15.6418915,7.4506574,Bartosovic_scRNA-Seq
GATGAGGAGAATTGTG-1,10.844696,7.186965,Bartosovic_scRNA-Seq
GATGAGGCATGAATCC-1,-0.5702968,-12.760503,Bartosovic_scRNA-Seq
GATGATCTCGCTACAA-1,-0.71649724,-12.409476,Bartosovic_scRNA-Seq
GATGATCTCGTAACAC-1,-4.2653236,-2.7070653,Bartosovic_scRNA-Seq
GATGATCTCTAGCAAC-1,10.009964,7.069454,Bartosovic_scRNA-Seq
GATGCTAGTTCTCGCT-1,12.812975,6.4834533,Bartosovic_scRNA-Seq
GATGGAGGTTATTCCT-1,11.080651,9.223122,Bartosovic_scRNA-Seq
GATGGAGTCCACGGGT-1,-1.3931929,-12.186085,Bartosovic_scRNA-Seq
GATGGAGTCGACGTCG-1,12.595372,7.4180217,Bartosovic_scRNA-Seq
GATGGAGTCTCAACCC-1,-0.77085376,-12.750049,Bartosovic_scRNA-Seq
GATGTTGCAATTTCTC-1,13.898443,7.721113,Bartosovic_scRNA-Seq
GATGTTGCACGTAGAG-1,-2.9044392,-2.0226912,Bartosovic_scRNA-Seq
GATGTTGGTCCGGTGT-1,12.205128,6.0031495,Bartosovic_scRNA-Seq
GATTCTTAGCGTCAGA-1,13.377668,5.574081,Bartosovic_scRNA-Seq
GATTCTTAGTAGAATC-1,-0.9873689,-8.516499,Bartosovic_scRNA-Seq
GATTCTTCACAAAGCG-1,14.851411,7.1403112,Bartosovic_scRNA-Seq
GATTCTTCACTTGTGA-1,0.030085335,12.398479,Bartosovic_scRNA-Seq
GATTCTTCAGACAAAT-1,12.967439,3.42879,Bartosovic_scRNA-Seq
GATTGGTAGCAATAAC-1,-0.62365973,-12.1189575,Bartosovic_scRNA-Seq
GATTGGTAGTAAATGC-1,0.47421217,11.509023,Bartosovic_scRNA-Seq
GATTGGTCACATAGCT-1,12.550054,4.631692,Bartosovic_scRNA-Seq
GATTGGTGTTGTAGCT-1,4.9224176,4.254523,Bartosovic_scRNA-Seq
GATTGGTTCACGGAGA-1,-1.3327864,11.978476,Bartosovic_scRNA-Seq
GATTGGTTCGAGTACT-1,-1.4907281,-9.889433,Bartosovic_scRNA-Seq
GATTGGTTCTTTGCTA-1,-2.0066965,-12.119836,Bartosovic_scRNA-Seq
GATTTCTTCGCTTTAT-1,-1.0197449,-6.7321935,Bartosovic_scRNA-Seq
GCAACATCATCGAAGG-1,0.90703064,-10.312849,Bartosovic_scRNA-Seq
GCAACCGAGCAAGGAA-1,0.065962024,-12.255135,Bartosovic_scRNA-Seq
GCAACCGAGGCCTTCG-1,2.3570526,-4.6483355,Bartosovic_scRNA-Seq
GCAACCGCACCCTATC-1,-0.27507392,-10.70093,Bartosovic_scRNA-Seq
GCAACCGCACTTCATT-1,2.0971699,-5.079228,Bartosovic_scRNA-Seq
GCAACCGTCTTCCACG-1,8.234454,-6.777059,Bartosovic_scRNA-Seq
GCAACCGTCTTCCGTG-1,12.287021,3.5916505,Bartosovic_scRNA-Seq
GCACGGTCACTTGTCC-1,-4.823684,-1.7406169,Bartosovic_scRNA-Seq
GCACGGTGTTGCAAGG-1,11.951627,7.273685,Bartosovic_scRNA-Seq
GCACGTGCACGCGGTT-1,14.611966,7.552664,Bartosovic_scRNA-Seq
GCACGTGCACTCCTTG-1,-0.59971887,-11.883721,Bartosovic_scRNA-Seq
GCACTAAAGCTGAAAT-1,13.980658,8.743165,Bartosovic_scRNA-Seq
GCACTAAGTGTGAATA-1,13.627423,5.013613,Bartosovic_scRNA-Seq
GCACTAATCGTCCATC-1,13.519934,6.9949193,Bartosovic_scRNA-Seq
GCAGCCACATGCGGTC-1,9.69932,-7.9338727,Bartosovic_scRNA-Seq
GCAGCCAGTAGATTAG-1,13.905195,9.478691,Bartosovic_scRNA-Seq
GCAGCCATCGCTCTAC-1,13.149073,8.843286,Bartosovic_scRNA-Seq
GCAGCTGCAATTAGGA-1,0.29036796,-9.226151,Bartosovic_scRNA-Seq
GCAGCTGCACATGTTG-1,-1.3298388,-9.98849,Bartosovic_scRNA-Seq
GCAGCTGTCATTTACC-1,13.687482,6.1622567,Bartosovic_scRNA-Seq
GCAGCTGTCCAATCTT-1,-0.6913491,-13.330149,Bartosovic_scRNA-Seq
GCAGGCTAGACAAGCC-1,0.43477365,-13.103917,Bartosovic_scRNA-Seq
GCAGGCTGTAACGATA-1,13.848202,9.595758,Bartosovic_scRNA-Seq
GCAGTTAGTCCGGTGT-1,-0.83771724,10.904757,Bartosovic_scRNA-Seq
GCATCGGAGAACTCCT-1,-0.69635576,-11.313183,Bartosovic_scRNA-Seq
GCATCGGCAAGATGTA-1,14.8303175,7.9419746,Bartosovic_scRNA-Seq
GCATCGGCACGCGTGT-1,0.8924707,13.735093,Bartosovic_scRNA-Seq
GCATCGGCATGACGTT-1,15.033612,8.105881,Bartosovic_scRNA-Seq
GCATCGGTCGCCAACG-1,13.765649,9.192807,Bartosovic_scRNA-Seq
GCATCTCAGCCGAATG-1,0.4885385,-11.9030695,Bartosovic_scRNA-Seq
GCATCTCCACTGGCGT-1,11.51648,7.8682575,Bartosovic_scRNA-Seq
GCATGATAGCGGTAAC-1,14.594821,8.233028,Bartosovic_scRNA-Seq
GCATGATGTGTCACAT-1,-1.2176445,-12.256915,Bartosovic_scRNA-Seq
GCATGATTCATAAGGA-1,0.31108683,12.432612,Bartosovic_scRNA-Seq
GCATGATTCTGGGATT-1,13.944267,9.124398,Bartosovic_scRNA-Seq
GCATTAGCACCTGCTT-1,-2.1104927,11.587473,Bartosovic_scRNA-Seq
GCCAACGAGGATCACG-1,11.879478,9.66146,Bartosovic_scRNA-Seq
GCCAACGCAGAACTAA-1,-1.9871812,-11.326395,Bartosovic_scRNA-Seq
GCCAACGCAGTGTGGA-1,11.59094,9.433685,Bartosovic_scRNA-Seq
GCCAACGCATAGGCGA-1,12.637355,6.195705,Bartosovic_scRNA-Seq
GCCAGCAAGCGACTGA-1,12.566971,6.7892385,Bartosovic_scRNA-Seq
GCCAGCAAGTCACGCC-1,12.696221,6.963657,Bartosovic_scRNA-Seq
GCCAGCACAGCTCCTT-1,10.788586,8.073273,Bartosovic_scRNA-Seq
GCCAGCAGTAACATCC-1,0.5559494,11.977343,Bartosovic_scRNA-Seq
GCCAGGTGTCGATTTG-1,0.48502955,-12.758951,Bartosovic_scRNA-Seq
GCCAGTGAGGTCGAGT-1,-0.646823,10.66088,Bartosovic_scRNA-Seq
GCCAGTGAGTATCCTG-1,12.072758,8.5894375,Bartosovic_scRNA-Seq
GCCAGTGTCAGCCTTC-1,11.670055,9.622105,Bartosovic_scRNA-Seq
GCCAGTGTCATTTACC-1,12.190222,6.969286,Bartosovic_scRNA-Seq
GCCATGGAGATTGCGG-1,-0.05781542,10.462018,Bartosovic_scRNA-Seq
GCCATGGAGCTCATAC-1,-1.5273516,10.44375,Bartosovic_scRNA-Seq
GCCATGGCAGAATCGG-1,-0.45172626,13.240329,Bartosovic_scRNA-Seq
GCCATGGTCGCTGACG-1,-4.262445,-2.0737357,Bartosovic_scRNA-Seq
GCCATGGTCTATACGG-1,14.907267,8.114905,Bartosovic_scRNA-Seq
GCCATTCGTTTCCCAC-1,14.596017,6.5904403,Bartosovic_scRNA-Seq
GCCATTCTCCTGCTAC-1,14.488668,7.1126876,Bartosovic_scRNA-Seq
GCCCAGACACAAATCC-1,-0.13513523,-13.095709,Bartosovic_scRNA-Seq
GCCCAGACACAGAAGC-1,-0.3291727,10.977091,Bartosovic_scRNA-Seq
GCCCGAAAGCTTCATG-1,-1.1642084,-12.459784,Bartosovic_scRNA-Seq
GCCGATGAGCAAATCA-1,-8.682365,8.502404,Bartosovic_scRNA-Seq
GCCGATGGTACGAAAT-1,0.73381156,-12.6747465,Bartosovic_scRNA-Seq
GCCGATGGTAGTCTTG-1,-8.416314,8.731557,Bartosovic_scRNA-Seq
GCCGTGACATAATCCG-1,0.88985884,14.237861,Bartosovic_scRNA-Seq
GCCTGTTCAATTTCCT-1,-0.027026122,-12.424361,Bartosovic_scRNA-Seq
GCCTGTTGTGAGTGAC-1,12.369089,8.409719,Bartosovic_scRNA-Seq
GCGAGAAAGGGAGGGT-1,10.864955,7.328341,Bartosovic_scRNA-Seq
GCGAGAACATGCAGGA-1,14.038942,6.912184,Bartosovic_scRNA-Seq
GCGATCGCAGACCTGC-1,-0.9181418,-12.238558,Bartosovic_scRNA-Seq
GCGATCGGTTATAGCC-1,13.84857,7.217869,Bartosovic_scRNA-Seq
GCGGAAACAGCTGAGA-1,11.781745,7.3950586,Bartosovic_scRNA-Seq
GCGGAAAGTCGACGCT-1,-0.2073062,-13.116037,Bartosovic_scRNA-Seq
GCGGAAAGTTAACCTG-1,1.2516489,-12.008441,Bartosovic_scRNA-Seq
GCGGATCAGCAATTCC-1,13.236779,5.2624927,Bartosovic_scRNA-Seq
GCGGATCCAGCAGTAG-1,-0.42706165,13.553973,Bartosovic_scRNA-Seq
GCGGATCCAGGTCTCG-1,11.268296,7.944851,Bartosovic_scRNA-Seq
GCGTGCAAGCTGGAGT-1,11.342768,8.390001,Bartosovic_scRNA-Seq
GCGTGCAGTCCTGGTG-1,6.7732987,4.0939393,Bartosovic_scRNA-Seq
GCGTGCAGTTTGAAAG-1,8.634867,-7.106275,Bartosovic_scRNA-Seq
GCGTGCATCTGGACCG-1,0.7440163,14.081648,Bartosovic_scRNA-Seq
GCGTTTCAGTCTCGTA-1,-2.1139052,11.615041,Bartosovic_scRNA-Seq
GCGTTTCCAAAGCGTG-1,-0.24588609,12.02905,Bartosovic_scRNA-Seq
GCGTTTCGTATGCTAC-1,11.0497055,6.7793255,Bartosovic_scRNA-Seq
GCTACAACAAGAGGCT-1,0.3819456,11.4379225,Bartosovic_scRNA-Seq
GCTACAATCACTGTCC-1,14.10766,7.5197005,Bartosovic_scRNA-Seq
GCTACCTAGTACAGAT-1,-1.2505949,14.209877,Bartosovic_scRNA-Seq
GCTACCTAGTCCCTAA-1,0.3631842,13.288426,Bartosovic_scRNA-Seq
GCTCAAAAGTTGGACG-1,11.795081,8.290082,Bartosovic_scRNA-Seq
GCTCAAACAATCGCGC-1,0.15869963,11.71487,Bartosovic_scRNA-Seq
GCTCAAAGTATCGCGC-1,14.947819,7.4587603,Bartosovic_scRNA-Seq
GCTCAAATCTACCTTA-1,6.613068,4.16505,Bartosovic_scRNA-Seq
GCTGAATAGCTGAAGC-1,-0.42134658,-9.040565,Bartosovic_scRNA-Seq
GCTGAATCATATACCG-1,0.9693633,-11.703007,Bartosovic_scRNA-Seq
GCTGAATGTCACATTG-1,-0.6656066,-12.211964,Bartosovic_scRNA-Seq
GCTGAATTCGCTTAAG-1,10.826753,-7.522577,Bartosovic_scRNA-Seq
GCTGCAGGTCGAGCAA-1,13.902242,7.3036785,Bartosovic_scRNA-Seq
GCTTCACAGTCGCCAC-1,-0.29846317,11.060087,Bartosovic_scRNA-Seq
GCTTCACAGTCGGCCT-1,12.6798935,6.7292056,Bartosovic_scRNA-Seq
GCTTCACGTTCGTACA-1,-0.22755584,13.260349,Bartosovic_scRNA-Seq
GCTTCACTCTGCATGA-1,9.850676,7.5915027,Bartosovic_scRNA-Seq
GCTTGGGAGTACTCGT-1,11.27147,7.324711,Bartosovic_scRNA-Seq
GCTTGGGCACCATTCC-1,9.877536,-7.3530736,Bartosovic_scRNA-Seq
GCTTGGGTCCCTTGGT-1,12.196885,8.905542,Bartosovic_scRNA-Seq
GCTTGGGTCTAGTCAG-1,12.729472,3.4997993,Bartosovic_scRNA-Seq
GCTTGGGTCTTTACAC-1,-0.7392128,11.92036,Bartosovic_scRNA-Seq
GCTTTCGAGGCTAGCA-1,-8.260354,8.737032,Bartosovic_scRNA-Seq
GCTTTCGTCTGACGCG-1,13.748482,7.3634553,Bartosovic_scRNA-Seq
GGAACCCCATCATGAC-1,11.150894,6.8413606,Bartosovic_scRNA-Seq
GGAACCCGTTGGCCTG-1,0.69025624,9.138108,Bartosovic_scRNA-Seq
GGAACCCTCAGACAAA-1,1.0489185,12.014132,Bartosovic_scRNA-Seq
GGAAGTGCAGCAGGAT-1,11.222583,6.0929546,Bartosovic_scRNA-Seq
GGAAGTGTCGCAATGT-1,11.094779,7.6323195,Bartosovic_scRNA-Seq
GGAATCTAGCGAGTCA-1,11.961441,6.7952585,Bartosovic_scRNA-Seq
GGAATCTCAATAGTGA-1,1.1607529,14.077596,Bartosovic_scRNA-Seq
GGAATCTTCGTCGGGT-1,-1.4016379,-11.814264,Bartosovic_scRNA-Seq
GGAATGGAGAAGCGAA-1,14.716966,7.808732,Bartosovic_scRNA-Seq
GGAATGGGTATCGCAT-1,-1.5155424,-12.476875,Bartosovic_scRNA-Seq
GGAATGGGTTCAATCG-1,12.441651,5.361491,Bartosovic_scRNA-Seq
GGAGATGAGAGAACCC-1,-0.03157937,10.873062,Bartosovic_scRNA-Seq
GGAGATGGTCAATGGG-1,14.448103,8.438037,Bartosovic_scRNA-Seq
GGAGATGTCCCATTTA-1,0.48387444,-11.45268,Bartosovic_scRNA-Seq
GGAGCAAAGAGGGTGG-1,14.65081,7.041003,Bartosovic_scRNA-Seq
GGAGGATAGGTTGGTG-1,9.975523,7.2146006,Bartosovic_scRNA-Seq
GGAGGATCACGCGTGT-1,1.3048882,13.306091,Bartosovic_scRNA-Seq
GGAGGATGTGGTCCCA-1,12.915934,3.8132215,Bartosovic_scRNA-Seq
GGAGGTAAGAATTGTG-1,-0.7451923,-12.079087,Bartosovic_scRNA-Seq
GGAGGTATCCCAGCGA-1,-1.330741,11.852744,Bartosovic_scRNA-Seq
GGATCTAAGGTTACAA-1,12.459325,8.583379,Bartosovic_scRNA-Seq
GGATCTAGTCAAACGG-1,12.843777,8.931771,Bartosovic_scRNA-Seq
GGATCTATCTACTTCA-1,14.784252,8.897715,Bartosovic_scRNA-Seq
GGATGTTCAGTTACCA-1,0.12678015,-9.126687,Bartosovic_scRNA-Seq
GGATGTTGTCCTGTTC-1,14.703334,6.6378794,Bartosovic_scRNA-Seq
GGATGTTGTCGTATTG-1,-1.4512051,-11.728246,Bartosovic_scRNA-Seq
GGATGTTTCAAGTAAG-1,11.705372,6.673281,Bartosovic_scRNA-Seq
GGATGTTTCCAGCACG-1,9.970227,-8.030166,Bartosovic_scRNA-Seq
GGCACGTAGACTTCCA-1,13.011795,6.87257,Bartosovic_scRNA-Seq
GGCACGTCAACGGTAG-1,12.8673115,9.482224,Bartosovic_scRNA-Seq
GGCACGTCAGTGTGGA-1,13.892141,7.9916553,Bartosovic_scRNA-Seq
GGCAGTCCACCCTCTA-1,0.09922107,-10.3666935,Bartosovic_scRNA-Seq
GGCAGTCGTAGGTAGC-1,-1.0511669,-12.875417,Bartosovic_scRNA-Seq
GGCTGTGTCCTCTCTT-1,0.7614872,14.054196,Bartosovic_scRNA-Seq
GGCTTGGAGCTAAGTA-1,12.885927,4.663563,Bartosovic_scRNA-Seq
GGCTTGGAGGCCACTC-1,10.852215,-6.82606,Bartosovic_scRNA-Seq
GGCTTGGAGGCCCACT-1,14.707642,7.9196653,Bartosovic_scRNA-Seq
GGCTTGGAGGCTCTAT-1,0.37647077,9.301947,Bartosovic_scRNA-Seq
GGCTTGGGTTATTCTC-1,-1.5542754,13.3536,Bartosovic_scRNA-Seq
GGCTTTCAGGGTAATT-1,0.17212602,-9.901666,Bartosovic_scRNA-Seq
GGCTTTCCACCAGCGT-1,5.1634765,4.4336524,Bartosovic_scRNA-Seq
GGCTTTCCATTGCTTT-1,12.8936,9.560182,Bartosovic_scRNA-Seq
GGCTTTCGTAACATCC-1,0.2676012,-13.214179,Bartosovic_scRNA-Seq
GGCTTTCGTCAACCAT-1,1.3956903,13.357761,Bartosovic_scRNA-Seq
GGCTTTCTCACAACCA-1,12.764842,9.166927,Bartosovic_scRNA-Seq
GGGAAGTGTCTCGGGT-1,-2.6248856,-2.5380785,Bartosovic_scRNA-Seq
GGGAAGTGTGGATCAG-1,0.46623152,9.305727,Bartosovic_scRNA-Seq
GGGAAGTTCCACACCT-1,0.3071392,-9.100244,Bartosovic_scRNA-Seq
GGGACAACATCCGTTC-1,13.339852,6.654929,Bartosovic_scRNA-Seq
GGGACAAGTTCGGTAT-1,10.957767,6.823806,Bartosovic_scRNA-Seq
GGGACCTAGGCATGCA-1,-0.13033369,-13.406283,Bartosovic_scRNA-Seq
GGGACTCTCGGCTCTT-1,13.328266,10.102013,Bartosovic_scRNA-Seq
GGGAGATAGCAACCAG-1,-0.38158718,-11.566509,Bartosovic_scRNA-Seq
GGGAGATCAACGTATC-1,12.276376,6.5053096,Bartosovic_scRNA-Seq
GGGAGATCATCAGCGC-1,13.518968,8.953354,Bartosovic_scRNA-Seq
GGGAGATTCTGCTTAT-1,12.939252,6.793649,Bartosovic_scRNA-Seq
GGGAGTATCCATTTCA-1,-1.0089381,-7.7780223,Bartosovic_scRNA-Seq
GGGATCCCAAGCTCTA-1,11.083291,7.534859,Bartosovic_scRNA-Seq
GGGATCCCAAGTCCAT-1,3.3340807,-2.715425,Bartosovic_scRNA-Seq
GGGATCCCAATCTGCA-1,12.50786,4.7897773,Bartosovic_scRNA-Seq
GGGATCCGTAGTGGCA-1,12.308228,7.2148056,Bartosovic_scRNA-Seq
GGGATGACAACCCTCT-1,12.007804,9.795958,Bartosovic_scRNA-Seq
GGGATGAGTATTCTCT-1,0.22693114,-13.00369,Bartosovic_scRNA-Seq
GGGCCATAGCCATTGT-1,9.85914,7.9310713,Bartosovic_scRNA-Seq
GGGCCATGTGACATCT-1,12.3991375,8.699552,Bartosovic_scRNA-Seq
GGGCGTTAGCGTTGTT-1,13.10583,8.006466,Bartosovic_scRNA-Seq
GGGCGTTAGGTCACCC-1,-1.574883,10.2480955,Bartosovic_scRNA-Seq
GGGCGTTCAGGCACTC-1,13.363781,5.3986745,Bartosovic_scRNA-Seq
GGGCTACCAAGTGACG-1,-0.6836521,-13.418144,Bartosovic_scRNA-Seq
GGGCTACGTGCACGCT-1,14.297468,6.97629,Bartosovic_scRNA-Seq
GGGCTACTCAGTCATG-1,12.884053,8.43445,Bartosovic_scRNA-Seq
GGGCTACTCCATCTGC-1,10.808627,8.649576,Bartosovic_scRNA-Seq
GGGCTCAAGAGCCCAA-1,-0.8979145,11.432199,Bartosovic_scRNA-Seq
GGGTAGAAGCGCCCAT-1,-1.5904014,-12.125855,Bartosovic_scRNA-Seq
GGGTAGACAGCTACAT-1,12.982136,8.118324,Bartosovic_scRNA-Seq
GGGTAGACATCGTGGC-1,11.412543,9.332406,Bartosovic_scRNA-Seq
GGGTAGATCAGCCCAG-1,10.748492,8.594808,Bartosovic_scRNA-Seq
GGGTAGATCGACCTAA-1,14.792374,6.0714436,Bartosovic_scRNA-Seq
GGGTAGATCTTCGCTG-1,0.71849525,-10.977563,Bartosovic_scRNA-Seq
GGGTATTAGGTTGAGC-1,10.86783,7.406569,Bartosovic_scRNA-Seq
GGGTATTAGTTGTAAG-1,10.801048,8.083157,Bartosovic_scRNA-Seq
GGGTATTGTACCCGCA-1,15.0874405,8.730093,Bartosovic_scRNA-Seq
GGGTATTGTGACACAG-1,9.892768,-7.033127,Bartosovic_scRNA-Seq
GGGTATTTCCCGGTAG-1,0.09688105,12.03297,Bartosovic_scRNA-Seq
GGGTCACGTTACGGAG-1,0.20077088,-12.73365,Bartosovic_scRNA-Seq
GGGTGAAAGGCAGGGA-1,6.1907687,4.142648,Bartosovic_scRNA-Seq
GGGTGAAGTCAAACGG-1,9.01147,-7.3140326,Bartosovic_scRNA-Seq
GGGTGAAGTCATGCAT-1,0.64518523,-11.210149,Bartosovic_scRNA-Seq
GGGTGAATCATTGTTC-1,13.458111,6.318767,Bartosovic_scRNA-Seq
GGGTGTCGTCAGTTTG-1,0.40405872,12.319927,Bartosovic_scRNA-Seq
GGGTGTCGTGACCGAA-1,2.4030497,-4.2788725,Bartosovic_scRNA-Seq
GGGTGTCTCGCTCTAC-1,-7.2946444,7.9717746,Bartosovic_scRNA-Seq
GGGTGTCTCGTCGCTT-1,14.379098,7.663472,Bartosovic_scRNA-Seq
GGGTTATAGCCATTGT-1,10.926929,-8.541374,Bartosovic_scRNA-Seq
GGGTTATGTGTACATC-1,9.79664,-6.492625,Bartosovic_scRNA-Seq
GGGTTATGTGTCGCTG-1,14.860069,8.103033,Bartosovic_scRNA-Seq
GGGTTTATCCGAAATC-1,11.76936,8.335044,Bartosovic_scRNA-Seq
GGTAACTAGCCTATTG-1,12.26692,9.848608,Bartosovic_scRNA-Seq
GGTAACTAGTGTTCAC-1,10.470946,7.7031035,Bartosovic_scRNA-Seq
GGTAACTCAAGCACAG-1,0.20912997,10.172598,Bartosovic_scRNA-Seq
GGTAACTGTCCGGTCA-1,10.44837,8.296659,Bartosovic_scRNA-Seq
GGTAACTTCGCCAGTG-1,-2.2304938,-12.200725,Bartosovic_scRNA-Seq
GGTAATCAGAGAGTGA-1,-1.6192553,-12.671864,Bartosovic_scRNA-Seq
GGTAATCGTATGACAA-1,12.046205,5.4763513,Bartosovic_scRNA-Seq
GGTAATCGTGCTGCAC-1,13.047813,7.1812773,Bartosovic_scRNA-Seq
GGTAGAGCAATTCGTG-1,12.146176,5.0118794,Bartosovic_scRNA-Seq
GGTAGAGCAGAGAGGG-1,3.755404,-2.867061,Bartosovic_scRNA-Seq
GGTAGAGCAGTCGGTC-1,-0.96987927,11.644094,Bartosovic_scRNA-Seq
GGTAGAGGTCGTTGGC-1,9.184404,-5.6773973,Bartosovic_scRNA-Seq
GGTAGAGTCACAACCA-1,11.7305355,9.209782,Bartosovic_scRNA-Seq
GGTAGAGTCATGCGGC-1,14.464962,7.7379255,Bartosovic_scRNA-Seq
GGTAGAGTCGAAGCCC-1,-1.3152846,13.435723,Bartosovic_scRNA-Seq
GGTCACGCAGCTCATA-1,11.570593,9.353481,Bartosovic_scRNA-Seq
GGTCACGTCAGGACAG-1,0.51461035,-12.433292,Bartosovic_scRNA-Seq
GGTCTGGAGTCATAGA-1,12.675313,6.2428355,Bartosovic_scRNA-Seq
GGTCTGGGTGTAGGAC-1,11.206578,9.811491,Bartosovic_scRNA-Seq
GGTGAAGTCACCATGA-1,0.084611125,-13.080651,Bartosovic_scRNA-Seq
GGTGATTAGTCCTGTA-1,-0.3413522,-9.877457,Bartosovic_scRNA-Seq
GGTGATTGTAGGCTGA-1,12.648607,9.260183,Bartosovic_scRNA-Seq
GGTGATTGTCTACACA-1,-8.065766,8.090794,Bartosovic_scRNA-Seq
GGTGATTGTGTGTACT-1,-8.576966,8.609515,Bartosovic_scRNA-Seq
GGTGGCTCAATAACCC-1,11.20958,7.1836376,Bartosovic_scRNA-Seq
GGTGTCGAGCAAGCCA-1,-3.7997992,-2.7685192,Bartosovic_scRNA-Seq
GGTGTCGCACGCAGTC-1,1.6107454,13.036696,Bartosovic_scRNA-Seq
GGTGTCGTCGACGATT-1,13.093317,6.89889,Bartosovic_scRNA-Seq
GGTGTTACACTCCTGT-1,14.813955,8.160816,Bartosovic_scRNA-Seq
GGTGTTACAGCATCTA-1,13.977369,9.2232485,Bartosovic_scRNA-Seq
GGTGTTATCAACTTTC-1,-8.229525,8.788891,Bartosovic_scRNA-Seq
GGTGTTATCAAGCTTG-1,-0.97400546,10.639424,Bartosovic_scRNA-Seq
GGTGTTATCAAGTGGG-1,-0.7741049,13.271026,Bartosovic_scRNA-Seq
GGTGTTATCCACGTAA-1,-0.1492113,12.160623,Bartosovic_scRNA-Seq
GGTGTTATCCCAAGTA-1,1.2981642,13.245902,Bartosovic_scRNA-Seq
GGTGTTATCGACCATA-1,13.7039585,7.5628467,Bartosovic_scRNA-Seq
GGTGTTATCGACTCCT-1,-0.034103174,13.406848,Bartosovic_scRNA-Seq
GGTTAACAGTTACGGG-1,6.3478456,4.252941,Bartosovic_scRNA-Seq
GGTTAACGTGTTAACC-1,13.487106,6.2554836,Bartosovic_scRNA-Seq
GGTTAACTCGGATACT-1,1.2241976,-3.8251681,Bartosovic_scRNA-Seq
GGTTCTCGTGTTTCTT-1,0.36078015,13.100513,Bartosovic_scRNA-Seq
GGTTCTCTCCACAAGT-1,-0.3127869,-7.6468334,Bartosovic_scRNA-Seq
GGTTCTCTCGGATTAC-1,13.830853,4.971789,Bartosovic_scRNA-Seq
GGTTGTAGTATGAGGC-1,13.999107,6.995017,Bartosovic_scRNA-Seq
GGTTGTAGTTCAGGTT-1,0.27013323,10.84822,Bartosovic_scRNA-Seq
GGTTGTATCATTCGTT-1,5.8539724,3.4684992,Bartosovic_scRNA-Seq
GGTTGTATCTCTCAAT-1,14.421708,8.620311,Bartosovic_scRNA-Seq
GTAACCACACCGTCTT-1,12.862023,8.936732,Bartosovic_scRNA-Seq
GTAACCAGTAAGAACT-1,10.562068,7.8162384,Bartosovic_scRNA-Seq
GTAATCGAGAGCAGTC-1,9.630001,7.0864024,Bartosovic_scRNA-Seq
GTAATCGCACGATAGG-1,-0.019400101,-9.6863,Bartosovic_scRNA-Seq
GTAATGCCAAAGGGTC-1,12.876692,8.866712,Bartosovic_scRNA-Seq
GTAATGCCATCGCTGG-1,-0.6438294,-12.129231,Bartosovic_scRNA-Seq
GTAATGCCATCGGATT-1,0.3671504,-10.172443,Bartosovic_scRNA-Seq
GTAATGCGTAGTGTGG-1,4.8036275,4.108867,Bartosovic_scRNA-Seq
GTAATGCGTGTGAGCA-1,12.322181,6.437374,Bartosovic_scRNA-Seq
GTAATGCTCCTAGCGG-1,8.630546,-6.0297008,Bartosovic_scRNA-Seq
GTAATGCTCCTCTCGA-1,9.821507,7.0773473,Bartosovic_scRNA-Seq
GTAATGCTCGCACGAC-1,-0.31380183,14.711007,Bartosovic_scRNA-Seq
GTACAACCAGTTGGTT-1,10.2442465,-7.7581673,Bartosovic_scRNA-Seq
GTACAACGTAGTCCTA-1,-1.6221579,-12.662124,Bartosovic_scRNA-Seq
GTACAACTCACCTTAT-1,12.810966,8.724947,Bartosovic_scRNA-Seq
GTACAGTCATAACAGA-1,11.246464,6.555108,Bartosovic_scRNA-Seq
GTACAGTGTTGCCGAC-1,12.869196,3.4043133,Bartosovic_scRNA-Seq
GTACAGTTCTTAGCCC-1,-0.1659582,-10.974425,Bartosovic_scRNA-Seq
GTAGAGGCAGCACGAA-1,2.115662,-4.267525,Bartosovic_scRNA-Seq
GTAGAGGGTTGCATAC-1,10.053863,-7.6634364,Bartosovic_scRNA-Seq
GTAGATCGTTATGGTC-1,-0.073893026,-9.632621,Bartosovic_scRNA-Seq
GTAGATCGTTCTCGCT-1,-0.009931232,-12.737545,Bartosovic_scRNA-Seq
GTAGATCTCACTCACC-1,-0.47942874,-12.47983,Bartosovic_scRNA-Seq
GTAGATCTCTGGGCAC-1,12.666699,9.49648,Bartosovic_scRNA-Seq
GTAGCTATCCATTGGA-1,8.626084,-6.8601465,Bartosovic_scRNA-Seq
GTAGGAGGTAAGGCTG-1,11.523911,6.1077285,Bartosovic_scRNA-Seq
GTAGGAGGTGCCTATA-1,8.691914,-6.957485,Bartosovic_scRNA-Seq
GTAGGAGTCATCGCAA-1,13.426381,8.651378,Bartosovic_scRNA-Seq
GTAGGTTAGACTCTTG-1,0.3130172,-8.781486,Bartosovic_scRNA-Seq
GTAGGTTGTGGTAACG-1,13.601898,6.33058,Bartosovic_scRNA-Seq
GTAGGTTGTTGATCGT-1,11.2800045,6.510214,Bartosovic_scRNA-Seq
GTAGGTTTCGAACCTA-1,9.820413,6.674179,Bartosovic_scRNA-Seq
GTAGTACGTAGCGATG-1,8.905552,-6.417571,Bartosovic_scRNA-Seq
GTAGTACTCCATAGGT-1,-4.3798747,-2.679347,Bartosovic_scRNA-Seq
GTAGTACTCGATTGGT-1,-1.4451776,-12.480528,Bartosovic_scRNA-Seq
GTATTGGAGCCACCGT-1,0.36572614,-8.742439,Bartosovic_scRNA-Seq
GTATTGGGTCCCGCAA-1,-1.7615602,12.663219,Bartosovic_scRNA-Seq
GTATTTCGTCCTCCTA-1,11.338241,8.280459,Bartosovic_scRNA-Seq
GTATTTCGTTTCGCTC-1,-1.2167296,12.595396,Bartosovic_scRNA-Seq
GTATTTCTCACGGGCT-1,0.24183539,13.27068,Bartosovic_scRNA-Seq
GTCAAACAGACTGTTC-1,13.238382,7.956536,Bartosovic_scRNA-Seq
GTCAAACCATTGCCTC-1,-0.95642406,-8.822689,Bartosovic_scRNA-Seq
GTCAAACGTGGATGAC-1,-7.8661227,8.653398,Bartosovic_scRNA-Seq
GTCAAGTGTGGAACAC-1,-0.5724526,12.219979,Bartosovic_scRNA-Seq
GTCAAGTTCTTGGGCG-1,11.919201,8.462922,Bartosovic_scRNA-Seq
GTCACGGAGACGCCCT-1,-4.0702763,-1.1220499,Bartosovic_scRNA-Seq
GTCACGGCACGGCCAT-1,0.6975127,11.782442,Bartosovic_scRNA-Seq
GTCACGGCATCCGTTC-1,13.5095215,6.6798515,Bartosovic_scRNA-Seq
GTCACGGTCCACAGGC-1,15.017569,7.0504074,Bartosovic_scRNA-Seq
GTCACGGTCCACATAG-1,0.6922295,-12.43643,Bartosovic_scRNA-Seq
GTCACTCTCTGAGTCA-1,-3.077787,-3.0670195,Bartosovic_scRNA-Seq
GTCACTCTCTGCTCTG-1,-4.3241262,-1.6963725,Bartosovic_scRNA-Seq
GTCAGCGGTAGCACGA-1,11.432288,5.929237,Bartosovic_scRNA-Seq
GTCATCCGTCATAGTC-1,13.827687,7.850658,Bartosovic_scRNA-Seq
GTCATCCTCGATACAC-1,12.36488,3.3435183,Bartosovic_scRNA-Seq
GTCATGAGTTCCTAGA-1,12.422484,5.1772,Bartosovic_scRNA-Seq
GTCATGATCCCAGCGA-1,9.922282,6.9472227,Bartosovic_scRNA-Seq
GTCATTTGTGGCGCTT-1,-1.6707836,11.322387,Bartosovic_scRNA-Seq
GTCCACTAGACTACCT-1,12.902583,3.6371276,Bartosovic_scRNA-Seq
GTCCACTCATAATCGC-1,-3.965231,-2.7429836,Bartosovic_scRNA-Seq
GTCCACTTCCAAGGGA-1,9.036464,-6.884258,Bartosovic_scRNA-Seq
GTCCACTTCGCCAGAC-1,13.677457,6.653449,Bartosovic_scRNA-Seq
GTCGAATAGTGCACCC-1,13.364007,6.1305304,Bartosovic_scRNA-Seq
GTCGAATAGTTGGGAC-1,0.18433587,-11.555647,Bartosovic_scRNA-Seq
GTCGCGAAGGTTCCAT-1,12.991778,5.0969815,Bartosovic_scRNA-Seq
GTCGTAACAACAGTGG-1,11.559459,6.471569,Bartosovic_scRNA-Seq
GTCGTAACAGAAATCA-1,-0.15008236,-11.277015,Bartosovic_scRNA-Seq
GTCGTAAGTAATTAGG-1,10.41309,-7.974461,Bartosovic_scRNA-Seq
GTCGTAAGTTCTTCAT-1,8.823386,-6.695354,Bartosovic_scRNA-Seq
GTCGTAATCAGACCGC-1,12.798387,7.789347,Bartosovic_scRNA-Seq
GTCGTTCCACAGCTTA-1,6.528364,3.951653,Bartosovic_scRNA-Seq
GTCGTTCCATTCGGGC-1,13.542357,4.8081703,Bartosovic_scRNA-Seq
GTCGTTCGTCACTCAA-1,10.057548,-6.5471983,Bartosovic_scRNA-Seq
GTCTACCAGTAAACGT-1,1.0789214,12.328253,Bartosovic_scRNA-Seq
GTCTACCCAAGAGAGA-1,13.940954,5.2964306,Bartosovic_scRNA-Seq
GTCTACCGTGATGTAA-1,13.277529,5.958823,Bartosovic_scRNA-Seq
GTCTACCGTTACCTTT-1,12.802953,9.712532,Bartosovic_scRNA-Seq
GTCTACCTCGATGGAG-1,10.662389,-7.5575485,Bartosovic_scRNA-Seq
GTCTAGAAGCCTGGAA-1,12.372174,5.7900143,Bartosovic_scRNA-Seq
GTCTAGAAGGATTTCC-1,10.936983,7.6026626,Bartosovic_scRNA-Seq
GTCTAGAAGTCATACC-1,12.845256,3.5538068,Bartosovic_scRNA-Seq
GTCTAGACACTTCATT-1,-0.43234766,12.505539,Bartosovic_scRNA-Seq
GTCTAGAGTTCTCTAT-1,0.26095334,-11.677333,Bartosovic_scRNA-Seq
GTCTCACAGTAGAGTT-1,-0.01577558,-9.035003,Bartosovic_scRNA-Seq
GTCTGTCCACTGTCCT-1,9.128639,-6.0205636,Bartosovic_scRNA-Seq
GTCTGTCCAGGCCCTA-1,10.417531,-6.803367,Bartosovic_scRNA-Seq
GTCTGTCCATCGTCCT-1,13.598454,7.3316526,Bartosovic_scRNA-Seq
GTCTGTCGTGTGTGTT-1,12.647676,6.0322766,Bartosovic_scRNA-Seq
GTCTTTAGTAGCTTAC-1,10.007521,7.0203443,Bartosovic_scRNA-Seq
GTCTTTAGTCTCCTGT-1,0.056390554,-8.70373,Bartosovic_scRNA-Seq
GTGACGCTCTAGCATG-1,12.574901,6.586424,Bartosovic_scRNA-Seq
GTGAGCCGTGCCGAAA-1,0.41637713,10.559298,Bartosovic_scRNA-Seq
GTGAGGAAGACGCTCC-1,0.080931015,-12.302899,Bartosovic_scRNA-Seq
GTGAGGACATGTTCAG-1,9.929072,7.486853,Bartosovic_scRNA-Seq
GTGAGGAGTACGACAG-1,9.120774,-7.689019,Bartosovic_scRNA-Seq
GTGAGGAGTCTGATCA-1,14.46629,6.3644056,Bartosovic_scRNA-Seq
GTGAGTTTCATCGCCT-1,8.97919,-7.5563703,Bartosovic_scRNA-Seq
GTGAGTTTCCCGAGAC-1,15.099546,8.230604,Bartosovic_scRNA-Seq
GTGATGTAGTTAACGA-1,12.571979,7.591216,Bartosovic_scRNA-Seq
GTGATGTGTGGATCAG-1,10.191343,6.9369254,Bartosovic_scRNA-Seq
GTGATGTGTTTGGAAA-1,-1.3916814,-12.041236,Bartosovic_scRNA-Seq
GTGCACGCATGCAGCC-1,-3.7120092,-1.4517636,Bartosovic_scRNA-Seq
GTGCAGCCACGACGAA-1,-0.1952311,10.496159,Bartosovic_scRNA-Seq
GTGCAGCCATTGTCGA-1,12.973853,6.2086935,Bartosovic_scRNA-Seq
GTGCAGCGTCACATTG-1,-3.8228137,-2.1042457,Bartosovic_scRNA-Seq
GTGCGTGCATTCAGGT-1,12.825727,9.452322,Bartosovic_scRNA-Seq
GTGCTGGCACCTCTAC-1,11.015068,7.057744,Bartosovic_scRNA-Seq
GTGCTGGGTCGAATTC-1,-0.93294454,10.946774,Bartosovic_scRNA-Seq
GTGCTGGTCGCTAATG-1,13.46309,7.064501,Bartosovic_scRNA-Seq
GTGCTTCAGCGGGTTA-1,0.8175491,-12.624102,Bartosovic_scRNA-Seq
GTGCTTCCATGACTGT-1,13.25384,7.225757,Bartosovic_scRNA-Seq
GTGCTTCTCACTCTTA-1,-3.6516418,-1.9041978,Bartosovic_scRNA-Seq
GTGGAAGCAAGTTTGC-1,0.9289387,-12.135229,Bartosovic_scRNA-Seq
GTGGAAGCAGCCGTTG-1,1.1941596,11.126895,Bartosovic_scRNA-Seq
GTGGAGACAAGAGGCT-1,6.1677675,3.069094,Bartosovic_scRNA-Seq
GTGGAGACAATACGAA-1,-8.303291,8.063506,Bartosovic_scRNA-Seq
GTGGCGTCACCGTACG-1,0.3693864,-12.704362,Bartosovic_scRNA-Seq
GTGGCGTTCATGCCAA-1,14.224177,8.750526,Bartosovic_scRNA-Seq
GTGGCGTTCATTATCC-1,-1.3877846,-12.114186,Bartosovic_scRNA-Seq
GTGGGAATCCGTGACG-1,3.4291413,-4.588919,Bartosovic_scRNA-Seq
GTGGGAATCTCTAAGG-1,11.712646,7.8801274,Bartosovic_scRNA-Seq
GTGGTTAAGGATACAT-1,9.653597,-7.073109,Bartosovic_scRNA-Seq
GTGGTTAAGTCCTGCG-1,12.895361,6.56282,Bartosovic_scRNA-Seq
GTGGTTAGTGTTGCCG-1,12.393602,7.0527563,Bartosovic_scRNA-Seq
GTGGTTATCCATCAGA-1,-4.20794,-1.1327653,Bartosovic_scRNA-Seq
GTGGTTATCGCGTGCA-1,-1.5231215,13.453457,Bartosovic_scRNA-Seq
GTGGTTATCTGCGGAC-1,-0.19574592,-10.990833,Bartosovic_scRNA-Seq
GTGTAACTCGGAATGG-1,0.6532636,13.353036,Bartosovic_scRNA-Seq
GTGTCCTAGTGATAGT-1,12.368074,8.634082,Bartosovic_scRNA-Seq
GTGTCCTCAGAACTTC-1,12.686529,3.5542395,Bartosovic_scRNA-Seq
GTGTCCTGTATCTCGA-1,9.56999,-5.8710275,Bartosovic_scRNA-Seq
GTGTCCTTCGCAAGAG-1,10.5274,6.9504137,Bartosovic_scRNA-Seq
GTGTGATCATAGATGA-1,12.176774,8.21484,Bartosovic_scRNA-Seq
GTGTGATGTCCTACGG-1,-0.26610324,-12.8107815,Bartosovic_scRNA-Seq
GTGTGGCAGCCTAGGA-1,-0.17411521,-10.604417,Bartosovic_scRNA-Seq
GTGTGGCCAGCCATTA-1,13.945487,9.032121,Bartosovic_scRNA-Seq
GTGTGGCGTGTTTGCA-1,8.976972,-6.040815,Bartosovic_scRNA-Seq
GTGTGGCTCAAGTGTC-1,8.849054,-6.788891,Bartosovic_scRNA-Seq
GTGTGGCTCCACACAA-1,-7.9610386,8.9819355,Bartosovic_scRNA-Seq
GTGTTAGTCACATACG-1,11.955247,7.714931,Bartosovic_scRNA-Seq
GTGTTCCAGGCATCAG-1,3.4524412,-2.941784,Bartosovic_scRNA-Seq
GTTACAGCAGCTCTGG-1,0.04595369,13.452797,Bartosovic_scRNA-Seq
GTTACAGGTGTACATC-1,3.1513066,-3.7321846,Bartosovic_scRNA-Seq
GTTACGAGTACTTCCC-1,-1.5714381,11.572548,Bartosovic_scRNA-Seq
GTTACGAGTTCGGTTA-1,-1.434316,10.629968,Bartosovic_scRNA-Seq
GTTACGAGTTCTCGTC-1,14.570625,7.5799613,Bartosovic_scRNA-Seq
GTTACGATCCCAGGCA-1,-0.7841488,-11.280213,Bartosovic_scRNA-Seq
GTTACGATCGCTGATA-1,10.526146,7.5915008,Bartosovic_scRNA-Seq
GTTAGACGTCTACATG-1,1.0292565,12.46838,Bartosovic_scRNA-Seq
GTTAGTGAGCTCTTCC-1,11.451764,9.708746,Bartosovic_scRNA-Seq
GTTAGTGAGTCCGTCG-1,0.08406852,-10.523579,Bartosovic_scRNA-Seq
GTTAGTGGTACGCTTA-1,13.323927,5.280804,Bartosovic_scRNA-Seq
GTTAGTGTCCATCTCG-1,-1.2030412,-12.87271,Bartosovic_scRNA-Seq
GTTAGTGTCTGTCGCT-1,-1.9647115,12.321771,Bartosovic_scRNA-Seq
GTTATGGCAGTGGGTA-1,12.181133,5.207008,Bartosovic_scRNA-Seq
GTTCATTAGTGAGTGC-1,0.8229464,12.156867,Bartosovic_scRNA-Seq
GTTCATTCACCGTGAC-1,12.964761,7.4800754,Bartosovic_scRNA-Seq
GTTCATTCAGCGGATA-1,-0.97059643,12.070844,Bartosovic_scRNA-Seq
GTTCCGTAGCATGAAT-1,-1.1598485,13.374432,Bartosovic_scRNA-Seq
GTTCCGTAGCCACAAG-1,8.357066,-6.8116403,Bartosovic_scRNA-Seq
GTTCCGTCACAAAGTA-1,11.915744,6.570106,Bartosovic_scRNA-Seq
GTTCCGTCAGACGGAT-1,-0.5374706,-13.4226465,Bartosovic_scRNA-Seq
GTTCGCTCAAACTCTG-1,6.9850206,4.2952666,Bartosovic_scRNA-Seq
GTTCGCTGTTGGAGAC-1,-1.482013,-12.831819,Bartosovic_scRNA-Seq
GTTCTATCACTGGATT-1,11.148136,6.2333636,Bartosovic_scRNA-Seq
GTTGAACCATTGACCA-1,-0.8813175,11.180369,Bartosovic_scRNA-Seq
GTTGAACGTTTGGGAG-1,10.590778,-7.4018254,Bartosovic_scRNA-Seq
GTTGCGGAGCAGCCTC-1,11.063652,8.31287,Bartosovic_scRNA-Seq
GTTGCGGCACTTCAAG-1,14.541281,7.3463206,Bartosovic_scRNA-Seq
GTTGCGGCAGGTCCGT-1,12.906695,7.1474333,Bartosovic_scRNA-Seq
GTTGCTCCAACGTATC-1,-0.16842134,12.06155,Bartosovic_scRNA-Seq
GTTGCTCCAAGGCGTA-1,11.639059,6.7854757,Bartosovic_scRNA-Seq
GTTGCTCTCTCAGGCG-1,-0.13600434,12.055017,Bartosovic_scRNA-Seq
GTTGTAGAGCCACCGT-1,9.748815,8.587715,Bartosovic_scRNA-Seq
GTTGTAGGTAACATGA-1,9.986752,-8.227098,Bartosovic_scRNA-Seq
GTTGTCCAGGTACCTT-1,-0.29324973,-9.307297,Bartosovic_scRNA-Seq
GTTGTCCGTAGCTTTG-1,10.265004,8.760997,Bartosovic_scRNA-Seq
GTTGTCCTCGACGCGT-1,12.119827,8.72249,Bartosovic_scRNA-Seq
GTTGTCCTCGTCCTCA-1,15.235401,7.2988467,Bartosovic_scRNA-Seq
GTTGTCCTCTACCAGA-1,0.4320219,-10.885211,Bartosovic_scRNA-Seq
GTTGTGAAGCATACTC-1,10.322515,6.7684402,Bartosovic_scRNA-Seq
GTTGTGAGTGGTCCGT-1,10.825214,6.8899794,Bartosovic_scRNA-Seq
GTTTGGACAGTCAGCC-1,14.605088,6.650801,Bartosovic_scRNA-Seq
GTTTGGATCGTAGTCA-1,10.696034,8.97555,Bartosovic_scRNA-Seq
TAACACGAGCGCCTTG-1,1.3779316,12.276076,Bartosovic_scRNA-Seq
TAACACGCAATTAGGA-1,14.645606,6.465098,Bartosovic_scRNA-Seq
TAACACGCAGAGGCAT-1,-4.2566857,-2.3707066,Bartosovic_scRNA-Seq
TAACACGGTGGCTTAT-1,12.564567,8.354526,Bartosovic_scRNA-Seq
TAACCAGCACAAGGTG-1,-8.457439,8.2758875,Bartosovic_scRNA-Seq
TAACCAGGTCGTCTCT-1,-0.533813,13.454152,Bartosovic_scRNA-Seq
TAACCAGGTGATATAG-1,13.954826,9.160314,Bartosovic_scRNA-Seq
TAACGACCAATGACCT-1,13.50257,9.837042,Bartosovic_scRNA-Seq
TAACGACCACGTCGTG-1,-8.432204,8.860512,Bartosovic_scRNA-Seq
TAACGACTCTCACGAA-1,11.159385,7.455392,Bartosovic_scRNA-Seq
TAACTTCAGACCCGCT-1,13.465508,4.297986,Bartosovic_scRNA-Seq
TAACTTCAGAGCAAGA-1,8.721913,-7.431898,Bartosovic_scRNA-Seq
TAACTTCAGCTATCCA-1,-0.024582904,-12.909826,Bartosovic_scRNA-Seq
TAACTTCAGGTGCCTC-1,13.469631,7.972634,Bartosovic_scRNA-Seq
TAACTTCGTAACGATA-1,1.2078806,11.3513565,Bartosovic_scRNA-Seq
TAACTTCTCTGGCTGG-1,9.469514,-6.542962,Bartosovic_scRNA-Seq
TAAGCACGTCAGTCGC-1,12.975816,7.815702,Bartosovic_scRNA-Seq
TAAGCACTCGACCATA-1,0.06675157,12.509123,Bartosovic_scRNA-Seq
TAAGCCAAGTTTGGCT-1,11.601182,7.951578,Bartosovic_scRNA-Seq
TAAGCCACACAGCTTA-1,-0.48099324,-12.099921,Bartosovic_scRNA-Seq
TAAGCCATCCGTTTCG-1,-1.0411291,13.542296,Bartosovic_scRNA-Seq
TAAGTCGAGTATAACG-1,-1.1468662,-5.937631,Bartosovic_scRNA-Seq
TAATCTCCACGATAGG-1,-1.2066444,-12.326366,Bartosovic_scRNA-Seq
TAATCTCCACGCTTAA-1,-0.2263673,-9.845558,Bartosovic_scRNA-Seq
TAATCTCCAGGGCTTC-1,-7.6691093,8.115786,Bartosovic_scRNA-Seq
TAATTCCAGAACTTCC-1,-1.2216096,12.688031,Bartosovic_scRNA-Seq
TAATTCCCAAATGGTA-1,5.3262334,4.5115333,Bartosovic_scRNA-Seq
TAATTCCCACTATGTG-1,13.254254,10.033745,Bartosovic_scRNA-Seq
TAATTCCGTATTAAGG-1,1.0701015,11.328321,Bartosovic_scRNA-Seq
TAATTCCTCTCCCATG-1,0.74103004,-11.04945,Bartosovic_scRNA-Seq
TACAACGCACTGTGTA-1,1.2126653,-11.894019,Bartosovic_scRNA-Seq
TACAACGTCCACTTCG-1,11.590486,9.809021,Bartosovic_scRNA-Seq
TACACCCGTTGCTCCT-1,11.210761,7.322205,Bartosovic_scRNA-Seq
TACACCCTCCACTTCG-1,0.12686245,-13.206077,Bartosovic_scRNA-Seq
TACACCCTCGACACTA-1,12.627203,9.97229,Bartosovic_scRNA-Seq
TACACCCTCTCGAACA-1,-3.125933,-2.1422458,Bartosovic_scRNA-Seq
TACAGGTCATACTTTC-1,-0.7300502,-9.279723,Bartosovic_scRNA-Seq
TACATTCAGACCAGCA-1,8.481591,-6.554748,Bartosovic_scRNA-Seq
TACATTCCAAATGAGT-1,13.510918,9.486684,Bartosovic_scRNA-Seq
TACATTCCATGTGGCC-1,0.022107158,-8.684384,Bartosovic_scRNA-Seq
TACCCACAGAGAATCT-1,-0.6076978,-11.284069,Bartosovic_scRNA-Seq
TACCCACCACTCCTGT-1,13.83653,3.9007695,Bartosovic_scRNA-Seq
TACCCACCATACCGTA-1,-1.9215941,11.984371,Bartosovic_scRNA-Seq
TACCCACCATTAGGAA-1,0.70272523,11.790333,Bartosovic_scRNA-Seq
TACCCACGTTTCGTTT-1,0.41117457,-8.408597,Bartosovic_scRNA-Seq
TACCCACTCCAGTACA-1,-0.97404176,12.267241,Bartosovic_scRNA-Seq
TACCCACTCCGATAAC-1,1.0628524,12.258388,Bartosovic_scRNA-Seq
TACCCGTAGTCGTCTA-1,10.694655,-7.821232,Bartosovic_scRNA-Seq
TACCCGTTCGGCTTCT-1,-1.8380852,-11.818409,Bartosovic_scRNA-Seq
TACCCGTTCTGAGAGG-1,11.204439,7.5387855,Bartosovic_scRNA-Seq
TACCGAAAGGGAGAAT-1,-0.7388014,-11.85135,Bartosovic_scRNA-Seq
TACCGAACAATACAGA-1,12.322363,7.0940375,Bartosovic_scRNA-Seq
TACCGAATCATGAGTC-1,9.339682,-6.7171655,Bartosovic_scRNA-Seq
TACCGGGCAAACACGG-1,9.674804,-6.9590573,Bartosovic_scRNA-Seq
TACCTCGCAGCACAGA-1,4.575739,4.2092896,Bartosovic_scRNA-Seq
TACCTCGGTCCTTGTC-1,14.663053,9.2852335,Bartosovic_scRNA-Seq
TACCTGCCACCGTACG-1,12.165606,4.9798265,Bartosovic_scRNA-Seq
TACGCTCAGCATTTGC-1,11.079656,8.839414,Bartosovic_scRNA-Seq
TACGCTCAGGACTGGT-1,9.854404,8.766055,Bartosovic_scRNA-Seq
TACGCTCGTAAGCAAT-1,1.4863567,13.570978,Bartosovic_scRNA-Seq
TACGGTAAGAAACTCA-1,-3.1460705,-3.28458,Bartosovic_scRNA-Seq
TACGGTACAATAGTGA-1,-0.8974863,-6.688591,Bartosovic_scRNA-Seq
TACGGTAGTAGATCGG-1,13.913466,5.6746907,Bartosovic_scRNA-Seq
TACGGTATCCTCATAT-1,-4.9135227,-2.1370666,Bartosovic_scRNA-Seq
TACGTCCGTCAAGTTC-1,-0.9155519,12.124005,Bartosovic_scRNA-Seq
TACGTCCGTCACTAGT-1,15.238159,8.575361,Bartosovic_scRNA-Seq
TACGTCCGTTATCTGG-1,1.0100332,-11.512897,Bartosovic_scRNA-Seq
TACTGCCGTACAGTAA-1,11.772471,6.907318,Bartosovic_scRNA-Seq
TACTGCCGTCTGCAAT-1,1.1336479,13.169582,Bartosovic_scRNA-Seq
TACTGCCTCCTTCACG-1,-0.429414,-11.949233,Bartosovic_scRNA-Seq
TACTTACGTCGATTTG-1,-1.615895,-12.355811,Bartosovic_scRNA-Seq
TACTTACGTTAGGGTG-1,-3.0958807,-2.193013,Bartosovic_scRNA-Seq
TACTTCACAGAACCGA-1,11.887024,8.702432,Bartosovic_scRNA-Seq
TACTTCAGTGGAAATT-1,13.748428,6.9209266,Bartosovic_scRNA-Seq
TACTTCATCCACACCT-1,-7.8166356,9.223292,Bartosovic_scRNA-Seq
TACTTGTAGCCACTCG-1,12.361164,10.357521,Bartosovic_scRNA-Seq
TACTTGTGTCATGACT-1,11.7982855,7.2846055,Bartosovic_scRNA-Seq
TACTTGTTCGGAGCAA-1,10.385556,-7.0483456,Bartosovic_scRNA-Seq
TAGACCAAGTAGATCA-1,11.092726,8.900673,Bartosovic_scRNA-Seq
TAGACCAGTTCGTTCC-1,8.408337,-6.783866,Bartosovic_scRNA-Seq
TAGACTGTCCGATGCG-1,-0.82439756,13.235309,Bartosovic_scRNA-Seq
TAGACTGTCTCGCGTT-1,14.754426,6.86165,Bartosovic_scRNA-Seq
TAGAGTCTCAGCGCAC-1,11.784478,7.4426546,Bartosovic_scRNA-Seq
TAGATCGCATTACTCT-1,12.155222,8.013154,Bartosovic_scRNA-Seq
TAGATCGTCCAGCACG-1,-7.7548456,8.735008,Bartosovic_scRNA-Seq
TAGCACAAGCGTGAGT-1,0.08252603,-9.47837,Bartosovic_scRNA-Seq
TAGCACACACTAACGT-1,13.969947,7.1191964,Bartosovic_scRNA-Seq
TAGCACAGTGACCGTC-1,-0.9605601,-11.111976,Bartosovic_scRNA-Seq
TAGCACAGTTGGACCC-1,8.4425125,-5.974197,Bartosovic_scRNA-Seq
TAGCACATCTGTGCGG-1,-8.480787,8.185383,Bartosovic_scRNA-Seq
TAGGGTTCATCCCGTT-1,-1.5039493,11.752151,Bartosovic_scRNA-Seq
TAGGGTTGTTGGGCCT-1,0.22443442,10.118694,Bartosovic_scRNA-Seq
TAGGTACAGACCTTTG-1,10.618903,-6.6238565,Bartosovic_scRNA-Seq
TAGGTACAGTCTAGCT-1,9.25881,-7.370771,Bartosovic_scRNA-Seq
TAGGTACCATTCACCC-1,-1.413765,14.8606615,Bartosovic_scRNA-Seq
TAGGTACGTCACTAGT-1,12.144416,9.993157,Bartosovic_scRNA-Seq
TAGGTACGTCCGCAGT-1,13.801043,5.781559,Bartosovic_scRNA-Seq
TAGGTACTCCCGTTCA-1,0.44166586,12.971533,Bartosovic_scRNA-Seq
TAGGTACTCTCACGAA-1,14.832676,6.6486244,Bartosovic_scRNA-Seq
TAGGTTGCAAATCAAG-1,6.121162,3.350717,Bartosovic_scRNA-Seq
TAGTGCAAGTCCCGGT-1,1.0477576,14.280946,Bartosovic_scRNA-Seq
TAGTGCAGTAGCTAAA-1,-0.8963674,10.05993,Bartosovic_scRNA-Seq
TATACCTAGACTCTAC-1,-1.0805157,-13.044383,Bartosovic_scRNA-Seq
TATACCTAGTTGTAAG-1,9.865611,-6.088894,Bartosovic_scRNA-Seq
TATACCTGTTCATCGA-1,0.017551435,10.716184,Bartosovic_scRNA-Seq
TATATCCCACGCCACA-1,-0.56370634,-12.34394,Bartosovic_scRNA-Seq
TATATCCCATAGATGA-1,-0.5802556,11.98376,Bartosovic_scRNA-Seq
TATATCCGTCGCGGTT-1,1.6850022,-3.756365,Bartosovic_scRNA-Seq
TATCAGGTCCTTCTTC-1,0.5336301,-8.606868,Bartosovic_scRNA-Seq
TATCAGGTCGTTCATT-1,13.692155,8.862745,Bartosovic_scRNA-Seq
TATCCTAAGCAAATGT-1,13.930038,8.055622,Bartosovic_scRNA-Seq
TATCCTACATATGAAG-1,10.445632,9.185726,Bartosovic_scRNA-Seq
TATCCTAGTAAGCTCT-1,-0.46802127,-12.575132,Bartosovic_scRNA-Seq
TATCCTATCTGGGCCA-1,-1.6483092,-12.462935,Bartosovic_scRNA-Seq
TATCGCCGTCTTCGAA-1,2.1380155,-4.4208407,Bartosovic_scRNA-Seq
TATCGCCTCGCACGAC-1,1.5485809,12.916652,Bartosovic_scRNA-Seq
TATCTGTGTGGCTTAT-1,12.169182,7.2321744,Bartosovic_scRNA-Seq
TATCTGTGTTACGATC-1,12.692133,3.2228081,Bartosovic_scRNA-Seq
TATCTGTTCCTCGATC-1,0.35449862,12.282052,Bartosovic_scRNA-Seq
TATCTTGAGCGACCCT-1,12.855006,7.2728653,Bartosovic_scRNA-Seq
TATCTTGCAAGAGAGA-1,-2.4552488,-2.4703362,Bartosovic_scRNA-Seq
TATCTTGCAGGACTTT-1,-8.022239,7.505507,Bartosovic_scRNA-Seq
TATCTTGTCAGGAAAT-1,10.087809,6.7876,Bartosovic_scRNA-Seq
TATGTTCAGGAGTACC-1,-1.2129493,-10.1890745,Bartosovic_scRNA-Seq
TATGTTCAGTACAACA-1,-8.318707,8.486085,Bartosovic_scRNA-Seq
TATGTTCAGTTGAATG-1,-7.8347096,8.094374,Bartosovic_scRNA-Seq
TATGTTCGTGCCGTTG-1,14.146628,7.3010216,Bartosovic_scRNA-Seq
TATTCCAGTGCCCGTA-1,9.004013,-5.9608793,Bartosovic_scRNA-Seq
TATTCCATCCATCTGC-1,-1.2344035,-9.246794,Bartosovic_scRNA-Seq
TATTGCTCAACCAATC-1,0.36824694,-12.233699,Bartosovic_scRNA-Seq
TATTGCTCAGCATACT-1,0.25529394,12.67159,Bartosovic_scRNA-Seq
TATTGCTTCGCACGAC-1,6.3057113,4.08537,Bartosovic_scRNA-Seq
TATTGCTTCTGTCCCA-1,13.484438,7.163399,Bartosovic_scRNA-Seq
TATTGGGCAGTCAACT-1,15.164877,8.702424,Bartosovic_scRNA-Seq
TATTGGGTCGTGGAAG-1,14.634428,5.732566,Bartosovic_scRNA-Seq
TATTTCGAGACATACA-1,0.19577119,-9.218338,Bartosovic_scRNA-Seq
TATTTCGGTCTCGACG-1,13.505587,8.73912,Bartosovic_scRNA-Seq
TATTTCGGTCTTACAG-1,13.055876,8.906392,Bartosovic_scRNA-Seq
TATTTCGTCAAGCTGT-1,1.3190646,12.827794,Bartosovic_scRNA-Seq
TATTTCGTCTACGCGG-1,12.35312,10.011768,Bartosovic_scRNA-Seq
TCAAGCACACACACTA-1,11.529003,8.703098,Bartosovic_scRNA-Seq
TCAAGCACACCCAACG-1,9.344416,-7.403174,Bartosovic_scRNA-Seq
TCAAGCACATGACACT-1,-0.090715736,13.30799,Bartosovic_scRNA-Seq
TCAAGCATCACGTAGT-1,11.103362,7.2837005,Bartosovic_scRNA-Seq
TCAAGTGGTTAGGACG-1,3.5419726,-3.843289,Bartosovic_scRNA-Seq
TCACAAGAGAGGTTAT-1,11.131295,7.2006297,Bartosovic_scRNA-Seq
TCACAAGCACAAATCC-1,-3.5620685,-1.1197401,Bartosovic_scRNA-Seq
TCACAAGGTCGAGCAA-1,11.95341,7.011647,Bartosovic_scRNA-Seq
TCACAAGTCTCACGAA-1,8.547081,-7.3486004,Bartosovic_scRNA-Seq
TCACACCGTTAACCTG-1,10.015656,-6.8438644,Bartosovic_scRNA-Seq
TCACATTAGAAGTCCG-1,12.994396,9.69786,Bartosovic_scRNA-Seq
TCACATTAGGCATCAG-1,14.006627,7.041164,Bartosovic_scRNA-Seq
TCACATTCAGTTGAAA-1,15.09219,7.311596,Bartosovic_scRNA-Seq
TCACGGGAGTGATTCC-1,11.432737,8.497601,Bartosovic_scRNA-Seq
TCACGGGTCACTGGTA-1,13.547692,8.395175,Bartosovic_scRNA-Seq
TCACTATAGCAATTCC-1,-0.70522773,11.402198,Bartosovic_scRNA-Seq
TCACTATAGCCTTCTC-1,2.6339455,-5.2439485,Bartosovic_scRNA-Seq
TCACTATAGTCGGCAA-1,4.0778127,-2.7112904,Bartosovic_scRNA-Seq
TCACTATGTGCCTACG-1,14.862778,7.93835,Bartosovic_scRNA-Seq
TCACTCGTCACCCTTG-1,13.50257,5.9541855,Bartosovic_scRNA-Seq
TCACTCGTCGTGTCAA-1,9.151165,-7.4437194,Bartosovic_scRNA-Seq
TCAGCCTCATCTCATT-1,-8.233704,8.819777,Bartosovic_scRNA-Seq
TCAGCCTTCACAAGGG-1,-1.0224267,-8.8288,Bartosovic_scRNA-Seq
TCAGCCTTCACCTCTG-1,11.569442,7.414486,Bartosovic_scRNA-Seq
TCAGGGCCAGCGTTGC-1,-0.72691125,-12.03829,Bartosovic_scRNA-Seq
TCAGGTAAGTGCTCGC-1,0.70013165,13.230138,Bartosovic_scRNA-Seq
TCAGGTACAATGTGGG-1,13.235228,4.648664,Bartosovic_scRNA-Seq
TCAGGTACAATTCACG-1,10.288718,-7.4285884,Bartosovic_scRNA-Seq
TCAGTGACACGGAAGT-1,-8.309991,8.008122,Bartosovic_scRNA-Seq
TCAGTGATCCCTCTTT-1,-0.45979878,-10.674772,Bartosovic_scRNA-Seq
TCAGTGATCGTTCTGC-1,12.070382,9.032665,Bartosovic_scRNA-Seq
TCAGTTTCAGAAGTGC-1,11.9256525,7.4218345,Bartosovic_scRNA-Seq
TCAGTTTCAGGGTTGA-1,13.174164,7.927921,Bartosovic_scRNA-Seq
TCAGTTTGTACGGGAT-1,-0.80669206,-13.142617,Bartosovic_scRNA-Seq
TCATACTAGGATTCAA-1,-2.1603746,-1.9310489,Bartosovic_scRNA-Seq
TCATACTCAGGAGGTT-1,-0.8541673,11.59877,Bartosovic_scRNA-Seq
TCATACTGTCACAGTT-1,0.49446106,-12.033509,Bartosovic_scRNA-Seq
TCATACTTCGAGTCTA-1,11.724751,9.168981,Bartosovic_scRNA-Seq
TCATATCGTTCCTAGA-1,-0.75452846,11.763146,Bartosovic_scRNA-Seq
TCATATCTCAAACTGC-1,-1.6110785,13.832666,Bartosovic_scRNA-Seq
TCATCATGTACTAACC-1,15.009666,8.205681,Bartosovic_scRNA-Seq
TCATCATTCGTGGGAA-1,13.106333,6.906694,Bartosovic_scRNA-Seq
TCATGAGGTATCGTGT-1,11.6294155,7.5818596,Bartosovic_scRNA-Seq
TCATGAGGTGGCAACA-1,8.595648,-5.8833203,Bartosovic_scRNA-Seq
TCATGCCAGCGAGTAC-1,0.23708153,13.774815,Bartosovic_scRNA-Seq
TCATGGAGTTCTCTCG-1,9.953917,-7.4569473,Bartosovic_scRNA-Seq
TCATGGATCCCGAGGT-1,0.21163645,-13.204282,Bartosovic_scRNA-Seq
TCATGTTAGAAACCCG-1,13.001655,6.188089,Bartosovic_scRNA-Seq
TCATGTTAGATTCGCT-1,13.331378,9.0815735,Bartosovic_scRNA-Seq
TCATGTTGTCACAATC-1,11.749142,8.013745,Bartosovic_scRNA-Seq
TCATGTTGTGGCTAGA-1,10.450553,8.780451,Bartosovic_scRNA-Seq
TCATGTTGTTTCTTAC-1,13.290105,9.366993,Bartosovic_scRNA-Seq
TCATGTTTCAGCTGAT-1,-0.04076017,-9.098921,Bartosovic_scRNA-Seq
TCATTACAGCATTTCG-1,0.9310171,-12.538494,Bartosovic_scRNA-Seq
TCATTACAGGTCGTCC-1,9.065392,-6.4007397,Bartosovic_scRNA-Seq
TCATTACAGTCTGTAC-1,10.240061,-6.559829,Bartosovic_scRNA-Seq
TCATTCACAAGTGTCT-1,11.338684,6.644797,Bartosovic_scRNA-Seq
TCATTCACAATACGAA-1,14.205148,9.641763,Bartosovic_scRNA-Seq
TCATTCAGTGCGGTAA-1,15.294191,6.1650224,Bartosovic_scRNA-Seq
TCATTCATCCGTATGA-1,-1.5755935,-12.40083,Bartosovic_scRNA-Seq
TCATTGTAGTCGGCCT-1,-0.9742804,-11.291433,Bartosovic_scRNA-Seq
TCATTGTAGTGTTCCA-1,-0.15020615,-7.0707526,Bartosovic_scRNA-Seq
TCATTGTCATCGCTGG-1,-0.86247665,-8.273062,Bartosovic_scRNA-Seq
TCATTGTGTCCGGTCA-1,9.024623,-6.7129226,Bartosovic_scRNA-Seq
TCATTGTGTGCAATAA-1,12.391505,7.928289,Bartosovic_scRNA-Seq
TCATTTGTCTGCCTCA-1,10.487796,-6.6270647,Bartosovic_scRNA-Seq
TCCACCATCGGACTTA-1,10.068982,8.473655,Bartosovic_scRNA-Seq
TCCACGTCACACGGAA-1,10.182334,8.824676,Bartosovic_scRNA-Seq
TCCACGTCACTGAATC-1,-1.039515,-11.374876,Bartosovic_scRNA-Seq
TCCACGTTCGTACACA-1,0.9423591,-11.96455,Bartosovic_scRNA-Seq
TCCAGAACAGCTTCCT-1,0.22562304,13.2855015,Bartosovic_scRNA-Seq
TCCAGAATCCGCGAGT-1,-3.6271737,-2.8937507,Bartosovic_scRNA-Seq
TCCATCGAGAAAGTCT-1,-0.27251884,12.490576,Bartosovic_scRNA-Seq
TCCATGCCAAAGACTA-1,14.671525,7.7294545,Bartosovic_scRNA-Seq
TCCATGCTCTACCCAC-1,-0.76529825,12.640488,Bartosovic_scRNA-Seq
TCCATGCTCTATCACT-1,-0.84631974,-12.713113,Bartosovic_scRNA-Seq
TCCCACACAATTTCGG-1,13.638867,8.534716,Bartosovic_scRNA-Seq
TCCCACACAGGTGTTT-1,-3.381753,-1.6112896,Bartosovic_scRNA-Seq
TCCCACAGTATCGCAT-1,0.18549834,11.865678,Bartosovic_scRNA-Seq
TCCCACAGTTTCACAG-1,13.898808,9.270237,Bartosovic_scRNA-Seq
TCCCACATCCATATGG-1,-0.7206122,-12.858302,Bartosovic_scRNA-Seq
TCCCAGTAGCCTGGAA-1,12.301745,9.252641,Bartosovic_scRNA-Seq
TCCCAGTCACTCCACT-1,12.876242,4.0670314,Bartosovic_scRNA-Seq
TCCCAGTCAGTGAGCA-1,0.45608428,11.282479,Bartosovic_scRNA-Seq
TCCCAGTTCACCTTGC-1,11.454018,7.3505707,Bartosovic_scRNA-Seq
TCCCAGTTCCACGAAT-1,12.416521,9.613579,Bartosovic_scRNA-Seq
TCCCAGTTCTGGGTCG-1,-0.29536563,-11.27774,Bartosovic_scRNA-Seq
TCCCATGCAATCCTTT-1,0.07401984,-13.186821,Bartosovic_scRNA-Seq
TCCCATGCACCAACAT-1,-0.8429234,-10.525776,Bartosovic_scRNA-Seq
TCCCATGCAGCACGAA-1,-0.71871,-8.421504,Bartosovic_scRNA-Seq
TCCCATGCATTGTGCA-1,1.6108011,-4.46829,Bartosovic_scRNA-Seq
TCCGAAATCACAGTGT-1,0.35705987,12.344607,Bartosovic_scRNA-Seq
TCCGATCCAAGGTCGA-1,8.337465,-7.492816,Bartosovic_scRNA-Seq
TCCGATCGTTCCAAAC-1,13.296328,5.046861,Bartosovic_scRNA-Seq
TCCGATCTCCTGCCAT-1,-1.2244021,-12.914417,Bartosovic_scRNA-Seq
TCCGGGAGTAACACCT-1,12.460846,7.969423,Bartosovic_scRNA-Seq
TCCGTGTGTATAGGAT-1,13.330308,5.048884,Bartosovic_scRNA-Seq
TCCTAATGTAGACAGC-1,11.206245,8.852677,Bartosovic_scRNA-Seq
TCCTCCCCAAAGGGTC-1,-0.41069308,-7.7204843,Bartosovic_scRNA-Seq
TCCTCCCCAACAAAGT-1,-1.0885886,-7.4046783,Bartosovic_scRNA-Seq
TCCTCCCTCAACTGAC-1,-1.7010491,13.20667,Bartosovic_scRNA-Seq
TCCTCCCTCTACTGAG-1,10.874568,7.958525,Bartosovic_scRNA-Seq
TCCTCCCTCTGAGGTT-1,13.774778,7.3515234,Bartosovic_scRNA-Seq
TCCTCCCTCTTCACAT-1,13.45727,4.626304,Bartosovic_scRNA-Seq
TCCTCGACACAATTCG-1,-0.050451256,14.1833315,Bartosovic_scRNA-Seq
TCCTCGACACTCGATA-1,-0.6505808,-13.467807,Bartosovic_scRNA-Seq
TCCTCGAGTGCAACAG-1,-1.3262775,-12.868869,Bartosovic_scRNA-Seq
TCCTCTTCAGATCACT-1,10.879678,8.421082,Bartosovic_scRNA-Seq
TCCTCTTGTGACTCTA-1,14.234176,8.878284,Bartosovic_scRNA-Seq
TCCTCTTTCGAGCCAC-1,-4.041717,-1.7282703,Bartosovic_scRNA-Seq
TCCTGCACAGCGTATT-1,-0.60993445,-8.043845,Bartosovic_scRNA-Seq
TCCTGCATCCATACAG-1,12.735213,3.616735,Bartosovic_scRNA-Seq
TCCTTCTGTCCGTTTC-1,11.46388,8.281808,Bartosovic_scRNA-Seq
TCCTTCTGTGTCCAAT-1,5.9290724,3.6958177,Bartosovic_scRNA-Seq
TCCTTTCAGAACAGGA-1,10.414664,-7.3603897,Bartosovic_scRNA-Seq
TCCTTTCCACGCTGCA-1,-0.51931137,-10.10496,Bartosovic_scRNA-Seq
TCCTTTCCATACACCA-1,13.187769,6.0223913,Bartosovic_scRNA-Seq
TCCTTTCGTATCGAGG-1,15.254157,8.409807,Bartosovic_scRNA-Seq
TCCTTTCTCAAATGCC-1,-4.700047,-1.692025,Bartosovic_scRNA-Seq
TCGAACAGTACTAAGA-1,11.638942,6.9955034,Bartosovic_scRNA-Seq
TCGAACATCGGCATAT-1,11.404441,7.3479285,Bartosovic_scRNA-Seq
TCGAAGTCAAATGAGT-1,-0.2332791,-7.088347,Bartosovic_scRNA-Seq
TCGAAGTGTACGATGG-1,13.338771,7.4044824,Bartosovic_scRNA-Seq
TCGACCTAGGTGTGAC-1,13.13447,6.5690527,Bartosovic_scRNA-Seq
TCGACCTGTAGAATGT-1,9.106306,-5.654841,Bartosovic_scRNA-Seq
TCGACCTGTTGGACCC-1,-8.536724,8.7181015,Bartosovic_scRNA-Seq
TCGACGGTCCTGTTAT-1,-1.3557802,13.5583,Bartosovic_scRNA-Seq
TCGATTTAGCGACTAG-1,-0.07238107,10.399654,Bartosovic_scRNA-Seq
TCGATTTCAATCTAGC-1,11.600341,5.675175,Bartosovic_scRNA-Seq
TCGATTTCACAACCGC-1,0.4338214,-12.883219,Bartosovic_scRNA-Seq
TCGATTTCACGGCTAC-1,-1.8195596,-12.600159,Bartosovic_scRNA-Seq
TCGATTTCAGCATGCC-1,-0.84541196,-10.396443,Bartosovic_scRNA-Seq
TCGATTTCATCCGGCA-1,-0.66007453,-8.275511,Bartosovic_scRNA-Seq
TCGCACTCAAAGCTAA-1,15.096861,8.426902,Bartosovic_scRNA-Seq
TCGCACTCAAATAGCA-1,-4.2381697,-2.2638412,Bartosovic_scRNA-Seq
TCGCAGGTCGTAGAGG-1,0.6808931,-12.713258,Bartosovic_scRNA-Seq
TCGCTCAAGAAGCGGG-1,11.045402,6.985086,Bartosovic_scRNA-Seq
TCGCTCAAGGGACTGT-1,-0.96556526,11.649557,Bartosovic_scRNA-Seq
TCGCTCAAGTGTTGTC-1,13.86609,6.5446854,Bartosovic_scRNA-Seq
TCGCTCAGTAACAGGC-1,0.26710892,12.311796,Bartosovic_scRNA-Seq
TCGCTCAGTTTGAAAG-1,11.972507,8.713625,Bartosovic_scRNA-Seq
TCGCTTGGTAGTGGCA-1,12.598547,7.8066645,Bartosovic_scRNA-Seq
TCGGATAAGATGCTAA-1,-4.1085205,-2.7538996,Bartosovic_scRNA-Seq
TCGGATACATCGTGGC-1,9.312754,-7.15601,Bartosovic_scRNA-Seq
TCGGATAGTCCTCCTA-1,15.581252,6.6254587,Bartosovic_scRNA-Seq
TCGGATAGTTTACCAG-1,10.009187,-6.366046,Bartosovic_scRNA-Seq
TCGGATATCCCAACTC-1,0.35718212,-12.848857,Bartosovic_scRNA-Seq
TCGGGACCAACATCGT-1,-1.6957605,11.031059,Bartosovic_scRNA-Seq
TCGGGACCACCAGCTG-1,11.949508,9.47599,Bartosovic_scRNA-Seq
TCGGGACTCCCGAAAT-1,12.904874,5.4022293,Bartosovic_scRNA-Seq
TCGGGACTCGTTTACT-1,-1.2410909,10.981332,Bartosovic_scRNA-Seq
TCGGGCATCATTCGGA-1,9.390895,-6.5607977,Bartosovic_scRNA-Seq
TCGGGCATCCACCTGT-1,0.17228599,12.611714,Bartosovic_scRNA-Seq
TCGGGTGTCCATCGTC-1,-8.552942,8.000004,Bartosovic_scRNA-Seq
TCGGGTGTCTATTCGT-1,13.694531,6.4347935,Bartosovic_scRNA-Seq
TCGGTCTGTCACCGCA-1,1.0013301,-11.449588,Bartosovic_scRNA-Seq
TCGGTCTTCCCGGTAG-1,1.0629423,10.725792,Bartosovic_scRNA-Seq
TCGTAGAGTAACAAGT-1,11.095076,8.176882,Bartosovic_scRNA-Seq
TCGTCCACAGTTTCAG-1,-0.9438959,-9.868673,Bartosovic_scRNA-Seq
TCGTCCAGTCACATTG-1,-0.8521776,10.401828,Bartosovic_scRNA-Seq
TCGTGCTAGAGGGCGA-1,12.221867,4.729318,Bartosovic_scRNA-Seq
TCGTGGGCACCGAATT-1,13.846028,6.218846,Bartosovic_scRNA-Seq
TCGTGGGGTCCGCAGT-1,-1.333253,-12.737955,Bartosovic_scRNA-Seq
TCGTGGGGTTGTCAGT-1,13.263087,6.1481085,Bartosovic_scRNA-Seq
TCTAACTTCGTGGGTC-1,-1.0916102,12.072502,Bartosovic_scRNA-Seq
TCTAACTTCTCCTACG-1,13.416929,8.419331,Bartosovic_scRNA-Seq
TCTACATCAGCTGCCA-1,0.54547095,9.033126,Bartosovic_scRNA-Seq
TCTACCGCAAGAGGTC-1,-7.3501472,8.659668,Bartosovic_scRNA-Seq
TCTACCGGTACCCGAC-1,-2.7854202,-1.9750061,Bartosovic_scRNA-Seq
TCTACCGTCACAGTGT-1,12.135854,6.0576887,Bartosovic_scRNA-Seq
TCTACCGTCGCAGTCG-1,-0.8347592,-13.254462,Bartosovic_scRNA-Seq
TCTATACCACGACAGA-1,-0.58247876,-7.0490527,Bartosovic_scRNA-Seq
TCTATACCAGCTATTG-1,13.09213,6.9326515,Bartosovic_scRNA-Seq
TCTATACCAGTTGTTG-1,10.461604,8.0334015,Bartosovic_scRNA-Seq
TCTATACGTAGGGAGG-1,-3.1365237,-0.65038085,Bartosovic_scRNA-Seq
TCTATACTCAACCTTT-1,10.982747,9.139034,Bartosovic_scRNA-Seq
TCTATCAGTAGGAGTC-1,1.1627277,12.552432,Bartosovic_scRNA-Seq
TCTATCAGTTCTGACA-1,14.014313,7.567111,Bartosovic_scRNA-Seq
TCTATCATCCAATGCA-1,-0.28287685,-10.6096115,Bartosovic_scRNA-Seq
TCTATCATCCTTTAGT-1,10.401219,7.528624,Bartosovic_scRNA-Seq
TCTCACGCACCGTGCA-1,5.543363,4.304116,Bartosovic_scRNA-Seq
TCTCACGCAGCAGATG-1,13.961958,6.754335,Bartosovic_scRNA-Seq
TCTCACGGTCGTCAGC-1,0.3934311,-8.686201,Bartosovic_scRNA-Seq
TCTCACGGTCTCAGGC-1,8.59083,-6.5857763,Bartosovic_scRNA-Seq
TCTCACGGTGACAGCA-1,11.832656,7.266447,Bartosovic_scRNA-Seq
TCTCAGCCAGTAGTGG-1,-1.8362863,-12.468044,Bartosovic_scRNA-Seq
TCTCAGCTCACTGTCC-1,-1.4697324,-11.613901,Bartosovic_scRNA-Seq
TCTCCGACAAGACCGA-1,-0.117731065,11.24067,Bartosovic_scRNA-Seq
TCTCCGATCGCACTCT-1,0.9061675,-12.193601,Bartosovic_scRNA-Seq
TCTCTGGAGCTTTCCC-1,13.470178,10.172293,Bartosovic_scRNA-Seq
TCTCTGGAGTAACAGT-1,-2.0901923,12.724746,Bartosovic_scRNA-Seq
TCTCTGGCATGACACT-1,-0.1944253,-7.212874,Bartosovic_scRNA-Seq
TCTCTGGGTTATCTGG-1,10.664401,-7.0599804,Bartosovic_scRNA-Seq
TCTGCCAAGCTAGATA-1,9.259086,-5.6850657,Bartosovic_scRNA-Seq
TCTGGCTGTGCCCTTT-1,12.543361,9.373693,Bartosovic_scRNA-Seq
TCTGTCGTCTGACCCT-1,-0.33597553,-13.12677,Bartosovic_scRNA-Seq
TCTTAGTAGTTGTACC-1,-0.85277253,-6.689439,Bartosovic_scRNA-Seq
TCTTAGTTCGCCAATA-1,12.478467,9.008922,Bartosovic_scRNA-Seq
TCTTCCTCACCGCTAG-1,-0.4217392,-11.558011,Bartosovic_scRNA-Seq
TCTTCCTTCCCTTGTG-1,-0.9751296,-8.83758,Bartosovic_scRNA-Seq
TCTTGCGTCGGCTCTT-1,12.315844,4.774847,Bartosovic_scRNA-Seq
TGAACGTTCCTTCACG-1,14.3692,6.25256,Bartosovic_scRNA-Seq
TGAACGTTCTGGGAGA-1,0.65328074,10.65881,Bartosovic_scRNA-Seq
TGAATCGGTCGCCACA-1,15.219549,7.170903,Bartosovic_scRNA-Seq
TGAATCGGTCTGCCTT-1,13.684611,5.0950317,Bartosovic_scRNA-Seq
TGAATCGTCGGCTTGG-1,1.1545798,12.883887,Bartosovic_scRNA-Seq
TGAATCGTCTGTTGGA-1,0.142885,-10.527934,Bartosovic_scRNA-Seq
TGAATGCCAGCGCGTT-1,-1.2317808,-11.302076,Bartosovic_scRNA-Seq
TGACAGTAGGCATCTT-1,8.5800085,-5.8905463,Bartosovic_scRNA-Seq
TGACAGTGTTCTCTCG-1,9.4829235,-7.4053235,Bartosovic_scRNA-Seq
TGACCCTAGTTGAAAC-1,13.113849,8.532455,Bartosovic_scRNA-Seq
TGACCCTAGTTGCGCC-1,-0.3408745,-13.352791,Bartosovic_scRNA-Seq
TGACCCTGTATGTCTG-1,9.688026,-8.102069,Bartosovic_scRNA-Seq
TGACCCTGTCGTTGGC-1,13.045636,8.26442,Bartosovic_scRNA-Seq
TGACCCTTCAAGCTGT-1,-0.6545981,-7.7369924,Bartosovic_scRNA-Seq
TGACCCTTCGAATCCA-1,-1.1492693,9.753746,Bartosovic_scRNA-Seq
TGACCCTTCTCCTGCA-1,0.22893947,-13.251776,Bartosovic_scRNA-Seq
TGACGCGCACCGTCTT-1,13.786902,7.3567834,Bartosovic_scRNA-Seq
TGACGCGCAGCTGGTC-1,-1.7117373,-11.99724,Bartosovic_scRNA-Seq
TGACGCGTCAGAGTGG-1,1.7905174,-4.3697577,Bartosovic_scRNA-Seq
TGACGCGTCCAAGCCG-1,10.542498,8.456685,Bartosovic_scRNA-Seq
TGAGACTAGCTGAAGC-1,12.767999,7.5824275,Bartosovic_scRNA-Seq
TGAGACTAGGCCTGCT-1,13.59096,9.958353,Bartosovic_scRNA-Seq
TGAGACTGTCTGTTAG-1,0.6978005,-11.548483,Bartosovic_scRNA-Seq
TGAGACTGTTTCCCAC-1,-0.91031396,-8.626316,Bartosovic_scRNA-Seq
TGAGACTTCGTAGTGT-1,9.258947,-7.8452563,Bartosovic_scRNA-Seq
TGAGCATAGTATTGCC-1,12.942716,8.119873,Bartosovic_scRNA-Seq
TGAGCATAGTTAGAAC-1,0.45299435,-11.750651,Bartosovic_scRNA-Seq
TGAGCATGTACCAATC-1,11.900897,6.407637,Bartosovic_scRNA-Seq
TGAGCATTCACGATAC-1,11.914948,7.1471815,Bartosovic_scRNA-Seq
TGAGCATTCTTTGCGC-1,0.5630029,9.303668,Bartosovic_scRNA-Seq
TGAGCGCAGCCTCTGG-1,12.84396,8.382932,Bartosovic_scRNA-Seq
TGAGGAGAGTAGAGTT-1,-0.43393108,10.935608,Bartosovic_scRNA-Seq
TGAGGAGTCCACGGAC-1,-0.57411516,-13.383275,Bartosovic_scRNA-Seq
TGAGGAGTCGAACACT-1,-0.6689258,-12.825622,Bartosovic_scRNA-Seq
TGAGGGATCGCCGAGT-1,10.206791,-6.862521,Bartosovic_scRNA-Seq
TGAGGTTAGGCCACCT-1,11.77781,8.534613,Bartosovic_scRNA-Seq
TGAGGTTAGGTCATTC-1,0.042611606,13.369979,Bartosovic_scRNA-Seq
TGAGGTTTCAAGAATG-1,10.874091,7.081848,Bartosovic_scRNA-Seq
TGAGGTTTCCCTTGTG-1,-1.6077492,-11.344487,Bartosovic_scRNA-Seq
TGAGGTTTCTAATTCC-1,11.951969,4.2853985,Bartosovic_scRNA-Seq
TGAGTCACACAACCGC-1,-4.7012243,-1.8858123,Bartosovic_scRNA-Seq
TGAGTCACACGTAGAG-1,-1.6454729,13.336367,Bartosovic_scRNA-Seq
TGATCAGAGATGCGAC-1,10.4423275,6.3751287,Bartosovic_scRNA-Seq
TGATCAGAGGAAGTCC-1,10.532407,-7.662131,Bartosovic_scRNA-Seq
TGATCAGCACCCAAGC-1,-0.9887518,12.811998,Bartosovic_scRNA-Seq
TGATCAGGTAGGACCA-1,-3.1826975,-2.507056,Bartosovic_scRNA-Seq
TGATCTTAGCGTATGG-1,12.999097,5.087773,Bartosovic_scRNA-Seq
TGATCTTTCGAGCACC-1,-3.8261452,-2.1637769,Bartosovic_scRNA-Seq
TGATCTTTCTCGCAGG-1,12.325479,9.209329,Bartosovic_scRNA-Seq
TGATGCACAGCCGTTG-1,-0.4358245,-10.65395,Bartosovic_scRNA-Seq
TGATGCAGTCACTCAA-1,12.813193,8.6565695,Bartosovic_scRNA-Seq
TGATGCAGTTCTTGCC-1,-1.7550056,11.19424,Bartosovic_scRNA-Seq
TGATGCATCGGAGATG-1,6.4596295,4.2906375,Bartosovic_scRNA-Seq
TGATGGTAGGATTACA-1,13.82348,5.6685266,Bartosovic_scRNA-Seq
TGATGGTGTAATGCGG-1,-7.8638396,8.07222,Bartosovic_scRNA-Seq
TGATGGTGTACGTAGG-1,3.654621,-3.3770556,Bartosovic_scRNA-Seq
TGATGGTGTCCACTCT-1,14.059855,6.600043,Bartosovic_scRNA-Seq
TGATTCTGTATCAAGA-1,8.512222,-5.92498,Bartosovic_scRNA-Seq
TGATTCTGTCTCAAGT-1,-2.4399,-2.0231626,Bartosovic_scRNA-Seq
TGATTCTTCAAACGTC-1,12.049427,7.9941525,Bartosovic_scRNA-Seq
TGATTCTTCAGACAAA-1,0.24142842,-10.655583,Bartosovic_scRNA-Seq
TGATTTCCACCACATA-1,13.534039,4.8740025,Bartosovic_scRNA-Seq
TGATTTCCAGTGACCC-1,-3.7803917,-3.054382,Bartosovic_scRNA-Seq
TGATTTCGTCACTCAA-1,0.436512,12.311322,Bartosovic_scRNA-Seq
TGATTTCGTGTTTACG-1,6.260026,3.9767914,Bartosovic_scRNA-Seq
TGATTTCGTTTGCCGG-1,12.523326,7.103337,Bartosovic_scRNA-Seq
TGCACGGCAAGCACCC-1,-0.08632238,-10.450362,Bartosovic_scRNA-Seq
TGCACGGTCGGCATAT-1,11.765088,7.6453204,Bartosovic_scRNA-Seq
TGCAGATAGGACAGCT-1,14.465207,7.3200855,Bartosovic_scRNA-Seq
TGCAGGCGTTGTCTAG-1,1.4809929,11.36796,Bartosovic_scRNA-Seq
TGCAGTAAGAGATCGC-1,0.6812911,-12.7929325,Bartosovic_scRNA-Seq
TGCAGTATCAGCCCAG-1,13.763462,7.558044,Bartosovic_scRNA-Seq
TGCATCCTCCGCTAGG-1,0.13586423,-8.450535,Bartosovic_scRNA-Seq
TGCATGAAGACTACGG-1,10.718748,6.3738704,Bartosovic_scRNA-Seq
TGCATGAAGTTCACTG-1,12.4338455,9.314243,Bartosovic_scRNA-Seq
TGCATGAGTCACCGAC-1,9.841207,-7.868399,Bartosovic_scRNA-Seq
TGCCGAGGTTCGATTG-1,10.08019,-6.177135,Bartosovic_scRNA-Seq
TGCGACGAGCATCAGG-1,11.712124,7.496054,Bartosovic_scRNA-Seq
TGCGACGTCAGTAGGG-1,13.91653,6.4865923,Bartosovic_scRNA-Seq
TGCGACGTCCGACGGT-1,0.97724235,11.750295,Bartosovic_scRNA-Seq
TGCGATAAGTATGGAT-1,-0.6047208,-12.377872,Bartosovic_scRNA-Seq
TGCGGCACATCTGGGC-1,-7.3281245,8.208311,Bartosovic_scRNA-Seq
TGCGGGTCAAGAGGCT-1,13.830902,9.203673,Bartosovic_scRNA-Seq
TGCGGGTGTAGACTGG-1,0.5364354,12.273267,Bartosovic_scRNA-Seq
TGCGGGTTCCATGATG-1,14.81796,7.5859275,Bartosovic_scRNA-Seq
TGCTCCAAGCTGTACT-1,-1.2483202,-11.279661,Bartosovic_scRNA-Seq
TGCTCCACAACTCATG-1,10.801463,-6.4539,Bartosovic_scRNA-Seq
TGCTCCACAAGTGGAC-1,0.5048831,13.170803,Bartosovic_scRNA-Seq
TGCTCCACACGCACCA-1,12.932721,3.3230765,Bartosovic_scRNA-Seq
TGCTCCACAGGCACAA-1,12.6565075,6.61188,Bartosovic_scRNA-Seq
TGCTCCAGTAGGTAGC-1,9.098153,-7.8445535,Bartosovic_scRNA-Seq
TGCTCCAGTCGTGGTC-1,14.579233,9.16934,Bartosovic_scRNA-Seq
TGCTCGTCACCGTACG-1,-3.239984,-1.8851905,Bartosovic_scRNA-Seq
TGCTCGTCACGTGAGA-1,-7.699446,7.7876697,Bartosovic_scRNA-Seq
TGCTCGTCAGGTGAGT-1,13.230859,4.9305916,Bartosovic_scRNA-Seq
TGCTGAAAGAGCATCG-1,1.2848175,11.264778,Bartosovic_scRNA-Seq
TGCTTCGAGGATCACG-1,10.382236,-6.453689,Bartosovic_scRNA-Seq
TGCTTCGGTAGCGTAG-1,0.4016153,10.679287,Bartosovic_scRNA-Seq
TGCTTCGGTGAGATTA-1,3.618211,-2.9784489,Bartosovic_scRNA-Seq
TGCTTCGTCACCGGGT-1,-0.669683,-12.7312355,Bartosovic_scRNA-Seq
TGCTTCGTCCAGTGTA-1,-2.41747,-1.9048852,Bartosovic_scRNA-Seq
TGCTTCGTCCATAAGC-1,12.735742,8.638047,Bartosovic_scRNA-Seq
TGCTTGCAGCGACATG-1,9.930959,6.665494,Bartosovic_scRNA-Seq
TGCTTGCCAACCACAT-1,-0.9888709,-8.695659,Bartosovic_scRNA-Seq
TGCTTGCCACGACGCT-1,-0.67484236,-13.300977,Bartosovic_scRNA-Seq
TGCTTGCTCGGACTTA-1,-0.35828012,12.874445,Bartosovic_scRNA-Seq
TGCTTGCTCTCGGTCT-1,12.644991,9.041603,Bartosovic_scRNA-Seq
TGGAACTCATCGATGT-1,-1.1860299,-12.3993,Bartosovic_scRNA-Seq
TGGAACTCATTACGGT-1,-0.02143723,-12.340183,Bartosovic_scRNA-Seq
TGGAACTTCCGAAGGA-1,14.018808,6.692572,Bartosovic_scRNA-Seq
TGGAGGACAAACTCGT-1,0.941552,13.34575,Bartosovic_scRNA-Seq
TGGATCAAGCGAACTG-1,0.37153295,-12.165242,Bartosovic_scRNA-Seq
TGGATCACAGGCATTT-1,13.145403,3.420693,Bartosovic_scRNA-Seq
TGGATGTAGGTAGATT-1,13.180054,8.358685,Bartosovic_scRNA-Seq
TGGATGTCAACAAGAT-1,11.236224,9.87802,Bartosovic_scRNA-Seq
TGGATGTCAGGTATGG-1,11.475679,7.191995,Bartosovic_scRNA-Seq
TGGATGTGTACGCTTA-1,0.18297157,10.824407,Bartosovic_scRNA-Seq
TGGCGTGCAACACAGG-1,11.846755,8.142705,Bartosovic_scRNA-Seq
TGGGAAGGTATCCCTC-1,6.539798,3.758167,Bartosovic_scRNA-Seq
TGGGAGAAGTTACGGG-1,14.615189,7.126839,Bartosovic_scRNA-Seq
TGGGAGATCGATGCTA-1,11.02021,8.221118,Bartosovic_scRNA-Seq
TGGGCTGGTATCTCGA-1,13.788356,5.73997,Bartosovic_scRNA-Seq
TGGGCTGGTATGAGCG-1,-0.52410597,-12.312183,Bartosovic_scRNA-Seq
TGGGCTGTCTCAGAAC-1,-0.36625573,-12.746981,Bartosovic_scRNA-Seq
TGGGTTACAATTCACG-1,0.1361982,13.408345,Bartosovic_scRNA-Seq
TGGGTTATCACTCACC-1,12.435574,6.1333704,Bartosovic_scRNA-Seq
TGGGTTATCGAGATGG-1,9.284127,-6.6293535,Bartosovic_scRNA-Seq
TGGTACACAGGTGACA-1,1.2350171,12.873033,Bartosovic_scRNA-Seq
TGGTACATCTCCCTAG-1,-1.8347797,11.741967,Bartosovic_scRNA-Seq
TGGTAGTAGCTAAACA-1,5.990303,3.6843307,Bartosovic_scRNA-Seq
TGGTAGTCACTGTCCT-1,12.497063,9.658634,Bartosovic_scRNA-Seq
TGGTAGTCAGACACCC-1,-0.6636887,12.980002,Bartosovic_scRNA-Seq
TGGTAGTGTCAAGGCA-1,12.415937,8.108605,Bartosovic_scRNA-Seq
TGGTAGTGTCGTCAGC-1,11.4943905,7.529252,Bartosovic_scRNA-Seq
TGGTAGTGTGAGGAAA-1,1.1958457,11.804069,Bartosovic_scRNA-Seq
TGGTAGTTCATCCTGC-1,12.556699,8.982466,Bartosovic_scRNA-Seq
TGGTGATAGAATCGTA-1,14.611152,5.905254,Bartosovic_scRNA-Seq
TGGTGATAGGCTGTAG-1,10.156603,-7.4466367,Bartosovic_scRNA-Seq
TGGTTAGGTCACCGCA-1,-3.5948286,-3.1175747,Bartosovic_scRNA-Seq
TGGTTAGTCATCGCCT-1,-0.18101673,12.658169,Bartosovic_scRNA-Seq
TGTAAGCCAGTCACGC-1,12.099515,7.8013425,Bartosovic_scRNA-Seq
TGTAAGCTCCATAGGT-1,1.0920289,14.227157,Bartosovic_scRNA-Seq
TGTAAGCTCTCGCTTG-1,12.186386,7.263095,Bartosovic_scRNA-Seq
TGTACAGAGGCACAAC-1,-0.58155304,-7.925995,Bartosovic_scRNA-Seq
TGTACAGTCGTTGTGA-1,14.648616,8.01711,Bartosovic_scRNA-Seq
TGTCAGACATTACGGT-1,6.5042696,3.665436,Bartosovic_scRNA-Seq
TGTCAGATCCACAAGT-1,13.352209,5.0162816,Bartosovic_scRNA-Seq
TGTCCACTCAAGTCGT-1,9.608535,-7.5360284,Bartosovic_scRNA-Seq
TGTCCACTCATCCCGT-1,11.124697,9.471815,Bartosovic_scRNA-Seq
TGTCCACTCCCACAGG-1,-8.52192,8.224662,Bartosovic_scRNA-Seq
TGTCCCAAGGTTGACG-1,-8.17591,8.439785,Bartosovic_scRNA-Seq
TGTCCTGAGGTAGATT-1,13.715224,6.3482904,Bartosovic_scRNA-Seq
TGTCCTGCAGAGAATT-1,11.648033,6.2417455,Bartosovic_scRNA-Seq
TGTCCTGGTACGGATG-1,1.3466437,11.898801,Bartosovic_scRNA-Seq
TGTCCTGGTCGTGGAA-1,5.933472,4.2922163,Bartosovic_scRNA-Seq
TGTCCTGGTTACTCAG-1,0.29000825,-9.513823,Bartosovic_scRNA-Seq
TGTGAGTAGATCCCAT-1,-1.261186,-9.419797,Bartosovic_scRNA-Seq
TGTGAGTGTCGCAGTC-1,12.224792,6.4187512,Bartosovic_scRNA-Seq
TGTGAGTTCCTAACAG-1,-0.2710358,-12.869083,Bartosovic_scRNA-Seq
TGTGAGTTCGCACGGT-1,11.930872,8.680025,Bartosovic_scRNA-Seq
TGTGATGAGTCACTGT-1,-3.699163,-2.4744296,Bartosovic_scRNA-Seq
TGTGATGCAACGATTC-1,15.16052,8.109143,Bartosovic_scRNA-Seq
TGTGATGCAACGCATT-1,-0.29258478,13.478122,Bartosovic_scRNA-Seq
TGTGATGCATCATGAC-1,10.931144,7.7239885,Bartosovic_scRNA-Seq
TGTGATGTCGAGTGAG-1,-0.98229116,-13.017163,Bartosovic_scRNA-Seq
TGTGCGGAGCTTAAGA-1,1.154267,-11.978025,Bartosovic_scRNA-Seq
TGTGCGGGTAGTGGCA-1,12.292867,8.182643,Bartosovic_scRNA-Seq
TGTGCGGGTCGATTAC-1,0.3499833,-9.36074,Bartosovic_scRNA-Seq
TGTGCGGGTGCCGTAC-1,13.178826,9.631713,Bartosovic_scRNA-Seq
TGTGGCGAGACTGTTC-1,0.3425148,-11.692964,Bartosovic_scRNA-Seq
TGTGGCGAGATGTTCC-1,-7.8151994,8.408418,Bartosovic_scRNA-Seq
TGTGGCGCAACTGATC-1,0.12253224,12.229535,Bartosovic_scRNA-Seq
TGTGTGAAGAACAAGG-1,12.782096,7.2852244,Bartosovic_scRNA-Seq
TGTGTGAAGAAGAACG-1,-7.767076,7.7514076,Bartosovic_scRNA-Seq
TGTGTGAAGTGCGCTC-1,13.937581,8.924291,Bartosovic_scRNA-Seq
TGTTACTAGGCGAAGG-1,11.399121,9.171998,Bartosovic_scRNA-Seq
TGTTACTCATTGAGGG-1,13.536277,7.9972925,Bartosovic_scRNA-Seq
TGTTACTTCCTGATAG-1,10.364228,7.6973805,Bartosovic_scRNA-Seq
TGTTACTTCTCATGGA-1,3.8563592,-2.745851,Bartosovic_scRNA-Seq
TGTTACTTCTCTCTAA-1,0.17126267,-12.63123,Bartosovic_scRNA-Seq
TGTTCATCACCAGGTC-1,0.4240139,9.991531,Bartosovic_scRNA-Seq
TGTTCATGTTTCGTAG-1,14.36968,7.6790657,Bartosovic_scRNA-Seq
TGTTCATTCATGGAGG-1,-2.901556,-2.1016905,Bartosovic_scRNA-Seq
TGTTCCGCAGTGCCTG-1,-0.8084651,-8.267959,Bartosovic_scRNA-Seq
TGTTCCGTCTCATTTG-1,13.015099,8.146987,Bartosovic_scRNA-Seq
TGTTCTATCCGATCGG-1,13.554841,6.316108,Bartosovic_scRNA-Seq
TGTTCTATCGATAACC-1,-3.089564,-2.0471885,Bartosovic_scRNA-Seq
TGTTCTATCTTACTGT-1,12.033552,5.198786,Bartosovic_scRNA-Seq
TGTTGAGCACGAAGAC-1,13.521135,9.3995,Bartosovic_scRNA-Seq
TGTTGGACAAGCGGAT-1,13.799028,5.276093,Bartosovic_scRNA-Seq
TGTTGGATCCAAACCA-1,15.283541,6.9573193,Bartosovic_scRNA-Seq
TGTTTGTCAGCTGTGC-1,-0.051058646,-11.192645,Bartosovic_scRNA-Seq
TGTTTGTGTCAAAGTA-1,-0.22502123,10.63909,Bartosovic_scRNA-Seq
TTAATCCAGACTCATC-1,10.154664,7.6141114,Bartosovic_scRNA-Seq
TTAATCCCAAACGTGG-1,13.4068,8.53987,Bartosovic_scRNA-Seq
TTAATCCTCACTTTGT-1,1.2125607,12.3341255,Bartosovic_scRNA-Seq
TTACAGGAGACTCATC-1,11.399986,8.907109,Bartosovic_scRNA-Seq
TTACAGGAGCTGTACT-1,6.30161,3.3642654,Bartosovic_scRNA-Seq
TTACAGGGTGAGTCAG-1,-8.563451,8.1631155,Bartosovic_scRNA-Seq
TTACCATAGCTACAAA-1,0.9361617,13.6737795,Bartosovic_scRNA-Seq
TTACCATAGGACAGTC-1,8.712661,-7.538195,Bartosovic_scRNA-Seq
TTACCATTCGAGCACC-1,-0.43795913,-7.413784,Bartosovic_scRNA-Seq
TTACCGCGTTGGCCTG-1,6.5803833,3.5476334,Bartosovic_scRNA-Seq
TTACGCCAGATTGATG-1,-4.5262275,-2.2860184,Bartosovic_scRNA-Seq
TTACGCCAGCCGATCC-1,2.7658792,-4.738957,Bartosovic_scRNA-Seq
TTACGCCAGCCTAGGA-1,0.94346374,-12.259991,Bartosovic_scRNA-Seq
TTACGCCGTAGTCCTA-1,12.318149,8.042657,Bartosovic_scRNA-Seq
TTACGCCTCGGTCGAC-1,11.059466,7.1695004,Bartosovic_scRNA-Seq
TTACGTTCACCTTCCA-1,14.8347845,6.3039155,Bartosovic_scRNA-Seq
TTACGTTTCCGTAGGC-1,-0.25242347,-13.406978,Bartosovic_scRNA-Seq
TTACTGTAGACTTCAC-1,13.643706,5.9066668,Bartosovic_scRNA-Seq
TTACTGTAGATCGACG-1,6.9651694,4.224835,Bartosovic_scRNA-Seq
TTACTGTTCACAGAGG-1,11.802741,5.888742,Bartosovic_scRNA-Seq
TTACTGTTCCCGAACG-1,6.415222,4.460969,Bartosovic_scRNA-Seq
TTAGGCAAGTCGGGAT-1,-3.785088,-2.3807995,Bartosovic_scRNA-Seq
TTAGGCACATCGCTAA-1,10.88693,9.170882,Bartosovic_scRNA-Seq
TTAGGGTAGTAGGATT-1,-0.5004,10.5595665,Bartosovic_scRNA-Seq
TTAGGGTGTGTCCGTG-1,8.989217,-6.6154737,Bartosovic_scRNA-Seq
TTAGTCTAGTTCACTG-1,12.83761,10.248588,Bartosovic_scRNA-Seq
TTAGTCTCAGAAGCTG-1,13.042409,3.9090145,Bartosovic_scRNA-Seq
TTAGTCTGTGGCCTCA-1,-1.440932,12.291443,Bartosovic_scRNA-Seq
TTAGTCTGTTGGCCGT-1,12.5318775,8.88993,Bartosovic_scRNA-Seq
TTAGTCTTCAACGTGT-1,14.336681,6.3358183,Bartosovic_scRNA-Seq
TTAGTCTTCTACCCAC-1,-0.20306861,-9.628393,Bartosovic_scRNA-Seq
TTATTGCTCAGTCATG-1,-1.3504264,13.353567,Bartosovic_scRNA-Seq
TTATTGCTCCCATTTA-1,-0.36476007,-11.952826,Bartosovic_scRNA-Seq
TTCAATCCAGCAGTCC-1,11.230271,7.3166018,Bartosovic_scRNA-Seq
TTCAATCGTAATGCGG-1,0.11938485,11.600029,Bartosovic_scRNA-Seq
TTCAATCTCCGAGCTG-1,8.4982605,-6.873373,Bartosovic_scRNA-Seq
TTCACCGGTATCTCGA-1,-0.18865864,9.478756,Bartosovic_scRNA-Seq
TTCACCGTCGACATTG-1,-0.4307743,12.009584,Bartosovic_scRNA-Seq
TTCACGCAGGTACTGG-1,-7.716744,8.276927,Bartosovic_scRNA-Seq
TTCACGCCAGTCAGTT-1,-1.0902848,-6.665652,Bartosovic_scRNA-Seq
TTCACGCCATAGGAGC-1,12.177815,9.747936,Bartosovic_scRNA-Seq
TTCACGCTCACTCTTA-1,0.23013751,-9.311961,Bartosovic_scRNA-Seq
TTCAGGAAGAGGTATT-1,11.730702,7.5335164,Bartosovic_scRNA-Seq
TTCAGGACAAGCGCAA-1,-0.92104065,-12.00171,Bartosovic_scRNA-Seq
TTCAGGACATTCTTCA-1,1.01217,12.861341,Bartosovic_scRNA-Seq
TTCAGGAGTCGTATGT-1,13.856032,4.807203,Bartosovic_scRNA-Seq
TTCATGTAGGACGGAG-1,13.568486,4.5429873,Bartosovic_scRNA-Seq
TTCATGTCACCATTCC-1,14.47983,5.398134,Bartosovic_scRNA-Seq
TTCATGTGTACTCGTA-1,12.993618,6.795469,Bartosovic_scRNA-Seq
TTCATGTGTCAGTCCG-1,0.046729106,-12.726167,Bartosovic_scRNA-Seq
TTCATGTGTGGTTCTA-1,-0.622963,-11.125812,Bartosovic_scRNA-Seq
TTCATGTGTTTATGCG-1,-0.04513088,13.303719,Bartosovic_scRNA-Seq
TTCATTGTCGAGGCAA-1,-1.2448994,10.32956,Bartosovic_scRNA-Seq
TTCCAATCAACGTAAA-1,-0.89549917,-13.239144,Bartosovic_scRNA-Seq
TTCCAATCATAGACTC-1,0.80917174,11.265248,Bartosovic_scRNA-Seq
TTCCACGAGCACTAGG-1,0.23969787,-12.3966055,Bartosovic_scRNA-Seq
TTCCACGAGCCGTTAT-1,-0.8044675,-11.352081,Bartosovic_scRNA-Seq
TTCCACGGTAACGGTG-1,0.7320756,10.820963,Bartosovic_scRNA-Seq
TTCCACGGTGGCTAGA-1,3.3353121,-4.040424,Bartosovic_scRNA-Seq
TTCCACGTCTCGTCGT-1,8.227462,-7.0307846,Bartosovic_scRNA-Seq
TTCCGGTAGATTACCC-1,-1.5638456,-12.666341,Bartosovic_scRNA-Seq
TTCCGGTCACTATGTG-1,14.157068,7.286408,Bartosovic_scRNA-Seq
TTCCGGTCAGCTACTA-1,-0.60402375,-6.8844194,Bartosovic_scRNA-Seq
TTCCGGTGTGAGACGT-1,-0.32342637,12.228181,Bartosovic_scRNA-Seq
TTCCGGTTCCATAAGC-1,-0.3995818,-12.944257,Bartosovic_scRNA-Seq
TTCCGTGCAGACCTAT-1,-3.708207,-3.0814075,Bartosovic_scRNA-Seq
TTCCGTGGTTCCTACC-1,8.185509,-7.05418,Bartosovic_scRNA-Seq
TTCCTAACACCCTAGG-1,-1.5127715,11.277783,Bartosovic_scRNA-Seq
TTCCTAACACGTATAC-1,11.833337,7.998096,Bartosovic_scRNA-Seq
TTCCTCTAGTAGCATA-1,14.000355,9.476659,Bartosovic_scRNA-Seq
TTCCTTCAGGTAAGAG-1,0.21412517,10.347433,Bartosovic_scRNA-Seq
TTCCTTCGTACCGTGC-1,-1.7809651,12.710288,Bartosovic_scRNA-Seq
TTCCTTCGTATCGATC-1,0.3075306,-11.369908,Bartosovic_scRNA-Seq
TTCCTTCGTTACGGAG-1,13.25348,8.391527,Bartosovic_scRNA-Seq
TTCCTTCGTTGGCCGT-1,0.71343493,-12.277207,Bartosovic_scRNA-Seq
TTCGATTCAAGAAACT-1,10.36367,6.8713627,Bartosovic_scRNA-Seq
TTCGATTGTAGCTGTT-1,0.19135815,13.27103,Bartosovic_scRNA-Seq
TTCGATTTCATGCATG-1,10.995408,8.601277,Bartosovic_scRNA-Seq
TTCGATTTCGGCCCAA-1,12.784143,3.5234115,Bartosovic_scRNA-Seq
TTCGATTTCTTTCAGT-1,-0.032429095,14.6816635,Bartosovic_scRNA-Seq
TTCGCTGGTCTTCTAT-1,-4.5026445,-1.9141809,Bartosovic_scRNA-Seq
TTCGGTCGTATCGTGT-1,12.945755,9.806604,Bartosovic_scRNA-Seq
TTCGGTCTCACTACTT-1,1.4077195,13.282439,Bartosovic_scRNA-Seq
TTCGGTCTCGCATTGA-1,0.63250345,12.530968,Bartosovic_scRNA-Seq
TTCGGTCTCTTGGGCG-1,1.0797815,11.084748,Bartosovic_scRNA-Seq
TTCTAACTCTCAACGA-1,-1.1901942,-10.885203,Bartosovic_scRNA-Seq
TTCTCTCCATCATTGG-1,12.473813,9.412695,Bartosovic_scRNA-Seq
TTCTCTCTCTTTCCGG-1,11.509434,7.3540273,Bartosovic_scRNA-Seq
TTCTGTACAATGAACA-1,-1.5040816,-12.770678,Bartosovic_scRNA-Seq
TTCTGTACACTCAAGT-1,15.308308,7.951561,Bartosovic_scRNA-Seq
TTCTGTATCCATTCGC-1,12.116123,10.072371,Bartosovic_scRNA-Seq
TTCTTCCCAAGCACCC-1,14.816444,6.7487087,Bartosovic_scRNA-Seq
TTCTTCCGTAGACGGT-1,13.5619755,7.5718064,Bartosovic_scRNA-Seq
TTCTTGACACGCTATA-1,11.292434,7.1577926,Bartosovic_scRNA-Seq
TTCTTGACAGCTGTGC-1,11.742669,8.751732,Bartosovic_scRNA-Seq
TTCTTGAGTATGAGGC-1,5.8830166,4.0158553,Bartosovic_scRNA-Seq
TTGAACGCAACCGCCA-1,-1.4008758,-12.618196,Bartosovic_scRNA-Seq
TTGAACGGTAGGCTCC-1,12.088842,7.600993,Bartosovic_scRNA-Seq
TTGAACGTCGCAGTCG-1,0.54831445,11.008859,Bartosovic_scRNA-Seq
TTGACCCAGATACCAA-1,10.855132,7.021585,Bartosovic_scRNA-Seq
TTGACCCCAGTTCCAA-1,12.659133,7.7391047,Bartosovic_scRNA-Seq
TTGACCCGTCTTCGAA-1,11.837641,8.991369,Bartosovic_scRNA-Seq
TTGAGTGAGTCGAGGT-1,-8.30203,8.25194,Bartosovic_scRNA-Seq
TTGAGTGCAGCGGTCT-1,0.4331517,14.957726,Bartosovic_scRNA-Seq
TTGAGTGTCGCCAGAC-1,0.23416224,-12.261766,Bartosovic_scRNA-Seq
TTGATGGAGAGCTGAC-1,1.6760604,-4.641726,Bartosovic_scRNA-Seq
TTGATGGCAAATGGTA-1,12.206499,8.977321,Bartosovic_scRNA-Seq
TTGCATTCAGCTGCCA-1,1.0559324,-12.144799,Bartosovic_scRNA-Seq
TTGCATTCATCAGCAT-1,9.921723,-7.6506224,Bartosovic_scRNA-Seq
TTGCCTGCACAACATC-1,0.22901326,-9.223651,Bartosovic_scRNA-Seq
TTGCCTGGTACAGTCT-1,-0.04906142,-13.355713,Bartosovic_scRNA-Seq
TTGCCTGGTTATGTCG-1,-8.40241,8.542441,Bartosovic_scRNA-Seq
TTGCCTGTCAAGTTGC-1,12.318547,10.057835,Bartosovic_scRNA-Seq
TTGCTGCGTAATGCGG-1,-0.14337578,11.677645,Bartosovic_scRNA-Seq
TTGGATGGTCAATGGG-1,-0.72270006,12.638261,Bartosovic_scRNA-Seq
TTGGATGTCTCGGTAA-1,11.8969,9.844666,Bartosovic_scRNA-Seq
TTGGGATAGTGGAAAG-1,-2.8599994,-2.7913043,Bartosovic_scRNA-Seq
TTGGGATGTAAGCAAT-1,-0.4891163,-12.900559,Bartosovic_scRNA-Seq
TTGGGATGTGAGAACC-1,9.465534,-6.0708747,Bartosovic_scRNA-Seq
TTGGGATTCATTGCTT-1,14.122029,7.710003,Bartosovic_scRNA-Seq
TTGGGCGAGGAGGTTC-1,-0.5949086,10.129766,Bartosovic_scRNA-Seq
TTGGGCGAGGCAGTCA-1,15.077212,6.599373,Bartosovic_scRNA-Seq
TTGGGCGTCCCTCATG-1,12.970925,8.251525,Bartosovic_scRNA-Seq
TTGGGCGTCGATACAC-1,13.168763,6.6795015,Bartosovic_scRNA-Seq
TTGGGTAGTTTGTGGT-1,1.1854649,-12.265022,Bartosovic_scRNA-Seq
TTGGGTATCTCCATAT-1,-1.3048635,10.451608,Bartosovic_scRNA-Seq
TTGGTTTAGAACAAGG-1,0.10419167,-12.116228,Bartosovic_scRNA-Seq
TTGGTTTAGGTCACCC-1,6.0984635,3.7123005,Bartosovic_scRNA-Seq
TTGGTTTCATGTCAGT-1,-3.9470809,-2.1015387,Bartosovic_scRNA-Seq
TTGGTTTGTCTTACTT-1,12.614744,10.258608,Bartosovic_scRNA-Seq
TTGTGGAAGGCCTAAG-1,-1.1850708,10.320979,Bartosovic_scRNA-Seq
TTGTGGACACACCTAA-1,11.447762,7.1434593,Bartosovic_scRNA-Seq
TTGTGGACAGTCGTTA-1,12.979171,5.8210936,Bartosovic_scRNA-Seq
TTGTGTTAGCCATTGT-1,3.422147,-3.4820151,Bartosovic_scRNA-Seq
TTGTTCAAGTAATCCC-1,8.896817,-5.786879,Bartosovic_scRNA-Seq
TTGTTCAAGTGCTACT-1,12.965019,9.10512,Bartosovic_scRNA-Seq
TTGTTCAGTTAGGGAC-1,-1.0384159,10.028459,Bartosovic_scRNA-Seq
TTGTTTGCAACCGTGC-1,0.04848244,-11.504838,Bartosovic_scRNA-Seq
TTGTTTGCAACTGTGT-1,-0.5043874,13.210228,Bartosovic_scRNA-Seq
TTTACCAAGCCAAGTG-1,0.66009176,13.044081,Bartosovic_scRNA-Seq
TTTACCAAGCGTCTGC-1,12.390685,7.5443053,Bartosovic_scRNA-Seq
TTTACCAAGTTACGAA-1,-0.2650275,-9.947605,Bartosovic_scRNA-Seq
TTTACCACATGTCAGT-1,9.47902,-7.2281795,Bartosovic_scRNA-Seq
TTTACCAGTGACTGAG-1,-0.37593618,11.485573,Bartosovic_scRNA-Seq
TTTACCAGTTACAGCT-1,-0.08738581,-12.967941,Bartosovic_scRNA-Seq
TTTACCATCGAGCACC-1,12.530867,6.4403195,Bartosovic_scRNA-Seq
TTTACGTAGTTACGTC-1,15.357847,7.006463,Bartosovic_scRNA-Seq
TTTACGTCAACGTATC-1,11.908361,8.997812,Bartosovic_scRNA-Seq
TTTACGTCAGCGTGCT-1,-0.17627215,-9.650536,Bartosovic_scRNA-Seq
TTTACGTGTACTCCGG-1,10.688385,8.215064,Bartosovic_scRNA-Seq
TTTACGTTCATGTCAG-1,-0.98393935,11.598772,Bartosovic_scRNA-Seq
TTTACTGCAGCGACCT-1,0.10717754,11.790946,Bartosovic_scRNA-Seq
TTTACTGTCATCTACT-1,14.84191,6.485356,Bartosovic_scRNA-Seq
TTTAGTCAGAAGAGCA-1,10.153077,6.870957,Bartosovic_scRNA-Seq
TTTATGCAGATCGCCC-1,14.735717,6.1042643,Bartosovic_scRNA-Seq
TTTCAGTTCCCACAGG-1,-1.2325311,-10.497216,Bartosovic_scRNA-Seq
TTTCATGAGTGGACTG-1,6.3020415,4.483963,Bartosovic_scRNA-Seq
TTTCATGGTTCGATTG-1,9.552522,6.806001,Bartosovic_scRNA-Seq
TTTCATGTCTTCGCTG-1,12.749433,9.15357,Bartosovic_scRNA-Seq
TTTCCTCGTCAACCTA-1,12.850933,8.211021,Bartosovic_scRNA-Seq
TTTCCTCTCGATTGGT-1,10.075419,-8.2203245,Bartosovic_scRNA-Seq
TTTCGATTCGCATTGA-1,10.835683,-7.014939,Bartosovic_scRNA-Seq
TTTGACTCAAACTCGT-1,13.268274,7.0749397,Bartosovic_scRNA-Seq
TTTGACTGTCCGAAAG-1,-7.50477,8.317148,Bartosovic_scRNA-Seq
TTTGACTTCGGCTTCT-1,-0.10359195,-12.165039,Bartosovic_scRNA-Seq
TTTGATCGTACGATCT-1,14.734667,9.094698,Bartosovic_scRNA-Seq
TTTGGAGGTCGAGATG-1,6.314331,4.3559546,Bartosovic_scRNA-Seq
TTTGGAGGTTCAAACC-1,-0.32710746,13.606486,Bartosovic_scRNA-Seq
TTTGGTTTCGGTCTAA-1,12.576478,9.059485,Bartosovic_scRNA-Seq
TTTGGTTTCTAAACGC-1,-0.47353867,-12.745993,Bartosovic_scRNA-Seq
TTTGTTGAGCACGTCC-1,9.956127,-8.003626,Bartosovic_scRNA-Seq
TTTGTTGCACCAGACC-1,10.65836,9.493457,Bartosovic_scRNA-Seq
AAACCCAGTACTTGTG-1_2,1.1533403,12.172365,Bartosovic_scRNA-Seq
AAACCCAGTATCCCAA-1_2,8.570748,-6.677696,Bartosovic_scRNA-Seq
AAACGAAAGCACAAAT-1_2,12.6379795,5.2652817,Bartosovic_scRNA-Seq
AAACGAACATATTCGG-1_2,10.097472,8.417338,Bartosovic_scRNA-Seq
AAACGCTAGGATTACA-1_2,-0.36510578,10.729793,Bartosovic_scRNA-Seq
AAACGCTCAAATAAGC-1_2,10.481719,7.6978283,Bartosovic_scRNA-Seq
AAACGCTGTGGTTTGT-1_2,13.752449,6.9408126,Bartosovic_scRNA-Seq
AAACGCTGTTTACACG-1_2,12.82286,7.458609,Bartosovic_scRNA-Seq
AAACGCTTCCCTTTGG-1_2,12.381457,7.3004394,Bartosovic_scRNA-Seq
AAAGAACTCCGTAATG-1_2,14.484064,8.037677,Bartosovic_scRNA-Seq
AAAGAACTCTAGAGCT-1_2,-1.5889437,10.803433,Bartosovic_scRNA-Seq
AAAGGATAGTGGATAT-1_2,11.116222,8.459259,Bartosovic_scRNA-Seq
AAAGGATCACATACGT-1_2,-1.2537194,-9.611525,Bartosovic_scRNA-Seq
AAAGGATCATGGACAG-1_2,-7.7985253,8.756176,Bartosovic_scRNA-Seq
AAAGGATGTGCTTCAA-1_2,9.166418,-6.8194976,Bartosovic_scRNA-Seq
AAAGGATGTGTTAAAG-1_2,12.539351,6.5363226,Bartosovic_scRNA-Seq
AAAGGGCAGCACGTCC-1_2,12.596037,6.865815,Bartosovic_scRNA-Seq
AAAGGGCAGCCTCAGC-1_2,-8.223972,7.9384923,Bartosovic_scRNA-Seq
AAAGGGCAGTAAGACT-1_2,12.76071,7.7195854,Bartosovic_scRNA-Seq
AAAGGGCAGTTGCTGT-1_2,8.96224,-6.925595,Bartosovic_scRNA-Seq
AAAGGGCCACCCTATC-1_2,10.778709,-7.023902,Bartosovic_scRNA-Seq
AAAGGGCTCGACTCCT-1_2,0.09136086,12.680371,Bartosovic_scRNA-Seq
AAAGGTACAAGTGCAG-1_2,8.518005,-6.460446,Bartosovic_scRNA-Seq
AAAGGTACACCTATCC-1_2,12.41694,8.908728,Bartosovic_scRNA-Seq
AAAGGTAGTGACCGAA-1_2,0.17323697,10.437016,Bartosovic_scRNA-Seq
AAAGGTAGTTCCAGGC-1_2,11.813398,6.6409082,Bartosovic_scRNA-Seq
AAAGGTATCAACGAGG-1_2,-0.6569927,11.374728,Bartosovic_scRNA-Seq
AAAGGTATCGAGAAGC-1_2,12.533706,4.3023863,Bartosovic_scRNA-Seq
AAAGGTATCGCTCTCA-1_2,0.9598004,11.749171,Bartosovic_scRNA-Seq
AAAGTCCAGTAAACGT-1_2,-0.8211905,15.127638,Bartosovic_scRNA-Seq
AAAGTCCCACTGTCGG-1_2,0.2684851,14.033057,Bartosovic_scRNA-Seq
AAAGTCCGTGTGGTCC-1_2,7.0868053,4.382322,Bartosovic_scRNA-Seq
AAAGTCCGTTTAGAGA-1_2,13.756598,7.4979067,Bartosovic_scRNA-Seq
AAAGTCCGTTTCGTTT-1_2,10.828877,7.169698,Bartosovic_scRNA-Seq
AAAGTGAAGCACTCGC-1_2,-0.49128094,11.29097,Bartosovic_scRNA-Seq
AAAGTGAAGCATCTTG-1_2,12.855526,8.202121,Bartosovic_scRNA-Seq
AAAGTGAAGTCCCTAA-1_2,11.324376,7.126759,Bartosovic_scRNA-Seq
AAAGTGACAGAGGGTT-1_2,9.517231,-7.312294,Bartosovic_scRNA-Seq
AAAGTGAGTATATGGA-1_2,14.2578745,5.8992205,Bartosovic_scRNA-Seq
AAATGGATCATTGAGC-1_2,0.7584413,14.134139,Bartosovic_scRNA-Seq
AAATGGATCGAGCCTG-1_2,14.26933,6.1669955,Bartosovic_scRNA-Seq
AACAAAGAGCGAGTCA-1_2,14.9862175,7.386869,Bartosovic_scRNA-Seq
AACAAAGTCGATACAC-1_2,14.286452,5.9490986,Bartosovic_scRNA-Seq
AACAACCGTTGAGTCT-1_2,11.714131,7.6704245,Bartosovic_scRNA-Seq
AACAACCGTTTCGTAG-1_2,13.206738,6.658004,Bartosovic_scRNA-Seq
AACAACCTCTAGCAAC-1_2,13.758803,7.38221,Bartosovic_scRNA-Seq
AACAACCTCTCAGTCC-1_2,13.164375,5.210085,Bartosovic_scRNA-Seq
AACAAGAGTGTAAATG-1_2,-0.008576809,10.443431,Bartosovic_scRNA-Seq
AACACACAGACGCCAA-1_2,0.0061010523,11.700368,Bartosovic_scRNA-Seq
AACACACAGTAAGACT-1_2,13.554899,9.791118,Bartosovic_scRNA-Seq
AACACACGTGATCATC-1_2,12.816774,7.308328,Bartosovic_scRNA-Seq
AACACACTCGGCTATA-1_2,1.2479467,14.084061,Bartosovic_scRNA-Seq
AACAGGGAGCCATTTG-1_2,13.001807,8.325489,Bartosovic_scRNA-Seq
AACAGGGCATACCATG-1_2,11.993851,8.656717,Bartosovic_scRNA-Seq
AACCAACGTCGTGGTC-1_2,-0.968399,-13.191533,Bartosovic_scRNA-Seq
AACCAACGTCGTTGCG-1_2,0.85239285,11.394479,Bartosovic_scRNA-Seq
AACCAACGTGCGGCTT-1_2,12.75448,5.8849196,Bartosovic_scRNA-Seq
AACCAACGTTTACTTC-1_2,10.8477745,-7.7635336,Bartosovic_scRNA-Seq
AACCACAAGTCAGCCC-1_2,12.228119,9.004107,Bartosovic_scRNA-Seq
AACCACACACGAGGTA-1_2,0.07064745,14.55633,Bartosovic_scRNA-Seq
AACCACACATGTACGT-1_2,-1.1183692,15.116378,Bartosovic_scRNA-Seq
AACCACACATGTTCGA-1_2,-0.9231319,12.369353,Bartosovic_scRNA-Seq
AACCACATCCATAAGC-1_2,12.894931,7.127289,Bartosovic_scRNA-Seq
AACCATGGTGCCTAAT-1_2,13.220976,9.104994,Bartosovic_scRNA-Seq
AACCATGTCAAGCTGT-1_2,-2.5995338,-2.7508092,Bartosovic_scRNA-Seq
AACCCAAAGCTAAACA-1_2,14.513817,9.355777,Bartosovic_scRNA-Seq
AACCCAAAGTCCGCCA-1_2,12.308638,9.662339,Bartosovic_scRNA-Seq
AACCCAACAATTCACG-1_2,-3.349614,-2.6725454,Bartosovic_scRNA-Seq
AACCCAACACACTTAG-1_2,9.377338,-7.479222,Bartosovic_scRNA-Seq
AACCCAACAGGGTCTC-1_2,0.32085228,12.475168,Bartosovic_scRNA-Seq
AACCCAACATAGATGA-1_2,0.4333878,12.681573,Bartosovic_scRNA-Seq
AACCCAACATATGAAG-1_2,0.63603735,-11.3069725,Bartosovic_scRNA-Seq
AACCCAAGTAGTATAG-1_2,12.792977,6.3569856,Bartosovic_scRNA-Seq
AACCCAAGTGGGAGAG-1_2,12.650501,7.872568,Bartosovic_scRNA-Seq
AACCCAATCACTGAAC-1_2,-1.2778074,14.088549,Bartosovic_scRNA-Seq
AACCTGAGTGATATAG-1_2,-0.17142357,13.426514,Bartosovic_scRNA-Seq
AACCTTTAGGGAGTTC-1_2,14.783484,7.4494195,Bartosovic_scRNA-Seq
AACCTTTTCGCGCTGA-1_2,11.957212,8.146659,Bartosovic_scRNA-Seq
AACCTTTTCTAGTGAC-1_2,11.142588,8.019567,Bartosovic_scRNA-Seq
AACGAAAAGATGTAGT-1_2,6.61914,3.607634,Bartosovic_scRNA-Seq
AACGAAAAGCTATCTG-1_2,13.4295,9.544199,Bartosovic_scRNA-Seq
AACGAAACATGAATCC-1_2,14.645743,8.692423,Bartosovic_scRNA-Seq
AACGAAAGTCAATCTG-1_2,11.70075,9.309769,Bartosovic_scRNA-Seq
AACGAAAGTCACAGTT-1_2,-1.3360682,10.41659,Bartosovic_scRNA-Seq
AACGAAATCAAAGACA-1_2,0.46781033,11.591825,Bartosovic_scRNA-Seq
AACGAAATCCAAGCAT-1_2,12.598863,8.8441925,Bartosovic_scRNA-Seq
AACGGGACAATAGGAT-1_2,0.5810231,11.233722,Bartosovic_scRNA-Seq
AACGGGACATCCAACA-1_2,13.071603,7.237116,Bartosovic_scRNA-Seq
AACGGGAGTGTTTGCA-1_2,-1.3669297,11.811005,Bartosovic_scRNA-Seq
AACGGGATCGACATTG-1_2,10.220645,-7.674336,Bartosovic_scRNA-Seq
AACGGGATCTGAGAAA-1_2,10.893016,6.472446,Bartosovic_scRNA-Seq
AACGTCAAGATAACGT-1_2,13.485675,6.985142,Bartosovic_scRNA-Seq
AACGTCAGTTGCGTAT-1_2,-0.64355606,10.313343,Bartosovic_scRNA-Seq
AACGTCATCACCTGGG-1_2,13.207736,5.1095223,Bartosovic_scRNA-Seq
AACTTCTCAACCAGAG-1_2,10.502715,-7.2356067,Bartosovic_scRNA-Seq
AACTTCTCAGCCTTCT-1_2,-0.03969369,13.832085,Bartosovic_scRNA-Seq
AACTTCTCATGTAACC-1_2,9.965385,-6.542221,Bartosovic_scRNA-Seq
AACTTCTGTCAGACTT-1_2,12.385321,7.4829273,Bartosovic_scRNA-Seq
AAGAACACATATCTCT-1_2,11.563797,8.95398,Bartosovic_scRNA-Seq
AAGAACATCCTGTACC-1_2,12.936175,8.724442,Bartosovic_scRNA-Seq
AAGACAACAACGCATT-1_2,11.583211,9.050188,Bartosovic_scRNA-Seq
AAGACAAGTGATACAA-1_2,-2.0311596,12.425528,Bartosovic_scRNA-Seq
AAGACAATCGGTAGGA-1_2,10.443234,6.5365663,Bartosovic_scRNA-Seq
AAGACTCTCGCAGATT-1_2,0.06869098,14.856597,Bartosovic_scRNA-Seq
AAGACTCTCTGCGGCA-1_2,12.394795,5.8685536,Bartosovic_scRNA-Seq
AAGATAGCAGAGGACT-1_2,0.7438338,12.554992,Bartosovic_scRNA-Seq
AAGATAGCAGTGAGCA-1_2,-3.9773645,-1.7987013,Bartosovic_scRNA-Seq
AAGATAGGTCTTACAG-1_2,13.082646,7.654947,Bartosovic_scRNA-Seq
AAGATAGGTGTCGCTG-1_2,0.2842841,14.451719,Bartosovic_scRNA-Seq
AAGATAGTCTTACCAT-1_2,-2.0992453,11.266547,Bartosovic_scRNA-Seq
AAGCATCTCCCTCGTA-1_2,12.60793,9.207069,Bartosovic_scRNA-Seq
AAGCCATAGCGTCTGC-1_2,9.159347,-7.177593,Bartosovic_scRNA-Seq
AAGCCATTCGTGTCAA-1_2,13.822272,6.7606907,Bartosovic_scRNA-Seq
AAGCGAGAGACCAAGC-1_2,12.344548,8.113487,Bartosovic_scRNA-Seq
AAGCGAGAGTGGGAAA-1_2,12.64543,9.065645,Bartosovic_scRNA-Seq
AAGCGAGCACGGCTAC-1_2,15.461927,7.518984,Bartosovic_scRNA-Seq
AAGCGAGGTGTAGCAG-1_2,12.05573,5.7286143,Bartosovic_scRNA-Seq
AAGCGAGGTTACACAC-1_2,1.0561796,11.039466,Bartosovic_scRNA-Seq
AAGCGAGTCCCAAGTA-1_2,10.753874,7.527142,Bartosovic_scRNA-Seq
AAGCGAGTCTGTTCAT-1_2,14.021599,6.8300195,Bartosovic_scRNA-Seq
AAGCGTTTCCATACTT-1_2,11.243196,7.470751,Bartosovic_scRNA-Seq
AAGCGTTTCGCATAGT-1_2,14.449819,5.329445,Bartosovic_scRNA-Seq
AAGCGTTTCGTGTGGC-1_2,0.41374752,10.728505,Bartosovic_scRNA-Seq
AAGGAATAGCTGGTGA-1_2,0.6454342,10.344591,Bartosovic_scRNA-Seq
AAGGAATAGTACCCTA-1_2,-0.172287,10.7439575,Bartosovic_scRNA-Seq
AAGGAATTCCGTGTCT-1_2,1.3741816,13.39653,Bartosovic_scRNA-Seq
AAGGAATTCTTCGGAA-1_2,-0.087966,-13.031584,Bartosovic_scRNA-Seq
AAGTACCAGTAGGCCA-1_2,11.216289,9.017221,Bartosovic_scRNA-Seq
AAGTACCGTTAACCTG-1_2,13.418639,7.7078223,Bartosovic_scRNA-Seq
AAGTACCTCCATAGAC-1_2,-0.40493795,12.472587,Bartosovic_scRNA-Seq
AAGTCGTCAATCACGT-1_2,13.999289,8.15344,Bartosovic_scRNA-Seq
AAGTCGTCACCGTGGT-1_2,11.944964,8.051141,Bartosovic_scRNA-Seq
AAGTCGTCAGCAGACA-1_2,11.405837,5.5578876,Bartosovic_scRNA-Seq
AAGTCGTTCACTGATG-1_2,11.571362,8.077953,Bartosovic_scRNA-Seq
AAGTCGTTCTACTTCA-1_2,13.124444,10.044453,Bartosovic_scRNA-Seq
AAGTGAACACGCGCAT-1_2,1.3060209,11.843142,Bartosovic_scRNA-Seq
AAGTGAACAGTTTCGA-1_2,9.32532,-6.740695,Bartosovic_scRNA-Seq
AAGTGAATCGAAGCCC-1_2,-8.317329,8.834812,Bartosovic_scRNA-Seq
AAGTTCGGTCACTGAT-1_2,14.227092,8.632083,Bartosovic_scRNA-Seq
AAGTTCGTCATCGCCT-1_2,10.233303,6.3629932,Bartosovic_scRNA-Seq
AAGTTCGTCCATCTCG-1_2,14.366734,7.8533187,Bartosovic_scRNA-Seq
AATAGAGAGTAGGTTA-1_2,1.2473334,11.3141775,Bartosovic_scRNA-Seq
AATAGAGCAAATCGGG-1_2,10.971038,8.547693,Bartosovic_scRNA-Seq
AATAGAGCACCTGTCT-1_2,6.0354924,3.1343775,Bartosovic_scRNA-Seq
AATAGAGGTAGCGTAG-1_2,12.614208,5.40591,Bartosovic_scRNA-Seq
AATAGAGGTCAATGGG-1_2,-1.207246,11.013363,Bartosovic_scRNA-Seq
AATAGAGTCATGAGAA-1_2,1.16861,11.340093,Bartosovic_scRNA-Seq
AATCACGCAATTCTCT-1_2,14.185354,9.17493,Bartosovic_scRNA-Seq
AATCACGTCTTTCCGG-1_2,11.500745,10.0487385,Bartosovic_scRNA-Seq
AATCGACAGCTCGACC-1_2,-8.644332,8.249894,Bartosovic_scRNA-Seq
AATCGACCAACGACTT-1_2,-7.5752616,8.699072,Bartosovic_scRNA-Seq
AATCGACCACAGTACT-1_2,12.141891,7.2258306,Bartosovic_scRNA-Seq
AATCGTGCACTATCCC-1_2,13.621381,10.053226,Bartosovic_scRNA-Seq
AATCGTGGTCGCACGT-1_2,-1.5499465,14.544911,Bartosovic_scRNA-Seq
AATCGTGGTTAGTTCG-1_2,10.501525,8.146367,Bartosovic_scRNA-Seq
AATCGTGTCATACGGT-1_2,0.50552976,9.843141,Bartosovic_scRNA-Seq
AATCGTGTCATATGGC-1_2,13.889555,7.8701043,Bartosovic_scRNA-Seq
AATGAAGAGATCGACG-1_2,13.414526,5.0673714,Bartosovic_scRNA-Seq
AATGAAGAGGGCAGGA-1_2,12.535369,7.7066736,Bartosovic_scRNA-Seq
AATGAAGGTAGGTCAG-1_2,-0.1850472,11.940598,Bartosovic_scRNA-Seq
AATGAAGTCTCTTAAC-1_2,15.454771,7.125994,Bartosovic_scRNA-Seq
AATGACCCATACAGGG-1_2,10.31344,7.025819,Bartosovic_scRNA-Seq
AATGACCGTGTTCCAA-1_2,11.547535,8.173053,Bartosovic_scRNA-Seq
AATGACCTCAACCTCC-1_2,-1.5613133,13.37584,Bartosovic_scRNA-Seq
AATGCCAAGGTCGCCT-1_2,9.475892,-6.8255973,Bartosovic_scRNA-Seq
AATGCCAGTACGAGCA-1_2,13.107535,10.067493,Bartosovic_scRNA-Seq
AATGGAAAGAGAACCC-1_2,0.33377263,10.511809,Bartosovic_scRNA-Seq
AATGGAAAGATTTGCC-1_2,0.29184738,14.503567,Bartosovic_scRNA-Seq
AATGGAAAGCATCAGG-1_2,14.99229,6.5051827,Bartosovic_scRNA-Seq
AATGGAAAGGGAGAAT-1_2,12.02578,7.9485164,Bartosovic_scRNA-Seq
AATGGAACAACGACTT-1_2,12.787288,8.541148,Bartosovic_scRNA-Seq
AATGGAAGTTAGTCGT-1_2,1.0124464,13.555845,Bartosovic_scRNA-Seq
AATGGCTAGAATAGTC-1_2,12.660209,8.669256,Bartosovic_scRNA-Seq
AATGGCTTCGTTGTTT-1_2,13.004352,5.485057,Bartosovic_scRNA-Seq
AATTCCTAGGTGGTTG-1_2,0.8059047,12.31236,Bartosovic_scRNA-Seq
AATTCCTCAGTCAACT-1_2,13.193257,9.389779,Bartosovic_scRNA-Seq
AATTCCTTCTCGACCT-1_2,-2.9491973,-1.5507027,Bartosovic_scRNA-Seq
AATTTCCCAAGTTCGT-1_2,0.81832534,11.410747,Bartosovic_scRNA-Seq
AATTTCCCACGATAGG-1_2,12.0490465,7.1422157,Bartosovic_scRNA-Seq
AATTTCCTCTGGTCAA-1_2,12.404318,8.310965,Bartosovic_scRNA-Seq
ACAAAGATCTAAGCGT-1_2,-7.8325834,8.631286,Bartosovic_scRNA-Seq
ACAAAGATCTTACTGT-1_2,11.385337,7.70508,Bartosovic_scRNA-Seq
ACAACCACACGGGCTT-1_2,-7.5903497,8.917907,Bartosovic_scRNA-Seq
ACAACCAGTACGACAG-1_2,9.498712,-7.7315593,Bartosovic_scRNA-Seq
ACAACCAGTCCTCAGG-1_2,-1.1005044,12.955337,Bartosovic_scRNA-Seq
ACAAGCTAGACCATTC-1_2,12.207757,5.605659,Bartosovic_scRNA-Seq
ACAAGCTAGGCGCTCT-1_2,13.566628,6.946779,Bartosovic_scRNA-Seq
ACAAGCTTCACATACG-1_2,11.758072,7.4307957,Bartosovic_scRNA-Seq
ACACAGTTCGCTCTAC-1_2,-1.8417413,13.175946,Bartosovic_scRNA-Seq
ACACAGTTCGTCGGGT-1_2,10.469279,6.05795,Bartosovic_scRNA-Seq
ACACCAAAGCCTATCA-1_2,12.594455,4.6539197,Bartosovic_scRNA-Seq
ACACCAACAGCAGATG-1_2,11.540314,9.698747,Bartosovic_scRNA-Seq
ACACCAAGTAGACGTG-1_2,-1.2386197,-12.590651,Bartosovic_scRNA-Seq
ACACCAATCTTCTTCC-1_2,-1.9953611,11.186959,Bartosovic_scRNA-Seq
ACACGCGAGAGTGTTA-1_2,12.569256,6.9008217,Bartosovic_scRNA-Seq
ACACGCGAGCCTGGAA-1_2,9.306046,-7.3785777,Bartosovic_scRNA-Seq
ACACGCGGTGGTATGG-1_2,10.213018,6.4203935,Bartosovic_scRNA-Seq
ACACGCGTCAAAGGTA-1_2,13.572864,7.230101,Bartosovic_scRNA-Seq
ACACTGAAGGTGCGAT-1_2,10.973475,7.6788936,Bartosovic_scRNA-Seq
ACACTGACATCGATCA-1_2,-1.5832813,10.642965,Bartosovic_scRNA-Seq
ACAGAAACAGGACTAG-1_2,11.091871,5.826748,Bartosovic_scRNA-Seq
ACAGAAAGTCTCGACG-1_2,13.165088,9.1214075,Bartosovic_scRNA-Seq
ACAGCCGAGGCACAAC-1_2,-0.37671232,12.640676,Bartosovic_scRNA-Seq
ACAGCCGAGTGCAAAT-1_2,-1.0102775,-7.496149,Bartosovic_scRNA-Seq
ACAGCCGTCTGAGGTT-1_2,-1.1145966,-11.512122,Bartosovic_scRNA-Seq
ACAGGGAAGGGCTAAC-1_2,10.114391,-6.827175,Bartosovic_scRNA-Seq
ACAGGGATCCGCACTT-1_2,13.571018,7.905259,Bartosovic_scRNA-Seq
ACATCCCAGTCCCAAT-1_2,11.959833,5.7802615,Bartosovic_scRNA-Seq
ACATCCCCAAAGGCTG-1_2,0.56870013,12.475991,Bartosovic_scRNA-Seq
ACATCCCCAATAGGAT-1_2,14.3951845,8.380717,Bartosovic_scRNA-Seq
ACATCCCGTAGTCTTG-1_2,-0.8966415,-12.772794,Bartosovic_scRNA-Seq
ACATCCCGTGCTCCGA-1_2,12.006227,9.141832,Bartosovic_scRNA-Seq
ACATCCCTCTTAGCAG-1_2,-2.0979924,11.582526,Bartosovic_scRNA-Seq
ACATCGAAGCACTTTG-1_2,11.671969,9.119158,Bartosovic_scRNA-Seq
ACATCGAAGCGCAATG-1_2,1.3444653,13.654183,Bartosovic_scRNA-Seq
ACATCGACACACACTA-1_2,12.139489,7.485723,Bartosovic_scRNA-Seq
ACATCGACAGTAGTTC-1_2,13.233449,6.1366787,Bartosovic_scRNA-Seq
ACATGCACAAGGGTCA-1_2,-0.32678676,10.147177,Bartosovic_scRNA-Seq
ACATGCATCGGCAGTC-1_2,-7.5475955,8.823035,Bartosovic_scRNA-Seq
ACATTTCAGATCCTAC-1_2,-2.8150165,-1.9411978,Bartosovic_scRNA-Seq
ACATTTCGTATACCTG-1_2,-4.026886,-1.587893,Bartosovic_scRNA-Seq
ACCAAACCAACCGCCA-1_2,12.153085,8.176864,Bartosovic_scRNA-Seq
ACCAAACCATAGCACT-1_2,11.094997,8.200628,Bartosovic_scRNA-Seq
ACCAAACTCAAGCTTG-1_2,10.799318,8.376243,Bartosovic_scRNA-Seq
ACCAACACATCTCCCA-1_2,-0.9639433,12.0610695,Bartosovic_scRNA-Seq
ACCAACAGTGCTTATG-1_2,13.298575,7.526344,Bartosovic_scRNA-Seq
ACCACAACAAGATGGC-1_2,-0.26330668,14.230856,Bartosovic_scRNA-Seq
ACCATTTCATGAGAAT-1_2,0.6980219,12.443416,Bartosovic_scRNA-Seq
ACCATTTGTCCACAGC-1_2,10.696779,7.704192,Bartosovic_scRNA-Seq
ACCATTTGTTCCAAAC-1_2,-1.529061,-12.128367,Bartosovic_scRNA-Seq
ACCATTTTCTTGAACG-1_2,-0.9280087,13.902342,Bartosovic_scRNA-Seq
ACCCAAAAGTTTGAGA-1_2,12.393375,6.0140276,Bartosovic_scRNA-Seq
ACCCAAAGTACCTAAC-1_2,10.939839,8.573453,Bartosovic_scRNA-Seq
ACCCAAAGTCCTTAAG-1_2,-4.1551533,-1.0536064,Bartosovic_scRNA-Seq
ACCCTCAGTATCTTCT-1_2,13.805872,8.265118,Bartosovic_scRNA-Seq
ACCCTCAGTCAACGCC-1_2,0.5104037,13.005669,Bartosovic_scRNA-Seq
ACCCTTGAGTGTGTTC-1_2,-0.22914955,9.711722,Bartosovic_scRNA-Seq
ACCCTTGGTCGTTTCC-1_2,11.81953,8.007104,Bartosovic_scRNA-Seq
ACCCTTGGTTGGCTAT-1_2,11.453911,6.0307755,Bartosovic_scRNA-Seq
ACCGTTCCACGTATAC-1_2,13.995975,9.481436,Bartosovic_scRNA-Seq
ACCGTTCCACTGTGAT-1_2,-1.743182,13.472282,Bartosovic_scRNA-Seq
ACCTACCAGCACCCAC-1_2,12.79077,8.364136,Bartosovic_scRNA-Seq
ACCTACCTCCATAGGT-1_2,-0.38377684,11.1797905,Bartosovic_scRNA-Seq
ACCTACCTCCATTCGC-1_2,11.858384,7.02169,Bartosovic_scRNA-Seq
ACCTACCTCCGTGTGG-1_2,-1.1887475,14.689082,Bartosovic_scRNA-Seq
ACCTACCTCCTGTAAG-1_2,13.94337,9.169182,Bartosovic_scRNA-Seq
ACCTACCTCGTAGCTA-1_2,12.24629,8.904344,Bartosovic_scRNA-Seq
ACCTGAACAAAGTATG-1_2,11.559767,8.678651,Bartosovic_scRNA-Seq
ACCTGAAGTCAAACGG-1_2,12.63334,6.804343,Bartosovic_scRNA-Seq
ACGATCACAGGACAGT-1_2,12.568558,6.5109987,Bartosovic_scRNA-Seq
ACGATCATCCGTAGGC-1_2,12.325829,7.8382683,Bartosovic_scRNA-Seq
ACGATCATCTCGGCTT-1_2,14.120232,9.565865,Bartosovic_scRNA-Seq
ACGATGTAGACGGTTG-1_2,0.9259392,-3.7272167,Bartosovic_scRNA-Seq
ACGATGTAGGCGAAGG-1_2,-8.297308,8.76077,Bartosovic_scRNA-Seq
ACGATGTCATGACTTG-1_2,10.46837,8.075379,Bartosovic_scRNA-Seq
ACGATGTGTTGATGTC-1_2,11.225364,6.5709105,Bartosovic_scRNA-Seq
ACGATGTTCAGGAAGC-1_2,-1.5510881,12.757925,Bartosovic_scRNA-Seq
ACGATGTTCCATCAGA-1_2,12.51525,7.15127,Bartosovic_scRNA-Seq
ACGCACGAGTCGCCCA-1_2,-0.15492065,13.590109,Bartosovic_scRNA-Seq
ACGCACGCAATCCAGT-1_2,13.330273,7.4617305,Bartosovic_scRNA-Seq
ACGCACGCAGGAATCG-1_2,1.631823,-4.970968,Bartosovic_scRNA-Seq
ACGCACGGTAACTAAG-1_2,-0.88009655,12.243982,Bartosovic_scRNA-Seq
ACGCACGGTTATAGAG-1_2,13.056937,6.0351043,Bartosovic_scRNA-Seq
ACGCACGTCACCTGTC-1_2,11.674782,9.926249,Bartosovic_scRNA-Seq
ACGCACGTCCATAGGT-1_2,10.753359,8.319426,Bartosovic_scRNA-Seq
ACGCACGTCTTTCGAT-1_2,-4.1237974,-1.3039109,Bartosovic_scRNA-Seq
ACGGAAGAGCACCAGA-1_2,-7.767746,8.027477,Bartosovic_scRNA-Seq
ACGGGTCCAAGCGGAT-1_2,0.58800256,11.892528,Bartosovic_scRNA-Seq
ACGGGTCCACGCACCA-1_2,13.443875,7.223342,Bartosovic_scRNA-Seq
ACGGGTCCATTGACTG-1_2,-1.6755782,13.893569,Bartosovic_scRNA-Seq
ACGGGTCGTCAGGCAA-1_2,14.129152,7.6414924,Bartosovic_scRNA-Seq
ACGGGTCGTTGATGTC-1_2,12.817079,6.94416,Bartosovic_scRNA-Seq
ACGGTCGAGAGTTGCG-1_2,13.408637,7.0659676,Bartosovic_scRNA-Seq
ACGGTCGCACCCAACG-1_2,9.570006,8.10606,Bartosovic_scRNA-Seq
ACGGTCGGTTAAGAAC-1_2,10.888041,6.187139,Bartosovic_scRNA-Seq
ACGTAACAGCCAGACA-1_2,-0.21592417,-12.982327,Bartosovic_scRNA-Seq
ACGTAACGTATCATGC-1_2,-0.58496106,10.784422,Bartosovic_scRNA-Seq
ACGTACAAGCAAATGT-1_2,14.040833,7.546872,Bartosovic_scRNA-Seq
ACGTACATCACAAGAA-1_2,10.716372,6.9092827,Bartosovic_scRNA-Seq
ACGTACATCTTAAGGC-1_2,10.414058,8.162064,Bartosovic_scRNA-Seq
ACGTAGTAGCGCAATG-1_2,11.553215,8.208235,Bartosovic_scRNA-Seq
ACGTAGTAGGGAACAA-1_2,12.224962,9.296027,Bartosovic_scRNA-Seq
ACGTCCTAGGGAGATA-1_2,-0.804138,15.049802,Bartosovic_scRNA-Seq
ACGTCCTCACTCAGAT-1_2,13.381675,8.793099,Bartosovic_scRNA-Seq
ACGTTCCTCTTCGACC-1_2,13.8584175,9.096392,Bartosovic_scRNA-Seq
ACTACGACAAACGTGG-1_2,9.540672,-6.3063374,Bartosovic_scRNA-Seq
ACTACGACAAGAGTGC-1_2,11.989697,6.820601,Bartosovic_scRNA-Seq
ACTACGACACGCTGAC-1_2,-0.4150783,12.218762,Bartosovic_scRNA-Seq
ACTACGAGTAACAAGT-1_2,1.4779025,12.623273,Bartosovic_scRNA-Seq
ACTATCTAGCCGGATA-1_2,1.0964361,12.523208,Bartosovic_scRNA-Seq
ACTATCTAGCTCGTGC-1_2,-2.8037105,-1.7878308,Bartosovic_scRNA-Seq
ACTATCTCACCTGATA-1_2,2.1732845,-4.434821,Bartosovic_scRNA-Seq
ACTATCTGTTCTTCAT-1_2,12.724311,6.8903313,Bartosovic_scRNA-Seq
ACTATCTTCAATCTCT-1_2,13.882459,7.3747654,Bartosovic_scRNA-Seq
ACTATCTTCTTGATTC-1_2,13.703551,9.256416,Bartosovic_scRNA-Seq
ACTATGGGTTGTGGAG-1_2,13.646922,5.7850447,Bartosovic_scRNA-Seq
ACTATTCAGCAAGTCG-1_2,13.947222,7.2168217,Bartosovic_scRNA-Seq
ACTATTCCAGGAGACT-1_2,1.4879615,-4.248959,Bartosovic_scRNA-Seq
ACTATTCGTACAGCGA-1_2,11.959296,5.576372,Bartosovic_scRNA-Seq
ACTCCCAAGCACTTTG-1_2,13.556383,6.220291,Bartosovic_scRNA-Seq
ACTCCCAAGCTAAGTA-1_2,1.5435367,12.657452,Bartosovic_scRNA-Seq
ACTCCCACAAGCACCC-1_2,15.598095,7.59731,Bartosovic_scRNA-Seq
ACTCCCACACGTATAC-1_2,-1.211289,13.868783,Bartosovic_scRNA-Seq
ACTCCCAGTGCCCGTA-1_2,-0.3614534,-10.417028,Bartosovic_scRNA-Seq
ACTCCCATCTTCCCAG-1_2,13.67705,8.591743,Bartosovic_scRNA-Seq
ACTCTCGAGTAGGCCA-1_2,12.722083,6.3940673,Bartosovic_scRNA-Seq
ACTCTCGTCATCGACA-1_2,-1.1338223,13.150751,Bartosovic_scRNA-Seq
ACTGATGAGCCATGCC-1_2,15.603796,8.034801,Bartosovic_scRNA-Seq
ACTGATGGTTGGGTTT-1_2,0.94496346,14.395486,Bartosovic_scRNA-Seq
ACTGATGTCCATACAG-1_2,12.886148,6.876018,Bartosovic_scRNA-Seq
ACTGCAAAGCTTGTGT-1_2,0.53854626,11.635979,Bartosovic_scRNA-Seq
ACTGCAATCCGTGTCT-1_2,13.488755,7.991611,Bartosovic_scRNA-Seq
ACTGCAATCGTTCGCT-1_2,13.04888,7.2192245,Bartosovic_scRNA-Seq
ACTGTCCTCATGACAC-1_2,12.649196,7.2299695,Bartosovic_scRNA-Seq
ACTGTCCTCTGTCCCA-1_2,14.468641,7.5764427,Bartosovic_scRNA-Seq
ACTGTGATCGAAACAA-1_2,13.952874,9.50083,Bartosovic_scRNA-Seq
ACTTAGGCACTTGTCC-1_2,1.8062743,-4.5591726,Bartosovic_scRNA-Seq
ACTTAGGGTCCCGTGA-1_2,10.80414,-7.745547,Bartosovic_scRNA-Seq
ACTTAGGGTTGCGGAA-1_2,0.28028807,11.673588,Bartosovic_scRNA-Seq
ACTTAGGTCCCGTGAG-1_2,8.54104,-7.1943493,Bartosovic_scRNA-Seq
ACTTATCAGGATGAGA-1_2,9.214795,-6.525016,Bartosovic_scRNA-Seq
ACTTATCTCAATCAGC-1_2,0.7031316,-11.463523,Bartosovic_scRNA-Seq
ACTTCCGCAAATACGA-1_2,0.8434612,11.666445,Bartosovic_scRNA-Seq
ACTTCCGGTGAGTTTC-1_2,13.12868,8.030159,Bartosovic_scRNA-Seq
ACTTCCGTCTCCCAAC-1_2,11.344725,7.6777034,Bartosovic_scRNA-Seq
ACTTCGCAGGGAGAAT-1_2,-1.1633236,11.330611,Bartosovic_scRNA-Seq
ACTTCGCAGTGGGAAA-1_2,0.20913915,12.48361,Bartosovic_scRNA-Seq
ACTTCGCGTAGTGATA-1_2,-0.046738613,11.108559,Bartosovic_scRNA-Seq
ACTTCGCTCGGTGCAC-1_2,12.661718,9.8610525,Bartosovic_scRNA-Seq
ACTTTCAAGCCAGAGT-1_2,13.252169,8.61346,Bartosovic_scRNA-Seq
ACTTTCAAGGCTTAAA-1_2,10.193969,8.615087,Bartosovic_scRNA-Seq
ACTTTCAAGTAATCCC-1_2,11.791719,6.6890783,Bartosovic_scRNA-Seq
ACTTTCACAGAGTTGG-1_2,-0.006141909,12.393444,Bartosovic_scRNA-Seq
ACTTTCACATCTTCGC-1_2,13.059255,10.013715,Bartosovic_scRNA-Seq
ACTTTCACATTCTGTT-1_2,11.523851,8.459167,Bartosovic_scRNA-Seq
ACTTTCAGTATTCCTT-1_2,1.0273653,12.361479,Bartosovic_scRNA-Seq
ACTTTCAGTCCTCAGG-1_2,14.591238,8.051084,Bartosovic_scRNA-Seq
ACTTTCATCGCGTTTC-1_2,12.779844,7.743765,Bartosovic_scRNA-Seq
ACTTTGTAGCATGAAT-1_2,13.968089,9.793548,Bartosovic_scRNA-Seq
ACTTTGTAGGGTAATT-1_2,9.323979,-6.7093844,Bartosovic_scRNA-Seq
ACTTTGTGTGTTTCTT-1_2,13.161061,9.586417,Bartosovic_scRNA-Seq
AGAAATGGTCTAGGTT-1_2,14.171462,6.5961213,Bartosovic_scRNA-Seq
AGAAATGGTGTAGTGG-1_2,14.642437,6.926334,Bartosovic_scRNA-Seq
AGAAATGTCTCGCCTA-1_2,-1.179573,13.027284,Bartosovic_scRNA-Seq
AGAACAAAGTAACGTA-1_2,13.497249,7.787516,Bartosovic_scRNA-Seq
AGAACAAGTCGGTAAG-1_2,14.422137,7.7021675,Bartosovic_scRNA-Seq
AGAACAAGTGAGCCAA-1_2,11.831297,6.1140194,Bartosovic_scRNA-Seq
AGAACCTGTACGAGTG-1_2,-1.0337254,11.269523,Bartosovic_scRNA-Seq
AGAAGCGAGGTAGACC-1_2,12.584039,8.254557,Bartosovic_scRNA-Seq
AGAAGCGCAATAGAGT-1_2,1.4507982,13.170712,Bartosovic_scRNA-Seq
AGAAGCGCACCGGAAA-1_2,13.224749,7.9255824,Bartosovic_scRNA-Seq
AGAAGCGGTCTGTGGC-1_2,0.43704897,10.254507,Bartosovic_scRNA-Seq
AGAAGTACATCACGGC-1_2,12.048248,8.163849,Bartosovic_scRNA-Seq
AGAAGTAGTGCTGCAC-1_2,-4.013087,-2.1072319,Bartosovic_scRNA-Seq
AGAAGTATCACTACTT-1_2,10.050932,-7.1490846,Bartosovic_scRNA-Seq
AGACAAACAGAAGTTA-1_2,11.868962,8.179239,Bartosovic_scRNA-Seq
AGACACTCATGAAAGT-1_2,14.890413,7.8139405,Bartosovic_scRNA-Seq
AGACAGGAGCAATAGT-1_2,0.5556269,14.406327,Bartosovic_scRNA-Seq
AGACAGGGTATGAGAT-1_2,10.416402,8.020313,Bartosovic_scRNA-Seq
AGACCATGTCGTACTA-1_2,0.9235715,14.546959,Bartosovic_scRNA-Seq
AGACCATTCAACGTGT-1_2,8.638309,-7.380894,Bartosovic_scRNA-Seq
AGACCATTCGATGCTA-1_2,13.676608,9.718,Bartosovic_scRNA-Seq
AGACCCGTCCTCACCA-1_2,-0.23212287,14.486958,Bartosovic_scRNA-Seq
AGACTCACACCTCGTT-1_2,12.690647,9.116111,Bartosovic_scRNA-Seq
AGAGAATCAGCAGATG-1_2,-0.19741611,13.480007,Bartosovic_scRNA-Seq
AGAGAATCAGTAGTGG-1_2,3.577728,-3.0255013,Bartosovic_scRNA-Seq
AGAGAATGTACAATAG-1_2,14.86512,8.668685,Bartosovic_scRNA-Seq
AGAGAATGTCACCTTC-1_2,12.613567,8.368192,Bartosovic_scRNA-Seq
AGAGAATTCTTGAGCA-1_2,12.786245,8.156247,Bartosovic_scRNA-Seq
AGAGAGCCAGTCTACA-1_2,0.123904735,11.691006,Bartosovic_scRNA-Seq
AGAGAGCGTAAGTTGA-1_2,0.055895206,11.604384,Bartosovic_scRNA-Seq
AGAGCAGAGCACGGAT-1_2,12.542384,6.8453317,Bartosovic_scRNA-Seq
AGAGCAGAGCAGGCTA-1_2,14.56023,8.638679,Bartosovic_scRNA-Seq
AGAGCAGTCGAGAAGC-1_2,11.159629,8.497926,Bartosovic_scRNA-Seq
AGAGCCCAGGCAGGGA-1_2,-3.955124,-3.0937455,Bartosovic_scRNA-Seq
AGAGCCCGTCATCACA-1_2,14.368841,6.0895696,Bartosovic_scRNA-Seq
AGATAGAAGACACACG-1_2,12.424456,9.109401,Bartosovic_scRNA-Seq
AGATAGACATCCGAGC-1_2,6.051639,4.29526,Bartosovic_scRNA-Seq
AGATAGAGTCCGACGT-1_2,1.0736449,14.345999,Bartosovic_scRNA-Seq
AGATAGAGTCCTTTGC-1_2,-1.0472459,12.740986,Bartosovic_scRNA-Seq
AGATAGAGTCTGTGAT-1_2,14.993223,6.9308186,Bartosovic_scRNA-Seq
AGATAGAGTTACTCAG-1_2,14.143489,6.684084,Bartosovic_scRNA-Seq
AGATAGATCCATTTCA-1_2,-7.3229194,8.217878,Bartosovic_scRNA-Seq
AGATAGATCGTCCATC-1_2,10.871975,8.672453,Bartosovic_scRNA-Seq
AGATAGATCTGATGGT-1_2,10.272461,7.7721415,Bartosovic_scRNA-Seq
AGATCCAAGGGAGGAC-1_2,-0.85843503,-7.6129827,Bartosovic_scRNA-Seq
AGATCCACACATTACG-1_2,12.358301,8.806786,Bartosovic_scRNA-Seq
AGATCCACACTAGGCC-1_2,0.009817924,10.668266,Bartosovic_scRNA-Seq
AGATCGTCACGGGTAA-1_2,14.680613,7.383331,Bartosovic_scRNA-Seq
AGATGAAAGTACGAGC-1_2,-1.461206,11.313771,Bartosovic_scRNA-Seq
AGATGAATCGAACACT-1_2,1.0154784,-11.110948,Bartosovic_scRNA-Seq
AGATGAATCGAGAAAT-1_2,13.360252,6.878995,Bartosovic_scRNA-Seq
AGCATCAAGTGACACG-1_2,12.765573,7.272141,Bartosovic_scRNA-Seq
AGCATCACAGATACCT-1_2,12.087731,9.268238,Bartosovic_scRNA-Seq
AGCATCAGTGTTCCAA-1_2,13.626268,9.265162,Bartosovic_scRNA-Seq
AGCATCATCCCGAAAT-1_2,-1.5347183,11.41423,Bartosovic_scRNA-Seq
AGCCAATTCATGACAC-1_2,6.665458,3.7080977,Bartosovic_scRNA-Seq
AGCCACGTCTGGACCG-1_2,12.118835,9.602901,Bartosovic_scRNA-Seq
AGCCAGCCAAAGGAGA-1_2,11.516231,7.8685074,Bartosovic_scRNA-Seq
AGCCAGCCACCGTGCA-1_2,14.149866,9.208295,Bartosovic_scRNA-Seq
AGCCAGCTCGCCAGAC-1_2,11.576701,8.957737,Bartosovic_scRNA-Seq
AGCCAGCTCGCCATAA-1_2,-4.0599227,-1.937267,Bartosovic_scRNA-Seq
AGCGATTAGACCAGCA-1_2,13.611085,7.258185,Bartosovic_scRNA-Seq
AGCGATTAGAGCCCAA-1_2,-3.956071,-1.782174,Bartosovic_scRNA-Seq
AGCGATTGTCGCAGTC-1_2,14.206108,6.6068263,Bartosovic_scRNA-Seq
AGCGATTGTTTACCTT-1_2,-0.6027644,11.406375,Bartosovic_scRNA-Seq
AGCGATTTCCAGCAAT-1_2,-7.997495,9.180862,Bartosovic_scRNA-Seq
AGCGATTTCGACGTCG-1_2,0.34809428,10.520693,Bartosovic_scRNA-Seq
AGCGATTTCTGAGTCA-1_2,12.345084,9.685658,Bartosovic_scRNA-Seq
AGCGATTTCTTACCAT-1_2,-0.43574136,11.578426,Bartosovic_scRNA-Seq
AGCGCCAAGTTGAAGT-1_2,-0.6271661,13.896002,Bartosovic_scRNA-Seq
AGCGCTGTCATCTACT-1_2,15.191822,6.4384155,Bartosovic_scRNA-Seq
AGCGTATAGCTGTTCA-1_2,9.726846,-8.151932,Bartosovic_scRNA-Seq
AGCGTATAGGACTATA-1_2,5.856448,3.8085818,Bartosovic_scRNA-Seq
AGCGTATAGGTTCTAC-1_2,-0.6411171,14.426509,Bartosovic_scRNA-Seq
AGCGTATGTATGGGAC-1_2,10.691793,6.278495,Bartosovic_scRNA-Seq
AGCGTATGTGGACCTC-1_2,11.803113,6.726161,Bartosovic_scRNA-Seq
AGCGTATGTTGTTTGG-1_2,-8.665408,8.160773,Bartosovic_scRNA-Seq
AGCGTATTCACACCCT-1_2,-0.21924533,-11.019136,Bartosovic_scRNA-Seq
AGCGTATTCCCAAGCG-1_2,-1.5937157,-10.434215,Bartosovic_scRNA-Seq
AGCGTATTCCTCTCTT-1_2,9.724731,-7.663958,Bartosovic_scRNA-Seq
AGCTACACAGCACAGA-1_2,10.297861,-8.145468,Bartosovic_scRNA-Seq
AGCTACAGTGTAGTGG-1_2,-2.0499852,12.7725315,Bartosovic_scRNA-Seq
AGCTACAGTTCTCAGA-1_2,-0.54253167,10.811557,Bartosovic_scRNA-Seq
AGCTACAGTTGACGGA-1_2,-1.8337724,12.0864525,Bartosovic_scRNA-Seq
AGCTACATCGATCCAA-1_2,-1.2968947,-12.794332,Bartosovic_scRNA-Seq
AGCTACATCGCCAGTG-1_2,11.901497,8.954709,Bartosovic_scRNA-Seq
AGCTACATCGGATACT-1_2,14.074137,5.0155187,Bartosovic_scRNA-Seq
AGCTACATCTAGTACG-1_2,12.921451,6.9917808,Bartosovic_scRNA-Seq
AGCTCAAGTCTACAAC-1_2,-7.6895823,8.897383,Bartosovic_scRNA-Seq
AGCTTCCCACTCCTGT-1_2,15.522211,7.250234,Bartosovic_scRNA-Seq
AGGAAATCAATGTTGC-1_2,13.5082855,6.7414966,Bartosovic_scRNA-Seq
AGGAAATGTAGACGTG-1_2,10.7474,6.977157,Bartosovic_scRNA-Seq
AGGAAATGTCATCCCT-1_2,0.67043954,13.6012,Bartosovic_scRNA-Seq
AGGAAATTCATTCATC-1_2,0.7973241,13.162744,Bartosovic_scRNA-Seq
AGGAATAAGCCGTAAG-1_2,0.268948,14.5155525,Bartosovic_scRNA-Seq
AGGAATAAGTATAGGT-1_2,-0.81150967,12.740048,Bartosovic_scRNA-Seq
AGGAATATCGAGCACC-1_2,11.299398,7.4288635,Bartosovic_scRNA-Seq
AGGACGAAGGAAGAAC-1_2,12.7117605,7.9819837,Bartosovic_scRNA-Seq
AGGACGACACGCAAAG-1_2,-0.5855474,13.704232,Bartosovic_scRNA-Seq
AGGACGATCACTACTT-1_2,8.502273,5.7683835,Bartosovic_scRNA-Seq
AGGACTTAGCATTGAA-1_2,12.35852,8.241877,Bartosovic_scRNA-Seq
AGGACTTCAGCTACCG-1_2,13.508415,6.9113803,Bartosovic_scRNA-Seq
AGGACTTGTAGGATAT-1_2,13.993274,5.2044554,Bartosovic_scRNA-Seq
AGGACTTTCGCTGATA-1_2,-0.5380213,13.357108,Bartosovic_scRNA-Seq
AGGACTTTCGTGAGAG-1_2,10.804837,7.0105467,Bartosovic_scRNA-Seq
AGGAGGTAGATGGTCG-1_2,13.516668,6.874205,Bartosovic_scRNA-Seq
AGGAGGTCATCCGTTC-1_2,-0.2962853,-13.092049,Bartosovic_scRNA-Seq
AGGAGGTCATGTGCTA-1_2,9.868376,-8.226426,Bartosovic_scRNA-Seq
AGGATAACATTCACCC-1_2,0.46788827,12.216285,Bartosovic_scRNA-Seq
AGGATAAGTTACCCTC-1_2,13.1626005,9.612182,Bartosovic_scRNA-Seq
AGGATCTTCCACGGGT-1_2,12.605192,8.466469,Bartosovic_scRNA-Seq
AGGCATTCAACGATCT-1_2,14.7185755,8.610014,Bartosovic_scRNA-Seq
AGGCATTCAGCTATTG-1_2,6.898485,4.7133026,Bartosovic_scRNA-Seq
AGGCATTCATGCAGGA-1_2,13.0457535,7.8068576,Bartosovic_scRNA-Seq
AGGCATTGTATGTCTG-1_2,-3.393184,-1.476179,Bartosovic_scRNA-Seq
AGGCATTTCCCAGTGG-1_2,-1.8042189,12.61722,Bartosovic_scRNA-Seq
AGGCCACAGAGTCTTC-1_2,0.27743095,13.796469,Bartosovic_scRNA-Seq
AGGCCACCAAATCGGG-1_2,2.7198732,-4.6293526,Bartosovic_scRNA-Seq
AGGCTGCCACTATCCC-1_2,-8.650898,8.622141,Bartosovic_scRNA-Seq
AGGCTGCCAGTGAGCA-1_2,12.129702,7.4909987,Bartosovic_scRNA-Seq
AGGCTGCGTTCCACGG-1_2,0.25453493,-12.366139,Bartosovic_scRNA-Seq
AGGCTGCTCATTGAGC-1_2,12.076467,9.033932,Bartosovic_scRNA-Seq
AGGGAGTAGCAACAAT-1_2,0.0411281,-12.662773,Bartosovic_scRNA-Seq
AGGGAGTAGGAGCTGT-1_2,14.190253,7.318762,Bartosovic_scRNA-Seq
AGGGAGTAGGTCCTGC-1_2,11.946638,7.131403,Bartosovic_scRNA-Seq
AGGGAGTTCGCGTTTC-1_2,-0.771802,12.869676,Bartosovic_scRNA-Seq
AGGGCCTAGCTACTGT-1_2,13.786965,7.5501595,Bartosovic_scRNA-Seq
AGGGCCTAGTGGCGAT-1_2,-2.133962,13.006316,Bartosovic_scRNA-Seq
AGGGCCTCAGCATTGT-1_2,-1.466704,13.813795,Bartosovic_scRNA-Seq
AGGGCCTCAGGTCCGT-1_2,-0.5372682,12.844877,Bartosovic_scRNA-Seq
AGGGCCTCATCTCGTC-1_2,-3.6037402,-2.2881393,Bartosovic_scRNA-Seq
AGGGCCTGTTCGGCGT-1_2,10.765271,8.05386,Bartosovic_scRNA-Seq
AGGGCTCCAACTCCAA-1_2,6.554121,3.4613075,Bartosovic_scRNA-Seq
AGGGCTCCACCATAAC-1_2,12.174847,9.513175,Bartosovic_scRNA-Seq
AGGGTCCGTTGTCAGT-1_2,13.222687,8.293756,Bartosovic_scRNA-Seq
AGGGTCCGTTTCGTGA-1_2,11.291408,6.0583334,Bartosovic_scRNA-Seq
AGGGTGAAGGCGTCCT-1_2,6.815323,4.4231296,Bartosovic_scRNA-Seq
AGGGTGAGTTCCGGTG-1_2,15.014662,7.4328814,Bartosovic_scRNA-Seq
AGGGTGAGTTCTAACG-1_2,2.7522664,-3.1260192,Bartosovic_scRNA-Seq
AGGGTGATCCTCAGAA-1_2,11.317793,8.49423,Bartosovic_scRNA-Seq
AGGGTTTCACGCGCAT-1_2,-3.1646044,-0.95903033,Bartosovic_scRNA-Seq
AGGGTTTTCCATTCGC-1_2,13.528361,7.2905183,Bartosovic_scRNA-Seq
AGGTAGGAGAGCATTA-1_2,15.29997,6.4871736,Bartosovic_scRNA-Seq
AGGTCATCATCACAGT-1_2,-7.4494615,8.692368,Bartosovic_scRNA-Seq
AGGTCATGTGTTGCCG-1_2,0.24594301,13.701301,Bartosovic_scRNA-Seq
AGGTCTAAGTCTAGCT-1_2,6.499656,4.481907,Bartosovic_scRNA-Seq
AGGTCTAGTGGGCTCT-1_2,12.614336,8.143465,Bartosovic_scRNA-Seq
AGGTCTATCGCGAAGA-1_2,13.369549,5.7460537,Bartosovic_scRNA-Seq
AGGTGTTAGTTGCATC-1_2,12.10494,7.225961,Bartosovic_scRNA-Seq
AGGTTACAGGCAGGGA-1_2,-0.91521657,13.023731,Bartosovic_scRNA-Seq
AGGTTACAGGTAGGCT-1_2,13.629125,9.163075,Bartosovic_scRNA-Seq
AGGTTACCACGACGTC-1_2,-1.6478759,11.691932,Bartosovic_scRNA-Seq
AGGTTACGTATGTCCA-1_2,9.899716,-7.8778505,Bartosovic_scRNA-Seq
AGGTTACGTGGCCACT-1_2,13.097496,5.5391755,Bartosovic_scRNA-Seq
AGGTTACGTTGCTAGT-1_2,0.026235966,10.278915,Bartosovic_scRNA-Seq
AGGTTACTCGAGAATA-1_2,15.001757,6.575688,Bartosovic_scRNA-Seq
AGGTTACTCTCGAACA-1_2,-4.503523,-1.8477135,Bartosovic_scRNA-Seq
AGGTTGTAGCGCCGTT-1_2,-0.16238132,10.383752,Bartosovic_scRNA-Seq
AGGTTGTAGTCGCGAA-1_2,14.609778,6.4765353,Bartosovic_scRNA-Seq
AGGTTGTCAAACGAGC-1_2,12.3236475,5.1530166,Bartosovic_scRNA-Seq
AGGTTGTTCCTACACC-1_2,13.072116,3.7207708,Bartosovic_scRNA-Seq
AGGTTGTTCGGAGTAG-1_2,12.314362,9.070357,Bartosovic_scRNA-Seq
AGTAACCAGAGTCACG-1_2,0.6497437,13.017717,Bartosovic_scRNA-Seq
AGTAACCGTGTATACC-1_2,13.85171,6.4267426,Bartosovic_scRNA-Seq
AGTAACCTCTAGTGAC-1_2,11.654734,7.235483,Bartosovic_scRNA-Seq
AGTACCAAGGGCTTCC-1_2,10.457697,8.777149,Bartosovic_scRNA-Seq
AGTACCAGTACTGTTG-1_2,11.435226,6.6190286,Bartosovic_scRNA-Seq
AGTACTGAGATGTTAG-1_2,11.897792,8.780818,Bartosovic_scRNA-Seq
AGTACTGAGCCAGAGT-1_2,14.963162,8.267265,Bartosovic_scRNA-Seq
AGTACTGCACATAACC-1_2,10.957376,-6.8956113,Bartosovic_scRNA-Seq
AGTACTGGTAACAGGC-1_2,11.144049,8.537583,Bartosovic_scRNA-Seq
AGTAGCTCACGCTTAA-1_2,-0.4839611,11.320045,Bartosovic_scRNA-Seq
AGTAGCTCATCCTAAG-1_2,10.682691,-8.08782,Bartosovic_scRNA-Seq
AGTAGCTCATTCGGGC-1_2,-7.7220273,9.077733,Bartosovic_scRNA-Seq
AGTAGCTTCAAGCCAT-1_2,12.988137,8.795395,Bartosovic_scRNA-Seq
AGTAGTCAGGCGCTTC-1_2,13.860877,8.165153,Bartosovic_scRNA-Seq
AGTAGTCCAGCTGCCA-1_2,6.176598,3.9157457,Bartosovic_scRNA-Seq
AGTAGTCCATGCGTGC-1_2,13.594532,5.200094,Bartosovic_scRNA-Seq
AGTAGTCTCAGCGGAA-1_2,10.22757,-6.8992577,Bartosovic_scRNA-Seq
AGTCAACCAACTCATG-1_2,-1.7613016,10.964708,Bartosovic_scRNA-Seq
AGTCAACCATGATAGA-1_2,-0.6113912,-7.302691,Bartosovic_scRNA-Seq
AGTCAACGTAACAGTA-1_2,9.677299,-6.5891438,Bartosovic_scRNA-Seq
AGTCACAAGCATACTC-1_2,0.29774758,12.456243,Bartosovic_scRNA-Seq
AGTCATGCAAAGGGTC-1_2,13.853834,4.9059725,Bartosovic_scRNA-Seq
AGTCATGCAGACTCTA-1_2,14.281336,6.270206,Bartosovic_scRNA-Seq
AGTCTCCAGGTTCTAC-1_2,12.054949,8.3192215,Bartosovic_scRNA-Seq
AGTCTCCAGTAACCTC-1_2,10.146829,8.726926,Bartosovic_scRNA-Seq
AGTCTCCTCGTGTGGC-1_2,14.361554,8.183013,Bartosovic_scRNA-Seq
AGTGACTAGGAGTACC-1_2,14.07932,9.256863,Bartosovic_scRNA-Seq
AGTGACTAGTTCACTG-1_2,-0.40372717,11.777343,Bartosovic_scRNA-Seq
AGTGACTCACTTGGCG-1_2,-2.0418673,11.502326,Bartosovic_scRNA-Seq
AGTGACTGTAAGGCCA-1_2,-4.653916,-2.302147,Bartosovic_scRNA-Seq
AGTGATCAGGCTTTCA-1_2,15.236301,6.566601,Bartosovic_scRNA-Seq
AGTGATCCAATTTCTC-1_2,11.676564,7.289593,Bartosovic_scRNA-Seq
AGTGATCCATTGCTGA-1_2,13.136791,5.671752,Bartosovic_scRNA-Seq
AGTGATCGTACCAGAG-1_2,13.79798,6.8913755,Bartosovic_scRNA-Seq
AGTGATCGTGTTAGCT-1_2,11.170457,6.873209,Bartosovic_scRNA-Seq
AGTGCCGAGGACAGCT-1_2,0.7588972,14.797407,Bartosovic_scRNA-Seq
AGTGCCGCAAGACCGA-1_2,-1.8920832,11.9839735,Bartosovic_scRNA-Seq
AGTGCCGTCCCGTTCA-1_2,0.10717712,11.231073,Bartosovic_scRNA-Seq
AGTGTTGAGGGTCTTT-1_2,12.945717,5.7122946,Bartosovic_scRNA-Seq
AGTGTTGCATATCGGT-1_2,12.284837,6.8323755,Bartosovic_scRNA-Seq
AGTGTTGGTCATGCAT-1_2,12.865961,5.496326,Bartosovic_scRNA-Seq
AGTTAGCAGCAAGCCA-1_2,11.973927,8.985624,Bartosovic_scRNA-Seq
AGTTAGCCAACCACGC-1_2,1.27381,-4.4495387,Bartosovic_scRNA-Seq
AGTTAGCGTAGCGATG-1_2,10.848441,7.0715013,Bartosovic_scRNA-Seq
AGTTAGCGTCAGCGTC-1_2,-0.46433747,13.501571,Bartosovic_scRNA-Seq
AGTTCCCAGCTGTTAC-1_2,13.023521,8.32401,Bartosovic_scRNA-Seq
AGTTCCCAGTCGTCTA-1_2,14.4061575,5.071524,Bartosovic_scRNA-Seq
AGTTCCCCACTCCGAG-1_2,-0.5253577,12.718045,Bartosovic_scRNA-Seq
AGTTCCCCAGTCTTCC-1_2,0.9542084,-11.011644,Bartosovic_scRNA-Seq
AGTTCGACAGTGCGCT-1_2,-0.69657093,10.558317,Bartosovic_scRNA-Seq
AGTTCGATCACCTTGC-1_2,0.3640791,11.700401,Bartosovic_scRNA-Seq
ATACCGATCACTGCTC-1_2,-0.7337681,11.975526,Bartosovic_scRNA-Seq
ATACCTTTCTTAGCCC-1_2,-1.0849397,14.045427,Bartosovic_scRNA-Seq
ATACTTCGTATCGCAT-1_2,13.392662,6.705351,Bartosovic_scRNA-Seq
ATACTTCTCACAGTGT-1_2,-4.1160336,-2.14345,Bartosovic_scRNA-Seq
ATACTTCTCGCCGAGT-1_2,10.674175,-7.510435,Bartosovic_scRNA-Seq
ATACTTCTCTCGCTTG-1_2,10.95722,9.344436,Bartosovic_scRNA-Seq
ATAGACCTCGGTAAGG-1_2,13.182034,4.3910704,Bartosovic_scRNA-Seq
ATAGAGAAGTCGTTAC-1_2,9.238309,-7.5086703,Bartosovic_scRNA-Seq
ATAGAGACAAGACGGT-1_2,12.162092,7.184626,Bartosovic_scRNA-Seq
ATAGAGAGTGCGTTTA-1_2,-7.401542,8.645314,Bartosovic_scRNA-Seq
ATAGGCTAGGCCTTCG-1_2,10.043113,-7.188052,Bartosovic_scRNA-Seq
ATAGGCTCACAGCTGC-1_2,10.151457,-6.4212112,Bartosovic_scRNA-Seq
ATAGGCTCACTCCACT-1_2,14.029271,7.247692,Bartosovic_scRNA-Seq
ATAGGCTGTCCTGAAT-1_2,13.576317,6.7615705,Bartosovic_scRNA-Seq
ATAGGCTGTGAACGGT-1_2,11.177178,5.9960246,Bartosovic_scRNA-Seq
ATATCCTAGTACGAGC-1_2,1.0245906,13.602137,Bartosovic_scRNA-Seq
ATATCCTGTCCAGCGT-1_2,14.741798,8.385973,Bartosovic_scRNA-Seq
ATATCCTTCTGAACGT-1_2,13.981035,6.034933,Bartosovic_scRNA-Seq
ATCACAGGTCTTGCGG-1_2,-1.7764825,-11.151244,Bartosovic_scRNA-Seq
ATCACAGTCTTCGACC-1_2,-1.363576,12.524813,Bartosovic_scRNA-Seq
ATCACGACAAACACGG-1_2,-4.1205163,-2.0879898,Bartosovic_scRNA-Seq
ATCACTTAGCACCGTC-1_2,-1.041545,12.938642,Bartosovic_scRNA-Seq
ATCACTTAGGCGTCCT-1_2,13.574909,5.6958923,Bartosovic_scRNA-Seq
ATCACTTCACTGTCCT-1_2,13.809028,9.369005,Bartosovic_scRNA-Seq
ATCACTTCAGCACAGA-1_2,12.215944,7.9998593,Bartosovic_scRNA-Seq
ATCACTTCAGCGGTTC-1_2,13.326087,6.067899,Bartosovic_scRNA-Seq
ATCACTTTCTATCCAT-1_2,-0.8624156,11.835023,Bartosovic_scRNA-Seq
ATCAGGTCAGGTCCCA-1_2,9.951632,6.11584,Bartosovic_scRNA-Seq
ATCAGGTGTCGCTGCA-1_2,12.348504,8.919493,Bartosovic_scRNA-Seq
ATCAGGTGTCGGAAAC-1_2,-0.62254256,-13.045568,Bartosovic_scRNA-Seq
ATCAGGTGTCTCCTGT-1_2,14.621037,4.602439,Bartosovic_scRNA-Seq
ATCAGGTGTCTTGAAC-1_2,1.4022979,13.7359295,Bartosovic_scRNA-Seq
ATCATTCCACCGGTCA-1_2,-1.276809,14.847658,Bartosovic_scRNA-Seq
ATCATTCTCTAACACG-1_2,0.32336032,13.986239,Bartosovic_scRNA-Seq
ATCCACCAGACCTTTG-1_2,11.976178,10.170124,Bartosovic_scRNA-Seq
ATCCACCCAACCCTAA-1_2,11.932957,8.454334,Bartosovic_scRNA-Seq
ATCCACCGTATCAGCT-1_2,12.913311,7.393886,Bartosovic_scRNA-Seq
ATCCATTAGAATCGAT-1_2,10.703653,-7.7234883,Bartosovic_scRNA-Seq
ATCCATTGTCCAAATC-1_2,-1.2835202,11.171571,Bartosovic_scRNA-Seq
ATCCCTGAGATGGTCG-1_2,14.118535,6.6383653,Bartosovic_scRNA-Seq
ATCCCTGGTATGAAAC-1_2,11.884204,6.637876,Bartosovic_scRNA-Seq
ATCCCTGGTCATCGGC-1_2,-8.019622,8.337231,Bartosovic_scRNA-Seq
ATCCCTGTCTGCCTGT-1_2,10.3094425,-7.4614916,Bartosovic_scRNA-Seq
ATCCGTCCAAAGCACG-1_2,10.990131,-7.2633615,Bartosovic_scRNA-Seq
ATCCGTCCAGGGCTTC-1_2,-2.0036235,12.896039,Bartosovic_scRNA-Seq
ATCCGTCGTATACCTG-1_2,13.450154,6.7601275,Bartosovic_scRNA-Seq
ATCCGTCGTCGTACAT-1_2,14.2224655,5.671113,Bartosovic_scRNA-Seq
ATCCGTCGTTCGGTTA-1_2,11.210806,6.0147877,Bartosovic_scRNA-Seq
ATCCGTCTCTGCTTTA-1_2,4.835243,4.2888045,Bartosovic_scRNA-Seq
ATCCTATCACGTTGGC-1_2,-0.68343437,10.122596,Bartosovic_scRNA-Seq
ATCCTATGTGATAGTA-1_2,0.11612463,14.415822,Bartosovic_scRNA-Seq
ATCCTATGTGTTCGTA-1_2,12.53571,8.10978,Bartosovic_scRNA-Seq
ATCCTATGTTTGATCG-1_2,-0.025806827,12.2401085,Bartosovic_scRNA-Seq
ATCCTATTCGAAATCC-1_2,-1.1342014,11.033916,Bartosovic_scRNA-Seq
ATCGATGCAACTGAAA-1_2,9.38981,-7.4447756,Bartosovic_scRNA-Seq
ATCGATGCAGCATACT-1_2,9.351409,-6.8283243,Bartosovic_scRNA-Seq
ATCGATGCAGCTTCCT-1_2,-1.1759313,11.832646,Bartosovic_scRNA-Seq
ATCGATGGTTCTCTAT-1_2,12.827931,4.722124,Bartosovic_scRNA-Seq
ATCGCCTAGTCTGCGC-1_2,5.0777397,4.429027,Bartosovic_scRNA-Seq
ATCGCCTTCATGTCAG-1_2,10.435476,8.091022,Bartosovic_scRNA-Seq
ATCGCCTTCTCTCTTC-1_2,-4.673278,-1.8537292,Bartosovic_scRNA-Seq
ATCGGATGTAGCTGAG-1_2,10.980409,6.506815,Bartosovic_scRNA-Seq
ATCGGATTCGTCAGAT-1_2,14.0807085,5.9818535,Bartosovic_scRNA-Seq
ATCGGCGAGGGAGTTC-1_2,12.8628,8.938911,Bartosovic_scRNA-Seq
ATCGGCGGTTCGGCGT-1_2,-3.4997249,-2.4763873,Bartosovic_scRNA-Seq
ATCGTAGCAACTCGAT-1_2,-1.9103051,11.6292095,Bartosovic_scRNA-Seq
ATCGTAGGTGACCTGC-1_2,-0.29379997,12.274061,Bartosovic_scRNA-Seq
ATCGTAGGTGTCATCA-1_2,-1.8898282,11.590442,Bartosovic_scRNA-Seq
ATCGTAGTCAAAGACA-1_2,12.031154,7.5735116,Bartosovic_scRNA-Seq
ATCGTCCTCTCCGAGG-1_2,-0.63122857,10.954387,Bartosovic_scRNA-Seq
ATCGTGACATGATAGA-1_2,12.806226,4.721442,Bartosovic_scRNA-Seq
ATCGTGACATTCAGCA-1_2,10.756344,6.9925957,Bartosovic_scRNA-Seq
ATCTCTAAGATGCTAA-1_2,-2.9424808,-0.33106413,Bartosovic_scRNA-Seq
ATCTCTAAGTCTCTGA-1_2,12.074097,8.217983,Bartosovic_scRNA-Seq
ATCTCTACACACGTGC-1_2,14.263308,8.204032,Bartosovic_scRNA-Seq
ATCTCTACACGAGAAC-1_2,13.40023,4.8778615,Bartosovic_scRNA-Seq
ATCTTCACAGCAGTTT-1_2,-8.365418,8.990629,Bartosovic_scRNA-Seq
ATGAAAGAGAACTTCC-1_2,11.987855,7.3445196,Bartosovic_scRNA-Seq
ATGAAAGAGGCCTTCG-1_2,11.038154,7.4820647,Bartosovic_scRNA-Seq
ATGAAAGCAACCAACT-1_2,14.022078,9.038728,Bartosovic_scRNA-Seq
ATGACCACAACAGATA-1_2,13.726899,9.050265,Bartosovic_scRNA-Seq
ATGACCACACCAGCGT-1_2,13.654039,9.146896,Bartosovic_scRNA-Seq
ATGACCACATAATCGC-1_2,10.295282,8.274684,Bartosovic_scRNA-Seq
ATGACCATCAAATAGG-1_2,12.576774,8.084165,Bartosovic_scRNA-Seq
ATGAGGGAGATAGTGT-1_2,0.5425351,-11.19147,Bartosovic_scRNA-Seq
ATGAGGGCACCTCTGT-1_2,11.743328,8.184129,Bartosovic_scRNA-Seq
ATGAGGGCACTCGATA-1_2,-0.18965653,10.843639,Bartosovic_scRNA-Seq
ATGAGGGGTACTGGGA-1_2,1.0947607,14.523909,Bartosovic_scRNA-Seq
ATGAGGGGTAGATCCT-1_2,-4.5881314,-1.7092427,Bartosovic_scRNA-Seq
ATGAGTCCATCCTAAG-1_2,-4.7213187,-1.3386269,Bartosovic_scRNA-Seq
ATGATCGAGAAGCCAC-1_2,12.575023,7.006956,Bartosovic_scRNA-Seq
ATGATCGCACTTTATC-1_2,-0.7093292,13.261465,Bartosovic_scRNA-Seq
ATGATCGCATACCACA-1_2,-0.042390205,12.632408,Bartosovic_scRNA-Seq
ATGATCGCATCCTTCG-1_2,15.353882,7.007477,Bartosovic_scRNA-Seq
ATGCATGAGACTTCGT-1_2,13.219526,9.006127,Bartosovic_scRNA-Seq
ATGCCTCCAAGGGCAT-1_2,0.65852994,-3.8475184,Bartosovic_scRNA-Seq
ATGCCTCGTTTCTTAC-1_2,14.536928,6.7040615,Bartosovic_scRNA-Seq
ATGCCTCTCATAGAGA-1_2,12.100218,6.3270235,Bartosovic_scRNA-Seq
ATGCCTCTCCATCTAT-1_2,12.114088,7.8090353,Bartosovic_scRNA-Seq
ATGCGATAGGCAGCTA-1_2,10.671556,6.5992556,Bartosovic_scRNA-Seq
ATGCGATGTGTCTTAG-1_2,11.523315,8.847645,Bartosovic_scRNA-Seq
ATGCGATTCCCGTGAG-1_2,-1.905404,-2.3844733,Bartosovic_scRNA-Seq
ATGGAGGAGCTCGCAC-1_2,-1.0938088,14.990111,Bartosovic_scRNA-Seq
ATGGAGGCAACTTCTT-1_2,6.119779,4.085068,Bartosovic_scRNA-Seq
ATGGATCGTCGTCAGC-1_2,12.25359,6.608966,Bartosovic_scRNA-Seq
ATGGATCGTTGCCAAT-1_2,0.16329801,11.102133,Bartosovic_scRNA-Seq
ATGGGAGAGCCTCTGG-1_2,11.411712,9.526179,Bartosovic_scRNA-Seq
ATGGGAGAGTCCTGCG-1_2,9.161222,-7.1741333,Bartosovic_scRNA-Seq
ATGGGTTAGCTGCCTG-1_2,14.20468,8.41044,Bartosovic_scRNA-Seq
ATGGGTTAGGCTCTAT-1_2,-1.0372725,11.234194,Bartosovic_scRNA-Seq
ATGGGTTAGTTCTCTT-1_2,14.341005,6.901163,Bartosovic_scRNA-Seq
ATGGGTTCAAACCACT-1_2,14.442657,9.604748,Bartosovic_scRNA-Seq
ATGGGTTTCTGCGGCA-1_2,13.901429,7.0901403,Bartosovic_scRNA-Seq
ATGGTTGCAGTTTGGT-1_2,-0.8666718,10.734387,Bartosovic_scRNA-Seq
ATGGTTGGTAGTGGCA-1_2,13.254311,7.2960634,Bartosovic_scRNA-Seq
ATGGTTGTCCGCAACG-1_2,4.8614306,4.2560754,Bartosovic_scRNA-Seq
ATGTCCCCAGAGAGGG-1_2,14.179876,5.918954,Bartosovic_scRNA-Seq
ATGTCCCGTTCAGCGC-1_2,-1.0408151,13.649585,Bartosovic_scRNA-Seq
ATGTCCCTCAGCGCGT-1_2,-1.0170411,10.155149,Bartosovic_scRNA-Seq
ATGTCTTGTAGCCCTG-1_2,11.904538,5.8330216,Bartosovic_scRNA-Seq
ATGTCTTTCAAACTGC-1_2,13.192429,6.560563,Bartosovic_scRNA-Seq
ATGTCTTTCGGTAGGA-1_2,12.487421,6.3178577,Bartosovic_scRNA-Seq
ATTACCTGTAACCCTA-1_2,-2.1480446,11.245395,Bartosovic_scRNA-Seq
ATTACTCAGTGTAGTA-1_2,6.5870867,3.726853,Bartosovic_scRNA-Seq
ATTACTCCAATATCCG-1_2,-1.7482306,13.49847,Bartosovic_scRNA-Seq
ATTACTCCACCTGCTT-1_2,10.833744,7.9133916,Bartosovic_scRNA-Seq
ATTACTCCAGCATTGT-1_2,15.357586,6.668544,Bartosovic_scRNA-Seq
ATTACTCCAGCTGAGA-1_2,-1.105036,10.987984,Bartosovic_scRNA-Seq
ATTACTCGTACCTATG-1_2,13.828002,8.490386,Bartosovic_scRNA-Seq
ATTACTCGTGAATAAC-1_2,-0.5163788,12.404605,Bartosovic_scRNA-Seq
ATTACTCGTGCCGTTG-1_2,-0.24583758,10.527862,Bartosovic_scRNA-Seq
ATTACTCTCACTGTCC-1_2,13.44621,10.275767,Bartosovic_scRNA-Seq
ATTACTCTCGTCGGGT-1_2,1.5878302,12.58172,Bartosovic_scRNA-Seq
ATTACTCTCTCATTTG-1_2,12.748371,5.781658,Bartosovic_scRNA-Seq
ATTATCCAGGACAGTC-1_2,14.570362,6.700694,Bartosovic_scRNA-Seq
ATTATCCAGGATATGT-1_2,13.21001,6.7443204,Bartosovic_scRNA-Seq
ATTATCCTCCTCTCTT-1_2,13.18204,9.221681,Bartosovic_scRNA-Seq
ATTATCCTCGATGCTA-1_2,9.481125,-7.7321157,Bartosovic_scRNA-Seq
ATTCACTAGAAATGGG-1_2,0.5776936,14.593479,Bartosovic_scRNA-Seq
ATTCAGGCACTGAGGA-1_2,14.797924,5.795825,Bartosovic_scRNA-Seq
ATTCATCAGACAGCGT-1_2,0.2804624,9.779544,Bartosovic_scRNA-Seq
ATTCCATAGCCTGAGA-1_2,12.409746,9.20026,Bartosovic_scRNA-Seq
ATTCCATCAAGACAAT-1_2,-0.2692258,13.345173,Bartosovic_scRNA-Seq
ATTCCATGTTACCCTC-1_2,-1.2818322,12.340927,Bartosovic_scRNA-Seq
ATTCCATTCCAGTTCC-1_2,11.040759,9.150587,Bartosovic_scRNA-Seq
ATTCCATTCCCTCATG-1_2,-4.779844,-2.106061,Bartosovic_scRNA-Seq
ATTCCCGCAATAACCC-1_2,13.564099,8.462274,Bartosovic_scRNA-Seq
ATTCCTATCACCTACC-1_2,14.253803,7.382252,Bartosovic_scRNA-Seq
ATTCCTATCTACCAGA-1_2,8.382359,-6.0402203,Bartosovic_scRNA-Seq
ATTCGTTAGGTTGGAC-1_2,-0.66240746,15.242489,Bartosovic_scRNA-Seq
ATTCTACAGATCCCAT-1_2,14.553718,6.019134,Bartosovic_scRNA-Seq
ATTCTACCATCTTCGC-1_2,0.18229005,13.048588,Bartosovic_scRNA-Seq
ATTCTACTCTGGAAGG-1_2,12.885247,5.000468,Bartosovic_scRNA-Seq
ATTCTTGAGGTCACCC-1_2,-2.6699824,-1.9669842,Bartosovic_scRNA-Seq
ATTCTTGCAGAAACCG-1_2,11.512298,7.850633,Bartosovic_scRNA-Seq
ATTGGGTAGACCATTC-1_2,14.563036,7.481254,Bartosovic_scRNA-Seq
ATTGGGTCAAATACAG-1_2,14.605544,5.4383254,Bartosovic_scRNA-Seq
ATTGGGTGTAACGATA-1_2,13.013728,6.845605,Bartosovic_scRNA-Seq
ATTGTTCAGCCTATTG-1_2,14.96249,7.068863,Bartosovic_scRNA-Seq
ATTGTTCTCACCTGTC-1_2,0.028243607,11.007987,Bartosovic_scRNA-Seq
ATTGTTCTCAGACCTA-1_2,12.431871,6.620404,Bartosovic_scRNA-Seq
ATTTACCAGCAGTCTT-1_2,-3.5893128,-2.258536,Bartosovic_scRNA-Seq
ATTTACCAGCCAACCC-1_2,12.858583,9.146849,Bartosovic_scRNA-Seq
ATTTACCAGGAAACGA-1_2,9.283064,-7.6761346,Bartosovic_scRNA-Seq
ATTTACCGTCACATTG-1_2,0.9426921,12.004452,Bartosovic_scRNA-Seq
ATTTCACCAAGCGAAC-1_2,10.170048,-7.2542825,Bartosovic_scRNA-Seq
ATTTCACCAGGATGAC-1_2,-0.99914193,14.676198,Bartosovic_scRNA-Seq
ATTTCACGTGACACGA-1_2,14.17668,6.318474,Bartosovic_scRNA-Seq
ATTTCTGAGACCAAGC-1_2,14.115945,8.359603,Bartosovic_scRNA-Seq
ATTTCTGAGTATAACG-1_2,0.6232317,14.684002,Bartosovic_scRNA-Seq
ATTTCTGCATAACGGG-1_2,14.103097,8.051745,Bartosovic_scRNA-Seq
ATTTCTGGTCACGCTG-1_2,13.481162,7.839814,Bartosovic_scRNA-Seq
ATTTCTGGTTTGGAGG-1_2,11.63177,6.2390656,Bartosovic_scRNA-Seq
ATTTCTGTCAGTGATC-1_2,0.5773471,12.0619135,Bartosovic_scRNA-Seq
CAAAGAAAGCAGGCTA-1_2,11.017415,6.536114,Bartosovic_scRNA-Seq
CAAAGAAAGGGATCGT-1_2,12.399006,8.066603,Bartosovic_scRNA-Seq
CAAAGAAAGGTCCTGC-1_2,12.071355,6.931292,Bartosovic_scRNA-Seq
CAAAGAAGTAGACGTG-1_2,11.903237,5.49798,Bartosovic_scRNA-Seq
CAACAACCACTTTAGG-1_2,11.308829,6.3958673,Bartosovic_scRNA-Seq
CAACAACCATCCTTCG-1_2,-0.7540838,15.079241,Bartosovic_scRNA-Seq
CAACAACCATGGCTAT-1_2,10.855567,-7.509567,Bartosovic_scRNA-Seq
CAACAACGTCAACCTA-1_2,11.202961,7.777303,Bartosovic_scRNA-Seq
CAACAACGTGGTTTGT-1_2,12.611573,7.767794,Bartosovic_scRNA-Seq
CAACAACTCCTTGAAG-1_2,1.2760164,-3.606378,Bartosovic_scRNA-Seq
CAACAGTCAGTAGAGC-1_2,10.619221,8.31136,Bartosovic_scRNA-Seq
CAACAGTGTTGTTGCA-1_2,13.782773,5.376788,Bartosovic_scRNA-Seq
CAACCAAAGACGACTG-1_2,11.782157,8.259575,Bartosovic_scRNA-Seq
CAACCAAAGGGTTTCT-1_2,13.641236,6.602467,Bartosovic_scRNA-Seq
CAACCAAAGGTCACCC-1_2,1.4442123,13.752054,Bartosovic_scRNA-Seq
CAACCAAAGGTGCCTC-1_2,0.03143157,12.913928,Bartosovic_scRNA-Seq
CAACCAACACGATTCA-1_2,14.093458,9.41057,Bartosovic_scRNA-Seq
CAACCAACATTCTGTT-1_2,12.14321,9.900725,Bartosovic_scRNA-Seq
CAACCAAGTACAGCGA-1_2,10.016808,-7.7361827,Bartosovic_scRNA-Seq
CAACCAATCTGCAGCG-1_2,12.059934,10.1568775,Bartosovic_scRNA-Seq
CAACCTCAGAAACTGT-1_2,-1.5384693,12.393827,Bartosovic_scRNA-Seq
CAACCTCAGCCGTTGC-1_2,13.978729,8.240872,Bartosovic_scRNA-Seq
CAACCTCAGGATCATA-1_2,11.171597,8.787549,Bartosovic_scRNA-Seq
CAACCTCAGTCACGCC-1_2,-1.3156992,13.551,Bartosovic_scRNA-Seq
CAACCTCGTGGTAACG-1_2,-3.9603481,-2.1349137,Bartosovic_scRNA-Seq
CAACGATCAAGAGTTA-1_2,-1.6198051,13.455496,Bartosovic_scRNA-Seq
CAACGATGTTTGGAGG-1_2,-1.13281,10.795825,Bartosovic_scRNA-Seq
CAACGATTCATTTACC-1_2,0.9593565,13.756345,Bartosovic_scRNA-Seq
CAACGGCTCCCTTGTG-1_2,13.854682,6.198237,Bartosovic_scRNA-Seq
CAACGGCTCGAACACT-1_2,10.5272045,-6.907309,Bartosovic_scRNA-Seq
CAAGACTCATCTGCGG-1_2,-0.96416944,13.849158,Bartosovic_scRNA-Seq
CAAGACTGTACTCCGG-1_2,11.308817,8.689876,Bartosovic_scRNA-Seq
CAAGAGGAGGAAAGAC-1_2,14.566631,5.538922,Bartosovic_scRNA-Seq
CAAGAGGAGTATGGAT-1_2,-0.9296856,10.571329,Bartosovic_scRNA-Seq
CAAGCTACAGCGTTGC-1_2,-1.1117663,10.88229,Bartosovic_scRNA-Seq
CAAGCTATCGCTTTAT-1_2,1.2120368,-3.595778,Bartosovic_scRNA-Seq
CAAGCTATCGTGGCTG-1_2,12.354983,4.9980054,Bartosovic_scRNA-Seq
CAAGCTATCTGAGTCA-1_2,14.450813,7.8713827,Bartosovic_scRNA-Seq
CAATACGCAGCTGAAG-1_2,-0.54666024,-10.350244,Bartosovic_scRNA-Seq
CAATACGCATTAGGCT-1_2,13.60074,7.52095,Bartosovic_scRNA-Seq
CAATACGTCTCGCAGG-1_2,4.712124,4.310065,Bartosovic_scRNA-Seq
CAATCGACAAAGACGC-1_2,9.25059,-7.099569,Bartosovic_scRNA-Seq
CAATCGACAAGAGTTA-1_2,10.416572,7.2776556,Bartosovic_scRNA-Seq
CAATCGAGTAGGTAGC-1_2,12.150245,4.6949544,Bartosovic_scRNA-Seq
CAATCGAGTATGAGAT-1_2,0.038954627,13.216349,Bartosovic_scRNA-Seq
CAATCGATCATCAGTG-1_2,13.876873,7.8655877,Bartosovic_scRNA-Seq
CAATCGATCCTCACCA-1_2,12.952055,8.599997,Bartosovic_scRNA-Seq
CAATCGATCGGACTGC-1_2,11.273197,8.120092,Bartosovic_scRNA-Seq
CAATGACGTAGATGTA-1_2,12.414925,7.076622,Bartosovic_scRNA-Seq
CAATGACGTATGCGGA-1_2,14.202212,5.743386,Bartosovic_scRNA-Seq
CAATGACTCCGGTTCT-1_2,-1.7998664,10.492965,Bartosovic_scRNA-Seq
CAATTTCAGACCGTTT-1_2,10.963566,9.333617,Bartosovic_scRNA-Seq
CAATTTCAGTATAGAC-1_2,12.860366,5.4386845,Bartosovic_scRNA-Seq
CAATTTCGTCTCGACG-1_2,10.852117,9.245822,Bartosovic_scRNA-Seq
CAATTTCTCTACACTT-1_2,-1.1727722,13.626668,Bartosovic_scRNA-Seq
CACAACACAACTGAAA-1_2,-0.94053304,-7.511264,Bartosovic_scRNA-Seq
CACAACATCACCGACG-1_2,14.018159,7.958434,Bartosovic_scRNA-Seq
CACAACATCTGAGATC-1_2,0.38049877,14.608703,Bartosovic_scRNA-Seq
CACACAAAGCTTCATG-1_2,-3.4387412,-2.985625,Bartosovic_scRNA-Seq
CACACAACAATTGAGA-1_2,12.83239,7.081592,Bartosovic_scRNA-Seq
CACACAACACCTTCCA-1_2,12.8069315,7.358136,Bartosovic_scRNA-Seq
CACACAATCCACATAG-1_2,13.465505,7.3910923,Bartosovic_scRNA-Seq
CACAGATAGAGGCGTT-1_2,-0.9194169,11.164416,Bartosovic_scRNA-Seq
CACAGATCATGGATCT-1_2,-0.28464225,13.108717,Bartosovic_scRNA-Seq
CACAGGCCACCATTCC-1_2,12.779072,10.294167,Bartosovic_scRNA-Seq
CACAGGCGTCTTACAG-1_2,9.974022,-6.3187966,Bartosovic_scRNA-Seq
CACAGGCTCCTCTCTT-1_2,14.125204,8.945753,Bartosovic_scRNA-Seq
CACAGGCTCTATTCGT-1_2,13.205703,9.723408,Bartosovic_scRNA-Seq
CACATGAAGGCTCCCA-1_2,12.46551,6.547442,Bartosovic_scRNA-Seq
CACATGACATGTCAGT-1_2,12.640415,9.86357,Bartosovic_scRNA-Seq
CACCAAAAGTTGAAAC-1_2,11.829389,8.371511,Bartosovic_scRNA-Seq
CACCAAACACGCCAGT-1_2,0.2161744,13.66064,Bartosovic_scRNA-Seq
CACCAAACATCCTATT-1_2,6.431987,4.103637,Bartosovic_scRNA-Seq
CACCAAATCAATCCAG-1_2,14.290458,6.379469,Bartosovic_scRNA-Seq
CACCGTTAGCTCGGCT-1_2,-1.7084757,13.189704,Bartosovic_scRNA-Seq
CACGAATAGGATTTGA-1_2,0.38230005,11.25937,Bartosovic_scRNA-Seq
CACGAATCACCCGTAG-1_2,13.84945,7.8673797,Bartosovic_scRNA-Seq
CACGAATCAGCACGAA-1_2,-1.9537225,12.973968,Bartosovic_scRNA-Seq
CACGAATCAGCCATTA-1_2,-1.0295196,14.849006,Bartosovic_scRNA-Seq
CACGAATGTGGCACTC-1_2,-0.48010927,12.899604,Bartosovic_scRNA-Seq
CACGAATGTGGTCAAG-1_2,8.493703,-6.1123548,Bartosovic_scRNA-Seq
CACGGGTGTGTCCAAT-1_2,13.450842,7.1028605,Bartosovic_scRNA-Seq
CACGGGTTCAGCGTCG-1_2,1.547761,12.832464,Bartosovic_scRNA-Seq
CACGTGGCATAATGAG-1_2,11.341289,8.338915,Bartosovic_scRNA-Seq
CACGTGGGTCATTGCA-1_2,-0.44443098,10.817034,Bartosovic_scRNA-Seq
CACGTTCTCTCTCCGA-1_2,-1.3025297,12.171162,Bartosovic_scRNA-Seq
CACTAAGGTAGACAAT-1_2,12.0721445,6.3126326,Bartosovic_scRNA-Seq
CACTAAGGTATTGCCA-1_2,-1.4843177,14.546258,Bartosovic_scRNA-Seq
CACTGAAAGAAGAACG-1_2,11.314382,9.045702,Bartosovic_scRNA-Seq
CACTGAAAGAGCAAGA-1_2,1.4338268,11.505472,Bartosovic_scRNA-Seq
CACTGAAGTCCACACG-1_2,-0.045654893,9.889487,Bartosovic_scRNA-Seq
CACTGAAGTTGTGCAT-1_2,9.825169,-7.4034324,Bartosovic_scRNA-Seq
CACTGAATCAAACGTC-1_2,11.06346,6.393843,Bartosovic_scRNA-Seq
CACTGAATCACCTCAC-1_2,10.685777,9.16151,Bartosovic_scRNA-Seq
CACTGAATCTCTGACC-1_2,-4.69971,-1.8404751,Bartosovic_scRNA-Seq
CACTGAATCTTTACAC-1_2,11.499344,9.031869,Bartosovic_scRNA-Seq
CACTGGGAGTTGGCTT-1_2,15.218451,8.248931,Bartosovic_scRNA-Seq
CACTGGGCACCGAATT-1_2,9.938667,-7.9590034,Bartosovic_scRNA-Seq
CACTGGGGTCAGTCTA-1_2,-0.82486916,12.957232,Bartosovic_scRNA-Seq
CACTGGGGTTCGCGTG-1_2,13.916324,8.685509,Bartosovic_scRNA-Seq
CACTTCGCAGATCCTA-1_2,-8.16121,7.6183248,Bartosovic_scRNA-Seq
CACTTCGGTGTCCACG-1_2,11.032502,9.099498,Bartosovic_scRNA-Seq
CAGAGCCCAAATACGA-1_2,11.862282,9.461253,Bartosovic_scRNA-Seq
CAGAGCCCATAAGCAA-1_2,-0.96274334,11.160785,Bartosovic_scRNA-Seq
CAGATACAGAATCCCT-1_2,14.083072,8.109716,Bartosovic_scRNA-Seq
CAGATACCACATGGTT-1_2,10.649326,-7.1137376,Bartosovic_scRNA-Seq
CAGATACTCCTTCTTC-1_2,12.95855,8.38658,Bartosovic_scRNA-Seq
CAGATACTCGTCAAAC-1_2,15.065051,6.149721,Bartosovic_scRNA-Seq
CAGATCAAGACGTCCC-1_2,12.250886,8.479874,Bartosovic_scRNA-Seq
CAGATCAAGTGCACAG-1_2,1.011661,-12.037535,Bartosovic_scRNA-Seq
CAGATCAAGTGCACTT-1_2,12.57921,8.547679,Bartosovic_scRNA-Seq
CAGATCACAATTCACG-1_2,1.2223773,-11.474658,Bartosovic_scRNA-Seq
CAGATTGCACCACATA-1_2,3.7164116,-4.1903286,Bartosovic_scRNA-Seq
CAGATTGCATCCGTTC-1_2,11.868391,9.417838,Bartosovic_scRNA-Seq
CAGATTGGTAGTATAG-1_2,-1.3320062,10.723861,Bartosovic_scRNA-Seq
CAGATTGTCCATCCGT-1_2,3.710103,-3.317159,Bartosovic_scRNA-Seq
CAGATTGTCGAGAATA-1_2,11.593971,5.809453,Bartosovic_scRNA-Seq
CAGATTGTCGTTCAGA-1_2,11.770353,8.330622,Bartosovic_scRNA-Seq
CAGCAATAGGGTATAT-1_2,6.226095,3.6250062,Bartosovic_scRNA-Seq
CAGCACGAGCTGTGCC-1_2,-0.4993742,-12.273811,Bartosovic_scRNA-Seq
CAGCACGGTCAAAGAT-1_2,-7.4667234,8.536128,Bartosovic_scRNA-Seq
CAGCACGTCCGATGTA-1_2,12.373755,10.137711,Bartosovic_scRNA-Seq
CAGCAGCTCATCGCCT-1_2,12.114665,8.623774,Bartosovic_scRNA-Seq
CAGCAGCTCTCCGTGT-1_2,10.752587,6.961897,Bartosovic_scRNA-Seq
CAGCCAGCACTAACCA-1_2,-2.2698379,-2.0072165,Bartosovic_scRNA-Seq
CAGCCAGGTGGTCTAT-1_2,-0.36358508,14.264393,Bartosovic_scRNA-Seq
CAGCCAGTCCTGCCAT-1_2,11.021679,9.502471,Bartosovic_scRNA-Seq
CAGCGTGGTACTGTTG-1_2,-0.42189658,10.596658,Bartosovic_scRNA-Seq
CAGGCCAAGGTGAGAA-1_2,-1.6997877,11.40003,Bartosovic_scRNA-Seq
CAGGCCACAAATCGGG-1_2,-1.1747202,13.814346,Bartosovic_scRNA-Seq
CAGGCCACAGATTTCG-1_2,11.668421,9.048881,Bartosovic_scRNA-Seq
CAGGCCATCTATACGG-1_2,14.06647,9.027906,Bartosovic_scRNA-Seq
CAGGGCTAGACGCCAA-1_2,14.717222,7.916601,Bartosovic_scRNA-Seq
CAGGGCTAGCCACAAG-1_2,11.081403,8.58527,Bartosovic_scRNA-Seq
CAGGGCTCAAGGTCGA-1_2,14.438905,8.007407,Bartosovic_scRNA-Seq
CAGGGCTGTGCAACGA-1_2,12.772284,8.674855,Bartosovic_scRNA-Seq
CAGGTATAGACCGTTT-1_2,-0.8475789,10.271786,Bartosovic_scRNA-Seq
CAGGTATAGAGAGAAC-1_2,1.4392284,-11.132307,Bartosovic_scRNA-Seq
CAGGTATCAAATGGTA-1_2,-0.6409968,-11.547432,Bartosovic_scRNA-Seq
CAGGTATGTAGCCCTG-1_2,12.669889,5.43912,Bartosovic_scRNA-Seq
CAGGTATTCCCAGTGG-1_2,10.897916,-7.905171,Bartosovic_scRNA-Seq
CAGTGCGCACTGCTTC-1_2,1.1753209,14.449113,Bartosovic_scRNA-Seq
CAGTGCGGTCGTAATC-1_2,0.77198666,11.862063,Bartosovic_scRNA-Seq
CAGTTAGAGACTACGG-1_2,10.895634,-7.6210465,Bartosovic_scRNA-Seq
CAGTTAGAGGTGGGTT-1_2,0.4278808,12.066729,Bartosovic_scRNA-Seq
CAGTTAGTCGTCACCT-1_2,10.894525,8.141675,Bartosovic_scRNA-Seq
CAGTTCCAGTGAGTTA-1_2,12.187469,10.290427,Bartosovic_scRNA-Seq
CAGTTCCCACGTAACT-1_2,-8.063354,8.985908,Bartosovic_scRNA-Seq
CAGTTCCTCGCTTGCT-1_2,8.9586735,-7.3498993,Bartosovic_scRNA-Seq
CATAAGCAGACCAGCA-1_2,-4.243483,-2.5282576,Bartosovic_scRNA-Seq
CATAAGCCACGGTGCT-1_2,-1.5386434,10.41864,Bartosovic_scRNA-Seq
CATAAGCGTAACATCC-1_2,9.999486,-7.4097867,Bartosovic_scRNA-Seq
CATAAGCGTCTGCCTT-1_2,0.87031454,11.7848835,Bartosovic_scRNA-Seq
CATACAGCATCGGATT-1_2,12.151157,8.857804,Bartosovic_scRNA-Seq
CATACAGCATCTTAGG-1_2,9.735637,7.863882,Bartosovic_scRNA-Seq
CATACCCAGCCGATTT-1_2,12.047986,8.686982,Bartosovic_scRNA-Seq
CATACCCGTCAACATC-1_2,0.6032763,12.282746,Bartosovic_scRNA-Seq
CATACCCTCATCTGTT-1_2,-0.45481515,11.01376,Bartosovic_scRNA-Seq
CATACTTAGACTCTTG-1_2,12.213669,7.93419,Bartosovic_scRNA-Seq
CATACTTAGTGCACAG-1_2,13.484576,9.476148,Bartosovic_scRNA-Seq
CATACTTCAGCGAACA-1_2,11.714807,9.668077,Bartosovic_scRNA-Seq
CATACTTCATTCACAG-1_2,13.983164,8.709812,Bartosovic_scRNA-Seq
CATAGACAGCACCTGC-1_2,10.372637,7.765758,Bartosovic_scRNA-Seq
CATAGACAGTATGATG-1_2,-3.9819615,-2.7515795,Bartosovic_scRNA-Seq
CATAGACCAATCAAGA-1_2,13.586415,8.291436,Bartosovic_scRNA-Seq
CATAGACCAGGCTATT-1_2,-1.8462845,11.308877,Bartosovic_scRNA-Seq
CATAGACCATCTCGTC-1_2,9.804078,-7.4745617,Bartosovic_scRNA-Seq
CATAGACTCTTGAACG-1_2,0.50269896,12.434739,Bartosovic_scRNA-Seq
CATCAAGGTTAAACAG-1_2,0.3204677,11.491194,Bartosovic_scRNA-Seq
CATCAAGGTTAGCGGA-1_2,13.481025,5.7059298,Bartosovic_scRNA-Seq
CATCCACCAATCTAGC-1_2,14.169952,8.6592655,Bartosovic_scRNA-Seq
CATCCACCATGGCTGC-1_2,12.058255,9.068171,Bartosovic_scRNA-Seq
CATCCACTCAGGAACG-1_2,1.5428395,-4.676663,Bartosovic_scRNA-Seq
CATCCACTCTTACCGC-1_2,13.586376,6.5674076,Bartosovic_scRNA-Seq
CATCCCAAGAGTGGCT-1_2,13.245555,6.7263165,Bartosovic_scRNA-Seq
CATCCCAAGGTAACTA-1_2,12.622824,9.367201,Bartosovic_scRNA-Seq
CATCCGTCAAACCGGA-1_2,0.6976168,10.848036,Bartosovic_scRNA-Seq
CATCCGTCATAAGCGG-1_2,10.745194,7.215214,Bartosovic_scRNA-Seq
CATCGCTAGAGATTCA-1_2,12.430251,5.75313,Bartosovic_scRNA-Seq
CATCGCTAGATAACGT-1_2,10.98803,8.178661,Bartosovic_scRNA-Seq
CATCGCTAGCCAGAGT-1_2,9.032311,-6.9618235,Bartosovic_scRNA-Seq
CATCGCTCATTGAGGG-1_2,13.305012,7.8813353,Bartosovic_scRNA-Seq
CATCGCTTCGAGAACG-1_2,11.096931,9.220383,Bartosovic_scRNA-Seq
CATCGTCCAGGACATG-1_2,14.062005,8.4545355,Bartosovic_scRNA-Seq
CATCGTCGTACAAGCG-1_2,12.919047,6.253856,Bartosovic_scRNA-Seq
CATCGTCTCCCAACTC-1_2,0.8875702,-11.420902,Bartosovic_scRNA-Seq
CATCGTCTCGACGATT-1_2,10.425008,7.3733125,Bartosovic_scRNA-Seq
CATGAGTAGGATTTCC-1_2,10.10863,-7.5200067,Bartosovic_scRNA-Seq
CATGAGTAGTGCACTT-1_2,14.653046,6.0438995,Bartosovic_scRNA-Seq
CATGAGTAGTTGTACC-1_2,11.40184,6.3154716,Bartosovic_scRNA-Seq
CATGAGTCACCCTATC-1_2,8.820788,-6.548984,Bartosovic_scRNA-Seq
CATGAGTTCATTCATC-1_2,-1.2876865,11.140441,Bartosovic_scRNA-Seq
CATGCAAAGTACTGGG-1_2,11.342978,6.4942355,Bartosovic_scRNA-Seq
CATGCAACAGGTCCGT-1_2,-1.2713844,14.829763,Bartosovic_scRNA-Seq
CATGCAAGTTCGTAAC-1_2,-0.93684065,12.387723,Bartosovic_scRNA-Seq
CATGCCTAGCCATTCA-1_2,12.87233,6.729402,Bartosovic_scRNA-Seq
CATGCCTAGGCCTTCG-1_2,13.240998,9.033474,Bartosovic_scRNA-Seq
CATGCGGGTAGCTCGC-1_2,14.330635,7.36913,Bartosovic_scRNA-Seq
CATGCGGGTGAATTAG-1_2,10.308291,6.6023893,Bartosovic_scRNA-Seq
CATGCGGTCCTGTAAG-1_2,-2.6709177,-2.5109737,Bartosovic_scRNA-Seq
CATGCGGTCTTGGAAC-1_2,14.39296,8.172413,Bartosovic_scRNA-Seq
CATGGATGTAGTCTTG-1_2,14.687862,6.1828647,Bartosovic_scRNA-Seq
CATGGTAAGTAAGGGA-1_2,13.109215,7.2532287,Bartosovic_scRNA-Seq
CATGGTACAAGTGGCA-1_2,13.49015,7.0867205,Bartosovic_scRNA-Seq
CATGGTACACTGCACG-1_2,9.705453,-7.045603,Bartosovic_scRNA-Seq
CATGGTAGTGTCCAAT-1_2,0.4898203,10.788399,Bartosovic_scRNA-Seq
CATTCATAGCAGGCTA-1_2,-8.015074,8.421391,Bartosovic_scRNA-Seq
CATTCATGTACATTGC-1_2,-8.537416,8.495228,Bartosovic_scRNA-Seq
CATTCCGGTAATCAGA-1_2,13.595271,8.793304,Bartosovic_scRNA-Seq
CATTCCGGTCGTTATG-1_2,10.397829,-7.517245,Bartosovic_scRNA-Seq
CATTCTACAGCTCCTT-1_2,14.496929,8.64666,Bartosovic_scRNA-Seq
CATTCTAGTAGTACGG-1_2,0.09712311,12.2395,Bartosovic_scRNA-Seq
CATTGAGCACCAGGTC-1_2,0.1351756,11.52813,Bartosovic_scRNA-Seq
CATTGAGGTTATCTGG-1_2,-7.409085,8.405959,Bartosovic_scRNA-Seq
CATTGTTGTTGCCGAC-1_2,13.483691,9.524029,Bartosovic_scRNA-Seq
CATTTCAGTACAGGTG-1_2,-0.36042112,12.43329,Bartosovic_scRNA-Seq
CATTTCAGTATACGGG-1_2,12.707172,10.08054,Bartosovic_scRNA-Seq
CATTTCAGTCCGAAAG-1_2,-1.9927912,11.784422,Bartosovic_scRNA-Seq
CCAATGAAGGAAAGTG-1_2,1.1307129,12.072517,Bartosovic_scRNA-Seq
CCAATGAAGGCTCAAG-1_2,11.847624,7.829156,Bartosovic_scRNA-Seq
CCAATGAGTCGTCGGT-1_2,12.61009,8.939951,Bartosovic_scRNA-Seq
CCAATGATCGCTACAA-1_2,9.829941,7.626475,Bartosovic_scRNA-Seq
CCAATTTCACGTAGTT-1_2,0.11600135,11.128333,Bartosovic_scRNA-Seq
CCAATTTCAGTAGAAT-1_2,-0.6563345,12.2800665,Bartosovic_scRNA-Seq
CCAATTTGTCCTTGTC-1_2,-1.5037047,14.422305,Bartosovic_scRNA-Seq
CCACAAAGTAGAAACT-1_2,-8.235207,9.088499,Bartosovic_scRNA-Seq
CCACACTAGCCATTTG-1_2,-8.019904,9.304,Bartosovic_scRNA-Seq
CCACACTAGTCATGCT-1_2,14.196767,7.4182944,Bartosovic_scRNA-Seq
CCACACTCACGTAACT-1_2,13.8921795,7.587531,Bartosovic_scRNA-Seq
CCACACTTCCCGAACG-1_2,14.577132,6.4140253,Bartosovic_scRNA-Seq
CCACCATAGAGTGGCT-1_2,12.893541,4.910117,Bartosovic_scRNA-Seq
CCACGAGAGCTCTATG-1_2,12.126617,6.4284554,Bartosovic_scRNA-Seq
CCACGAGCACTCATAG-1_2,-0.62869066,-10.886628,Bartosovic_scRNA-Seq
CCACGAGCATCGCTCT-1_2,12.58311,7.2781568,Bartosovic_scRNA-Seq
CCACGAGGTATCGCTA-1_2,11.222038,6.3384423,Bartosovic_scRNA-Seq
CCACGAGGTCGCACGT-1_2,10.118548,7.3177686,Bartosovic_scRNA-Seq
CCACGTTAGCCTCAGC-1_2,-1.8653054,12.323621,Bartosovic_scRNA-Seq
CCACGTTCAACTTGGT-1_2,12.964961,6.600885,Bartosovic_scRNA-Seq
CCACGTTCATACAGCT-1_2,-0.292932,13.971571,Bartosovic_scRNA-Seq
CCACGTTTCAAACGAA-1_2,12.564372,3.6912878,Bartosovic_scRNA-Seq
CCACGTTTCCATACAG-1_2,-1.1644211,12.781253,Bartosovic_scRNA-Seq
CCACTTGAGTAACCGG-1_2,-0.8793373,11.717519,Bartosovic_scRNA-Seq
CCACTTGAGTAGACCG-1_2,-0.66191816,11.558587,Bartosovic_scRNA-Seq
CCACTTGGTACAGTCT-1_2,11.687549,7.529794,Bartosovic_scRNA-Seq
CCACTTGTCAGCTGAT-1_2,0.54746693,11.397938,Bartosovic_scRNA-Seq
CCATAAGCAAGCACCC-1_2,0.08991628,11.091762,Bartosovic_scRNA-Seq
CCATAAGCACGACGAA-1_2,-0.23229443,13.968509,Bartosovic_scRNA-Seq
CCATAAGGTCAGGCAA-1_2,12.677345,9.068318,Bartosovic_scRNA-Seq
CCATAAGGTGGTCTGC-1_2,13.364866,7.0740876,Bartosovic_scRNA-Seq
CCATCACAGAAGTCTA-1_2,-3.5453045,-0.7651398,Bartosovic_scRNA-Seq
CCATCACAGTAGCAAT-1_2,13.297685,6.861443,Bartosovic_scRNA-Seq
CCATCACCATGCAGGA-1_2,10.136161,-6.877842,Bartosovic_scRNA-Seq
CCATCACTCAAAGCCT-1_2,-0.38906863,12.686821,Bartosovic_scRNA-Seq
CCATCACTCCATCACC-1_2,-2.918107,-2.3137734,Bartosovic_scRNA-Seq
CCCAACTCAACCGGAA-1_2,11.628371,8.016512,Bartosovic_scRNA-Seq
CCCATTGAGACAACAT-1_2,0.32692376,12.402,Bartosovic_scRNA-Seq
CCCATTGGTGGTCTTA-1_2,13.893642,8.410693,Bartosovic_scRNA-Seq
CCCGAAGAGCAACAAT-1_2,10.712107,6.1000066,Bartosovic_scRNA-Seq
CCCGAAGTCGAGAGAC-1_2,-3.786547,-1.64209,Bartosovic_scRNA-Seq
CCCGAAGTCGGTAGGA-1_2,-4.3993206,-1.2194774,Bartosovic_scRNA-Seq
CCCGGAATCACATTGG-1_2,12.066456,8.341318,Bartosovic_scRNA-Seq
CCCGGAATCTGATGGT-1_2,-0.10626414,13.853385,Bartosovic_scRNA-Seq
CCCTAACGTAACATCC-1_2,0.13047776,14.340241,Bartosovic_scRNA-Seq
CCCTAACTCCGCAGTG-1_2,10.574445,-7.640767,Bartosovic_scRNA-Seq
CCCTCAAAGGCATGGT-1_2,12.181175,7.8407245,Bartosovic_scRNA-Seq
CCCTCAACAGACCAGA-1_2,12.738634,4.182458,Bartosovic_scRNA-Seq
CCCTCAACAGGAACCA-1_2,-0.40892732,-12.909322,Bartosovic_scRNA-Seq
CCCTCAAGTAAGTTAG-1_2,-0.7396543,12.109263,Bartosovic_scRNA-Seq
CCCTCAATCTGGAAGG-1_2,13.586813,8.505647,Bartosovic_scRNA-Seq
CCCTCTCGTTCTCCAC-1_2,-2.0551844,12.6507015,Bartosovic_scRNA-Seq
CCCTGATAGAGTTGAT-1_2,12.344574,7.0208163,Bartosovic_scRNA-Seq
CCCTGATCATCTGGGC-1_2,-1.5035607,10.832767,Bartosovic_scRNA-Seq
CCCTGATTCACGATAC-1_2,10.8199005,-7.2633934,Bartosovic_scRNA-Seq
CCCTTAGGTACGAGTG-1_2,12.536393,5.5300813,Bartosovic_scRNA-Seq
CCCTTAGTCAAGAGTA-1_2,-1.0135725,13.993669,Bartosovic_scRNA-Seq
CCCTTAGTCCGATGCG-1_2,-1.4561403,12.150812,Bartosovic_scRNA-Seq
CCCTTAGTCGCCGTGA-1_2,1.0428699,14.488836,Bartosovic_scRNA-Seq
CCGAACGCAGGGATAC-1_2,11.248026,9.150318,Bartosovic_scRNA-Seq
CCGAACGGTAGGTCAG-1_2,-1.5119084,12.193766,Bartosovic_scRNA-Seq
CCGAACGGTCCACACG-1_2,-1.2840133,11.493183,Bartosovic_scRNA-Seq
CCGAACGGTTGCGGCT-1_2,13.713398,7.878331,Bartosovic_scRNA-Seq
CCGAACGTCCACCTGT-1_2,14.26559,5.9326053,Bartosovic_scRNA-Seq
CCGATCTAGGCAGGGA-1_2,12.942106,6.477603,Bartosovic_scRNA-Seq
CCGATCTGTGACACGA-1_2,13.074436,6.5175376,Bartosovic_scRNA-Seq
CCGATGGAGAGGTCGT-1_2,-3.4597373,-2.4258847,Bartosovic_scRNA-Seq
CCGATGGGTCTGTGGC-1_2,-0.12183163,13.617586,Bartosovic_scRNA-Seq
CCGATGGGTTTCGTTT-1_2,-0.68419576,13.745364,Bartosovic_scRNA-Seq
CCGATGGTCAAACCTG-1_2,11.969727,9.998091,Bartosovic_scRNA-Seq
CCGCAAGAGAAGGCTC-1_2,0.5268094,14.281591,Bartosovic_scRNA-Seq
CCGCAAGAGCAGCCTC-1_2,14.827874,7.50893,Bartosovic_scRNA-Seq
CCGCAAGCATGCCGAC-1_2,13.74753,8.324601,Bartosovic_scRNA-Seq
CCGCAAGGTGGATGAC-1_2,13.679124,5.7013407,Bartosovic_scRNA-Seq
CCGCAAGTCTTGAGCA-1_2,11.560881,9.004733,Bartosovic_scRNA-Seq
CCGGACAAGAGCATTA-1_2,9.364337,-6.251106,Bartosovic_scRNA-Seq
CCGGACAAGTGCACCC-1_2,-0.08318208,14.100003,Bartosovic_scRNA-Seq
CCGGACAAGTGCTAGG-1_2,12.987157,3.9492886,Bartosovic_scRNA-Seq
CCGGACATCCTCTAAT-1_2,-4.340154,-1.1663367,Bartosovic_scRNA-Seq
CCGGACATCGCAAGAG-1_2,-0.0937892,-12.064943,Bartosovic_scRNA-Seq
CCGGGTAAGAAGCCTG-1_2,11.220951,6.485065,Bartosovic_scRNA-Seq
CCGGGTAAGGTCGTAG-1_2,13.475434,8.729731,Bartosovic_scRNA-Seq
CCGGGTATCCCATGGG-1_2,13.884267,8.606662,Bartosovic_scRNA-Seq
CCGGGTATCGGCTGTG-1_2,0.5353661,12.135096,Bartosovic_scRNA-Seq
CCGGTAGCAGTGCGCT-1_2,12.9864855,8.849276,Bartosovic_scRNA-Seq
CCGGTAGGTTGCCGAC-1_2,-1.4822803,13.123418,Bartosovic_scRNA-Seq
CCGGTAGTCGCTTGCT-1_2,-0.45251307,13.314665,Bartosovic_scRNA-Seq
CCGGTAGTCTATTCGT-1_2,13.144092,7.6266074,Bartosovic_scRNA-Seq
CCGGTAGTCTGAGAGG-1_2,1.4670333,12.77536,Bartosovic_scRNA-Seq
CCGGTGAAGCATTGTC-1_2,9.777847,-8.318406,Bartosovic_scRNA-Seq
CCGGTGAAGGTCGTCC-1_2,12.469118,6.10757,Bartosovic_scRNA-Seq
CCGGTGAGTCATATGC-1_2,8.585354,-7.216074,Bartosovic_scRNA-Seq
CCGGTGATCATGTCAG-1_2,13.078937,6.2706304,Bartosovic_scRNA-Seq
CCGTAGGAGCAACAAT-1_2,13.878296,6.1402225,Bartosovic_scRNA-Seq
CCGTAGGAGGCGTTGA-1_2,12.89574,9.092677,Bartosovic_scRNA-Seq
CCGTAGGCAATGTCAC-1_2,-0.882713,14.861079,Bartosovic_scRNA-Seq
CCGTAGGCACAATCTG-1_2,10.889653,5.559479,Bartosovic_scRNA-Seq
CCGTAGGCAGGTTTAC-1_2,12.799032,8.98016,Bartosovic_scRNA-Seq
CCGTAGGCAGTGTGGA-1_2,-0.78541714,11.427535,Bartosovic_scRNA-Seq
CCGTAGGGTAGCGAGT-1_2,13.178496,8.575843,Bartosovic_scRNA-Seq
CCGTAGGTCCAAGCAT-1_2,11.065886,9.280717,Bartosovic_scRNA-Seq
CCGTAGGTCCATTTAC-1_2,10.871543,6.759432,Bartosovic_scRNA-Seq
CCGTGAGAGGAGGGTG-1_2,-0.47426853,12.374157,Bartosovic_scRNA-Seq
CCGTGAGAGGGAGGAC-1_2,14.136016,9.407439,Bartosovic_scRNA-Seq
CCGTGAGGTCTCACGG-1_2,14.295771,8.060854,Bartosovic_scRNA-Seq
CCGTTCAAGTATGATG-1_2,-1.4312519,-10.1156,Bartosovic_scRNA-Seq
CCTAACCAGAAGATCT-1_2,12.742116,8.877969,Bartosovic_scRNA-Seq
CCTAACCCACCCTTAC-1_2,11.7036085,9.245262,Bartosovic_scRNA-Seq
CCTAACCGTTAATGAG-1_2,-0.17732798,-11.3995285,Bartosovic_scRNA-Seq
CCTAACCTCATGAAAG-1_2,12.180504,7.5859985,Bartosovic_scRNA-Seq
CCTAAGAAGCATTTCG-1_2,12.768688,8.074889,Bartosovic_scRNA-Seq
CCTAAGAAGGCAGGGA-1_2,-1.6682606,11.50109,Bartosovic_scRNA-Seq
CCTAAGATCCACGGGT-1_2,11.950655,8.641539,Bartosovic_scRNA-Seq
CCTACGTCACAAGCCC-1_2,-1.6995307,11.564556,Bartosovic_scRNA-Seq
CCTACGTTCAATGTCG-1_2,-3.1580877,-1.8788844,Bartosovic_scRNA-Seq
CCTATCGAGCGATGAC-1_2,1.0277659,11.8244295,Bartosovic_scRNA-Seq
CCTATCGCAATAGTGA-1_2,-1.442115,-9.91892,Bartosovic_scRNA-Seq
CCTCACAAGCGTTCCG-1_2,0.24038441,12.34263,Bartosovic_scRNA-Seq
CCTCACAAGTAGTCAA-1_2,11.427917,7.8123436,Bartosovic_scRNA-Seq
CCTCACACACCTGATA-1_2,-8.29472,7.7516675,Bartosovic_scRNA-Seq
CCTCACAGTTTAAGGA-1_2,12.749815,6.9713693,Bartosovic_scRNA-Seq
CCTCACATCACATTGG-1_2,12.589448,8.496037,Bartosovic_scRNA-Seq
CCTCACATCACCCATC-1_2,-1.4600803,10.769196,Bartosovic_scRNA-Seq
CCTCACATCTCATTTG-1_2,13.9673605,7.453342,Bartosovic_scRNA-Seq
CCTCAGTCAAGTCATC-1_2,-0.108453006,14.247993,Bartosovic_scRNA-Seq
CCTCAGTCATCATTGG-1_2,-0.33191264,14.008421,Bartosovic_scRNA-Seq
CCTCATGCAGTCGCAC-1_2,9.016824,-6.3015018,Bartosovic_scRNA-Seq
CCTCCAAAGGACTGGT-1_2,12.439997,6.076969,Bartosovic_scRNA-Seq
CCTCCAACAAACTAGA-1_2,-0.24016498,13.01115,Bartosovic_scRNA-Seq
CCTCCAACACTCACTC-1_2,9.749153,-6.751029,Bartosovic_scRNA-Seq
CCTCCAAGTTCTCCTG-1_2,-1.5528507,13.097718,Bartosovic_scRNA-Seq
CCTCCTCGTATCGCGC-1_2,-0.07901004,13.0267935,Bartosovic_scRNA-Seq
CCTCCTCTCTCTATGT-1_2,11.332268,8.368598,Bartosovic_scRNA-Seq
CCTCTAGCAACACAAA-1_2,10.262452,-6.614482,Bartosovic_scRNA-Seq
CCTCTAGGTGCGTTTA-1_2,1.2356247,11.085774,Bartosovic_scRNA-Seq
CCTCTAGGTTCCACGG-1_2,11.141705,-7.746388,Bartosovic_scRNA-Seq
CCTCTCCCAGCTGTCG-1_2,0.12725283,-10.671492,Bartosovic_scRNA-Seq
CCTCTCCGTCGAGATG-1_2,-0.10753588,11.900564,Bartosovic_scRNA-Seq
CCTCTCCTCACCTTAT-1_2,11.906232,9.177441,Bartosovic_scRNA-Seq
CCTCTCCTCAGTCAGT-1_2,-1.7306616,12.850147,Bartosovic_scRNA-Seq
CCTCTCCTCTCACTCG-1_2,14.90644,8.803414,Bartosovic_scRNA-Seq
CCTGCATAGGTTAGTA-1_2,13.759326,7.320972,Bartosovic_scRNA-Seq
CCTGCATAGTTCGCAT-1_2,-0.9806101,13.292907,Bartosovic_scRNA-Seq
CCTGTTGGTGCCCACA-1_2,0.60653335,11.028582,Bartosovic_scRNA-Seq
CCTGTTGTCATCGCCT-1_2,13.467468,7.3738937,Bartosovic_scRNA-Seq
CCTTCAGAGAGGGTCT-1_2,13.0283165,7.283792,Bartosovic_scRNA-Seq
CCTTCAGAGCCATGCC-1_2,-1.4193494,-9.821438,Bartosovic_scRNA-Seq
CCTTGTGAGAGCAGCT-1_2,11.557122,8.316432,Bartosovic_scRNA-Seq
CCTTGTGCACGCGGTT-1_2,-7.4380374,8.598888,Bartosovic_scRNA-Seq
CCTTGTGCACTCAGAT-1_2,13.236211,10.321696,Bartosovic_scRNA-Seq
CCTTTGGTCATTATCC-1_2,9.55462,-7.273666,Bartosovic_scRNA-Seq
CGAAGGAAGGGTCAAC-1_2,-4.2104163,-1.9848639,Bartosovic_scRNA-Seq
CGAAGGACAAGCGAAC-1_2,13.235336,5.1313567,Bartosovic_scRNA-Seq
CGAAGGACACACGCCA-1_2,-0.5608505,10.54766,Bartosovic_scRNA-Seq
CGAAGGAGTAGCGAGT-1_2,0.78956115,13.331241,Bartosovic_scRNA-Seq
CGAAGGAGTCAAACGG-1_2,10.501069,7.690146,Bartosovic_scRNA-Seq
CGAAGTTCAATCGCCG-1_2,-2.3413942,-1.9924273,Bartosovic_scRNA-Seq
CGAAGTTCAGCATCTA-1_2,13.0309105,7.5399747,Bartosovic_scRNA-Seq
CGAAGTTGTAATCAAG-1_2,13.861777,5.5767694,Bartosovic_scRNA-Seq
CGAATTGCACTAAACC-1_2,13.244598,4.4709544,Bartosovic_scRNA-Seq
CGAATTGTCACCTCGT-1_2,12.945275,4.021574,Bartosovic_scRNA-Seq
CGAATTGTCATTTGTC-1_2,13.854456,8.002371,Bartosovic_scRNA-Seq
CGACAGCAGAAGCGCT-1_2,10.033281,7.4755893,Bartosovic_scRNA-Seq
CGACAGCCAACCCTCT-1_2,-0.5012814,13.214908,Bartosovic_scRNA-Seq
CGACAGCGTTCTCCTG-1_2,-0.94954956,10.604211,Bartosovic_scRNA-Seq
CGACAGCTCACCGCTT-1_2,10.889044,-7.620924,Bartosovic_scRNA-Seq
CGACAGCTCGCAATTG-1_2,11.364941,5.578106,Bartosovic_scRNA-Seq
CGAGAAGAGACGGTCA-1_2,0.46970114,12.818938,Bartosovic_scRNA-Seq
CGAGAAGCAGACCAGA-1_2,11.767662,9.5976,Bartosovic_scRNA-Seq
CGAGAAGTCGACATCA-1_2,11.41871,6.5913944,Bartosovic_scRNA-Seq
CGAGAAGTCGTCTAAG-1_2,0.15469357,-11.716736,Bartosovic_scRNA-Seq
CGAGGAATCATGAAAG-1_2,11.100162,6.94217,Bartosovic_scRNA-Seq
CGAGGCTCATACCGTA-1_2,13.054412,8.741201,Bartosovic_scRNA-Seq
CGAGGCTCATCGGCCA-1_2,11.625853,9.9161825,Bartosovic_scRNA-Seq
CGAGTTAAGTCACGCC-1_2,14.48871,8.046403,Bartosovic_scRNA-Seq
CGAGTTACACACCGAC-1_2,10.160157,6.7252154,Bartosovic_scRNA-Seq
CGATCGGAGTCACTCA-1_2,10.400805,7.201724,Bartosovic_scRNA-Seq
CGATCGGCAACCACGC-1_2,12.941561,7.544408,Bartosovic_scRNA-Seq
CGATGCGGTCTGGTTA-1_2,-3.0110958,-0.47681832,Bartosovic_scRNA-Seq
CGATGCGGTTGTGTTG-1_2,-1.4072818,-11.848467,Bartosovic_scRNA-Seq
CGATGCGTCACTCGAA-1_2,11.361997,7.8690243,Bartosovic_scRNA-Seq
CGATGCGTCGCTGACG-1_2,0.7761037,10.765497,Bartosovic_scRNA-Seq
CGATGGCCAGCTGTGC-1_2,12.127995,9.212384,Bartosovic_scRNA-Seq
CGATGGCCATTCACAG-1_2,3.0325036,-4.0327864,Bartosovic_scRNA-Seq
CGATGGCTCATTTGCT-1_2,-0.82362074,12.23768,Bartosovic_scRNA-Seq
CGATGGCTCTAGGAAA-1_2,-7.943336,9.13547,Bartosovic_scRNA-Seq
CGCAGGTAGTAGATCA-1_2,-0.7950693,11.577449,Bartosovic_scRNA-Seq
CGCAGGTCACGCAAAG-1_2,10.44266,6.8071494,Bartosovic_scRNA-Seq
CGCAGGTCATTCCTCG-1_2,0.68075,-11.28448,Bartosovic_scRNA-Seq
CGCAGGTGTCCATAGT-1_2,-0.82394105,-11.392884,Bartosovic_scRNA-Seq
CGCAGGTGTCCTACAA-1_2,12.7261305,9.123909,Bartosovic_scRNA-Seq
CGCAGGTGTGGTAATA-1_2,11.894914,5.941927,Bartosovic_scRNA-Seq
CGCATAAAGGCACTCC-1_2,10.041322,6.850689,Bartosovic_scRNA-Seq
CGCATAACACCGGAAA-1_2,0.9127055,12.580963,Bartosovic_scRNA-Seq
CGCATAACACCGTGCA-1_2,10.251509,-7.7046432,Bartosovic_scRNA-Seq
CGCATAAGTACGATTC-1_2,12.761183,9.883652,Bartosovic_scRNA-Seq
CGCATAATCGGACCAC-1_2,10.622055,7.9024463,Bartosovic_scRNA-Seq
CGCATGGCAGCTGGTC-1_2,11.826163,8.418099,Bartosovic_scRNA-Seq
CGCATGGCATACATCG-1_2,1.0977633,11.047815,Bartosovic_scRNA-Seq
CGCATGGGTCTAGATC-1_2,10.1601715,-6.8204513,Bartosovic_scRNA-Seq
CGCATGGGTTCAGCTA-1_2,14.157903,6.745854,Bartosovic_scRNA-Seq
CGCATGGTCTGGTCAA-1_2,13.066407,5.7198195,Bartosovic_scRNA-Seq
CGCCAGAAGAGTTGCG-1_2,12.014943,6.9775443,Bartosovic_scRNA-Seq
CGCCAGAAGTGCCAGA-1_2,-8.079822,8.178354,Bartosovic_scRNA-Seq
CGCCAGACACGCACCA-1_2,12.216239,8.890587,Bartosovic_scRNA-Seq
CGCCAGACAGACCGCT-1_2,12.452977,9.627455,Bartosovic_scRNA-Seq
CGCCAGATCGCCACTT-1_2,-0.6449399,14.5348625,Bartosovic_scRNA-Seq
CGCCATTAGCCGGATA-1_2,-2.0267875,12.685168,Bartosovic_scRNA-Seq
CGCCATTCAGGCATGA-1_2,-2.1144173,-1.8933743,Bartosovic_scRNA-Seq
CGCCATTTCGCCGATG-1_2,13.521194,5.457667,Bartosovic_scRNA-Seq
CGCGTGAAGGCAATGC-1_2,11.78324,6.0423903,Bartosovic_scRNA-Seq
CGCGTGACACTCCACT-1_2,-0.5952024,13.278506,Bartosovic_scRNA-Seq
CGCGTGAGTGTCCACG-1_2,12.67382,7.298236,Bartosovic_scRNA-Seq
CGGAACCAGTAAGACT-1_2,0.9703912,13.997198,Bartosovic_scRNA-Seq
CGGAACCCACCACTGG-1_2,-1.587947,12.332578,Bartosovic_scRNA-Seq
CGGAATTAGTATGGAT-1_2,1.0924003,14.274433,Bartosovic_scRNA-Seq
CGGAATTCACTCACTC-1_2,-2.0444162,-1.7912879,Bartosovic_scRNA-Seq
CGGAATTCACTCCACT-1_2,11.30963,8.431832,Bartosovic_scRNA-Seq
CGGAATTCAGAGATTA-1_2,-1.5432941,11.226909,Bartosovic_scRNA-Seq
CGGAATTCATCGAGCC-1_2,-4.212746,-2.9056528,Bartosovic_scRNA-Seq
CGGAATTGTGCCGGTT-1_2,5.4027057,4.4073796,Bartosovic_scRNA-Seq
CGGAATTGTTGGACTT-1_2,10.080428,-6.6976433,Bartosovic_scRNA-Seq
CGGAATTTCAAACGAA-1_2,10.768876,9.054321,Bartosovic_scRNA-Seq
CGGAATTTCCATGATG-1_2,0.22153617,11.099529,Bartosovic_scRNA-Seq
CGGACACAGCGAGTAC-1_2,-0.1130939,-9.994058,Bartosovic_scRNA-Seq
CGGACACGTACACTCA-1_2,5.7041364,4.439449,Bartosovic_scRNA-Seq
CGGACACTCAACTTTC-1_2,14.870371,4.971373,Bartosovic_scRNA-Seq
CGGACACTCCTAGCCT-1_2,8.875939,-6.0885415,Bartosovic_scRNA-Seq
CGGAGAACACAAGCCC-1_2,14.554199,8.427793,Bartosovic_scRNA-Seq
CGGAGAACACCCAAGC-1_2,1.2472472,13.10476,Bartosovic_scRNA-Seq
CGGAGAACAGCCGGTT-1_2,-8.4477625,8.111297,Bartosovic_scRNA-Seq
CGGAGAACATCCGCGA-1_2,14.064972,6.411388,Bartosovic_scRNA-Seq
CGGAGAAGTCGTTCAA-1_2,13.955789,5.7966266,Bartosovic_scRNA-Seq
CGGAGAAGTGTCTTGA-1_2,11.402596,9.5882635,Bartosovic_scRNA-Seq
CGGAGAAGTTTCGATG-1_2,10.936339,6.0435987,Bartosovic_scRNA-Seq
CGGAGAATCTGCTGAA-1_2,1.6287117,12.731917,Bartosovic_scRNA-Seq
CGGCAGTAGGATGCGT-1_2,1.3815287,13.725579,Bartosovic_scRNA-Seq
CGGCAGTCACTTCAGA-1_2,14.25802,6.807756,Bartosovic_scRNA-Seq
CGGCAGTTCCAAGAGG-1_2,11.914639,8.77652,Bartosovic_scRNA-Seq
CGGCAGTTCTCAACGA-1_2,13.641792,6.520708,Bartosovic_scRNA-Seq
CGGCAGTTCTTGGATG-1_2,8.50655,-6.9241667,Bartosovic_scRNA-Seq
CGGGACTCACCATTCC-1_2,13.196635,8.1209755,Bartosovic_scRNA-Seq
CGGGCATCAATACGCT-1_2,10.517881,-7.6098275,Bartosovic_scRNA-Seq
CGGGCATCAATTCTCT-1_2,10.163053,8.39838,Bartosovic_scRNA-Seq
CGGGCATGTGACGTCC-1_2,9.890302,-7.3249135,Bartosovic_scRNA-Seq
CGGGTGTCAAGGGCAT-1_2,9.889507,-6.680835,Bartosovic_scRNA-Seq
CGGGTGTCACACCTTC-1_2,14.118511,7.9705224,Bartosovic_scRNA-Seq
CGGGTGTGTGGCAGAT-1_2,12.90382,7.0217714,Bartosovic_scRNA-Seq
CGGGTGTTCGGTTAGT-1_2,11.315786,8.072062,Bartosovic_scRNA-Seq
CGGTCAGAGACGCCCT-1_2,-0.5797937,10.926552,Bartosovic_scRNA-Seq
CGGTCAGCATACTTTC-1_2,12.706756,9.336384,Bartosovic_scRNA-Seq
CGGTCAGTCGAAGCAG-1_2,9.732675,6.591326,Bartosovic_scRNA-Seq
CGTAAGTAGAATCGAT-1_2,11.87252,8.223816,Bartosovic_scRNA-Seq
CGTAAGTCAATTAGGA-1_2,1.5660089,13.322209,Bartosovic_scRNA-Seq
CGTAAGTGTGCCGTAC-1_2,12.115132,9.29105,Bartosovic_scRNA-Seq
CGTAAGTTCCTGTAGA-1_2,14.6811,6.2836986,Bartosovic_scRNA-Seq
CGTAAGTTCTTACGGA-1_2,13.909349,5.7604384,Bartosovic_scRNA-Seq
CGTAATGGTAACGATA-1_2,9.266849,-6.505929,Bartosovic_scRNA-Seq
CGTAATGTCGGTAACT-1_2,12.491607,6.9152856,Bartosovic_scRNA-Seq
CGTCAAAAGTCAGAGC-1_2,9.936622,-7.42028,Bartosovic_scRNA-Seq
CGTCAAACAACGAGGT-1_2,12.310396,5.075828,Bartosovic_scRNA-Seq
CGTCAAACACCCTGTT-1_2,12.52048,8.758114,Bartosovic_scRNA-Seq
CGTCAAAGTCCTGTCT-1_2,12.905941,9.858253,Bartosovic_scRNA-Seq
CGTCAAAGTCGAATTC-1_2,-0.6112176,14.030387,Bartosovic_scRNA-Seq
CGTCCATAGTCGCCAC-1_2,-0.28493166,10.488216,Bartosovic_scRNA-Seq
CGTCCATTCCCTCATG-1_2,14.399951,7.448552,Bartosovic_scRNA-Seq
CGTGAATCACAATGCT-1_2,-0.5942276,11.014135,Bartosovic_scRNA-Seq
CGTGAATCAGAGGCTA-1_2,9.777067,-7.147261,Bartosovic_scRNA-Seq
CGTGAATGTGTTTCTT-1_2,9.422741,-7.571199,Bartosovic_scRNA-Seq
CGTGAATGTTCCTAAG-1_2,12.014893,7.3237047,Bartosovic_scRNA-Seq
CGTGAATTCGAGTCTA-1_2,12.704221,5.9294257,Bartosovic_scRNA-Seq
CGTGAATTCTTCTAAC-1_2,-1.9212703,11.541537,Bartosovic_scRNA-Seq
CGTGATATCAAGTTGC-1_2,-0.008662696,10.922279,Bartosovic_scRNA-Seq
CGTGATATCACCACAA-1_2,11.806842,8.028688,Bartosovic_scRNA-Seq
CGTGCTTCACTTCATT-1_2,10.28853,7.3723764,Bartosovic_scRNA-Seq
CGTGCTTGTCTACAGT-1_2,12.170593,6.029047,Bartosovic_scRNA-Seq
CGTGTCTTCTGCCTGT-1_2,11.327363,6.4982834,Bartosovic_scRNA-Seq
CGTTAGAAGGGAGGAC-1_2,12.573998,3.9682066,Bartosovic_scRNA-Seq
CGTTAGACAATAGGAT-1_2,14.938366,7.0388937,Bartosovic_scRNA-Seq
CGTTAGACAGGACATG-1_2,13.392767,6.39807,Bartosovic_scRNA-Seq
CGTTAGATCTCATTGT-1_2,11.137645,8.060334,Bartosovic_scRNA-Seq
CGTTCTGAGTGAGCCA-1_2,0.43009475,9.849348,Bartosovic_scRNA-Seq
CGTTCTGGTGCTCTCT-1_2,14.2150345,8.791437,Bartosovic_scRNA-Seq
CGTTGGGAGTGGAATT-1_2,12.823532,8.563636,Bartosovic_scRNA-Seq
CGTTGGGGTATACGGG-1_2,0.13906524,13.347523,Bartosovic_scRNA-Seq
CGTTGGGTCTCTATGT-1_2,10.468689,7.207256,Bartosovic_scRNA-Seq
CTAACCCAGACTCAAA-1_2,0.0270986,9.833311,Bartosovic_scRNA-Seq
CTAACCCGTAGCGCCT-1_2,15.088952,6.9851437,Bartosovic_scRNA-Seq
CTAACCCGTCTTAGTG-1_2,12.539287,7.319102,Bartosovic_scRNA-Seq
CTAACTTCAGAAGCTG-1_2,14.434109,7.814054,Bartosovic_scRNA-Seq
CTACAGAAGGATTCAA-1_2,10.553016,9.102703,Bartosovic_scRNA-Seq
CTACAGAAGTATGACA-1_2,0.9194725,13.529011,Bartosovic_scRNA-Seq
CTACAGATCATGCCGG-1_2,14.199911,6.344761,Bartosovic_scRNA-Seq
CTACAGATCCTTTAGT-1_2,12.113298,5.2797823,Bartosovic_scRNA-Seq
CTACATTAGCATAGGC-1_2,3.082611,-5.0625486,Bartosovic_scRNA-Seq
CTACCCAAGAGTGGCT-1_2,13.4728565,6.1238074,Bartosovic_scRNA-Seq
CTACCCAAGATGGGCT-1_2,14.230431,7.647603,Bartosovic_scRNA-Seq
CTACCCAAGCCTCACG-1_2,10.248048,6.917885,Bartosovic_scRNA-Seq
CTACCCACAGCACAAG-1_2,14.841986,7.128082,Bartosovic_scRNA-Seq
CTACCCATCCGAACGC-1_2,11.664615,7.384098,Bartosovic_scRNA-Seq
CTACCTGAGAGGGTGG-1_2,13.612051,7.4152145,Bartosovic_scRNA-Seq
CTACCTGCACTACTTT-1_2,-1.816878,10.713493,Bartosovic_scRNA-Seq
CTACCTGCAGGCTACC-1_2,14.893283,8.955573,Bartosovic_scRNA-Seq
CTACCTGGTTCCCACT-1_2,12.730679,10.378441,Bartosovic_scRNA-Seq
CTACCTGTCCATGATG-1_2,10.459283,-7.03508,Bartosovic_scRNA-Seq
CTACCTGTCCTGTAGA-1_2,10.06368,-8.173299,Bartosovic_scRNA-Seq
CTACGGGAGAGTGTGC-1_2,-0.896242,12.30069,Bartosovic_scRNA-Seq
CTACGGGAGTACCATC-1_2,10.680828,-6.941049,Bartosovic_scRNA-Seq
CTACGGGCAAACACGG-1_2,10.976802,7.367082,Bartosovic_scRNA-Seq
CTACGGGGTGAGTTTC-1_2,9.767136,-7.9380393,Bartosovic_scRNA-Seq
CTACGGGTCAATCGGT-1_2,13.71955,6.6242967,Bartosovic_scRNA-Seq
CTACGGGTCATTCGTT-1_2,-3.5452697,-1.60622,Bartosovic_scRNA-Seq
CTACGGGTCGCGTAGC-1_2,-0.7536626,10.169042,Bartosovic_scRNA-Seq
CTACTATAGTACGTCT-1_2,12.286909,9.775122,Bartosovic_scRNA-Seq
CTACTATGTAGTCTGT-1_2,-0.062784396,-10.346273,Bartosovic_scRNA-Seq
CTACTATTCTTGGTGA-1_2,1.1740267,13.950418,Bartosovic_scRNA-Seq
CTAGACACAGTTAGAA-1_2,-2.116042,11.027046,Bartosovic_scRNA-Seq
CTAGACATCAAGCGTT-1_2,-4.1582327,-2.8197753,Bartosovic_scRNA-Seq
CTAGACATCGAGAACG-1_2,-3.2357569,-2.1600235,Bartosovic_scRNA-Seq
CTAGGTAAGTCCTGTA-1_2,6.77758,3.6117861,Bartosovic_scRNA-Seq
CTAGGTATCCATGAGT-1_2,12.406075,8.942268,Bartosovic_scRNA-Seq
CTATAGGAGCACTCTA-1_2,12.739656,5.9329104,Bartosovic_scRNA-Seq
CTATAGGCAATCAGCT-1_2,10.042897,7.851021,Bartosovic_scRNA-Seq
CTATCCGCACTGAATC-1_2,10.6738825,-6.4449234,Bartosovic_scRNA-Seq
CTATCTACATTGCCGG-1_2,0.35068303,13.586864,Bartosovic_scRNA-Seq
CTATCTAGTTAGGCCC-1_2,15.021034,7.2861576,Bartosovic_scRNA-Seq
CTCAACCAGCGCCTAC-1_2,12.171232,8.748878,Bartosovic_scRNA-Seq
CTCAACCCACTTCTCG-1_2,12.626077,9.275678,Bartosovic_scRNA-Seq
CTCAACCGTGAGGCAT-1_2,11.80971,6.2262077,Bartosovic_scRNA-Seq
CTCAACCTCCTCGATC-1_2,12.988317,8.17681,Bartosovic_scRNA-Seq
CTCAACCTCTTAGCAG-1_2,-3.1850395,-2.418143,Bartosovic_scRNA-Seq
CTCAAGACAATACAGA-1_2,12.357907,9.337032,Bartosovic_scRNA-Seq
CTCAAGACACAGCCTG-1_2,0.22287908,10.981787,Bartosovic_scRNA-Seq
CTCAAGAGTCATCTAG-1_2,11.406947,6.6892347,Bartosovic_scRNA-Seq
CTCAAGAGTCGCTTAA-1_2,0.12319259,12.45633,Bartosovic_scRNA-Seq
CTCAATTAGATACATG-1_2,10.20145,-6.4945164,Bartosovic_scRNA-Seq
CTCAATTCATTGTGCA-1_2,-1.638923,13.252103,Bartosovic_scRNA-Seq
CTCAATTTCACCGGTG-1_2,13.318049,8.539289,Bartosovic_scRNA-Seq
CTCAATTTCATTCGGA-1_2,14.771762,6.4347987,Bartosovic_scRNA-Seq
CTCACTGAGGTCATCT-1_2,13.081053,6.248489,Bartosovic_scRNA-Seq
CTCACTGTCACTCACC-1_2,13.915332,8.03059,Bartosovic_scRNA-Seq
CTCAGAACAATAACGA-1_2,6.872251,4.275569,Bartosovic_scRNA-Seq
CTCAGAAGTTCAAACC-1_2,14.115082,8.425931,Bartosovic_scRNA-Seq
CTCAGAATCGCGGTAC-1_2,11.004582,8.110405,Bartosovic_scRNA-Seq
CTCAGAATCGCTTAAG-1_2,12.27476,5.013814,Bartosovic_scRNA-Seq
CTCAGGGAGTGTGTTC-1_2,-2.9130335,-0.6558289,Bartosovic_scRNA-Seq
CTCAGTCAGCTGACTT-1_2,13.623935,7.2074637,Bartosovic_scRNA-Seq
CTCAGTCCATACCACA-1_2,-0.7471083,13.873046,Bartosovic_scRNA-Seq
CTCAGTCTCAAGTCGT-1_2,9.551083,-6.4384193,Bartosovic_scRNA-Seq
CTCAGTCTCGCCTAGG-1_2,13.261633,6.5788417,Bartosovic_scRNA-Seq
CTCATGCAGAAGGTAG-1_2,-0.14884211,10.712897,Bartosovic_scRNA-Seq
CTCATGCGTTGACGGA-1_2,10.561228,6.5784225,Bartosovic_scRNA-Seq
CTCATTAGTTATAGAG-1_2,13.075709,7.0059347,Bartosovic_scRNA-Seq
CTCCAACTCGCCAGAC-1_2,8.876098,-6.3420296,Bartosovic_scRNA-Seq
CTCCACACAGTAGAAT-1_2,-0.57621324,13.825389,Bartosovic_scRNA-Seq
CTCCACAGTAACACCT-1_2,14.29017,8.599641,Bartosovic_scRNA-Seq
CTCCACAGTTCGGTTA-1_2,4.856513,4.1444016,Bartosovic_scRNA-Seq
CTCCATGAGAGCTTTC-1_2,1.5144585,-4.615805,Bartosovic_scRNA-Seq
CTCCATGGTCGCTTGG-1_2,12.816307,8.673122,Bartosovic_scRNA-Seq
CTCCCAACACTGGCGT-1_2,11.5321455,8.496456,Bartosovic_scRNA-Seq
CTCCCAATCTAGGCAT-1_2,12.577136,8.820903,Bartosovic_scRNA-Seq
CTCCCTCCATGTTTGG-1_2,11.425662,9.932225,Bartosovic_scRNA-Seq
CTCCCTCGTGCCGAAA-1_2,14.174957,8.623155,Bartosovic_scRNA-Seq
CTCCCTCTCATCTACT-1_2,12.342391,9.326055,Bartosovic_scRNA-Seq
CTCCCTCTCATTTCCA-1_2,14.660516,8.451611,Bartosovic_scRNA-Seq
CTCCCTCTCGGCATAT-1_2,9.679859,-7.331426,Bartosovic_scRNA-Seq
CTCCGATAGGACTATA-1_2,-0.53722966,15.037454,Bartosovic_scRNA-Seq
CTCCGATCAAGCTACT-1_2,-1.636402,12.876853,Bartosovic_scRNA-Seq
CTCCGATCATTGGCAT-1_2,-1.5198083,11.874332,Bartosovic_scRNA-Seq
CTCCGATTCACGGTCG-1_2,10.121585,7.8812213,Bartosovic_scRNA-Seq
CTCCTCCAGCTACTGT-1_2,11.194662,7.7057686,Bartosovic_scRNA-Seq
CTCCTCCGTCCAGGTC-1_2,14.330568,8.841851,Bartosovic_scRNA-Seq
CTCCTCCGTCGCACGT-1_2,-0.36438677,10.660136,Bartosovic_scRNA-Seq
CTCCTTTAGACATAGT-1_2,11.775549,7.3152056,Bartosovic_scRNA-Seq
CTCGAGGCATGTTACG-1_2,11.151429,7.9723444,Bartosovic_scRNA-Seq
CTCGAGGGTCCTCCAT-1_2,0.009721825,11.11977,Bartosovic_scRNA-Seq
CTCGAGGGTGCGCTCA-1_2,-0.3682681,12.559152,Bartosovic_scRNA-Seq
CTCGAGGGTTGGGCCT-1_2,-0.5162279,9.722331,Bartosovic_scRNA-Seq
CTCGAGGTCAGCATTG-1_2,12.827699,6.0204635,Bartosovic_scRNA-Seq
CTCTCGAAGCGATTCT-1_2,11.9462595,7.3832817,Bartosovic_scRNA-Seq
CTCTCGAAGTCTGGAG-1_2,14.327802,7.651454,Bartosovic_scRNA-Seq
CTCTCGAAGTTCGGTT-1_2,11.878388,7.610191,Bartosovic_scRNA-Seq
CTCTCGACAAATACAG-1_2,11.680733,7.1342363,Bartosovic_scRNA-Seq
CTCTCGACACTGATTG-1_2,-3.3772376,-2.0361838,Bartosovic_scRNA-Seq
CTCTCGAGTAGCCCTG-1_2,11.992047,8.637464,Bartosovic_scRNA-Seq
CTCTCGAGTCTTGGTA-1_2,11.507221,7.5133085,Bartosovic_scRNA-Seq
CTCTGGTCATCACGGC-1_2,-2.3433874,-2.2095501,Bartosovic_scRNA-Seq
CTCTGGTGTCCAATCA-1_2,10.220241,-7.0801077,Bartosovic_scRNA-Seq
CTGAATGAGTCACGCC-1_2,12.661724,5.2992177,Bartosovic_scRNA-Seq
CTGAATGCAAATCAAG-1_2,0.83636284,13.989169,Bartosovic_scRNA-Seq
CTGAATGGTTTCCAAG-1_2,12.492532,9.492463,Bartosovic_scRNA-Seq
CTGAATGTCATTGTGG-1_2,-3.6652513,-2.59293,Bartosovic_scRNA-Seq
CTGAATGTCCTGCCAT-1_2,0.6817324,13.850614,Bartosovic_scRNA-Seq
CTGAGCGAGTTATGGA-1_2,13.075746,6.0143094,Bartosovic_scRNA-Seq
CTGAGCGTCATCACAG-1_2,-7.1962976,8.405602,Bartosovic_scRNA-Seq
CTGAGGCCATATAGCC-1_2,12.79918,9.239474,Bartosovic_scRNA-Seq
CTGAGGCCATTGACAC-1_2,11.466293,7.1155505,Bartosovic_scRNA-Seq
CTGAGGCTCTCGTCAC-1_2,-0.5812422,10.939597,Bartosovic_scRNA-Seq
CTGATCCGTCTACAGT-1_2,10.30085,-7.6161323,Bartosovic_scRNA-Seq
CTGCAGGCATTGTACG-1_2,10.497025,-6.306459,Bartosovic_scRNA-Seq
CTGCAGGGTAGACGTG-1_2,10.244769,-6.2248073,Bartosovic_scRNA-Seq
CTGCAGGGTAGCTGCC-1_2,-0.5999756,11.34916,Bartosovic_scRNA-Seq
CTGCAGGTCGCCGATG-1_2,12.068437,7.831209,Bartosovic_scRNA-Seq
CTGCATCCAGCACACC-1_2,12.366764,9.621477,Bartosovic_scRNA-Seq
CTGCATCCATCAGCGC-1_2,11.101365,8.6164055,Bartosovic_scRNA-Seq
CTGCATCGTTGCATTG-1_2,0.94909495,13.893383,Bartosovic_scRNA-Seq
CTGCATCTCACGACTA-1_2,15.157091,7.712455,Bartosovic_scRNA-Seq
CTGCATCTCTACTCAT-1_2,13.054614,9.642272,Bartosovic_scRNA-Seq
CTGCCATAGATCACTC-1_2,-1.218713,-9.817643,Bartosovic_scRNA-Seq
CTGCCATAGTACGAGC-1_2,-0.19311982,11.526792,Bartosovic_scRNA-Seq
CTGCCATAGTCAATCC-1_2,13.489644,6.6083236,Bartosovic_scRNA-Seq
CTGCCATGTTCTCAGA-1_2,10.395489,8.58164,Bartosovic_scRNA-Seq
CTGCCATTCGCAGTGC-1_2,9.44825,-6.825467,Bartosovic_scRNA-Seq
CTGCCATTCGGCATAT-1_2,-1.2789679,10.538007,Bartosovic_scRNA-Seq
CTGCCTAAGCGCTGCT-1_2,13.887678,5.015209,Bartosovic_scRNA-Seq
CTGCCTACATACCGTA-1_2,0.2537613,14.319556,Bartosovic_scRNA-Seq
CTGCCTATCACAAGGG-1_2,10.23999,8.664503,Bartosovic_scRNA-Seq
CTGCGAGAGAAGTCAT-1_2,-4.846569,-1.8235013,Bartosovic_scRNA-Seq
CTGCGAGAGTCACGCC-1_2,12.46319,7.417295,Bartosovic_scRNA-Seq
CTGCGAGAGTTCAACC-1_2,13.538471,8.800555,Bartosovic_scRNA-Seq
CTGCGAGCAGTCAACT-1_2,13.289478,6.203781,Bartosovic_scRNA-Seq
CTGCGAGTCTATCGGA-1_2,-0.042636834,12.800991,Bartosovic_scRNA-Seq
CTGCGAGTCTCTTAAC-1_2,12.833818,5.582483,Bartosovic_scRNA-Seq
CTGCTCAAGATCCCGC-1_2,-0.6149392,13.624377,Bartosovic_scRNA-Seq
CTGCTCACAGCAGACA-1_2,-1.5886012,14.054425,Bartosovic_scRNA-Seq
CTGCTCATCCTACGGG-1_2,-3.964888,-2.2047262,Bartosovic_scRNA-Seq
CTGCTCATCGCCACTT-1_2,-1.1934044,15.116481,Bartosovic_scRNA-Seq
CTGCTCATCTACAGGT-1_2,2.8347855,-4.9208517,Bartosovic_scRNA-Seq
CTGGACGAGAATTCAG-1_2,-0.51196295,11.360812,Bartosovic_scRNA-Seq
CTGGACGCAAGGTCGA-1_2,-2.992216,-1.7770983,Bartosovic_scRNA-Seq
CTGGCAGAGCTACTGT-1_2,0.7362257,13.175141,Bartosovic_scRNA-Seq
CTGGCAGGTTACCGTA-1_2,-1.2822876,12.101573,Bartosovic_scRNA-Seq
CTGGTCTCAAAGTATG-1_2,9.739198,-6.2247696,Bartosovic_scRNA-Seq
CTGGTCTCAAGAGGCT-1_2,2.7392669,-3.485849,Bartosovic_scRNA-Seq
CTGGTCTCAGGAATAT-1_2,13.277619,8.813796,Bartosovic_scRNA-Seq
CTGTACCTCGAGCACC-1_2,-1.0270517,12.372931,Bartosovic_scRNA-Seq
CTGTAGAAGACATAAC-1_2,0.35287783,11.711504,Bartosovic_scRNA-Seq
CTGTAGACAAGGTTGG-1_2,0.60141385,13.078444,Bartosovic_scRNA-Seq
CTGTAGACATCTCATT-1_2,-0.5858372,11.950509,Bartosovic_scRNA-Seq
CTGTAGAGTATGTGTC-1_2,13.965739,7.63032,Bartosovic_scRNA-Seq
CTGTAGAGTTCGTTCC-1_2,-0.12784058,12.31202,Bartosovic_scRNA-Seq
CTGTATTAGCAACTCT-1_2,14.081147,4.0408163,Bartosovic_scRNA-Seq
CTGTATTCACCGTACG-1_2,10.158888,8.594022,Bartosovic_scRNA-Seq
CTGTATTCAGACCTGC-1_2,-1.4871752,12.54822,Bartosovic_scRNA-Seq
CTGTATTTCAGTCTTT-1_2,8.712504,-6.364354,Bartosovic_scRNA-Seq
CTGTCGTAGGCGCTCT-1_2,11.82226,7.8520722,Bartosovic_scRNA-Seq
CTGTCGTTCTATACTC-1_2,12.239724,4.931573,Bartosovic_scRNA-Seq
CTGTGAACATTCAGGT-1_2,-0.24158624,11.870512,Bartosovic_scRNA-Seq
CTGTGGGAGGTCGTGA-1_2,13.882525,5.923979,Bartosovic_scRNA-Seq
CTGTGGGCAAGTGGTG-1_2,6.720943,3.9388545,Bartosovic_scRNA-Seq
CTGTGGGCACTAGGCC-1_2,11.781457,6.40208,Bartosovic_scRNA-Seq
CTTACCGCAACTTGCA-1_2,-1.2705463,13.200504,Bartosovic_scRNA-Seq
CTTACCGCATCGATAC-1_2,11.111282,8.551607,Bartosovic_scRNA-Seq
CTTACCGGTCCAGCCA-1_2,11.7245865,8.940919,Bartosovic_scRNA-Seq
CTTACCGTCCTCACGT-1_2,14.970312,6.608207,Bartosovic_scRNA-Seq
CTTAGGAAGTATGCAA-1_2,-3.6644452,-2.3304565,Bartosovic_scRNA-Seq
CTTAGGACACTGAATC-1_2,11.488382,8.851492,Bartosovic_scRNA-Seq
CTTCAATAGAACTTCC-1_2,10.570557,-7.611137,Bartosovic_scRNA-Seq
CTTCAATAGTGCAGGT-1_2,9.802607,6.741452,Bartosovic_scRNA-Seq
CTTCAATCAAATGAGT-1_2,15.0292845,6.946473,Bartosovic_scRNA-Seq
CTTCAATCAGAGGACT-1_2,12.188628,6.6121044,Bartosovic_scRNA-Seq
CTTCAATGTGTTAGCT-1_2,15.226556,7.1431394,Bartosovic_scRNA-Seq
CTTCCGAGTGCCCACA-1_2,-0.49624664,12.448055,Bartosovic_scRNA-Seq
CTTCCGAGTTCTCACC-1_2,0.05723774,-9.183708,Bartosovic_scRNA-Seq
CTTCCGATCCCTTTGG-1_2,14.679187,8.456328,Bartosovic_scRNA-Seq
CTTCCGATCTACTATC-1_2,11.967814,7.4321027,Bartosovic_scRNA-Seq
CTTCCTTAGAATAGTC-1_2,-0.65066284,14.015736,Bartosovic_scRNA-Seq
CTTCCTTAGTTGAATG-1_2,13.38553,8.711213,Bartosovic_scRNA-Seq
CTTCCTTCACCCTTGT-1_2,11.145668,7.900419,Bartosovic_scRNA-Seq
CTTCCTTCACTAAACC-1_2,13.232794,7.251322,Bartosovic_scRNA-Seq
CTTCCTTCATGTTCGA-1_2,10.636424,-7.4896545,Bartosovic_scRNA-Seq
CTTCGGTAGTTTCGAC-1_2,11.916596,6.118137,Bartosovic_scRNA-Seq
CTTCGGTCAGGACATG-1_2,11.898608,6.160954,Bartosovic_scRNA-Seq
CTTCGGTGTATACAGA-1_2,-0.35513553,13.136884,Bartosovic_scRNA-Seq
CTTCTAAAGAAGTGTT-1_2,-0.46225283,10.686187,Bartosovic_scRNA-Seq
CTTCTAAAGGTACAGC-1_2,-7.41869,8.442443,Bartosovic_scRNA-Seq
CTTCTAACACACCGAC-1_2,10.867259,7.6009684,Bartosovic_scRNA-Seq
CTTCTCTAGGGTTTCT-1_2,12.383938,7.147314,Bartosovic_scRNA-Seq
CTTCTCTGTCTAGGTT-1_2,15.051341,8.428567,Bartosovic_scRNA-Seq
CTTCTCTTCCACATAG-1_2,12.401196,8.373171,Bartosovic_scRNA-Seq
CTTCTCTTCCGTGGTG-1_2,-0.98373747,-9.567504,Bartosovic_scRNA-Seq
CTTGAGAAGTGATCGG-1_2,-0.4916268,10.85495,Bartosovic_scRNA-Seq
CTTGAGATCAGAACCT-1_2,6.768146,4.137533,Bartosovic_scRNA-Seq
CTTGAGATCGGATAAA-1_2,13.3669,9.315971,Bartosovic_scRNA-Seq
CTTGAGATCTGTCGCT-1_2,14.796726,5.860775,Bartosovic_scRNA-Seq
CTTGATTCAATTCTCT-1_2,10.833833,9.1069975,Bartosovic_scRNA-Seq
CTTGATTTCTCATTTG-1_2,0.2832992,10.16147,Bartosovic_scRNA-Seq
CTTTCAAAGCTCAGAG-1_2,13.006732,7.8230515,Bartosovic_scRNA-Seq
CTTTCAACATACTGTG-1_2,10.183652,-6.0246572,Bartosovic_scRNA-Seq
CTTTCGGGTCGTGGTC-1_2,9.779245,-7.5315747,Bartosovic_scRNA-Seq
GAAACCTAGCGGCTCT-1_2,11.5462265,7.4725037,Bartosovic_scRNA-Seq
GAAACCTCACTCTCGT-1_2,-7.9693203,9.062271,Bartosovic_scRNA-Seq
GAAACCTGTATCGATC-1_2,-1.7315508,12.31799,Bartosovic_scRNA-Seq
GAAACCTTCATCTATC-1_2,0.0032734298,13.147257,Bartosovic_scRNA-Seq
GAAACCTTCTACTATC-1_2,15.090173,8.362187,Bartosovic_scRNA-Seq
GAAACCTTCTAGGCCG-1_2,12.657874,9.354767,Bartosovic_scRNA-Seq
GAAATGATCTCGTGAA-1_2,13.646961,5.5558615,Bartosovic_scRNA-Seq
GAACACTCAGCGTACC-1_2,14.823609,9.073802,Bartosovic_scRNA-Seq
GAACACTTCACTCGAA-1_2,0.04351793,12.757171,Bartosovic_scRNA-Seq
GAACACTTCCTAAGTG-1_2,11.617108,8.70543,Bartosovic_scRNA-Seq
GAACGTTCAGACGATG-1_2,-1.0372683,14.871009,Bartosovic_scRNA-Seq
GAACGTTTCTGTTCAT-1_2,-0.79499465,11.7837105,Bartosovic_scRNA-Seq
GAACTGTAGTTGAAAC-1_2,13.593291,6.7843,Bartosovic_scRNA-Seq
GAACTGTTCCGATCTC-1_2,14.26558,8.887421,Bartosovic_scRNA-Seq
GAACTGTTCTACCCAC-1_2,10.259218,8.744281,Bartosovic_scRNA-Seq
GAAGAATAGCACTCTA-1_2,13.212854,9.997969,Bartosovic_scRNA-Seq
GAAGAATGTGAGACCA-1_2,13.546296,6.257066,Bartosovic_scRNA-Seq
GAAGCCCAGACTACCT-1_2,14.259346,7.3335223,Bartosovic_scRNA-Seq
GAAGCCCAGATTGACA-1_2,9.81204,-6.2515135,Bartosovic_scRNA-Seq
GAAGCCCCAGGTTCCG-1_2,13.853641,4.8050165,Bartosovic_scRNA-Seq
GAAGCCCTCATTGCGA-1_2,-1.3526667,10.732777,Bartosovic_scRNA-Seq
GAAGCCCTCCGCGATG-1_2,9.891172,6.977647,Bartosovic_scRNA-Seq
GAAGCGACATGACGTT-1_2,9.492068,-6.0693493,Bartosovic_scRNA-Seq
GAAGCGAGTAATTAGG-1_2,14.546015,7.096229,Bartosovic_scRNA-Seq
GAAGCGAGTGCTAGCC-1_2,-4.6151805,-1.8905205,Bartosovic_scRNA-Seq
GAAGGACAGAATACAC-1_2,12.187279,8.120436,Bartosovic_scRNA-Seq
GAAGGACAGTGAGCCA-1_2,-2.6051996,-1.934716,Bartosovic_scRNA-Seq
GAAGGACGTAACGTTC-1_2,12.103216,6.582736,Bartosovic_scRNA-Seq
GAAGGGTAGACTGGGT-1_2,13.385652,8.153483,Bartosovic_scRNA-Seq
GAAGGGTAGAGTCAGC-1_2,-3.1352901,-2.4886858,Bartosovic_scRNA-Seq
GAAGGGTCACGAAGAC-1_2,10.266773,-6.5053005,Bartosovic_scRNA-Seq
GAAGGGTCATTACGGT-1_2,12.19195,5.6297655,Bartosovic_scRNA-Seq
GAAGGGTGTACCCACG-1_2,11.99732,5.5716815,Bartosovic_scRNA-Seq
GAAGGGTGTTGAGTCT-1_2,12.617426,5.225352,Bartosovic_scRNA-Seq
GAAGGGTTCACGGGCT-1_2,-0.72854644,14.085128,Bartosovic_scRNA-Seq
GAAGTAAAGAATCTAG-1_2,14.903857,8.423176,Bartosovic_scRNA-Seq
GAAGTAACACGTACTA-1_2,0.49048385,12.959968,Bartosovic_scRNA-Seq
GAAGTAAGTTTCGTAG-1_2,1.1768036,-3.7239578,Bartosovic_scRNA-Seq
GAAGTAATCGTGGCTG-1_2,-1.4130551,10.69928,Bartosovic_scRNA-Seq
GAAGTAATCTTTGCGC-1_2,1.2028145,13.379071,Bartosovic_scRNA-Seq
GAATAGAAGTACCATC-1_2,11.117078,5.9161596,Bartosovic_scRNA-Seq
GAATAGAAGTGCTCAT-1_2,-0.62308544,14.307604,Bartosovic_scRNA-Seq
GAATAGACAGACACCC-1_2,-1.6720872,13.812247,Bartosovic_scRNA-Seq
GAATAGATCGAGAAGC-1_2,12.209703,5.5535307,Bartosovic_scRNA-Seq
GAATCACAGAACTGAT-1_2,13.2553425,8.53862,Bartosovic_scRNA-Seq
GAATCACAGGCTGGAT-1_2,14.530018,7.511235,Bartosovic_scRNA-Seq
GAATCACAGTCGCGAA-1_2,11.751496,5.4555664,Bartosovic_scRNA-Seq
GAATCACGTCCGAAGA-1_2,5.1191187,4.4757204,Bartosovic_scRNA-Seq
GAATCACTCCAAACCA-1_2,9.922516,7.6003976,Bartosovic_scRNA-Seq
GAATCGTGTTAAACAG-1_2,12.846329,8.80854,Bartosovic_scRNA-Seq
GACACGCAGCATCAAA-1_2,10.995639,8.4152155,Bartosovic_scRNA-Seq
GACACGCAGCCTCCAG-1_2,-1.3506049,10.330188,Bartosovic_scRNA-Seq
GACACGCAGTTGCCTA-1_2,-1.1694046,11.882829,Bartosovic_scRNA-Seq
GACACGCCAGTCACGC-1_2,-1.3769379,12.175914,Bartosovic_scRNA-Seq
GACAGCCAGAAACTGT-1_2,10.056845,-6.5256777,Bartosovic_scRNA-Seq
GACAGCCAGGCGATAC-1_2,-2.5172803,-1.7737392,Bartosovic_scRNA-Seq
GACAGCCAGGTTCATC-1_2,14.549921,6.9817805,Bartosovic_scRNA-Seq
GACAGCCGTGAGTGAC-1_2,12.712193,7.664992,Bartosovic_scRNA-Seq
GACAGCCTCGAGCTGC-1_2,11.924445,8.334402,Bartosovic_scRNA-Seq
GACAGCCTCTACGGGC-1_2,13.424137,5.47741,Bartosovic_scRNA-Seq
GACAGCCTCTGCTCTG-1_2,0.40562785,9.512371,Bartosovic_scRNA-Seq
GACATCATCGCCAATA-1_2,10.906119,7.255722,Bartosovic_scRNA-Seq
GACCAATAGACCATGG-1_2,0.29066277,12.792024,Bartosovic_scRNA-Seq
GACCAATAGCCTCTCT-1_2,0.088837914,13.626401,Bartosovic_scRNA-Seq
GACCAATAGTGTGTTC-1_2,14.605756,7.145207,Bartosovic_scRNA-Seq
GACCAATGTGGATCAG-1_2,12.1622,6.587394,Bartosovic_scRNA-Seq
GACCAATGTTAGAGAT-1_2,13.41578,9.783967,Bartosovic_scRNA-Seq
GACCAATTCATTTCGT-1_2,11.901538,8.996404,Bartosovic_scRNA-Seq
GACCAATTCTTGTTAC-1_2,13.279435,6.2064657,Bartosovic_scRNA-Seq
GACCCAGCACACACGC-1_2,13.89099,9.522898,Bartosovic_scRNA-Seq
GACCCTTGTCACCGAC-1_2,-4.7210917,-1.5982178,Bartosovic_scRNA-Seq
GACCCTTTCAAGGAGC-1_2,11.308169,7.718628,Bartosovic_scRNA-Seq
GACCGTGAGCAATTCC-1_2,11.862364,9.42661,Bartosovic_scRNA-Seq
GACCTTCAGCCAAGCA-1_2,-1.0504106,13.760064,Bartosovic_scRNA-Seq
GACGCTGGTGGATCAG-1_2,15.172289,8.195445,Bartosovic_scRNA-Seq
GACGCTGTCACCGCTT-1_2,13.153038,7.7558265,Bartosovic_scRNA-Seq
GACGCTGTCACTACGA-1_2,12.322375,7.89186,Bartosovic_scRNA-Seq
GACGCTGTCTGGTCAA-1_2,-7.391832,8.517026,Bartosovic_scRNA-Seq
GACGTTACACCGGCTA-1_2,-0.7184623,13.196642,Bartosovic_scRNA-Seq
GACGTTACAGCAGGAT-1_2,-1.2300278,14.634915,Bartosovic_scRNA-Seq
GACGTTATCTCCGTGT-1_2,-7.5701694,8.957414,Bartosovic_scRNA-Seq
GACTATGAGGCAATGC-1_2,14.611084,9.21483,Bartosovic_scRNA-Seq
GACTATGCATAGGTTC-1_2,11.48004,7.6684318,Bartosovic_scRNA-Seq
GACTCAAAGACCAAGC-1_2,12.210611,5.499933,Bartosovic_scRNA-Seq
GACTCAAAGAGTAACT-1_2,11.982942,7.467033,Bartosovic_scRNA-Seq
GACTCAAGTTGCTCCT-1_2,13.054167,8.389548,Bartosovic_scRNA-Seq
GACTCAATCATCGCTC-1_2,1.1178529,-11.0085125,Bartosovic_scRNA-Seq
GACTCAATCTAGAACC-1_2,-7.945729,8.971335,Bartosovic_scRNA-Seq
GACTCTCCAGGATGAC-1_2,11.788785,7.4152164,Bartosovic_scRNA-Seq
GACTCTCCAGGCATGA-1_2,-1.2997328,11.548605,Bartosovic_scRNA-Seq
GACTGATCAAGTGGGT-1_2,12.447982,6.1231976,Bartosovic_scRNA-Seq
GACTGATCAGGTTTAC-1_2,0.27965906,10.862597,Bartosovic_scRNA-Seq
GACTGATCATCGTTCC-1_2,12.20248,4.350518,Bartosovic_scRNA-Seq
GACTGATCATTGCAAC-1_2,12.826044,9.05169,Bartosovic_scRNA-Seq
GACTGATGTAGTGATA-1_2,11.879494,7.385165,Bartosovic_scRNA-Seq
GACTGATTCATGAGGG-1_2,9.815127,-7.8059974,Bartosovic_scRNA-Seq
GACTGATTCCCGTTCA-1_2,-0.686925,11.6579895,Bartosovic_scRNA-Seq
GACTTCCCACTACAGT-1_2,13.130194,7.3184366,Bartosovic_scRNA-Seq
GACTTCCCATACCGTA-1_2,11.657092,6.4844885,Bartosovic_scRNA-Seq
GACTTCCCATGTACGT-1_2,8.9528675,-7.5815187,Bartosovic_scRNA-Seq
GACTTCCGTAACATGA-1_2,12.939502,8.547265,Bartosovic_scRNA-Seq
GACTTCCGTAAGCGGT-1_2,11.528008,9.2047615,Bartosovic_scRNA-Seq
GACTTCCTCGAACTCA-1_2,10.07456,9.145231,Bartosovic_scRNA-Seq
GAGAAATGTTCGATTG-1_2,13.968785,6.3013554,Bartosovic_scRNA-Seq
GAGAAATTCGCAATGT-1_2,12.214633,7.015051,Bartosovic_scRNA-Seq
GAGACCCAGGAGTCTG-1_2,12.591084,6.049908,Bartosovic_scRNA-Seq
GAGACCCAGTGCGCTC-1_2,6.757607,4.43355,Bartosovic_scRNA-Seq
GAGACCCCAGCAATTC-1_2,-7.3613467,8.252107,Bartosovic_scRNA-Seq
GAGACCCGTATGAGAT-1_2,1.1346577,-11.776728,Bartosovic_scRNA-Seq
GAGACCCGTCCGTTTC-1_2,11.923842,8.008968,Bartosovic_scRNA-Seq
GAGACCCTCCAAGAGG-1_2,-1.8247916,11.036288,Bartosovic_scRNA-Seq
GAGACTTAGTCCCAGC-1_2,14.148941,7.8974185,Bartosovic_scRNA-Seq
GAGACTTCATGGGAAC-1_2,0.11412949,14.771552,Bartosovic_scRNA-Seq
GAGACTTTCGCTACGG-1_2,-7.5480523,8.602487,Bartosovic_scRNA-Seq
GAGAGGTAGATGCCGA-1_2,-4.110316,-2.4383798,Bartosovic_scRNA-Seq
GAGAGGTCAATCGCCG-1_2,13.997465,7.7335806,Bartosovic_scRNA-Seq
GAGAGGTTCTCATGGA-1_2,14.312958,8.471034,Bartosovic_scRNA-Seq
GAGAGGTTCTTAGCTT-1_2,8.879305,-7.702344,Bartosovic_scRNA-Seq
GAGCCTGAGTGAGGTC-1_2,12.259932,8.313128,Bartosovic_scRNA-Seq
GAGCCTGCAGAGAGGG-1_2,13.474351,8.403276,Bartosovic_scRNA-Seq
GAGCTGCAGCTGAAAT-1_2,-1.4635684,13.06337,Bartosovic_scRNA-Seq
GAGCTGCAGTCTGCAT-1_2,12.477827,3.2408175,Bartosovic_scRNA-Seq
GAGCTGCGTTTCCCAC-1_2,11.044761,9.678084,Bartosovic_scRNA-Seq
GAGGCAAAGAATTGTG-1_2,13.167315,8.693812,Bartosovic_scRNA-Seq
GAGGCAACAACGAGGT-1_2,12.939262,5.45154,Bartosovic_scRNA-Seq
GAGGCAATCTGGGAGA-1_2,-8.105531,7.9341426,Bartosovic_scRNA-Seq
GAGGCCTAGAAACCAT-1_2,12.440643,7.737922,Bartosovic_scRNA-Seq
GAGGCCTAGAGCACTG-1_2,0.41463912,13.364904,Bartosovic_scRNA-Seq
GAGGGATAGCGCATCC-1_2,14.017769,6.747913,Bartosovic_scRNA-Seq
GAGGGATGTTAAACAG-1_2,9.488193,-7.569758,Bartosovic_scRNA-Seq
GAGGGATTCATCACAG-1_2,14.338294,7.8084626,Bartosovic_scRNA-Seq
GAGGGATTCTAGGCCG-1_2,14.022163,6.845883,Bartosovic_scRNA-Seq
GAGGGTAGTGCCGTAC-1_2,12.239516,8.289439,Bartosovic_scRNA-Seq
GAGTCATCAAGAATAC-1_2,0.11972282,-11.504522,Bartosovic_scRNA-Seq
GAGTCTAAGCACCGTC-1_2,-0.124230936,12.941833,Bartosovic_scRNA-Seq
GAGTGAGGTCGGTAAG-1_2,12.5057125,5.9106765,Bartosovic_scRNA-Seq
GAGTGAGTCCGTTGAA-1_2,-3.7810435,-1.8194152,Bartosovic_scRNA-Seq
GAGTGAGTCCTATTGT-1_2,-0.2782658,13.371399,Bartosovic_scRNA-Seq
GAGTGAGTCGCCTTGT-1_2,12.713035,7.107781,Bartosovic_scRNA-Seq
GAGTGTTAGGTAAGTT-1_2,12.9363165,7.382832,Bartosovic_scRNA-Seq
GAGTGTTCACTGGCGT-1_2,11.249779,6.833496,Bartosovic_scRNA-Seq
GAGTTACAGACATCAA-1_2,-1.2022431,-9.8275795,Bartosovic_scRNA-Seq
GAGTTACCAACCACAT-1_2,12.341304,8.974058,Bartosovic_scRNA-Seq
GAGTTACGTACGACTT-1_2,-0.4027237,12.612287,Bartosovic_scRNA-Seq
GAGTTACGTCTAACTG-1_2,12.271591,7.593862,Bartosovic_scRNA-Seq
GAGTTACTCCACTGGG-1_2,13.196569,7.421299,Bartosovic_scRNA-Seq
GAGTTGTCAGAGACTG-1_2,14.020126,7.586269,Bartosovic_scRNA-Seq
GAGTTTGAGCGTTAGG-1_2,11.747746,6.6161947,Bartosovic_scRNA-Seq
GAGTTTGCACATGAAA-1_2,13.341247,5.703711,Bartosovic_scRNA-Seq
GATAGAAAGGACTATA-1_2,13.032929,5.8801875,Bartosovic_scRNA-Seq
GATAGAAAGGGCAGTT-1_2,-0.95752394,-8.173638,Bartosovic_scRNA-Seq
GATAGAACAGAGGCAT-1_2,11.844057,7.268076,Bartosovic_scRNA-Seq
GATAGAAGTTCCTTGC-1_2,13.982425,7.8215566,Bartosovic_scRNA-Seq
GATAGCTAGGTCACTT-1_2,-1.550992,12.619723,Bartosovic_scRNA-Seq
GATAGCTGTCACAGAG-1_2,12.258219,9.860108,Bartosovic_scRNA-Seq
GATCACAAGAAGATCT-1_2,0.40668577,10.111328,Bartosovic_scRNA-Seq
GATCACACAAGATGTA-1_2,-8.073454,8.715102,Bartosovic_scRNA-Seq
GATCACACATACAGCT-1_2,13.31348,8.972701,Bartosovic_scRNA-Seq
GATCACAGTCTAGTGT-1_2,11.321668,8.929781,Bartosovic_scRNA-Seq
GATCACAGTTCTAACG-1_2,14.414704,6.435422,Bartosovic_scRNA-Seq
GATCACAGTTCTTAGG-1_2,11.552575,7.416078,Bartosovic_scRNA-Seq
GATCACATCGGAAACG-1_2,13.442862,9.392734,Bartosovic_scRNA-Seq
GATCACATCTTCCACG-1_2,11.207804,9.539146,Bartosovic_scRNA-Seq
GATCAGTAGTGGACGT-1_2,12.151394,7.728879,Bartosovic_scRNA-Seq
GATCAGTGTTGTTGTG-1_2,0.032276496,9.945489,Bartosovic_scRNA-Seq
GATCATGCACCAACAT-1_2,14.665287,7.0793242,Bartosovic_scRNA-Seq
GATCATGCATGGCCCA-1_2,12.684131,6.9582014,Bartosovic_scRNA-Seq
GATCATGGTCCTGTCT-1_2,15.050603,8.061571,Bartosovic_scRNA-Seq
GATCATGGTCCTGTTC-1_2,14.031148,6.3953805,Bartosovic_scRNA-Seq
GATCCCTCAAAGGGCT-1_2,0.80743635,12.807885,Bartosovic_scRNA-Seq
GATCCCTGTCGTGATT-1_2,13.227462,5.8826137,Bartosovic_scRNA-Seq
GATCCCTGTTAGCGGA-1_2,8.668224,-7.4798317,Bartosovic_scRNA-Seq
GATCGTAAGGCATTTC-1_2,0.018218093,-11.829329,Bartosovic_scRNA-Seq
GATCGTACAGACCAAG-1_2,13.488044,7.9507413,Bartosovic_scRNA-Seq
GATCGTAGTCAGCTTA-1_2,0.29848313,10.469391,Bartosovic_scRNA-Seq
GATCGTATCGGTTAGT-1_2,-0.16214828,11.183676,Bartosovic_scRNA-Seq
GATCGTATCTTCACGC-1_2,11.893465,6.8173757,Bartosovic_scRNA-Seq
GATGACTAGAAGTATC-1_2,10.804544,6.07099,Bartosovic_scRNA-Seq
GATGACTAGAGCCTGA-1_2,0.64042324,13.371967,Bartosovic_scRNA-Seq
GATGACTCAAAGCTCT-1_2,13.433589,7.560461,Bartosovic_scRNA-Seq
GATGACTCAAGAGGTC-1_2,-7.9359717,8.250401,Bartosovic_scRNA-Seq
GATGAGGCAGAAGCGT-1_2,10.926182,9.526491,Bartosovic_scRNA-Seq
GATGAGGCATGGATCT-1_2,-2.3350773,-1.9254291,Bartosovic_scRNA-Seq
GATGATCAGCAATTAG-1_2,-1.9837703,-2.467984,Bartosovic_scRNA-Seq
GATGATCAGGAATGTT-1_2,12.199477,6.330753,Bartosovic_scRNA-Seq
GATGATCCACCAATTG-1_2,9.956236,8.234658,Bartosovic_scRNA-Seq
GATGATCGTTAAACAG-1_2,-3.3000124,-2.0719042,Bartosovic_scRNA-Seq
GATGATCGTTCTCGTC-1_2,14.2414,8.808223,Bartosovic_scRNA-Seq
GATGATCTCACATCAG-1_2,13.485508,5.3953247,Bartosovic_scRNA-Seq
GATGATCTCGGCACTG-1_2,10.5964775,9.072389,Bartosovic_scRNA-Seq
GATGCTACAAGACGGT-1_2,13.473937,5.9912043,Bartosovic_scRNA-Seq
GATGCTAGTGAACCGA-1_2,11.158302,-7.8892174,Bartosovic_scRNA-Seq
GATGCTATCTCGCTCA-1_2,13.8828745,8.989117,Bartosovic_scRNA-Seq
GATGGAGAGGACGCTA-1_2,0.025588486,12.862277,Bartosovic_scRNA-Seq
GATGGAGCAACCACGC-1_2,15.126115,6.9779096,Bartosovic_scRNA-Seq
GATGGAGCAGAGAATT-1_2,-3.3926246,-1.7983406,Bartosovic_scRNA-Seq
GATGGAGGTAGATTGA-1_2,-4.8940816,-2.0507686,Bartosovic_scRNA-Seq
GATGTTGGTACGAAAT-1_2,13.368911,7.1100006,Bartosovic_scRNA-Seq
GATGTTGGTCAGGCAA-1_2,-0.3117778,12.427929,Bartosovic_scRNA-Seq
GATGTTGTCTCTATAC-1_2,-0.09147357,12.16672,Bartosovic_scRNA-Seq
GATTCGAAGCCTGTGC-1_2,1.0892806,11.1687765,Bartosovic_scRNA-Seq
GATTCGACAACGCCCA-1_2,-4.479935,-1.3105142,Bartosovic_scRNA-Seq
GATTCGAGTGTGTCCG-1_2,9.786222,-6.546283,Bartosovic_scRNA-Seq
GATTCGAGTTATCTTC-1_2,10.549937,-7.304722,Bartosovic_scRNA-Seq
GATTCTTCATTAAGCC-1_2,14.558098,8.682801,Bartosovic_scRNA-Seq
GATTCTTTCTATTCGT-1_2,15.100377,7.3902073,Bartosovic_scRNA-Seq
GATTGGTCATCTATCT-1_2,-2.030634,11.9136505,Bartosovic_scRNA-Seq
GATTGGTGTCGACGCT-1_2,-0.76059926,11.795826,Bartosovic_scRNA-Seq
GATTTCTAGGCCTTGC-1_2,-0.51321816,10.539972,Bartosovic_scRNA-Seq
GATTTCTCAGTACTAC-1_2,12.346419,9.0333,Bartosovic_scRNA-Seq
GATTTCTGTCCAAAGG-1_2,11.739081,8.259705,Bartosovic_scRNA-Seq
GCAACATAGAGAGGTA-1_2,14.655931,6.7190676,Bartosovic_scRNA-Seq
GCAACATTCAGGAAAT-1_2,10.359164,-6.475219,Bartosovic_scRNA-Seq
GCAACATTCCTACTGC-1_2,12.391974,8.090958,Bartosovic_scRNA-Seq
GCAACCGTCAAGAGTA-1_2,13.262157,6.0816755,Bartosovic_scRNA-Seq
GCAACCGTCTCGTCAC-1_2,-1.5603964,13.683457,Bartosovic_scRNA-Seq
GCACATAAGCACCGAA-1_2,6.2156444,3.9037697,Bartosovic_scRNA-Seq
GCACATATCTGAGAAA-1_2,1.3947667,-11.615873,Bartosovic_scRNA-Seq
GCACGGTAGAGAGGTA-1_2,-7.2091384,8.039087,Bartosovic_scRNA-Seq
GCACGGTAGAGGGCGA-1_2,-1.2553269,11.583339,Bartosovic_scRNA-Seq
GCACGGTAGCACCCAC-1_2,1.455696,13.459663,Bartosovic_scRNA-Seq
GCACGTGAGGTGAGAA-1_2,10.227428,7.9669194,Bartosovic_scRNA-Seq
GCACTAAAGCTGGCCT-1_2,12.977441,8.233057,Bartosovic_scRNA-Seq
GCAGCCACACGCCAGT-1_2,-4.171464,-1.5515857,Bartosovic_scRNA-Seq
GCAGCCACACTTTAGG-1_2,-3.9924612,-0.96239424,Bartosovic_scRNA-Seq
GCAGCCAGTGTGATGG-1_2,12.3328285,7.5874577,Bartosovic_scRNA-Seq
GCAGCCATCCAGCTCT-1_2,-1.6325859,12.688367,Bartosovic_scRNA-Seq
GCAGCTGCAGCTGTGC-1_2,-1.189292,9.993829,Bartosovic_scRNA-Seq
GCAGCTGGTATGAGAT-1_2,-1.2673678,11.1878805,Bartosovic_scRNA-Seq
GCAGCTGTCGGACTTA-1_2,-0.35417086,14.412838,Bartosovic_scRNA-Seq
GCAGGCTCATCCGAGC-1_2,-4.0358553,-1.8498656,Bartosovic_scRNA-Seq
GCAGGCTGTGTCCCTT-1_2,12.856116,8.395877,Bartosovic_scRNA-Seq
GCAGGCTTCTAGTTCT-1_2,12.172026,10.157959,Bartosovic_scRNA-Seq
GCAGTTATCCGTAATG-1_2,11.575186,9.38066,Bartosovic_scRNA-Seq
GCATCTCCAATGAACA-1_2,14.608926,6.8122563,Bartosovic_scRNA-Seq
GCATCTCCATCTTAGG-1_2,12.096143,10.009131,Bartosovic_scRNA-Seq
GCATGATAGCGCTTCG-1_2,-0.072770014,13.525715,Bartosovic_scRNA-Seq
GCATTAGGTCCGTTTC-1_2,-0.87953824,13.384828,Bartosovic_scRNA-Seq
GCATTAGTCCAAGCAT-1_2,9.832966,-7.066864,Bartosovic_scRNA-Seq
GCCAACGGTGATCATC-1_2,11.400875,6.7070684,Bartosovic_scRNA-Seq
GCCAACGGTTCTCGCT-1_2,14.564224,7.3474565,Bartosovic_scRNA-Seq
GCCAGCAGTAGGACCA-1_2,12.19111,8.584363,Bartosovic_scRNA-Seq
GCCAGGTCAACAAGTA-1_2,12.396301,8.744138,Bartosovic_scRNA-Seq
GCCAGGTTCAATCTCT-1_2,11.001557,-8.382087,Bartosovic_scRNA-Seq
GCCAGGTTCCCTTCCC-1_2,14.307787,8.570675,Bartosovic_scRNA-Seq
GCCAGTGCAAGAGCTG-1_2,-0.174403,11.087841,Bartosovic_scRNA-Seq
GCCAGTGGTGCCTTCT-1_2,15.366606,7.0823984,Bartosovic_scRNA-Seq
GCCATGGAGCGATGGT-1_2,12.380657,5.139461,Bartosovic_scRNA-Seq
GCCATGGCACTTGTGA-1_2,10.348876,-6.834833,Bartosovic_scRNA-Seq
GCCATGGGTGATATAG-1_2,9.6434145,8.003175,Bartosovic_scRNA-Seq
GCCATGGTCCAATCCC-1_2,15.510926,7.0307913,Bartosovic_scRNA-Seq
GCCATGGTCCAGCTCT-1_2,0.7032375,14.307968,Bartosovic_scRNA-Seq
GCCATGGTCGTTACCC-1_2,15.242416,6.4425554,Bartosovic_scRNA-Seq
GCCATTCAGAGCACTG-1_2,1.2403331,11.746421,Bartosovic_scRNA-Seq
GCCATTCGTAATTAGG-1_2,9.511197,-7.172934,Bartosovic_scRNA-Seq
GCCATTCTCAAGTCGT-1_2,14.4171915,7.505879,Bartosovic_scRNA-Seq
GCCCAGAAGTAATCCC-1_2,-1.6448157,12.364355,Bartosovic_scRNA-Seq
GCCCAGAGTTAGGAGC-1_2,12.939309,7.61942,Bartosovic_scRNA-Seq
GCCCAGATCATGGAGG-1_2,11.473147,9.685955,Bartosovic_scRNA-Seq
GCCCAGATCCGATGTA-1_2,0.2120918,11.95718,Bartosovic_scRNA-Seq
GCCCGAAAGTTGAAAC-1_2,12.784807,6.394795,Bartosovic_scRNA-Seq
GCCCGAACATCTAGAC-1_2,14.824567,7.97638,Bartosovic_scRNA-Seq
GCCCGAAGTCAATCTG-1_2,10.350835,-6.662736,Bartosovic_scRNA-Seq
GCCCGAATCGCCAACG-1_2,0.5646018,13.79751,Bartosovic_scRNA-Seq
GCCCGAATCTCATTGT-1_2,-3.508895,-1.6480649,Bartosovic_scRNA-Seq
GCCGATGAGAGGGCGA-1_2,-0.78401774,14.3910675,Bartosovic_scRNA-Seq
GCCGATGAGCGTATGG-1_2,-1.0703434,13.311712,Bartosovic_scRNA-Seq
GCCGATGGTATCAAGA-1_2,8.7753315,-6.586346,Bartosovic_scRNA-Seq
GCCGTGAAGTGCTAGG-1_2,12.807532,4.8100038,Bartosovic_scRNA-Seq
GCCGTGAGTATCCTTT-1_2,-3.8694112,-2.4258983,Bartosovic_scRNA-Seq
GCCGTGAGTTCAATCG-1_2,-1.3861806,13.751599,Bartosovic_scRNA-Seq
GCCGTGAGTTGTGCAT-1_2,13.998273,8.308183,Bartosovic_scRNA-Seq
GCCGTGATCCTCTAGC-1_2,5.118809,4.433885,Bartosovic_scRNA-Seq
GCCTGTTAGCTTACGT-1_2,12.488003,8.765471,Bartosovic_scRNA-Seq
GCCTGTTAGGAGCAAA-1_2,5.05637,4.4702973,Bartosovic_scRNA-Seq
GCCTGTTCAGATCCAT-1_2,8.382496,-5.9617276,Bartosovic_scRNA-Seq
GCCTGTTTCGCTCATC-1_2,12.505051,8.520203,Bartosovic_scRNA-Seq
GCGATCGAGTAAAGCT-1_2,-1.3366408,14.779011,Bartosovic_scRNA-Seq
GCGATCGCACCAGACC-1_2,13.096414,6.304207,Bartosovic_scRNA-Seq
GCGATCGCACTGCATA-1_2,13.129561,6.841542,Bartosovic_scRNA-Seq
GCGATCGGTGCCTGCA-1_2,0.3766745,9.807778,Bartosovic_scRNA-Seq
GCGATCGTCAGCTTGA-1_2,0.40438154,10.712068,Bartosovic_scRNA-Seq
GCGATCGTCGCATTGA-1_2,-0.026823265,-11.23944,Bartosovic_scRNA-Seq
GCGGAAAGTCTTGCTC-1_2,11.442092,6.267017,Bartosovic_scRNA-Seq
GCGGAAAGTGTAACGG-1_2,10.684663,8.209437,Bartosovic_scRNA-Seq
GCGGATCAGACGAAGA-1_2,9.993052,-6.610291,Bartosovic_scRNA-Seq
GCGGATCCAAATGAAC-1_2,13.319416,9.207918,Bartosovic_scRNA-Seq
GCGGATCGTCATCCGG-1_2,0.2228799,14.005359,Bartosovic_scRNA-Seq
GCGGATCGTTAAGGAT-1_2,11.900988,6.445521,Bartosovic_scRNA-Seq
GCGTGCAAGATGGTCG-1_2,11.481998,8.312791,Bartosovic_scRNA-Seq
GCGTGCAAGGATGCGT-1_2,14.115669,7.2756147,Bartosovic_scRNA-Seq
GCGTTTCTCTCGCTCA-1_2,15.047278,8.364562,Bartosovic_scRNA-Seq
GCTACAAAGACGGAAA-1_2,-3.7013733,-2.249783,Bartosovic_scRNA-Seq
GCTACAACACCACTGG-1_2,0.88835347,13.254656,Bartosovic_scRNA-Seq
GCTACAAGTAACCCTA-1_2,0.23612635,-10.038853,Bartosovic_scRNA-Seq
GCTACAATCACCTGGG-1_2,-1.4466811,14.176739,Bartosovic_scRNA-Seq
GCTACAATCCTATTTG-1_2,11.5534525,8.254938,Bartosovic_scRNA-Seq
GCTACAATCGATACTG-1_2,10.071454,-6.7286806,Bartosovic_scRNA-Seq
GCTACCTAGCAGTAAT-1_2,9.681304,8.093603,Bartosovic_scRNA-Seq
GCTACCTGTTGCCTAA-1_2,-0.83000576,13.99027,Bartosovic_scRNA-Seq
GCTCAAACAGTAGAAT-1_2,1.3905402,11.817926,Bartosovic_scRNA-Seq
GCTCAAATCCGTTTCG-1_2,10.686643,-7.4246597,Bartosovic_scRNA-Seq
GCTGAATCACATCATG-1_2,9.956734,-8.118122,Bartosovic_scRNA-Seq
GCTGAATCAGCAGATG-1_2,13.477927,8.659368,Bartosovic_scRNA-Seq
GCTGCAGAGACTCTAC-1_2,11.727799,6.33584,Bartosovic_scRNA-Seq
GCTGCAGAGCTAGAAT-1_2,14.902761,7.1074486,Bartosovic_scRNA-Seq
GCTGCAGAGGCATGCA-1_2,0.38923058,-8.856825,Bartosovic_scRNA-Seq
GCTGCAGGTAACACGG-1_2,-7.7049646,8.201955,Bartosovic_scRNA-Seq
GCTGGGTCAAATTAGG-1_2,-0.15532887,14.34663,Bartosovic_scRNA-Seq
GCTGGGTCATCCGAGC-1_2,6.1617923,3.6443264,Bartosovic_scRNA-Seq
GCTGGGTTCAAGATAG-1_2,12.454057,5.7098937,Bartosovic_scRNA-Seq
GCTGGGTTCTCGTTTA-1_2,14.422525,8.048788,Bartosovic_scRNA-Seq
GCTTCACCAACCAATC-1_2,13.065631,9.440245,Bartosovic_scRNA-Seq
GCTTGGGAGTCAAGCG-1_2,1.265328,12.739358,Bartosovic_scRNA-Seq
GCTTGGGCAAGAGATT-1_2,-3.8860433,-2.9374394,Bartosovic_scRNA-Seq
GCTTGGGCACCATAAC-1_2,11.997975,8.804386,Bartosovic_scRNA-Seq
GCTTGGGCACGGCACT-1_2,12.375062,9.870937,Bartosovic_scRNA-Seq
GCTTTCGAGAGCTTTC-1_2,6.2894864,3.5063024,Bartosovic_scRNA-Seq
GCTTTCGGTATCGCAT-1_2,-1.2774994,12.975464,Bartosovic_scRNA-Seq
GCTTTCGGTGGCGTAA-1_2,12.602881,6.2104855,Bartosovic_scRNA-Seq
GGAACCCTCCCATTCG-1_2,14.68479,7.8562775,Bartosovic_scRNA-Seq
GGAACCCTCTCGTGGG-1_2,11.327062,8.240055,Bartosovic_scRNA-Seq
GGAAGTGGTATCGAAA-1_2,14.295729,5.5319257,Bartosovic_scRNA-Seq
GGAAGTGGTCCACTTC-1_2,11.313196,6.854573,Bartosovic_scRNA-Seq
GGAAGTGTCCGATCTC-1_2,13.719014,6.7320027,Bartosovic_scRNA-Seq
GGAAGTGTCCGTTGGG-1_2,9.581343,-7.184361,Bartosovic_scRNA-Seq
GGAATCTAGCTACTGT-1_2,-1.2477472,11.106901,Bartosovic_scRNA-Seq
GGAATGGCATGGCCAC-1_2,-0.2443149,11.045412,Bartosovic_scRNA-Seq
GGAATGGGTCGCATCG-1_2,9.1521635,-7.3123174,Bartosovic_scRNA-Seq
GGAATGGGTCTTGAAC-1_2,14.736182,7.133462,Bartosovic_scRNA-Seq
GGAATGGTCATCGCCT-1_2,12.429813,8.7234,Bartosovic_scRNA-Seq
GGAGAACAGAGTCGAC-1_2,-4.183483,-1.3938446,Bartosovic_scRNA-Seq
GGAGAACAGCACTCAT-1_2,10.355914,8.368688,Bartosovic_scRNA-Seq
GGAGAACCACTACCCT-1_2,14.986334,8.858346,Bartosovic_scRNA-Seq
GGAGAACTCATTTCCA-1_2,10.764623,8.881914,Bartosovic_scRNA-Seq
GGAGATGAGGCACTCC-1_2,-8.590986,7.9849396,Bartosovic_scRNA-Seq
GGAGATGTCACCATAG-1_2,11.976462,9.029295,Bartosovic_scRNA-Seq
GGAGATGTCGTTGCCT-1_2,11.4923315,6.359214,Bartosovic_scRNA-Seq
GGAGCAACAGAACTCT-1_2,-2.5465825,-2.1349351,Bartosovic_scRNA-Seq
GGAGCAACAGCAGTTT-1_2,-8.747123,8.832551,Bartosovic_scRNA-Seq
GGAGCAAGTTGGCCGT-1_2,8.729136,-6.609076,Bartosovic_scRNA-Seq
GGAGCAATCGAAACAA-1_2,12.796767,10.004326,Bartosovic_scRNA-Seq
GGAGGATCACTCACTC-1_2,14.561869,7.823832,Bartosovic_scRNA-Seq
GGAGGATCAGTTGTCA-1_2,11.234434,8.055595,Bartosovic_scRNA-Seq
GGAGGATGTCTTGAGT-1_2,14.536648,5.3421617,Bartosovic_scRNA-Seq
GGAGGATGTGATCATC-1_2,11.599517,6.1175833,Bartosovic_scRNA-Seq
GGAGGATGTTAACAGA-1_2,-0.5331085,12.965553,Bartosovic_scRNA-Seq
GGAGGTACAGACAATA-1_2,11.246724,8.437726,Bartosovic_scRNA-Seq
GGAGGTAGTCCTTTGC-1_2,14.11578,6.087562,Bartosovic_scRNA-Seq
GGAGGTAGTTGTTGCA-1_2,11.984619,7.175753,Bartosovic_scRNA-Seq
GGAGGTATCTTAGTTC-1_2,0.36486992,10.2374115,Bartosovic_scRNA-Seq
GGATCTAAGATACCAA-1_2,-1.5612466,11.679269,Bartosovic_scRNA-Seq
GGATCTACAGAGTAAT-1_2,-1.18004,10.292266,Bartosovic_scRNA-Seq
GGATCTATCCGGTAGC-1_2,13.376842,7.27031,Bartosovic_scRNA-Seq
GGATCTATCCTTCTTC-1_2,13.351167,7.9778028,Bartosovic_scRNA-Seq
GGATGTTTCGTTACCC-1_2,-0.039379336,-11.84457,Bartosovic_scRNA-Seq
GGCAGTCAGGCATGCA-1_2,12.346243,8.916269,Bartosovic_scRNA-Seq
GGCAGTCAGTACTGGG-1_2,-0.31749117,12.09696,Bartosovic_scRNA-Seq
GGCAGTCCACACCAGC-1_2,9.483077,-5.822514,Bartosovic_scRNA-Seq
GGCAGTCTCAAGAAAC-1_2,12.182656,4.5945487,Bartosovic_scRNA-Seq
GGCAGTCTCCACTAGA-1_2,13.645735,6.508874,Bartosovic_scRNA-Seq
GGCGTCAAGTAAACAC-1_2,9.482995,-7.1858306,Bartosovic_scRNA-Seq
GGCGTCAGTCGCATTA-1_2,13.768798,5.8881807,Bartosovic_scRNA-Seq
GGCGTCAGTCTCTCAC-1_2,12.662054,4.0747705,Bartosovic_scRNA-Seq
GGCGTCATCGAACGGA-1_2,11.533841,7.5353155,Bartosovic_scRNA-Seq
GGCTGTGAGTTGGAAT-1_2,-1.216583,13.430693,Bartosovic_scRNA-Seq
GGCTGTGGTTAGGCCC-1_2,15.270659,6.530432,Bartosovic_scRNA-Seq
GGCTTGGCAACTGTGT-1_2,9.244148,6.556666,Bartosovic_scRNA-Seq
GGCTTGGGTCCGATCG-1_2,13.322787,6.9340463,Bartosovic_scRNA-Seq
GGCTTGGGTTCATCTT-1_2,-0.860595,13.167721,Bartosovic_scRNA-Seq
GGCTTGGTCCGAGCTG-1_2,-8.071447,8.326711,Bartosovic_scRNA-Seq
GGCTTGGTCTCTGGTC-1_2,9.423857,-7.2361035,Bartosovic_scRNA-Seq
GGCTTTCAGCCTCCAG-1_2,-0.44899434,12.95955,Bartosovic_scRNA-Seq
GGCTTTCAGCGAGAAA-1_2,-0.061368037,11.631229,Bartosovic_scRNA-Seq
GGCTTTCCAGGTTCCG-1_2,-1.0162051,12.489921,Bartosovic_scRNA-Seq
GGGAAGTTCTCGCCTA-1_2,9.43121,-5.9461355,Bartosovic_scRNA-Seq
GGGACAAAGAGTCGAC-1_2,11.265516,8.665674,Bartosovic_scRNA-Seq
GGGACAAAGTAGGCCA-1_2,12.979468,9.540444,Bartosovic_scRNA-Seq
GGGACAAAGTGCTAGG-1_2,1.5199109,13.212927,Bartosovic_scRNA-Seq
GGGACAAGTCTAGTGT-1_2,14.4768715,6.6200747,Bartosovic_scRNA-Seq
GGGACCTGTTGCTCCT-1_2,12.4866495,8.375135,Bartosovic_scRNA-Seq
GGGACTCAGGCCACCT-1_2,11.668419,6.8836226,Bartosovic_scRNA-Seq
GGGAGATAGATCACCT-1_2,0.16294554,14.20138,Bartosovic_scRNA-Seq
GGGAGATCAGAGGTAC-1_2,0.22648656,9.882189,Bartosovic_scRNA-Seq
GGGAGATTCAGACCTA-1_2,11.02681,7.446852,Bartosovic_scRNA-Seq
GGGAGATTCCCAGGAC-1_2,10.902728,9.585629,Bartosovic_scRNA-Seq
GGGAGTACAAGCGATG-1_2,10.431622,7.2004733,Bartosovic_scRNA-Seq
GGGAGTACAGCTTTGA-1_2,12.844964,6.565314,Bartosovic_scRNA-Seq
GGGAGTAGTACGATTC-1_2,-1.9817108,11.419872,Bartosovic_scRNA-Seq
GGGAGTAGTAGGTTTC-1_2,12.379144,3.575697,Bartosovic_scRNA-Seq
GGGATCCAGGTGCTGA-1_2,12.486389,8.383737,Bartosovic_scRNA-Seq
GGGATCCGTAGATTGA-1_2,0.8983064,12.033252,Bartosovic_scRNA-Seq
GGGATCCTCAAAGCCT-1_2,13.072499,7.16587,Bartosovic_scRNA-Seq
GGGATCCTCCGTGGTG-1_2,0.45810002,13.570688,Bartosovic_scRNA-Seq
GGGATGACACAAGCCC-1_2,12.766526,8.2683935,Bartosovic_scRNA-Seq
GGGATGACATCCAACA-1_2,11.531271,7.9276037,Bartosovic_scRNA-Seq
GGGATGAGTATCCCAA-1_2,-0.2891734,10.948963,Bartosovic_scRNA-Seq
GGGCCATAGGTGATCG-1_2,0.37517446,-11.434748,Bartosovic_scRNA-Seq
GGGCCATGTGGCTGCT-1_2,12.669791,6.827105,Bartosovic_scRNA-Seq
GGGCCATTCTGCCCTA-1_2,2.36897,-4.8179674,Bartosovic_scRNA-Seq
GGGCGTTAGATAACAC-1_2,0.9146457,12.683528,Bartosovic_scRNA-Seq
GGGCGTTAGCTGCGAA-1_2,-0.28340966,10.494031,Bartosovic_scRNA-Seq
GGGCGTTAGGCACTCC-1_2,12.62767,8.670052,Bartosovic_scRNA-Seq
GGGCGTTCAGAGCGTA-1_2,12.980758,6.605866,Bartosovic_scRNA-Seq
GGGCTACAGAACAGGA-1_2,11.195444,6.498114,Bartosovic_scRNA-Seq
GGGCTACAGCGCTGCT-1_2,12.493356,6.7959933,Bartosovic_scRNA-Seq
GGGCTCAGTAAGCTCT-1_2,9.539096,-7.153952,Bartosovic_scRNA-Seq
GGGTAGAAGTTGCGCC-1_2,12.605817,6.433471,Bartosovic_scRNA-Seq
GGGTAGAGTCTCAGGC-1_2,11.182337,8.516941,Bartosovic_scRNA-Seq
GGGTAGAGTCTTCCGT-1_2,14.44615,5.3943377,Bartosovic_scRNA-Seq
GGGTAGAGTGAAAGTT-1_2,14.705906,6.8707185,Bartosovic_scRNA-Seq
GGGTAGATCGCCGAGT-1_2,1.1478195,13.067711,Bartosovic_scRNA-Seq
GGGTATTAGCGTTAGG-1_2,13.467394,6.2268906,Bartosovic_scRNA-Seq
GGGTATTCAGGCAATG-1_2,-0.22255833,12.074291,Bartosovic_scRNA-Seq
GGGTATTGTCCTGGGT-1_2,12.282813,8.643342,Bartosovic_scRNA-Seq
GGGTATTTCTCAACCC-1_2,0.04055252,11.807736,Bartosovic_scRNA-Seq
GGGTATTTCTCATTTG-1_2,-0.17577828,10.639416,Bartosovic_scRNA-Seq
GGGTCACAGACAGCGT-1_2,10.496797,-8.130968,Bartosovic_scRNA-Seq
GGGTCACAGGCGTCCT-1_2,12.137236,8.588156,Bartosovic_scRNA-Seq
GGGTCACCACCCTTAC-1_2,4.5672207,4.1586013,Bartosovic_scRNA-Seq
GGGTCACGTCTTTCTA-1_2,-0.5139013,11.541003,Bartosovic_scRNA-Seq
GGGTCACTCCCGTGTT-1_2,0.8298387,11.875949,Bartosovic_scRNA-Seq
GGGTCACTCTTACGGA-1_2,14.040672,5.441904,Bartosovic_scRNA-Seq
GGGTCTGAGTTGCATC-1_2,10.5805,7.109375,Bartosovic_scRNA-Seq
GGGTCTGCATGAGGGT-1_2,12.503839,6.424849,Bartosovic_scRNA-Seq
GGGTCTGGTTGTGTTG-1_2,9.23431,-7.3153553,Bartosovic_scRNA-Seq
GGGTCTGTCAGAATAG-1_2,11.457689,7.568551,Bartosovic_scRNA-Seq
GGGTCTGTCCTCTGCA-1_2,13.264065,8.547965,Bartosovic_scRNA-Seq
GGGTCTGTCGCTCTAC-1_2,9.859996,7.172742,Bartosovic_scRNA-Seq
GGGTCTGTCTGCACCT-1_2,0.35385397,11.600376,Bartosovic_scRNA-Seq
GGGTGAACAATGTCAC-1_2,11.837316,7.4059424,Bartosovic_scRNA-Seq
GGGTGAAGTACCGGAA-1_2,-3.2948518,-3.0460706,Bartosovic_scRNA-Seq
GGGTTATAGATGGCGT-1_2,13.517191,7.3172574,Bartosovic_scRNA-Seq
GGGTTATAGGTAAGGA-1_2,12.173899,6.5498433,Bartosovic_scRNA-Seq
GGGTTATTCCAGTACA-1_2,-3.7714016,-1.6245826,Bartosovic_scRNA-Seq
GGGTTTAAGCAAACAT-1_2,12.13492,8.692379,Bartosovic_scRNA-Seq
GGGTTTAAGGCACTCC-1_2,11.937965,5.919787,Bartosovic_scRNA-Seq
GGTAACTAGGATGGCT-1_2,12.656584,8.790937,Bartosovic_scRNA-Seq
GGTAACTAGTCCTGTA-1_2,13.042174,8.384826,Bartosovic_scRNA-Seq
GGTAACTTCGGACCAC-1_2,11.218319,8.350848,Bartosovic_scRNA-Seq
GGTAATCAGTAGATCA-1_2,9.700857,6.878256,Bartosovic_scRNA-Seq
GGTAATCCAACTTCTT-1_2,14.295047,8.285048,Bartosovic_scRNA-Seq
GGTAATCCATCCTGTC-1_2,9.7608,7.4268956,Bartosovic_scRNA-Seq
GGTAATCGTACTAGCT-1_2,-0.50857407,13.502122,Bartosovic_scRNA-Seq
GGTAGAGAGGAGTATT-1_2,12.672594,6.4393983,Bartosovic_scRNA-Seq
GGTCACGCACTTGAAC-1_2,-1.2980514,12.130448,Bartosovic_scRNA-Seq
GGTCACGTCGTCAGAT-1_2,-0.84561557,11.696996,Bartosovic_scRNA-Seq
GGTCACGTCTGGCCAG-1_2,11.777072,8.4337225,Bartosovic_scRNA-Seq
GGTCTGGCACAGCCTG-1_2,11.566911,8.531575,Bartosovic_scRNA-Seq
GGTCTGGCAGGCTCTG-1_2,-0.4646612,12.863266,Bartosovic_scRNA-Seq
GGTCTGGTCAATCCGA-1_2,3.924647,-3.2003527,Bartosovic_scRNA-Seq
GGTGAAGAGGTTCATC-1_2,11.788315,7.7299156,Bartosovic_scRNA-Seq
GGTGAAGAGTGCCAGA-1_2,0.51365435,11.832634,Bartosovic_scRNA-Seq
GGTGAAGCAAGTTTGC-1_2,11.817205,6.868636,Bartosovic_scRNA-Seq
GGTGAAGCACCAGGTC-1_2,11.41034,7.1520996,Bartosovic_scRNA-Seq
GGTGAAGCAGATTCGT-1_2,0.96095383,10.569653,Bartosovic_scRNA-Seq
GGTGAAGGTCATAACC-1_2,-1.7313006,10.801849,Bartosovic_scRNA-Seq
GGTGAAGTCGCCTTGT-1_2,14.675694,8.307077,Bartosovic_scRNA-Seq
GGTGATTAGATACATG-1_2,3.8773847,-3.2112422,Bartosovic_scRNA-Seq
GGTGATTAGTCCGCGT-1_2,-0.30214688,13.657977,Bartosovic_scRNA-Seq
GGTGATTCAGCACACC-1_2,12.661408,5.9142118,Bartosovic_scRNA-Seq
GGTGATTGTTTACTGG-1_2,14.276781,9.12669,Bartosovic_scRNA-Seq
GGTGGCTAGCGCCCAT-1_2,12.037684,8.351035,Bartosovic_scRNA-Seq
GGTGGCTAGTTGAAGT-1_2,11.019616,-7.5984974,Bartosovic_scRNA-Seq
GGTGGCTCAAACAGGC-1_2,10.083469,8.457469,Bartosovic_scRNA-Seq
GGTGGCTCAACACTAC-1_2,14.124908,7.9541426,Bartosovic_scRNA-Seq
GGTGGCTGTTATCCAG-1_2,-0.064777315,13.029497,Bartosovic_scRNA-Seq
GGTGGCTTCCCTCTCC-1_2,-4.1947637,-1.7100478,Bartosovic_scRNA-Seq
GGTGTCGAGGCCACTC-1_2,11.03804,6.571824,Bartosovic_scRNA-Seq
GGTGTCGGTGGCGCTT-1_2,0.40508202,-12.233905,Bartosovic_scRNA-Seq
GGTGTCGTCTAGTGAC-1_2,14.581946,8.428062,Bartosovic_scRNA-Seq
GGTGTTACAATTGTGC-1_2,-0.4687826,13.352435,Bartosovic_scRNA-Seq
GGTGTTACACTATGTG-1_2,14.5993395,8.648172,Bartosovic_scRNA-Seq
GGTGTTAGTGTACAGG-1_2,-1.3348658,11.438185,Bartosovic_scRNA-Seq
GGTGTTATCCACGTAA-1_2,12.698908,3.28162,Bartosovic_scRNA-Seq
GGTTAACGTCGCATTA-1_2,-4.5312085,-1.7154294,Bartosovic_scRNA-Seq
GGTTAACTCTTCTAAC-1_2,11.446299,6.145221,Bartosovic_scRNA-Seq
GGTTCTCCACCTATCC-1_2,-1.2712034,13.900944,Bartosovic_scRNA-Seq
GGTTCTCCATGCAGGA-1_2,14.348716,8.978871,Bartosovic_scRNA-Seq
GGTTCTCTCACCACAA-1_2,12.795337,7.623696,Bartosovic_scRNA-Seq
GGTTCTCTCGAGAAAT-1_2,11.38177,8.974929,Bartosovic_scRNA-Seq
GGTTGTACAAACACCT-1_2,-1.4263372,-11.724464,Bartosovic_scRNA-Seq
GGTTGTAGTCGAGCAA-1_2,13.483978,8.54794,Bartosovic_scRNA-Seq
GTAACACAGAGGACTC-1_2,-3.760559,-1.0760579,Bartosovic_scRNA-Seq
GTAACACGTTCTCTAT-1_2,-2.066017,10.973176,Bartosovic_scRNA-Seq
GTAACCACAGCTAACT-1_2,-8.000064,8.748022,Bartosovic_scRNA-Seq
GTAACCATCCACGTCT-1_2,-0.9033907,10.424505,Bartosovic_scRNA-Seq
GTAAGTCAGAGATCGC-1_2,14.297089,8.825026,Bartosovic_scRNA-Seq
GTAAGTCCAGCGTATT-1_2,9.780531,-7.3007617,Bartosovic_scRNA-Seq
GTAAGTCCATGCGGTC-1_2,-8.284352,8.928571,Bartosovic_scRNA-Seq
GTAAGTCGTGTATCCA-1_2,13.918383,7.619647,Bartosovic_scRNA-Seq
GTAATCGTCTTCTTCC-1_2,11.50865,7.2341695,Bartosovic_scRNA-Seq
GTAATGCAGCGAAACC-1_2,-1.5916157,12.68835,Bartosovic_scRNA-Seq
GTAATGCCAATGTTGC-1_2,13.083445,8.827287,Bartosovic_scRNA-Seq
GTAATGCCATGAAGCG-1_2,0.7152574,12.057733,Bartosovic_scRNA-Seq
GTAATGCTCTGGGTCG-1_2,-1.911299,11.995903,Bartosovic_scRNA-Seq
GTACAACAGGTCATAA-1_2,11.56717,8.189642,Bartosovic_scRNA-Seq
GTACAACCAGACGGAT-1_2,9.221775,-6.865908,Bartosovic_scRNA-Seq
GTACAACGTATCCCAA-1_2,9.692614,-7.8403134,Bartosovic_scRNA-Seq
GTACAACGTCTGCCTT-1_2,12.447269,9.602681,Bartosovic_scRNA-Seq
GTACAACGTGAGAACC-1_2,13.354375,8.73332,Bartosovic_scRNA-Seq
GTACAGTGTATGAAGT-1_2,13.286109,8.71311,Bartosovic_scRNA-Seq
GTACAGTGTATGGGAC-1_2,0.85689133,12.495556,Bartosovic_scRNA-Seq
GTAGAAAAGGATGCGT-1_2,1.6954782,-3.315166,Bartosovic_scRNA-Seq
GTAGAAATCACCATGA-1_2,6.257138,3.7636862,Bartosovic_scRNA-Seq
GTAGAAATCTGGACTA-1_2,11.165605,7.135595,Bartosovic_scRNA-Seq
GTAGAGGGTAGCTGCC-1_2,11.07797,7.8093157,Bartosovic_scRNA-Seq
GTAGAGGGTTAAAGTG-1_2,13.54706,7.150924,Bartosovic_scRNA-Seq
GTAGAGGGTTTCGTAG-1_2,12.685018,5.859229,Bartosovic_scRNA-Seq
GTAGAGGTCGCTAAAC-1_2,14.272386,6.3611712,Bartosovic_scRNA-Seq
GTAGATCAGGTAGTCG-1_2,12.893955,5.0959125,Bartosovic_scRNA-Seq
GTAGATCGTCCACATA-1_2,13.330609,7.7203884,Bartosovic_scRNA-Seq
GTAGATCTCGTGGCGT-1_2,13.570368,8.602842,Bartosovic_scRNA-Seq
GTAGCTAAGTCCGCCA-1_2,13.410919,4.636454,Bartosovic_scRNA-Seq
GTAGCTAGTCCTGAAT-1_2,-1.4262948,11.94821,Bartosovic_scRNA-Seq
GTAGCTAGTCGGAACA-1_2,10.635161,-7.8330364,Bartosovic_scRNA-Seq
GTAGGAGAGATTGACA-1_2,1.2775073,13.962133,Bartosovic_scRNA-Seq
GTAGGAGGTACCCAGC-1_2,-3.8440573,-2.9246428,Bartosovic_scRNA-Seq
GTATTGGCATGACGGA-1_2,14.0541935,5.4247413,Bartosovic_scRNA-Seq
GTATTTCAGTGCACAG-1_2,10.267017,-7.095274,Bartosovic_scRNA-Seq
GTCAAACCACAACGTT-1_2,11.772862,6.1519575,Bartosovic_scRNA-Seq
GTCAAACCACCGCTAG-1_2,13.70386,8.512549,Bartosovic_scRNA-Seq
GTCAAACTCCGTAATG-1_2,-1.7317034,13.075758,Bartosovic_scRNA-Seq
GTCAAGTGTTCCGTTC-1_2,12.310175,5.4742627,Bartosovic_scRNA-Seq
GTCAAGTTCAATCCGA-1_2,3.757297,-3.4160774,Bartosovic_scRNA-Seq
GTCACGGGTCGTTGCG-1_2,14.3486395,6.521819,Bartosovic_scRNA-Seq
GTCACGGTCCATCTCG-1_2,13.44046,9.57224,Bartosovic_scRNA-Seq
GTCACGGTCTGGGATT-1_2,11.946102,5.3070183,Bartosovic_scRNA-Seq
GTCACTCAGCATATGA-1_2,9.788718,8.479528,Bartosovic_scRNA-Seq
GTCACTCAGTGATAAC-1_2,-0.66057974,13.77756,Bartosovic_scRNA-Seq
GTCACTCTCCAAGAGG-1_2,-1.0416046,12.701032,Bartosovic_scRNA-Seq
GTCACTCTCCGTCCTA-1_2,12.699721,9.540442,Bartosovic_scRNA-Seq
GTCACTCTCGGCATAT-1_2,-1.0554228,-12.265418,Bartosovic_scRNA-Seq
GTCAGCGAGGCCTAGA-1_2,-1.0750996,10.225843,Bartosovic_scRNA-Seq
GTCAGCGCATCATCCC-1_2,14.681935,7.002711,Bartosovic_scRNA-Seq
GTCAGCGGTAACCCTA-1_2,14.957193,8.998037,Bartosovic_scRNA-Seq
GTCAGCGTCCGAGGCT-1_2,12.711517,7.2173448,Bartosovic_scRNA-Seq
GTCATCCAGCACTCAT-1_2,-4.8198757,-1.9695848,Bartosovic_scRNA-Seq
GTCATCCAGCTCGCAC-1_2,-0.5548481,13.043039,Bartosovic_scRNA-Seq
GTCATCCCAATCGAAA-1_2,13.824373,8.490996,Bartosovic_scRNA-Seq
GTCATCCCACGTTGGC-1_2,11.368361,8.75106,Bartosovic_scRNA-Seq
GTCATCCCATGGCTGC-1_2,12.258321,7.7668686,Bartosovic_scRNA-Seq
GTCATCCGTTCTCCAC-1_2,13.912844,9.779895,Bartosovic_scRNA-Seq
GTCATCCTCAATCTCT-1_2,-1.3789274,14.523761,Bartosovic_scRNA-Seq
GTCATCCTCATCTACT-1_2,-0.57635313,-12.866047,Bartosovic_scRNA-Seq
GTCATGAAGTGGTGGT-1_2,9.866748,-5.9684234,Bartosovic_scRNA-Seq
GTCATGACATGAATCC-1_2,9.716019,7.1692967,Bartosovic_scRNA-Seq
GTCATGATCTTTACAC-1_2,15.43771,7.8825526,Bartosovic_scRNA-Seq
GTCATTTAGCGAGTCA-1_2,11.457404,8.7055855,Bartosovic_scRNA-Seq
GTCATTTAGCTACAAA-1_2,11.895846,9.018374,Bartosovic_scRNA-Seq
GTCATTTAGTCTGTAC-1_2,12.914481,5.723851,Bartosovic_scRNA-Seq
GTCATTTCACAGGATG-1_2,10.972565,9.301709,Bartosovic_scRNA-Seq
GTCATTTGTCGCAACC-1_2,13.613868,9.88399,Bartosovic_scRNA-Seq
GTCATTTGTGTTCCTC-1_2,-1.6976593,11.178453,Bartosovic_scRNA-Seq
GTCATTTTCCATAGAC-1_2,10.403057,-6.7355967,Bartosovic_scRNA-Seq
GTCATTTTCCCTTCCC-1_2,15.105781,8.229599,Bartosovic_scRNA-Seq
GTCATTTTCGCCATAA-1_2,14.829416,7.0393257,Bartosovic_scRNA-Seq
GTCATTTTCTCAACCC-1_2,12.3913145,8.420846,Bartosovic_scRNA-Seq
GTCATTTTCTCACTCG-1_2,13.746642,9.989099,Bartosovic_scRNA-Seq
GTCCACTGTCCAGCCA-1_2,-0.7626195,15.142106,Bartosovic_scRNA-Seq
GTCCACTGTTGTAGCT-1_2,-1.849337,13.190815,Bartosovic_scRNA-Seq
GTCCCATAGGCCACTC-1_2,14.167888,9.1482525,Bartosovic_scRNA-Seq
GTCCCATAGGTGGCTA-1_2,-2.4428918,-2.5957475,Bartosovic_scRNA-Seq
GTCCCATTCAAGGCTT-1_2,-1.3840017,10.774714,Bartosovic_scRNA-Seq
GTCCCATTCCATGATG-1_2,14.830692,6.187536,Bartosovic_scRNA-Seq
GTCCCATTCCGGACGT-1_2,11.69034,6.9526806,Bartosovic_scRNA-Seq
GTCCCATTCGTGGGAA-1_2,12.879836,9.425393,Bartosovic_scRNA-Seq
GTCCCATTCTCCGTGT-1_2,11.965282,7.3844132,Bartosovic_scRNA-Seq
GTCCTCATCATGGCCG-1_2,-1.6457939,11.907253,Bartosovic_scRNA-Seq
GTCCTCATCGTCAAAC-1_2,14.187727,9.048215,Bartosovic_scRNA-Seq
GTCGAATTCCATTTCA-1_2,11.878041,5.166736,Bartosovic_scRNA-Seq
GTCGCGAGTAAGAACT-1_2,0.57383424,12.640016,Bartosovic_scRNA-Seq
GTCGTAACAACCCTAA-1_2,15.098149,8.311914,Bartosovic_scRNA-Seq
GTCGTTCCAACTTGCA-1_2,13.183258,6.7344494,Bartosovic_scRNA-Seq
GTCGTTCGTTATCCAG-1_2,8.770559,-7.6231003,Bartosovic_scRNA-Seq
GTCTACCAGACCAAAT-1_2,12.686413,8.152891,Bartosovic_scRNA-Seq
GTCTACCGTAGAGATT-1_2,13.349223,9.943127,Bartosovic_scRNA-Seq
GTCTACCGTCCTTAAG-1_2,12.986256,10.059244,Bartosovic_scRNA-Seq
GTCTACCTCAAGCCTA-1_2,-7.552634,8.507049,Bartosovic_scRNA-Seq
GTCTACCTCTCACTCG-1_2,-0.8636544,11.156712,Bartosovic_scRNA-Seq
GTCTAGAAGTAGACAT-1_2,1.0672921,13.665469,Bartosovic_scRNA-Seq
GTCTAGAGTTAATGAG-1_2,11.5107765,6.064812,Bartosovic_scRNA-Seq
GTCTAGATCCCACAGG-1_2,10.466327,6.6749334,Bartosovic_scRNA-Seq
GTCTCACCAATTGAAG-1_2,11.55184,6.7595463,Bartosovic_scRNA-Seq
GTCTCACCAGAACTAA-1_2,13.851491,8.192327,Bartosovic_scRNA-Seq
GTCTCACGTCAAACGG-1_2,10.333282,8.752728,Bartosovic_scRNA-Seq
GTCTGTCGTACGGCAA-1_2,12.990813,3.4795723,Bartosovic_scRNA-Seq
GTCTTTAAGTAGAATC-1_2,-0.7017421,12.875253,Bartosovic_scRNA-Seq
GTCTTTACAAGCCATT-1_2,9.041511,-7.3946333,Bartosovic_scRNA-Seq
GTCTTTACACATTGTG-1_2,9.344794,-7.3197474,Bartosovic_scRNA-Seq
GTCTTTAGTCATAGTC-1_2,-1.1902022,13.342754,Bartosovic_scRNA-Seq
GTCTTTATCCTGTTAT-1_2,14.361739,8.5878935,Bartosovic_scRNA-Seq
GTGACGCCAAACCGGA-1_2,12.897125,8.4786005,Bartosovic_scRNA-Seq
GTGACGCGTGAGAGGG-1_2,12.320865,5.663038,Bartosovic_scRNA-Seq
GTGACGCGTTGGCTAT-1_2,1.3262992,12.997627,Bartosovic_scRNA-Seq
GTGACGCGTTTGGCTA-1_2,-7.82564,8.832295,Bartosovic_scRNA-Seq
GTGAGCCAGGCGAACT-1_2,0.3035266,13.628498,Bartosovic_scRNA-Seq
GTGAGCCCAGCTCGGT-1_2,10.017035,-7.075743,Bartosovic_scRNA-Seq
GTGAGCCTCCTCACTG-1_2,9.6438265,-6.3229628,Bartosovic_scRNA-Seq
GTGAGGAAGGGCAGTT-1_2,12.297696,6.3401794,Bartosovic_scRNA-Seq
GTGAGGACATAATCCG-1_2,9.39327,-6.3507195,Bartosovic_scRNA-Seq
GTGAGTTGTTCCAAAC-1_2,12.19853,9.225057,Bartosovic_scRNA-Seq
GTGAGTTGTTTGGGTT-1_2,-1.0069549,13.737466,Bartosovic_scRNA-Seq
GTGATGTAGTAACCTC-1_2,11.36656,8.550686,Bartosovic_scRNA-Seq
GTGATGTCAATAGTGA-1_2,9.239376,-6.29376,Bartosovic_scRNA-Seq
GTGATGTGTTGGCTAT-1_2,13.93262,8.628702,Bartosovic_scRNA-Seq
GTGATGTTCCCTCTAG-1_2,12.736868,9.992965,Bartosovic_scRNA-Seq
GTGCACGGTCATTCCC-1_2,11.3528385,8.12078,Bartosovic_scRNA-Seq
GTGCAGCCAACGTAAA-1_2,12.838575,9.655373,Bartosovic_scRNA-Seq
GTGCAGCCAACTCATG-1_2,9.84646,8.82539,Bartosovic_scRNA-Seq
GTGCAGCGTATCGCGC-1_2,15.095171,7.75315,Bartosovic_scRNA-Seq
GTGCAGCGTCAGTCCG-1_2,11.921307,8.534087,Bartosovic_scRNA-Seq
GTGCAGCGTGTTCCTC-1_2,1.1284382,10.659989,Bartosovic_scRNA-Seq
GTGCGTGAGCAGGTCA-1_2,0.4463976,12.327363,Bartosovic_scRNA-Seq
GTGCGTGGTAAGAACT-1_2,-3.8141837,-2.4307568,Bartosovic_scRNA-Seq
GTGCTGGGTGAGAACC-1_2,13.324684,6.4400806,Bartosovic_scRNA-Seq
GTGCTTCCAAGGTACG-1_2,-7.5102105,8.784358,Bartosovic_scRNA-Seq
GTGCTTCTCTGTCCGT-1_2,13.592218,6.1316104,Bartosovic_scRNA-Seq
GTGGAAGGTCCGAAGA-1_2,0.028047888,12.18532,Bartosovic_scRNA-Seq
GTGGAAGTCACGTCCT-1_2,-0.98021036,14.186657,Bartosovic_scRNA-Seq
GTGGAAGTCGCCACTT-1_2,14.2702265,6.3295794,Bartosovic_scRNA-Seq
GTGGAGACACAGTATC-1_2,13.291375,7.680241,Bartosovic_scRNA-Seq
GTGGAGACAGACCAGA-1_2,11.439351,8.225781,Bartosovic_scRNA-Seq
GTGGAGAGTACTCCCT-1_2,12.842298,3.179717,Bartosovic_scRNA-Seq
GTGGAGAGTCTAGTGT-1_2,11.783002,7.681714,Bartosovic_scRNA-Seq
GTGGCGTAGAGCTTTC-1_2,12.724136,4.994665,Bartosovic_scRNA-Seq
GTGGCGTGTAACACGG-1_2,14.878795,6.2606378,Bartosovic_scRNA-Seq
GTGGCGTTCACGAGGA-1_2,10.068282,-7.8446994,Bartosovic_scRNA-Seq
GTGGCGTTCTGCGATA-1_2,0.21528536,12.960805,Bartosovic_scRNA-Seq
GTGGGAAAGTCTAGAA-1_2,9.704032,-6.9707737,Bartosovic_scRNA-Seq
GTGGGAATCAACACCA-1_2,11.808796,7.5042067,Bartosovic_scRNA-Seq
GTGGTTAAGCGTCTGC-1_2,0.36835298,10.399381,Bartosovic_scRNA-Seq
GTGGTTAAGGAGCAAA-1_2,-1.2570741,-11.593675,Bartosovic_scRNA-Seq
GTGGTTACACCGTGCA-1_2,11.842369,9.581462,Bartosovic_scRNA-Seq
GTGGTTACAGTCTTCC-1_2,2.9262278,-4.05907,Bartosovic_scRNA-Seq
GTGGTTATCACTGGGC-1_2,-2.9888597,-0.44212192,Bartosovic_scRNA-Seq
GTGTAACTCTCATTGT-1_2,10.928722,8.435517,Bartosovic_scRNA-Seq
GTGTCCTCACGCTATA-1_2,12.270219,9.217698,Bartosovic_scRNA-Seq
GTGTCCTTCACCGACG-1_2,9.238984,-7.8607926,Bartosovic_scRNA-Seq
GTGTCCTTCACTGAAC-1_2,11.671269,7.089239,Bartosovic_scRNA-Seq
GTGTCCTTCTTAGCCC-1_2,-4.7195506,-1.5838468,Bartosovic_scRNA-Seq
GTGTCCTTCTTTCTAG-1_2,0.48997504,14.444587,Bartosovic_scRNA-Seq
GTGTGATTCTGTACAG-1_2,12.150451,6.358338,Bartosovic_scRNA-Seq
GTGTGGCAGCGGCTCT-1_2,-1.6646633,11.591267,Bartosovic_scRNA-Seq
GTGTTAGAGGCTCCCA-1_2,14.032673,5.1828237,Bartosovic_scRNA-Seq
GTGTTAGCACAGAGAC-1_2,-3.9715574,-0.8963088,Bartosovic_scRNA-Seq
GTGTTCCAGGACGCTA-1_2,10.726082,7.7860246,Bartosovic_scRNA-Seq
GTGTTCCGTCACTGAT-1_2,-0.52103215,13.7388935,Bartosovic_scRNA-Seq
GTTACAGAGAGTGTGC-1_2,13.678787,6.623661,Bartosovic_scRNA-Seq
GTTACAGAGCAAATCA-1_2,-0.54709786,12.23463,Bartosovic_scRNA-Seq
GTTACAGAGTGAACAT-1_2,1.2797337,14.096068,Bartosovic_scRNA-Seq
GTTACAGCAAGAATGT-1_2,11.06946,8.263724,Bartosovic_scRNA-Seq
GTTACAGCAAGCTACT-1_2,10.670301,-6.572435,Bartosovic_scRNA-Seq
GTTACAGCAGCGCTTG-1_2,9.487347,6.9002676,Bartosovic_scRNA-Seq
GTTACAGTCAGTCCGG-1_2,13.3140135,8.447365,Bartosovic_scRNA-Seq
GTTACCCCAGGCCCTA-1_2,-0.38421187,12.027125,Bartosovic_scRNA-Seq
GTTACCCCAGGTGGAT-1_2,14.221579,7.583951,Bartosovic_scRNA-Seq
GTTACGAGTACCGGCT-1_2,6.5121746,4.414919,Bartosovic_scRNA-Seq
GTTAGACCAATCAAGA-1_2,-8.204165,7.545137,Bartosovic_scRNA-Seq
GTTAGTGCAGCTATTG-1_2,-0.72822356,10.865723,Bartosovic_scRNA-Seq
GTTAGTGGTTCAAGTC-1_2,-3.6972313,-2.5777242,Bartosovic_scRNA-Seq
GTTAGTGGTTGGGAAC-1_2,-1.5325782,13.12523,Bartosovic_scRNA-Seq
GTTAGTGTCATAGCAC-1_2,-0.54083693,11.03144,Bartosovic_scRNA-Seq
GTTATGGCACTATCCC-1_2,14.2448015,9.271178,Bartosovic_scRNA-Seq
GTTCATTAGCGCCTTG-1_2,11.766273,6.5803723,Bartosovic_scRNA-Seq
GTTCATTCAATCTCTT-1_2,-7.879047,7.890179,Bartosovic_scRNA-Seq
GTTCATTTCGACGAGA-1_2,-0.79520124,13.05657,Bartosovic_scRNA-Seq
GTTCATTTCGCTGTCT-1_2,13.716327,7.4037285,Bartosovic_scRNA-Seq
GTTCCGTCAATTGTGC-1_2,-0.86316186,11.227218,Bartosovic_scRNA-Seq
GTTCCGTCACAATGTC-1_2,-0.64610153,12.498216,Bartosovic_scRNA-Seq
GTTCCGTGTACTAAGA-1_2,9.525904,-7.164811,Bartosovic_scRNA-Seq
GTTCGCTAGAGCCGTA-1_2,0.9953216,12.435085,Bartosovic_scRNA-Seq
GTTCGCTAGCGACAGT-1_2,-7.1080556,8.307841,Bartosovic_scRNA-Seq
GTTCTATAGGCTGGAT-1_2,-0.66932255,12.753714,Bartosovic_scRNA-Seq
GTTGAACCACTGGATT-1_2,11.9675455,9.376674,Bartosovic_scRNA-Seq
GTTGAACGTCTAGGCC-1_2,-4.233793,-2.2164643,Bartosovic_scRNA-Seq
GTTGAACTCGGTCTAA-1_2,6.0252366,4.4364896,Bartosovic_scRNA-Seq
GTTGCGGAGGTTGACG-1_2,15.273408,6.8395786,Bartosovic_scRNA-Seq
GTTGCTCAGCAATAGT-1_2,-1.2447293,-10.039241,Bartosovic_scRNA-Seq
GTTGTAGAGCACGTCC-1_2,-0.21418528,11.61462,Bartosovic_scRNA-Seq
GTTGTCCCAACGCATT-1_2,14.279257,8.061055,Bartosovic_scRNA-Seq
GTTGTCCCAATGAGCG-1_2,10.027072,7.07176,Bartosovic_scRNA-Seq
GTTGTCCGTCCACAGC-1_2,-0.73025733,13.597214,Bartosovic_scRNA-Seq
GTTGTCCGTGTCCTAA-1_2,12.592917,3.454227,Bartosovic_scRNA-Seq
GTTGTGACAGAGTGTG-1_2,-1.193712,10.706629,Bartosovic_scRNA-Seq
GTTGTGACATCTGTTT-1_2,0.05349855,14.107074,Bartosovic_scRNA-Seq
GTTGTGAGTCCACATA-1_2,-1.0861332,11.304131,Bartosovic_scRNA-Seq
GTTGTGAGTCGAGATG-1_2,10.507438,7.2936163,Bartosovic_scRNA-Seq
GTTTACTAGCGTATAA-1_2,11.050382,8.659357,Bartosovic_scRNA-Seq
GTTTACTAGTCCCGGT-1_2,-0.85292065,-7.077696,Bartosovic_scRNA-Seq
GTTTACTCAGTCTTCC-1_2,9.392982,-6.4111915,Bartosovic_scRNA-Seq
GTTTACTTCACGAGGA-1_2,6.726244,4.073816,Bartosovic_scRNA-Seq
GTTTACTTCCATATGG-1_2,1.1031865,13.743803,Bartosovic_scRNA-Seq
GTTTGGAGTAGAGATT-1_2,14.386478,6.6184206,Bartosovic_scRNA-Seq
GTTTGGATCCACAGGC-1_2,-0.8393127,12.99924,Bartosovic_scRNA-Seq
TAACACGGTCGAGTTT-1_2,12.954373,9.906525,Bartosovic_scRNA-Seq
TAACACGTCAAGCTGT-1_2,10.203143,-6.1538267,Bartosovic_scRNA-Seq
TAACCAGTCCATTGGA-1_2,12.717079,8.067207,Bartosovic_scRNA-Seq
TAACGACGTAGGCAAC-1_2,-1.3643687,11.12965,Bartosovic_scRNA-Seq
TAACGACTCGTCCTTG-1_2,12.072759,9.69251,Bartosovic_scRNA-Seq
TAACTTCAGACATATG-1_2,-1.3393234,12.189666,Bartosovic_scRNA-Seq
TAACTTCCAGGGTCTC-1_2,-4.460069,-1.8179185,Bartosovic_scRNA-Seq
TAACTTCGTAACCCTA-1_2,13.004793,7.8365216,Bartosovic_scRNA-Seq
TAACTTCGTACGAGTG-1_2,1.4293717,13.1372795,Bartosovic_scRNA-Seq
TAACTTCGTTAGAAAC-1_2,12.43258,8.285311,Bartosovic_scRNA-Seq
TAACTTCGTTGAGAGC-1_2,12.282113,3.8866522,Bartosovic_scRNA-Seq
TAACTTCTCGCCGAAC-1_2,-2.8779771,-2.1173546,Bartosovic_scRNA-Seq
TAAGCACAGAAGTCCG-1_2,13.000474,7.09631,Bartosovic_scRNA-Seq
TAAGCACAGTTTAGGA-1_2,11.632071,8.082814,Bartosovic_scRNA-Seq
TAAGCACTCACTGGGC-1_2,10.465718,6.7673864,Bartosovic_scRNA-Seq
TAAGCACTCGATAACC-1_2,-1.2452734,13.814523,Bartosovic_scRNA-Seq
TAAGCACTCGCCAACG-1_2,2.673792,-4.0848513,Bartosovic_scRNA-Seq
TAAGCACTCTCTCGAC-1_2,12.94305,7.3275323,Bartosovic_scRNA-Seq
TAAGCACTCTGATGGT-1_2,12.202833,7.440839,Bartosovic_scRNA-Seq
TAAGCCAGTCATGACT-1_2,11.797351,6.7065363,Bartosovic_scRNA-Seq
TAAGCGTAGTGGAAGA-1_2,1.3300864,-4.910805,Bartosovic_scRNA-Seq
TAAGCGTCACACCGCA-1_2,12.686969,7.843269,Bartosovic_scRNA-Seq
TAAGCGTGTCTTCGAA-1_2,9.892778,6.991387,Bartosovic_scRNA-Seq
TAAGCGTTCTACTATC-1_2,0.10143831,14.786936,Bartosovic_scRNA-Seq
TAAGTCGGTACGCGTC-1_2,-3.3773599,-2.2722383,Bartosovic_scRNA-Seq
TAAGTCGTCGCCAGAC-1_2,-0.8896855,12.429931,Bartosovic_scRNA-Seq
TAATCTCCAAGCTGTT-1_2,9.396641,-6.896089,Bartosovic_scRNA-Seq
TAATCTCCAGAGTGTG-1_2,-0.10292583,11.354391,Bartosovic_scRNA-Seq
TAATCTCCATCCTTCG-1_2,0.74090475,-11.333881,Bartosovic_scRNA-Seq
TAATCTCGTGAATAAC-1_2,13.422809,5.9473095,Bartosovic_scRNA-Seq
TAATTCCAGTGACACG-1_2,0.027988514,14.546481,Bartosovic_scRNA-Seq
TAATTCCCATGTCGTA-1_2,12.269131,4.042009,Bartosovic_scRNA-Seq
TAATTCCGTCCAGAAG-1_2,13.337384,8.683381,Bartosovic_scRNA-Seq
TAATTCCGTTCCTAAG-1_2,13.355762,8.752057,Bartosovic_scRNA-Seq
TAATTCCTCAGCTCTC-1_2,14.336107,9.090938,Bartosovic_scRNA-Seq
TACAACGCACCCGTAG-1_2,13.732658,7.40008,Bartosovic_scRNA-Seq
TACAACGCAGTTGCGC-1_2,-4.50114,-2.4399874,Bartosovic_scRNA-Seq
TACAACGCATGCACTA-1_2,-8.178821,8.897354,Bartosovic_scRNA-Seq
TACAGGTGTCGGCACT-1_2,11.596589,6.7058425,Bartosovic_scRNA-Seq
TACAGGTTCGGCTGTG-1_2,12.944189,4.9170594,Bartosovic_scRNA-Seq
TACAGGTTCGTCACCT-1_2,0.82941705,14.000041,Bartosovic_scRNA-Seq
TACATTCAGAGTGAAG-1_2,13.629226,5.067597,Bartosovic_scRNA-Seq
TACATTCCAACTTGCA-1_2,0.64240336,12.372896,Bartosovic_scRNA-Seq
TACATTCCACTGGAAG-1_2,0.7676743,14.393027,Bartosovic_scRNA-Seq
TACATTCGTAGAGTTA-1_2,9.25461,-6.821998,Bartosovic_scRNA-Seq
TACATTCGTCATATGC-1_2,12.420242,8.5953665,Bartosovic_scRNA-Seq
TACATTCTCCAGCCTT-1_2,-1.4798672,12.838898,Bartosovic_scRNA-Seq
TACCCACCATGTTCGA-1_2,12.783981,7.328014,Bartosovic_scRNA-Seq
TACCCACGTCTACATG-1_2,10.693356,9.512028,Bartosovic_scRNA-Seq
TACCCACTCGTCAGAT-1_2,10.44836,7.7099547,Bartosovic_scRNA-Seq
TACCCACTCTGTAACG-1_2,0.25845298,13.737123,Bartosovic_scRNA-Seq
TACCCGTAGACCTGGA-1_2,12.689842,7.3560967,Bartosovic_scRNA-Seq
TACCCGTAGTACTGTC-1_2,-3.3376813,-0.6480608,Bartosovic_scRNA-Seq
TACCCGTAGTTGGAAT-1_2,-0.14306629,13.81617,Bartosovic_scRNA-Seq
TACCCGTCACCTGTCT-1_2,0.15796049,14.778794,Bartosovic_scRNA-Seq
TACCCGTGTCTCGACG-1_2,1.1927016,11.494278,Bartosovic_scRNA-Seq
TACCCGTTCCGAGAAG-1_2,9.5635605,-8.169736,Bartosovic_scRNA-Seq
TACCGAACATGTAACC-1_2,14.141821,6.516605,Bartosovic_scRNA-Seq
TACCGAATCTTCGGTC-1_2,10.968923,7.928118,Bartosovic_scRNA-Seq
TACCGGGGTTGCAAGG-1_2,11.788173,9.602429,Bartosovic_scRNA-Seq
TACCGGGTCAGATGCT-1_2,0.42843333,11.3427725,Bartosovic_scRNA-Seq
TACCGGGTCGCAAGAG-1_2,12.822071,5.7385163,Bartosovic_scRNA-Seq
TACCTCGCAGCCCACA-1_2,14.456312,7.4295344,Bartosovic_scRNA-Seq
TACCTCGGTTGCCGCA-1_2,11.843879,9.047773,Bartosovic_scRNA-Seq
TACCTGCCAAGATCCT-1_2,1.3517715,13.278799,Bartosovic_scRNA-Seq
TACCTGCGTTCTGACA-1_2,0.2444457,-10.891089,Bartosovic_scRNA-Seq
TACGCTCCAACGACTT-1_2,12.899334,9.08396,Bartosovic_scRNA-Seq
TACGCTCCATCTTCGC-1_2,15.637377,7.3539824,Bartosovic_scRNA-Seq
TACGCTCTCCTACTGC-1_2,-0.9372532,12.119292,Bartosovic_scRNA-Seq
TACGCTCTCGTCCATC-1_2,9.859336,-6.511612,Bartosovic_scRNA-Seq
TACGGGCAGTCGCCAC-1_2,-0.92684764,13.736862,Bartosovic_scRNA-Seq
TACGGGCCACGCTGTG-1_2,12.124239,7.278529,Bartosovic_scRNA-Seq
TACGGGCCACGTAGAG-1_2,14.454847,8.41246,Bartosovic_scRNA-Seq
TACGGGCTCTTCGATT-1_2,13.2652855,6.2897315,Bartosovic_scRNA-Seq
TACGGTAAGGTAAAGG-1_2,0.06573851,-11.757661,Bartosovic_scRNA-Seq
TACGGTACATCGCCTT-1_2,12.478735,9.726132,Bartosovic_scRNA-Seq
TACGTCCCAGGAACCA-1_2,-4.717789,-1.7357292,Bartosovic_scRNA-Seq
TACGTCCTCAAATGAG-1_2,11.882236,7.761126,Bartosovic_scRNA-Seq
TACGTCCTCTCGTTTA-1_2,-1.0312322,13.700762,Bartosovic_scRNA-Seq
TACTGCCTCAATCTCT-1_2,-1.1333036,13.767157,Bartosovic_scRNA-Seq
TACTTCAAGTCCTACA-1_2,0.33209148,13.270859,Bartosovic_scRNA-Seq
TACTTGTCAATAGTAG-1_2,11.675214,7.7569704,Bartosovic_scRNA-Seq
TACTTGTGTTGGAGAC-1_2,11.459792,9.833162,Bartosovic_scRNA-Seq
TACTTGTTCATGGTAC-1_2,-0.7720844,13.206378,Bartosovic_scRNA-Seq
TAGACCAAGCAATTCC-1_2,13.83685,7.9377275,Bartosovic_scRNA-Seq
TAGACCATCTGCTCTG-1_2,8.624839,-6.9826856,Bartosovic_scRNA-Seq
TAGACTGAGCACTAGG-1_2,14.101591,7.5085597,Bartosovic_scRNA-Seq
TAGACTGTCACGTCCT-1_2,-0.8641015,14.286369,Bartosovic_scRNA-Seq
TAGAGTCCATAATGCC-1_2,12.8827095,8.298908,Bartosovic_scRNA-Seq
TAGATCGCAATCGTCA-1_2,11.655537,7.6670647,Bartosovic_scRNA-Seq
TAGATCGCAGCGCTTG-1_2,0.7026726,11.996979,Bartosovic_scRNA-Seq
TAGCACAAGCTTAGTC-1_2,-1.8230379,11.480512,Bartosovic_scRNA-Seq
TAGGAGGAGTCTAGCT-1_2,0.6928015,-11.562783,Bartosovic_scRNA-Seq
TAGGAGGGTAAGCGGT-1_2,11.929322,5.232838,Bartosovic_scRNA-Seq
TAGGAGGGTTAAACCC-1_2,15.175284,6.9696507,Bartosovic_scRNA-Seq
TAGGAGGGTTTGTTGG-1_2,8.632029,-7.1345863,Bartosovic_scRNA-Seq
TAGGAGGTCGTTATCT-1_2,8.815597,-6.415334,Bartosovic_scRNA-Seq
TAGGGTTAGACATGCG-1_2,-7.2829356,7.9524527,Bartosovic_scRNA-Seq
TAGGGTTAGTTGGACG-1_2,-4.5730114,-2.2147458,Bartosovic_scRNA-Seq
TAGGGTTCATGACAAA-1_2,14.102265,5.600781,Bartosovic_scRNA-Seq
TAGGTACCAGCACCCA-1_2,12.764117,3.2106283,Bartosovic_scRNA-Seq
TAGGTACGTGTAGCAG-1_2,9.105895,-6.6167827,Bartosovic_scRNA-Seq
TAGGTACGTTCTCTAT-1_2,0.5929291,-12.704013,Bartosovic_scRNA-Seq
TAGGTTGAGGTGAGCT-1_2,8.918405,-6.8239465,Bartosovic_scRNA-Seq
TAGGTTGGTGAGTTTC-1_2,12.06759,6.809613,Bartosovic_scRNA-Seq
TAGTGCAAGCAGATAT-1_2,15.118923,8.9361105,Bartosovic_scRNA-Seq
TAGTGCAGTAACCAGG-1_2,-3.963201,-2.7987895,Bartosovic_scRNA-Seq
TAGTGCAGTGACATCT-1_2,7.104362,4.4306164,Bartosovic_scRNA-Seq
TAGTGCAGTGAGATCG-1_2,1.4512178,11.446028,Bartosovic_scRNA-Seq
TAGTGCAGTGCCGTTG-1_2,12.196438,6.0894547,Bartosovic_scRNA-Seq
TAGTGCATCATCGGGC-1_2,11.528818,7.1963944,Bartosovic_scRNA-Seq
TATACCTAGCACACCC-1_2,-8.400697,8.165788,Bartosovic_scRNA-Seq
TATACCTCACGTAGTT-1_2,13.321805,7.776579,Bartosovic_scRNA-Seq
TATACCTGTCGCACAC-1_2,0.17409319,13.849833,Bartosovic_scRNA-Seq
TATACCTTCAAGAATG-1_2,8.561011,-5.9931073,Bartosovic_scRNA-Seq
TATATCCAGCTGAAGC-1_2,12.230955,9.252915,Bartosovic_scRNA-Seq
TATATCCCAGTTCCAA-1_2,-1.0255808,-12.660268,Bartosovic_scRNA-Seq
TATATCCCATAATCCG-1_2,12.68075,6.9611816,Bartosovic_scRNA-Seq
TATATCCGTACGAGTG-1_2,13.029312,7.487737,Bartosovic_scRNA-Seq
TATATCCTCTTTCCAA-1_2,12.32278,5.990435,Bartosovic_scRNA-Seq
TATCAGGAGCGTCTGC-1_2,0.50508404,10.091863,Bartosovic_scRNA-Seq
TATCAGGAGGTATCTC-1_2,9.844037,-7.087423,Bartosovic_scRNA-Seq
TATCAGGCATCCTCAC-1_2,5.900323,4.423967,Bartosovic_scRNA-Seq
TATCAGGTCTGCGGAC-1_2,-0.9110333,-7.5178604,Bartosovic_scRNA-Seq
TATCCTACAACGTTAC-1_2,11.971423,9.946096,Bartosovic_scRNA-Seq
TATCCTAGTATCTTCT-1_2,13.74404,5.6565237,Bartosovic_scRNA-Seq
TATCCTAGTTAGGGTG-1_2,11.6952,6.5167823,Bartosovic_scRNA-Seq
TATCCTATCGTGCATA-1_2,13.31766,7.011414,Bartosovic_scRNA-Seq
TATCGCCCAGATACCT-1_2,-1.8305303,11.822493,Bartosovic_scRNA-Seq
TATCGCCCATCCCACT-1_2,-0.8858113,13.78371,Bartosovic_scRNA-Seq
TATCTGTAGCTACTGT-1_2,-0.949824,13.435509,Bartosovic_scRNA-Seq
TATCTGTTCGCGAAGA-1_2,11.084324,7.696562,Bartosovic_scRNA-Seq
TATCTGTTCTTCCAGC-1_2,-8.497744,8.637822,Bartosovic_scRNA-Seq
TATGTTCCAAAGGCAC-1_2,10.34929,-7.989463,Bartosovic_scRNA-Seq
TATGTTCGTGACACGA-1_2,13.385755,5.3699064,Bartosovic_scRNA-Seq
TATGTTCTCCGGACTG-1_2,13.054906,9.689813,Bartosovic_scRNA-Seq
TATGTTCTCGCAAGAG-1_2,9.112067,-7.780009,Bartosovic_scRNA-Seq
TATGTTCTCGGTGTTA-1_2,12.595922,8.66807,Bartosovic_scRNA-Seq
TATTCCAAGATCCGAG-1_2,0.29238355,10.488919,Bartosovic_scRNA-Seq
TATTCCAGTACTCAAC-1_2,12.680231,7.18299,Bartosovic_scRNA-Seq
TATTCCATCTCTGCCA-1_2,13.162477,8.301721,Bartosovic_scRNA-Seq
TATTGCTGTGGGTCAA-1_2,6.132589,4.009953,Bartosovic_scRNA-Seq
TATTGGGAGAAGCCAC-1_2,10.106019,-7.966399,Bartosovic_scRNA-Seq
TATTGGGCATGCTGCG-1_2,2.0842218,-4.8506675,Bartosovic_scRNA-Seq
TATTGGGGTCATAACC-1_2,14.243846,9.539607,Bartosovic_scRNA-Seq
TATTGGGTCCCGAGGT-1_2,11.47386,10.023262,Bartosovic_scRNA-Seq
TATTGGGTCTCGAACA-1_2,13.611792,9.543835,Bartosovic_scRNA-Seq
TATTTCGCATGAAGGC-1_2,9.32791,-7.6387258,Bartosovic_scRNA-Seq
TATTTCGGTGGTGATG-1_2,5.246761,4.547127,Bartosovic_scRNA-Seq
TATTTCGTCAAGTGGG-1_2,0.60726553,11.292919,Bartosovic_scRNA-Seq
TATTTCGTCCGAGAAG-1_2,13.9209585,8.667936,Bartosovic_scRNA-Seq
TCAAGCACAAATTGCC-1_2,0.12516652,11.619915,Bartosovic_scRNA-Seq
TCAAGCACACTCCTGT-1_2,13.362914,7.430499,Bartosovic_scRNA-Seq
TCAAGCACATCTTAGG-1_2,11.657288,8.489543,Bartosovic_scRNA-Seq
TCAAGCAGTCCAACGC-1_2,14.8893385,5.786524,Bartosovic_scRNA-Seq
TCAAGCAGTCCCAAAT-1_2,12.932431,8.300807,Bartosovic_scRNA-Seq
TCAAGTGAGTAGATCA-1_2,11.304646,5.9973464,Bartosovic_scRNA-Seq
TCAAGTGCAATTGAGA-1_2,-0.2321273,-6.8596983,Bartosovic_scRNA-Seq
TCAAGTGGTAATGCTC-1_2,-1.9751048,11.831493,Bartosovic_scRNA-Seq
TCAAGTGGTACTCAAC-1_2,11.816204,8.601132,Bartosovic_scRNA-Seq
TCAAGTGGTCACGCTG-1_2,2.756395,-3.874967,Bartosovic_scRNA-Seq
TCAAGTGGTCCACATA-1_2,12.521303,6.285806,Bartosovic_scRNA-Seq
TCAATCTAGACATACA-1_2,-3.047472,-2.2229846,Bartosovic_scRNA-Seq
TCAATCTAGATCCTAC-1_2,-4.151938,-2.515586,Bartosovic_scRNA-Seq
TCAATCTAGCAACTCT-1_2,0.3718321,13.642981,Bartosovic_scRNA-Seq
TCAATCTAGTTCTACG-1_2,12.3571825,7.377149,Bartosovic_scRNA-Seq
TCAATCTCATATCGGT-1_2,14.393579,8.572747,Bartosovic_scRNA-Seq
TCAATCTGTATCGTAC-1_2,-0.6761676,10.022662,Bartosovic_scRNA-Seq
TCAATTCAGGCATCAG-1_2,13.351471,7.501034,Bartosovic_scRNA-Seq
TCAATTCCATCGCTAA-1_2,12.613277,8.536181,Bartosovic_scRNA-Seq
TCACAAGAGGCATTTC-1_2,0.053412005,14.397995,Bartosovic_scRNA-Seq
TCACAAGCACTGAGGA-1_2,12.598541,7.171447,Bartosovic_scRNA-Seq
TCACAAGCAGGTCTCG-1_2,13.680834,8.207311,Bartosovic_scRNA-Seq
TCACAAGGTCGGTGTC-1_2,13.029262,9.2161665,Bartosovic_scRNA-Seq
TCACAAGTCCATTCAT-1_2,-1.4316891,12.642756,Bartosovic_scRNA-Seq
TCACACCCAACTCATG-1_2,14.570837,6.697689,Bartosovic_scRNA-Seq
TCACACCGTATCCCAA-1_2,12.4513035,8.036528,Bartosovic_scRNA-Seq
TCACACCTCACTTATC-1_2,-4.3930993,-1.1039263,Bartosovic_scRNA-Seq
TCACACCTCATGTCTT-1_2,0.7423262,14.233732,Bartosovic_scRNA-Seq
TCACATTAGGGTTGCA-1_2,3.6898904,-4.3851504,Bartosovic_scRNA-Seq
TCACATTCACAGTGAG-1_2,0.9686507,12.462243,Bartosovic_scRNA-Seq
TCACATTTCCGATCGG-1_2,12.852615,4.597219,Bartosovic_scRNA-Seq
TCACATTTCGAAACAA-1_2,11.994392,9.900707,Bartosovic_scRNA-Seq
TCACATTTCGAACGGA-1_2,-0.034541786,14.911493,Bartosovic_scRNA-Seq
TCACGCTCAATCGCAT-1_2,1.6330646,12.066272,Bartosovic_scRNA-Seq
TCACGCTTCACCTTGC-1_2,12.104796,8.330854,Bartosovic_scRNA-Seq
TCACGGGTCTGTTCAT-1_2,-0.46206996,11.120316,Bartosovic_scRNA-Seq
TCACTATAGGGTTAAT-1_2,11.854652,9.568503,Bartosovic_scRNA-Seq
TCACTATCACTGAGGA-1_2,11.450952,7.539603,Bartosovic_scRNA-Seq
TCACTATGTGGGCTCT-1_2,-1.3705956,11.13957,Bartosovic_scRNA-Seq
TCACTATTCGCGTCGA-1_2,13.289066,4.951776,Bartosovic_scRNA-Seq
TCACTCGAGAGGGTAA-1_2,13.13943,8.738218,Bartosovic_scRNA-Seq
TCACTCGAGAGTGGCT-1_2,-4.6499753,-1.9729183,Bartosovic_scRNA-Seq
TCACTCGCATTGGCAT-1_2,13.682824,8.360509,Bartosovic_scRNA-Seq
TCAGCAACAACTTGGT-1_2,11.132773,8.286002,Bartosovic_scRNA-Seq
TCAGCAATCCTGGCTT-1_2,-0.6988704,12.961753,Bartosovic_scRNA-Seq
TCAGCAATCCTTGAAG-1_2,13.78371,8.11127,Bartosovic_scRNA-Seq
TCAGCAATCGTGACTA-1_2,12.8469305,4.75833,Bartosovic_scRNA-Seq
TCAGCCTCACGCCACA-1_2,13.5911875,8.939703,Bartosovic_scRNA-Seq
TCAGCCTCATCCGAAT-1_2,11.843492,8.99027,Bartosovic_scRNA-Seq
TCAGCCTTCGGCTGGT-1_2,-0.37854874,14.078792,Bartosovic_scRNA-Seq
TCAGGGCCAAACTCTG-1_2,11.78008,9.411565,Bartosovic_scRNA-Seq
TCAGGGCCAGGTGAGT-1_2,0.1296576,14.310628,Bartosovic_scRNA-Seq
TCAGGGCGTAGCTAAA-1_2,1.4638431,-4.3316646,Bartosovic_scRNA-Seq
TCAGGTAAGGGCTGAT-1_2,-0.53370607,-11.33418,Bartosovic_scRNA-Seq
TCAGGTAGTAGCGATG-1_2,0.92587095,13.62792,Bartosovic_scRNA-Seq
TCAGGTAGTCGTCGGT-1_2,13.720757,6.4732714,Bartosovic_scRNA-Seq
TCAGGTATCTAACGCA-1_2,-1.0064211,12.9710045,Bartosovic_scRNA-Seq
TCAGGTATCTTTCGAT-1_2,11.882115,9.565883,Bartosovic_scRNA-Seq
TCAGTCCAGACCGCCT-1_2,13.877933,7.706102,Bartosovic_scRNA-Seq
TCAGTCCAGGAACATT-1_2,12.933249,9.559592,Bartosovic_scRNA-Seq
TCAGTCCCACGGGTAA-1_2,-0.20630358,10.320836,Bartosovic_scRNA-Seq
TCAGTGATCTCGAACA-1_2,10.610477,6.0082235,Bartosovic_scRNA-Seq
TCAGTTTAGTCACAGG-1_2,-0.21318616,14.661389,Bartosovic_scRNA-Seq
TCAGTTTCAGAGAATT-1_2,-1.4968132,13.041741,Bartosovic_scRNA-Seq
TCAGTTTCATACTGAC-1_2,-7.7299786,8.648592,Bartosovic_scRNA-Seq
TCAGTTTGTAATGATG-1_2,13.141606,10.014536,Bartosovic_scRNA-Seq
TCAGTTTGTGGGTATG-1_2,11.357729,7.5740795,Bartosovic_scRNA-Seq
TCAGTTTTCAAATGAG-1_2,9.671261,-7.161614,Bartosovic_scRNA-Seq
TCATACTCAAGACGGT-1_2,11.451265,5.5806723,Bartosovic_scRNA-Seq
TCATACTTCGAGAAAT-1_2,-0.24781774,11.9672785,Bartosovic_scRNA-Seq
TCATATCGTGCCCACA-1_2,6.985415,4.146325,Bartosovic_scRNA-Seq
TCATCATAGTACAGAT-1_2,13.383082,4.5989003,Bartosovic_scRNA-Seq
TCATCATAGTAGCTCT-1_2,-1.0664073,13.473387,Bartosovic_scRNA-Seq
TCATCATGTGAGATCG-1_2,0.2078611,10.180946,Bartosovic_scRNA-Seq
TCATCCGCACCTCAGG-1_2,6.162951,3.968342,Bartosovic_scRNA-Seq
TCATCCGTCTTCCAGC-1_2,14.356301,8.374665,Bartosovic_scRNA-Seq
TCATGAGAGAGCCGAT-1_2,-4.199331,-1.1625292,Bartosovic_scRNA-Seq
TCATGAGAGTACCCTA-1_2,-1.547134,10.135073,Bartosovic_scRNA-Seq
TCATGAGCATGGCTAT-1_2,-1.8399022,12.392388,Bartosovic_scRNA-Seq
TCATGAGGTATCGTGT-1_2,11.770097,5.813967,Bartosovic_scRNA-Seq
TCATGAGTCAACTACG-1_2,10.170055,-7.7971992,Bartosovic_scRNA-Seq
TCATGAGTCATGCTAG-1_2,0.010044768,10.492545,Bartosovic_scRNA-Seq
TCATGCCCAAGTCGTT-1_2,13.140503,7.5667543,Bartosovic_scRNA-Seq
TCATGCCTCCGCAGTG-1_2,1.2469803,13.471774,Bartosovic_scRNA-Seq
TCATGCCTCGCCAATA-1_2,13.006119,4.750872,Bartosovic_scRNA-Seq
TCATGGACAAGGGTCA-1_2,13.1556835,4.466997,Bartosovic_scRNA-Seq
TCATGGACAATCCTTT-1_2,11.273304,8.225839,Bartosovic_scRNA-Seq
TCATGGAGTTCAAAGA-1_2,-8.505854,8.927535,Bartosovic_scRNA-Seq
TCATGGATCAGACCCG-1_2,14.517047,9.37821,Bartosovic_scRNA-Seq
TCATGTTCAGACTGCC-1_2,11.962994,4.4487667,Bartosovic_scRNA-Seq
TCATGTTTCTCCATAT-1_2,3.225447,-3.9380853,Bartosovic_scRNA-Seq
TCATTACCAGCTTTGA-1_2,13.356489,8.148797,Bartosovic_scRNA-Seq
TCATTACTCTCAACCC-1_2,-0.13083787,14.694466,Bartosovic_scRNA-Seq
TCATTCAAGACGCCAA-1_2,11.51386,6.7918015,Bartosovic_scRNA-Seq
TCATTCAAGAGGATCC-1_2,14.2764,9.270402,Bartosovic_scRNA-Seq
TCATTCACAGCTGAGA-1_2,0.78290635,11.479882,Bartosovic_scRNA-Seq
TCATTGTGTAGGAGTC-1_2,-3.9363992,-2.9808564,Bartosovic_scRNA-Seq
TCATTGTGTGCCGAAA-1_2,14.263882,9.297519,Bartosovic_scRNA-Seq
TCATTGTGTTAAAGTG-1_2,10.357122,7.41009,Bartosovic_scRNA-Seq
TCATTGTTCGGTAACT-1_2,0.24887908,11.1148405,Bartosovic_scRNA-Seq
TCATTTGAGGGCTAAC-1_2,14.353643,8.418662,Bartosovic_scRNA-Seq
TCATTTGCAGATCCAT-1_2,12.434142,6.586105,Bartosovic_scRNA-Seq
TCATTTGGTAGTTAGA-1_2,12.852496,6.6173396,Bartosovic_scRNA-Seq
TCATTTGGTCCTCCAT-1_2,-1.8802541,13.113106,Bartosovic_scRNA-Seq
TCATTTGGTGTCTAAC-1_2,13.759979,9.396498,Bartosovic_scRNA-Seq
TCCACCAAGAACCCGA-1_2,-0.5195025,12.881926,Bartosovic_scRNA-Seq
TCCACCAAGCTGAAGC-1_2,-8.5001545,8.427022,Bartosovic_scRNA-Seq
TCCACCAGTGCCGTTG-1_2,-4.2108116,-1.2480279,Bartosovic_scRNA-Seq
TCCACCAGTTTACGTG-1_2,-0.8752831,11.540195,Bartosovic_scRNA-Seq
TCCACCATCCTCTCTT-1_2,12.140095,9.386062,Bartosovic_scRNA-Seq
TCCACGTAGGGTGAGG-1_2,4.9760375,4.2804375,Bartosovic_scRNA-Seq
TCCACGTCAGTCCGTG-1_2,0.64692134,14.86041,Bartosovic_scRNA-Seq
TCCACGTGTAGCTAAA-1_2,13.363775,4.273928,Bartosovic_scRNA-Seq
TCCACGTGTCACAGTT-1_2,-1.0932167,-11.986294,Bartosovic_scRNA-Seq
TCCAGAACAGATAAAC-1_2,12.106333,5.470003,Bartosovic_scRNA-Seq
TCCAGAAGTTGTGCAT-1_2,-1.3676798,-10.9582405,Bartosovic_scRNA-Seq
TCCATCGAGCGACTTT-1_2,11.60527,8.545109,Bartosovic_scRNA-Seq
TCCATCGCATGCACTA-1_2,-3.89977,-2.0443456,Bartosovic_scRNA-Seq
TCCATCGGTCATATGC-1_2,-0.75082856,12.742378,Bartosovic_scRNA-Seq
TCCATGCAGGGAGGCA-1_2,12.165904,8.539493,Bartosovic_scRNA-Seq
TCCCACAAGCAGTAAT-1_2,11.355797,6.746264,Bartosovic_scRNA-Seq
TCCCACAAGGAGAATG-1_2,14.237525,9.210557,Bartosovic_scRNA-Seq
TCCCACACACCCGTAG-1_2,12.407342,6.742216,Bartosovic_scRNA-Seq
TCCCACAGTATGTCCA-1_2,-0.25093445,12.85126,Bartosovic_scRNA-Seq
TCCCACAGTTGGGTTT-1_2,11.789298,9.680317,Bartosovic_scRNA-Seq
TCCCACATCACAATGC-1_2,-0.9587035,-7.5134363,Bartosovic_scRNA-Seq
TCCCACATCATATGGC-1_2,8.960781,-7.5611544,Bartosovic_scRNA-Seq
TCCCACATCTAGCATG-1_2,11.237553,9.680897,Bartosovic_scRNA-Seq
TCCCACATCTATTGTC-1_2,-8.019191,8.411396,Bartosovic_scRNA-Seq
TCCCAGTAGTGGTGAC-1_2,3.907824,-3.1978657,Bartosovic_scRNA-Seq
TCCCAGTTCGTGGTAT-1_2,-0.2210638,11.718854,Bartosovic_scRNA-Seq
TCCCATGTCTTCACGC-1_2,6.7183814,3.9429786,Bartosovic_scRNA-Seq
TCCGAAAAGCCTTGAT-1_2,11.35725,7.2674017,Bartosovic_scRNA-Seq
TCCGAAATCGTTCAGA-1_2,-1.1089873,12.8458805,Bartosovic_scRNA-Seq
TCCGAAATCTCCGATC-1_2,10.543782,8.52518,Bartosovic_scRNA-Seq
TCCGATCAGCTAAATG-1_2,-4.5423665,-1.8600974,Bartosovic_scRNA-Seq
TCCGATCAGGTCATTC-1_2,1.0461619,-11.446261,Bartosovic_scRNA-Seq
TCCGATCCACCAGTTA-1_2,1.3269088,13.985161,Bartosovic_scRNA-Seq
TCCGATCCATTCGGGC-1_2,0.8298994,-3.7271638,Bartosovic_scRNA-Seq
TCCGGGAAGGAAGAAC-1_2,14.793561,8.687522,Bartosovic_scRNA-Seq
TCCGGGAGTGTTCCAA-1_2,-0.020493174,12.364368,Bartosovic_scRNA-Seq
TCCGTGTGTAGATCGG-1_2,1.5363734,12.4292755,Bartosovic_scRNA-Seq
TCCGTGTTCAAACTGC-1_2,9.556879,-6.435727,Bartosovic_scRNA-Seq
TCCGTGTTCTTTGGAG-1_2,11.7472315,7.8208413,Bartosovic_scRNA-Seq
TCCTAATAGAGGTCGT-1_2,14.690748,6.2383127,Bartosovic_scRNA-Seq
TCCTAATAGCTACTAC-1_2,-0.49380854,13.999897,Bartosovic_scRNA-Seq
TCCTAATAGGTGCATG-1_2,-0.40700674,10.557119,Bartosovic_scRNA-Seq
TCCTAATTCGACCAAT-1_2,-0.46053037,11.42362,Bartosovic_scRNA-Seq
TCCTAATTCTTTCTAG-1_2,-4.545501,-1.2655398,Bartosovic_scRNA-Seq
TCCTCCCTCTAACGGT-1_2,13.003514,7.292794,Bartosovic_scRNA-Seq
TCCTCGATCCTTTGAT-1_2,13.462292,7.190193,Bartosovic_scRNA-Seq
TCCTCTTAGACAAGCC-1_2,-7.5031033,8.226109,Bartosovic_scRNA-Seq
TCCTCTTCAAATCAGA-1_2,10.830483,7.1245465,Bartosovic_scRNA-Seq
TCCTCTTGTGGCTGAA-1_2,-1.4502105,12.416912,Bartosovic_scRNA-Seq
TCCTCTTTCTTTCTAG-1_2,0.41594946,13.303946,Bartosovic_scRNA-Seq
TCCTGCAAGCTATCCA-1_2,12.823515,8.192787,Bartosovic_scRNA-Seq
TCCTGCAGTCCTTAAG-1_2,12.182515,9.683661,Bartosovic_scRNA-Seq
TCCTGCAGTTAGAAGT-1_2,10.046469,8.906732,Bartosovic_scRNA-Seq
TCCTTCTAGCGACTAG-1_2,13.602207,8.893537,Bartosovic_scRNA-Seq
TCCTTCTAGCGCAATG-1_2,0.2242211,11.327634,Bartosovic_scRNA-Seq
TCCTTCTCAGAGATTA-1_2,12.245917,9.738374,Bartosovic_scRNA-Seq
TCCTTCTTCTCGCTTG-1_2,14.724129,8.3262415,Bartosovic_scRNA-Seq
TCCTTTCAGTGCTAGG-1_2,13.899123,7.0866995,Bartosovic_scRNA-Seq
TCCTTTCCAAATAGCA-1_2,-1.1408387,11.167021,Bartosovic_scRNA-Seq
TCCTTTCCAACCCTAA-1_2,-8.189503,9.051559,Bartosovic_scRNA-Seq
TCCTTTCTCAACGTGT-1_2,14.099955,8.53123,Bartosovic_scRNA-Seq
TCCTTTCTCCAGCTCT-1_2,-2.2403576,12.1505785,Bartosovic_scRNA-Seq
TCCTTTCTCCTTCGAC-1_2,10.953228,-7.735797,Bartosovic_scRNA-Seq
TCCTTTCTCTCCTGTG-1_2,15.112605,6.657718,Bartosovic_scRNA-Seq
TCGAACAAGCCGTTGC-1_2,12.306762,7.6541047,Bartosovic_scRNA-Seq
TCGAACAAGTTGGAAT-1_2,8.73136,-7.7735877,Bartosovic_scRNA-Seq
TCGAAGTTCGAGCCAC-1_2,14.6943,6.5689926,Bartosovic_scRNA-Seq
TCGACGGCAGGAAGTC-1_2,-7.3718147,7.9633317,Bartosovic_scRNA-Seq
TCGACGGTCTGTCGTC-1_2,10.421588,8.214935,Bartosovic_scRNA-Seq
TCGCACTCACGACGCT-1_2,13.958182,9.017397,Bartosovic_scRNA-Seq
TCGCACTCAGAGGCAT-1_2,14.246073,7.1822658,Bartosovic_scRNA-Seq
TCGCACTTCTCGTGGG-1_2,14.755304,8.522174,Bartosovic_scRNA-Seq
TCGCAGGCAAGTGGAC-1_2,14.001263,6.7810664,Bartosovic_scRNA-Seq
TCGCTCAAGCCAGACA-1_2,-0.66209793,12.965177,Bartosovic_scRNA-Seq
TCGCTCACAGAGATTA-1_2,-0.5238888,14.195057,Bartosovic_scRNA-Seq
TCGCTCACAGTTACCA-1_2,0.27503127,12.800752,Bartosovic_scRNA-Seq
TCGCTCATCGTGGCTG-1_2,9.273426,-5.6792245,Bartosovic_scRNA-Seq
TCGCTTGAGCATGATA-1_2,13.525534,5.7813773,Bartosovic_scRNA-Seq
TCGCTTGAGGTTAAAC-1_2,5.9280467,4.0503225,Bartosovic_scRNA-Seq
TCGCTTGAGTAAACTG-1_2,13.712316,6.264615,Bartosovic_scRNA-Seq
TCGCTTGAGTCAGCGA-1_2,12.263638,5.90866,Bartosovic_scRNA-Seq
TCGCTTGCATGGCCAC-1_2,14.013765,6.007714,Bartosovic_scRNA-Seq
TCGGATACAACGTTAC-1_2,-8.187196,8.998968,Bartosovic_scRNA-Seq
TCGGGACAGCAGCGAT-1_2,9.623162,-7.499,Bartosovic_scRNA-Seq
TCGGGACCACGACGCT-1_2,14.823608,8.247077,Bartosovic_scRNA-Seq
TCGGGACCATAATGCC-1_2,-8.296222,8.254286,Bartosovic_scRNA-Seq
TCGGGACTCCTATTGT-1_2,12.093443,9.856667,Bartosovic_scRNA-Seq
TCGGGACTCCTCTAAT-1_2,14.157962,8.060423,Bartosovic_scRNA-Seq
TCGGGCACACACTGGC-1_2,0.9010168,-10.75298,Bartosovic_scRNA-Seq
TCGGGCAGTTCGAGCC-1_2,9.729433,-7.029079,Bartosovic_scRNA-Seq
TCGGGCATCAGCGTCG-1_2,14.517118,5.9782968,Bartosovic_scRNA-Seq
TCGGGCATCTTCACAT-1_2,10.4911,-7.2566895,Bartosovic_scRNA-Seq
TCGGGTGCAACCCTCT-1_2,10.796204,8.516,Bartosovic_scRNA-Seq
TCGGGTGGTACTCGAT-1_2,10.224422,7.746757,Bartosovic_scRNA-Seq
TCGGGTGTCGTTGTTT-1_2,-1.945884,-12.063179,Bartosovic_scRNA-Seq
TCGGTCTAGGTTGTTC-1_2,0.85643876,-11.192953,Bartosovic_scRNA-Seq
TCGGTCTCAGAGATTA-1_2,13.687055,5.5040636,Bartosovic_scRNA-Seq
TCGGTCTGTAGCTCGC-1_2,13.208868,7.1422153,Bartosovic_scRNA-Seq
TCGGTCTGTCGATTAC-1_2,-1.8245734,11.838791,Bartosovic_scRNA-Seq
TCGGTCTTCGCGGTAC-1_2,1.4828442,-5.0945272,Bartosovic_scRNA-Seq
TCGTAGACAACAAGTA-1_2,-0.8908045,11.213535,Bartosovic_scRNA-Seq
TCGTAGACATTGAGCT-1_2,0.62944347,12.637097,Bartosovic_scRNA-Seq
TCGTCCAAGGGACTGT-1_2,14.702976,5.8449397,Bartosovic_scRNA-Seq
TCGTCCAGTAACATGA-1_2,14.606883,7.0344625,Bartosovic_scRNA-Seq
TCGTCCATCAAGCTGT-1_2,12.107111,6.4152675,Bartosovic_scRNA-Seq
TCGTGCTCAAGTATAG-1_2,12.489467,5.570889,Bartosovic_scRNA-Seq
TCGTGCTTCCACGTGG-1_2,8.740742,-6.2469583,Bartosovic_scRNA-Seq
TCGTGCTTCCGGCAAC-1_2,10.257087,8.123444,Bartosovic_scRNA-Seq
TCGTGGGCACCTTCCA-1_2,10.527667,-7.4289927,Bartosovic_scRNA-Seq
TCGTGGGGTCAACCTA-1_2,-0.91638297,10.816171,Bartosovic_scRNA-Seq
TCTAACTAGGTTTACC-1_2,6.138014,4.2822223,Bartosovic_scRNA-Seq
TCTAACTGTCAAAGTA-1_2,1.2230692,10.821972,Bartosovic_scRNA-Seq
TCTAACTTCCCATGGG-1_2,-7.789359,8.951882,Bartosovic_scRNA-Seq
TCTAACTTCTCATTGT-1_2,9.437771,-7.89141,Bartosovic_scRNA-Seq
TCTACATCAACACAGG-1_2,0.40231815,14.467112,Bartosovic_scRNA-Seq
TCTACATTCCGTTGAA-1_2,13.042541,7.8109818,Bartosovic_scRNA-Seq
TCTACATTCTACGGTA-1_2,-7.188169,8.149091,Bartosovic_scRNA-Seq
TCTACCGAGACAACAT-1_2,13.67856,9.047915,Bartosovic_scRNA-Seq
TCTACCGCACGCTGAC-1_2,-1.2436523,10.406552,Bartosovic_scRNA-Seq
TCTACCGTCGTCAACA-1_2,13.38248,8.219905,Bartosovic_scRNA-Seq
TCTATACCAATGAAAC-1_2,0.47373646,9.380657,Bartosovic_scRNA-Seq
TCTATCACAAGCGGAT-1_2,14.652898,8.256949,Bartosovic_scRNA-Seq
TCTATCAGTAGGTACG-1_2,-1.8401777,10.787253,Bartosovic_scRNA-Seq
TCTATCATCCGATAGT-1_2,0.15337701,12.932001,Bartosovic_scRNA-Seq
TCTCACGCATTGACTG-1_2,14.743408,7.9741178,Bartosovic_scRNA-Seq
TCTCACGTCGCGTGAC-1_2,-0.69879776,13.727259,Bartosovic_scRNA-Seq
TCTCAGCCAAGCCATT-1_2,-1.0907757,12.120153,Bartosovic_scRNA-Seq
TCTCAGCCACTTTAGG-1_2,13.104505,10.213,Bartosovic_scRNA-Seq
TCTCCGACACCGTCGA-1_2,9.412619,7.020572,Bartosovic_scRNA-Seq
TCTCCGACAGGCGAAT-1_2,13.192145,7.7904587,Bartosovic_scRNA-Seq
TCTCCGACATCGCTAA-1_2,11.343897,8.407527,Bartosovic_scRNA-Seq
TCTCCGAGTGATAGTA-1_2,-0.926152,11.861459,Bartosovic_scRNA-Seq
TCTCTGGAGTGCCCGT-1_2,10.638248,8.9143305,Bartosovic_scRNA-Seq
TCTCTGGCATAGAGGC-1_2,12.287615,7.303255,Bartosovic_scRNA-Seq
TCTCTGGGTCCGATCG-1_2,-7.692113,8.876583,Bartosovic_scRNA-Seq
TCTGCCAAGATACGAT-1_2,-1.5656852,12.634713,Bartosovic_scRNA-Seq
TCTGCCAAGATCCAAA-1_2,15.048083,7.438774,Bartosovic_scRNA-Seq
TCTGCCAGTGTTTCTT-1_2,4.84348,4.418285,Bartosovic_scRNA-Seq
TCTGCCATCTACCCAC-1_2,-1.4233235,-12.987556,Bartosovic_scRNA-Seq
TCTGGCTCATGCCGGT-1_2,13.742793,8.232026,Bartosovic_scRNA-Seq
TCTGGCTGTCGAGTGA-1_2,13.407382,9.83972,Bartosovic_scRNA-Seq
TCTGGCTTCAAATGCC-1_2,10.435623,-7.099681,Bartosovic_scRNA-Seq
TCTGGCTTCTGAGATC-1_2,12.293848,6.2743535,Bartosovic_scRNA-Seq
TCTGGCTTCTGCGGAC-1_2,-0.9122106,-7.76181,Bartosovic_scRNA-Seq
TCTGTCGAGAGCATTA-1_2,6.0059595,3.8560417,Bartosovic_scRNA-Seq
TCTGTCGAGCATCAGG-1_2,15.466377,7.890276,Bartosovic_scRNA-Seq
TCTGTCGCAACCAGAG-1_2,11.604592,8.14464,Bartosovic_scRNA-Seq
TCTGTCGGTCCTCATC-1_2,0.6457719,14.290082,Bartosovic_scRNA-Seq
TCTTAGTGTGTATCCA-1_2,11.835597,6.654245,Bartosovic_scRNA-Seq
TCTTAGTTCTGCTTTA-1_2,-1.5038404,13.530711,Bartosovic_scRNA-Seq
TCTTCCTAGACAACTA-1_2,-1.2947385,11.370596,Bartosovic_scRNA-Seq
TCTTCCTGTGACTGAG-1_2,13.720594,8.889392,Bartosovic_scRNA-Seq
TCTTCCTGTTTCACAG-1_2,9.803496,8.006934,Bartosovic_scRNA-Seq
TCTTGCGAGGAGGTTC-1_2,10.031381,7.1653633,Bartosovic_scRNA-Seq
TCTTGCGCAATTGCCA-1_2,14.543302,8.933922,Bartosovic_scRNA-Seq
TCTTGCGCAGTCTACA-1_2,14.024539,6.0005,Bartosovic_scRNA-Seq
TCTTTGAGTGCTCCGA-1_2,0.6312044,13.580762,Bartosovic_scRNA-Seq
TCTTTGAGTTTACGTG-1_2,-0.7296546,12.280283,Bartosovic_scRNA-Seq
TCTTTGATCCTAGCTC-1_2,11.301197,6.8360476,Bartosovic_scRNA-Seq
TGAACGTAGGACGCAT-1_2,11.2721195,6.8268085,Bartosovic_scRNA-Seq
TGAACGTAGTTGCTGT-1_2,14.279435,7.1930027,Bartosovic_scRNA-Seq
TGAACGTCAGGGCTTC-1_2,14.774661,8.4426985,Bartosovic_scRNA-Seq
TGAACGTTCCATAAGC-1_2,13.395564,5.153382,Bartosovic_scRNA-Seq
TGAATCGAGGGCCCTT-1_2,12.850161,6.9262395,Bartosovic_scRNA-Seq
TGAATCGGTAGCGTTT-1_2,-1.1373993,14.501016,Bartosovic_scRNA-Seq
TGAATCGTCTCGCTTG-1_2,-0.109241545,12.205806,Bartosovic_scRNA-Seq
TGAATCGTCTTTGCGC-1_2,14.624549,7.735921,Bartosovic_scRNA-Seq
TGAATGCAGAGTCCGA-1_2,-0.1183352,12.7777,Bartosovic_scRNA-Seq
TGAATGCCACACACTA-1_2,14.420033,8.761895,Bartosovic_scRNA-Seq
TGAATGCGTCAGACGA-1_2,0.8289605,12.252253,Bartosovic_scRNA-Seq
TGAATGCGTGCCGAAA-1_2,11.522162,8.772154,Bartosovic_scRNA-Seq
TGACAGTCAAAGGCTG-1_2,10.897362,7.089801,Bartosovic_scRNA-Seq
TGACCCTAGCTGAAGC-1_2,0.6578138,11.964378,Bartosovic_scRNA-Seq
TGACCCTAGTCTCTGA-1_2,13.156701,9.254322,Bartosovic_scRNA-Seq
TGACCCTAGTTAGTAG-1_2,-1.3912623,-12.823075,Bartosovic_scRNA-Seq
TGACCCTGTTGAAGTA-1_2,0.29526964,12.883453,Bartosovic_scRNA-Seq
TGACCCTGTTGCTCGG-1_2,11.334405,7.4282603,Bartosovic_scRNA-Seq
TGACCCTTCTTCCCAG-1_2,10.083856,-6.7442427,Bartosovic_scRNA-Seq
TGACGCGAGAAGTATC-1_2,-3.905632,-1.3284371,Bartosovic_scRNA-Seq
TGACGCGAGACTCAAA-1_2,0.70498675,12.680309,Bartosovic_scRNA-Seq
TGACGCGAGCGACTAG-1_2,3.7005048,-2.9224536,Bartosovic_scRNA-Seq
TGACGCGCACAATGCT-1_2,10.779794,7.2377343,Bartosovic_scRNA-Seq
TGACGCGGTACAGTCT-1_2,13.143977,4.5893626,Bartosovic_scRNA-Seq
TGACGCGGTCAGGCAA-1_2,-0.0008696044,13.997881,Bartosovic_scRNA-Seq
TGACGCGGTCCCTCAT-1_2,12.081155,5.61887,Bartosovic_scRNA-Seq
TGACGCGGTCCTTTGC-1_2,10.923461,-7.1984096,Bartosovic_scRNA-Seq
TGACTCCAGCTCAGAG-1_2,13.828779,6.9668174,Bartosovic_scRNA-Seq
TGACTCCCAGACGCTC-1_2,-0.45175317,11.88525,Bartosovic_scRNA-Seq
TGACTCCCATCCAACA-1_2,-1.8137887,12.65571,Bartosovic_scRNA-Seq
TGACTCCGTGCGGCTT-1_2,12.124081,8.950184,Bartosovic_scRNA-Seq
TGACTCCTCCAAAGGG-1_2,5.863962,4.033931,Bartosovic_scRNA-Seq
TGACTCCTCCCGAGAC-1_2,-7.4088936,8.197112,Bartosovic_scRNA-Seq
TGAGACTCAAATGGAT-1_2,-2.9815102,-2.3784099,Bartosovic_scRNA-Seq
TGAGACTGTTGTGTAC-1_2,14.732336,6.802288,Bartosovic_scRNA-Seq
TGAGCATCACAAAGTA-1_2,13.126888,6.7233934,Bartosovic_scRNA-Seq
TGAGCATGTTCCTACC-1_2,6.5763206,4.2594995,Bartosovic_scRNA-Seq
TGAGCATTCGAGCCTG-1_2,9.597267,-7.326003,Bartosovic_scRNA-Seq
TGAGCGCCAATCAAGA-1_2,2.1404142,-4.465508,Bartosovic_scRNA-Seq
TGAGCGCGTAGCGCTC-1_2,10.111538,-8.236462,Bartosovic_scRNA-Seq
TGAGCGCGTTCGCGTG-1_2,-0.94107205,13.966437,Bartosovic_scRNA-Seq
TGAGCGCGTTCGTGCG-1_2,-7.632166,8.0378685,Bartosovic_scRNA-Seq
TGAGCGCGTTGCATCA-1_2,13.038434,8.437616,Bartosovic_scRNA-Seq
TGAGGAGCAGGCACTC-1_2,14.06268,6.6841044,Bartosovic_scRNA-Seq
TGAGGAGCAGGGAGAG-1_2,9.140192,-7.7511435,Bartosovic_scRNA-Seq
TGAGGAGGTCAACACT-1_2,11.746492,9.3313055,Bartosovic_scRNA-Seq
TGAGGAGGTCAGACTT-1_2,10.713261,7.3113766,Bartosovic_scRNA-Seq
TGAGGAGGTCTTGGTA-1_2,9.461402,-6.8845596,Bartosovic_scRNA-Seq
TGAGGGACAAGGCAAC-1_2,12.512039,8.502135,Bartosovic_scRNA-Seq
TGAGGGACACTAGTAC-1_2,15.141369,8.461129,Bartosovic_scRNA-Seq
TGAGGGAGTGACGCCT-1_2,-0.46325696,12.490819,Bartosovic_scRNA-Seq
TGAGGTTCAACGATCT-1_2,10.2386465,8.0641165,Bartosovic_scRNA-Seq
TGAGGTTCATCGATCA-1_2,-1.804071,12.472267,Bartosovic_scRNA-Seq
TGAGTCAAGGCTATCT-1_2,12.300214,8.765392,Bartosovic_scRNA-Seq
TGAGTCACACCGTGCA-1_2,9.492134,-7.2130895,Bartosovic_scRNA-Seq
TGAGTCACATGAAGCG-1_2,0.44120762,12.212442,Bartosovic_scRNA-Seq
TGAGTCAGTGTTAAAG-1_2,0.07469708,13.9965515,Bartosovic_scRNA-Seq
TGATCAGGTCAGGTGA-1_2,9.580072,-7.9882727,Bartosovic_scRNA-Seq
TGATCAGGTTAAACAG-1_2,12.5927305,7.634966,Bartosovic_scRNA-Seq
TGATCAGTCGCATGAT-1_2,-7.888915,8.5215645,Bartosovic_scRNA-Seq
TGATCTTCAAAGACTA-1_2,14.544801,6.7026286,Bartosovic_scRNA-Seq
TGATCTTGTCACTCAA-1_2,13.837768,7.7893014,Bartosovic_scRNA-Seq
TGATCTTGTCAGGTGA-1_2,3.3115387,-4.036441,Bartosovic_scRNA-Seq
TGATCTTGTTATGGTC-1_2,-0.45002514,12.911227,Bartosovic_scRNA-Seq
TGATGCACAAGTGACG-1_2,10.186902,-7.9262395,Bartosovic_scRNA-Seq
TGATGCACATCTTTCA-1_2,10.227267,8.565838,Bartosovic_scRNA-Seq
TGATGCAGTAACACGG-1_2,1.1646378,12.214251,Bartosovic_scRNA-Seq
TGATGCAGTGGCTAGA-1_2,-0.48979983,12.436799,Bartosovic_scRNA-Seq
TGATGGTAGATTACCC-1_2,11.936233,6.241981,Bartosovic_scRNA-Seq
TGATGGTCACAATGTC-1_2,12.942412,7.1059923,Bartosovic_scRNA-Seq
TGATGGTGTAGATCCT-1_2,-1.2468349,15.007851,Bartosovic_scRNA-Seq
TGATGGTTCAGAATAG-1_2,-2.4406004,-1.8391405,Bartosovic_scRNA-Seq
TGATTCTAGCCTCAAT-1_2,10.790284,-7.3689065,Bartosovic_scRNA-Seq
TGATTTCAGACCTCAT-1_2,15.032782,7.2588835,Bartosovic_scRNA-Seq
TGATTTCAGCGATTCT-1_2,14.147635,5.152754,Bartosovic_scRNA-Seq
TGCACGGCACAACATC-1_2,10.27935,8.751841,Bartosovic_scRNA-Seq
TGCACGGGTTTCCCAC-1_2,15.187005,7.5151644,Bartosovic_scRNA-Seq
TGCACGGTCCTGTTAT-1_2,-2.163535,12.351616,Bartosovic_scRNA-Seq
TGCAGATGTACCGTCG-1_2,-3.30108,-1.9770389,Bartosovic_scRNA-Seq
TGCAGATGTCGCTTAA-1_2,-2.0524259,12.929293,Bartosovic_scRNA-Seq
TGCAGGCCAAGCGAGT-1_2,-2.442703,-2.49819,Bartosovic_scRNA-Seq
TGCAGGCCACGGTGAA-1_2,-4.4328218,-1.567962,Bartosovic_scRNA-Seq
TGCAGGCCAGGCTCTG-1_2,11.969315,6.6218934,Bartosovic_scRNA-Seq
TGCAGTAAGAGCAACC-1_2,12.798508,7.903369,Bartosovic_scRNA-Seq
TGCAGTACAACGACTT-1_2,11.4027195,6.921355,Bartosovic_scRNA-Seq
TGCAGTAGTCATATGC-1_2,-1.0888952,11.608181,Bartosovic_scRNA-Seq
TGCATCCAGAGGTGCT-1_2,13.354907,5.4104815,Bartosovic_scRNA-Seq
TGCATCCGTAGAGCTG-1_2,12.047963,7.282118,Bartosovic_scRNA-Seq
TGCATCCTCCTCTAAT-1_2,15.012139,6.308707,Bartosovic_scRNA-Seq
TGCATCCTCGAGAGCA-1_2,13.464395,7.6477075,Bartosovic_scRNA-Seq
TGCATGACAACAGCTT-1_2,-0.70636356,12.7676935,Bartosovic_scRNA-Seq
TGCATGACAATACGAA-1_2,0.21336456,12.733143,Bartosovic_scRNA-Seq
TGCCGAGAGTCTCCTC-1_2,6.2167845,4.429661,Bartosovic_scRNA-Seq
TGCCGAGCAATCCTTT-1_2,9.192569,-6.8267236,Bartosovic_scRNA-Seq
TGCCGAGCAGAGGACT-1_2,3.5366457,-3.8883111,Bartosovic_scRNA-Seq
TGCCGAGCAGTGGGTA-1_2,-0.24981332,10.739933,Bartosovic_scRNA-Seq
TGCCGAGGTCCTACGG-1_2,-1.5330833,11.422887,Bartosovic_scRNA-Seq
TGCGACGAGGATTTAG-1_2,13.057784,7.2841883,Bartosovic_scRNA-Seq
TGCGACGGTTACCTGA-1_2,14.108171,4.933881,Bartosovic_scRNA-Seq
TGCGACGTCAGTCACA-1_2,-1.3257942,11.8855095,Bartosovic_scRNA-Seq
TGCGATACATATACCG-1_2,9.600125,7.827694,Bartosovic_scRNA-Seq
TGCGATACATGACGGA-1_2,12.405473,6.085355,Bartosovic_scRNA-Seq
TGCGATAGTCTGTGTA-1_2,-3.1769621,-2.4619918,Bartosovic_scRNA-Seq
TGCGATAGTGCCGGTT-1_2,11.347293,8.533313,Bartosovic_scRNA-Seq
TGCGGCAAGTGGTCAG-1_2,10.266476,-7.7997518,Bartosovic_scRNA-Seq
TGCGGCAGTCCAGAAG-1_2,-0.21085198,12.584401,Bartosovic_scRNA-Seq
TGCGGCAGTGATTGGG-1_2,-4.0363245,-1.312878,Bartosovic_scRNA-Seq
TGCGGCATCCAAGAGG-1_2,13.209048,9.135385,Bartosovic_scRNA-Seq
TGCGGCATCCATTGTT-1_2,0.7157454,-10.380133,Bartosovic_scRNA-Seq
TGCGGGTCACGGGCTT-1_2,-1.5148572,13.999918,Bartosovic_scRNA-Seq
TGCGGGTGTGGTCCCA-1_2,1.1442224,-11.203936,Bartosovic_scRNA-Seq
TGCGGGTGTTGTATGC-1_2,0.13308774,9.928276,Bartosovic_scRNA-Seq
TGCGGGTTCAACGCTA-1_2,-0.8201874,10.281075,Bartosovic_scRNA-Seq
TGCGGGTTCGTGCGAC-1_2,14.510863,8.558162,Bartosovic_scRNA-Seq
TGCTCCAAGACTCGAG-1_2,0.9466391,12.749204,Bartosovic_scRNA-Seq
TGCTCCAAGGGAACAA-1_2,0.051219556,14.492109,Bartosovic_scRNA-Seq
TGCTCGTAGGCTTAAA-1_2,-1.057825,10.559978,Bartosovic_scRNA-Seq
TGCTCGTAGTATGTAG-1_2,10.041159,-7.697529,Bartosovic_scRNA-Seq
TGCTCGTCATGACTCA-1_2,0.24785972,12.104348,Bartosovic_scRNA-Seq
TGCTCGTGTCAAGGCA-1_2,10.910034,7.8400517,Bartosovic_scRNA-Seq
TGCTCGTGTTATAGCC-1_2,0.24161354,11.722005,Bartosovic_scRNA-Seq
TGCTCGTTCCTAACAG-1_2,-7.6379538,9.087626,Bartosovic_scRNA-Seq
TGCTGAAAGCCGAACA-1_2,13.753429,8.517975,Bartosovic_scRNA-Seq
TGCTTCGAGACTGTTC-1_2,-1.0506631,-9.714577,Bartosovic_scRNA-Seq
TGCTTCGGTGACCGTC-1_2,1.3766317,-11.704337,Bartosovic_scRNA-Seq
TGCTTCGTCGGTTCAA-1_2,14.036757,8.470278,Bartosovic_scRNA-Seq
TGCTTGCAGGCCTTCG-1_2,10.014212,-7.119149,Bartosovic_scRNA-Seq
TGCTTGCAGTATGGCG-1_2,12.395181,4.18978,Bartosovic_scRNA-Seq
TGCTTGCCAGCAAGAC-1_2,13.401643,4.6761556,Bartosovic_scRNA-Seq
TGCTTGCGTGAGTTGG-1_2,11.993811,8.00521,Bartosovic_scRNA-Seq
TGGAACTGTATGAGCG-1_2,-1.6625922,12.319855,Bartosovic_scRNA-Seq
TGGAACTTCCATTCAT-1_2,11.982622,9.193793,Bartosovic_scRNA-Seq
TGGAACTTCCTTGACC-1_2,-2.0060732,12.515846,Bartosovic_scRNA-Seq
TGGAACTTCGAAGAAT-1_2,13.246423,7.3154464,Bartosovic_scRNA-Seq
TGGAGAGCAACTAGAA-1_2,13.978329,9.336793,Bartosovic_scRNA-Seq
TGGAGAGCAATAGTCC-1_2,13.820703,9.338024,Bartosovic_scRNA-Seq
TGGAGAGCACAACCGC-1_2,14.797715,7.968495,Bartosovic_scRNA-Seq
TGGAGAGGTGACCGAA-1_2,11.515675,6.409849,Bartosovic_scRNA-Seq
TGGAGAGGTGGAAATT-1_2,0.08638247,12.22578,Bartosovic_scRNA-Seq
TGGAGAGTCGAGTCTA-1_2,-0.75789416,10.638718,Bartosovic_scRNA-Seq
TGGAGAGTCGTGAGAG-1_2,1.338365,11.611689,Bartosovic_scRNA-Seq
TGGAGAGTCTGGACTA-1_2,9.0302925,-7.3109384,Bartosovic_scRNA-Seq
TGGAGGAAGACTTCAC-1_2,14.604459,5.9028573,Bartosovic_scRNA-Seq
TGGAGGACATTCACCC-1_2,-1.7310371,11.326925,Bartosovic_scRNA-Seq
TGGAGGACATTCATCT-1_2,-8.041407,8.203191,Bartosovic_scRNA-Seq
TGGAGGATCGGCTTCT-1_2,10.645746,-6.445252,Bartosovic_scRNA-Seq
TGGATCAAGACATAGT-1_2,9.505286,-6.574737,Bartosovic_scRNA-Seq
TGGATCAAGGACAACC-1_2,-0.72061104,12.982929,Bartosovic_scRNA-Seq
TGGATCAGTACCGTGC-1_2,11.418221,6.859287,Bartosovic_scRNA-Seq
TGGATCAGTAGAAACT-1_2,10.194684,-7.7117715,Bartosovic_scRNA-Seq
TGGATCATCATGGAGG-1_2,-0.40280217,10.65908,Bartosovic_scRNA-Seq
TGGATCATCTGGGAGA-1_2,10.837854,5.9644523,Bartosovic_scRNA-Seq
TGGATCATCTTCCAGC-1_2,12.933148,10.308976,Bartosovic_scRNA-Seq
TGGATGTAGCTGGAGT-1_2,10.226212,7.321114,Bartosovic_scRNA-Seq
TGGCGTGAGCATCAAA-1_2,1.1864687,13.593827,Bartosovic_scRNA-Seq
TGGCGTGAGGATGCGT-1_2,0.006450165,12.582859,Bartosovic_scRNA-Seq
TGGCGTGCACAGCTGC-1_2,-2.978674,-0.3516563,Bartosovic_scRNA-Seq
TGGCGTGGTAGTTACC-1_2,12.5608,6.688079,Bartosovic_scRNA-Seq
TGGCGTGGTTCCAAAC-1_2,0.3623814,-12.064585,Bartosovic_scRNA-Seq
TGGGAAGCAGTTGTTG-1_2,13.613506,6.9474316,Bartosovic_scRNA-Seq
TGGGAAGGTGCATCTA-1_2,11.905831,9.497515,Bartosovic_scRNA-Seq
TGGGAAGTCGGTCATA-1_2,-8.301676,7.845787,Bartosovic_scRNA-Seq
TGGGAAGTCGTTAGTG-1_2,-2.104752,12.206453,Bartosovic_scRNA-Seq
TGGGAGACACCTCGTT-1_2,9.441887,-7.9384494,Bartosovic_scRNA-Seq
TGGGATTGTGGCAACA-1_2,11.473034,8.505608,Bartosovic_scRNA-Seq
TGGGATTGTTGCTCCT-1_2,11.367136,8.799515,Bartosovic_scRNA-Seq
TGGGCGTAGCGTCAGA-1_2,10.329113,6.798479,Bartosovic_scRNA-Seq
TGGGCGTAGGATACAT-1_2,12.228127,6.190403,Bartosovic_scRNA-Seq
TGGGCTGAGATGGTAT-1_2,10.248032,-7.6959295,Bartosovic_scRNA-Seq
TGGGCTGTCATTGCTT-1_2,0.35333633,11.321157,Bartosovic_scRNA-Seq
TGGGTTAAGAGCTTTC-1_2,-0.4730197,10.974597,Bartosovic_scRNA-Seq
TGGGTTAAGCACTAAA-1_2,0.16020429,-9.485751,Bartosovic_scRNA-Seq
TGGGTTACAGAGATTA-1_2,12.183696,7.347209,Bartosovic_scRNA-Seq
TGGTACACAAGCAATA-1_2,-0.27242762,15.149784,Bartosovic_scRNA-Seq
TGGTACACACGATTCA-1_2,12.499426,9.894695,Bartosovic_scRNA-Seq
TGGTACACACGTCTCT-1_2,12.042009,8.869455,Bartosovic_scRNA-Seq
TGGTACATCGTCCATC-1_2,14.343294,7.327131,Bartosovic_scRNA-Seq
TGGTAGTCATCCTTGC-1_2,13.2242565,9.918038,Bartosovic_scRNA-Seq
TGGTAGTGTCTGTGCG-1_2,13.55047,5.4698057,Bartosovic_scRNA-Seq
TGGTAGTGTTAAGGAT-1_2,0.037904344,10.756512,Bartosovic_scRNA-Seq
TGGTAGTTCGTTCTGC-1_2,13.408139,8.889448,Bartosovic_scRNA-Seq
TGGTGATGTATGATCC-1_2,10.636255,-7.887061,Bartosovic_scRNA-Seq
TGGTGATTCCGTGGCA-1_2,-1.1642842,-6.3030543,Bartosovic_scRNA-Seq
TGGTTAGAGAGTCAGC-1_2,-0.7981386,10.542673,Bartosovic_scRNA-Seq
TGGTTAGAGCGTGCTC-1_2,1.0103942,11.862731,Bartosovic_scRNA-Seq
TGTAACGAGCATTTCG-1_2,6.670589,3.8947892,Bartosovic_scRNA-Seq
TGTAACGAGGCGCTTC-1_2,-0.38555497,13.748901,Bartosovic_scRNA-Seq
TGTAACGCATGCACTA-1_2,9.582477,-8.022701,Bartosovic_scRNA-Seq
TGTAACGGTCAAACGG-1_2,0.10907112,-9.242762,Bartosovic_scRNA-Seq
TGTAACGTCCGCAACG-1_2,0.8843301,13.435581,Bartosovic_scRNA-Seq
TGTAAGCAGCTAAGTA-1_2,10.861285,9.0783615,Bartosovic_scRNA-Seq
TGTAAGCAGTCTGCAT-1_2,11.931718,7.697935,Bartosovic_scRNA-Seq
TGTAAGCAGTGGAAGA-1_2,13.296547,7.7394,Bartosovic_scRNA-Seq
TGTAAGCGTTTCGGCG-1_2,13.583417,5.8241215,Bartosovic_scRNA-Seq
TGTACAGAGAGGTCAC-1_2,14.163423,6.1310015,Bartosovic_scRNA-Seq
TGTACAGCAAACACCT-1_2,-0.037140895,11.857795,Bartosovic_scRNA-Seq
TGTACAGCAAATCGGG-1_2,6.215502,4.141833,Bartosovic_scRNA-Seq
TGTACAGCACGTATAC-1_2,10.200426,-6.8062744,Bartosovic_scRNA-Seq
TGTAGACAGGTTTACC-1_2,11.5395975,6.989344,Bartosovic_scRNA-Seq
TGTAGACGTGAATATG-1_2,3.082483,-2.9175987,Bartosovic_scRNA-Seq
TGTCAGAGTAGCTTGT-1_2,14.434814,8.359694,Bartosovic_scRNA-Seq
TGTCAGAGTGATACTC-1_2,12.9686,5.846749,Bartosovic_scRNA-Seq
TGTCCACAGCTGAAGC-1_2,12.842932,8.711625,Bartosovic_scRNA-Seq
TGTCCACAGTTAGAAC-1_2,11.163945,6.2859583,Bartosovic_scRNA-Seq
TGTCCACGTGTTGAGG-1_2,11.387508,8.660451,Bartosovic_scRNA-Seq
TGTCCCAGTTCAAGGG-1_2,10.027143,-7.612276,Bartosovic_scRNA-Seq
TGTCCTGAGTACTCGT-1_2,10.113304,-7.618749,Bartosovic_scRNA-Seq
TGTCCTGCACTAGGCC-1_2,10.727503,7.6198044,Bartosovic_scRNA-Seq
TGTCCTGGTGTGGACA-1_2,1.2690468,13.551875,Bartosovic_scRNA-Seq
TGTCCTGTCGATGGAG-1_2,15.124742,6.499839,Bartosovic_scRNA-Seq
TGTGAGTAGAGAGTGA-1_2,-8.0429735,8.858571,Bartosovic_scRNA-Seq
TGTGAGTCATCCTATT-1_2,13.858596,5.0169563,Bartosovic_scRNA-Seq
TGTGAGTTCAGCAATC-1_2,13.719078,8.84379,Bartosovic_scRNA-Seq
TGTGCGGAGCAGCACA-1_2,12.691471,7.1410036,Bartosovic_scRNA-Seq
TGTGCGGAGCGATGAC-1_2,0.86726236,-3.6488278,Bartosovic_scRNA-Seq
TGTGCGGGTACTGTTG-1_2,11.248756,6.516122,Bartosovic_scRNA-Seq
TGTGCGGGTCTTTCTA-1_2,11.609649,9.099699,Bartosovic_scRNA-Seq
TGTGGCGCAGTTGTCA-1_2,3.347618,-3.5703213,Bartosovic_scRNA-Seq
TGTGGCGGTCGCCTAG-1_2,11.964392,7.127562,Bartosovic_scRNA-Seq
TGTGGCGTCCTACACC-1_2,9.948529,-6.8456006,Bartosovic_scRNA-Seq
TGTGGCGTCCTTGAAG-1_2,-4.3495884,-2.4336026,Bartosovic_scRNA-Seq
TGTGTGAGTTTCGTGA-1_2,-4.305506,-1.9450032,Bartosovic_scRNA-Seq
TGTGTGATCTCGTCAC-1_2,-2.0026093,11.902169,Bartosovic_scRNA-Seq
TGTTACTCACGTACAT-1_2,12.193999,5.622986,Bartosovic_scRNA-Seq
TGTTACTGTCTTGAAC-1_2,10.954831,7.4799557,Bartosovic_scRNA-Seq
TGTTACTTCCAAAGGG-1_2,13.761973,7.792388,Bartosovic_scRNA-Seq
TGTTCATAGCAGGCTA-1_2,12.703144,4.3335676,Bartosovic_scRNA-Seq
TGTTCCGAGCCATCCG-1_2,1.4469025,13.661438,Bartosovic_scRNA-Seq
TGTTCCGCACTGTTCC-1_2,13.372951,6.3755164,Bartosovic_scRNA-Seq
TGTTCCGCATCACAGT-1_2,14.473054,6.9793205,Bartosovic_scRNA-Seq
TGTTCCGGTCCAAAGG-1_2,11.737856,6.2979817,Bartosovic_scRNA-Seq
TGTTCCGGTCCATACA-1_2,14.730665,9.076339,Bartosovic_scRNA-Seq
TGTTCCGTCATTCGTT-1_2,10.863432,7.659782,Bartosovic_scRNA-Seq
TGTTCTAGTGTTGCCG-1_2,13.768954,9.832906,Bartosovic_scRNA-Seq
TGTTGAGCAAGAAACT-1_2,9.196337,-5.8018074,Bartosovic_scRNA-Seq
TGTTGAGCATGGCACC-1_2,-7.417289,7.9484267,Bartosovic_scRNA-Seq
TGTTGAGTCTACACAG-1_2,9.668281,-7.4272766,Bartosovic_scRNA-Seq
TGTTGGACACTTCAGA-1_2,11.734922,9.181686,Bartosovic_scRNA-Seq
TGTTGGACAGTCGGAA-1_2,12.694638,6.7019033,Bartosovic_scRNA-Seq
TGTTGGACATCGCTGG-1_2,9.741793,6.7199397,Bartosovic_scRNA-Seq
TGTTGGAGTAGACGTG-1_2,-3.3641624,-2.3553715,Bartosovic_scRNA-Seq
TGTTGGAGTTCCGCGA-1_2,12.943842,6.022464,Bartosovic_scRNA-Seq
TGTTGGATCTCCGATC-1_2,-2.0131953,12.5208845,Bartosovic_scRNA-Seq
TGTTTGTCAACCAGAG-1_2,9.362482,7.4497633,Bartosovic_scRNA-Seq
TGTTTGTTCGAAACAA-1_2,12.298044,5.586041,Bartosovic_scRNA-Seq
TTAATCCCATAACTCG-1_2,0.103318475,13.457304,Bartosovic_scRNA-Seq
TTAATCCGTCGCACAC-1_2,5.9374776,4.2218175,Bartosovic_scRNA-Seq
TTAATCCGTGAGCGAT-1_2,11.409814,5.7856603,Bartosovic_scRNA-Seq
TTACAGGTCCGCAGTG-1_2,10.911665,-8.578608,Bartosovic_scRNA-Seq
TTACAGGTCCTAACAG-1_2,-0.71070707,12.4944,Bartosovic_scRNA-Seq
TTACAGGTCTTCCGTG-1_2,9.881025,-6.608595,Bartosovic_scRNA-Seq
TTACCATCAAGTTGGG-1_2,13.805091,10.025932,Bartosovic_scRNA-Seq
TTACCGCAGGCAGGTT-1_2,11.374091,7.327182,Bartosovic_scRNA-Seq
TTACGCCAGGAGTATT-1_2,13.54457,9.331344,Bartosovic_scRNA-Seq
TTACGTTAGCGCCTAC-1_2,10.980434,6.344551,Bartosovic_scRNA-Seq
TTACTGTCATCCAATG-1_2,0.14831892,14.875428,Bartosovic_scRNA-Seq
TTACTGTGTGAGTTTC-1_2,-1.1720436,12.573662,Bartosovic_scRNA-Seq
TTACTGTGTTGAGAGC-1_2,13.15459,5.373381,Bartosovic_scRNA-Seq
TTAGGCACATTGAAAG-1_2,6.3850727,3.5147722,Bartosovic_scRNA-Seq
TTAGGCAGTAAGATCA-1_2,5.9364743,4.0726223,Bartosovic_scRNA-Seq
TTAGGCAGTAATGCGG-1_2,-2.86045,-2.427985,Bartosovic_scRNA-Seq
TTAGGCAGTATGAGAT-1_2,11.740764,6.1033115,Bartosovic_scRNA-Seq
TTAGGGTGTAGATCGG-1_2,-0.007480887,10.759133,Bartosovic_scRNA-Seq
TTAGGGTGTGTGTACT-1_2,-0.78351915,11.149897,Bartosovic_scRNA-Seq
TTAGGGTTCCTCTGCA-1_2,9.803088,-7.224059,Bartosovic_scRNA-Seq
TTAGTCTCATGAAGCG-1_2,10.742028,9.091359,Bartosovic_scRNA-Seq
TTATTGCTCATCGCAA-1_2,12.542016,7.0245867,Bartosovic_scRNA-Seq
TTATTGCTCGTTCGCT-1_2,12.522414,9.721075,Bartosovic_scRNA-Seq
TTCAATCCAGCAAGAC-1_2,-2.0844445,11.677624,Bartosovic_scRNA-Seq
TTCAATCGTTCCACAA-1_2,14.32911,8.938453,Bartosovic_scRNA-Seq
TTCACCGAGGTCCTGC-1_2,11.949624,8.219917,Bartosovic_scRNA-Seq
TTCACCGGTTGGGAAC-1_2,-1.7021415,12.451727,Bartosovic_scRNA-Seq
TTCACCGTCATTCGGA-1_2,13.994535,5.5107846,Bartosovic_scRNA-Seq
TTCACGCAGCCAGACA-1_2,1.1182991,11.922378,Bartosovic_scRNA-Seq
TTCACGCCAACTGCCG-1_2,-1.7130581,13.072063,Bartosovic_scRNA-Seq
TTCACGCGTCGCATTA-1_2,-0.18759967,11.998404,Bartosovic_scRNA-Seq
TTCATGTCATTGACAC-1_2,-0.7113161,11.329934,Bartosovic_scRNA-Seq
TTCATTGAGGTCTTTG-1_2,-2.023601,-2.105676,Bartosovic_scRNA-Seq
TTCATTGCAACGGTAG-1_2,13.610329,6.6076975,Bartosovic_scRNA-Seq
TTCATTGCAGGTATGG-1_2,10.220382,-6.1085243,Bartosovic_scRNA-Seq
TTCATTGGTGAATTAG-1_2,14.230905,6.38929,Bartosovic_scRNA-Seq
TTCATTGGTTGCATTG-1_2,-1.4420774,11.7359495,Bartosovic_scRNA-Seq
TTCCAATAGTGCAAAT-1_2,-1.02091,-7.128558,Bartosovic_scRNA-Seq
TTCCAATCAGAGGACT-1_2,12.587435,7.06946,Bartosovic_scRNA-Seq
TTCCAATGTGAATATG-1_2,11.328728,7.648646,Bartosovic_scRNA-Seq
TTCCACGCAGTCGGTC-1_2,13.180764,8.375597,Bartosovic_scRNA-Seq
TTCCACGTCACGGGCT-1_2,-0.5092161,11.997617,Bartosovic_scRNA-Seq
TTCCGGTAGTACTCGT-1_2,12.829028,6.407685,Bartosovic_scRNA-Seq
TTCCGGTTCACCACAA-1_2,11.63697,9.350391,Bartosovic_scRNA-Seq
TTCCGGTTCCCAGGAC-1_2,9.431076,-6.0305057,Bartosovic_scRNA-Seq
TTCCGGTTCTCACCCA-1_2,13.474179,8.328063,Bartosovic_scRNA-Seq
TTCCGTGCATACCAGT-1_2,12.922287,6.7219934,Bartosovic_scRNA-Seq
TTCCGTGGTTTCAGAC-1_2,12.526983,8.919103,Bartosovic_scRNA-Seq
TTCCGTGTCCACGTGG-1_2,-0.035353903,12.483376,Bartosovic_scRNA-Seq
TTCCGTGTCCCGTAAA-1_2,12.747921,5.784593,Bartosovic_scRNA-Seq
TTCCGTGTCCTATTGT-1_2,14.840561,7.4824953,Bartosovic_scRNA-Seq
TTCCTAACAAATAGCA-1_2,13.493937,8.207026,Bartosovic_scRNA-Seq
TTCCTAAGTGGTTTGT-1_2,-4.3393464,-1.7544041,Bartosovic_scRNA-Seq
TTCCTAAGTTCGGGTC-1_2,11.86914,9.404337,Bartosovic_scRNA-Seq
TTCCTAATCGACCATA-1_2,14.467537,8.167096,Bartosovic_scRNA-Seq
TTCCTAATCGGACCAC-1_2,6.365455,3.64432,Bartosovic_scRNA-Seq
TTCCTCTAGTACAGAT-1_2,10.09509,8.222529,Bartosovic_scRNA-Seq
TTCCTCTGTTGCATCA-1_2,11.665758,7.6116943,Bartosovic_scRNA-Seq
TTCCTCTTCATCTATC-1_2,12.110165,7.5887685,Bartosovic_scRNA-Seq
TTCCTTCAGTCGTTAC-1_2,9.891408,-6.354679,Bartosovic_scRNA-Seq
TTCCTTCCACCTCTGT-1_2,-1.9908042,12.156888,Bartosovic_scRNA-Seq
TTCCTTCGTAGAATGT-1_2,10.654911,-7.328104,Bartosovic_scRNA-Seq
TTCCTTCGTTCAGCGC-1_2,13.90088,8.335629,Bartosovic_scRNA-Seq
TTCCTTCGTTCTAAGC-1_2,13.332105,8.344933,Bartosovic_scRNA-Seq
TTCGATTCACGACGAA-1_2,-3.0257545,-2.1252434,Bartosovic_scRNA-Seq
TTCGATTGTTCGAGCC-1_2,-1.1914248,11.673656,Bartosovic_scRNA-Seq
TTCGCTGCATCATCCC-1_2,12.694858,8.791718,Bartosovic_scRNA-Seq
TTCGCTGTCGCGAAGA-1_2,11.649563,6.4404893,Bartosovic_scRNA-Seq
TTCGGTCAGCCACCGT-1_2,-0.5049044,10.957228,Bartosovic_scRNA-Seq
TTCGGTCAGGGCAGAG-1_2,0.19599302,10.776192,Bartosovic_scRNA-Seq
TTCGGTCGTACTCCCT-1_2,-0.5402176,14.148047,Bartosovic_scRNA-Seq
TTCGGTCTCATGAGAA-1_2,6.382799,3.5040174,Bartosovic_scRNA-Seq
TTCGGTCTCCTCAGGG-1_2,12.713254,7.7128997,Bartosovic_scRNA-Seq
TTCTAACAGGCCACTC-1_2,12.638973,6.5165257,Bartosovic_scRNA-Seq
TTCTAACAGTCGCCAC-1_2,13.214055,6.662425,Bartosovic_scRNA-Seq
TTCTAACCACGGATCC-1_2,-1.4505298,14.520495,Bartosovic_scRNA-Seq
TTCTAACTCTAGAGCT-1_2,14.098009,5.968778,Bartosovic_scRNA-Seq
TTCTAGTAGATGTAGT-1_2,0.69484466,11.54577,Bartosovic_scRNA-Seq
TTCTAGTAGGGAGAAT-1_2,10.471792,9.379508,Bartosovic_scRNA-Seq
TTCTCTCAGAGTTGAT-1_2,14.487602,6.7046466,Bartosovic_scRNA-Seq
TTCTCTCTCATACGGT-1_2,13.831205,8.409905,Bartosovic_scRNA-Seq
TTCTGTACAGGGAGAG-1_2,5.1935744,4.4779096,Bartosovic_scRNA-Seq
TTCTGTAGTGTAGGAC-1_2,-8.43418,8.755874,Bartosovic_scRNA-Seq
TTCTTCCAGGGAGATA-1_2,-4.019958,-2.612223,Bartosovic_scRNA-Seq
TTCTTCCTCCACTAGA-1_2,-0.8389892,10.552639,Bartosovic_scRNA-Seq
TTCTTCCTCGCTGTCT-1_2,11.800002,8.754673,Bartosovic_scRNA-Seq
TTCTTGAAGTAACCGG-1_2,12.024339,7.33616,Bartosovic_scRNA-Seq
TTCTTGACAAGGATGC-1_2,12.344184,8.482133,Bartosovic_scRNA-Seq
TTCTTGACACACCTAA-1_2,12.503148,9.879483,Bartosovic_scRNA-Seq
TTCTTGATCGAACGGA-1_2,-4.4021726,-1.7446349,Bartosovic_scRNA-Seq
TTCTTGATCGAATCCA-1_2,10.245683,6.5894456,Bartosovic_scRNA-Seq
TTGAACGAGAATACAC-1_2,0.6986617,12.009897,Bartosovic_scRNA-Seq
TTGAACGAGCTTTGTG-1_2,11.423584,6.3772607,Bartosovic_scRNA-Seq
TTGAACGAGGAACATT-1_2,0.12304957,12.640753,Bartosovic_scRNA-Seq
TTGAACGCATGCCATA-1_2,10.40254,-6.8478355,Bartosovic_scRNA-Seq
TTGAACGGTAGCCAGA-1_2,9.708351,-6.682688,Bartosovic_scRNA-Seq
TTGAACGGTGTGTACT-1_2,0.80878836,13.332636,Bartosovic_scRNA-Seq
TTGAACGTCGATACTG-1_2,0.6795127,13.615149,Bartosovic_scRNA-Seq
TTGACCCAGCATGCGA-1_2,-8.571242,8.354281,Bartosovic_scRNA-Seq
TTGACCCCAAGCTGTT-1_2,-1.4077039,12.441562,Bartosovic_scRNA-Seq
TTGACCCTCCTCCACA-1_2,-4.078333,-0.8547325,Bartosovic_scRNA-Seq
TTGAGTGCACTGTCCT-1_2,12.530141,3.3454437,Bartosovic_scRNA-Seq
TTGAGTGCAGGTCCGT-1_2,10.8062105,8.300646,Bartosovic_scRNA-Seq
TTGAGTGCATGAAGCG-1_2,12.101214,6.651456,Bartosovic_scRNA-Seq
TTGATGGTCCACCTCA-1_2,-2.077511,11.485028,Bartosovic_scRNA-Seq
TTGCATTCAAGCACAG-1_2,0.4227033,12.795437,Bartosovic_scRNA-Seq
TTGCATTTCGCTTGAA-1_2,13.721396,6.7341647,Bartosovic_scRNA-Seq
TTGCCTGCAACCTATG-1_2,-3.8194761,-1.8761777,Bartosovic_scRNA-Seq
TTGCCTGCAACGCATT-1_2,-1.169784,13.855174,Bartosovic_scRNA-Seq
TTGCTGCAGAGATCGC-1_2,-8.309473,8.381837,Bartosovic_scRNA-Seq
TTGCTGCCATTATGCG-1_2,13.145497,8.18352,Bartosovic_scRNA-Seq
TTGCTGCGTCTACGTA-1_2,-8.51337,8.382544,Bartosovic_scRNA-Seq
TTGCTGCTCGCGCCAA-1_2,11.31189,7.9076934,Bartosovic_scRNA-Seq
TTGGATGAGTAACGAT-1_2,0.9946582,11.693448,Bartosovic_scRNA-Seq
TTGGATGTCTCTCTAA-1_2,2.9791903,-3.117008,Bartosovic_scRNA-Seq
TTGGGATAGCGCATCC-1_2,11.325777,7.9042783,Bartosovic_scRNA-Seq
TTGGGATCAACAGCCC-1_2,-4.5241346,-1.3557305,Bartosovic_scRNA-Seq
TTGGGATGTCAGCGTC-1_2,11.360754,8.00449,Bartosovic_scRNA-Seq
TTGGGATTCAGCATTG-1_2,-0.30838728,13.413591,Bartosovic_scRNA-Seq
TTGGGATTCGAAATCC-1_2,13.938671,8.435591,Bartosovic_scRNA-Seq
TTGGGCGAGGATTACA-1_2,10.406429,6.170835,Bartosovic_scRNA-Seq
TTGGGCGAGTCCCAAT-1_2,-0.7492032,12.002718,Bartosovic_scRNA-Seq
TTGGGTAGTTGGCCTG-1_2,13.742247,7.0993586,Bartosovic_scRNA-Seq
TTGGGTATCTCTGCTG-1_2,10.408366,-6.216075,Bartosovic_scRNA-Seq
TTGGTTTTCGAATCCA-1_2,11.65196,8.78963,Bartosovic_scRNA-Seq
TTGGTTTTCTGCGGAC-1_2,0.17534664,13.787251,Bartosovic_scRNA-Seq
TTGTGGACAGGTCAGA-1_2,-1.8371432,11.208541,Bartosovic_scRNA-Seq
TTGTGTTCACACGGAA-1_2,12.468087,8.593489,Bartosovic_scRNA-Seq
TTGTTCAAGACGATAT-1_2,0.17909834,12.376716,Bartosovic_scRNA-Seq
TTGTTCACAAGCGAAC-1_2,-1.5015293,10.410733,Bartosovic_scRNA-Seq
TTGTTCATCTATCGGA-1_2,0.21042985,13.793589,Bartosovic_scRNA-Seq
TTGTTGTCAATGGGTG-1_2,11.196698,8.469276,Bartosovic_scRNA-Seq
TTGTTGTCAATTCACG-1_2,-1.0399269,12.792201,Bartosovic_scRNA-Seq
TTGTTGTCAGAATTCC-1_2,1.0432589,12.767447,Bartosovic_scRNA-Seq
TTGTTGTGTCGTATTG-1_2,9.680551,-6.386763,Bartosovic_scRNA-Seq
TTGTTTGAGTAAACGT-1_2,-0.30881113,12.827087,Bartosovic_scRNA-Seq
TTGTTTGGTCCAACGC-1_2,11.352972,9.472796,Bartosovic_scRNA-Seq
TTTACCAAGCGCCTAC-1_2,-4.4253774,-1.7482542,Bartosovic_scRNA-Seq
TTTACCACACTGTGTA-1_2,11.899383,7.5892453,Bartosovic_scRNA-Seq
TTTACCATCGTGTCAA-1_2,11.685487,6.200586,Bartosovic_scRNA-Seq
TTTACGTAGCACAAAT-1_2,-1.5274274,12.656147,Bartosovic_scRNA-Seq
TTTACGTCAGCACAAG-1_2,-0.7335858,12.411215,Bartosovic_scRNA-Seq
TTTACGTGTTGCATGT-1_2,-1.2548438,-9.932545,Bartosovic_scRNA-Seq
TTTACGTTCAAGGCTT-1_2,0.36725888,-11.193272,Bartosovic_scRNA-Seq
TTTACGTTCTCCTGCA-1_2,11.769383,6.755096,Bartosovic_scRNA-Seq
TTTACTGAGAGCATCG-1_2,11.710155,10.087695,Bartosovic_scRNA-Seq
TTTACTGCATACCAGT-1_2,4.9211774,4.440247,Bartosovic_scRNA-Seq
TTTACTGTCCTTTGAT-1_2,5.984551,3.9692366,Bartosovic_scRNA-Seq
TTTAGTCCATCAGCAT-1_2,6.2186813,4.0705514,Bartosovic_scRNA-Seq
TTTAGTCCATCTCCCA-1_2,12.643086,10.036979,Bartosovic_scRNA-Seq
TTTAGTCCATGATGCT-1_2,12.432392,7.807675,Bartosovic_scRNA-Seq
TTTATGCAGCGCGTTC-1_2,12.051295,5.7625995,Bartosovic_scRNA-Seq
TTTATGCCAGGCACTC-1_2,9.194488,-6.2874656,Bartosovic_scRNA-Seq
TTTATGCCATGTGTCA-1_2,-0.48808163,-12.960516,Bartosovic_scRNA-Seq
TTTATGCTCCTTGACC-1_2,-1.3947468,10.89311,Bartosovic_scRNA-Seq
TTTCACAAGCAACCAG-1_2,-2.075285,12.619616,Bartosovic_scRNA-Seq
TTTCACAAGGACATCG-1_2,4.7128587,4.286767,Bartosovic_scRNA-Seq
TTTCACAAGGCCCGTT-1_2,12.482696,9.163299,Bartosovic_scRNA-Seq
TTTCACACATCTTCGC-1_2,12.8576355,10.051112,Bartosovic_scRNA-Seq
TTTCAGTAGCCATTCA-1_2,14.729232,6.261806,Bartosovic_scRNA-Seq
TTTCAGTCAGTTGGTT-1_2,6.4248033,3.967236,Bartosovic_scRNA-Seq
TTTCAGTTCGATCCAA-1_2,14.726403,7.1349816,Bartosovic_scRNA-Seq
TTTCATGAGAGCAGCT-1_2,9.262565,-7.8742743,Bartosovic_scRNA-Seq
TTTCATGAGGAGCTGT-1_2,14.874784,4.9331274,Bartosovic_scRNA-Seq
TTTCATGGTTCAAGTC-1_2,13.937847,9.377767,Bartosovic_scRNA-Seq
TTTCCTCAGGTATCTC-1_2,-1.4512812,14.864739,Bartosovic_scRNA-Seq
TTTCGATAGGTTCCAT-1_2,-0.7142454,-12.640031,Bartosovic_scRNA-Seq
TTTCGATAGTAAACTG-1_2,11.125364,9.238582,Bartosovic_scRNA-Seq
TTTCGATCAAACAGGC-1_2,-1.7516804,12.468177,Bartosovic_scRNA-Seq
TTTCGATCATAATCGC-1_2,11.67974,7.7812567,Bartosovic_scRNA-Seq
TTTCGATCATGTGCTA-1_2,12.892085,9.433533,Bartosovic_scRNA-Seq
TTTGACTAGTTTGCTG-1_2,14.696338,7.1323175,Bartosovic_scRNA-Seq
TTTGACTGTTATGTGC-1_2,-1.233057,11.995133,Bartosovic_scRNA-Seq
TTTGACTTCGGACTTA-1_2,-0.19215737,-13.377343,Bartosovic_scRNA-Seq
TTTGATCCAAAGCAAT-1_2,-7.9529657,7.8480186,Bartosovic_scRNA-Seq
TTTGATCGTCAGCTTA-1_2,-3.9561403,-2.9587553,Bartosovic_scRNA-Seq
TTTGGAGAGCTCCATA-1_2,-0.50892687,14.939422,Bartosovic_scRNA-Seq
TTTGGAGGTTCGTACA-1_2,-1.2970136,-9.804562,Bartosovic_scRNA-Seq
TTTGGAGTCCAGCAAT-1_2,13.081348,8.372282,Bartosovic_scRNA-Seq
TTTGGAGTCGTTCGCT-1_2,13.40418,6.5418787,Bartosovic_scRNA-Seq
TTTGGAGTCTTAGCTT-1_2,0.035375137,15.012023,Bartosovic_scRNA-Seq
TTTGGTTAGAACTGAT-1_2,11.605536,6.4419107,Bartosovic_scRNA-Seq
TTTGGTTCACAAATGA-1_2,-0.083740816,12.302117,Bartosovic_scRNA-Seq
TTTGTTGCACAATGAA-1_2,11.093762,8.940092,Bartosovic_scRNA-Seq
TTTGTTGGTAGGCTCC-1_2,12.989563,4.3078985,Bartosovic_scRNA-Seq
TTTGTTGTCGAGAATA-1_2,-4.219925,-1.8318509,Bartosovic_scRNA-Seq
